modul,komoditas,varietas,no_sk,tahun,golongan,kode_http,url_tautan_putus
db-vardaf,Tomat,TO 2085,05/Kpts/PV.240/D/I/2023,2023,sayuran/pangan semusim,404,https://perbenihanhorti.id/proseed/uploads/414/2023-02/sk_005_tomat_to_2085_sumanah.pdf
db-vardaf,Melon,KMA003,06/Kpts/PV.240/D/I/2023,2023,sayuran/pangan semusim,404,https://perbenihanhorti.id/proseed/uploads/414/2023-02/sk_006_melon_kma003_kusumahadi.pdf
db-vardaf,Cabai Rawit,YSCR388,07/Kpts/PV.240/D/I/2023,2023,sayuran/pangan semusim,404,https://perbenihanhorti.id/proseed/uploads/414/2023-02/sk_007_cabai_rawit_yscr388_pt_benih_unggul_sejati.pdf
db-vardaf,Mentimun,YSKE673,08/Kpts/PV.240/D/I/2023,2023,sayuran/pangan semusim,404,https://perbenihanhorti.id/proseed/uploads/414/2023-02/sk_008_mentimun_yske673_pt_benih_unggul_sejati.pdf
db-vardaf,Terong,YSTA073,09/Kpts/PV.240/D/I/2023,2023,sayuran/pangan semusim,404,https://perbenihanhorti.id/proseed/uploads/414/2023-02/sk_009_terong_ysta073_pt_benih_unggul_sejati.pdf
db-vardaf,Semangka,SE 552,10/Kpts/PV.240/D/I/2023,2023,sayuran/pangan semusim,404,https://perbenihanhorti.id/proseed/uploads/414/2023-02/sk_010_semangka_se_552_pt_benih_citra_asia.pdf
db-vardaf,Kacang Buncis,BU 192,11/Kpts/PV.240/D/I/2023,2023,sayuran/pangan semusim,404,https://perbenihanhorti.id/proseed/uploads/414/2023-02/sk_011_buncis_bu_192_pt_benih_citra_asia.pdf
db-vardaf,Kacang Buncis,BU 250,12/Kpts/PV.240/D/I/2023,2023,sayuran/pangan semusim,404,https://perbenihanhorti.id/proseed/uploads/414/2023-02/sk_012_buncis_bu_250_pt_benih_citra_asia.pdf
db-vardaf,Mentimun,KE 441,13/Kpts/PV.240/D/I/2023,2023,sayuran/pangan semusim,404,https://perbenihanhorti.id/proseed/uploads/414/2023-02/sk_013_mentimun_ke_441_pt_benih_citra_asia.pdf
db-vardaf,Paria,PA 939,14/Kpts/PV.240/D/I/2022,2023,sayuran/pangan semusim,404,https://perbenihanhorti.id/proseed/uploads/414/2023-02/sk_014_paria_pa_939_pt_benih_citra_asia.pdf
db-vardaf,Bawang Merah,BM 9008,15/Kpts/PV.240/D/I/2023,2023,sayuran/pangan semusim,404,https://perbenihanhorti.id/proseed/uploads/414/2023-02/sk_015_bawang_merah_bm_9008_pt_ewsi.pdf
db-vardaf,Tomat,To 3342,16/Kpts/PV.240/D/I/2023,2023,sayuran/pangan semusim,404,https://perbenihanhorti.id/proseed/uploads/414/2023-02/sk_016_tomat_to_3342_pt_hibrida_jaya_unggul.pdf
db-vardaf,Kangkung,JS KA 02,17/Kpts/PV.240/D/I/2023,2023,sayuran/pangan semusim,404,https://perbenihanhorti.id/proseed/uploads/414/2023-02/sk_017_kangkung_js_ka_02_pt_hibrida_jaya_unggul.pdf
db-vardaf,Kangkung,JS KA 01,18/Kpts/PV.240/D/I/2023,2023,sayuran/pangan semusim,404,https://perbenihanhorti.id/proseed/uploads/414/2023-02/sk_018_kangkung_js_ka_01_pt_hibrida_jaya_unggul.pdf
db-vardaf,Sawi Sendok/Pak Choi,PC 106,19/Kpts/PV.240/D/I/2023,2023,sayuran/pangan semusim,404,https://perbenihanhorti.id/proseed/uploads/414/2023-02/sk_019_pak_choy_pc_106_pt_agrosid_manunggal_sentosa.pdf
db-vardaf,Melon,KMA004,21/Kpts/PV.240/D/I/2023,2023,sayuran/pangan semusim,404,https://perbenihanhorti.id/proseed/uploads/414/2023-02/sk_021_melon_kma004_kusumahadi.pdf
db-vardaf,Jagung Pulut Manis,19ES101,24/Kpts/PV.240/D/I/2023,2023,sayuran/pangan semusim,404,https://perbenihanhorti.id/proseed/uploads/414/2023-02/sk_024_jagung_pulut_manis_19es101_pt_bisi_international_tbk.pdf
db-vardaf,Jagung Pulut Manis,PS12,25/Kpts/PV.240/D/I/2023,2023,sayuran/pangan semusim,404,https://perbenihanhorti.id/proseed/uploads/414/2023-02/sk_025_jagung_pulut_manis_ps12_cv_danau_tondano_seed_expert.pdf
db-vardaf,Jagung Pulut Manis,WS12,26/Kpts/PV.240/D/I/2023,2023,sayuran/pangan semusim,404,https://perbenihanhorti.id/proseed/uploads/414/2023-02/sk_026_jagung_pulut_manis_ws12_cv_danau_tondano_seed_expert.pdf
db-vardaf,Jagung Manis,YS12,27/Kpts/PV.240/D/I/2023,2023,sayuran/pangan semusim,404,https://perbenihanhorti.id/proseed/uploads/414/2023-02/sk_027_jagung_manis_ys12_cv_danau_tondano_seed_expert.pdf
db-vardaf,Terong,Tenuda,28/Kpts/PV.240/D/I/2023,2023,sayuran/pangan semusim,404,https://perbenihanhorti.id/proseed/uploads/414/2023-02/sk_028_terong_tenuda_pt_tunas_agro_persada.pdf
db-vardaf,Terong,Tenusa,29/Kpts/PV.240/D/I/2023,2023,sayuran/pangan semusim,404,https://perbenihanhorti.id/proseed/uploads/414/2023-02/sk_029_terong_tenusa_pt_tunas_agro_persada.pdf
db-vardaf,Semangka,SK 65,30/Kpts/PV.240/D/I/2023,2023,sayuran/pangan semusim,404,https://perbenihanhorti.id/proseed/uploads/414/2023-02/sk_030_semangka_sk_65_pt_wira_agro_nusantara_sejahtera.pdf
db-vardaf,Cabai Keriting,Tiara Redchill 01,32/Kpts/PV.240/D/I/2023,2023,sayuran/pangan semusim,404,https://perbenihanhorti.id/proseed/uploads/414/2023-02/sk_032_cabai_keriting_tiara_redchill_01_pt_tiara_buana_mandiri.pdf
db-vardaf,Kentang,BISI PO 01,33/Kpts/PV.240/D/I/2023,2023,sayuran/pangan semusim,404,https://perbenihanhorti.id/proseed/uploads/414/2023-02/sk_033_kentang_bisi_po_01_pt_bisi_international_tbk.pdf
db-vardaf,Terong,BAS TR 2L41,34/Kpts/PV.240/D/I/2023,2023,sayuran/pangan semusim,404,https://perbenihanhorti.id/proseed/uploads/414/2023-02/sk_034_terong_bas_tr_2l41_cv_satya_agro_mandiri.pdf
db-vardaf,Mentimun,BAS TN B552,35/Kpts/PV.240/D/I/2023,2023,sayuran/pangan semusim,404,https://perbenihanhorti.id/proseed/uploads/414/2023-02/sk_035_mentimun_bas_tn_b552_cv_satya_agro_mandiri.pdf
db-vardaf,Semangka,BAS SM 3389,36/Kpts/PV.240/D/I/2023,2023,sayuran/pangan semusim,404,https://perbenihanhorti.id/proseed/uploads/414/2023-02/sk_036_semangka_bas_sm_3389_cv_satya_agro_mandiri.pdf
db-vardaf,Lobak,Snow Top,37/Kpts/PV.240/D/I/2023,2023,sayuran/pangan semusim,404,https://perbenihanhorti.id/proseed/uploads/414/2023-02/sk_037_lobak_snow_top_pt_winon_international.pdf
db-vardaf,Terong,Summer Joy,38/Kpts/PV.240/D/I/2023,2023,sayuran/pangan semusim,404,https://perbenihanhorti.id/proseed/uploads/414/2023-02/sk_038_terong_summer_joy_pt_winon_international.pdf
db-vardaf,Tomat,BAS TM 2217,39/Kpts/PV.240/D/I/2023,2023,sayuran/pangan semusim,404,https://perbenihanhorti.id/proseed/uploads/414/2023-02/sk_039_tomat_bas_tm_2217_cv_satya_agro_mandiri.pdf
db-vardaf,Cabai Keriting,BAS CK 1193,40/Kpts/PV.240/D/I/2023,2023,sayuran/pangan semusim,404,https://perbenihanhorti.id/proseed/uploads/414/2023-02/sk_040_cabai_keriting_bas_ck_1193_cv_satya_agro_mandiri.pdf
db-vardaf,Semangka,DDG SE 5758,41/Kpts/PV.240/D/I/2023,2023,sayuran/pangan semusim,404,https://perbenihanhorti.id/proseed/uploads/414/2023-02/sk_041_semangka_ddg_se_5758_pt_dewa_danu_group.pdf
db-vardaf,Melon,Kirani,43/Kpts/PV.240/D/I/2023,2023,sayuran/pangan semusim,404,https://perbenihanhorti.id/proseed/uploads/414/2023-02/sk_043_melon_kirani_pt_tunas_agro_persada.pdf
db-vardaf,Cabai Keriting,Casabe,44/Kpts/PV.240/D/I/2023,2023,sayuran/pangan semusim,404,https://perbenihanhorti.id/proseed/uploads/414/2023-02/sk_044_cabai_casabe_pt_tunas_agro_persada.pdf
db-vardaf,Mentimun,MRPA 01,45/Kpts/PV.240/D/I/2023,2023,sayuran/pangan semusim,404,https://perbenihanhorti.id/proseed/uploads/414/2023-02/sk_045_mentimun_mrpa_01_pt_raja_pilar_agrotama.pdf
db-vardaf,Kacang Buncis,BISI BC 08,46/Kpts/PV.240/D/I/2023,2023,sayuran/pangan semusim,404,https://perbenihanhorti.id/proseed/uploads/414/2023-02/sk_046_buncis_bisi_bc_08_pt_bisi_international_tbk.pdf
db-vardaf,Jagung Manis,RS 8,47/Kpts/PV.240/D/I/2023,2023,sayuran/pangan semusim,404,https://perbenihanhorti.id/proseed/uploads/414/2023-02/sk_047_jagung_manis_rs_8_pt_royal_agro_persada.pdf
db-vardaf,Cabai Keriting,CK ASA 2236,48/Kpts/PV.240/D/I/2023,2023,sayuran/pangan semusim,404,https://perbenihanhorti.id/proseed/uploads/414/2023-02/sk_048_cabai_keriting_ck_asa_2236_pt_aditya_sentana_agro.pdf
db-vardaf,Kacang Panjang,JS KCP 01,74/Kpts/PV.240/D/II/2023,2023,sayuran/pangan semusim,404,https://perbenihanhorti.id/proseed/uploads/414/2023-03/sk_074_kacang_panjang_js_kcp_01_pt_hibrida_jaya_unggul.pdf
db-vardaf,Tomat,TO 3127,75/Kpts/PV.240/D/II/2023,2023,sayuran/pangan semusim,404,https://perbenihanhorti.id/proseed/uploads/414/2023-03/sk_075_tomat_to_3127_pt_hibrida_jaya_unggul.pdf
db-vardaf,Bawang Putih,Berkah,76/Kpts/PV.240/D/II/2023,2023,sayuran/pangan semusim,404,https://perbenihanhorti.id/proseed/uploads/414/2023-03/sk_076_bawang_putih_berkah_cv_multi_global_agrindo.pdf
db-vardaf,Mentimun,Mini Owi A,77/Kpts/PV.240/D/II/2023,2023,sayuran/pangan semusim,404,https://perbenihanhorti.id/proseed/uploads/414/2023-03/sk_077_mentimun_mini_owi_a_pt_koreana_seed_indonesia.pdf
db-vardaf,Mentimun,Mini Owi B,78/Kpts/PV.240/D/II/2023,2023,sayuran/pangan semusim,404,https://perbenihanhorti.id/proseed/uploads/414/2023-03/sk_078_mentimun_mini_owi_b_pt_koreana_seed_indonesia.pdf
db-vardaf,Cabai Besar,Biocarning Agrihorti,79/Kpts/PV.240/D/II/2023,2023,sayuran/pangan semusim,404,https://perbenihanhorti.id/proseed/uploads/414/2023-03/sk_079_cabai_merah_besar_biocarning_agrihorti.pdf
db-vardaf,Terong,MR Hijau,95/Kpts/PV.240/D/III/2023,2023,sayuran/pangan semusim,404,https://perbenihanhorti.id/proseed/uploads/414/2023-04/95_sk_terong_mr_hijau.pdf
db-vardaf,Semangka,Melviano,96/Kpts/PV.240/ D/III/2023,2023,sayuran/pangan semusim,404,https://perbenihanhorti.id/proseed/uploads/414/2023-04/96_sk_semangka_melviano.pdf
db-vardaf,Semangka,Muthia,97/Kpts/PV.240/D/III/2023,2023,sayuran/pangan semusim,404,https://perbenihanhorti.id/proseed/uploads/414/2023-04/97_sk_semangka_muthia.pdf
db-vardaf,Semangka,Rumpun,98/Kpts/PV.240/D/III/2023,2023,sayuran/pangan semusim,404,https://perbenihanhorti.id/proseed/uploads/414/2023-04/98_sk_cabai_besar_rumpun.pdf
db-vardaf,Semangka,Pujor,99 /Kpts/PV.240/0/III/2023,2023,sayuran/pangan semusim,404,https://perbenihanhorti.id/proseed/uploads/414/2023-04/99_sk_semangka_pujor.pdf
db-vardaf,Tomat,Elip,100/Kpts/PV.240/D/III/2023,2023,sayuran/pangan semusim,404,https://perbenihanhorti.id/proseed/uploads/414/2023-04/100_sk_tomat_elip.pdf
db-vardaf,Cabai Rawit,Fiera IPB,101/Kpts/PV.240/D/III/2023,2023,sayuran/pangan semusim,404,https://perbenihanhorti.id/proseed/uploads/414/2023-04/101_sk_cabai_rawit_fiera_ipb.pdf
db-vardaf,Slada,HLE 4702,103/Kpts/PV.240/D/III/2023,2023,sayuran/pangan semusim,404,https://perbenihanhorti.id/proseed/uploads/414/2023-04/103_sk_selada_hle_4702.pdf
db-vardaf,Kangkung,HKK 02,104/Kpts/PV.240/D/III/2023,2023,sayuran/pangan semusim,404,https://perbenihanhorti.id/proseed/uploads/414/2023-04/104_sk_kangkung_hkk_02.pdf
db-vardaf,Kubis,Kubisa,105/Kpts/PV.240/D/III/2023,2023,sayuran/pangan semusim,404,https://perbenihanhorti.id/proseed/uploads/414/2023-04/105_sk_kubis_kubisa.pdf
db-vardaf,Kubis,Kubida,106/Kpts/PV.240/D/III/2023,2023,sayuran/pangan semusim,404,https://perbenihanhorti.id/proseed/uploads/414/2023-04/106_sk_kubis_kubida.pdf
db-vardaf,Sawi Sendok/Pak Choi,PC HFQC003,107/Kpts/PV.240/D/III/2023,2023,sayuran/pangan semusim,404,https://perbenihanhorti.id/proseed/uploads/414/2023-04/107_sk_pak_choi_pc_hfqcoo3.pdf
db-vardaf,Tomat,TO 3918,108/Kpts/PV.240/D/III/2023,2023,sayuran/pangan semusim,404,https://perbenihanhorti.id/proseed/uploads/414/2023-04/108_sk_tomat_to_3918.pdf
db-vardaf,Kacang Koro,KRO 1,109/Kpts/PV.240/D/III/2023,2023,sayuran/pangan semusim,404,https://perbenihanhorti.id/proseed/uploads/414/2023-04/109_sk_kacang_koro_kro_1.pdf
db-vardaf,Cabai Rawit,Tiung Tanjung,140/Kpts/PV.240/D/IV/2023,2023,sayuran/pangan semusim,404,https://perbenihanhorti.id/proseed/uploads/414/2023-07/sk140_cabai_rawit_tiung_tanjung_bupati_tabalong.pdf
db-vardaf,Cabai Rawit,CRPT 20,142/Kpts/PV.240/D/IV/2023,2023,sayuran/pangan semusim,404,https://perbenihanhorti.id/proseed/uploads/414/2023-07/sk142_cabai_rawit_crpt_20_sumanah.pdf
db-vardaf,Paria,BGA ASA 034,143/Kpts/PV.240/D/IV/2023,2023,sayuran/pangan semusim,404,https://perbenihanhorti.id/proseed/uploads/414/2023-07/sk143_paria_bga_asa_034_pt_aditya_sentana_agro.pdf
db-vardaf,Blewah,BLW ASA 1468,144/Kpts/PV.240/D/IV/2023,2023,sayuran/pangan semusim,404,https://perbenihanhorti.id/proseed/uploads/414/2023-07/sk144_blewah_blw_asa_1468_pt_aditya_sentana_agro.pdf
db-vardaf,Semangka,SK 68,145/Kpts/PV.240/D/IV/2023,2023,sayuran/pangan semusim,404,https://perbenihanhorti.id/proseed/uploads/414/2023-07/sk145_semangka_sk_68_pt_wira_agro_nusantara_sejahtera.pdf
db-vardaf,Mentimun,Suri TSK01,146/Kpts/PV.240/D/IV/2023,2023,sayuran/pangan semusim,404,https://perbenihanhorti.id/proseed/uploads/414/2023-07/sk146_mentimun_suri_tsk01_cv_triasputra_agro_maju_sejahtera.pdf
db-vardaf,Bayam,BBW 24,156/Kpts/PV.240/D/V/2023,2023,sayuran/pangan semusim,404,https://perbenihanhorti.id/proseed/uploads/414/2023-07/sk156_bayam_bbw_24_pt_mahatani_pertiwi_sejahtera.pdf
db-vardaf,Bayam,BHW 175,157/Kpts/PV.240/D/V/2023,2023,sayuran/pangan semusim,404,https://perbenihanhorti.id/proseed/uploads/414/2023-07/sk157_bayam_bhw_175_pt_mahatani_pertiwi_sejahtera.pdf
db-vardaf,Bayam,BMW 79,158/Kpts/PV.240/D/V/2023,2023,sayuran/pangan semusim,404,https://perbenihanhorti.id/proseed/uploads/414/2023-07/sk158_bayam_bmw_79_pt_mahatani_pertiwi_sejahtera.pdf
db-vardaf,Kangkung,KKW 66,159/Kpts/PV.240/D/V/2023,2023,sayuran/pangan semusim,404,https://perbenihanhorti.id/proseed/uploads/414/2023-07/sk159_kangkung_kkw_66_pt_mahatani_pertiwi_sejahtera.pdf
db-vardaf,Sawi Sendok/Pak Choi,SSW 19,160/Kpts/PV.240/D/V/2023,2023,sayuran/pangan semusim,404,https://perbenihanhorti.id/proseed/uploads/414/2023-07/sk160_sawi_sendeok_ssw_19_pt_mahatani_pertiwi_sejahtera.pdf
db-vardaf,Terong,TRW 704,161/Kpts/PV.240/D/V/2023,2023,sayuran/pangan semusim,404,https://perbenihanhorti.id/proseed/uploads/414/2023-07/sk161_terong_trw_704_pt_mahatani_pertiwi_sejahtera.pdf
db-vardaf,Kubis Bunga,BK 395,162/Kpts/PV.240/D/V/2023,2023,sayuran/pangan semusim,404,https://perbenihanhorti.id/proseed/uploads/414/2023-07/sk162_kubis_bunga_bk_395_pt_agrosid_manunggal_sentosa.pdf
db-vardaf,SAWI,CB 255,164/Kpts/PV.240/D/V/2023,2023,sayuran/pangan semusim,404,https://perbenihanhorti.id/proseed/uploads/414/2023-07/sk164_sawi_cb_255_pt_agrosid_manunggal_sentosa.pdf
db-vardaf,Pepaya,CP 850,446/Kpts/PV.240/D/XII/2022,2022,sayuran/pangan semusim,404,https://perbenihanhorti.id/proseed/uploads/414/2023-01/sk_446_pepaya_cp_850_pt_bca.pdf
db-vardaf,Cabai Besar,Biocalya Agrihorti,448/Kpts/PV.240/D/XII/2022,2022,sayuran/pangan semusim,404,https://perbenihanhorti.id/proseed/uploads/414/2023-01/sk_448_cabai_merah_biocalya_bb_biogen.pdf
db-vardaf,Cabai Besar,Biocavita Agrihorti,449/Kpts/PV.240/D/XII/2022,2022,sayuran/pangan semusim,404,https://perbenihanhorti.id/proseed/uploads/414/2023-01/sk_449_cabai_merah_biocavita_bb_biogen.pdf
db-vardaf,Jagung Manis,JMRPA 01,04/Kpts/PV.240/D/I/2022,2022,sayuran/pangan semusim,404,https://perbenihanhorti.id/proseed/uploads/414/2023-01/jagung_manis_jmrpa_01_pt_raja_pilar_agrotama.pdf
db-vardaf,Tomat,TO 3122,05/Kpts/PV.240/D/I/2022,2022,sayuran/pangan semusim,404,https://perbenihanhorti.id/proseed/uploads/414/2023-01/tomat_to_3122_pt_hibrida_jaya_unggul.pdf
db-vardaf,Kemangi,YSKM007,07/Kpts/PV.240/D/I/2022,2022,sayuran/pangan semusim,404,https://perbenihanhorti.id/proseed/uploads/414/2023-01/kemangi_yskm_pt_benih_unggu_sejati.pdf
db-vardaf,Melon,ML 329,10/Kpts/PV.240/D/I/2022,2022,sayuran/pangan semusim,404,https://perbenihanhorti.id/proseed/uploads/414/2023-01/melon_ml_329_supri_hertanto.pdf
db-vardaf,Kubis,Green Gem,13/Kpts/PV.240/D/I/2022,2022,sayuran/pangan semusim,404,https://perbenihanhorti.id/proseed/uploads/414/2023-01/kubis_green_gem_pt_winon_internasional.pdf
db-vardaf,Bayam,SP 9,27/Kpts/PV.240/D/II/2022,2022,sayuran/pangan semusim,404,https://perbenihanhorti.id/proseed/uploads/414/2023-01/bayam_sp_9_pt_agrosid_manunggal_sentosa.pdf
db-vardaf,Kacang Panjang,ENNO 1464,28/Kpts/PV.240/D/II/2022,2022,sayuran/pangan semusim,404,https://perbenihanhorti.id/proseed/uploads/414/2023-01/kacang_panjang_enno_1464_cv_enno_corporation.pdf
db-vardaf,Kacang Buncis,ENNO 1466,29/Kpts/PV.240/D/II/2022,2022,sayuran/pangan semusim,404,https://perbenihanhorti.id/proseed/uploads/414/2023-01/buncis_enno_1466_cv_enno_corporation.pdf
db-vardaf,Cabai Rawit,Sakagen 1,40/Kpts/PV.240/D/III/2022,2022,sayuran/pangan semusim,404,https://perbenihanhorti.id/proseed/uploads/414/2023-01/cabai_rawit_sakagen_1_cv_halbanero.pdf
db-vardaf,Cabai Rawit,Shypoon,41/Kpts/PV.240/D/III/2022,2022,sayuran/pangan semusim,404,https://perbenihanhorti.id/proseed/uploads/414/2023-01/cabai_rawit_shypoon_cv_halbanero.pdf
db-vardaf,Kubis Bunga,Pertiwi,42/Kpts/PV.240/D/III/2022,2022,sayuran/pangan semusim,404,https://perbenihanhorti.id/proseed/uploads/414/2023-01/kubis_bunga_pertiwi_pt_agri_makmur_pertiwi.pdf
db-vardaf,Paria,PA 783,43/Kpts/PV.240/D/III/2022,2022,sayuran/pangan semusim,404,https://perbenihanhorti.id/proseed/uploads/414/2023-01/paria_pa_783_cv_nusa_heulang.pdf
db-vardaf,Paria,PA 795,44/Kpts/PV.240/D/III/2022,2022,sayuran/pangan semusim,404,https://perbenihanhorti.id/proseed/uploads/414/2023-01/paria_pa_793_cv_nusa_heulang.pdf
db-vardaf,Semangka,SJA 110,45/Kpts/PV.240/D/III/2022,2022,sayuran/pangan semusim,404,https://perbenihanhorti.id/proseed/uploads/414/2023-01/semangka_sja_110_pt_sampoerna_jaya_agro.pdf
db-vardaf,Terong,MD 2,46/Kpts/PV.240/D/III/2022,2022,sayuran/pangan semusim,404,https://perbenihanhorti.id/proseed/uploads/414/2023-01/terong_md_2_cv_agro_citra_mandiri.pdf
db-vardaf,Jagung Manis,ENNO 1401,73/Kpts/PV.240/D/IV/2022,2022,sayuran/pangan semusim,404,https://perbenihanhorti.id/proseed/uploads/414/2023-01/jagung_manis_enno_1401_cv_enno_corporation.pdf
db-vardaf,Mentimun,ENNO 1439,74/Kpts/PV.240/D/IV/2022,2022,sayuran/pangan semusim,404,https://perbenihanhorti.id/proseed/uploads/414/2023-01/mentimun_enno_1439_cv_enno_corporation.pdf
db-vardaf,Jagung Manis,JM 904,75/Kpts/PV.240/D/IV/2022,2022,sayuran/pangan semusim,404,https://perbenihanhorti.id/proseed/uploads/414/2023-01/jagung_pulut_manis_jm_904_pt_benih_citra_asia.pdf
db-vardaf,Tomat,TH 091,76/Kpts/PV.240/D/IV/2022,2022,sayuran/pangan semusim,404,https://perbenihanhorti.id/proseed/uploads/414/2023-01/tomat_th_091_pt_benih_citra_asia.pdf
db-vardaf,Sawi putih / Petsai,Summer Bell,77/Kpts/PV.240/D/IV/2022,2022,sayuran/pangan semusim,404,https://perbenihanhorti.id/proseed/uploads/414/2023-01/sawi_putih_petsai_summer_bell_pt_winon_international.pdf
db-vardaf,Semangka,Semindo 25,78/Kpts/PV.240/D/IV/2022,2022,sayuran/pangan semusim,404,https://perbenihanhorti.id/proseed/uploads/414/2023-01/semangka_semindo_25_pt_bisi_international.pdf
db-vardaf,Tomat,TO TBM 868,79/Kpts/PV.240/D/IV/2022,2022,sayuran/pangan semusim,404,https://perbenihanhorti.id/proseed/uploads/414/2023-01/tomat_to_tbm_868_pt_tiara_buana_mandiri.pdf
db-vardaf,Kacang Buncis,HLB BCO 152,84/Kpts/PV.240/D/IV/2022,2022,sayuran/pangan semusim,404,https://perbenihanhorti.id/proseed/uploads/414/2023-01/buncis_hlb_bco_152_cv_halbanero.pdf
db-vardaf,Cabai Keriting,CK 313,85/Kpts/PV.240/D/IV/2022,2022,sayuran/pangan semusim,404,https://perbenihanhorti.id/proseed/uploads/414/2023-01/cabai_keriting_ck_313_cv_halbanero.pdf
db-vardaf,Labu,LA 256,86/Kpts/PV.240/D/IV/2022,2022,sayuran/pangan semusim,404,https://perbenihanhorti.id/proseed/uploads/414/2023-01/labu_la_256_cv_nusa_heulang.pdf
db-vardaf,Kangkung,KD 99,87/Kpts/PV.240/D/IV/2022,2022,sayuran/pangan semusim,404,https://perbenihanhorti.id/proseed/uploads/414/2023-01/kangkung_kd_99_cv_saraswati.pdf
db-vardaf,Cabai Rawit,SJA 401,88/Kpts/PV.240/D/IV/2022,2022,sayuran/pangan semusim,404,https://perbenihanhorti.id/proseed/uploads/414/2023-01/cabai_rawit_sja_401_pt_sampoerna_jaya_agro.pdf
db-vardaf,Cabai Rawit,SJA 402,89/Kpts/PV.240/D/IV/2022,2022,sayuran/pangan semusim,404,https://perbenihanhorti.id/proseed/uploads/414/2023-01/cabai_rawit_sja_402_pt_sampoerna_jaya_agro.pdf
db-vardaf,Tomat,SJA 301,90/Kpts/PV.240/D/IV/2022,2022,sayuran/pangan semusim,404,https://perbenihanhorti.id/proseed/uploads/414/2023-01/tomat_sja_301_pt_sampoerna_jaya_agro.pdf
db-vardaf,Kacang Panjang,RKB 18,91/Kpts/PV.240/D/IV/2022,2022,sayuran/pangan semusim,404,https://perbenihanhorti.id/proseed/uploads/414/2023-01/kacang_panjang_rkb_18_cv_tunas_java_mandiri.pdf
db-vardaf,Semangka,SK 41,93/Kpts/PV.240/D/IV/2022,2022,sayuran/pangan semusim,404,https://perbenihanhorti.id/proseed/uploads/414/2023-01/semangka_sk_41_pt_wira_agro_nusantara_sejahtera.pdf
db-vardaf,Mentimun,CU ASA 117,94/Kpts/PV.240/D/IV/2022,2022,sayuran/pangan semusim,404,https://perbenihanhorti.id/proseed/uploads/414/2023-01/mentimun_cu_asa_117_pt_aditya_sentana_agro.pdf
db-vardaf,Cabai Keriting,AKA,96/Kpts/PV.240/D/IV/2022,2022,sayuran/pangan semusim,404,https://perbenihanhorti.id/proseed/uploads/414/2023-01/cabai_keriting_aka_pemkot_payakumbuh.pdf
db-vardaf,Kacang Panjang,KP 14269,97/Kpts/PV.240/D/IV/2022,2022,sayuran/pangan semusim,404,https://perbenihanhorti.id/proseed/uploads/414/2023-01/kacang_panjang_kp_14269_pt_east_west_seed_indonesia.pdf
db-vardaf,Cabai Keriting,CK 48783,98/Kpts/PV.240/D/IV/2022,2022,sayuran/pangan semusim,404,https://perbenihanhorti.id/proseed/uploads/414/2023-01/cabai_keriting_ck_48783_pt_east_west_seed_indonesia.pdf
db-vardaf,Bayam,Nisa 017,70/Kpts/PV.240/D/IV/2022,2022,sayuran/pangan semusim,404,https://perbenihanhorti.id/proseed/uploads/414/2023-01/bayam_nisa_017_cv_benih_sayur_mandiri.pdf
db-vardaf,Kangkung,Pedang 19,71/Kpts/PV.240/D/IV/2022,2022,sayuran/pangan semusim,404,https://perbenihanhorti.id/proseed/uploads/414/2023-01/kangkung_pedang_19_cv_benih_sayur_mandiri.pdf
db-vardaf,Kangkung,Tombak 17,72/Kpts/PV.240/D/IV/2022,2022,sayuran/pangan semusim,404,https://perbenihanhorti.id/proseed/uploads/414/2023-01/kangkung_tombak_17_cv_benih_sayur_mandiri.pdf
db-vardaf,Kacang Panjang,RKP 15,158/Kpts/PV.240/D/V/2022,2022,sayuran/pangan semusim,404,https://perbenihanhorti.id/proseed/uploads/414/2023-01/kacang_panjang_rkp_15_cv_tunas_java_mandiri.pdf
db-vardaf,Melon,Melindo 17,159/Kpts/PV.240/D/V/2022,2022,sayuran/pangan semusim,404,https://perbenihanhorti.id/proseed/uploads/414/2023-01/melon_melindo_17_pt_bisi_international.pdf
db-vardaf,Cabai Rawit,BISI HP 41,160/Kpts/PV.240/D/V/2022,2022,sayuran/pangan semusim,404,https://perbenihanhorti.id/proseed/uploads/414/2023-01/cabai_rawit_bisi_hp_41_pt_bisi_international.pdf
db-vardaf,Melon,Gaiya,161/Kpts/PV.240/D/V/2022,2022,sayuran/pangan semusim,404,https://perbenihanhorti.id/proseed/uploads/414/2023-01/melon_gaiya_pt_tani_murni_indonesia.pdf
db-vardaf,Cabai Besar,CBW 135,162/Kpts/PV.240/D/V/2022,2022,sayuran/pangan semusim,404,https://perbenihanhorti.id/proseed/uploads/414/2023-01/cabai_besar_cbw_135_pt_mahatani_pertiwi_sejahtera.pdf
db-vardaf,Seledri,SLW 081,163/Kpts/PV.240/D/V/2022,2022,sayuran/pangan semusim,404,https://perbenihanhorti.id/proseed/uploads/414/2023-01/seledri_slw_081_pt_mahatani_pertiwi_sejahtera.pdf
db-vardaf,Tomat,TMW 019,164/Kpts/PV.240/D/V/2022,2022,sayuran/pangan semusim,404,https://perbenihanhorti.id/proseed/uploads/414/2023-01/tomat_tmw_019_pt_mahatani_pertiwi_sejahtera.pdf
db-vardaf,Paria,PA 793,166/Kpts/PV.240/D/V/2022,2022,sayuran/pangan semusim,404,https://perbenihanhorti.id/proseed/uploads/414/2023-01/paria_pa_793_cv_nusa_heulang.pdf
db-vardaf,Paria,PA 781,165/Kpts/PV.240/D/V/2022,2022,sayuran/pangan semusim,404,https://perbenihanhorti.id/proseed/uploads/414/2023-01/paria_pa_781_cv_nusa_heulang.pdf
db-vardaf,Cabai Keriting,BISI HP 33,167/Kpts/PV.240/D/V/2022,2022,sayuran/pangan semusim,404,https://perbenihanhorti.id/proseed/uploads/414/2023-01/cabai_keriting_bisi_hp_33_pt_bisi_international.pdf
db-vardaf,Cabai Keriting,BISI HP 40,168/Kpts/PV.240/D/V/2022,2022,sayuran/pangan semusim,404,https://perbenihanhorti.id/proseed/uploads/414/2023-01/cabai_keriting_bisi_hp_40_pt_bisi_international.pdf
db-vardaf,Labu,BISI PK 05,169/Kpts/PV.240/D/V/2022,2022,sayuran/pangan semusim,404,https://perbenihanhorti.id/proseed/uploads/414/2023-01/labu_bisi_pk_05_pt_bisi_international.pdf
db-vardaf,Tomat,TO 3922,170/Kpts/PV.240/D/V/2022,2022,sayuran/pangan semusim,404,https://perbenihanhorti.id/proseed/uploads/414/2023-01/tomat_to_3922_cv_nusa_heulang.pdf
db-vardaf,Tomat,TO 3924,171/Kpts/PV.240/D/V/2022,2022,sayuran/pangan semusim,404,https://perbenihanhorti.id/proseed/uploads/414/2023-01/tomat_to_3924_cv_nusa_heulang.pdf
db-vardaf,Paria,YSPA633,172/Kpts/PV.240/D/V/2022,2022,sayuran/pangan semusim,404,https://perbenihanhorti.id/proseed/uploads/414/2023-01/paria_yspa633_pt_benih_unggul_sejati.pdf
db-vardaf,Semangka,YSSE555,173/Kpts/PV.240/D/V/2022,2022,sayuran/pangan semusim,404,https://perbenihanhorti.id/proseed/uploads/414/2023-01/semangka_ysse555_pt_benih_unggul_sejati.pdf
db-vardaf,Cabai Rawit,YSCR300,174/Kpts/PV.240/D/V/2022,2022,sayuran/pangan semusim,404,https://perbenihanhorti.id/proseed/uploads/414/2023-01/cabai_rawit_yscr300_pt_benih_unggul_sejati.pdf
db-vardaf,Cabai Rawit,GS 402,175/Kpts/PV.240/D/V/2022,2022,sayuran/pangan semusim,404,https://perbenihanhorti.id/proseed/uploads/414/2023-01/cabai_rawit_gs_402_pt_global_agro_mandiri_indonesia.pdf
db-vardaf,Terong,GS566,176/Kpts/PV.240/D/V/2022,2022,sayuran/pangan semusim,404,https://perbenihanhorti.id/proseed/uploads/414/2023-01/terong_gs_566_pt_global_agro_mandiri_indonesia.pdf
db-vardaf,Semangka,GS801,177/Kpts/PV.240/D/V/2022,2022,sayuran/pangan semusim,404,https://perbenihanhorti.id/proseed/uploads/414/2023-01/semangka_gs801_pt_global_agro_mandiri_indonesia.pdf
db-vardaf,Kacang Buncis,GS119,178/Kpts/PV.240/D/V/2022,2022,sayuran/pangan semusim,404,https://perbenihanhorti.id/proseed/uploads/414/2023-01/buncis_gs_119_pt_global_agro_mandiri_indonesia.pdf
db-vardaf,Tomat,Elisha,179/Kpts/PV.240/D/V/2022,2022,sayuran/pangan semusim,404,https://perbenihanhorti.id/proseed/uploads/414/2023-01/tomat_elisha_pt_tani_murni_indonesia.pdf
db-vardaf,Kentang,Bonito Agrihorti,180/Kpts/PV.240/D/V/2022,2022,sayuran/pangan semusim,404,https://perbenihanhorti.id/proseed/uploads/414/2023-01/kentang_bonito_agrihorti_balitsa.pdf
db-vardaf,Kentang,Matra Agrihorti,181/Kpts/PV.240/D/V/2022,2022,sayuran/pangan semusim,404,https://perbenihanhorti.id/proseed/uploads/414/2023-01/kentang_matra_agrihorti_balitsa.pdf
db-vardaf,Kacang Panjang,KP TBM 2020,182/Kpts/PV.240/D/V/2022,2022,sayuran/pangan semusim,404,https://perbenihanhorti.id/proseed/uploads/414/2023-01/kacang_panjang_kp_tbm_2020_pt_tiara_buana_mandiri.pdf
db-vardaf,Lobak,RG 37,154/Kpts/PV.240/D/V/2022,2022,sayuran/pangan semusim,404,https://perbenihanhorti.id/proseed/uploads/414/2023-01/lobak_rg_37_pt_advansia_benih_indonesia.pdf
db-vardaf,Semangka,PMB 02,156/Kpts/PV.240/D/V/2022,2022,sayuran/pangan semusim,404,https://perbenihanhorti.id/proseed/uploads/414/2023-01/semangka_pmb_02_cv_putra_tani_blambangan.pdf
db-vardaf,Semangka,PMB 029,157/Kpts/PV.240/D/V/2022,2022,sayuran/pangan semusim,404,https://perbenihanhorti.id/proseed/uploads/414/2023-01/semangka_pmb_029_cv_putra_tani_blambangan.pdf
db-vardaf,Mentimun,ENNO1454,155/Kpts/PV.240/D/V/2022,2022,sayuran/pangan semusim,404,https://perbenihanhorti.id/proseed/uploads/414/2023-01/mentimun_enno_1454_cv_enno_corporation.pdf
db-vardaf,Bayam,BA 034,153/Kpts/PV.240/D/V/2022,2022,sayuran/pangan semusim,404,https://perbenihanhorti.id/proseed/uploads/414/2023-01/bayam_ba_034_cv_saraswati.pdf
db-vardaf,Cabai Rawit,SCY 43,26/Kpts/PV.240/D/II/2022,2022,sayuran/pangan semusim,404,https://perbenihanhorti.id/proseed/uploads/414/2022-12/26_cabai_rawit_scy_43_compressed.pdf
db-vardaf,Cabai Besar,CB ASA 2213,409/Kpts/PV.240/D/XI/2022,2022,sayuran/pangan semusim,404,https://perbenihanhorti.id/proseed/uploads/414/2022-12/sk_409_cb_asa_2213_compressed.pdf
db-vardaf,Cabai Keriting,CKW 221,411/Kpts/PV.240/D/XI/2022,2022,sayuran/pangan semusim,404,https://perbenihanhorti.id/proseed/uploads/414/2022-12/sk_411_ckw_221_compressed.pdf
db-vardaf,Paria,PA 001,412/Kpts/PV.240/D/XI/2022,2022,sayuran/pangan semusim,404,https://perbenihanhorti.id/proseed/uploads/414/2022-12/sk_412_paria_pa_001_compressed.pdf
db-vardaf,Cabai Rawit,R 001,413/Kpts/PV.240/D/XI/2022,2022,sayuran/pangan semusim,404,https://perbenihanhorti.id/proseed/uploads/414/2022-12/sk_413_cabai_rawit_r_001_compressed.pdf
db-vardaf,Terong,TRU 6,414/Kpts/PV.240/D/XI/2022,2022,sayuran/pangan semusim,404,https://perbenihanhorti.id/proseed/uploads/414/2022-12/sk_414_tru_6_compressed.pdf
db-vardaf,Kacang Koro,KR 628,415/Kpts/PV.240/D/XI/2022,2022,sayuran/pangan semusim,404,https://perbenihanhorti.id/proseed/uploads/414/2022-12/sk_415_kr_628_compressed.pdf
db-vardaf,Terong,MBTR 03P,417/Kpts/PV.240/D/XI/2022,2022,sayuran/pangan semusim,404,https://perbenihanhorti.id/proseed/uploads/414/2022-12/sk_417_mbtr_03p_compressed.pdf
db-vardaf,Terong,MR Ungu,418/Kpts/PV.240/D/XI/2022,2022,sayuran/pangan semusim,404,https://perbenihanhorti.id/proseed/uploads/414/2022-12/sk_418_mr_ungu_compressed.pdf
db-vardaf,Terong,MBTR 04,441/Kpts/PV.240/D/XII/2022,2022,sayuran/pangan semusim,404,https://perbenihanhorti.id/proseed/uploads/414/2023-01/sk_441_terong_mbtr_04_pt_prabu_agro_mandiri.pdf
db-vardaf,Tomat,TO 3923,442/Kpts/PV.240/D/XII/2022,2022,sayuran/pangan semusim,404,https://perbenihanhorti.id/proseed/uploads/414/2023-01/sk_442_tomat_to_3923_cv_nusa_heulang.pdf
db-vardaf,Kangkung,KNBI001,443/Kpts/PV.240/D/XII/2022,2022,sayuran/pangan semusim,404,https://perbenihanhorti.id/proseed/uploads/414/2023-01/sk_443_kangkung_knbi_001_pt_dynasti_inti_agrosarana.pdf
db-vardaf,Sawi Sendok/Pak Choi,PCTG 2106,444/Kpts/PV.240/D/XII/2022,2022,sayuran/pangan semusim,404,https://perbenihanhorti.id/proseed/uploads/414/2023-01/sk_444_sawi_sendok_pctg2106_pt_koreana_seed_indonesia.pdf
db-vardaf,Pepaya,CP 891,445/Kpts/PV.240/D/XII/2022,2022,sayuran/pangan semusim,404,https://perbenihanhorti.id/proseed/uploads/414/2023-01/sk_445_pepaya_cp_891_pt_bca.pdf
db-vardaf,Cabai Keriting,K1SM3,25/Kpts/SR.130/D/I/2021,2021,sayuran/pangan semusim,404,https://perbenihanhorti.id/proseed/uploads/deskripsi/bb9a8641274812834aa73cb8f958d6c8.pdf
db-vardaf,Cabai Rawit,KSD 108,36/Kpts/SR.130/D/I/2021,2021,sayuran/pangan semusim,404,https://perbenihanhorti.id/proseed/uploads/deskripsi/a6b97d8253a1bdd8a207061d5f27ec1e.pdf
db-vardaf,Cabai Rawit,ENNO 1428,35/Kpts/SR.130/D/I/2021,2021,sayuran/pangan semusim,404,https://perbenihanhorti.id/proseed/uploads/deskripsi/30a900c2e388195d72e7a2d0f4751565.pdf
db-vardaf,Cabai Rawit,ENNO 1437,34/Kpts/SR.130/D/I/2021,2021,sayuran/pangan semusim,404,https://perbenihanhorti.id/proseed/uploads/deskripsi/16bf55ef48252c685c628d8089c60cdd.pdf
db-vardaf,Oyong / Gambas,ENNO 1479,33/Kpts/SR.130/D/I/2021,2021,sayuran/pangan semusim,404,https://perbenihanhorti.id/proseed/uploads/deskripsi/80263c24707780f42bf2a41657ef7eba.pdf
db-vardaf,Cabai Rawit,Bejo,690/Kpts/SR.130/D/VIII/2021,2021,sayuran/pangan semusim,404,https://perbenihanhorti.id/proseed/uploads/deskripsi/b91e2a44a48bb022f4a85b396086003b.pdf
db-vardaf,Cabai Rawit,Petir,689/Kpts/SR.130/D/VIII/2021,2021,sayuran/pangan semusim,404,https://perbenihanhorti.id/proseed/uploads/deskripsi/06c3dfa250d5ebcd43f2e692c8015586.pdf
db-vardaf,Terong,ENNO 1445,32/Kpts/SR.130/D/I/2021,2021,sayuran/pangan semusim,404,https://perbenihanhorti.id/proseed/uploads/deskripsi/5d9a7d766f1e341c17bfaf3d64059ebe.pdf
db-vardaf,Lobak,TF TW RL 18,688/Kpts/SR.130/D/VIII/2021,2021,sayuran/pangan semusim,404,https://perbenihanhorti.id/proseed/uploads/deskripsi/75e76b10caae16193cb570779f9ab43f.pdf
db-vardaf,Jagung Manis,16ES007,30/Kpts/SR.130/D/I/2021,2021,sayuran/pangan semusim,404,https://perbenihanhorti.id/proseed/uploads/deskripsi/790cac9044afbfa4d9f019b0231e7151.pdf
db-vardaf,Cabai Besar,MBCB 01,687/Kpts/SR.130/D/VIII/2021,2021,sayuran/pangan semusim,404,https://perbenihanhorti.id/proseed/uploads/deskripsi/4b9100bff681c3a37eaa568649917f89.pdf
db-vardaf,Kacang Buncis,Siwi,686/Kpts/SR.130/D/VIII/2021,2021,sayuran/pangan semusim,404,https://perbenihanhorti.id/proseed/uploads/deskripsi/801ce298a645c50917da21fef496f6d5.pdf
db-vardaf,Terong,EP ASA 116,685/Kpts/SR.130/D/VIII/2021,2021,sayuran/pangan semusim,404,https://perbenihanhorti.id/proseed/uploads/deskripsi/2ecf1f19df821e0529800d28e4e786f8.pdf
db-vardaf,Kubis,Green Saba 37,31/Kpts/SR.130/D/I/2021,2021,sayuran/pangan semusim,404,https://perbenihanhorti.id/proseed/uploads/deskripsi/75d5b17318e8d8bf4e741da45fa1a457.pdf
db-vardaf,Cabai Rawit,CRBI001,684/Kpts/SR.130/D/VIII/2021,2021,sayuran/pangan semusim,404,https://perbenihanhorti.id/proseed/uploads/deskripsi/8eab03b6fbf87ccfff5e3ca6ededa203.pdf
db-vardaf,Labu,LA 035,29/Kpts/SR.130/D/I/2021,2021,sayuran/pangan semusim,404,https://perbenihanhorti.id/proseed/uploads/deskripsi/95952bced8edd1b010324c95e61230d6.pdf
db-vardaf,Cabai Keriting,CKR 137,683/Kpts/SR.130/D/VIII/2021,2021,sayuran/pangan semusim,404,https://perbenihanhorti.id/proseed/uploads/deskripsi/c5236aefdd80c38b133422172c8c3983.pdf
db-vardaf,Melon,ME 079,28/Kpts/SR.130/D/I/2021,2021,sayuran/pangan semusim,404,https://perbenihanhorti.id/proseed/uploads/deskripsi/fb6afeade073cab281509068341336b6.pdf
db-vardaf,Semangka,SE 291,26/Kpts/SR.130/D/I/2021,2021,sayuran/pangan semusim,404,https://perbenihanhorti.id/proseed/uploads/deskripsi/815799e52bbff06d236e5c038d3c42fb.pdf
db-vardaf,Kubis,GM 48,682/Kpts/SR.130/D/VIII/2021,2021,sayuran/pangan semusim,404,https://perbenihanhorti.id/proseed/uploads/deskripsi/730602d5f58954438f00883bf1642c5b.pdf
db-vardaf,Kubis,GR 56,681/Kpts/SR.130/D/VIII/2021,2021,sayuran/pangan semusim,404,https://perbenihanhorti.id/proseed/uploads/deskripsi/4e2b7d78b9d1e1cfebedbe79128510c4.pdf
db-vardaf,Labu,LA 3826,27/Kpts/SR.130/D/2021,2021,sayuran/pangan semusim,404,https://perbenihanhorti.id/proseed/uploads/deskripsi/d0b7ed0fb02657f9f6d9f738d35d37ae.pdf
db-vardaf,Wortel,Kuroda,679/Kpts/SR.130/D/VIII/2021,2021,sayuran/pangan semusim,404,https://perbenihanhorti.id/proseed/uploads/deskripsi/eff067df374a7ba1bda547eb08447ae8.pdf
db-vardaf,Cabai Besar,CB003,677/Kpts/SR.130/D/VIII/2021,2021,sayuran/pangan semusim,404,https://perbenihanhorti.id/proseed/uploads/deskripsi/55c477948888ab9307893bd7fec82c74.pdf
db-vardaf,Cabai Besar,Biocarpa Agrihorti,255/Kpts/SR.130/D/III/2021,2021,sayuran/pangan semusim,404,https://perbenihanhorti.id/proseed/uploads/deskripsi/7ff6cb8a22cf10174d817ec08c2b8141.pdf
db-vardaf,Cabai Keriting,C 16,259/Kpts/SR.130/D/III/2021,2021,sayuran/pangan semusim,404,https://perbenihanhorti.id/proseed/uploads/deskripsi/2fec05a6e7a5b9829883c7e7431fcee3.pdf
db-vardaf,Cabai Rawit,CBR 25,260/Kpts/SR.130/D/III/2021,2021,sayuran/pangan semusim,404,https://perbenihanhorti.id/proseed/uploads/deskripsi/e6ebd9eaf23a438af9aaf69e6ed2f949.pdf
db-vardaf,Jagung Manis,MJMO 17,261/Kpts/SR.130/D/III/2021,2021,sayuran/pangan semusim,404,https://perbenihanhorti.id/proseed/uploads/deskripsi/cdd1a8f2dbf00cec64eb65cd7eb6dbb6.pdf
db-vardaf,Kubis,Red Tower,262/Kpts/SR.130/D/III/2021,2021,sayuran/pangan semusim,404,https://perbenihanhorti.id/proseed/uploads/deskripsi/e46045f4a1f56d175e79759db84d734d.pdf
db-vardaf,Semangka,MBSL 03,263/Kpts/SR.130/D/III/2021,2021,sayuran/pangan semusim,404,https://perbenihanhorti.id/proseed/uploads/deskripsi/66ef519dacfc276dde4904714af7e633.pdf
db-vardaf,Melon,SJA201,265/Kpts/SR.130/D/III/2021,2021,sayuran/pangan semusim,404,https://perbenihanhorti.id/proseed/uploads/deskripsi/9e8cef94267940668c7d888146366843.pdf
db-vardaf,Melon,SJA202,266/Kpts/SR.130/D/III/2021,2021,sayuran/pangan semusim,404,https://perbenihanhorti.id/proseed/uploads/deskripsi/6380f8208bb9fcd41100b8e18bebc4e2.pdf
db-vardaf,Melon,SJA203,267/Kpts/SR.130/D/III/2021,2021,sayuran/pangan semusim,404,https://perbenihanhorti.id/proseed/uploads/deskripsi/09883fd32e7b6ffa72030610447cc73f.pdf
db-vardaf,Semangka,GS711,268/Kpts/SR.130/D/III/2021,2021,sayuran/pangan semusim,404,https://perbenihanhorti.id/proseed/uploads/deskripsi/1ad604ed77773a9a16d979925de2ffa9.pdf
db-vardaf,Semangka,GS727,269/Kpts/SR.130/D/III/2021,2021,sayuran/pangan semusim,404,https://perbenihanhorti.id/proseed/uploads/deskripsi/b6cc0c8a417cb8da3103bb10a34f8018.pdf
db-vardaf,Semangka,GS799,270/Kpts/SR.130/D/III/2021,2021,sayuran/pangan semusim,404,https://perbenihanhorti.id/proseed/uploads/deskripsi/f9ac62028d697990d08dbf21dce42fac.pdf
db-vardaf,Kacang Panjang,Fagiola IPB,342/Kpts/SR.130/D/IV/2021,2021,sayuran/pangan semusim,404,https://perbenihanhorti.id/proseed/uploads/deskripsi/c8850d124a19f5b583c3fc7a51dd2338.pdf
db-vardaf,Cabai Rawit,Bonita IPB,343/Kpts/SR.130/D/IV/2021,2021,sayuran/pangan semusim,404,https://perbenihanhorti.id/proseed/uploads/deskripsi/42f1016365cb5a13d85a78a8ceb63502.pdf
db-vardaf,Kacang Panjang,AURA KP 1032,187/Kpts/SR.130/D/II/2021,2021,sayuran/pangan semusim,404,https://perbenihanhorti.id/proseed/uploads/deskripsi/0cf76758b5618a7d4de74664389d1611.pdf
db-vardaf,Edamame (Kedelai Sayur),Biomax 1,344/Kpts/SR.130/D/IV/2021,2021,sayuran/pangan semusim,404,https://perbenihanhorti.id/proseed/uploads/deskripsi/eb78c6420ae7c6c30f7bf56902215609.pdf
db-vardaf,Edamame (Kedelai Sayur),Biomax 2,345/Kpts/SR.130/D/IV/2021,2021,sayuran/pangan semusim,404,https://perbenihanhorti.id/proseed/uploads/deskripsi/89482352d8f5b6ad9916c02064199187.pdf
db-vardaf,Wortel,Dora,346/Kpts/SR.130/D/IV/2021,2021,sayuran/pangan semusim,404,https://perbenihanhorti.id/proseed/uploads/deskripsi/d36de873508378080f27e1323385428b.pdf
db-vardaf,Cabai Rawit,CR 110,347/Kpts/SR.130/D/IV/2021,2021,sayuran/pangan semusim,404,https://perbenihanhorti.id/proseed/uploads/deskripsi/7b23cdece317073da307c7b72c3c9b96.pdf
db-vardaf,Melon,AURA TEGAR 01,188/Kpts/SR.130/D/II/2021,2021,sayuran/pangan semusim,404,https://perbenihanhorti.id/proseed/uploads/deskripsi/bc5270c5e0c55e10e9f542245a28070f.pdf
db-vardaf,Slada,SL 541,348/Kpts/SR.130/D/IV/2021,2021,sayuran/pangan semusim,404,https://perbenihanhorti.id/proseed/uploads/deskripsi/a275a694684578a5c3f978f4d89f35c3.pdf
db-vardaf,Mentimun,Aura MTA 01,189/Kpts/SR.130/D/II/2021,2021,sayuran/pangan semusim,404,https://perbenihanhorti.id/proseed/uploads/deskripsi/cef2b8e47b9a4d9022faedc1b1530696.pdf
db-vardaf,Mentimun,Visto,350/Kpts/SR.130/D/IV/2021,2021,sayuran/pangan semusim,404,https://perbenihanhorti.id/proseed/uploads/deskripsi/888a18e80b9fad8f864f60a67a28649a.pdf
db-vardaf,Mentimun,Aura MTL 1091,190/Kpts/SR.130/D/II/2021,2021,sayuran/pangan semusim,404,https://perbenihanhorti.id/proseed/uploads/deskripsi/0bcb47aa47c5c86bca4a7c7bdba4a69a.pdf
db-vardaf,Paria,AURA PA 01A,191/Kpts/SR.130/D/II/2021,2021,sayuran/pangan semusim,404,https://perbenihanhorti.id/proseed/uploads/deskripsi/d44e7644e056c3e12c46061c02bd8fc1.pdf
db-vardaf,Melon,ME 515,352/Kpts/SR.130/D/IV/2021,2021,sayuran/pangan semusim,404,https://perbenihanhorti.id/proseed/uploads/deskripsi/99ce33fb0701931ac2ac34ea41d40fa2.pdf
db-vardaf,Kacang Buncis,ENNO 1467,498/Kpts/SR.130/D/VI/2021,2021,sayuran/pangan semusim,404,https://perbenihanhorti.id/proseed/uploads/deskripsi/0f48c8389584a6a12eced3fc3850fd22.pdf
db-vardaf,Jagung Manis,JGBI001,502/Kpts/SR.130/D/VI/2021,2021,sayuran/pangan semusim,404,https://perbenihanhorti.id/proseed/uploads/deskripsi/36ce8c371f4b66c8f23a06cca0be4e35.pdf
db-vardaf,Jagung Manis,PACS14289,503/Kpts/SR.130/D/VI/2021,2021,sayuran/pangan semusim,404,https://perbenihanhorti.id/proseed/uploads/deskripsi/d44c3a772d2b56e39111a4fdf8703a9b.pdf
db-vardaf,Jagung Pulut Manis,JMP 5,504/Kpts/SR.130/D/VI/2021,2021,sayuran/pangan semusim,404,https://perbenihanhorti.id/proseed/uploads/deskripsi/8a670c39bdba9917fae231d7f49ebfa0.pdf
db-vardaf,Kangkung,KD 01,505/Kpts/SR.130/D/VI/2021,2021,sayuran/pangan semusim,404,https://perbenihanhorti.id/proseed/uploads/deskripsi/52870f36cf31909128f56ee87706d667.pdf
db-vardaf,Kubis Bunga,Billy 31,506/Kpts/SR.130/D/VI/2021,2021,sayuran/pangan semusim,404,https://perbenihanhorti.id/proseed/uploads/deskripsi/60b754e316620d43479aeb30aff344c5.pdf
db-vardaf,Kubis Bunga,KF 8544,507/Kpts/SR.130/D/VI/2021,2021,sayuran/pangan semusim,404,https://perbenihanhorti.id/proseed/uploads/deskripsi/aaa2ac54510021969820d5c3fe664e87.pdf
db-vardaf,Jagung Manis,Opera,404/Kpts/SR.130/D/V/2021,2021,sayuran/pangan semusim,404,https://perbenihanhorti.id/proseed/uploads/deskripsi/23aacba7c0d0e625e3b87b005781e46c.pdf
db-vardaf,Melon,ME 983,508/Kpts/SR.120/D/VI/2021,2021,sayuran/pangan semusim,404,https://perbenihanhorti.id/proseed/uploads/deskripsi/efd2d63972c0d7070995af216991cc73.pdf
db-vardaf,Jagung Manis,Panser,405/Kpts/SR.130/D/V/2021,2021,sayuran/pangan semusim,404,https://perbenihanhorti.id/proseed/uploads/deskripsi/115ec5f1e00197d11c81a89c801397ad.pdf
db-vardaf,Melon,Mutiara,509/Kpts/SR.130/D/VI/2021,2021,sayuran/pangan semusim,404,https://perbenihanhorti.id/proseed/uploads/deskripsi/4fdc9719d09ca7b53abeab237e4f0f5d.pdf
db-vardaf,Mentimun,KE 231,512/Kpts/SR.130/D/VI/2021,2021,sayuran/pangan semusim,404,https://perbenihanhorti.id/proseed/uploads/deskripsi/ed2bf96565d715bfb94cc7689c00c71d.pdf
db-vardaf,Semangka,Semindo 26,408/Kpts/SR.130/D/V/2021,2021,sayuran/pangan semusim,404,https://perbenihanhorti.id/proseed/uploads/deskripsi/736a051f6d1af063106ebaed35087a5a.pdf
db-vardaf,Mentimun,Tera,513/Kpts/SR.130/D/VI/2021,2021,sayuran/pangan semusim,404,https://perbenihanhorti.id/proseed/uploads/deskripsi/713cf9e6a9bb916e17d52bb56f000843.pdf
db-vardaf,Mentimun,Tina,514/Kpts/SR.130/D/VI/2021,2021,sayuran/pangan semusim,404,https://perbenihanhorti.id/proseed/uploads/deskripsi/43d22bae3ce16ed09d6686786feded89.pdf
db-vardaf,Sawi putih / Petsai,TF TW CG 18,515/Kpts/SR.130/D/VI/2021,2021,sayuran/pangan semusim,404,https://perbenihanhorti.id/proseed/uploads/deskripsi/7cbb8b5181e2e7d4b0fc64035276cec3.pdf
db-vardaf,Sawi hijau,Sera-sera,516/Kpts/SR.130/D/VI/2021,2021,sayuran/pangan semusim,404,https://perbenihanhorti.id/proseed/uploads/deskripsi/9ec1c9a9f40a40abec26c478b2854c7e.pdf
db-vardaf,Semangka,Hecloud,517/Kpts/SR.130/D/VI/2021,2021,sayuran/pangan semusim,404,https://perbenihanhorti.id/proseed/uploads/deskripsi/dd4902b6b0d22df90d1254a483df9588.pdf
db-vardaf,Jagung Manis,JM 759,675/Kpts/SR.130/D/VIII/2021,2021,sayuran/pangan semusim,404,https://perbenihanhorti.id/proseed/uploads/deskripsi/c4137167d31af484a669aeaf208935cf.pdf
db-vardaf,Bayam,Saga R 88,621/Kpts/SR.130/D/VII/2021,2021,sayuran/pangan semusim,404,https://perbenihanhorti.id/proseed/uploads/deskripsi/9ce11051ead15eeb47cf6f1481cf0d2f.pdf
db-vardaf,Mentimun,KE 951,676/Kpts/SR.130/D/VIII/2021,2021,sayuran/pangan semusim,404,https://perbenihanhorti.id/proseed/uploads/deskripsi/b5acdcbcca6912c9230dbd3c2f0741e0.pdf
db-vardaf,Cabai Rawit,CR ASA 215,626/Kpts/SR.130/D/VII/2021,2021,sayuran/pangan semusim,404,https://perbenihanhorti.id/proseed/uploads/deskripsi/f69dd9d18c140e7966de935ec3e65926.pdf
db-vardaf,Jagung Manis,18ES044,674/Kpts/SR.130/D/VIII/2021,2021,sayuran/pangan semusim,404,https://perbenihanhorti.id/proseed/uploads/deskripsi/81460ec039e98482408732fb15523aa1.pdf
db-vardaf,Paria,BG ASA 19002,627/Kpts/SR.130/D/VII/2021,2021,sayuran/pangan semusim,404,https://perbenihanhorti.id/proseed/uploads/deskripsi/b15717ac852a5df7cdae92d18691d4f2.pdf
db-vardaf,Pepaya,PE 2747,630/Kpts/SR.130/D/VII/2021,2021,sayuran/pangan semusim,404,https://perbenihanhorti.id/proseed/uploads/deskripsi/766759d5515794b1fd6a04439a510536.pdf
db-vardaf,Sawi putih / Petsai,SP 704,631/Kpts/SR.130/D/VII/2021,2021,sayuran/pangan semusim,404,https://perbenihanhorti.id/proseed/uploads/deskripsi/8c76860b6eec531d531ea95d10f84437.pdf
db-vardaf,Semangka,SJA 109,634/Kpts/SR.130/D/VII/2021,2021,sayuran/pangan semusim,404,https://perbenihanhorti.id/proseed/uploads/deskripsi/0193bf9dac2a8f5274062786da812616.pdf
db-vardaf,Semangka,SEMINDO 28,635/Kpts/SR.130/D/VII/2021,2021,sayuran/pangan semusim,404,https://perbenihanhorti.id/proseed/uploads/deskripsi/2548fb54334e736f09305d938157ea36.pdf
db-vardaf,Cabai Rawit,YSCR212,759/Kpts/PV.240/D/11/2021,2021,sayuran/pangan semusim,404,https://perbenihanhorti.id/proseed/uploads/deskripsi/d1bffa5d7642c8da1956dc5771cc1eec.pdf
db-vardaf,Semangka,SJA 107,632/Kpts/SR.130/D/VII/2021,2021,sayuran/pangan semusim,404,https://perbenihanhorti.id/proseed/uploads/deskripsi/8e2851e1df69c27511d10339a16642b2.pdf
db-vardaf,Cabai Rawit,YSCR234,758/Kpts/PV.240/D/11/2021,2021,sayuran/pangan semusim,404,https://perbenihanhorti.id/proseed/uploads/deskripsi/46b65f48b107c25b606dcb6f0df7661d.pdf
db-vardaf,Semangka,SJA 108,633/Kpts/SR.130/D/VII/2021,2021,sayuran/pangan semusim,404,https://perbenihanhorti.id/proseed/uploads/deskripsi/9ed2c40c79b7500793d74ad64964ecc8.pdf
db-vardaf,Terong,YSTP153,757/Kpts/PV.240/D/11/2021,2021,sayuran/pangan semusim,404,https://perbenihanhorti.id/proseed/uploads/deskripsi/c61b6e4f90008300be221416b4ef15e3.pdf
db-vardaf,Terong,NELLA,637/Kpts/SR.130/D/VII/2021,2021,sayuran/pangan semusim,404,https://perbenihanhorti.id/proseed/uploads/deskripsi/5b07642c7e913e1bca7b25fb45a2bb8e.pdf
db-vardaf,Semangka,DEV 1096,756/Kpts/PV.240/D/11/2021,2021,sayuran/pangan semusim,404,https://perbenihanhorti.id/proseed/uploads/deskripsi/6f40f7eb2947e820d4b0a5fdaf2b9904.pdf
db-vardaf,Mentimun,19CUI75513,789/Kpts/PV.240/D/12/2021,2021,sayuran/pangan semusim,404,https://perbenihanhorti.id/proseed/uploads/deskripsi/db1791b19639f66e94689f97a80e38d5.pdf
db-vardaf,Semangka,KASDEM 8,791/Kpts/PV.240/D/12/2021,2021,sayuran/pangan semusim,404,https://perbenihanhorti.id/proseed/uploads/deskripsi/71d94cdf4c7c454e22b58a20c828253b.pdf
db-vardaf,Paria,AURA PA 01D,793/Kpts/PV.240/D/12/2021,2021,sayuran/pangan semusim,404,https://perbenihanhorti.id/proseed/uploads/deskripsi/04f09341b2a995b04f2f17b4823b130f.pdf
db-vardaf,Mentimun,AURA MTA 07,794/Kpts/PV.240/D/12/2021,2021,sayuran/pangan semusim,404,https://perbenihanhorti.id/proseed/uploads/deskripsi/28df19a7f2fe6cab2f9334b0844ddf0e.pdf
db-vardaf,Kacang Panjang,YSKP117,727/Kpts/PV.240/D/10/2021,2021,sayuran/pangan semusim,404,https://perbenihanhorti.id/proseed/uploads/deskripsi/9ef677e19f2e329e4e67b0581d9353e5.pdf
db-vardaf,Pepaya,Cikita,729/Kpts/PV.240/D/10/2021,2021,sayuran/pangan semusim,404,https://perbenihanhorti.id/proseed/uploads/deskripsi/900f477986d565c9f5d95171cf8b703d.pdf
db-vardaf,Kacang Buncis,H10,725/Kpts/PV.240/D/10/2021,2021,sayuran/pangan semusim,404,https://perbenihanhorti.id/proseed/uploads/deskripsi/659c1ad719cf1f7a96b75b2bbe73ce8a.pdf
db-vardaf,Kacang Panjang,AURA KP 101013,795/Kpts/PV.240/D/12/2021,2021,sayuran/pangan semusim,404,https://perbenihanhorti.id/proseed/uploads/deskripsi/19b689ae31f0f22013cd3f465a217182.pdf
db-vardaf,Cabai Besar,BISI HP 45,732/Kpts/PV.240/D/10/2021,2021,sayuran/pangan semusim,404,https://perbenihanhorti.id/proseed/uploads/deskripsi/b7a4600a956e54960b84c98aaacccf0a.pdf
db-vardaf,Kacang Panjang,AURA KP 1034,796/Kpts/PV.240/D/12/2021,2021,sayuran/pangan semusim,404,https://perbenihanhorti.id/proseed/uploads/deskripsi/271935c60b50e4f96a0fcfc9e97d9dd7.pdf
db-vardaf,Melon,MELINDO 19,797/Kpts/PV.240/D/12/2021,2021,sayuran/pangan semusim,404,https://perbenihanhorti.id/proseed/uploads/deskripsi/e32cefc216b7c1ddef3a8504f7eb3472.pdf
db-vardaf,Melon,MELINDO 18,798/Kpts/PV.240/D/12/2021,2021,sayuran/pangan semusim,404,https://perbenihanhorti.id/proseed/uploads/deskripsi/e338f028f71ba7c9ea2d105fcfe8209f.pdf
db-vardaf,Bawang Merah,AMBASSADOR 5 AGRIHORTI,724/Kpts/PV.240/D/10/2021,2021,sayuran/pangan semusim,404,https://perbenihanhorti.id/proseed/uploads/deskripsi/5bcc32165b0f7ad40a669bec45ada7e1.pdf
db-vardaf,Bawang Merah,Ambassador 6 Agrihorti,734/Kpts/PV.240/D/10/2021,2021,sayuran/pangan semusim,404,https://perbenihanhorti.id/proseed/uploads/deskripsi/e00b6be283a954e610034d9f0d689fc2.pdf
db-vardaf,Kubis Bunga,KF CT006C,721/Kpts/PV.240/D/10/2021,2021,sayuran/pangan semusim,404,https://perbenihanhorti.id/proseed/uploads/deskripsi/9b87caa06d3ad014230ea2ca578f2005.pdf
db-vardaf,Cabai Rawit,MGT 045,501/Kpts/SR.130/D/VI/2021,2021,sayuran/pangan semusim,404,https://perbenihanhorti.id/proseed/uploads/414/2023-02/sk_cabai_rawit_mgt_045.pdf
db-vardaf,Bawang Putih,Jangkiriah Adro,341/Kpts/SR.130/D/IV/2021,2021,sayuran/pangan semusim,404,https://perbenihanhorti.id/proseed/uploads/414/2023-03/bawang_putih_jangkiriah_adro.pdf
db-vardaf,Bawang Merah,Gempita Agrihorti,760/Kpts/PV.240/D/11/2021,2021,sayuran/pangan semusim,404,https://perbenihanhorti.id/proseed/uploads/414/2023-04/sk_bawang_merah_gempita_agrihorti.pdf
db-vardaf,Bawang Bombay,Trophy,186/Kpts/SR.130/D/II/2021,2021,sayuran/pangan semusim,404,https://perbenihanhorti.id/proseed/uploads/414/2022-12/3_bawang_bomba_trophy_compressed.pdf
db-vardaf,Jagung Manis,Panglima,004/Kpts/SR.120/D.2.7/01/2020,2020,sayuran/pangan semusim,404,https://perbenihanhorti.id/proseed/uploads/deskripsi/5089.pdf
db-vardaf,Cabai Besar,Legacy,006/Kpts/SR.120/D.2.7/01/2020,2020,sayuran/pangan semusim,404,https://perbenihanhorti.id/proseed/uploads/deskripsi/5090.pdf
db-vardaf,Jagung Manis,Nero,011/Kpts/SR.120/D.2.7/01/2020,2020,sayuran/pangan semusim,404,https://perbenihanhorti.id/proseed/uploads/deskripsi/5093.pdf
db-vardaf,Melon,DC 03,014/Kpts/SR.120/D.2.7/01/2020,2020,sayuran/pangan semusim,404,https://perbenihanhorti.id/proseed/uploads/deskripsi/5094.pdf
db-vardaf,Kacang Panjang,OT 227,016/Kpts/SR.120/D.2.7/01/2020,2020,sayuran/pangan semusim,404,https://perbenihanhorti.id/proseed/uploads/deskripsi/5095.pdf
db-vardaf,Terong,TRH 08,017/Kpts/SR.120/D.2.7/01/2020,2020,sayuran/pangan semusim,404,https://perbenihanhorti.id/proseed/uploads/deskripsi/5096.pdf
db-vardaf,Bawang Daun,BO 051,020/Kpts/SR.120/D.2.7/02/2020,2020,sayuran/pangan semusim,404,https://perbenihanhorti.id/proseed/uploads/deskripsi/5097.pdf
db-vardaf,Tomat,TO 2876,022/Kpts/SR.120/D.2.7/02/2020,2020,sayuran/pangan semusim,404,https://perbenihanhorti.id/proseed/uploads/deskripsi/5098.pdf
db-vardaf,Semangka,SJ 103,024/Kpts/SR.120/D.2.7/02/2020,2020,sayuran/pangan semusim,404,https://perbenihanhorti.id/proseed/uploads/deskripsi/5099.pdf
db-vardaf,Jagung Pulut Manis,Adila,005/Kpts/SR.120/D.2.7/01/2020,2020,sayuran/pangan semusim,404,https://perbenihanhorti.id/proseed/uploads/deskripsi/5100.pdf
db-vardaf,Okra,OK 090,013/Kpts/SR.120/D.2.7/01/2020,2020,sayuran/pangan semusim,404,https://perbenihanhorti.id/proseed/uploads/deskripsi/5102.pdf
db-vardaf,Melon,TK 03,015/Kpts/SR.120/D.2.7/01/2020,2020,sayuran/pangan semusim,404,https://perbenihanhorti.id/proseed/uploads/deskripsi/5104.pdf
db-vardaf,Kacang Panjang,Janges,018/Kpts/SR.120/D.2.7/02/2020,2020,sayuran/pangan semusim,404,https://perbenihanhorti.id/proseed/uploads/deskripsi/5105.pdf
db-vardaf,Tomat,TO 2880,021/Kpts/SR.120/D.2.7/02/2020,2020,sayuran/pangan semusim,404,https://perbenihanhorti.id/proseed/uploads/deskripsi/5106.pdf
db-vardaf,Kacang Panjang,AGB KP 57,027/Kpts/SR.120/D.2.7/02/2020,2020,sayuran/pangan semusim,404,https://perbenihanhorti.id/proseed/uploads/deskripsi/5107.pdf
db-vardaf,Kacang Panjang,AGB KP 789,028/Kpts/SR.120/D.2.7/02/2020,2020,sayuran/pangan semusim,404,https://perbenihanhorti.id/proseed/uploads/deskripsi/5108.pdf
db-vardaf,Kubis Bunga,TMCF 001,030/Kpts/SR.120/D.2.7/02/2020,2020,sayuran/pangan semusim,404,https://perbenihanhorti.id/proseed/uploads/deskripsi/5109.pdf
db-vardaf,Sawi Pahit/Mustard,TM 701,031/Kpts/SR.120/D.2.7/02/2020,2020,sayuran/pangan semusim,404,https://perbenihanhorti.id/proseed/uploads/deskripsi/5110.pdf
db-vardaf,Cabai Rawit,GS401,041/Kpts/SR.120/D.2.7/03/2020,2020,sayuran/pangan semusim,404,https://perbenihanhorti.id/proseed/uploads/deskripsi/5114.pdf
db-vardaf,Jagung Manis,GS411,042/Kpts/SR.120/D.2.7/03/2020,2020,sayuran/pangan semusim,404,https://perbenihanhorti.id/proseed/uploads/deskripsi/5115.pdf
db-vardaf,Cabai Rawit,GS439,043/Kpts/SR.120/D.2.7/03/2020,2020,sayuran/pangan semusim,404,https://perbenihanhorti.id/proseed/uploads/deskripsi/5116.pdf
db-vardaf,Melon,GS454,044/Kpts/SR.120/D.2.7/03/2020,2020,sayuran/pangan semusim,404,https://perbenihanhorti.id/proseed/uploads/deskripsi/5117.pdf
db-vardaf,Mentimun,KE 1091,050/Kpts/SR.120/D.2.7/03/2020,2020,sayuran/pangan semusim,404,https://perbenihanhorti.id/proseed/uploads/deskripsi/5118.pdf
db-vardaf,Jagung Pulut Manis,HWX 01,019/Kpts/SR.120/D.2.7/02/2020,2020,sayuran/pangan semusim,404,https://perbenihanhorti.id/proseed/uploads/deskripsi/5119.pdf
db-vardaf,Semangka,SE 19870,010/Kpts/SR.120/D.2.7/01/2020,2020,sayuran/pangan semusim,404,https://perbenihanhorti.id/proseed/uploads/deskripsi/5120.pdf
db-vardaf,Tomat,Tomindo 26,012/Kpts/SR.120/D.2.7/01/2020,2020,sayuran/pangan semusim,404,https://perbenihanhorti.id/proseed/uploads/deskripsi/5121.pdf
db-vardaf,Jagung Pulut Manis,WXS17001,029/Kpts/SR.120/D.2.7/02/2020,2020,sayuran/pangan semusim,404,https://perbenihanhorti.id/proseed/uploads/deskripsi/5122.pdf
db-vardaf,Kacang Panjang,KP RP A 01,032/Kpts/SR.120/D.2.7/02/2020,2020,sayuran/pangan semusim,404,https://perbenihanhorti.id/proseed/uploads/deskripsi/5123.pdf
db-vardaf,Sawi hijau,SWBI001,053/Kpts/SR.120/D.2.7/03/2020,2020,sayuran/pangan semusim,404,https://perbenihanhorti.id/proseed/uploads/deskripsi/5125.pdf
db-vardaf,Melon,ME 119,054/Kpts/SR.120/D.2.7/03/2020,2020,sayuran/pangan semusim,404,https://perbenihanhorti.id/proseed/uploads/deskripsi/5126.pdf
db-vardaf,Jagung Pulut Manis,17LG088,058/Kpts/SR.120/D.2.7/04/2020,2020,sayuran/pangan semusim,404,https://perbenihanhorti.id/proseed/uploads/deskripsi/5127.pdf
db-vardaf,Mentimun,B 25,060/Kpts/SR.120/D.2.7/04/2020,2020,sayuran/pangan semusim,404,https://perbenihanhorti.id/proseed/uploads/deskripsi/5128.pdf
db-vardaf,Mentimun,EA2S2HR,061/Kpts/SR.120/D.2.7/04/2020,2020,sayuran/pangan semusim,404,https://perbenihanhorti.id/proseed/uploads/deskripsi/5129.pdf
db-vardaf,Melon,ME 13532,003/Kpts/SR.120/D.2.7/01/2020,2020,sayuran/pangan semusim,404,https://perbenihanhorti.id/proseed/uploads/deskripsi/5130.pdf
db-vardaf,Terong,IKSHR,066/Kpts/SR.120/D.2.7/06/2020,2020,sayuran/pangan semusim,404,https://perbenihanhorti.id/proseed/uploads/deskripsi/5131.pdf
db-vardaf,Terong,HRMT87,067/Kpts/SR.120/D.2.7/06/2020,2020,sayuran/pangan semusim,404,https://perbenihanhorti.id/proseed/uploads/deskripsi/5132.pdf
db-vardaf,Cabai Keriting,CK 426,056/Kpts/SR.120/D.2.7/03/2020,2020,sayuran/pangan semusim,404,https://perbenihanhorti.id/proseed/uploads/deskripsi/5133.pdf
db-vardaf,Melon,ME 13836,052/Kpts/SR.120/D.2.7/03/2020,2020,sayuran/pangan semusim,404,https://perbenihanhorti.id/proseed/uploads/deskripsi/5134.pdf
db-vardaf,Kacang Panjang,KPHJ 2021242,046/Kpts/SR.120/D.2.7/03/2020,2020,sayuran/pangan semusim,404,https://perbenihanhorti.id/proseed/uploads/deskripsi/5135.pdf
db-vardaf,Kacang Panjang,KPHJ 202101,045/Kpts/SR.120/D.2.7/03/2020,2020,sayuran/pangan semusim,404,https://perbenihanhorti.id/proseed/uploads/deskripsi/5136.pdf
db-vardaf,Sawi Sendok/Pak Choi,Fontana,062/Kpts/SR.120/D.2.7/04/2020,2020,sayuran/pangan semusim,404,https://perbenihanhorti.id/proseed/uploads/deskripsi/5137.pdf
db-vardaf,Tomat,TE 110N,047/Kpts/SR.120/D.2.7/03/2020,2020,sayuran/pangan semusim,404,https://perbenihanhorti.id/proseed/uploads/deskripsi/5138.pdf
db-vardaf,Kacang Panjang,KL 707,064/Kpts/SR.120/D.2.7/06/2020,2020,sayuran/pangan semusim,404,https://perbenihanhorti.id/proseed/uploads/deskripsi/5139.pdf
db-vardaf,Kacang Panjang,KL 808,065/Kpts/SR.120/D.2.7/06/2020,2020,sayuran/pangan semusim,404,https://perbenihanhorti.id/proseed/uploads/deskripsi/5140.pdf
db-vardaf,Pepaya,Orange Lady,049/Kpts/SR.120/D.2.7/03/2020,2020,sayuran/pangan semusim,404,https://perbenihanhorti.id/proseed/uploads/deskripsi/5147.pdf
db-vardaf,Cabai Rawit,CR 26280,068/Kpts/SR.120/D.2.7/07/2020,2020,sayuran/pangan semusim,404,https://perbenihanhorti.id/proseed/uploads/deskripsi/5148.pdf
db-vardaf,Jagung Manis,17LG091,072/Kpts/SR.120/D.2.7/07/2020,2020,sayuran/pangan semusim,404,https://perbenihanhorti.id/proseed/uploads/deskripsi
db-vardaf,Mentimun,TJM 213,073/Kpts/SR.120/D.2.7/07/2020,2020,sayuran/pangan semusim,404,https://perbenihanhorti.id/proseed/uploads/deskripsi/5150.pdf
db-vardaf,Kentang,Ventury Agrihorti,070/Kpts/SR.120/D.2.7/07/2020,2020,sayuran/pangan semusim,404,https://perbenihanhorti.id/proseed/uploads/deskripsi/5151.pdf
db-vardaf,Cabai Besar,Carla Agrihorti,071/Kpts/SR.120/D.2.7/07/2020,2020,sayuran/pangan semusim,404,https://perbenihanhorti.id/proseed/uploads/deskripsi/5152.pdf
db-vardaf,Sawi putih / Petsai,Wini 45,057/Kpts/SR.120/D.2.7/04/2020,2020,sayuran/pangan semusim,404,https://perbenihanhorti.id/proseed/uploads/deskripsi/5153.pdf
db-vardaf,Semangka,Marina,051/Kpts/SR.120/D.2.7/03/2020,2020,sayuran/pangan semusim,404,https://perbenihanhorti.id/proseed/uploads/deskripsi/5154.pdf
db-vardaf,Kacang Buncis,BU 987,122/Kpts/SR.130/D/VIII/2020,2020,sayuran/pangan semusim,404,https://perbenihanhorti.id/proseed/uploads/deskripsi/5155.pdf
db-vardaf,Kacang Panjang,AMKP 203,124/Kpts/SR.130/D/VIII/2020,2020,sayuran/pangan semusim,404,https://perbenihanhorti.id/proseed/uploads/deskripsi/5157.pdf
db-vardaf,Kacang Panjang,AMKP 220,125/Kpts/SR.130/D/VIII/2020,2020,sayuran/pangan semusim,404,https://perbenihanhorti.id/proseed/uploads/deskripsi/5158.pdf
db-vardaf,Semangka,SE 19647,132/Kpts/SR.130/D/VIII/2020,2020,sayuran/pangan semusim,404,https://perbenihanhorti.id/proseed/uploads/deskripsi/5159.pdf
db-vardaf,Mentimun,Stevi,129/Kpts/SR.130/D/VIII/2020,2020,sayuran/pangan semusim,404,https://perbenihanhorti.id/proseed/uploads/deskripsi/5163.pdf
db-vardaf,Tomat,IMMO,134/Kpts/SR.130/D/VIII/2020,2020,sayuran/pangan semusim,404,https://perbenihanhorti.id/proseed/uploads/deskripsi/5164.pdf
db-vardaf,Semangka,SJ 104,133/Kpts/SR.130/D/VIII/2020,2020,sayuran/pangan semusim,404,https://perbenihanhorti.id/proseed/uploads/deskripsi/5165.pdf
db-vardaf,Kacang Buncis,BCL 88,182/Kpts/SR.130/D/IX/2020,2020,sayuran/pangan semusim,404,https://perbenihanhorti.id/proseed/uploads/deskripsi/5168.pdf
db-vardaf,Kacang Buncis,YSBU 189,183/Kpts/SR.130/D/IX/2020,2020,sayuran/pangan semusim,404,https://perbenihanhorti.id/proseed/uploads/deskripsi/5169.pdf
db-vardaf,Kacang Panjang,KPRD 16,185/Kpts/SR.130/D/IX/2020,2020,sayuran/pangan semusim,404,https://perbenihanhorti.id/proseed/uploads/deskripsi/5171.pdf
db-vardaf,Kentang,Golden Agrihorti,186/Kpts/SR.130/D/IX/2020,2020,sayuran/pangan semusim,404,https://perbenihanhorti.id/proseed/uploads/deskripsi/5172.pdf
db-vardaf,Melon,ME 130,187/Kpts/SR.130/D/IX/2020,2020,sayuran/pangan semusim,404,https://perbenihanhorti.id/proseed/uploads/deskripsi/5173.pdf
db-vardaf,Melon,ME 13841,188/Kpts/SR.130/D/IX/2020,2020,sayuran/pangan semusim,404,https://perbenihanhorti.id/proseed/uploads/deskripsi/5174.pdf
db-vardaf,Mentimun,Dwita,189/Kpts/SR.130/D/IX/2020,2020,sayuran/pangan semusim,404,https://perbenihanhorti.id/proseed/uploads/deskripsi/5175.pdf
db-vardaf,Mentimun,GS343,190/Kpts/SR.130/D/IX/2020,2020,sayuran/pangan semusim,404,https://perbenihanhorti.id/proseed/uploads/deskripsi/5176.pdf
db-vardaf,Cabai Rawit,RJHL 1024,015/Kpts/SR.130/D/I/2020,2020,sayuran/pangan semusim,404,https://perbenihanhorti.id/proseed/uploads/deskripsi/5177.pdf
db-vardaf,Semangka,SE 473,016/Kpts/SR.130/D/I/2020,2020,sayuran/pangan semusim,404,https://perbenihanhorti.id/proseed/uploads/deskripsi/5178.pdf
db-vardaf,Labu,LA 322,045/Kpts/SR.130/D/III/2020,2020,sayuran/pangan semusim,404,https://perbenihanhorti.id/proseed/uploads/deskripsi/5183.pdf
db-vardaf,Kubis,KU 008,105/Kpts/SR.130/D/VII/2020,2020,sayuran/pangan semusim,404,https://perbenihanhorti.id/proseed/uploads/deskripsi/5185.pdf
db-vardaf,Cabai Keriting,CK 22,135/Kpts/SR.130/D/VIII/2020,2020,sayuran/pangan semusim,404,https://perbenihanhorti.id/proseed/uploads/deskripsi/5186.pdf
db-vardaf,Oyong / Gambas,GS345,191/Kpts/SR.130/D/IX/2020,2020,sayuran/pangan semusim,404,https://perbenihanhorti.id/proseed/uploads/deskripsi/5187.pdf
db-vardaf,Semangka,IJM01,192/Kpts/SR.130/D/IX/2020,2020,sayuran/pangan semusim,404,https://perbenihanhorti.id/proseed/uploads/deskripsi/5188.pdf
db-vardaf,Semangka,SJ105,193/Kpts/SR.130/D/IX/2020,2020,sayuran/pangan semusim,404,https://perbenihanhorti.id/proseed/uploads/deskripsi/5189.pdf
db-vardaf,Semangka,SJ106,194/Kpts/SR.130/D/IX/2020,2020,sayuran/pangan semusim,404,https://perbenihanhorti.id/proseed/uploads/deskripsi/5190.pdf
db-vardaf,Semangka,SMA 12971,195/Kpts/SR.130/D/IX/2020,2020,sayuran/pangan semusim,404,https://perbenihanhorti.id/proseed/uploads/deskripsi/5191.pdf
db-vardaf,Terong,TB 622,196/Kpts/SR.130/D/IX/2020,2020,sayuran/pangan semusim,404,https://perbenihanhorti.id/proseed/uploads/deskripsi/5192.pdf
db-vardaf,Terong,TP 944,197/Kpts/SR.130/D/IX/2020,2020,sayuran/pangan semusim,404,https://perbenihanhorti.id/proseed/uploads/deskripsi/5193.pdf
db-vardaf,Tomat,CT 155,198/Kpts/SR.130/D/IX/2020,2020,sayuran/pangan semusim,404,https://perbenihanhorti.id/proseed/uploads/deskripsi/5194.pdf
db-vardaf,Cabai Keriting,GS430,905/Kpts/SR.130/D/X/2020,2020,sayuran/pangan semusim,404,https://perbenihanhorti.id/proseed/uploads/deskripsi/bb3e66a74e420bb49f3eb994bb09e382.pdf
db-vardaf,Tomat,GS456,906/Kpts/SR.130/D/X/2020,2020,sayuran/pangan semusim,404,https://perbenihanhorti.id/proseed/uploads/deskripsi/d442d6b5fef63349fcb84e5cf6a517cf.pdf
db-vardaf,Semangka,MDK 03,908/Kpts/SR.130/D/X/2020,2020,sayuran/pangan semusim,404,https://perbenihanhorti.id/proseed/uploads/deskripsi/8dc476b728b0592db85cfc424c386000.pdf
db-vardaf,Tomat,MDK 3633,900/Kpts/SR.130/D/X/2020,2020,sayuran/pangan semusim,404,https://perbenihanhorti.id/proseed/uploads/deskripsi/9b324fe5943696c53daae409fb3f178c.pdf
db-vardaf,Semangka,SE 22037,903/Kpts/SR.130/D/X/2020,2020,sayuran/pangan semusim,404,https://perbenihanhorti.id/proseed/uploads/deskripsi/4b1a5aeda40191ffa68a009747eb88af.pdf
db-vardaf,Kemangi,KMG 01,969/Kpts/SR.130/D/XI/2020,2020,sayuran/pangan semusim,404,https://perbenihanhorti.id/proseed/uploads/deskripsi/871dc1e549d6fb07ec5b73569ddab74d.pdf
db-vardaf,Kenikir,KNK 01,971/Kpts/SR.130/D/XI/2020,2020,sayuran/pangan semusim,404,https://perbenihanhorti.id/proseed/uploads/deskripsi/e27f1a7f0cbec32862972fee897e957e.pdf
db-vardaf,Mentimun,CU ASA 118,907/Kpts/SR.130/D/X/2020,2020,sayuran/pangan semusim,404,https://perbenihanhorti.id/proseed/uploads/deskripsi/117af7b2976cace1a57e98b3c3a4a4af.pdf
db-vardaf,Kubis,Saitama,031/Kpts/SR.120/D.2.7/2/2019,2019,sayuran/pangan semusim,404,https://perbenihanhorti.id/proseed/uploads/deskripsi/4943.pdf
db-vardaf,Sawi putih / Petsai,Donyan,032/Kpts/SR.120/D.2.7/2/2019,2019,sayuran/pangan semusim,404,https://perbenihanhorti.id/proseed/uploads/deskripsi/4944.pdf
db-vardaf,Tomat,TO 0381,033/Kpts/SR.120/D.2.7/2/2019,2019,sayuran/pangan semusim,404,https://perbenihanhorti.id/proseed/uploads/deskripsi/4945.pdf
db-vardaf,Bawang Merah,GAYO,034/Kpts/SR.120/D.2.7/3/2019,2019,sayuran/pangan semusim,404,https://perbenihanhorti.id/proseed/uploads/deskripsi/4946.pdf
db-vardaf,Bayam,NOVIA,035/Kpts/SR.120/D.2.7/3/2019,2019,sayuran/pangan semusim,404,https://perbenihanhorti.id/proseed/uploads/deskripsi/4947.pdf
db-vardaf,Kacang Buncis,BU 593,036/Kpts/SR.120/D.2.7/3/2019,2019,sayuran/pangan semusim,404,https://perbenihanhorti.id/proseed/uploads/deskripsi/4948.pdf
db-vardaf,Kacang Buncis,UMARI,037/Kpts/SR.120/D.2.7/3/2019,2019,sayuran/pangan semusim,404,https://perbenihanhorti.id/proseed/uploads/deskripsi/4949.pdf
db-vardaf,Cabai Rawit,HPR 16,038/Kpts/SR.120/D.2.7/3/2019,2019,sayuran/pangan semusim,404,https://perbenihanhorti.id/proseed/uploads/deskripsi/4950.pdf
db-vardaf,Jagung Manis,HIBRIX 59,040/Kpts/SR.120/D.2.7/3/2019,2019,sayuran/pangan semusim,404,https://perbenihanhorti.id/proseed/uploads/deskripsi/4952.pdf
db-vardaf,Jagung Manis,HSC 03,041/Kpts/SR.120/D.2.7/3/2019,2019,sayuran/pangan semusim,404,https://perbenihanhorti.id/proseed/uploads/deskripsi/4953.pdf
db-vardaf,Jagung Manis,SNC 101,042/Kpts/SR.120/D.2.7/3/2019,2019,sayuran/pangan semusim,404,https://perbenihanhorti.id/proseed/uploads/deskripsi/4954.pdf
db-vardaf,Jagung Manis,SNC 102,043/Kpts/SR.120/D.2.7/3/2019,2019,sayuran/pangan semusim,404,https://perbenihanhorti.id/proseed/uploads/deskripsi/4955.pdf
db-vardaf,Jagung Pulut Manis,WC 19180,044/Kpts/SR.120/D.2.7/3/2019,2019,sayuran/pangan semusim,404,https://perbenihanhorti.id/proseed/uploads/deskripsi/4956.pdf
db-vardaf,Kacang Panjang,JALU,045/Kpts/SR.120/D.2.7/3/2019,2019,sayuran/pangan semusim,404,https://perbenihanhorti.id/proseed/uploads/deskripsi/4957.pdf
db-vardaf,Kacang Panjang,KP 116,046/Kpts/SR.120/D.2.7/3/2019,2019,sayuran/pangan semusim,404,https://perbenihanhorti.id/proseed/uploads/deskripsi/4958.pdf
db-vardaf,Kangkung,DINO,047/Kpts/SR.120/D.2.7/3/2019,2019,sayuran/pangan semusim,404,https://perbenihanhorti.id/proseed/uploads/deskripsi/4959.pdf
db-vardaf,Kangkung,KIKI,048/Kpts/SR.120/D.2.7/3/2019,2019,sayuran/pangan semusim,404,https://perbenihanhorti.id/proseed/uploads/deskripsi/4960.pdf
db-vardaf,Kubis,Red Jewel,049/Kpts/SR.120/D.2.7/3/2019,2019,sayuran/pangan semusim,404,https://perbenihanhorti.id/proseed/uploads/deskripsi/4961.pdf
db-vardaf,Mentimun,KE 972,052/Kpts/SR.120/D.2.7/3/2019,2019,sayuran/pangan semusim,404,https://perbenihanhorti.id/proseed/uploads/deskripsi/4964.pdf
db-vardaf,Cabai Paprika,DENIRO,054/Kpts/SR.120/D.2.4/3/2019,2019,sayuran/pangan semusim,404,https://perbenihanhorti.id/proseed/uploads/deskripsi/4966.pdf
db-vardaf,Paria,PA 16998,055/Kpts/SR.120/D.2.7/3/2019,2019,sayuran/pangan semusim,404,https://perbenihanhorti.id/proseed/uploads/deskripsi/4967.pdf
db-vardaf,Sawi putih / Petsai,GIWA,056/Kpts/SR.120/D.2.7/3/2019,2019,sayuran/pangan semusim,404,https://perbenihanhorti.id/proseed/uploads/deskripsi/4968.pdf
db-vardaf,Sawi Sendok/Pak Choi,AWIKI,057/Kpts/SR.120/D.2.7/3/2019,2019,sayuran/pangan semusim,404,https://perbenihanhorti.id/proseed/uploads/deskripsi/4969.pdf
db-vardaf,Semangka,SE 019,058/Kpts/SR.120/D.2.7/3/2019,2019,sayuran/pangan semusim,404,https://perbenihanhorti.id/proseed/uploads/deskripsi/4970.pdf
db-vardaf,Kentang,Papita Agrihorti,060/Kpts/SR.120/D.2.7/4/2019,2019,sayuran/pangan semusim,404,https://perbenihanhorti.id/proseed/uploads/deskripsi/4972.pdf
db-vardaf,Kubis,KANDO,061/Kpts/SR.120/D.2.7/4/2019,2019,sayuran/pangan semusim,404,https://perbenihanhorti.id/proseed/uploads/deskripsi/4973.pdf
db-vardaf,Melon,HDO 07,062/Kpts/SR.120/D.2.7/4/2019,2019,sayuran/pangan semusim,404,https://perbenihanhorti.id/proseed/uploads/deskripsi/4974.pdf
db-vardaf,Melon,LA 02,063/Kpts/SR.120/D.2.7/4/2019,2019,sayuran/pangan semusim,404,https://perbenihanhorti.id/proseed/uploads/deskripsi/4975.pdf
db-vardaf,Mentimun,ME GT 11,064/Kpts/SR.120/D.2.7/4/2019,2019,sayuran/pangan semusim,404,https://perbenihanhorti.id/proseed/uploads/deskripsi/4976.pdf
db-vardaf,Slada,BISI SL 03,065/Kpts/SR.120/D.2.7/4/2019,2019,sayuran/pangan semusim,404,https://perbenihanhorti.id/proseed/uploads/deskripsi/4977.pdf
db-vardaf,Semangka,SE GT 08,066/Kpts/SR.120/D.2.7/4/2019,2019,sayuran/pangan semusim,404,https://perbenihanhorti.id/proseed/uploads/deskripsi/4978.pdf
db-vardaf,Semangka,SE GT 31,067/Kpts/SR.120/D.2.7/4/2019,2019,sayuran/pangan semusim,404,https://perbenihanhorti.id/proseed/uploads/deskripsi/4979.pdf
db-vardaf,Terong,TB 3976,068/Kpts/SR.120/D.2.7/4/2019,2019,sayuran/pangan semusim,404,https://perbenihanhorti.id/proseed/uploads/deskripsi/4980.pdf
db-vardaf,Bawang Merah,Ambassador 2 Agrihorti,075/Kpts/SR.120/D.2.7/5/2019,2019,sayuran/pangan semusim,404,https://perbenihanhorti.id/proseed/uploads/deskripsi/4987.pdf
db-vardaf,Bawang Merah,Ambassador 3 Agrihorti,076/Kpts/SR.120/D.2.7/5/2019,2019,sayuran/pangan semusim,404,https://perbenihanhorti.id/proseed/uploads/deskripsi/4988.pdf
db-vardaf,Bayam,AM 01,077/Kpts/SR.120/D.2.7/5/2019,2019,sayuran/pangan semusim,404,https://perbenihanhorti.id/proseed/uploads/deskripsi/4989.pdf
db-vardaf,Brokoli,TMBC 001,078/Kpts/SR.120/D.2.7/5/2019,2019,sayuran/pangan semusim,404,https://perbenihanhorti.id/proseed/uploads/deskripsi/4990.pdf
db-vardaf,Kacang Buncis,H 54,079/Kpts/SR.120/D.2.7/5/2019,2019,sayuran/pangan semusim,404,https://perbenihanhorti.id/proseed/uploads/deskripsi/4991.pdf
db-vardaf,Kacang Buncis,H 93,080/Kpts/SR.120/D.2.7/5/2019,2019,sayuran/pangan semusim,404,https://perbenihanhorti.id/proseed/uploads/deskripsi/4992.pdf
db-vardaf,Cabai Keriting,Pancanaka Agrihorti,081/Kpts/SR.120/D.2.7/5/2019,2019,sayuran/pangan semusim,404,https://perbenihanhorti.id/proseed/uploads/deskripsi/4993.pdf
db-vardaf,Jagung Pulut Manis,WC 19154,082/Kpts/SR.120/D.2.7/5/2019,2019,sayuran/pangan semusim,404,https://perbenihanhorti.id/proseed/uploads/deskripsi/4994.pdf
db-vardaf,Kubis Bunga,CF 701,089/Kpts/SR.120/D.2.7/5/2019,2019,sayuran/pangan semusim,404,https://perbenihanhorti.id/proseed/uploads/deskripsi/5001.pdf
db-vardaf,Mentimun,B 40,091/Kpts/SR.120/D.2.7/5/2019,2019,sayuran/pangan semusim,404,https://perbenihanhorti.id/proseed/uploads/deskripsi/5003.pdf
db-vardaf,Mizuna,TI 120,092/Kpts/SR.120/D.2.7/5/2019,2019,sayuran/pangan semusim,404,https://perbenihanhorti.id/proseed/uploads/deskripsi/5004.pdf
db-vardaf,Cabai Paprika,Spider,093/Kpts/SR.120/D.2.7/5/2019,2019,sayuran/pangan semusim,404,https://perbenihanhorti.id/proseed/uploads/deskripsi/5005.pdf
db-vardaf,Sawi Pahit/Mustard,WASA 54,094/Kpts/SR.120/D.2.7/5/2019,2019,sayuran/pangan semusim,404,https://perbenihanhorti.id/proseed/uploads/deskripsi/5006.pdf
db-vardaf,Sawi putih / Petsai,CC 801,095/Kpts/SR.120/D.2.7/5/2019,2019,sayuran/pangan semusim,404,https://perbenihanhorti.id/proseed/uploads/deskripsi/5007.pdf
db-vardaf,Semangka,SE 18854,096/Kpts/SR.120/D.2.7/5/2019,2019,sayuran/pangan semusim,404,https://perbenihanhorti.id/proseed/uploads/deskripsi/5008.pdf
db-vardaf,Semangka,SJ102,097/Kpts/SR.120/D.2.7/5/2019,2019,sayuran/pangan semusim,404,https://perbenihanhorti.id/proseed/uploads/deskripsi/5009.pdf
db-vardaf,Terong,Money Maker No 2,098/Kpts/SR.120/D.2.7/5/2019,2019,sayuran/pangan semusim,404,https://perbenihanhorti.id/proseed/uploads/deskripsi/5010.pdf
db-vardaf,Tomat,BT 582,099/Kpts/SR.120/D.2.7/5/2019,2019,sayuran/pangan semusim,404,https://perbenihanhorti.id/proseed/uploads/deskripsi/5011.pdf
db-vardaf,Tomat,Tough Boy Fight,100/Kpts/SR.120/D.2.7/5/2019,2019,sayuran/pangan semusim,404,https://perbenihanhorti.id/proseed/uploads/deskripsi/5012.pdf
db-vardaf,Paria,PA 17725,101/Kpts/SR.120/D.2.7/6/2019,2019,sayuran/pangan semusim,404,https://perbenihanhorti.id/proseed/uploads/deskripsi/5013.pdf
db-vardaf,Melon,ME 1349,102/Kpts/SR.120/D.2.7/6/2019,2019,sayuran/pangan semusim,404,https://perbenihanhorti.id/proseed/uploads/deskripsi/5014.pdf
db-vardaf,Tomat Ceri,HMX 5797,103/Kpts/SR.120/D.2.7/6/2019,2019,sayuran/pangan semusim,404,https://perbenihanhorti.id/proseed/uploads/deskripsi/5015.pdf
db-vardaf,Bawang Merah,Ambassador 4 Agrihorti,104/Kpts/SR.120/D.2.7/6/2019,2019,sayuran/pangan semusim,404,https://perbenihanhorti.id/proseed/uploads/deskripsi/5016.pdf
db-vardaf,Mentimun,Pertiwi,108/Kpts/SR.120/D.2.7/6/2019,2019,sayuran/pangan semusim,404,https://perbenihanhorti.id/proseed/uploads/deskripsi/5020.pdf
db-vardaf,Labu,LA 114,109/Kpts/SR.120/D.2.7/6/2019,2019,sayuran/pangan semusim,404,https://perbenihanhorti.id/proseed/uploads/deskripsi/5021.pdf
db-vardaf,Bit,Crimson Globe,113/Kpts/SR.120/D.2.7/7/2019,2019,sayuran/pangan semusim,404,https://perbenihanhorti.id/proseed/uploads/deskripsi/5025.pdf
db-vardaf,Kacang Panjang,Jali Ireng,115/Kpts/SR.120/D.2.7/7/2019,2019,sayuran/pangan semusim,404,https://perbenihanhorti.id/proseed/uploads/deskripsi/5027.pdf
db-vardaf,Labu,KB 563,116/Kpts/SR.120/D.2.7/7/2019,2019,sayuran/pangan semusim,404,https://perbenihanhorti.id/proseed/uploads/deskripsi/5028.pdf
db-vardaf,Paria,PA 999,117/Kpts/SR.120/D.2.7/7/2019,2019,sayuran/pangan semusim,404,https://perbenihanhorti.id/proseed/uploads/deskripsi/5029.pdf
db-vardaf,Semangka,SNCJM01,118/Kpts/SR.120/D.2.7/7/2019,2019,sayuran/pangan semusim,404,https://perbenihanhorti.id/proseed/uploads/deskripsi/5030.pdf
db-vardaf,Semangka,SNCJM02,119/Kpts/SR.120/D.2.7/7/2019,2019,sayuran/pangan semusim,404,https://perbenihanhorti.id/proseed/uploads/deskripsi/5031.pdf
db-vardaf,Sawi Pahit/Mustard,Crystalhead,120/Kpts/SR.120/D.2.7/7/2019,2019,sayuran/pangan semusim,404,https://perbenihanhorti.id/proseed/uploads/deskripsi/5032.pdf
db-vardaf,Sawi putih / Petsai,CB 348,121/Kpts/SR.120/D.2.7/7/2019,2019,sayuran/pangan semusim,404,https://perbenihanhorti.id/proseed/uploads/deskripsi/5033.pdf
db-vardaf,Kacang Panjang,KPBI002,122/Kpts/SR.120/D.2.7/7/2019,2019,sayuran/pangan semusim,404,https://perbenihanhorti.id/proseed/uploads/deskripsi/5034.pdf
db-vardaf,Semangka,SNCJM03,123/Kpts/SR.120/D.2.7/9/2019,2019,sayuran/pangan semusim,404,https://perbenihanhorti.id/proseed/uploads/deskripsi/5036.pdf
db-vardaf,Bit,Vantage,125/Kpts/SR.120/D.2.7/9/2019,2019,sayuran/pangan semusim,404,https://perbenihanhorti.id/proseed/uploads/deskripsi/5038.pdf
db-vardaf,Semangka,Setabindo 8,126/Kpts/SR.120/D.2.7/9/2019,2019,sayuran/pangan semusim,404,https://perbenihanhorti.id/proseed/uploads/deskripsi/5039.pdf
db-vardaf,Bawang Daun,BD 2458,127/Kpts/SR.120/D.2.7/9/2019,2019,sayuran/pangan semusim,404,https://perbenihanhorti.id/proseed/uploads/deskripsi/5040.pdf
db-vardaf,Tomat,TO 93028,128/Kpts/SR.120/D.2.7/9/2019,2019,sayuran/pangan semusim,404,https://perbenihanhorti.id/proseed/uploads/deskripsi/5041.pdf
db-vardaf,Kubis,KU 30048,129/Kpts/SR.120/D.2.7/9/2019,2019,sayuran/pangan semusim,404,https://perbenihanhorti.id/proseed/uploads/deskripsi/5042.pdf
db-vardaf,Mentimun,KE 1085,130/Kpts/SR.120/D.2.7/9/2019,2019,sayuran/pangan semusim,404,https://perbenihanhorti.id/proseed/uploads/deskripsi/5043.pdf
db-vardaf,Slada,Kyrio,132/Kpts/SR.120/D.2.7/9/2019,2019,sayuran/pangan semusim,404,https://perbenihanhorti.id/proseed/uploads/deskripsi/5045.pdf
db-vardaf,Slada,Bellino,133/Kpts/SR.120/D.2.7/9/2019,2019,sayuran/pangan semusim,404,https://perbenihanhorti.id/proseed/uploads/deskripsi/5046.pdf
db-vardaf,Kacang Panjang,KP 532,134/Kpts/SR.120/D.2.7/9/2019,2019,sayuran/pangan semusim,404,https://perbenihanhorti.id/proseed/uploads/deskripsi/5047.pdf
db-vardaf,Jagung Manis,SSC 81,135/Kpts/SR.120/D.2.7/9/2019,2019,sayuran/pangan semusim,404,https://perbenihanhorti.id/proseed/uploads/deskripsi/5048.pdf
db-vardaf,Melon,TJ 10,137/Kpts/SR.120/D.2.7/10/2019,2019,sayuran/pangan semusim,404,https://perbenihanhorti.id/proseed/uploads/deskripsi/5050.pdf
db-vardaf,Cabai Keriting,HPK 163,138/Kpts/SR.120/D.2.7/10/2019,2019,sayuran/pangan semusim,404,https://perbenihanhorti.id/proseed/uploads/deskripsi/5051.pdf
db-vardaf,Cabai Keriting,MBCK 041,139/Kpts/SR.120/D.2.7/10/2019,2019,sayuran/pangan semusim,404,https://perbenihanhorti.id/proseed/uploads/deskripsi/5052.pdf
db-vardaf,Kacang Panjang,MBKP 01,140/Kpts/SR.120/D.2.7/10/2019,2019,sayuran/pangan semusim,404,https://perbenihanhorti.id/proseed/uploads/deskripsi/5053.pdf
db-vardaf,Cabai Paprika,TI 096,141/Kpts/SR.120/D.2.7/10/2019,2019,sayuran/pangan semusim,404,https://perbenihanhorti.id/proseed/uploads/deskripsi/5054.pdf
db-vardaf,Mentimun,KE 37501,142/Kpts/SR.120/D.2.7/10/2019,2019,sayuran/pangan semusim,404,https://perbenihanhorti.id/proseed/uploads/deskripsi/5055.pdf
db-vardaf,Cabai Rawit,CR 18076,143/Kpts/SR.120/D.2.7/10/2019,2019,sayuran/pangan semusim,404,https://perbenihanhorti.id/proseed/uploads/deskripsi/5056.pdf
db-vardaf,Sawi hijau,Riccoto,144/Kpts/SR.120/D.2.7/11/2019,2019,sayuran/pangan semusim,404,https://perbenihanhorti.id/proseed/uploads/deskripsi/5057.pdf
db-vardaf,Mentimun,KE 1075,145/Kpts/SR.120/D.2.7/11/2019,2019,sayuran/pangan semusim,404,https://perbenihanhorti.id/proseed/uploads/deskripsi/5058.pdf
db-vardaf,Tomat,TO 2871,146/Kpts/SR.120/D.2.7/11/2019,2019,sayuran/pangan semusim,404,https://perbenihanhorti.id/proseed/uploads/deskripsi/5059.pdf
db-vardaf,Okra,OK 060,147/Kpts/SR.120/D.2.7/11/2019,2019,sayuran/pangan semusim,404,https://perbenihanhorti.id/proseed/uploads/deskripsi/5060.pdf
db-vardaf,Jagung Manis,Misthi,148/Kpts/SR.120/D.2.7/11/2019,2019,sayuran/pangan semusim,404,https://perbenihanhorti.id/proseed/uploads/deskripsi/5061.pdf
db-vardaf,Cabai Keriting,NCH 255,149/Kpts/SR.120/D.2.7/11/2019,2019,sayuran/pangan semusim,404,https://perbenihanhorti.id/proseed/uploads/deskripsi/5062.pdf
db-vardaf,Cabai Besar,NCH 2902,150/Kpts/SR.120/D.2.7/11/2019,2019,sayuran/pangan semusim,404,https://perbenihanhorti.id/proseed/uploads/deskripsi/5063.pdf
db-vardaf,Melon,ME 634,151/Kpts/SR.120/D.2.7/11/2019,2019,sayuran/pangan semusim,404,https://perbenihanhorti.id/proseed/uploads/deskripsi/5064.pdf
db-vardaf,Melon,ME 653,152/Kpts/SR.120/D.2.7/11/2019,2019,sayuran/pangan semusim,404,https://perbenihanhorti.id/proseed/uploads/deskripsi/5065.pdf
db-vardaf,Mentimun,KE 3178,153/Kpts/SR.120/D.2.7/11/2019,2019,sayuran/pangan semusim,404,https://perbenihanhorti.id/proseed/uploads/deskripsi
db-vardaf,Cabai Besar,DEWA 66,154/Kpts/SR.120/D.2.7/11/2019,2019,sayuran/pangan semusim,404,https://perbenihanhorti.id/proseed/uploads/deskripsi/5067.pdf
db-vardaf,Cabai Keriting,Manyar,155/Kpts/SR.120/D.2.7/11/2019,2019,sayuran/pangan semusim,404,https://perbenihanhorti.id/proseed/uploads/deskripsi/5068.pdf
db-vardaf,Melon,ME 13680,156/Kpts/SR.120/D.2.7/11/2019,2019,sayuran/pangan semusim,404,https://perbenihanhorti.id/proseed/uploads/deskripsi/5069.pdf
db-vardaf,Bawang Merah,Lokana,157/Kpts/SR.120/D.2.7/11/2019,2019,sayuran/pangan semusim,404,https://perbenihanhorti.id/proseed/uploads/deskripsi/5070.pdf
db-vardaf,Paria,PA 16346,158/Kpts/SR.120/D.2.7/11/2019,2019,sayuran/pangan semusim,404,https://perbenihanhorti.id/proseed/uploads/deskripsi/5071.pdf
db-vardaf,Mentimun,KE 37496,159/Kpts/SR.120/D.2.7/11/2019,2019,sayuran/pangan semusim,404,https://perbenihanhorti.id/proseed/uploads/deskripsi/5072.pdf
db-vardaf,Jagung Manis,SSC 74,164/Kpts/SR.120/D.2.7/11/2019,2019,sayuran/pangan semusim,404,https://perbenihanhorti.id/proseed/uploads/deskripsi/5077.pdf
db-vardaf,Wortel,WO 001,165/Kpts/SR.120/D.2.4/11/2019,2019,sayuran/pangan semusim,404,https://perbenihanhorti.id/proseed/uploads/deskripsi/5078.pdf
db-vardaf,Wortel,WO 101,166/Kpts/SR.120/D.2.7/11/2019,2019,sayuran/pangan semusim,404,https://perbenihanhorti.id/proseed/uploads/deskripsi/5079.pdf
db-vardaf,Kubis,CB 901,169/Kpts/SR.120/D.2.7/12/2019,2019,sayuran/pangan semusim,404,https://perbenihanhorti.id/proseed/uploads/deskripsi/5082.pdf
db-vardaf,Melon,ME 116,170/Kpts/SR.120/D.2.7/12/2019,2019,sayuran/pangan semusim,404,https://perbenihanhorti.id/proseed/uploads/deskripsi/5083.pdf
db-vardaf,Oyong / Gambas,Lamona,171/Kpts/SR.120/D.2.7/12/2019,2019,sayuran/pangan semusim,404,https://perbenihanhorti.id/proseed/uploads/deskripsi/5084.pdf
db-vardaf,Tomat,TO 2872,174/Kpts/SR.120/D.2.7/12/2019,2019,sayuran/pangan semusim,404,https://perbenihanhorti.id/proseed/uploads/deskripsi/5086.pdf
db-vardaf,Tomat,TO 7086,175/Kpts/SR.120/D.2.7/12/2019,2019,sayuran/pangan semusim,404,https://perbenihanhorti.id/proseed/uploads/deskripsi/5087.pdf
db-vardaf,Tomat,TO 100778,176/Kpts/SR.120/D.2.7/12/2019,2019,sayuran/pangan semusim,404,https://perbenihanhorti.id/proseed/uploads/deskripsi/5088.pdf
db-vardaf,Oyong / Gambas,OY 582,172/Kpts/SR.120/D.2.7/12/2019,2019,sayuran/pangan semusim,404,https://perbenihanhorti.id/proseed/uploads/deskripsi/5103.pdf
db-vardaf,Wortel,SIDA,177/Kpts/SR.120/D.2.7/12/2019,2019,sayuran/pangan semusim,404,https://perbenihanhorti.id/proseed/uploads/deskripsi/5141.pdf
db-vardaf,Bayam,PERTIWI,001/Kpts/SR.120/D.2.7/1/2019,2019,sayuran/pangan semusim,404,https://perbenihanhorti.id/proseed/uploads/deskripsi/4911.pdf
db-vardaf,Blewah,BISI BW 02,002/Kpts/SR.120/D.2.7/1/2019,2019,sayuran/pangan semusim,404,https://perbenihanhorti.id/proseed/uploads/deskripsi/4912.pdf
db-vardaf,Cabai Besar,CB 77451,003/Kpts/SR.120/D.2.7/1/2019,2019,sayuran/pangan semusim,404,https://perbenihanhorti.id/proseed/uploads/deskripsi/4915.pdf
db-vardaf,Cabai Rawit,CRV 212,005/Kpts/SR.120/D.2.7/1/2019,2019,sayuran/pangan semusim,404,https://perbenihanhorti.id/proseed/uploads/deskripsi/4917.pdf
db-vardaf,Jagung Manis,14LS006,006/Kpts/SR.120/D.2.7/1/2019,2019,sayuran/pangan semusim,404,https://perbenihanhorti.id/proseed/uploads/deskripsi/4918.pdf
db-vardaf,Jagung Manis,16LS001,007/Kpts/SR.120/D.2.7/1/2019,2019,sayuran/pangan semusim,404,https://perbenihanhorti.id/proseed/uploads/deskripsi/4919.pdf
db-vardaf,Jagung Manis,16LS002,008/Kpts/SR.120/D.2.7/1/2019,2019,sayuran/pangan semusim,404,https://perbenihanhorti.id/proseed/uploads/deskripsi/4920.pdf
db-vardaf,Jagung Manis,Brawijaya Sweet 01,009/Kpts/SR.120/D.2.7/1/2019,2019,sayuran/pangan semusim,404,https://perbenihanhorti.id/proseed/uploads/deskripsi/4921.pdf
db-vardaf,Jagung Manis,Brawijaya Sweet 02,010/Kpts/SR.120/D.2.7/1/2019,2019,sayuran/pangan semusim,404,https://perbenihanhorti.id/proseed/uploads/deskripsi/4922.pdf
db-vardaf,Jagung Manis,SC 9731,011/Kpts/SR.120/D.2.7/1/2019,2019,sayuran/pangan semusim,404,https://perbenihanhorti.id/proseed/uploads/deskripsi/4923.pdf
db-vardaf,Kacang Panjang,Black Seed,014/Kpts/SR.120/D.2.7/1/2019,2019,sayuran/pangan semusim,404,https://perbenihanhorti.id/proseed/uploads/deskripsi/4926.pdf
db-vardaf,Kacang Panjang,KP 11333,015/Kpts/SR.120/D.2.7/1/2019,2019,sayuran/pangan semusim,404,https://perbenihanhorti.id/proseed/uploads/deskripsi/4927.pdf
db-vardaf,Kacang Panjang,OT 28,016/Kpts/SR.120/D.2.7/1/2019,2019,sayuran/pangan semusim,404,https://perbenihanhorti.id/proseed/uploads/deskripsi/4928.pdf
db-vardaf,Kacang Panjang,OT 57,017/Kpts/SR.120/D.2.7/1/2019,2019,sayuran/pangan semusim,404,https://perbenihanhorti.id/proseed/uploads/deskripsi/4929.pdf
db-vardaf,Kacang Panjang,OT 202,018/Kpts/SR.120/D.2.7/1/2019,2019,sayuran/pangan semusim,404,https://perbenihanhorti.id/proseed/uploads/deskripsi/4930.pdf
db-vardaf,Kentang,IPB CP 1,019/Kpts/SR.120/D.2.7/1/2019,2019,sayuran/pangan semusim,404,https://perbenihanhorti.id/proseed/uploads/deskripsi/4931.pdf
db-vardaf,Krai,BISI KR 01,020/Kpts/SR.120/D.2.7/1/2019,2019,sayuran/pangan semusim,404,https://perbenihanhorti.id/proseed/uploads/deskripsi/4932.pdf
db-vardaf,Paria,PAR 26,021/Kpts/SR.120/D.2.7/1/2019,2019,sayuran/pangan semusim,404,https://perbenihanhorti.id/proseed/uploads/deskripsi/4933.pdf
db-vardaf,Sawi hijau,Olive 71,023/Kpts/SR.120/D.2.7/1/2019,2019,sayuran/pangan semusim,404,https://perbenihanhorti.id/proseed/uploads/deskripsi/4935.pdf
db-vardaf,Sawi Pahit/Mustard,Mustika 99,024/Kpts/SR.120/D.2.7/1/2019,2019,sayuran/pangan semusim,404,https://perbenihanhorti.id/proseed/uploads/deskripsi/4936.pdf
db-vardaf,Semangka,SJ 101,025/Kpts/SR.120/D.2.7/1/2019,2019,sayuran/pangan semusim,404,https://perbenihanhorti.id/proseed/uploads/deskripsi/4937.pdf
db-vardaf,Tomat,TO 93385,026/Kpts/SR.120/D.2.7/1/2019,2019,sayuran/pangan semusim,404,https://perbenihanhorti.id/proseed/uploads/deskripsi/4938.pdf
db-vardaf,Cabai Keriting,CK 2016,029/Kpts/SR.120/D.2.7/2/2019,2019,sayuran/pangan semusim,404,https://perbenihanhorti.id/proseed/uploads/deskripsi/4941.pdf
db-vardaf,Kubis Bunga,KF 9491,030/Kpts/SR.120/D.2.7/2/2019,2019,sayuran/pangan semusim,404,https://perbenihanhorti.id/proseed/uploads/deskripsi/4942.pdf
db-vardaf,Mentimun,TIMUNDO 25,111/Kpts/SR.120/D.2.7/10/2018,2018,sayuran/pangan semusim,404,https://perbenihanhorti.id/proseed/uploads/deskripsi/4892.pdf
db-vardaf,Tomat,TO 83615,112/Kpts/SR.120/D.2.7/10/2018,2018,sayuran/pangan semusim,404,https://perbenihanhorti.id/proseed/uploads/deskripsi/4893.pdf
db-vardaf,Bawang Merah,AMBASSADOR 1 AGRIHORTI,113/Kpts/SR.120/D.2.7/11/2018,2018,sayuran/pangan semusim,404,https://perbenihanhorti.id/proseed/uploads/deskripsi/4894.pdf
db-vardaf,Cabai Rawit,MBCR 03,114/Kpts/SR.120/D.2.7/11/2018,2018,sayuran/pangan semusim,404,https://perbenihanhorti.id/proseed/uploads/deskripsi/4895.pdf
db-vardaf,Jagung Manis,RS 01,115/Kpts/SR.120/D.2.7/11/2018,2018,sayuran/pangan semusim,404,https://perbenihanhorti.id/proseed/uploads/deskripsi/4896.pdf
db-vardaf,Jagung Pulut Manis,KABARET,116/Kpts/SR.120/D.2.7/11/2018,2018,sayuran/pangan semusim,404,https://perbenihanhorti.id/proseed/uploads/deskripsi/4897.pdf
db-vardaf,Kacang Panjang,OT 222,117/Kpts/SR.120/D.2.7/11/2018,2018,sayuran/pangan semusim,404,https://perbenihanhorti.id/proseed/uploads/deskripsi/4898.pdf
db-vardaf,Kubis,TRENDY,118/Kpts/SR.120/D.2.7/11/2018,2018,sayuran/pangan semusim,404,https://perbenihanhorti.id/proseed/uploads/deskripsi/4899.pdf
db-vardaf,Mentimun,B 017,119/Kpts/SR.120/D.2.7/11/2018,2018,sayuran/pangan semusim,404,https://perbenihanhorti.id/proseed/uploads/deskripsi/4900.pdf
db-vardaf,Mentimun,MBTM 03,120/Kpts/SR.120/D.2.7/11/2018,2018,sayuran/pangan semusim,404,https://perbenihanhorti.id/proseed/uploads/deskripsi/4901.pdf
db-vardaf,Sawi hijau,GS 43,121/Kpts/SR.120/D.2.7/11/2018,2018,sayuran/pangan semusim,404,https://perbenihanhorti.id/proseed/uploads/deskripsi/4902.pdf
db-vardaf,Terong,MBTR 02,122/Kpts/SR.120/D.2.7/11/2018,2018,sayuran/pangan semusim,404,https://perbenihanhorti.id/proseed/uploads/deskripsi/4903.pdf
db-vardaf,Kacang Panjang,KP 117,124/Kpts/SR.120/D.2.7/12/2018,2018,sayuran/pangan semusim,404,https://perbenihanhorti.id/proseed/uploads/deskripsi/4905.pdf
db-vardaf,Melon,GULLY,126/Kpts/SR.120/D.2.7/12/2018,2018,sayuran/pangan semusim,404,https://perbenihanhorti.id/proseed/uploads/deskripsi/4907.pdf
db-vardaf,Sawi putih / Petsai,ROLEXO,127/Kpts/SR.120/D.2.7/12/2018,2018,sayuran/pangan semusim,404,https://perbenihanhorti.id/proseed/uploads/deskripsi/4908.pdf
db-vardaf,Sawi putih / Petsai,TYCOON,128/Kpts/SR.120/D.2.7/12/2018,2018,sayuran/pangan semusim,404,https://perbenihanhorti.id/proseed/uploads/deskripsi/4909.pdf
db-vardaf,Terong,TP 20964,129/Kpts/SR.120/D.2.7/12/2018,2018,sayuran/pangan semusim,404,https://perbenihanhorti.id/proseed/uploads/deskripsi/4910.pdf
db-vardaf,Kacang Buncis,BU 6457,061/Kpts/SR.120/D.2.7/6/2018,2018,sayuran/pangan semusim,404,https://perbenihanhorti.id/proseed/uploads/deskripsi/4839.pdf
db-vardaf,Bawang Merah,Srikayang,002/Kpts/SR.120/D.2.7/1/2018,2018,sayuran/pangan semusim,404,https://perbenihanhorti.id/proseed/uploads/deskripsi/4780.pdf
db-vardaf,Cabai Keriting,CABAI KERITING 10818,003/Kpts/SR.120/D.2.7/1/2018,2018,sayuran/pangan semusim,404,https://perbenihanhorti.id/proseed/uploads/deskripsi/4781.pdf
db-vardaf,Cabai Rawit,CF 3254,004/Kpts/SR.120/D.2.7/1/2018,2018,sayuran/pangan semusim,404,https://perbenihanhorti.id/proseed/uploads/deskripsi/4782.pdf
db-vardaf,Labu Air,LA 087,005/Kpts/SR.120/D.2.7/1/2018,2018,sayuran/pangan semusim,404,https://perbenihanhorti.id/proseed/uploads/deskripsi/4783.pdf
db-vardaf,Labu Air,LA 100,006/Kpts/SR.120/D.2.7/1/2018,2018,sayuran/pangan semusim,404,https://perbenihanhorti.id/proseed/uploads/deskripsi/4784.pdf
db-vardaf,Melon,MELON 06139,007/Kpts/SR.120/D.2.7/1/2018,2018,sayuran/pangan semusim,404,https://perbenihanhorti.id/proseed/uploads/deskripsi/4785.pdf
db-vardaf,Melon,MELON 06143,008/Kpts/SR.120/D.2.7/1/2018,2018,sayuran/pangan semusim,404,https://perbenihanhorti.id/proseed/uploads/deskripsi/4786.pdf
db-vardaf,Oyong / Gambas,OYONG 09278,009/Kpts/SR.120/D.2.7/1/2018,2018,sayuran/pangan semusim,404,https://perbenihanhorti.id/proseed/uploads/deskripsi/4787.pdf
db-vardaf,Oyong / Gambas,OYONG 09558,010/Kpts/SR.120/D.2.7/1/2018,2018,sayuran/pangan semusim,404,https://perbenihanhorti.id/proseed/uploads/deskripsi/4788.pdf
db-vardaf,Seledri,CE 187,011/Kpts/SR.120/D.2.7/1/2018,2018,sayuran/pangan semusim,404,https://perbenihanhorti.id/proseed/uploads/deskripsi/4789.pdf
db-vardaf,Tomat,TO 01533,012/Kpts/SR.120/D.2.7/1/2018,2018,sayuran/pangan semusim,404,https://perbenihanhorti.id/proseed/uploads/deskripsi/4790.pdf
db-vardaf,Kangkung,KR 121,013/Kpts/SR.120/D.2.7/2/2018,2018,sayuran/pangan semusim,404,https://perbenihanhorti.id/proseed/uploads/deskripsi/4791.pdf
db-vardaf,Semangka,Unipolar,014/Kpts/SR.120/D.2.7/2/2018,2018,sayuran/pangan semusim,404,https://perbenihanhorti.id/proseed/uploads/deskripsi/4792.pdf
db-vardaf,Cabai Keriting,Jodha,015/Kpts/SR.120/D.2.7/3/2018,2018,sayuran/pangan semusim,404,https://perbenihanhorti.id/proseed/uploads/deskripsi/4793.pdf
db-vardaf,Cabai Keriting,ONE0401,016/Kpts/SR.120/D.2.7/3/2018,2018,sayuran/pangan semusim,404,https://perbenihanhorti.id/proseed/uploads/deskripsi/4794.pdf
db-vardaf,Cabai Keriting,Rampalis 345,017/Kpts/SR.120/D.2.7/3/2018,2018,sayuran/pangan semusim,404,https://perbenihanhorti.id/proseed/uploads/deskripsi/4795.pdf
db-vardaf,Cabai Rawit,AFN CR01,018/Kpts/SR.120/D.2.7/3/2018,2018,sayuran/pangan semusim,404,https://perbenihanhorti.id/proseed/uploads/deskripsi/4796.pdf
db-vardaf,Cabai Rawit,MBCR 01,019/Kpts/SR.120/D.2.7/3/2018,2018,sayuran/pangan semusim,404,https://perbenihanhorti.id/proseed/uploads/deskripsi/4797.pdf
db-vardaf,Cabai Rawit,MBCR 02,020/Kpts/SR.120/D.2.7/3/2018,2018,sayuran/pangan semusim,404,https://perbenihanhorti.id/proseed/uploads/deskripsi/4798.pdf
db-vardaf,Cabai Rawit,Robin,021/Kpts/SR.120/D.2.7/3/2018,2018,sayuran/pangan semusim,404,https://perbenihanhorti.id/proseed/uploads/deskripsi/4799.pdf
db-vardaf,Jagung Manis,Ponton,022/Kpts/SR.120/D.2.7/3/2018,2018,sayuran/pangan semusim,404,https://perbenihanhorti.id/proseed/uploads/deskripsi/4800.pdf
db-vardaf,Kacang Panjang,KP 602,023/Kpts/SR.120/D.2.7/3/2018,2018,sayuran/pangan semusim,404,https://perbenihanhorti.id/proseed/uploads/deskripsi/4801.pdf
db-vardaf,Kacang Panjang,ONE212,024/Kpts/SR.120/D.2.7/3/2018,2018,sayuran/pangan semusim,404,https://perbenihanhorti.id/proseed/uploads/deskripsi/4802.pdf
db-vardaf,Kailan,KL 69,025/Kpts/SR.120/D.2.7/3/2018,2018,sayuran/pangan semusim,404,https://perbenihanhorti.id/proseed/uploads/deskripsi/4803.pdf
db-vardaf,Melon,Glory,026/Kpts/SR.120/D.2.7/3/2018,2018,sayuran/pangan semusim,404,https://perbenihanhorti.id/proseed/uploads/deskripsi/4804.pdf
db-vardaf,Mentimun,MBTM 01 B,027/Kpts/SR.120/D.2.7/3/2018,2018,sayuran/pangan semusim,404,https://perbenihanhorti.id/proseed/uploads/deskripsi/4805.pdf
db-vardaf,Mentimun,MRPA 17,028/Kpts/SR.120/D.2.7/3/2018,2018,sayuran/pangan semusim,404,https://perbenihanhorti.id/proseed/uploads/deskripsi/4806.pdf
db-vardaf,Mentimun,MRPA 26,029/Kpts/SR.120/D.2.7/3/2018,2018,sayuran/pangan semusim,404,https://perbenihanhorti.id/proseed/uploads/deskripsi/4807.pdf
db-vardaf,Sawi Sendok/Pak Choi,PK 123,030/Kpts/SR.120/D.2.7/3/2018,2018,sayuran/pangan semusim,404,https://perbenihanhorti.id/proseed/uploads/deskripsi/4808.pdf
db-vardaf,Pare Belut,BISI PB 01,031/Kpts/SR.120/D.2.7/3/2018,2018,sayuran/pangan semusim,404,https://perbenihanhorti.id/proseed/uploads/deskripsi/4809.pdf
db-vardaf,Terong,TP 21724,033/Kpts/SR.120/D.2.7/3/2018,2018,sayuran/pangan semusim,404,https://perbenihanhorti.id/proseed/uploads/deskripsi/4811.pdf
db-vardaf,Tomat,Anna 165,034/Kpts/SR.120/D.2.7/3/2018,2018,sayuran/pangan semusim,404,https://perbenihanhorti.id/proseed/uploads/deskripsi/4812.pdf
db-vardaf,Tomat,TO RPA 02,035/Kpts/SR.120/D.2.7/3/2018,2018,sayuran/pangan semusim,404,https://perbenihanhorti.id/proseed/uploads/deskripsi/4813.pdf
db-vardaf,Jagung Pulut Manis,Pertiwi,036/Kpts/SR.120/D.2.7/3/2018,2018,sayuran/pangan semusim,404,https://perbenihanhorti.id/proseed/uploads/deskripsi/4814.pdf
db-vardaf,Bawang Merah,MASERATI,037/Kpts/SR.120/D.2.7/4/2018,2018,sayuran/pangan semusim,404,https://perbenihanhorti.id/proseed/uploads/deskripsi/4815.pdf
db-vardaf,Bawang Merah,VIOLETTA 2 AGRIHORTI,038/Kpts/SR.120/D.2.7/4/2018,2018,sayuran/pangan semusim,404,https://perbenihanhorti.id/proseed/uploads/deskripsi/4816.pdf
db-vardaf,Kacang Ercis,BERASTAGI,040/Kpts/SR.120/D.2.7/4/2018,2018,sayuran/pangan semusim,404,https://perbenihanhorti.id/proseed/uploads/deskripsi/4818.pdf
db-vardaf,Melon,MBME 02,042/Kpts/SR.120/D.2.7/4/2018,2018,sayuran/pangan semusim,404,https://perbenihanhorti.id/proseed/uploads/deskripsi/4820.pdf
db-vardaf,Paria,C 100,045/Kpts/SR.120/D.2.7/4/2018,2018,sayuran/pangan semusim,404,https://perbenihanhorti.id/proseed/uploads/deskripsi/4823.pdf
db-vardaf,Paria,LISA,046/Kpts/SR.120/D.2.7/4/2018,2018,sayuran/pangan semusim,404,https://perbenihanhorti.id/proseed/uploads/deskripsi/4824.pdf
db-vardaf,Terong,MBTR 01,047/Kpts/SR.120/D.2.7/4/2018,2018,sayuran/pangan semusim,404,https://perbenihanhorti.id/proseed/uploads/deskripsi/4825.pdf
db-vardaf,Tomat,TO 540,048/Kpts/SR.120/D.2.7/4/2018,2018,sayuran/pangan semusim,404,https://perbenihanhorti.id/proseed/uploads/deskripsi/4826.pdf
db-vardaf,Wortel,GUNDALING,049/Kpts/SR.120/D.2.7/4/2018,2018,sayuran/pangan semusim,404,https://perbenihanhorti.id/proseed/uploads/deskripsi/4827.pdf
db-vardaf,Bawang Merah,VIOLETTA 3 AGRIHORTI,050/Kpts/SR.120/D.2.7/5/2018,2018,sayuran/pangan semusim,404,https://perbenihanhorti.id/proseed/uploads/deskripsi/4828.pdf
db-vardaf,Cabai Besar,CARVI AGRIHORTI,051/Kpts/SR.120/D.2.7/5/2018,2018,sayuran/pangan semusim,404,https://perbenihanhorti.id/proseed/uploads/deskripsi/4829.pdf
db-vardaf,Cabai Keriting,SAMIDO 341,052/Kpts/SR.120/D.2.7/5/2018,2018,sayuran/pangan semusim,404,https://perbenihanhorti.id/proseed/uploads/deskripsi/4830.pdf
db-vardaf,Pare Belut,BISI PB 02,055/Kpts/SR.120/D.2.7/5/2018,2018,sayuran/pangan semusim,404,https://perbenihanhorti.id/proseed/uploads/deskripsi/4833.pdf
db-vardaf,Semangka,DEV 1,057/Kpts/SR.120/D.2.7/5/2018,2018,sayuran/pangan semusim,404,https://perbenihanhorti.id/proseed/uploads/deskripsi/4835.pdf
db-vardaf,Semangka,HOKKYNA 1,058/Kpts/SR.120/D.2.7/5/2018,2018,sayuran/pangan semusim,404,https://perbenihanhorti.id/proseed/uploads/deskripsi/4836.pdf
db-vardaf,Tomat,ARTANA 428,059/Kpts/SR.120/D.2.7/5/2018,2018,sayuran/pangan semusim,404,https://perbenihanhorti.id/proseed/uploads/deskripsi/4837.pdf
db-vardaf,Tomat,TOMINDO 24,060/Kpts/SR.120/D.2.7/5/2018,2018,sayuran/pangan semusim,404,https://perbenihanhorti.id/proseed/uploads/deskripsi/4838.pdf
db-vardaf,Cabai Rawit,CRT 2241,062/Kpts/SR.120/D.2.7/5/2018,2018,sayuran/pangan semusim,404,https://perbenihanhorti.id/proseed/uploads/deskripsi/4840.pdf
db-vardaf,Cabai Rawit,PANGESTU,063/Kpts/SR.120/D.2.7/6/2018,2018,sayuran/pangan semusim,404,https://perbenihanhorti.id/proseed/uploads/deskripsi/4841.pdf
db-vardaf,Cabai Rawit,RATUNI UNPAD,064/Kpts/SR.120/D.2.7/6/2018,2018,sayuran/pangan semusim,404,https://perbenihanhorti.id/proseed/uploads/deskripsi/4842.pdf
db-vardaf,Cabai Rawit,TETRA HIJAU,065/Kpts/SR.120/D.2.7/6/2018,2018,sayuran/pangan semusim,404,https://perbenihanhorti.id/proseed/uploads/deskripsi/4843.pdf
db-vardaf,Melon,HME 216,067/Kpts/SR.120/D.2.7/6/2018,2018,sayuran/pangan semusim,404,https://perbenihanhorti.id/proseed/uploads/deskripsi/4845.pdf
db-vardaf,Mentimun,ROMANSA,068/Kpts/SR.120/D.2.7/6/2018,2018,sayuran/pangan semusim,404,https://perbenihanhorti.id/proseed/uploads/deskripsi/4846.pdf
db-vardaf,Mentimun,TL 3312,069/Kpts/SR.120/D.2.7/6/2018,2018,sayuran/pangan semusim,404,https://perbenihanhorti.id/proseed/uploads/deskripsi/4847.pdf
db-vardaf,Oyong / Gambas,OY 2745,070/Kpts/SR.120/D.2.7/6/2018,2018,sayuran/pangan semusim,404,https://perbenihanhorti.id/proseed/uploads/deskripsi/4848.pdf
db-vardaf,Cabai Paprika,AFN PM 01,071/Kpts/SR.120/D.2.7/6/2018,2018,sayuran/pangan semusim,404,https://perbenihanhorti.id/proseed/uploads/deskripsi/4849.pdf
db-vardaf,Blewah,BL 896,073/Kpts/SR.120/D.2.7/7/2018,2018,sayuran/pangan semusim,404,https://perbenihanhorti.id/proseed/uploads/deskripsi/4851.pdf
db-vardaf,Cabai Rawit,ROJO,074/Kpts/SR.120/D.2.7/7/2018,2018,sayuran/pangan semusim,404,https://perbenihanhorti.id/proseed/uploads/deskripsi/4852.pdf
db-vardaf,Kentang,SPUDY AGRIHORTI,077/Kpts/SR.120/D.2.7/7/2018,2018,sayuran/pangan semusim,404,https://perbenihanhorti.id/proseed/uploads/deskripsi/4855.pdf
db-vardaf,Seledri,CUT GREEN,081/Kpts/SR.120/D.2.7/7/2018,2018,sayuran/pangan semusim,404,https://perbenihanhorti.id/proseed/uploads/deskripsi/4859.pdf
db-vardaf,Semangka,SKW 27,082/Kpts/SR.120/D.2.7/7/2018,2018,sayuran/pangan semusim,404,https://perbenihanhorti.id/proseed/uploads/deskripsi/4860.pdf
db-vardaf,Zukini,BISI ZU 03,083/Kpts/SR.120/D.2.7/7/2018,2018,sayuran/pangan semusim,404,https://perbenihanhorti.id/proseed/uploads/deskripsi/4861.pdf
db-vardaf,Zukini,ZU 301,084/Kpts/SR.120/D.2.7/7/2018,2018,sayuran/pangan semusim,404,https://perbenihanhorti.id/proseed/uploads/deskripsi/4862.pdf
db-vardaf,Bawang Merah,TROPIX,085/Kpts/SR.120/D.2.7/9/2018,2018,sayuran/pangan semusim,404,https://perbenihanhorti.id/proseed/uploads/deskripsi/4863.pdf
db-vardaf,Jagung Manis,MBJM 01,086/Kpts/SR.120/D.2.7/9/2018,2018,sayuran/pangan semusim,404,https://perbenihanhorti.id/proseed/uploads/deskripsi/4864.pdf
db-vardaf,Jagung Pulut Manis,SEJOLI,087/Kpts/SR.120/D.2.7/9/2018,2018,sayuran/pangan semusim,404,https://perbenihanhorti.id/proseed/uploads/deskripsi/4865.pdf
db-vardaf,Kacang Panjang,KINTAN,088/Kpts/SR.120/D.2.7/9/2018,2018,sayuran/pangan semusim,404,https://perbenihanhorti.id/proseed/uploads/deskripsi/4866.pdf
db-vardaf,Melon,ME 2049,089/Kpts/SR.120/D.2.7/9/2018,2018,sayuran/pangan semusim,404,https://perbenihanhorti.id/proseed/uploads/deskripsi/4867.pdf
db-vardaf,Mentimun,KE 36761,090/Kpts/SR.120/D.2.7/9/2018,2018,sayuran/pangan semusim,404,https://perbenihanhorti.id/proseed/uploads/deskripsi/4868.pdf
db-vardaf,Cabai Paprika,SAMSHON,091/Kpts/SR.120/D.2.7/9/2018,2018,sayuran/pangan semusim,404,https://perbenihanhorti.id/proseed/uploads/deskripsi/4869.pdf
db-vardaf,Sawi hijau,NARA,092/Kpts/SR.120/D.2.7/9/2018,2018,sayuran/pangan semusim,404,https://perbenihanhorti.id/proseed/uploads/deskripsi/4870.pdf
db-vardaf,Spinach,MOZART,093/Kpts/SR.120/D.2.7/9/2018,2018,sayuran/pangan semusim,404,https://perbenihanhorti.id/proseed/uploads/deskripsi/4871.pdf
db-vardaf,Terong,TP 777,094/Kpts/SR.120/D.2.7/9/2018,2018,sayuran/pangan semusim,404,https://perbenihanhorti.id/proseed/uploads/deskripsi/4872.pdf
db-vardaf,Terong,TP 782,095/Kpts/SR.120/D.2.7/9/2018,2018,sayuran/pangan semusim,404,https://perbenihanhorti.id/proseed/uploads/deskripsi/4873.pdf
db-vardaf,Terong,TP 813,096/Kpts/SR.120/D.2.7/9/2018,2018,sayuran/pangan semusim,404,https://perbenihanhorti.id/proseed/uploads/deskripsi/4874.pdf
db-vardaf,Bawang Daun,TOKYO NATSUGURO NO 2,097/Kpts/SR.120/D.2.7/9/2018,2018,sayuran/pangan semusim,404,https://perbenihanhorti.id/proseed/uploads/deskripsi/4875.pdf
db-vardaf,Kacang Buncis,BISI BC 07,098/Kpts/SR.120/D.2.7/9/2018,2018,sayuran/pangan semusim,404,https://perbenihanhorti.id/proseed/uploads/deskripsi/4876.pdf
db-vardaf,Cabai Keriting,CK 9907,099/Kpts/SR.120/D.2.7/9/2018,2018,sayuran/pangan semusim,404,https://perbenihanhorti.id/proseed/uploads/deskripsi/4877.pdf
db-vardaf,Jagung Pulut Manis,Simba,101/Kpts/SR.120/D.2.7/9/2018,2018,sayuran/pangan semusim,404,https://perbenihanhorti.id/proseed/uploads/deskripsi/4880.pdf
db-vardaf,Melon,Merlion,102/Kpts/SR.120/D.2.7/9/2018,2018,sayuran/pangan semusim,404,https://perbenihanhorti.id/proseed/uploads/deskripsi/4881.pdf
db-vardaf,Mentimun,KE 36138,103/Kpts/SR.120/D.2.7/9/2018,2018,sayuran/pangan semusim,404,https://perbenihanhorti.id/proseed/uploads/deskripsi/4884.pdf
db-vardaf,Mentimun,Maya,104/Kpts/SR.120/D.2.7/9/2018,2018,sayuran/pangan semusim,404,https://perbenihanhorti.id/proseed/uploads/deskripsi/4885.pdf
db-vardaf,Mentimun,TR 3153,105/Kpts/SR.120/D.2.7/9/2018,2018,sayuran/pangan semusim,404,https://perbenihanhorti.id/proseed/uploads/deskripsi/4886.pdf
db-vardaf,Semangka,AG 28,106/Kpts/SR.120/D.2.7/9/2019,2018,sayuran/pangan semusim,404,https://perbenihanhorti.id/proseed/uploads/deskripsi/4887.pdf
db-vardaf,Tomat,TV 1574,107/Kpts/SR.120/D.2.7/9/2018,2018,sayuran/pangan semusim,404,https://perbenihanhorti.id/proseed/uploads/deskripsi/4888.pdf
db-vardaf,Jagung Manis,MIRA,108/Kpts/SR.120/D.2.7/10/2018,2018,sayuran/pangan semusim,404,https://perbenihanhorti.id/proseed/uploads/deskripsi/4889.pdf
db-vardaf,Jagung Manis,SATYA,109/Kpts/SR.120/D.2.7/10/2018,2018,sayuran/pangan semusim,404,https://perbenihanhorti.id/proseed/uploads/deskripsi/4890.pdf
db-vardaf,Kubis,RUBY PFN,110/Kpts/SR.120/D.2.7/10/2018,2018,sayuran/pangan semusim,404,https://perbenihanhorti.id/proseed/uploads/deskripsi/4891.pdf
db-vardaf,Bawang Merah,Violetta 1 Agrihorti,001/Kpts/SR.120/D.2.7/1/2017,2017,sayuran/pangan semusim,404,https://perbenihanhorti.id/proseed/uploads/deskripsi/4646.pdf
db-vardaf,Cabai Besar,Inata Agrihorti,002/Kpts/SR.120/D.2.7/1/2017,2017,sayuran/pangan semusim,404,https://perbenihanhorti.id/proseed/uploads/deskripsi/4647.pdf
db-vardaf,Kacang Panjang,AA 0611,006/Kpts/SR.120/D.2.7/1/2017,2017,sayuran/pangan semusim,404,https://perbenihanhorti.id/proseed/uploads/deskripsi/4651.pdf
db-vardaf,Mentimun,MGKE 701,007/Kpts/SR.120/D.2.7/1/2017,2017,sayuran/pangan semusim,404,https://perbenihanhorti.id/proseed/uploads/deskripsi/4652.pdf
db-vardaf,Pepaya,Dapina Agrihorti,008/Kpts/SR.120/D.2.7/1/2017,2017,sayuran/pangan semusim,404,https://perbenihanhorti.id/proseed/uploads/deskripsi/4653.pdf
db-vardaf,Tomat,New Profit,009/Kpts/SR.120/D.2.7/1/2017,2017,sayuran/pangan semusim,404,https://perbenihanhorti.id/proseed/uploads/deskripsi/4654.pdf
db-vardaf,Tomat,Nurani,010/Kpts/SR.120/D.2.7/1/2017,2017,sayuran/pangan semusim,404,https://perbenihanhorti.id/proseed/uploads/deskripsi/4655.pdf
db-vardaf,Tomat,TOM 01,011/Kpts/SR.120/D.2.7/1/2017,2017,sayuran/pangan semusim,404,https://perbenihanhorti.id/proseed/uploads/deskripsi/4656.pdf
db-vardaf,Tomat,Diamona,016/Kpts/SR.120/D.2.7/2/2017,2017,sayuran/pangan semusim,404,https://perbenihanhorti.id/proseed/uploads/deskripsi/4661.pdf
db-vardaf,Brokoli,BL 12001,017/Kpts/SR.120/D.2.7/3/2017,2017,sayuran/pangan semusim,404,https://perbenihanhorti.id/proseed/uploads/deskripsi/4662.pdf
db-vardaf,Brokoli,BL 14001,018/KPts/SR.120/D.2.7/3/2017,2017,sayuran/pangan semusim,404,https://perbenihanhorti.id/proseed/uploads/deskripsi/4663.pdf
db-vardaf,Cabai Besar,BISI HP 36,019/Kpts/SR.120/D.2.7/3/2017,2017,sayuran/pangan semusim,404,https://perbenihanhorti.id/proseed/uploads/deskripsi/4664.pdf
db-vardaf,Cabai Keriting,MGCK 501,020/Kpts/SR.120/D.2.7/3/2017,2017,sayuran/pangan semusim,404,https://perbenihanhorti.id/proseed/uploads/deskripsi/4665.pdf
db-vardaf,Cabai Rawit,BISI HP 34,021/Kpts/SR.120/D.2.7/3/2017,2017,sayuran/pangan semusim,404,https://perbenihanhorti.id/proseed/uploads/deskripsi/4666.pdf
db-vardaf,Cabai Rawit,BISI HP 35,022/Kpts/SR.120/D.2.7/3/2017,2017,sayuran/pangan semusim,404,https://perbenihanhorti.id/proseed/uploads/deskripsi/4667.pdf
db-vardaf,Kubis Bunga,CF 5101,023/Kpts/SR.120/D.2.7/3/2017,2017,sayuran/pangan semusim,404,https://perbenihanhorti.id/proseed/uploads/deskripsi/4668.pdf
db-vardaf,Melon,Melindo 16,025/Kpts/SR.120/D.2.7/3/2017,2017,sayuran/pangan semusim,404,https://perbenihanhorti.id/proseed/uploads/deskripsi/4670.pdf
db-vardaf,Sawi Sendok/Pak Choi,TF TW PUF 14,026/Kpts/SR.120/D.2.7/3/2017,2017,sayuran/pangan semusim,404,https://perbenihanhorti.id/proseed/uploads/deskripsi/4671.pdf
db-vardaf,Paria,WANARA,027/Kpts/SR.120/D.2.7/3/2017,2017,sayuran/pangan semusim,404,https://perbenihanhorti.id/proseed/uploads/deskripsi/4672.pdf
db-vardaf,Slada,TF TW LGA 14,028/Kpts/SR.120/D.2.7/3/2017,2017,sayuran/pangan semusim,404,https://perbenihanhorti.id/proseed/uploads/deskripsi/4673.pdf
db-vardaf,Slada,TF TW LGR 14,029/Kpts/SR.120/D.2.7/3/2017,2017,sayuran/pangan semusim,404,https://perbenihanhorti.id/proseed/uploads/deskripsi/4674.pdf
db-vardaf,Tomat,MGTO 102,031/Kpts/SR.120/D.2.7/3/2017,2017,sayuran/pangan semusim,404,https://perbenihanhorti.id/proseed/uploads/deskripsi/4676.pdf
db-vardaf,Tomat,MGTO 445,032/Kpts/SR.120/D.2.7/3/2017,2017,sayuran/pangan semusim,404,https://perbenihanhorti.id/proseed/uploads/deskripsi/4677.pdf
db-vardaf,Bayam,TIWI,033/Kpts/SR.120/D.2.7/4/2017,2017,sayuran/pangan semusim,404,https://perbenihanhorti.id/proseed/uploads/deskripsi/4678.pdf
db-vardaf,Cabai Besar,PANSER,034/Kpts/SR.120/D.2.7/4/2017,2017,sayuran/pangan semusim,404,https://perbenihanhorti.id/proseed/uploads/deskripsi/4679.pdf
db-vardaf,Cabai Rawit,CR 8873,035/Kpts/SR.120/D.2.7/4/2017,2017,sayuran/pangan semusim,404,https://perbenihanhorti.id/proseed/uploads/deskripsi/4680.pdf
db-vardaf,Melon,HIKAPEL,038/Kpts/SR.120/D.2.7/4/2017,2017,sayuran/pangan semusim,404,https://perbenihanhorti.id/proseed/uploads/deskripsi/4683.pdf
db-vardaf,Melon,MELONI,039/Kpts/SR.120/D.2.7/4/2017,2017,sayuran/pangan semusim,404,https://perbenihanhorti.id/proseed/uploads/deskripsi/4684.pdf
db-vardaf,Mentimun,KE 27187,040/Kpts/SR.120/D.2.7/4/2017,2017,sayuran/pangan semusim,404,https://perbenihanhorti.id/proseed/uploads/deskripsi/4685.pdf
db-vardaf,Paria,ALASKA,041/Kpts/SR.120/D.2.7/4/2017,2017,sayuran/pangan semusim,404,https://perbenihanhorti.id/proseed/uploads/deskripsi/4686.pdf
db-vardaf,Paria,PERTIWI,042/Kpts/SR.120/D.2.7/4/2017,2017,sayuran/pangan semusim,404,https://perbenihanhorti.id/proseed/uploads/deskripsi/4687.pdf
db-vardaf,Waluh/Squash,BIGLAMPION,043/Kpts/SR.120/D.2.7/4/2017,2017,sayuran/pangan semusim,404,https://perbenihanhorti.id/proseed/uploads/deskripsi/4688.pdf
db-vardaf,Terong,KINARO,044/Kpts/SR.120/D.2.7/4/2017,2017,sayuran/pangan semusim,404,https://perbenihanhorti.id/proseed/uploads/deskripsi/4689.pdf
db-vardaf,Terong,TP 21842,045/Kpts/SR.120/D.2.7/4/2017,2017,sayuran/pangan semusim,404,https://perbenihanhorti.id/proseed/uploads/deskripsi/4690.pdf
db-vardaf,Cabai Keriting,Red Lava,047/Kpts/SR.120/D.2.7/5/2017,2017,sayuran/pangan semusim,404,https://perbenihanhorti.id/proseed/uploads/deskripsi/4692.pdf
db-vardaf,Cabai Rawit,Batari,048/Kpts/SR.120/D.2.7/5/2017,2017,sayuran/pangan semusim,404,https://perbenihanhorti.id/proseed/uploads/deskripsi/4693.pdf
db-vardaf,Cabai Rawit,Carika,049/Kpts/SR.120/D.2.7/5/2017,2017,sayuran/pangan semusim,404,https://perbenihanhorti.id/proseed/uploads/deskripsi/4694.pdf
db-vardaf,Jagung Manis,ENNO 002,051/Kpts/SR.120/D.2.7/5/2017,2017,sayuran/pangan semusim,404,https://perbenihanhorti.id/proseed/uploads/deskripsi/4696.pdf
db-vardaf,Kentang,Tedjo MZ,052/Kpts/SR.120/D.2.7/5/2017,2017,sayuran/pangan semusim,404,https://perbenihanhorti.id/proseed/uploads/deskripsi/4697.pdf
db-vardaf,Kubis,ACE,053/Kpts/SR.120/D.2.7/5/2017,2017,sayuran/pangan semusim,404,https://perbenihanhorti.id/proseed/uploads/deskripsi/4698.pdf
db-vardaf,Mentimun,G 313,054/Kpts/SR.120/D.2.7/5/2017,2017,sayuran/pangan semusim,404,https://perbenihanhorti.id/proseed/uploads/deskripsi/4699.pdf
db-vardaf,Mentimun,Monata,055/Kpts/SR.120/D.2.7/5/2017,2017,sayuran/pangan semusim,404,https://perbenihanhorti.id/proseed/uploads/deskripsi/4700.pdf
db-vardaf,Paria,ENNO 1662,056/Kpts/SR.120/D.2.7/5/2017,2017,sayuran/pangan semusim,404,https://perbenihanhorti.id/proseed/uploads/deskripsi/4701.pdf
db-vardaf,Paria,PA 200 C,057/Kpts/SR.120/D.2.7/5/2017,2017,sayuran/pangan semusim,404,https://perbenihanhorti.id/proseed/uploads/deskripsi/4702.pdf
db-vardaf,Semangka,Athletic 9,058/Kpts/SR.120/D.2.7/5/2017,2017,sayuran/pangan semusim,404,https://perbenihanhorti.id/proseed/uploads/deskripsi/4703.pdf
db-vardaf,Bawang Merah,BM 8705,059/Kpts/SR.120/D.2.7/6/2017,2017,sayuran/pangan semusim,404,https://perbenihanhorti.id/proseed/uploads/deskripsi/4704.pdf
db-vardaf,Cabai Besar,S 801,060/Kpts/SR.120/D.2.7/6/2017,2017,sayuran/pangan semusim,404,https://perbenihanhorti.id/proseed/uploads/deskripsi/4705.pdf
db-vardaf,Cabai Rawit,KANCANE,061/Kpts/SR.120/D.2.7/6/2017,2017,sayuran/pangan semusim,404,https://perbenihanhorti.id/proseed/uploads/deskripsi/4706.pdf
db-vardaf,Cabai Rawit,RED THUNDER,062/Kpts/SR.120/D.2.7/6/2017,2017,sayuran/pangan semusim,404,https://perbenihanhorti.id/proseed/uploads/deskripsi/4707.pdf
db-vardaf,Kubis Bunga,KAILA,063/Kpts/SR.120/D.2.7/6/2017,2017,sayuran/pangan semusim,404,https://perbenihanhorti.id/proseed/uploads/deskripsi/4708.pdf
db-vardaf,Mentimun,HCU 57,064/Kpts/SR.120/D.2.7/6/2017,2017,sayuran/pangan semusim,404,https://perbenihanhorti.id/proseed/uploads/deskripsi/4709.pdf
db-vardaf,Mentimun,JASMINE,065/Kpts/SR.120/D.2.7/6/2017,2017,sayuran/pangan semusim,404,https://perbenihanhorti.id/proseed/uploads/deskripsi/4710.pdf
db-vardaf,Oyong / Gambas,OY 2265,066/Kpts/SR.120/D.2.7/6/2017,2017,sayuran/pangan semusim,404,https://perbenihanhorti.id/proseed/uploads/deskripsi/4711.pdf
db-vardaf,Cabai Paprika,SALOMON,067/Kpts/SR.120/D.2.7/6/2017,2017,sayuran/pangan semusim,404,https://perbenihanhorti.id/proseed/uploads/deskripsi/4712.pdf
db-vardaf,Cabai Paprika,SOLANOR,068/Kpts/SR.120/D.2.7/6/2017,2017,sayuran/pangan semusim,404,https://perbenihanhorti.id/proseed/uploads/deskripsi/4713.pdf
db-vardaf,Cabai Paprika,SPRINGBOK,069/Kpts/SR.120/D.2.7/6/2017,2017,sayuran/pangan semusim,404,https://perbenihanhorti.id/proseed/uploads/deskripsi/4714.pdf
db-vardaf,Paria,HBG 01,070/Kpts/SR.120/D.2.7/6/2017,2017,sayuran/pangan semusim,404,https://perbenihanhorti.id/proseed/uploads/deskripsi/4715.pdf
db-vardaf,Bawang Merah,SS SAKATO,071/Kpts/SR.120/D.2.7/7/2017,2017,sayuran/pangan semusim,404,https://perbenihanhorti.id/proseed/uploads/deskripsi/4716.pdf
db-vardaf,Cabai Besar,PERTIWI,072/Kpts/SR.120/D.2.7/7/2017,2017,sayuran/pangan semusim,404,https://perbenihanhorti.id/proseed/uploads/deskripsi/4717.pdf
db-vardaf,Cabai Keriting,MBCK 01,073/Kpts/SR.120/D.2.7/7/2017,2017,sayuran/pangan semusim,404,https://perbenihanhorti.id/proseed/uploads/deskripsi/4718.pdf
db-vardaf,Jagung Manis,ZM 866,074/Kpts/SR.120/D.2.7/7/2017,2017,sayuran/pangan semusim,404,https://perbenihanhorti.id/proseed/uploads/deskripsi/4719.pdf
db-vardaf,Kentang,CHITRA,075/Kpts/SR.120/D.2.7/7/2017,2017,sayuran/pangan semusim,404,https://perbenihanhorti.id/proseed/uploads/deskripsi/4720.pdf
db-vardaf,Mentimun,KIDDO,076/Kpts/SR.120/D.2.7/7/2017,2017,sayuran/pangan semusim,404,https://perbenihanhorti.id/proseed/uploads/deskripsi/4721.pdf
db-vardaf,Sawi Sendok/Pak Choi,PC 730,077/Kpts/SR.120/D.2.7/7/2017,2017,sayuran/pangan semusim,404,https://perbenihanhorti.id/proseed/uploads/deskripsi/4722.pdf
db-vardaf,Paria,PARIA HBG 03,078/Kpts/SR.120/D.2.7/7/2017,2017,sayuran/pangan semusim,404,https://perbenihanhorti.id/proseed/uploads/deskripsi/4723.pdf
db-vardaf,Paria,PARIA 08779,079/KPts/SR.120/D.2.7/7/2017,2017,sayuran/pangan semusim,404,https://perbenihanhorti.id/proseed/uploads/deskripsi/4724.pdf
db-vardaf,Paria,PATRIA,080/Kpts/SR.120/D.2.7/7/2017,2017,sayuran/pangan semusim,404,https://perbenihanhorti.id/proseed/uploads/deskripsi/4725.pdf
db-vardaf,Sawi putih / Petsai,MAXELL,081/Kpts/SR.120/D.2.7/7/2017,2017,sayuran/pangan semusim,404,https://perbenihanhorti.id/proseed/uploads/deskripsi/4726.pdf
db-vardaf,Semangka,ATLANTIS,082/Kpts/SR.120/D.2.7/7/2017,2017,sayuran/pangan semusim,404,https://perbenihanhorti.id/proseed/uploads/deskripsi/4727.pdf
db-vardaf,Semangka,DIEGO,083/Kpts/SR.120/D.2.7/7/2017,2017,sayuran/pangan semusim,404,https://perbenihanhorti.id/proseed/uploads/deskripsi/4728.pdf
db-vardaf,Semangka,MAJESTY,084/Kpts/SR.120/D.2.7/7/2017,2017,sayuran/pangan semusim,404,https://perbenihanhorti.id/proseed/uploads/deskripsi/4729.pdf
db-vardaf,Semangka,SE 3389,085/Kpts/SR.120/D.2.7/7/2017,2017,sayuran/pangan semusim,404,https://perbenihanhorti.id/proseed/uploads/deskripsi/4730.pdf
db-vardaf,Tomat,MBTO 03,086/Kpts/SR.120/D.2.7/7/2017,2017,sayuran/pangan semusim,404,https://perbenihanhorti.id/proseed/uploads/deskripsi/4732.pdf
db-vardaf,Tomat,TO 1706,087/Kpts/SR.120/D.2.7/7/2017,2017,sayuran/pangan semusim,404,https://perbenihanhorti.id/proseed/uploads/deskripsi/4733.pdf
db-vardaf,Sawi hijau,CA 360,088/Kpts/SR.120/D.2.7/9/2017,2017,sayuran/pangan semusim,404,https://perbenihanhorti.id/proseed/uploads/deskripsi/4734.pdf
db-vardaf,Kacang Panjang,AFN KP01,089/Kpts/SR.120/D.2.7/9/2017,2017,sayuran/pangan semusim,404,https://perbenihanhorti.id/proseed/uploads/deskripsi/4735.pdf
db-vardaf,Kubis,CB 50002,090/Kpts/SR.120/D.2.7/9/2017,2017,sayuran/pangan semusim,404,https://perbenihanhorti.id/proseed/uploads/deskripsi/4736.pdf
db-vardaf,Melon,HDO 03,091/Kpts/SR.120/D.2.7/9/2017,2017,sayuran/pangan semusim,404,https://perbenihanhorti.id/proseed/uploads/deskripsi/4737.pdf
db-vardaf,Melon,STR 11,092/Kpts/SR.120/D.2.7/9/2017,2017,sayuran/pangan semusim,404,https://perbenihanhorti.id/proseed/uploads/deskripsi/4738.pdf
db-vardaf,Mentimun,MBTM 02,093/Kpts/SR.120/D.2.7/9/2017,2017,sayuran/pangan semusim,404,https://perbenihanhorti.id/proseed/uploads/deskripsi/4739.pdf
db-vardaf,Paria,HBG 02,094/Kpts/SR.120/D.2.7/9/2017,2017,sayuran/pangan semusim,404,https://perbenihanhorti.id/proseed/uploads/deskripsi/4740.pdf
db-vardaf,Sawi Pahit/Mustard,SAWI 13076,095/Kpts/SR.120/D.2.7/9/2017,2017,sayuran/pangan semusim,404,https://perbenihanhorti.id/proseed/uploads/deskripsi/4741.pdf
db-vardaf,Terong,AFN TU01,096/Kpts/SR.120/D.2.7/9/2017,2017,sayuran/pangan semusim,404,https://perbenihanhorti.id/proseed/uploads/deskripsi/4742.pdf
db-vardaf,Terong,TB 843,097/Kpts/SR.120/D.2.7/9/2017,2017,sayuran/pangan semusim,404,https://perbenihanhorti.id/proseed/uploads/deskripsi/4743.pdf
db-vardaf,Tomat Ceri,AFN TC 01,098/Kpts/SR.120/D.2.7/9/2017,2017,sayuran/pangan semusim,404,https://perbenihanhorti.id/proseed/uploads/deskripsi/4744.pdf
db-vardaf,Bit,Boro,100/Kpts/SR.120/D.2.7/10/2017,2017,sayuran/pangan semusim,404,https://perbenihanhorti.id/proseed/uploads/deskripsi/4746.pdf
db-vardaf,Cabai Keriting,CK 21130,101/Kpts/SR.120/D.2.7/10/2017,2017,sayuran/pangan semusim,404,https://perbenihanhorti.id/proseed/uploads/deskripsi/4747.pdf
db-vardaf,Kangkung,KARPA 1116,102/Kpts/SR.120/D.2.7/10/2017,2017,sayuran/pangan semusim,404,https://perbenihanhorti.id/proseed/uploads/deskripsi/4748.pdf
db-vardaf,Kubis Bunga,Spring 70,103/Kpts/SR.120/D.2.7/10/2017,2017,sayuran/pangan semusim,404,https://perbenihanhorti.id/proseed/uploads/deskripsi/4749.pdf
db-vardaf,Melon,ME 1685,104/Kpts/SR.120/D.2.7/10/2017,2017,sayuran/pangan semusim,404,https://perbenihanhorti.id/proseed/uploads/deskripsi/4750.pdf
db-vardaf,Sawi hijau,Ferina,105/Kpts/SR.120/D.2.7/10/2017,2017,sayuran/pangan semusim,404,https://perbenihanhorti.id/proseed/uploads/deskripsi/4751.pdf
db-vardaf,Sawi putih / Petsai,SA 30010,106/Kpts/SR.120/D.2.7/10/2017,2017,sayuran/pangan semusim,404,https://perbenihanhorti.id/proseed/uploads/deskripsi/4752.pdf
db-vardaf,Semangka,BSS 89,107/Kpts/SR.120/D.2.7/10/2017,2017,sayuran/pangan semusim,404,https://perbenihanhorti.id/proseed/uploads/deskripsi/4753.pdf
db-vardaf,Semangka,Hammer,108/Kpts/SR.120/D.2.7/10/2017,2017,sayuran/pangan semusim,404,https://perbenihanhorti.id/proseed/uploads/deskripsi/4754.pdf
db-vardaf,Wortel,Norma,109/Kpts/SR.120/D.2.7/10/2017,2017,sayuran/pangan semusim,404,https://perbenihanhorti.id/proseed/uploads/deskripsi/4755.pdf
db-vardaf,Kacang Buncis,BU 6337,112/Kpts/SR.120/D.2.7/11/2017,2017,sayuran/pangan semusim,404,https://perbenihanhorti.id/proseed/uploads/deskripsi/4758.pdf
db-vardaf,Cabai Besar,CB 59506,113/Kpts/SR.120/D.2.7/11/2017,2017,sayuran/pangan semusim,404,https://perbenihanhorti.id/proseed/uploads/deskripsi/4759.pdf
db-vardaf,Cabai Besar,Novis,114/Kpts/SR.120/D.2.7/11/2017,2017,sayuran/pangan semusim,404,https://perbenihanhorti.id/proseed/uploads/deskripsi/4760.pdf
db-vardaf,Jagung Manis,Gelora,115/Kpts/SR.120/D.2.7/11/2017,2017,sayuran/pangan semusim,404,https://perbenihanhorti.id/proseed/uploads/deskripsi/4761.pdf
db-vardaf,Jagung Manis,Paragon,116/Kpts/SR.120/D.2.7/11/2017,2017,sayuran/pangan semusim,404,https://perbenihanhorti.id/proseed/uploads/deskripsi/4762.pdf
db-vardaf,Melon,MBME 01,117/Kpts/SR.120/D.2.7/11/2017,2017,sayuran/pangan semusim,404,https://perbenihanhorti.id/proseed/uploads/deskripsi/4763.pdf
db-vardaf,Mentimun,KE 34290,118/Kpts/SR.120/D.2.7/11/2017,2017,sayuran/pangan semusim,404,https://perbenihanhorti.id/proseed/uploads/deskripsi/4764.pdf
db-vardaf,Semangka,Mighty,119/Kpts/SR.120/D.2.7/11/2017,2017,sayuran/pangan semusim,404,https://perbenihanhorti.id/proseed/uploads/deskripsi/4765.pdf
db-vardaf,Semangka,New Glory,120/Kpts/SR.120/D.2.7/11/2017,2017,sayuran/pangan semusim,404,https://perbenihanhorti.id/proseed/uploads/deskripsi/4766.pdf
db-vardaf,Tomat,MBTO 01 H,121/Kpts/SR.120/D.2.7/11/2017,2017,sayuran/pangan semusim,404,https://perbenihanhorti.id/proseed/uploads/deskripsi/4767.pdf
db-vardaf,Tomat,Sinta,122/Kpts/SR.120/D.2.7/11/2017,2017,sayuran/pangan semusim,404,https://perbenihanhorti.id/proseed/uploads/deskripsi/4768.pdf
db-vardaf,Brokoli,Marathon,123/Kpts/SR.120/D.2.7/12/2017,2017,sayuran/pangan semusim,404,https://perbenihanhorti.id/proseed/uploads/deskripsi/4769.pdf
db-vardaf,Mentimun,AGB KE 0315,125/Kpts/SR.120/D.2.7/12/2017,2017,sayuran/pangan semusim,404,https://perbenihanhorti.id/proseed/uploads/deskripsi/4771.pdf
db-vardaf,Mentimun,AGB KE 0316,126/Kpts/SR.120/D.2.7/12/2017,2017,sayuran/pangan semusim,404,https://perbenihanhorti.id/proseed/uploads/deskripsi/4772.pdf
db-vardaf,Mentimun,AGB KE 0317,127/Kpts/SR.120/D.2.7/12/2017,2017,sayuran/pangan semusim,404,https://perbenihanhorti.id/proseed/uploads/deskripsi/4773.pdf
db-vardaf,Sawi putih / Petsai,Melody,130/Kpts/SR.120/D.2.7/12/2017,2017,sayuran/pangan semusim,404,https://perbenihanhorti.id/proseed/uploads/deskripsi/4776.pdf
db-vardaf,Slada,SL 840,131/Kpts/SR.120/D.2.7/12/2017,2017,sayuran/pangan semusim,404,https://perbenihanhorti.id/proseed/uploads/deskripsi/4777.pdf
db-vardaf,Semangka,Fujio,132/Kpts/SR.120/D.2.7/12/2017,2017,sayuran/pangan semusim,404,https://perbenihanhorti.id/proseed/uploads/deskripsi/4778.pdf
db-vardaf,Cabai Keriting,CK 22530,107/Kpts/SR.120/D.2.7/9/2016,2016,sayuran/pangan semusim,404,https://perbenihanhorti.id/proseed/uploads/deskripsi/4603.pdf
db-vardaf,Cabai Rawit,Gatra Putih,108/Kpts/SR.120/D.2.7/9/2016,2016,sayuran/pangan semusim,404,https://perbenihanhorti.id/proseed/uploads/deskripsi/4604.pdf
db-vardaf,Kacang Panjang,Gatra Hitam,109/Kpts/SR.120/D.2.7/9/2016,2016,sayuran/pangan semusim,404,https://perbenihanhorti.id/proseed/uploads/deskripsi/4605.pdf
db-vardaf,Kentang,RGH 01,110/Kpts/SR.120/D.2.7/9/2016,2016,sayuran/pangan semusim,404,https://perbenihanhorti.id/proseed/uploads/deskripsi/4606.pdf
db-vardaf,Labu,LA 1557,111/Kpts/SR.120/D.2.7/9/2016,2016,sayuran/pangan semusim,404,https://perbenihanhorti.id/proseed/uploads/deskripsi/4607.pdf
db-vardaf,Mentimun,B 8.4,112/Kpts/SR.120/D.2.7/9/2016,2016,sayuran/pangan semusim,404,https://perbenihanhorti.id/proseed/uploads/deskripsi/4608.pdf
db-vardaf,Mentimun,Litsa 1,113/Kpts/SR.120/D.2.7/9/2016,2016,sayuran/pangan semusim,404,https://perbenihanhorti.id/proseed/uploads/deskripsi/4609.pdf
db-vardaf,Mentimun,Litsa 2,114/Kpts/SR.120/D.2.7/9/2016,2016,sayuran/pangan semusim,404,https://perbenihanhorti.id/proseed/uploads/deskripsi/4610.pdf
db-vardaf,Terong,TT 1466,115/Kpts/SR.120/D.2.7/9/2016,2016,sayuran/pangan semusim,404,https://perbenihanhorti.id/proseed/uploads/deskripsi/4611.pdf
db-vardaf,Kacang Buncis,BU 6311,116/Kpts/SR.120/D.2.7/12/2016,2016,sayuran/pangan semusim,404,https://perbenihanhorti.id/proseed/uploads/deskripsi/4612.pdf
db-vardaf,Kacang Buncis,BU ASA 016,117/Kpts/SR.120/D.2.7/12/2016,2016,sayuran/pangan semusim,404,https://perbenihanhorti.id/proseed/uploads/deskripsi/4613.pdf
db-vardaf,Jagung Manis,Karmina,119/Kpts/SR.120/D.2.7/12/2016,2016,sayuran/pangan semusim,404,https://perbenihanhorti.id/proseed/uploads/deskripsi/4615.pdf
db-vardaf,Kacang Panjang,KP 1000,120/Kpts/SR.120/D.2.7/12/2016,2016,sayuran/pangan semusim,404,https://perbenihanhorti.id/proseed/uploads/deskripsi/4616.pdf
db-vardaf,Melon,ME 1699,122/Kpts/SR.120/D.2.7/12/2016,2016,sayuran/pangan semusim,404,https://perbenihanhorti.id/proseed/uploads/deskripsi/4618.pdf
db-vardaf,Mentimun,KE 31359,123/Kpts/SR.120/D.2.7/12/2016,2016,sayuran/pangan semusim,404,https://perbenihanhorti.id/proseed/uploads/deskripsi/4619.pdf
db-vardaf,Mentimun,Rieza,124/Kpts/SR.120/D.2.7/12/2016,2016,sayuran/pangan semusim,404,https://perbenihanhorti.id/proseed/uploads/deskripsi/4620.pdf
db-vardaf,Paria,PA 100 C,125/Kpts/SR.120/D.2.7/12/2016,2016,sayuran/pangan semusim,404,https://perbenihanhorti.id/proseed/uploads/deskripsi/4621.pdf
db-vardaf,Sawi hijau,Kometa,126/Kpts/SR.120/D.2.7/12/2016,2016,sayuran/pangan semusim,404,https://perbenihanhorti.id/proseed/uploads/deskripsi/4622.pdf
db-vardaf,Semangka,AG 01,127/Kpts/SR.120/D.2.7/12/2016,2016,sayuran/pangan semusim,404,https://perbenihanhorti.id/proseed/uploads/deskripsi/4623.pdf
db-vardaf,Tomat,TO 75077,128/Kpts/SR.120/D.2.7/12/2016,2016,sayuran/pangan semusim,404,https://perbenihanhorti.id/proseed/uploads/deskripsi/4624.pdf
db-vardaf,Bayam,MBBA 01,129/Kpts/SR.120/D.2.7/12/2016,2016,sayuran/pangan semusim,404,https://perbenihanhorti.id/proseed/uploads/deskripsi/4625.pdf
db-vardaf,Blewah,BISI BW 01,130/Kpts/SR.120/D.2.7/12/2016,2016,sayuran/pangan semusim,404,https://perbenihanhorti.id/proseed/uploads/deskripsi/4626.pdf
db-vardaf,Kacang Buncis,MBBC 01,131/Kpts/SR.120/D.2.7/12/2016,2016,sayuran/pangan semusim,404,https://perbenihanhorti.id/proseed/uploads/deskripsi/4627.pdf
db-vardaf,Kacang Buncis,MBBC 02,132/Kpts/SR.120/D.2.7/12/2016,2016,sayuran/pangan semusim,404,https://perbenihanhorti.id/proseed/uploads/deskripsi/4628.pdf
db-vardaf,Sawi hijau,MBCS 01,133/Kpts/SR.120/D.2.7/12/2016,2016,sayuran/pangan semusim,404,https://perbenihanhorti.id/proseed/uploads/deskripsi/4629.pdf
db-vardaf,Jagung Manis,Royal 76,135/Kpts/SR.120/D.2.7/12/2016,2016,sayuran/pangan semusim,404,https://perbenihanhorti.id/proseed/uploads/deskripsi/4631.pdf
db-vardaf,Jagung Manis,Royal Sweet,136/Kpts/SR.120/D.2.7/12/2016,2016,sayuran/pangan semusim,404,https://perbenihanhorti.id/proseed/uploads/deskripsi/4632.pdf
db-vardaf,Jagung Pulut Manis,WXBi13001,137/Kpts/SR.120/D.2.7/12/2016,2016,sayuran/pangan semusim,404,https://perbenihanhorti.id/proseed/uploads/deskripsi/4633.pdf
db-vardaf,Jagung Pulut Manis,WXBi13003,138/Kpts/SR.120/D.2.7/12/2016,2016,sayuran/pangan semusim,404,https://perbenihanhorti.id/proseed/uploads/deskripsi/4634.pdf
db-vardaf,Oyong / Gambas,GBH 302,139/Kpts/SR.120/D.2.7/12/2016,2016,sayuran/pangan semusim,404,https://perbenihanhorti.id/proseed/uploads/deskripsi/4635.pdf
db-vardaf,Oyong / Gambas,Radya,140/Kpts/SR.120/D.2.7/12/2016,2016,sayuran/pangan semusim,404,https://perbenihanhorti.id/proseed/uploads/deskripsi/4636.pdf
db-vardaf,Paria,Agatha,141/Kpts/SR.120/D.2.7/12/2016,2016,sayuran/pangan semusim,404,https://perbenihanhorti.id/proseed/uploads/deskripsi/4637.pdf
db-vardaf,Paria,Rangga,142/Kpts/SR.120/D.2.7/12/2016,2016,sayuran/pangan semusim,404,https://perbenihanhorti.id/proseed/uploads/deskripsi/4638.pdf
db-vardaf,Sawi hijau,Juwita 01,143/Kpts/SR.120/D.2.7/12/2016,2016,sayuran/pangan semusim,404,https://perbenihanhorti.id/proseed/uploads/deskripsi/4639.pdf
db-vardaf,Slada,BISI SL 02,144/Kpts/SR.120/D.2.7/12/2016,2016,sayuran/pangan semusim,404,https://perbenihanhorti.id/proseed/uploads/deskripsi/4640.pdf
db-vardaf,Semangka,IN 01,145/Kpts/SR.120/D.2.7/12/2016,2016,sayuran/pangan semusim,404,https://perbenihanhorti.id/proseed/uploads/deskripsi/4641.pdf
db-vardaf,Semangka,MBSL 02,146/Kpts/SR.120/D.2.7/12/2016,2016,sayuran/pangan semusim,404,https://perbenihanhorti.id/proseed/uploads/deskripsi/4642.pdf
db-vardaf,Tomat,EION,147/Kpts/SR.120/D.2.7/12/2016,2016,sayuran/pangan semusim,404,https://perbenihanhorti.id/proseed/uploads/deskripsi/4643.pdf
db-vardaf,Tomat,MBTO 02,148/Kpts/SR.120/D.2.7/12/2016,2016,sayuran/pangan semusim,404,https://perbenihanhorti.id/proseed/uploads/deskripsi/4644.pdf
db-vardaf,Tomat,TO 15307,149/Kpts/SR.120/D.2.7/12/2016,2016,sayuran/pangan semusim,404,https://perbenihanhorti.id/proseed/uploads/deskripsi/4645.pdf
db-vardaf,Cabai Besar,CB 4805,001/Kpts/SR.120/D.2.7/1/2016,2016,sayuran/pangan semusim,404,https://perbenihanhorti.id/proseed/uploads/deskripsi/4497.pdf
db-vardaf,Jagung Manis,JM 3165,002/Kpts/SR.120/D.2.7/1/2016,2016,sayuran/pangan semusim,404,https://perbenihanhorti.id/proseed/uploads/deskripsi/4498.pdf
db-vardaf,Jagung Manis,Kimmie,003/Kpts/SR.120/D.2.7/1/2016,2016,sayuran/pangan semusim,404,https://perbenihanhorti.id/proseed/uploads/deskripsi/4499.pdf
db-vardaf,Semangka,DeV,004/Kpts/SR.120/D.2.7/1/2016,2016,sayuran/pangan semusim,404,https://perbenihanhorti.id/proseed/uploads/deskripsi/4500.pdf
db-vardaf,Semangka,Hokkyna,005/Kpts/SR.120/D.2.7/1/2016,2016,sayuran/pangan semusim,404,https://perbenihanhorti.id/proseed/uploads/deskripsi/4501.pdf
db-vardaf,Semangka,SS 2865,006/Kpts/SR.120/D.2.7/1/2016,2016,sayuran/pangan semusim,404,https://perbenihanhorti.id/proseed/uploads/deskripsi/4502.pdf
db-vardaf,Melon,Golden Star,007/Kpts/SR.120/D.2.7/1/2016,2016,sayuran/pangan semusim,404,https://perbenihanhorti.id/proseed/uploads/deskripsi/4503.pdf
db-vardaf,Melon,Jitu,008/Kpts/SR.120/D.2.7/1/2016,2016,sayuran/pangan semusim,404,https://perbenihanhorti.id/proseed/uploads/deskripsi/4504.pdf
db-vardaf,Oyong / Gambas,Gamanis,009/Kpts/SR.120/D.2.7/1/2016,2016,sayuran/pangan semusim,404,https://perbenihanhorti.id/proseed/uploads/deskripsi/4505.pdf
db-vardaf,Oyong / Gambas,Sigodo,010/Kpts/SR.120/D.2.7/1/2016,2016,sayuran/pangan semusim,404,https://perbenihanhorti.id/proseed/uploads/deskripsi/4506.pdf
db-vardaf,Tomat,Agnes,011/Kpts/SR.120/D.2.7/1/2016,2016,sayuran/pangan semusim,404,https://perbenihanhorti.id/proseed/uploads/deskripsi/4507.pdf
db-vardaf,Tomat,Deva,012/Kpts/SR.120/D.2.7/1/2016,2016,sayuran/pangan semusim,404,https://perbenihanhorti.id/proseed/uploads/deskripsi/4508.pdf
db-vardaf,Tomat,Nobela,013/Kpts/SR.120/D.2.7/1/2016,2016,sayuran/pangan semusim,404,https://perbenihanhorti.id/proseed/uploads/deskripsi/4509.pdf
db-vardaf,Cabai Besar,CB 67318,014/Kpts/SR.120/D.2.7/2/2016,2016,sayuran/pangan semusim,404,https://perbenihanhorti.id/proseed/uploads/deskripsi/4510.pdf
db-vardaf,Jagung Manis,Baruna,016/Kpts/SR.120/D.2.7/2/2016,2016,sayuran/pangan semusim,404,https://perbenihanhorti.id/proseed/uploads/deskripsi/4512.pdf
db-vardaf,Kacang Panjang,Sabrina,018/Kpts/SR.120/D.2.7/2/2016,2016,sayuran/pangan semusim,404,https://perbenihanhorti.id/proseed/uploads/deskripsi/4514.pdf
db-vardaf,Kangkung,Rajawali,019/Kpts/SR.120/D.2.7/2/2016,2016,sayuran/pangan semusim,404,https://perbenihanhorti.id/proseed/uploads/deskripsi/4515.pdf
db-vardaf,Oyong / Gambas,OY 2266,020/Kpts/SR.120/D.2.7/2/2016,2016,sayuran/pangan semusim,404,https://perbenihanhorti.id/proseed/uploads/deskripsi/4516.pdf
db-vardaf,Semangka,Medali,021/Kpts/SR.120/D.2.7/2/2016,2016,sayuran/pangan semusim,404,https://perbenihanhorti.id/proseed/uploads/deskripsi/4517.JPG
db-vardaf,Semangka,Payata,022/Kpts/SR.120/D.2.7/2/2016,2016,sayuran/pangan semusim,404,https://perbenihanhorti.id/proseed/uploads/deskripsi/4518.pdf
db-vardaf,Tomat,TO 11622,023/Kpts/SR.120/D.2.7/2/2016,2016,sayuran/pangan semusim,404,https://perbenihanhorti.id/proseed/uploads/deskripsi/4519.pdf
db-vardaf,Tomat,TO 12281,024/Kpts/SR.120/D.2.7/2/2016,2016,sayuran/pangan semusim,404,https://perbenihanhorti.id/proseed/uploads/deskripsi/4520.pdf
db-vardaf,Jagung Manis,13ES900,025/Kpts/SR.120/D.2.7/3/2016,2016,sayuran/pangan semusim,404,https://perbenihanhorti.id/proseed/uploads/deskripsi/4521.pdf
db-vardaf,Jagung Manis,14ES901,026/Kpts/SR.120/D.2.7/3/2016,2016,sayuran/pangan semusim,404,https://perbenihanhorti.id/proseed/uploads/deskripsi/4522.pdf
db-vardaf,Mentimun,Timundo 19,027/Kpts/SR.120/D.2.7/3/2016,2016,sayuran/pangan semusim,404,https://perbenihanhorti.id/proseed/uploads/deskripsi/4523.pdf
db-vardaf,Mentimun,Timundo 20,028/Kpts/SR.120/D.2.7/3/2016,2016,sayuran/pangan semusim,404,https://perbenihanhorti.id/proseed/uploads/deskripsi/4524.pdf
db-vardaf,Cabai Besar,AFN CB 01,029/Kpts/SR.120/D.2.7/4/2016,2016,sayuran/pangan semusim,404,https://perbenihanhorti.id/proseed/uploads/deskripsi/4525.pdf
db-vardaf,Cabai Besar,AFN CB 02,030/Kpts/SR.120/D.2.7/4/2016,2016,sayuran/pangan semusim,404,https://perbenihanhorti.id/proseed/uploads/deskripsi/4526.pdf
db-vardaf,Cabai Rawit,Hiyung,031/Kpts/SR.120/D.2.7/4/2016,2016,sayuran/pangan semusim,404,https://perbenihanhorti.id/proseed/uploads/deskripsi/4527.pdf
db-vardaf,Jagung Manis,JM 3181,032/Kpts/SR.120/D.2.7/4/2016,2016,sayuran/pangan semusim,404,https://perbenihanhorti.id/proseed/uploads/deskripsi/4528.pdf
db-vardaf,Melon,ME 2092,033/Kpts/SR.120/D.2.7/4/2016,2016,sayuran/pangan semusim,404,https://perbenihanhorti.id/proseed/uploads/deskripsi/4529.pdf
db-vardaf,Mentimun,KE 1002,034/Kpts/SR.120/D.2.7/4/2016,2016,sayuran/pangan semusim,404,https://perbenihanhorti.id/proseed/uploads/deskripsi/4530.pdf
db-vardaf,Mentimun,KE 4723,035/Kpts/SR.120/D.2.7/4/2016,2016,sayuran/pangan semusim,404,https://perbenihanhorti.id/proseed/uploads/deskripsi/4531.pdf
db-vardaf,Mentimun,KE 4761,036/Kpts/SR.120/D.2.7/4/2016,2016,sayuran/pangan semusim,404,https://perbenihanhorti.id/proseed/uploads/deskripsi/4532.pdf
db-vardaf,Mentimun,KE 4769,037/Kpts/SR.120/D.2.7/4/2016,2016,sayuran/pangan semusim,404,https://perbenihanhorti.id/proseed/uploads/deskripsi/4533.pdf
db-vardaf,Mentimun,KE 5288,038/Kpts/SR.120/D.2.7/4/2016,2016,sayuran/pangan semusim,404,https://perbenihanhorti.id/proseed/uploads/deskripsi/4534.pdf
db-vardaf,Oyong / Gambas,OY 987,039/Kpts/SR.120/D.2.7/4/2016,2016,sayuran/pangan semusim,404,https://perbenihanhorti.id/proseed/uploads/deskripsi/4535.pdf
db-vardaf,Tomat,TJHL 9115,041/Kpts/SR.120/D.2.7/4/2016,2016,sayuran/pangan semusim,404,https://perbenihanhorti.id/proseed/uploads/deskripsi/4537.pdf
db-vardaf,Tomat,TO 14309,042/Kpts/SR.120/D.2.7/4/2016,2016,sayuran/pangan semusim,404,https://perbenihanhorti.id/proseed/uploads/deskripsi/4538.pdf
db-vardaf,Tomat,TO 22310,043/Kpts/SR.120/D.2.7/4/2016,2016,sayuran/pangan semusim,404,https://perbenihanhorti.id/proseed/uploads/deskripsi/4539.pdf
db-vardaf,Bawang Merah,Lansuna,044/Kpts/SR.120/D.2.7/5/2016,2016,sayuran/pangan semusim,404,https://perbenihanhorti.id/proseed/uploads/deskripsi/4540.pdf
db-vardaf,Bawang Merah,Tajuk,045/Kpts/SR.120/D.2.7/5/2016,2016,sayuran/pangan semusim,404,https://perbenihanhorti.id/proseed/uploads/deskripsi/4541.pdf
db-vardaf,Cabai Keriting,CK 648,046/Kpts/SR.120/D.2.7/5/2016,2016,sayuran/pangan semusim,404,https://perbenihanhorti.id/proseed/uploads/deskripsi/4542.pdf
db-vardaf,Cabai Keriting,ENNO 1069,047/Kpts/SR.120/D.2.7/5/2016,2016,sayuran/pangan semusim,404,https://perbenihanhorti.id/proseed/uploads/deskripsi/4543.pdf
db-vardaf,Cabai Rawit,CF 3255,048/Kpts/SR.120/D.2.7/5/2016,2016,sayuran/pangan semusim,404,https://perbenihanhorti.id/proseed/uploads/deskripsi/4544.pdf
db-vardaf,Cabai Rawit,ENNO 1433,049/Kpts/SR.120/D.2.7/5/2016,2016,sayuran/pangan semusim,404,https://perbenihanhorti.id/proseed/uploads/deskripsi/4545.pdf
db-vardaf,Cabai Rawit,ENNO 1434,050/Kpts/SR.120/D.2.7/5/2016,2016,sayuran/pangan semusim,404,https://perbenihanhorti.id/proseed/uploads/deskripsi/4546.pdf
db-vardaf,Kacang Panjang,Prana,051/Kpts/SR.120/D.2.7/5/2016,2016,sayuran/pangan semusim,404,https://perbenihanhorti.id/proseed/uploads/deskripsi/4547.pdf
db-vardaf,Kacang Panjang,WSKP 1021,052/Kpts/SR.120/D.2.7/5/2016,2016,sayuran/pangan semusim,404,https://perbenihanhorti.id/proseed/uploads/deskripsi/4548.pdf
db-vardaf,Kacang Panjang,WSKP 1022,053/Kpts/SR.120/D.2.7/5/2016,2016,sayuran/pangan semusim,404,https://perbenihanhorti.id/proseed/uploads/deskripsi/4549.pdf
db-vardaf,Melon,Manika,059/Kpts/SR.120/D.2.7/5/2016,2016,sayuran/pangan semusim,404,https://perbenihanhorti.id/proseed/uploads/deskripsi/4555.pdf
db-vardaf,Mentimun,Sabda,060/Kpts/SR.120/D.2.7/5/2016,2016,sayuran/pangan semusim,404,https://perbenihanhorti.id/proseed/uploads/deskripsi/4556.pdf
db-vardaf,Mentimun,WSBB 12,061/Kpts/SR.120/D.2.7/5/2016,2016,sayuran/pangan semusim,404,https://perbenihanhorti.id/proseed/uploads/deskripsi/4557.pdf
db-vardaf,Mentimun,WSPH 42,062/Kpts/SR.120/D.2.7/5/2016,2016,sayuran/pangan semusim,404,https://perbenihanhorti.id/proseed/uploads/deskripsi/4558.pdf
db-vardaf,Sawi Sendok/Pak Choi,PC 2300,063/Kpts/SR.120/D.2.7/5/2016,2016,sayuran/pangan semusim,404,https://perbenihanhorti.id/proseed/uploads/deskripsi/4559.pdf
db-vardaf,Sawi hijau,SA 764,064/Kpts/SR.120/D.2.7/5/2016,2016,sayuran/pangan semusim,404,https://perbenihanhorti.id/proseed/uploads/deskripsi/4560.pdf
db-vardaf,Semangka,SE 039,065/Kpts/SR.120/D.2.7/5/2016,2016,sayuran/pangan semusim,404,https://perbenihanhorti.id/proseed/uploads/deskripsi/4561.pdf
db-vardaf,Semangka,SS 3290,066/Kpts/SR.120/D.2.7/5/2016,2016,sayuran/pangan semusim,404,https://perbenihanhorti.id/proseed/uploads/deskripsi/4562.pdf
db-vardaf,Semangka,SS 3314,067/Kpts/SR.120/D.2.7/5/2016,2016,sayuran/pangan semusim,404,https://perbenihanhorti.id/proseed/uploads/deskripsi/4563.pdf
db-vardaf,Terong,ENNO 1446,068/Kpts/SR.120/D.2.7/5/2016,2016,sayuran/pangan semusim,404,https://perbenihanhorti.id/proseed/uploads/deskripsi/4564.pdf
db-vardaf,Tomat,TO 970,069/Kpts/SR.120/D.2.7/5/2016,2016,sayuran/pangan semusim,404,https://perbenihanhorti.id/proseed/uploads/deskripsi/4565.pdf
db-vardaf,Cabai Keriting,Bemeri,070/Kpts/SR.120/D.2.7/6/2016,2016,sayuran/pangan semusim,404,https://perbenihanhorti.id/proseed/uploads/deskripsi/4566.pdf
db-vardaf,Cabai Keriting,WI 054,071/Kpts/SR.120/D.2.7/6/2016,2016,sayuran/pangan semusim,404,https://perbenihanhorti.id/proseed/uploads/deskripsi/4567.pdf
db-vardaf,Kacang Panjang,AGB KP NBL 69,072/Kpts/SR.120/D.2.7/6/2016,2016,sayuran/pangan semusim,404,https://perbenihanhorti.id/proseed/uploads/deskripsi/4568.pdf
db-vardaf,Kacang Panjang,MBKP 505,073/Kpts/SR.120/D.2.7/6/2016,2016,sayuran/pangan semusim,404,https://perbenihanhorti.id/proseed/uploads/deskripsi/4569.pdf
db-vardaf,Kacang Panjang,MBKP 1202,074/Kpts/SR.120/D.2.7/6/2016,2016,sayuran/pangan semusim,404,https://perbenihanhorti.id/proseed/uploads/deskripsi/4570.pdf
db-vardaf,Pepaya,MIBA,075/Kpts/SR.120/D.2.7/6/2016,2016,sayuran/pangan semusim,404,https://perbenihanhorti.id/proseed/uploads/deskripsi/4571.pdf
db-vardaf,Sawi putih / Petsai,Siola,076/Kpts/SR.120/D.2.7/6/2016,2016,sayuran/pangan semusim,404,https://perbenihanhorti.id/proseed/uploads/deskripsi/4572.pdf
db-vardaf,Semangka,Prime,077/Kpts/SR.120/D.2.7/6/2016,2016,sayuran/pangan semusim,404,https://perbenihanhorti.id/proseed/uploads/deskripsi/4573.pdf
db-vardaf,Melon,YSME 097,080/Kpts/SR.120/D.2.7/7/2016,2016,sayuran/pangan semusim,404,https://perbenihanhorti.id/proseed/uploads/deskripsi/4576.pdf
db-vardaf,Mentimun,YSKE 788,081/Kpts/SR.120/D.2.7/7/2016,2016,sayuran/pangan semusim,404,https://perbenihanhorti.id/proseed/uploads/deskripsi/4577.pdf
db-vardaf,Paria,YSPA 095,082/Kpts/SR.120/D.2.7/7/2016,2016,sayuran/pangan semusim,404,https://perbenihanhorti.id/proseed/uploads/deskripsi/4578.pdf
db-vardaf,Semangka,SE 3440,083/Kpts/SR.120/D.2.7/7/2016,2016,sayuran/pangan semusim,404,https://perbenihanhorti.id/proseed/uploads/deskripsi/4579.pdf
db-vardaf,Semangka,SS 2942,084/Kpts/SR.120/D.2.7/7/2016,2016,sayuran/pangan semusim,404,https://perbenihanhorti.id/proseed/uploads/deskripsi/4580.pdf
db-vardaf,Semangka,TF TW NWS 14,085/Kpts/SR.120/D.2.7/7/2016,2016,sayuran/pangan semusim,404,https://perbenihanhorti.id/proseed/uploads/deskripsi/4581.pdf
db-vardaf,Terong,Pontia,086/Kpts/SR.120/D.2.7/7/2016,2016,sayuran/pangan semusim,404,https://perbenihanhorti.id/proseed/uploads/deskripsi/4582.pdf
db-vardaf,Tomat,Absolut,087/Kpts/SR.120/D.2.7/7/2016,2016,sayuran/pangan semusim,404,https://perbenihanhorti.id/proseed/uploads/deskripsi/4583.pdf
db-vardaf,Tomat,TF TO 5314,088/Kpts/SR.120/D.2.7/7/2016,2016,sayuran/pangan semusim,404,https://perbenihanhorti.id/proseed/uploads/deskripsi/4584.pdf
db-vardaf,Tomat,TO 7789,089/Kpts/SR.120/D.2.7/7/2016,2016,sayuran/pangan semusim,404,https://perbenihanhorti.id/proseed/uploads/deskripsi/4585.pdf
db-vardaf,Kacang Panjang,KP 820,090/Kpts/SR.120/D.2.7/8/2016,2016,sayuran/pangan semusim,404,https://perbenihanhorti.id/proseed/uploads/deskripsi/4586.pdf
db-vardaf,Kentang,DAYANG SUMBI AGRIHORTI,091/Kpts/SR.120/D.2.7/8/2016,2016,sayuran/pangan semusim,404,https://perbenihanhorti.id/proseed/uploads/deskripsi/4587.pdf
db-vardaf,Kentang,Sangkuriang Agrihorti,092/Kpts/SR.120/D.2.7/8/2016,2016,sayuran/pangan semusim,404,https://perbenihanhorti.id/proseed/uploads/deskripsi/4588.pdf
db-vardaf,Melon,FR 628,093/Kpts/SR.120/D.2.7/8/2016,2016,sayuran/pangan semusim,404,https://perbenihanhorti.id/proseed/uploads/deskripsi/4589.pdf
db-vardaf,Melon,FR 772,094/Kpts/SR.120/D.2.7/8/2016,2016,sayuran/pangan semusim,404,https://perbenihanhorti.id/proseed/uploads/deskripsi/4590.pdf
db-vardaf,Mentimun,KE 4383,095/Kpts/SR.120/D.2.7/8/2016,2016,sayuran/pangan semusim,404,https://perbenihanhorti.id/proseed/uploads/deskripsi/4591.pdf
db-vardaf,Paria,PA 16347,096/Kpts/SR.120/D.2.7/8/2016,2016,sayuran/pangan semusim,404,https://perbenihanhorti.id/proseed/uploads/deskripsi/4592.pdf
db-vardaf,Semangka,SE 194,097/Kpts/SR.120/D.2.7/8/2016,2016,sayuran/pangan semusim,404,https://perbenihanhorti.id/proseed/uploads/deskripsi/4593.pdf
db-vardaf,Terong,TP 2804,098/Kpts/SR.120/D.2.7/8/2016,2016,sayuran/pangan semusim,404,https://perbenihanhorti.id/proseed/uploads/deskripsi/4594.pdf
db-vardaf,Tomat,MGTO 01,099/Kpts/SR.120/D.2.7/8/2016,2016,sayuran/pangan semusim,404,https://perbenihanhorti.id/proseed/uploads/deskripsi/4595.pdf
db-vardaf,Cabai Besar,CB 8686,101/Kpts/SR.120/D.2.7/9/2016,2016,sayuran/pangan semusim,404,https://perbenihanhorti.id/proseed/uploads/deskripsi/4597.pdf
db-vardaf,Kacang Panjang,Temon,102/Kpts/SR.120/D.2.7/9/2016,2016,sayuran/pangan semusim,404,https://perbenihanhorti.id/proseed/uploads/deskripsi/4598.pdf
db-vardaf,Paria,Quadra,103/Kpts/SR.120/D.2.7/9/2016,2016,sayuran/pangan semusim,404,https://perbenihanhorti.id/proseed/uploads/deskripsi/4599.pdf
db-vardaf,Tomat Rampai,Sikam,104/Kpts/SR.120/D.2.7/9/2016,2016,sayuran/pangan semusim,404,https://perbenihanhorti.id/proseed/uploads/deskripsi/4600.pdf
db-vardaf,Tomat,TO 22309,105/Kpts/SR.120/D.2.7/9/2016,2016,sayuran/pangan semusim,404,https://perbenihanhorti.id/proseed/uploads/deskripsi/4601.pdf
db-vardaf,Cabai Keriting,CK 20175,106/Kpts/SR.120/D.2.7/9/2016,2016,sayuran/pangan semusim,404,https://perbenihanhorti.id/proseed/uploads/deskripsi/4602.pdf
db-vardaf,Cabai Besar,GSG 6,001/Kpts/SR.120/D.2.7/1/2015,2015,sayuran/pangan semusim,404,https://perbenihanhorti.id/proseed/uploads/deskripsi/4317.pdf
db-vardaf,Cabai Besar,GSG 13,002/Kpts/SR.120/D.2.7/1/2015,2015,sayuran/pangan semusim,404,https://perbenihanhorti.id/proseed/uploads/deskripsi/4319.pdf
db-vardaf,Jagung Manis,Prisa,003/Kpts/SR.120/D.2.7/1/2015,2015,sayuran/pangan semusim,404,https://perbenihanhorti.id/proseed/uploads/deskripsi/4320.pdf
db-vardaf,Jagung Manis,Fania,004/Kpts/SR.120/D.2.7/1/2015,2015,sayuran/pangan semusim,404,https://perbenihanhorti.id/proseed/uploads/deskripsi/4321.pdf
db-vardaf,Slada,LE 1889,005/Kpts/SR.120/D.2.7/1/2015,2015,sayuran/pangan semusim,404,https://perbenihanhorti.id/proseed/uploads/deskripsi/4322.pdf
db-vardaf,Terong,AGB TEU 0106,011/Kpts/SR.120/D.2.7/2/2015,2015,sayuran/pangan semusim,404,https://perbenihanhorti.id/proseed/uploads/deskripsi/4324.pdf
db-vardaf,Terong,AGB TEP 0310,012/Kpts/SR.120/D.2.7/2/2015,2015,sayuran/pangan semusim,404,https://perbenihanhorti.id/proseed/uploads/deskripsi/4325.pdf
db-vardaf,Cabai Rawit,MHANU,013/Kpts/SR.120/D.2.7/2/2015,2015,sayuran/pangan semusim,404,https://perbenihanhorti.id/proseed/uploads/deskripsi/4326.pdf
db-vardaf,Cabai Besar,Anies IPB,008/Kpts/SR.120/D.2.7/2/2015,2015,sayuran/pangan semusim,404,https://perbenihanhorti.id/proseed/uploads/deskripsi/4327.pdf
db-vardaf,Jagung Manis,SC 8811,010/Kpts/SR.120/D.2.7/2/2015,2015,sayuran/pangan semusim,404,https://perbenihanhorti.id/proseed/uploads/deskripsi/4328.pdf
db-vardaf,Paria,MC 2604,014/Kpts/SR.120/D.2.7/2/2015,2015,sayuran/pangan semusim,404,https://perbenihanhorti.id/proseed/uploads/deskripsi/4329.pdf
db-vardaf,Paria,MC 669,015/Kpts/SR.120/D.2.7/2/2015,2015,sayuran/pangan semusim,404,https://perbenihanhorti.id/proseed/uploads/deskripsi/4330.pdf
db-vardaf,Bawang Merah,TSS Agrihort 2,016/Kpts/SR.120/D.2.7/2/2015,2015,sayuran/pangan semusim,404,https://perbenihanhorti.id/proseed/uploads/deskripsi/4331.pdf
db-vardaf,Bawang Merah,TSS Agrihort 1,017/Kpts/SR.120/D.2.7/2/2015,2015,sayuran/pangan semusim,404,https://perbenihanhorti.id/proseed/uploads/deskripsi/4332.pdf
db-vardaf,Semangka,WM ASA 106,020/Kpts/SR.120/D.2.7/2/2015,2015,sayuran/pangan semusim,404,https://perbenihanhorti.id/proseed/uploads/deskripsi/4335.pdf
db-vardaf,Melon,M 381,021/Kpts/SR.120/D.2.7/2/2015,2015,sayuran/pangan semusim,404,https://perbenihanhorti.id/proseed/uploads/deskripsi/4336.pdf
db-vardaf,Melon,ME 1175,065/Kpts/SR.120/D.2.7/6/2015,2015,sayuran/pangan semusim,404,https://perbenihanhorti.id/proseed/uploads/deskripsi/4338.pdf
db-vardaf,Melon,Moonlight,087/Kpts/SR.120/D.2.7/7/2015,2015,sayuran/pangan semusim,404,https://perbenihanhorti.id/proseed/uploads/deskripsi/4339.pdf
db-vardaf,Melon,Green Flash,088/Kpts/SR.120/D.2.7/7/2015,2015,sayuran/pangan semusim,404,https://perbenihanhorti.id/proseed/uploads/deskripsi/4340.pdf
db-vardaf,Jagung Manis,SC 29422,009/Kpts/SR.120/D.2.7/2/2015,2015,sayuran/pangan semusim,404,https://perbenihanhorti.id/proseed/uploads/deskripsi/4341.pdf
db-vardaf,Kacang Panjang,Phyton,029/Kpts/SR.120/D.2.7/3/2015,2015,sayuran/pangan semusim,404,https://perbenihanhorti.id/proseed/uploads/deskripsi/4348.pdf
db-vardaf,Pepaya,Carvita Agrihorti,030/Kpts/SR.120/D.2.7/3/2015,2015,sayuran/pangan semusim,404,https://perbenihanhorti.id/proseed/uploads/deskripsi/4349.pdf
db-vardaf,Cabai Besar,UNPAD CB 1,031/Kpts/SR.120/D.2.7/3/2015,2015,sayuran/pangan semusim,404,https://perbenihanhorti.id/proseed/uploads/deskripsi/4350.pdf
db-vardaf,Cabai Besar,UNPAD CB 2,032/Kpts/SR.120/D.2.7/3/2015,2015,sayuran/pangan semusim,404,https://perbenihanhorti.id/proseed/uploads/deskripsi/4351.pdf
db-vardaf,Cabai Keriting,UNPAD CK 3,033/Kpts/SR.120/D.2.7/3/2015,2015,sayuran/pangan semusim,404,https://perbenihanhorti.id/proseed/uploads/deskripsi/4352.pdf
db-vardaf,Cabai Keriting,UNPAD CK 5,034/Kpts/SR.120/D.2.7/3/2015,2015,sayuran/pangan semusim,404,https://perbenihanhorti.id/proseed/uploads/deskripsi/4353.pdf
db-vardaf,Jagung Manis,Gandari,036/Kpts/SR.120/D.2.7/4/2015,2015,sayuran/pangan semusim,404,https://perbenihanhorti.id/proseed/uploads/deskripsi/4355.pdf
db-vardaf,Jagung Manis,Garuda Kuning,037/Kpts/SR.120/D.2.7/4/2015,2015,sayuran/pangan semusim,404,https://perbenihanhorti.id/proseed/uploads/deskripsi/4356.pdf
db-vardaf,Terong,Pertiwi,038/Kpts/SR.120/D.2.7/4/2015,2015,sayuran/pangan semusim,404,https://perbenihanhorti.id/proseed/uploads/deskripsi/4357.pdf
db-vardaf,Cabai Rawit,CF 1999,039/Kpts/SR.120/D.2.7/5/2015,2015,sayuran/pangan semusim,404,https://perbenihanhorti.id/proseed/uploads/deskripsi/4358.pdf
db-vardaf,Cabai Keriting,CKSB 02,040/Kpts/SR.120/D.2.7/5/2015,2015,sayuran/pangan semusim,404,https://perbenihanhorti.id/proseed/uploads/deskripsi/4359.pdf
db-vardaf,Cabai Keriting,CKSB 06,041/Kpts/SR.120/D.2.7/5/2015,2015,sayuran/pangan semusim,404,https://perbenihanhorti.id/proseed/uploads/deskripsi/4360.pdf
db-vardaf,Cabai Rawit,CBR 001,042/Kpts/SR.120/D.2.7/5/2015,2015,sayuran/pangan semusim,404,https://perbenihanhorti.id/proseed/uploads/deskripsi/4361.pdf
db-vardaf,Kacang Panjang,GS 1,044/Kpts/SR.120/D.2.7/5/2015,2015,sayuran/pangan semusim,404,https://perbenihanhorti.id/proseed/uploads/deskripsi/4363.pdf
db-vardaf,Kailan,KL 2224,045/Kpts/SR.120/D.2.7/5/2015,2015,sayuran/pangan semusim,404,https://perbenihanhorti.id/proseed/uploads/deskripsi/4364.pdf
db-vardaf,Kacang Panjang,GS 3,053/Kpts/SR.120/D.2.7/5/2015,2015,sayuran/pangan semusim,404,https://perbenihanhorti.id/proseed/uploads/deskripsi/4372.pdf
db-vardaf,Mentimun,GS 34,054/Kpts/SR.120/D.2.7/5/2015,2015,sayuran/pangan semusim,404,https://perbenihanhorti.id/proseed/uploads/deskripsi/4373.pdf
db-vardaf,Mentimun,MTMT 01,055/Kpts/SR.120/D.2.7/5/2015,2015,sayuran/pangan semusim,404,https://perbenihanhorti.id/proseed/uploads/deskripsi/4374.pdf
db-vardaf,Paria,Parjo 02,056/Kpts/SR.120/D.2.7/5/2015,2015,sayuran/pangan semusim,404,https://perbenihanhorti.id/proseed/uploads/deskripsi/4375.pdf
db-vardaf,Semangka,WM 2490,057/Kpts/SR.120/D.2.7/5/2015,2015,sayuran/pangan semusim,404,https://perbenihanhorti.id/proseed/uploads/deskripsi/4376.pdf
db-vardaf,Cabai Besar,CA 9654,060/Kpts/SR.120/D.2.7/6/2015,2015,sayuran/pangan semusim,404,https://perbenihanhorti.id/proseed/uploads/deskripsi/4379.pdf
db-vardaf,Cabai Keriting,CK 9856,061/Kpts/SR.120/D.2.7/6/2015,2015,sayuran/pangan semusim,404,https://perbenihanhorti.id/proseed/uploads/deskripsi/4380.pdf
db-vardaf,Kacang Panjang,KPR 541,064/Kpts/SR.120/D.2.7/6/2015,2015,sayuran/pangan semusim,404,https://perbenihanhorti.id/proseed/uploads/deskripsi/4383.pdf
db-vardaf,Oyong / Gambas,BG 667,066/Kpts/SR.120/D.2.7/6/2015,2015,sayuran/pangan semusim,404,https://perbenihanhorti.id/proseed/uploads/deskripsi/4384.pdf
db-vardaf,Paria,PA 701,067/Kpts/SR.120/D.2.7/6/2015,2015,sayuran/pangan semusim,404,https://perbenihanhorti.id/proseed/uploads/deskripsi/4385.pdf
db-vardaf,Paria,PA 702,068/Kpts/SR.120/D.2.7/6/2015,2015,sayuran/pangan semusim,404,https://perbenihanhorti.id/proseed/uploads/deskripsi/4386.pdf
db-vardaf,Semangka,WM 2503,069/Kpts/SR.120/D.2.7/6/2015,2015,sayuran/pangan semusim,404,https://perbenihanhorti.id/proseed/uploads/deskripsi/4387.pdf
db-vardaf,Semangka,WM 2505,070/Kpts/SR.120/D.2.7/6/2015,2015,sayuran/pangan semusim,404,https://perbenihanhorti.id/proseed/uploads/deskripsi/4388.pdf
db-vardaf,Semangka,WM 2967,071/Kpts/SR.120/D.2.7/6/2015,2015,sayuran/pangan semusim,404,https://perbenihanhorti.id/proseed/uploads/deskripsi/4389.pdf
db-vardaf,Tomat,Gallant,072/Kpts/SR.120/D.2.7/6/2015,2015,sayuran/pangan semusim,404,https://perbenihanhorti.id/proseed/uploads/deskripsi/4390.pdf
db-vardaf,Tomat,TO 76305,073/Kpts/SR.120/D.2.7/6/2015,2015,sayuran/pangan semusim,404,https://perbenihanhorti.id/proseed/uploads/deskripsi/4391.pdf
db-vardaf,Kentang,AR 07 Agrihorti,074/Kpts/SR.120/D.2.7/6/2015,2015,sayuran/pangan semusim,404,https://perbenihanhorti.id/proseed/uploads/deskripsi/4392.pdf
db-vardaf,Kentang,AR 08 Agrihorti,075/Kpts/SR.120/D.2.7/6/2015,2015,sayuran/pangan semusim,404,https://perbenihanhorti.id/proseed/uploads/deskripsi/4393.pdf
db-vardaf,Kentang,Olimpus Agrihorti,076/Kpts/SR.120/D.2.7/6/2015,2015,sayuran/pangan semusim,404,https://perbenihanhorti.id/proseed/uploads/deskripsi/4394.pdf
db-vardaf,Tomat,Diva,2057/Kpts/SR.120/5/2009,2009,sayuran/pangan semusim,404,https://perbenihanhorti.id/proseed/uploads/deskripsi/4398.pdf
db-vardaf,Tomat,Djuve,081/Kpts/SR.120/D.2.7/6/2015,2015,sayuran/pangan semusim,404,https://perbenihanhorti.id/proseed/uploads/deskripsi/4399.pdf
db-vardaf,Tomat,Kendedes,082/Kpts/SR.120/D.2.7/6/2015,2015,sayuran/pangan semusim,404,https://perbenihanhorti.id/proseed/uploads/deskripsi/4400.pdf
db-vardaf,Tomat,Selena,083/Kpts/SR.120/D.2.7/6/2015,2015,sayuran/pangan semusim,404,https://perbenihanhorti.id/proseed/uploads/deskripsi/4401.pdf
db-vardaf,Tomat,Tora IPB,084/Kpts/SR.120/D.2.7/7/2015,2015,sayuran/pangan semusim,404,https://perbenihanhorti.id/proseed/uploads/deskripsi/4402.pdf
db-vardaf,Mentimun,CU 5648,085/Kpts/SR.120/D.2.7/7/2015,2015,sayuran/pangan semusim,404,https://perbenihanhorti.id/proseed/uploads/deskripsi/4403.pdf
db-vardaf,Mentimun,CU 5118,086/Kpts/SR.120/D.2.7/7/2015,2015,sayuran/pangan semusim,404,https://perbenihanhorti.id/proseed/uploads/deskripsi/4404.pdf
db-vardaf,Labu,LA 1203,091/Kpts/SR.120/D.2.7/7/2015,2015,sayuran/pangan semusim,404,https://perbenihanhorti.id/proseed/uploads/deskripsi/4407.pdf
db-vardaf,Kangkung,Pusaka 33,092/Kpts/SR.120/D.2.7/7/2015,2015,sayuran/pangan semusim,404,https://perbenihanhorti.id/proseed/uploads/deskripsi/4408.pdf
db-vardaf,Kacang Panjang,Kilisuci,093/Kpts/SR.120/D.2.7/7/2015,2015,sayuran/pangan semusim,404,https://perbenihanhorti.id/proseed/uploads/deskripsi/4409.pdf
db-vardaf,Kacang Panjang,Kencana 75,094/Kpts/SR.120/D.2.7/7/2015,2015,sayuran/pangan semusim,404,https://perbenihanhorti.id/proseed/uploads/deskripsi/4410.pdf
db-vardaf,Cabai Rawit,CF 3253,095/Kpts/SR.120/D.2.7/7/2015,2015,sayuran/pangan semusim,404,https://perbenihanhorti.id/proseed/uploads/deskripsi/4411.pdf
db-vardaf,Cabai Rawit,CF 3251,096/Kpts/SR.120/D.2.7/7/2015,2015,sayuran/pangan semusim,404,https://perbenihanhorti.id/proseed/uploads/deskripsi/4412.pdf
db-vardaf,Tomat,Mhano,097/Kpts/SR.120/D.2.7/8/2015,2015,sayuran/pangan semusim,404,https://perbenihanhorti.id/proseed/uploads/deskripsi/4413.pdf
db-vardaf,Tomat,SL 11618,098/Kpts/SR.120/D.2.7/8/2015,2015,sayuran/pangan semusim,404,https://perbenihanhorti.id/proseed/uploads/deskripsi/4414.pdf
db-vardaf,Sawi hijau,Emerald 03,099/Kpts/SR.120/D.2.7/8/2015,2015,sayuran/pangan semusim,404,https://perbenihanhorti.id/proseed/uploads/deskripsi/4415.pdf
db-vardaf,Sawi hijau,Aura SS 05,100/Kpts/SR.120/D.2.7/8/2015,2015,sayuran/pangan semusim,404,https://perbenihanhorti.id/proseed/uploads/deskripsi/4416.pdf
db-vardaf,Terong,TP 1234,101/Kpts/SR.120/D.2.7/8/2015,2015,sayuran/pangan semusim,404,https://perbenihanhorti.id/proseed/uploads/deskripsi/4417.pdf
db-vardaf,Slada,LE 082,102/Kpts/SR.120/D.2.7/8/2015,2015,sayuran/pangan semusim,404,https://perbenihanhorti.id/proseed/uploads/deskripsi/4418.pdf
db-vardaf,Sawi hijau,CS 1433,103/Kpts/SR.120/D.2.7/8/2015,2015,sayuran/pangan semusim,404,https://perbenihanhorti.id/proseed/uploads/deskripsi/4419.pdf
db-vardaf,Kubis Bunga,KF 2040,104/Kpts/SR.120/D.2.7/8/2015,2015,sayuran/pangan semusim,404,https://perbenihanhorti.id/proseed/uploads/deskripsi/4420.pdf
db-vardaf,Cabai Besar,CB 2004,107/Kpts/SR.120/D.2.7/9/2015,2015,sayuran/pangan semusim,404,https://perbenihanhorti.id/proseed/uploads/deskripsi/4423.pdf
db-vardaf,Cabai Besar,CB 2006,108/Kpts/SR.120/D.2.7/9/2015,2015,sayuran/pangan semusim,404,https://perbenihanhorti.id/proseed/uploads/deskripsi/4424.pdf
db-vardaf,Cabai Rawit,CF 3252,109/Kpts/SR.120/D.2.7/9/2015,2015,sayuran/pangan semusim,404,https://perbenihanhorti.id/proseed/uploads/deskripsi/4425.pdf
db-vardaf,Cabai Besar,Crista,110/Kpts/SR.120/D.2.7/9/2015,2015,sayuran/pangan semusim,404,https://perbenihanhorti.id/proseed/uploads/deskripsi/4426.pdf
db-vardaf,Cabai Keriting,Maghma,111/Kpts/SR.120/D.2.7/9/2015,2015,sayuran/pangan semusim,404,https://perbenihanhorti.id/proseed/uploads/deskripsi/4427.pdf
db-vardaf,Cabai Rawit,Prima Agrihorti,112/Kpts/SR.120/D.2.7/9/2015,2015,sayuran/pangan semusim,404,https://perbenihanhorti.id/proseed/uploads/deskripsi/4428.pdf
db-vardaf,Cabai Rawit,Rabani Agrihorti,113/Kpts/SR.120/D.2.7/9/2015,2015,sayuran/pangan semusim,404,https://perbenihanhorti.id/proseed/uploads/deskripsi/4429.pdf
db-vardaf,Kacang Panjang,Enno 1463,115/Kpts/SR.120/D.2.7/9/2015,2015,sayuran/pangan semusim,404,https://perbenihanhorti.id/proseed/uploads/deskripsi/4431.pdf
db-vardaf,Kacang Panjang,KP 2316,116/Kpts/SR.120/D.2.7/9/2015,2015,sayuran/pangan semusim,404,https://perbenihanhorti.id/proseed/uploads/deskripsi/4432.pdf
db-vardaf,Mentimun,CU ASA 115,117/Kpts/SR.120/D.2.7/9/2015,2015,sayuran/pangan semusim,404,https://perbenihanhorti.id/proseed/uploads/deskripsi/4433.pdf
db-vardaf,Mentimun,Enno 704,118/Kpts/SR.120/D.2.7/9/2015,2015,sayuran/pangan semusim,404,https://perbenihanhorti.id/proseed/uploads/deskripsi/4434.pdf
db-vardaf,Mentimun,KE 4285,119/Kpts/SR.120/D.2.7/9/2015,2015,sayuran/pangan semusim,404,https://perbenihanhorti.id/proseed/uploads/deskripsi/4435.pdf
db-vardaf,Mentimun,KE 4346,120/Kpts/SR.120/D.2.7/9/2015,2015,sayuran/pangan semusim,404,https://perbenihanhorti.id/proseed/uploads/deskripsi/4436.pdf
db-vardaf,Oyong / Gambas,OY 038,121/Kpts/SR.120/D.2.7/9/2015,2015,sayuran/pangan semusim,404,https://perbenihanhorti.id/proseed/uploads/deskripsi/4437.pdf
db-vardaf,Pepaya,PY ASA 01,122/Kpts/SR.120/D.2.7/9/2015,2015,sayuran/pangan semusim,404,https://perbenihanhorti.id/proseed/uploads/deskripsi/4438.pdf
db-vardaf,Semangka,Fahira,123/Kpts/SR.120/D.2.7/9/2015,2015,sayuran/pangan semusim,404,https://perbenihanhorti.id/proseed/uploads/deskripsi/4439.pdf
db-vardaf,Semangka,Legimo 01,124/Kpts/SR.120/D.2.7/9/2015,2015,sayuran/pangan semusim,404,https://perbenihanhorti.id/proseed/uploads/deskripsi/4440.pdf
db-vardaf,Semangka,Ovin,125/Kpts/SR.120/D.2.7/9/2015,2015,sayuran/pangan semusim,404,https://perbenihanhorti.id/proseed/uploads/deskripsi/4441.pdf
db-vardaf,Semangka,Serif Saga Agrihorti,126/Kpts/SR.120/D.2.7/9/2015,2015,sayuran/pangan semusim,404,https://perbenihanhorti.id/proseed/uploads/deskripsi/4442.pdf
db-vardaf,Semangka,WM 2429,127/Kpts/SR.120/D.2.7/9/2015,2015,sayuran/pangan semusim,404,https://perbenihanhorti.id/proseed/uploads/deskripsi/4443.pdf
db-vardaf,Semangka,WM 2479,128/Kpts/SR.120/D.2.7/9/2015,2015,sayuran/pangan semusim,404,https://perbenihanhorti.id/proseed/uploads/deskripsi/4444.pdf
db-vardaf,Semangka,WM 8867,129/Kpts/SR.120/D.2.7/9/2015,2015,sayuran/pangan semusim,404,https://perbenihanhorti.id/proseed/uploads/deskripsi/4445.pdf
db-vardaf,Terong,TB 412,130/Kpts/SR.120/D.2.7/9/2015,2015,sayuran/pangan semusim,404,https://perbenihanhorti.id/proseed/uploads/deskripsi/4446.pdf
db-vardaf,Terong,TB 413,131/Kpts/SR.120/D.2.7/9/2015,2015,sayuran/pangan semusim,404,https://perbenihanhorti.id/proseed/uploads/deskripsi/4447.pdf
db-vardaf,Terong,TP 089,132/Kpts/SR.120/D.2.7/9/2015,2015,sayuran/pangan semusim,404,https://perbenihanhorti.id/proseed/uploads/deskripsi/4448.pdf
db-vardaf,Terong,TP 091,133/Kpts/SR.120/D.2.7/9/2015,2015,sayuran/pangan semusim,404,https://perbenihanhorti.id/proseed/uploads/deskripsi/4449.pdf
db-vardaf,Tomat,Kani,134/Kpts/SR.120/D.2.7/9/2015,2015,sayuran/pangan semusim,404,https://perbenihanhorti.id/proseed/uploads/deskripsi/4450.pdf
db-vardaf,Tomat,Vittorio,135/Kpts/SR.120/D.2.7/9/2015,2015,sayuran/pangan semusim,404,https://perbenihanhorti.id/proseed/uploads/deskripsi
db-vardaf,Cabai Besar,CB 42387,144/Kpts/SR.120/D.2.7/10/2015,2015,sayuran/pangan semusim,404,https://perbenihanhorti.id/proseed/uploads/deskripsi/4460.pdf
db-vardaf,Kangkung,KG 2086,151/Kpts/SR.120/D.2.7/10/2015,2015,sayuran/pangan semusim,404,https://perbenihanhorti.id/proseed/uploads/deskripsi/4467.pdf
db-vardaf,Kangkung,KG 2893,152/Kpts/SR.120/D.2.7/10/2015,2015,sayuran/pangan semusim,404,https://perbenihanhorti.id/proseed/uploads/deskripsi/4468.pdf
db-vardaf,Labu,LA 1201,153/Kpts/SR.120/D.2.7/10/2015,2015,sayuran/pangan semusim,404,https://perbenihanhorti.id/proseed/uploads/deskripsi/4469.pdf
db-vardaf,Labu,LA 1202,154/Kpts/SR.120/D.2.7/10/2015,2015,sayuran/pangan semusim,404,https://perbenihanhorti.id/proseed/uploads/deskripsi
db-vardaf,Mentimun,CU ASA 116,155/Kpts/SR.120/D.2.7/10/2015,2015,sayuran/pangan semusim,404,https://perbenihanhorti.id/proseed/uploads/deskripsi/4471.pdf
db-vardaf,Mentimun,KE 34367,156/Kpts/SR.120/D.2.7/10/2015,2015,sayuran/pangan semusim,404,https://perbenihanhorti.id/proseed/uploads/deskripsi/4472.pdf
db-vardaf,Paria,PA 2835,157/Kpts/SR.120/D.2.7/10/2015,2015,sayuran/pangan semusim,404,https://perbenihanhorti.id/proseed/uploads/deskripsi/4473.pdf
db-vardaf,Paria,PA 2965,158/Kpts/SR.120/D.2.7/10/2015,2015,sayuran/pangan semusim,404,https://perbenihanhorti.id/proseed/uploads/deskripsi/4474.pdf
db-vardaf,Semangka,WM 2685,159/Kpts/SR.120/D.2.7/10/2015,2015,sayuran/pangan semusim,404,https://perbenihanhorti.id/proseed/uploads/deskripsi/4475.pdf
db-vardaf,Terong,TB 415,160/Kpts/SR.120/D.2.7/10/2015,2015,sayuran/pangan semusim,404,https://perbenihanhorti.id/proseed/uploads/deskripsi/4476.pdf
db-vardaf,Terong,TP 2312,161/Kpts/SR.120/D.2.7/10/2015,2015,sayuran/pangan semusim,404,https://perbenihanhorti.id/proseed/uploads/deskripsi/4477.pdf
db-vardaf,Tomat,TO 132,162/Kpts/SR.120/D.2.7/10/2015,2015,sayuran/pangan semusim,404,https://perbenihanhorti.id/proseed/uploads/deskripsi/4478.pdf
db-vardaf,Tomat,TO 3428,163/Kpts/SR.120/D.2.7/10/2015,2015,sayuran/pangan semusim,404,https://perbenihanhorti.id/proseed/uploads/deskripsi/4479.pdf
db-vardaf,Melon,Tacapa GB,165/Kpts/SR.120/D.2.7/11/2015,2015,sayuran/pangan semusim,404,https://perbenihanhorti.id/proseed/uploads/deskripsi/4481.pdf
db-vardaf,Melon,Tacapa Silver,166/Kpts/SR.120/D.2.7/11/2015,2015,sayuran/pangan semusim,404,https://perbenihanhorti.id/proseed/uploads/deskripsi/4482.pdf
db-vardaf,Terong,TPJ 095,168/Kpts/SR.120/D.2.7/11/2015,2015,sayuran/pangan semusim,404,https://perbenihanhorti.id/proseed/uploads/deskripsi/4484.pdf
db-vardaf,Tomat,Astera,169/Kpts/SR.120/D.2.7/11/2015,2015,sayuran/pangan semusim,404,https://perbenihanhorti.id/proseed/uploads/deskripsi/4485.pdf
db-vardaf,Tomat,Levana,170/Kpts/SR.120/D.2.7/11/2015,2015,sayuran/pangan semusim,404,https://perbenihanhorti.id/proseed/uploads/deskripsi/4486.pdf
db-vardaf,Tomat,Resto,171/Kpts/SR.120/D.2.7/11/2015,2015,sayuran/pangan semusim,404,https://perbenihanhorti.id/proseed/uploads/deskripsi/4487.pdf
db-vardaf,Cabai Rawit,Dhanu,173/Kpts/SR.120/D.2.7/12/2015,2015,sayuran/pangan semusim,404,https://perbenihanhorti.id/proseed/uploads/deskripsi/4489.pdf
db-vardaf,Cabai Keriting,BISI HP 31,174/Kpts/SR.120/D.2.7/12/2015,2015,sayuran/pangan semusim,404,https://perbenihanhorti.id/proseed/uploads/deskripsi/4490.pdf
db-vardaf,Cabai Besar,BISI HP 32,175/Kpts/SR.120/D.2.7/12/2015,2015,sayuran/pangan semusim,404,https://perbenihanhorti.id/proseed/uploads/deskripsi/4491.pdf
db-vardaf,Melon,Melindo 15,177/Kpts/SR.120/D.2.7/12/2015,2015,sayuran/pangan semusim,404,https://perbenihanhorti.id/proseed/uploads/deskripsi/4493.pdf
db-vardaf,Mentimun,Bhakti,178/Kpts/SR.120/D.2.7/12/2015,2015,sayuran/pangan semusim,404,https://perbenihanhorti.id/proseed/uploads/deskripsi/4494.pdf
db-vardaf,Mentimun,Tirta,179/Kpts/SR.120/D.2.7/12/2015,2015,sayuran/pangan semusim,404,https://perbenihanhorti.id/proseed/uploads/deskripsi/4495.pdf
db-vardaf,Cabai Rawit,Patra 3,180/Kpts/SR.120/D.2.7/12/2015,2015,sayuran/pangan semusim,404,https://perbenihanhorti.id/proseed/uploads/deskripsi/4496.pdf
db-vardaf,Kacang Panjang,KP ASA 239,036/Kpts/SR.120/D.2.7/5/2014,2014,sayuran/pangan semusim,404,https://perbenihanhorti.id/proseed/uploads/deskripsi/4147.pdf
db-vardaf,Paria,MC 1020,037/Kpts/SR.120/D.2.7/5/2014,2014,sayuran/pangan semusim,404,https://perbenihanhorti.id/proseed/uploads/deskripsi/4148.pdf
db-vardaf,Pepaya,Agri Solinda,038/Kpts/SR.120/D.2.7/5/2014,2014,sayuran/pangan semusim,404,https://perbenihanhorti.id/proseed/uploads/deskripsi/4149.pdf
db-vardaf,Kacang Panjang,KP ASA 267,043/Kpts/SR.120/D.2.7/6/2014,2014,sayuran/pangan semusim,404,https://perbenihanhorti.id/proseed/uploads/deskripsi/4241.pdf
db-vardaf,Terong,TP 13886,044/Kpts/SR.120/D.2.7/6/2014,2014,sayuran/pangan semusim,404,https://perbenihanhorti.id/proseed/uploads/deskripsi/4242.pdf
db-vardaf,Melon,PERTIWI,041/Kpts/SR.120/D.2.7/6/2014,2014,sayuran/pangan semusim,404,https://perbenihanhorti.id/proseed/uploads/deskripsi/4243.pdf
db-vardaf,Cabai Besar,MACHO,059/Kpts/SR.120/D.2.7/7/2014,2014,sayuran/pangan semusim,404,https://perbenihanhorti.id/proseed/uploads/deskripsi/4250.pdf
db-vardaf,Kacang Panjang,VA 564,056/Kpts/SR.120/D.2.7/7/2014,2014,sayuran/pangan semusim,404,https://perbenihanhorti.id/proseed/uploads/deskripsi/4251.pdf
db-vardaf,Mentimun,TJHL 2808,062/Kpts/SR.120/D.2.7/7/2014,2014,sayuran/pangan semusim,404,https://perbenihanhorti.id/proseed/uploads/deskripsi/4259.pdf
db-vardaf,Mentimun,TJHL 2811,063/Kpts/SR.120/D.2.7/7/2014,2014,sayuran/pangan semusim,404,https://perbenihanhorti.id/proseed/uploads/deskripsi/4260.pdf
db-vardaf,Mentimun,TJHL 2812,064/Kpts/SR.120/D.2.7/7/2014,2014,sayuran/pangan semusim,404,https://perbenihanhorti.id/proseed/uploads/deskripsi/4261.pdf
db-vardaf,Sawi putih / Petsai,WINDY,060/Kpts/SR.120/D.2.7/7/2014,2014,sayuran/pangan semusim,404,https://perbenihanhorti.id/proseed/uploads/deskripsi/4263.pdf
db-vardaf,Semangka,SAGITA,061/Kpts/SR.120/D.2.7/7/2014,2014,sayuran/pangan semusim,404,https://perbenihanhorti.id/proseed/uploads/deskripsi/4264.pdf
db-vardaf,Semangka,SSB 01,065/Kpts/SR.120/D.2.7/7/2014,2014,sayuran/pangan semusim,404,https://perbenihanhorti.id/proseed/uploads/deskripsi/4265.pdf
db-vardaf,Semangka,WM 1263,058/Kpts/SR.120/D.2.7/7/2014,2014,sayuran/pangan semusim,404,https://perbenihanhorti.id/proseed/uploads/deskripsi/4266.pdf
db-vardaf,Terong,SS 963,057/Kpts/SR.120/D.2.7/7/2014,2014,sayuran/pangan semusim,404,https://perbenihanhorti.id/proseed/uploads/deskripsi/4267.pdf
db-vardaf,Kangkung,KK 483,068/Kpts/SR.120/D.2.7/8/2014,2014,sayuran/pangan semusim,404,https://perbenihanhorti.id/proseed/uploads/deskripsi/4270.pdf
db-vardaf,Mentimun,KE 30685,069/Kpts/SR.120/D.2.7/8/2014,2014,sayuran/pangan semusim,404,https://perbenihanhorti.id/proseed/uploads/deskripsi/4272.pdf
db-vardaf,Paria,PA 13875,070/Kpts/SR.120/D.2.7/8/2014,2014,sayuran/pangan semusim,404,https://perbenihanhorti.id/proseed/uploads/deskripsi/4273.pdf
db-vardaf,Seledri,SD 1011,066/Kpts/SR.120/D.2.7/8/2014,2014,sayuran/pangan semusim,404,https://perbenihanhorti.id/proseed/uploads/deskripsi/4274.pdf
db-vardaf,Seledri,SD 1012,067/Kpts/SR.120/D.2.7/8/2014,2014,sayuran/pangan semusim,404,https://perbenihanhorti.id/proseed/uploads/deskripsi/4275.pdf
db-vardaf,Terong,TB 2287,071/Kpts/SR.120/D.2.7/8/2014,2014,sayuran/pangan semusim,404,https://perbenihanhorti.id/proseed/uploads/deskripsi/4276.pdf
db-vardaf,Kacang Buncis,PERTIWI,075/Kpts/SR.120/D.2.7/9/2014,2014,sayuran/pangan semusim,404,https://perbenihanhorti.id/proseed/uploads/deskripsi/4277.pdf
db-vardaf,Kacang Panjang,KPMT 01,079/Kpts/SR.120/D.2.7/9/2014,2014,sayuran/pangan semusim,404,https://perbenihanhorti.id/proseed/uploads/deskripsi/4278.pdf
db-vardaf,Kacang Panjang,KPMT 02,080/Kpts/SR.120/D.2.7/9/2014,2014,sayuran/pangan semusim,404,https://perbenihanhorti.id/proseed/uploads/deskripsi/4279.pdf
db-vardaf,Kacang Panjang,PANGERAN ANVI,076/Kpts/SR.120/D.2.7/9/2014,2014,sayuran/pangan semusim,404,https://perbenihanhorti.id/proseed/uploads/deskripsi/4280.pdf
db-vardaf,Kacang Panjang,PERTIWI,077/Kpts/SR.120/D.2.7/9/2014,2014,sayuran/pangan semusim,404,https://perbenihanhorti.id/proseed/uploads/deskripsi/4281.pdf
db-vardaf,Sawi putih / Petsai,SITIWI,078/Kpts/SR.120/D.2.7/9/2014,2014,sayuran/pangan semusim,404,https://perbenihanhorti.id/proseed/uploads/deskripsi/4282.pdf
db-vardaf,Bayam,BA 286,082/Kpts/SR.120/D.2.7/10/2014,2014,sayuran/pangan semusim,404,https://perbenihanhorti.id/proseed/uploads/deskripsi/4285.pdf
db-vardaf,Bayam,BA 287,083/Kpts/SR.120/D.2.7/10/2014,2014,sayuran/pangan semusim,404,https://perbenihanhorti.id/proseed/uploads/deskripsi/4286.pdf
db-vardaf,Cabai Rawit,CR 5243,084/Kpts/SR.120/D.2.7/10/2014,2014,sayuran/pangan semusim,404,https://perbenihanhorti.id/proseed/uploads/deskripsi/4287.pdf
db-vardaf,Jagung Manis,ZM 1903,089/Kpts/SR.120/D.2.7/10/2014,2014,sayuran/pangan semusim,404,https://perbenihanhorti.id/proseed/uploads/deskripsi/4288.pdf
db-vardaf,Jagung Manis,GC 19099,085/Kpts/SR.120/D.2.7/10/2014,2014,sayuran/pangan semusim,404,https://perbenihanhorti.id/proseed/uploads/deskripsi/4289.pdf
db-vardaf,Melon,ME FV 72,086/Kpts/SR.120/D.2.7/10/2014,2014,sayuran/pangan semusim,404,https://perbenihanhorti.id/proseed/uploads/deskripsi/4290.pdf
db-vardaf,Mentimun,Manora,091/Kpts/SR.120/D.2.7/10/2014,2014,sayuran/pangan semusim,404,https://perbenihanhorti.id/proseed/uploads/deskripsi/4291.pdf
db-vardaf,Terong,SM 1044,090/Kpts/SR.120/D.2.7/10/2014,2014,sayuran/pangan semusim,404,https://perbenihanhorti.id/proseed/uploads/deskripsi/4292.pdf
db-vardaf,Zukini,GOLDEN ZUKI Z11,088/Kpts/SR.120/D.2.7/10/2014,2014,sayuran/pangan semusim,404,https://perbenihanhorti.id/proseed/uploads/deskripsi/4293.pdf
db-vardaf,Zukini,JACKY Z6,087/Kpts/SR.120/D.2.7/10/2014,2014,sayuran/pangan semusim,404,https://perbenihanhorti.id/proseed/uploads/deskripsi/4294.pdf
db-vardaf,Cabai Besar,CARAKA,092/Kpts/SR.120/D.2.7/11/2014,2014,sayuran/pangan semusim,404,https://perbenihanhorti.id/proseed/uploads/deskripsi/4296.pdf
db-vardaf,Cabai Besar,NARMADA,093/Kpts/SR.120/D.2.7/11/2014,2014,sayuran/pangan semusim,404,https://perbenihanhorti.id/proseed/uploads/deskripsi/4297.pdf
db-vardaf,Cabai Besar,GS 455,094/Kpts/SR.120/D.2.7/11/2014,2014,sayuran/pangan semusim,404,https://perbenihanhorti.id/proseed/uploads/deskripsi/4298.pdf
db-vardaf,Kangkung,KOKO 88,097/Kpts/SR.120/D.2.7/11/2014,2014,sayuran/pangan semusim,404,https://perbenihanhorti.id/proseed/uploads/deskripsi/4301.pdf
db-vardaf,Kangkung,Nanda 88,098/Kpts/SR.120/D.2.7/11/2014,2014,sayuran/pangan semusim,404,https://perbenihanhorti.id/proseed/uploads/deskripsi/4302.pdf
db-vardaf,Kubis Bunga,KAYLA,109/Kpts/SR.120/D.2.7/12/2014,2014,sayuran/pangan semusim,404,https://perbenihanhorti.id/proseed/uploads/deskripsi/4312.pdf
db-vardaf,Oyong / Gambas,OY 1962,107/Kpts/SR.120/D.2.7/12/2014,2014,sayuran/pangan semusim,404,https://perbenihanhorti.id/proseed/uploads/deskripsi/4313.pdf
db-vardaf,Semangka,GORRIA,110/Kpts/SR.120/D.2.7/12/2014,2014,sayuran/pangan semusim,404,https://perbenihanhorti.id/proseed/uploads/deskripsi/4314.pdf
db-vardaf,Semangka,REDOVAL,112/Kpts/SR.120/D.2.7/12/2014,2014,sayuran/pangan semusim,404,https://perbenihanhorti.id/proseed/uploads/deskripsi/4315.pdf
db-vardaf,Semangka,VOROS,111/Kpts/SR.120/D.2.7/12/2014,2014,sayuran/pangan semusim,404,https://perbenihanhorti.id/proseed/uploads/deskripsi/4316.pdf
db-vardaf,Cabai Keriting,Aruna,005/Kpts/SR.120/D.2.7/1/2014,2014,sayuran/pangan semusim,404,https://perbenihanhorti.id/proseed/uploads/deskripsi/4112.pdf
db-vardaf,Jagung Manis,JMJHL 162,002/Kpts/SR.120/D.2.7/1/2014,2014,sayuran/pangan semusim,404,https://perbenihanhorti.id/proseed/uploads/deskripsi/4113.pdf
db-vardaf,Jagung Manis,BWX31,003/Kpts/SR.120/D.2.7/1/2014,2014,sayuran/pangan semusim,404,https://perbenihanhorti.id/proseed/uploads/deskripsi/4114.pdf
db-vardaf,Jagung Manis,BWX33,004/Kpts/SR.120/D.2.7/1/2014,2014,sayuran/pangan semusim,404,https://perbenihanhorti.id/proseed/uploads/deskripsi/4115.pdf
db-vardaf,Tomat,Warta 44,001/Kpts/SR.120/D.2.7/1/2014,2014,sayuran/pangan semusim,404,https://perbenihanhorti.id/proseed/uploads/deskripsi/4116.pdf
db-vardaf,Cabai Rawit,CF 857,008/Kpts/SR.120/D.2.7/2/2014,2014,sayuran/pangan semusim,404,https://perbenihanhorti.id/proseed/uploads/deskripsi/4117.pdf
db-vardaf,Paria,MC 711,009/Kpts/SR.120/D.2.7/2/2014,2014,sayuran/pangan semusim,404,https://perbenihanhorti.id/proseed/uploads/deskripsi/4118.pdf
db-vardaf,Tomat,Larisa,007/Kpts/SR.120/D.2.7/2/2014,2014,sayuran/pangan semusim,404,https://perbenihanhorti.id/proseed/uploads/deskripsi/4119.pdf
db-vardaf,Cabai Besar,HPT 1730,015/Kpts/SR.120/D.2.7/3/2014,2014,sayuran/pangan semusim,404,https://perbenihanhorti.id/proseed/uploads/deskripsi/4121.pdf
db-vardaf,Cabai Besar,Royal 77,019/Kpts/SR.120/D.2.7/3/2014,2014,sayuran/pangan semusim,404,https://perbenihanhorti.id/proseed/uploads/deskripsi/4122.pdf
db-vardaf,Cabai Keriting,Phoenix 55,020/Kpts/SR.120/D.2.7/3/2014,2014,sayuran/pangan semusim,404,https://perbenihanhorti.id/proseed/uploads/deskripsi/4123.pdf
db-vardaf,Cabai Keriting,Spiro,022/Kpts/SR.120/D.2.7/3/2014,2014,sayuran/pangan semusim,404,https://perbenihanhorti.id/proseed/uploads/deskripsi/4124.pdf
db-vardaf,Cabai Rawit,HPTr 102,016/Kpts/SR.120/D.2.7/3/2014,2014,sayuran/pangan semusim,404,https://perbenihanhorti.id/proseed/uploads/deskripsi/4125.pdf
db-vardaf,Kacang Panjang,OT 242,013/Kpts/SR.120/D.2.7/3/2014,2014,sayuran/pangan semusim,404,https://perbenihanhorti.id/proseed/uploads/deskripsi/4126.pdf
db-vardaf,Kacang Panjang,Balapati,014/Kpts/SR.120/D.2.7/3/2014,2014,sayuran/pangan semusim,404,https://perbenihanhorti.id/proseed/uploads/deskripsi/4127.pdf
db-vardaf,Kubis Bunga,Aquina,017/Kpts/SR.120/D.2.7/3/2014,2014,sayuran/pangan semusim,404,https://perbenihanhorti.id/proseed/uploads/deskripsi/4128.pdf
db-vardaf,Mentimun,B 013,012/Kpts/SR.120/D.2.7/3/2014,2014,sayuran/pangan semusim,404,https://perbenihanhorti.id/proseed/uploads/deskripsi/4129.pdf
db-vardaf,Mentimun,Vitani,018/Kpts/SR.120/D.2.7/3/2014,2014,sayuran/pangan semusim,404,https://perbenihanhorti.id/proseed/uploads/deskripsi/4130.pdf
db-vardaf,Tomat,Amala 474,010/Kpts/SR.120/D.2.7/3/2014,2014,sayuran/pangan semusim,404,https://perbenihanhorti.id/proseed/uploads/deskripsi/4131.pdf
db-vardaf,Tomat,Maya 353,021/Kpts/SR.120/D.2.7/3/2014,2014,sayuran/pangan semusim,404,https://perbenihanhorti.id/proseed/uploads/deskripsi/4132.pdf
db-vardaf,Melon,Melvita,023/Kpts/SR.120/D.2.7/3/2014,2014,sayuran/pangan semusim,404,https://perbenihanhorti.id/proseed/uploads/deskripsi/4134.pdf
db-vardaf,Melon,Vermelo,024/Kpts/SR.120/D.2.7/3/2014,2014,sayuran/pangan semusim,404,https://perbenihanhorti.id/proseed/uploads/deskripsi/4135.pdf
db-vardaf,Semangka,WM ASA 145,011/Kpts/SR.120/D.2.7/3/2014,2014,sayuran/pangan semusim,404,https://perbenihanhorti.id/proseed/uploads/deskripsi/4138.pdf
db-vardaf,Kacang Panjang,Mada,029/Kpts/SR.120/D.2.7/4/2014,2014,sayuran/pangan semusim,404,https://perbenihanhorti.id/proseed/uploads/deskripsi/4139.pdf
db-vardaf,Kentang,Jala Ipam,028/Kpts/SR.120/D.2.7/4/2014,2014,sayuran/pangan semusim,404,https://perbenihanhorti.id/proseed/uploads/deskripsi/4140.pdf
db-vardaf,Sawi Sendok/Pak Choi,Espress,034/Kpts/SR.120/D.2.7/4/2014,2014,sayuran/pangan semusim,404,https://perbenihanhorti.id/proseed/uploads/deskripsi/4141.pdf
db-vardaf,Sawi hijau,Pertiwi,032/Kpts/SR.120/D.2.7/4/2014,2014,sayuran/pangan semusim,404,https://perbenihanhorti.id/proseed/uploads/deskripsi/4142.pdf
db-vardaf,Sawi putih / Petsai,Casanov,033/Kpts/SR.120/D.2.7/4/2014,2014,sayuran/pangan semusim,404,https://perbenihanhorti.id/proseed/uploads/deskripsi/4143.pdf
db-vardaf,Terong,Arya Hijau,031/Kpts/SR.120/D.2.7/4/2014,2014,sayuran/pangan semusim,404,https://perbenihanhorti.id/proseed/uploads/deskripsi/4144.pdf
db-vardaf,Tomat,Kadia 2,030/Kpts/SR.120/D.2.7/4/2014,2014,sayuran/pangan semusim,404,https://perbenihanhorti.id/proseed/uploads/deskripsi/4145.pdf
db-vardaf,Bawang Merah,ILOKOS,474/Kpts/SR.120/2/2013,2013,sayuran/pangan semusim,404,https://perbenihanhorti.id/proseed/uploads/deskripsi/3990.pdf
db-vardaf,Baby corn,BAL 87,477/Kpts/SR.120/2/2013,2013,sayuran/pangan semusim,404,https://perbenihanhorti.id/proseed/uploads/deskripsi/4010.pdf
db-vardaf,Bayam,MD 01,478/Kpts/SR.120/2/2013,2013,sayuran/pangan semusim,404,https://perbenihanhorti.id/proseed/uploads/deskripsi/4011.pdf
db-vardaf,Kacang Buncis,BCS 01,479/Kpts/SR.120/2/2013,2013,sayuran/pangan semusim,404,https://perbenihanhorti.id/proseed/uploads/deskripsi/4012.pdf
db-vardaf,Jagung Manis,BC 30,480/Kpts/SR.120/2/2013,2013,sayuran/pangan semusim,404,https://perbenihanhorti.id/proseed/uploads/deskripsi/4013.pdf
db-vardaf,Kacang Panjang,MDI 06,481/Kpts/SR.120/2/2013,2013,sayuran/pangan semusim,404,https://perbenihanhorti.id/proseed/uploads/deskripsi/4014.pdf
db-vardaf,Tomat,DR 01,482/Kpts/SR.120/2/2013,2013,sayuran/pangan semusim,404,https://perbenihanhorti.id/proseed/uploads/deskripsi/4015.pdf
db-vardaf,Cabai Keriting,Priyayi,483/Kpts/SR.120/2/2013,2013,sayuran/pangan semusim,404,https://perbenihanhorti.id/proseed/uploads/deskripsi/4016.pdf
db-vardaf,Cabai Keriting,Vega,484/Kpts/SR.120/2/2013,2013,sayuran/pangan semusim,404,https://perbenihanhorti.id/proseed/uploads/deskripsi/4017.pdf
db-vardaf,Tomat,Amazon,485/Kpts/SR.120/2/2013,2013,sayuran/pangan semusim,404,https://perbenihanhorti.id/proseed/uploads/deskripsi/4018.pdf
db-vardaf,Jagung Manis,ZA 567,486/Kpts/SR.120/2/2013,2013,sayuran/pangan semusim,404,https://perbenihanhorti.id/proseed/uploads/deskripsi/4019.pdf
db-vardaf,Paria,MC 698,488/Kpts/SR.120/2/2013,2013,sayuran/pangan semusim,404,https://perbenihanhorti.id/proseed/uploads/deskripsi/4020.pdf
db-vardaf,Labu,LA 703,487/Kpts/SR.120/2/2013,2013,sayuran/pangan semusim,404,https://perbenihanhorti.id/proseed/uploads/deskripsi/4021.pdf
db-vardaf,Cabai Besar,Panex 100,490/Kpts/SR.120/2/2013,2013,sayuran/pangan semusim,404,https://perbenihanhorti.id/proseed/uploads/deskripsi/4022.pdf
db-vardaf,Mentimun,Ethana,491/Kpts/SR.120/2/2013,2013,sayuran/pangan semusim,404,https://perbenihanhorti.id/proseed/uploads/deskripsi/4023.pdf
db-vardaf,Kubis Bunga,Ladyta,494/Kpts/SR.120/2/2013,2013,sayuran/pangan semusim,404,https://perbenihanhorti.id/proseed/uploads/deskripsi/4025.pdf
db-vardaf,Cabai Keriting,Kaka 99,473/Kpts/SR.120/2/2013,2013,sayuran/pangan semusim,404,https://perbenihanhorti.id/proseed/uploads/deskripsi/4026.pdf
db-vardaf,Cabai Rawit,RJHL 01,495/Kpts/SR.120/2/2013,2013,sayuran/pangan semusim,404,https://perbenihanhorti.id/proseed/uploads/deskripsi/4029.pdf
db-vardaf,Cabai Rawit,RJHL 085,496/Kpts/SR.120/2/2013,2013,sayuran/pangan semusim,404,https://perbenihanhorti.id/proseed/uploads/deskripsi/4030.pdf
db-vardaf,Kacang Panjang,KJHL 847,876/Kpts/SR.120/2/2013,2013,sayuran/pangan semusim,404,https://perbenihanhorti.id/proseed/uploads/deskripsi/4031.pdf
db-vardaf,Cabai Keriting,Tilala,472/Kpts/SR.120/2/2013,2013,sayuran/pangan semusim,404,https://perbenihanhorti.id/proseed/uploads/deskripsi/4032.pdf
db-vardaf,Cabai Keriting,Zakia,493/Kpts/SR.120/2/2013,2013,sayuran/pangan semusim,404,https://perbenihanhorti.id/proseed/uploads/deskripsi/4033.pdf
db-vardaf,Kacang Panjang,KJHL 886,877/Kpts/SR.120/2/2013,2013,sayuran/pangan semusim,404,https://perbenihanhorti.id/proseed/uploads/deskripsi/4035.pdf
db-vardaf,Kacang Buncis,BJHL 582,874/Kpts/SR.120/2/2013,2013,sayuran/pangan semusim,404,https://perbenihanhorti.id/proseed/uploads/deskripsi/4036.pdf
db-vardaf,Kacang Buncis,BJHL 579,873/Kpts/SR.120/2/2013,2013,sayuran/pangan semusim,404,https://perbenihanhorti.id/proseed/uploads/deskripsi/4037.pdf
db-vardaf,Jagung Manis,JMJHL 01,875/Kpts/SR.120/2/2013,2013,sayuran/pangan semusim,404,https://perbenihanhorti.id/proseed/uploads/deskripsi/4038.pdf
db-vardaf,Cabai Besar,Imperial 10,872/Kpts/SR.120/2/2013,2013,sayuran/pangan semusim,404,https://perbenihanhorti.id/proseed/uploads/deskripsi/4039.pdf
db-vardaf,Labu Air,Orbit,871/Kpts/SR.120/2/2013,2013,sayuran/pangan semusim,404,https://perbenihanhorti.id/proseed/uploads/deskripsi/4040.pdf
db-vardaf,Baby corn,BAL 87,477/Kpts/SR.120/2/2013,2013,sayuran/pangan semusim,404,https://perbenihanhorti.id/proseed/uploads/deskripsi/4042.pdf
db-vardaf,Brokoli,Ludy,001/Kpts/SR.120/D.2.7/4/2013,2013,sayuran/pangan semusim,404,https://perbenihanhorti.id/proseed/uploads/deskripsi/4043.pdf
db-vardaf,Kacang Buncis,Ritan BC 06,3923/Kpts/SR.120/3/2013,2013,sayuran/pangan semusim,404,https://perbenihanhorti.id/proseed/uploads/deskripsi/4044.pdf
db-vardaf,Kacang Buncis,BC ACM 04,026/Kpts/SR.120/D.2.7/4/2013,2013,sayuran/pangan semusim,404,https://perbenihanhorti.id/proseed/uploads/deskripsi/4045.pdf
db-vardaf,Kacang Buncis,PMS BU 0404,032/Kpts/SR.120/D.2.7/5/2013,2013,sayuran/pangan semusim,404,https://perbenihanhorti.id/proseed/uploads/deskripsi/4046.pdf
db-vardaf,Kacang Buncis,PMS BU 0403,033/Kpts/SR.120/D.2.7/5/2013,2013,sayuran/pangan semusim,404,https://perbenihanhorti.id/proseed/uploads/deskripsi/4047.pdf
db-vardaf,Cabai Besar,DMP,002/Kpts/SR.120/D.2.7/4/2013,2013,sayuran/pangan semusim,404,https://perbenihanhorti.id/proseed/uploads/deskripsi/4048.pdf
db-vardaf,Cabai Besar,KLG 18,027/Kpts/SR.120/D.2.7/4/2013,2013,sayuran/pangan semusim,404,https://perbenihanhorti.id/proseed/uploads/deskripsi/4049.pdf
db-vardaf,Cabai Besar,KLG 13,028/Kpts/SR.120/D.2.7/4/2013,2013,sayuran/pangan semusim,404,https://perbenihanhorti.id/proseed/uploads/deskripsi/4050.pdf
db-vardaf,Cabai Besar,CA 4833,041/Kpts/SR.120/D.2.7/5/2013,2013,sayuran/pangan semusim,404,https://perbenihanhorti.id/proseed/uploads/deskripsi/4051.pdf
db-vardaf,Cabai Rawit,RITAN CR 09,3924/Kpts/SR.120/3/2013,2013,sayuran/pangan semusim,404,https://perbenihanhorti.id/proseed/uploads/deskripsi/4052.pdf
db-vardaf,Cabai Rawit,RITAN CR 11,3925/Kpts/SR.120/3/2013,2013,sayuran/pangan semusim,404,https://perbenihanhorti.id/proseed/uploads/deskripsi/4053.pdf
db-vardaf,Jagung Manis,RITAN JM 02,3926/Kpts/SR.120/3/2013,2013,sayuran/pangan semusim,404,https://perbenihanhorti.id/proseed/uploads/deskripsi/4054.pdf
db-vardaf,Jagung Manis,RITAN JM 04,3927/Kpts/SR.120/3/2013,2013,sayuran/pangan semusim,404,https://perbenihanhorti.id/proseed/uploads/deskripsi/4055.pdf
db-vardaf,Jagung Manis,SV5037SN,037/Kpts/SR.120/D.2.7/5/2013,2013,sayuran/pangan semusim,404,https://perbenihanhorti.id/proseed/uploads/deskripsi/4056.pdf
db-vardaf,Kacang Panjang,PMS KP 0406,023/Kpts/SR.120/D.2.7/4/2013,2013,sayuran/pangan semusim,404,https://perbenihanhorti.id/proseed/uploads/deskripsi/4058.pdf
db-vardaf,Kacang Panjang,PMS KP 0405,024/Kpts/SR.120/D.2.7/4/2013,2013,sayuran/pangan semusim,404,https://perbenihanhorti.id/proseed/uploads/deskripsi/4059.pdf
db-vardaf,Kacang Panjang,Trisula Hitam,030/Kpts/SR.120/D.2.7/5/2013,2013,sayuran/pangan semusim,404,https://perbenihanhorti.id/proseed/uploads/deskripsi/4060.pdf
db-vardaf,Kacang Panjang,Trisula Putih,031/Kpts/SR.120/D.2.7/5/2013,2013,sayuran/pangan semusim,404,https://perbenihanhorti.id/proseed/uploads/deskripsi/4061.pdf
db-vardaf,Kacang Panjang,KSB 914,035/Kpts/SR.120/D.2.7/5/2013,2013,sayuran/pangan semusim,404,https://perbenihanhorti.id/proseed/uploads/deskripsi/4062.pdf
db-vardaf,Kacang Panjang,KJHL 852,036/Kpts/SR.120/D.2.7/5/2013,2013,sayuran/pangan semusim,404,https://perbenihanhorti.id/proseed/uploads/deskripsi/4063.pdf
db-vardaf,Kentang,Amabile,3930/Kpts/SR.120/3/2013,2013,sayuran/pangan semusim,404,https://perbenihanhorti.id/proseed/uploads/deskripsi/4064.pdf
db-vardaf,Kentang,Maglia,3931/Kpts/SR.120/3/2013,2013,sayuran/pangan semusim,404,https://perbenihanhorti.id/proseed/uploads/deskripsi/4065.pdf
db-vardaf,Kentang,Medians,3932/Kpts/SR.120/3/2013,2013,sayuran/pangan semusim,404,https://perbenihanhorti.id/proseed/uploads/deskripsi/4066.pdf
db-vardaf,Kentang,Supejhon,3936/Kpts/SR.120/3/2013,2013,sayuran/pangan semusim,404,https://perbenihanhorti.id/proseed/uploads/deskripsi/4067.pdf
db-vardaf,Kentang,Kalosi,029/Kpts/SR.120/D.2.7/4/2013,2013,sayuran/pangan semusim,404,https://perbenihanhorti.id/proseed/uploads/deskripsi/4068.pdf
db-vardaf,Kubis Bunga,Agusta 21,021/Kpts/SR.120/D.2.7/4/2013,2013,sayuran/pangan semusim,404,https://perbenihanhorti.id/proseed/uploads/deskripsi/4069.doc
db-vardaf,Kubis Bunga,KF 1124,038/Kpts/SR.120/D.2.7/5/2013,2013,sayuran/pangan semusim,404,https://perbenihanhorti.id/proseed/uploads/deskripsi/4070.pdf
db-vardaf,Mentimun,Litsa hijau,3934/Kpts/SR.120/3/2013,2013,sayuran/pangan semusim,404,https://perbenihanhorti.id/proseed/uploads/deskripsi/4071.pdf
db-vardaf,Mentimun,Venesa,045/Kpts/SR.120/D.2.7/5/2013,2013,sayuran/pangan semusim,404,https://perbenihanhorti.id/proseed/uploads/deskripsi/4072.pdf
db-vardaf,Oyong / Gambas,BG 654,039/Kpts/SR.120/D.2.7/5/2013,2013,sayuran/pangan semusim,404,https://perbenihanhorti.id/proseed/uploads/deskripsi/4073.pdf
db-vardaf,Paria,MC 3888,043/Kpts/SR.120/D.2.7/5/2013,2013,sayuran/pangan semusim,404,https://perbenihanhorti.id/proseed/uploads/deskripsi/4074.pdf
db-vardaf,Sawi hijau,Ritan SW 01,3928/Kpts/SR.120/3/2013,2013,sayuran/pangan semusim,404,https://perbenihanhorti.id/proseed/uploads/deskripsi/4075.pdf
db-vardaf,Sawi hijau,Ritan SW 05,3929/Kpts/SR.120/3/2013,2013,sayuran/pangan semusim,404,https://perbenihanhorti.id/proseed/uploads/deskripsi/4076.pdf
db-vardaf,Terong,Largo,3938/Kpts/SR.120/3/2013,2013,sayuran/pangan semusim,404,https://perbenihanhorti.id/proseed/uploads/deskripsi/4077.pdf
db-vardaf,Terong,SM 303,042/Kpts/SR.120/D.2.7/5/2013,2013,sayuran/pangan semusim,404,https://perbenihanhorti.id/proseed/uploads/deskripsi/4078.pdf
db-vardaf,Tomat,Tomindet,003/Kpts/SR.120/D.2.7/4/2013,2013,sayuran/pangan semusim,404,https://perbenihanhorti.id/proseed/uploads/deskripsi/4079.pdf
db-vardaf,Wortel,Kirana,044/Kpts/SR.120/D.2.7/5/2013,2013,sayuran/pangan semusim,404,https://perbenihanhorti.id/proseed/uploads/deskripsi/4080.pdf
db-vardaf,Melon,Barata,3939/Kpts/SR.120/3/2013,2013,sayuran/pangan semusim,404,https://perbenihanhorti.id/proseed/uploads/deskripsi/4085.pdf
db-vardaf,Semangka,TT Dragon,475/Kpts/SR.120/2/2013,2013,sayuran/pangan semusim,404,https://perbenihanhorti.id/proseed/uploads/deskripsi/4089.pdf
db-vardaf,Semangka,Jalur Belle,476/Kpts/SR.120/2/2013,2013,sayuran/pangan semusim,404,https://perbenihanhorti.id/proseed/uploads/deskripsi/4090.pdf
db-vardaf,Semangka,WM 1410,489/Kpts/SR.120/2/2013,2013,sayuran/pangan semusim,404,https://perbenihanhorti.id/proseed/uploads/deskripsi/4091.pdf
db-vardaf,Semangka,Garnis,492/Kpts/SR.120/2/2013,2013,sayuran/pangan semusim,404,https://perbenihanhorti.id/proseed/uploads/deskripsi/4092.pdf
db-vardaf,Semangka,WM 1297,040/Kpts/SR.120/D.2.7/5/2013,2013,sayuran/pangan semusim,404,https://perbenihanhorti.id/proseed/uploads/deskripsi/4093.pdf
db-vardaf,Semangka,Punggawa,046/Kpts/SR.120/D.2.7/5/2013,2013,sayuran/pangan semusim,404,https://perbenihanhorti.id/proseed/uploads/deskripsi/4094.pdf
db-vardaf,Kubis Bunga,Balotta,054/Kpts/SR.120/D.2.7/5/2013,2013,sayuran/pangan semusim,404,https://perbenihanhorti.id/proseed/uploads/deskripsi/4096.pdf
db-vardaf,Terong,Ritan TR 08,049/Kpts/SR.120/D.2.7/5/2013,2013,sayuran/pangan semusim,404,https://perbenihanhorti.id/proseed/uploads/deskripsi/4099.pdf
db-vardaf,Terong,Ritan TR 10,050/Kpts/SR.120/D.2.7/5/2013,2013,sayuran/pangan semusim,404,https://perbenihanhorti.id/proseed/uploads/deskripsi/4100.pdf
db-vardaf,Terong,Ritan TR 12,051/Kpts/SR.120/D.2.7/5/2013,2013,sayuran/pangan semusim,404,https://perbenihanhorti.id/proseed/uploads/deskripsi/4101.pdf
db-vardaf,Waluh/Squash,Red Lampion,025/Kpts/SR.120/D.2.7/4/2013,2013,sayuran/pangan semusim,404,https://perbenihanhorti.id/proseed/uploads/deskripsi/4103.pdf
db-vardaf,Bawang Merah,Sanren,072/Kpts/SR.120/D.2.7/7/2013,2013,sayuran/pangan semusim,404,https://perbenihanhorti.id/proseed/uploads/deskripsi/4109.pdf
db-vardaf,Bawang Merah,Crok Kuning,109/Kpts/SR.120/D.2.7/12/2013,2013,sayuran/pangan semusim,404,https://perbenihanhorti.id/proseed/uploads/deskripsi/4110.pdf
db-vardaf,Bayam,BY ASA 05,063/Kpts/SR.120/D.2.7/7/2013,2013,sayuran/pangan semusim,404,https://perbenihanhorti.id/proseed/uploads/deskripsi/4111.pdf
db-vardaf,Bayam,Anjali,082/Kpts/SR.120/D.2.7/8/2013,2013,sayuran/pangan semusim,404,https://perbenihanhorti.id/proseed/uploads/deskripsi/4150.pdf
db-vardaf,Bayam,Kenshi,083/Kpts/SR.120/D.2.7/8/2013,2013,sayuran/pangan semusim,404,https://perbenihanhorti.id/proseed/uploads/deskripsi/4151.pdf
db-vardaf,Bayam,BA 285,094/Kpts/SR.120/D.2.7/9/2013,2013,sayuran/pangan semusim,404,https://perbenihanhorti.id/proseed/uploads/deskripsi/4152.pdf
db-vardaf,Cabai Besar,Seloka IPB,071/Kpts/SR.120/D.2.7/7/2013,2013,sayuran/pangan semusim,404,https://perbenihanhorti.id/proseed/uploads/deskripsi/4153.pdf
db-vardaf,Cabai Keriting,CK ASA 5015,097/Kpts/SR.120/D.2.7/9/2013,2013,sayuran/pangan semusim,404,https://perbenihanhorti.id/proseed/uploads/deskripsi/4154.pdf
db-vardaf,Cabai Keriting,HP 102,095/Kpts/SR.120/D.2.7/9/2013,2013,sayuran/pangan semusim,404,https://perbenihanhorti.id/proseed/uploads/deskripsi/4155.pdf
db-vardaf,Cabai Keriting,GS 432,056/Kpts/SR.120/D.2.7/7/2013,2013,sayuran/pangan semusim,404,https://perbenihanhorti.id/proseed/uploads/deskripsi/4156.pdf
db-vardaf,Cabai Rawit,Maruti,076/Kpts/SR.120/D.2.7/8/2013,2013,sayuran/pangan semusim,404,https://perbenihanhorti.id/proseed/uploads/deskripsi/4157.pdf
db-vardaf,Cabai Rawit,PMS CR 0404,068/Kpts/SR.120/D.2.7/7/2013,2013,sayuran/pangan semusim,404,https://perbenihanhorti.id/proseed/uploads/deskripsi/4158.pdf
db-vardaf,Jagung Manis,Macarena,055/Kpts/SR.120/D.2.7/5/2013,2013,sayuran/pangan semusim,404,https://perbenihanhorti.id/proseed/uploads/deskripsi/4159.pdf
db-vardaf,Jagung Manis,Secada,102/Kpts/SR.120/D.2.7/10/2013,2013,sayuran/pangan semusim,404,https://perbenihanhorti.id/proseed/uploads/deskripsi/4160.pdf
db-vardaf,Jagung Manis,4D139,086/Kpts/SR.120/D.2.7/8/2013,2013,sayuran/pangan semusim,404,https://perbenihanhorti.id/proseed/uploads/deskripsi/4161.pdf
db-vardaf,Jagung Manis,4D336A,085/Kpts/SR.120/D.2.7/8/2013,2013,sayuran/pangan semusim,404,https://perbenihanhorti.id/proseed/uploads/deskripsi/4162.pdf
db-vardaf,Jagung Manis,Adv Kareena,066/Kpts/SR.120/D.2.7/7/2013,2013,sayuran/pangan semusim,404,https://perbenihanhorti.id/proseed/uploads/deskripsi/4163.pdf
db-vardaf,Kangkung,KK ASA 04,064/Kpts/SR.120/D.2.7/7/2013,2013,sayuran/pangan semusim,404,https://perbenihanhorti.id/proseed/uploads/deskripsi/4164.pdf
db-vardaf,Kangkung,Aura Dewi,081/Kpts/SR.120/D.2.7/8/2013,2013,sayuran/pangan semusim,404,https://perbenihanhorti.id/proseed/uploads/deskripsi/4165.pdf
db-vardaf,Kangkung,KK 1502,089/Kpts/SR.120/D.2.7/8/2013,2013,sayuran/pangan semusim,404,https://perbenihanhorti.id/proseed/uploads/deskripsi/4166.pdf
db-vardaf,Kubis,Antena,090/Kpts/SR.120/D.2.7/9/2013,2013,sayuran/pangan semusim,404,https://perbenihanhorti.id/proseed/uploads/deskripsi/4167.pdf
db-vardaf,Kubis,Rejo 255,104/Kpts/SR.120/D.2.7/10/2013,2013,sayuran/pangan semusim,404,https://perbenihanhorti.id/proseed/uploads/deskripsi/4168.pdf
db-vardaf,Mentimun,PMS KE 0405,052/Kpts/SR.120/D.2.7/5/2013,2013,sayuran/pangan semusim,404,https://perbenihanhorti.id/proseed/uploads/deskripsi/4169.pdf
db-vardaf,Mentimun,Persada,058/Kpts/SR.120/D.2.7/7/2013,2013,sayuran/pangan semusim,404,https://perbenihanhorti.id/proseed/uploads/deskripsi/4170.pdf
db-vardaf,Mentimun,RPA 201,067/Kpts/SR.120/D.2.7/7/2013,2013,sayuran/pangan semusim,404,https://perbenihanhorti.id/proseed/uploads/deskripsi/4171.pdf
db-vardaf,Mentimun,KE 28640,073/Kpts/SR.120/D.2.7/7/2013,2013,sayuran/pangan semusim,404,https://perbenihanhorti.id/proseed/uploads/deskripsi/4172.pdf
db-vardaf,Mentimun,CU 2373,088/Kpts/SR.120/D.2.7/8/2013,2013,sayuran/pangan semusim,404,https://perbenihanhorti.id/proseed/uploads/deskripsi/4173.pdf
db-vardaf,Mentimun,CU 2511,105/Kpts/SR.120/D.2.7/10/2013,2013,sayuran/pangan semusim,404,https://perbenihanhorti.id/proseed/uploads/deskripsi/4174.pdf
db-vardaf,Mentimun,CU 2410,106/Kpts/SR.120/D.2.7/10/2013,2013,sayuran/pangan semusim,404,https://perbenihanhorti.id/proseed/uploads/deskripsi/4175.pdf
db-vardaf,Oyong / Gambas,Giwang,084/Kpts/SR.120/D.2.7/8/2013,2013,sayuran/pangan semusim,404,https://perbenihanhorti.id/proseed/uploads/deskripsi/4176.pdf
db-vardaf,Oyong / Gambas,Azura,103/Kpts/SR.120/D.2.7/10/2013,2013,sayuran/pangan semusim,404,https://perbenihanhorti.id/proseed/uploads/deskripsi/4177.pdf
db-vardaf,Paria,Ziliant,057/Kpts/SR.120/D.2.7/8/2013,2013,sayuran/pangan semusim,404,https://perbenihanhorti.id/proseed/uploads/deskripsi/4178.pdf
db-vardaf,Paria,PJHL 912,062/Kpts/SR.120/D.2.7/7/2013,2013,sayuran/pangan semusim,404,https://perbenihanhorti.id/proseed/uploads/deskripsi/4179.pdf
db-vardaf,Sawi hijau,Saka,059/Kpts/SR.120/D.2.7/7/2013,2013,sayuran/pangan semusim,404,https://perbenihanhorti.id/proseed/uploads/deskripsi/4180.pdf
db-vardaf,Sawi hijau,CSB 001,061/Kpts/SR.120/D.2.7/7/2013,2013,sayuran/pangan semusim,404,https://perbenihanhorti.id/proseed/uploads/deskripsi/4181.pdf
db-vardaf,Sawi hijau,SM ASA 010,065/Kpts/SR.120/D.2.7/7/2013,2013,sayuran/pangan semusim,404,https://perbenihanhorti.id/proseed/uploads/deskripsi/4182.pdf
db-vardaf,Sawi Sendok/Pak Choi,Polan 59,091/Kpts/SR.120/D.2.7/9/2013,2013,sayuran/pangan semusim,404,https://perbenihanhorti.id/proseed/uploads/deskripsi/4183.pdf
db-vardaf,Sawi Sendok/Pak Choi,Emone 26,092/Kpts/SR.120/D.2.7/9/2013,2013,sayuran/pangan semusim,404,https://perbenihanhorti.id/proseed/uploads/deskripsi/4184.pdf
db-vardaf,Seledri,Moyang,108/Kpts/SR.120/D.2.7/10/2013,2013,sayuran/pangan semusim,404,https://perbenihanhorti.id/proseed/uploads/deskripsi/4185.pdf
db-vardaf,Tomat,Artika 748,060/Kpts/SR.120/D.2.7/7/2013,2013,sayuran/pangan semusim,404,https://perbenihanhorti.id/proseed/uploads/deskripsi/4186.pdf
db-vardaf,Tomat,Servo,093/Kpts/SR.120/D.2.7/9/2013,2013,sayuran/pangan semusim,404,https://perbenihanhorti.id/proseed/uploads/deskripsi/4187.pdf
db-vardaf,Tomat,Agatha,113/Kpts/SR.120/D.2.7/12/2013,2013,sayuran/pangan semusim,404,https://perbenihanhorti.id/proseed/uploads/deskripsi/4188.pdf
db-vardaf,Tomat,Betavila,112/Kpts/SR.120/D.2.7/12/2013,2013,sayuran/pangan semusim,404,https://perbenihanhorti.id/proseed/uploads/deskripsi/4189.pdf
db-vardaf,Tomat,TO ASA 304,101/Kpts/SR.120/D.2.7/10/2013,2013,sayuran/pangan semusim,404,https://perbenihanhorti.id/proseed/uploads/deskripsi/4190.pdf
db-vardaf,Tomat,TO ASA 307,098/Kpts/SR.120/D.2.7/9/2013,2013,sayuran/pangan semusim,404,https://perbenihanhorti.id/proseed/uploads/deskripsi/4191.pdf
db-vardaf,Blewah,Aruna,110/Kpts/SR.120/D.2.7/12/2013,2013,sayuran/pangan semusim,404,https://perbenihanhorti.id/proseed/uploads/deskripsi/4193.pdf
db-vardaf,Blewah,Komala,111/Kpts/SR.120/D.2.7/12/2013,2013,sayuran/pangan semusim,404,https://perbenihanhorti.id/proseed/uploads/deskripsi/4194.pdf
db-vardaf,Melon,ME 463,107/Kpts/SR.120/D.2.7/10/2013,2013,sayuran/pangan semusim,404,https://perbenihanhorti.id/proseed/uploads/deskripsi/4196.pdf
db-vardaf,Pepaya,Mutiara Indah,115/Kpts/SR.120/D.2.7/12/2013,2013,sayuran/pangan semusim,404,https://perbenihanhorti.id/proseed/uploads/deskripsi/4197.pdf
db-vardaf,Semangka,Kanigara,080/Kpts/SR.120/D.2.7/8/2013,2013,sayuran/pangan semusim,404,https://perbenihanhorti.id/proseed/uploads/deskripsi/4198.pdf
db-vardaf,Semangka,Ovala 89,087/Kpts/SR.120/D.2.7/8/2013,2013,sayuran/pangan semusim,404,https://perbenihanhorti.id/proseed/uploads/deskripsi/4199.pdf
db-vardaf,Semangka,Pasport,096/Kpts/SR.120/D.2.7/9/2013,2013,sayuran/pangan semusim,404,https://perbenihanhorti.id/proseed/uploads/deskripsi/4200.pdf
db-vardaf,Semangka,L 0234,099/Kpts/SR.120/D.2.7/10/2013,2013,sayuran/pangan semusim,404,https://perbenihanhorti.id/proseed/uploads/deskripsi/4201.pdf
db-vardaf,Semangka,L 9207,100/Kpts/SR.120/D.2.7/10/2013,2013,sayuran/pangan semusim,404,https://perbenihanhorti.id/proseed/uploads/deskripsi/4202.pdf
db-vardaf,Semangka,SE 514,114/Kpts/SR.120/D.2.7/12/2013,2013,sayuran/pangan semusim,404,https://perbenihanhorti.id/proseed/uploads/deskripsi/4203.pdf
db-vardaf,Cabai Rawit,PMS CR 0403,069/Kpts/SR.120/D.2.7/7/2013,2013,sayuran/pangan semusim,404,https://perbenihanhorti.id/proseed/uploads/deskripsi/4295.pdf
db-vardaf,Cabai Rawit,FRT 598,1936/Kpts/SR.120/5/2012,2012,sayuran/pangan semusim,404,https://perbenihanhorti.id/proseed/uploads/deskripsi/3948.pdf
db-vardaf,Kacang Panjang,KP 169,1937/Kpts/SR.120/5/2012,2012,sayuran/pangan semusim,404,https://perbenihanhorti.id/proseed/uploads/deskripsi/3949.pdf
db-vardaf,Kacang Panjang,KP 355,1938/Kpts/SR.120/5/2012,2012,sayuran/pangan semusim,404,https://perbenihanhorti.id/proseed/uploads/deskripsi/3950.pdf
db-vardaf,Tomat,BTM 9323,1939/Kpts/SR.120/5/2012,2012,sayuran/pangan semusim,404,https://perbenihanhorti.id/proseed/uploads/deskripsi/3951.pdf
db-vardaf,Tomat,BTM 9358,1940/Kpts/SR.120/5/2012,2012,sayuran/pangan semusim,404,https://perbenihanhorti.id/proseed/uploads/deskripsi/3953.pdf
db-vardaf,Bayam,MD 03,2774/Kpts/SR.120/8/2012,2012,sayuran/pangan semusim,404,https://perbenihanhorti.id/proseed/uploads/deskripsi/3954.pdf
db-vardaf,Bayam,MD 02,2773/Kpts/SR.120/8/2012,2012,sayuran/pangan semusim,404,https://perbenihanhorti.id/proseed/uploads/deskripsi/3955.pdf
db-vardaf,Jagung Manis,Magenta,1932/Kpts/SR.120/5/2012,2012,sayuran/pangan semusim,404,https://perbenihanhorti.id/proseed/uploads/deskripsi/3956.pdf
db-vardaf,Jagung Manis,Arumba,1933/Kpts/SR.120/5/2012,2012,sayuran/pangan semusim,404,https://perbenihanhorti.id/proseed/uploads/deskripsi/3957.pdf
db-vardaf,Jagung Manis,Ganebo,1934/Kpts/SR.120/5/2012,2012,sayuran/pangan semusim,404,https://perbenihanhorti.id/proseed/uploads/deskripsi/3959.pdf
db-vardaf,Terong,Panjalu,2781/Kpts/SR.120/8/2012,2012,sayuran/pangan semusim,404,https://perbenihanhorti.id/proseed/uploads/deskripsi/3960.pdf
db-vardaf,Mentimun,Purbaya,2780/Kpts/SR.120/8/2012,2012,sayuran/pangan semusim,404,https://perbenihanhorti.id/proseed/uploads/deskripsi/3961.pdf
db-vardaf,Cabai Besar,Dimas,2778/Kpts/SR.120/8/2012,2012,sayuran/pangan semusim,404,https://perbenihanhorti.id/proseed/uploads/deskripsi/3962.pdf
db-vardaf,Cabai Keriting,MB 333,2779/Kpts/SR.120/8/2012,2012,sayuran/pangan semusim,404,https://perbenihanhorti.id/proseed/uploads/deskripsi/3964.pdf
db-vardaf,Waluh/Squash,BSQ 035,2775/Kpts/SR.120/8/2012,2012,sayuran/pangan semusim,404,https://perbenihanhorti.id/proseed/uploads/deskripsi/3966.pdf
db-vardaf,Cabai Keriting,AGB CK 0109,3169/Kpts/SR.120/9/2012,2012,sayuran/pangan semusim,404,https://perbenihanhorti.id/proseed/uploads/deskripsi/3967.pdf
db-vardaf,Cabai Keriting,AGB CK 0309,3170/Kpts/SR.120/9/2012,2012,sayuran/pangan semusim,404,https://perbenihanhorti.id/proseed/uploads/deskripsi/3968.pdf
db-vardaf,Mentimun,AGB KE 1963,3171/Kpts/SR.120/9/2012,2012,sayuran/pangan semusim,404,https://perbenihanhorti.id/proseed/uploads/deskripsi/3969.pdf
db-vardaf,Mentimun,AGB KE 2646,3172/Kpts/SR.120/9/2012,2012,sayuran/pangan semusim,404,https://perbenihanhorti.id/proseed/uploads/deskripsi/3970.pdf
db-vardaf,Semangka,Batara 3,3174/Kpts/SR.120/9/2012,2012,sayuran/pangan semusim,404,https://perbenihanhorti.id/proseed/uploads/deskripsi/3972.pdf
db-vardaf,Semangka,Batara 4,3175/Kpts/SR.120/9/2012,2012,sayuran/pangan semusim,404,https://perbenihanhorti.id/proseed/uploads/deskripsi/3973.pdf
db-vardaf,Jagung Manis,Tagoya 457,3178/Kpts/SR.120/9/2012,2012,sayuran/pangan semusim,404,https://perbenihanhorti.id/proseed/uploads/deskripsi/3974.pdf
db-vardaf,Jagung Manis,Tagoya 789,3179/Kpts/SR.120/9/2012,2012,sayuran/pangan semusim,404,https://perbenihanhorti.id/proseed/uploads/deskripsi/3975.pdf
db-vardaf,Kacang Panjang,Trisonna,3180/Kpts/SR.120/9/2012,2012,sayuran/pangan semusim,404,https://perbenihanhorti.id/proseed/uploads/deskripsi/3976.pdf
db-vardaf,Kacang Panjang,Tritone,3181/Kpts/SR.120/9/2012,2012,sayuran/pangan semusim,404,https://perbenihanhorti.id/proseed/uploads/deskripsi/3977.pdf
db-vardaf,Mentimun,Tanggolla,3177/Kpts/SR.120/9/2012,2012,sayuran/pangan semusim,404,https://perbenihanhorti.id/proseed/uploads/deskripsi/3978.pdf
db-vardaf,Sawi hijau,Titisa Green,3182/Kpts/SR.120/9/2012,2012,sayuran/pangan semusim,404,https://perbenihanhorti.id/proseed/uploads/deskripsi/3979.pdf
db-vardaf,Sawi hijau,Winna Green,3183/Kpts/SR.120/9/2012,2012,sayuran/pangan semusim,404,https://perbenihanhorti.id/proseed/uploads/deskripsi/3980.pdf
db-vardaf,Sawi Sendok/Pak Choi,Flamingo,3168/Kpts/SR.120/9/2012,2012,sayuran/pangan semusim,404,https://perbenihanhorti.id/proseed/uploads/deskripsi/3981.pdf
db-vardaf,Semangka,HD43,3173/Kpts/SR.120/9/2012,2012,sayuran/pangan semusim,404,https://perbenihanhorti.id/proseed/uploads/deskripsi/3982.pdf
db-vardaf,Tomat,Taraguna,3176/Kpts/SR.120/9/2012,2012,sayuran/pangan semusim,404,https://perbenihanhorti.id/proseed/uploads/deskripsi/3983.pdf
db-vardaf,Kacang Panjang,KANTON TAVI,3446/Kpts/SR.120/10/2012,2012,sayuran/pangan semusim,404,https://perbenihanhorti.id/proseed/uploads/deskripsi/3984.pdf
db-vardaf,Kacang Panjang,PARADE TAVI,3447/Kpts/SR.120/10/2012,2012,sayuran/pangan semusim,404,https://perbenihanhorti.id/proseed/uploads/deskripsi/3985.pdf
db-vardaf,Labu,Kusuma,3448/Kpts/SR.120/10/2012,2012,sayuran/pangan semusim,404,https://perbenihanhorti.id/proseed/uploads/deskripsi/3986.pdf
db-vardaf,Semangka,Platini,3443/Kpts/SR.120/10/2012,2012,sayuran/pangan semusim,404,https://perbenihanhorti.id/proseed/uploads/deskripsi/3988.pdf
db-vardaf,Tomat,TO ASA 031,3444/Kpts/SR.120/10/2012,2012,sayuran/pangan semusim,404,https://perbenihanhorti.id/proseed/uploads/deskripsi/3989.pdf
db-vardaf,Kacang Panjang,JK 018,6034/Kpts/SR.120/12/2012,2012,sayuran/pangan semusim,404,https://perbenihanhorti.id/proseed/uploads/deskripsi/3992.pdf
db-vardaf,Kacang Panjang,JK 107,6035/Kpts/SR.120/12/2012,2012,sayuran/pangan semusim,404,https://perbenihanhorti.id/proseed/uploads/deskripsi/3993.pdf
db-vardaf,Kubis,TI 78G,6033/Kpts/SR.120/12/2012,2012,sayuran/pangan semusim,404,https://perbenihanhorti.id/proseed/uploads/deskripsi/3994.pdf
db-vardaf,Terong,Grobogan,6037/Kpts/SR.120/12/2012,2012,sayuran/pangan semusim,404,https://perbenihanhorti.id/proseed/uploads/deskripsi/3995.pdf
db-vardaf,Melon,Legita,6029/Kpts/SR.120/12/2012,2012,sayuran/pangan semusim,404,https://perbenihanhorti.id/proseed/uploads/deskripsi/3997.pdf
db-vardaf,Melon,Kinasih,6031/Kpts/SR.120/12/2012,2012,sayuran/pangan semusim,404,https://perbenihanhorti.id/proseed/uploads/deskripsi/3998.pdf
db-vardaf,Cabai Keriting,Red Kriss,6032/Kpts/SR.120/12/2012,2012,sayuran/pangan semusim,404,https://perbenihanhorti.id/proseed/uploads/deskripsi/3999.pdf
db-vardaf,Kacang Buncis,AGB BU 309,6638/Kpts/SR.120/12/2012,2012,sayuran/pangan semusim,404,https://perbenihanhorti.id/proseed/uploads/deskripsi/4000.pdf
db-vardaf,Kacang Buncis,AGB BU 1606,6639/Kpts/SR.120/12/2012,2012,sayuran/pangan semusim,404,https://perbenihanhorti.id/proseed/uploads/deskripsi/4001.pdf
db-vardaf,Cabai Besar,AGB CB 0104,6640/Kpts/SR.120/12/2012,2012,sayuran/pangan semusim,404,https://perbenihanhorti.id/proseed/uploads/deskripsi/4002.pdf
db-vardaf,Oyong / Gambas,AGB OY 1030,6641/Kpts/SR.120/12/2012,2012,sayuran/pangan semusim,404,https://perbenihanhorti.id/proseed/uploads/deskripsi/4003.pdf
db-vardaf,Oyong / Gambas,AGB OY 2330,6642/Kpts/SR.120/12/2012,2012,sayuran/pangan semusim,404,https://perbenihanhorti.id/proseed/uploads/deskripsi/4004.pdf
db-vardaf,Cabai Keriting,Marco SP,6643/Kpts/SR.120/12/2012,2012,sayuran/pangan semusim,404,https://perbenihanhorti.id/proseed/uploads/deskripsi/4005.pdf
db-vardaf,Kubis,Bisoma,6644/Kpts/SR.120/12/2012,2012,sayuran/pangan semusim,404,https://perbenihanhorti.id/proseed/uploads/deskripsi/4006.pdf
db-vardaf,Kubis,Sumgreen,6645/Kpts/SR.120/12/2012,2012,sayuran/pangan semusim,404,https://perbenihanhorti.id/proseed/uploads/deskripsi/4007.pdf
db-vardaf,Brokoli,Lazio,6647/Kpts/SR.120/12/2012,2012,sayuran/pangan semusim,404,https://perbenihanhorti.id/proseed/uploads/deskripsi/4008.pdf
db-vardaf,Cabai Besar,Anggi,6646/Kpts/SR.120/12/2012,2012,sayuran/pangan semusim,404,https://perbenihanhorti.id/proseed/uploads/deskripsi/4009.pdf
db-vardaf,Melon,Nobel,881/kpts/SR.120/3/2012,2012,sayuran/pangan semusim,404,https://perbenihanhorti.id/proseed/uploads/deskripsi/4086.pdf
db-vardaf,Melon,Selebriti,880/kpts/SR.120/3/2012,2012,sayuran/pangan semusim,404,https://perbenihanhorti.id/proseed/uploads/deskripsi/4087.pdf
db-vardaf,Cabai Keriting,Puteri,1606/Kpts/SR.120/5/2012,2012,sayuran/pangan semusim,404,https://perbenihanhorti.id/proseed/uploads/deskripsi/4095.pdf
db-vardaf,Mentimun,Metavy,1602/Kpts/SR.120/5/2012,2012,sayuran/pangan semusim,404,https://perbenihanhorti.id/proseed/uploads/deskripsi/4097.pdf
db-vardaf,Tomat,Martatav,1604/Kpts/SR.120/5/2012,2012,sayuran/pangan semusim,404,https://perbenihanhorti.id/proseed/uploads/deskripsi/4102.pdf
db-vardaf,Semangka,Amara,1603/Kpts/SR.120/5/2012,2012,sayuran/pangan semusim,404,https://perbenihanhorti.id/proseed/uploads/deskripsi/4108.pdf
db-vardaf,Melon,Aramis,1601/Kpts/SR.120/5/2012,2012,sayuran/pangan semusim,404,https://perbenihanhorti.id/proseed/uploads/deskripsi/3180.pdf
db-vardaf,Cabai Besar,Perwira,1929/Kpts/SR.120/5/2012,2012,sayuran/pangan semusim,404,https://perbenihanhorti.id/proseed/uploads/deskripsi/3943.pdf
db-vardaf,Cabai Besar,Batalion,1930/Kpts/SR.120/5/2012,2012,sayuran/pangan semusim,404,https://perbenihanhorti.id/proseed/uploads/deskripsi/3944.pdf
db-vardaf,Jagung Manis,Gendis,1605/Kpts/SR.120/5/2012,2012,sayuran/pangan semusim,404,https://perbenihanhorti.id/proseed/uploads/deskripsi/3945.pdf
db-vardaf,Semangka,Winda,1931/Kpts/SR.120/5/2012,2012,sayuran/pangan semusim,404,https://perbenihanhorti.id/proseed/uploads/deskripsi/3946.pdf
db-vardaf,Cabai Rawit,FRT 544,1935/Kpts/SR.120/5/2012,2012,sayuran/pangan semusim,404,https://perbenihanhorti.id/proseed/uploads/deskripsi/3947.pdf
db-vardaf,Kubis Bunga,White Treasure,1879/Kpts/SR.120/4/2011,2011,sayuran/pangan semusim,404,https://perbenihanhorti.id/proseed/uploads/deskripsi/2548.pdf
db-vardaf,Kubis Bunga,TA FUNG CF,2290/Kpts/SR.120/5/2011,2011,sayuran/pangan semusim,404,https://perbenihanhorti.id/proseed/uploads/deskripsi/2549.pdf
db-vardaf,Mentimun,Calista,690/Kpts/SR.120/1/2011,2011,sayuran/pangan semusim,404,https://perbenihanhorti.id/proseed/uploads/deskripsi/2645.pdf
db-vardaf,Mentimun,Ndharu 01,691/Kpts/SR.120/1/2011,2011,sayuran/pangan semusim,404,https://perbenihanhorti.id/proseed/uploads/deskripsi/2646.pdf
db-vardaf,Mentimun,Saema,713/Kpts/SR.120/1/2011,2011,sayuran/pangan semusim,404,https://perbenihanhorti.id/proseed/uploads/deskripsi/2647.pdf
db-vardaf,Mentimun,Gilang,1887/Kpts/SR.120/4/2011,2011,sayuran/pangan semusim,404,https://perbenihanhorti.id/proseed/uploads/deskripsi/2650.pdf
db-vardaf,Mentimun,SHY 10,1957/Kpts/SR.120/4/2011,2011,sayuran/pangan semusim,404,https://perbenihanhorti.id/proseed/uploads/deskripsi/2651.pdf
db-vardaf,Mentimun,CU 1003,1847/Kpts/SR.120/4/2011,2011,sayuran/pangan semusim,404,https://perbenihanhorti.id/proseed/uploads/deskripsi/2652.pdf
db-vardaf,Mentimun,CU 1004,1848/Kpts/SR.120/4/2011,2011,sayuran/pangan semusim,404,https://perbenihanhorti.id/proseed/uploads/deskripsi/2653.pdf
db-vardaf,Oyong / Gambas,BG 3165,692/Kpts/SR.120/1/2011,2011,sayuran/pangan semusim,404,https://perbenihanhorti.id/proseed/uploads/deskripsi/2665.pdf
db-vardaf,Oyong / Gambas,OY 01,1853/Kpts/SR.120/4/2011,2011,sayuran/pangan semusim,404,https://perbenihanhorti.id/proseed/uploads/deskripsi/2669.pdf
db-vardaf,Paria,PA 01,1852/Kpts/SR.120/4/2011,2011,sayuran/pangan semusim,404,https://perbenihanhorti.id/proseed/uploads/deskripsi/2699.pdf
db-vardaf,Sawi hijau,Cessa,693/Kpts/SR.120/1/2011,2011,sayuran/pangan semusim,404,https://perbenihanhorti.id/proseed/uploads/deskripsi/2720.pdf
db-vardaf,Sawi hijau,Setia,694/Kpts/SR.120/1/2011,2011,sayuran/pangan semusim,404,https://perbenihanhorti.id/proseed/uploads/deskripsi/2721.pdf
db-vardaf,Sawi Sendok/Pak Choi,Kalissa,1877/Kpts/SR.120/4/2011,2011,sayuran/pangan semusim,404,https://perbenihanhorti.id/proseed/uploads/deskripsi/2732.pdf
db-vardaf,Slada,Betawi,1836/Kpts/SR.120/4/2011,2011,sayuran/pangan semusim,404,https://perbenihanhorti.id/proseed/uploads/deskripsi/2788.pdf
db-vardaf,Terong,Olala Ungu,716/Kpts/SR.120/1/2011,2011,sayuran/pangan semusim,404,https://perbenihanhorti.id/proseed/uploads/deskripsi/2834.pdf
db-vardaf,Terong,Ungu JTY,1883/Kpts/SR.120/4/2011,2011,sayuran/pangan semusim,404,https://perbenihanhorti.id/proseed/uploads/deskripsi/2835.pdf
db-vardaf,Terong,Hijau JTY,1884/Kpts/SR.120/4/2011,2011,sayuran/pangan semusim,404,https://perbenihanhorti.id/proseed/uploads/deskripsi/2836.pdf
db-vardaf,Tomat,Aura TMT 107,699/Kpts/SR.120/1/2011,2011,sayuran/pangan semusim,404,https://perbenihanhorti.id/proseed/uploads/deskripsi/2933.pdf
db-vardaf,Tomat,SL 2404,700/Kpts/SR.120/1/2011,2011,sayuran/pangan semusim,404,https://perbenihanhorti.id/proseed/uploads/deskripsi/2934.pdf
db-vardaf,Tomat,SL 4517,701/Kpts/SR.120/1/2011,2011,sayuran/pangan semusim,404,https://perbenihanhorti.id/proseed/uploads/deskripsi/2935.pdf
db-vardaf,Tomat,Melinda,717/Kpts/SR.120/1/2011,2011,sayuran/pangan semusim,404,https://perbenihanhorti.id/proseed/uploads/deskripsi/2936.pdf
db-vardaf,Tomat,Simpati,1880/Kpts/SR.120/4/2011,2011,sayuran/pangan semusim,404,https://perbenihanhorti.id/proseed/uploads/deskripsi/2938.pdf
db-vardaf,Tomat,Karunia,2285/Kpts/SR.120/5/2011,2011,sayuran/pangan semusim,404,https://perbenihanhorti.id/proseed/uploads/deskripsi/2939.pdf
db-vardaf,Tomat,Destyne,2286/Kpts/SR.120/5/2011,2011,sayuran/pangan semusim,404,https://perbenihanhorti.id/proseed/uploads/deskripsi/2940.pdf
db-vardaf,Tomat,Royal,2293/Kpts/SR.120/5/2011,2011,sayuran/pangan semusim,404,https://perbenihanhorti.id/proseed/uploads/deskripsi/2941.pdf
db-vardaf,Wortel,Koto Baru,1844/Kpts/SR.120/4/2011,2011,sayuran/pangan semusim,404,https://perbenihanhorti.id/proseed/uploads/deskripsi/2961.pdf
db-vardaf,Melon,Lucky Star,709/Kpts/SR.120/1/2011,2011,sayuran/pangan semusim,404,https://perbenihanhorti.id/proseed/uploads/deskripsi/3339.pdf
db-vardaf,Melon,Orange Rock,710/Kpts/SR.120/1/2011,2011,sayuran/pangan semusim,404,https://perbenihanhorti.id/proseed/uploads/deskripsi/3340.pdf
db-vardaf,Melon,Jasmine,711/Kpts/SR.120/1/2011,2011,sayuran/pangan semusim,404,https://perbenihanhorti.id/proseed/uploads/deskripsi/3341.pdf
db-vardaf,Melon,Xaviera,715/Kpts/SR.120/1/2011,2011,sayuran/pangan semusim,404,https://perbenihanhorti.id/proseed/uploads/deskripsi/3342.pdf
db-vardaf,Pepaya,Merah Delima,2275/Kpts/SR.120/5/2011,2011,sayuran/pangan semusim,404,https://perbenihanhorti.id/proseed/uploads/deskripsi/3400.pdf
db-vardaf,Semangka,Topaz,695/Kpts/SR.120/1/2011,2011,sayuran/pangan semusim,404,https://perbenihanhorti.id/proseed/uploads/deskripsi/3590.pdf
db-vardaf,Semangka,WM 8866,696/Kpts/SR.120/1/2011,2011,sayuran/pangan semusim,404,https://perbenihanhorti.id/proseed/uploads/deskripsi/3591.pdf
db-vardaf,Semangka,Possa,687/Kpts/SR.120/1/2011,2011,sayuran/pangan semusim,404,https://perbenihanhorti.id/proseed/uploads/deskripsi/3592.pdf
db-vardaf,Semangka,Angela,698/Kpts/SR.120/1/2011,2011,sayuran/pangan semusim,404,https://perbenihanhorti.id/proseed/uploads/deskripsi/3593.pdf
db-vardaf,Semangka,Kharisma,714/Kpts/SR.120/1/2011,2011,sayuran/pangan semusim,404,https://perbenihanhorti.id/proseed/uploads/deskripsi/3594.pdf
db-vardaf,Semangka,Dexter,715/Kpts/SR.120/1/2011,2011,sayuran/pangan semusim,404,https://perbenihanhorti.id/proseed/uploads/deskripsi/3595.pdf
db-vardaf,Semangka,New Black Sugar,1888/Kpts/SR.120/4/2011,2011,sayuran/pangan semusim,404,https://perbenihanhorti.id/proseed/uploads/deskripsi/3599.pdf
db-vardaf,Semangka,Mega Flower,2535/Kpts/SR.120/5/2011,2011,sayuran/pangan semusim,404,https://perbenihanhorti.id/proseed/uploads/deskripsi/3600.pdf
db-vardaf,Semangka,Gadis Manis,2534/Kpts/SR.120/5/2011,2011,sayuran/pangan semusim,404,https://perbenihanhorti.id/proseed/uploads/deskripsi/3601.pdf
db-vardaf,Semangka,Batara,2278/Kpts/SR.120/5/2011,2011,sayuran/pangan semusim,404,https://perbenihanhorti.id/proseed/uploads/deskripsi/3602.pdf
db-vardaf,Semangka,Aura Merah,2283/Kpts/SR.120/5/2011,2011,sayuran/pangan semusim,404,https://perbenihanhorti.id/proseed/uploads/deskripsi/3603.pdf
db-vardaf,Semangka,Aura Kuning,2284/Kpts/SR.120/5/2011,2011,sayuran/pangan semusim,404,https://perbenihanhorti.id/proseed/uploads/deskripsi/3604.pdf
db-vardaf,Semangka,Anabel,2287/Kpts/SR.120/5/2011,2011,sayuran/pangan semusim,404,https://perbenihanhorti.id/proseed/uploads/deskripsi/3605.pdf
db-vardaf,Semangka,Ayu,4694/Kpts/SR.120/11/2011.,2011,sayuran/pangan semusim,404,https://perbenihanhorti.id/proseed/uploads/deskripsi
db-vardaf,Semangka,Palguna,4272/Kpts/SR.120/10/2011,2011,sayuran/pangan semusim,404,https://perbenihanhorti.id/proseed/uploads/deskripsi/20.pdf
db-vardaf,Cabai Besar,Gada MK,4273/Kpts/SR.120/10/2011,2011,sayuran/pangan semusim,404,https://perbenihanhorti.id/proseed/uploads/deskripsi/21.pdf
db-vardaf,Paria,Dulco,4274/Kpts/SR.120/10/2011,2011,sayuran/pangan semusim,404,https://perbenihanhorti.id/proseed/uploads/deskripsi/22.pdf
db-vardaf,Tomat,Tantyna,4275/Kpts/SR.120/10/2011,2011,sayuran/pangan semusim,404,https://perbenihanhorti.id/proseed/uploads/deskripsi/23.pdf
db-vardaf,Tomat,Tymoti,4276/Kpts/SR.120/10/2011,2011,sayuran/pangan semusim,404,https://perbenihanhorti.id/proseed/uploads/deskripsi/24.pdf
db-vardaf,Semangka,Lakiren 01,4277/Kpts/SR.120/10/2011,2011,sayuran/pangan semusim,404,https://perbenihanhorti.id/proseed/uploads/deskripsi/25.pdf
db-vardaf,Bayam,Airlia,4278/Kpts/SR.120/10/2011,2011,sayuran/pangan semusim,404,https://perbenihanhorti.id/proseed/uploads/deskripsi/26.pdf
db-vardaf,Bayam,Aisar,4279/Kpts/SR.120/10/2011,2011,sayuran/pangan semusim,404,https://perbenihanhorti.id/proseed/uploads/deskripsi/27.pdf
db-vardaf,Semangka,Kidung,4280/Kpts/SR.120/10/2011,2011,sayuran/pangan semusim,404,https://perbenihanhorti.id/proseed/uploads/deskripsi/28.pdf
db-vardaf,Semangka,Dianti,4281/Kpts/SR.120/10/2011,2011,sayuran/pangan semusim,404,https://perbenihanhorti.id/proseed/uploads/deskripsi/29.pdf
db-vardaf,Semangka,Aura Flower,4282/Kpts/SR.120/10/2011,2011,sayuran/pangan semusim,404,https://perbenihanhorti.id/proseed/uploads/deskripsi/30.pdf
db-vardaf,Semangka,Jamanis,4283/Kpts/SR.120/10/2011,2011,sayuran/pangan semusim,404,https://perbenihanhorti.id/proseed/uploads/deskripsi/31.pdf
db-vardaf,Cabai Keriting,Kiyo,4284/Kpts/SR.120/10/2011,2011,sayuran/pangan semusim,404,https://perbenihanhorti.id/proseed/uploads/deskripsi/32.pdf
db-vardaf,Oyong / Gambas,Jaka,4285/Kpts/SR.120/10/2011,2011,sayuran/pangan semusim,404,https://perbenihanhorti.id/proseed/uploads/deskripsi/33.pdf
db-vardaf,Tomat,Liontin,4286/Kpts/SR.120/10/2011,2011,sayuran/pangan semusim,404,https://perbenihanhorti.id/proseed/uploads/deskripsi/34.pdf
db-vardaf,Mentimun,Condor,4287/Kpts/SR.120/10/2011,2011,sayuran/pangan semusim,404,https://perbenihanhorti.id/proseed/uploads/deskripsi/35.pdf
db-vardaf,Kacang Buncis,BC ASA 02,4288/Kpts/SR.120/10/2011,2011,sayuran/pangan semusim,404,https://perbenihanhorti.id/proseed/uploads/deskripsi/36.pdf
db-vardaf,Cabai Rawit,CR ASA 7,4289/Kpts/SR.120/10/2011,2011,sayuran/pangan semusim,404,https://perbenihanhorti.id/proseed/uploads/deskripsi/37.pdf
db-vardaf,Terong,TP ASA 09,4290/Kpts/SR.120/10/2011,2011,sayuran/pangan semusim,404,https://perbenihanhorti.id/proseed/uploads/deskripsi/40.pdf
db-vardaf,Tomat,TO ASA 03,4291/Kpts/SR.120/10/2011,2011,sayuran/pangan semusim,404,https://perbenihanhorti.id/proseed/uploads/deskripsi/41.pdf
db-vardaf,Jagung Manis,MTH 06,4292/Kpts/SR.120/10/2011,2011,sayuran/pangan semusim,404,https://perbenihanhorti.id/proseed/uploads/deskripsi/42.pdf
db-vardaf,Mentimun,Bambino,4293/Kpts/SR.120/10/2011,2011,sayuran/pangan semusim,404,https://perbenihanhorti.id/proseed/uploads/deskripsi/43.pdf
db-vardaf,Mentimun,Cumini,4294/Kpts/SR.120/10/2011,2011,sayuran/pangan semusim,404,https://perbenihanhorti.id/proseed/uploads/deskripsi/44.pdf
db-vardaf,Cabai Rawit,Genesis Putih,4295/Kpts/SR.120/10/2011,2011,sayuran/pangan semusim,404,https://perbenihanhorti.id/proseed/uploads/deskripsi/45.pdf
db-vardaf,Kacang Panjang,Gizella,4296/Kpts/SR.120/10/2011,2011,sayuran/pangan semusim,404,https://perbenihanhorti.id/proseed/uploads/deskripsi/46.pdf
db-vardaf,Mentimun,Mawi,4297/Kpts/SR.120/10/2011,2011,sayuran/pangan semusim,404,https://perbenihanhorti.id/proseed/uploads/deskripsi/47.pdf
db-vardaf,Sawi putih / Petsai,Sitara,4298/Kpts/SR.120/10/2011,2011,sayuran/pangan semusim,404,https://perbenihanhorti.id/proseed/uploads/deskripsi/48.pdf
db-vardaf,Slada,Belini,4299/Kpts/SR.120/10/2011,2011,sayuran/pangan semusim,404,https://perbenihanhorti.id/proseed/uploads/deskripsi/49.pdf
db-vardaf,Jagung Manis,Pintha 01,4567/Kpts/SR.120/11/2011,2011,sayuran/pangan semusim,404,https://perbenihanhorti.id/proseed/uploads/deskripsi/55.jpg
db-vardaf,Tomat,Ofira,4568/Kpts/SR.120/11/2011,2011,sayuran/pangan semusim,404,https://perbenihanhorti.id/proseed/uploads/deskripsi/56.pdf
db-vardaf,Cabai Keriting,Rizado,4569/Kpts/SR.120/11/2011,2011,sayuran/pangan semusim,404,https://perbenihanhorti.id/proseed/uploads/deskripsi/57.pdf
db-vardaf,Kubis Bunga,Coliflor 18,4570/Kpts/SR.120/11/2011,2011,sayuran/pangan semusim,404,https://perbenihanhorti.id/proseed/uploads/deskripsi/58.pdf
db-vardaf,Kacang Panjang,Riant,4689/Kpts/SR.120/11/2011,2011,sayuran/pangan semusim,404,https://perbenihanhorti.id/proseed/uploads/deskripsi/59.pdf
db-vardaf,Sawi hijau,Verde,4571Kpts/SR.120/11/2011,2011,sayuran/pangan semusim,404,https://perbenihanhorti.id/proseed/uploads/deskripsi/60.pdf
db-vardaf,Kangkung,Tatsumi,4691/Kpts/SR.120/11/2011,2011,sayuran/pangan semusim,404,https://perbenihanhorti.id/proseed/uploads/deskripsi/61.pdf
db-vardaf,Kangkung,LK 808,4692/Kpts/SR.120/11/2011,2011,sayuran/pangan semusim,404,https://perbenihanhorti.id/proseed/uploads/deskripsi/62.pdf
db-vardaf,Tomat,Ciro,4699/Kpts/SR.120/11/2011,2011,sayuran/pangan semusim,404,https://perbenihanhorti.id/proseed/uploads/deskripsi/69.pdf
db-vardaf,Cabai Keriting,Kencana,4707/Kpts/SR.120/11/2011,2011,sayuran/pangan semusim,404,https://perbenihanhorti.id/proseed/uploads/deskripsi/77.pdf
db-vardaf,Tomat,Tosca,4708/Kpts/SR.120/11/2011,2011,sayuran/pangan semusim,404,https://perbenihanhorti.id/proseed/uploads/deskripsi/78.pdf
db-vardaf,Tomat,Ruby,4709/Kpts/SR.120/11/2011,2011,sayuran/pangan semusim,404,https://perbenihanhorti.id/proseed/uploads/deskripsi/79.pdf
db-vardaf,Tomat,Topaz,4710/Kpts/SR.120/11/2011,2011,sayuran/pangan semusim,404,https://perbenihanhorti.id/proseed/uploads/deskripsi/80.pdf
db-vardaf,Kangkung,KK 316,4711/Kpts/SR.120/11/2011,2011,sayuran/pangan semusim,404,https://perbenihanhorti.id/proseed/uploads/deskripsi/81.pdf
db-vardaf,Labu,LA 988,4712/Kpts/SR.120/11/2011,2011,sayuran/pangan semusim,404,https://perbenihanhorti.id/proseed/uploads/deskripsi/82.pdf
db-vardaf,Sawi Pahit/Mustard,CA 333,4713/Kpts/SR.120/11/2011,2011,sayuran/pangan semusim,404,https://perbenihanhorti.id/proseed/uploads/deskripsi/83.pdf
db-vardaf,Slada,LE 873,4715/Kpts/SR.120/11/2011,2011,sayuran/pangan semusim,404,https://perbenihanhorti.id/proseed/uploads/deskripsi/85.pdf
db-vardaf,Terong,SS 500,4716/Kpts/SR.120/11/2011,2011,sayuran/pangan semusim,404,https://perbenihanhorti.id/proseed/uploads/deskripsi/86.pdf
db-vardaf,Terong,SM 2405,4717/Kpts/SR.120/11/2011,2011,sayuran/pangan semusim,404,https://perbenihanhorti.id/proseed/uploads/deskripsi/87.pdf
db-vardaf,Terong,SS 201,4718/Kpts/SR.120/11/2011,2011,sayuran/pangan semusim,404,https://perbenihanhorti.id/proseed/uploads/deskripsi/88.pdf
db-vardaf,Cabai Keriting,Boxer,4572/Kpts/SR.120/11/2011,2011,sayuran/pangan semusim,404,https://perbenihanhorti.id/proseed/uploads/deskripsi/89.pdf
db-vardaf,Cabai Keriting,Panser,4573/Kpts/SR.120/11/2011,2011,sayuran/pangan semusim,404,https://perbenihanhorti.id/proseed/uploads/deskripsi/90.pdf
db-vardaf,Cabai Keriting,Manik,4574/Kpts/SR.120/11/2011,2011,sayuran/pangan semusim,404,https://perbenihanhorti.id/proseed/uploads/deskripsi/91.pdf
db-vardaf,Pepaya,MJ 9,4575/Kpts/SR.120/11/2011,2011,sayuran/pangan semusim,404,https://perbenihanhorti.id/proseed/uploads/deskripsi/92.pdf
db-vardaf,Bawang Merah,Pikatan,4579/Kpts/SR.120/11/2011,2011,sayuran/pangan semusim,404,https://perbenihanhorti.id/proseed/uploads/deskripsi/96.pdf
db-vardaf,Bawang Merah,Trisula,4580/Kpts/SR.120/11/2011,2011,sayuran/pangan semusim,404,https://perbenihanhorti.id/proseed/uploads/deskripsi/97.pdf
db-vardaf,Bawang Merah,Pancasona,4581/Kpts/SR.120/11/2011,2011,sayuran/pangan semusim,404,https://perbenihanhorti.id/proseed/uploads/deskripsi/98.pdf
db-vardaf,Bawang Merah,Mentes,4582/Kpts/SR.120/11/2011,2011,sayuran/pangan semusim,404,https://perbenihanhorti.id/proseed/uploads/deskripsi/99.pdf
db-vardaf,Semangka,Innole Kuning 175,4583/Kpts/SR.120/11/2011,2011,sayuran/pangan semusim,404,https://perbenihanhorti.id/proseed/uploads/deskripsi/100.pdf
db-vardaf,Sawi putih / Petsai,Sikko 140,4584/Kpts/SR.120/11/2011,2011,sayuran/pangan semusim,404,https://perbenihanhorti.id/proseed/uploads/deskripsi/101.pdf
db-vardaf,Brokoli,OR Monari,4585/Kpts/SR.120/11/2011,2011,sayuran/pangan semusim,404,https://perbenihanhorti.id/proseed/uploads/deskripsi/102.pdf
db-vardaf,Kubis Bunga,OR White 45,4586/Kpts/SR.120/11/2011,2011,sayuran/pangan semusim,404,https://perbenihanhorti.id/proseed/uploads/deskripsi/103.pdf
db-vardaf,Mentimun,OR Green 63,4587/Kpts/SR.120/11/2011,2011,sayuran/pangan semusim,404,https://perbenihanhorti.id/proseed/uploads/deskripsi/104.pdf
db-vardaf,Mentimun,OR Green 674,4588/Kpts/SR.120/11/2011,2011,sayuran/pangan semusim,404,https://perbenihanhorti.id/proseed/uploads/deskripsi/105.pdf
db-vardaf,Bayam,BA 185,4592/Kpts/SR.120/11/2011,2011,sayuran/pangan semusim,404,https://perbenihanhorti.id/proseed/uploads/deskripsi/109.pdf
db-vardaf,Bayam,BA 132,4593/Kpts/SR.120/11/2011,2011,sayuran/pangan semusim,404,https://perbenihanhorti.id/proseed/uploads/deskripsi/110.pdf
db-vardaf,Bayam,BA 124,4594/Kpts/SR.120/11/2011,2011,sayuran/pangan semusim,404,https://perbenihanhorti.id/proseed/uploads/deskripsi/111.pdf
db-vardaf,Cabai Keriting,CK 2278,4595/Kpts/SR.120/11/2011,2011,sayuran/pangan semusim,404,https://perbenihanhorti.id/proseed/uploads/deskripsi/112.pdf
db-vardaf,Cabai Keriting,CK 2367,4596/Kpts/SR.120/11/2011,2011,sayuran/pangan semusim,404,https://perbenihanhorti.id/proseed/uploads/deskripsi/113.pdf
db-vardaf,Cabai Keriting,CK 2271,4597/Kpts/SR.120/11/2011,2011,sayuran/pangan semusim,404,https://perbenihanhorti.id/proseed/uploads/deskripsi/114.pdf
db-vardaf,Kacang Buncis,Gacho 808,4685/Kpts/SR.120/11/2011,2011,sayuran/pangan semusim,404,https://perbenihanhorti.id/proseed/uploads/deskripsi/115.pdf
db-vardaf,Kacang Buncis,Ani 808,4686/Kpts/SR.120/11/2011,2011,sayuran/pangan semusim,404,https://perbenihanhorti.id/proseed/uploads/deskripsi/116.pdf
db-vardaf,Bayam,Mantup,4687/Kpts/SR.120/11/2011,2011,sayuran/pangan semusim,404,https://perbenihanhorti.id/proseed/uploads/deskripsi/117.pdf
db-vardaf,Bayam,Bangjo,4688/Kpts/SR.120/11/2011,2011,sayuran/pangan semusim,404,https://perbenihanhorti.id/proseed/uploads/deskripsi/118.pdf
db-vardaf,Kacang Panjang,Riant.,4689/Kpts/SR.120/11/2011.,2011,sayuran/pangan semusim,404,https://perbenihanhorti.id/proseed/uploads/deskripsi
db-vardaf,Kacang Panjang,MK 11,4690/Kpts/SR.120/11/2011,2011,sayuran/pangan semusim,404,https://perbenihanhorti.id/proseed/uploads/deskripsi/120.pdf
db-vardaf,Melon,Awen,4693/Kpts/SR.120/11/2011.,2011,sayuran/pangan semusim,404,https://perbenihanhorti.id/proseed/uploads/deskripsi/123.pdf
db-vardaf,Semangka,Ayu,4694/Kpts/SR.120/11/2011.,2011,sayuran/pangan semusim,404,https://perbenihanhorti.id/proseed/uploads/deskripsi/124.pdf
db-vardaf,Semangka,Shi Teng,4695/Kpts/SR.120/11/2011.,2011,sayuran/pangan semusim,404,https://perbenihanhorti.id/proseed/uploads/deskripsi/125.pdf
db-vardaf,Semangka,Ruso,4696/Kpts/SR.120/11/2011.,2011,sayuran/pangan semusim,404,https://perbenihanhorti.id/proseed/uploads/deskripsi/126.pdf
db-vardaf,Semangka,Tan Sai,4697/Kpts/SR.120/11/2011.,2011,sayuran/pangan semusim,404,https://perbenihanhorti.id/proseed/uploads/deskripsi/127.pdf
db-vardaf,Semangka,Juwita,4698/Kpts/SR.120/11/2011.,2011,sayuran/pangan semusim,404,https://perbenihanhorti.id/proseed/uploads/deskripsi/128.pdf
db-vardaf,Kacang Buncis,Balitsa 1,4702/Kpts/SR.120/11/2011.,2011,sayuran/pangan semusim,404,https://perbenihanhorti.id/proseed/uploads/deskripsi/132.pdf
db-vardaf,Kacang Buncis,Balitsa 2,4703/Kpts/SR.120/11/2011.,2011,sayuran/pangan semusim,404,https://perbenihanhorti.id/proseed/uploads/deskripsi/133.pdf
db-vardaf,Kacang Buncis,Balitsa 3,4704/Kpts/SR.120/11/2011.,2011,sayuran/pangan semusim,404,https://perbenihanhorti.id/proseed/uploads/deskripsi/134.pdf
db-vardaf,Cabai Besar,Lingga,4705/Kpts/SR.120/11/2011.,2011,sayuran/pangan semusim,404,https://perbenihanhorti.id/proseed/uploads/deskripsi/135.pdf
db-vardaf,Cabai Besar,Ciko,4706/Kpts/SR.120/11/2011.,2011,sayuran/pangan semusim,404,https://perbenihanhorti.id/proseed/uploads/deskripsi/136.pdf
db-vardaf,Terong,SM 152,4714/Kpts/SR.120/11/2011.,2011,sayuran/pangan semusim,404,https://perbenihanhorti.id/proseed/uploads/deskripsi/144.pdf
db-vardaf,Terong,SM 241,4977/Kpts/SR.120/12/2011,2011,sayuran/pangan semusim,404,https://perbenihanhorti.id/proseed/uploads/deskripsi/173.pdf
db-vardaf,Tomat,SL 975,4978/Kpts/SR.120/12/2011,2011,sayuran/pangan semusim,404,https://perbenihanhorti.id/proseed/uploads/deskripsi/174.pdf
db-vardaf,Tomat,SL 1419,4979/Kpts/SR.120/12/2011,2011,sayuran/pangan semusim,404,https://perbenihanhorti.id/proseed/uploads/deskripsi/175.pdf
db-vardaf,Tomat,SL 1428,4980/Kpts/SR.120/12/2011,2011,sayuran/pangan semusim,404,https://perbenihanhorti.id/proseed/uploads/deskripsi/176.pdf
db-vardaf,Tomat,SL 1427,4981/Kpts/SR.120/12/2011,2011,sayuran/pangan semusim,404,https://perbenihanhorti.id/proseed/uploads/deskripsi/177.pdf
db-vardaf,Tomat,SL 973,4982/Kpts/SR.120/12/2011,2011,sayuran/pangan semusim,404,https://perbenihanhorti.id/proseed/uploads/deskripsi/178.pdf
db-vardaf,Labu,LA 1114,4983/Kpts/SR.120/12/2011,2011,sayuran/pangan semusim,404,https://perbenihanhorti.id/proseed/uploads/deskripsi/179.pdf
db-vardaf,Labu,LA 116,4984/Kpts/SR.120/12/2011,2011,sayuran/pangan semusim,404,https://perbenihanhorti.id/proseed/uploads/deskripsi/180.pdf
db-vardaf,Bawang Merah,Lembah Palu,1843/Kpts/SR.120/4/2011,2011,sayuran/pangan semusim,404,https://perbenihanhorti.id/proseed/uploads/deskripsi/2025.pdf
db-vardaf,Bawang Merah,Rubaru,2525/Kpts/SR.120/5/2011,2011,sayuran/pangan semusim,404,https://perbenihanhorti.id/proseed/uploads/deskripsi/2026.pdf
db-vardaf,Bayam,BA 202,1846/Kpts/SR.120/4/2011,2011,sayuran/pangan semusim,404,https://perbenihanhorti.id/proseed/uploads/deskripsi/2047.pdf
db-vardaf,Brokoli,Kompak,702/Kpts/SR.120/1/2011,2011,sayuran/pangan semusim,404,https://perbenihanhorti.id/proseed/uploads/deskripsi/2053.pdf
db-vardaf,Kacang Buncis,Bumpus,670/Kpts/SR.120/1/2011,2011,sayuran/pangan semusim,404,https://perbenihanhorti.id/proseed/uploads/deskripsi/2082.pdf
db-vardaf,Kacang Buncis,Peruzzi,671/Kpts/SR.120/1/2011,2011,sayuran/pangan semusim,404,https://perbenihanhorti.id/proseed/uploads/deskripsi/2083.pdf
db-vardaf,Cabai Rawit,Kamelia,676/Kpts/SR.120/1/2011,2011,sayuran/pangan semusim,404,https://perbenihanhorti.id/proseed/uploads/deskripsi/2106.pdf
db-vardaf,Cabai Rawit,Nirmala,667/Kpts/SR.120/1/2011,2011,sayuran/pangan semusim,404,https://perbenihanhorti.id/proseed/uploads/deskripsi/2107.pdf
db-vardaf,Cabai Rawit,SMR 22,1956/Kpts/SR.120/4/2011,2011,sayuran/pangan semusim,404,https://perbenihanhorti.id/proseed/uploads/deskripsi/2108.pdf
db-vardaf,Cabai Besar,Pilar,2289/Kpts/SR.120/5/2011,2011,sayuran/pangan semusim,404,https://perbenihanhorti.id/proseed/uploads/deskripsi/2188.pdf
db-vardaf,Cabai Keriting,Gentala,672/Kpts/SR.120/1/2011,2011,sayuran/pangan semusim,404,https://perbenihanhorti.id/proseed/uploads/deskripsi/2257.pdf
db-vardaf,Cabai Keriting,Jinawi,673/Kpts/SR.120/1/2011,2011,sayuran/pangan semusim,404,https://perbenihanhorti.id/proseed/uploads/deskripsi/2258.pdf
db-vardaf,Cabai Keriting,Serambi,674/Kpts/SR.120/1/2011,2011,sayuran/pangan semusim,404,https://perbenihanhorti.id/proseed/uploads/deskripsi/2259.pdf
db-vardaf,Cabai Keriting,CA 237,675/Kpts/SR.120/1/2011,2011,sayuran/pangan semusim,404,https://perbenihanhorti.id/proseed/uploads/deskripsi/2260.pdf
db-vardaf,Cabai Keriting,CLD 58,703/Kpts/SR.120/1/2011,2011,sayuran/pangan semusim,404,https://perbenihanhorti.id/proseed/uploads/deskripsi/2261.pdf
db-vardaf,Cabai Keriting,Bianca,704/Kpts/SR.120/1/2011,2011,sayuran/pangan semusim,404,https://perbenihanhorti.id/proseed/uploads/deskripsi/2262.pdf
db-vardaf,Cabai Keriting,Moncer,1889/Kpts/SR.120/4/2011,2011,sayuran/pangan semusim,404,https://perbenihanhorti.id/proseed/uploads/deskripsi/2263.pdf
db-vardaf,Cabai Keriting,Kirani 8,1878/Kpts/SR.120/4/2011,2011,sayuran/pangan semusim,404,https://perbenihanhorti.id/proseed/uploads/deskripsi/2264.pdf
db-vardaf,Cabai Keriting,ASA 01,1851/Kpts/SR.120/4/2011,2011,sayuran/pangan semusim,404,https://perbenihanhorti.id/proseed/uploads/deskripsi/2265.pdf
db-vardaf,Cabai Keriting,Gero,1845/Kpts/SR.120/4/2011,2011,sayuran/pangan semusim,404,https://perbenihanhorti.id/proseed/uploads/deskripsi/2266.pdf
db-vardaf,Jagung Manis,Nusa 1,677/Kpts/SR.120/1/2011,2011,sayuran/pangan semusim,404,https://perbenihanhorti.id/proseed/uploads/deskripsi/2307.pdf
db-vardaf,Jagung Manis,Manisse,678/Kpts/SR.120/1/2011,2011,sayuran/pangan semusim,404,https://perbenihanhorti.id/proseed/uploads/deskripsi/2308.pdf
db-vardaf,Jagung Manis,Paramita,679/Kpts/SR.120/1/2011,2011,sayuran/pangan semusim,404,https://perbenihanhorti.id/proseed/uploads/deskripsi/2309.pdf
db-vardaf,Jagung Manis,HG 211,1850/Kpts/SR.120/4/2011,2011,sayuran/pangan semusim,404,https://perbenihanhorti.id/proseed/uploads/deskripsi/2310.pdf
db-vardaf,Jagung Manis,HG 111,1849/Kpts/SR.120/4/2011,2011,sayuran/pangan semusim,404,https://perbenihanhorti.id/proseed/uploads/deskripsi/2311.pdf
db-vardaf,Jagung Manis,Bonanza 2,2288/Kpts/SR.120/5/2011,2011,sayuran/pangan semusim,404,https://perbenihanhorti.id/proseed/uploads/deskripsi/2312.pdf
db-vardaf,Kacang Panjang,Bariton,680/Kpts/SR.120/1/2011,2011,sayuran/pangan semusim,404,https://perbenihanhorti.id/proseed/uploads/deskripsi/2367.pdf
db-vardaf,Kacang Panjang,Blirik,681/Kpts/SR.120/1/2011,2011,sayuran/pangan semusim,404,https://perbenihanhorti.id/proseed/uploads/deskripsi/2368.pdf
db-vardaf,Kacang Panjang,Saka,682/Kpts/SR.120/1/2011,2011,sayuran/pangan semusim,404,https://perbenihanhorti.id/proseed/uploads/deskripsi/2369.pdf
db-vardaf,Kacang Panjang,Kano 1,683/Kpts/SR.120/1/2011,2011,sayuran/pangan semusim,404,https://perbenihanhorti.id/proseed/uploads/deskripsi/2370.pdf
db-vardaf,Kacang Panjang,Mahkota 01,684/Kpts/SR.120/1/2011,2011,sayuran/pangan semusim,404,https://perbenihanhorti.id/proseed/uploads/deskripsi/2371.pdf
db-vardaf,Kacang Panjang,Mahkota 03,685/Kpts/SR.120/1/2011,2011,sayuran/pangan semusim,404,https://perbenihanhorti.id/proseed/uploads/deskripsi/2372.pdf
db-vardaf,Kacang Panjang,Bravo,686/Kpts/SR.120/1/2011,2011,sayuran/pangan semusim,404,https://perbenihanhorti.id/proseed/uploads/deskripsi/2373.pdf
db-vardaf,Kacang Panjang,Anjani,687/Kpts/SR.120/1/2011,2011,sayuran/pangan semusim,404,https://perbenihanhorti.id/proseed/uploads/deskripsi/2374.pdf
db-vardaf,Kacang Panjang,BL 88,1955/Kpts/SR.120/4/2011,2011,sayuran/pangan semusim,404,https://perbenihanhorti.id/proseed/uploads/deskripsi/2377.pdf
db-vardaf,Kacang Panjang,BM 99,1854/Kpts/SR.120/4/2011,2011,sayuran/pangan semusim,404,https://perbenihanhorti.id/proseed/uploads/deskripsi/2378.pdf
db-vardaf,Kacang Panjang,Mahkota 02,2282/Kpts/SR.120/5/2011,2011,sayuran/pangan semusim,404,https://perbenihanhorti.id/proseed/uploads/deskripsi/2379.pdf
db-vardaf,Kacang Panjang,KPTF.7798,2291/Kpts/SR.120/5/2011,2011,sayuran/pangan semusim,404,https://perbenihanhorti.id/proseed/uploads/deskripsi/2380.pdf
db-vardaf,Kangkung,Digital,688/Kpts/SR.120/1/2011,2011,sayuran/pangan semusim,404,https://perbenihanhorti.id/proseed/uploads/deskripsi/2417.pdf
db-vardaf,Kangkung,Furama,689/Kpts/SR.120/1/2011,2011,sayuran/pangan semusim,404,https://perbenihanhorti.id/proseed/uploads/deskripsi/2418.pdf
db-vardaf,Kangkung,TF L 08,2292/Kpts/SR.120/5/2011,2011,sayuran/pangan semusim,404,https://perbenihanhorti.id/proseed/uploads/deskripsi/2423.pdf
db-vardaf,Kentang,Vernei,2279/Kpts/SR.120/5/2011,2011,sayuran/pangan semusim,404,https://perbenihanhorti.id/proseed/uploads/deskripsi/2450.pdf
db-vardaf,Kentang,Kastanum,2280/Kpts/SR.120/5/2011,2011,sayuran/pangan semusim,404,https://perbenihanhorti.id/proseed/uploads/deskripsi/2451.pdf
db-vardaf,Kentang,Andina,2281/Kpts/SR.120/5/2011,2011,sayuran/pangan semusim,404,https://perbenihanhorti.id/proseed/uploads/deskripsi/2452.pdf
db-vardaf,Kubis,Lelana,705/Kpts/SR.120/1/2011,2011,sayuran/pangan semusim,404,https://perbenihanhorti.id/proseed/uploads/deskripsi/2519.pdf
db-vardaf,Kubis,Kubindo 6,706/Kpts/SR.120/1/2011,2011,sayuran/pangan semusim,404,https://perbenihanhorti.id/proseed/uploads/deskripsi/2520.pdf
db-vardaf,Kubis,Icon,1886/Kpts/SR.120/4/2011,2011,sayuran/pangan semusim,404,https://perbenihanhorti.id/proseed/uploads/deskripsi/2521.pdf
db-vardaf,Kubis,Brandy,1881/Kpts/SR.120/4/2011,2011,sayuran/pangan semusim,404,https://perbenihanhorti.id/proseed/uploads/deskripsi/2522.pdf
db-vardaf,Kubis Bunga,Garda,707/Kpts/SR.120/1/2011,2011,sayuran/pangan semusim,404,https://perbenihanhorti.id/proseed/uploads/deskripsi/2545.pdf
db-vardaf,Kubis Bunga,Spring 40,708/Kpts/SR.120/1/2011,2011,sayuran/pangan semusim,404,https://perbenihanhorti.id/proseed/uploads/deskripsi/2546.pdf
db-vardaf,Kubis Bunga,Forum,1882/Kpts/SR.120/4/2011,2011,sayuran/pangan semusim,404,https://perbenihanhorti.id/proseed/uploads/deskripsi/2547.pdf
db-vardaf,Bayam,Retina,3268/Kpts/SR.120/10/2010,2010,sayuran/pangan semusim,404,https://perbenihanhorti.id/proseed/uploads/deskripsi/2045.pdf
db-vardaf,Bayam,Dakota,3269/Kpts/SR.120/10/2010,2010,sayuran/pangan semusim,404,https://perbenihanhorti.id/proseed/uploads/deskripsi/2046.pdf
db-vardaf,Kacang Buncis,PV 056,619/Kpts/SR.120/2/2010,2010,sayuran/pangan semusim,404,https://perbenihanhorti.id/proseed/uploads/deskripsi/2078.pdf
db-vardaf,Kacang Buncis,Raysanda,2054/Kpts/SR.120/5/2010,2010,sayuran/pangan semusim,404,https://perbenihanhorti.id/proseed/uploads/deskripsi/2079.pdf
db-vardaf,Kacang Buncis,PV 072,2053/Kpts/SR.120/5/2010,2010,sayuran/pangan semusim,404,https://perbenihanhorti.id/proseed/uploads/deskripsi/2080.pdf
db-vardaf,Kacang Buncis,PV 061,3267/Kpts/SR.120/10/2010,2010,sayuran/pangan semusim,404,https://perbenihanhorti.id/proseed/uploads/deskripsi/2081.pdf
db-vardaf,Cabai Rawit,OR Trisula Hijau,2058/Kpts/SR.120/5/2010,2010,sayuran/pangan semusim,404,https://perbenihanhorti.id/proseed/uploads/deskripsi/2104.pdf
db-vardaf,Cabai Rawit,Santika,3263/Kpts/SR.120/10/2010,2010,sayuran/pangan semusim,404,https://perbenihanhorti.id/proseed/uploads/deskripsi/2105.pdf
db-vardaf,Cabai Besar,Santa 32,643/Kpts/SR.120/2/2010,2010,sayuran/pangan semusim,404,https://perbenihanhorti.id/proseed/uploads/deskripsi/2179.pdf
db-vardaf,Cabai Besar,P Sada 300,644/Kpts/SR.120/2/2010,2010,sayuran/pangan semusim,404,https://perbenihanhorti.id/proseed/uploads/deskripsi/2180.pdf
db-vardaf,Cabai Besar,SPH 77,647/Kpts/SR.120/2/2010,2010,sayuran/pangan semusim,404,https://perbenihanhorti.id/proseed/uploads/deskripsi/2181.pdf
db-vardaf,Cabai Besar,P Sada 700,648/Kpts/SR.120/2/2010,2010,sayuran/pangan semusim,404,https://perbenihanhorti.id/proseed/uploads/deskripsi/2182.pdf
db-vardaf,Cabai Besar,Pima Hot,618/Kpts/SR.120/2/2010,2010,sayuran/pangan semusim,404,https://perbenihanhorti.id/proseed/uploads/deskripsi/2183.pdf
db-vardaf,Cabai Besar,IPB CH3,257/Kpts/SR.120/5/2010,2010,sayuran/pangan semusim,404,https://perbenihanhorti.id/proseed/uploads/deskripsi/2184.pdf
db-vardaf,Cabai Besar,Branang,2055/Kpts/SR.120/5/2010,2010,sayuran/pangan semusim,404,https://perbenihanhorti.id/proseed/uploads/deskripsi/2185.pdf
db-vardaf,Cabai Besar,Gantari,2056/Kpts/SR.120/5/2010,2010,sayuran/pangan semusim,404,https://perbenihanhorti.id/proseed/uploads/deskripsi/2186.pdf
db-vardaf,Cabai Besar,CA 4126,3266/Kpts/SR.120/10/2010,2010,sayuran/pangan semusim,404,https://perbenihanhorti.id/proseed/uploads/deskripsi/2187.pdf
db-vardaf,Cabai Keriting,RD Skin,645/Kpts/SR.120/2/2010,2010,sayuran/pangan semusim,404,https://perbenihanhorti.id/proseed/uploads/deskripsi/2251.pdf
db-vardaf,Cabai Keriting,Keriting 09,646/Kpts/SR.120/2/2010,2010,sayuran/pangan semusim,404,https://perbenihanhorti.id/proseed/uploads/deskripsi/2252.pdf
db-vardaf,Cabai Keriting,Belinda,2101/Kpts/SR.120/5/2010,2010,sayuran/pangan semusim,404,https://perbenihanhorti.id/proseed/uploads/deskripsi/2253.pdf
db-vardaf,Cabai Keriting,Asa 08,3265/Kpts/SR.120/10/2010,2010,sayuran/pangan semusim,404,https://perbenihanhorti.id/proseed/uploads/deskripsi/2254.pdf
db-vardaf,Cabai Keriting,HP 212,3258/Kpts/SR.120/10/2010,2010,sayuran/pangan semusim,404,https://perbenihanhorti.id/proseed/uploads/deskripsi/2255.pdf
db-vardaf,Cabai Keriting,Kastilo,3264/Kpts/SR.120/10/2010,2010,sayuran/pangan semusim,404,https://perbenihanhorti.id/proseed/uploads/deskripsi/2256.pdf
db-vardaf,Cabai Paprika,Inspiration,3249/Kpts/SR.120/10/2010,2010,sayuran/pangan semusim,404,https://perbenihanhorti.id/proseed/uploads/deskripsi/2271.pdf
db-vardaf,Cabai Paprika,Taranto,3248/Kpts/SR.120/10/2010,2010,sayuran/pangan semusim,404,https://perbenihanhorti.id/proseed/uploads/deskripsi/2272.pdf
db-vardaf,Jagung Manis,TF JS 08,636/Kpts/SR.120/2/2010,2010,sayuran/pangan semusim,404,https://perbenihanhorti.id/proseed/uploads/deskripsi/2304.pdf
db-vardaf,Jagung Manis,BAL09,2059/Kpts/SR.120/5/2010,2010,sayuran/pangan semusim,404,https://perbenihanhorti.id/proseed/uploads/deskripsi/2305.pdf
db-vardaf,Jagung Manis,Jago,3260/Kpts/SR.120/10/2010,2010,sayuran/pangan semusim,404,https://perbenihanhorti.id/proseed/uploads/deskripsi/2306.pdf
db-vardaf,Kacang Panjang,VA 355,620/Kpts/SR.120/2/2010,2010,sayuran/pangan semusim,404,https://perbenihanhorti.id/proseed/uploads/deskripsi/2361.pdf
db-vardaf,Kacang Panjang,Borneo,2060/Kpts/SR.120/5/2010,2010,sayuran/pangan semusim,404,https://perbenihanhorti.id/proseed/uploads/deskripsi/2362.pdf
db-vardaf,Kacang Panjang,Impala,2061/Kpts/SR.120/5/2010,2010,sayuran/pangan semusim,404,https://perbenihanhorti.id/proseed/uploads/deskripsi/2363.pdf
db-vardaf,Kacang Panjang,Metro,2062/Kpts/SR.120/5/2010,2010,sayuran/pangan semusim,404,https://perbenihanhorti.id/proseed/uploads/deskripsi/2364.pdf
db-vardaf,Kacang Panjang,OR Hijau Shine M,2063/Kpts/SR.120/5/2010,2010,sayuran/pangan semusim,404,https://perbenihanhorti.id/proseed/uploads/deskripsi/2365.pdf
db-vardaf,Kacang Panjang,Vanessa,3247/Kpts/SR.120/10/2010,2010,sayuran/pangan semusim,404,https://perbenihanhorti.id/proseed/uploads/deskripsi/2366.pdf
db-vardaf,Kacang Panjang,Pangeran,621/Kpts/SR.120/2/2010,2010,sayuran/pangan semusim,404,https://perbenihanhorti.id/proseed/uploads/deskripsi/2375.pdf
db-vardaf,Kacang Panjang,Sonia,622/Kpts/SR.120/2/2010,2010,sayuran/pangan semusim,404,https://perbenihanhorti.id/proseed/uploads/deskripsi/2376.pdf
db-vardaf,Kailan,TF CKL 09,2064/Kpts/Sr.120/5/2010,2010,sayuran/pangan semusim,404,https://perbenihanhorti.id/proseed/uploads/deskripsi/2396.pdf
db-vardaf,Kailan,TF CKLF 109,2065/Kpts/Sr.120/5/2010,2010,sayuran/pangan semusim,404,https://perbenihanhorti.id/proseed/uploads/deskripsi/2397.pdf
db-vardaf,Kangkung,Dinara,669/Kpts/SR.120/2/2010,2010,sayuran/pangan semusim,404,https://perbenihanhorti.id/proseed/uploads/deskripsi/2414.pdf
db-vardaf,Kangkung,TF K 08,670/Kpts/SR.120/2/2010,2010,sayuran/pangan semusim,404,https://perbenihanhorti.id/proseed/uploads/deskripsi/2415.pdf
db-vardaf,Kangkung,TF T 08,671/Kpts/SR.120/2/2010,2010,sayuran/pangan semusim,404,https://perbenihanhorti.id/proseed/uploads/deskripsi/2416.pdf
db-vardaf,Kangkung,Bika,666/Kpts/SR.120/2/2010,2010,sayuran/pangan semusim,404,https://perbenihanhorti.id/proseed/uploads/deskripsi/2419.pdf
db-vardaf,Kangkung,Dynamo,668/Kpts/SR.120/2/2010,2010,sayuran/pangan semusim,404,https://perbenihanhorti.id/proseed/uploads/deskripsi/2420.pdf
db-vardaf,Kangkung,Pingky,667/Kpts/SR.120/2/2010,2010,sayuran/pangan semusim,404,https://perbenihanhorti.id/proseed/uploads/deskripsi/2421.pdf
db-vardaf,Kangkung,Tornado,665/Kpts/SR.120/2/2010,2010,sayuran/pangan semusim,404,https://perbenihanhorti.id/proseed/uploads/deskripsi/2422.pdf
db-vardaf,Kubis,Pamela,2102/Kpts/SR.120/5/2010,2010,sayuran/pangan semusim,404,https://perbenihanhorti.id/proseed/uploads/deskripsi/2517.pdf
db-vardaf,Kubis,TI 157,3246/Kpts/SR.120/10/2010,2010,sayuran/pangan semusim,404,https://perbenihanhorti.id/proseed/uploads/deskripsi/2518.pdf
db-vardaf,Kubis Bunga,Profita,2104/Kpts/SR.120/5/2010,2010,sayuran/pangan semusim,404,https://perbenihanhorti.id/proseed/uploads/deskripsi/2542.pdf
db-vardaf,Kubis Bunga,Farera,3236/Kpts/SR.120/10/2010,2010,sayuran/pangan semusim,404,https://perbenihanhorti.id/proseed/uploads/deskripsi/2543.pdf
db-vardaf,Kubis Bunga,Kusuma,3235/Kpts/SR.120/10/2010,2010,sayuran/pangan semusim,404,https://perbenihanhorti.id/proseed/uploads/deskripsi/2544.pdf
db-vardaf,Labu Air,Ruma,623/Kpts/SR.120/2/2010,2010,sayuran/pangan semusim,404,https://perbenihanhorti.id/proseed/uploads/deskripsi/2551.pdf
db-vardaf,Mentimun,Mercy,614/Kpts/Sr.120/2/2010,2010,sayuran/pangan semusim,404,https://perbenihanhorti.id/proseed/uploads/deskripsi/2634.pdf
db-vardaf,Mentimun,Upo,616/Kpts/SR.120/2/2010,2010,sayuran/pangan semusim,404,https://perbenihanhorti.id/proseed/uploads/deskripsi/2635.pdf
db-vardaf,Mentimun,TS 168,637/Kpts/Sr.120/2/2010,2010,sayuran/pangan semusim,404,https://perbenihanhorti.id/proseed/uploads/deskripsi/2636.pdf
db-vardaf,Mentimun,CU 699,2066/Kpts/SR.120/5/2010,2010,sayuran/pangan semusim,404,https://perbenihanhorti.id/proseed/uploads/deskripsi/2637.pdf
db-vardaf,Mentimun,Expo,2067/Kpts/SR.120/5/2010,2010,sayuran/pangan semusim,404,https://perbenihanhorti.id/proseed/uploads/deskripsi/2638.pdf
db-vardaf,Mentimun,Marissa,2068/Kpts/SR.120/5/2010,2010,sayuran/pangan semusim,404,https://perbenihanhorti.id/proseed/uploads/deskripsi/2639.pdf
db-vardaf,Mentimun,Oris,2069/Kpts/SR.120/5/2010,2010,sayuran/pangan semusim,404,https://perbenihanhorti.id/proseed/uploads/deskripsi/2640.pdf
db-vardaf,Mentimun,Gatuso,3237/Kpts/SR.120/10/2010,2010,sayuran/pangan semusim,404,https://perbenihanhorti.id/proseed/uploads/deskripsi/2641.pdf
db-vardaf,Mentimun,Bandana,3252/Kpts/SR.120/10/2010,2010,sayuran/pangan semusim,404,https://perbenihanhorti.id/proseed/uploads/deskripsi/2642.pdf
db-vardaf,Mentimun,Alicia,3251/Kpts/SR.120/10/2010,2010,sayuran/pangan semusim,404,https://perbenihanhorti.id/proseed/uploads/deskripsi/2643.pdf
db-vardaf,Mentimun,Gupita,3253/Kpts/SR.120/10/2010,2010,sayuran/pangan semusim,404,https://perbenihanhorti.id/proseed/uploads/deskripsi/2644.pdf
db-vardaf,Mentimun,Jubilee,625/Kpts/SR.120/2/2010,2010,sayuran/pangan semusim,404,https://perbenihanhorti.id/proseed/uploads/deskripsi/2648.pdf
db-vardaf,Mentimun,Monroe,624/Kpts/SR.120/2/2010,2010,sayuran/pangan semusim,404,https://perbenihanhorti.id/proseed/uploads/deskripsi/2649.pdf
db-vardaf,Oyong / Gambas,Anggun,2070/Kpts/SR.120/5/2010,2010,sayuran/pangan semusim,404,https://perbenihanhorti.id/proseed/uploads/deskripsi/2663.pdf
db-vardaf,Oyong / Gambas,Hebata,3254/Kpts/SR.120/10/2010,2010,sayuran/pangan semusim,404,https://perbenihanhorti.id/proseed/uploads/deskripsi/2664.pdf
db-vardaf,Oyong / Gambas,Bidara,627/Kpts/SR.120/2/2010,2010,sayuran/pangan semusim,404,https://perbenihanhorti.id/proseed/uploads/deskripsi/2666.pdf
db-vardaf,Oyong / Gambas,Ganesha,628/Kpts/SR.120/2/2010,2010,sayuran/pangan semusim,404,https://perbenihanhorti.id/proseed/uploads/deskripsi/2667.pdf
db-vardaf,Oyong / Gambas,Sporta,629/Kpts/SR.120/2/2010,2010,sayuran/pangan semusim,404,https://perbenihanhorti.id/proseed/uploads/deskripsi
db-vardaf,Paria,MC 359,626/Kpts/SR.120/2/2010,2010,sayuran/pangan semusim,404,https://perbenihanhorti.id/proseed/uploads/deskripsi/2693.pdf
db-vardaf,Paria,Aria,2071/Kpts/Sr.120/5/2010,2010,sayuran/pangan semusim,404,https://perbenihanhorti.id/proseed/uploads/deskripsi/2694.pdf
db-vardaf,Paria,Asoka,2072/Kpts/Sr.120/5/2010,2010,sayuran/pangan semusim,404,https://perbenihanhorti.id/proseed/uploads/deskripsi/2695.pdf
db-vardaf,Paria,Wira,2073/Kpts/Sr.120/5/2010,2010,sayuran/pangan semusim,404,https://perbenihanhorti.id/proseed/uploads/deskripsi/2696.pdf
db-vardaf,Paria,Wuku,2074/Kpts/Sr.120/5/2010,2010,sayuran/pangan semusim,404,https://perbenihanhorti.id/proseed/uploads/deskripsi/2697.pdf
db-vardaf,Paria,Fresty,3255/Kpts/SR.120/10/2010,2010,sayuran/pangan semusim,404,https://perbenihanhorti.id/proseed/uploads/deskripsi/2698.pdf
db-vardaf,Sawi hijau,Aura SS 01,630/Kpts/SR.120/2/2010,2010,sayuran/pangan semusim,404,https://perbenihanhorti.id/proseed/uploads/deskripsi/2715.pdf
db-vardaf,Sawi hijau,TF PC 08,639/Kpts/SR.120/2/2010,2010,sayuran/pangan semusim,404,https://perbenihanhorti.id/proseed/uploads/deskripsi/2716.pdf
db-vardaf,Sawi hijau,Casanova,3256/Kpts/SR.120/10/2010,2010,sayuran/pangan semusim,404,https://perbenihanhorti.id/proseed/uploads/deskripsi/2717.pdf
db-vardaf,Sawi hijau,CA 116,3262/Kpts/SR.120/10/2010,2010,sayuran/pangan semusim,404,https://perbenihanhorti.id/proseed/uploads/deskripsi/2718.pdf
db-vardaf,Sawi hijau,Kumala,3238/Kpts/SR.120/10/2010,2010,sayuran/pangan semusim,404,https://perbenihanhorti.id/proseed/uploads/deskripsi/2719.pdf
db-vardaf,Sawi Sendok/Pak Choi,PU 08,638/Kpts/Sr.120/2/2010,2010,sayuran/pangan semusim,404,https://perbenihanhorti.id/proseed/uploads/deskripsi/2731.pdf
db-vardaf,Seledri,Jowide,3239/Kpts/SR.120/10/2010,2010,sayuran/pangan semusim,404,https://perbenihanhorti.id/proseed/uploads/deskripsi/2792.pdf
db-vardaf,Terong,SS 110,631/Kpts/SR.120/2/2010,2010,sayuran/pangan semusim,404,https://perbenihanhorti.id/proseed/uploads/deskripsi/2829.pdf
db-vardaf,Terong,OR Fabian,2075/Kpts/SR.120/5/2010,2010,sayuran/pangan semusim,404,https://perbenihanhorti.id/proseed/uploads/deskripsi/2830.pdf
db-vardaf,Terong,OR Valerie,2076/Kpts/SR.120/5/2010,2010,sayuran/pangan semusim,404,https://perbenihanhorti.id/proseed/uploads/deskripsi/2831.pdf
db-vardaf,Terong,Kania,2077/Kpts/SR.120/5/2010,2010,sayuran/pangan semusim,404,https://perbenihanhorti.id/proseed/uploads/deskripsi/2832.pdf
db-vardaf,Terong,Yumi,2078/Kpts/SR.120/5/2010,2010,sayuran/pangan semusim,404,https://perbenihanhorti.id/proseed/uploads/deskripsi/2833.pdf
db-vardaf,Tomat,MP 1,640/Kpts/SR.120/2/2010,2010,sayuran/pangan semusim,404,https://perbenihanhorti.id/proseed/uploads/deskripsi/2927.pdf
db-vardaf,Tomat,Benvito,632/Kpts/SR.120/2/2010,2010,sayuran/pangan semusim,404,https://perbenihanhorti.id/proseed/uploads/deskripsi/2928.pdf
db-vardaf,Tomat,Dokvito,633/Kpts/SR.120/2/2010,2010,sayuran/pangan semusim,404,https://perbenihanhorti.id/proseed/uploads/deskripsi/2929.pdf
db-vardaf,Tomat,Talisa,2079/Kpts/SR.120/5/2010,2010,sayuran/pangan semusim,404,https://perbenihanhorti.id/proseed/uploads/deskripsi/2930.pdf
db-vardaf,Tomat,Yasmin,3257/Kpts/SR.120/10/2010,2010,sayuran/pangan semusim,404,https://perbenihanhorti.id/proseed/uploads/deskripsi/2931.pdf
db-vardaf,Tomat,TO 244,3261/Kpts/SR.120/10/2010,2010,sayuran/pangan semusim,404,https://perbenihanhorti.id/proseed/uploads/deskripsi/2932.pdf
db-vardaf,Tomat,Tyrana,3687/Kpts/SR.120/11/2010,2010,sayuran/pangan semusim,404,https://perbenihanhorti.id/proseed/uploads/deskripsi/2937.pdf
db-vardaf,Waluh/Squash,Pulen,3259/Kpts/SR.120/10/2010,2010,sayuran/pangan semusim,404,https://perbenihanhorti.id/proseed/uploads/deskripsi/2953.pdf
db-vardaf,Waluh/Squash,Elok,3250/Kpts/SR.120/10/2010,2010,sayuran/pangan semusim,404,https://perbenihanhorti.id/proseed/uploads/deskripsi/2954.pdf
db-vardaf,Wortel,Taluak,2080/Kpts/SR.120/5/2010,2010,sayuran/pangan semusim,404,https://perbenihanhorti.id/proseed/uploads/deskripsi/2960.pdf
db-vardaf,Melon,Sunrise Meta,634/Kpts/SR.120/2/2010,2010,sayuran/pangan semusim,404,https://perbenihanhorti.id/proseed/uploads/deskripsi/3337.pdf
db-vardaf,Melon,Orange Meta,635/Kpts/SR.120/2/2010,2010,sayuran/pangan semusim,404,https://perbenihanhorti.id/proseed/uploads/deskripsi/3338.pdf
db-vardaf,Pepaya,Carisya,2107/Kpts/SR.120/5/2010,2010,sayuran/pangan semusim,404,https://perbenihanhorti.id/proseed/uploads/deskripsi/3398.pdf
db-vardaf,Pepaya,Callina,2108/Kpts/SR.120/5/2010,2010,sayuran/pangan semusim,404,https://perbenihanhorti.id/proseed/uploads/deskripsi/3399.pdf
db-vardaf,Semangka,Annue,641/Kpts/SR.120/2/2010,2010,sayuran/pangan semusim,404,https://perbenihanhorti.id/proseed/uploads/deskripsi/3576.pdf
db-vardaf,Semangka,TF RND 09,2083/Kpts/SR.120/5/2010,2010,sayuran/pangan semusim,404,https://perbenihanhorti.id/proseed/uploads/deskripsi/3577.pdf
db-vardaf,Semangka,BWM 09060,2084/Kpts/SR.120/5/2010,2010,sayuran/pangan semusim,404,https://perbenihanhorti.id/proseed/uploads/deskripsi/3578.pdf
db-vardaf,Semangka,BWM 352,2085/Kpts/SR.120/5/2010,2010,sayuran/pangan semusim,404,https://perbenihanhorti.id/proseed/uploads/deskripsi/3579.pdf
db-vardaf,Semangka,Orlin,2109/Kpts/SR.120/5/2010,2010,sayuran/pangan semusim,404,https://perbenihanhorti.id/proseed/uploads/deskripsi/3580.pdf
db-vardaf,Semangka,Arya,2110/Kpts/SR.120/5/2010,2010,sayuran/pangan semusim,404,https://perbenihanhorti.id/proseed/uploads/deskripsi/3581.pdf
db-vardaf,Semangka,Elma,2111/Kpts/SR.120/5/2010,2010,sayuran/pangan semusim,404,https://perbenihanhorti.id/proseed/uploads/deskripsi/3582.pdf
db-vardaf,Semangka,SE 21,2086/Kpts/SR.120/5/2010,2010,sayuran/pangan semusim,404,https://perbenihanhorti.id/proseed/uploads/deskripsi/3583.pdf
db-vardaf,Semangka,SE 22,2087/Kpts/SR.120/5/2010,2010,sayuran/pangan semusim,404,https://perbenihanhorti.id/proseed/uploads/deskripsi/3584.pdf
db-vardaf,Semangka,SE 23,2088/Kpts/SR.120/5/2010,2010,sayuran/pangan semusim,404,https://perbenihanhorti.id/proseed/uploads/deskripsi/3585.pdf
db-vardaf,Semangka,Kobe,3242/Kpts/SR.120/10/2010,2010,sayuran/pangan semusim,404,https://perbenihanhorti.id/proseed/uploads/deskripsi/3586.pdf
db-vardaf,Semangka,Yelovina,3243/Kpts/SR.120/10/2010,2010,sayuran/pangan semusim,404,https://perbenihanhorti.id/proseed/uploads/deskripsi
db-vardaf,Semangka,Sherryl,3244/Kpts/SR.120/10/2010,2010,sayuran/pangan semusim,404,https://perbenihanhorti.id/proseed/uploads/deskripsi/3588.pdf
db-vardaf,Semangka,Vincent,3245/Kpts/SR.120/10/2010,2010,sayuran/pangan semusim,404,https://perbenihanhorti.id/proseed/uploads/deskripsi/3589.pdf
db-vardaf,Brokoli,Mujur 37,3651/Kpts/SR.120/10/2009,2009,sayuran/pangan semusim,404,https://perbenihanhorti.id/proseed/uploads/deskripsi/2052.pdf
db-vardaf,Kacang Buncis,Tresna,383/Kpts/SR.120/1/2009,2009,sayuran/pangan semusim,404,https://perbenihanhorti.id/proseed/uploads/deskripsi/2076.pdf
db-vardaf,Kacang Buncis,Logawa,2093/Kpts/SR.120/5/2009,2009,sayuran/pangan semusim,404,https://perbenihanhorti.id/proseed/uploads/deskripsi/2077.pdf
db-vardaf,Cabai Rawit,Sonar,2081/Kpts/SR.120/5/2009,2009,sayuran/pangan semusim,404,https://perbenihanhorti.id/proseed/uploads/deskripsi/2100.pdf
db-vardaf,Cabai Rawit,Bhaskara,2082/Kpts/SR.120/5/2009,2009,sayuran/pangan semusim,404,https://perbenihanhorti.id/proseed/uploads/deskripsi/2101.pdf
db-vardaf,Cabai Rawit,OR Trisula Putih,3635/Kpts/SR.120/10/2009,2009,sayuran/pangan semusim,404,https://perbenihanhorti.id/proseed/uploads/deskripsi/2102.pdf
db-vardaf,Cabai Rawit,OR Kencana,3636/Kpts/SR.120/10/2009,2009,sayuran/pangan semusim,404,https://perbenihanhorti.id/proseed/uploads/deskripsi/2103.pdf
db-vardaf,Cabai Besar,Wibawa,2084/Kpts/SR.120/5/2009,2009,sayuran/pangan semusim,404,https://perbenihanhorti.id/proseed/uploads/deskripsi/2175.pdf
db-vardaf,Cabai Besar,Karina,2856/Kpts/SR.120/7/2009,2009,sayuran/pangan semusim,404,https://perbenihanhorti.id/proseed/uploads/deskripsi/2176.pdf
db-vardaf,Cabai Besar,Mia,3652/Kpts/SR.120/10/2009,2009,sayuran/pangan semusim,404,https://perbenihanhorti.id/proseed/uploads/deskripsi/2177.pdf
db-vardaf,Cabai Besar,Malika,3653/Kpts/SR.120/10/2009,2009,sayuran/pangan semusim,404,https://perbenihanhorti.id/proseed/uploads/deskripsi/2178.pdf
db-vardaf,Cabai Keriting,OR Charming,372/Kpts/SR.120/1/2009,2009,sayuran/pangan semusim,404,https://perbenihanhorti.id/proseed/uploads/deskripsi/2241.pdf
db-vardaf,Cabai Keriting,Bestando,382/Kpts/SR.120/1/2009,2009,sayuran/pangan semusim,404,https://perbenihanhorti.id/proseed/uploads/deskripsi/2242.pdf
db-vardaf,Cabai Keriting,Amro 99,385/Kpts/SR.120/1/2009,2009,sayuran/pangan semusim,404,https://perbenihanhorti.id/proseed/uploads/deskripsi/2243.pdf
db-vardaf,Cabai Keriting,Paramas,386/Kpts/SR.120/1/2009,2009,sayuran/pangan semusim,404,https://perbenihanhorti.id/proseed/uploads/deskripsi/2244.pdf
db-vardaf,Cabai Keriting,Tanamo,2083/Kpts/SR.120/5/2009,2009,sayuran/pangan semusim,404,https://perbenihanhorti.id/proseed/uploads/deskripsi/2245.pdf
db-vardaf,Cabai Keriting,Kopay,2085/Kpts/SR.120/5/2009,2009,sayuran/pangan semusim,404,https://perbenihanhorti.id/proseed/uploads/deskripsi/2246.pdf
db-vardaf,Cabai Keriting,Elisa,2855/Kpts/SR.120/7/2009,2009,sayuran/pangan semusim,404,https://perbenihanhorti.id/proseed/uploads/deskripsi/2247.pdf
db-vardaf,Cabai Keriting,OR Twist 42,3637/Kpts/SR.120/10/2009,2009,sayuran/pangan semusim,404,https://perbenihanhorti.id/proseed/uploads/deskripsi/2248.pdf
db-vardaf,Cabai Keriting,Arzeta,3654/Kpts/SR.120/10/2009,2009,sayuran/pangan semusim,404,https://perbenihanhorti.id/proseed/uploads/deskripsi/2249.pdf
db-vardaf,Cabai Keriting,Yulia,3655/Kpts/SR.120/10/2009,2009,sayuran/pangan semusim,404,https://perbenihanhorti.id/proseed/uploads/deskripsi/2250.pdf
db-vardaf,Cabai Paprika,Paprika Edison,2854/Kpts/SR.120/7/2009,2009,sayuran/pangan semusim,404,https://perbenihanhorti.id/proseed/uploads/deskripsi/2269.pdf
db-vardaf,Cabai Paprika,Paprika Suniya,2853/Kpts/SR.120/7/2009,2009,sayuran/pangan semusim,404,https://perbenihanhorti.id/proseed/uploads/deskripsi/2270.pdf
db-vardaf,Jagung Manis,Pintha,373/Kpts/SR.120/1/2009,2009,sayuran/pangan semusim,404,https://perbenihanhorti.id/proseed/uploads/deskripsi/2295.pdf
db-vardaf,Jagung Manis,Nina,374/Kpts/SR.120/1/2009,2009,sayuran/pangan semusim,404,https://perbenihanhorti.id/proseed/uploads/deskripsi/2296.pdf
db-vardaf,Jagung Manis,Bonanza,2071/Kpts/SR.120/5/2009,2009,sayuran/pangan semusim,404,https://perbenihanhorti.id/proseed/uploads/deskripsi/2297.pdf
db-vardaf,Jagung Manis,Janisa,2072/Kpts/SR.120/5/2009,2009,sayuran/pangan semusim,404,https://perbenihanhorti.id/proseed/uploads/deskripsi/2298.pdf
db-vardaf,Jagung Manis,Exsotic,3592/Kpts/SR.120/10/2009,2009,sayuran/pangan semusim,404,https://perbenihanhorti.id/proseed/uploads/deskripsi/2299.pdf
db-vardaf,Jagung Manis,Jambore,3593/Kpts/SR.120/10/2009,2009,sayuran/pangan semusim,404,https://perbenihanhorti.id/proseed/uploads/deskripsi/2300.pdf
db-vardaf,Jagung Manis,Talenta,3634/Kpts/SR.120/10/2009,2009,sayuran/pangan semusim,404,https://perbenihanhorti.id/proseed/uploads/deskripsi/2301.pdf
db-vardaf,Jagung Manis,Silo 12,3656/Kpts/SR.120/10/2009,2009,sayuran/pangan semusim,404,https://perbenihanhorti.id/proseed/uploads/deskripsi/2302.pdf
db-vardaf,Jagung Manis,Hade 92,3657/Kpts/SR.120/10/2009,2009,sayuran/pangan semusim,404,https://perbenihanhorti.id/proseed/uploads/deskripsi/2303.pdf
db-vardaf,Kacang Panjang,Rizki,2852/Kpts/SR.120/7/2009,2009,sayuran/pangan semusim,404,https://perbenihanhorti.id/proseed/uploads/deskripsi/2358.pdf
db-vardaf,Kacang Panjang,Talia Hijau,2851/Kpts/SR.120/7/2009,2009,sayuran/pangan semusim,404,https://perbenihanhorti.id/proseed/uploads/deskripsi/2359.pdf
db-vardaf,Kacang Panjang,Talia Putih,2850/Kpts/SR.120/7/2009,2009,sayuran/pangan semusim,404,https://perbenihanhorti.id/proseed/uploads/deskripsi/2360.pdf
db-vardaf,Kangkung,Hapsari,371/Kpts/SR.120/1/2009,2009,sayuran/pangan semusim,404,https://perbenihanhorti.id/proseed/uploads/deskripsi/2413.pdf
db-vardaf,Kentang,GM 08,2078/Kpts/SR.120/5/2009,2009,sayuran/pangan semusim,404,https://perbenihanhorti.id/proseed/uploads/deskripsi/2447.pdf
db-vardaf,Kentang,GM 05,2079/Kpts/SR.120/5/2009,2009,sayuran/pangan semusim,404,https://perbenihanhorti.id/proseed/uploads/deskripsi/2448.pdf
db-vardaf,Kentang,Ping 06,2080/Kpts/SR.120/5/2009,2009,sayuran/pangan semusim,404,https://perbenihanhorti.id/proseed/uploads/deskripsi/2449.pdf
db-vardaf,Kubis,OR Pride,381/Kpts/SR.120/1/2009,2009,sayuran/pangan semusim,404,https://perbenihanhorti.id/proseed/uploads/deskripsi/2512.pdf
db-vardaf,Kubis,Gianty,2849/Kpts/SR.120/7/2009,2009,sayuran/pangan semusim,404,https://perbenihanhorti.id/proseed/uploads/deskripsi/2513.pdf
db-vardaf,Kubis,Samira 202,3658/Kpts/SR.120/10/2009,2009,sayuran/pangan semusim,404,https://perbenihanhorti.id/proseed/uploads/deskripsi/2514.pdf
db-vardaf,Kubis,Silvia,3659/Kpts/SR.120/10/2009,2009,sayuran/pangan semusim,404,https://perbenihanhorti.id/proseed/uploads/deskripsi/2515.pdf
db-vardaf,Kubis,OR Ayu,3660/Kpts/SR.120/10/2009,2009,sayuran/pangan semusim,404,https://perbenihanhorti.id/proseed/uploads/deskripsi/2516.pdf
db-vardaf,Kubis Bunga,Simi,375/Kpts/SR.120/1/2009,2009,sayuran/pangan semusim,404,https://perbenihanhorti.id/proseed/uploads/deskripsi/2540.pdf
db-vardaf,Kubis Bunga,MRP 45,2070/Kpts/SR.120/5/2009,2009,sayuran/pangan semusim,404,https://perbenihanhorti.id/proseed/uploads/deskripsi
db-vardaf,Mentimun,Berta Hijau,376/Kpts/SR.120/1/2009,2009,sayuran/pangan semusim,404,https://perbenihanhorti.id/proseed/uploads/deskripsi/2620.pdf
db-vardaf,Mentimun,Sunami,2062/Kpts/SR.120/5/2009,2009,sayuran/pangan semusim,404,https://perbenihanhorti.id/proseed/uploads/deskripsi/2621.pdf
db-vardaf,Mentimun,Figaro,2063/Kpts/SR.120/5/2009,2009,sayuran/pangan semusim,404,https://perbenihanhorti.id/proseed/uploads/deskripsi/2622.pdf
db-vardaf,Mentimun,Palace,2064/Kpts/SR.120/5/2009,2009,sayuran/pangan semusim,404,https://perbenihanhorti.id/proseed/uploads/deskripsi/2623.pdf
db-vardaf,Mentimun,Sensasi,2065/Kpts/SR.120/5/2009,2009,sayuran/pangan semusim,404,https://perbenihanhorti.id/proseed/uploads/deskripsi/2624.pdf
db-vardaf,Mentimun,Ghea,2066/Kpts/SR.120/5/2009,2009,sayuran/pangan semusim,404,https://perbenihanhorti.id/proseed/uploads/deskripsi/2625.pdf
db-vardaf,Mentimun,Dhea,2067/Kpts/SR.120/5/2009,2009,sayuran/pangan semusim,404,https://perbenihanhorti.id/proseed/uploads/deskripsi/2626.pdf
db-vardaf,Mentimun,Alexis,2068/Kpts/SR.120/5/2009,2009,sayuran/pangan semusim,404,https://perbenihanhorti.id/proseed/uploads/deskripsi/2627.pdf
db-vardaf,Mentimun,Bertha Mini,2069/Kpts/SR.120/5/2009,2009,sayuran/pangan semusim,404,https://perbenihanhorti.id/proseed/uploads/deskripsi/2628.pdf
db-vardaf,Mentimun,CU 531,2077/Kpts/SR.120/5/2009,2009,sayuran/pangan semusim,404,https://perbenihanhorti.id/proseed/uploads/deskripsi/2629.pdf
db-vardaf,Mentimun,Penus,2826/Kpts/SR.120/7/2009,2009,sayuran/pangan semusim,404,https://perbenihanhorti.id/proseed/uploads/deskripsi/2630.pdf
db-vardaf,Mentimun,Ebony,3631/Kpts/SR.120/10/2009,2009,sayuran/pangan semusim,404,https://perbenihanhorti.id/proseed/uploads/deskripsi/2631.pdf
db-vardaf,Mentimun,Mira,3632/Kpts/SR.120/10/2009,2009,sayuran/pangan semusim,404,https://perbenihanhorti.id/proseed/uploads/deskripsi/2632.pdf
db-vardaf,Mentimun,Duta,3633/Kpts/SR.120/10/2009,2009,sayuran/pangan semusim,404,https://perbenihanhorti.id/proseed/uploads/deskripsi/2633.pdf
db-vardaf,Oyong / Gambas,Green Matador,370/Kpts/SR.120/1/2009,2009,sayuran/pangan semusim,404,https://perbenihanhorti.id/proseed/uploads/deskripsi/2660.pdf
db-vardaf,Oyong / Gambas,BLF 808,2831/Kpts/SR.120/7/2009,2009,sayuran/pangan semusim,404,https://perbenihanhorti.id/proseed/uploads/deskripsi/2661.pdf
db-vardaf,Oyong / Gambas,BLF 818,2827/Kpts/SR.120/7/2009,2009,sayuran/pangan semusim,404,https://perbenihanhorti.id/proseed/uploads/deskripsi/2662.pdf
db-vardaf,Paria,Denayu,3639/Kpts/SR.120/10/2009,2009,sayuran/pangan semusim,404,https://perbenihanhorti.id/proseed/uploads/deskripsi/2692.pdf
db-vardaf,Sawi hijau,Patas,2073/Kpts/SR.120/5/2009,2009,sayuran/pangan semusim,404,https://perbenihanhorti.id/proseed/uploads/deskripsi/2714.pdf
db-vardaf,Sawi Sendok/Pak Choi,Nauli,390/Kpts/SR.120/1/2009,2009,sayuran/pangan semusim,404,https://perbenihanhorti.id/proseed/uploads/deskripsi/2730.pdf
db-vardaf,Sawi putih / Petsai,OR Yorum,3591/Kpts/SR.120/10/2009,2009,sayuran/pangan semusim,404,https://perbenihanhorti.id/proseed/uploads/deskripsi/2771.pdf
db-vardaf,Sawi putih / Petsai,Hanter 108,3661/Kpts/SR.120/10/2009,2009,sayuran/pangan semusim,404,https://perbenihanhorti.id/proseed/uploads/deskripsi/2772.pdf
db-vardaf,Terong,Pesona,2866/Kpts/SR.120/7/2009,2009,sayuran/pangan semusim,404,https://perbenihanhorti.id/proseed/uploads/deskripsi/2828.pdf
db-vardaf,Tomat,Manita,2055/Kpts/SR.120/5/2009,2009,sayuran/pangan semusim,404,https://perbenihanhorti.id/proseed/uploads/deskripsi/2916.pdf
db-vardaf,Tomat,Diva,2057/Kpts/SR.120/5/2009,2009,sayuran/pangan semusim,404,https://perbenihanhorti.id/proseed/uploads/deskripsi/2917.pdf
db-vardaf,Tomat,Emma,2058/Kpts/SR.120/5/2009,2009,sayuran/pangan semusim,404,https://perbenihanhorti.id/proseed/uploads/deskripsi/2918.pdf
db-vardaf,Tomat,Monalisa,2059/Kpts/SR.120/5/2009,2009,sayuran/pangan semusim,404,https://perbenihanhorti.id/proseed/uploads/deskripsi/2919.pdf
db-vardaf,Tomat,Mania,2060/Kpts/SR.120/5/2009,2009,sayuran/pangan semusim,404,https://perbenihanhorti.id/proseed/uploads/deskripsi/2920.pdf
db-vardaf,Tomat,Samantha,2061/Kpts/SR.120/5/2009,2009,sayuran/pangan semusim,404,https://perbenihanhorti.id/proseed/uploads/deskripsi/2921.pdf
db-vardaf,Tomat,OR Safari,2075/Kpts/SR.120/5/2009,2009,sayuran/pangan semusim,404,https://perbenihanhorti.id/proseed/uploads/deskripsi/2922.pdf
db-vardaf,Tomat,OR Tiara,2076/Kpts/SR.120/5/2009,2009,sayuran/pangan semusim,404,https://perbenihanhorti.id/proseed/uploads/deskripsi/2923.pdf
db-vardaf,Tomat,Anita,3662/Kpts/SR.120/10/2009,2009,sayuran/pangan semusim,404,https://perbenihanhorti.id/proseed/uploads/deskripsi/2924.pdf
db-vardaf,Tomat,Kalus,3663/Kpts/SR.120/10/2009,2009,sayuran/pangan semusim,404,https://perbenihanhorti.id/proseed/uploads/deskripsi/2925.pdf
db-vardaf,Tomat,Kadia 22,3664/Kpts/SR.120/10/2009,2009,sayuran/pangan semusim,404,https://perbenihanhorti.id/proseed/uploads/deskripsi
db-vardaf,Waluh/Squash,Crossandra,384/Kpts/SR.120/1/2009,2009,sayuran/pangan semusim,404,https://perbenihanhorti.id/proseed/uploads/deskripsi/2952.pdf
db-vardaf,Melon,Adelia,2056/Kpts/SR.120/5/2009,2009,sayuran/pangan semusim,404,https://perbenihanhorti.id/proseed/uploads/deskripsi
db-vardaf,Melon,Lola,3640/Kpts/SR.120/10/2009,2009,sayuran/pangan semusim,404,https://perbenihanhorti.id/proseed/uploads/deskripsi/3334.pdf
db-vardaf,Melon,Clara,3641/Kpts/SR.120/10/2009,2009,sayuran/pangan semusim,404,https://perbenihanhorti.id/proseed/uploads/deskripsi/3335.pdf
db-vardaf,Melon,Ivory,3642/Kpts/SR.120/10/2009,2009,sayuran/pangan semusim,404,https://perbenihanhorti.id/proseed/uploads/deskripsi/3336.pdf
db-vardaf,Pepaya,Sukma Sukabumi,3509/Kpts/SR.120/10/2009,2009,sayuran/pangan semusim,404,https://perbenihanhorti.id/proseed/uploads/deskripsi/3397.pdf
db-vardaf,Semangka,Black Sumbo,387/Kpts/SR.120/1/2009,2009,sayuran/pangan semusim,404,https://perbenihanhorti.id/proseed/uploads/deskripsi/3559.pdf
db-vardaf,Semangka,Denis,2074/Kpts/SR.120/5/2009,2009,sayuran/pangan semusim,404,https://perbenihanhorti.id/proseed/uploads/deskripsi/3560.pdf
db-vardaf,Semangka,Belinda,3512/Kpts/SR.120/10/2009,2009,sayuran/pangan semusim,404,https://perbenihanhorti.id/proseed/uploads/deskripsi/3561.pdf
db-vardaf,Semangka,Oriana,3513/Kpts/SR.120/10/2009,2009,sayuran/pangan semusim,404,https://perbenihanhorti.id/proseed/uploads/deskripsi/3562.pdf
db-vardaf,Semangka,Reindow,3514/Kpts/SR.120/10/2009,2009,sayuran/pangan semusim,404,https://perbenihanhorti.id/proseed/uploads/deskripsi/3563.pdf
db-vardaf,Semangka,Sagara,3515/Kpts/SR.120/10/2009,2009,sayuran/pangan semusim,404,https://perbenihanhorti.id/proseed/uploads/deskripsi/3564.pdf
db-vardaf,Semangka,Gemilang,3643/Kpts/SR.120/10/2009,2009,sayuran/pangan semusim,404,https://perbenihanhorti.id/proseed/uploads/deskripsi/3565.pdf
db-vardaf,Semangka,Elsabrina,3644/Kpts/SR.120/10/2009,2009,sayuran/pangan semusim,404,https://perbenihanhorti.id/proseed/uploads/deskripsi/3566.pdf
db-vardaf,Semangka,Jenar,3645/Kpts/SR.120/10/2009,2009,sayuran/pangan semusim,404,https://perbenihanhorti.id/proseed/uploads/deskripsi/3567.pdf
db-vardaf,Semangka,Mahesa,3646/Kpts/SR.120/10/2009,2009,sayuran/pangan semusim,404,https://perbenihanhorti.id/proseed/uploads/deskripsi/3568.pdf
db-vardaf,Semangka,Pusaka,3647/Kpts/SR.120/10/2009,2009,sayuran/pangan semusim,404,https://perbenihanhorti.id/proseed/uploads/deskripsi/3569.pdf
db-vardaf,Semangka,Gama,3648/Kpts/SR.120/10/2009,2009,sayuran/pangan semusim,404,https://perbenihanhorti.id/proseed/uploads/deskripsi/3570.pdf
db-vardaf,Semangka,Bianca,3649/Kpts/SR.120/10/2009,2009,sayuran/pangan semusim,404,https://perbenihanhorti.id/proseed/uploads/deskripsi/3571.pdf
db-vardaf,Semangka,Corina,3650/Kpts/SR.120/10/2009,2009,sayuran/pangan semusim,404,https://perbenihanhorti.id/proseed/uploads/deskripsi/3572.pdf
db-vardaf,Semangka,Quate,3665/Kpts/SR.120/10/2009,2009,sayuran/pangan semusim,404,https://perbenihanhorti.id/proseed/uploads/deskripsi/3573.pdf
db-vardaf,Semangka,Samalo,3666/Kpts/SR.120/10/2009,2009,sayuran/pangan semusim,404,https://perbenihanhorti.id/proseed/uploads/deskripsi/3574.pdf
db-vardaf,Semangka,Lakiren,3667/Kpts/SR.120/10/2009,2009,sayuran/pangan semusim,404,https://perbenihanhorti.id/proseed/uploads/deskripsi/3575.pdf
db-vardaf,Semangka,Hailung,2846/Kpts/SR.120/7/2009,2009,sayuran/pangan semusim,404,https://perbenihanhorti.id/proseed/uploads/deskripsi/3596.pdf
db-vardaf,Semangka,Phoenix,2848/Kpts/SR.120/7/2009,2009,sayuran/pangan semusim,404,https://perbenihanhorti.id/proseed/uploads/deskripsi/3597.pdf
db-vardaf,Semangka,Sunan,2847/Kpts/SR.120/7/2009,2009,sayuran/pangan semusim,404,https://perbenihanhorti.id/proseed/uploads/deskripsi/3598.pdf
db-vardaf,Mentimun,Roman,3638/Kpts/SR.120/10/2009,2009,sayuran/pangan semusim,404,https://perbenihanhorti.id/proseed/uploads/deskripsi/4098.pdf
db-vardaf,Bawang Merah,Biru Lancor,2830/Kpts/SR.120/7/2009,2009,sayuran/pangan semusim,404,https://perbenihanhorti.id/proseed/uploads/deskripsi/2024.pdf
db-vardaf,Semangka,Naza,53/Kpts/SR.120/1/2008,2008,sayuran/pangan semusim,404,https://perbenihanhorti.id/proseed/uploads/deskripsi/3549.pdf
db-vardaf,Semangka,Legyta,54/Kpts/SR.120/1/2008,2008,sayuran/pangan semusim,404,https://perbenihanhorti.id/proseed/uploads/deskripsi/3550.pdf
db-vardaf,Semangka,Saloka,73/Kpts/SR.120/1/2008,2008,sayuran/pangan semusim,404,https://perbenihanhorti.id/proseed/uploads/deskripsi/3551.pdf
db-vardaf,Semangka,Kejora,74/Kpts/SR.120/1/2008,2008,sayuran/pangan semusim,404,https://perbenihanhorti.id/proseed/uploads/deskripsi/3552.pdf
db-vardaf,Semangka,F 919,469/Kpts/SR.120/4/2008,2008,sayuran/pangan semusim,404,https://perbenihanhorti.id/proseed/uploads/deskripsi/3553.pdf
db-vardaf,Semangka,Taisei,470/Kpts/SR.120/4/2008,2008,sayuran/pangan semusim,404,https://perbenihanhorti.id/proseed/uploads/deskripsi/3554.pdf
db-vardaf,Semangka,Dinamit,471/Kpts/SR.120/4/2008,2008,sayuran/pangan semusim,404,https://perbenihanhorti.id/proseed/uploads/deskripsi/3555.pdf
db-vardaf,Semangka,Luna,455/Kpts/SR.120/4/2008,2008,sayuran/pangan semusim,404,https://perbenihanhorti.id/proseed/uploads/deskripsi/3556.pdf
db-vardaf,Semangka,Lalita,1757/Kpts/SR.120/12/2008,2008,sayuran/pangan semusim,404,https://perbenihanhorti.id/proseed/uploads/deskripsi/3557.pdf
db-vardaf,Semangka,Laluna,1758/Kpts/SR.120/12/2008,2008,sayuran/pangan semusim,404,https://perbenihanhorti.id/proseed/uploads/deskripsi/3558.pdf
db-vardaf,Bawang Merah,Manjung,703/Kpts/SR.120/5/2008,2008,sayuran/pangan semusim,404,https://perbenihanhorti.id/proseed/uploads/deskripsi/2023.pdf
db-vardaf,Brokoli,Green Magic,456/Kpts/SR.120/4/2008,2008,sayuran/pangan semusim,404,https://perbenihanhorti.id/proseed/uploads/deskripsi/2050.pdf
db-vardaf,Brokoli,Patron,457/Kpts/SR.120/4/2008,2008,sayuran/pangan semusim,404,https://perbenihanhorti.id/proseed/uploads/deskripsi/2051.pdf
db-vardaf,Kacang Buncis,Ambro,612/Kpts/SR.120/5/2008,2008,sayuran/pangan semusim,404,https://perbenihanhorti.id/proseed/uploads/deskripsi/2074.pdf
db-vardaf,Kacang Buncis,Rancak,1731/Kpts/SR.120/12/2008,2008,sayuran/pangan semusim,404,https://perbenihanhorti.id/proseed/uploads/deskripsi/2075.pdf
db-vardaf,Cabai Rawit,Genie,70/Kpts/SR.120/1/2008,2008,sayuran/pangan semusim,404,https://perbenihanhorti.id/proseed/uploads/deskripsi/2095.pdf
db-vardaf,Cabai Rawit,CF 291,436/Kpts/SR.120/4/2008,2008,sayuran/pangan semusim,404,https://perbenihanhorti.id/proseed/uploads/deskripsi/2096.pdf
db-vardaf,Cabai Rawit,Malita FM,439/Kpts/SR.120/4/2008,2008,sayuran/pangan semusim,404,https://perbenihanhorti.id/proseed/uploads/deskripsi/2097.pdf
db-vardaf,Cabai Rawit,Bayonet,638/Kpts/SR.120/5/2008,2008,sayuran/pangan semusim,404,https://perbenihanhorti.id/proseed/uploads/deskripsi/2098.pdf
db-vardaf,Cabai Rawit,Taring,637/Kpts/SR.120/5/2008,2008,sayuran/pangan semusim,404,https://perbenihanhorti.id/proseed/uploads/deskripsi/2099.pdf
db-vardaf,Cabai Besar,Prason,438/Kpts/SR.120/4/2008,2008,sayuran/pangan semusim,404,https://perbenihanhorti.id/proseed/uploads/deskripsi/2171.pdf
db-vardaf,Cabai Besar,Astina,611/Kpts/SR.120/5/2008,2008,sayuran/pangan semusim,404,https://perbenihanhorti.id/proseed/uploads/deskripsi/2172.pdf
db-vardaf,Cabai Besar,BP 1,1732/Kpts/SR.120/12/2008,2008,sayuran/pangan semusim,404,https://perbenihanhorti.id/proseed/uploads/deskripsi/2173.pdf
db-vardaf,Cabai Besar,Bewe,1733/Kpts/SR.120/12/2008,2008,sayuran/pangan semusim,404,https://perbenihanhorti.id/proseed/uploads/deskripsi/2174.pdf
db-vardaf,Cabai Keriting,Kado 99,437/Kpts/SR.120/4/2008,2008,sayuran/pangan semusim,404,https://perbenihanhorti.id/proseed/uploads/deskripsi/2238.pdf
db-vardaf,Cabai Keriting,Kirani 9,636/Kpts/SR.120/5/2008,2008,sayuran/pangan semusim,404,https://perbenihanhorti.id/proseed/uploads/deskripsi/2239.pdf
db-vardaf,Cabai Keriting,OR Twist Satria,1734/Kpts/SR.120/12/2008,2008,sayuran/pangan semusim,404,https://perbenihanhorti.id/proseed/uploads/deskripsi/2240.pdf
db-vardaf,Jagung Manis,Evita,75/Kpts/SR.120/1/2008,2008,sayuran/pangan semusim,404,https://perbenihanhorti.id/proseed/uploads/deskripsi/2291.pdf
db-vardaf,Jagung Manis,Swety,445/Kpts/SR.120/4/2008,2008,sayuran/pangan semusim,404,https://perbenihanhorti.id/proseed/uploads/deskripsi/2292.pdf
db-vardaf,Jagung Manis,Maya,1751/Kpts/SR.120/12/2008,2008,sayuran/pangan semusim,404,https://perbenihanhorti.id/proseed/uploads/deskripsi/2293.pdf
db-vardaf,Jagung Manis,Inca,1752/Kpts/SR.120/12/2008,2008,sayuran/pangan semusim,404,https://perbenihanhorti.id/proseed/uploads/deskripsi/2294.pdf
db-vardaf,Kacang Panjang,VA 028,66/Kpts/SR.120/1/2008,2008,sayuran/pangan semusim,404,https://perbenihanhorti.id/proseed/uploads/deskripsi/2351.pdf
db-vardaf,Kacang Panjang,BCA 01,67/Kpts/SR.120/1/2008,2008,sayuran/pangan semusim,404,https://perbenihanhorti.id/proseed/uploads/deskripsi/2352.pdf
db-vardaf,Kacang Panjang,BCA 02,68/Kpts/SR.120/1/2008,2008,sayuran/pangan semusim,404,https://perbenihanhorti.id/proseed/uploads/deskripsi/2353.pdf
db-vardaf,Kacang Panjang,BCA 03,69/Kpts/SR.120/1/2008,2008,sayuran/pangan semusim,404,https://perbenihanhorti.id/proseed/uploads/deskripsi/2354.pdf
db-vardaf,Kacang Panjang,Tali Jiwa,635/Kpts/SR.120/5/2008,2008,sayuran/pangan semusim,404,https://perbenihanhorti.id/proseed/uploads/deskripsi/2355.pdf
db-vardaf,Kacang Panjang,Kanton,634/Kpts/SR.120/5/2008,2008,sayuran/pangan semusim,404,https://perbenihanhorti.id/proseed/uploads/deskripsi/2356.pdf
db-vardaf,Kacang Panjang,Panji,1735/Kpts/SR.120/12/2008,2008,sayuran/pangan semusim,404,https://perbenihanhorti.id/proseed/uploads/deskripsi/2357.pdf
db-vardaf,Kangkung,Mahar,1736/Kpts/SR.120/12/2008,2008,sayuran/pangan semusim,404,https://perbenihanhorti.id/proseed/uploads/deskripsi/2411.pdf
db-vardaf,Kangkung,Bamboo,1753/Kpts/SR.120/12/2008,2008,sayuran/pangan semusim,404,https://perbenihanhorti.id/proseed/uploads/deskripsi/2412.pdf
db-vardaf,Kentang,Kikondo,446/Kpts/SR.120/4/2008,2008,sayuran/pangan semusim,404,https://perbenihanhorti.id/proseed/uploads/deskripsi/2443.pdf
db-vardaf,Kentang,Margahayu,447/Kpts/SR.120/4/2008,2008,sayuran/pangan semusim,404,https://perbenihanhorti.id/proseed/uploads/deskripsi/2444.pdf
db-vardaf,Kentang,Nadia,1737/Kpts/SR.120/12/2008,2008,sayuran/pangan semusim,404,https://perbenihanhorti.id/proseed/uploads/deskripsi/2445.pdf
db-vardaf,Kentang,Dea,1738/Kpts/SR.120/12/2008,2008,sayuran/pangan semusim,404,https://perbenihanhorti.id/proseed/uploads/deskripsi/2446.pdf
db-vardaf,Kubis,Kaelo,76/Kpts/SR.120/1/2008,2008,sayuran/pangan semusim,404,https://perbenihanhorti.id/proseed/uploads/deskripsi/2506.pdf
db-vardaf,Kubis,Plasma,77/Kpts/SR.120/1/2008,2008,sayuran/pangan semusim,404,https://perbenihanhorti.id/proseed/uploads/deskripsi/2507.pdf
db-vardaf,Kubis,Kolawu,458/Kpts/SR.120/4/2008,2008,sayuran/pangan semusim,404,https://perbenihanhorti.id/proseed/uploads/deskripsi/2508.pdf
db-vardaf,Kubis,Kansas,459/Kpts/SR.120/4/2008,2008,sayuran/pangan semusim,404,https://perbenihanhorti.id/proseed/uploads/deskripsi/2509.pdf
db-vardaf,Kubis,Green Bison,460/Kpts/SR.120/4/2008,2008,sayuran/pangan semusim,404,https://perbenihanhorti.id/proseed/uploads/deskripsi/2510.pdf
db-vardaf,Kubis,Kenshi,1754/Kpts/SR.120/12/2008,2008,sayuran/pangan semusim,404,https://perbenihanhorti.id/proseed/uploads/deskripsi/2511.pdf
db-vardaf,Kubis Bunga,Darma,57/Kpts/SR.120/1/2008,2008,sayuran/pangan semusim,404,https://perbenihanhorti.id/proseed/uploads/deskripsi/2537.pdf
db-vardaf,Kubis Bunga,Lola,72/Kpts/SR.120/1/2008,2008,sayuran/pangan semusim,404,https://perbenihanhorti.id/proseed/uploads/deskripsi/2538.pdf
db-vardaf,Kubis Bunga,Snow Angel,461/Kpts/SR.120/4/2008,2008,sayuran/pangan semusim,404,https://perbenihanhorti.id/proseed/uploads/deskripsi/2539.pdf
db-vardaf,Mentimun,Cassandra,60/Kpts/SR.120/1/2008,2008,sayuran/pangan semusim,404,https://perbenihanhorti.id/proseed/uploads/deskripsi/2610.pdf
db-vardaf,Mentimun,Soyuz,61/Kpts/SR.120/1/2008,2008,sayuran/pangan semusim,404,https://perbenihanhorti.id/proseed/uploads/deskripsi/2611.pdf
db-vardaf,Mentimun,Xena,62/Kpts/SR.120/1/2008,2008,sayuran/pangan semusim,404,https://perbenihanhorti.id/proseed/uploads/deskripsi/2612.pdf
db-vardaf,Mentimun,Zeus,63/Kpts/SR.120/1/2008,2008,sayuran/pangan semusim,404,https://perbenihanhorti.id/proseed/uploads/deskripsi/2613.pdf
db-vardaf,Mentimun,Nikki,64/Kpts/SR.120/1/2008,2008,sayuran/pangan semusim,404,https://perbenihanhorti.id/proseed/uploads/deskripsi/2614.pdf
db-vardaf,Mentimun,Wuku,65/Kpts/SR.120/1/2008,2008,sayuran/pangan semusim,404,https://perbenihanhorti.id/proseed/uploads/deskripsi/2615.pdf
db-vardaf,Mentimun,Citra Baby,448/Kpts/SR.120/4/2008,2008,sayuran/pangan semusim,404,https://perbenihanhorti.id/proseed/uploads/deskripsi/2616.pdf
db-vardaf,Mentimun,Citra Green,449/Kpts/SR.120/4/2008,2008,sayuran/pangan semusim,404,https://perbenihanhorti.id/proseed/uploads/deskripsi/2617.pdf
db-vardaf,Mentimun,Hera,450/Kpts/SR.120/4/2008,2008,sayuran/pangan semusim,404,https://perbenihanhorti.id/proseed/uploads/deskripsi/2618.pdf
db-vardaf,Mentimun,Misano,633/Kpts/SR.120/5/2008,2008,sayuran/pangan semusim,404,https://perbenihanhorti.id/proseed/uploads/deskripsi/2619.pdf
db-vardaf,Paria,Hokian,59/Kpts/SR.120/1/2008,2008,sayuran/pangan semusim,404,https://perbenihanhorti.id/proseed/uploads/deskripsi/2691.pdf
db-vardaf,Sawi hijau,Dakota,1750/Kpts/SR.120/12/2008,2008,sayuran/pangan semusim,404,https://perbenihanhorti.id/proseed/uploads/deskripsi/2713.pdf
db-vardaf,Sawi putih / Petsai,Shuka Shuka,56/Kpts/SR.120/1/2008,2008,sayuran/pangan semusim,404,https://perbenihanhorti.id/proseed/uploads/deskripsi/2769.pdf
db-vardaf,Sawi putih / Petsai,Aba 2,462/Kpts/SR.120/4/2008,2008,sayuran/pangan semusim,404,https://perbenihanhorti.id/proseed/uploads/deskripsi/2770.pdf
db-vardaf,Slada,Nuansa,1739/Kpts/SR.120/12/2008,2008,sayuran/pangan semusim,404,https://perbenihanhorti.id/proseed/uploads/deskripsi/2786.pdf
db-vardaf,Slada,Karina,1768/Kpts/SR.120/12/2008,2008,sayuran/pangan semusim,404,https://perbenihanhorti.id/proseed/uploads/deskripsi/2787.pdf
db-vardaf,Terong,SM 211,58/Kpts/SR.120/1/2008,2008,sayuran/pangan semusim,404,https://perbenihanhorti.id/proseed/uploads/deskripsi/2826.pdf
db-vardaf,Terong,Kenari,451/Kpts/SR.120/4/2008,2008,sayuran/pangan semusim,404,https://perbenihanhorti.id/proseed/uploads/deskripsi/2827.pdf
db-vardaf,Tomat,Menara,56/Kpts/SR.120/1/2008,2008,sayuran/pangan semusim,404,https://perbenihanhorti.id/proseed/uploads/deskripsi/2902.pdf
db-vardaf,Tomat,Swadesi,81/Kpts/SR.120/1/2008,2008,sayuran/pangan semusim,404,https://perbenihanhorti.id/proseed/uploads/deskripsi/2903.pdf
db-vardaf,Tomat,Krisna,452/Kpts/SR.120/4/2008,2008,sayuran/pangan semusim,404,https://perbenihanhorti.id/proseed/uploads/deskripsi/2904.pdf
db-vardaf,Tomat,Anvila,453/Kpts/SR.120/4/2008,2008,sayuran/pangan semusim,404,https://perbenihanhorti.id/proseed/uploads/deskripsi/2905.pdf
db-vardaf,Tomat,Gadang,454/Kpts/SR.120/4/2008,2008,sayuran/pangan semusim,404,https://perbenihanhorti.id/proseed/uploads/deskripsi/2906.pdf
db-vardaf,Tomat,Nirmala,631/Kpts/SR.120/5/2008,2008,sayuran/pangan semusim,404,https://perbenihanhorti.id/proseed/uploads/deskripsi/2907.pdf
db-vardaf,Tomat,Sakina,629/Kpts/SR.120/5/2008,2008,sayuran/pangan semusim,404,https://perbenihanhorti.id/proseed/uploads/deskripsi/2908.pdf
db-vardaf,Tomat,Pratiwi,630/Kpts/SR.120/5/2008,2008,sayuran/pangan semusim,404,https://perbenihanhorti.id/proseed/uploads/deskripsi/2909.pdf
db-vardaf,Tomat,Puspita,632/Kpts/SR.120/5/2008,2008,sayuran/pangan semusim,404,https://perbenihanhorti.id/proseed/uploads/deskripsi/2910.pdf
db-vardaf,Tomat,Tombatu,1740/Kpts/SR.120/12/2008,2008,sayuran/pangan semusim,404,https://perbenihanhorti.id/proseed/uploads/deskripsi/2911.pdf
db-vardaf,Tomat,Nikita,1741/Kpts/SR.120/12/2008,2008,sayuran/pangan semusim,404,https://perbenihanhorti.id/proseed/uploads/deskripsi/2912.pdf
db-vardaf,Tomat,Ananta,1742/Kpts/SR.120/12/2008,2008,sayuran/pangan semusim,404,https://perbenihanhorti.id/proseed/uploads/deskripsi/2913.pdf
db-vardaf,Tomat,Maligai,1743/Kpts/SR.120/12/2008,2008,sayuran/pangan semusim,404,https://perbenihanhorti.id/proseed/uploads/deskripsi/2914.pdf
db-vardaf,Tomat,Latansa,1744/Kpts/SR.120/12/2008,2008,sayuran/pangan semusim,404,https://perbenihanhorti.id/proseed/uploads/deskripsi/2915.pdf
db-vardaf,Melon,Mema Il,463/Kpts/SR.120/4/2008,2008,sayuran/pangan semusim,404,https://perbenihanhorti.id/proseed/uploads/deskripsi/3325.pdf
db-vardaf,Melon,Mema,464/Kpts/SR.120/4/2008,2008,sayuran/pangan semusim,404,https://perbenihanhorti.id/proseed/uploads/deskripsi/3326.pdf
db-vardaf,Melon,Mema Sam,465/Kpts/SR.120/4/2008,2008,sayuran/pangan semusim,404,https://perbenihanhorti.id/proseed/uploads/deskripsi/3327.pdf
db-vardaf,Melon,Basir,466/Kpts/SR.120/4/2008,2008,sayuran/pangan semusim,404,https://perbenihanhorti.id/proseed/uploads/deskripsi/3328.pdf
db-vardaf,Melon,Minori,467/Kpts/SR.120/4/2008,2008,sayuran/pangan semusim,404,https://perbenihanhorti.id/proseed/uploads/deskripsi/3329.pdf
db-vardaf,Melon,Sisilia,468/Kpts/SR.120/4/2008,2008,sayuran/pangan semusim,404,https://perbenihanhorti.id/proseed/uploads/deskripsi/3330.pdf
db-vardaf,Melon,Amanta,1746/Kpts/SR.120/12/2008,2008,sayuran/pangan semusim,404,https://perbenihanhorti.id/proseed/uploads/deskripsi/3331.pdf
db-vardaf,Melon,Sunny Red 267,1756/Kpts/SR.120/12/2008,2008,sayuran/pangan semusim,404,https://perbenihanhorti.id/proseed/uploads/deskripsi/3332.pdf
db-vardaf,Bawang Merah,Sembrani,304/Kpts/SR.120/5/2007,2007,sayuran/pangan semusim,404,https://perbenihanhorti.id/proseed/uploads/deskripsi/2021.pdf
db-vardaf,Bawang Merah,Katumi,305/Kpts/SR.120/5/2007,2007,sayuran/pangan semusim,404,https://perbenihanhorti.id/proseed/uploads/deskripsi/2022.pdf
db-vardaf,Brokoli,Lucky,11/Kpts/SR.120/1/2007,2007,sayuran/pangan semusim,404,https://perbenihanhorti.id/proseed/uploads/deskripsi/2049.pdf
db-vardaf,Kacang Buncis,Cossa Nostra,148/Kpts/SR.120/3/2007,2007,sayuran/pangan semusim,404,https://perbenihanhorti.id/proseed/uploads/deskripsi/2068.pdf
db-vardaf,Kacang Buncis,Spectaculer,149/Kpts/SR.120/3/2007,2007,sayuran/pangan semusim,404,https://perbenihanhorti.id/proseed/uploads/deskripsi/2069.pdf
db-vardaf,Kacang Buncis,Apike,407/Kpts/SR.120/7/2007,2007,sayuran/pangan semusim,404,https://perbenihanhorti.id/proseed/uploads/deskripsi/2070.pdf
db-vardaf,Kacang Buncis,Dara Putih 2,408/Kpts/SR.120/7/2007,2007,sayuran/pangan semusim,404,https://perbenihanhorti.id/proseed/uploads/deskripsi/2071.pdf
db-vardaf,Kacang Buncis,Jimas,490/Kpts/SR.120/9/2007,2007,sayuran/pangan semusim,404,https://perbenihanhorti.id/proseed/uploads/deskripsi/2072.pdf
db-vardaf,Kacang Buncis,Mustika,489/Kpts/SR.120/9/2007,2007,sayuran/pangan semusim,404,https://perbenihanhorti.id/proseed/uploads/deskripsi/2073.pdf
db-vardaf,Cabai Rawit,Comexio,150/Kpts/SR.120/3/2007,2007,sayuran/pangan semusim,404,https://perbenihanhorti.id/proseed/uploads/deskripsi/2093.pdf
db-vardaf,Cabai Rawit,Meteoximo,151/Kpts/SR.120/3/2007,2007,sayuran/pangan semusim,404,https://perbenihanhorti.id/proseed/uploads/deskripsi/2094.pdf
db-vardaf,Cabai Besar,Optima,14/Kpts/SR.120/1/2007,2007,sayuran/pangan semusim,404,https://perbenihanhorti.id/proseed/uploads/deskripsi/2156.pdf
db-vardaf,Cabai Besar,Agung,15/Kpts/SR.120/1/2007,2007,sayuran/pangan semusim,404,https://perbenihanhorti.id/proseed/uploads/deskripsi/2157.pdf
db-vardaf,Cabai Besar,Spirit,18/Kpts/SR.120/1/2007,2007,sayuran/pangan semusim,404,https://perbenihanhorti.id/proseed/uploads/deskripsi/2158.pdf
db-vardaf,Cabai Besar,Hot Chilli,69/Kpts/SR.120/2/2007,2007,sayuran/pangan semusim,404,https://perbenihanhorti.id/proseed/uploads/deskripsi/2159.pdf
db-vardaf,Cabai Besar,Profit,174/Kpts/SR.120/3/2007,2007,sayuran/pangan semusim,404,https://perbenihanhorti.id/proseed/uploads/deskripsi/2160.pdf
db-vardaf,Cabai Besar,Prada,186/Kpts/SR.120/3/2007,2007,sayuran/pangan semusim,404,https://perbenihanhorti.id/proseed/uploads/deskripsi/2161.pdf
db-vardaf,Cabai Besar,HP. 207,187/Kpts/SR.120/3/2007,2007,sayuran/pangan semusim,404,https://perbenihanhorti.id/proseed/uploads/deskripsi/2162.pdf
db-vardaf,Cabai Besar,Big Hot,308/Kpts/SR.120/5/2007,2007,sayuran/pangan semusim,404,https://perbenihanhorti.id/proseed/uploads/deskripsi/2163.pdf
db-vardaf,Cabai Besar,OR 985,400/Kpts/SR.120/7/2007,2007,sayuran/pangan semusim,404,https://perbenihanhorti.id/proseed/uploads/deskripsi/2164.pdf
db-vardaf,Cabai Besar,OR Bigman 1157,401/Kpts/SR.120/7/2007,2007,sayuran/pangan semusim,404,https://perbenihanhorti.id/proseed/uploads/deskripsi/2165.pdf
db-vardaf,Cabai Besar,OR Hot Vision,402/Kpts/SR.120/7/2007,2007,sayuran/pangan semusim,404,https://perbenihanhorti.id/proseed/uploads/deskripsi/2166.pdf
db-vardaf,Cabai Besar,Laras,403/Kpts/SR.120/7/2007,2007,sayuran/pangan semusim,404,https://perbenihanhorti.id/proseed/uploads/deskripsi/2167.pdf
db-vardaf,Cabai Besar,OR Beautiful 497,418/Kpts/SR.120/7/2007,2007,sayuran/pangan semusim,404,https://perbenihanhorti.id/proseed/uploads/deskripsi/2168.pdf
db-vardaf,Cabai Besar,Cabarda 421,488/Kpts/SR.120/9/2007,2007,sayuran/pangan semusim,404,https://perbenihanhorti.id/proseed/uploads/deskripsi/2169.pdf
db-vardaf,Cabai Besar,Red Sky,499/Kpts/SR.120/9/2007,2007,sayuran/pangan semusim,404,https://perbenihanhorti.id/proseed/uploads/deskripsi/2170.pdf
db-vardaf,Cabai Keriting,Indo Hot,12/Kpts/SR.120/1/2007,2007,sayuran/pangan semusim,404,https://perbenihanhorti.id/proseed/uploads/deskripsi/2226.pdf
db-vardaf,Cabai Keriting,Hot Geisha,13/Kpts/SR.120/1/2007,2007,sayuran/pangan semusim,404,https://perbenihanhorti.id/proseed/uploads/deskripsi/2227.pdf
db-vardaf,Cabai Keriting,Krida 9,188/Kpts/SR.120/3/2007,2007,sayuran/pangan semusim,404,https://perbenihanhorti.id/proseed/uploads/deskripsi/2228.pdf
db-vardaf,Cabai Keriting,Red Hot,309/Kpts/SR.120/5/2007,2007,sayuran/pangan semusim,404,https://perbenihanhorti.id/proseed/uploads/deskripsi/2229.pdf
db-vardaf,Cabai Keriting,OR Twist 33,394/Kpts/SR.120/7/2007,2007,sayuran/pangan semusim,404,https://perbenihanhorti.id/proseed/uploads/deskripsi/2230.pdf
db-vardaf,Cabai Keriting,Siramping C 199,395/Kpts/SR.120/7/2007,2007,sayuran/pangan semusim,404,https://perbenihanhorti.id/proseed/uploads/deskripsi/2231.pdf
db-vardaf,Cabai Keriting,Balado 69,396/Kpts/SR.120/7/2007,2007,sayuran/pangan semusim,404,https://perbenihanhorti.id/proseed/uploads/deskripsi/2232.pdf
db-vardaf,Cabai Keriting,OR Slim,397/Kpts/SR.120/7/2007,2007,sayuran/pangan semusim,404,https://perbenihanhorti.id/proseed/uploads/deskripsi/2233.pdf
db-vardaf,Cabai Keriting,OR Super One 980,398/Kpts/SR.120/7/2007,2007,sayuran/pangan semusim,404,https://perbenihanhorti.id/proseed/uploads/deskripsi/2234.pdf
db-vardaf,Cabai Keriting,OR Twist 22,399/Kpts/SR.120/7/2007,2007,sayuran/pangan semusim,404,https://perbenihanhorti.id/proseed/uploads/deskripsi/2235.pdf
db-vardaf,Cabai Keriting,Red Sabel,404/Kpts/SR.120/7/2007,2007,sayuran/pangan semusim,404,https://perbenihanhorti.id/proseed/uploads/deskripsi/2236.pdf
db-vardaf,Cabai Keriting,Express 99,536/Kpts/SR.120/9/2007,2007,sayuran/pangan semusim,404,https://perbenihanhorti.id/proseed/uploads/deskripsi/2237.pdf
db-vardaf,Jagung Manis,Kencana,19/Kpts/SR.120/1/2007,2007,sayuran/pangan semusim,404,https://perbenihanhorti.id/proseed/uploads/deskripsi/2286.pdf
db-vardaf,Jagung Manis,Golden Sweeter,159/Kpts/SR.120/3/2007,2007,sayuran/pangan semusim,404,https://perbenihanhorti.id/proseed/uploads/deskripsi/2287.pdf
db-vardaf,Jagung Manis,Hibrix 3,498/Kpts/SR.120/9/2007,2007,sayuran/pangan semusim,404,https://perbenihanhorti.id/proseed/uploads/deskripsi/2288.pdf
db-vardaf,Jagung Manis,Hibrix 10,497/Kpts/SR.120/9/2007,2007,sayuran/pangan semusim,404,https://perbenihanhorti.id/proseed/uploads/deskripsi/2289.pdf
db-vardaf,Jagung Manis,Kumala,596/Kpts/SR.120/11/2007,2007,sayuran/pangan semusim,404,https://perbenihanhorti.id/proseed/uploads/deskripsi/2290.pdf
db-vardaf,Kacang Merah,Inerie Ngada,299/Kpts/SR.120/5/2007,2007,sayuran/pangan semusim,404,https://perbenihanhorti.id/proseed/uploads/deskripsi/2313.pdf
db-vardaf,Kacang Panjang,Peleton,20/Kpts/SR.120/1/2007,2007,sayuran/pangan semusim,404,https://perbenihanhorti.id/proseed/uploads/deskripsi/2345.pdf
db-vardaf,Kacang Panjang,Dewi,155/Kpts/SR.120/3/2007,2007,sayuran/pangan semusim,404,https://perbenihanhorti.id/proseed/uploads/deskripsi/2346.pdf
db-vardaf,Kacang Panjang,Maharani,175/Kpts/SR.120/3/2007,2007,sayuran/pangan semusim,404,https://perbenihanhorti.id/proseed/uploads/deskripsi/2347.pdf
db-vardaf,Kacang Panjang,Ratu,176/Kpts/SR.120/3/2007,2007,sayuran/pangan semusim,404,https://perbenihanhorti.id/proseed/uploads/deskripsi/2348.pdf
db-vardaf,Kacang Panjang,Aura Hitam,486/Kpts/SR.120/9/2007,2007,sayuran/pangan semusim,404,https://perbenihanhorti.id/proseed/uploads/deskripsi/2349.pdf
db-vardaf,Kacang Panjang,Aura Putih,487/Kpts/SR.120/9/2007,2007,sayuran/pangan semusim,404,https://perbenihanhorti.id/proseed/uploads/deskripsi/2350.pdf
db-vardaf,Kangkung,Pilihan,21/Kpts/SR.120/1/2007,2007,sayuran/pangan semusim,404,https://perbenihanhorti.id/proseed/uploads/deskripsi/2409.pdf
db-vardaf,Kangkung,Monalisa,327/Kpts/SR.120/5/2007,2007,sayuran/pangan semusim,404,https://perbenihanhorti.id/proseed/uploads/deskripsi/2410.pdf
db-vardaf,Kubis,Green Crown,10/Kpts/SR.120/1/2007,2007,sayuran/pangan semusim,404,https://perbenihanhorti.id/proseed/uploads/deskripsi/2497.pdf
db-vardaf,Kubis,Gassan,160/Kpts/SR.120/3/2007,2007,sayuran/pangan semusim,404,https://perbenihanhorti.id/proseed/uploads/deskripsi/2498.pdf
db-vardaf,Kubis,Golden Crown,161/Kpts/SR.120/3/2007,2007,sayuran/pangan semusim,404,https://perbenihanhorti.id/proseed/uploads/deskripsi/2499.pdf
db-vardaf,Kubis,Green Nova,189/Kpts/SR.120/3/2007,2007,sayuran/pangan semusim,404,https://perbenihanhorti.id/proseed/uploads/deskripsi/2500.pdf
db-vardaf,Kubis,PM 007,190/Kpts/SR.120/3/2007,2007,sayuran/pangan semusim,404,https://perbenihanhorti.id/proseed/uploads/deskripsi/2501.pdf
db-vardaf,Kubis,Investor,479/Kpts/SR.120/9/2007,2007,sayuran/pangan semusim,404,https://perbenihanhorti.id/proseed/uploads/deskripsi/2502.pdf
db-vardaf,Kubis,Profit,478/Kpts/SR.120/9/2007,2007,sayuran/pangan semusim,404,https://perbenihanhorti.id/proseed/uploads/deskripsi/2503.pdf
db-vardaf,Kubis,Shinjuku,477/Kpts/SR.120/9/2007,2007,sayuran/pangan semusim,404,https://perbenihanhorti.id/proseed/uploads/deskripsi/2504.pdf
db-vardaf,Kubis,Sharira,535/Kpts/SR.120/9/2007,2007,sayuran/pangan semusim,404,https://perbenihanhorti.id/proseed/uploads/deskripsi/2505.pdf
db-vardaf,Kubis Bunga,White Island,09/Kpts/SR.120/1/2007,2007,sayuran/pangan semusim,404,https://perbenihanhorti.id/proseed/uploads/deskripsi/2535.pdf
db-vardaf,Kubis Bunga,Hoggar,162/Kpts/SR.120/3/2007,2007,sayuran/pangan semusim,404,https://perbenihanhorti.id/proseed/uploads/deskripsi/2536.pdf
db-vardaf,Lobak,Yoyo,416/Kpts/SR.120/7/2007,2007,sayuran/pangan semusim,404,https://perbenihanhorti.id/proseed/uploads/deskripsi/2557.pdf
db-vardaf,Mentimun,Wulan,22/Kpts/SR.120/1/2007,2007,sayuran/pangan semusim,404,https://perbenihanhorti.id/proseed/uploads/deskripsi/2596.pdf
db-vardaf,Mentimun,Mini,23/Kpts/SR.120/1/2007,2007,sayuran/pangan semusim,404,https://perbenihanhorti.id/proseed/uploads/deskripsi/2597.pdf
db-vardaf,Mentimun,Siputih,24/Kpts/SR.120/1/2007,2007,sayuran/pangan semusim,404,https://perbenihanhorti.id/proseed/uploads/deskripsi/2598.pdf
db-vardaf,Mentimun,Green Queen,152/Kpts/SR.120/3/2007,2007,sayuran/pangan semusim,404,https://perbenihanhorti.id/proseed/uploads/deskripsi/2599.pdf
db-vardaf,Mentimun,Green King,153/Kpts/SR.120/3/2007,2007,sayuran/pangan semusim,404,https://perbenihanhorti.id/proseed/uploads/deskripsi/2600.pdf
db-vardaf,Mentimun,Silver Q,154/Kpts/SR.120/3/2007,2007,sayuran/pangan semusim,404,https://perbenihanhorti.id/proseed/uploads/deskripsi/2601.pdf
db-vardaf,Mentimun,Antara,191/Kpts/SR.120/3/2007,2007,sayuran/pangan semusim,404,https://perbenihanhorti.id/proseed/uploads/deskripsi/2602.pdf
db-vardaf,Mentimun,OR Green 51,409/Kpts/SR.120/7/2007,2007,sayuran/pangan semusim,404,https://perbenihanhorti.id/proseed/uploads/deskripsi/2603.pdf
db-vardaf,Mentimun,OR Green Star 52,410/Kpts/SR.120/7/2007,2007,sayuran/pangan semusim,404,https://perbenihanhorti.id/proseed/uploads/deskripsi/2604.pdf
db-vardaf,Mentimun,Berta 54,319/Kpts/SR.120/5/2007,2007,sayuran/pangan semusim,404,https://perbenihanhorti.id/proseed/uploads/deskripsi/2605.pdf
db-vardaf,Mentimun,Timonop 439,492/Kpts/SR.120/9/2007,2007,sayuran/pangan semusim,404,https://perbenihanhorti.id/proseed/uploads/deskripsi/2606.pdf
db-vardaf,Mentimun,Rujak,491/Kpts/SR.120/9/2007,2007,sayuran/pangan semusim,404,https://perbenihanhorti.id/proseed/uploads/deskripsi/2607.pdf
db-vardaf,Mentimun,Monza,598/Kpts/SR.120/11/2007,2007,sayuran/pangan semusim,404,https://perbenihanhorti.id/proseed/uploads/deskripsi/2608.pdf
db-vardaf,Mentimun,Sabana,597/Kpts/SR.120/11/2007,2007,sayuran/pangan semusim,404,https://perbenihanhorti.id/proseed/uploads/deskripsi/2609.pdf
db-vardaf,Paria,Dark Panther,25/Kpts/SR.120/1/2007,2007,sayuran/pangan semusim,404,https://perbenihanhorti.id/proseed/uploads/deskripsi/2684.pdf
db-vardaf,Paria,Lipa,156/Kpts/SR.120/3/2007,2007,sayuran/pangan semusim,404,https://perbenihanhorti.id/proseed/uploads/deskripsi/2685.pdf
db-vardaf,Paria,Light Panther,411/Kpts/SR.120/7/2007,2007,sayuran/pangan semusim,404,https://perbenihanhorti.id/proseed/uploads/deskripsi/2686.pdf
db-vardaf,Paria,Comodor,495/Kpts/SR.120/9/2007,2007,sayuran/pangan semusim,404,https://perbenihanhorti.id/proseed/uploads/deskripsi/2687.pdf
db-vardaf,Paria,Crown,496/Kpts/SR.120/9/2007,2007,sayuran/pangan semusim,404,https://perbenihanhorti.id/proseed/uploads/deskripsi/2688.pdf
db-vardaf,Paria,Proton,494/Kpts/SR.120/9/2007,2007,sayuran/pangan semusim,404,https://perbenihanhorti.id/proseed/uploads/deskripsi/2689.pdf
db-vardaf,Paria,Star,493/Kpts/SR.120/9/2007,2007,sayuran/pangan semusim,404,https://perbenihanhorti.id/proseed/uploads/deskripsi/2690.pdf
db-vardaf,Sawi Sendok/Pak Choi,PC - 113,07/Kpts/SR.120/1/2007,2007,sayuran/pangan semusim,404,https://perbenihanhorti.id/proseed/uploads/deskripsi/2729.pdf
db-vardaf,Sawi putih / Petsai,PM - 234,08/Kpts/SR.120/1/2007,2007,sayuran/pangan semusim,404,https://perbenihanhorti.id/proseed/uploads/deskripsi/2766.pdf
db-vardaf,Sawi putih / Petsai,CR Joss,311/Kpts/SR.120/5/2007,2007,sayuran/pangan semusim,404,https://perbenihanhorti.id/proseed/uploads/deskripsi/2767.pdf
db-vardaf,Sawi putih / Petsai,Konsul,580/Kpts/SR.120/9/2007,2007,sayuran/pangan semusim,404,https://perbenihanhorti.id/proseed/uploads/deskripsi/2768.pdf
db-vardaf,Terong,Prince,306/Kpts/SR.120/5/2007,2007,sayuran/pangan semusim,404,https://perbenihanhorti.id/proseed/uploads/deskripsi/2820.pdf
db-vardaf,Terong,Orlando,483/Kpts/SR.120/9/2007,2007,sayuran/pangan semusim,404,https://perbenihanhorti.id/proseed/uploads/deskripsi/2821.pdf
db-vardaf,Terong,Sansiro,484/Kpts/SR.120/9/2007,2007,sayuran/pangan semusim,404,https://perbenihanhorti.id/proseed/uploads/deskripsi/2822.pdf
db-vardaf,Terong,Hijau 06,542/Kpts/SR.120/9/2007,2007,sayuran/pangan semusim,404,https://perbenihanhorti.id/proseed/uploads/deskripsi/2823.pdf
db-vardaf,Terong,Ungu 05,534/Kpts/SR.120/9/2007,2007,sayuran/pangan semusim,404,https://perbenihanhorti.id/proseed/uploads/deskripsi/2824.pdf
db-vardaf,Terong,Milano,601/Kpts/SR.120/11/2007,2007,sayuran/pangan semusim,404,https://perbenihanhorti.id/proseed/uploads/deskripsi/2825.pdf
db-vardaf,Tomat,Koko,06/Kpts/SR.120/1/2007,2007,sayuran/pangan semusim,404,https://perbenihanhorti.id/proseed/uploads/deskripsi/2893.pdf
db-vardaf,Tomat,Martabat,30/Kpts/SR.120/1/2007,2007,sayuran/pangan semusim,404,https://perbenihanhorti.id/proseed/uploads/deskripsi/2894.pdf
db-vardaf,Tomat,Sweety,157/Kpts/SR.120/3/2007,2007,sayuran/pangan semusim,404,https://perbenihanhorti.id/proseed/uploads/deskripsi/2895.pdf
db-vardaf,Tomat,Montera,180/Kpts/SR.120/3/2007,2007,sayuran/pangan semusim,404,https://perbenihanhorti.id/proseed/uploads/deskripsi/2896.pdf
db-vardaf,Tomat,Marina,192/Kpts/SR.120/3/2007,2007,sayuran/pangan semusim,404,https://perbenihanhorti.id/proseed/uploads/deskripsi/2897.pdf
db-vardaf,Tomat,Warani,412/Kpts/SR.120/7/2007,2007,sayuran/pangan semusim,404,https://perbenihanhorti.id/proseed/uploads/deskripsi/2898.pdf
db-vardaf,Tomat,SL 283,307/Kpts/SR.120/5/2007,2007,sayuran/pangan semusim,404,https://perbenihanhorti.id/proseed/uploads/deskripsi/2899.pdf
db-vardaf,Tomat,Saviro,312/Kpts/SR.120/5/2007,2007,sayuran/pangan semusim,404,https://perbenihanhorti.id/proseed/uploads/deskripsi/2900.pdf
db-vardaf,Tomat,Oskar,485/Kpts/SR.120/5/2007,2007,sayuran/pangan semusim,404,https://perbenihanhorti.id/proseed/uploads/deskripsi/2901.pdf
db-vardaf,Waluh/Squash,Ambassador,163/Kpts/SR.120/3/2007,2007,sayuran/pangan semusim,404,https://perbenihanhorti.id/proseed/uploads/deskripsi/2951.pdf
db-vardaf,Wortel,Dragon Nuevo,164/Kpts/SR.120/3/2007,2007,sayuran/pangan semusim,404,https://perbenihanhorti.id/proseed/uploads/deskripsi/2959.pdf
db-vardaf,Melon,Sonya,26/Kpts/SR.120/1/2007,2007,sayuran/pangan semusim,404,https://perbenihanhorti.id/proseed/uploads/deskripsi/3312.pdf
db-vardaf,Melon,Diva,27/Kpts/SR.120/1/2007,2007,sayuran/pangan semusim,404,https://perbenihanhorti.id/proseed/uploads/deskripsi/3313.pdf
db-vardaf,Melon,Japonika,28/Kpts/SR.120/1/2007,2007,sayuran/pangan semusim,404,https://perbenihanhorti.id/proseed/uploads/deskripsi/3314.pdf
db-vardaf,Melon,Boss,181/Kpts/SR.120/3/2007,2007,sayuran/pangan semusim,404,https://perbenihanhorti.id/proseed/uploads/deskripsi/3315.pdf
db-vardaf,Melon,Hass,182/Kpts/SR.120/3/2007,2007,sayuran/pangan semusim,404,https://perbenihanhorti.id/proseed/uploads/deskripsi/3316.pdf
db-vardaf,Melon,Grand Lady,183/Kpts/SR.120/3/2007,2007,sayuran/pangan semusim,404,https://perbenihanhorti.id/proseed/uploads/deskripsi/3317.pdf
db-vardaf,Melon,K - 2,184/Kpts/SR.120/3/2007,2007,sayuran/pangan semusim,404,https://perbenihanhorti.id/proseed/uploads/deskripsi/3318.pdf
db-vardaf,Melon,Red Sun,500/Kpts/SR.120/9/2007,2007,sayuran/pangan semusim,404,https://perbenihanhorti.id/proseed/uploads/deskripsi/3319.pdf
db-vardaf,Melon,Adinda,501/Kpts/SR.120/9/2007,2007,sayuran/pangan semusim,404,https://perbenihanhorti.id/proseed/uploads/deskripsi/3320.pdf
db-vardaf,Melon,Ceria,502/Kpts/SR.120/9/2007,2007,sayuran/pangan semusim,404,https://perbenihanhorti.id/proseed/uploads/deskripsi/3321.pdf
db-vardaf,Melon,Kinanti,503/Kpts/SR.120/9/2007,2007,sayuran/pangan semusim,404,https://perbenihanhorti.id/proseed/uploads/deskripsi/3322.pdf
db-vardaf,Melon,OR Mega 938,504/Kpts/SR.120/9/2007,2007,sayuran/pangan semusim,404,https://perbenihanhorti.id/proseed/uploads/deskripsi/3323.pdf
db-vardaf,Melon,OR Kul 500,505/Kpts/SR.120/9/2007,2007,sayuran/pangan semusim,404,https://perbenihanhorti.id/proseed/uploads/deskripsi/3324.pdf
db-vardaf,Semangka,Bintang,16/Kpts/SR.120/1/2007,2007,sayuran/pangan semusim,404,https://perbenihanhorti.id/proseed/uploads/deskripsi/3524.pdf
db-vardaf,Semangka,Gita,17/Kpts/SR.120/1/2007,2007,sayuran/pangan semusim,404,https://perbenihanhorti.id/proseed/uploads/deskripsi/3525.pdf
db-vardaf,Semangka,Nirwana,29/Kpts/SR.120/1/2007,2007,sayuran/pangan semusim,404,https://perbenihanhorti.id/proseed/uploads/deskripsi/3526.pdf
db-vardaf,Semangka,Sam Me Ruu,158/Kpts/SR.120/3/2007,2007,sayuran/pangan semusim,404,https://perbenihanhorti.id/proseed/uploads/deskripsi/3527.pdf
db-vardaf,Semangka,Agromas,165/Kpts/SR.120/3/2007,2007,sayuran/pangan semusim,404,https://perbenihanhorti.id/proseed/uploads/deskripsi/3528.pdf
db-vardaf,Semangka,Top Star,166/Kpts/SR.120/3/2007,2007,sayuran/pangan semusim,404,https://perbenihanhorti.id/proseed/uploads/deskripsi/3529.pdf
db-vardaf,Semangka,Baskara,177/Kpts/SR.120/3/2007,2007,sayuran/pangan semusim,404,https://perbenihanhorti.id/proseed/uploads/deskripsi/3530.pdf
db-vardaf,Semangka,Kemuning,185/Kpts/SR.120/3/2007,2007,sayuran/pangan semusim,404,https://perbenihanhorti.id/proseed/uploads/deskripsi/3531.pdf
db-vardaf,Semangka,Campina,313/Kpts/SR.120/5/2007,2007,sayuran/pangan semusim,404,https://perbenihanhorti.id/proseed/uploads/deskripsi/3532.pdf
db-vardaf,Semangka,Baginda,413/Kpts/SR.120/7/2007,2007,sayuran/pangan semusim,404,https://perbenihanhorti.id/proseed/uploads/deskripsi/3533.pdf
db-vardaf,Semangka,Gading,414/Kpts/SR.120/7/2007,2007,sayuran/pangan semusim,404,https://perbenihanhorti.id/proseed/uploads/deskripsi/3534.pdf
db-vardaf,Semangka,Binar,415/Kpts/SR.120/7/2007,2007,sayuran/pangan semusim,404,https://perbenihanhorti.id/proseed/uploads/deskripsi/3535.pdf
db-vardaf,Semangka,Black Sugar,417/Kpts/SR.120/7/2007,2007,sayuran/pangan semusim,404,https://perbenihanhorti.id/proseed/uploads/deskripsi/3536.pdf
db-vardaf,Semangka,Star Dragon,465/Kpts/SR.120/9/2007,2007,sayuran/pangan semusim,404,https://perbenihanhorti.id/proseed/uploads/deskripsi/3537.pdf
db-vardaf,Semangka,OR Orient 47,466/Kpts/SR.120/9/2007,2007,sayuran/pangan semusim,404,https://perbenihanhorti.id/proseed/uploads/deskripsi/3538.pdf
db-vardaf,Semangka,OR 44,467/Kpts/SR.120/9/2007,2007,sayuran/pangan semusim,404,https://perbenihanhorti.id/proseed/uploads/deskripsi/3539.pdf
db-vardaf,Semangka,OR Happy Quality,469/Kpts/SR.120/9/2007,2007,sayuran/pangan semusim,404,https://perbenihanhorti.id/proseed/uploads/deskripsi/3540.pdf
db-vardaf,Semangka,Sembida 462,469/Kpts/SR.120/9/2007,2007,sayuran/pangan semusim,404,https://perbenihanhorti.id/proseed/uploads/deskripsi/3541.pdf
db-vardaf,Semangka,Golden,470/Kpts/SR.120/9/2007,2007,sayuran/pangan semusim,404,https://perbenihanhorti.id/proseed/uploads/deskripsi/3542.pdf
db-vardaf,Semangka,Prama Quality,471/Kpts/SR.120/9/2007,2007,sayuran/pangan semusim,404,https://perbenihanhorti.id/proseed/uploads/deskripsi/3543.pdf
db-vardaf,Semangka,Star Flower,472/Kpts/SR.120/9/2007,2007,sayuran/pangan semusim,404,https://perbenihanhorti.id/proseed/uploads/deskripsi/3544.pdf
db-vardaf,Semangka,Mandhala,473/Kpts/SR.120/9/2007,2007,sayuran/pangan semusim,404,https://perbenihanhorti.id/proseed/uploads/deskripsi/3545.pdf
db-vardaf,Semangka,Innole 118,474/Kpts/SR.120/9/2007,2007,sayuran/pangan semusim,404,https://perbenihanhorti.id/proseed/uploads/deskripsi/3546.pdf
db-vardaf,Semangka,Yun An Flower,475/Kpts/SR.120/9/2007,2007,sayuran/pangan semusim,404,https://perbenihanhorti.id/proseed/uploads/deskripsi/3547.pdf
db-vardaf,Semangka,Tamanis,476/Kpts/SR.120/9/2007,2007,sayuran/pangan semusim,404,https://perbenihanhorti.id/proseed/uploads/deskripsi/3548.pdf
db-vardaf,Kacang Buncis,Budi Rahayu,303/Kpts/SR.120/5/2007,2007,sayuran/pangan semusim,404,https://perbenihanhorti.id/proseed/uploads/deskripsi/4284.pdf
db-vardaf,Cabai Besar,Amando,362/Kpts/SR.120/5/2006,2006,sayuran/pangan semusim,404,https://perbenihanhorti.id/proseed/uploads/deskripsi/2147.pdf
db-vardaf,Cabai Besar,Fantastic,363/Kpts/SR.120/5/2006,2006,sayuran/pangan semusim,404,https://perbenihanhorti.id/proseed/uploads/deskripsi/2148.pdf
db-vardaf,Cabai Besar,Kranti,364/Kpts/SR.120/5/2006,2006,sayuran/pangan semusim,404,https://perbenihanhorti.id/proseed/uploads/deskripsi/2149.pdf
db-vardaf,Cabai Besar,Nemo,365/Kpts/SR.120/5/2006,2006,sayuran/pangan semusim,404,https://perbenihanhorti.id/proseed/uploads/deskripsi/2150.pdf
db-vardaf,Cabai Besar,Inko Hot,519/Kpts/SR.120/9/2006,2006,sayuran/pangan semusim,404,https://perbenihanhorti.id/proseed/uploads/deskripsi/2151.pdf
db-vardaf,Cabai Besar,Imperial - 308,641/Kpts/SR.120/10/2006,2006,sayuran/pangan semusim,404,https://perbenihanhorti.id/proseed/uploads/deskripsi/2152.pdf
db-vardaf,Cabai Besar,Elegance 081,642/Kpts/SR.120/10/2006,2006,sayuran/pangan semusim,404,https://perbenihanhorti.id/proseed/uploads/deskripsi/2153.pdf
db-vardaf,Cabai Besar,Emerald 2078,643/Kpts/SR.120/10/2006,2006,sayuran/pangan semusim,404,https://perbenihanhorti.id/proseed/uploads/deskripsi/2154.pdf
db-vardaf,Cabai Besar,Horizon 2089,644/Kpts/SR.120/10/2006,2006,sayuran/pangan semusim,404,https://perbenihanhorti.id/proseed/uploads/deskripsi/2155.pdf
db-vardaf,Cabai Keriting,North Red Star,165/Kpts/SR.120/3/2006,2006,sayuran/pangan semusim,404,https://perbenihanhorti.id/proseed/uploads/deskripsi/2209.pdf
db-vardaf,Cabai Keriting,Thypoon,164/Kpts/SR.120/3/2006,2006,sayuran/pangan semusim,404,https://perbenihanhorti.id/proseed/uploads/deskripsi/2210.pdf
db-vardaf,Cabai Keriting,King Chili,124/Kpts/SR.120/3/2006,2006,sayuran/pangan semusim,404,https://perbenihanhorti.id/proseed/uploads/deskripsi/2211.pdf
db-vardaf,Cabai Keriting,Impalo 051,181/Kpts/SR.120/3/2006,2006,sayuran/pangan semusim,404,https://perbenihanhorti.id/proseed/uploads/deskripsi/2212.pdf
db-vardaf,Cabai Keriting,Ontario 145,182/Kpts/SR.120/3/2006,2006,sayuran/pangan semusim,404,https://perbenihanhorti.id/proseed/uploads/deskripsi/2213.pdf
db-vardaf,Cabai Keriting,Surya,180/Kpts/SR.120/3/2006,2006,sayuran/pangan semusim,404,https://perbenihanhorti.id/proseed/uploads/deskripsi/2214.pdf
db-vardaf,Cabai Keriting,Hot Star,221/Kpts/SR.120/3/2006,2006,sayuran/pangan semusim,404,https://perbenihanhorti.id/proseed/uploads/deskripsi/2215.pdf
db-vardaf,Cabai Keriting,Trophy,347/Kpts/SR.120/5/2006,2006,sayuran/pangan semusim,404,https://perbenihanhorti.id/proseed/uploads/deskripsi/2216.pdf
db-vardaf,Cabai Keriting,SG Hot 99,349/Kpts/SR.120/5/2006,2006,sayuran/pangan semusim,404,https://perbenihanhorti.id/proseed/uploads/deskripsi/2217.pdf
db-vardaf,Cabai Keriting,Sakti,366/Kpts/SR.120/5/2006,2006,sayuran/pangan semusim,404,https://perbenihanhorti.id/proseed/uploads/deskripsi/2218.pdf
db-vardaf,Cabai Keriting,Inko 99,520/Kpts/SR.120/9/2006,2006,sayuran/pangan semusim,404,https://perbenihanhorti.id/proseed/uploads/deskripsi/2219.pdf
db-vardaf,Cabai Keriting,Tornado,534/Kpts/SR.120/9/2006,2006,sayuran/pangan semusim,404,https://perbenihanhorti.id/proseed/uploads/deskripsi/2220.pdf
db-vardaf,Cabai Keriting,Pride,560/Kpts/SR.120/9/2006,2006,sayuran/pangan semusim,404,https://perbenihanhorti.id/proseed/uploads/deskripsi/2221.pdf
db-vardaf,Cabai Keriting,Rodeo,580/Kpts/SR.120/9/2006,2006,sayuran/pangan semusim,404,https://perbenihanhorti.id/proseed/uploads/deskripsi/2222.pdf
db-vardaf,Cabai Keriting,Flash - 03,638/Kpts/SR.120/10/2006,2006,sayuran/pangan semusim,404,https://perbenihanhorti.id/proseed/uploads/deskripsi/2223.pdf
db-vardaf,Cabai Keriting,Helix-036,639/Kpts/SR.120/10/2006,2006,sayuran/pangan semusim,404,https://perbenihanhorti.id/proseed/uploads/deskripsi/2224.pdf
db-vardaf,Cabai Keriting,Rimbun - 2187,640/Kpts/SR.120/10/2006,2006,sayuran/pangan semusim,404,https://perbenihanhorti.id/proseed/uploads/deskripsi/2225.pdf
db-vardaf,Jagung Manis,Sugar 74,122/Kpts/SR.120/3/2006,2006,sayuran/pangan semusim,404,https://perbenihanhorti.id/proseed/uploads/deskripsi/2278.pdf
db-vardaf,Jagung Manis,Sugar 73,123/Kpts/SR.120/3/2006,2006,sayuran/pangan semusim,404,https://perbenihanhorti.id/proseed/uploads/deskripsi/2279.pdf
db-vardaf,Jagung Manis,Songsi 58,173/Kpts/SR.120/3/2006,2006,sayuran/pangan semusim,404,https://perbenihanhorti.id/proseed/uploads/deskripsi/2280.pdf
db-vardaf,Jagung Manis,Sugar 75,174/Kpts/SR.120/3/2006,2006,sayuran/pangan semusim,404,https://perbenihanhorti.id/proseed/uploads/deskripsi/2281.pdf
db-vardaf,Jagung Manis,Honey Jean No. 2,159/Kpts/SR.120/3/2006,2006,sayuran/pangan semusim,404,https://perbenihanhorti.id/proseed/uploads/deskripsi/2282.pdf
db-vardaf,Jagung Manis,Sweet Boy - 01,649/Kpts/SR.120/10/2006,2006,sayuran/pangan semusim,404,https://perbenihanhorti.id/proseed/uploads/deskripsi/2283.pdf
db-vardaf,Jagung Manis,Bicolor - 01,650/Kpts/SR.120/10/2006,2006,sayuran/pangan semusim,404,https://perbenihanhorti.id/proseed/uploads/deskripsi/2284.pdf
db-vardaf,Jagung Manis,Bicolor - 02,651/Kpts/SR.120/10/2006,2006,sayuran/pangan semusim,404,https://perbenihanhorti.id/proseed/uploads/deskripsi/2285.pdf
db-vardaf,Kacang Panjang,Hitam Putih,197/Kpts/SR.120/3/2006,2006,sayuran/pangan semusim,404,https://perbenihanhorti.id/proseed/uploads/deskripsi/2340.pdf
db-vardaf,Kacang Panjang,Parade,351/Kpts/SR.120/5/2006,2006,sayuran/pangan semusim,404,https://perbenihanhorti.id/proseed/uploads/deskripsi/2341.pdf
db-vardaf,Kacang Panjang,Maron,549/Kpts/SR.120/9/2006,2006,sayuran/pangan semusim,404,https://perbenihanhorti.id/proseed/uploads/deskripsi/2342.pdf
db-vardaf,Kacang Panjang,Bernas Super,550/Kpts/SR.120/9/2006,2006,sayuran/pangan semusim,404,https://perbenihanhorti.id/proseed/uploads/deskripsi/2343.pdf
db-vardaf,Kacang Panjang,Bernas Hijau,551/Kpts/SR.120/9/2006,2006,sayuran/pangan semusim,404,https://perbenihanhorti.id/proseed/uploads/deskripsi/2344.pdf
db-vardaf,Kailan,Tropica Sensation,158/Kpts/SR.120/3/2006,2006,sayuran/pangan semusim,404,https://perbenihanhorti.id/proseed/uploads/deskripsi/2393.pdf
db-vardaf,Kailan,Long Leaf,336/Kpts/SR.120/5/2006,2006,sayuran/pangan semusim,404,https://perbenihanhorti.id/proseed/uploads/deskripsi/2394.pdf
db-vardaf,Kailan,S 123 Daun Rumpul,547/Kpts/SR.120/9/2006,2006,sayuran/pangan semusim,404,https://perbenihanhorti.id/proseed/uploads/deskripsi/2395.pdf
db-vardaf,Kentang,Cingkariang,567/Kpts/SR.120/9/2006,2006,sayuran/pangan semusim,404,https://perbenihanhorti.id/proseed/uploads/deskripsi/2442.pdf
db-vardaf,Kubis,Kubindo 099,154/Kpts/SR.120/3/2006,2006,sayuran/pangan semusim,404,https://perbenihanhorti.id/proseed/uploads/deskripsi/2475.pdf
db-vardaf,Kubis,Galaxy 067,155/Kpts/SR.120/3/2006,2006,sayuran/pangan semusim,404,https://perbenihanhorti.id/proseed/uploads/deskripsi/2476.pdf
db-vardaf,Kubis,Intani 058,157/Kpts/SR.120/3/2006,2006,sayuran/pangan semusim,404,https://perbenihanhorti.id/proseed/uploads/deskripsi/2477.pdf
db-vardaf,Kubis,Green Valley,120/Kpts/SR.120/3/2006,2006,sayuran/pangan semusim,404,https://perbenihanhorti.id/proseed/uploads/deskripsi/2478.pdf
db-vardaf,Kubis,Equatoria,121/Kpts/SR.120/3/2006,2006,sayuran/pangan semusim,404,https://perbenihanhorti.id/proseed/uploads/deskripsi/2479.pdf
db-vardaf,Kubis,Gloria Osena,119/Kpts/SR.120/3/2006,2006,sayuran/pangan semusim,404,https://perbenihanhorti.id/proseed/uploads/deskripsi/2480.pdf
db-vardaf,Kubis,Neo Tara,141/Kpts/SR.120/3/2006,2006,sayuran/pangan semusim,404,https://perbenihanhorti.id/proseed/uploads/deskripsi/2481.pdf
db-vardaf,Kubis,Summer Power,215/Kpts/SR.120/3/2006,2006,sayuran/pangan semusim,404,https://perbenihanhorti.id/proseed/uploads/deskripsi/2482.pdf
db-vardaf,Kubis,Bonus,216/Kpts/SR.120/3/2006,2006,sayuran/pangan semusim,404,https://perbenihanhorti.id/proseed/uploads/deskripsi/2483.pdf
db-vardaf,Kubis,Tara,228/Kpts/SR.120/3/2006,2006,sayuran/pangan semusim,404,https://perbenihanhorti.id/proseed/uploads/deskripsi/2484.pdf
db-vardaf,Kubis,Power Green,229/Kpts/SR.120/3/2006,2006,sayuran/pangan semusim,404,https://perbenihanhorti.id/proseed/uploads/deskripsi/2485.pdf
db-vardaf,Kubis,KR 1,211/Kpts/SR.120/3/2006,2006,sayuran/pangan semusim,404,https://perbenihanhorti.id/proseed/uploads/deskripsi/2486.pdf
db-vardaf,Kubis,Sindanglaya,213/Kpts/SR.120/3/2006,2006,sayuran/pangan semusim,404,https://perbenihanhorti.id/proseed/uploads/deskripsi/2487.pdf
db-vardaf,Kubis,Summer Autumn,214/Kpts/SR.120/3/2006,2006,sayuran/pangan semusim,404,https://perbenihanhorti.id/proseed/uploads/deskripsi/2488.pdf
db-vardaf,Kubis,New Summit,227/Kpts/SR.120/3/2006,2006,sayuran/pangan semusim,404,https://perbenihanhorti.id/proseed/uploads/deskripsi/2489.pdf
db-vardaf,Kubis,Crown WN 454,212/Kpts/SR.120/3/2006,2006,sayuran/pangan semusim,404,https://perbenihanhorti.id/proseed/uploads/deskripsi/2490.pdf
db-vardaf,Kubis,Red Globe,190/Kpts/SR.120/3/2006,2006,sayuran/pangan semusim,404,https://perbenihanhorti.id/proseed/uploads/deskripsi/2491.pdf
db-vardaf,Kubis,CJN 12,380/Kpts/SR.120/5/2006,2006,sayuran/pangan semusim,404,https://perbenihanhorti.id/proseed/uploads/deskripsi/2492.pdf
db-vardaf,Kubis,Top Green,335/Kpts/SR.120/5/2006,2006,sayuran/pangan semusim,404,https://perbenihanhorti.id/proseed/uploads/deskripsi/2493.pdf
db-vardaf,Kubis,KK Cross,337/Kpts/SR.120/5/2006,2006,sayuran/pangan semusim,404,https://perbenihanhorti.id/proseed/uploads/deskripsi/2494.pdf
db-vardaf,Kubis,Green Boom,367/Kpts/SR.120/5/2006,2006,sayuran/pangan semusim,404,https://perbenihanhorti.id/proseed/uploads/deskripsi/2495.pdf
db-vardaf,Kubis,Green Lake,581/Kpts/SR.120/9/2006,2006,sayuran/pangan semusim,404,https://perbenihanhorti.id/proseed/uploads/deskripsi/2496.pdf
db-vardaf,Kubis Bunga,White Shot,117/Kpts/SR.120/3/2006,2006,sayuran/pangan semusim,404,https://perbenihanhorti.id/proseed/uploads/deskripsi/2528.pdf
db-vardaf,Kubis Bunga,Tropica 45 days,118/Kpts/SR.120/3/2006,2006,sayuran/pangan semusim,404,https://perbenihanhorti.id/proseed/uploads/deskripsi/2529.pdf
db-vardaf,Kubis Bunga,Lucky Boy,140/Kpts/SR.120/3/2006,2006,sayuran/pangan semusim,404,https://perbenihanhorti.id/proseed/uploads/deskripsi/2530.pdf
db-vardaf,Kubis Bunga,Donrae 151,189/Kpts/SR.120/3/2006,2006,sayuran/pangan semusim,404,https://perbenihanhorti.id/proseed/uploads/deskripsi/2531.pdf
db-vardaf,Kubis Bunga,Farmers Early No. 2,203/Kpts/SR.120/3/2006,2006,sayuran/pangan semusim,404,https://perbenihanhorti.id/proseed/uploads/deskripsi/2532.pdf
db-vardaf,Kubis Bunga,G - 45,565/Kpts/SR.120/9/2006,2006,sayuran/pangan semusim,404,https://perbenihanhorti.id/proseed/uploads/deskripsi/2533.pdf
db-vardaf,Kubis Bunga,PM 126,566/Kpts/SR.120/9/2006,2006,sayuran/pangan semusim,404,https://perbenihanhorti.id/proseed/uploads/deskripsi/2534.pdf
db-vardaf,Lobak,Greenbow,168/Kpts/SR.120/3/2006,2006,sayuran/pangan semusim,404,https://perbenihanhorti.id/proseed/uploads/deskripsi/2552.pdf
db-vardaf,Lobak,Mino Early Longwhite,169/Kpts/SR.120/3/2006,2006,sayuran/pangan semusim,404,https://perbenihanhorti.id/proseed/uploads/deskripsi/2553.pdf
db-vardaf,Lobak,Wonder Slender,170/Kpts/SR.120/3/2006,2006,sayuran/pangan semusim,404,https://perbenihanhorti.id/proseed/uploads/deskripsi/2554.pdf
db-vardaf,Lobak,Fukima,333/Kpts/SR.120/5/2006,2006,sayuran/pangan semusim,404,https://perbenihanhorti.id/proseed/uploads/deskripsi/2555.pdf
db-vardaf,Mentimun,Spring Swallow,200/Kpts/SR.120/3/2006,2006,sayuran/pangan semusim,404,https://perbenihanhorti.id/proseed/uploads/deskripsi/2591.pdf
db-vardaf,Mentimun,Barokah,311/Kpts/SR.120/4/2006,2006,sayuran/pangan semusim,404,https://perbenihanhorti.id/proseed/uploads/deskripsi/2592.pdf
db-vardaf,Mentimun,Ijo Tepe,309/Kpts/SR.120/4/2006,2006,sayuran/pangan semusim,404,https://perbenihanhorti.id/proseed/uploads/deskripsi/2593.pdf
db-vardaf,Mentimun,Masera,310/Kpts/SR.120/4/2006,2006,sayuran/pangan semusim,404,https://perbenihanhorti.id/proseed/uploads/deskripsi/2594.pdf
db-vardaf,Mentimun,Aura,346/Kpts/SR.120/5/2006,2006,sayuran/pangan semusim,404,https://perbenihanhorti.id/proseed/uploads/deskripsi/2595.pdf
db-vardaf,Oyong / Gambas,Huay Kaew 501,151/Kpts/SR.120/3/2006,2006,sayuran/pangan semusim,404,https://perbenihanhorti.id/proseed/uploads/deskripsi/2657.pdf
db-vardaf,Oyong / Gambas,Viset 165,152/Kpts/SR.120/3/2006,2006,sayuran/pangan semusim,404,https://perbenihanhorti.id/proseed/uploads/deskripsi/2658.pdf
db-vardaf,Oyong / Gambas,Offen 315,332/Kpts/Sr.120/5/2006,2006,sayuran/pangan semusim,404,https://perbenihanhorti.id/proseed/uploads/deskripsi/2659.pdf
db-vardaf,Paria,G 602 PA 2 Batu,546/Kpts/SR.120/9/2006,2006,sayuran/pangan semusim,404,https://perbenihanhorti.id/proseed/uploads/deskripsi/2683.pdf
db-vardaf,Sawi hijau,Tropica,142/Kpts/SR.120/3/2006,2006,sayuran/pangan semusim,404,https://perbenihanhorti.id/proseed/uploads/deskripsi/2708.pdf
db-vardaf,Sawi hijau,Titan,166/Kpts/SR.120/3/2006,2006,sayuran/pangan semusim,404,https://perbenihanhorti.id/proseed/uploads/deskripsi/2709.pdf
db-vardaf,Sawi hijau,Bakso,574/Kpts/SR.120/9/2006,2006,sayuran/pangan semusim,404,https://perbenihanhorti.id/proseed/uploads/deskripsi/2710.pdf
db-vardaf,Sawi hijau,S 101 Cameron,545/Kpts/SR.120/9/2006,2006,sayuran/pangan semusim,404,https://perbenihanhorti.id/proseed/uploads/deskripsi/2711.pdf
db-vardaf,Sawi hijau,Fresh Green,577/Kpts/SR.120/9/2006,2006,sayuran/pangan semusim,404,https://perbenihanhorti.id/proseed/uploads/deskripsi/2712.pdf
db-vardaf,Sawi Sendok/Pak Choi,White Tropica Carabella,149/Kpts/SR.120/3/2006,2006,sayuran/pangan semusim,404,https://perbenihanhorti.id/proseed/uploads/deskripsi/2725.pdf
db-vardaf,Sawi Sendok/Pak Choi,Green,331/Kpts/SR.120/5/2006,2006,sayuran/pangan semusim,404,https://perbenihanhorti.id/proseed/uploads/deskripsi/2726.pdf
db-vardaf,Sawi Sendok/Pak Choi,Green Fortune,330/Kpts/SR.120/5/2006,2006,sayuran/pangan semusim,404,https://perbenihanhorti.id/proseed/uploads/deskripsi/2727.pdf
db-vardaf,Sawi Sendok/Pak Choi,White,575/Kpts/SR.120/9/2006,2006,sayuran/pangan semusim,404,https://perbenihanhorti.id/proseed/uploads/deskripsi/2728.pdf
db-vardaf,Sawi Pahit/Mustard,Tropica Dalat,153/Kpts/SR.120/3/2006,2006,sayuran/pangan semusim,404,https://perbenihanhorti.id/proseed/uploads/deskripsi/2736.pdf
db-vardaf,Sawi Pahit/Mustard,S 171 Bulat,544/Kpts/SR.120/9/2006,2006,sayuran/pangan semusim,404,https://perbenihanhorti.id/proseed/uploads/deskripsi/2737.pdf
db-vardaf,Sawi putih / Petsai,CCA - 2,139/Kpts/SR.120/3/2006,2006,sayuran/pangan semusim,404,https://perbenihanhorti.id/proseed/uploads/deskripsi/2754.pdf
db-vardaf,Sawi putih / Petsai,Alpin 26,136/Kpts/SR.120/3/2006,2006,sayuran/pangan semusim,404,https://perbenihanhorti.id/proseed/uploads/deskripsi/2755.pdf
db-vardaf,Sawi putih / Petsai,Tagone,135/Kpts/SR.120/3/2006,2006,sayuran/pangan semusim,404,https://perbenihanhorti.id/proseed/uploads/deskripsi/2756.pdf
db-vardaf,Sawi putih / Petsai,Summer King,138/Kpts/SR.120/3/2006,2006,sayuran/pangan semusim,404,https://perbenihanhorti.id/proseed/uploads/deskripsi/2757.pdf
db-vardaf,Sawi putih / Petsai,Top King,137/Kpts/SR.120/3/2006,2006,sayuran/pangan semusim,404,https://perbenihanhorti.id/proseed/uploads/deskripsi/2758.pdf
db-vardaf,Sawi putih / Petsai,Summer Highland,185/Kpts/SR.120/3/2006,2006,sayuran/pangan semusim,404,https://perbenihanhorti.id/proseed/uploads/deskripsi/2759.pdf
db-vardaf,Sawi putih / Petsai,Summer Winner,186/Kpts/SR.120/3/2006,2006,sayuran/pangan semusim,404,https://perbenihanhorti.id/proseed/uploads/deskripsi/2760.pdf
db-vardaf,Sawi putih / Petsai,Mayang,327/Kpts/SR.120/5/2006,2006,sayuran/pangan semusim,404,https://perbenihanhorti.id/proseed/uploads/deskripsi/2761.pdf
db-vardaf,Sawi putih / Petsai,Chorus,328/Kpts/SR.120/5/2006,2006,sayuran/pangan semusim,404,https://perbenihanhorti.id/proseed/uploads/deskripsi/2762.pdf
db-vardaf,Sawi putih / Petsai,Nagaoka 60 Days,329/Kpts/SR.120/5/2006,2006,sayuran/pangan semusim,404,https://perbenihanhorti.id/proseed/uploads/deskripsi/2763.pdf
db-vardaf,Sawi putih / Petsai,All Season,543/Kpts/SR.120/9/2006,2006,sayuran/pangan semusim,404,https://perbenihanhorti.id/proseed/uploads/deskripsi/2764.pdf
db-vardaf,Sawi putih / Petsai,Tropical Delight,576/Kpts/SR.120/9/2006,2006,sayuran/pangan semusim,404,https://perbenihanhorti.id/proseed/uploads/deskripsi/2765.pdf
db-vardaf,Slada,Fresh,150/Kpts/SR.120/3/2006,2006,sayuran/pangan semusim,404,https://perbenihanhorti.id/proseed/uploads/deskripsi/2779.pdf
db-vardaf,Slada,Red Sun,167/Kpts/SR.120/3/2006,2006,sayuran/pangan semusim,404,https://perbenihanhorti.id/proseed/uploads/deskripsi/2780.pdf
db-vardaf,Slada,New Grand Rapid,198/Kpts/SR.120/3/2006,2006,sayuran/pangan semusim,404,https://perbenihanhorti.id/proseed/uploads/deskripsi/2781.pdf
db-vardaf,Slada,Georgia,199/Kpts/SR.120/3/2006,2006,sayuran/pangan semusim,404,https://perbenihanhorti.id/proseed/uploads/deskripsi/2782.pdf
db-vardaf,Slada,General,223/Kpts/SR.120/3/2006,2006,sayuran/pangan semusim,404,https://perbenihanhorti.id/proseed/uploads/deskripsi/2783.pdf
db-vardaf,Slada,Mineto,540/Kpts/SR.120/9/2006,2006,sayuran/pangan semusim,404,https://perbenihanhorti.id/proseed/uploads/deskripsi/2784.pdf
db-vardaf,Slada,S 166 ITA,542/Kpts/SR.120/9/2006,2006,sayuran/pangan semusim,404,https://perbenihanhorti.id/proseed/uploads/deskripsi/2785.pdf
db-vardaf,Seledri,Paris,148/Kpts/SR.120/3/2006,2006,sayuran/pangan semusim,404,https://perbenihanhorti.id/proseed/uploads/deskripsi/2791.pdf
db-vardaf,Spinach,New Yukko,582/Kpts/SR.120/9/2006,2006,sayuran/pangan semusim,404,https://perbenihanhorti.id/proseed/uploads/deskripsi/2793.pdf
db-vardaf,Terong,Texas Blue,353/Kpts/SR.120/5/2006,2006,sayuran/pangan semusim,404,https://perbenihanhorti.id/proseed/uploads/deskripsi/2816.pdf
db-vardaf,Terong,Ratih Ungu,563/Kpts/SR.120/9/2006,2006,sayuran/pangan semusim,404,https://perbenihanhorti.id/proseed/uploads/deskripsi/2817.pdf
db-vardaf,Terong,Violet,564/Kpts/SR.120/9/2006,2006,sayuran/pangan semusim,404,https://perbenihanhorti.id/proseed/uploads/deskripsi/2818.pdf
db-vardaf,Terong,Ratih Hijau 2,648/Kpts/SR.120/10/2006,2006,sayuran/pangan semusim,404,https://perbenihanhorti.id/proseed/uploads/deskripsi/2819.pdf
db-vardaf,Tomat,Tatiana,114/Kpts/SR.120/3/2006,2006,sayuran/pangan semusim,404,https://perbenihanhorti.id/proseed/uploads/deskripsi/2881.pdf
db-vardaf,Tomat,Synta,115/Kpts/SR.120/3/2006,2006,sayuran/pangan semusim,404,https://perbenihanhorti.id/proseed/uploads/deskripsi/2882.pdf
db-vardaf,Tomat,Eggy,116/Kpts/SR.120/3/2006,2006,sayuran/pangan semusim,404,https://perbenihanhorti.id/proseed/uploads/deskripsi/2883.pdf
db-vardaf,Tomat,Synta 02,178/Kpts/SR.120/3/2006,2006,sayuran/pangan semusim,404,https://perbenihanhorti.id/proseed/uploads/deskripsi/2884.pdf
db-vardaf,Tomat,Intrend 1,179/Kpts/SR.120/3/2006,2006,sayuran/pangan semusim,404,https://perbenihanhorti.id/proseed/uploads/deskripsi/2885.pdf
db-vardaf,Tomat,T 77,172/Kpts/SR.120/3/2006,2006,sayuran/pangan semusim,404,https://perbenihanhorti.id/proseed/uploads/deskripsi/2886.pdf
db-vardaf,Tomat,Jesica,176/Kpts/SR.120/3/2006,2006,sayuran/pangan semusim,404,https://perbenihanhorti.id/proseed/uploads/deskripsi/2887.pdf
db-vardaf,Tomat,Romeo,177/Kpts/SR.120/3/2006,2006,sayuran/pangan semusim,404,https://perbenihanhorti.id/proseed/uploads/deskripsi
db-vardaf,Tomat,Fortuna,345/Kpts/SR.120/5/2006,2006,sayuran/pangan semusim,404,https://perbenihanhorti.id/proseed/uploads/deskripsi/2889.pdf
db-vardaf,Tomat,Monica,559/Kpts/SR.120/9/2006,2006,sayuran/pangan semusim,404,https://perbenihanhorti.id/proseed/uploads/deskripsi/2890.pdf
db-vardaf,Tomat,Cosmonot,645/Kpts/SR.120/10/2006,2006,sayuran/pangan semusim,404,https://perbenihanhorti.id/proseed/uploads/deskripsi/2891.pdf
db-vardaf,Tomat,Koloni,646/Kpts/SR.120/10/2006,2006,sayuran/pangan semusim,404,https://perbenihanhorti.id/proseed/uploads/deskripsi/2892.pdf
db-vardaf,Waluh/Squash,Rocky 021,147/Kpts/SR.120/3/2006,2006,sayuran/pangan semusim,404,https://perbenihanhorti.id/proseed/uploads/deskripsi/2945.pdf
db-vardaf,Waluh/Squash,Conqueror,194/Kpts/SR.120/3/2006,2006,sayuran/pangan semusim,404,https://perbenihanhorti.id/proseed/uploads/deskripsi/2946.pdf
db-vardaf,Waluh/Squash,Sunny House,195/Kpts/SR.120/3/2006,2006,sayuran/pangan semusim,404,https://perbenihanhorti.id/proseed/uploads/deskripsi/2947.pdf
db-vardaf,Waluh/Squash,Delica,196/Kpts/SR.120/3/2006,2006,sayuran/pangan semusim,404,https://perbenihanhorti.id/proseed/uploads/deskripsi/2948.pdf
db-vardaf,Waluh/Squash,Small Orange 114,302/Kpts/SR.120/4/2006,2006,sayuran/pangan semusim,404,https://perbenihanhorti.id/proseed/uploads/deskripsi/2949.pdf
db-vardaf,Waluh/Squash,Sonar 022,326/Kpts/SR.120/5/2006,2006,sayuran/pangan semusim,404,https://perbenihanhorti.id/proseed/uploads/deskripsi/2950.pdf
db-vardaf,Wortel,New Kuroda,578/Kpts/SR.120/9/2006,2006,sayuran/pangan semusim,404,https://perbenihanhorti.id/proseed/uploads/deskripsi/2957.pdf
db-vardaf,Wortel,Shin Kuroda,579/Kpts/SR.120/9/2006,2006,sayuran/pangan semusim,404,https://perbenihanhorti.id/proseed/uploads/deskripsi/2958.pdf
db-vardaf,Melon,Honey 1226,226/Kpts/SR.120/3/2006,2006,sayuran/pangan semusim,404,https://perbenihanhorti.id/proseed/uploads/deskripsi/3294.pdf
db-vardaf,Melon,Autumn Waltz No. 2,209/Kpts/SR.120/3/2006,2006,sayuran/pangan semusim,404,https://perbenihanhorti.id/proseed/uploads/deskripsi/3295.pdf
db-vardaf,Melon,Sun,208/Kpts/SR.120/3/2006,2006,sayuran/pangan semusim,404,https://perbenihanhorti.id/proseed/uploads/deskripsi/3296.pdf
db-vardaf,Melon,Ten Me,207/Kpts/SR.120/3/2006,2006,sayuran/pangan semusim,404,https://perbenihanhorti.id/proseed/uploads/deskripsi/3297.pdf
db-vardaf,Melon,Red Queen,206/Kpts/SR.120/3/2006,2006,sayuran/pangan semusim,404,https://perbenihanhorti.id/proseed/uploads/deskripsi/3298.pdf
db-vardaf,Melon,Angel,205/Kpts/SR.120/3/2006,2006,sayuran/pangan semusim,404,https://perbenihanhorti.id/proseed/uploads/deskripsi/3299.pdf
db-vardaf,Melon,Star,225/Kpts/SR.120/3/2006,2006,sayuran/pangan semusim,404,https://perbenihanhorti.id/proseed/uploads/deskripsi/3300.pdf
db-vardaf,Melon,Monami Red,192/Kpts/SR.120/3/2006,2006,sayuran/pangan semusim,404,https://perbenihanhorti.id/proseed/uploads/deskripsi/3301.pdf
db-vardaf,Melon,Eldorado,224/Kpts/SR.120/3/2006,2006,sayuran/pangan semusim,404,https://perbenihanhorti.id/proseed/uploads/deskripsi/3302.pdf
db-vardaf,Melon,Aggressive 30,204/Kpts/SR.120/3/2006,2006,sayuran/pangan semusim,404,https://perbenihanhorti.id/proseed/uploads/deskripsi/3303.pdf
db-vardaf,Melon,Alien,381/Kpts/SR.120/5/2006,2006,sayuran/pangan semusim,404,https://perbenihanhorti.id/proseed/uploads/deskripsi/3304.pdf
db-vardaf,Melon,Glamour,325/Kpts/SR.120/5/2006,2006,sayuran/pangan semusim,404,https://perbenihanhorti.id/proseed/uploads/deskripsi/3305.pdf
db-vardaf,Melon,New Century,538/Kpts/SR.120/9/2006,2006,sayuran/pangan semusim,404,https://perbenihanhorti.id/proseed/uploads/deskripsi/3306.pdf
db-vardaf,Melon,Robin,539/Kpts/SR.120/9/2006,2006,sayuran/pangan semusim,404,https://perbenihanhorti.id/proseed/uploads/deskripsi/3307.pdf
db-vardaf,Melon,Morita,555/Kpts/SR.120/9/2006,2006,sayuran/pangan semusim,404,https://perbenihanhorti.id/proseed/uploads/deskripsi/3308.pdf
db-vardaf,Melon,Golden Langkawi,556/Kpts/SR.120/9/2006,2006,sayuran/pangan semusim,404,https://perbenihanhorti.id/proseed/uploads/deskripsi/3309.pdf
db-vardaf,Melon,Apollo,557/Kpts/SR.120/9/2006,2006,sayuran/pangan semusim,404,https://perbenihanhorti.id/proseed/uploads/deskripsi/3310.pdf
db-vardaf,Melon,Sky Rocket,558/Kpts/SR.120/9/2006,2006,sayuran/pangan semusim,404,https://perbenihanhorti.id/proseed/uploads/deskripsi/3311.pdf
db-vardaf,Semangka,Prety S. 107,201/Kpts/SR.120/3/2006,2006,sayuran/pangan semusim,404,https://perbenihanhorti.id/proseed/uploads/deskripsi/3492.pdf
db-vardaf,Semangka,New Dragon,202/Kpts/SR.120/3/2006,2006,sayuran/pangan semusim,404,https://perbenihanhorti.id/proseed/uploads/deskripsi/3493.pdf
db-vardaf,Semangka,New Yellow,127/Kpts/SR.120/3/2006,2006,sayuran/pangan semusim,404,https://perbenihanhorti.id/proseed/uploads/deskripsi/3494.pdf
db-vardaf,Semangka,New Lucky,188/Kpts/SR.120/3/2006,2006,sayuran/pangan semusim,404,https://perbenihanhorti.id/proseed/uploads/deskripsi/3495.pdf
db-vardaf,Semangka,Big Dragon 144,187/Kpts/SR.120/3/2006,2006,sayuran/pangan semusim,404,https://perbenihanhorti.id/proseed/uploads/deskripsi/3496.pdf
db-vardaf,Semangka,New Hope,146/Kpts/SR.120/3/2006,2006,sayuran/pangan semusim,404,https://perbenihanhorti.id/proseed/uploads/deskripsi/3497.pdf
db-vardaf,Semangka,Long Dragon,145/Kpts/SR.120/3/2006,2006,sayuran/pangan semusim,404,https://perbenihanhorti.id/proseed/uploads/deskripsi/3498.pdf
db-vardaf,Semangka,Sun Light,144/Kpts/SR.120/3/2006,2006,sayuran/pangan semusim,404,https://perbenihanhorti.id/proseed/uploads/deskripsi/3499.pdf
db-vardaf,Semangka,Black Beauty,301/Kpts/SR.120/4/2006,2006,sayuran/pangan semusim,404,https://perbenihanhorti.id/proseed/uploads/deskripsi/3500.pdf
db-vardaf,Semangka,Uranus,382/Kpts/SR.120/5/2006,2006,sayuran/pangan semusim,404,https://perbenihanhorti.id/proseed/uploads/deskripsi/3501.pdf
db-vardaf,Semangka,Banphai 999,323/Kpts/SR.120/5/2006,2006,sayuran/pangan semusim,404,https://perbenihanhorti.id/proseed/uploads/deskripsi/3502.pdf
db-vardaf,Semangka,Raptor 515,324/Kpts/SR.120/5/2006,2006,sayuran/pangan semusim,404,https://perbenihanhorti.id/proseed/uploads/deskripsi/3503.pdf
db-vardaf,Semangka,Sun Flower,348/Kpts/SR.120/5/2006,2006,sayuran/pangan semusim,404,https://perbenihanhorti.id/proseed/uploads/deskripsi/3504.pdf
db-vardaf,Semangka,Baby Sweet,354/Kpts/SR.120/5/2006,2006,sayuran/pangan semusim,404,https://perbenihanhorti.id/proseed/uploads/deskripsi/3505.pdf
db-vardaf,Semangka,Black Orange,355/Kpts/SR.120/5/2006,2006,sayuran/pangan semusim,404,https://perbenihanhorti.id/proseed/uploads/deskripsi/3506.pdf
db-vardaf,Semangka,Golden Orange,356/Kpts/SR.120/5/2006,2006,sayuran/pangan semusim,404,https://perbenihanhorti.id/proseed/uploads/deskripsi
db-vardaf,Semangka,Giant Quality,357/Kpts/SR.120/5/2006,2006,sayuran/pangan semusim,404,https://perbenihanhorti.id/proseed/uploads/deskripsi/3508.pdf
db-vardaf,Semangka,Super Camilla,358/Kpts/SR.120/5/2006,2006,sayuran/pangan semusim,404,https://perbenihanhorti.id/proseed/uploads/deskripsi/3509.pdf
db-vardaf,Semangka,Diamond,359/Kpts/SR.120/5/2006,2006,sayuran/pangan semusim,404,https://perbenihanhorti.id/proseed/uploads/deskripsi/3510.pdf
db-vardaf,Semangka,Summer Sweet,360/Kpts/SR.120/5/2006,2006,sayuran/pangan semusim,404,https://perbenihanhorti.id/proseed/uploads/deskripsi/3511.pdf
db-vardaf,Semangka,Nina,368/Kpts/SR.120/5/2006,2006,sayuran/pangan semusim,404,https://perbenihanhorti.id/proseed/uploads/deskripsi/3512.pdf
db-vardaf,Semangka,Rocky,369/Kpts/SR.120/5/2006,2006,sayuran/pangan semusim,404,https://perbenihanhorti.id/proseed/uploads/deskripsi/3513.pdf
db-vardaf,Semangka,Dragon Giant 145,535/Kpts/SR.120/9/2006,2006,sayuran/pangan semusim,404,https://perbenihanhorti.id/proseed/uploads/deskripsi/3514.pdf
db-vardaf,Semangka,Quality,536/Kpts/SR.120/9/2006,2006,sayuran/pangan semusim,404,https://perbenihanhorti.id/proseed/uploads/deskripsi/3515.pdf
db-vardaf,Semangka,Hitam Manis,537/Kpts/SR.120/9/2006,2006,sayuran/pangan semusim,404,https://perbenihanhorti.id/proseed/uploads/deskripsi/3516.pdf
db-vardaf,Semangka,Super Dragon,541/Kpts/SR.120/9/2006,2006,sayuran/pangan semusim,404,https://perbenihanhorti.id/proseed/uploads/deskripsi/3517.pdf
db-vardaf,Semangka,Sukses,552/Kpts/SR.120/9/2006,2006,sayuran/pangan semusim,404,https://perbenihanhorti.id/proseed/uploads/deskripsi/3518.pdf
db-vardaf,Semangka,Mega Kualiti,553/Kpts/SR.120/9/2006,2006,sayuran/pangan semusim,404,https://perbenihanhorti.id/proseed/uploads/deskripsi/3519.pdf
db-vardaf,Semangka,Frontier,554/Kpts/SR.120/9/2006,2006,sayuran/pangan semusim,404,https://perbenihanhorti.id/proseed/uploads/deskripsi/3520.pdf
db-vardaf,Semangka,Champion,561/Kpts/SR.120/9/2006,2006,sayuran/pangan semusim,404,https://perbenihanhorti.id/proseed/uploads/deskripsi/3521.pdf
db-vardaf,Semangka,Belle 460,562/Kpts/SR.120/9/2006,2006,sayuran/pangan semusim,404,https://perbenihanhorti.id/proseed/uploads/deskripsi/3522.pdf
db-vardaf,Semangka,Select Dragon,583/Kpts/SR.120/9/2006,2006,sayuran/pangan semusim,404,https://perbenihanhorti.id/proseed/uploads/deskripsi/3523.pdf
db-vardaf,Bawang Merah,Tuk Tuk,361/Kpts/SR.120/5/2006,2006,sayuran/pangan semusim,404,https://perbenihanhorti.id/proseed/uploads/deskripsi/2020.pdf
db-vardaf,Bayam,Red Tropica Monaco,143/Kpts/SR.120/3/2006,2006,sayuran/pangan semusim,404,https://perbenihanhorti.id/proseed/uploads/deskripsi/2042.pdf
db-vardaf,Bayam,Verona,162/Kpts/SR.120/3/2006,2006,sayuran/pangan semusim,404,https://perbenihanhorti.id/proseed/uploads/deskripsi/2043.pdf
db-vardaf,Bayam,Olive,338/Kpts/SR.120/5/2006,2006,sayuran/pangan semusim,404,https://perbenihanhorti.id/proseed/uploads/deskripsi/2044.pdf
db-vardaf,Kacang Buncis,Widuri,352/Kpts/SR.120/5/2006,2006,sayuran/pangan semusim,404,https://perbenihanhorti.id/proseed/uploads/deskripsi/2067.pdf
db-vardaf,Cabai Besar,KY Keriting,222/Kpts/SR.120/3/2006,2006,sayuran/pangan semusim,404,https://perbenihanhorti.id/proseed/uploads/deskripsi/2132.pdf
db-vardaf,Cabai Besar,Good Choice,125/Kpts/SR.120/3/2006,2006,sayuran/pangan semusim,404,https://perbenihanhorti.id/proseed/uploads/deskripsi/2133.pdf
db-vardaf,Cabai Besar,Equator,126/Kpts/SR.120/3/2006,2006,sayuran/pangan semusim,404,https://perbenihanhorti.id/proseed/uploads/deskripsi/2134.pdf
db-vardaf,Cabai Besar,Osaka 03,183/Kpts/SR.120/3/2006,2006,sayuran/pangan semusim,404,https://perbenihanhorti.id/proseed/uploads/deskripsi/2135.pdf
db-vardaf,Cabai Besar,Biola,184/Kpts/SR.120/3/2006,2006,sayuran/pangan semusim,404,https://perbenihanhorti.id/proseed/uploads/deskripsi/2136.pdf
db-vardaf,Cabai Besar,Purwo,175/Kpts/SR.120/3/2006,2006,sayuran/pangan semusim,404,https://perbenihanhorti.id/proseed/uploads/deskripsi/2137.pdf
db-vardaf,Cabai Besar,Panther,217/Kpts/SR.120/3/2006,2006,sayuran/pangan semusim,404,https://perbenihanhorti.id/proseed/uploads/deskripsi/2138.pdf
db-vardaf,Cabai Besar,Tropical Wonder,218/Kpts/SR.120/3/2006,2006,sayuran/pangan semusim,404,https://perbenihanhorti.id/proseed/uploads/deskripsi/2139.pdf
db-vardaf,Cabai Besar,Kaiser,219/Kpts/SR.120/3/2006,2006,sayuran/pangan semusim,404,https://perbenihanhorti.id/proseed/uploads/deskripsi/2140.pdf
db-vardaf,Cabai Besar,Victor,220/Kpts/SR.120/3/2006,2006,sayuran/pangan semusim,404,https://perbenihanhorti.id/proseed/uploads/deskripsi/2141.pdf
db-vardaf,Cabai Besar,Premium,231/Kpts/SR.120/3/2006,2006,sayuran/pangan semusim,404,https://perbenihanhorti.id/proseed/uploads/deskripsi/2142.pdf
db-vardaf,Cabai Besar,Hot Beauty,163/Kpts/SR.120/3/2006,2006,sayuran/pangan semusim,404,https://perbenihanhorti.id/proseed/uploads/deskripsi/2143.pdf
db-vardaf,Cabai Besar,Super Flavour,230/Kpts/SR.120/3/2006,2006,sayuran/pangan semusim,404,https://perbenihanhorti.id/proseed/uploads/deskripsi/2144.pdf
db-vardaf,Cabai Besar,Restu,312/Kpts/SR.120/4/2006,2006,sayuran/pangan semusim,404,https://perbenihanhorti.id/proseed/uploads/deskripsi/2145.pdf
db-vardaf,Cabai Besar,Hot Java,350/Kpts/SR.120/5/2006,2006,sayuran/pangan semusim,404,https://perbenihanhorti.id/proseed/uploads/deskripsi/2146.pdf
db-vardaf,Kubis Bunga,Fengshan Extra Early,483/Kpts/SR.120/12/2005,2005,sayuran/pangan semusim,404,https://perbenihanhorti.id/proseed/uploads/deskripsi/2526.pdf
db-vardaf,Kubis Bunga,Laguna,471/Kpts/SR.120/12/2005,2005,sayuran/pangan semusim,404,https://perbenihanhorti.id/proseed/uploads/deskripsi/2527.pdf
db-vardaf,Mentimun,Magic,75/Kpts/SR. 120/3/2005,2005,sayuran/pangan semusim,404,https://perbenihanhorti.id/proseed/uploads/deskripsi/2585.pdf
db-vardaf,Mentimun,Southern Delight,89/Kpts/SR. 120/3/2005,2005,sayuran/pangan semusim,404,https://perbenihanhorti.id/proseed/uploads/deskripsi/2586.pdf
db-vardaf,Mentimun,Dinasty,279/Kpts/SR.120/7/2005,2005,sayuran/pangan semusim,404,https://perbenihanhorti.id/proseed/uploads/deskripsi/2587.pdf
db-vardaf,Mentimun,Harmony,453/Kpts/SR.120/12/2005,2005,sayuran/pangan semusim,404,https://perbenihanhorti.id/proseed/uploads/deskripsi/2588.pdf
db-vardaf,Mentimun,Samson,499/Kpts/SR.120/12/2005,2005,sayuran/pangan semusim,404,https://perbenihanhorti.id/proseed/uploads/deskripsi/2589.pdf
db-vardaf,Mentimun,Hana,452/Kpts/SR.120/12/2005,2005,sayuran/pangan semusim,404,https://perbenihanhorti.id/proseed/uploads/deskripsi/2590.pdf
db-vardaf,Okra,Garibar,76/Kpts/SR. 120/2/2005,2005,sayuran/pangan semusim,404,https://perbenihanhorti.id/proseed/uploads/deskripsi/2654.pdf
db-vardaf,Paria,Petra 756,284/Kpts/SR.120/7/2005,2005,sayuran/pangan semusim,404,https://perbenihanhorti.id/proseed/uploads/deskripsi/2680.pdf
db-vardaf,Paria,Jamrud 707,285/Kpts/SR.120/7/2005,2005,sayuran/pangan semusim,404,https://perbenihanhorti.id/proseed/uploads/deskripsi/2681.pdf
db-vardaf,Paria,Mutia 747,286/Kpts/SR.120/7/2005,2005,sayuran/pangan semusim,404,https://perbenihanhorti.id/proseed/uploads/deskripsi/2682.pdf
db-vardaf,Sawi hijau,Green Boy,82/Kpts/SR.120/3/2005,2005,sayuran/pangan semusim,404,https://perbenihanhorti.id/proseed/uploads/deskripsi/2706.pdf
db-vardaf,Sawi hijau,Green Eagle,509/Kpts/SR.120/12/2005,2005,sayuran/pangan semusim,404,https://perbenihanhorti.id/proseed/uploads/deskripsi/2707.pdf
db-vardaf,Sawi Sendok/Pak Choi,Green Fut Choy,458/Kpts/SR.120/12/2005,2005,sayuran/pangan semusim,404,https://perbenihanhorti.id/proseed/uploads/deskripsi/2723.pdf
db-vardaf,Sawi Sendok/Pak Choi,Green Tropica Corrina,480/Kpts/SR.120/12/2005,2005,sayuran/pangan semusim,404,https://perbenihanhorti.id/proseed/uploads/deskripsi/2724.pdf
db-vardaf,Sawi Pahit/Mustard,Green Fresh,94/Kpts/SR. 120/3/2005,2005,sayuran/pangan semusim,404,https://perbenihanhorti.id/proseed/uploads/deskripsi/2734.pdf
db-vardaf,Sawi Pahit/Mustard,Tropica Vignon,479/Kpts/SR.120/12/2005,2005,sayuran/pangan semusim,404,https://perbenihanhorti.id/proseed/uploads/deskripsi/2735.pdf
db-vardaf,Sawi putih / Petsai,Summer Autum,91/Kpts/SR. 120/3/2005,2005,sayuran/pangan semusim,404,https://perbenihanhorti.id/proseed/uploads/deskripsi
db-vardaf,Sawi putih / Petsai,Spring King,92/Kpts/SR. 120/3/2005,2005,sayuran/pangan semusim,404,https://perbenihanhorti.id/proseed/uploads/deskripsi/2748.pdf
db-vardaf,Sawi putih / Petsai,Aba,93/Kpts/SR. 120/3/2005,2005,sayuran/pangan semusim,404,https://perbenihanhorti.id/proseed/uploads/deskripsi/2749.pdf
db-vardaf,Sawi putih / Petsai,Tahono,282/Kpts/SR.120/7/2005,2005,sayuran/pangan semusim,404,https://perbenihanhorti.id/proseed/uploads/deskripsi/2750.pdf
db-vardaf,Sawi putih / Petsai,Itto,294/Kpts/SR.120/7/2005,2005,sayuran/pangan semusim,404,https://perbenihanhorti.id/proseed/uploads/deskripsi/2751.pdf
db-vardaf,Sawi putih / Petsai,Eikun,295/Kpts/SR.120/7/2005,2005,sayuran/pangan semusim,404,https://perbenihanhorti.id/proseed/uploads/deskripsi/2752.pdf
db-vardaf,Sawi putih / Petsai,Excellent,457/Kpts/SR.120/12/2005,2005,sayuran/pangan semusim,404,https://perbenihanhorti.id/proseed/uploads/deskripsi/2753.pdf
db-vardaf,Slada,New Red Fire,99/Kpts/SR. 120/3/2005,2005,sayuran/pangan semusim,404,https://perbenihanhorti.id/proseed/uploads/deskripsi/2774.pdf
db-vardaf,Slada,Great Lakes,100/Kpts/SR. 120/3/2005,2005,sayuran/pangan semusim,404,https://perbenihanhorti.id/proseed/uploads/deskripsi
db-vardaf,Slada,Balto,350/Kpts/SR.120/9/2005,2005,sayuran/pangan semusim,404,https://perbenihanhorti.id/proseed/uploads/deskripsi/2776.pdf
db-vardaf,Slada,Brando,351/Kpts/SR.120/9/2005,2005,sayuran/pangan semusim,404,https://perbenihanhorti.id/proseed/uploads/deskripsi/2777.pdf
db-vardaf,Slada,Fast Fall,481/Kpts/SR.120/12/2005,2005,sayuran/pangan semusim,404,https://perbenihanhorti.id/proseed/uploads/deskripsi/2778.pdf
db-vardaf,Seledri,Cut Common,451/Kpts/SR.120/12/2005,2005,sayuran/pangan semusim,404,https://perbenihanhorti.id/proseed/uploads/deskripsi/2790.pdf
db-vardaf,Tang Oh,Garland Serrate Leaved,97/Kpts/SR. 120/3/2005,2005,sayuran/pangan semusim,404,https://perbenihanhorti.id/proseed/uploads/deskripsi/2794.pdf
db-vardaf,Terong,C 252,98/Kpts/SR. 120/3/2005,2005,sayuran/pangan semusim,404,https://perbenihanhorti.id/proseed/uploads/deskripsi/2809.pdf
db-vardaf,Terong,Jelita 568,287/Kpts/SR.120/7/2005,2005,sayuran/pangan semusim,404,https://perbenihanhorti.id/proseed/uploads/deskripsi/2810.pdf
db-vardaf,Terong,Teho 555,289/Kpts/SR.120/7/2005,2005,sayuran/pangan semusim,404,https://perbenihanhorti.id/proseed/uploads/deskripsi/2811.pdf
db-vardaf,Terong,Silila 505,288/Kpts/SR.120/7/2005,2005,sayuran/pangan semusim,404,https://perbenihanhorti.id/proseed/uploads/deskripsi/2812.pdf
db-vardaf,Terong,Raos,470/Kpts/SR.120/12/2005,2005,sayuran/pangan semusim,404,https://perbenihanhorti.id/proseed/uploads/deskripsi/2813.pdf
db-vardaf,Terong,Ratih Putih - 1,454/Kpts/SR.120/12/2005,2005,sayuran/pangan semusim,404,https://perbenihanhorti.id/proseed/uploads/deskripsi/2814.pdf
db-vardaf,Terong,Ratih Hijau - 1,455/Kpts/SR.120/12/2005,2005,sayuran/pangan semusim,404,https://perbenihanhorti.id/proseed/uploads/deskripsi/2815.pdf
db-vardaf,Tomat,Jetayu,79/Kpts/SR. 120/3/2005,2005,sayuran/pangan semusim,404,https://perbenihanhorti.id/proseed/uploads/deskripsi/2873.pdf
db-vardaf,Tomat,TM 42,96/Kpts/SR. 120/3/2005,2005,sayuran/pangan semusim,404,https://perbenihanhorti.id/proseed/uploads/deskripsi/2874.pdf
db-vardaf,Tomat,Cheresita,278/Kpts/SR.120/7/2005,2005,sayuran/pangan semusim,404,https://perbenihanhorti.id/proseed/uploads/deskripsi/2875.pdf
db-vardaf,Tomat,Precious,469/Kpts/SR.120/12/2005,2005,sayuran/pangan semusim,404,https://perbenihanhorti.id/proseed/uploads/deskripsi/2876.pdf
db-vardaf,Tomat,Victory,448/Kpts/SR.120/12/2005,2005,sayuran/pangan semusim,404,https://perbenihanhorti.id/proseed/uploads/deskripsi/2877.pdf
db-vardaf,Tomat,Ovation,449/Kpts/SR.120/12/2005,2005,sayuran/pangan semusim,404,https://perbenihanhorti.id/proseed/uploads/deskripsi/2878.pdf
db-vardaf,Tomat,Gress,450/Kpts/SR.120/12/2005,2005,sayuran/pangan semusim,404,https://perbenihanhorti.id/proseed/uploads/deskripsi/2879.pdf
db-vardaf,Tomat,Lentana,468/Kpts/SR.120/12/2005,2005,sayuran/pangan semusim,404,https://perbenihanhorti.id/proseed/uploads/deskripsi/2880.pdf
db-vardaf,Waluh/Squash,Hammer 334,506/Kpts/SR.120/12/2005,2005,sayuran/pangan semusim,404,https://perbenihanhorti.id/proseed/uploads/deskripsi/2943.pdf
db-vardaf,Waluh/Squash,Eastern Rise,475/Kpts/SR.120/12/2005,2005,sayuran/pangan semusim,404,https://perbenihanhorti.id/proseed/uploads/deskripsi/2944.pdf
db-vardaf,Wortel,Warrior,95/Kpts/SR. 120/3/2005,2005,sayuran/pangan semusim,404,https://perbenihanhorti.id/proseed/uploads/deskripsi/2955.pdf
db-vardaf,Wortel,Viva Kuroda,503/Kpts/SR.120/12/2005,2005,sayuran/pangan semusim,404,https://perbenihanhorti.id/proseed/uploads/deskripsi/2956.pdf
db-vardaf,Bengkuang,Kota Padang,275/Kpts/SR.120/7/2005,2005,sayuran/pangan semusim,404,https://perbenihanhorti.id/proseed/uploads/deskripsi/3017.pdf
db-vardaf,Melon,Sweet Lady,74/Kpts/SR.120/7/2005,2005,sayuran/pangan semusim,404,https://perbenihanhorti.id/proseed/uploads/deskripsi/3282.pdf
db-vardaf,Melon,Lucky 20,88/Kpts/SR.120/3/2005,2005,sayuran/pangan semusim,404,https://perbenihanhorti.id/proseed/uploads/deskripsi/3283.pdf
db-vardaf,Melon,Galuh,260/Kpts/SR.120/7/2005,2005,sayuran/pangan semusim,404,https://perbenihanhorti.id/proseed/uploads/deskripsi/3284.pdf
db-vardaf,Melon,Indorif,267/Kpts/SR.120/7/2005,2005,sayuran/pangan semusim,404,https://perbenihanhorti.id/proseed/uploads/deskripsi/3285.pdf
db-vardaf,Melon,Garmelo,268/Kpts/SR.120/7/2005,2005,sayuran/pangan semusim,404,https://perbenihanhorti.id/proseed/uploads/deskripsi/3286.pdf
db-vardaf,Melon,Kanaya,270/Kpts/SR.120/7/2005,2005,sayuran/pangan semusim,404,https://perbenihanhorti.id/proseed/uploads/deskripsi/3287.pdf
db-vardaf,Melon,Putri Kencana,463/Kpts/SR.120/12/2005,2005,sayuran/pangan semusim,404,https://perbenihanhorti.id/proseed/uploads/deskripsi/3288.pdf
db-vardaf,Melon,Honey Globe,462/Kpts/SR.120/12/2005,2005,sayuran/pangan semusim,404,https://perbenihanhorti.id/proseed/uploads/deskripsi/3289.pdf
db-vardaf,Melon,Silver Light,487/Kpts/SR.120/12/2005,2005,sayuran/pangan semusim,404,https://perbenihanhorti.id/proseed/uploads/deskripsi/3290.pdf
db-vardaf,Melon,Jade Queen,486/Kpts/SR.120/12/2005,2005,sayuran/pangan semusim,404,https://perbenihanhorti.id/proseed/uploads/deskripsi
db-vardaf,Melon,Orio,507/Kpts/SR.120/12/2005,2005,sayuran/pangan semusim,404,https://perbenihanhorti.id/proseed/uploads/deskripsi/3292.pdf
db-vardaf,Melon,Ameria,461/Kpts/SR.120/12/2005,2005,sayuran/pangan semusim,404,https://perbenihanhorti.id/proseed/uploads/deskripsi/3293.pdf
db-vardaf,Pepaya,Carindo,266/Kpts/SR.120/7/2005,2005,sayuran/pangan semusim,404,https://perbenihanhorti.id/proseed/uploads/deskripsi/3396.pdf
db-vardaf,Semangka,TM. Tiger,296/Kpts/SR.120/7/2005,2005,sayuran/pangan semusim,404,https://perbenihanhorti.id/proseed/uploads/deskripsi
db-vardaf,Semangka,Top Quality,87/Kpts/SR.120/3/2005,2005,sayuran/pangan semusim,404,https://perbenihanhorti.id/proseed/uploads/deskripsi/3477.pdf
db-vardaf,Semangka,Bali Flower,69/Kpts/SR.120/3/2005,2005,sayuran/pangan semusim,404,https://perbenihanhorti.id/proseed/uploads/deskripsi/3478.pdf
db-vardaf,Semangka,Tiara,70/Kpts/SR.120/3/2005,2005,sayuran/pangan semusim,404,https://perbenihanhorti.id/proseed/uploads/deskripsi/3479.pdf
db-vardaf,Semangka,Plaza,71/Kpts/SR.120/3/2005,2005,sayuran/pangan semusim,404,https://perbenihanhorti.id/proseed/uploads/deskripsi/3480.pdf
db-vardaf,Semangka,Primadona,72/Kpts/SR.120/3/2005,2005,sayuran/pangan semusim,404,https://perbenihanhorti.id/proseed/uploads/deskripsi/3481.pdf
db-vardaf,Semangka,Torpedo,73/Kpts/SR.120/3/2005,2005,sayuran/pangan semusim,404,https://perbenihanhorti.id/proseed/uploads/deskripsi/3482.pdf
db-vardaf,Semangka,Aquila,270/Kpts/SR.120/7/2005,2005,sayuran/pangan semusim,404,https://perbenihanhorti.id/proseed/uploads/deskripsi/3483.pdf
db-vardaf,Semangka,Round Dragon 311,283/Kpts/SR.120/7/2005,2005,sayuran/pangan semusim,404,https://perbenihanhorti.id/proseed/uploads/deskripsi/3484.pdf
db-vardaf,Semangka,Dark Belle,344/Kpts/SR.120/9/2005,2005,sayuran/pangan semusim,404,https://perbenihanhorti.id/proseed/uploads/deskripsi/3485.pdf
db-vardaf,Semangka,Yellow Moon,477/Kpts/SR.120/12/2005,2005,sayuran/pangan semusim,404,https://perbenihanhorti.id/proseed/uploads/deskripsi/3486.pdf
db-vardaf,Semangka,Sae,497/Kpts/SR.120/12/2005,2005,sayuran/pangan semusim,404,https://perbenihanhorti.id/proseed/uploads/deskripsi/3487.pdf
db-vardaf,Semangka,Falcon,498/Kpts/SR.120/12/2005,2005,sayuran/pangan semusim,404,https://perbenihanhorti.id/proseed/uploads/deskripsi/3488.pdf
db-vardaf,Semangka,Farmers Giant,478/Kpts/SR.120/12/2005,2005,sayuran/pangan semusim,404,https://perbenihanhorti.id/proseed/uploads/deskripsi/3489.pdf
db-vardaf,Semangka,Jelita,466/Kpts/SR.120/12/2005,2005,sayuran/pangan semusim,404,https://perbenihanhorti.id/proseed/uploads/deskripsi/3490.pdf
db-vardaf,Semangka,KY 6372,467/Kpts/SR.120/12/2005,2005,sayuran/pangan semusim,404,https://perbenihanhorti.id/proseed/uploads/deskripsi/3491.pdf
db-vardaf,Bawang Daun,FEAST,86/Kpts/SR.120/3/2005,2005,sayuran/pangan semusim,404,https://perbenihanhorti.id/proseed/uploads/deskripsi/191.pdf
db-vardaf,Bayam,Alrite,85/Kpts/SR.120/3/2005,2005,sayuran/pangan semusim,404,https://perbenihanhorti.id/proseed/uploads/deskripsi/2040.pdf
db-vardaf,Bayam,Green Tropica Veneto,476/Kpts/SR.120/12/2005,2005,sayuran/pangan semusim,404,https://perbenihanhorti.id/proseed/uploads/deskripsi/2041.pdf
db-vardaf,Cabai Rawit,Juwita,346/Kpts/SR.120/9/2005,2005,sayuran/pangan semusim,404,https://perbenihanhorti.id/proseed/uploads/deskripsi/2091.pdf
db-vardaf,Cabai Rawit,Dewata,345/Kpts/SR.120/9/2005,2005,sayuran/pangan semusim,404,https://perbenihanhorti.id/proseed/uploads/deskripsi/2092.pdf
db-vardaf,Cabai Besar,Dewarengku,80/Kpts/SR.120/3/2005,2005,sayuran/pangan semusim,404,https://perbenihanhorti.id/proseed/uploads/deskripsi/2125.pdf
db-vardaf,Cabai Besar,Rekab - 355,83/Kpts/SR.120/3/2005,2005,sayuran/pangan semusim,404,https://perbenihanhorti.id/proseed/uploads/deskripsi/2126.pdf
db-vardaf,Cabai Besar,Pertiwi - 367,84/Kpts/SR.120/3/2005,2005,sayuran/pangan semusim,404,https://perbenihanhorti.id/proseed/uploads/deskripsi/2127.pdf
db-vardaf,Cabai Besar,Jawara,501/Kpts/SR.120/12/2005,2005,sayuran/pangan semusim,404,https://perbenihanhorti.id/proseed/uploads/deskripsi/2128.pdf
db-vardaf,Cabai Besar,Gajah,502/Kpts/SR.120/12/2005,2005,sayuran/pangan semusim,404,https://perbenihanhorti.id/proseed/uploads/deskripsi/2129.pdf
db-vardaf,Cabai Besar,Redgloss - 2033,460/Kpts/SR.120/12/2005,2005,sayuran/pangan semusim,404,https://perbenihanhorti.id/proseed/uploads/deskripsi/2130.pdf
db-vardaf,Cabai Besar,Hot Express,447/Kpts/SR.120/12/2005,2005,sayuran/pangan semusim,404,https://perbenihanhorti.id/proseed/uploads/deskripsi/2131.pdf
db-vardaf,Cabai Keriting,Inko 88,446/Kpts/SR.120/12/2005,2005,sayuran/pangan semusim,404,https://perbenihanhorti.id/proseed/uploads/deskripsi/2203.pdf
db-vardaf,Cabai Keriting,Princess-06,459/Kpts/SR.120/12/2005,2005,sayuran/pangan semusim,404,https://perbenihanhorti.id/proseed/uploads/deskripsi/2204.pdf
db-vardaf,Cabai Keriting,TM 888,291/Kpts/SR.120/7/2005,2005,sayuran/pangan semusim,404,https://perbenihanhorti.id/proseed/uploads/deskripsi/2205.pdf
db-vardaf,Cabai Keriting,TM 999,292/Kpts/SR.120/7/2005,2005,sayuran/pangan semusim,404,https://perbenihanhorti.id/proseed/uploads/deskripsi/2206.pdf
db-vardaf,Cabai Keriting,Sari Tani 555,500/Kpts/SR.120/7/2005,2005,sayuran/pangan semusim,404,https://perbenihanhorti.id/proseed/uploads/deskripsi/2207.pdf
db-vardaf,Cabai Keriting,Sudra,484/Kpts/SR.120/7/2005,2005,sayuran/pangan semusim,404,https://perbenihanhorti.id/proseed/uploads/deskripsi/2208.pdf
db-vardaf,Jagung Manis,Bright Jean,465/Kpts/SR.120/12/2005,2005,sayuran/pangan semusim,404,https://perbenihanhorti.id/proseed/uploads/deskripsi/2276.pdf
db-vardaf,Jagung Manis,Sweet Boy - 02,456/Kpts/SR.120/12/2005,2005,sayuran/pangan semusim,404,https://perbenihanhorti.id/proseed/uploads/deskripsi/2277.pdf
db-vardaf,Kacang Panjang,Lorea - 19,77/Kpts/SR. 120/3/2005,2005,sayuran/pangan semusim,404,https://perbenihanhorti.id/proseed/uploads/deskripsi/2336.pdf
db-vardaf,Kacang Panjang,Hijau - 10,78/Kpts/SR. 120/3/2005,2005,sayuran/pangan semusim,404,https://perbenihanhorti.id/proseed/uploads/deskripsi/2337.pdf
db-vardaf,Kacang Panjang,Puspita Super,90/Kpts/SR. 120/3/2005,2005,sayuran/pangan semusim,404,https://perbenihanhorti.id/proseed/uploads/deskripsi/2338.pdf
db-vardaf,Kacang Panjang,Aura Hijau,510/Kpts/SR.120/12/2005,2005,sayuran/pangan semusim,404,https://perbenihanhorti.id/proseed/uploads/deskripsi/2339.pdf
db-vardaf,Kangkung,Niagara Uno,482/Kpts/SR.120/12/2005,2005,sayuran/pangan semusim,404,https://perbenihanhorti.id/proseed/uploads/deskripsi/2407.pdf
db-vardaf,Kangkung,Niagara Due,508/Kpts/SR.120/12/2005,2005,sayuran/pangan semusim,404,https://perbenihanhorti.id/proseed/uploads/deskripsi/2408.pdf
db-vardaf,Kentang,Dawmor,67/Kpts/SR. 120/3/2005,2005,sayuran/pangan semusim,404,https://perbenihanhorti.id/proseed/uploads/deskripsi/2434.pdf
db-vardaf,Kentang,Granola Kembang,81/Kpts/SR. 120/3/2005,2005,sayuran/pangan semusim,404,https://perbenihanhorti.id/proseed/uploads/deskripsi/2435.pdf
db-vardaf,Kentang,Tenggo,261/Kpts/SR.120/7/2005,2005,sayuran/pangan semusim,404,https://perbenihanhorti.id/proseed/uploads/deskripsi/2436.pdf
db-vardaf,Kentang,Erika,263/Kpts/SR.120/7/2005,2005,sayuran/pangan semusim,404,https://perbenihanhorti.id/proseed/uploads/deskripsi/2437.pdf
db-vardaf,Kentang,Balsa,264/Kpts/SR.120/7/2005,2005,sayuran/pangan semusim,404,https://perbenihanhorti.id/proseed/uploads/deskripsi/2438.pdf
db-vardaf,Kentang,Fries,265/Kpts/SR.120/7/2005,2005,sayuran/pangan semusim,404,https://perbenihanhorti.id/proseed/uploads/deskripsi/2439.pdf
db-vardaf,Kentang,Krespo,362Kpts/SR.120/7/2005,2005,sayuran/pangan semusim,404,https://perbenihanhorti.id/proseed/uploads/deskripsi/2440.pdf
db-vardaf,Kentang,Repita,473/Kpts/SR.120/12/2005,2005,sayuran/pangan semusim,404,https://perbenihanhorti.id/proseed/uploads/deskripsi/2441.pdf
db-vardaf,Kubis,Gutji,280/Kpts/SR.120/7/2005,2005,sayuran/pangan semusim,404,https://perbenihanhorti.id/proseed/uploads/deskripsi/2465.pdf
db-vardaf,Kubis,Master Green,281/Kpts/SR.120/7/2005,2005,sayuran/pangan semusim,404,https://perbenihanhorti.id/proseed/uploads/deskripsi/2466.pdf
db-vardaf,Kubis,Green Hero,293/Kpts/SR.120/7/2005,2005,sayuran/pangan semusim,404,https://perbenihanhorti.id/proseed/uploads/deskripsi/2467.pdf
db-vardaf,Kubis,BC - 38,347/Kpts/SR.120/9/2005,2005,sayuran/pangan semusim,404,https://perbenihanhorti.id/proseed/uploads/deskripsi/2468.pdf
db-vardaf,Kubis,Green Top,348/Kpts/SR.120/9/2005,2005,sayuran/pangan semusim,404,https://perbenihanhorti.id/proseed/uploads/deskripsi/2469.pdf
db-vardaf,Kubis,Purnama,349/Kpts/SR.120/9/2005,2005,sayuran/pangan semusim,404,https://perbenihanhorti.id/proseed/uploads/deskripsi/2470.pdf
db-vardaf,Kubis,Green Coronet,390/Kpts/SR.120/10/2005,2005,sayuran/pangan semusim,404,https://perbenihanhorti.id/proseed/uploads/deskripsi/2471.pdf
db-vardaf,Kubis,Talenta,464/Kpts/SR.120/12/2005,2005,sayuran/pangan semusim,404,https://perbenihanhorti.id/proseed/uploads/deskripsi/2472.pdf
db-vardaf,Kubis,Dynamic,504/Kpts/SR.120/12/2005,2005,sayuran/pangan semusim,404,https://perbenihanhorti.id/proseed/uploads/deskripsi/2473.pdf
db-vardaf,Kubis,Asia Cross,485/Kpts/SR.120/12/2005,2005,sayuran/pangan semusim,404,https://perbenihanhorti.id/proseed/uploads/deskripsi/2474.pdf
db-vardaf,Cabai Besar,SENOPATI,347/Kpts/LB.240/6/2004,2004,sayuran/pangan semusim,404,https://perbenihanhorti.id/proseed/uploads/deskripsi
db-vardaf,Cabai Besar,Provost,348/Kpts/LB.240/6/2004,2004,sayuran/pangan semusim,404,https://perbenihanhorti.id/proseed/uploads/deskripsi/202.pdf
db-vardaf,Cabai Besar,ADIPATI,346/Kpts/LB.240/6/2004,2004,sayuran/pangan semusim,404,https://perbenihanhorti.id/proseed/uploads/deskripsi/200.pdf
db-vardaf,Bawang Merah,Batu Ijo,368/Kpts/LB.240/6/2004,2004,sayuran/pangan semusim,404,https://perbenihanhorti.id/proseed/uploads/deskripsi/197.pdf
db-vardaf,Bawang Merah,Palasa,480/Kpts/LB.240/8/2004,2004,sayuran/pangan semusim,404,https://perbenihanhorti.id/proseed/uploads/deskripsi/198.pdf
db-vardaf,Bawang Merah,Tinombo,481/Kpts/LB.240/8/2004,2004,sayuran/pangan semusim,404,https://perbenihanhorti.id/proseed/uploads/deskripsi/199.pdf
db-vardaf,Kacang Buncis,Citra 845,475/Kpts/LB.240/8/2004,2004,sayuran/pangan semusim,404,https://perbenihanhorti.id/proseed/uploads/deskripsi/2066.pdf
db-vardaf,Cabai Keriting,Bagayo,349/Kpts/LB.240/6/2004,2004,sayuran/pangan semusim,404,https://perbenihanhorti.id/proseed/uploads/deskripsi/2201.pdf
db-vardaf,Cabai Keriting,New Taro,350/Kpts/LB.240/6/2004,2004,sayuran/pangan semusim,404,https://perbenihanhorti.id/proseed/uploads/deskripsi/2202.pdf
db-vardaf,Cabai Paprika,Paprika Goldflame,478/Kpts/LB.240/8/2004,2004,sayuran/pangan semusim,404,https://perbenihanhorti.id/proseed/uploads/deskripsi/2267.pdf
db-vardaf,Cabai Paprika,Paprika Spartacus,479/Kpts/LB.240/8/2004,2004,sayuran/pangan semusim,404,https://perbenihanhorti.id/proseed/uploads/deskripsi/2268.pdf
db-vardaf,Kacang Panjang,Arto,367/Kpts/LB.240/6/2004,2004,sayuran/pangan semusim,404,https://perbenihanhorti.id/proseed/uploads/deskripsi/2332.pdf
db-vardaf,Kacang Panjang,Bapan 672,470/Kpts/LB.240/8/2004,2004,sayuran/pangan semusim,404,https://perbenihanhorti.id/proseed/uploads/deskripsi/2333.pdf
db-vardaf,Kacang Panjang,Dadung Hijau,471/Kpts/LB.240/8/2004,2004,sayuran/pangan semusim,404,https://perbenihanhorti.id/proseed/uploads/deskripsi/2334.pdf
db-vardaf,Kacang Panjang,Rampak Hijau 614,469/Kpts/LB.240/8/2004,2004,sayuran/pangan semusim,404,https://perbenihanhorti.id/proseed/uploads/deskripsi/2335.pdf
db-vardaf,Kubis,Green Sumo,473/Kpts/LB.240/8/2004,2004,sayuran/pangan semusim,404,https://perbenihanhorti.id/proseed/uploads/deskripsi/2460.pdf
db-vardaf,Kubis,Ishito 3,477/Kpts/LB.240/8/2004,2004,sayuran/pangan semusim,404,https://perbenihanhorti.id/proseed/uploads/deskripsi/2461.pdf
db-vardaf,Kubis,Green Komet,472/Kpts/LB.240/8/2004,2004,sayuran/pangan semusim,404,https://perbenihanhorti.id/proseed/uploads/deskripsi/2462.pdf
db-vardaf,Kubis,Super Green,476/Kpts/LB.240/8/2004,2004,sayuran/pangan semusim,404,https://perbenihanhorti.id/proseed/uploads/deskripsi/2463.pdf
db-vardaf,Kubis,Kubindo 5,366/Kpts/LB.240/6/2004,2004,sayuran/pangan semusim,404,https://perbenihanhorti.id/proseed/uploads/deskripsi/2464.pdf
db-vardaf,Mentimun,Nelly F1,354/Kpts/LB.240/6/2004,2004,sayuran/pangan semusim,404,https://perbenihanhorti.id/proseed/uploads/deskripsi/2582.pdf
db-vardaf,Mentimun,Timundo 13,355/Kpts/LB.240/6/2004,2004,sayuran/pangan semusim,404,https://perbenihanhorti.id/proseed/uploads/deskripsi/2583.pdf
db-vardaf,Mentimun,Timundo 14,353/Kpts/LB.240/6/2004,2004,sayuran/pangan semusim,404,https://perbenihanhorti.id/proseed/uploads/deskripsi/2584.pdf
db-vardaf,Paria,Raden,359/Kpts/LB.240/6/2004,2004,sayuran/pangan semusim,404,https://perbenihanhorti.id/proseed/uploads/deskripsi/2679.pdf
db-vardaf,Terong,Lezata,365/Kpts/LB.240/6/2004,2004,sayuran/pangan semusim,404,https://perbenihanhorti.id/proseed/uploads/deskripsi/2808.pdf
db-vardaf,Tomat,Prestasi 417,468/Kpts/LB.240/8/2004,2004,sayuran/pangan semusim,404,https://perbenihanhorti.id/proseed/uploads/deskripsi/2870.pdf
db-vardaf,Tomat,Regina,464/Kpts/LB.240/6/2004,2004,sayuran/pangan semusim,404,https://perbenihanhorti.id/proseed/uploads/deskripsi/2871.pdf
db-vardaf,Tomat,Titanik 416,467/Kpts/LB.240/8/2004,2004,sayuran/pangan semusim,404,https://perbenihanhorti.id/proseed/uploads/deskripsi/2872.pdf
db-vardaf,Melon,Melindo 7,342/Kpts/LB.240/6/2004,2004,sayuran/pangan semusim,404,https://perbenihanhorti.id/proseed/uploads/deskripsi/3277.pdf
db-vardaf,Melon,Melindo 8,343/Kpts/LB.240/6/2004,2004,sayuran/pangan semusim,404,https://perbenihanhorti.id/proseed/uploads/deskripsi/3278.pdf
db-vardaf,Melon,Melindo 9,344/Kpts/LB.240/6/2004,2004,sayuran/pangan semusim,404,https://perbenihanhorti.id/proseed/uploads/deskripsi/3279.pdf
db-vardaf,Melon,Melindo 10,345/Kpts/LB.240/6/2004,2004,sayuran/pangan semusim,404,https://perbenihanhorti.id/proseed/uploads/deskripsi/3280.pdf
db-vardaf,Melon,Metando 80,474/Kpts/LB.240/8/2004,2004,sayuran/pangan semusim,404,https://perbenihanhorti.id/proseed/uploads/deskripsi/3281.pdf
db-vardaf,Semangka,Rembulan,356/Kpts/LB.240/6/2004,2004,sayuran/pangan semusim,404,https://perbenihanhorti.id/proseed/uploads/deskripsi/3473.pdf
db-vardaf,Semangka,Perintis,357/Kpts/LB.240/6/2004,2004,sayuran/pangan semusim,404,https://perbenihanhorti.id/proseed/uploads/deskripsi/3474.pdf
db-vardaf,Semangka,Kaisar,358/Kpts/LB.240/6/2004,2004,sayuran/pangan semusim,404,https://perbenihanhorti.id/proseed/uploads/deskripsi/3475.pdf
db-vardaf,Terong Pirus,Tamarillo,491/Kpts/LB.240/8/2004,2004,sayuran/pangan semusim,404,https://perbenihanhorti.id/proseed/uploads/deskripsi/3627.pdf
db-vardaf,Bawang Merah,Keta Monca,529/Kpts/PD.210/10/2003,2003,sayuran/pangan semusim,404,https://perbenihanhorti.id/proseed/uploads/deskripsi/2017.pdf
db-vardaf,Kacang Buncis,Pena,530/Kpts/PD.210/10/2003,2003,sayuran/pangan semusim,404,https://perbenihanhorti.id/proseed/uploads/deskripsi/2065.pdf
db-vardaf,Cabai Rawit,Kathur,343/Kpts/TP.240/6/2003,2003,sayuran/pangan semusim,404,https://perbenihanhorti.id/proseed/uploads/deskripsi/2090.pdf
db-vardaf,Cabai Besar,Trisula,344/Kpts/TP.240/6/2003,2003,sayuran/pangan semusim,404,https://perbenihanhorti.id/proseed/uploads/deskripsi/2122.pdf
db-vardaf,Cabai Besar,Jet Set,345/Kpts/TP.240/6/2003,2003,sayuran/pangan semusim,404,https://perbenihanhorti.id/proseed/uploads/deskripsi/2123.pdf
db-vardaf,Cabai Besar,Buana,346/Kpts/TP.240/6/2003,2003,sayuran/pangan semusim,404,https://perbenihanhorti.id/proseed/uploads/deskripsi/2124.pdf
db-vardaf,Kacang Panjang,Mutiara,527/Kpts/PD.210/10/2003,2003,sayuran/pangan semusim,404,https://perbenihanhorti.id/proseed/uploads/deskripsi/2331.pdf
db-vardaf,Kubis,TIA 6,526/Kpts/PD.210/10/2003,2003,sayuran/pangan semusim,404,https://perbenihanhorti.id/proseed/uploads/deskripsi/2458.pdf
db-vardaf,Kubis,TIA 5,528/Kpts/PD.210/10/2003,2003,sayuran/pangan semusim,404,https://perbenihanhorti.id/proseed/uploads/deskripsi/2459.pdf
db-vardaf,Mentimun,Padang,531/Kpts/PD.210/10/2003,2003,sayuran/pangan semusim,404,https://perbenihanhorti.id/proseed/uploads/deskripsi/2581.pdf
db-vardaf,Terong,Gong,342/Kpts/TP.240/6/2003,2003,sayuran/pangan semusim,404,https://perbenihanhorti.id/proseed/uploads/deskripsi/2807.pdf
db-vardaf,Tomat,Geulis - 144,328/Kpts/TP.240/6/2003,2003,sayuran/pangan semusim,404,https://perbenihanhorti.id/proseed/uploads/deskripsi/2864.pdf
db-vardaf,Tomat,Pluto - 528,330/Kpts/TP.240/6/2003,2003,sayuran/pangan semusim,404,https://perbenihanhorti.id/proseed/uploads/deskripsi/2865.pdf
db-vardaf,Tomat,Idola - 819,331/Kpts/TP.240/6/2003,2003,sayuran/pangan semusim,404,https://perbenihanhorti.id/proseed/uploads/deskripsi/2866.pdf
db-vardaf,Tomat,Buba - 426,448/Kpts/TP.240/6/2003,2003,sayuran/pangan semusim,404,https://perbenihanhorti.id/proseed/uploads/deskripsi/2867.pdf
db-vardaf,Tomat,Maestro - 414,449/Kpts/TP.240/6/2003,2003,sayuran/pangan semusim,404,https://perbenihanhorti.id/proseed/uploads/deskripsi/2868.pdf
db-vardaf,Tomat,TIA - 403,450/Kpts/TP.240/6/2003,2003,sayuran/pangan semusim,404,https://perbenihanhorti.id/proseed/uploads/deskripsi/2869.pdf
db-vardaf,Melon,Sweet M-10,339/Kpts/TP.240/6/2003,2003,sayuran/pangan semusim,404,https://perbenihanhorti.id/proseed/uploads/deskripsi/3271.pdf
db-vardaf,Melon,MAI.116,404/Kpts/SR.120/8/2003,2003,sayuran/pangan semusim,404,https://perbenihanhorti.id/proseed/uploads/deskripsi/3272.pdf
db-vardaf,Melon,MAI 119,405/Kpts/SR.120/8/2003,2003,sayuran/pangan semusim,404,https://perbenihanhorti.id/proseed/uploads/deskripsi/3273.pdf
db-vardaf,Melon,Ladika 108,406/Kpts/SR.120/8/2003,2003,sayuran/pangan semusim,404,https://perbenihanhorti.id/proseed/uploads/deskripsi/3274.pdf
db-vardaf,Melon,Sumo 28,407/Kpts/SR.120/8/2003,2003,sayuran/pangan semusim,404,https://perbenihanhorti.id/proseed/uploads/deskripsi/3275.pdf
db-vardaf,Melon,Golden Paradise,462/Kpts/PD.210/9/2003,2003,sayuran/pangan semusim,404,https://perbenihanhorti.id/proseed/uploads/deskripsi/3276.pdf
db-vardaf,Semangka,Reddi 227,451/Kpts/PD.210/9/2003,2003,sayuran/pangan semusim,404,https://perbenihanhorti.id/proseed/uploads/deskripsi/3468.pdf
db-vardaf,Semangka,Metal 206,452/Kpts/PD.210/9/2003,2003,sayuran/pangan semusim,404,https://perbenihanhorti.id/proseed/uploads/deskripsi/3469.pdf
db-vardaf,Semangka,Red Top 212,463/Kpts/PD.210/9/2003,2003,sayuran/pangan semusim,404,https://perbenihanhorti.id/proseed/uploads/deskripsi/3470.pdf
db-vardaf,Semangka,Trigger 3,464/Kpts/PD.210/9/2003,2003,sayuran/pangan semusim,404,https://perbenihanhorti.id/proseed/uploads/deskripsi/3471.pdf
db-vardaf,Semangka,Good Quality,465/Kpts/PD.210/9/2003,2003,sayuran/pangan semusim,404,https://perbenihanhorti.id/proseed/uploads/deskripsi/3472.pdf
db-vardaf,Kangkung,Serimpi,268/Kpts/TP.240/4/2002,2002,sayuran/pangan semusim,404,https://perbenihanhorti.id/proseed/uploads/deskripsi/2405.pdf
db-vardaf,Kangkung,Gomong,269/Kpts/TP.240/4/2002,2002,sayuran/pangan semusim,404,https://perbenihanhorti.id/proseed/uploads/deskripsi/2406.pdf
db-vardaf,Edamame (Kedelai Sayur),Edamame R - 75,420/Kpts/TP.240/7/2002,2002,sayuran/pangan semusim,404,https://perbenihanhorti.id/proseed/uploads/deskripsi/2424.pdf
db-vardaf,Edamame (Kedelai Sayur),Edamame R - 305,421/Kpts/TP.240/7/2002,2002,sayuran/pangan semusim,404,https://perbenihanhorti.id/proseed/uploads/deskripsi/2425.pdf
db-vardaf,Kentang,Manohara,419/Kpts/TP.240/7/2002,2002,sayuran/pangan semusim,404,https://perbenihanhorti.id/proseed/uploads/deskripsi/2432.pdf
db-vardaf,Kentang,Amudra,418/Kpts/TP.240/7/2002,2002,sayuran/pangan semusim,404,https://perbenihanhorti.id/proseed/uploads/deskripsi/2433.pdf
db-vardaf,Mentimun,Surya,238/Kpts/TP.240/4/2002,2002,sayuran/pangan semusim,404,https://perbenihanhorti.id/proseed/uploads/deskripsi/2575.pdf
db-vardaf,Mentimun,Kejora,250/Kpts/TP.240/4/2002,2002,sayuran/pangan semusim,404,https://perbenihanhorti.id/proseed/uploads/deskripsi/2576.pdf
db-vardaf,Mentimun,Mayapada,251/Kpts/TP.240/4/2002,2002,sayuran/pangan semusim,404,https://perbenihanhorti.id/proseed/uploads/deskripsi/2577.pdf
db-vardaf,Mentimun,Candra,255/Kpts/TP.240/4/2002,2002,sayuran/pangan semusim,404,https://perbenihanhorti.id/proseed/uploads/deskripsi/2578.pdf
db-vardaf,Mentimun,Bella,262/Kpts/TP.240/4/2002,2002,sayuran/pangan semusim,404,https://perbenihanhorti.id/proseed/uploads/deskripsi/2579.pdf
db-vardaf,Mentimun,Mini-C,263/Kpts/TP.240/4/2002,2002,sayuran/pangan semusim,404,https://perbenihanhorti.id/proseed/uploads/deskripsi/2580.pdf
db-vardaf,Terong,Satria,259/Kpts/TP.240/4/2002,2002,sayuran/pangan semusim,404,https://perbenihanhorti.id/proseed/uploads/deskripsi/2804.pdf
db-vardaf,Terong,Sembrani F1,260/Kpts/TP.240/4/2002,2002,sayuran/pangan semusim,404,https://perbenihanhorti.id/proseed/uploads/deskripsi/2805.pdf
db-vardaf,Terong,Gracia,261/Kpts/TP.240/4/2002,2002,sayuran/pangan semusim,404,https://perbenihanhorti.id/proseed/uploads/deskripsi/2806.pdf
db-vardaf,Tomat,Giga,244/Kpts/TP.420/4/2002,2002,sayuran/pangan semusim,404,https://perbenihanhorti.id/proseed/uploads/deskripsi/2858.pdf
db-vardaf,Tomat,Marta F1,256/Kpts/TP.240/4/2002,2002,sayuran/pangan semusim,404,https://perbenihanhorti.id/proseed/uploads/deskripsi/2859.pdf
db-vardaf,Tomat,Sakura F1,264/Kpts/TP.240/4/2002,2002,sayuran/pangan semusim,404,https://perbenihanhorti.id/proseed/uploads/deskripsi/2860.pdf
db-vardaf,Tomat,Arista F1,265/Kpts/TP.240/4/2002,2002,sayuran/pangan semusim,404,https://perbenihanhorti.id/proseed/uploads/deskripsi/2861.pdf
db-vardaf,Tomat,Doreta,266/Kpts/TP.240/4/2002,2002,sayuran/pangan semusim,404,https://perbenihanhorti.id/proseed/uploads/deskripsi/2862.pdf
db-vardaf,Tomat,Trivera F1,267/Kpts/TP.240/4/2002,2002,sayuran/pangan semusim,404,https://perbenihanhorti.id/proseed/uploads/deskripsi/2863.pdf
db-vardaf,Waluh/Squash,Juai,410/Kpts/TP.240/7/2002,2002,sayuran/pangan semusim,404,https://perbenihanhorti.id/proseed/uploads/deskripsi/2942.pdf
db-vardaf,Semangka,Sindoro,237/Kpts/TP.420/4/2002,2002,sayuran/pangan semusim,404,https://perbenihanhorti.id/proseed/uploads/deskripsi/3466.pdf
db-vardaf,Semangka,Asmara,239/Kpts/TP.420/4/2002,2002,sayuran/pangan semusim,404,https://perbenihanhorti.id/proseed/uploads/deskripsi/3467.pdf
db-vardaf,Bawang Merah,Tiron,498/Kpts/TP.240/8/2002,2002,sayuran/pangan semusim,404,https://perbenihanhorti.id/proseed/uploads/deskripsi/2016.pdf
db-vardaf,Kacang Buncis,Perkasa,270/Kpts/TP.240/4/2002,2002,sayuran/pangan semusim,404,https://perbenihanhorti.id/proseed/uploads/deskripsi/2062.pdf
db-vardaf,Kacang Buncis,KB - 5,271/Kpts/TP.240/4/2002,2002,sayuran/pangan semusim,404,https://perbenihanhorti.id/proseed/uploads/deskripsi/2063.pdf
db-vardaf,Kacang Buncis,KB - 6,272/Kpts/TP.240/4/2002,2002,sayuran/pangan semusim,404,https://perbenihanhorti.id/proseed/uploads/deskripsi/2064.pdf
db-vardaf,Cabai Rawit,Taruna,247/Kpts/TP.240/4/2002,2002,sayuran/pangan semusim,404,https://perbenihanhorti.id/proseed/uploads/deskripsi/2089.pdf
db-vardaf,Cabai Besar,Sultan,249/Kpts/TP.240/4/2002,2002,sayuran/pangan semusim,404,https://perbenihanhorti.id/proseed/uploads/deskripsi/2121.pdf
db-vardaf,Cabai Keriting,Jago,248/Kpts/TP.240/4/2002,2002,sayuran/pangan semusim,404,https://perbenihanhorti.id/proseed/uploads/deskripsi/2200.pdf
db-vardaf,Kacang Panjang,Sentosa,245/Kpts/TP.240/4/2002,2002,sayuran/pangan semusim,404,https://perbenihanhorti.id/proseed/uploads/deskripsi/2329.pdf
db-vardaf,Kacang Panjang,Super Sainan,246/Kpts/TP.240/4/2002,2002,sayuran/pangan semusim,404,https://perbenihanhorti.id/proseed/uploads/deskripsi/2330.pdf
db-vardaf,Kangkung,Aini,258/Kpts/TP.240/4/2002,2002,sayuran/pangan semusim,404,https://perbenihanhorti.id/proseed/uploads/deskripsi/2404.pdf
db-vardaf,Bawang Merah,Kramat - 1,225/Kpts/TP.240/4/2001,2001,sayuran/pangan semusim,404,https://perbenihanhorti.id/proseed/uploads/deskripsi/2013.pdf
db-vardaf,Bawang Merah,Kramat - 2,226/Kpts/TP.240/4/2001,2001,sayuran/pangan semusim,404,https://perbenihanhorti.id/proseed/uploads/deskripsi/2014.pdf
db-vardaf,Bawang Merah,Kuning,227/Kpts/TP.240/4/2001,2001,sayuran/pangan semusim,404,https://perbenihanhorti.id/proseed/uploads/deskripsi/2015.pdf
db-vardaf,Cabai Besar,Tanjung - 1,239/Kpts/TP.240/4/2001,2001,sayuran/pangan semusim,404,https://perbenihanhorti.id/proseed/uploads/deskripsi/2119.pdf
db-vardaf,Cabai Besar,Tanjung - 2,240/Kpts/TP.240/4/2001,2001,sayuran/pangan semusim,404,https://perbenihanhorti.id/proseed/uploads/deskripsi/2120.pdf
db-vardaf,Cabai Keriting,Lembang-1,238/Kpts/TP.240/4/2001,2001,sayuran/pangan semusim,404,https://perbenihanhorti.id/proseed/uploads/deskripsi/2199.pdf
db-vardaf,Kacang Panjang,KP 3,64/Kpts/TP.240/1/2001,2001,sayuran/pangan semusim,404,https://perbenihanhorti.id/proseed/uploads/deskripsi/2324.pdf
db-vardaf,Kacang Panjang,KP 4,65/Kpts/TP.240/1/2001,2001,sayuran/pangan semusim,404,https://perbenihanhorti.id/proseed/uploads/deskripsi/2325.pdf
db-vardaf,Kacang Panjang,KP 5,66/Kpts/TP.240/1/2001,2001,sayuran/pangan semusim,404,https://perbenihanhorti.id/proseed/uploads/deskripsi/2326.pdf
db-vardaf,Kacang Panjang,KP 6,67/Kpts/TP.240/1/2001,2001,sayuran/pangan semusim,404,https://perbenihanhorti.id/proseed/uploads/deskripsi/2327.pdf
db-vardaf,Kacang Panjang,KP 7,68/Kpts/TP.240/1/2001,2001,sayuran/pangan semusim,404,https://perbenihanhorti.id/proseed/uploads/deskripsi/2328.pdf
db-vardaf,Bawang Merah,Bauji,65/Kpts/TP.240/2/2000,2000,sayuran/pangan semusim,404,https://perbenihanhorti.id/proseed/uploads/deskripsi/193.pdf
db-vardaf,Jagung Manis,Super Sweet,45/Kpts/TP.240/2/2000,2000,sayuran/pangan semusim,404,https://perbenihanhorti.id/proseed/uploads/deskripsi/195.pdf
db-vardaf,Jagung Manis,Bisi Sweet 1,46/Kpts/TP.240/2/2000,2000,sayuran/pangan semusim,404,https://perbenihanhorti.id/proseed/uploads/deskripsi/196.pdf
db-vardaf,Bawang Merah,Super Philip,66/Kpts/TP.240/2/2000,2000,sayuran/pangan semusim,404,https://perbenihanhorti.id/proseed/uploads/deskripsi/2012.pdf
db-vardaf,Bayam,Pesona - 1,123/Kpts/TP.240/3/2000,2000,sayuran/pangan semusim,404,https://perbenihanhorti.id/proseed/uploads/deskripsi/2034.pdf
db-vardaf,Bayam,Pesona - 2,124/Kpts/TP.240/3/2000,2000,sayuran/pangan semusim,404,https://perbenihanhorti.id/proseed/uploads/deskripsi/2035.pdf
db-vardaf,Bayam,Mentari,125/Kpts/TP.240/3/2000,2000,sayuran/pangan semusim,404,https://perbenihanhorti.id/proseed/uploads/deskripsi/2036.pdf
db-vardaf,Bayam,Puspita - 1,126/Kpts/TP.240/3/2000,2000,sayuran/pangan semusim,404,https://perbenihanhorti.id/proseed/uploads/deskripsi/2037.pdf
db-vardaf,Bayam,Puspita - 2,127/Kpts/TP.240/3/2000,2000,sayuran/pangan semusim,404,https://perbenihanhorti.id/proseed/uploads/deskripsi/2038.pdf
db-vardaf,Bayam,Campaka 20,258/Kpts/TP.240/5/2000,2000,sayuran/pangan semusim,404,https://perbenihanhorti.id/proseed/uploads/deskripsi/2039.pdf
db-vardaf,Brokoli,Royal Green F1,78/Kpts/TP.240/2/2000,2000,sayuran/pangan semusim,404,https://perbenihanhorti.id/proseed/uploads/deskripsi/2048.pdf
db-vardaf,Cabai Besar,Arimbi,139/Kpts/TP.240/3/2000,2000,sayuran/pangan semusim,404,https://perbenihanhorti.id/proseed/uploads/deskripsi/2118.pdf
db-vardaf,Cabai Keriting,Lado,138/Kpts/TP.240/3/2000,2000,sayuran/pangan semusim,404,https://perbenihanhorti.id/proseed/uploads/deskripsi/2196.pdf
db-vardaf,Cabai Keriting,Papirus,140/Kpts/TP.240/3/2000,2000,sayuran/pangan semusim,404,https://perbenihanhorti.id/proseed/uploads/deskripsi/2197.pdf
db-vardaf,Cabai Keriting,CTH-1,141/Kpts/TP.240/3/2000,2000,sayuran/pangan semusim,404,https://perbenihanhorti.id/proseed/uploads/deskripsi/2198.pdf
db-vardaf,Jagung Manis,Bisi Sweet - 2,47/Kpts/TP.240/2/2000,2000,sayuran/pangan semusim,404,https://perbenihanhorti.id/proseed/uploads/deskripsi/2273.pdf
db-vardaf,Jagung Manis,Bisi Sweet - 3,48/Kpts/TP.240/2/2000,2000,sayuran/pangan semusim,404,https://perbenihanhorti.id/proseed/uploads/deskripsi/2274.pdf
db-vardaf,Jagung Manis,Bisi Sweet - 4,49/Kpts/TP.240/2/2000,2000,sayuran/pangan semusim,404,https://perbenihanhorti.id/proseed/uploads/deskripsi/2275.pdf
db-vardaf,Kailan,Nova,256/Kpts/TP.240/5/2000,2000,sayuran/pangan semusim,404,https://perbenihanhorti.id/proseed/uploads/deskripsi/2391.pdf
db-vardaf,Kailan,BBT - 35,257/Kpts/TP.240/5/2000,2000,sayuran/pangan semusim,404,https://perbenihanhorti.id/proseed/uploads/deskripsi/2392.pdf
db-vardaf,Kangkung,Grand - 1,119/Kpts/TP.240/3/2000,2000,sayuran/pangan semusim,404,https://perbenihanhorti.id/proseed/uploads/deskripsi/2399.pdf
db-vardaf,Kangkung,BISI,120/Kpts/TP.240/3/2000,2000,sayuran/pangan semusim,404,https://perbenihanhorti.id/proseed/uploads/deskripsi/2400.pdf
db-vardaf,Kangkung,Grand - 2,121/Kpts/TP.240/3/2000,2000,sayuran/pangan semusim,404,https://perbenihanhorti.id/proseed/uploads/deskripsi/2401.pdf
db-vardaf,Kangkung,Amanda,122/Kpts/TP.240/3/2000,2000,sayuran/pangan semusim,404,https://perbenihanhorti.id/proseed/uploads/deskripsi/2402.pdf
db-vardaf,Kangkung,LP - 1,252/Kpts/TP.240/5/2000,2000,sayuran/pangan semusim,404,https://perbenihanhorti.id/proseed/uploads/deskripsi/2403.pdf
db-vardaf,Kentang,Atlantik Malang,67/Kpts/TP.240/2/2000,2000,sayuran/pangan semusim,404,https://perbenihanhorti.id/proseed/uploads/deskripsi/2430.pdf
db-vardaf,Kentang,Merbabu - 17,501/Kpts/TP.240/10/2000,2000,sayuran/pangan semusim,404,https://perbenihanhorti.id/proseed/uploads/deskripsi/2431.pdf
db-vardaf,Kubis,Raja,68/Kpts/TP.240/2/2000,2000,sayuran/pangan semusim,404,https://perbenihanhorti.id/proseed/uploads/deskripsi/2457.pdf
db-vardaf,Kubis Bunga,Caulindo 1,76/Kpts/TP.240/2/2000,2000,sayuran/pangan semusim,404,https://perbenihanhorti.id/proseed/uploads/deskripsi/2523.pdf
db-vardaf,Kubis Bunga,Caulindo 2,77/Kpts/TP.240/2/2000,2000,sayuran/pangan semusim,404,https://perbenihanhorti.id/proseed/uploads/deskripsi/2524.pdf
db-vardaf,Kubis Bunga,Bima - 45,327/Kpts/TP.240/6/2000,2000,sayuran/pangan semusim,404,https://perbenihanhorti.id/proseed/uploads/deskripsi/2525.pdf
db-vardaf,Labu,Suprema,118/Kpts/TP.240/3/2000,2000,sayuran/pangan semusim,404,https://perbenihanhorti.id/proseed/uploads/deskripsi/2550.pdf
db-vardaf,Mentimun,Baron,134/Kpts/TP.240/3/2000,2000,sayuran/pangan semusim,404,https://perbenihanhorti.id/proseed/uploads/deskripsi/2573.pdf
db-vardaf,Mentimun,Panda,135/Kpts/TP.240/3/2000,2000,sayuran/pangan semusim,404,https://perbenihanhorti.id/proseed/uploads/deskripsi/2574.pdf
db-vardaf,Oyong / Gambas,Herkules,116/Kpts/TP.240/3/2000,2000,sayuran/pangan semusim,404,https://perbenihanhorti.id/proseed/uploads/deskripsi/2655.pdf
db-vardaf,Oyong / Gambas,Samson,117/Kpts/TP.240/3/2000,2000,sayuran/pangan semusim,404,https://perbenihanhorti.id/proseed/uploads/deskripsi/2656.pdf
db-vardaf,Paria,Rani - 1,106/Kpts/TP.240/3/2000,2000,sayuran/pangan semusim,404,https://perbenihanhorti.id/proseed/uploads/deskripsi/2670.pdf
db-vardaf,Paria,Rani - 2,107/Kpts/TP.240/3/2000,2000,sayuran/pangan semusim,404,https://perbenihanhorti.id/proseed/uploads/deskripsi/2671.pdf
db-vardaf,Paria,Maya,108/Kpts/TP.240/3/2000,2000,sayuran/pangan semusim,404,https://perbenihanhorti.id/proseed/uploads/deskripsi/2672.pdf
db-vardaf,Paria,New Queen,109/Kpts/TP.240/3/2000,2000,sayuran/pangan semusim,404,https://perbenihanhorti.id/proseed/uploads/deskripsi/2673.pdf
db-vardaf,Paria,Isabel,110/Kpts/TP.240/3/2000,2000,sayuran/pangan semusim,404,https://perbenihanhorti.id/proseed/uploads/deskripsi/2674.pdf
db-vardaf,Paria,Siam - 71 F1,111/Kpts/TP.240/3/2000,2000,sayuran/pangan semusim,404,https://perbenihanhorti.id/proseed/uploads/deskripsi/2675.pdf
db-vardaf,Paria,Purnama,112/Kpts/TP.240/3/2000,2000,sayuran/pangan semusim,404,https://perbenihanhorti.id/proseed/uploads/deskripsi/2676.pdf
db-vardaf,Paria,Giok - 9,113/Kpts/TP.240/3/2000,2000,sayuran/pangan semusim,404,https://perbenihanhorti.id/proseed/uploads/deskripsi/2677.pdf
db-vardaf,Paria,Tresno,341/Kpts/TP.240/6/2000,2000,sayuran/pangan semusim,404,https://perbenihanhorti.id/proseed/uploads/deskripsi/2678.pdf
db-vardaf,Sawi hijau,Sawindo - 1,79/Kpts/TP.240/2/2000,2000,sayuran/pangan semusim,404,https://perbenihanhorti.id/proseed/uploads/deskripsi/2701.pdf
db-vardaf,Sawi hijau,Sawindo - 2,80/Kpts/TP.240/2/2000,2000,sayuran/pangan semusim,404,https://perbenihanhorti.id/proseed/uploads/deskripsi/2702.pdf
db-vardaf,Sawi hijau,Sawindo - 3,81/Kpts/TP.240/2/2000,2000,sayuran/pangan semusim,404,https://perbenihanhorti.id/proseed/uploads/deskripsi/2703.pdf
db-vardaf,Sawi hijau,Tosakan,253/Kpts/TP.240/5/2000,2000,sayuran/pangan semusim,404,https://perbenihanhorti.id/proseed/uploads/deskripsi/2704.pdf
db-vardaf,Sawi hijau,Shinta,254/Kpts/TP.240/5/2000,2000,sayuran/pangan semusim,404,https://perbenihanhorti.id/proseed/uploads/deskripsi/2705.pdf
db-vardaf,Sawi Pahit/Mustard,Marakot,260/Kpts/TP.240/5/2000,2000,sayuran/pangan semusim,404,https://perbenihanhorti.id/proseed/uploads/deskripsi/2733.pdf
db-vardaf,Sawi putih / Petsai,Leony F1,261/Kpts/TP.240/5/2000,2000,sayuran/pangan semusim,404,https://perbenihanhorti.id/proseed/uploads/deskripsi/2746.pdf
db-vardaf,Slada,Panorama,225/Kpts/TP.240/5/2000,2000,sayuran/pangan semusim,404,https://perbenihanhorti.id/proseed/uploads/deskripsi
db-vardaf,Seledri,Amigo,259/Kpts/TP.240/5/2000,2000,sayuran/pangan semusim,404,https://perbenihanhorti.id/proseed/uploads/deskripsi/2789.pdf
db-vardaf,Terong,Antaboga - 1,128/Kpts/TP.240/3/2000,2000,sayuran/pangan semusim,404,https://perbenihanhorti.id/proseed/uploads/deskripsi/2798.pdf
db-vardaf,Terong,Antaboga - 2,129/Kpts/TP.240/3/2000,2000,sayuran/pangan semusim,404,https://perbenihanhorti.id/proseed/uploads/deskripsi/2799.pdf
db-vardaf,Terong,Antaboga - 3,130/Kpts/TP.240/3/2000,2000,sayuran/pangan semusim,404,https://perbenihanhorti.id/proseed/uploads/deskripsi/2800.pdf
db-vardaf,Terong,Antaboga - 4,131/Kpts/TP.240/3/2000,2000,sayuran/pangan semusim,404,https://perbenihanhorti.id/proseed/uploads/deskripsi/2801.pdf
db-vardaf,Terong,Naga Ungu,132/Kpts/TP.240/3/2000,2000,sayuran/pangan semusim,404,https://perbenihanhorti.id/proseed/uploads/deskripsi/2802.pdf
db-vardaf,Terong,Naga Hijau,133/Kpts/TP.240/3/2000,2000,sayuran/pangan semusim,404,https://perbenihanhorti.id/proseed/uploads/deskripsi/2803.pdf
db-vardaf,Pepaya,Sari Gading,92/Kpts/TP.240/3/2000,2000,sayuran/pangan semusim,404,https://perbenihanhorti.id/proseed/uploads/deskripsi/3394.pdf
db-vardaf,Pepaya,Sari Rona,93/Kpts/TP.240/3/2000,2000,sayuran/pangan semusim,404,https://perbenihanhorti.id/proseed/uploads/deskripsi/3395.pdf
db-vardaf,Semangka,Monalisa,114/Kpts/TP.420/3/2000,2000,sayuran/pangan semusim,404,https://perbenihanhorti.id/proseed/uploads/deskripsi/3464.pdf
db-vardaf,Semangka,Amor,115/Kpts/TP.420/3/2000,2000,sayuran/pangan semusim,404,https://perbenihanhorti.id/proseed/uploads/deskripsi/3465.pdf
db-vardaf,Kacang Buncis,Horti - 1,743/Kpts/TP.240/6/1999,1999,sayuran/pangan semusim,404,https://perbenihanhorti.id/proseed/uploads/deskripsi/2054.pdf
db-vardaf,Kacang Buncis,Horti - 2,744/Kpts/TP.240/6/1999,1999,sayuran/pangan semusim,404,https://perbenihanhorti.id/proseed/uploads/deskripsi/2055.pdf
db-vardaf,Kacang Buncis,Horti - 3,745/Kpts/TP.240/6/1999,1999,sayuran/pangan semusim,404,https://perbenihanhorti.id/proseed/uploads/deskripsi/2056.pdf
db-vardaf,Kacang Buncis,Gypsy - 1,746/Kpts/TP.240/6/1999,1999,sayuran/pangan semusim,404,https://perbenihanhorti.id/proseed/uploads/deskripsi/2057.pdf
db-vardaf,Kacang Buncis,Gypsy - 2,747/Kpts/TP.240/6/1999,1999,sayuran/pangan semusim,404,https://perbenihanhorti.id/proseed/uploads/deskripsi/2058.pdf
db-vardaf,Kacang Buncis,Lebat - 1,750/Kpts/TP.240/6/1999,1999,sayuran/pangan semusim,404,https://perbenihanhorti.id/proseed/uploads/deskripsi/2059.pdf
db-vardaf,Kacang Buncis,Lebat - 2,749/Kpts/TP.240/6/1999,1999,sayuran/pangan semusim,404,https://perbenihanhorti.id/proseed/uploads/deskripsi/2060.pdf
db-vardaf,Kacang Buncis,Lebat - 3,748/Kpts/TP.240/6/1999,1999,sayuran/pangan semusim,404,https://perbenihanhorti.id/proseed/uploads/deskripsi/2061.pdf
db-vardaf,Cabai Rawit,Pelita,873/Kpts/TP.240/7/1999,1999,sayuran/pangan semusim,404,https://perbenihanhorti.id/proseed/uploads/deskripsi/2087.pdf
db-vardaf,Cabai Rawit,Bara,874/Kpts/TP.240/7/1999,1999,sayuran/pangan semusim,404,https://perbenihanhorti.id/proseed/uploads/deskripsi/2088.pdf
db-vardaf,Cabai Besar,Prabu F1,866/Kpts/TP.240/7/1999,1999,sayuran/pangan semusim,404,https://perbenihanhorti.id/proseed/uploads/deskripsi/2114.pdf
db-vardaf,Cabai Besar,Maraton,867/Kpts/TP.240/7/1999,1999,sayuran/pangan semusim,404,https://perbenihanhorti.id/proseed/uploads/deskripsi/2115.pdf
db-vardaf,Cabai Besar,Gada,868/Kpts/TP.240/7/1999,1999,sayuran/pangan semusim,404,https://perbenihanhorti.id/proseed/uploads/deskripsi/2116.pdf
db-vardaf,Cabai Besar,Kresna,869/Kpts/TP.240/7/1999,1999,sayuran/pangan semusim,404,https://perbenihanhorti.id/proseed/uploads/deskripsi/2117.pdf
db-vardaf,Cabai Keriting,Taro,870/Kpts/TP.240/7/1999,1999,sayuran/pangan semusim,404,https://perbenihanhorti.id/proseed/uploads/deskripsi/2193.pdf
db-vardaf,Cabai Keriting,Salero,871/Kpts/TP.240/7/1999,1999,sayuran/pangan semusim,404,https://perbenihanhorti.id/proseed/uploads/deskripsi/2194.pdf
db-vardaf,Cabai Keriting,Laris,872/Kpts/TP.240/7/1999,1999,sayuran/pangan semusim,404,https://perbenihanhorti.id/proseed/uploads/deskripsi/2195.pdf
db-vardaf,Kacang Panjang,Merah Putih Super,721/Kpts/TP.240/6/1999,1999,sayuran/pangan semusim,404,https://perbenihanhorti.id/proseed/uploads/deskripsi/2317.pdf
db-vardaf,Kacang Panjang,Hijau Super,722/Kpts/TP.240/6/1999,1999,sayuran/pangan semusim,404,https://perbenihanhorti.id/proseed/uploads/deskripsi/2318.pdf
db-vardaf,Kacang Panjang,Putih Super,723/Kpts/TP.240/6/1999,1999,sayuran/pangan semusim,404,https://perbenihanhorti.id/proseed/uploads/deskripsi/2319.pdf
db-vardaf,Kacang Panjang,Lurik Super,724/Kpts/TP.240/6/1999,1999,sayuran/pangan semusim,404,https://perbenihanhorti.id/proseed/uploads/deskripsi/2320.pdf
db-vardaf,Kacang Panjang,Biji Hitam Super,725/Kpts/TP.240/6/1999,1999,sayuran/pangan semusim,404,https://perbenihanhorti.id/proseed/uploads/deskripsi/2321.pdf
db-vardaf,Kacang Panjang,Biji Putih Super,726/Kpts/TP.240/6/1999,1999,sayuran/pangan semusim,404,https://perbenihanhorti.id/proseed/uploads/deskripsi/2322.pdf
db-vardaf,Kacang Panjang,777,727/Kpts/TP.240/6/1999,1999,sayuran/pangan semusim,404,https://perbenihanhorti.id/proseed/uploads/deskripsi/2323.pdf
db-vardaf,Kubis,Kubindo - 1,751/Kpts/TP.240/6/1999,1999,sayuran/pangan semusim,404,https://perbenihanhorti.id/proseed/uploads/deskripsi/2453.pdf
db-vardaf,Kubis,Kubindo - 2,752/Kpts/TP.240/6/1999,1999,sayuran/pangan semusim,404,https://perbenihanhorti.id/proseed/uploads/deskripsi/2454.pdf
db-vardaf,Kubis,Kubindo - 3,753/Kpts/TP.240/6/1999,1999,sayuran/pangan semusim,404,https://perbenihanhorti.id/proseed/uploads/deskripsi/2455.pdf
db-vardaf,Kubis,Kubindo - 4,754/Kpts/TP.240/6/1999,1999,sayuran/pangan semusim,404,https://perbenihanhorti.id/proseed/uploads/deskripsi/2456.pdf
db-vardaf,Mentimun,Timundo - 01,728/Kpts/TP.240/6/1999,1999,sayuran/pangan semusim,404,https://perbenihanhorti.id/proseed/uploads/deskripsi/2558.pdf
db-vardaf,Mentimun,Timundo - 02,729/Kpts/TP.240/6/1999,1999,sayuran/pangan semusim,404,https://perbenihanhorti.id/proseed/uploads/deskripsi/2559.pdf
db-vardaf,Mentimun,Timundo - 03,730/Kpts/TP.240/6/1999,1999,sayuran/pangan semusim,404,https://perbenihanhorti.id/proseed/uploads/deskripsi/2560.pdf
db-vardaf,Mentimun,Timundo - 04,731/Kpts/TP.240/6/1999,1999,sayuran/pangan semusim,404,https://perbenihanhorti.id/proseed/uploads/deskripsi/2561.pdf
db-vardaf,Mentimun,Timundo - 05,732/Kpts/TP.240/6/1999,1999,sayuran/pangan semusim,404,https://perbenihanhorti.id/proseed/uploads/deskripsi/2562.pdf
db-vardaf,Mentimun,Timundo - 06,733/Kpts/TP.240/6/1999,1999,sayuran/pangan semusim,404,https://perbenihanhorti.id/proseed/uploads/deskripsi/2563.pdf
db-vardaf,Mentimun,Timundo - 07,734/Kpts/TP.240/6/1999,1999,sayuran/pangan semusim,404,https://perbenihanhorti.id/proseed/uploads/deskripsi/2564.pdf
db-vardaf,Mentimun,Timundo - 08,735/Kpts/TP.240/6/1999,1999,sayuran/pangan semusim,404,https://perbenihanhorti.id/proseed/uploads/deskripsi/2565.pdf
db-vardaf,Mentimun,Timundo - 09,736/Kpts/TP.240/6/1999,1999,sayuran/pangan semusim,404,https://perbenihanhorti.id/proseed/uploads/deskripsi/2566.pdf
db-vardaf,Mentimun,Timundo - 10,737/Kpts/TP.240/6/1999,1999,sayuran/pangan semusim,404,https://perbenihanhorti.id/proseed/uploads/deskripsi/2567.pdf
db-vardaf,Mentimun,Timundo - 11,738/Kpts/TP.240/6/1999,1999,sayuran/pangan semusim,404,https://perbenihanhorti.id/proseed/uploads/deskripsi/2568.pdf
db-vardaf,Mentimun,Timundo - 12,739/Kpts/TP.240/6/1999,1999,sayuran/pangan semusim,404,https://perbenihanhorti.id/proseed/uploads/deskripsi/2569.pdf
db-vardaf,Mentimun,Saturnus,740/Kpts/TP.240/6/1999,1999,sayuran/pangan semusim,404,https://perbenihanhorti.id/proseed/uploads/deskripsi/2570.pdf
db-vardaf,Mentimun,Mars,741/Kpts/TP.240/6/1999,1999,sayuran/pangan semusim,404,https://perbenihanhorti.id/proseed/uploads/deskripsi/2571.pdf
db-vardaf,Mentimun,Pluto,742/Kpts/TP.240/6/1999,1999,sayuran/pangan semusim,404,https://perbenihanhorti.id/proseed/uploads/deskripsi/2572.pdf
db-vardaf,Sawi putih / Petsai,Petsindo - 01,755/Kpts/TP.240/6/1999,1999,sayuran/pangan semusim,404,https://perbenihanhorti.id/proseed/uploads/deskripsi/2741.pdf
db-vardaf,Sawi putih / Petsai,Petsindo - 02,756/Kpts/TP.240/6/1999,1999,sayuran/pangan semusim,404,https://perbenihanhorti.id/proseed/uploads/deskripsi/2742.pdf
db-vardaf,Sawi putih / Petsai,Petsindo - 03,757/Kpts/TP.240/6/1999,1999,sayuran/pangan semusim,404,https://perbenihanhorti.id/proseed/uploads/deskripsi/2743.pdf
db-vardaf,Sawi putih / Petsai,Petsindo - 04,758/Kpts/TP.240/6/1999,1999,sayuran/pangan semusim,404,https://perbenihanhorti.id/proseed/uploads/deskripsi/2744.pdf
db-vardaf,Sawi putih / Petsai,Petsindo - 05,759/Kpts/TP.240/6/1999,1999,sayuran/pangan semusim,404,https://perbenihanhorti.id/proseed/uploads/deskripsi/2745.pdf
db-vardaf,Terong,Fortuna,875/Kpts/TP.240/7/1999,1999,sayuran/pangan semusim,404,https://perbenihanhorti.id/proseed/uploads/deskripsi/2795.pdf
db-vardaf,Terong,Benteng,876/Kpts/TP.240/7/1999,1999,sayuran/pangan semusim,404,https://perbenihanhorti.id/proseed/uploads/deskripsi/2796.pdf
db-vardaf,Terong,Mustang F1,877/Kpts/TP.240/7/1999,1999,sayuran/pangan semusim,404,https://perbenihanhorti.id/proseed/uploads/deskripsi/2797.pdf
db-vardaf,Tomat,Kaliurang,711/Kpts/TP.240/6/1999,1999,sayuran/pangan semusim,404,https://perbenihanhorti.id/proseed/uploads/deskripsi/2841.pdf
db-vardaf,Tomat,Zamrud,712/Kpts/TP.240/6/1999,1999,sayuran/pangan semusim,404,https://perbenihanhorti.id/proseed/uploads/deskripsi/2842.pdf
db-vardaf,Tomat,Opal,713/Kpts/TP.240/6/1999,1999,sayuran/pangan semusim,404,https://perbenihanhorti.id/proseed/uploads/deskripsi/2843.pdf
db-vardaf,Tomat,Mirah,714/Kpts/TP.240/6/1999,1999,sayuran/pangan semusim,404,https://perbenihanhorti.id/proseed/uploads/deskripsi/2844.pdf
db-vardaf,Tomat,Tomindo - 1,715/Kpts/TP.240/6/1999,1999,sayuran/pangan semusim,404,https://perbenihanhorti.id/proseed/uploads/deskripsi/2845.pdf
db-vardaf,Tomat,Tomindo - 2,716/Kpts/TP.240/6/1999,1999,sayuran/pangan semusim,404,https://perbenihanhorti.id/proseed/uploads/deskripsi/2846.pdf
db-vardaf,Tomat,Tomindo - 3,717/Kpts/TP.240/6/1999,1999,sayuran/pangan semusim,404,https://perbenihanhorti.id/proseed/uploads/deskripsi/2847.pdf
db-vardaf,Tomat,Tomindo - 4,718/Kpts/TP.240/6/1999,1999,sayuran/pangan semusim,404,https://perbenihanhorti.id/proseed/uploads/deskripsi/2848.pdf
db-vardaf,Tomat,Tomindo - 5,719/Kpts/TP.240/6/1999,1999,sayuran/pangan semusim,404,https://perbenihanhorti.id/proseed/uploads/deskripsi/2849.pdf
db-vardaf,Tomat,Tomindo - 6,720/Kpts/TP.240/6/1999,1999,sayuran/pangan semusim,404,https://perbenihanhorti.id/proseed/uploads/deskripsi/2850.pdf
db-vardaf,Tomat,Arthaloka,878/Kpts/TP.240/7/1999,1999,sayuran/pangan semusim,404,https://perbenihanhorti.id/proseed/uploads/deskripsi/2851.pdf
db-vardaf,Tomat,Idola,879/Kpts/TP.240/7/1999,1999,sayuran/pangan semusim,404,https://perbenihanhorti.id/proseed/uploads/deskripsi/2852.pdf
db-vardaf,Tomat,Presto,880/Kpts/TP.240/7/1999,1999,sayuran/pangan semusim,404,https://perbenihanhorti.id/proseed/uploads/deskripsi/2853.pdf
db-vardaf,Tomat,Mitra,881/Kpts/TP.240/7/1999,1999,sayuran/pangan semusim,404,https://perbenihanhorti.id/proseed/uploads/deskripsi/2854.pdf
db-vardaf,Tomat,Permata,882/Kpts/TP.240/7/1999,1999,sayuran/pangan semusim,404,https://perbenihanhorti.id/proseed/uploads/deskripsi/2855.pdf
db-vardaf,Tomat,Safira F1,136/Kpts/TP.240/3/1999,1999,sayuran/pangan semusim,404,https://perbenihanhorti.id/proseed/uploads/deskripsi/2856.pdf
db-vardaf,Tomat,Jelita,137/Kpts/TP.240/3/1999,1999,sayuran/pangan semusim,404,https://perbenihanhorti.id/proseed/uploads/deskripsi/2857.pdf
db-vardaf,Kacang Tunggak,KT -6,873/Kpts/TP.240/11/1998,1998,sayuran/pangan semusim,404,https://perbenihanhorti.id/proseed/uploads/deskripsi/2387.pdf
db-vardaf,Kacang Tunggak,KT -7,872/Kpts/TP.240/11/1998,1998,sayuran/pangan semusim,404,https://perbenihanhorti.id/proseed/uploads/deskripsi/2388.pdf
db-vardaf,Kacang Tunggak,KT -8,871/Kpts/TP.240/11/1998,1998,sayuran/pangan semusim,404,https://perbenihanhorti.id/proseed/uploads/deskripsi/2389.pdf
db-vardaf,Kacang Tunggak,KT -9,870/Kpts/TP.240/11/1998,1998,sayuran/pangan semusim,404,https://perbenihanhorti.id/proseed/uploads/deskripsi/2390.pdf
db-vardaf,Melon,Melindo - 1,1058/Kpts/TP.240/12/1997,1997,sayuran/pangan semusim,404,https://perbenihanhorti.id/proseed/uploads/deskripsi/3265.pdf
db-vardaf,Melon,Melindo - 2,1059/Kpts/TP.240/12/1997,1997,sayuran/pangan semusim,404,https://perbenihanhorti.id/proseed/uploads/deskripsi/3266.pdf
db-vardaf,Melon,Melindo - 3,1060/Kpts/TP.240/12/1997,1997,sayuran/pangan semusim,404,https://perbenihanhorti.id/proseed/uploads/deskripsi/3267.pdf
db-vardaf,Melon,Melindo - 4,1061/Kpts/TP.240/12/1997,1997,sayuran/pangan semusim,404,https://perbenihanhorti.id/proseed/uploads/deskripsi/3268.pdf
db-vardaf,Melon,Melindo - 5,1062/Kpts/TP.240/12/1997,1997,sayuran/pangan semusim,404,https://perbenihanhorti.id/proseed/uploads/deskripsi/3269.pdf
db-vardaf,Melon,Melindo - 6,1063/Kpts/TP.240/12/1997,1997,sayuran/pangan semusim,404,https://perbenihanhorti.id/proseed/uploads/deskripsi/3270.pdf
db-vardaf,Semangka,Semindo - 1,1048/Kpts/TP.240/12/1997,1997,sayuran/pangan semusim,404,https://perbenihanhorti.id/proseed/uploads/deskripsi/3454.pdf
db-vardaf,Semangka,Semindo - 2,1049/Kpts/TP.240/12/1997,1997,sayuran/pangan semusim,404,https://perbenihanhorti.id/proseed/uploads/deskripsi/3455.pdf
db-vardaf,Semangka,Semindo - 3,1050/Kpts/TP.240/12/1997,1997,sayuran/pangan semusim,404,https://perbenihanhorti.id/proseed/uploads/deskripsi/3456.pdf
db-vardaf,Semangka,Semindo - 4,1051/Kpts/TP.240/12/1997,1997,sayuran/pangan semusim,404,https://perbenihanhorti.id/proseed/uploads/deskripsi/3457.pdf
db-vardaf,Semangka,Semindo - 5,1052/Kpts/TP.240/12/1997,1997,sayuran/pangan semusim,404,https://perbenihanhorti.id/proseed/uploads/deskripsi/3458.pdf
db-vardaf,Semangka,Semindo - 6,1053/Kpts/TP.240/12/1997,1997,sayuran/pangan semusim,404,https://perbenihanhorti.id/proseed/uploads/deskripsi/3459.pdf
db-vardaf,Semangka,Semindo - 7,1054/Kpts/TP.240/12/1997,1997,sayuran/pangan semusim,404,https://perbenihanhorti.id/proseed/uploads/deskripsi/3460.pdf
db-vardaf,Semangka,Setabindo - 1,1055/Kpts/TP.240/12/1997,1997,sayuran/pangan semusim,404,https://perbenihanhorti.id/proseed/uploads/deskripsi/3461.pdf
db-vardaf,Semangka,Setabindo - 2,1056/Kpts/TP.240/12/1997,1997,sayuran/pangan semusim,404,https://perbenihanhorti.id/proseed/uploads/deskripsi/3462.pdf
db-vardaf,Semangka,Setabindo - 3,1057/Kpts/TP.240/12/1997,1997,sayuran/pangan semusim,404,https://perbenihanhorti.id/proseed/uploads/deskripsi/3463.pdf
db-vardaf,Bawang Putih,Sangga Sembalun,79/Kpts/TP.240/2/1995,1995,sayuran/pangan semusim,404,https://perbenihanhorti.id/proseed/uploads/deskripsi/2031.pdf
db-vardaf,Cabai Besar,Tampar-2,81/Kpts/TP.240/2/1995,1995,sayuran/pangan semusim,404,https://perbenihanhorti.id/proseed/uploads/deskripsi/2113.pdf
db-vardaf,Cabai Keriting,Tampar-1,82/Kpts/TP.240/2/1995,1995,sayuran/pangan semusim,404,https://perbenihanhorti.id/proseed/uploads/deskripsi/2191.pdf
db-vardaf,Cabai Keriting,Bukit Tinggi,80/Kpts/TP.240/2/1995,1995,sayuran/pangan semusim,404,https://perbenihanhorti.id/proseed/uploads/deskripsi/2192.pdf
db-vardaf,Cabai Besar,Nenggala - 1,573/Kpts/TP.240/7/1994,1994,sayuran/pangan semusim,404,https://perbenihanhorti.id/proseed/uploads/deskripsi/2109.pdf
db-vardaf,Cabai Besar,Tombak - 1,571/Kpts/TP.240/7/1994,1994,sayuran/pangan semusim,404,https://perbenihanhorti.id/proseed/uploads/deskripsi/2110.pdf
db-vardaf,Cabai Besar,Tombak - 2,569/Kpts/TP.240/7/1994,1994,sayuran/pangan semusim,404,https://perbenihanhorti.id/proseed/uploads/deskripsi/2111.pdf
db-vardaf,Cabai Keriting,Cemeti - 1,570/Kpts/TP.240/7/1994,1994,sayuran/pangan semusim,404,https://perbenihanhorti.id/proseed/uploads/deskripsi/2112.pdf
db-vardaf,Kacang Tunggak,Nagara,568/Kpts/TP.240/7/1994,1994,sayuran/pangan semusim,404,https://perbenihanhorti.id/proseed/uploads/deskripsi/2386.pdf
db-vardaf,Kentang,Granola L,444/Kpts/TP.240/6/1993,1993,sayuran/pangan semusim,404,https://perbenihanhorti.id/proseed/uploads/deskripsi/2429.pdf
db-vardaf,Kacang Tunggak,KT -4,625/Kpts/TP.240/11/1992,1992,sayuran/pangan semusim,404,https://perbenihanhorti.id/proseed/uploads/deskripsi/2384.pdf
db-vardaf,Kacang Tunggak,KT -5,626/Kpts/TP.240/11/1992,1992,sayuran/pangan semusim,404,https://perbenihanhorti.id/proseed/uploads/deskripsi/2385.pdf
db-vardaf,Kacang Panjang,Usus Hijau,119/Kpts/TP.240/3/1991,1991,sayuran/pangan semusim,404,https://perbenihanhorti.id/proseed/uploads/deskripsi/2316.pdf
db-vardaf,Kacang Tunggak,KT -2,117/Kpts/TP.240/3/1991,1991,sayuran/pangan semusim,404,https://perbenihanhorti.id/proseed/uploads/deskripsi/2382.pdf
db-vardaf,Kacang Tunggak,KT -3,118/Kpts/TP.240/3/1991,1991,sayuran/pangan semusim,404,https://perbenihanhorti.id/proseed/uploads/deskripsi/2383.pdf
db-vardaf,Bawang Putih,Tawangmangu Baru,771/Kpts/TP.240/11/1989,1989,sayuran/pangan semusim,404,https://perbenihanhorti.id/proseed/uploads/deskripsi/2030.pdf
db-vardaf,Bawang Putih,Lumbu Putih,273/Kpts/TP.240/4/1988,1988,sayuran/pangan semusim,404,https://perbenihanhorti.id/proseed/uploads/deskripsi/2029.pdf
db-vardaf,Kentang,Segunung,13/Kpts/TP.240/1/1987,1987,sayuran/pangan semusim,404,https://perbenihanhorti.id/proseed/uploads/deskripsi/2428.pdf
db-vardaf,Tomat,Mutiara,14/Kpts/TP.240/1/1987,1987,sayuran/pangan semusim,404,https://perbenihanhorti.id/proseed/uploads/deskripsi/2840.pdf
db-vardaf,Kacang Panjang,KP 1,154/Kpts/TP.240/3/1985,1985,sayuran/pangan semusim,404,https://perbenihanhorti.id/proseed/uploads/deskripsi/2314.pdf
db-vardaf,Kacang Panjang,KP 2,155/Kpts/TP.240/3/1985,1985,sayuran/pangan semusim,404,https://perbenihanhorti.id/proseed/uploads/deskripsi/2315.pdf
db-vardaf,Kacang Tunggak,KT -1,153/Kpts/TP.240/3/1985,1985,sayuran/pangan semusim,404,https://perbenihanhorti.id/proseed/uploads/deskripsi/2381.pdf
db-vardaf,Bawang Merah,Bima Brebes,594/Kpts/TP.240/8/1984,1984,sayuran/pangan semusim,404,https://perbenihanhorti.id/proseed/uploads/deskripsi/194.pdf
db-vardaf,Bawang Merah,Medan,595/Kpts/TP.240/8/1984,1984,sayuran/pangan semusim,404,https://perbenihanhorti.id/proseed/uploads/deskripsi/186.pdf
db-vardaf,Bawang Merah,Keling,596/Kpts/TP.240/8/1984,1984,sayuran/pangan semusim,404,https://perbenihanhorti.id/proseed/uploads/deskripsi/187.pdf
db-vardaf,Bawang Merah,Maja Cipanas,597/Kpts/TP.240/8/1984,1984,sayuran/pangan semusim,404,https://perbenihanhorti.id/proseed/uploads/deskripsi/2010.pdf
db-vardaf,Bawang Putih,Lumbu Hijau,894/Kpts/TP.240/11/1984,1984,sayuran/pangan semusim,404,https://perbenihanhorti.id/proseed/uploads/deskripsi/2027.pdf
db-vardaf,Bawang Putih,Lumbu Kuning,895/Kpts/TP.240/11/1984,1984,sayuran/pangan semusim,404,https://perbenihanhorti.id/proseed/uploads/deskripsi/2028.pdf
db-vardaf,Bayam,Giti Merah,337/Kpts/TP.240/7/1984,1984,sayuran/pangan semusim,404,https://perbenihanhorti.id/proseed/uploads/deskripsi/2032.pdf
db-vardaf,Bayam,Giti Hijau,437/Kpts/TP.240/7/1984,1984,sayuran/pangan semusim,404,https://perbenihanhorti.id/proseed/uploads/deskripsi/2033.pdf
db-vardaf,Kangkung,Sutera,436/Kpts/TP.240/7/1984,1984,sayuran/pangan semusim,404,https://perbenihanhorti.id/proseed/uploads/deskripsi/2398.pdf
db-vardaf,Sawi putih / Petsai,Granat Cipanas,439/Kpts/TP.240/7/1984,1984,sayuran/pangan semusim,404,https://perbenihanhorti.id/proseed/uploads/deskripsi/2738.pdf
db-vardaf,Sawi putih / Petsai,Talaud,440/Kpts/TP.240/7/1984,1984,sayuran/pangan semusim,404,https://perbenihanhorti.id/proseed/uploads/deskripsi/2739.pdf
db-vardaf,Sawi putih / Petsai,Sangihe,441/Kpts/TP.240/7/1984,1984,sayuran/pangan semusim,404,https://perbenihanhorti.id/proseed/uploads/deskripsi/2740.pdf
db-vardaf,Tomat,Berlian,442/Kpts/UM/7/1984,1984,sayuran/pangan semusim,404,https://perbenihanhorti.id/proseed/uploads/deskripsi/2839.pdf
db-vardaf,Kentang,Cipanas,154/Kpts/UM/3/1980,1980,sayuran/pangan semusim,404,https://perbenihanhorti.id/proseed/uploads/deskripsi/2426.pdf
db-vardaf,Kentang,Cosima,164/Kpts/UM/3/1980,1980,sayuran/pangan semusim,404,https://perbenihanhorti.id/proseed/uploads/deskripsi/2427.pdf
db-vardaf,Tomat,Intan,99/Kpts/UM/2/1980,1980,sayuran/pangan semusim,404,https://perbenihanhorti.id/proseed/uploads/deskripsi/2837.pdf
db-vardaf,Tomat,Ratna,100/Kpts/UM/2/1980,1980,sayuran/pangan semusim,404,https://perbenihanhorti.id/proseed/uploads/deskripsi/2838.pdf
db-varsan,Slada,Verdana,,,sayuran/pangan semusim,404,https://perbenihanhorti.id/proseed/uploads/414/2023-06/c83a61babcf200038e1b0ccadad5fb10.pdf
db-varsan,Brokoli,Kleo,,,sayuran/pangan semusim,404,https://perbenihanhorti.id/proseed/uploads/414/2023-06/ea1e668970f7476b08d58bdb3164f7e5.pdf
db-varsan,Cabai Keriting,Pesona IPB,,,sayuran/pangan semusim,404,https://perbenihanhorti.id/proseed/uploads/414/2023-06/84f959a681b1f9d9771cec2376d4717d.pdf
db-varsan,Sawi putih / Petsai,ACC 10,,,sayuran/pangan semusim,404,https://perbenihanhorti.id/proseed/uploads/414/2023-06/8fa2b02ce23527ddb708f3ba56d5d0ac.pdf
db-varsan,Tomat,TO-21002,,,sayuran/pangan semusim,404,https://perbenihanhorti.id/proseed/uploads/414/2023-06/f4ed745a0d9495c332bc627e7911427d.pdf
db-varsan,Mentimun,CU ASA 015,,,sayuran/pangan semusim,404,https://perbenihanhorti.id/proseed/uploads/414/2023-06/28853bc5abd2a832e96c44ace663cf50.pdf
db-varsan,Mentimun,Aura MTL 07,,,sayuran/pangan semusim,404,https://perbenihanhorti.id/proseed/uploads/414/2023-06/317a15889ac707151eed32e05f191908.pdf
db-varsan,Mentimun,Aura MTL 05,,,sayuran/pangan semusim,404,https://perbenihanhorti.id/proseed/uploads/414/2023-06/f30fe90b50b35584e06cb3c6f41df35c.pdf
db-varsan,Oyong / Gambas,OY215,,,sayuran/pangan semusim,404,https://perbenihanhorti.id/proseed/uploads/414/2023-05/946f6588b0a621a7475c9149806c8ed6.pdf
db-varsan,Terong,TE 375,,,sayuran/pangan semusim,404,https://perbenihanhorti.id/proseed/uploads/414/2023-05/1c22253f764283efa6ba598fc0d69360.pdf
db-varsan,Kentang,BISI PO 02,,,sayuran/pangan semusim,404,https://perbenihanhorti.id/proseed/uploads/414/2023-05/d33792d13e27c37e1a07e52a0c4a65ab.pdf
db-varsan,Semangka,ST313,,,sayuran/pangan semusim,404,https://perbenihanhorti.id/proseed/uploads/414/2023-05/6f4b64597b0ea7459aff0bb30d57f9e6.pdf
db-varsan,Semangka,SK57,,,sayuran/pangan semusim,404,https://perbenihanhorti.id/proseed/uploads/414/2023-05/30b8b56d3f90981c253b6ed39a49e64a.pdf
db-varsan,Tomat,TO 3164,,,sayuran/pangan semusim,404,https://perbenihanhorti.id/proseed/uploads/414/2023-05/c3df6008656d713ac4927bcacbf258bd.pdf
db-varsan,Tomat,TO 9231,,,sayuran/pangan semusim,404,https://perbenihanhorti.id/proseed/uploads/414/2023-05/47231788a48c17cbee295ecd5be9ab3a.pdf
db-varsan,Cabai Keriting,Inni Gochu K,,,sayuran/pangan semusim,404,https://perbenihanhorti.id/proseed/uploads/414/2023-05/da224fb25a8821eda93064afb942c39f.pdf
db-varsan,Cabai Rawit,LS 148,,,sayuran/pangan semusim,404,https://perbenihanhorti.id/proseed/uploads/414/2023-05/6b3adc0764342d896e069302f62ec93e.pdf
db-varsan,Sawi Sendok/Pak Choi,Astri,,,sayuran/pangan semusim,404,https://perbenihanhorti.id/proseed/uploads/414/2023-04/349b9a01bbe07b290bec0963b0419a6e.pdf
db-varsan,Cabai Besar,F1 Cafaci 4 Agrihorti,,,sayuran/pangan semusim,404,https://perbenihanhorti.id/proseed/uploads/414/2023-04/8ba054c9318785a31af88f69c3ba8593.pdf
db-varsan,Melon,ME ASA 1445,,,sayuran/pangan semusim,404,https://perbenihanhorti.id/proseed/uploads/414/2023-04/98c23ce8a38424816bf1680e7c500c3d.pdf
db-varsan,Melon,MEASA 1778,,,sayuran/pangan semusim,404,https://perbenihanhorti.id/proseed/uploads/414/2023-05/a2a44fdae4fc14e592ca3c966648d1a7.pdf
db-varsan,Bayam,BBW 24,,,sayuran/pangan semusim,404,https://perbenihanhorti.id/proseed/uploads/414/2023-03/b18571d54e29d8837b609d8f30ded78d.pdf
db-varsan,Bayam,BHW 175,,,sayuran/pangan semusim,404,https://perbenihanhorti.id/proseed/uploads/414/2023-03/31077d96f8ccf23610a4ddcc2a168d7e.pdf
db-varsan,Bayam,BMW 79,,,sayuran/pangan semusim,404,https://perbenihanhorti.id/proseed/uploads/414/2023-03/9a8c5a7558a58019e1b6c847eb7f939e.pdf
db-varsan,Kangkung,KKW 66,,,sayuran/pangan semusim,404,https://perbenihanhorti.id/proseed/uploads/414/2023-03/74c3106ff82158bf7437de99d8f0b8d6.pdf
db-varsan,Sawi Sendok/Pak Choi,SSW 19,,,sayuran/pangan semusim,404,https://perbenihanhorti.id/proseed/uploads/414/2023-03/9ad021ab22359606ba88ca037517b804.pdf
db-varsan,Terong,TRW 704,,,sayuran/pangan semusim,404,https://perbenihanhorti.id/proseed/uploads/414/2023-03/2d50f95c2b3ffc933c7e8d8a52196590.pdf
db-varsan,Kubis Bunga,BK 395,,,sayuran/pangan semusim,404,https://perbenihanhorti.id/proseed/uploads/414/2023-03/2ccf626b5940dcf80e8882c0507b4311.pdf
db-varsan,SAWI,CB 255,,,sayuran/pangan semusim,404,https://perbenihanhorti.id/proseed/uploads/414/2023-03/cb857aea7240fb61cc5824f9ac33f147.pdf
db-varsan,Cabai Rawit,Tiung Tanjung,,,sayuran/pangan semusim,404,https://perbenihanhorti.id/proseed/uploads/414/2023-03/2d48bb462fdd77e78daed7fd642ae120.pdf
db-varsan,Cabai Rawit,CRPT 20,,,sayuran/pangan semusim,404,https://perbenihanhorti.id/proseed/uploads/414/2023-03/d26420d76ef70b7a467c0f6310933914.pdf
db-varsan,Paria,BGA ASA 034,,,sayuran/pangan semusim,404,https://perbenihanhorti.id/proseed/uploads/414/2023-03/e5e7ce6702b1adfbeea3e64cf781dff5.pdf
db-varsan,Blewah,BLW ASA 1468,,,sayuran/pangan semusim,404,https://perbenihanhorti.id/proseed/uploads/414/2023-03/a3641a1aa56184c95f65ac816257f614.pdf
db-varsan,Semangka,SK 68,,,sayuran/pangan semusim,404,https://perbenihanhorti.id/proseed/uploads/414/2023-03/d0e33a5e129bf70d089757a864a78778.pdf
db-varsan,Mentimun Suri,TSK01,,,sayuran/pangan semusim,404,https://perbenihanhorti.id/proseed/uploads/414/2023-03/8bae71b87e8c80d64190549e128c9965.pdf
db-varsan,Terong,MR Hijau,,,sayuran/pangan semusim,404,https://perbenihanhorti.id/proseed/uploads/414/2023-02/d2c9185a18b9eeec91b5a49a72dbeff6.pdf
db-varsan,Semangka,Melviano,,,sayuran/pangan semusim,404,https://perbenihanhorti.id/proseed/uploads/414/2023-02/58ff1be8484cddd620e762ac97bf6586.pdf
db-varsan,Semangka,Muthia,,,sayuran/pangan semusim,404,https://perbenihanhorti.id/proseed/uploads/414/2023-02/fa5d1f9065e05063088c17336014140d.pdf
db-varsan,Sawi Sendok/Pak Choi,PC HFQC003,,,sayuran/pangan semusim,404,https://perbenihanhorti.id/proseed/uploads/414/2023-02/6f8a4caf305f2c3de0a73f45a0ede890.pdf
db-varsan,Semangka,Pujor,,,sayuran/pangan semusim,404,https://perbenihanhorti.id/proseed/uploads/414/2023-02/9e6d12e80a40f8e1ba756539202cc0fe.pdf
db-varsan,Cabai Besar,Rumpun,,,sayuran/pangan semusim,404,https://perbenihanhorti.id/proseed/uploads/414/2023-02/d284b3c7b81c17d2bd90db66cdacb788.pdf
db-varsan,Cabai Rawit,Feira IPB,,,sayuran/pangan semusim,404,https://perbenihanhorti.id/proseed/uploads/414/2023-02/1108dc108d1a6ac4adaa3791f4c7b54e.pdf
db-varsan,Tomat,TO3918,,,sayuran/pangan semusim,404,https://perbenihanhorti.id/proseed/uploads/414/2023-02/edb2f29c41f789b5d56632df4976ec3d.pdf
db-varsan,Slada,HLE 4702,,,sayuran/pangan semusim,404,https://perbenihanhorti.id/proseed/uploads/414/2023-02/dec67619d419590a7df885d5cfe1531a.pdf
db-varsan,Kangkung,HKK 02,,,sayuran/pangan semusim,404,https://perbenihanhorti.id/proseed/uploads/414/2023-02/f5d6a5ec1cad85f670e0683155405327.pdf
db-varsan,Kacang Koro,KRO 1,,,sayuran/pangan semusim,404,https://perbenihanhorti.id/proseed/uploads/414/2023-02/06c6d8ead402cc17cd7ea8731548e20d.pdf
db-varsan,Kubis,Kubida,,,sayuran/pangan semusim,404,https://perbenihanhorti.id/proseed/uploads/414/2023-02/fa9162df19c1043657312620cfde767e.pdf
db-varsan,Kubis,Kubisa,,,sayuran/pangan semusim,404,https://perbenihanhorti.id/proseed/uploads/414/2023-02/1363ad186f7dddbceffe31eb07483579.pdf
db-varsan,Tomat,Elip,,,sayuran/pangan semusim,404,https://perbenihanhorti.id/proseed/uploads/414/2023-03/e78bdc5882f45df9a45e9f346cbec34d.pdf
db-varsan,Kacang Panjang,JS KCP 01,,,sayuran/pangan semusim,404,https://perbenihanhorti.id/proseed/uploads/414/2023-01/a452491a37057adb3c6dee9f0af1c19e.pdf
db-varsan,Tomat,TO 3127,,,sayuran/pangan semusim,404,https://perbenihanhorti.id/proseed/uploads/414/2023-01/51f3105ce047433645255d419c0b5688.pdf
db-varsan,Bawang Putih,Berkah,,,sayuran/pangan semusim,404,https://perbenihanhorti.id/proseed/uploads/414/2023-01/1408153daa03c1a68bae7a92066c5572.pdf
db-varsan,Mentimun,Mini Owi A,,,sayuran/pangan semusim,404,https://perbenihanhorti.id/proseed/uploads/414/2023-01/439237197c8604f30393b6ffe078f467.pdf
db-varsan,Mentimun,Mini Owi B,,,sayuran/pangan semusim,404,https://perbenihanhorti.id/proseed/uploads/414/2023-01/6a120307613786a405327a1632057c33.pdf
db-varsan,Cabai Besar,Biocarning-Agrihorti,,,sayuran/pangan semusim,404,https://perbenihanhorti.id/proseed/uploads/414/2023-01/179466acb69be3ddf086bfc9be724350.pdf
db-varsan,Tomat,TO 2085,,,sayuran/pangan semusim,404,https://perbenihanhorti.id/proseed/uploads/414/2022-12/87276d7c96434ee679ee027f12fd842c.pdf
db-varsan,Melon,KMA003,,,sayuran/pangan semusim,404,https://perbenihanhorti.id/proseed/uploads/414/2022-12/6c6845c704398604de8030bb515b4837.pdf
db-varsan,Cabai Rawit,YSCR388,,,sayuran/pangan semusim,404,https://perbenihanhorti.id/proseed/uploads/414/2022-12/3431e8168d6e69023096dc426b87b3c5.pdf
db-varsan,Mentimun,YSKE673,,,sayuran/pangan semusim,404,https://perbenihanhorti.id/proseed/uploads/414/2022-12/514de3395b8caedf793308990444458e.pdf
db-varsan,Terong,YSTA073,,,sayuran/pangan semusim,404,https://perbenihanhorti.id/proseed/uploads/414/2022-12/77c473ca20d8257ae1f8d3b273721bbe.pdf
db-varsan,Semangka,SE 552,,,sayuran/pangan semusim,404,https://perbenihanhorti.id/proseed/uploads/414/2022-12/5bf36f6887ce6eefa74ab61c5a5ab67b.pdf
db-varsan,Kacang Buncis,BU 192,,,sayuran/pangan semusim,404,https://perbenihanhorti.id/proseed/uploads/414/2022-12/0f81cdc619f2511bb4109f47f254b1f5.pdf
db-varsan,Kacang Buncis,BU 250,,,sayuran/pangan semusim,404,https://perbenihanhorti.id/proseed/uploads/414/2022-12/c2d774fe09a64810d5143059552cda29.pdf
db-varsan,Mentimun,KE 441,,,sayuran/pangan semusim,404,https://perbenihanhorti.id/proseed/uploads/414/2022-12/81b386c808b0b49189d3c3912314c8d0.pdf
db-varsan,Paria,PA 939,,,sayuran/pangan semusim,404,https://perbenihanhorti.id/proseed/uploads/414/2022-12/431be5070e91a4334b03ad6d4b968306.pdf
db-varsan,Bawang Merah,BM 9008,,,sayuran/pangan semusim,404,https://perbenihanhorti.id/proseed/uploads/414/2022-12/0f371d089b83cb84e8e10ebe28239819.pdf
db-varsan,Tomat,TO 3342,,,sayuran/pangan semusim,404,https://perbenihanhorti.id/proseed/uploads/414/2022-12/68040069becdb6c124727f53b2b93d00.pdf
db-varsan,Kangkung,JS KA 02,,,sayuran/pangan semusim,404,https://perbenihanhorti.id/proseed/uploads/414/2022-12/1791fa57ce70e145c48a9e2da1417486.pdf
db-varsan,Kangkung,JS KA 01,,,sayuran/pangan semusim,404,https://perbenihanhorti.id/proseed/uploads/414/2022-12/601e5bed279b05995f5b62f86abda4ec.pdf
db-varsan,Sawi Sendok/Pak Choi,PC 106,,,sayuran/pangan semusim,404,https://perbenihanhorti.id/proseed/uploads/414/2022-12/ba428e66b5c9a5605977b75c61ebe2a8.pdf
db-varsan,Melon,KMA004,,,sayuran/pangan semusim,404,https://perbenihanhorti.id/proseed/uploads/414/2022-12/7f90af4839d5416d7e95b2ece4997fba.pdf
db-varsan,Jagung Pulut Manis,19ES101,,,sayuran/pangan semusim,404,https://perbenihanhorti.id/proseed/uploads/414/2022-12/0b595e7e1edcc948a7c4f3ea72c4cf9a.pdf
db-varsan,Jagung Pulut Manis,WS12,,,sayuran/pangan semusim,404,https://perbenihanhorti.id/proseed/uploads/414/2022-12/428ef48478ed2e8f4b9b17e489e57226.pdf
db-varsan,Jagung Pulut Manis,PS12,,,sayuran/pangan semusim,404,https://perbenihanhorti.id/proseed/uploads/414/2022-12/4a985ef2c097874c12a561911900ed82.pdf
db-varsan,Jagung Manis,YS12,,,sayuran/pangan semusim,404,https://perbenihanhorti.id/proseed/uploads/414/2022-12/3607d7260d3b7dd207fed3e4fa950af6.pdf
db-varsan,Terong,Tenuda,,,sayuran/pangan semusim,404,https://perbenihanhorti.id/proseed/uploads/414/2022-12/f7fc1df03ac9380caf7d33b640d94cae.pdf
db-varsan,Terong,Tenusa,,,sayuran/pangan semusim,404,https://perbenihanhorti.id/proseed/uploads/414/2022-12/4a5f6d7a476c5d53b5729e71729be39b.pdf
db-varsan,Semangka,SK 65,,,sayuran/pangan semusim,404,https://perbenihanhorti.id/proseed/uploads/414/2022-12/185564b3ee8150413dbb6a386c08ab62.pdf
db-varsan,Cabai Keriting,TIARA REDCHILL 01,,,sayuran/pangan semusim,404,https://perbenihanhorti.id/proseed/uploads/414/2022-12/12d5d65dc12d9d7858965fd1fe26a5b0.pdf
db-varsan,Kentang,BISI PO 01,,,sayuran/pangan semusim,404,https://perbenihanhorti.id/proseed/uploads/414/2022-12/2c2996636b8c584c86518b6e04eddda4.pdf
db-varsan,Terong,BAS TR 2L41,,,sayuran/pangan semusim,404,https://perbenihanhorti.id/proseed/uploads/414/2022-12/e39cac4c9b39c6c4e58d3c109b7985e6.pdf
db-varsan,Mentimun,BAS TN B552,,,sayuran/pangan semusim,404,https://perbenihanhorti.id/proseed/uploads/414/2022-12/7fd7ceb68c148a093e1df9b289613720.pdf
db-varsan,Mentimun,BAS TN B552,,,sayuran/pangan semusim,404,https://perbenihanhorti.id/proseed/uploads/414/2022-12/1e7ea0788c01f837f97ab859c826ec0d.pdf
db-varsan,Semangka,BAS SM 3389,,,sayuran/pangan semusim,404,https://perbenihanhorti.id/proseed/uploads/414/2022-12/c5d4793cd6c2a13f462dc2d07f75774e.pdf
db-varsan,Lobak,Snow Top,,,sayuran/pangan semusim,404,https://perbenihanhorti.id/proseed/uploads/414/2022-12/16d39043c8d1676773841fa415c65196.pdf
db-varsan,Terong,Summer Joy,,,sayuran/pangan semusim,404,https://perbenihanhorti.id/proseed/uploads/414/2022-12/8e980b1ef6f7c09f6136b2d8f4c76f58.pdf
db-varsan,Tomat,BAS TM 2217,,,sayuran/pangan semusim,404,https://perbenihanhorti.id/proseed/uploads/414/2022-12/cc56cf4478b9f60852025fee377c1192.pdf
db-varsan,Cabai Keriting,BAS CK 1193,,,sayuran/pangan semusim,404,https://perbenihanhorti.id/proseed/uploads/414/2022-12/83eefacb499956982c48d8bb5d53da82.pdf
db-varsan,Semangka,DDG SE 5758,,,sayuran/pangan semusim,404,https://perbenihanhorti.id/proseed/uploads/414/2022-12/15cf3a7571010fc9adeae18a2b28b774.pdf
db-varsan,Melon,Kirani,,,sayuran/pangan semusim,404,https://perbenihanhorti.id/proseed/uploads/414/2022-12/eea8efd7a1f2c1e982e62614cdd82e9d.pdf
db-varsan,Cabai Keriting,Casabe,,,sayuran/pangan semusim,404,https://perbenihanhorti.id/proseed/uploads/414/2022-12/58298f7b3b70e6696e33c5af5debbb6c.pdf
db-varsan,Mentimun,MRPA 01,,,sayuran/pangan semusim,404,https://perbenihanhorti.id/proseed/uploads/414/2022-12/9bbead6939cbfdb91eb1abce9e208918.pdf
db-varsan,Kacang Buncis,BISI BC 08,,,sayuran/pangan semusim,404,https://perbenihanhorti.id/proseed/uploads/414/2022-12/521b96d17cf40c394c5f2d2f84ac1713.pdf
db-varsan,Cabai Keriting,CK ASA 2236,,,sayuran/pangan semusim,404,https://perbenihanhorti.id/proseed/uploads/414/2022-12/b07aa86bcc14b28e18f4c8a5d9cb9c54.pdf
db-varsan,Jagung Manis,RS 8,,,sayuran/pangan semusim,404,https://perbenihanhorti.id/proseed/uploads/414/2022-12/c739fe9981b91cbc4c6629491e0517c3.pdf
db-varsan,Kacang Panjang,ENNO 1464,,,sayuran/pangan semusim,404,https://perbenihanhorti.id/proseed/uploads/varimage/Kacang_Panjang_-_ENNO1464.pdf
db-varsan,Kacang Buncis,ENNO 1466,,,sayuran/pangan semusim,404,https://perbenihanhorti.id/proseed/uploads/varimage/Buncis_-_ENNO1466.pdf
db-varsan,Kubis,Green Gem,,,sayuran/pangan semusim,404,https://perbenihanhorti.id/proseed/uploads/varimage/10__Kubis_Green_Gem.pdf
db-varsan,Melon,ML 329,,,sayuran/pangan semusim,404,https://perbenihanhorti.id/proseed/uploads/varimage/7__Melon_ML_329.pdf
db-varsan,Tomat,TO 3122,,,sayuran/pangan semusim,404,https://perbenihanhorti.id/proseed/uploads/varimage/6__Tomat_TO_3122.pdf
db-varsan,Jagung Manis,JMRPA 01,,,sayuran/pangan semusim,404,https://perbenihanhorti.id/proseed/uploads/varimage/5__Jagung_Manis_JMRPA_01.pdf
db-varsan,Kemangi,YSKM007,,,sayuran/pangan semusim,404,https://perbenihanhorti.id/proseed/uploads/varimage/3__Kemangi_YSKM007.pdf
db-varsan,Cabai Rawit,CR TBM 021,,,sayuran/pangan semusim,404,https://perbenihanhorti.id/proseed/uploads/varimage/7__Cabai_Rawit_CR_TBM_021_-_PT__Tiara_Buana.pdf
db-varsan,Kacang Panjang,Aura KP 1034,,,sayuran/pangan semusim,404,https://perbenihanhorti.id/proseed/uploads/varimage/15__Kacang_Panjang_Aura_KP_1034_-_CV__Aura_Seed.pdf
db-varsan,Melon,Melindo 19,,,sayuran/pangan semusim,404,https://perbenihanhorti.id/proseed/uploads/varimage/13__Melon_Melindo_19_-_PT__BISI.pdf
db-varsan,Melon,Melindo 18,,,sayuran/pangan semusim,404,https://perbenihanhorti.id/proseed/uploads/varimage/14__Melon_Melindo_18_-_PT__BISI.pdf
db-varsan,Mentimun,SSI 212,,,sayuran/pangan semusim,404,https://perbenihanhorti.id/proseed/uploads/varimage/12__Mentimun_SSI_212_-_Supri_Hertanto.pdf
db-varsan,Kacang Panjang,Aura KP 101013,,,sayuran/pangan semusim,404,https://perbenihanhorti.id/proseed/uploads/varimage/11__Kacang_Panjang_Aura_KP_101013_-_CV__Aura_Seed.pdf
db-varsan,Mentimun,Aura MTA 07,,,sayuran/pangan semusim,404,https://perbenihanhorti.id/proseed/uploads/varimage/10__Mentimun_Aura_MTA_07_-_CV__Aura_Seed.pdf
db-varsan,Paria,Aura PA 01D,,,sayuran/pangan semusim,404,https://perbenihanhorti.id/proseed/uploads/varimage/9__Paria_Aura_PA_01D.pdf
db-varsan,Semangka,Kasdem 8,,,sayuran/pangan semusim,404,https://perbenihanhorti.id/proseed/uploads/varimage/8__Semangka_Kasdem_8_-_PT__Winon.pdf
db-varsan,Mentimun,19CUI75513,,,sayuran/pangan semusim,404,https://perbenihanhorti.id/proseed/uploads/varimage/6__Mentimun_19CUI75513_-_PT__Koreana_Seed.pdf
db-varsan,Labu,LA 254,,,sayuran/pangan semusim,404,https://perbenihanhorti.id/proseed/uploads/varimage/4__Labu_LA_254_-_CV__Nusa_Heulang.pdf
db-varsan,Cabai Rawit,Blaze 12,,,sayuran/pangan semusim,404,https://perbenihanhorti.id/proseed/uploads/varimage/3__Cabai_Rawit_Blaze_12_-_CV__Hakako_Seed.pdf
db-varsan,Bawang Merah,Gempita Agrihorti,,,sayuran/pangan semusim,404,https://perbenihanhorti.id/proseed/uploads/varimage/14__Bawang_Merah_Gempita_Agrihorti_-_Balitsa.pdf
db-varsan,Oyong / Gambas,OYW 036,,,sayuran/pangan semusim,404,https://perbenihanhorti.id/proseed/uploads/varimage/13__Oyong_OYW_036_-_PT__Mahatani_Pertiwi.pdf
db-varsan,Semangka,SM 9414,,,sayuran/pangan semusim,404,https://perbenihanhorti.id/proseed/uploads/varimage/12__Semangka_SM_9414_-_PT__Tani_Murni_Ind.pdf
db-varsan,Semangka,Hokkyna 168,,,sayuran/pangan semusim,404,https://perbenihanhorti.id/proseed/uploads/varimage/11__Semangka_Hokyyna_168_-_PT__JJMI.pdf
db-varsan,Semangka,DEV 1096,,,sayuran/pangan semusim,404,https://perbenihanhorti.id/proseed/uploads/varimage/10__Semangka_DEV_1096_-_PT__JJMI.pdf
db-varsan,Terong,YSTP153,,,sayuran/pangan semusim,404,https://perbenihanhorti.id/proseed/uploads/varimage/9__Terong_YSTP153_-_PT__Benih_Unggul_Sejati.pdf
db-varsan,Cabai Rawit,YSCR234,,,sayuran/pangan semusim,404,https://perbenihanhorti.id/proseed/uploads/varimage/8__Cabai_Rawit_YSCR234_-_PT__Benih_Unggul_Sejati.pdf
db-varsan,Cabai Rawit,YSCR212,,,sayuran/pangan semusim,404,https://perbenihanhorti.id/proseed/uploads/varimage/7__Cabai_Rawit_YSCR212_-_PT__Benih_Unggul_Sejati.pdf
db-varsan,Sawi hijau,HCA 01,,,sayuran/pangan semusim,404,https://perbenihanhorti.id/proseed/uploads/varimage/6__Sawi_Hijau_HCA_01_-_PT__Alam_Semesta_Agro.pdf
db-varsan,Kangkung,HKK 01,,,sayuran/pangan semusim,404,https://perbenihanhorti.id/proseed/uploads/varimage/5__Kangkung_HKK_01_-_PT__Alam_Semesta_Agro.pdf
db-varsan,Kacang Panjang,Longer 02,,,sayuran/pangan semusim,404,https://perbenihanhorti.id/proseed/uploads/varimage/4__Kacang_Panjang_Longer_02_-_CV__Hakako_Seed.pdf
db-varsan,Cabai Keriting,Kinky 771,,,sayuran/pangan semusim,404,https://perbenihanhorti.id/proseed/uploads/varimage/3__Cabai_Keriting_Kinky_771_-_CV__Hakako_Seed.pdf
db-varsan,Kacang Buncis,Crindo 19,,,sayuran/pangan semusim,404,https://perbenihanhorti.id/proseed/uploads/varimage/2__Buncis_Crindo_19_-_CV__Hakako_Seed.pdf
db-varsan,Kubis,Koral,,,sayuran/pangan semusim,404,https://perbenihanhorti.id/proseed/uploads/varimage/15__Kubis_Koral_-_PT__Kenso.pdf
db-varsan,Melon,BME 07,,,sayuran/pangan semusim,404,"https://perbenihanhorti.id/proseed/uploads/varimage/14__Melon_BME_07_-_CV,_Borneo_Seed.pdf"
db-varsan,Bawang Merah,Ambassador 6 Agrihorti,,,sayuran/pangan semusim,404,https://perbenihanhorti.id/proseed/uploads/varimage/13__Bawang_Merah_Ambassador_6_Agrihorti_-_Balitsa.pdf
db-varsan,Bawang Merah,Ambassador 5 Agrihorti,,,sayuran/pangan semusim,404,https://perbenihanhorti.id/proseed/uploads/varimage/12__Bawang_Merah_Ambassador_5_Agrihorti_-_Balitsa.pdf
db-varsan,Cabai Besar,BISI HP 45,,,sayuran/pangan semusim,404,https://perbenihanhorti.id/proseed/uploads/varimage/11__Cabai_Besar_BISI_HP_45_-_PT__BISI.pdf
db-varsan,Semangka,KMA002,,,sayuran/pangan semusim,404,https://perbenihanhorti.id/proseed/uploads/varimage/10__Semangka_KMA002_-_Kusumahadi.pdf
db-varsan,Tomat,KMA001,,,sayuran/pangan semusim,404,https://perbenihanhorti.id/proseed/uploads/varimage/9__Tomat_KMA001_-_Kusumahadi.pdf
db-varsan,Kacang Buncis,H 10,,,sayuran/pangan semusim,404,https://perbenihanhorti.id/proseed/uploads/varimage/8__Buncis_H_10_-_PT__Wiranusa.pdf
db-varsan,Kubis Bunga,KF CT006C,,,sayuran/pangan semusim,404,https://perbenihanhorti.id/proseed/uploads/varimage/7__Kubis_Bunga_KF_CT006C_-_PT__Ewsi.pdf
db-varsan,Jagung Manis,PACS14300,,,sayuran/pangan semusim,404,https://perbenihanhorti.id/proseed/uploads/varimage/6__Jagung_Manis_PACS14300_-_PT__Advanta_Seed.pdf
db-varsan,Pepaya,Cikita,,,sayuran/pangan semusim,404,https://perbenihanhorti.id/proseed/uploads/varimage/5__Pepaya_Cikita_-_PT__Tunas_Agro.pdf
db-varsan,Kacang Panjang,YSKP117,,,sayuran/pangan semusim,404,https://perbenihanhorti.id/proseed/uploads/varimage/4__Kacang_Panjang_YSKP117_-_PT__Benih_Unggul_Sejati.pdf
db-varsan,Sawi hijau,Topbak 1,,,sayuran/pangan semusim,404,https://perbenihanhorti.id/proseed/uploads/varimage/3__Sawi_Hijau_Topbak_1_-_CV__Hakako_Seed.pdf
db-varsan,Bayam,Bikaler 2,,,sayuran/pangan semusim,404,https://perbenihanhorti.id/proseed/uploads/varimage/2__Bayam_Bikaler_2_-_CV__Hakako_Seed.pdf
db-varsan,Kangkung,BSR 79,,,sayuran/pangan semusim,404,https://perbenihanhorti.id/proseed/uploads/varimage/21__Kangkung_bsr_79_-_UD__Dewi_Asiyah.pdf
db-varsan,Kangkung,Rostanawa,,,sayuran/pangan semusim,404,https://perbenihanhorti.id/proseed/uploads/varimage/20__Kangkung_Rostanawa_-_UD__Dewi_Asiyah.pdf
db-varsan,Kangkung,Tari,,,sayuran/pangan semusim,404,https://perbenihanhorti.id/proseed/uploads/varimage/19__Kangkung_Tari_-_UD__Saraswati.pdf
db-varsan,Jagung Manis,18ES044,,,sayuran/pangan semusim,404,https://perbenihanhorti.id/proseed/uploads/varimage/18__Jagung_Manis_18ES044_-_PT__BISI.pdf
db-varsan,Cabai Keriting,NTI 046,,,sayuran/pangan semusim,404,https://perbenihanhorti.id/proseed/uploads/varimage/17__Cabai_Keriting_NTI_046_-_CV__Nusantara_Tani_Indonesia.pdf
db-varsan,Mentimun,KE 951,,,sayuran/pangan semusim,404,https://perbenihanhorti.id/proseed/uploads/varimage/16__Mentimun_KE_951.pdf
db-varsan,Jagung Manis,JM 759,,,sayuran/pangan semusim,404,https://perbenihanhorti.id/proseed/uploads/varimage/15__Jagung_Manis_JM_759_-_PT__BCA.pdf
db-varsan,Cabai Besar,CB003,,,sayuran/pangan semusim,404,https://perbenihanhorti.id/proseed/uploads/varimage/14__Cabai_Besar_CB003_-_PT__BCA.pdf
db-varsan,Wortel,Kuroda,,,sayuran/pangan semusim,404,https://perbenihanhorti.id/proseed/uploads/varimage/12__Wortel_Kuroda_-_PT__Winon.pdf
db-varsan,Kubis,GR 56,,,sayuran/pangan semusim,404,https://perbenihanhorti.id/proseed/uploads/varimage/10__Kubis_GR_56_-_PT__Royal_Agro.pdf
db-varsan,Kubis,GM 48,,,sayuran/pangan semusim,404,https://perbenihanhorti.id/proseed/uploads/varimage/9__Kubis_GM_48_-_PT__Royal_Agro.pdf
db-varsan,Cabai Keriting,CKR 137,,,sayuran/pangan semusim,404,https://perbenihanhorti.id/proseed/uploads/varimage/8__Cabai_Keriting_CKR_137_-_PT__Royal_Agro.pdf
db-varsan,Cabai Rawit,CBRI001,,,sayuran/pangan semusim,404,https://perbenihanhorti.id/proseed/uploads/varimage/7__Cabai_Rawit_CBRI001_-_PT__Dinasty_Inti.pdf
db-varsan,Terong,EP ASA 116,,,sayuran/pangan semusim,404,https://perbenihanhorti.id/proseed/uploads/varimage/6__Terong_EP_ASA_116_-_PT__Dinasty_Inti.pdf
db-varsan,Kacang Buncis,Siwi,,,sayuran/pangan semusim,404,https://perbenihanhorti.id/proseed/uploads/varimage/5__Buncis_Siwi_-_PT__AMP.pdf
db-varsan,Cabai Besar,MBCB01,,,sayuran/pangan semusim,404,https://perbenihanhorti.id/proseed/uploads/varimage/4__Cabai_Besar_MBCB_01_-_PT__Prabu_Agro.pdf
db-varsan,Lobak,TF TW RL 18,,,sayuran/pangan semusim,404,https://perbenihanhorti.id/proseed/uploads/varimage/3__Lobak_TF_TW_RL_18_-_PT__Sari_Benih_Unggul.pdf
db-varsan,Cabai Rawit,Petir,,,sayuran/pangan semusim,404,https://perbenihanhorti.id/proseed/uploads/varimage/2__Cabai_Rawit_Petir_-_CV__MGA.pdf
db-varsan,Cabai Rawit,Bejo,,,sayuran/pangan semusim,404,https://perbenihanhorti.id/proseed/uploads/varimage/1__Cabai_Rawit_Bejo_-_CV__MGA.pdf
db-varsan,Terong,Nella,,,sayuran/pangan semusim,404,https://perbenihanhorti.id/proseed/uploads/varimage/Terong_Nella_-_CV__Halbanero.pdf
db-varsan,Terong,Ungu 199,,,sayuran/pangan semusim,404,https://perbenihanhorti.id/proseed/uploads/varimage/Terong_Ungu_199_-_CV__Halbanero.pdf
db-varsan,Semangka,Semindo 28,,,sayuran/pangan semusim,404,https://perbenihanhorti.id/proseed/uploads/varimage/Semangka_Semindo_28_-_PT__BISI.pdf
db-varsan,Semangka,SJA109,,,sayuran/pangan semusim,404,https://perbenihanhorti.id/proseed/uploads/varimage/Semangka_SJA_109_-_PT__Sampoerna.pdf
db-varsan,Semangka,SJA108,,,sayuran/pangan semusim,404,https://perbenihanhorti.id/proseed/uploads/varimage/Semangka_SJA_108_-_PT__Sampoerna.pdf
db-varsan,Semangka,SJA107,,,sayuran/pangan semusim,404,https://perbenihanhorti.id/proseed/uploads/varimage/Semangka_SJA_107_-_PT__Sampoerna.pdf
db-varsan,Cabai Rawit,Mujagi,,,sayuran/pangan semusim,404,https://perbenihanhorti.id/proseed/uploads/varimage/Cabai_Rawit_Mujagi_-_Cianjur.pdf
db-varsan,Terong,SND01,,,sayuran/pangan semusim,404,https://perbenihanhorti.id/proseed/uploads/varimage/Terong_SND01_-_CV__Triasputras.pdf
db-varsan,Sawi putih / Petsai,SP 704,,,sayuran/pangan semusim,404,https://perbenihanhorti.id/proseed/uploads/varimage/Sawi_Putih_SP_704_-_PT__Royal_Agro.pdf
db-varsan,Pepaya,PE 2747,,,sayuran/pangan semusim,404,https://perbenihanhorti.id/proseed/uploads/varimage/Pepaya_PE_2747_-_PT__EWSI.pdf
db-varsan,Semangka,HWM 20,,,sayuran/pangan semusim,404,https://perbenihanhorti.id/proseed/uploads/varimage/Semangka_HWM_20_-_PT__Alam_Semesta_Agro.pdf
db-varsan,Sawi Sendok/Pak Choi,HPC 0909,,,sayuran/pangan semusim,404,https://perbenihanhorti.id/proseed/uploads/varimage/Sawi_Sendok_HPC_0909_-_PT__Alam_Semesta_Agro.pdf
db-varsan,Paria,BG ASA 19002,,,sayuran/pangan semusim,404,https://perbenihanhorti.id/proseed/uploads/varimage/Paria_BG_ASA_19002_-_PT__Aditya_Sentana_Agro.pdf
db-varsan,Cabai Rawit,CR ASA 215,,,sayuran/pangan semusim,404,https://perbenihanhorti.id/proseed/uploads/varimage/Cabai_Rawit_CR_ASA_215_-_PT__Aditya_Sentana_Agro.pdf
db-varsan,Mentimun,TNW 054,,,sayuran/pangan semusim,404,https://perbenihanhorti.id/proseed/uploads/varimage/Mentimun_TNW_054_-_PT__Mahatani_Pertiwi_Sejahtera.pdf
db-varsan,Terong,TRW 216,,,sayuran/pangan semusim,404,https://perbenihanhorti.id/proseed/uploads/varimage/Terong_TRW_216_-_PT__Mahatani.pdf
db-varsan,Terong,TRW 09,,,sayuran/pangan semusim,404,https://perbenihanhorti.id/proseed/uploads/varimage/Terong_TRW_09_-_PT__Mahatani.pdf
db-varsan,Kacang Buncis,BCW 18,,,sayuran/pangan semusim,404,https://perbenihanhorti.id/proseed/uploads/varimage/Buncis_BCW_018_-_PT__Mahatani.pdf
db-varsan,Bayam,Saga R 88,,,sayuran/pangan semusim,404,https://perbenihanhorti.id/proseed/uploads/varimage/Bayam_Saga_R_88_-_UD__Nikos_Jaya.pdf
db-varsan,Kentang,Bio Granola,,,sayuran/pangan semusim,404,https://perbenihanhorti.id/proseed/uploads/varimage/Kentang_-_Bio_Granola.pdf
db-varsan,Kacang Buncis,ENNO1467,,,sayuran/pangan semusim,404,https://perbenihanhorti.id/proseed/uploads/varimage/BUNCIS_ENNO1467.pdf
db-varsan,Kubis Bunga,KF 8544,,,sayuran/pangan semusim,404,https://perbenihanhorti.id/proseed/uploads/varimage/KUBIS_BUNGA_KF_8544.pdf
db-varsan,Kubis Bunga,Billy 31,,,sayuran/pangan semusim,404,https://perbenihanhorti.id/proseed/uploads/varimage/KUBIS_BUNGA_BILLY_311.pdf
db-varsan,Sawi putih / Petsai,TF TW CG 18,,,sayuran/pangan semusim,404,https://perbenihanhorti.id/proseed/uploads/varimage/PETSAI_(SAWI_PUTIH)_TF_TW_CG_18.pdf
db-varsan,Cabai Keriting,KLD 046,,,sayuran/pangan semusim,404,https://perbenihanhorti.id/proseed/uploads/varimage/CABAI_KERITING_KLD_046.pdf
db-varsan,Cabai Rawit,MGT 045,,,sayuran/pangan semusim,404,https://perbenihanhorti.id/proseed/uploads/varimage/CABAI_RAWIT_MGT_045.pdf
db-varsan,Melon,PB 5212,,,sayuran/pangan semusim,404,https://perbenihanhorti.id/proseed/uploads/varimage/MELON_PB_5212.pdf
db-varsan,Melon,PB 2242,,,sayuran/pangan semusim,404,https://perbenihanhorti.id/proseed/uploads/varimage/MELON_PB_2242.pdf
db-varsan,Jagung Manis,PACS14289,,,sayuran/pangan semusim,404,https://perbenihanhorti.id/proseed/uploads/varimage/JAGUNG_MANIS_PACS14289.pdf
db-varsan,Cabai Keriting,Jusiber Ungu Deli,,,sayuran/pangan semusim,404,https://perbenihanhorti.id/proseed/uploads/varimage/CABAI_KERITING_JUSIBER_UNGU_DELI.pdf
db-varsan,Sawi Caisim,Sera - Sera,,,sayuran/pangan semusim,404,https://perbenihanhorti.id/proseed/uploads/varimage/SAWI_SERA-SERA.pdf
db-varsan,Mentimun,Tina,,,sayuran/pangan semusim,404,https://perbenihanhorti.id/proseed/uploads/varimage/MENTIMUN_TINA.pdf
db-varsan,Mentimun,Tera,,,sayuran/pangan semusim,404,https://perbenihanhorti.id/proseed/uploads/varimage/MENTIMUN_TERA.pdf
db-varsan,Melon,Mutiara,,,sayuran/pangan semusim,404,https://perbenihanhorti.id/proseed/uploads/varimage/MELON_MUTIARA.pdf
db-varsan,Semangka,Hecloud,,,sayuran/pangan semusim,404,https://perbenihanhorti.id/proseed/uploads/varimage/SEMANGKA_HECLOUD.pdf
db-varsan,Terong,Money Maker,,,sayuran/pangan semusim,404,https://perbenihanhorti.id/proseed/uploads/varimage/TERONG_MONEY_MAKER.pdf
db-varsan,Kangkung,KD 01,,,sayuran/pangan semusim,404,https://perbenihanhorti.id/proseed/uploads/varimage/KANGKUNG_KD_01.pdf
db-varsan,Jagung Pulut,JMP 5,,,sayuran/pangan semusim,404,https://perbenihanhorti.id/proseed/uploads/varimage/Jagung_Pulut_JMP_5.pdf
db-varsan,Jagung Manis,JGBI001,,,sayuran/pangan semusim,404,https://perbenihanhorti.id/proseed/uploads/varimage/JAGUNG_MANIS_JGBI001.pdf
db-varsan,Mentimun,KE 231,,,sayuran/pangan semusim,404,https://perbenihanhorti.id/proseed/uploads/varimage/MENTIMUN_KE_231.pdf
db-varsan,Semangka,SE 439,,,sayuran/pangan semusim,404,https://perbenihanhorti.id/proseed/uploads/varimage/SEMANGKA_SE_439.pdf
db-varsan,Melon,ME 983,,,sayuran/pangan semusim,404,https://perbenihanhorti.id/proseed/uploads/varimage/MELON_ME_983.pdf
db-varsan,Terong,MGT01,,,sayuran/pangan semusim,404,https://perbenihanhorti.id/proseed/uploads/varimage/TERONG_MGT01.pdf
db-varsan,Mentimun,LLP01,,,sayuran/pangan semusim,404,https://perbenihanhorti.id/proseed/uploads/varimage/MENTIMUN_LLP01.pdf
db-varsan,Semangka,Semindo 26,,,sayuran/pangan semusim,404,https://perbenihanhorti.id/proseed/uploads/varimage/SEMANGKA_SEMINDO_26.pdf
db-varsan,Jagung Manis,Panser,,,sayuran/pangan semusim,404,https://perbenihanhorti.id/proseed/uploads/varimage/JAGUNG_MANIS_PANSER.pdf
db-varsan,Jagung Manis,Opera,,,sayuran/pangan semusim,404,https://perbenihanhorti.id/proseed/uploads/varimage/JAGUNG_MANIS_OPERA6.pdf
db-varsan,Melon,ME 515,,,sayuran/pangan semusim,404,https://perbenihanhorti.id/proseed/uploads/varimage/MELON_ME_515.pdf
db-varsan,Cabai Rawit,Bonita IPB,,,sayuran/pangan semusim,404,https://perbenihanhorti.id/proseed/uploads/varimage/CABAI_RAWIT_BONITA_IPB.pdf
db-varsan,Kacang Panjang,Fagiola IPB,,,sayuran/pangan semusim,404,https://perbenihanhorti.id/proseed/uploads/varimage/KACANG_PANJANG_FAGIOLA_IPB.pdf
db-varsan,Edamame (Kedelai Sayur),Biomax 2,,,sayuran/pangan semusim,404,https://perbenihanhorti.id/proseed/uploads/varimage/EDAMAME_BB_BIOGEN_BIOMAX_2.pdf
db-varsan,Edamame (Kedelai Sayur),Biomax 1,,,sayuran/pangan semusim,404,https://perbenihanhorti.id/proseed/uploads/varimage/EDAMAME_BB_BIOGEN_BIOMAX_1.pdf
db-varsan,Wortel,Dora,,,sayuran/pangan semusim,404,https://perbenihanhorti.id/proseed/uploads/varimage/WORTEL_DORA.pdf
db-varsan,Melon,P 4529,,,sayuran/pangan semusim,404,https://perbenihanhorti.id/proseed/uploads/varimage/MELON_VARIETAS_P_4529.pdf
db-varsan,Mentimun,Visto,,,sayuran/pangan semusim,404,https://perbenihanhorti.id/proseed/uploads/varimage/MENTIMUN_VISTO.pdf
db-varsan,Mentimun Suri,TS 288,,,sayuran/pangan semusim,404,https://perbenihanhorti.id/proseed/uploads/varimage/MENTIMUN_SURI_TS_288.pdf
db-varsan,Slada,SL 541,,,sayuran/pangan semusim,404,https://perbenihanhorti.id/proseed/uploads/varimage/SELADA_PT_BCA_SL_541.pdf
db-varsan,Cabai Rawit,CR 110,,,sayuran/pangan semusim,404,https://perbenihanhorti.id/proseed/uploads/varimage/CABAI_RAWIT_BCA_CR_110.pdf
db-varsan,Bawang Putih,Jangkiriah Adro,,,sayuran/pangan semusim,404,https://perbenihanhorti.id/proseed/uploads/varimage/BAPUT_JANGKIRIAH_ADRO.pdf
db-varsan,Semangka,MBSL 03,,,sayuran/pangan semusim,404,https://perbenihanhorti.id/proseed/uploads/varimage/SEMANGKA%20MBSL%2003.pdf
db-varsan,Melon,SJA203,,,sayuran/pangan semusim,404,https://perbenihanhorti.id/proseed/uploads/varimage/MELON%20SJA203.pdf
db-varsan,Melon,SJA202,,,sayuran/pangan semusim,404,https://perbenihanhorti.id/proseed/uploads/varimage/MELON%20SJA202.pdf
db-varsan,Melon,SJA201,,,sayuran/pangan semusim,404,https://perbenihanhorti.id/proseed/uploads/varimage/MELON%20SJA201.pdf
db-varsan,Semangka,GS799,,,sayuran/pangan semusim,404,https://perbenihanhorti.id/proseed/uploads/varimage/SEMANGKA%20GS799.pdf
db-varsan,Semangka,GS727,,,sayuran/pangan semusim,404,https://perbenihanhorti.id/proseed/uploads/varimage/SEMANGKA%20GS727.pdf
db-varsan,Semangka,GS711,,,sayuran/pangan semusim,404,https://perbenihanhorti.id/proseed/uploads/varimage/SEMANGKA%20GS711.pdf
db-varsan,Cabai Besar,Biocarpa Agrihorti,,,sayuran/pangan semusim,404,https://perbenihanhorti.id/proseed/uploads/varimage/CABAI%20BESAR%20BIOCARPA%20AGRIHORTI.pdf
db-varsan,Melon,Happy,,,sayuran/pangan semusim,404,https://perbenihanhorti.id/proseed/uploads/varimage/MELON%20HAPPY.pdf
db-varsan,Jagung Manis,MJMO 17,,,sayuran/pangan semusim,404,https://perbenihanhorti.id/proseed/uploads/varimage/JAGUNG%20MANIS%20MJMO%2017.pdf
db-varsan,Kubis Merah,Red Tower,,,sayuran/pangan semusim,404,https://perbenihanhorti.id/proseed/uploads/varimage/KUBIS%20MERAH%20RED%20TOWER.pdf
db-varsan,Cabai Rawit,CBR 25,,,sayuran/pangan semusim,404,https://perbenihanhorti.id/proseed/uploads/varimage/CABAI%20RAWIT%20CBR%2025.pdf
db-varsan,Cabai Keriting,C 16,,,sayuran/pangan semusim,404,https://perbenihanhorti.id/proseed/uploads/varimage/CABAI%20KERITING%20C%2016.pdf
db-varsan,Paria,AURA PA 01A,,,sayuran/pangan semusim,404,https://perbenihanhorti.id/proseed/uploads/varimage/PARIA%20AURA%20PA%2001A.pdf
db-varsan,Mentimun,AURA MTL 1091,,,sayuran/pangan semusim,404,https://perbenihanhorti.id/proseed/uploads/varimage/MENTIMUN%20AURA%20MTL%201091.pdf
db-varsan,Mentimun,AURA MTA 01,,,sayuran/pangan semusim,404,https://perbenihanhorti.id/proseed/uploads/varimage/MENTIMUN%20AURA%20MTA%2001.pdf
db-varsan,Melon,AURA TEGAR 01,,,sayuran/pangan semusim,404,https://perbenihanhorti.id/proseed/uploads/varimage/MELON%20AURA%20TEGAR%2001.pdf
db-varsan,Kacang Panjang,AURA KP 1032,,,sayuran/pangan semusim,404,https://perbenihanhorti.id/proseed/uploads/varimage/KACANG%20PANJANG%20AURA%20KP%201032.pdf
db-varsan,Bawang Bombay,Trophy,,,sayuran/pangan semusim,404,https://perbenihanhorti.id/proseed/uploads/varimage/BAWANG%20BOMBAY%20TROPHY.pdf
db-varsan,Cabai Rawit,KSD 108,,,sayuran/pangan semusim,404,https://perbenihanhorti.id/proseed/uploads/varimage/CABAI%20RAWIT%20VARIETAS%20KSD%20108.pdf
db-varsan,Cabai Keriting,K1SM3,,,sayuran/pangan semusim,404,https://perbenihanhorti.id/proseed/uploads/varimage/CABAI%20KERITING%20VARIETAS%20K1SM3.pdf
db-varsan,Terong,ENNO1445,,,sayuran/pangan semusim,404,https://perbenihanhorti.id/proseed/uploads/varimage/Terong%20ENNO1445.pdf
db-varsan,Oyong / Gambas,ENNO1479,,,sayuran/pangan semusim,404,https://perbenihanhorti.id/proseed/uploads/varimage/Oyong%20ENNO1479.pdf
db-varsan,Cabai Rawit,ENNO1437,,,sayuran/pangan semusim,404,https://perbenihanhorti.id/proseed/uploads/varimage/Cabai%20Rawit%20ENNO1437.pdf
db-varsan,Cabai Rawit,ENNO1428,,,sayuran/pangan semusim,404,https://perbenihanhorti.id/proseed/uploads/varimage/Cabai%20Rawit%20ENNO1428.pdf
db-varsan,Kubis,GREEN SABA 37,,,sayuran/pangan semusim,404,https://perbenihanhorti.id/proseed/uploads/varimage/KUBIS%20GREEN%20SABA%2037.pdf
db-varsan,Jagung Manis,16ES007,,,sayuran/pangan semusim,404,https://perbenihanhorti.id/proseed/uploads/varimage/Jagung%20Manis%2016ES007.pdf
db-varsan,Labu,LA 3826,,,sayuran/pangan semusim,404,https://perbenihanhorti.id/proseed/uploads/varimage/LABU%20LA%203826.pdf
db-varsan,Semangka,SE 291,,,sayuran/pangan semusim,404,https://perbenihanhorti.id/proseed/uploads/varimage/Semangka%20SE%20291.pdf
db-varsan,Melon,ME 079,,,sayuran/pangan semusim,404,https://perbenihanhorti.id/proseed/uploads/varimage/Melon%20ME%20079.pdf
db-varsan,Labu,LA 035,,,sayuran/pangan semusim,404,https://perbenihanhorti.id/proseed/uploads/varimage/LABU%20LA%20035.pdf
db-varsan,Zukini,VB235,,,sayuran/pangan semusim,404,https://perbenihanhorti.id/proseed/uploads/varimage/Zukini%20VB235.pdf
db-varsan,Paria,MBPR 01,,,sayuran/pangan semusim,404,https://perbenihanhorti.id/proseed/uploads/varimage/Paria%20MBPR%2001.pdf
db-varsan,Semangka,YSSE406,,,sayuran/pangan semusim,404,https://perbenihanhorti.id/proseed/uploads/varimage/Semangka%20YSSE406.pdf
db-varsan,Oyong / Gambas,YSOY183,,,sayuran/pangan semusim,404,https://perbenihanhorti.id/proseed/uploads/varimage/Oyong%20YSOY183.pdf
db-varsan,Kacang Panjang,YSKP163,,,sayuran/pangan semusim,404,https://perbenihanhorti.id/proseed/uploads/varimage/Kacang%20Panjang%20YSKP163.pdf
db-varsan,Mentimun,YSKE1024,,,sayuran/pangan semusim,404,https://perbenihanhorti.id/proseed/uploads/varimage/Mentimun%20YSKE1024.pdf
db-varsan,Cabai Keriting,YSCK333,,,sayuran/pangan semusim,404,https://perbenihanhorti.id/proseed/uploads/varimage/Cabai%20Keriting%20YSCK333.pdf
db-varsan,Terong,YSTP60,,,sayuran/pangan semusim,404,https://perbenihanhorti.id/proseed/uploads/varimage/Terong%20YSTP60.pdf
db-varsan,Melon,YSME999,,,sayuran/pangan semusim,404,https://perbenihanhorti.id/proseed/uploads/varimage/Melon%20YSME999.pdf
db-varsan,Semangka,Setabindo 9,,,sayuran/pangan semusim,404,https://perbenihanhorti.id/proseed/uploads/varimage/SEMANGKA%20SETABINDO%209.pdf
db-varsan,Semangka,SE 383,,,sayuran/pangan semusim,404,https://perbenihanhorti.id/proseed/uploads/varimage/SEMANGKA%20SE%20383.pdf
db-varsan,Oyong / Gambas,GB 43,,,sayuran/pangan semusim,404,https://perbenihanhorti.id/proseed/uploads/varimage/OYONG%20GB%2043.pdf
db-varsan,Kemangi,KMG 01,,,sayuran/pangan semusim,404,https://perbenihanhorti.id/proseed/uploads/varimage/KEMANGI%20KMG%2001.pdf
db-varsan,Kenikir,KNK 01,,,sayuran/pangan semusim,404,https://perbenihanhorti.id/proseed/uploads/varimage/KENIKIR%20KNK%2001.pdf
db-varsan,Tomat,GS456,,,sayuran/pangan semusim,404,https://perbenihanhorti.id/proseed/uploads/varimage/TOMAT%20GS456.pdf
db-varsan,Cabai Keriting,GS430,,,sayuran/pangan semusim,404,https://perbenihanhorti.id/proseed/uploads/varimage/CABAI%20KERITING%20GS430.pdf
db-varsan,Tomat,MDK 3633,,,sayuran/pangan semusim,404,https://perbenihanhorti.id/proseed/uploads/varimage/TOMAT%20MDK%203633.pdf
db-varsan,Semangka,MDK 03,,,sayuran/pangan semusim,404,https://perbenihanhorti.id/proseed/uploads/varimage/SEMANGKA%20MDK%2003.pdf
db-varsan,Mentimun,CU ASA 118,,,sayuran/pangan semusim,404,https://perbenihanhorti.id/proseed/uploads/varimage/MENTIMUN%20CU%20ASA%20118.pdf
db-varsan,Semangka,SE 22037,,,sayuran/pangan semusim,404,https://perbenihanhorti.id/proseed/uploads/varimage/SEMANGKA%20SE%2022037.pdf
db-varsan,Tomat Ceri,CT 155,,,sayuran/pangan semusim,404,https://perbenihanhorti.id/proseed/uploads/varimage/TOMAT%20CT%20155.pdf
db-varsan,Mentimun,Dwita,,,sayuran/pangan semusim,404,https://perbenihanhorti.id/proseed/uploads/varimage/MENTIMUN%20DWITA.pdf
db-varsan,Kacang Buncis,YSBU 189,,,sayuran/pangan semusim,404,https://perbenihanhorti.id/proseed/uploads/varimage/BUNCIS%20YSBU%20189.pdf
db-varsan,Kacang Panjang,KPRD 16,,,sayuran/pangan semusim,404,https://perbenihanhorti.id/proseed/uploads/varimage/KACANG%20PANJANG%20KPRD%2016.pdf
db-varsan,Kacang Buncis,BCL 88,,,sayuran/pangan semusim,404,https://perbenihanhorti.id/proseed/uploads/varimage/BUNCIS%20BCL%2088.pdf
db-varsan,Semangka,SMA 12971,,,sayuran/pangan semusim,404,https://perbenihanhorti.id/proseed/uploads/varimage/SEMANGKA%20SMA%2012971.pdf
db-varsan,Mentimun,GS343,,,sayuran/pangan semusim,404,https://perbenihanhorti.id/proseed/uploads/varimage/MENTIMUN%20GS343.pdf
db-varsan,Oyong / Gambas,GS345,,,sayuran/pangan semusim,404,https://perbenihanhorti.id/proseed/uploads/varimage/OYONG%20GS345.pdf
db-varsan,Semangka,IJM01,,,sayuran/pangan semusim,404,https://perbenihanhorti.id/proseed/uploads/varimage/SEMANGKA%20IJM01.pdf
db-varsan,Semangka,SJ106,,,sayuran/pangan semusim,404,https://perbenihanhorti.id/proseed/uploads/varimage/SEMANGKA%20SJ106.pdf
db-varsan,Semangka,SJ105,,,sayuran/pangan semusim,404,https://perbenihanhorti.id/proseed/uploads/varimage/SEMANGKA%20SJ%20105.pdf
db-varsan,Melon,ME 13841,,,sayuran/pangan semusim,404,https://perbenihanhorti.id/proseed/uploads/varimage/MELON%20ME%2013841.pdf
db-varsan,Terong,TP 944,,,sayuran/pangan semusim,404,https://perbenihanhorti.id/proseed/uploads/varimage/TERONG%20TP%20944.pdf
db-varsan,Terong,TB 622,,,sayuran/pangan semusim,404,https://perbenihanhorti.id/proseed/uploads/varimage/TERONG%20TB%20622.pdf
db-varsan,Melon,ME 130,,,sayuran/pangan semusim,404,https://perbenihanhorti.id/proseed/uploads/varimage/MELON%20ME%20130.pdf
db-varsan,Kentang,Golden Agrihorti,,,sayuran/pangan semusim,404,https://perbenihanhorti.id/proseed/uploads/varimage/KENTANG%20GOLDEN%20AGRIHORTI.pdf
db-varsan,Kacang Panjang,AMKP203,,,sayuran/pangan semusim,404,https://perbenihanhorti.id/proseed/uploads/varimage/KACANG%20PANJANG%20AMKP203.pdf
db-varsan,Kacang Panjang,AMKP220,,,sayuran/pangan semusim,404,https://perbenihanhorti.id/proseed/uploads/varimage/KACANG%20PANJANG%20AMKP220.pdf
db-varsan,Semangka,SJ104,,,sayuran/pangan semusim,404,https://perbenihanhorti.id/proseed/uploads/varimage/SEMANGKA%20SJ104.pdf
db-varsan,Mentimun,Stevi,,,sayuran/pangan semusim,404,https://perbenihanhorti.id/proseed/uploads/varimage/MENTIMUN%20STEVI.pdf
db-varsan,Tomat,Immo,,,sayuran/pangan semusim,404,https://perbenihanhorti.id/proseed/uploads/varimage/TOMAT%20IMMO.pdf
db-varsan,Semangka,SE 19647,,,sayuran/pangan semusim,404,https://perbenihanhorti.id/proseed/uploads/varimage/SEMANGKA%20SE%2019647.pdf
db-varsan,Kacang Buncis,BU 987,,,sayuran/pangan semusim,404,https://perbenihanhorti.id/proseed/uploads/varimage/BUNCIS%20BU%20987.pdf
db-varsan,Cabai Keriting,CK 22,,,sayuran/pangan semusim,404,https://perbenihanhorti.id/proseed/uploads/varimage/CABAI%20KERITING%20CK%2022.pdf
db-varsan,Jagung Pulut Manis,17LG091,,,sayuran/pangan semusim,404,https://perbenihanhorti.id/proseed/uploads/varimage/JAGUNG%20PULUT%20MANIS%2017LG091.pdf
db-varsan,Kentang,Ventury Agrihorti,,,sayuran/pangan semusim,404,https://perbenihanhorti.id/proseed/uploads/varimage/KENTANG%20VENTURY%20AGRIHORTI.pdf
db-varsan,Cabai Besar,Carla Agrihorti,,,sayuran/pangan semusim,404,https://perbenihanhorti.id/proseed/uploads/varimage/CABAI%20BESAR%20CARLA%20AGRIHORTI.pdf
db-varsan,Mentimun,TJM 213,,,sayuran/pangan semusim,404,https://perbenihanhorti.id/proseed/uploads/varimage/MENTIMUN%20TJM%20213.pdf
db-varsan,Kubis,KU 008,,,sayuran/pangan semusim,404,https://perbenihanhorti.id/proseed/uploads/varimage/KUBIS%20KU%20008.pdf
db-varsan,Kubis,KU 008,,,sayuran/pangan semusim,404,https://perbenihanhorti.id/proseed/uploads/varimage/KUBIS%20KU%20008.pdf
db-varsan,Cabai Rawit,CR 26280,,,sayuran/pangan semusim,404,https://perbenihanhorti.id/proseed/uploads/varimage/CABAI%20RAWIT%20CR%2026280.pdf
db-varsan,Terong,HRMT87,,,sayuran/pangan semusim,404,https://perbenihanhorti.id/proseed/uploads/varimage/TERONG%20UNGU%20HRMT87.pdf
db-varsan,Terong,IKSHR,,,sayuran/pangan semusim,404,https://perbenihanhorti.id/proseed/uploads/varimage/TERONG%20HIJAU%20IKSHR.pdf
db-varsan,Kacang Panjang,KL 808,,,sayuran/pangan semusim,404,https://perbenihanhorti.id/proseed/uploads/varimage/KACANG%20PANJANG%20KL%20808.pdf
db-varsan,Kacang Panjang,KL 707,,,sayuran/pangan semusim,404,https://perbenihanhorti.id/proseed/uploads/varimage/KACANG%20PANJANG%20KL%20707.pdf
db-varsan,Sawi putih / Petsai,Wini 45,,,sayuran/pangan semusim,404,https://perbenihanhorti.id/proseed/uploads/varimage/SAWI%20PUTIH%20WINI%2045.pdf
db-varsan,Sawi Sendok/Pak Choi,Fontana,,,sayuran/pangan semusim,404,https://perbenihanhorti.id/proseed/uploads/varimage/PAK%20COY%20FONTANA.pdf
db-varsan,Mentimun,EA2S2HR,,,sayuran/pangan semusim,404,https://perbenihanhorti.id/proseed/uploads/varimage/MENTIMUN%20EA2S2HR.pdf
db-varsan,Mentimun,Baby 25,,,sayuran/pangan semusim,404,https://perbenihanhorti.id/proseed/uploads/varimage/MENTIMUN%20BABY.pdf
db-varsan,Jagung Pulut Manis,17LG088,,,sayuran/pangan semusim,404,https://perbenihanhorti.id/proseed/uploads/varimage/JAGUNG%20PULUT%20MANIS%2017LG088.pdf
db-varsan,Tomat,TE 11 ON,,,sayuran/pangan semusim,404,https://perbenihanhorti.id/proseed/uploads/varimage/TOMAT%20TE%2011%20ON.pdf
db-varsan,Kacang Panjang,KPHJ 2021242,,,sayuran/pangan semusim,404,https://perbenihanhorti.id/proseed/uploads/varimage/KACANG%20PANJANG%20KPHJ%202021242.pdf
db-varsan,Kacang Panjang,KPHJ 202101,,,sayuran/pangan semusim,404,https://perbenihanhorti.id/proseed/uploads/varimage/KACANG%20PANJANG%20KPHJ%20202101.pdf
db-varsan,Pepaya,ORANGE LADY,,,sayuran/pangan semusim,404,https://perbenihanhorti.id/proseed/uploads/varimage/PEPAYA%20ORANGE%20LADY.pdf
db-varsan,Melon,KE 13836,,,sayuran/pangan semusim,404,https://perbenihanhorti.id/proseed/uploads/varimage/MELON%20ME%2013836.pdf
db-varsan,Melon,KE 13836,,,sayuran/pangan semusim,404,https://perbenihanhorti.id/proseed/uploads/varimage/MELON%20ME%2013836.pdf
db-varsan,Melon,GS454,,,sayuran/pangan semusim,404,https://perbenihanhorti.id/proseed/uploads/varimage/MELON%20GS454.pdf
db-varsan,Jagung Manis,GS411,,,sayuran/pangan semusim,404,https://perbenihanhorti.id/proseed/uploads/varimage/JAGUNG%20MANIS%20GS411.pdf
db-varsan,Cabai Rawit,GS401,,,sayuran/pangan semusim,404,https://perbenihanhorti.id/proseed/uploads/varimage/CABAI%20RAWIT%20GS401.pdf
db-varsan,Cabai Rawit,GS439,,,sayuran/pangan semusim,404,https://perbenihanhorti.id/proseed/uploads/varimage/CABAI%20RAWIT%20GS439.pdf
db-varsan,Mentimun,KE 1091,,,sayuran/pangan semusim,404,https://perbenihanhorti.id/proseed/uploads/varimage/Mentimun%20KE%201091.pdf
db-varsan,SAWI,SWBI001,,,sayuran/pangan semusim,404,https://perbenihanhorti.id/proseed/uploads/varimage/SAWI%20SWBI001.pdf
db-varsan,Semangka,MARINA,,,sayuran/pangan semusim,404,https://perbenihanhorti.id/proseed/uploads/varimage/MARIGOLD%20MARINA.pdf
db-varsan,Melon,ME 119,,,sayuran/pangan semusim,404,https://perbenihanhorti.id/proseed/uploads/varimage/MELON%20ME%20119.pdf
db-varsan,Cabai Keriting,CK 426,,,sayuran/pangan semusim,404,https://perbenihanhorti.id/proseed/uploads/varimage/CABAI%20KERITING%20CK%20426.pdf
db-varsan,Labu,LA 322,,,sayuran/pangan semusim,404,https://perbenihanhorti.id/proseed/uploads/varimage/LABU%20LA%20322.pdf
db-varsan,Kacang Panjang,Janges,,,sayuran/pangan semusim,404,https://perbenihanhorti.id/proseed/uploads/varimage/KACANG%20PANJANG%20JANGES.pdf
db-varsan,Bawang Daun,BO 051,,,sayuran/pangan semusim,404,https://perbenihanhorti.id/proseed/uploads/varimage/BAWANG%20DAUN%20BO%20051.pdf
db-varsan,Tomat,TO 2880,,,sayuran/pangan semusim,404,https://perbenihanhorti.id/proseed/uploads/varimage/TOMAT%20TO%202880.pdf
db-varsan,Tomat,TO 2876,,,sayuran/pangan semusim,404,https://perbenihanhorti.id/proseed/uploads/varimage/TOMAT%20TO%202876.pdf
db-varsan,Semangka,SJ 103,,,sayuran/pangan semusim,404,https://perbenihanhorti.id/proseed/uploads/varimage/SEMANGKA%20SJ%20103.pdf
db-varsan,Sawi Pahit/Mustard,TM 701,,,sayuran/pangan semusim,404,https://perbenihanhorti.id/proseed/uploads/varimage/SAWI%20PAHIT%20TM%20701.pdf
db-varsan,Kubis Bunga,TMCF 001,,,sayuran/pangan semusim,404,https://perbenihanhorti.id/proseed/uploads/varimage/KUBIS%20BUNGA%20TMCF%20001.pdf
db-varsan,Kacang Panjang,KP RP A 01,,,sayuran/pangan semusim,404,https://perbenihanhorti.id/proseed/uploads/varimage/KACANG%20PANJANG%20KP%20RP%20A%2001.pdf
db-varsan,Kacang Panjang,AGB KP 789,,,sayuran/pangan semusim,404,https://perbenihanhorti.id/proseed/uploads/varimage/KACANG%20PANJANG%20AGB%20KP%20789.pdf
db-varsan,Kacang Panjang,AGB KP 57,,,sayuran/pangan semusim,404,https://perbenihanhorti.id/proseed/uploads/varimage/KACANG%20PANJANG%20AGB%20KP%2057.pdf
db-varsan,Jagung Pulut Manis,WXS 17001,,,sayuran/pangan semusim,404,https://perbenihanhorti.id/proseed/uploads/varimage/JAGUNG%20PULUT%20MANIS%20WXS17001.pdf
db-varsan,Jagung Pulut Manis,HWX 01,,,sayuran/pangan semusim,404,https://perbenihanhorti.id/proseed/uploads/varimage/JAGUNG%20PULUT%20MANIS%20HWX%2001.pdf
db-varsan,Okra,OK 090,,,sayuran/pangan semusim,404,https://perbenihanhorti.id/proseed/uploads/varimage/OKRA%20OK%20090.pdf
db-varsan,Tomat,Tomindo 26,,,sayuran/pangan semusim,404,https://perbenihanhorti.id/proseed/uploads/varimage/TOMAT%20TOMINDO%2026.pdf
db-varsan,Melon,DC 03,,,sayuran/pangan semusim,404,https://perbenihanhorti.id/proseed/uploads/varimage/MELON%20DC%2003.pdf
db-varsan,Melon,TK 03,,,sayuran/pangan semusim,404,https://perbenihanhorti.id/proseed/uploads/varimage/MELON%20TK%2003.pdf
db-varsan,Terong,TRH 08,,,sayuran/pangan semusim,404,https://perbenihanhorti.id/proseed/uploads/varimage/TERONG%20TRH%2008.pdf
db-varsan,Kacang Panjang,OT 227,,,sayuran/pangan semusim,404,https://perbenihanhorti.id/proseed/uploads/varimage/KACANG%20PANJANG%20OT%20227.pdf
db-varsan,Cabai Rawit,RJHL 1024,,,sayuran/pangan semusim,404,https://perbenihanhorti.id/proseed/uploads/varimage/CABAI%20RAWIT%20RJHL%201024.pdf
db-varsan,Semangka,SE 473,,,sayuran/pangan semusim,404,https://perbenihanhorti.id/proseed/uploads/varimage/SEMANGKA%20SE%20473.pdf
db-varsan,Semangka,SE 19870,,,sayuran/pangan semusim,404,https://perbenihanhorti.id/proseed/uploads/varimage/SEMANGKA%20SE%2019870.pdf
db-varsan,Melon,ME 13532,,,sayuran/pangan semusim,404,https://perbenihanhorti.id/proseed/uploads/varimage/MELON%20ME%2013532.pdf
db-varsan,Jagung Pulut Manis,Adila,,,sayuran/pangan semusim,404,https://perbenihanhorti.id/proseed/uploads/varimage/JAGUNG%20PULUT%20MANIS%20ADILA.pdf
db-varsan,Jagung Manis,Nero,,,sayuran/pangan semusim,404,https://perbenihanhorti.id/proseed/uploads/varimage/JAGUNG%20MANIS%20NERO.pdf
db-varsan,Jagung Manis,Panglima,,,sayuran/pangan semusim,404,https://perbenihanhorti.id/proseed/uploads/varimage/JAGUNG%20MANIS%20PANGLIMA.pdf
db-varsan,Cabai Keriting,Legacy,,,sayuran/pangan semusim,404,https://perbenihanhorti.id/proseed/uploads/varimage/CABAI%20KERITING%20LEGACY.pdf
db-varsan,Tomat,TO 7086,,,sayuran/pangan semusim,404,https://perbenihanhorti.id/proseed/uploads/varimage/TOMAT%20TO%207086.pdf
db-varsan,Tomat,TO 2872,,,sayuran/pangan semusim,404,https://perbenihanhorti.id/proseed/uploads/varimage/TOMAT%20TO%202872.pdf
db-varsan,Kubis,CB 901,,,sayuran/pangan semusim,404,https://perbenihanhorti.id/proseed/uploads/varimage/KUBIS%20CB%20901.pdf
db-varsan,Oyong / Gambas,OY 582,,,sayuran/pangan semusim,404,https://perbenihanhorti.id/proseed/uploads/varimage/OYONG%20OY%20582.pdf
db-varsan,Melon,ME 116,,,sayuran/pangan semusim,404,https://perbenihanhorti.id/proseed/uploads/varimage/MELON%20ME%20116.pdf
db-varsan,Oyong / Gambas,Lamona,,,sayuran/pangan semusim,404,https://perbenihanhorti.id/proseed/uploads/varimage/OYONG%20LAMONA.pdf
db-varsan,Wortel,SIDA,,,sayuran/pangan semusim,404,https://perbenihanhorti.id/proseed/uploads/varimage/WORTEL%20SIDA.pdf
db-varsan,Tomat,TO 100778,,,sayuran/pangan semusim,404,https://perbenihanhorti.id/proseed/uploads/varimage/TOMAT%20TO%20100778.pdf
db-varsan,Jagung Manis,SSC 74,,,sayuran/pangan semusim,404,https://perbenihanhorti.id/proseed/uploads/varimage/JAGUNG%20MANIS%20SSC%2074.pdf
db-varsan,Bawang Merah,LOKANA,,,sayuran/pangan semusim,404,https://perbenihanhorti.id/proseed/uploads/varimage/BAWANG%20MERAH%20LOKANA.pdf
db-varsan,Cabai Keriting,MANYAR,,,sayuran/pangan semusim,404,https://perbenihanhorti.id/proseed/uploads/varimage/CABAI%20KERITING%20MANYAR.pdf
db-varsan,Cabai Besar,DEWA 66,,,sayuran/pangan semusim,404,https://perbenihanhorti.id/proseed/uploads/varimage/CABAI%20BESAR%20DEWA%2066.pdf
db-varsan,Sawi Caisim,RICCOTO,,,sayuran/pangan semusim,404,https://perbenihanhorti.id/proseed/uploads/varimage/CAISIM%20RICCOTO.pdf
db-varsan,Tomat,TO 2871,,,sayuran/pangan semusim,404,https://perbenihanhorti.id/proseed/uploads/varimage/TOMAT%20TO%202871.pdf
db-varsan,Mentimun,KE 1075,,,sayuran/pangan semusim,404,https://perbenihanhorti.id/proseed/uploads/varimage/MENTIMUN%20KE%201075.pdf
db-varsan,Jagung Manis,MISTHI,,,sayuran/pangan semusim,404,https://perbenihanhorti.id/proseed/uploads/varimage/JAGUNG%20MANIS%20MISTHI.pdf
db-varsan,Cabai Besar,NCH 2902,,,sayuran/pangan semusim,404,https://perbenihanhorti.id/proseed/uploads/varimage/CABAI%20KERITING%20NCH%202902.pdf
db-varsan,Cabai Keriting,NCH 255,,,sayuran/pangan semusim,404,https://perbenihanhorti.id/proseed/uploads/varimage/CABAI%20KERITING%20NCH%20255.pdf
db-varsan,Wortel,WORTEL 001,,,sayuran/pangan semusim,404,https://perbenihanhorti.id/proseed/uploads/varimage/WORTEL%20WO%20001.pdf
db-varsan,Okra,OK 060,,,sayuran/pangan semusim,404,https://perbenihanhorti.id/proseed/uploads/varimage/OKRA%20OK%20060.pdf
db-varsan,Mentimun,ME 3178,,,sayuran/pangan semusim,404,https://perbenihanhorti.id/proseed/uploads/varimage/MENTIMUN%20KE%203178.pdf
db-varsan,Melon,ME 653,,,sayuran/pangan semusim,404,https://perbenihanhorti.id/proseed/uploads/varimage/MELON%20ME%20653.pdf
db-varsan,Melon,ME 634,,,sayuran/pangan semusim,404,https://perbenihanhorti.id/proseed/uploads/varimage/MELON%20ME%20634.pdf
db-varsan,Wortel,WORTEL 101,,,sayuran/pangan semusim,404,https://perbenihanhorti.id/proseed/uploads/varimage/WORTEL%20WO%20101.pdf
db-varsan,Paria,PA 16346,,,sayuran/pangan semusim,404,https://perbenihanhorti.id/proseed/uploads/varimage/PARIA%20PA%2016346.pdf
db-varsan,Mentimun,KE 37496,,,sayuran/pangan semusim,404,https://perbenihanhorti.id/proseed/uploads/varimage/MENTIMUN%20KE%2037496.pdf
db-varsan,Melon,ME 13680,,,sayuran/pangan semusim,404,https://perbenihanhorti.id/proseed/uploads/varimage/MELON%20ME%2013680.pdf
db-varsan,Melon,TJ 10,,,sayuran/pangan semusim,404,https://perbenihanhorti.id/proseed/uploads/varimage/Melon%20TJ%2010.pdf
db-varsan,Kacang Panjang,MBKP 01,,,sayuran/pangan semusim,404,https://perbenihanhorti.id/proseed/uploads/varimage/Kacang%20Panjang%20MBKP%2001.pdf
db-varsan,Cabai Keriting,MBCK 041,,,sayuran/pangan semusim,404,https://perbenihanhorti.id/proseed/uploads/varimage/CABAI%20KERITING%20MBCK%20041.pdf
db-varsan,Cabai Paprika,TI 096,,,sayuran/pangan semusim,404,https://perbenihanhorti.id/proseed/uploads/varimage/CABAI%20PAPRIKA%20TI%20096.pdf
db-varsan,Cabai Keriting,HPK 163,,,sayuran/pangan semusim,404,https://perbenihanhorti.id/proseed/uploads/varimage/CABAI%20KERITING%20HPK%20163.pdf
db-varsan,Mentimun,KE 37501,,,sayuran/pangan semusim,404,https://perbenihanhorti.id/proseed/uploads/varimage/Mentimun%20KE%2037501.pdf
db-varsan,Cabai Rawit,CR 18076,,,sayuran/pangan semusim,404,https://perbenihanhorti.id/proseed/uploads/varimage/CABAI%20RAWIT%20CR%2018076.pdf
db-varsan,Jagung Manis,SSC 81,,,sayuran/pangan semusim,404,https://perbenihanhorti.id/proseed/uploads/varimage/Jagung%20Manis%20SSC%2081.pdf
db-varsan,Semangka,Setabindo 8,,,sayuran/pangan semusim,404,https://perbenihanhorti.id/proseed/uploads/varimage/Semangka%20Setabindo%208.pdf
db-varsan,Kacang Panjang,KP 532,,,sayuran/pangan semusim,404,https://perbenihanhorti.id/proseed/uploads/varimage/Kacang%20Panjang%20KP%20532.pdf
db-varsan,Mentimun,KE 1085,,,sayuran/pangan semusim,404,https://perbenihanhorti.id/proseed/uploads/varimage/Mentimun%20KE%201085.pdf
db-varsan,Slada,Bellino,,,sayuran/pangan semusim,404,https://perbenihanhorti.id/proseed/uploads/varimage/Selada%20Bellino.pdf
db-varsan,Slada,Kyrio,,,sayuran/pangan semusim,404,https://perbenihanhorti.id/proseed/uploads/varimage/Selada%20Kyrio.pdf
db-varsan,Kubis,KU 30048,,,sayuran/pangan semusim,404,https://perbenihanhorti.id/proseed/uploads/varimage/Kubis%20KU%2030048.pdf
db-varsan,Tomat,TO 93028,,,sayuran/pangan semusim,404,https://perbenihanhorti.id/proseed/uploads/varimage/Tomat%20TO%2093028.pdf
db-varsan,Bawang Daun,BD 2458,,,sayuran/pangan semusim,404,https://perbenihanhorti.id/proseed/uploads/varimage/Bawang%20Daun%20BD%202458.pdf
db-varsan,Bit,Vantage,,,sayuran/pangan semusim,404,https://perbenihanhorti.id/proseed/uploads/varimage/Bit%20Vantage.pdf
db-varsan,Semangka,SNCJM03,,,sayuran/pangan semusim,404,https://perbenihanhorti.id/proseed/uploads/varimage/Semangka%20SNCJM03.pdf
db-varsan,Kacang Panjang,KPBI002,,,sayuran/pangan semusim,404,https://perbenihanhorti.id/proseed/uploads/varimage/Kacang%20KPBI002.pdf
db-varsan,Kacang Panjang,Jali Ireng,,,sayuran/pangan semusim,404,https://perbenihanhorti.id/proseed/uploads/varimage/Kacang%20Panjang%20Jali%20Ireng.pdf
db-varsan,Semangka,SNCJM02,,,sayuran/pangan semusim,404,https://perbenihanhorti.id/proseed/uploads/varimage/Semangka%20SNCJM02.pdf
db-varsan,Semangka,SNCJM01,,,sayuran/pangan semusim,404,https://perbenihanhorti.id/proseed/uploads/varimage/Semangka%20SNCJM01.pdf
db-varsan,Sawi putih / Petsai,CB 348,,,sayuran/pangan semusim,404,https://perbenihanhorti.id/proseed/uploads/varimage/Sawi%20CB%20348.pdf
db-varsan,Paria,PR 7012,,,sayuran/pangan semusim,404,https://perbenihanhorti.id/proseed/uploads/varimage/Paria%20PR%207012.pdf
db-varsan,Paria,PA 999,,,sayuran/pangan semusim,404,https://perbenihanhorti.id/proseed/uploads/varimage/Paria%20PA%20999.pdf
db-varsan,Labu,KB 563,,,sayuran/pangan semusim,404,https://perbenihanhorti.id/proseed/uploads/varimage/Kabocha%20KB%20563.pdf
db-varsan,Sawi Pahit/Mustard,Crystalhead,,,sayuran/pangan semusim,404,https://perbenihanhorti.id/proseed/uploads/varimage/Sawi%20Pahit%20Crystalhead.pdf
db-varsan,Bit,Crimson Globe,,,sayuran/pangan semusim,404,https://perbenihanhorti.id/proseed/uploads/varimage/Bit%20Crimson%20Globe.pdf
db-varsan,Tomat Ceri,HMX 5797,,,sayuran/pangan semusim,404,https://perbenihanhorti.id/proseed/uploads/varimage/Tomat%20Ceri%20HMX%205797.pdf
db-varsan,Mentimun,Pertiwi,,,sayuran/pangan semusim,404,https://perbenihanhorti.id/proseed/uploads/varimage/MARIGOLD%20PERTIWI.pdf
db-varsan,Paria,PA 17725,,,sayuran/pangan semusim,404,https://perbenihanhorti.id/proseed/uploads/varimage/Paria%20PA%2017725.pdf
db-varsan,Melon,ME 1349,,,sayuran/pangan semusim,404,https://perbenihanhorti.id/proseed/uploads/varimage/Melon%20ME%201349.pdf
db-varsan,Labu,LA 114,,,sayuran/pangan semusim,404,https://perbenihanhorti.id/proseed/uploads/varimage/Labu%20LA%20114.pdf
db-varsan,Bawang Merah,Ambassador 4 Agrihorti,,,sayuran/pangan semusim,404,https://perbenihanhorti.id/proseed/uploads/varimage/Bawang%20Merah%20Ambassador%204%20Agrihorti.pdf
db-varsan,Semangka,SJ102,,,sayuran/pangan semusim,404,https://perbenihanhorti.id/proseed/uploads/varimage/Semangka%20SJ102.pdf
db-varsan,Tomat,Tough Boy Fight,,,sayuran/pangan semusim,404,https://perbenihanhorti.id/proseed/uploads/varimage/Tomat%20Tough%20Boy%20Fight.pdf
db-varsan,Tomat,BT 582,,,sayuran/pangan semusim,404,https://perbenihanhorti.id/proseed/uploads/varimage/Tomat%20BT%20582.pdf
db-varsan,Terong,Money Maker No 2,,,sayuran/pangan semusim,404,https://perbenihanhorti.id/proseed/uploads/varimage/Terong%20Money%20Maker%20No%202.pdf
db-varsan,Semangka,SE 18854,,,sayuran/pangan semusim,404,https://perbenihanhorti.id/proseed/uploads/varimage/Semangka%20SE%2018854.pdf
db-varsan,Sawi putih / Petsai,CC 801,,,sayuran/pangan semusim,404,https://perbenihanhorti.id/proseed/uploads/varimage/Sawi%20Putih%20CC%20801.pdf
db-varsan,Sawi Pahit/Mustard,WASA 54,,,sayuran/pangan semusim,404,https://perbenihanhorti.id/proseed/uploads/varimage/Sawi%20Pahit%20WASA%2054.pdf
db-varsan,Paprika,Spider,,,sayuran/pangan semusim,404,https://perbenihanhorti.id/proseed/uploads/varimage/Paprika%20Spider.pdf
db-varsan,Mizuna,TI 120,,,sayuran/pangan semusim,404,https://perbenihanhorti.id/proseed/uploads/varimage/Mizuna%20TI%20120.pdf
db-varsan,Mentimun,B 40,,,sayuran/pangan semusim,404,https://perbenihanhorti.id/proseed/uploads/varimage/Mentimun%20B%2040.pdf
db-varsan,Kubis Bunga,CF 701,,,sayuran/pangan semusim,404,https://perbenihanhorti.id/proseed/uploads/varimage/Kubis%20Bunga%20CF%20701.pdf
db-varsan,Jagung Pulut Manis,WC 19154,,,sayuran/pangan semusim,404,https://perbenihanhorti.id/proseed/uploads/varimage/Jagung%20Pulut%20Manis%20WC%2019154.pdf
db-varsan,Cabai Keriting,Pancanaka Agrihorti,,,sayuran/pangan semusim,404,https://perbenihanhorti.id/proseed/uploads/varimage/Cabai%20Keriting%20Pancanaka%20Agrihorti.pdf
db-varsan,Kacang Buncis,H 93,,,sayuran/pangan semusim,404,https://perbenihanhorti.id/proseed/uploads/varimage/Buncis%20H%2093.pdf
db-varsan,Kacang Buncis,H 54,,,sayuran/pangan semusim,404,https://perbenihanhorti.id/proseed/uploads/varimage/Buncis%20H%2054.pdf
db-varsan,Brokoli,TMBC 001,,,sayuran/pangan semusim,404,https://perbenihanhorti.id/proseed/uploads/varimage/Brokoli%20TMBC%20001.pdf
db-varsan,Bayam,AM 01,,,sayuran/pangan semusim,404,https://perbenihanhorti.id/proseed/uploads/varimage/Bayam%20AM%2001.pdf
db-varsan,Bawang Merah,Ambassador 3 Agrihorti,,,sayuran/pangan semusim,404,https://perbenihanhorti.id/proseed/uploads/varimage/Bawang%20Merah%20Ambassador%203%20Agrihorti.pdf
db-varsan,Bawang Merah,Ambassador 2 Agrihorti,,,sayuran/pangan semusim,404,https://perbenihanhorti.id/proseed/uploads/varimage/Bawang%20Merah%20Ambassador%202%20Agrihorti.pdf
db-varsan,Terong,TB 3976,,,sayuran/pangan semusim,404,https://perbenihanhorti.id/proseed/uploads/varimage/Terong%20TB%203976.pdf
db-varsan,Semangka,SE GT 31,,,sayuran/pangan semusim,404,https://perbenihanhorti.id/proseed/uploads/varimage/Semangka%20SE%20GT%2031.pdf
db-varsan,Semangka,SE GT 08,,,sayuran/pangan semusim,404,https://perbenihanhorti.id/proseed/uploads/varimage/Semangka%20SE%20GT%2008.pdf
db-varsan,Slada,BISI SL 03,,,sayuran/pangan semusim,404,https://perbenihanhorti.id/proseed/uploads/varimage/Selada%20BISI%20SL%2003.pdf
db-varsan,Mentimun,ME GT 11,,,sayuran/pangan semusim,404,https://perbenihanhorti.id/proseed/uploads/varimage/Mentimun%20ME%20GT%2011.pdf
db-varsan,Melon,LA 02,,,sayuran/pangan semusim,404,https://perbenihanhorti.id/proseed/uploads/varimage/Melon%20LA%2002.pdf
db-varsan,Melon,HDO 07,,,sayuran/pangan semusim,404,https://perbenihanhorti.id/proseed/uploads/varimage/Melon%20HDO%2007.pdf
db-varsan,Kubis,Kando,,,sayuran/pangan semusim,404,https://perbenihanhorti.id/proseed/uploads/varimage/Kubis%20Kando.pdf
db-varsan,Kentang,Papita Agrihorti,,,sayuran/pangan semusim,404,https://perbenihanhorti.id/proseed/uploads/varimage/Kentang%20Papita%20Agrihorti.pdf
db-varsan,Semangka,SE 019,,,sayuran/pangan semusim,404,https://perbenihanhorti.id/proseed/uploads/varimage/Semangka%20SE%20019.pdf
db-varsan,Sawi Sendok/Pak Choi,Awiki,,,sayuran/pangan semusim,404,https://perbenihanhorti.id/proseed/uploads/varimage/Sawi%20Sendok%20Awiki.pdf
db-varsan,Sawi putih / Petsai,Giwa,,,sayuran/pangan semusim,404,https://perbenihanhorti.id/proseed/uploads/varimage/Sawi%20Putih%20Giwa.pdf
db-varsan,Paria,PA 16998,,,sayuran/pangan semusim,404,https://perbenihanhorti.id/proseed/uploads/varimage/Paria%20PA%2016998.pdf
db-varsan,Paprika,Deniro,,,sayuran/pangan semusim,404,https://perbenihanhorti.id/proseed/uploads/varimage/Paprika%20Deniro.pdf
db-varsan,Mentimun,KE 972,,,sayuran/pangan semusim,404,https://perbenihanhorti.id/proseed/uploads/varimage/Mentimun%20KE%20972.pdf
db-varsan,Kubis,Red Jewel,,,sayuran/pangan semusim,404,https://perbenihanhorti.id/proseed/uploads/varimage/Kubis%20Red%20Jewel.pdf
db-varsan,Kangkung,Kiki,,,sayuran/pangan semusim,404,https://perbenihanhorti.id/proseed/uploads/varimage/Kangkung%20Kiki.pdf
db-varsan,Kangkung,Dino,,,sayuran/pangan semusim,404,https://perbenihanhorti.id/proseed/uploads/varimage/Kangkung%20Dino.pdf
db-varsan,Kacang Panjang,KP 116,,,sayuran/pangan semusim,404,https://perbenihanhorti.id/proseed/uploads/varimage/Kacang%20Panjang%20KP%20116.pdf
db-varsan,Kacang Panjang,Jalu,,,sayuran/pangan semusim,404,https://perbenihanhorti.id/proseed/uploads/varimage/Kacang%20Panjang%20Jalu.pdf
db-varsan,Jagung Manis,WC 19180,,,sayuran/pangan semusim,404,https://perbenihanhorti.id/proseed/uploads/varimage/Jagung%20Pulut%20Manis%20WC%2019180.pdf
db-varsan,Jagung Manis,SNC102,,,sayuran/pangan semusim,404,https://perbenihanhorti.id/proseed/uploads/varimage/Jagung%20Manis%20SNC102.pdf
db-varsan,Jagung Manis,SNC101,,,sayuran/pangan semusim,404,https://perbenihanhorti.id/proseed/uploads/varimage/Jagung%20Manis%20SNC101.pdf
db-varsan,Jagung Manis,HSC 03,,,sayuran/pangan semusim,404,https://perbenihanhorti.id/proseed/uploads/varimage/Jagung%20Manis%20HSC%2003.pdf
db-varsan,Jagung Manis,Hibrix 59,,,sayuran/pangan semusim,404,https://perbenihanhorti.id/proseed/uploads/varimage/Jagung%20Manis%20Hibrix%2059.pdf
db-varsan,Cabai Rawit,HPR 16,,,sayuran/pangan semusim,404,https://perbenihanhorti.id/proseed/uploads/varimage/Cabai%20Rawit%20HPR%2016.pdf
db-varsan,Kacang Buncis,Umari,,,sayuran/pangan semusim,404,https://perbenihanhorti.id/proseed/uploads/varimage/Buncis%20Umari.pdf
db-varsan,Kacang Buncis,BU 593,,,sayuran/pangan semusim,404,https://perbenihanhorti.id/proseed/uploads/varimage/Buncis%20BU%20593.pdf
db-varsan,Bayam,Novia,,,sayuran/pangan semusim,404,https://perbenihanhorti.id/proseed/uploads/varimage/Bayam%20Novia.pdf
db-varsan,Bawang Merah,Gayo,,,sayuran/pangan semusim,404,https://perbenihanhorti.id/proseed/uploads/varimage/NENAS%20GAYO.pdf
db-varsan,Tomat,TO 0381,,,sayuran/pangan semusim,404,https://perbenihanhorti.id/proseed/uploads/varimage/Tomat%20TO%200381.pdf
db-varsan,Sawi putih / Petsai,Donyan,,,sayuran/pangan semusim,404,https://perbenihanhorti.id/proseed/uploads/varimage/Sawi%20Putih%20Donyan.pdf
db-varsan,Kubis,Saitama,,,sayuran/pangan semusim,404,https://perbenihanhorti.id/proseed/uploads/varimage/Kubis%20Saitama.pdf
db-varsan,Kubis Bunga,KF 9491,,,sayuran/pangan semusim,404,https://perbenihanhorti.id/proseed/uploads/varimage/Kubis%20Bunga%20KF%209491.pdf
db-varsan,Cabai Keriting,CK 2016,,,sayuran/pangan semusim,404,https://perbenihanhorti.id/proseed/uploads/varimage/Cabai%20Keriting%20CK%202016.pdf
db-varsan,Tomat,TO 93385,,,sayuran/pangan semusim,404,https://perbenihanhorti.id/proseed/uploads/varimage/Tomat%20TO%2093385.pdf
db-varsan,Semangka,SJ101,,,sayuran/pangan semusim,404,https://perbenihanhorti.id/proseed/uploads/varimage/Semangka%20SJ101.pdf
db-varsan,Sawi Pahit/Mustard,Mustika 99,,,sayuran/pangan semusim,404,https://perbenihanhorti.id/proseed/uploads/varimage/Sawi%20Pahit%20Mustika%2099.pdf
db-varsan,Sawi hijau,Olive 71,,,sayuran/pangan semusim,404,https://perbenihanhorti.id/proseed/uploads/varimage/Sawi%20Hijau%20Olive%2071.pdf
db-varsan,Paria,PAR 26,,,sayuran/pangan semusim,404,https://perbenihanhorti.id/proseed/uploads/varimage/Paria%20PAR%2026.pdf
db-varsan,Krai,BISI KR 01,,,sayuran/pangan semusim,404,https://perbenihanhorti.id/proseed/uploads/varimage/Krai%20BISI%20KR%2001.pdf
db-varsan,Kentang,IPB CP 1,,,sayuran/pangan semusim,404,https://perbenihanhorti.id/proseed/uploads/varimage/Kentang%20IPB%20CP%201.pdf
db-varsan,Kacang Panjang,OT 202,,,sayuran/pangan semusim,404,https://perbenihanhorti.id/proseed/uploads/varimage/Kacang%20Panjang%20OT%20202.pdf
db-varsan,Kacang Panjang,OT 57,,,sayuran/pangan semusim,404,https://perbenihanhorti.id/proseed/uploads/varimage/Kacang%20Panjang%20OT%2057.pdf
db-varsan,Kacang Panjang,OT 28,,,sayuran/pangan semusim,404,https://perbenihanhorti.id/proseed/uploads/varimage/Kacang%20Panjang%20OT%2028.pdf
db-varsan,Kacang Panjang,KP 11333,,,sayuran/pangan semusim,404,https://perbenihanhorti.id/proseed/uploads/varimage/Kacang%20Panjang%20KP%2011333.pdf
db-varsan,Kacang Panjang,Black Seed,,,sayuran/pangan semusim,404,https://perbenihanhorti.id/proseed/uploads/varimage/Kacang%20Panjang%20Black%20Seed.pdf
db-varsan,Jagung Manis,SC 9731,,,sayuran/pangan semusim,404,https://perbenihanhorti.id/proseed/uploads/varimage/Jagung%20Manis%20SC%209731.pdf
db-varsan,Jagung Manis,Brawijaya Sweet 02,,,sayuran/pangan semusim,404,https://perbenihanhorti.id/proseed/uploads/varimage/Jagung%20Manis%20Brawijaya%20Sweet%2002.pdf
db-varsan,Jagung Manis,Brawijaya Sweet 01,,,sayuran/pangan semusim,404,https://perbenihanhorti.id/proseed/uploads/varimage/Jagung%20Manis%20Brawijaya%20Sweet%2001.pdf
db-varsan,Jagung Manis,16LS002,,,sayuran/pangan semusim,404,https://perbenihanhorti.id/proseed/uploads/varimage/Jagung%20Manis%2016LS002.pdf
db-varsan,Jagung Manis,16LS001,,,sayuran/pangan semusim,404,https://perbenihanhorti.id/proseed/uploads/varimage/Jagung%20Manis%2016LS001.pdf
db-varsan,Jagung Manis,14LS006,,,sayuran/pangan semusim,404,https://perbenihanhorti.id/proseed/uploads/varimage/Jagung%20Manis%2014LS006.pdf
db-varsan,Cabai Rawit,CRV 212,,,sayuran/pangan semusim,404,https://perbenihanhorti.id/proseed/uploads/varimage/Cabai%20Rawit%20CRV%20212.pdf
db-varsan,Cabai Rawit,CRV 211,,,sayuran/pangan semusim,404,https://perbenihanhorti.id/proseed/uploads/varimage/Cabai%20Rawit%20CRV%20211.pdf
db-varsan,Cabai Besar,CB 77451,,,sayuran/pangan semusim,404,https://perbenihanhorti.id/proseed/uploads/varimage/Cabai%20Besar%20CB%2077451.pdf
db-varsan,Blewah,BISI BW 02,,,sayuran/pangan semusim,404,https://perbenihanhorti.id/proseed/uploads/varimage/Blewah%20BISI%20BW%2002.pdf
db-varsan,Bayam,Pertiwi,,,sayuran/pangan semusim,404,https://perbenihanhorti.id/proseed/uploads/varimage/MARIGOLD%20PERTIWI.pdf
db-varsan,Terong,TP 20964,,,sayuran/pangan semusim,404,https://perbenihanhorti.id/proseed/uploads/varimage/Terong%20TP%2020964.pdf
db-varsan,Sawi putih / Petsai,Tycoon,,,sayuran/pangan semusim,404,https://perbenihanhorti.id/proseed/uploads/varimage/Sawi%20Putih%20Tycoon.pdf
db-varsan,Sawi putih / Petsai,Rolexo,,,sayuran/pangan semusim,404,https://perbenihanhorti.id/proseed/uploads/varimage/Sawi%20Putih%20Rolexo.pdf
db-varsan,Melon,Gully,,,sayuran/pangan semusim,404,https://perbenihanhorti.id/proseed/uploads/varimage/Melon%20Gully.pdf
db-varsan,Kacang Panjang,KP 117,,,sayuran/pangan semusim,404,https://perbenihanhorti.id/proseed/uploads/varimage/Kacang%20Panjang%20KP%20117.pdf
db-varsan,Terong,MBTR 02,,,sayuran/pangan semusim,404,https://perbenihanhorti.id/proseed/uploads/varimage/Terong%20MBTR%2002.pdf
db-varsan,Sawi hijau,GS 43,,,sayuran/pangan semusim,404,https://perbenihanhorti.id/proseed/uploads/varimage/Sawi%20Hijau%20GS%2043.pdf
db-varsan,Mentimun,MBTM 03,,,sayuran/pangan semusim,404,https://perbenihanhorti.id/proseed/uploads/varimage?
db-varsan,Mentimun,B 017,,,sayuran/pangan semusim,404,https://perbenihanhorti.id/proseed/uploads/varimage/Mentimun%20B%20017.pdf
db-varsan,Kubis,Trendy,,,sayuran/pangan semusim,404,https://perbenihanhorti.id/proseed/uploads/varimage/Kubis%20Trendy.pdf
db-varsan,Kacang Panjang,OT 222,,,sayuran/pangan semusim,404,https://perbenihanhorti.id/proseed/uploads/varimage/Kacang%20Panjang%20OT%20222.pdf
db-varsan,Jagung Pulut Manis,Kabaret,,,sayuran/pangan semusim,404,https://perbenihanhorti.id/proseed/uploads/varimage/Jagung%20Pulut%20Manis%20Kabaret.pdf
db-varsan,Jagung Manis,RS 01,,,sayuran/pangan semusim,404,https://perbenihanhorti.id/proseed/uploads/varimage/Jagung%20Manis%20RS%2001.pdf
db-varsan,Cabai Rawit,MBCR 03,,,sayuran/pangan semusim,404,https://perbenihanhorti.id/proseed/uploads/varimage/Cabai%20Rawit%20MBCR%2003.pdf
db-varsan,Bawang Merah,Ambassador 1 Agrihorti,,,sayuran/pangan semusim,404,https://perbenihanhorti.id/proseed/uploads/varimage/Bawang%20Merah%20Ambassador%201%20Agrihorti.pdf
db-varsan,Tomat,TO 83615,,,sayuran/pangan semusim,404,https://perbenihanhorti.id/proseed/uploads/varimage/Tomat%20TO%2083615.pdf
db-varsan,Mentimun,Timundo 25,,,sayuran/pangan semusim,404,https://perbenihanhorti.id/proseed/uploads/varimage/Mentimun%20Timundo%2025.pdf
db-varsan,Kubis,Ruby PFN,,,sayuran/pangan semusim,404,https://perbenihanhorti.id/proseed/uploads/varimage/Kubis%20Ruby%20PFN.pdf
db-varsan,Jagung Manis,Satya,,,sayuran/pangan semusim,404,https://perbenihanhorti.id/proseed/uploads/varimage/Jagung%20Manis%20Satya.pdf
db-varsan,Jagung Manis,Mira,,,sayuran/pangan semusim,404,https://perbenihanhorti.id/proseed/uploads/varimage/Jagung%20Manis%20Mira.pdf
db-varsan,Tomat,TV 1574,,,sayuran/pangan semusim,404,https://perbenihanhorti.id/proseed/uploads/varimage/Tomat%20TV%201574.pdf
db-varsan,Semangka,AG 28,,,sayuran/pangan semusim,404,https://perbenihanhorti.id/proseed/uploads/varimage/Semangka%20AG%2028.pdf
db-varsan,Mentimun,TR 3153,,,sayuran/pangan semusim,404,https://perbenihanhorti.id/proseed/uploads/varimage/Mentimun%20TR%203153.pdf
db-varsan,Mentimun,Maya,,,sayuran/pangan semusim,404,https://perbenihanhorti.id/proseed/uploads/varimage/Mentimun%20Maya.pdf
db-varsan,Mentimun,KE 36138,,,sayuran/pangan semusim,404,https://perbenihanhorti.id/proseed/uploads/varimage/Mentimun%20KE%2036138.pdf
db-varsan,Melon,Merlion,,,sayuran/pangan semusim,404,https://perbenihanhorti.id/proseed/uploads/varimage/Melon%20Merlion.pdf
db-varsan,Jagung Pulut Manis,Simba,,,sayuran/pangan semusim,404,https://perbenihanhorti.id/proseed/uploads/varimage/Jagung%20Pulut%20Manis%20Simba.pdf
db-varsan,Cabai Keriting,CK 9907,,,sayuran/pangan semusim,404,https://perbenihanhorti.id/proseed/uploads/varimage/Cabai%20Keriting%20CK%209907.pdf
db-varsan,Kacang Buncis,BISI BC 07,,,sayuran/pangan semusim,404,https://perbenihanhorti.id/proseed/uploads/varimage/Buncis%20BISI%20BC%2007.pdf
db-varsan,Bawang Daun,Tokyo Natsuguro No 2,,,sayuran/pangan semusim,404,https://perbenihanhorti.id/proseed/uploads/varimage/Bawang%20Daun%20Tokyo%20Natsuguro%20No%202.pdf
db-varsan,Terong,TP 813,,,sayuran/pangan semusim,404,https://perbenihanhorti.id/proseed/uploads/varimage/Terong%20TP%20813.pdf
db-varsan,Terong,TP 782,,,sayuran/pangan semusim,404,https://perbenihanhorti.id/proseed/uploads/varimage/Terong%20TP%20782.pdf
db-varsan,Terong,TP 777,,,sayuran/pangan semusim,404,https://perbenihanhorti.id/proseed/uploads/varimage/Terong%20TP%20777.pdf
db-varsan,Spinach,Mozart,,,sayuran/pangan semusim,404,https://perbenihanhorti.id/proseed/uploads/varimage/Spinach%20Mozart.pdf
db-varsan,Sawi hijau,Nara,,,sayuran/pangan semusim,404,https://perbenihanhorti.id/proseed/uploads/varimage/Sawi%20Hijau%20Nara.pdf
db-varsan,Paprika,Samshon,,,sayuran/pangan semusim,404,https://perbenihanhorti.id/proseed/uploads/varimage/Paprika%20Samshon.pdf
db-varsan,Mentimun,KE 36761,,,sayuran/pangan semusim,404,https://perbenihanhorti.id/proseed/uploads/varimage/Mentimun%20KE%2036761.pdf
db-varsan,Melon,ME 2049,,,sayuran/pangan semusim,404,https://perbenihanhorti.id/proseed/uploads/varimage/Melon%20ME%202049.pdf
db-varsan,Melon,ME 2049,,,sayuran/pangan semusim,404,https://perbenihanhorti.id/proseed/uploads/varimage/Melon%20ME%202049.pdf
db-varsan,Kacang Panjang,Kintan,,,sayuran/pangan semusim,404,https://perbenihanhorti.id/proseed/uploads/varimage/Kacang%20Panjang%20Kintan.pdf
db-varsan,Jagung Pulut Manis,Sejoli,,,sayuran/pangan semusim,404,https://perbenihanhorti.id/proseed/uploads/varimage/Jagung%20Pulut%20Manis%20Sejoli.pdf
db-varsan,Jagung Manis,MBJM 01,,,sayuran/pangan semusim,404,https://perbenihanhorti.id/proseed/uploads/varimage/Jagung%20Manis%20MBJM%2001.pdf
db-varsan,Bawang Merah,Tropix,,,sayuran/pangan semusim,404,https://perbenihanhorti.id/proseed/uploads/varimage/Bawang%20Merah%20Tropix.pdf
db-varsan,Zukini,ZU 301,,,sayuran/pangan semusim,404,https://perbenihanhorti.id/proseed/uploads/varimage/Zucchini%20ZU%20301.pdf
db-varsan,Zukini,BISI ZU 03,,,sayuran/pangan semusim,404,https://perbenihanhorti.id/proseed/uploads/varimage/Zucchini%20BISI%20ZU%2003.pdf
db-varsan,Semangka,SKW 27,,,sayuran/pangan semusim,404,https://perbenihanhorti.id/proseed/uploads/varimage/Semangka%20SKW%2027.pdf
db-varsan,Seledri,Cut Green,,,sayuran/pangan semusim,404,https://perbenihanhorti.id/proseed/uploads/varimage/Seledri%20Cut%20Green.pdf
db-varsan,Kentang,Spudy Agrihorti,,,sayuran/pangan semusim,404,https://perbenihanhorti.id/proseed/uploads/varimage/Kentang%20Spudy%20Agrihorti.pdf
db-varsan,Cabai Rawit,Rojo,,,sayuran/pangan semusim,404,https://perbenihanhorti.id/proseed/uploads/varimage/Cabai%20Rawit%20Rojo.pdf
db-varsan,Blewah,BL 896,,,sayuran/pangan semusim,404,https://perbenihanhorti.id/proseed/uploads/varimage/Blewah%20BL%20896.pdf
db-varsan,Paprika,AFN PM 01,,,sayuran/pangan semusim,404,https://perbenihanhorti.id/proseed/uploads/varimage/Paprika%20AFN%20PM%2001.pdf
db-varsan,Oyong / Gambas,OY 2745,,,sayuran/pangan semusim,404,https://perbenihanhorti.id/proseed/uploads/varimage/Oyong%20OY%202745.pdf
db-varsan,Mentimun,TL 3312,,,sayuran/pangan semusim,404,https://perbenihanhorti.id/proseed/uploads/varimage/Mentimun%20TL%203312.pdf
db-varsan,Mentimun,Romansa,,,sayuran/pangan semusim,404,https://perbenihanhorti.id/proseed/uploads/varimage/Mentimun%20Romansa.pdf
db-varsan,Melon,HME 216,,,sayuran/pangan semusim,404,https://perbenihanhorti.id/proseed/uploads/varimage/Melon%20HME%20216.pdf
db-varsan,Cabai Rawit,Tetra Hijau,,,sayuran/pangan semusim,404,https://perbenihanhorti.id/proseed/uploads/varimage/Cabai%20Rawit%20Tetra%20Hijau.pdf
db-varsan,Cabai Rawit,Ratuni Unpad,,,sayuran/pangan semusim,404,https://perbenihanhorti.id/proseed/uploads/varimage/Cabai%20Rawit%20Ratuni%20Unpad.pdf
db-varsan,Cabai Rawit,Pangestu,,,sayuran/pangan semusim,404,https://perbenihanhorti.id/proseed/uploads/varimage/Cabai%20Rawit%20Pangestu.pdf
db-varsan,Cabai Rawit,CRT 2241,,,sayuran/pangan semusim,404,https://perbenihanhorti.id/proseed/uploads/varimage/Cabai%20Rawit%20CRT%202241.pdf
db-varsan,Kacang Buncis,BU 6457,,,sayuran/pangan semusim,404,https://perbenihanhorti.id/proseed/uploads/varimage/Buncis%20BU%206457.pdf
db-varsan,Tomat,Tomindo 24,,,sayuran/pangan semusim,404,https://perbenihanhorti.id/proseed/uploads/varimage/Tomat%20Tomindo%2024.pdf
db-varsan,Tomat,Artana 428,,,sayuran/pangan semusim,404,https://perbenihanhorti.id/proseed/uploads/varimage/Tomat%20Artana%20428.pdf
db-varsan,Semangka,Hokkyna 1,,,sayuran/pangan semusim,404,https://perbenihanhorti.id/proseed/uploads/varimage/Semangka%20Hokkyna%201.pdf
db-varsan,Semangka,Dev 1,,,sayuran/pangan semusim,404,https://perbenihanhorti.id/proseed/uploads/varimage/Semangka%20Dev%201.pdf
db-varsan,Pare Belut,BISI PB 02,,,sayuran/pangan semusim,404,https://perbenihanhorti.id/proseed/uploads/varimage/Pare%20Belut%20BISI%20PB%2002.pdf
db-varsan,Cabai Keriting,Samido 341,,,sayuran/pangan semusim,404,https://perbenihanhorti.id/proseed/uploads/varimage/Cabai%20Keriting%20Samido%20341.pdf
db-varsan,Cabai Besar,Carvi Agrihorti,,,sayuran/pangan semusim,404,https://perbenihanhorti.id/proseed/uploads/varimage/Cabai%20Besar%20Carvi%20Agrihorti.pdf
db-varsan,Bawang Merah,Violetta 3 Agrihorti,,,sayuran/pangan semusim,404,https://perbenihanhorti.id/proseed/uploads/varimage/Bawang%20Merah%20Violetta%203%20Agrihorti.pdf
db-varsan,Wortel,Gundaling,,,sayuran/pangan semusim,404,https://perbenihanhorti.id/proseed/uploads/varimage/Wortel%20Gundaling.pdf
db-varsan,Tomat,TO 540,,,sayuran/pangan semusim,404,https://perbenihanhorti.id/proseed/uploads/varimage/Tomat%20TO%20540.pdf
db-varsan,Terong,MBTR 01,,,sayuran/pangan semusim,404,https://perbenihanhorti.id/proseed/uploads/varimage/Terong%20MBTR%2001.pdf
db-varsan,Paria,Lisa,,,sayuran/pangan semusim,404,https://perbenihanhorti.id/proseed/uploads/varimage/Paria%20Lisa.pdf
db-varsan,Paria,C 100,,,sayuran/pangan semusim,404,https://perbenihanhorti.id/proseed/uploads/varimage/Paria%20C%20100.pdf
db-varsan,Melon,MBME 02,,,sayuran/pangan semusim,404,https://perbenihanhorti.id/proseed/uploads/varimage/Melon%20MBME%2002.pdf
db-varsan,Kacang Ercis,Berastagi,,,sayuran/pangan semusim,404,https://perbenihanhorti.id/proseed/uploads/varimage/Kacang%20Ercis%20Berastagi.pdf
db-varsan,Bawang Merah,Violetta 2 Agrihorti,,,sayuran/pangan semusim,404,https://perbenihanhorti.id/proseed/uploads/varimage/Bawang%20Merah%20Violetta%202%20Agrihorti.pdf
db-varsan,Bawang Merah,Maserati,,,sayuran/pangan semusim,404,https://perbenihanhorti.id/proseed/uploads/varimage/Bawang%20Merah%20Maserati.pdf
db-varsan,Tomat,TO RPA 02,,,sayuran/pangan semusim,404,https://perbenihanhorti.id/proseed/uploads/varimage/Tomat%20TO%20RPA%2002.pdf
db-varsan,Tomat,Anna 165,,,sayuran/pangan semusim,404,https://perbenihanhorti.id/proseed/uploads/varimage/Tomat%20Anna%20165.pdf
db-varsan,Terong,TP 21724,,,sayuran/pangan semusim,404,https://perbenihanhorti.id/proseed/uploads/varimage/Terong%20TP%2021724.pdf
db-varsan,Pare Belut,BISI PB 01,,,sayuran/pangan semusim,404,https://perbenihanhorti.id/proseed/uploads/varimage/Pare%20Belut%20BISI%20PB%2001.pdf
db-varsan,Sawi Sendok/Pak Choi,PK 123,,,sayuran/pangan semusim,404,https://perbenihanhorti.id/proseed/uploads/varimage/Pak%20Choy%20PK%20123.pdf
db-varsan,Mentimun,MRPA 26,,,sayuran/pangan semusim,404,https://perbenihanhorti.id/proseed/uploads/varimage/Mentimun%20MRPA%2026.pdf
db-varsan,Mentimun,MRPA 17,,,sayuran/pangan semusim,404,https://perbenihanhorti.id/proseed/uploads/varimage/Mentimun%20MRPA%2017.pdf
db-varsan,Mentimun,MBTM 01 B,,,sayuran/pangan semusim,404,https://perbenihanhorti.id/proseed/uploads/varimage/Mentimun%20MBTM%2001%20B.pdf
db-varsan,Melon,Glory,,,sayuran/pangan semusim,404,https://perbenihanhorti.id/proseed/uploads/varimage/Melon%20Glory.pdf
db-varsan,Kailan,KL 69,,,sayuran/pangan semusim,404,https://perbenihanhorti.id/proseed/uploads/varimage/Kailan%20KL%2069.pdf
db-varsan,Kacang Panjang,ONE212,,,sayuran/pangan semusim,404,https://perbenihanhorti.id/proseed/uploads/varimage/Kacang%20Panjang%20ONE212.pdf
db-varsan,Kacang Panjang,KP 602,,,sayuran/pangan semusim,404,https://perbenihanhorti.id/proseed/uploads/varimage/Kacang%20Panjang%20KP%20602.pdf
db-varsan,Jagung Pulut Manis,Pertiwi,,,sayuran/pangan semusim,404,https://perbenihanhorti.id/proseed/uploads/varimage/MARIGOLD%20PERTIWI.pdf
db-varsan,Jagung Manis,Ponton,,,sayuran/pangan semusim,404,https://perbenihanhorti.id/proseed/uploads/varimage/Jagung%20Manis%20Ponton.pdf
db-varsan,Cabai Rawit,Robin,,,sayuran/pangan semusim,404,https://perbenihanhorti.id/proseed/uploads/varimage/Cabai%20Rawit%20Robin.pdf
db-varsan,Cabai Rawit,MBCR 02,,,sayuran/pangan semusim,404,https://perbenihanhorti.id/proseed/uploads/varimage/Cabai%20Rawit%20MBCR%2002.pdf
db-varsan,Cabai Rawit,MBCR 01,,,sayuran/pangan semusim,404,https://perbenihanhorti.id/proseed/uploads/varimage/Cabai%20Rawit%20MBCR%2001.pdf
db-varsan,Cabai Rawit,AFN CR 01,,,sayuran/pangan semusim,404,https://perbenihanhorti.id/proseed/uploads/varimage/Cabai%20Rawit%20AFN%20CR01.pdf
db-varsan,Cabai Keriting,Rampalis 345,,,sayuran/pangan semusim,404,https://perbenihanhorti.id/proseed/uploads/varimage/Cabai%20Keriting%20Rampalis%20345.pdf
db-varsan,Cabai Keriting,ONE 0401,,,sayuran/pangan semusim,404,https://perbenihanhorti.id/proseed/uploads/varimage/Cabai%20Keriting%20ONE0401.pdf
db-varsan,Cabai Keriting,Jodha,,,sayuran/pangan semusim,404,https://perbenihanhorti.id/proseed/uploads/varimage/Cabai%20Keriting%20Jodha.pdf
db-varsan,Semangka,Unipolar,,,sayuran/pangan semusim,404,https://perbenihanhorti.id/proseed/uploads/varimage/Semangka%20Unipolar.pdf
db-varsan,Tomat,TO 01533,,,sayuran/pangan semusim,404,https://perbenihanhorti.id/proseed/uploads/varimage/Tomat%20TO%2001533.pdf
db-varsan,Seledri,CE 187,,,sayuran/pangan semusim,404,https://perbenihanhorti.id/proseed/uploads/varimage/Seledri%20CE%20187.pdf
db-varsan,Seledri,CE,,,sayuran/pangan semusim,404,https://perbenihanhorti.id/proseed/uploads/varimage?
db-varsan,Oyong / Gambas,OYONG 09558,,,sayuran/pangan semusim,404,https://perbenihanhorti.id/proseed/uploads/varimage/Oyong%20OYONG%2009558.pdf
db-varsan,Oyong / Gambas,OYONG 09278,,,sayuran/pangan semusim,404,https://perbenihanhorti.id/proseed/uploads/varimage/Oyong%20OYONG%2009278.pdf
db-varsan,Melon,MELON 06143,,,sayuran/pangan semusim,404,https://perbenihanhorti.id/proseed/uploads/varimage/Melon%20MELON%2006143.pdf
db-varsan,Melon,MELON 06139,,,sayuran/pangan semusim,404,https://perbenihanhorti.id/proseed/uploads/varimage/Melon%20MELON%2006139.pdf
db-varsan,Labu Air,LA 100,,,sayuran/pangan semusim,404,https://perbenihanhorti.id/proseed/uploads/varimage/Labu%20Air%20LA%20100.pdf
db-varsan,Labu Air,LA 087,,,sayuran/pangan semusim,404,https://perbenihanhorti.id/proseed/uploads/varimage/Labu%20Air%20LA%20087.pdf
db-varsan,Cabai Rawit,CF 3254,,,sayuran/pangan semusim,404,https://perbenihanhorti.id/proseed/uploads/varimage/Cabai%20Rawit%20CF%203254.pdf
db-varsan,Cabai Keriting,CABAI KERITING 10818,,,sayuran/pangan semusim,404,https://perbenihanhorti.id/proseed/uploads/varimage/Cabai%20Keriting%20CABAI%20KERITING%2010818.pdf
db-varsan,Bawang Merah,Srikayang,,,sayuran/pangan semusim,404,https://perbenihanhorti.id/proseed/uploads/varimage/Bawang%20Merah%20Srikayang.pdf
db-varsan,Semangka,Fujio,,,sayuran/pangan semusim,404,https://perbenihanhorti.id/proseed/uploads/varimage/Semangka%20fujio.pdf
db-varsan,Slada,SL 840,,,sayuran/pangan semusim,404,https://perbenihanhorti.id/proseed/uploads/varimage/Selada%20SL%20840.pdf
db-varsan,Sawi putih / Petsai,Melody,,,sayuran/pangan semusim,404,https://perbenihanhorti.id/proseed/uploads/varimage/Sawi%20Putih%20Melody.pdf
db-varsan,Mentimun,AGB KE 0317,,,sayuran/pangan semusim,404,https://perbenihanhorti.id/proseed/uploads/varimage/Mentimun%20AGB%20KE%200317.pdf
db-varsan,Mentimun,AGB KE 0316,,,sayuran/pangan semusim,404,https://perbenihanhorti.id/proseed/uploads/varimage/Mentimun%20AGB%20KE%200316.pdf
db-varsan,Mentimun,AGB KE 0315,,,sayuran/pangan semusim,404,https://perbenihanhorti.id/proseed/uploads/varimage/Mentimun%20AGB%20KE%200315.pdf
db-varsan,Brokoli,Marathon,,,sayuran/pangan semusim,404,https://perbenihanhorti.id/proseed/uploads/varimage/Brokoli%20Marathon.pdf
db-varsan,Tomat,Sinta,,,sayuran/pangan semusim,404,https://perbenihanhorti.id/proseed/uploads/varimage/Tomat%20Sinta.pdf
db-varsan,Tomat,MBTO 01 H,,,sayuran/pangan semusim,404,https://perbenihanhorti.id/proseed/uploads/varimage/Tomat%20MBTO%2001%20H.pdf
db-varsan,Semangka,New Glory,,,sayuran/pangan semusim,404,https://perbenihanhorti.id/proseed/uploads/varimage/Semangka%20New%20Glory.pdf
db-varsan,Semangka,Mighty,,,sayuran/pangan semusim,404,https://perbenihanhorti.id/proseed/uploads/varimage/Semangka%20Mighty.pdf
db-varsan,Mentimun,KE 34290,,,sayuran/pangan semusim,404,https://perbenihanhorti.id/proseed/uploads/varimage/Mentimun%20KE%2034290.pdf
db-varsan,Melon,MBME 01,,,sayuran/pangan semusim,404,https://perbenihanhorti.id/proseed/uploads/varimage/Melon%20MBME%2001.pdf
db-varsan,Jagung Manis,Paragon,,,sayuran/pangan semusim,404,https://perbenihanhorti.id/proseed/uploads/varimage/Jagung%20Manis%20Paragon.pdf
db-varsan,Jagung Manis,Gelora,,,sayuran/pangan semusim,404,https://perbenihanhorti.id/proseed/uploads/varimage/Jagung%20Manis%20Gelora.pdf
db-varsan,Cabai Besar,Novis,,,sayuran/pangan semusim,404,https://perbenihanhorti.id/proseed/uploads/varimage/Cabai%20Besar%20Novis.pdf
db-varsan,Cabai Besar,CB 59506,,,sayuran/pangan semusim,404,https://perbenihanhorti.id/proseed/uploads/varimage/Cabai%20Besar%20CB%2059506.pdf
db-varsan,Kacang Buncis,BU 6337,,,sayuran/pangan semusim,404,https://perbenihanhorti.id/proseed/uploads/varimage/Buncis%20BU%206337.pdf
db-varsan,Wortel,Norma,,,sayuran/pangan semusim,404,https://perbenihanhorti.id/proseed/uploads/varimage/Wortel%20Norma.pdf
db-varsan,Semangka,Hammer,,,sayuran/pangan semusim,404,https://perbenihanhorti.id/proseed/uploads/varimage/Semangka%20Hammer.pdf
db-varsan,Semangka,BSS 89,,,sayuran/pangan semusim,404,https://perbenihanhorti.id/proseed/uploads/varimage/Semangka%20BSS%2089.pdf
db-varsan,Sawi putih / Petsai,SA 30010,,,sayuran/pangan semusim,404,https://perbenihanhorti.id/proseed/uploads/varimage/Sawi%20Putih%20SA%2030010.pdf
db-varsan,Sawi hijau,Ferina,,,sayuran/pangan semusim,404,https://perbenihanhorti.id/proseed/uploads/varimage/Sawi%20Hijau%20Ferina.pdf
db-varsan,Melon,ME 1685,,,sayuran/pangan semusim,404,https://perbenihanhorti.id/proseed/uploads/varimage/Melon%20ME%201685.pdf
db-varsan,Kubis Bunga,Spring 70,,,sayuran/pangan semusim,404,https://perbenihanhorti.id/proseed/uploads/varimage/Kubis%20Bunga%20Spring%2070.pdf
db-varsan,Kangkung,KARPA 1116,,,sayuran/pangan semusim,404,https://perbenihanhorti.id/proseed/uploads/varimage/Kangkung%20KARPA%201116.pdf
db-varsan,Cabai Keriting,CK 21130,,,sayuran/pangan semusim,404,https://perbenihanhorti.id/proseed/uploads/varimage/Cabai%20Keriting%20CK%2021130.pdf
db-varsan,Bit,Boro,,,sayuran/pangan semusim,404,https://perbenihanhorti.id/proseed/uploads/varimage/Bit%20Boro.pdf
db-varsan,Tomat Ceri,AFN TC01,,,sayuran/pangan semusim,404,https://perbenihanhorti.id/proseed/uploads/varimage/Tomat%20CERI%20AFN%20TC%2001.pdf
db-varsan,Terong,TB 843,,,sayuran/pangan semusim,404,https://perbenihanhorti.id/proseed/uploads/varimage/Terong%20TB%20843.pdf
db-varsan,Terong,AFN TU01,,,sayuran/pangan semusim,404,https://perbenihanhorti.id/proseed/uploads/varimage/Terong%20AFN%20TU01.pdf
db-varsan,Sawi Pahit/Mustard,SAWI 13076,,,sayuran/pangan semusim,404,https://perbenihanhorti.id/proseed/uploads/varimage/Sawi%20Pahit%20SAWI%2013076.pdf
db-varsan,Paria,HBG 02,,,sayuran/pangan semusim,404,https://perbenihanhorti.id/proseed/uploads/varimage/Paria%20HBG%2002.pdf
db-varsan,Mentimun,MBTM 02,,,sayuran/pangan semusim,404,https://perbenihanhorti.id/proseed/uploads/varimage/Mentimun%20MBTM%2002.pdf
db-varsan,Melon,STR 11,,,sayuran/pangan semusim,404,https://perbenihanhorti.id/proseed/uploads/varimage/Melon%20STR%2011.pdf
db-varsan,Melon,HDO 03,,,sayuran/pangan semusim,404,https://perbenihanhorti.id/proseed/uploads/varimage/Melon%20HDO%2003.pdf
db-varsan,Kubis,CB 50002,,,sayuran/pangan semusim,404,https://perbenihanhorti.id/proseed/uploads/varimage/Kubis%20CB%2050002.pdf
db-varsan,Kacang Panjang,AFN KP01,,,sayuran/pangan semusim,404,https://perbenihanhorti.id/proseed/uploads/varimage/Kacang%20Panjang%20AFN%20KP01.pdf
db-varsan,Sawi Caisim,CA 360,,,sayuran/pangan semusim,404,https://perbenihanhorti.id/proseed/uploads/varimage/Caisim%20CA%20360.pdf
db-varsan,Tomat,TO 1706,,,sayuran/pangan semusim,404,https://perbenihanhorti.id/proseed/uploads/varimage/Tomat%20TO%201706.pdf
db-varsan,Tomat,MBTO 03,,,sayuran/pangan semusim,404,https://perbenihanhorti.id/proseed/uploads/varimage/Tomat%20MBTO%2003.pdf
db-varsan,Semangka,SE 3389,,,sayuran/pangan semusim,404,https://perbenihanhorti.id/proseed/uploads/varimage/Semangka%20SE%203389.pdf
db-varsan,Semangka,Majesty,,,sayuran/pangan semusim,404,https://perbenihanhorti.id/proseed/uploads/varimage/Semangka%20Majesty.pdf
db-varsan,Semangka,Diego,,,sayuran/pangan semusim,404,https://perbenihanhorti.id/proseed/uploads/varimage/Semangka%20Diego.pdf
db-varsan,Semangka,Atlantis,,,sayuran/pangan semusim,404,https://perbenihanhorti.id/proseed/uploads/varimage/Semangka%20Atlantis.pdf
db-varsan,Sawi putih / Petsai,Maxell,,,sayuran/pangan semusim,404,https://perbenihanhorti.id/proseed/uploads/varimage/Sawi%20Putih%20Maxell.pdf
db-varsan,Paria,Patria,,,sayuran/pangan semusim,404,https://perbenihanhorti.id/proseed/uploads/varimage/Paria%20Patria.pdf
db-varsan,Paria,PARIA 08779,,,sayuran/pangan semusim,404,https://perbenihanhorti.id/proseed/uploads/varimage/Paria%20PARIA%2008779.pdf
db-varsan,Paria,HBG 03,,,sayuran/pangan semusim,404,https://perbenihanhorti.id/proseed/uploads/varimage/Paria%20HBG%2003.pdf
db-varsan,Sawi Sendok/Pak Choi,PC 730,,,sayuran/pangan semusim,404,https://perbenihanhorti.id/proseed/uploads/varimage/Pak%20Choy%20PC%20730.pdf
db-varsan,Mentimun,Kiddo,,,sayuran/pangan semusim,404,https://perbenihanhorti.id/proseed/uploads/varimage/Mentimun%20Kiddo.pdf
db-varsan,Kentang,Chitra,,,sayuran/pangan semusim,404,https://perbenihanhorti.id/proseed/uploads/varimage/Kentang%20Chitra.pdf
db-varsan,Jagung Manis,ZM 866,,,sayuran/pangan semusim,404,https://perbenihanhorti.id/proseed/uploads/varimage/Jagung%20Manis%20ZM%20866.pdf
db-varsan,Cabai Keriting,MBCK 01,,,sayuran/pangan semusim,404,https://perbenihanhorti.id/proseed/uploads/varimage/Cabai%20Keriting%20MBCK%2001.pdf
db-varsan,Cabai Besar,Pertiwi,,,sayuran/pangan semusim,404,https://perbenihanhorti.id/proseed/uploads/varimage/MARIGOLD%20PERTIWI.pdf
db-varsan,Bawang Merah,SS Sakato,,,sayuran/pangan semusim,404,https://perbenihanhorti.id/proseed/uploads/varimage/Bawang%20Merah%20SS%20Sakato.pdf
db-varsan,Paprika,Springbok,,,sayuran/pangan semusim,404,https://perbenihanhorti.id/proseed/uploads/varimage/Paprika%20Springbok.pdf
db-varsan,Paprika,Solanor,,,sayuran/pangan semusim,404,https://perbenihanhorti.id/proseed/uploads/varimage/Paprika%20Solanor.pdf
db-varsan,Paprika,Salomon,,,sayuran/pangan semusim,404,https://perbenihanhorti.id/proseed/uploads/varimage/Paprika%20Salomon.pdf
db-varsan,Mentimun,Jasmine,,,sayuran/pangan semusim,404,https://perbenihanhorti.id/proseed/uploads/varimage/Mentimun%20Jasmine.pdf
db-varsan,Kubis Bunga,Kaila,,,sayuran/pangan semusim,404,https://perbenihanhorti.id/proseed/uploads/varimage/Kubis%20Bunga%20Kaila.pdf
db-varsan,Cabai Rawit,Red Thunder,,,sayuran/pangan semusim,404,https://perbenihanhorti.id/proseed/uploads/varimage/Cabai%20Rawit%20Red%20Thunder.pdf
db-varsan,Cabai Rawit,Kancane,,,sayuran/pangan semusim,404,https://perbenihanhorti.id/proseed/uploads/varimage/Cabai%20Rawit%20Kancane.pdf
db-varsan,Paria,HBG 01,,,sayuran/pangan semusim,404,https://perbenihanhorti.id/proseed/uploads/varimage/Paria%20HBG%2001.pdf
db-varsan,Oyong / Gambas,OY 2265,,,sayuran/pangan semusim,404,https://perbenihanhorti.id/proseed/uploads/varimage/Oyong%20OY%202265.pdf
db-varsan,Mentimun,HCU 57,,,sayuran/pangan semusim,404,https://perbenihanhorti.id/proseed/uploads/varimage/Mentimun%20HCU%2057.pdf
db-varsan,Cabai Besar,S 801,,,sayuran/pangan semusim,404,https://perbenihanhorti.id/proseed/uploads/varimage/Cabai%20Besar%20S%20801.pdf
db-varsan,Bawang Merah,BM 8705,,,sayuran/pangan semusim,404,https://perbenihanhorti.id/proseed/uploads/varimage/Bawang%20Merah%20BM%208705.pdf
db-varsan,Cabai Rawit,Carika,,,sayuran/pangan semusim,404,https://perbenihanhorti.id/proseed/uploads/varimage/Cabai%20Rawit%20Carika.pdf
db-varsan,Cabai Rawit,Batari,,,sayuran/pangan semusim,404,https://perbenihanhorti.id/proseed/uploads/varimage/Cabai%20Rawit%20Batari.pdf
db-varsan,Semangka,Athletic 9,,,sayuran/pangan semusim,404,https://perbenihanhorti.id/proseed/uploads/varimage/Semangka%20Athletic%209.pdf
db-varsan,Paria,PA 200 C,,,sayuran/pangan semusim,404,https://perbenihanhorti.id/proseed/uploads/varimage/Paria%20PA%20200%20C.pdf
db-varsan,Paria,ENNO 1662,,,sayuran/pangan semusim,404,https://perbenihanhorti.id/proseed/uploads/varimage/Paria%20Enno%201662.pdf
db-varsan,Mentimun,Monata,,,sayuran/pangan semusim,404,https://perbenihanhorti.id/proseed/uploads/varimage/Mentimun%20Monata.pdf
db-varsan,Mentimun,G 313,,,sayuran/pangan semusim,404,https://perbenihanhorti.id/proseed/uploads/varimage/Mentimun%20G%20313.pdf
db-varsan,Kubis,ACE,,,sayuran/pangan semusim,404,https://perbenihanhorti.id/proseed/uploads/varimage/Kubis%20ACE.pdf
db-varsan,Kentang,Tedjo MZ,,,sayuran/pangan semusim,404,https://perbenihanhorti.id/proseed/uploads/varimage/Kentang%20Tedjo%20MZ.pdf
db-varsan,Jagung Manis,ENNO 002,,,sayuran/pangan semusim,404,https://perbenihanhorti.id/proseed/uploads/varimage/Jagung%20Manis%20ENNO%20002.pdf
db-varsan,Cabai Keriting,Red Lava,,,sayuran/pangan semusim,404,https://perbenihanhorti.id/proseed/uploads/varimage/Cabai%20Keriting%20Red%20Lava.pdf
db-varsan,Terong,TP 21842,,,sayuran/pangan semusim,404,https://perbenihanhorti.id/proseed/uploads/varimage/Terong%20TP%2021842.pdf
db-varsan,Terong,Kinaro,,,sayuran/pangan semusim,404,https://perbenihanhorti.id/proseed/uploads/varimage/Terong%20Kinaro.pdf
db-varsan,Waluh/Squash,Biglampion,,,sayuran/pangan semusim,404,https://perbenihanhorti.id/proseed/uploads/varimage/Squash%20Biglampion.pdf
db-varsan,Paria,Pertiwi,,,sayuran/pangan semusim,404,https://perbenihanhorti.id/proseed/uploads/varimage/MARIGOLD%20PERTIWI.pdf
db-varsan,Paria,Alaska,,,sayuran/pangan semusim,404,https://perbenihanhorti.id/proseed/uploads/varimage/Paria%20Alaska.pdf
db-varsan,Mentimun,KE 27187,,,sayuran/pangan semusim,404,https://perbenihanhorti.id/proseed/uploads/varimage/Mentimun%20KE%2027187.pdf
db-varsan,Melon,Meloni,,,sayuran/pangan semusim,404,https://perbenihanhorti.id/proseed/uploads/varimage/Melon%20Meloni.pdf
db-varsan,Melon,Hikapel,,,sayuran/pangan semusim,404,https://perbenihanhorti.id/proseed/uploads/varimage/Melon%20Hikapel.pdf
db-varsan,Cabai Rawit,CR 8873,,,sayuran/pangan semusim,404,https://perbenihanhorti.id/proseed/uploads/varimage/Cabai%20Rawit%20CR%208873.pdf
db-varsan,Cabai Besar,Panser,,,sayuran/pangan semusim,404,https://perbenihanhorti.id/proseed/uploads/varimage/JAGUNG_MANIS_PANSER.pdf
db-varsan,Bayam,Tiwi,,,sayuran/pangan semusim,404,https://perbenihanhorti.id/proseed/uploads/varimage/Bayam%20Tiwi.pdf
db-varsan,Melon,Melindo 16,,,sayuran/pangan semusim,404,https://perbenihanhorti.id/proseed/uploads/varimage/Melon%20Melindo%2016.pdf
db-varsan,Tomat,MGTO 445,,,sayuran/pangan semusim,404,https://perbenihanhorti.id/proseed/uploads/varimage/Tomat%20MGTO%20445.pdf
db-varsan,Tomat,MGTO 102,,,sayuran/pangan semusim,404,https://perbenihanhorti.id/proseed/uploads/varimage/Tomat%20MGTO%20102.pdf
db-varsan,Seledri,Yudistira 84,,,sayuran/pangan semusim,404,https://perbenihanhorti.id/proseed/uploads/varimage/Seledri%20Yudistira%2084.pdf
db-varsan,Slada,TF TW LGR 14,,,sayuran/pangan semusim,404,https://perbenihanhorti.id/proseed/uploads/varimage/Selada%20TF%20TW%20LGR%2014.pdf
db-varsan,Slada,TF TW LGA 14,,,sayuran/pangan semusim,404,https://perbenihanhorti.id/proseed/uploads/varimage/Selada%20TF%20TW%20LGA%2014.pdf
db-varsan,Paria,Wanara,,,sayuran/pangan semusim,404,https://perbenihanhorti.id/proseed/uploads/varimage/Paria%20Wanara.pdf
db-varsan,Sawi Sendok/Pak Choi,TF TW PUF 14,,,sayuran/pangan semusim,404,https://perbenihanhorti.id/proseed/uploads/varimage/Pak%20Choy%20TF%20TW%20PUF%2014.pdf
db-varsan,Kubis Bunga,CF 5101,,,sayuran/pangan semusim,404,https://perbenihanhorti.id/proseed/uploads/varimage/Kubis%20Bunga%20CF%205101.pdf
db-varsan,Cabai Rawit,BISI HP 35,,,sayuran/pangan semusim,404,https://perbenihanhorti.id/proseed/uploads/varimage/Cabai%20Rawit%20BISI%20HP%2035.pdf
db-varsan,Cabai Rawit,BISI HP 34,,,sayuran/pangan semusim,404,https://perbenihanhorti.id/proseed/uploads/varimage/Cabai%20Rawit%20BISI%20HP%2034.pdf
db-varsan,Cabai Keriting,MGCK 501,,,sayuran/pangan semusim,404,https://perbenihanhorti.id/proseed/uploads/varimage/Cabai%20Keriting%20MGCK%20501.pdf
db-varsan,Cabai Besar,BISI HP 36,,,sayuran/pangan semusim,404,https://perbenihanhorti.id/proseed/uploads/varimage/Cabai%20Besar%20BISI%20HP%2036.pdf
db-varsan,Brokoli,BL 14001,,,sayuran/pangan semusim,404,https://perbenihanhorti.id/proseed/uploads/varimage/Brokoli%20BL%2014001.pdf
db-varsan,Brokoli,BL 12001,,,sayuran/pangan semusim,404,https://perbenihanhorti.id/proseed/uploads/varimage/Brokoli%20BL%2012001.pdf
db-varsan,Tomat,Diamona,,,sayuran/pangan semusim,404,https://perbenihanhorti.id/proseed/uploads/varimage/Tomat%20Diamona.pdf
db-varsan,Tomat,TOM 01,,,sayuran/pangan semusim,404,https://perbenihanhorti.id/proseed/uploads/varimage/Tomat%20TOM%2001.pdf
db-varsan,Tomat,Nurani,,,sayuran/pangan semusim,404,https://perbenihanhorti.id/proseed/uploads/varimage/Tomat%20Nurani.pdf
db-varsan,Tomat,New Profit,,,sayuran/pangan semusim,404,https://perbenihanhorti.id/proseed/uploads/varimage/Tomat%20New%20Profit.pdf
db-varsan,Pepaya,Dapina Agrihorti,,,sayuran/pangan semusim,404,https://perbenihanhorti.id/proseed/uploads/varimage/Pepaya%20Dapina%20Agrihorti.pdf
db-varsan,Mentimun,MGKE 701,,,sayuran/pangan semusim,404,https://perbenihanhorti.id/proseed/uploads/varimage/Mentimun%20MGKE%20701.pdf
db-varsan,Kacang Panjang,AA 0611,,,sayuran/pangan semusim,404,https://perbenihanhorti.id/proseed/uploads/varimage/Kacang%20Panjang%20AA%200611.pdf
db-varsan,Cabai Besar,Inata Agrihorti,,,sayuran/pangan semusim,404,https://perbenihanhorti.id/proseed/uploads/varimage/Cabai%20Besar%20Inata%20Agrihorti.pdf
db-varsan,Bawang Merah,Violetta 1 Agrihorti,,,sayuran/pangan semusim,404,https://perbenihanhorti.id/proseed/uploads/varimage/Bawang%20Merah%20Violetta%201%20Agrihorti.pdf
db-varsan,Sawi hijau,Juwita 01,,,sayuran/pangan semusim,404,https://perbenihanhorti.id/proseed/uploads/varimage/Sawi%20Hijau%20Juwita%2001.pdf
db-varsan,Paria,Rangga,,,sayuran/pangan semusim,404,https://perbenihanhorti.id/proseed/uploads/varimage/Paria%20Rangga.pdf
db-varsan,Paria,Agatha,,,sayuran/pangan semusim,404,https://perbenihanhorti.id/proseed/uploads/varimage/Paria%20Agatha.pdf
db-varsan,Oyong / Gambas,Radya,,,sayuran/pangan semusim,404,https://perbenihanhorti.id/proseed/uploads/varimage/Oyong%20Radya.pdf
db-varsan,Oyong / Gambas,GBH 302,,,sayuran/pangan semusim,404,https://perbenihanhorti.id/proseed/uploads/varimage/Oyong%20GBH%20302.pdf
db-varsan,Jagung Pulut Manis,WXBi13003,,,sayuran/pangan semusim,404,https://perbenihanhorti.id/proseed/uploads/varimage/JAGUNG%20Pulut%20Manis%20WXBi13003.pdf
db-varsan,Jagung Pulut Manis,WXBi13001,,,sayuran/pangan semusim,404,https://perbenihanhorti.id/proseed/uploads/varimage/JAGUNG%20Pulut%20Manis%20WXBi13001.pdf
db-varsan,Jagung Manis,Royal Sweet,,,sayuran/pangan semusim,404,https://perbenihanhorti.id/proseed/uploads/varimage/Jagung%20Manis%20Royal%20Sweet.pdf
db-varsan,Jagung Manis,Royal 76,,,sayuran/pangan semusim,404,https://perbenihanhorti.id/proseed/uploads/varimage/Jagung%20Manis%20Royal%2076.pdf
db-varsan,Blewah,BISI BW 01,,,sayuran/pangan semusim,404,https://perbenihanhorti.id/proseed/uploads/varimage/Blewah%20BISI%20BW%2001.pdf
db-varsan,Tomat,MBTO 02,,,sayuran/pangan semusim,404,https://perbenihanhorti.id/proseed/uploads/varimage/Tomat%20MBTO%2002.pdf
db-varsan,Semangka,MBSL 02,,,sayuran/pangan semusim,404,https://perbenihanhorti.id/proseed/uploads/varimage/Semangka%20MBSL%2002.pdf
db-varsan,Sawi Caisim,MBCS 01,,,sayuran/pangan semusim,404,https://perbenihanhorti.id/proseed/uploads/varimage/Caisim%20MBCS%2001.pdf
db-varsan,Kacang Buncis,MBBC 02,,,sayuran/pangan semusim,404,https://perbenihanhorti.id/proseed/uploads/varimage/Buncis%20MBBC%2002.pdf
db-varsan,Kacang Buncis,MBBC 01,,,sayuran/pangan semusim,404,https://perbenihanhorti.id/proseed/uploads/varimage/Buncis%20MBBC%2001.pdf
db-varsan,Bayam,MBBA 01,,,sayuran/pangan semusim,404,https://perbenihanhorti.id/proseed/uploads/varimage/Bayam%20MBBA%2001.pdf
db-varsan,Tomat,TO 15307,,,sayuran/pangan semusim,404,https://perbenihanhorti.id/proseed/uploads/varimage/Tomat%20TO%2015307.pdf
db-varsan,Tomat,EION,,,sayuran/pangan semusim,404,https://perbenihanhorti.id/proseed/uploads/varimage/Tomat%20Eion.pdf
db-varsan,Semangka,IN 01,,,sayuran/pangan semusim,404,https://perbenihanhorti.id/proseed/uploads/varimage/Semangka%20IN%2001.pdf
db-varsan,Slada,BISI SL 02,,,sayuran/pangan semusim,404,https://perbenihanhorti.id/proseed/uploads/varimage/Selada%20BISI%20SL%2002.pdf
db-varsan,Tomat,TO 75077,,,sayuran/pangan semusim,404,https://perbenihanhorti.id/proseed/uploads/varimage/Tomat%20TO%2075077.pdf
db-varsan,Semangka,AG 01,,,sayuran/pangan semusim,404,https://perbenihanhorti.id/proseed/uploads/varimage/Semangka%20AG%2001.pdf
db-varsan,Sawi hijau,Kometa,,,sayuran/pangan semusim,404,https://perbenihanhorti.id/proseed/uploads/varimage/Sawi%20Hijau%20Kometa.pdf
db-varsan,Paria,PA 100 C,,,sayuran/pangan semusim,404,https://perbenihanhorti.id/proseed/uploads/varimage/Paria%20PA%20100%20C.pdf
db-varsan,Mentimun,Rieza,,,sayuran/pangan semusim,404,https://perbenihanhorti.id/proseed/uploads/varimage/Mentimun%20Rieza.pdf
db-varsan,Mentimun,KE 31359,,,sayuran/pangan semusim,404,https://perbenihanhorti.id/proseed/uploads/varimage/Mentimun%20KE%2031359.pdf
db-varsan,Melon,ME 1699,,,sayuran/pangan semusim,404,https://perbenihanhorti.id/proseed/uploads/varimage/Melon%20ME%201699.pdf
db-varsan,Kacang Panjang,KP 1000,,,sayuran/pangan semusim,404,https://perbenihanhorti.id/proseed/uploads/varimage/Kacang%20Panjang%20KP%201000.pdf
db-varsan,Jagung Manis,Karmina,,,sayuran/pangan semusim,404,https://perbenihanhorti.id/proseed/uploads/varimage/Jagung%20Manis%20Karmina.pdf
db-varsan,Kacang Buncis,BU ASA 016,,,sayuran/pangan semusim,404,https://perbenihanhorti.id/proseed/uploads/varimage/Buncis%20BU%20ASA%20016.pdf
db-varsan,Kacang Buncis,BU 6311,,,sayuran/pangan semusim,404,https://perbenihanhorti.id/proseed/uploads/varimage/Buncis%20BU%206311.pdf
db-varsan,Terong,TT 1466,,,sayuran/pangan semusim,404,https://perbenihanhorti.id/proseed/uploads/varimage/Terong%20TT%201466.pdf
db-varsan,Mentimun,Litsa 2,,,sayuran/pangan semusim,404,https://perbenihanhorti.id/proseed/uploads/varimage/Mentimun%20Litsa%202.pdf
db-varsan,Mentimun,Litsa 1,,,sayuran/pangan semusim,404,https://perbenihanhorti.id/proseed/uploads/varimage/Mentimun%20Litsa%201.pdf
db-varsan,Mentimun,B 8.4,,,sayuran/pangan semusim,404,https://perbenihanhorti.id/proseed/uploads/varimage/Mentimun%20B%208.4.pdf
db-varsan,Labu,LA 1557,,,sayuran/pangan semusim,404,https://perbenihanhorti.id/proseed/uploads/varimage/Labu%20LA%201557.pdf
db-varsan,Kentang,RGH 01,,,sayuran/pangan semusim,404,https://perbenihanhorti.id/proseed/uploads/varimage/Kentang%20RGH%2001.pdf
db-varsan,Kacang Panjang,Gatra Hitam,,,sayuran/pangan semusim,404,https://perbenihanhorti.id/proseed/uploads/varimage/Kacang%20Panjang%20Gatra%20Hitam.pdf
db-varsan,Cabai Rawit,Gatra Putih,,,sayuran/pangan semusim,404,https://perbenihanhorti.id/proseed/uploads/varimage/Cabai%20Rawit%20Gatra%20Putih.pdf
db-varsan,Cabai Keriting,CK 22530,,,sayuran/pangan semusim,404,https://perbenihanhorti.id/proseed/uploads/varimage/Cabai%20Keriting%20CK%2022530.pdf
db-varsan,Cabai Keriting,CK 20175,,,sayuran/pangan semusim,404,https://perbenihanhorti.id/proseed/uploads/varimage/Cabai%20Keriting%20CK%2020175.pdf
db-varsan,Tomat,TO 22309,,,sayuran/pangan semusim,404,https://perbenihanhorti.id/proseed/uploads/varimage/Tomat%20TO%2022309.pdf
db-varsan,Tomat Rampai,Sikam,,,sayuran/pangan semusim,404,https://perbenihanhorti.id/proseed/uploads/varimage/Tomat%20Rampai%20Sikam.pdf
db-varsan,Paria,Quadra,,,sayuran/pangan semusim,404,https://perbenihanhorti.id/proseed/uploads/varimage/Paria%20Quadra.pdf
db-varsan,Kacang Panjang,Temon,,,sayuran/pangan semusim,404,https://perbenihanhorti.id/proseed/uploads/varimage/Kacang%20Panjang%20Temon.pdf
db-varsan,Cabai Besar,CB 8686,,,sayuran/pangan semusim,404,https://perbenihanhorti.id/proseed/uploads/varimage/Cabai%20Besar%20CB%208686.pdf
db-varsan,Tomat,MGTO 01,,,sayuran/pangan semusim,404,https://perbenihanhorti.id/proseed/uploads/varimage/Tomat%20MGTO%2001.pdf
db-varsan,Terong,TP 2804,,,sayuran/pangan semusim,404,https://perbenihanhorti.id/proseed/uploads/varimage/Terong%20TP%202804.pdf
db-varsan,Semangka,SE 194,,,sayuran/pangan semusim,404,https://perbenihanhorti.id/proseed/uploads/varimage/Semangka%20SE%20194.pdf
db-varsan,Paria,PA 16347,,,sayuran/pangan semusim,404,https://perbenihanhorti.id/proseed/uploads/varimage/Paria%20PA%2016347.pdf
db-varsan,Mentimun,KE 4383,,,sayuran/pangan semusim,404,https://perbenihanhorti.id/proseed/uploads/varimage/Mentimun%20KE%204383.pdf
db-varsan,Melon,FR 772,,,sayuran/pangan semusim,404,https://perbenihanhorti.id/proseed/uploads/varimage/Melon%20FR%20772.pdf
db-varsan,Melon,FR 628,,,sayuran/pangan semusim,404,https://perbenihanhorti.id/proseed/uploads/varimage/Melon%20FR%20628.pdf
db-varsan,Kentang,Sangkuriang Agrihorti,,,sayuran/pangan semusim,404,https://perbenihanhorti.id/proseed/uploads/varimage/Kentang%20Sangkuriang%20Agrihorti.pdf
db-varsan,Kentang,Dayang Sumbi Agrihorti,,,sayuran/pangan semusim,404,https://perbenihanhorti.id/proseed/uploads/varimage/Kentang%20Dayang%20Sumbi%20Agrihorti.pdf
db-varsan,Kacang Panjang,KP 820,,,sayuran/pangan semusim,404,https://perbenihanhorti.id/proseed/uploads/varimage/Kacang%20Panjang%20KP%20820.pdf
db-varsan,Tomat,TO 7789,,,sayuran/pangan semusim,404,https://perbenihanhorti.id/proseed/uploads/varimage/Tomat%20TO%207789.pdf
db-varsan,Tomat,TF TO 5314,,,sayuran/pangan semusim,404,https://perbenihanhorti.id/proseed/uploads/varimage/Tomat%20TF%20TO%205314.pdf
db-varsan,Tomat,Absolut,,,sayuran/pangan semusim,404,https://perbenihanhorti.id/proseed/uploads/varimage/Tomat%20Absolut.pdf
db-varsan,Terong,Pontia,,,sayuran/pangan semusim,404,https://perbenihanhorti.id/proseed/uploads/varimage/Terong%20Pontia.pdf
db-varsan,Semangka,TF TW NWS 14,,,sayuran/pangan semusim,404,https://perbenihanhorti.id/proseed/uploads/varimage/Semangka%20TF%20TW%20NWS%2014.pdf
db-varsan,Semangka,SS 2942,,,sayuran/pangan semusim,404,https://perbenihanhorti.id/proseed/uploads/varimage/Semangka%20SS%202942.pdf
db-varsan,Semangka,SE 3440,,,sayuran/pangan semusim,404,https://perbenihanhorti.id/proseed/uploads/varimage/Semangka%20SE%203440.pdf
db-varsan,Paria,YSPA 095,,,sayuran/pangan semusim,404,https://perbenihanhorti.id/proseed/uploads/varimage/Paria%20YSPA%20095.pdf
db-varsan,Mentimun,YSKE 788,,,sayuran/pangan semusim,404,https://perbenihanhorti.id/proseed/uploads/varimage/Mentimun%20YSKE%20788.pdf
db-varsan,Melon,YSME 097,,,sayuran/pangan semusim,404,https://perbenihanhorti.id/proseed/uploads/varimage/Melon%20YSME%20097.pdf
db-varsan,Kacang Panjang,AGB KP NBL 69,,,sayuran/pangan semusim,404,https://perbenihanhorti.id/proseed/uploads/varimage/Kacang%20Panjang%20AGB%20KP%20NBL%2069.pdf
db-varsan,Kacang Panjang,MBKP 1202,,,sayuran/pangan semusim,404,https://perbenihanhorti.id/proseed/uploads/varimage/Kacang%20Panjang%20MBKP%201202.pdf
db-varsan,Kacang Panjang,MBKP 505,,,sayuran/pangan semusim,404,https://perbenihanhorti.id/proseed/uploads/varimage/Kacang%20Panjang%20MBKP%20505.pdf
db-varsan,Sawi putih / Petsai,Siola,,,sayuran/pangan semusim,404,https://perbenihanhorti.id/proseed/uploads/varimage/Sawi%20Putih%20Siola.pdf
db-varsan,Cabai Keriting,WI 054,,,sayuran/pangan semusim,404,https://perbenihanhorti.id/proseed/uploads/varimage/Cabai%20Keriting%20WI%20054.pdf
db-varsan,Semangka,Prime,,,sayuran/pangan semusim,404,https://perbenihanhorti.id/proseed/uploads/varimage/Semangka%20Prime.pdf
db-varsan,Cabai Keriting,Bemeri,,,sayuran/pangan semusim,404,https://perbenihanhorti.id/proseed/uploads/varimage/Cabai%20Keriting%20Bemeri.pdf
db-varsan,Tomat,TO 970,,,sayuran/pangan semusim,404,https://perbenihanhorti.id/proseed/uploads/varimage/Tomat%20TO%20970.pdf
db-varsan,Terong,ENNO 1446,,,sayuran/pangan semusim,404,https://perbenihanhorti.id/proseed/uploads/varimage/Terong%20ENNO%201446.pdf
db-varsan,Semangka,SS 3314,,,sayuran/pangan semusim,404,https://perbenihanhorti.id/proseed/uploads/varimage/Semangka%20SS%203314.pdf
db-varsan,Semangka,SS 3290,,,sayuran/pangan semusim,404,https://perbenihanhorti.id/proseed/uploads/varimage/Semangka%20SS%203290.pdf
db-varsan,Semangka,SE 039,,,sayuran/pangan semusim,404,https://perbenihanhorti.id/proseed/uploads/varimage/Semangka%20SE%20039.pdf
db-varsan,Sawi hijau,SA 764,,,sayuran/pangan semusim,404,https://perbenihanhorti.id/proseed/uploads/varimage/Sawi%20Hijau%20SA%20764.pdf
db-varsan,Sawi Sendok/Pak Choi,PC 2300,,,sayuran/pangan semusim,404,https://perbenihanhorti.id/proseed/uploads/varimage/Pak%20Choy%20PC%202300.pdf
db-varsan,Mentimun,WSPH 42,,,sayuran/pangan semusim,404,https://perbenihanhorti.id/proseed/uploads/varimage/Mentimun%20WSPH%2042.pdf
db-varsan,Mentimun,WSBB 12,,,sayuran/pangan semusim,404,https://perbenihanhorti.id/proseed/uploads/varimage/Mentimun%20WSBB%2012.pdf
db-varsan,Mentimun,Sabda,,,sayuran/pangan semusim,404,https://perbenihanhorti.id/proseed/uploads/varimage/Mentimun%20Sabda.pdf
db-varsan,Melon,Manika,,,sayuran/pangan semusim,404,https://perbenihanhorti.id/proseed/uploads/varimage/Melon%20Manika.pdf
db-varsan,Kacang Panjang,WSKP 1022,,,sayuran/pangan semusim,404,https://perbenihanhorti.id/proseed/uploads/varimage/Kacang%20Panjang%20WSKP%201022.pdf
db-varsan,Kacang Panjang,WSKP 1021,,,sayuran/pangan semusim,404,https://perbenihanhorti.id/proseed/uploads/varimage/Kacang%20Panjang%20WSKP%201021.pdf
db-varsan,Kacang Panjang,Prana,,,sayuran/pangan semusim,404,https://perbenihanhorti.id/proseed/uploads/varimage/Kacang%20Panjang%20Prana.pdf
db-varsan,Cabai Rawit,ENNO 1434,,,sayuran/pangan semusim,404,https://perbenihanhorti.id/proseed/uploads/varimage/Cabai%20Rawit%20ENNO%201434.pdf
db-varsan,Cabai Rawit,ENNO 1433,,,sayuran/pangan semusim,404,https://perbenihanhorti.id/proseed/uploads/varimage/Cabai%20Rawit%20ENNO%201433.pdf
db-varsan,Cabai Rawit,CF 3255,,,sayuran/pangan semusim,404,https://perbenihanhorti.id/proseed/uploads/varimage/Cabai%20Rawit%20CF%203255.pdf
db-varsan,Cabai Keriting,ENNO 1069,,,sayuran/pangan semusim,404,https://perbenihanhorti.id/proseed/uploads/varimage/Cabai%20Keriting%20ENNO%201069.pdf
db-varsan,Cabai Keriting,CK 648,,,sayuran/pangan semusim,404,https://perbenihanhorti.id/proseed/uploads/varimage/Cabai%20Keriting%20CK%20648.pdf
db-varsan,Bawang Merah,Lansuna,,,sayuran/pangan semusim,404,https://perbenihanhorti.id/proseed/uploads/varimage/Bawang%20Merah%20Lansuna.pdf
db-varsan,Bawang Merah,Tajuk,,,sayuran/pangan semusim,404,https://perbenihanhorti.id/proseed/uploads/varimage/Bawang%20Merah%20Tajuk.pdf
db-varsan,Tomat,TO 22310,,,sayuran/pangan semusim,404,https://perbenihanhorti.id/proseed/uploads/varimage/Tomat%20TO%2022310.pdf
db-varsan,Tomat,TO 14309,,,sayuran/pangan semusim,404,https://perbenihanhorti.id/proseed/uploads/varimage/Tomat%20TO%2014309.pdf
db-varsan,Tomat,TJHL 9115,,,sayuran/pangan semusim,404,https://perbenihanhorti.id/proseed/uploads/varimage/Tomat%20TJHL%209115.pdf
db-varsan,Oyong / Gambas,OY 987,,,sayuran/pangan semusim,404,https://perbenihanhorti.id/proseed/uploads/varimage/Oyong%20OY%20987.pdf
db-varsan,Mentimun,KE 5288,,,sayuran/pangan semusim,404,https://perbenihanhorti.id/proseed/uploads/varimage/Mentimun%20KE%205288.pdf
db-varsan,Mentimun,KE 4769,,,sayuran/pangan semusim,404,https://perbenihanhorti.id/proseed/uploads/varimage/Mentimun%20KE%204769.pdf
db-varsan,Mentimun,KE 4761,,,sayuran/pangan semusim,404,https://perbenihanhorti.id/proseed/uploads/varimage/Mentimun%20KE%204761.pdf
db-varsan,Mentimun,KE 4723,,,sayuran/pangan semusim,404,https://perbenihanhorti.id/proseed/uploads/varimage/Mentimun%20KE%204723.pdf
db-varsan,Mentimun,KE 1002,,,sayuran/pangan semusim,404,https://perbenihanhorti.id/proseed/uploads/varimage/Mentimun%20KE%201002.pdf
db-varsan,Melon,ME 2092,,,sayuran/pangan semusim,404,https://perbenihanhorti.id/proseed/uploads/varimage/Melon%20ME%202092.pdf
db-varsan,Jagung Manis,JM 3181,,,sayuran/pangan semusim,404,https://perbenihanhorti.id/proseed/uploads/varimage/Jagung%20Manis%20JM%203181.pdf
db-varsan,Cabai Besar,AFN CB 02,,,sayuran/pangan semusim,404,https://perbenihanhorti.id/proseed/uploads/varimage/Cabai%20Besar%20AFN%20CB%2002.pdf
db-varsan,Cabai Besar,AFN CB 01,,,sayuran/pangan semusim,404,https://perbenihanhorti.id/proseed/uploads/varimage/Cabai%20Besar%20AFN%20CB%2001.pdf
db-varsan,Cabai Rawit,Hiyung,,,sayuran/pangan semusim,404,https://perbenihanhorti.id/proseed/uploads/varimage/Cabai%20Rawit%20Hiyung.pdf
db-varsan,Mentimun,Timundo 20,,,sayuran/pangan semusim,404,https://perbenihanhorti.id/proseed/uploads/varimage/Mentimun%20Timundo%2020.pdf
db-varsan,Mentimun,Timundo 19,,,sayuran/pangan semusim,404,https://perbenihanhorti.id/proseed/uploads/varimage/Mentimun%20Timundo%2019.pdf
db-varsan,Jagung Manis,14ES901,,,sayuran/pangan semusim,404,https://perbenihanhorti.id/proseed/uploads/varimage/Jagung%20Manis%2014ES901.pdf
db-varsan,Jagung Manis,13ES900,,,sayuran/pangan semusim,404,https://perbenihanhorti.id/proseed/uploads/varimage/Jagung%20Manis%2013ES900.pdf
db-varsan,Oyong / Gambas,OY 2266,,,sayuran/pangan semusim,404,https://perbenihanhorti.id/proseed/uploads/varimage/Oyong%20OY%202266.pdf
db-varsan,Cabai Besar,CB 67318,,,sayuran/pangan semusim,404,https://perbenihanhorti.id/proseed/uploads/varimage/Cabai%20Besar%20CB%2067318.pdf
db-varsan,Tomat,TO 12281,,,sayuran/pangan semusim,404,https://perbenihanhorti.id/proseed/uploads/varimage/Tomat%20TO%2012281.pdf
db-varsan,Tomat,TO 11622,,,sayuran/pangan semusim,404,https://perbenihanhorti.id/proseed/uploads/varimage/Tomat%20TO%2011622.pdf
db-varsan,Semangka,Pataya,,,sayuran/pangan semusim,404,https://perbenihanhorti.id/proseed/uploads/varimage/Semangka%20Pataya.pdf
db-varsan,Semangka,Medali,,,sayuran/pangan semusim,404,https://perbenihanhorti.id/proseed/uploads/varimage/Semangka%20Medali.pdf
db-varsan,Pepaya,MIBA,,,sayuran/pangan semusim,404,https://perbenihanhorti.id/proseed/uploads/varimage/Pepaya%20MIBA.pdf
db-varsan,Kangkung,Rajawali,,,sayuran/pangan semusim,404,https://perbenihanhorti.id/proseed/uploads/varimage/Kangkung%20Rajawali.pdf
db-varsan,Kacang Panjang,Sabrina,,,sayuran/pangan semusim,404,https://perbenihanhorti.id/proseed/uploads/varimage/Kacang%20Panjang%20Sabrina.pdf
db-varsan,Jagung Manis,Baruna,,,sayuran/pangan semusim,404,https://perbenihanhorti.id/proseed/uploads/varimage/Jagung%20Manis%20Baruna.pdf
db-varsan,Semangka,SS 2865,,,sayuran/pangan semusim,404,https://perbenihanhorti.id/proseed/uploads/varimage/Semangka%20SS%202865.pdf
db-varsan,Semangka,Hokkyna,,,sayuran/pangan semusim,404,https://perbenihanhorti.id/proseed/uploads/varimage/Semangka%20Hokkyna.pdf
db-varsan,Semangka,De V,,,sayuran/pangan semusim,404,https://perbenihanhorti.id/proseed/uploads/varimage/Semangka%20De%20V.pdf
db-varsan,Jagung Manis,Kimmie,,,sayuran/pangan semusim,404,https://perbenihanhorti.id/proseed/uploads/varimage/Jagung%20Manis%20Kimmie.pdf
db-varsan,Jagung Manis,JM 3165,,,sayuran/pangan semusim,404,https://perbenihanhorti.id/proseed/uploads/varimage/Jagung%20Manis%20JM%203165.pdf
db-varsan,Cabai Besar,CB 4805,,,sayuran/pangan semusim,404,https://perbenihanhorti.id/proseed/uploads/varimage/Cabai%20Besar%20CB%204805.pdf
db-varsan,Tomat,Nobela,,,sayuran/pangan semusim,404,https://perbenihanhorti.id/proseed/uploads/varimage/Tomat%20Nobela.pdf
db-varsan,Tomat,Deva,,,sayuran/pangan semusim,404,https://perbenihanhorti.id/proseed/uploads/varimage/Tomat%20Deva.pdf
db-varsan,Tomat,Agnes,,,sayuran/pangan semusim,404,https://perbenihanhorti.id/proseed/uploads/varimage/Tomat%20Agnes.pdf
db-varsan,Oyong / Gambas,Sigodo,,,sayuran/pangan semusim,404,https://perbenihanhorti.id/proseed/uploads/varimage/Oyong%20Sigodo.pdf
db-varsan,Oyong / Gambas,Gamanis,,,sayuran/pangan semusim,404,https://perbenihanhorti.id/proseed/uploads/varimage/Oyong%20Gamanis.pdf
db-varsan,Mentimun,Tirta,,,sayuran/pangan semusim,404,https://perbenihanhorti.id/proseed/uploads/varimage/Mentimun%20Tirta.pdf
db-varsan,Mentimun,Bhakti,,,sayuran/pangan semusim,404,https://perbenihanhorti.id/proseed/uploads/varimage/Mentimun%20Bhakti.pdf
db-varsan,Melon,Melindo 15,,,sayuran/pangan semusim,404,https://perbenihanhorti.id/proseed/uploads/varimage/Melon%20Melindo%2015.pdf
db-varsan,Melon,Jitu,,,sayuran/pangan semusim,404,https://perbenihanhorti.id/proseed/uploads/varimage/Melon%20Jitu.pdf
db-varsan,Melon,Golden Star,,,sayuran/pangan semusim,404,https://perbenihanhorti.id/proseed/uploads/varimage/Melon%20Golden%20Star.pdf
db-varsan,Cabai Rawit,Patra 3,,,sayuran/pangan semusim,404,https://perbenihanhorti.id/proseed/uploads/varimage/Cabai%20Rawit%20Patra%203.pdf
db-varsan,Cabai Rawit,Dhanu,,,sayuran/pangan semusim,404,https://perbenihanhorti.id/proseed/uploads/varimage/Cabai%20Rawit%20Dhanu.pdf
db-varsan,Cabai Besar,BISI HP 32,,,sayuran/pangan semusim,404,https://perbenihanhorti.id/proseed/uploads/varimage/Cabai%20BISI%20HP%2032.pdf
db-varsan,Cabai Keriting,BISI HP 31,,,sayuran/pangan semusim,404,https://perbenihanhorti.id/proseed/uploads/varimage/Cabai%20BISI%20HP%2031.pdf
db-varsan,Tomat,Levana,,,sayuran/pangan semusim,404,https://perbenihanhorti.id/proseed/uploads/varimage/Tomat%20Levana.pdf
db-varsan,Terong,TB 415,,,sayuran/pangan semusim,404,https://perbenihanhorti.id/proseed/uploads/varimage/Terong%20TB%20415.pdf
db-varsan,Terong,TP 2312,,,sayuran/pangan semusim,404,https://perbenihanhorti.id/proseed/uploads/varimage/Terong%20TP%202312.pdf
db-varsan,Paria,PA 2835,,,sayuran/pangan semusim,404,https://perbenihanhorti.id/proseed/uploads/varimage/Paria%20PA%202835.pdf
db-varsan,Tomat,TO 3428,,,sayuran/pangan semusim,404,https://perbenihanhorti.id/proseed/uploads/varimage/Tomat%20TO%203428.pdf
db-varsan,Paria,PA 2965,,,sayuran/pangan semusim,404,https://perbenihanhorti.id/proseed/uploads/varimage/Paria%20PA%202965.pdf
db-varsan,Tomat,TO 132,,,sayuran/pangan semusim,404,https://perbenihanhorti.id/proseed/uploads/varimage/Tomat%20TO%20132.pdf
db-varsan,Semangka,WM 2685,,,sayuran/pangan semusim,404,https://perbenihanhorti.id/proseed/uploads/varimage/Semangka%20WM%202685.pdf
db-varsan,Labu,LA 1202,,,sayuran/pangan semusim,404,https://perbenihanhorti.id/proseed/uploads/varimage/Labu%20LA%201202.pdf
db-varsan,Labu,LA 1201,,,sayuran/pangan semusim,404,https://perbenihanhorti.id/proseed/uploads/varimage/Labu%20LA%201201.pdf
db-varsan,Mentimun,CU ASA 116,,,sayuran/pangan semusim,404,https://perbenihanhorti.id/proseed/uploads/varimage/Mentimun%20CU%20ASA%20116.pdf
db-varsan,Cabai Besar,CB 42387,,,sayuran/pangan semusim,404,https://perbenihanhorti.id/proseed/uploads/varimage/Cabai%20CB%2042387.pdf
db-varsan,Kangkung,KG 2893,,,sayuran/pangan semusim,404,https://perbenihanhorti.id/proseed/uploads/varimage/Kangkung%20KG%202893.pdf
db-varsan,Kangkung,KG 2086,,,sayuran/pangan semusim,404,https://perbenihanhorti.id/proseed/uploads/varimage/Kangkung%20KG%202086.pdf
db-varsan,Tomat,Astera,,,sayuran/pangan semusim,404,https://perbenihanhorti.id/proseed/uploads/varimage/Tomat%20Astera.pdf
db-varsan,Mentimun,KE 34367,,,sayuran/pangan semusim,404,https://perbenihanhorti.id/proseed/uploads/varimage/Mentimun%20KE%2034367.pdf
db-varsan,Terong,TP 091,,,sayuran/pangan semusim,404,https://perbenihanhorti.id/proseed/uploads/varimage/Terong%20TP%20091.pdf
db-varsan,Terong,TP 089,,,sayuran/pangan semusim,404,https://perbenihanhorti.id/proseed/uploads/varimage/Terong%20TP%20089.pdf
db-varsan,Oyong / Gambas,OY 038,,,sayuran/pangan semusim,404,https://perbenihanhorti.id/proseed/uploads/varimage/Oyong%20OY%20038.pdf
db-varsan,Terong,TB 413,,,sayuran/pangan semusim,404,https://perbenihanhorti.id/proseed/uploads/varimage/Terong%20TB%20413.pdf
db-varsan,Terong,TB 412,,,sayuran/pangan semusim,404,https://perbenihanhorti.id/proseed/uploads/varimage/Terong%20TB%20412.pdf
db-varsan,Semangka,WM 2479,,,sayuran/pangan semusim,404,https://perbenihanhorti.id/proseed/uploads/varimage/Semangka%20WM%202479.pdf
db-varsan,Semangka,WM 2429,,,sayuran/pangan semusim,404,https://perbenihanhorti.id/proseed/uploads/varimage/Semangka%20WM%202429.pdf
db-varsan,Mentimun,KE 4346,,,sayuran/pangan semusim,404,https://perbenihanhorti.id/proseed/uploads/varimage/Mentimun%20KE%204346.pdf
db-varsan,Mentimun,KE 4285,,,sayuran/pangan semusim,404,https://perbenihanhorti.id/proseed/uploads/varimage/Mentimun%20KE%204285.pdf
db-varsan,Kacang Panjang,KP 2316,,,sayuran/pangan semusim,404,https://perbenihanhorti.id/proseed/uploads/varimage/Kacang%20Panjang%20KP%202316.pdf
db-varsan,Cabai Besar,CF 3252,,,sayuran/pangan semusim,404,https://perbenihanhorti.id/proseed/uploads/varimage/Cabai%20CF%203252.pdf
db-varsan,Semangka,Fahira,,,sayuran/pangan semusim,404,https://perbenihanhorti.id/proseed/uploads/varimage/Semangka%20Fahira.pdf
db-varsan,Mentimun,Enno 704,,,sayuran/pangan semusim,404,https://perbenihanhorti.id/proseed/uploads/varimage/Mentimun%20Enno%20704.pdf
db-varsan,Kacang Panjang,Enno 1463,,,sayuran/pangan semusim,404,https://perbenihanhorti.id/proseed/uploads/varimage/Kacang%20Panjang%20Enno%201463.pdf
db-varsan,Semangka,Ovin,,,sayuran/pangan semusim,404,https://perbenihanhorti.id/proseed/uploads/varimage/Semangka%20Ovin.pdf
db-varsan,Terong,TPJ 095,,,sayuran/pangan semusim,404,https://perbenihanhorti.id/proseed/uploads/varimage/Terong%20TPJ%20095.pdf
db-varsan,Mentimun,CU ASA 115,,,sayuran/pangan semusim,404,https://perbenihanhorti.id/proseed/uploads/varimage/Mentimun%20CU%20ASA%20115.pdf
db-varsan,Pepaya,PY ASA 01,,,sayuran/pangan semusim,404,https://perbenihanhorti.id/proseed/uploads/varimage/Pepaya%20PY%20ASA%2001.pdf
db-varsan,Tomat,Vittorio,,,sayuran/pangan semusim,404,https://perbenihanhorti.id/proseed/uploads/varimage/Tomat%20Vittorio.pdf
db-varsan,Tomat,Kani,,,sayuran/pangan semusim,404,https://perbenihanhorti.id/proseed/uploads/varimage/Tomat%20Kani.pdf
db-varsan,Cabai Besar,Maghma,,,sayuran/pangan semusim,404,https://perbenihanhorti.id/proseed/uploads/varimage/Cabai%20Maghma.pdf
db-varsan,Cabai Besar,Crista,,,sayuran/pangan semusim,404,https://perbenihanhorti.id/proseed/uploads/varimage/Cabai%20Crista.pdf
db-varsan,Semangka,Legimo,,,sayuran/pangan semusim,404,https://perbenihanhorti.id/proseed/uploads/varimage/Semangka%20Legimo%2001.doc?
db-varsan,Semangka,WM 8867,,,sayuran/pangan semusim,404,https://perbenihanhorti.id/proseed/uploads/varimage/Semangka%20WM%208867.pdf
db-varsan,Terong,TP 1234,,,sayuran/pangan semusim,404,https://perbenihanhorti.id/proseed/uploads/varimage/Terong%20TP%201234.pdf
db-varsan,Cabai Besar,CB 2006,,,sayuran/pangan semusim,404,https://perbenihanhorti.id/proseed/uploads/varimage/Cabai%20CB%202006.pdf
db-varsan,Cabai Besar,CB 2004,,,sayuran/pangan semusim,404,https://perbenihanhorti.id/proseed/uploads/varimage/Cabai%20CB%202004.pdf
db-varsan,Slada,LE 082,,,sayuran/pangan semusim,404,https://perbenihanhorti.id/proseed/uploads/varimage/Selada%20LE%20082.pdf
db-varsan,SAWI,CS 1433,,,sayuran/pangan semusim,404,https://perbenihanhorti.id/proseed/uploads/varimage/Sawi%20CS%201433.pdf
db-varsan,Kubis Bunga,KF 2040,,,sayuran/pangan semusim,404,https://perbenihanhorti.id/proseed/uploads/varimage/Kubis%20Bunga%20KF%202040.pdf
db-varsan,Tomat,Resto,,,sayuran/pangan semusim,404,https://perbenihanhorti.id/proseed/uploads/varimage/Tomat%20Resto.pdf
db-varsan,Cabai Rawit,Prima Agrihorti,,,sayuran/pangan semusim,404,https://perbenihanhorti.id/proseed/uploads/varimage/Cabai%20Prima%20Agrihorti.pdf
db-varsan,Cabai Rawit,Rabani Agrihorti,,,sayuran/pangan semusim,404,https://perbenihanhorti.id/proseed/uploads/varimage/Cabai%20Rabani%20Agrihorti.pdf
db-varsan,Melon,Tacapa Silver,,,sayuran/pangan semusim,404,https://perbenihanhorti.id/proseed/uploads/varimage/Melon%20Tacapa%20Silver.pdf
db-varsan,Melon,Tacapa GB,,,sayuran/pangan semusim,404,https://perbenihanhorti.id/proseed/uploads/varimage/Melon%20Tacapa%20GB.pdf
db-varsan,Semangka,Serif Saga Agrihorti,,,sayuran/pangan semusim,404,https://perbenihanhorti.id/proseed/uploads/varimage/Semangka%20Serif%20Saga%20Agrihorti.pdf
db-varsan,SAWI,Emerald 03,,,sayuran/pangan semusim,404,https://perbenihanhorti.id/proseed/uploads/varimage/Sawi%20Emerald%2003.pdf
db-varsan,SAWI,Aura SS 05,,,sayuran/pangan semusim,404,https://perbenihanhorti.id/proseed/uploads/varimage/Sawi%20Aura%20SS%2005.pdf
db-varsan,Mentimun,CU 5648,,,sayuran/pangan semusim,404,https://perbenihanhorti.id/proseed/uploads/varimage/Mentimun%20CU%205648.pdf
db-varsan,Mentimun,CU 5118,,,sayuran/pangan semusim,404,https://perbenihanhorti.id/proseed/uploads/varimage/Mentimun%20CU%205118.pdf
db-varsan,Labu,LA 1203,,,sayuran/pangan semusim,404,https://perbenihanhorti.id/proseed/uploads/varimage/Labu%20LA%201203.pdf
db-varsan,Kangkung,Pusaka 33,,,sayuran/pangan semusim,404,https://perbenihanhorti.id/proseed/uploads/varimage/Kangkung%20Pusaka%2033.pdf
db-varsan,Kacang Panjang,Kencana 75,,,sayuran/pangan semusim,404,https://perbenihanhorti.id/proseed/uploads/varimage/Kacang%20Panjang%20Kencana%2075.pdf
db-varsan,Cabai Rawit,CF 3253,,,sayuran/pangan semusim,404,https://perbenihanhorti.id/proseed/uploads/varimage/Cabai%20Rawit%20CF%203253.pdf
db-varsan,Cabai Rawit,CF 3251,,,sayuran/pangan semusim,404,https://perbenihanhorti.id/proseed/uploads/varimage/Cabai%20Rawit%20CF%203251.pdf
db-varsan,Kentang,AR 07 Agrihorti,,,sayuran/pangan semusim,404,https://perbenihanhorti.id/proseed/uploads/varimage/Kentang%20AR%2007%20Agrihorti.pdf
db-varsan,Kentang,Olimpus Agrihorti,,,sayuran/pangan semusim,404,https://perbenihanhorti.id/proseed/uploads/varimage/Kentang%20Olimpus%20Agrihorti.pdf
db-varsan,Kentang,AR 08 Agrihorti,,,sayuran/pangan semusim,404,https://perbenihanhorti.id/proseed/uploads/varimage/Kentang%20AR%2008%20Agrihorti.pdf
db-varsan,Tomat,TO 76305,,,sayuran/pangan semusim,404,https://perbenihanhorti.id/proseed/uploads/varimage/Tomat%20TO%2076305.pdf
db-varsan,Tomat,Gallant,,,sayuran/pangan semusim,404,https://perbenihanhorti.id/proseed/uploads/varimage/Tomat%20Gallant.pdf
db-varsan,Tomat,Selena,,,sayuran/pangan semusim,404,https://perbenihanhorti.id/proseed/uploads/varimage/Tomat%20Selena.pdf
db-varsan,Kacang Panjang,KPR 541,,,sayuran/pangan semusim,404,https://perbenihanhorti.id/proseed/uploads/varimage/Kacang%20Panjang%20KPR%20541.pdf
db-varsan,Cabai Besar,CK 9856,,,sayuran/pangan semusim,404,https://perbenihanhorti.id/proseed/uploads/varimage/Cabai%20CK%209856.pdf
db-varsan,Semangka,WM 2967,,,sayuran/pangan semusim,404,https://perbenihanhorti.id/proseed/uploads/varimage/Semangka%20WM%202967.pdf
db-varsan,Cabai Besar,CA 9654,,,sayuran/pangan semusim,404,https://perbenihanhorti.id/proseed/uploads/varimage/Cabai%20CA%209654.pdf
db-varsan,Semangka,WM 2505,,,sayuran/pangan semusim,404,https://perbenihanhorti.id/proseed/uploads/varimage/Semangka%20WM%202505.pdf
db-varsan,Semangka,WM 2503,,,sayuran/pangan semusim,404,https://perbenihanhorti.id/proseed/uploads/varimage/Semangka%20WM%202503.pdf
db-varsan,Oyong / Gambas,BG 667,,,sayuran/pangan semusim,404,https://perbenihanhorti.id/proseed/uploads/varimage/Oyong%20BG%20667.pdf
db-varsan,Melon,ME 1175,,,sayuran/pangan semusim,404,https://perbenihanhorti.id/proseed/uploads/varimage/Melon%20ME%201175.pdf
db-varsan,Tomat,SL 11618,,,sayuran/pangan semusim,404,https://perbenihanhorti.id/proseed/uploads/varimage/Tomat%20SL%2011618.pdf
db-varsan,Melon,Moonlight,,,sayuran/pangan semusim,404,https://perbenihanhorti.id/proseed/uploads/varimage/Melon%20Moonlight.pdf
db-varsan,Melon,Green Flash,,,sayuran/pangan semusim,404,https://perbenihanhorti.id/proseed/uploads/varimage/Melon%20Green%20Flash.pdf
db-varsan,Tomat,Tora IPB,,,sayuran/pangan semusim,404,https://perbenihanhorti.id/proseed/uploads/varimage/Tomat%20Tora%20IPB.pdf
db-varsan,Tomat,MHANO,,,sayuran/pangan semusim,404,https://perbenihanhorti.id/proseed/uploads/varimage/Tomat%20MHANO.pdf
db-varsan,Tomat,Diva,,,sayuran/pangan semusim,404,https://perbenihanhorti.id/proseed/uploads/varimage/Tomat%20DIVA.pdf
db-varsan,Kacang Panjang,Kilisuci,,,sayuran/pangan semusim,404,https://perbenihanhorti.id/proseed/uploads/varimage/Kacang%20Panjang%20Kilisuci.pdf
db-varsan,Tomat,Djuve,,,sayuran/pangan semusim,404,https://perbenihanhorti.id/proseed/uploads/varimage/Tomat%20DJUVE.pdf
db-varsan,Paria,PA 702,,,sayuran/pangan semusim,404,https://perbenihanhorti.id/proseed/uploads/varimage/Paria%20PA%20702.pdf
db-varsan,Paria,PA 701,,,sayuran/pangan semusim,404,https://perbenihanhorti.id/proseed/uploads/varimage/Paria%20PA%20701.pdf
db-varsan,Tomat,Kendedes,,,sayuran/pangan semusim,404,https://perbenihanhorti.id/proseed/uploads/varimage/Tomat%20Kendedes.pdf
db-varsan,Semangka,WM 2490,,,sayuran/pangan semusim,404,https://perbenihanhorti.id/proseed/uploads/varimage/Semangka%20WM%202490%20ok.doc?
db-varsan,Mentimun,MTMT 01,,,sayuran/pangan semusim,404,https://perbenihanhorti.id/proseed/uploads/varimage/Mentimun%20MTMT%2001%20ok.doc?
db-varsan,Paria,Parjo 02,,,sayuran/pangan semusim,404,https://perbenihanhorti.id/proseed/uploads/varimage/Paria%20Parjo%2002%20ok.doc?
db-varsan,Cabai Rawit,CBR 001,,,sayuran/pangan semusim,404,https://perbenihanhorti.id/proseed/uploads/varimage/Cabai%20Rawit%20CBR%20001%20ok.doc?
db-varsan,Mentimun,GS 34,,,sayuran/pangan semusim,404,https://perbenihanhorti.id/proseed/uploads/varimage/Mentimun%20GS%2034%20ok.doc?
db-varsan,Kailan,KL 2224,,,sayuran/pangan semusim,404,https://perbenihanhorti.id/proseed/uploads/varimage/Kailan%20KL%202224%20ok.doc?
db-varsan,Kacang Panjang,GS 3,,,sayuran/pangan semusim,404,https://perbenihanhorti.id/proseed/uploads/varimage/Kacang%20Panjang%20GS%203%20ok.doc?
db-varsan,Kacang Panjang,GS 1,,,sayuran/pangan semusim,404,https://perbenihanhorti.id/proseed/uploads/varimage/Kacang%20Panjang%20GS%201%20ok.doc?
db-varsan,Cabai Keriting,CKSB 06,,,sayuran/pangan semusim,404,https://perbenihanhorti.id/proseed/uploads/varimage/Cabai%20CKSB%2006.doc?
db-varsan,Cabai Keriting,CKSB 02,,,sayuran/pangan semusim,404,https://perbenihanhorti.id/proseed/uploads/varimage/Cabai%20CKSB%2002.doc?
db-varsan,Cabai Rawit,CF 1999,,,sayuran/pangan semusim,404,https://perbenihanhorti.id/proseed/uploads/varimage/Cabai%20CF%201999%20ok.doc?
db-varsan,Cabai Keriting,UNPAD CK 5,,,sayuran/pangan semusim,404,https://perbenihanhorti.id/proseed/uploads/varimage/Cabai%20UNPAD%20CK%205.pdf
db-varsan,Cabai Keriting,UNPAD CK 3,,,sayuran/pangan semusim,404,https://perbenihanhorti.id/proseed/uploads/varimage/Cabai%20UNPAD%20CK%203.pdf
db-varsan,Cabai Besar,UNPAD CB 2,,,sayuran/pangan semusim,404,https://perbenihanhorti.id/proseed/uploads/varimage/Cabai%20UNPAD%20CB%202.pdf
db-varsan,Cabai Besar,UNPAD CB 1,,,sayuran/pangan semusim,404,https://perbenihanhorti.id/proseed/uploads/varimage/Cabai%20UNPAD%20CB%201.pdf
db-varsan,Jagung Manis,Garuda Kuning,,,sayuran/pangan semusim,404,https://perbenihanhorti.id/proseed/uploads/varimage/Jagung%20Manis%20Garuda%20Kuning.pdf
db-varsan,Jagung Manis,Gandari,,,sayuran/pangan semusim,404,https://perbenihanhorti.id/proseed/uploads/varimage/Jagung%20Manis%20Gandari.pdf
db-varsan,Terong,Pertiwi,,,sayuran/pangan semusim,404,https://perbenihanhorti.id/proseed/uploads/varimage/MARIGOLD%20PERTIWI.pdf
db-varsan,Kacang Panjang,PHYTON,,,sayuran/pangan semusim,404,https://perbenihanhorti.id/proseed/uploads/varimage/Kacang%20Panjang%20Phyton%20ok.pdf
db-varsan,Pepaya,Carvita Agrihorti,,,sayuran/pangan semusim,404,https://perbenihanhorti.id/proseed/uploads/varimage/Pepaya%20Carvita%20Agrihorti%20ok.pdf
db-varsan,Bawang Merah,TSS Agrihort 2,,,sayuran/pangan semusim,404,https://perbenihanhorti.id/proseed/uploads/varimage/Bw%20merah%20TSS%20Agrihort%202.pdf
db-varsan,Bawang Merah,TSS Agrihort 1,,,sayuran/pangan semusim,404,https://perbenihanhorti.id/proseed/uploads/varimage/Bw%20merah%20TSS%20Agrihort%201.pdf
db-varsan,Cabai Besar,Anies IPB,,,sayuran/pangan semusim,404,https://perbenihanhorti.id/proseed/uploads/varimage/Cabai%20besar%20Anies%20IPB%20ok.pdf
db-varsan,Semangka,WM ASA 106,,,sayuran/pangan semusim,404,https://perbenihanhorti.id/proseed/uploads/varimage/Semangka%20WM%20ASA%20106%20ok.pdf
db-varsan,Terong,AGB TE P 0310,,,sayuran/pangan semusim,404,https://perbenihanhorti.id/proseed/uploads/varimage/Terong%20AGB%20TEP%200310%20ok.pdf
db-varsan,Terong,AGB TE U 0106,,,sayuran/pangan semusim,404,https://perbenihanhorti.id/proseed/uploads/varimage/Terong%20AGB%20TE%20U%200106%20ok.pdf
db-varsan,Melon,M 381,,,sayuran/pangan semusim,404,https://perbenihanhorti.id/proseed/uploads/varimage/Melon%20M%20381%20ok.pdf
db-varsan,Jagung Manis,SC 8811,,,sayuran/pangan semusim,404,https://perbenihanhorti.id/proseed/uploads/varimage/Jagung%20manis%20SC%208811%20ok.pdf
db-varsan,Jagung Manis,SC 29422,,,sayuran/pangan semusim,404,https://perbenihanhorti.id/proseed/uploads/varimage/Jagung%20manis%20SC%2029422%20ok.pdf
db-varsan,Paria,MC 669,,,sayuran/pangan semusim,404,https://perbenihanhorti.id/proseed/uploads/varimage/Paria%20MC%20669%20ok.pdf
db-varsan,Paria,MC 2604,,,sayuran/pangan semusim,404,https://perbenihanhorti.id/proseed/uploads/varimage/Paria%20MC%202604%20ok.pdf
db-varsan,Cabai Rawit,Mhanu,,,sayuran/pangan semusim,404,https://perbenihanhorti.id/proseed/uploads/varimage/Cabai%20rawit%20Mhanu.pdf
db-varsan,Cabai Besar,GSG 13,,,sayuran/pangan semusim,404,https://perbenihanhorti.id/proseed/uploads/varimage/Cabai%20besar%20GSG%2013%20ok.pdf
db-varsan,Cabai Besar,GSG 6,,,sayuran/pangan semusim,404,https://perbenihanhorti.id/proseed/uploads/varimage/Cabai%20besar%20GSG%206%20ok.pdf
db-varsan,Jagung Manis,Fania,,,sayuran/pangan semusim,404,https://perbenihanhorti.id/proseed/uploads/varimage/Jagung%20manis%20Fania%20ok.pdf
db-varsan,Jagung Manis,Prisa,,,sayuran/pangan semusim,404,https://perbenihanhorti.id/proseed/uploads/varimage/Jagung%20manis%20Prisa%20ok.pdf
db-varsan,Slada,LE 1889,,,sayuran/pangan semusim,404,https://perbenihanhorti.id/proseed/uploads/varimage/Selada%20LE%201889%20ok.pdf
db-varsan,Cabai Besar,GS 455,,,sayuran/pangan semusim,404,https://perbenihanhorti.id/proseed/uploads/varimage/Cabai%20besar%20GS%20%20455.pdf
db-varsan,Oyong / Gambas,OY 1962,,,sayuran/pangan semusim,404,https://perbenihanhorti.id/proseed/uploads/varimage/Oyong%20OY%201962.pdf
db-varsan,Semangka,Voros,,,sayuran/pangan semusim,404,https://perbenihanhorti.id/proseed/uploads/varimage/Semangka%20Voros%20ok.pdf
db-varsan,Semangka,Redoval,,,sayuran/pangan semusim,404,https://perbenihanhorti.id/proseed/uploads/varimage/Semangka%20Redoval%20ok.pdf
db-varsan,Semangka,Gorria,,,sayuran/pangan semusim,404,https://perbenihanhorti.id/proseed/uploads/varimage/Semangka%20Gorria%20ok.pdf
db-varsan,Kubis Bunga,Kayla,,,sayuran/pangan semusim,404,https://perbenihanhorti.id/proseed/uploads/varimage/kubis%20bunga%20Kayla%20ok.pdf
db-varsan,Kangkung,Nanda 88,,,sayuran/pangan semusim,404,https://perbenihanhorti.id/proseed/uploads/varimage/Kangkung%20Nanda%2088%20ok.pdf
db-varsan,Kangkung,Koko 88,,,sayuran/pangan semusim,404,https://perbenihanhorti.id/proseed/uploads/varimage/Kangkung%20Koko%2088%20ok.pdf
db-varsan,Cabai Besar,Narmada,,,sayuran/pangan semusim,404,https://perbenihanhorti.id/proseed/uploads/varimage/Cabai%20besar%20Narmada%20ok.pdf
db-varsan,Cabai Besar,Caraka,,,sayuran/pangan semusim,404,https://perbenihanhorti.id/proseed/uploads/varimage/Cabai%20besar%20Caraka%20ok.pdf
db-varsan,Mentimun,Manora,,,sayuran/pangan semusim,404,https://perbenihanhorti.id/proseed/uploads/varimage/Mentimun%20Manora.doc?
db-varsan,Zukini,Jacky Z6,,,sayuran/pangan semusim,404,https://perbenihanhorti.id/proseed/uploads/varimage/Zukini%20Jacky%20Z6%20ok.doc?
db-varsan,Zukini,Golden Zuki Z11,,,sayuran/pangan semusim,404,https://perbenihanhorti.id/proseed/uploads/varimage/Zukini%20Golden%20Zuki%20Z11%20ok.doc?
db-varsan,Terong,SM 1044,,,sayuran/pangan semusim,404,https://perbenihanhorti.id/proseed/uploads/varimage/Terong%20SM%201044%20ok.doc?
db-varsan,Jagung Manis,ZM 1903,,,sayuran/pangan semusim,404,https://perbenihanhorti.id/proseed/uploads/varimage/Jagung%20manis%20ZM%201903.doc?
db-varsan,Melon,ME FV 72,,,sayuran/pangan semusim,404,https://perbenihanhorti.id/proseed/uploads/varimage/Melon%20ME%20FV%2072%20ok.doc?
db-varsan,Jagung Pulut Manis,GC 19099,,,sayuran/pangan semusim,404,https://perbenihanhorti.id/proseed/uploads/varimage/Jagung%20pulut%20manis%20GC%2019099%20ok.doc?
db-varsan,Cabai Rawit,CR 5243,,,sayuran/pangan semusim,404,https://perbenihanhorti.id/proseed/uploads/varimage/Cabai%20rawit%20CR%205243%20ok.doc?
db-varsan,Bayam,287,,,sayuran/pangan semusim,404,https://perbenihanhorti.id/proseed/uploads/varimage/Bayam%20BA%20287%20ok.doc?
db-varsan,Bayam,BA 286,,,sayuran/pangan semusim,404,https://perbenihanhorti.id/proseed/uploads/varimage/Bayam%20BA%20286%20ok.doc?
db-varsan,Kacang Panjang,KPMT 02,,,sayuran/pangan semusim,404,https://perbenihanhorti.id/proseed/uploads/varimage/Kacang%20panjang%20KPMT%2002.pdf
db-varsan,Kacang Panjang,KPMT 01,,,sayuran/pangan semusim,404,https://perbenihanhorti.id/proseed/uploads/varimage/Kacang%20panjang%20KPMT%2001.pdf
db-varsan,Sawi putih / Petsai,Sitiwi,,,sayuran/pangan semusim,404,https://perbenihanhorti.id/proseed/uploads/varimage/Sawi%20putih%20Sitiwi.pdf
db-varsan,Kacang Buncis,Pertiwi,,,sayuran/pangan semusim,404,https://perbenihanhorti.id/proseed/uploads/varimage/MARIGOLD%20PERTIWI.pdf
db-varsan,Kacang Panjang,Pangeran Anvi,,,sayuran/pangan semusim,404,https://perbenihanhorti.id/proseed/uploads/varimage/Kacang%20panjang%20Pangeran%20Anvi.pdf
db-varsan,Kacang Panjang,Pertiwi,,,sayuran/pangan semusim,404,https://perbenihanhorti.id/proseed/uploads/varimage/MARIGOLD%20PERTIWI.pdf
db-varsan,Terong,TB 2287,,,sayuran/pangan semusim,404,https://perbenihanhorti.id/proseed/uploads/varimage/Terong%20TB%202287.pdf
db-varsan,Paria,PA 13875,,,sayuran/pangan semusim,404,https://perbenihanhorti.id/proseed/uploads/varimage/Paria%20PA%2013875.pdf
db-varsan,Mentimun,KE 30685,,,sayuran/pangan semusim,404,https://perbenihanhorti.id/proseed/uploads/varimage/Mentimun%20KE%2030685.pdf
db-varsan,Kangkung,KK 483,,,sayuran/pangan semusim,404,https://perbenihanhorti.id/proseed/uploads/varimage/Kangkung%20KK%20483.pdf
db-varsan,Seledri,SD 1012,,,sayuran/pangan semusim,404,https://perbenihanhorti.id/proseed/uploads/varimage/Seledri%20SD%201012.pdf
db-varsan,Seledri,SD 1011,,,sayuran/pangan semusim,404,https://perbenihanhorti.id/proseed/uploads/varimage/Seledri%20SD%201011.pdf
db-varsan,Semangka,SSB 01,,,sayuran/pangan semusim,404,https://perbenihanhorti.id/proseed/uploads/varimage/Semangka%20SSB%2001.pdf
db-varsan,Mentimun,TJHL 2812,,,sayuran/pangan semusim,404,https://perbenihanhorti.id/proseed/uploads/varimage/mentimun%20TJHL%202812.pdf
db-varsan,Mentimun,TJHL 2811,,,sayuran/pangan semusim,404,https://perbenihanhorti.id/proseed/uploads/varimage/mentimun%20TJHL%202811.pdf
db-varsan,Mentimun,TJHL 2808,,,sayuran/pangan semusim,404,https://perbenihanhorti.id/proseed/uploads/varimage/mentimun%20TJHL%202808.pdf
db-varsan,Semangka,Sagita,,,sayuran/pangan semusim,404,https://perbenihanhorti.id/proseed/uploads/varimage/Semangka%20Sagita.pdf
db-varsan,Sawi putih / Petsai,Windy,,,sayuran/pangan semusim,404,https://perbenihanhorti.id/proseed/uploads/varimage/Sawi%20putih%20Windy.pdf
db-varsan,Cabai Besar,Macho,,,sayuran/pangan semusim,404,https://perbenihanhorti.id/proseed/uploads/varimage/Cabai%20besar%20Macho.pdf
db-varsan,Semangka,WM 1263,,,sayuran/pangan semusim,404,https://perbenihanhorti.id/proseed/uploads/varimage/Semangka%20WM%201263.pdf
db-varsan,Terong,SS 963,,,sayuran/pangan semusim,404,https://perbenihanhorti.id/proseed/uploads/varimage/Terong%20SS%20963.pdf
db-varsan,Kacang Panjang,VA 564,,,sayuran/pangan semusim,404,https://perbenihanhorti.id/proseed/uploads/varimage/Kacang%20Panjang%20VA%20564.pdf
db-varsan,Melon,Pertiwi,,,sayuran/pangan semusim,404,https://perbenihanhorti.id/proseed/uploads/varimage/MARIGOLD%20PERTIWI.pdf
db-varsan,Terong,TP 13886,,,sayuran/pangan semusim,404,https://perbenihanhorti.id/proseed/uploads/varimage/Terong%20TP%2013886.pdf
db-varsan,Kacang Panjang,KP ASA 267,,,sayuran/pangan semusim,404,https://perbenihanhorti.id/proseed/uploads/varimage/Kacang%20panjang%20KP%20ASA%20267.pdf
db-varsan,Pepaya,Agri Solinda,,,sayuran/pangan semusim,404,https://perbenihanhorti.id/proseed/uploads/varimage/Deskripsi%20Pepaya%20Agri%20Solinda.pdf
db-varsan,Kacang Panjang,KP ASA 239,,,sayuran/pangan semusim,404,https://perbenihanhorti.id/proseed/uploads/varimage/Deskripsi%20Kacang%20Panjang%20KP%20ASA%20239.pdf
db-varsan,Paria,MC 1020,,,sayuran/pangan semusim,404,https://perbenihanhorti.id/proseed/uploads/varimage/Deskrips%20Paria%20MC%201020.pdf
db-varsan,Kentang,JALA IPAM,,,sayuran/pangan semusim,404,https://perbenihanhorti.id/proseed/uploads/varimage/Kentang%20JALA%20-%20IPAM.pdf
db-varsan,Sawi hijau,Pertiwi,,,sayuran/pangan semusim,404,https://perbenihanhorti.id/proseed/uploads/varimage/MARIGOLD%20PERTIWI.pdf
db-varsan,Sawi putih / Petsai,Casanov,,,sayuran/pangan semusim,404,https://perbenihanhorti.id/proseed/uploads/varimage/SAWI%20PUTIH%20CASANOV.pdf
db-varsan,Sawi Sendok/Pak Choi,Espress,,,sayuran/pangan semusim,404,https://perbenihanhorti.id/proseed/uploads/varimage/Pak%20choy%20Espress.pdf
db-varsan,Kacang Panjang,Mada,,,sayuran/pangan semusim,404,https://perbenihanhorti.id/proseed/uploads/varimage/Kacang%20panjang%20Mada.pdf
db-varsan,Terong,Arya Hijau,,,sayuran/pangan semusim,404,https://perbenihanhorti.id/proseed/uploads/varimage/Terong%20Arya%20Hijau.pdf
db-varsan,Tomat,Kadia 2,,,sayuran/pangan semusim,404,https://perbenihanhorti.id/proseed/uploads/varimage/Tomat%20Kadia%202.pdf
db-varsan,Cabai Rawit,HPTr 102,,,sayuran/pangan semusim,404,https://perbenihanhorti.id/proseed/uploads/varimage/cabai%20rawit%20HPTr%20102.pdf
db-varsan,Cabai Besar,HPT 1730,,,sayuran/pangan semusim,404,https://perbenihanhorti.id/proseed/uploads/varimage/cabai%20besar%20HPT%201730.pdf
db-varsan,Cabai Keriting,phoenix 55,,,sayuran/pangan semusim,404,https://perbenihanhorti.id/proseed/uploads/varimage/cabai%20keriting%20phoenix%2055.pdf
db-varsan,Melon,Melvita,,,sayuran/pangan semusim,404,https://perbenihanhorti.id/proseed/uploads/varimage/Melon%20melvita.pdf
db-varsan,Melon,Vermelo,,,sayuran/pangan semusim,404,https://perbenihanhorti.id/proseed/uploads/varimage/Melon%20vermelo.pdf
db-varsan,Cabai Keriting,Spiro,,,sayuran/pangan semusim,404,https://perbenihanhorti.id/proseed/uploads/varimage/Cabai%20keriting%20spiro.pdf
db-varsan,Tomat,Amala 474,,,sayuran/pangan semusim,404,https://perbenihanhorti.id/proseed/uploads/varimage/Tomat%20Amala%20474.pdf
db-varsan,Semangka,WM ASA 145,,,sayuran/pangan semusim,404,https://perbenihanhorti.id/proseed/uploads/varimage/WM%20ASA%20145.pdf
db-varsan,Tomat,Maya 353,,,sayuran/pangan semusim,404,https://perbenihanhorti.id/proseed/uploads/varimage/Tomat%20Maya%20353.pdf
db-varsan,Cabai Besar,Royal 77,,,sayuran/pangan semusim,404,https://perbenihanhorti.id/proseed/uploads/varimage/cabai%20besar%20royal%2077.pdf
db-varsan,Kacang Panjang,Balapati,,,sayuran/pangan semusim,404,https://perbenihanhorti.id/proseed/uploads/varimage/Kacang%20panjang%20Balapati.pdf
db-varsan,Kacang Panjang,Balapati,,,sayuran/pangan semusim,404,https://perbenihanhorti.id/proseed/uploads/varimage/Kacang%20panjang%20Balapati.pdf
db-varsan,Mentimun,B.013,,,sayuran/pangan semusim,404,https://perbenihanhorti.id/proseed/uploads/varimage/mentimun%20B.013.pdf
db-varsan,Kacang Panjang,OT.242,,,sayuran/pangan semusim,404,https://perbenihanhorti.id/proseed/uploads/varimage/Kacang%20panjang%20OT.242.pdf
db-varsan,Kubis Bunga,Aquina,,,sayuran/pangan semusim,404,https://perbenihanhorti.id/proseed/uploads/varimage/Kubis%20bunga%20Aquina.pdf
db-varsan,Mentimun,vitani,,,sayuran/pangan semusim,404,https://perbenihanhorti.id/proseed/uploads/varimage/mentimun%20vitani.pdf
db-varsan,Paria,MC 711,,,sayuran/pangan semusim,404,https://perbenihanhorti.id/proseed/uploads/varimage/Paria%20MC%20711.pdf
db-varsan,Cabai Rawit,CF 857,,,sayuran/pangan semusim,404,https://perbenihanhorti.id/proseed/uploads/varimage/Cabai%20rawit%20CF%20857.pdf
db-varsan,Tomat,Larisa,,,sayuran/pangan semusim,404,https://perbenihanhorti.id/proseed/uploads/varimage/Tomat%20Larisa.pdf
db-varsan,Jagung Manis,JMJHL 162,,,sayuran/pangan semusim,404,https://perbenihanhorti.id/proseed/uploads/varimage/Jagung%20manis%20JMJHL%20162.pdf
db-varsan,Cabai Keriting,Aruna,,,sayuran/pangan semusim,404,https://perbenihanhorti.id/proseed/uploads/varimage/Cabai%20keriting%20Aruna.pdf
db-varsan,Jagung Pulut Manis,BWX33,,,sayuran/pangan semusim,404,https://perbenihanhorti.id/proseed/uploads/varimage/Jagung%20pulut%20manis%20BWX33.pdf
db-varsan,Jagung Pulut Manis,BWX31,,,sayuran/pangan semusim,404,https://perbenihanhorti.id/proseed/uploads/varimage/Jagung%20pulut%20manis%20BWX31.pdf
db-varsan,Tomat,Warta 44,,,sayuran/pangan semusim,404,https://perbenihanhorti.id/proseed/uploads/varimage?
db-varsan,Pepaya,Mutiara Indah,,,sayuran/pangan semusim,404,https://perbenihanhorti.id/proseed/uploads/varimage/Pepaya%20Mutiara%20Indah.pdf
db-varsan,Semangka,SE 514,,,sayuran/pangan semusim,404,https://perbenihanhorti.id/proseed/uploads/varimage/Semangka%20SE%20514.pdf
db-varsan,Tomat,Agatha,,,sayuran/pangan semusim,404,https://perbenihanhorti.id/proseed/uploads/varimage/Paria%20Agatha.pdf
db-varsan,Tomat,Betavila,,,sayuran/pangan semusim,404,https://perbenihanhorti.id/proseed/uploads/varimage/Tomat%20Betavila.pdf
db-varsan,Blewah,Komala,,,sayuran/pangan semusim,404,https://perbenihanhorti.id/proseed/uploads/varimage/Blewah%20Komala.pdf
db-varsan,Blewah,Aruna,,,sayuran/pangan semusim,404,https://perbenihanhorti.id/proseed/uploads/varimage/Cabai%20keriting%20Aruna.pdf
db-varsan,Bawang Merah,Crok Kuning,,,sayuran/pangan semusim,404,https://perbenihanhorti.id/proseed/uploads/varimage/Bawang%20merah%20Crok%20Kuning.pdf
db-varsan,Seledri,Moyang,,,sayuran/pangan semusim,404,https://perbenihanhorti.id/proseed/uploads/varimage/Seledri%20Moyang.pdf
db-varsan,Mentimun,CU 2410,,,sayuran/pangan semusim,404,https://perbenihanhorti.id/proseed/uploads/varimage/PT%20BCA-%20Mentimun%20CU%202410.pdf
db-varsan,Oyong / Gambas,Azura,,,sayuran/pangan semusim,404,https://perbenihanhorti.id/proseed/uploads/varimage/PT%20EWSI-%20Oyong%20Azura.pdf
db-varsan,Jagung Manis,SECADA,,,sayuran/pangan semusim,404,https://perbenihanhorti.id/proseed/uploads/varimage/PT%20EWSI-%20Jagung%20manis%20Secada.pdf
db-varsan,Semangka,L9207,,,sayuran/pangan semusim,404,https://perbenihanhorti.id/proseed/uploads/varimage/PT%20BISI-%20Semangka%20L9207.pdf
db-varsan,Semangka,L0234,,,sayuran/pangan semusim,404,https://perbenihanhorti.id/proseed/uploads/varimage/PT%20BISI-%20Semangka%20L0234.pdf
db-varsan,Mentimun,CU 2511,,,sayuran/pangan semusim,404,https://perbenihanhorti.id/proseed/uploads/varimage/PT%20BCA-%20Mentimun%20CU%202511.pdf
db-varsan,Melon,ME 463,,,sayuran/pangan semusim,404,https://perbenihanhorti.id/proseed/uploads/varimage/PT%20BCA-%20Melon%20ME%20463.pdf
db-varsan,Tomat,TO-304,,,sayuran/pangan semusim,404,https://perbenihanhorti.id/proseed/uploads/varimage/PT%20ASA-%20Tomat%20TO%20304.pdf
db-varsan,Kubis,REJO 255,,,sayuran/pangan semusim,404,https://perbenihanhorti.id/proseed/uploads/varimage/PT%20Agrosid-%20Kubis%20Rejo%20255.pdf
db-varsan,Tomat,TO ASA 307,,,sayuran/pangan semusim,404,https://perbenihanhorti.id/proseed/uploads/varimage/Tomat%20TO%20ASA%20307.pdf
db-varsan,Cabai Keriting,CK ASA 5015,,,sayuran/pangan semusim,404,https://perbenihanhorti.id/proseed/uploads/varimage/Cabai%20keriting%20CK%20ASA%205015.pdf
db-varsan,Semangka,Pasport,,,sayuran/pangan semusim,404,https://perbenihanhorti.id/proseed/uploads/varimage/Semangka%20Pasport.pdf
db-varsan,Cabai Keriting,Rimbun 3,,,sayuran/pangan semusim,404,https://perbenihanhorti.id/proseed/uploads/varimage/Cabai%20keriting%20Rimbun%203.pdf
db-varsan,Bayam,BA 285,,,sayuran/pangan semusim,404,https://perbenihanhorti.id/proseed/uploads/varimage/Bayam%20BA%20285.pdf
db-varsan,Tomat,Servo,,,sayuran/pangan semusim,404,https://perbenihanhorti.id/proseed/uploads/varimage/Tomat%20Servo.pdf
db-varsan,Sawi Sendok/Pak Choi,Emone 26,,,sayuran/pangan semusim,404,https://perbenihanhorti.id/proseed/uploads/varimage/Pak%20choy%20Emone%2026.pdf
db-varsan,Sawi Sendok/Pak Choi,Polan 59,,,sayuran/pangan semusim,404,https://perbenihanhorti.id/proseed/uploads/varimage/Pak%20choy%20Polan%2059.pdf
db-varsan,Kubis,Antena,,,sayuran/pangan semusim,404,https://perbenihanhorti.id/proseed/uploads/varimage/Kubis%20Antena.pdf
db-varsan,Kangkung,KK 1502,,,sayuran/pangan semusim,404,https://perbenihanhorti.id/proseed/uploads/varimage/Kangkung%20KK%201502.pdf
db-varsan,Mentimun,CU 2373,,,sayuran/pangan semusim,404,https://perbenihanhorti.id/proseed/uploads/varimage/Mentimun%20CU%202373.pdf
db-varsan,Semangka,Ovala 89,,,sayuran/pangan semusim,404,https://perbenihanhorti.id/proseed/uploads/varimage/Semangka%20Ovala%2089.pdf
db-varsan,Jagung Manis,Legenda,,,sayuran/pangan semusim,404,https://perbenihanhorti.id/proseed/uploads/varimage/Jagung%20manis%20Legenda.pdf
db-varsan,Jagung Manis,Jawara,,,sayuran/pangan semusim,404,https://perbenihanhorti.id/proseed/uploads/varimage/Jagung%20manis%20Jawara.pdf
db-varsan,Labu,Giwang,,,sayuran/pangan semusim,404,https://perbenihanhorti.id/proseed/uploads/varimage/Gambas%20Giwang.pdf
db-varsan,Bayam,Kenshi,,,sayuran/pangan semusim,404,https://perbenihanhorti.id/proseed/uploads/varimage/Bayam%20Kenshi.pdf
db-varsan,Bayam,Anjali,,,sayuran/pangan semusim,404,https://perbenihanhorti.id/proseed/uploads/varimage/Bayam%20Anjali.pdf
db-varsan,Kangkung,Aura Dewi,,,sayuran/pangan semusim,404,https://perbenihanhorti.id/proseed/uploads/varimage/Kangkung%20Aura%20Dewi.pdf
db-varsan,Semangka,Kanigara,,,sayuran/pangan semusim,404,https://perbenihanhorti.id/proseed/uploads/varimage/Semangka%20Kanigara.pdf
db-varsan,Cabai Rawit,Maruti,,,sayuran/pangan semusim,404,https://perbenihanhorti.id/proseed/uploads/varimage/Cabai%20rawit%20Maruti.pdf
db-varsan,Mentimun,KE 28640,,,sayuran/pangan semusim,404,https://perbenihanhorti.id/proseed/uploads/varimage/Mentimun%20KE%2028640.pdf
db-varsan,Bawang Merah,Sanren,,,sayuran/pangan semusim,404,https://perbenihanhorti.id/proseed/uploads/varimage/Bawang%20merah%20Sanren.pdf
db-varsan,Cabai Besar,Seloka IPB,,,sayuran/pangan semusim,404,https://perbenihanhorti.id/proseed/uploads/varimage/Cabai%20besar%20Seloka%20IPB.pdf
db-varsan,Cabai Rawit,PMS CR 0403,,,sayuran/pangan semusim,404,https://perbenihanhorti.id/proseed/uploads/varimage/Cabai%20rawit%20PMS%20CR%200403.pdf
db-varsan,Cabai Rawit,PMS CR 0404,,,sayuran/pangan semusim,404,https://perbenihanhorti.id/proseed/uploads/varimage/Cabai%20rawit%20PMS%20CR%200404.pdf
db-varsan,Mentimun,RPA 201,,,sayuran/pangan semusim,404,https://perbenihanhorti.id/proseed/uploads/varimage/Mentimun%20RPA%20201.pdf
db-varsan,Jagung Manis,ADV Kareena,,,sayuran/pangan semusim,404,https://perbenihanhorti.id/proseed/uploads/varimage/Jagung%20manis%20ADV%20Kareena.pdf
db-varsan,Sawi Caisim,SM ASA 010,,,sayuran/pangan semusim,404,https://perbenihanhorti.id/proseed/uploads/varimage/Caisim%20SM%20ASA%20010.pdf
db-varsan,Kangkung,KK ASA 04,,,sayuran/pangan semusim,404,https://perbenihanhorti.id/proseed/uploads/varimage/Kangkung%20KK%20ASA%2004.pdf
db-varsan,Bayam,BY ASA 05,,,sayuran/pangan semusim,404,https://perbenihanhorti.id/proseed/uploads/varimage/Bayam%20BY%20ASA%2005.pdf
db-varsan,Paria,PJHL 912,,,sayuran/pangan semusim,404,https://perbenihanhorti.id/proseed/uploads/varimage/Paria%20PJHL%20912.pdf
db-varsan,Sawi Caisim,CSB 001,,,sayuran/pangan semusim,404,https://perbenihanhorti.id/proseed/uploads/varimage/Caisim%20CSB%20001.pdf
db-varsan,Tomat,Artika 748,,,sayuran/pangan semusim,404,https://perbenihanhorti.id/proseed/uploads/varimage/Tomat%20Artika%20748.pdf
db-varsan,Sawi hijau,Saka,,,sayuran/pangan semusim,404,https://perbenihanhorti.id/proseed/uploads/varimage/Sawi%20hijau%20Saka.pdf
db-varsan,Mentimun,Persada,,,sayuran/pangan semusim,404,https://perbenihanhorti.id/proseed/uploads/varimage/Mentimun%20Persada.pdf
db-varsan,Paria,Ziliant,,,sayuran/pangan semusim,404,https://perbenihanhorti.id/proseed/uploads/varimage/Paria%20Ziliant.pdf
db-varsan,Cabai Keriting,GS 432,,,sayuran/pangan semusim,404,https://perbenihanhorti.id/proseed/uploads/varimage/Cabai%20keriting%20GS%20432.pdf
db-varsan,Jagung Manis,Macarena,,,sayuran/pangan semusim,404,https://perbenihanhorti.id/proseed/uploads/varimage/Jagung%20manis%20Macarena.pdf
db-varsan,Kubis Bunga,Balotta,,,sayuran/pangan semusim,404,https://perbenihanhorti.id/proseed/uploads/varimage/Kubis%20bunga%20Balotta.pdf
db-varsan,Mentimun,PMS KE 0405,,,sayuran/pangan semusim,404,https://perbenihanhorti.id/proseed/uploads/varimage/Mentimun%20PMS%20KE%200405.pdf
db-varsan,Terong,RITAN TR 12,,,sayuran/pangan semusim,404,https://perbenihanhorti.id/proseed/uploads/varimage/Terong%20RITAN%20TR%2012.pdf
db-varsan,Terong,RITAN TR 10,,,sayuran/pangan semusim,404,https://perbenihanhorti.id/proseed/uploads/varimage/Terong%20RITAN%20TR%2010.pdf
db-varsan,Terong,RITAN TR 08,,,sayuran/pangan semusim,404,https://perbenihanhorti.id/proseed/uploads/varimage/Terong%20RITAN%20TR%2008.pdf
db-varsan,Paria,MC 3888,,,sayuran/pangan semusim,404,https://perbenihanhorti.id/proseed/uploads/varimage/Paria%20MC%203888.pdf
db-varsan,Kubis Bunga,KF 1124,,,sayuran/pangan semusim,404,https://perbenihanhorti.id/proseed/uploads/varimage/Kubis%20bunga%20KF%201124.pdf
db-varsan,Jagung Manis,SV5037SN,,,sayuran/pangan semusim,404,https://perbenihanhorti.id/proseed/uploads/varimage/Jagung%20manis%20SV5037SN.pdf
db-varsan,Kacang Panjang,KJHL 852,,,sayuran/pangan semusim,404,https://perbenihanhorti.id/proseed/uploads/varimage/Kacang%20panjang%20KJHL%20852.pdf
db-varsan,Kacang Panjang,KSB 914,,,sayuran/pangan semusim,404,https://perbenihanhorti.id/proseed/uploads/varimage/Kacang%20panjang%20KSB%20914.pdf
db-varsan,Kacang Buncis,PMS BU 0403,,,sayuran/pangan semusim,404,https://perbenihanhorti.id/proseed/uploads/varimage/Buncis%20PMS%20BU%200403.pdf
db-varsan,Kacang Buncis,PMS BU 0404,,,sayuran/pangan semusim,404,https://perbenihanhorti.id/proseed/uploads/varimage/Buncis%20PMS%20BU%200404.pdf
db-varsan,Kacang Panjang,Trisula Putih,,,sayuran/pangan semusim,404,https://perbenihanhorti.id/proseed/uploads/varimage/Kacang%20panjang%20Trisula%20Putih.pdf
db-varsan,Kacang Panjang,Trisula Hitam,,,sayuran/pangan semusim,404,https://perbenihanhorti.id/proseed/uploads/varimage/Kacang%20panjang%20Trisula%20Hitam.pdf
db-varsan,Semangka,Punggawa,,,sayuran/pangan semusim,404,https://perbenihanhorti.id/proseed/uploads/varimage/Semangka%20Punggawa.pdf
db-varsan,Mentimun,Vanesa,,,sayuran/pangan semusim,404,https://perbenihanhorti.id/proseed/uploads/varimage/Mentimun%20Vanesa.pdf
db-varsan,Wortel,Kirana,,,sayuran/pangan semusim,404,https://perbenihanhorti.id/proseed/uploads/varimage/Wortel%20Kirana.pdf
db-varsan,Terong,SM 303,,,sayuran/pangan semusim,404,https://perbenihanhorti.id/proseed/uploads/varimage/Terong%20SM%20303.pdf
db-varsan,Cabai Besar,CA 4833,,,sayuran/pangan semusim,404,https://perbenihanhorti.id/proseed/uploads/varimage/Cabai%20besar%20CA%204833.pdf
db-varsan,Semangka,WM 1297,,,sayuran/pangan semusim,404,https://perbenihanhorti.id/proseed/uploads/varimage/Semangka%20WM%201297.pdf
db-varsan,Oyong / Gambas,BG 654,,,sayuran/pangan semusim,404,https://perbenihanhorti.id/proseed/uploads/varimage/Oyong%20BG%20654.pdf
db-varsan,Tomat,Tomindet,,,sayuran/pangan semusim,404,https://perbenihanhorti.id/proseed/uploads/varimage/Tomat%20Tomindet.pdf
db-varsan,Cabai Besar,DMP,,,sayuran/pangan semusim,404,https://perbenihanhorti.id/proseed/uploads/varimage/Cabai%20besar%20DMP.pdf
db-varsan,Brokoli,Ludy,,,sayuran/pangan semusim,404,https://perbenihanhorti.id/proseed/uploads/varimage/Brokoli%20Ludy.pdf
db-varsan,Kubis Bunga,Agusta 21,,,sayuran/pangan semusim,404,https://perbenihanhorti.id/proseed/uploads/varimage/Kubis%20bunga%20Agusta%2021.pdf
db-varsan,Cabai Besar,KLG 18,,,sayuran/pangan semusim,404,https://perbenihanhorti.id/proseed/uploads/varimage/Cabai%20besar%20KLG%2018.pdf
db-varsan,Cabai Besar,KLG 13,,,sayuran/pangan semusim,404,https://perbenihanhorti.id/proseed/uploads/varimage/Cabai%20besar%20KLG%2013.pdf
db-varsan,Kentang,Kalosi,,,sayuran/pangan semusim,404,https://perbenihanhorti.id/proseed/uploads/varimage/Kentang%20Kalosi.pdf
db-varsan,Kacang Panjang,PMS KP 0406,,,sayuran/pangan semusim,404,https://perbenihanhorti.id/proseed/uploads/varimage/Kacang%20panjang%20PMS%20KP%200406.pdf
db-varsan,Kacang Panjang,PMS KP 0405,,,sayuran/pangan semusim,404,https://perbenihanhorti.id/proseed/uploads/varimage/Kacang%20panjang%20PMS%20KP%200405.pdf
db-varsan,Waluh/Squash,Red Lampion,,,sayuran/pangan semusim,404,https://perbenihanhorti.id/proseed/uploads/varimage/Squash%20Red%20Lampion.pdf
db-varsan,Kacang Buncis,ACM 04,,,sayuran/pangan semusim,404,https://perbenihanhorti.id/proseed/uploads/varimage/Buncis%20ACM%2004.pdf
db-varsan,Sawi hijau,RITAN SW 05,,,sayuran/pangan semusim,404,https://perbenihanhorti.id/proseed/uploads/varimage/Sawi%20hijau%20RITAN%20SW%2005.pdf
db-varsan,Sawi hijau,RITAN SW 01,,,sayuran/pangan semusim,404,https://perbenihanhorti.id/proseed/uploads/varimage/Sawi%20hijau%20RITAN%20SW%2001.pdf
db-varsan,Jagung Manis,RITAN JM 04,,,sayuran/pangan semusim,404,https://perbenihanhorti.id/proseed/uploads/varimage/Jagung%20manis%20RITAN%20JM%2004.pdf
db-varsan,Jagung Manis,RITAN JM 02,,,sayuran/pangan semusim,404,https://perbenihanhorti.id/proseed/uploads/varimage/Jagung%20manis%20RITAN%20JM%2002.pdf
db-varsan,Cabai Rawit,RITAN CR 11,,,sayuran/pangan semusim,404,https://perbenihanhorti.id/proseed/uploads/varimage/Cabai%20rawit%20RITAN%20CR%2011.pdf
db-varsan,Cabai Rawit,RITAN CR 09,,,sayuran/pangan semusim,404,https://perbenihanhorti.id/proseed/uploads/varimage/Cabai%20rawit%20RITAN%20CR%2009.pdf
db-varsan,Kacang Buncis,RITAN BC 06,,,sayuran/pangan semusim,404,https://perbenihanhorti.id/proseed/uploads/varimage/Buncis%20RITAN%20BC%2006.pdf
db-varsan,Mentimun,Litsa Hijau,,,sayuran/pangan semusim,404,https://perbenihanhorti.id/proseed/uploads/varimage/Mentimun%20Litsa%20Hijau.pdf
db-varsan,Kentang,Amabile,,,sayuran/pangan semusim,404,https://perbenihanhorti.id/proseed/uploads/varimage/Kentang%20Amabile.pdf
db-varsan,Kentang,Maglia,,,sayuran/pangan semusim,404,https://perbenihanhorti.id/proseed/uploads/varimage/Kentang%20Maglia.pdf
db-varsan,Kentang,Medians,,,sayuran/pangan semusim,404,https://perbenihanhorti.id/proseed/uploads/varimage/Kentang%20Medians.pdf
db-varsan,Kentang,Supejhon,,,sayuran/pangan semusim,404,https://perbenihanhorti.id/proseed/uploads/varimage/Kentang%20Supejhon.pdf
db-varsan,Melon,Barata,,,sayuran/pangan semusim,404,https://perbenihanhorti.id/proseed/uploads/varimage/Melon%20Barata.pdf
db-varsan,Terong,Largo,,,sayuran/pangan semusim,404,https://perbenihanhorti.id/proseed/uploads/varimage/Terong%20Largo.pdf
db-varsan,Kenikir,Maharani Orange,,,sayuran/pangan semusim,404,https://perbenihanhorti.id/proseed/uploads/varimage/Kenikir%20Maharani%20Oranye.pdf
db-varsan,Labu Air,Orbit,,,sayuran/pangan semusim,404,https://perbenihanhorti.id/proseed/uploads/varimage/Labu%20air%20Orbit.pdf
db-varsan,Cabai Besar,Imperial 10,,,sayuran/pangan semusim,404,https://perbenihanhorti.id/proseed/uploads/varimage/Cabai%20besar%20Imperial%2010.pdf
db-varsan,Jagung Manis,JMJHL 01,,,sayuran/pangan semusim,404,https://perbenihanhorti.id/proseed/uploads/varimage/Jagung%20manis%20JMJHL%2001.pdf
db-varsan,Kacang Buncis,BJHL 579,,,sayuran/pangan semusim,404,https://perbenihanhorti.id/proseed/uploads/varimage/Buncis%20BJHL%20579.pdf
db-varsan,Kacang Buncis,BJHL 582,,,sayuran/pangan semusim,404,https://perbenihanhorti.id/proseed/uploads/varimage/Buncis%20BJHL%20582.pdf
db-varsan,Kacang Panjang,KJHL 886,,,sayuran/pangan semusim,404,https://perbenihanhorti.id/proseed/uploads/varimage/Kacang%20panjang%20KJHL%20886.pdf
db-varsan,Kacang Panjang,KJHL 847,,,sayuran/pangan semusim,404,https://perbenihanhorti.id/proseed/uploads/varimage/Kacang%20panjang%20KJHL%20847.pdf
db-varsan,Semangka,WM 1410,,,sayuran/pangan semusim,404,https://perbenihanhorti.id/proseed/uploads/varimage/Semangka%20WM%201410.pdf
db-varsan,Cabai Keriting,Zakia,,,sayuran/pangan semusim,404,https://perbenihanhorti.id/proseed/uploads/varimage/Cabai%20keriting%20Zakia.pdf
db-varsan,Cabai Keriting,Tilala,,,sayuran/pangan semusim,404,https://perbenihanhorti.id/proseed/uploads/varimage/Cabai%20keriting%20Tilala.pdf
db-varsan,Cabai Rawit,RJHL 085,,,sayuran/pangan semusim,404,https://perbenihanhorti.id/proseed/uploads/varimage/Semangka%20WM%201410.pdf
db-varsan,Semangka,TT Dragon,,,sayuran/pangan semusim,404,https://perbenihanhorti.id/proseed/uploads/varimage/Semangka%20TT%20Dragon.pdf
db-varsan,Cabai Rawit,RJHL 01,,,sayuran/pangan semusim,404,https://perbenihanhorti.id/proseed/uploads/varimage/Cabai%20rawit%20RJHL%2001.pdf
db-varsan,Semangka,Belle,,,sayuran/pangan semusim,404,https://perbenihanhorti.id/proseed/uploads/varimage/Semangka%20Jalur%20Belle.pdf
db-varsan,Cabai Keriting,Kaka 99,,,sayuran/pangan semusim,404,https://perbenihanhorti.id/proseed/uploads/varimage/Cabai%20keriting%20Kaka%2099.pdf
db-varsan,Kubis Bunga,Ladyta,,,sayuran/pangan semusim,404,https://perbenihanhorti.id/proseed/uploads/varimage/Kubis%20bunga%20Ladyta.pdf
db-varsan,Semangka,Garnis,,,sayuran/pangan semusim,404,https://perbenihanhorti.id/proseed/uploads/varimage/Semangka%20Garnis.pdf
db-varsan,Mentimun,Ethana,,,sayuran/pangan semusim,404,https://perbenihanhorti.id/proseed/uploads/varimage/Mentimun%20Ethana.pdf
db-varsan,Labu,LA 703,,,sayuran/pangan semusim,404,https://perbenihanhorti.id/proseed/uploads/varimage/Labu%20LA%20703.pdf
db-varsan,Paria,MC 698,,,sayuran/pangan semusim,404,https://perbenihanhorti.id/proseed/uploads/varimage/Paria%20MC%20698.pdf
db-varsan,Jagung Manis,ZA 567,,,sayuran/pangan semusim,404,https://perbenihanhorti.id/proseed/uploads/varimage/Jagung%20manis%20ZA%20567.pdf
db-varsan,Tomat,Amazon,,,sayuran/pangan semusim,404,https://perbenihanhorti.id/proseed/uploads/varimage/Tomat%20Amazon.pdf
db-varsan,Cabai Keriting,Vega,,,sayuran/pangan semusim,404,https://perbenihanhorti.id/proseed/uploads/varimage/Cabai%20keriting%20Vega.pdf
db-varsan,Cabai Keriting,Priyayi,,,sayuran/pangan semusim,404,https://perbenihanhorti.id/proseed/uploads/varimage/Cabai%20keriting%20Priyayi.pdf
db-varsan,Tomat,DR 01,,,sayuran/pangan semusim,404,https://perbenihanhorti.id/proseed/uploads/varimage/Tomat%20DR%2001.pdf
db-varsan,Kacang Panjang,MDI 06,,,sayuran/pangan semusim,404,https://perbenihanhorti.id/proseed/uploads/varimage/Kacang%20panjang%20MDI%2006.pdf
db-varsan,Jagung Manis,BC 30,,,sayuran/pangan semusim,404,https://perbenihanhorti.id/proseed/uploads/varimage/Jagung%20manis%20BC%2030.pdf
db-varsan,Kacang Buncis,BCS 01,,,sayuran/pangan semusim,404,https://perbenihanhorti.id/proseed/uploads/varimage/Buncis%20BCS%2001.pdf
db-varsan,Bayam,MD 01,,,sayuran/pangan semusim,404,https://perbenihanhorti.id/proseed/uploads/varimage/Bayam%20MD%2001.pdf
db-varsan,Baby corn,BAL 87,,,sayuran/pangan semusim,404,https://perbenihanhorti.id/proseed/uploads/varimage/Babycorn%20BAL%2087.pdf
db-varsan,Bawang Merah,ILOKOS,,,sayuran/pangan semusim,404,https://perbenihanhorti.id/proseed/uploads/varimage/Bawang%20merah%20Ilokos.pdf
db-varsan,Cabai Besar,Panex 100,,,sayuran/pangan semusim,404,https://perbenihanhorti.id/proseed/uploads/varimage?
db-varsan,Cabai Besar,Anggi,,,sayuran/pangan semusim,404,https://perbenihanhorti.id/proseed/uploads/varimage/Cabai%20besar%20Anggi.pdf
db-varsan,Brokoli,Lazio,,,sayuran/pangan semusim,404,https://perbenihanhorti.id/proseed/uploads/varimage/Brokoli%20Lazio.pdf
db-varsan,Kubis,Sumgreen,,,sayuran/pangan semusim,404,https://perbenihanhorti.id/proseed/uploads/varimage/Kubis%20Sumgreen.pdf
db-varsan,Kubis,Bisoma,,,sayuran/pangan semusim,404,https://perbenihanhorti.id/proseed/uploads/varimage/Kubis%20Bisoma.pdf
db-varsan,Cabai Keriting,Marco SP,,,sayuran/pangan semusim,404,https://perbenihanhorti.id/proseed/uploads/varimage/Cabai%20keriting%20Marco%20SP.pdf
db-varsan,Oyong / Gambas,AGB OY 2330,,,sayuran/pangan semusim,404,https://perbenihanhorti.id/proseed/uploads/varimage/Oyong%20AGB%20OY%202330.pdf
db-varsan,Oyong / Gambas,AGB OY 1030,,,sayuran/pangan semusim,404,https://perbenihanhorti.id/proseed/uploads/varimage/Oyong%20AGB%20OY%201030.pdf
db-varsan,Cabai Besar,AGB CB 0104,,,sayuran/pangan semusim,404,https://perbenihanhorti.id/proseed/uploads/varimage/Cabai%20besar%20AGB%20CB%200104.pdf
db-varsan,Kacang Buncis,AGB BU 1606,,,sayuran/pangan semusim,404,https://perbenihanhorti.id/proseed/uploads/varimage/Buncis%20AGB%20BU%201606.pdf
db-varsan,Kacang Buncis,AGB BU 309,,,sayuran/pangan semusim,404,https://perbenihanhorti.id/proseed/uploads/varimage/Buncis%20AGB%20BU%20309.pdf
db-varsan,Cabai Keriting,Red Kriss,,,sayuran/pangan semusim,404,https://perbenihanhorti.id/proseed/uploads/varimage/Cabai%20keriting%20Red%20Kriss%20(OK).pdf
db-varsan,Melon,KINASIH,,,sayuran/pangan semusim,404,https://perbenihanhorti.id/proseed/uploads/varimage/Melon%20Kinasih%20(OK).pdf
db-varsan,Melon,LEGITA,,,sayuran/pangan semusim,404,https://perbenihanhorti.id/proseed/uploads/varimage/Melon%20Legita%20(OK).pdf
db-varsan,Terong,Grobogan,,,sayuran/pangan semusim,404,https://perbenihanhorti.id/proseed/uploads/varimage/Terong%20Grobogan%20(OK).pdf
db-varsan,Kubis,TI 78G,,,sayuran/pangan semusim,404,https://perbenihanhorti.id/proseed/uploads/varimage/Kubis%20TI%2078G%20(OK).pdf
db-varsan,Kacang Panjang,JK 107,,,sayuran/pangan semusim,404,https://perbenihanhorti.id/proseed/uploads/varimage/Kacang%20panjang%20JK%20107%20(OK).pdf
db-varsan,Kacang Panjang,JK 018,,,sayuran/pangan semusim,404,https://perbenihanhorti.id/proseed/uploads/varimage/Kacang%20panjang%20JK%20018%20(OK).pdf
db-varsan,Tomat,TO ASA 031,,,sayuran/pangan semusim,404,https://perbenihanhorti.id/proseed/uploads/varimage/Tomat%20TO%20ASA%20031%20(OK).pdf
db-varsan,Semangka,PLATINI,,,sayuran/pangan semusim,404,https://perbenihanhorti.id/proseed/uploads/varimage/Semangka%20Platini%20(OK).pdf
db-varsan,Labu,Kusuma,,,sayuran/pangan semusim,404,https://perbenihanhorti.id/proseed/uploads/varimage/Labu%20Kusuma%20(OK).pdf
db-varsan,Kacang Panjang,PARADE TAVI,,,sayuran/pangan semusim,404,https://perbenihanhorti.id/proseed/uploads/varimage/Kacang%20panjang%20Parade%20Tavi%20(OK).pdf
db-varsan,Kacang Panjang,KANTON TAVI,,,sayuran/pangan semusim,404,https://perbenihanhorti.id/proseed/uploads/varimage/Kacang%20panjang%20Kanton%20Tavi%20(OK).pdf
db-varsan,Tomat,Taraguna,,,sayuran/pangan semusim,404,https://perbenihanhorti.id/proseed/uploads/varimage/Tomat%20Taraguna%20_OK_.pdf
db-varsan,Semangka,HD43,,,sayuran/pangan semusim,404,https://perbenihanhorti.id/proseed/uploads/varimage/Semangka%20HD43%20(OK).pdf
db-varsan,Sawi Sendok/Pak Choi,Flamingo,,,sayuran/pangan semusim,404,https://perbenihanhorti.id/proseed/uploads/varimage/Sawi%20sendok%20Flamingo%20_OK_.pdf
db-varsan,Sawi hijau,Wina Green,,,sayuran/pangan semusim,404,https://perbenihanhorti.id/proseed/uploads/varimage/Sawi%20hijau%20Winna%20Green%20_OK_.pdf
db-varsan,Sawi hijau,Titisa Green,,,sayuran/pangan semusim,404,https://perbenihanhorti.id/proseed/uploads/varimage/Sawi%20hijau%20Titisa%20Green%20_OK_.pdf
db-varsan,Mentimun,Tanggola,,,sayuran/pangan semusim,404,https://perbenihanhorti.id/proseed/uploads/varimage/Mentimun%20Tanggolla%20_OK_.pdf
db-varsan,Kacang Panjang,Tritone,,,sayuran/pangan semusim,404,https://perbenihanhorti.id/proseed/uploads/varimage/Kacang%20panjang%20Tritone%20_OK_.pdf
db-varsan,Kacang Panjang,Trisonna,,,sayuran/pangan semusim,404,https://perbenihanhorti.id/proseed/uploads/varimage/Kacang%20panjang%20Trisonna%20_OK_.pdf
db-varsan,Jagung Manis,Tagoya 789,,,sayuran/pangan semusim,404,https://perbenihanhorti.id/proseed/uploads/varimage/Jagung%20manis%20Tagoya%20789%20_OK_.pdf
db-varsan,Jagung Manis,Tagoya 457,,,sayuran/pangan semusim,404,https://perbenihanhorti.id/proseed/uploads/varimage/Jagung%20manis%20Tagoya%20457%20_OK_.pdf
db-varsan,Semangka,Batara 4,,,sayuran/pangan semusim,404,https://perbenihanhorti.id/proseed/uploads/varimage/Semangka%20Batara%204%20(OK).pdf
db-varsan,Semangka,Batara 3,,,sayuran/pangan semusim,404,https://perbenihanhorti.id/proseed/uploads/varimage/Semangka%20Batara%203%20(OK).pdf
db-varsan,Mentimun,AGB KE 2646,,,sayuran/pangan semusim,404,https://perbenihanhorti.id/proseed/uploads/varimage?
db-varsan,Mentimun,AGB KE 1963,,,sayuran/pangan semusim,404,https://perbenihanhorti.id/proseed/uploads/varimage/Mentimun%20AGB%20KE%201963%20(OK).pdf
db-varsan,Cabai Keriting,AGB CK 0309,,,sayuran/pangan semusim,404,https://perbenihanhorti.id/proseed/uploads/varimage/Cabai%20keriting%20AGB%20CK%200309%20(OK).pdf
db-varsan,Cabai Keriting,AGB CK 0109,,,sayuran/pangan semusim,404,https://perbenihanhorti.id/proseed/uploads/varimage/Cabai%20keriting%20AGB%20CK%200109%20(OK).pdf
db-varsan,Waluh/Squash,BSQ 035,,,sayuran/pangan semusim,404,https://perbenihanhorti.id/proseed/uploads/varimage/Waluh%20BSQ%20035.pdf
db-varsan,Cabai Besar,MB 333,,,sayuran/pangan semusim,404,https://perbenihanhorti.id/proseed/uploads/varimage/Cabai%20keriting%20MB%20333.pdf
db-varsan,Cabai Besar,Dimas,,,sayuran/pangan semusim,404,https://perbenihanhorti.id/proseed/uploads/varimage/Cabai%20besar%20Dimas.pdf
db-varsan,Mentimun,Purbaya,,,sayuran/pangan semusim,404,https://perbenihanhorti.id/proseed/uploads/varimage/Mentimun%20Purbaya.pdf
db-varsan,Terong,Panjalu,,,sayuran/pangan semusim,404,https://perbenihanhorti.id/proseed/uploads/varimage/Terong%20Panjalu.pdf
db-varsan,Bayam,MD 03,,,sayuran/pangan semusim,404,https://perbenihanhorti.id/proseed/uploads/varimage/Bayam%20MD%2003.pdf
db-varsan,Bayam,MD 02,,,sayuran/pangan semusim,404,https://perbenihanhorti.id/proseed/uploads/varimage/Bayam%20MD%2002.pdf
db-varsan,Jagung Manis,Ganebo,,,sayuran/pangan semusim,404,https://perbenihanhorti.id/proseed/uploads/varimage/Jagung%20manis%20Ganebo%20_OK_.pdf
db-varsan,Jagung Manis,Arumba,,,sayuran/pangan semusim,404,https://perbenihanhorti.id/proseed/uploads/varimage/Jagung%20ketan%20manis%20Arumba%20_OK_.pdf
db-varsan,Jagung Manis,Magenta,,,sayuran/pangan semusim,404,https://perbenihanhorti.id/proseed/uploads/varimage/Jagung%20manis%20Magenta%20_OK_.pdf
db-varsan,Tomat,BTM 9323,,,sayuran/pangan semusim,404,https://perbenihanhorti.id/proseed/uploads/varimage/Tomat%20BTM%209323%20_OK_.pdf
db-varsan,Tomat,BTM 9358,,,sayuran/pangan semusim,404,https://perbenihanhorti.id/proseed/uploads/varimage/Tomat%20BTM%209358%20_OK_.pdf
db-varsan,Kacang Panjang,KP 355,,,sayuran/pangan semusim,404,https://perbenihanhorti.id/proseed/uploads/varimage/Kacang%20panjang%20KP%20355%20_OK_.pdf
db-varsan,Kacang Panjang,KP 169,,,sayuran/pangan semusim,404,https://perbenihanhorti.id/proseed/uploads/varimage/Kacang%20panjang%20KP%20169%20_OK_.pdf
db-varsan,Cabai Rawit,FRT 598,,,sayuran/pangan semusim,404,https://perbenihanhorti.id/proseed/uploads/varimage/Cabai%20rawit%20FRT%20598%20_OK_.pdf
db-varsan,Cabai Rawit,FRT 544,,,sayuran/pangan semusim,404,https://perbenihanhorti.id/proseed/uploads/varimage/Cabai%20rawit%20FRT%20544%20_OK_.pdf
db-varsan,Semangka,Winda,,,sayuran/pangan semusim,404,https://perbenihanhorti.id/proseed/uploads/varimage/Semangka%20Winda%20_OK_.pdf
db-varsan,Cabai Besar,Perwira,,,sayuran/pangan semusim,404,https://perbenihanhorti.id/proseed/uploads/varimage/Cabai%20besar%20Perwira%20_OK_.pdf
db-varsan,Cabai Besar,Batalion,,,sayuran/pangan semusim,404,https://perbenihanhorti.id/proseed/uploads/varimage?
db-varsan,Jagung Manis,Gendis,,,sayuran/pangan semusim,404,https://perbenihanhorti.id/proseed/uploads/varimage/Jagung%20manis%20Gendis%20(OK).pdf
db-varsan,Cabai Keriting,Puteri,,,sayuran/pangan semusim,404,https://perbenihanhorti.id/proseed/uploads/varimage/Cabai%20keriting%20Puteri%20(OK).pdf
db-varsan,Tomat,Martatav,,,sayuran/pangan semusim,404,https://perbenihanhorti.id/proseed/uploads/varimage/Tomat%20Martatav%20(OK).pdf
db-varsan,Semangka,Amara,,,sayuran/pangan semusim,404,https://perbenihanhorti.id/proseed/uploads/varimage/Semangka%20Amara%20(OK).pdf
db-varsan,Mentimun,Metavy,,,sayuran/pangan semusim,404,https://perbenihanhorti.id/proseed/uploads/varimage/Mentimun%20Metavy%20(OK).pdf
db-varsan,Melon,Aramis,,,sayuran/pangan semusim,404,https://perbenihanhorti.id/proseed/uploads/varimage/Melon%20Aramis%20(OK).pdf
db-varsan,Melon,SELEBRITI,,,sayuran/pangan semusim,404,https://perbenihanhorti.id/proseed/uploads/varimage/Melon%20Selebriti%20_OK_.pdf
db-varsan,Melon,NOBEL,,,sayuran/pangan semusim,404,https://perbenihanhorti.id/proseed/uploads/varimage/Melon%20Nobel%20_OK_.pdf
db-varsan,Kacang Panjang,Trisula Hitam,,,sayuran/pangan semusim,404,https://perbenihanhorti.id/proseed/uploads/varimage/Kacang%20panjang%20Trisula%20Hitam.pdf
db-varsan,Tomat,Tomindet,,,sayuran/pangan semusim,404,https://perbenihanhorti.id/proseed/uploads/varimage/Tomat%20Tomindet.pdf
db-varsan,Tomat,Tomindet,,,sayuran/pangan semusim,404,https://perbenihanhorti.id/proseed/uploads/varimage/Tomat%20Tomindet.pdf
db-varsan,Labu Air,Orbit,,,sayuran/pangan semusim,404,https://perbenihanhorti.id/proseed/uploads/varimage/Labu%20air%20Orbit.pdf
db-varsan,Labu Air,Orbit,,,sayuran/pangan semusim,404,https://perbenihanhorti.id/proseed/uploads/varimage/Labu%20air%20Orbit.pdf
db-varsan,Kacang Buncis,BJHL 579,,,sayuran/pangan semusim,404,https://perbenihanhorti.id/proseed/uploads/varimage/Buncis%20BJHL%20579.pdf
db-varsan,Semangka,TT Dragon,,,sayuran/pangan semusim,404,https://perbenihanhorti.id/proseed/uploads/varimage/Semangka%20TT%20Dragon.pdf
db-varsan,Semangka,WM 1410,,,sayuran/pangan semusim,404,https://perbenihanhorti.id/proseed/uploads/varimage/Semangka%20WM%201410.pdf
db-varsan,Semangka,RJHL 085,,,sayuran/pangan semusim,404,https://perbenihanhorti.id/proseed/uploads/varimage/Semangka%20WM%201410.pdf
db-varsan,Cabai Rawit,RJHL 085,,,sayuran/pangan semusim,404,https://perbenihanhorti.id/proseed/uploads/varimage/Semangka%20WM%201410.pdf
db-varsan,Semangka,TT Dragon,,,sayuran/pangan semusim,404,https://perbenihanhorti.id/proseed/uploads/varimage/Semangka%20TT%20Dragon.pdf
db-varsan,Cabai Keriting,Tilala,,,sayuran/pangan semusim,404,https://perbenihanhorti.id/proseed/uploads/varimage/Cabai%20keriting%20Tilala.pdf
db-varsan,Paria,MC 698,,,sayuran/pangan semusim,404,https://perbenihanhorti.id/proseed/uploads/varimage/Paria%20MC%20698.pdf
db-varsan,Labu,LA 703,,,sayuran/pangan semusim,404,https://perbenihanhorti.id/proseed/uploads/varimage/Labu%20LA%20703.pdf
db-varsan,Sawi hijau,GS 43,,,sayuran/pangan semusim,404,https://perbenihanhorti.id/proseed/uploads/varimage/Sawi%20Hijau%20GS%2043.pdf
