no_akreditasi,nama,alamat,provinsi,telepon,surel,masa_berlaku,masa_berlaku_asli,uji_tanah,uji_pupuk,uji_air,uji_pangan,uji_tanaman,uji_residu_pestisida,kode_k01,baris_lingkup,lingkup_per,lingkup,berkas_lingkup,rincian
"LP-001-IDN","PT Mutuagung Lestari, Tbk","Jl. Raya Bogor Km. 33,5 No. 19 Cimanggis, Depok, Jawa Barat","Jawa Barat","LP-2053-IDN","qa@mutucertification.com","2031-04-24","2031-04-24","true","true","true","true","true","false","","","","Beras, Produk perikanan (Shrimp, Cat Fish, Milk Fish, Tilapia Mollusca), Pangan Segar Asal Tumbuhan, Buah (buah segar), Sayur, rumput laut, kacang dan bijian-bijian (sayur, rumput laut, kacang dan bijian-bijian segar), Kacang-Kacangan, lada, Kopi Roasted, Serealia & Produk Serealia, Biskuit, Daging dan produk daging, Crde Palm Oil (CPO) dan turunannya, Pupuk Urea, Pupuk Triple Super Fosfat, Pupuk Fosfat Alam untuk Pertanian (Rock Phosphate), Pupuk NPK Padat, Pupuk Dolomit, Pupuk Kalium Klorida (KCl), Pupuk Urea Ammonium Phosphat (UAP), Pupuk Guano, Pupuk Ammonium Sulfat, Pupuk Ammonium Klorida, Pupuk Kalsium Nitrat (CaNO₃), Pupuk Kalium Nitrat (KNO₃), Pupuk Mono Ammonium Phosphate (MAP), Pupuk SP 36, Pupuk Kalium Sulfat , Pupuk Kieserit, Pupuk Kaptan, Pupuk CuSO₄, Pupuk ZnSO₄, Pupuk Organik , Jaringan Tanaman, Tanah, Produk - produk susu dan analognya, Telur dan produk telur, Daging dan produk daging termasuk daging unggas dan daging hewan buruan, Buah dan sayur, rumput laut, biji-bijian (buah segar, buah olahan, sayur, kacang dan biji-bijian segar, sayur, rumput laut, kacang dan biji-bijian olahan), Serealia & produk serealia yang merupakan produk turunan dari biji serelia, akar, & umbi, kacang-kacangan & empulur tidak termasuk produk bakeri dari kategori 07 & kacang dari kategori 04, Ikan dan produk perikanan termasuk molusca, krustasea, dan ekinodermata serta amfibi dan reptil, Minuman tidak termasuk produk susu, Kayu Lapis (Plywood), Veneer Lamina (Laminated Veneer Lumber), Kayu Laminasi (Glued Laminated Timber), Lantai Kayu (Flooring), Papan Partikel (Particle Board), Papan Serat (Fiber Board), Produk kayu, Panel Kayu, Papan Serat (Fiber Board) & Papan Partikel (Particle Board), Panel Kayu, Air untuk keperluan hygiene dan sanitasi, Air Minum, Air Mineral , Air sumur, air danau, air sungai, air muara, air rawa, air rawa besar, air situ, air mata air, air waduk, Air limbah , Air Limbah dari Industri Minyak Sawit, Air laut, Udara ambien, Getaran, Kebisingan, Kebauan, Lingkungan kerja, Emisi sumber tidak bergerak, bubuk borat, tanah, Produk Olahan dari biji serealia, akar & umbi, kacang dan empulur (tidak termasuk produk bakeri), Buah, Sayur dan Olahannya, air laut, Limbah padatan (sludge)","https://drive.google.com/drive/folders/1o4RUJnhdqepYWqS-iyil3PPbbKpZiVN_?usp=drive_link",""
"LP-005-IDN","PT PLN (Persero) Pusat Sertifikasi - LMK Lab","Jl. Duren Tiga No. 102, Kalibata, Jakarta Selatan","DKI Jakarta","(021) 7940428","customercare@pln-litbang.co.id yeni.heryani@pln.co.id","2029-04-23","2029-04-23","true","false","false","false","false","false","02 04 06 07 15 16 22 27","591","2026-04-28","Vibrasi, Minyak insulasi pakai dan baru, Batubara, Tube, kWh meter, Indek Pengaman (IP), Pemutus tenaga mini (MCB), kabel berinsulasi PVC dengan tegangan pengenal 450/750 V, kabel daya dengan insulasi terekstrusi dengan tegangan pengenal 1 kV s/d 30 kV, Kabel pilin udara, isolator, Stick Isolasi, PHB TR, PHB TM, Lengkapan Kabel, Trafo Distribusi, Transformator arus (CT), Transformator tegangan (PT), Relai Jarak, Relai diferensial kawat pilot, Relai arus lebih, Relai Tegangan lebih/kurang, Relai arah, Relai cek sinkron, Relai Gangguan tanah terbatas (REF), Relai penutup balik, Relai diferensial trafo tenaga, Relai tunda waktu, Relai penguat medan hilang, Relai thermal overload, Transformator Tenaga, Penangkap Petir / Arrester.","https://drive.google.com/drive/folders/1lFRjE9dpfp_UPQwTMrnZqf0To-NQXJGB?usp=drive_link","https://layanan.kan.or.id/direktori-lpk/3/1"
"LP-007-IDN","Balai Besar Standardisasi dan Pelayanan Jasa Industri Bahan dan Barang Teknik","Jl. Sangkuriang No. 14, Dago, Coblong, Bandung, Jawa Barat","Jawa Barat","(022) 2504088","Sekretariat.mutub4t@gmail.com","2027-08-28","2027-08-28","false","false","true","false","false","false","","","","PVC, LPG steel tube, pelek, Cat Tembok Emulsi, Kaca spion kendaraan bermotor roda 2 (Kategori L), Kaca spion kendaraan bermotor roda 4 (Kategori M dan N), Komponen Elektronik, Komponen Listrik, Produk elektronika dan Listrik , Air limbah, Air untuk keperluan hygiene dan sanitasi, Stainless Steel, BJLS/pipa/ lembaran /roll/ baut dan mur / baja tuangan dan tempaan, Baja karbon, Besi cor, plastic/polimer, deterjen, Serbuk Beton, Minyak lumas motor bensin 4 langkah kendaraan bermotor, Minyak lumas motor bensin 4 langkah sepeda motor, Minyak lumas motor bensin 2 langkah dengan pendingin udara, Minyak lumas motor bensin 2 langkah dengan pendingin air, Minyak lumas motor diesel putaran tinggi, Minyak lumas roda gigi transmisi manual dan gardan, Minyak lumas roda gigi transmisi otomatis, Minyak lumas hidrolik industri jenis anti aus, Minyak Lumas roda gigi industri tertutup, minyak lumas motor diesel putaran sedang, minyak lumas diesel putaran rendah, minyak lumas motor gas stasioner, minyak lumas turbin, minyak lumas kompresor udara, minyak lumas sirkulasi, Minyak rem (brake fluid) untuk kendaraan bermotor, semen, Bahan Baku Semen (CaCO3), Semen Portland Tipe I-V, Semen Portland Komposit, Semen Portland Pozolan, Semen Portland Campur, Semen Portland Putih, Semen Portland Slag, Semen Pemboran, semen mansory, Abu terbang dan pozzolan lainnya, slag abrasive, Semen Hidraulis, Ban Sepeda Motor, Ban Mobil Penumpang, Ban truk ringan, Ban truk dan bus, Pelek kendaraan bermotor roda dua (kategori L) Baja, Pelek kendaraan bermotor roda dua (kategori L) Logam Paduan Ringan, Pelek kendaraan bermotor roda 4 (kategori M, N, dan O), Kampas rem kendaraan bermotor, Kaca Spion Kendaraan Bermotor Roda Dua (Kategori L), Kaca Spion Kendaraan Bermotor Roda Empat (Kategori M dan N), Pipa Baja (Kampuh) Spiral, paduan besi dan baja austenit, Line pipe API 5L (pipa penyalur), Pipa baja dengan atau tanpa lapis seng untuk saluran air, Pipa dan pelat las, Baja lembaran lapis seng (BJLS), Baja lembaran, pelat dan gulungan canai panas untuk tabung gas (Bj TG), Baja lembaran dan gulungan canai dingin (BjD), Baja tulangan beton dalam bentuk gulungan, Baja lembaran pelat dan gulungan canai panas (BjP), Baja lembaran dan gulungan lapis paduan aluminium dan seng (BjLAS), Baja tulangan beton, Baja profil I-Beam proses canai panas (Bj.P I-Beam), Baja profil kanal U proses canai panas (BjP kanal U), Baja profil siku sama kaki proses canai panas (BjP siku sama kaki), Baja profil WF Beam proses canai panas (BjP WF Beam), Baja tulangan beton hasil canai panas ulang, Tali kawat baja, Tali kawat baja untuk industri minyak dan gas bumi, Penyambung pipa berulir dari besi cor maleable hitam, Baja profil – H, CNG Cylinder, Kawat baja tanpa lapisan dipilin untuk konstruksi beton pratekan (PC Strand/KBjP-P7), Kawat baja tanpa lapisan untuk konstruksi beton pratekan (PC wire/KBjP), pengelasan dengan filler untuk konstruksi umum, Kawat baja kuens (quench) untuk konstruksi beton pratekan (PC bar/KBjP-Q), Baja tahan karat (Stainless Steel) canai dingin bentuk lembaran dan gulungan, Pipa baja karbon untuk konstruksi umum, Baja batangan untuk keperluan umum (Bj KU), Logam dan paduan, Pasir, paving blok, Silinder Beton, Kubus Beton, Kubus Beton, Agregat Halus, Agregat Kasar, Karet perapat (rubber seal) pada katup tabung LPG, Kursi baja untuk kantor, Kursi lipat kerangka baja, Tangki air, Regulator tekanan rendah untuk tabung baja LPG, Katup tabung baja LPG, Kompor gas bahan bakar LPG satu tungku dengan sistem pemantik mekanik, Helm pengendara kendaraan bermotor roda dua, Pipa PVC untuk saluran air minum , Geotextile, Ban dalam kendaraan , Helm Industri, Vulkanisat karet kompon bantalan dermaga, Selang plastik elastomer untuk kompor gas LPG, Tangki Air Silinder Vertikal PE, Selang karet untuk kompor gas LPG, Kompor gas tekanan rendah jenis dua dan tiga tungku dengan sistem pemantik, Lampu swa-balast untuk pelayanan pencahayaan umum Persyaratan keselamatan, Lampu swa-balast untuk pelayanan pencahayaan umum Persyaratan unjuk kerja, Baterai Primer, Aki untuk kendaraan bermotor roda empat atau lebih , Aki untuk kendaraan bermotor kategori L, Baterai Sepeda Motor, Lead-Acid Starter Battery, Lampu LED swa-balast untuk pelayanan pencahayaan umum - Persyaratan kinerja, Lampu LED Swa-Balast untuk Layanan Pencahayaan Umum dengan Tegangan > 50 V - Spesifikasi Keselamatan, Pengisi Baterai, Setrika Listrik, Pompa Listrik, Pompa kalor listrik, pengkondisi udara dan pengering udara, Audio video, Peralatan pendingin, peralatan es krim dan pembuat es, Mesin cuci, Household Appliances/ Peralatan listrik Rumah Tangga (Mesin cuci, Peralatan pendingin, peralatan es krim dan pembuat es), Audio video (TV, DVD player, audio amplifier, radio, set top box), Information Technology Equipment / ITE (Monitor, Notebook, PC, printer, scanner), Lampu/Luminaire, Mainan Elektrik, Peralatan Pemanas Cairan, Peralatan Dapur, Kipas Angin, Alat cukur, alat pangkas rambut dan peranti sejenis, Peranti perawatan kulit dan rambut, Multimedia Equipment (Smart TV), Medical Equipment (Operation Table), Pemanggang kontak, pemanggang roti, pemasak portabel, Peralatan teknologi informasi, penanak nasi, multimedia equipment – immunity requirement, pembersih vakum, pembersih sedot vakum, oven gelombang mikro, pengekstraksi putar, Multimedia Equipment – Emission Requirement, Pemanas Air Celup/ Pemanas rendam Portabel, peranti pijar listrik, bor listrik, gerinda listrik, mesin serut, gergaji listrik, moped dan sepeda motor berpenggerak listrik – uji keselamatan, televisi, setrika, Persyaratan khusus untuk peralatan pendingin komersial dengan unit refrigerant atau kompresor tergabung atau terpisah, Low Power Devices, Bluetooth 2,4 GHz Devices, WLAN 2,4 GHz Devices, WLAN 5,8 GHz Devices, Pesawat Telepon seluler LTE, Pesawat telepon seluler GSM, Bank Daya(power bank) ion lithium, Pemanas air sesaat, Pembunuh serangga, Peralatan pendingin komersial, Pelembab udara, Peralatan pembersih udara, Keselamatan dasar dan kinerja (esensial tensimeter non invasive otomatis, pompa infus dan pengontrolnya), Peralatan audio/video, teknologi informasi dan komunikasi, Produk laser, EMC Peralatan Kesehatan (Medical Equipment), SRD (Short Range Device), NFC (Near Field Communication), RFID (Radio Frequency Identification), Lemari Pendingin, Showcase, Kompor Gas LPG dan LNG/NG untuk Komersial, Kompor Gas LPG dan LNG/NG Tekanan Rendah untuk Rumah Tangga, Marka Jalan (Thermoplastik), Cat Dekoratif Berbasis Pelarut, Penyambung Pipa Berulir dari Besi Tuang Maleable Hitam, Baja Lembaran Lapis Seng (BJLS), Baja Lembaran dan Gulungan Lapis Paduan Aluminium dan Seng (BjLAS), RLAN Device, Meter Air, EMC - Moped dan Sepeda Motor Berpenggerak Listrik - Uji Keselamatan, EMC - Meter Air Elektronik, Semen Masonry , Semen Hidraulis, Semen Portland Kombinasi, Minyak Lumas Motor Bensin 4 Langkah Kendaraan Bermotor, Minyak Lumas Motor Bensin 4 Langkah Sepeda Motor, Minyak Lumas Motor Diesel Putaran Tinggi, Minyak Lumas Roda Gigi Transmisi Otomatis, Minyak Lumas Motor Diesel Putaran Sedang, Minyak Lumas Motor Diesel Putaran Rendah, Minyak Lumas Motor Gas Stasioner","https://drive.google.com/drive/folders/1o7nIg1dvkkBu0XGraScWkN1Zy6TT_y3C?usp=drive_link",""
"LP-010-IDN","Balai Besar Minyak dan Gas Bumi LEMIGAS - Laboratorium Proses","Jl. Ciledug Raya, Cipulir, Kebayoran Lama, Jakarta Selatan, DKI Jakarta","DKI Jakarta","(021) 74394422","herlina@lemigas.esdm.go.id melisuryani@lemigas.esdm.go.id","2031-07-02","2031-07-02","true","false","true","false","false","false","","","","Aviation Gasoline, Bensin (Gasoline), Kerosin, Solar (Diesel Fuel), Biosolar, Minyak Bakar, Minyak Lumas, Minyak Bumi, Air Buangan/Air Formasi/Air Produksi, Lumpur Pemboran, Sedimen, Tanah, Surfaktan/Dispersan, Air Minum, Larutan Kimia, Biodiesel B-100, Bioetanol, Aviation Turbine Fuel (AVTUR), Air Sungai , Air Danau , Air Tanah, air laut, air limbah","https://drive.google.com/drive/folders/1nDqO0CmvqJElcrH6qqGJ3WpWiVMQSx0c?usp=drive_link",""
"LP-011-IDN","Unit Pengelola Penilaian Kesesuaian Bahan dan Barang Teknik (UPPK B2T) Dinas Perindustrian dan Perdagangan Koperasi Usaha Kecil dan Menengah Provinsi DKI Jakarta","Jl. Letjen Suprapto Kav.3 Cempaka Putih, Jakarta Pusat, DKI Jakarta","DKI Jakarta","(021) 4209179","mutu.bahan@gmail.com","2029-09-01","2029-09-01","false","false","true","false","false","false","","","","Baja tulangan beton, Jaringan kawat baja las untuk tulangan beton, Baja Lembaran Lapis Seng, Pipa Baja Saluran Air dengan atau tanpa Lapisan Seng, Pipa baja dengan atau tanpa lapisan seng untuk saluran air dan instalasi gas, Pipa baja untuk konstruksi umum, Material logam, Baja batangan untuk keperluan umum (BjKU), Baja lembaran, pelat dan gulungan canai panas (BjP), Baja lembaran dan gulungan canai dingin (BjD), Baja lembaran dan gulungan lapis paduan alumunium-seng (BjLAS), Baja profil WF-beam proses canai panas (Bj P WF-Beam), Baja profil kanal U proses canai panas (Bj P Kanal U), Baja profil siku sama kaki proses canai panas (Bj Siku sama kaki), Baja profil H (Bj P H-beam), Kawat baja kuens (quench) temper untuk konstruksi beton pratekan (PC-Bar / KBjP-Q), Tujuh kawat baja tanpa lapisan dipilin untuk konstruksi beton pratekan (PC Strand / KBjP-P7), Kawat baja tanpa lapisan untuk konstruksi beton pratekan (PC Wire / KBjP), Penyambung pipa berulir besi cor maleable hitam, Bronjong kawat, Kawat bronjong, Kawat bronjong dan bronjong berlapis PVC (Polivinil chlorida), Kawat baja karbon rendah, Batang kawat baja karbon rendah, Billet baja tuang kontinyu untuk baja tulangan beton dan baja profil ringan, Silinder beton, Lembaran semen rata, Lembaran semen bergelombang simetris, Genteng beton, Genteng keramik, Genteng keramik berglasir, Bata beton (paving block), Kloset duduk, Keramik berglasir - tableware - Alat makan dan minum, Ubin keramik, Pipa PVC untuk saluran air minum, Pipa PVC untuk saluran air buangan di dalam dan di luar bangunan, Sambungan pipa PVC untuk saluran air minum, Polietilena untuk bahan baku pipa air minum, Pipa Polietilena (PE) untuk sistem penyediaan air minum, Cat tembok emulsi, Pipa Polietilena (PE) untuk penyaluran bahan bakar gas, Pipa Polipropilena (PP) untuk instalasi air panas dan dingin, Profil rangka baja ringan, Pipa baja untuk pancang, Fiting/sambungan Polietilena (PE) untuk sistem penyediaan air minum, Blok beton ringan bergelembung udara (Aerated) dengan proses otoklaf, Beton aerasi autoklaf, Bata ringan untuk pasangan dinding, Papan semen rata non asbestos, Lembaran rata Kalsium Silikat, Baja lembaran, pelat, dan gulungan canai panas untuk aplikasi struktur umum dan struktur las (Bj PS), Baja lembaran, pelat, dan gulungan canai panas lunak (Bj PL), Baja lembaran lapis seng warna (Bj LS Warna), Baja lembaran dan gulungan lapis paduan aluminium seng dan lapis paduan aluminium-magnesium lapis cat warna (Bj LAS Warna - Bj LAM Warna), Galvanisasi celup panas (hot dip galvanized) pada produk besi dan baja, Pipa baja untuk perancah, Baja Profil I Beam Proses Canai Panas ( Bj.P I Beam ) , Kawat baja lapis paduan seng aluminium (Bj KLSA), Kawat ban (Bead Wire/KB), Batang kawat baja karbon tinggi, Baja profil canai panas (Bj P), Baja Kanal C Ringan, Bronjong kawat baja karbon rendah lapis paduan seng aluminium (Brj KRLSA), Jaring kawat harmonika, Cat dekoratif berbasis pelarut organik, Pipa Polivinil klorida non plastisasi terorientasi (PVC-O) untuk mengalirkan air bertekanan, Plastik, cat/coating, Cat pelapis, Sambungan pipa PVC untuk saluran air buangan di luar dan di dalam bangunan, Polietilena untuk aplikasi pipa penyaluran bahan bakar gas, Mortar siap pakai - Bagian 1 : Perekat ubin keramik dan batu alam, Mortar siap pakai – Bagian 2: Perekat lapis tipis untuk beton aerasi autoklaf, Genteng baja lapis paduan Al-Zn berlapis butiran batu, Baja tulangan beton dalam bentuk gulungan , Baja tulangan beton hasil canai panas ulang","https://drive.google.com/drive/folders/1oLKaVwDcjnBr--hGEpEkLt4GheRHm5hz?usp=drive_link",""
"LP-012-IDN","UPTD Balai Pengujian dan Sertifikasi Mutu Barang Provinsi Sumatera Barat","Jl. Belibis No. 3, Air Tawar, Padang, Sumatera Barat","Sumatera Barat","(0751) 7054202","bpmb.padang@yahoo.co.id","2029-03-19","2029-03-19","false","true","false","true","false","false","10 13 14 20","44","2026-04-16","Minyak atsiri pala, cassia Indonesia, karet SIR, biji kopi, kayu manis pupuk","https://drive.google.com/drive/folders/1nVTXkj8QZPQHaeBE14XHW5IHcfeX7b08?usp=drive_link","https://layanan.kan.or.id/direktori-lpk/709/1"
"LP-013-IDN","PT Mutuagung Lestari Tbk Cabang Samarinda","Jl. Teuku Umar No. 18, RT.01 Kelurahan Lok Bahu Kecamatan Sungai Kunjang, Samarinda, Kalimantan Timur","Kalimantan Timur","(0541) 272600","qa@mutucertification.com","2029-03-19","2029-03-19","false","false","true","false","false","false","13 17 26 27 29","278","2026-04-30","Kayu lapis/plywood (kayu lapis cetakan beton/concrete from plywood, kayu lapis struktural/structural plywood, kayu lapis penggunaan umum/general use) Venir lamina (Laminated Veneer Lumber/LVL) Air sungai, air danau, air laut, air untuk keperluan higiene sanitasi, air limbah, udara ambien, air minum, badan air penerima, kebauan, Emisi Sumber Tidak Bergerak, emisi sumber bergerak, Lingkungan Kerja, kebisingan lingkungan","https://drive.google.com/drive/folders/1oXNBYs2Rbd3JuGmKlMhq0MiuPLn2kTcO?usp=drive_link","https://layanan.kan.or.id/direktori-lpk/7/1"
"LP-014-IDN","Balai Pengujian dan Sertifikasi Mutu Barang Provinsi Kalimantan Selatan","Jl. Panglima Batur Banjarbaru","Jawa Barat","(0511) 4772237","bpsmprovkalsel@gmail.com","2030-08-23","2030-08-23","false","false","false","true","false","false","","","","Karet spesifikasi teknis / Standard Indonesia Rubber (SIR), karet konvensional, plastik, beras","https://drive.google.com/drive/folders/1n8tkRmXJ0Xd9zaJce6PjGw3vNRgHym2_?usp=drive_link",""
"LP-018-IDN","Pusat Produksi, Inspeksi & Sertifikasi Hasil Perikanan Provinsi DKI Jakarta","Lokasi 1: Jl. Pluit Permai No. 1, Kel. Pluit, Kec. Penjaringan, Jakarta Utara, DKI Jakarta Lokasi 2: Jl. RM Kahfi 1, Cipedak, Jagakarsa, Jakarta Selatan","DKI Jakarta","(021) 6684224","labmutu_dki@yahoo.com","2031-02-15","2031-02-15","false","false","true","false","false","false","","","","udang, lobster, paha kodok, ikan, ubur-ubur, Tepung ikan, kepiting, rajungan, Kekerangan, Kerupuk produk perikanan, ikan kering/asin,Rumput laut, Tuna dalam kemasan kaleng, sarden dan makerel dalam kemasan kaleng, Bakso Ikan, Siomay Ikan, otak-otak ikan, kaki naga ikan, sosis ikan, Pempek ikan, naget ikan, Ikan pindang, Produk perikanan lainnya, Air minum, Marlin, tuna, tengiri, tongkol, cakalang, layang, Ikan segar, produk ikan kering (teri nasi kering, ebi, ikan asin), Produk olahan Ikan beku, Produk Udang Beku, Produk Perikanan Beku, Ikan Budidaya (nila & lele), Air kolam ikan, Ikan air laut segar, Ikan beku, Produk ikan kering","https://drive.google.com/drive/folders/1o4ZQY3CsUrYqw7Vq0loAfTd3JnXsgjSd?usp=drive_link",""
"LP-021-IDN","Balai Besar Logam dan Mesin","Jl. Sangkuriang No. 12, Bandung, Jawa Barat","Jawa Barat","(022) 2503171","mus2606@gmail.com","2026-10-05","2026-10-05","true","false","true","false","false","false","","","","Logam dan Paduannya, Produk Logam (Baja), Produk Logam / Produk Pengelasan , Baja tulangan Beton, Baja Tulangan Beton Hasil Canai Panas Ulang, Baja Siku Sama Kaki Bertepi Bulat Canai Panas hasil Reroling, Mutu dan cara uji, Keran Air Rumah Tangga Jenis Katup Pintu, Tabung Baja LPG, Regulator Tekanan Rendah untuk Tabung Baja LPG, Regulator Tekanan Tinggi untuk tabung baja LPG , Katup Tabung Baja LPG, Katup Tabung LPG, katup tabung LPG tipe koneksi ulir, Baja Tulangan Beton dalam bentuk Gulungan, Sepeda, Garpu Tarik (Cangkrang), Belincong, Garpu Tanah, Gergaji Kayu Tangan, Parang, Sekop, Cangkul, Linggis, Kored, Sabit / Arit, Sabit Bergerigi, Kampak, Baja Karbon dan Paduan Rendah, Besi Cor, Baja Tahan Karat, Paduan Nikel(Ni hard), Baja Karbon, Baja Tahan Karat, Paduan Tinggi, Carbon & Low Alloy Steel, Cr-Ni Steel ( Stainless Steel ), Low Alloy Cast Iron, Aluminium Alloys, Universal Copper , Brasses ( Kuningan ), Silicon Bronzes, Baja Profil Siku Sama Kaki Proses Canai Panas (Bj P Siku Sama Kaki), Batang Kawat Baja Karbon Rendah, Selang Karet untuk Kompor Gas LPG, Selang Termoplastik untuk kompor gas LPG, Kompor Gas Bahan Bakar LPG satu tungku dengan sistem pemantik, Kompor Gas Tekanan Rendah Jenis Dua dan Tiga Tungku Dengan Sistem Pemantik, Baja Lembaran Lapis Seng, Baja Profil H (Bj P H-Beam), Baja Profil Kanal U Proses Canai panas (Bj-P Kanal U), Bj-P I Beam, Baja Profil WF - Beam proses canai panas, Baja Beton Pratekan Bag.3: Kawat (Quench and Temper), Kawat baja quens (quench) temper untuk konstruksi beton pratekan (PC bar /KBjP-Q), Kawat Baja Tanpa Lapisan Untuk Beton pratekan (PC wire/KBjP), Tujuh Kawat Baja Tanpa Lapisan dipilin untuk Konstruksi Beton Pratekan(PC strand / KBjP-P7), Penyambung Pipa Berulir Cor Maleable Hitam, Baja Lembaran , pelat dan gulungan canai panas (Bj P), Meter Air Minum, Baja Lembaran dan gulungan canai dingin (Bj D), Baja lembaran dan gulungan lapis paduan aluminium seng (Bj.L AS), Pipa baja saluran air dengan atau tanpa lapis seng, Sepatu Rem Besi Cor Kelabu untuk Kereta Api, Paku Baja, Katup pintu kuningan berulir 1,0 Mpa dan 1,5 Mpa ( 10 kgf/cm2 dan 15 kgf/cm2), Katup pintu kuningan berulir 125, 150, dan 200 untuk air, minyak, dan gas","https://drive.google.com/drive/folders/1o8VGvFZ6Kpz5wZIquh2sBElWRmf-scdD?usp=drive_link",""
"LP-022-IDN","Balai Besar Standardisasi dan Pelayanan Jasa Industri Kulit, Karet dan Plastik","Jl. Sokonandi No. 9, Yogyakarta","DI Yogyakarta","(0274) 512929; 563655","llukkalbbkkp@gmail.com bbkkp_jogja@kemenperin.go.id","2030-09-20","2030-09-20","false","false","true","true","false","false","","","","Kulit, Karet, Ban dalam kendaraan bermotor, Ban mobil penumpang, Ban sepeda motor, Ban truk dan bus, Ban truk ringan, Rol karet pengupas gabah, Sol karet cetak, Karet Bantalan Dermaga, Sepatu pengaman, Karung tenun polipropilena (PP) untuk bahan pangan curah, Sepatu bot PVC, Sepatu bot PU, Sepatu Kulit Sistem Lem (Bagian 1: Wanita), Sepatu Kulit sistem Lem (Bagian 2 : Pria), Air Hyginie sanitasi, Air Sungai, Air sumur dan air danau, Air limbah, SIR, RSS","https://drive.google.com/drive/folders/1nCke-opRpSULC44qhInNBQ8c_ery3--F?usp=drive_link",""
"LP-024-IDN","PT Sucofindo (Persero), SBU Laboratory","Jl. Arteri Tol Cibitung No. 1, Cikarang Barat, Kab. Bekasi, Jawa Barat","Jawa Barat","(021) 88321176","cibitung@sucofindo.co.id","2029-09-24","2029-09-24","true","true","true","true","false","false","","","","General : Gula kristal mentah (raw sugar), gula kristal rafinasi, tepung terigu sebagai bahan makanan, sayur dan buah segar, beras, palm oil dan turunannya, RBD palm olein, crude palm kernel oil, palm cooking oil, minyak kelapa virgin (VCO), biji kakao, pakan hewan, gula kristal putih, garam konsumsi beryodium, complementary foods for infants, sweet, sugar syrup dan honey, minuman kopi, kopi instant, minuman teh, teh instan, ikan mie, pangsit, bakso, cemaran mikroba dalam daging telur dan susu serta hasil olahannya mie instan, biscuit, meat and its processed products, powdered drink mixes and beverage, canned sardines and mackerel, canned tuna, kosmetik, gliserin, sabun mandi, deterjen serbuk, sabun mandi cair, sabun cuci, pembalut wanita, deterjen cuci cair, contraceptive pills, contraceptive injections, drugs (tablets, capsule, syrup, active pharmaceutical ingredients, hand wash, hand sanitizer, mosquito repellent, talc, antacids (suspension, tablet), suplemen, urine bag, foley catheter, IV catheter, Infusion sets, sterile sets, sterils glove, implants, syringes, contact lenses, catgut suture, sterile gauze, ampoules, vials (powder medicine, liquid medicine), infusion fluid, air laut, air sungai, air danau, karet, textile, plastic, komponen elektrik dan elektronik, mainan anak, ceramicware – mineral water container, ceramic, glassceramicware, vitreous enamel ware, melamine product tableware, plastic tableware polystyrene- foam, plastic packaging, olefin plastic packaging, paper and board, Footwear materials (leather, textile, polymer), Mainan anak berbahan plastik, Child use and care articles -Cutlery and feeding utensils-Safety requirements and tests, Kemasan Pangan-PC, Paints, Popok Bayi Sekali Pakai, Ubin keramik, kratom Minyak & Gas: lubricating oils for 4 stroke gasoline engines of motorized vehicles, lubricating oils for 4 stroke gasoline engines of motor cycle, lubricating oils for 2 stroke gasoline engines with air coolers, lubricating oils for 2 stroke gasoline engines with water coolers, lubricating oils of high rotation diesel engines, lubricating oils of gears, lubricating oils of automatics transmisions, lubricating oils, biodiesel, biodiesel, gas alam, oil trafo, minyak mentah dan kondensat, gasoil/HSD/solar/biosolar, marine fuel oil (MFO), Industrial fuel oil (IFO), industrial diesel oil (IDO), galosine, avtur/kerosene, hydraulic oil, Biodiesel (B100), Transformer oil (New & Used), Gasoil/HSD B0, B10, B20, B30, Petrokimia : pupuk Tripel Super Fosfat (TSP), pupuk fosfat alam untuk pertanian, pupuk borat, pupuk SP-36, pupuk Diamonium Phospat/DAP, pupuk urea amonium phospat, pupuk mono amonium phosphat, pupuk kalium klorida, pupuk dolomit, pupuk NPK padat, pupuk Tripel Superphospat plus Zn, pupuk amonium klorida, pupuk amonium sulfat, pupuk organik dan anorganik, pupuk urea, pupuk super fosfat, herbisida, aluminium sulfat, asam sulfat, seng oksida, sodium tripolifosfat, Teknik : kipas angin, vacum cleaner, setrika listrik, mesin cuci, grill, toaster and similar appliances, mesin dapur, pemanas air/heating liquid, refrigerator/kulkas, AC, perawatan kulit dan rambut, pompa air, alat cukur dan pemangkas rambut, microwave, commercial electric cooking ranges, ovens, hobs dan hob element, compressor, pengisi baterai, instantaneous water heaters, massage appliance, pembunuh serangga, audio video & similar electronic apparatus-safety, mainan listrik, tusuk kontak/kotak kontak (plug and socket outlet for household and similar), switches for household and similar purposes, switch electronic, RCCB (residual current circuit braker), MCB (miniatur circuit braker), kabel daya dengan insulasi terekstrusi dan lengkapannya, kabel berinsulasi PVC dengan tegangan pengenal 450/750V - Bagian I : persyaratan umum; bagian 2 : metode uji; bagian 3 : kabel nirselubung untuk perkawatan magun; bagian 4 : kabel berselubung untuk perkawatan magun; bagian 5 : kabel fleksibel (kabel senur);kabel berinsulasi karet dengan tegangan 450/750 V bagian 1: persyaratan umum; bagian 8 : Cord for application requiring high flexibility, lamp cap, cord extention sets, adaptors (plugs and socket outlets for household and similar purposes), rice box, kompor gas 1 tungku, kompor gas 2 tungku, luminer, luminer magun kegunaan umum, luminer tanam, luminer pencahayaan jalan umum, perlengkapan kendali lampu, portable luminaires, floodlights, electronic ballast, baterai primer, baterai sekunder dan cell, lampu sehen, fluorescent lamp, self-ballast lamp, self-ballasted LED lamps, indect protection (Kode IP), single capped fluorescent, kWh meter, kloset duduk, concrete, metal rubber film plastic, metal material, bead wire, baja tulangan beton, material plastic & rubber, regulator tekanan rendah untuk LPG, horse/pipe/pressurized unit, material plastic, fabric, wood, foam, door & wall, paving block, Diesel genset stationer < 50 kVA for telecommunication, Diesel genset stationer 50-500 kVA for telecommunication, weighing machines for children under five, children and adult, castor, sphygmomanometer non-otomatis, medical electronic equipment, infant incubator, medical bed, safety of information technology equioment- part 1, wheeled steel bed for hospital, LTE Cellular devices, WCDMA Cellular devices, GSM Cellular devices, Bluetooth devices, Wireless Local Area Network devices, Pemanas Rendam Portabel, Luminer Lampu Tidur, Radio Komunikasi HF/VHF/UHF, Short Range Device, Peralatan Elektromedik (Rotator, centrifuge, Inkubator Bayi, Medical Refrigerator, Fetal Doppler, Electrocardiograph, Suction Pump, Blood Bank Refrigerator, Syringe Pump, Nebulizer, dan alat kesehatan sejenis lainnya), Set Top Box, Smart TV, Rantai Cahaya, Kotak dan selungkup untuk lengkapan pada instalasi listrik magun rumah tangga, Fitting lampu, Sistem Konduit Kaku, Sistem Konduit Semi Fleksibel, Bahan isolasi panas, penyarap suara dan tahan api dari mineral wool, Pengukuran Kinerja Seterika Listrik, Pengukuran Kinerja Lemari Pendingin, Polipropilena Kopolimer Impak untuk Komponen Otomotif, Pendingin komersial dengan unit refrigerant tergabung atau terpisah, Lampu LED swa-balast untuk layanan penerangan umum dengan tegangan suplai > 50V - Persyaratan Kinerja, Kotak dan selungkup untuk lengkapan listrik pada instalasi listrik magun rumah tangga dan sejenis - bagian 23 : Persyaratan khusus untuk kotak dan selungkup lantai, Lingkungan : Waste Water (air limbah dan air limbah domestik), industrial water, surface water, drinking water, clean water,hemodialysis water, mineral water, demineral water, natural mineral water, Sea Water, Complete Water (air terproduksi), Soil/Sludge (hazardous waste), clean water,water, air ambient, Industrial Hygiene and Indoor Air Quality, udara emisi sumber tidak bergerak, udara emisi sumber bergerak (berbahan bakar solar), Limbah B3 padat","https://drive.google.com/drive/folders/1nGeAoRu42xIYqrbEaGj2rY9il-Pf1aVW?usp=drive_link",""
"LP-025-IDN","Balai Pengujian Mutu Barang","Jl. Raya Bogor Km. 26, Ciracas, Jakarta Timur, DKI Jakarta","DKI Jakarta","(021) 87721002/8703881","spjp_bpmb025@gmail.com bpmb@kemendag.go.id","2029-09-30","2029-09-30","true","true","true","true","false","true","01 03 04 05 06 09 10 11 13 14 17 20 22 23 31","1496","2026-04-28","Standar Indonesia Rubber (SIR), Karet alam, Karet konvensional RSS/TPC/TBC, - Karet RSS 1, - Karet RSS 2, - Karet RSS 3, - Karet RSS 4, Ban dalam kendaraan bermotor , Ban sepeda motor, Ban truk dan bus, Ban mobil penumpang , Ban truk ringan, Ban Vulkanisir, Bantalan elastomer tipe polos dan tipe berlapis untuk perletakan jembatan , Produk vulkanisat atau termoplastik , Semen Portland, Semen portland pozolan, Semen portland campur , (Mixed cement), Semen masonry, (Masonry cement), Semen portland komposit , Semen portland putih, Biji pinang bukan untuk obat, Gambir, Kayu lapis dan kayu lapis penggunaan umum, Kayu, Helm, Vulkanisat karet, Tali Plastik Straping , Sarung tangan karet rumah tangga , Sarung tangan terbuat dari lateks untuk pemeriksaan medis sekali pakai , Sarung tangan terbuat dari Polivinil Klorida (PVC) untuk pemeriksaan medis sekali pakai , Sarung tangan karet steril untuk keperluan bedah sekali pakai , Tekstil dan produk tekstil, Handuk, Mainan anak, Kompor Gas 1 tungku, Selang karet untuk kompor gas LPG, Kompor Minyak Tanah, Korek Api Gas, Sepatu pengaman dari kulit dengan sol karet sistem cetak vulkanisasi , Sepatu pengaman dari kulit dengan sol poliuretan dan termoplastik poliuretan sistem cetak injeksi , Produk melamin untuk , perlengkapan makan , dan minum, Kompor gas 2 tungku, Plastik kemasan, Plastik sheeting, Kemasan aerosol , Alat Peraga , Korek api kayu , Masker medis , Masker kain , Pakaian bayi , Pakaian dalam wanita , Kain untuk pelindung diri , Selang karet untuk kompor gas LPG dan Vulkanisat / produk termoplastik , Sepatu pengaman, Baterai primer, Setrika listrik , Kipas angin :, - Kipas angin plafon, - Kipas angin dak, - Kipas angin partisi, - Kipas angin tumpu, - Kipas angin meja, Lampu swaballast (Safety), Jenis Type Kaki Lampu :, - E14 , - E27, Lampu LED Swa-Balast (Safety), Lampu Swa-Balast (Unjuk kerja/Performance), Kabel berinsulasi PVC dengan tegangan pengenal sampai dengan 450/750 V , Sakelar untuk instalasi, listrik tetap rumah tangga , dan Sejenisnya., Bagian 1: Persyaratan , Umum, Tusuk Kontak dan Kotak , Kontak untuk Keperluan, Rumah Tangga dan , Persyaratan Umum, Peranti listrik rumah tangga dan sejenisnya - Keselamatan- Bagian 2-7 : Persyaratan Khusus untuk Mesin cuci, Peranti listrik rumah tangga dan sejenisnya - Keselamatan- Bagian 2-24 : Persyaratan Khusus untuk lemari pendingin (Peralatan pendingin, peralatan es krim dan pembuat es), Mesin Dapur, Mainan Anak-anak Elektrik , kecuali mainan anak-anak elektrik dengan fitur laser, Pompa Air, Pemanas cairan, Pemanggang kontak, pemanggang roti dan pemasak portabel sejenis, Pembersih vacum dan piranti pembersih sedot air , Piranti perawatan kulit dan rambut , Microwave oven , Piranti alat cukur, alat pangkas dan sejenisnya , Piranti Pijat , Pemanas Air Sesaat , Bor Listrik , Gerinda, Pemoles dan pengampelas jenis cakram , Mesin serut , Gergaji Listrik , Luminer :, 1. Luminer kegunaan Umum, 2. Luminer magun kegunaan umum, 3. Luminer tanam, 4. Luminer pencahayaan jalan umum, 5. Luminer kegunaan umum portable, 6. Luminer lampu sorot, 7. Luminer lampu tidur, 8. Luminer rantai cahaya, Penanak Nasi (rice cooker), Susu Bubuk, Susu bubuk, susu cair, isolat soy protein, susu kedelai, Susu formula, susu pertumbuhan, MP- ASI, biskuit, bubur bayi, makanan yang berbasis minyak , Susu serta hasil olahannya, Minyak dan lemak (umum; CPO; Margarin; Shortening), Margarine/ shortening, Minyak Goreng Sawit, Minyak Goreng , Minyak kelapa mentah"";#VALUE!;""Sayur dan Buah, Sayur, buah, dan produk berbahan dasar buah atau sayur, Jagung , Kedelai , Beras, Cassia Indonesia , Kakao bubuk , Biji kopi, Biji kopi, roasted coffee, Biji kakao, Kakao , kopi, Kakao, kopi, teh, lada , Tepung terigu, Tepung terigu, tepung beras, tepung kedelai, tepung jagung, tepung tapioka, sorgum, Produk Makanan Olahan (kembang gula dan cokelat, serealia dan produk serealia, produk bakery, makanan ringan siap santap, minuman tidak mengandung susu), Biskuit, Produk-Produk Olahan Daging, Daging Unggas dan Daging Hewan Buruan dalam Bentuk Dihaluskan , Daging serta hasil olahannya, Ikan asap, daging asap, ikan yang diberi perlakuan panas, daging yang diberi perlakuan panas, Ikan salmon, ikan tuna, ikan tenggiri, ikan bawal, ikan kakap, ikan gurame, ikan marlin, ikan makarel, ikan tongkol, ikan kaleng, ikan asap, udang, Ikan tuna, salmon, udang, madu, pakan, Ikan tuna, salmon, udang, Ikan, udang , Ikan segar dan produk perikanan , Gula kristal mentah, Gula Kristal Rafinasi (refined sugar), Gula Kristal Putih, Madu, Garam konsumsi beryodium, Rempah-rempah (Pala, Lada), Herba dan Rempah, Lada hitam, Lada putih, Lada Hitam, Lada Putih, Pala dan Fuli, Panili , Kecap, hydrolysed vegetable protein (HVP), pangan olahan yang mengandung protein nabati terhidrolisis , Air minum dalam kemasan, Kopi Instan, Teh , Teh hitam, Teh hijau, Minuman beralkohol Golongan A, B dan C, Susu, daging, tepung, sayur, teh, rempah , Hasil Pertanian dan Perkebunan Biji-bijian , Sayur dan Buah (kelompok Produk pertanian kadar air tinggi : apel, pear, aprikot, cherry, pisang, nanas, bawang, tomat, paprika, timun, melon, kol, kubis, brokoli, selada, bayam, seledri, asparagus, kacang polong, kacang panjang, wortel), Produk pertanian kadar asam tinggi dan kadar air tinggi : lemon, jeruk, strawberi, blueberi, anggur, kismis, Produk pertanian kadar minyak tinggi : kacang-kacangan, kacang tanah, biji, alpukat, Produk pertanian kadar protein/karbohidrat tinggi: kedelai, jagung, gandum, padi, beras, sorgum, ketela, ubi kayu, Produk pertanian komoditas unik dan sulit: teh, tembakau, rempah-rempah, kopi, kakao, lada, Pestisida Formulasi , Bungkil inti kelapa sawit, Bungkil kelapa - bahan pakan ternak, Pakan buatan bagi udang, Produk Pakan (Pakan Ikan, pakan Udang, pakan Ternak), Minyak nilam, Minyak pala, Minyak sereh, Pupuk Organik , Pupuk Dolomit, Pupuk NPK padat, Pupuk Diamonium Fosfat, Pupuk Tripel Super Fosfat, Pupuk SP-36, Pupuk Fosfat Alam untuk Pertanian , Pupuk Borat, Pupuk Urea, Pupuk Kalium Sulfat, Pupuk Kiserite, Pupuk Ammonium Sulfat, Pupuk KCl , Pupuk Organik , Sabun Mandi Padat, Deterjen Cuci Cair, Bagian 1 - Untuk Pakaian, Bagian 2 - Untuk Peralatan Dapur, Cairan Pembersih, Sabun Cair, Pelembut Pakaian, Semir Cair, Sirup Obat dan Pasta Gigi, Plastik, papersack, sabun cair","https://drive.google.com/drive/folders/1NAOAm0AN7cOb6Ypah39KD75xlloEEAti?usp=sharing","https://layanan.kan.or.id/direktori-lpk/14/1"
"LP-028-IDN","PT Sucofindo - Laboratorium Cabang Surabaya","Jl. Jend. Ahmad Yani No. 315, Surabaya, Jawa Timur","Jawa Timur","(031) 8470547","1. ebagas@sucofindo.co.id 2. wdamayanti@sucofindo.co.id 3. Primayunita@sucofindo.co.id 4. labsurabaya@sucofindo.co.id","2030-09-20","2030-09-20","false","true","true","true","false","false","","","","Gaplek, Biji Kopi, Biji Kakao, Pupuk Triple Super Fosfat (TSP), Pupuk Ammonium Sulfat, Pupuk Ammonium Klorida, Pupuk NPK Padat, Pupuk Dolomit, Pupuk Kalium Klorida, Pupuk Mono Fosfat Diamonium Phosphat (DAP), Pupuk SP-36, Pupuk Fosfat Alam untuk Pertanian, Pupuk sisa proses Asam amino (Haspramin), Pupuk Borat, Pupuk Urea, Aluminium Sulfat padat, Aluminium Sulfat cair, Asam Sulfat Teknis, Gula Kristal Mentah (raw sugar), Gula Kristal Putih, Gula Kristal Rafinasi, Bahan Pangan dan Pakan (Virgin Oil, Minyak Goreng, Mentega, Margarin, Produk Kakao dan Cokelat), Cemaran Mikroba dalam daging, telur, susu serta hasil olahannya (susu pasteurisasi, daging sapi giling segar, daging olahan, telur segar dan telur asin), Air Minum Dalam Kemasan, Kopi Instan, Mie Instant, Minyak Goreng Sawit, Minyak makan dan turunannya, Air Mineral, Air Mineral Alami, Air Demineral, Air Permukaan dan, Air Sungai, Air Limbah, Air untuk Keperluan Higiene Sanitasi, Air Minum, Air sumur dan air sungai, Limbah Padat dan Semi Padat, Udara Emisi Sumber Tidak Bergerak , Udara Ambien, Udara Lingkungan Kerja / Industrial Hygiene, Batu Kapur (Lime stone), Bijih besi & pasir besi, Bijih Mangan (Manganese ore), Batubara, Timah, Cu Cathode, Lead, Zircon Sand, Makanan & Minuman (Kue kering, keripik, jus buah, jamu, teh, es krim) (Nutrition Fact), Garam Konsumsi Beriodium, Solar 48, Bio Solar (B20), Pupuk (Anorganik dan Organik), Biskuit, Bahan Pangan dan Pakan (biskuit, produk kakao dan coklat, fishmeal), Palm Kernel, CPO, Beras, Lubricating oils, Solar/Biosolar, Marine Fuel Oil (MFO), air RO?hemodialisa, Pakan ternak, Produk perikanan (tepung ikan), Caustic soda (soda api) teknis cair, Asam klorida, Batubara, Sludge limbah B3","https://drive.google.com/drive/folders/1oSw1qucBySIcxDjgXqBJz-yHBJXA0_PH?usp=drive_link",""
"LP-029-IDN","Pusat Penelitian Karet Unit Riset Bogor Getas – PT Riset Perkebunan Nusantara","Jl. Salak No. 1, Bogor 16151","Jawa Barat","T. (0251) 8319817","lapkaret@bptkbgr.com ppkbogor@gmail.com","2029-10-15","2029-10-15","false","false","true","false","false","false","","","","Lateks alam, vulkanisat/kompon, selang karet untuk kompor gas LPG, ban mobil penumpang, ban truk ringan, ban truk dan bus, ban sepeda motor, rol karet pengupas gabah, vulkanisat karet pompa air tangan, karet mentah, karet pegangan selang (grip handle) sepeda motor, lis karet pintu lemari es, karet perapat (rubber seal) pada katup tabung LPG, spesifikasi bantalan elastomer tipe polos dan tiper berlapis untuk perletakan jembatan, karet spesifikasi teknis, ban dalam kendaraan bermotor, selang termoplastik elastomer untuk kompor gas, ban dalam sepeda, vulkanist karet kompon bantalan dermaga, sarung tangan karet steril untuk keperluan bedah sekali pakai, sarung tangan untuk pemeriksaan medis sekali pakai - bagian 1: spesifikasi untuk sarung tangan terbuat dari lateks atau larutan karet, ban vulkanisir (ban truk ringan)","https://drive.google.com/drive/folders/1nA6FocF6T0QMK6RHiB9VUcTMHHajTVNd?usp=drive_link",""
"LP-031-IDN","UPT Pengujian dan Sertifikasi Mutu Barang, Dinas Perdagangan, Koperasi, Usaha Kecil dan Menengah Provinsi Riau","Jl. Dr. Sutomo No. 108, Pekanbaru","Riau","(0761) 21325","bpmb_pekanbaru@gmail.com","2030-02-16","2030-02-16","false","true","true","false","false","false","","","","Air minum, air untuk keperluan sanitasi hygiene, air mineral/demineral, daging telur dan susu serta hasil olahannya, minyak kelapa mentah, minyak kelapa sawit mentah (Crude Palm Oil), tepung terigu sebagai bahan makanan, gula kristal putih, makanan (bakso, bubur ayam, nuget, brownis, kue kering), karet alam (SIR), pupuk NPK, pupuk Kalium Klorida (KCl), pupuk fosfat alam, limbah cair","https://drive.google.com/drive/folders/1nEr_nsf9gTJVoZj2Ryi3AAsoyOpWYWF5?usp=drive_link",""
"LP-032-IDN","UPTD Balai Pengujian dan Sertifikasi Mutu Barang Dinas Perindustrian dan Perdagangan Provinsi Jambi","Jl. Letjen Suprapto No. 29, Telanaipura, Jambi","Jambi","(0741) 60822","uptdbpsmb.jambi@gmail.com","2031-08-22","2031-08-22","false","true","true","true","false","false","","","","SIR, biji pinang bukan obat, biji kopi, cassia Indonesia, Crude Palm Oil (CPO), garam konsumsi beryodium, pupuk NPK padat, pupuk KCl, pupuk TSP, air minum dalam kemasan (AMDK), minyak goreng, minyak goreng sawit, kopi bubuk, madu, Beras, Plastik Pembungkus Bandela","https://drive.google.com/drive/folders/1n2118cIbguu9-BCi2-wgCYE23yTAU3dQ?usp=drive_link",""
"LP-035-IDN","UPT Pengujian Sertifikasi Mutu Barang - Lembaga Tembakau Jember","Jl. Kalimantan No. 1, Jember","Jawa Timur","T. (0331) 338396","pengujianmututembakau@yahoo.co.id","2030-07-27","2030-07-27","false","true","true","true","true","false","","","","Benih Tembakau, Beras, Garam konsumsi beriodium, Kasturi, Komoditas unik tembakau, Pupuk organik, Pupuk organik padat, Rajangan Maesan, Rajangan Paiton, Rokok, Tembakau, Tembakau bawah naungan (TBN), Tembakau BES VO Ekspor, Tembakau Boyolali Asepan, Tembakau Cerutu Besuki Bagian I : Bahan olahan, Tembakau Cerutu Besuki Bagian I : Asalan, Tembakau Jawa Timur Voor Oogst, Tembakau Kedu, Tembakau krosok Madura VO, Tembakau Lumajang, Tembakau rajangan Madura, Tembakau rajangan virginia Bojonegoro, Tembakau Virginia FC, Tembakau Vorstenlanden, Sayuran dan buah berkadar air tinggi (Sayuran bunga (kubis), sayuran daun (sawi), sayuran polong (edamame), sayuran buah (cabai)), Phosphin","https://drive.google.com/drive/folders/1nC9NkO0BP4p_4jt8X3ceZqfebR0G4-HU?usp=drive_link",""
"LP-036-IDN","UPT Pengujian dan Sertifikasi Mutu Barang - Lembaga Tembakau Surabaya","Jl. Gayung Kebonsari Dalam No.12A Surabaya 60235","Jawa Timur","(031) 8280762","psmbsurabaya-indag@jatimprov.go.id pengembangan.psmbltsby@gmail.com","2030-06-21","2030-06-21","false","true","false","true","false","false","","","","Asam Sulfat Pekat Teknis, Beras, Biji Kakao, Biji Kopi, Biji Pala , Fuli, Gabah, Garam Bahan Baku untuk Industri Garam Beryodium, Garam Konsumsi Beryodium, Jagung, Karet Konvensional, Lada Putih, Minyak Goreng Sawit, Pupuk Amonium Sulfat, Pupuk Diamonium Fosfat, Pupuk Dolomit, Pupuk Fosfat Alam Untuk Pertanian, Pupuk Kalium Klorida, Pupuk Kalium Sulfat, Pupuk Monoamonium Fosfat (MAP), Pupuk NPK Padat, Pupuk SP-36, Pupuk Super Fosfat Tunggal, Pupuk Tripel Super Fosfat, Pupuk Urea, Pupuk Organik Padat, Tembakau Besuki NO, Tembakau Besuki Voor-Oogst Ekspor, Tembakau Boyolali Asepan, Tembakau Jawa Timur Voor Oogst, (Jatim VO), Tembakau Virginia FC, Tepung Terigu sebagai bahan makanan","https://drive.google.com/drive/folders/1oXrJXNsLtWph-80CxyzhrTQ6FPEGFOk1?usp=drive_link",""
"LP-037-IDN","UPTD Balai Pengujian dan Sertifikasi Mutu Barang Surakarta","Jl. Panjang – Kartasura Km.8, Pabelan, Kartasura, Sukoharjo, Jawa Tengah","Jawa Tengah","(0271) 743959 ; 7881926","bpsmbsurakarta@yahoo.com","2031-06-13","2031-06-13","false","true","true","true","true","false","","","","Minyak Daun Cengkeh, Teh Hitam, Biji Kopi, Teh Hijau, Tembakau Rajangan Boyolali, Tembakau Rajangan Temanggung, Tembakau Rajangan Weleri, Tembakau Rajangan Muntilan, Tembakau Rajangan Mranggen, Tembakau Boyolali Asepan, Tembakau Vorstenlanden, Tembakau Kedu, Gabah, Jagung, Beras, Air Minum Dalam Kemasan (air mineral, air demineral, air embun), Daging, telur dan susu serta hasil olahannya, Kopi Bubuk, Kopi Instan, Jamu (Kapsul, Cair, Pil, Serbuk), Pupuk Organik, teh, biji kopi, kopi sangria, gula palma, kosmetik (semi solid), minyak dan lemak","https://drive.google.com/drive/folders/1n6PBqspZsxDxE9LP7czW7-s0wJf_7Y7F?usp=drive_link",""
"LP-043-IDN","PT Sucofindo Cabang Semarang","Jl. Raya Kaligawe No. 8, Kel. Trimulyo, Kec. Genuk, Semarang, Jawa Tengah","Jawa Tengah","(024) 6590547, 3516616","Nurrina.riska@sucofindo.co.id","2030-12-01","2030-12-01","true","true","true","false","false","false","13 14 26 27 29","367","2026-04-28","Air Limbah, Air untuk keperluan Hygiene dan sanitasi, Air Tanah Sumur Pantau, Air minum, Air Sungai dan Sejenisnya, Air Mineral (AMDK), Air Laut, Air Hemodialisa, Udara Emisi Sumber Tidak Bergerak, Udara Emisi Sumber Bergerak, Udara Ambien, Kebauan, Kebisingan, Lingkungan Kerja, Pupuk NPK Padat, Pupuk Fosiat alam untuk pertanian, Pupuk Kalium Klorida, Pupuk Ammonium Sulfat, Pupuk SP-36, Pupuk Tripel Super Fosfat, Pupuk Kalium Sulfat, Pupuk Organik,","https://drive.google.com/drive/folders/1nZ34C9Qr0WEY8kulPTMKMs8P1rTdu8jK?usp=drive_link","https://layanan.kan.or.id/direktori-lpk/23/1"
"LP-044-IDN","PTSUCOFINDO Cabang Bandar Lampung","Lokasi 1: Jl. Gatot Subroto No. 161, Pecoh Raya, Bandar Lampung, Lampung Lokasi 2: Komplek PT Bukit Asam, Jl. Raya Bakauheni KM 15, Tarahan, Bandar Lampung, Lampung","Lampung","(0721) 474660","muslim@sucofindo.co.id","2027-12-18","2027-12-18","false","false","true","false","false","false","","","","Lokasi 1: Batubara, crude palm oil, air limbah, air sungai, air danau Lokasi 2: Batubara","https://drive.google.com/drive/folders/1nL6ppVVgqiq2E0b3uS7wVPF7zVDoVJbv?usp=drive_link",""
"LP-045-IDN","PT Freeport Indonesia","Jl. Airport Mozes Kilangin No. 1, Timika, Papua","Papua","(0901) 463076","TimikaEnvironmentalLaboratoryTPRA@fmi.com","2027-06-27","2027-06-27","false","false","true","false","true","false","","","","Air untuk keperluan higiene dan sanitasi, Air Sumur, Air Sungai, Air Danau, air laut dan air muara, Air Limbah, tailing, sedimen, jaringan tanaman dan hewan","https://drive.google.com/drive/folders/1nXIUbacXLAJ7WKOAxGrCVbY64egE4CN9?usp=drive_link",""
"LP-046-IDN","Balai Besar Standardisasi dan Pelayanan Jasa Industri Selulosa","Jl. Raya Dayeuhkolot No. 132, Bandung, Jawa Barat","Jawa Barat","(022) 5202980, 5202871","bbpk@bbpk.go.id","2026-09-19","2026-09-19","false","false","true","false","false","false","","","","Lembaran Pulp/ Pulp sheet, Kertas, Karton, Karton dupleks, Kertas pengganda tanpa karbon, Kertas komputer kontinu, Kertas karbon, Pita kertas berperekat, Pita kertas berperekat peka tekanan, Kertas sigaret, Buku tulis sekolah, Tisu, Kertas tisu toilet, Air limbah, Air Sungai, Emisi sumber tidak bergerak, Udara Ambient, Kebauan, Udara Lingkungan Kerja, Kebisingan, Air mineral dan demineral, garam konsumsi beriodium","https://drive.google.com/drive/folders/1nDETy1Yj7p8KxyBJFlLaWiWAA10pznxf?usp=drive_link",""
"LP-049-IDN","UPT Pengawasan dan Sertifikasi Benih Tanaman Pangan dan Hortikultura Provinsi Jawa Timur","Jl. Gayung Kebonsari 175 A, Surabaya, Jawa Timur","Jawa Timur","(031) 8292079","labbenihsby@yahoo.co.id","2030-05-17","2030-05-17","true","false","false","false","false","false","","","","Padi, jagung, kedelai, kacang tanah, kacang hijau, gandum, kacang panjang, sawi, buncis, labu, semangka, mentimun, bayam, terong, tomat, cabai","https://drive.google.com/drive/folders/1nhD_ZCWzjfZMlOjT5Z7cmb9tgD_Ool2u?usp=drive_link",""
"LP-057-IDN","Balai Besar Standardisasi dan Pelayanan Jasa Industri Agro","Jl. Ir. H. Juanda 11 Bogor 16122","Jawa Barat","(0251) 8324068","cabi@bbia.go.id","2030-10-02","2030-10-02","false","true","true","true","false","false","","","","Abon sapi, abon ikan, acar, agar-agar tepung,air kelapa olahan, air kelapa dalam kemasan, bahan baku minuman, bakpia kacang hijau, bakso ikan, bakso daging, ikan bandeng presto, bangket sagu, Bawang merah goreng, bihun, bihun instan, bihun jagung, bika ambon, biskuit, biskuit diet diabetes, biskuit untuk bayi dan balita, buah kering, bumbu rasa ayam, bumbu rasa sapi, cokelat butir, dendeng sapi, dekstrin industri pangan, dodol, dodol sirsak, emping melinjo, es krim, es berbasis susu, formula lanjutan, garam bahan baku untuk industri garam beryodium, garam konsumsi beryodium, gula kristal mentah, gula kristal putih, gula kristal rafinasi, gula palma, ikan dan hasil olahannya, jeli, kacang garing, kacang goyang, kakao bubuk, kakao massa, kakao butter (lemak kakao), kecap ikan, kecap kedelai, kecap kedelai asin, kecap kedelai manis, keju cedar olahan, kembang gula (karet, keras, lunak), keripik kentang, keripik singkong, keripik buah, kerupuk beras, kerupuk kulit, kerupuk ikan, kerupuk udang, kopi bubuk, kopi celup, kopi instan, kopi mix, kopi premiks, kopi gula susu dalam kemasan, kopra, corned beef, krimer nabati bubuk, kue lapis, kue wingko, lemak reroti, lombok kering, madu, makanan MP-ASI (bubuk instan, biskuit, siap masak, siap santai), makanan ringan ekstrudat, makaroni, manisan pala, margarin, mayones, mentega kacang, mie basah, mie instan (berlaku untuk kepiting dan bumbunya), mie kering, mie makanan ringan (cemilan), minuman energi, minuman kopi dalam kemasan, minuman isotonik, minuman jeli, minuman sari buah, minuman serbuk berperisa, minuman teh dalam kemasan, minuman susu fermentasi berperisa, minyak goreng, minyak goreng kelapa, minyak goreng sawit, minyak jagung sebagai minyak makan, minyak kedelai sebagai minyak makan, minyak kelapa sawit (crude palm oil), minyak safflower sebagai minyak makan, minyak wijen sebagai minyak makan, MSG, nugget ayam (chicken nugget), nanas dalam kaleng, nata dalam kemasan, rambutan dalam kaleng, rempah-rempah bubuk, remah roti, roti Tawar, Roti manis, roti kenari, sale pisang, sambal, Produk Santan (Santan encer, Santan, Santan krim, Santan konsentrat, Santan bubuk), sarden dan makarel dalam kemasan kaleng, sari buah anggur, sari buah apel, sari buah tomat, sauerkraut dalam kemasan, saus cabe, saus tiram, saus tomat, selai buah, selai buah diet diabetes, serbuk minuman tradisional, sirup, sirup untuk diabetes, sirup fruktosa (HFS), sosis daging, spagheti, pasta, sup instan, susu bubuk, susu coklat bubuk, susu evaporasi, susu kedelai, susu kental manis, susu pasteurisasi, susu segar, susu sereal, susu UHT, tahu, tapioca, tauco, teh hijau, teh hijau celup, teh hijau bubuk, teh hitam, teh hitam celup, teh kering dalam kemasan, teh wangi, tempe kedelai, sohun, tepung beras, tepung beras ketan, tepung bumbu, tepung es krim, tepung gula, tepung hunkwe, tepung jagung, tepung kacang hijau, tepung ketan, tepung mokaf, tepung sagu, tepung singkong, tepung terigu sebagai bahan makanan, tepung untuk kue siap pakai, Terasi Udang, wajik, yogurt, Air Mineral, air demineral, air mineral alami, air minum embun, air minum, air minum pH tinggi, air untuk keperluan hygiene sanitasi, air limbah, udara ambien, kebisingan, pakan buatan bagi udang, pupuk urea, pupuk tripel super posfat, pupuk NPK, pupuk super posfat (SP-36), pupuk amonium sulfat, pupuk super fosfat tunggal, pupuk fosfat alam untuk pertanian, pupuk kalium klorida, ransum anak ayam; ras pedaging; ransum anak ayam ras petelur; ransum ayam ras, pedaging, ransum dara ayam ayam ras petelur, ransum itik petelur dara; ransum puyuh petelur pemula, swab test.","https://drive.google.com/drive/folders/1nR0kTst4HkH4Z6x4iZvb2KYi4UFHuUS5?usp=drive_link",""
"LP-060-IDN","Balai Standardisasi dan Pelayanan Jasa Industri Samarinda","Jl. MT. Haryono/Banggeris No. 1, Samarinda, Kalimantan Timur","Kalimantan Timur","T. (0541) 745431 (0541) 7771364","brisi_sam@yahoo.com baristandsamarinda@kemenperin.go.id","2029-05-06","2029-05-06","true","true","true","false","false","false","13 14 26 27 29","289","2026-04-28","Air minum dalam kemasan (AMDK), air limbah, air permukaan, Air sungai, air danau, air tanah, pupuk urea, pupuk NPK, garam konsumsi, udara ambient, Udara Emisi Sumber Tidak Bergerak, Udara Emisi Sumber Bergerak, minyak kelapa sawit mentah (CPO), minyak goreng sawit","https://drive.google.com/drive/folders/1lGOUnKq39iouf9DF29jAeMD0unP9Ki7o?usp=drive_link","https://layanan.kan.or.id/direktori-lpk/31/1"
"LP-066-IDN","PT Pupuk Kalimantan Timur","Jl. Ir. James Simandjuntak No. 1, Bontang, Kalimantan Timur","Kalimantan Timur","(0548) 41202","lossi.hotmaidasimanjuntak@pupukkaltim.com","2026-09-19","2026-09-19","false","true","true","false","false","false","","","","Pupuk urea, amoniak cair, pupuk NPK padat, pupuk kalium klorida, pupuk diamonium pospat (DAP), gas alam, air limbah, air laut, emisi gas buang sumber tidak bergerak, emisi gas buang sumber bergerak, udara ambien, kebisingan","https://drive.google.com/drive/folders/1oWzi-4MU5Vd2-gLs4oWmxobalAxLEKZY?usp=drive_link",""
"LP-067-IDN","MBRIO Food Laboratory","Jl. Villa Indah Pajajaran Blok B-17, Pulo Armin, Bogor, Jawa Barat","Jawa Barat","(0251) 8346986","foodlab@mbrio-food.com; biotekindo@mbrio-food.com","2031-06-05","2031-06-05","false","false","true","true","false","false","","","","Air untuk Keperluan Hygine Sanitasi , Antiseptik dan Desinfektan (PKRT) , Antiseptik dan Desinfektan (Alat Kesehatan) , Coklat, Produk Roti/Kue dan Manisan , Daging Segar dan Produk Daging Siap Masak (Kecuali Unggas) , Daging unggas segar dan produk unggas siap masak , Daging Unggas Siap Makan/Setengah Masak , Hygiene Monitoring (Permukaan Peralatan, Permukaan Personal Pelaksana, Permukaan) , Hygiene Monitoring (Udara Lingkungan Ruangan) , Kopi, Teh, Seduhan Herbal dan Minuman Biji-bijian dan Sereal Panas, Minuman Berbasis Air Berperisa, Pangan Siap Saji dan Komponennya , Produk Daging Siap Makan/Setengah Matang , Produk Protein Kedelai, Sayur dan Buah Segar , Sereal, Buah, Kacang, Biji dan Sayuran Kering , Susu dan Produk Susu Segar (Tanpa Pengolahan Panas) , Susu dan Produk Susu yang Diolah dengan Panas , Pangan, Beras , Biskuit , Bumbu Pasta , Daging, Daging Unggas dan Daging Hewan Buruan, yang Dihaluskan, dan Diolah dengan Perlakuan Panas , Gula palma Kopi Bubuk, Kopi Instan, Minuman Kopi dalam Kemasan Makanan Ringan Pangan Gizi Khusus Pangan Olahan Siap Saji Pangan Olahan Siap Saji Sereal Siap Saji termasuk Sereal Sarapan Susu Bubuk","https://drive.google.com/drive/folders/1nXgiSNzvqrJ8v1TyHVLOQ8x4Rh3AeL0p?usp=drive_link",""
"LP-069-IDN","PT Indofood CBP Sukses Makmur, Tbk - Corporate Quality Assurance Laboratory","Jl. Ancol I No. 4-5, Ancol Barat, Jakarta Utara, DKI Jakarta","DKI Jakarta","T. (021) 6909432","fetro.kosnadi@icbp.indofood.co.id","2031-05-09","2031-05-09","false","false","true","true","false","false","","","","Tepung dan pati (tepung terigu, tepung beras, tepung jagung, tapioka, pati termodifikasi, pati kentang), mie (mie instan, mie kering, bihun, mie sebagai makanan ringan) dan pasta, Makanan berbasis susu berperisa dan atau difermentasi, makanan bayi, Makanan ringan (potato chips, cassava chips, tempe chips, baked corn puff, talas chips, kerupuk), biskuit, kecap, saus, sirup, minuman ringan, bumbu bubuk (powder) dan kondimen, bumbu pasta, garam, susu bubuk, garic powder, minyak, lemak, dan minyak bumbu, carragenan, cabe bubuk, margarin, ikan asin, gula, ferrofumarate, tartrazin, wheat gluten, asam sitrat, ammonium bicarbonate, NaH2PO4, Na2CO3, MSG, guargum, air besih dan air minum, produk freeze dried (daging, sayuran, soid ingredients), hygiene monitoring (swab test alat, pakaian dan lantai, kontak tangan, test udara), makanan ringan (potato chips, cassava chips, tempe chips, baked corn puff, talas chips, kerupuk), Gliserol, Cabe bubuk, bumbu bubuk, rempah (lada bubuk)","https://drive.google.com/drive/folders/16dmf3oMIrOQtgcwvgXkuga0UdqQGNh5D?usp=drive_link",""
"LP-072-IDN","PT Geoservices Balikpapan (Multilokasi)","Lokasi 1: Jl. MT. Haryono No. 161 Ringroad, Kel. Damai Baru, Kec. Balikpapan Selatan, Balikpapan, Kalimantan Timur Lokasi 2: Via. PT Kideco Jaya Agung, Tanah Merah, Paser (Tanah Grogot), Kalimantan Timur Lokasi 3: Via. PT Teguh Sinarabadi & PT Firman Ketaun Perkasa, Desa Muara Bunyut, Melak, Kutai Barat, Kalimantan Timur","Kalimantan Timur","(0542) 872152","quality.bpn@geoservices-coal.com","2027-11-18","2027-11-18","true","false","true","false","false","false","","","","Lokasi 1: Batubara, bijih tambang nikel/nickel ore, crude palm oil, Air untuk Keperluan Higiene Sanitasi, air minum, air limbah, Air Sungai, air danau dan sejenisnya, tanah/lumpur/padatan/sedimen, Udara ambien Lokasi 2 & 3: Batubara","https://drive.google.com/drive/folders/13Lzt53OOU_tdWy37p4mVpG2Esc6QJCnr?usp=drive_link",""
"LP-073-IDN","PT Bukit Asam, Tbk Tanjung Enim","Jl. Parigi No. 1 Talang Jawa (Lingkar Tenis), Kel. Pasar Tanjung Enim, Kec. Lawang Kidul, Sumatera Selatan","Sumatera Selatan","(0734) 451096, 451097","tridhowan@bukitasam.co.id","2031-03-21","2031-03-21","false","false","true","false","false","false","","","","Batubara, air bersih, air limbah","https://drive.google.com/drive/folders/1Y2uyblfI3uvPkXn7SUVBW3EWwlIZMmUM?usp=drive_link",""
"LP-075-IDN","PT Bukit Asam, Tbk Tanjung Enim - Laboratorium Penguji Geoteknik","Kantor Eksplorasi, Tanjung Enim, Sumatera Selatan","Sumatera Selatan","0734-451096 Ext. 2560, 2638","rmiharso@bukitasam.co.id","2027-08-28","2027-08-28","true","false","false","false","false","false","","","","Tanah, beton kubus, beton silinder, beton, sampel geoteknik","https://drive.google.com/drive/folders/1A00BC7PfcyJ5OZ0BU3R5D_AEWoaimJew?usp=drive_link",""
"LP-076-IDN","PT Petrokimia Gresik","Jl. Jenderal Akhmad Yani, Gresik, Jawa Timur","Jawa Timur","(031) 3982200","pramono@petrokimia-gresik.com","2026-10-24","2026-10-24","false","true","false","false","false","false","","","","Pupuk ZK, pupuk NPK, pupuk SP 36, pupuk urea, pupuk ZA, fosfat alam untuk pertanian, pupuk organik, kapur untuk pertanian, gipsum, asam fosfat, asam sulfat, aluminium flouride, CO2, batubara, natural gas","https://drive.google.com/drive/folders/1NAcouZLAjy2mrSBmGZpfgxfQLGjtDHnR?usp=drive_link",""
"LP-077-IDN","Deputi Bidang Infrastruktur Riset dan Inovasi – Direktorat Pengelolaan Laboratorium, Fasilitas Riset, dan Kawasan Sains dan Teknologi - Badan Riset dan Inovasi Nasional (BRIN) - Laboratorium Pengujian Kekuatan Struktur","Kawasan PUSPIPTEK Gedung 220, Setu, Tangerang Selatan, Banten","Banten","(021) 7560930","bbpurnomo61@gmail.com","2030-01-18","2030-01-18","false","false","true","false","false","false","","","","Baja lembaran lapis seng, Baja lembaran dan gulungan lapis paduan aluminium-seng (Bj.L-AS), Kawat baja, Pipa baja untuk konstruksi umum, Pipa baja lapis seng untuk saluran air, Beton, Logam, Low alloy, Cr Ni (stainless steel), Al dan paduannya, Low alloy, Metallography logam, Ban truk ringan, Ban truk dan bus, Valve (katup air), Selang hidrolik, Pipa besi, Pipa PVC, Konstruksi Bangunan/struktur/permesin/jembatan, Tali Kawat Baja untuk Minyak dan Gas Bumi, Kawat baja tanpa lapisan untuk konstruksi beton pratekan (PC wire/KBj P), Tujuh kawat baja tanpa lapisan dipilih untuk konstruksi beton pratekan (PC strand / KBjP - P7), Kawat Baja Kuens (quensh) temper untuk konstruksi Beton pratekan (PC Bar/KBjP-Q), Pipa baja saluran air dengan atau tanpa lapisan seng, Ban dalam untuk kendaraan bermotor, Bantalan beton monoblock, Tiang pancang penampang bulat berongga pratarik (spun pile), Tiang pancang penampang bulat berongga pratarik (square pile), Turap beton prategang sheet pile/CCSP, Flat sheet pile, Pole beton prategang ( catenary pole ), Baja tulangan beton, Baja tulangan beton, bahan logam, wire mesh, Bead wire, Wire mesh, Seng dan paduan, Copper dan paduan, Jaring Kawat Las Lapis Seng, Baja Lembaran dan gulungan canai dingin (Bj D), Baja Lembaran Lapis Seng, Baja Lembaran dan Gulungan Lapis paduan Aluminium - Seng (Bj LAS), Profil Rangka Baja Ringan, Tabung pemadam api portable, Bantalan beton dan sistem penambat, Batang Kawat Baja Karbon Tinggi, Foil Aluminium & Paduannya, Pelat & lembaran aluminium, Baut Belah Batuan Jepit Baja, Ban mobil penumpang, Ban sepeda motor, Ban truk dan bus, Ban truk ringan, Bitumen bergelombang, Baja lembaran dan gulungan lapis paduan aluminium-seng (Bj LAS), Baja Lembaran dan gulungan canai panas lunak (Bj-PL), Pelat dan Lembaran Aluminium, Pipa dan pelat baja bergelombang lapis seng, Baja batangan untuk keperluan umum (Bj-KU), Tujuh kawat baja tanpa lapisan dipilin untuk konstruksi beton pratekan (PC strandKBjP-P7), Kawat baja tanpa lapisan untuk konstruksi beton pratekan (PC wire / KBjP), Kawat baja kuens (quench) temper untuk konstruksi beton pratekan (PC bar/KBjP-Q), Baja Profil siku sama kaki proses canai panas (Bj P Siku Sama Kaki), Baja profil kanal U proses canai panas, Baja profil i-beam proses canai panas, Baja lembaran dan gulungan canai dingin, Elektoda las terbungkus baja karbon rendah, mutu dan cara uji, Blok Beton ringan bergelombang udara(Aerated) dengan proses autoclave, Baja Lembaran, Pelat, dan Gulungan Canai Panas untuk Aplikasi struktur umum dan struktur las , Kawat Baja Karbon Rendah, Baja Pelat, Lembaran & Gulungan canai panas (Bj.P)","https://drive.google.com/drive/folders/1VoEecXSbhbsLlVNq0Kb0A4kt5hzy8XA7?usp=drive_link",""
"LP-079-IDN","Balai Standardisasi dan Pelayanan Jasa Industri Pontianak","Jl. Budi Utomo No. 41, Pontianak, Kalimantan Barat","Kalimantan Barat","T. (0561) 881393; 884442","baristand_ptk@yahoo.co.id","2029-12-17","2029-12-17","true","true","true","false","false","false","","","","Air mineral, pupuk NPK padat, pupuk kalium klorida, pupuk fosfat alam untuk pertanian, garam konsumsi beryodium, Minyak Goreng Sawit, air limbah, air permukaan, Air Sungai, Air Danau, Air Tanah, air baku/air higiene sanitasi, udara ambien","https://drive.google.com/drive/folders/1KGCTl1rqLAKwz0xCAvZIPEUCJGCz2K4R?usp=drive_link",""
"LP-080-IDN","Balai Standardisasi dan Pelayanan Jasa Industri (BSPJI) Palembang","Jl. Perindustrian II No. 12 Km. 9, Sukarami, Palembang, Sumatera Selatan","Sumatera Selatan","(0711) 412482","lab_bipa@yahoo.com; baristandpalembang@kemenperin.go.id","2030-03-15","2030-03-15","true","true","true","true","false","false","","","","Tepung terigu, mi instan, air mineral, air mineral alami, air demineral, kopi bubuk, kopi instan, kopi sangrai, biji kopi, kakao bubuk, minuman teh dalam kemasan, biskuit, garam konsumsi, garam konsumsi beryodium, minyak goreng sawit, pempek ikan rebus beku, pempek, Kerupuk Ikan, Udang, dan Moluska Siap Makan, pakan, Pupuk Ammonium Sulfat (ZA), Pupuk Dolomit, Pupuk Fosfat Alam Untuk Pertanian, Pupuk Urea, pupuk NPK, Pupuk Kalium Klorida, pupuk organic, Karet Konvensional, karet alam, Sarang Burung Wallet Bersih, tanah, tanki air, air minum, air minum pH tinggi, Air Untuk Keperluan Hygiene Sanitasi, air limbah, air danau, air Sungai, udara ambien, Udara Emisi Sumber Tidak Bergerak, Udara emisi sumber bergerak, kebisingan, lingkungan kerja","https://drive.google.com/drive/folders/1KRn34xrveXnXiaGKYpJccez1b-TJUWHY?usp=drive_link",""
"LP-081-IDN","Pusat Penelitian dan Pengembangan Teknologi Minyak dan Gas bumi ‘LEMIGAS” - Laboratorium Aplikasi","Jl. Ciledug Raya, Kav. 109, Cipulir, Kebayoran Lama, Jakarta Selatan, DKI Jakarta","DKI Jakarta","(021) 7398278","lab_aplikasi_lemigas@esdm.go.id","2027-04-17","2027-04-17","true","false","true","false","false","false","","","","Minyak Lumas Motor Bensin Empat Langkah Kendaraan Bermotor (baru dan bekas pakai), Minyak Lumas Motor Bensin Empat Langkah Sepeda Motor, Minyak Lumas Motor Bensin Dua Langkah Berpendingin Udara, Minyak Lumas Motor Bensin Dua Langkah Berpendingin Air, Minyak Lumas Motor Diesel Putaran Tinggi, Minyak Lumas Roda Gigi Transmisi Manual dan Gardan untuk Kendaraan Bermotor, Minyak Lumas Transmisi Otomatis, Gemuk Lumas Kendaraan Bermotor, Minyak Lumas Hidrolik Industri Jenis Anti Aus, Minyak Lumas Roda Gigi Industri Tertutup, Minyak Lumas Motor Diesel Putaran Sedang, Minyak Lumas Motor Diesel Putaran Rendah, Minyak Lumas Motor Gas Stationer, Minyak Lumas Turbin, Gemuk Lumas Industri, Minyak Lumas Kompresor Udara, Minyak Insulasi Mineral untuk Transformator, Minyak Lumas Sirkulasi, Minyak Lumas Roda Gigi Industri Terbuka, Minyak Lumas Motor Bensin Otomatis, Minyak Lumas bekas atau dalam pemakaian, Bahan Bakar Minyak Jenis Bensin, Bahan Bakar Minyak Jenis Minyak Solar, Bahan Bakar Minyak Jenis Minyak Tanah, Bahan Bakar Minyak Jenis Minyak Diesel, Bahan Bakar Minyak Jenis Minyak Bakar, Bahan Bakar Jenis Biodiesel, Bahan Bakar Jenis Avtur, Bahan Bakar Jenis Avgas, Cairan Rem DOT 3, DOT 4, DOT 5","https://drive.google.com/drive/folders/1Vb6hYZ3sSBss7yh024699BlGmEUtk1EB?usp=drive_link",""
"LP-082-IDN","Pusat Standardisasi Instrumentasi Kualitas Lingkungan Hidup","Kawasan Sains BRIN Gedung 210, Jl. Raya PUSPIPTEK, Serpong, Tangerang Selatan, Banten","Banten","(021) 75872028","psiklh.klhk@gmail.com","2029-03-19","2029-03-19","true","false","true","false","false","false","26 27 28","437","2026-04-28","Lokasi 1: Air sumur, Air sungai, Air Danau, Air Limbah, Air Laut, Sedimen, Tanah, Limbah B3 (padat, semi padat/multifasa) sebagai total konsentrasi, limbah padat, semi padat/multifasa TCLP, Biota (jaringan tubuh, organ hewan), Udara Ambien, Udara Emisi sumber tidak bergerak, Kebisingan, Getaran Lokasi 2: Air sumur, air sungai, air danau, air limbah, air laut, limbah B3, TCLP, biota (jaringan tubuh, organ hewan), biomarker (rambut, kuku), udara ambien, udara emisi sumber tidak bergerak, sedimen, tanah","https://drive.google.com/drive/folders/1KbtqfOJQXYR7aKfWgmdl_MX7dWRrd7Fr?usp=drive_link","https://layanan.kan.or.id/direktori-lpk/2167/1"
"LP-084-IDN","Balai Besar Standardisasi dan Pelayanan Jasa Pencegahan Pencemaran Industri (BBSPJPPI) Semarang","Jl. Ki Mangunsarkoro 6, Semarang, Jawa Tengah","Jawa Tengah","T. (024) 8316315; 8314312; 8310216","bbttpi.kemenperin@gmail.com","2030-06-21","2030-06-21","true","true","true","false","false","false","","","","Air Limbah , Air Sungai, Air Sumur, Air Waduk, Air Danau, Air Rawa, Air Laut, Air Untuk Keperluan Higiene Sanitasi, Air minum, Limbah padat, tanah, sedimen, Udara Ambien, Getaran, Kebisingan, Udara Emisi Sumber Tidak Bergerak, udara lingkungan kerja,Tepung terigu sebagai bahan makanan, Garam Konsumsi Beryodium, Pupuk NPK Padat, Minyak goreng sawit, Seng Oksida, Air mineral, Air Demineral, Aluminium sulfat, Pupuk Fosfat Alam untuk Pertanian, Biskuit, Gula Kristal Putih, Meja Belajar untuk Sekolah, Kursi Belajar untuk Sekolah, Lemari Pakaian, Meja Kantor, Kursi Kuliah Tunggal, Kursi Baja untuk Kantor, Kursi Sofa, Lemari Baja Beroda Untuk Pasien, Lemari arsip dari Baja untuk kantor","https://drive.google.com/drive/folders/1Kxg0YlT_UX0pzVO-IpFF39aDwdUaQfPe?usp=drive_link",""
"LP-085-IDN","Balai Besar Pengujian Minyak dan Gas Bumi LEMIGAS - Laboratorium Eksploitasi","Jl. Ciledug Raya Kav. 109, Cipulir, Kebayoran Lama, Jakarta Selatan, DKI Jakarta","DKI Jakarta","(021) 7222978","nurkamelia@esdm.go.id","2031-08-22","2031-08-22","false","false","true","false","false","false","","","","Semen, serbuk barite, serbuk bentonite, batuan (core), gas alam, air formasi","https://drive.google.com/drive/folders/1L7mrK9ct7zI_ZtEBL1fM-pPzyh0ydAfQ?usp=drive_link",""
"LP-088-IDN","UPT Pengujian Mutu dan Pengembangan Produk Kelautan dan Perikanan Surabaya","Jl. Pagesangan II No. 58 B, Surabaya, Jawa Timur","Jawa Timur","(031) 8274692","pmp2kp_sby@yahoo.com","2026-11-22","2026-11-22","false","false","true","false","false","false","","","","Air dan es, ikan dan produk perikanan (hidup, segar, beku, kering, fermentasi, rebus/khusus, kaleng), paha kodok, udang","https://drive.google.com/drive/folders/13E2unov2ZDSrMDgF-9GAlc9M667oeTV-?usp=drive_link",""
"LP-090-IDN","PT Beckjorindo Paryaweksana","Jl. Rawa Bengkel No. 8, Bandar Lampung, Lampung","Lampung","(0721) 262358","beckjorindolaboratory@gmail.com","2027-06-27","2027-06-27","false","false","false","true","false","false","","","","Biji kopi, lada hitam, wood charcoal, activated carbon","https://drive.google.com/drive/folders/12V7sNsOsAxgxDanyZveb6cTiGnnZIlrp?usp=drive_link",""
"LP-091-IDN","PT ALS Indonesia","Lokasi 1: Kawasan Industri Sentul, Jl. Cahaya Raya Blok K, Bogor, Jawa Barat Lokasi 2: Jl. Arifin Ahmad, Kel. Sidomulyo Timur, Kec. Marpoyan Damai, Pekanbaru, Riau","Jawa Barat","(021) 29415151","info@alsglobal.co.id; indonesia.info@ALSGlobal.com","2027-05-22","2027-05-22","true","false","true","true","false","false","","","","Air minum, air bersih (air untuk keperluan hygiene sanitasi), air permukaan (air sungai, air danau), air tanah, air limbah, tanah, lumpur, padatan, sedimen, air laut, TCLP-air limbah, TCLP-tanah, jaringan ikan, udara emisi, udara ambien, electrical and electronic tools, potable water, cooling water, tanah, makanan (tepung dan hasil olahannya, daging mentah, raw seafood, dairy products, dan makanan ringan) dan minuman (minuman kemasan UHT, minuman botol, minuman kaleng, minuman bersoda), urine, darah, surface swab, personal exposure/industrial hygiene - particulate, tepung-tepungan, susu bubuk, daging dan olahannya, mie instan, biskuit, makanan ringan ekstrudat, makanan ternak, seasoning powder, susu segar/cair/susu bubuk, produk pangan asal hewan (ikan, cumi, udang), produk pangan asal nabati (coklat-cocoa), saus sambal, orange/lemon water, minyak goreng, makanan berkalori tinggi (santan dan kacang), makanan berkalori rendah (bawang putih) dan minuman rendah kalori, coal, air lindi, lingkungan kerja – area, lingkungan kerja – personal, limbah B3 (padat, cair, multifasa), sludge, air mineral, air minum dalam kemasan (AMDK), air demineral, udara emisi sumber tidak bergerak, kaspsul gelatin, kembang gula/permen dan coklat, lemak minyak dan emulsi minyak, kosmetik, minuman susu fermentasi, produk bakery, produk saus, produk pangan untuk keperluan gizi khusus/meal replacement (padatan serbuk), bir hitam, minuman beralkohol, minuman darurat/emergency food ration for lifeboats and liferafts (biskuit).","https://drive.google.com/drive/folders/1yxlCiBc1gOlPAS8QFf_O6NIPd9lcaC03?usp=drive_link",""
"LP-094-IDN","UPT Balai Penerapan Mutu Produk Perikanan Provinsi Sulawesi Selatan","Jl. Prof. Dr. Ir. Sutami Makassar No. 23, Makassar, Sulawesi Selatan","Sulawesi Selatan","(0411) 4731511","pengujian.bppmhpmks@gmail.com","2031-02-26","2031-02-26","false","false","true","false","false","false","","","","Udang Beku, Udang Segar, Udang Masak Beku, Udang Berlapis Tepung (Breaded) Beku, Udang kupas mentah beku, Lobster Beku, Daging Rajungan Pasteurisasi dalam Kaleng, Ikan Beku, Ikan Segar, Tuna Loin Beku, Tuna Loin Segar, Steak Ikan Beku, Ikan Kayu, Cumi-Cumi Beku, Fillet Ikan Beku, Tuna Ground Meat Beku, Tuna Slice Beku, Gurita Mentah Beku, Gurita Segar, Sotong Beku, Telur Ikan Terbang Kering, Teripang Kering, Sirip Ikan Hiu Kering, Ikan Asin Kering, Abon Ikan, Bandeng Cabut Duri, Bandeng Presto, Otak-Otak Ikan, Kaki Naga Ikan, Bakso Ikan, Sosis Ikan, Nuget Ikan, Siomay Ikan, Amplang Ikan, Kerupuk Ikan, kerupuk udang, bandeng cabut duri, bandeng presto, rumput laut kering, Agar-Agar Tepung, Air dan es yang digunakan dalam proses produksi di unit pengolahan ikan, produk perikanan beku, produk perikanan dalam kaleng,","https://drive.google.com/drive/folders/1Ls67k2dBcTygXO9KyC_6Q5x-Lhvpktsh?usp=drive_link",""
"LP-097-IDN","UPTD Pengujian dan Penerapan Mutu Hasil Perikanan Provinsi Bali","Jl. Kapten Tantular No. 10 Denpasar","Bali","(0361) 262836","lppmhpprovbali@yahoo.co.id","2030-03-15","2030-03-15","false","false","true","false","false","false","12 13 33","21","2026-06-25","Ikan beku (ikan cucut, tuna, marlin, meka, kakap, kerapu, gindara, mahi-mahi, layang lemuru, tenggiri, layur, cumi-cumi, telur ikan), udang/lobster beku, ikan segar (kerapu, tuna, marlin, meka, kakap, gindara, mahi-mahi, layur, kurisi, tongkol), lobster segar, ikan olahan/kering (ikan asap, rumput laut, teripang, ikan dalam kaleng, pindang), air pengolahan ikan","https://drive.google.com/drive/folders/1h9BSu8HgcTu5lcP0kR6MoaIQomHx4eyT?usp=drive_link","https://layanan.kan.or.id/direktori-lpk/2573/1"
"LP-103-IDN","Balai Pengujian Mutu Hasil Perikanan Kelas A Provinsi Jawa Tengah","Jl. Siliwangi 636, Semarang, Jawa Tengah","Jawa Tengah","(024) 7605311","lppmhp_semarang@yahoo.com","2031-04-03","2031-04-03","false","false","true","false","false","false","12 13","22","2026-04-29","Produk hasil perikanan, air dan es","https://drive.google.com/drive/folders/1mBZEc-S9FUQqT1pe3urdZLz58anw_ZXM?usp=drive_link","https://layanan.kan.or.id/direktori-lpk/62/1"
"LP-107-IDN","Balai Pengawasan dan Sertifikasi Benih Provinsi Jawa Tengah","Jl. Solo – Jogja Km. 15 Sraten, Gatak, Sukoharjo Solo, Jawa Tengah","Jawa Tengah","(0271) 780232","bpsbjawatengah@ymail.com","2027-04-17","2027-04-17","true","false","false","true","true","false","","","","Benih tanaman pangan (padi, jagung, kedelai, kacang hijau, kacang tanah) Benih tanaman hortikultura (jagung manis, cabe, tomat, terong, kobis/kol, sawi, pare, bayam, wortel, kacang panjang, semangka, melon, mentimun","https://drive.google.com/drive/folders/1qfg6kVLQc0jjTmH1ajAPuReW9WqQI2Rv?usp=drive_link",""
"LP-109-IDN","Balai Standardisasi dan Pelayanan Jasa Industri Manado","Jl. Raya Mapenget, Paniki Dua, Kota Manado, Sulawesi Utara","Sulawesi Utara","(0431) 7244447","brsmanado@yahoo.com","2026-10-24","2026-10-24","false","false","true","false","false","false","","","","Air mineral, air demineral, mie instan, garam konsumsi beryodium, arang tempurung kelapa, minyak goreng, kelapa parut kering, biskuit, tepung ikan sebagai bahan baku pakan, minyak goreng sawit, air limbah, air sungai, air bersih, air minum","https://drive.google.com/drive/folders/1nBOVn2GCgnEucmioKnCIWcSSnd9fCooa?usp=drive_link",""
"LP-110-IDN","Balai Besar Standardisasi dan Pelayanan Jasa Industri Hasil Perkebunan Mineral, Logam dan Maritim","Jl. Prof. Dr. H. Abdurrahman Basalamah, MA No. 28, Makassar, Sulawesi Selatan","Sulawesi Selatan","(0411) 441207","luk_bbihp@yahoo.co.id","2030-09-20","2030-09-20","false","true","true","true","false","false","","","","Air demineral, Mi instan, Garam konsumsi beryodium, Tepung Terigu , Kakao bubuk, Gula rafinasi, Gula kristal putih, Kakao massa, Biskuit, Minyak goreng sawit, Biji kakao, Kopi biji, Kopi Bubuk, Pupuk NPK padat, Semen Portland, Semen Portland Pozzolan, Semen Portland Komposit , Air minum, Air untuk keperluan higiene sanitasi, Air limbah, Air permukaan (danau, sumur, sungai, waduk), Udara ambien, Lingkungan kerja , Udara emisi sumber tidak bergerak, Daging, telur, susu dan Olahannya, Air laut, bawang merah, sirup, rumput laut kering, sosis, bakso, minuman, briker/batubara, beras, gula palma, air laut, kebisingan","https://drive.google.com/drive/folders/1z3zsBRFpJ2XywdwRpzUwQ7nUYkucJXJE?usp=drive_link",""
"LP-114-IDN","Balai Besar Standardisasi dan Pelayanan Jasa Industri Kimia, Farmasi dan Kemasan (BBSPJIKFK)","Jl. Balai Kimia, No.1 Pekayon, Pasar Rebo, Jakarta Timur","DKI Jakarta","(021) 8717438, 8710630, 8720449","labuji.bbkk@gmail.com, layanan@bbspjikfk.id","2030-06-21","2030-06-21","false","true","true","true","false","false","","","","Pupuk urea, pupuk NPK Padat, Pupuk fosfat alam untuk pertanian, pupuk SP-36, pupuk kaliaum klorida, pupuk tripel super fosfat, pupuk amonium sulfat, alumunium sulfat, natrium silikat cair teknis, poli alumunium klorida, deterjen bubuk, natrium hipoklorit teknis, asam klorida teknis, soda kaustik (soda api) teknis pada dan cair, seng oksida, resin PVC, produk melamin-perlengkapan makan dan minum, kalsium karbida (CAC2), garam konsumsi beryodium, asam formiat, plastik-wadah makanan dan minuman Polystyrene foam, PP (Polipropilena), PE (Polietilena), Jerrycan / drum untuk kemasan dangerous goods, Kotak Karton Gelombang (KKG) untuk kemasan dangerous goods, Paper bag / plastic bag untuk kemasan dangerous goods, Kemasan transpor untuk produk non dangerous goods ( simulan transportasi) (Jerrycan , drum, kotak karton gelombang (KKG), paper bag/plastic bag), palet plastik, palet kayu, palet kertas, Plastik dan produk plastic, Kertas, karton dan karton gelombang, Plastik - tangki air vertikal -Polietilena (PE), Kosmetik (krim wajah), Plastik (Polikarbonat), Plastik (PE, PP, PVC, PET, Multilayer, PS), Korek api, Helm pengendara kendaraan bermotor roda dua, Plastik multilayer & logam termigrasi, Plastik, Cat tembok emulsi, Kaporit (Kalsium hipoklorit), Sodium Tripolifosfat (STPP) Mutu Teknis, Detergen cuci cair - bagian 2: untuk alat dapur, KemasanDangerous Goods (FIBC), Sirup obat, Sorbitol cair, Kertas dan karton untuk kemasan pangan, Kertas dan karton untuk kemasan pangan yang dilaminasi, Detergen cuci cair untuk pakaian, Swab permukaan (kemasan), Kosmetik, Logam termigrasi plastik (PE, PP, PVC, PET, Multilayer,PS, PC), Plastik Polikarbonat (PC), Polietilena ftalat (PET), Migrasi senyawa ftalat plastik (PVC), Bahan dan produk kontak pangan","https://drive.google.com/drive/folders/1vzLKLwaSJGN5Xhg3KcGOM1nb1OoId0f6?usp=drive_link",""
"LP-115-IDN","Balai Pengujian Mutu Produk Tanaman","Jl. AUP Pasar Minggu, Jakarta Selatan 12520","DKI Jakarta","(021) 78835256","bpmptditlin@yahoo.co.id; bpmpt@pertanian.go.id","2027-10-16","2027-10-16","false","true","false","true","true","true","","","","Biji-bijian serealia : Beras, jagung, gandum, gabah; Alliums : Bawang merah, bawang putih, bawang bombay, daun bawang; Buah sayur : Tomat, paprika,cabe, timun, melon, semangka, labu; Buah kecil mengandung asam & kelompok bery: anggur, strawberry, blueberry, blackcurrant, Redcurrant, Whitecurrant, Duku; Sayur Berpigmen tinggi: Sawi Hijau, Selada, Bayam ,Kemangi, kailan, pakcoy, kale, kangkung; Screening Buah sayur: Tomat, paprika,cabe, timun, melon, semangka, labu; Jagng, kacang, beras, Formulasi cairan pestisida bentuk cairan/padat, Pupuk urea, Pupuk NPK padat, Pupuk KCl (MOP), Pupuk SP 36, Pupuk Ammonium sulfat (ZA)","https://drive.google.com/drive/folders/1xpzqZW_UZeeSb0cM2D60TOaD_eqLGrnV?usp=drive_link",""
"LP-118-IDN","Balai Pengawasan dan Sertifikasi Benih Tanaman Pangan dan Hortikultura Propinsi Jawa Barat","Jl. Ciganitri II, Bojongsoang, Bandung, Jawa Barat","Jawa Barat","Telp/F. (022) 7563014","benih_kita@yahoo.com; bpsbtph@telkom.net","2029-11-18","2029-11-18","true","false","false","true","true","false","","","","Benih tanaman pangan (padi, jagung, kedelai, kacang hijau, kacang tanah, gandum, sorgum), benih tanaman hortikultura (cabai merah Cabi Rawit, tomat, kacang buncis, kacang panjang, wortel, sawi putih, kubis, semangka, mentimun, terung, bayam), tanah, pertanaman kentang dan umbi kentang untuk benih bersertifikat kelas G0, G1, G2, G3","https://drive.google.com/drive/folders/1yadDr1pf1Oib_8s4Yl-3ht4vCX0DGIHw?usp=drive_link",""
"LP-121-IDN","Balai Besar Perakitan dan Modernisasi Veteriner","Jl. R.E. Martadinanat No. 30 Bogor, Jawa Barat","Jawa Barat","T. (0251) 8331048, 8334456","balitvet@indo.net.id","2027-12-18","2027-12-18","true","false","true","true","false","false","","","","Hewan utuh (sakit/mati), Organ atau potongan organ, Serum,Swab Trakea, Swab Kloaka, Darah segar, Faeces, Pakan, bahan pakan dan organ hewan (paru-paru, trakea, usus halus, usus buntu, hati, limpa, jantung, ginjal dan lain-lain), Serum (sapi, domba/kambing, babi), Kolustrum, susu, cairan amnion, jaringan fetus, cairan hygroma, Serum (sapi, anjing, tikus dan manusia), Urin, Air, darah dan ginjal, Serum dan darah ayam, Swab darah, cairan udema, organ tulang, sumsum tulang, kulit, bulu, daging, tanah dan pakan ternak, Serum darah, Susu (susu segar, susu bubuk), daging, telur, makanan dan minuman asal ternak (keju, rolade,es krim, nugget, bakso, yogurt, sosis, rolade), Pakan ternak, bahan pakan dan biji-bijian (jagung, bungkil kacang, dedak, kedelai, bungkil kedelai, Kacang tanah), Susu, Daging","https://drive.google.com/drive/folders/1-p9r3iohZH2TTa_3bQ-fxWEXo9NQfnLf?usp=drive_link",""
"LP-122-IDN","Pusat Pelayanan Kesehatan Hewan dan Peternakan","Jl. Bambu Apus Raya, Cipayung, Jakarta Timur 13890","DKI Jakarta","T. (021) 8455748","labkesmavetdki@yahoo.co.id","2029-05-23","2029-05-23","false","false","false","true","false","false","11 13 33","55","2026-05-19","Daging, telur, susu dan hasil olahannya, peralatan pengolahan (meja, wajan, talenan, pisau, panci, dsb), daging ayam, daging sapi, olahan daging, usus ayam, ginjal, jeroan, serum darah (anjing, kucing, kera, ayam, sapi), susu cair, susu bubuk, telur dan olahan telur, olahan daging ayam, bahan pangan yang dicurigai mengandung gen babi, susu segar, susu UHT, susu pasteurisasi, susu evaporasi, susu kental manis, daging kambing/domba, rendang daging sapi, kornet (daging sapi, kerbau, kambing/domba, babi, unggas atau hewan ternak), naget ayam, Sosis (daging sapi, kerbau, kambing, domba, babi, unggas atau hewan ternak), bakso (daging sapi, kerbau, kambing, domba, babi, unggas atau hewan ternak), yogurt, cream cheese, mayonnaise, susu coklat bubuk, minuman susu fermentasi berperisa, susu bubuk plain, margarin, mentega, es krim, keju, swab (kloaka, trachea, lingkungan).","https://drive.google.com/drive/folders/1XcFziN1PKKQj9f437OYvA2ZY5MsMKCs5?usp=drive_link","https://layanan.kan.or.id/direktori-lpk/78/1"
"LP-125-IDN","Balai Besar Pengawas Obat dan Makanan di Yogyakarta","Jl. Tompeyan I, Tegalrejo, Yogyakarta, DI Yogyakarta","DI Yogyakarta","(0274) 561038","bbpomjg@yahoo.co.id","2029-04-23","2029-04-23","false","false","false","true","false","false","","","","Obat (Tablet, tablet campuran, kapsul), Napza (ganja, tablet, metamfetamin), baku pembanding (Doksilamin Suksinat, Ensulizol, Etil paraben, Metimazol, Metokarbamol, Nimesulid, Klindamisin fosfat, Trifenil metanol), Obat tradisional (jamu bentuk padat obat dalam (serbuk, kapsul, pil, tablet), Jamu Bentuk Cair (Cairan Obat Dalam / COD), cairan obat luar/COL, salep/krim, param/tape/pilis)), Produk Komplemen (Sediaan padat, sediaan cair), Kosmetika (Sediaan bayi, sediaan mandi, sediaan kebersihan badan, sediaan rambut, sediaan rias mata, sediaan rias wajah, sediaan perawatan kulit, Sediaan Mandi Surya dan Tabir Surya, Sediaan Hygiene Mulut), Pangan (produk susu dan analognya, Makanan untuk Keperluan Gizi Khusus, Daging dan Produk Daging, Ikan dan Produk Perikanan, Serealia dan Produk Serealia, Produk Bakeri, Buah dan Sayur, Lemak, Minyak dan Emulsi Minyak, Kembang Gula/Permen dan Coklat, Garam, Rempah, Sup, Saus, Salad, Produk Protein), Mikrobiologi (Obat, Obat Tradisional, Kosmetik, Pangan)","https://drive.google.com/drive/folders/1MReJtIDAtXlGhesvrO3eJKv0P_MGi89a?usp=drive_link",""
"LP-126-IDN","Unit Pelaksana Teknis (UPT) Laboratorium Lingkungan Hidup Daerah Provinsi DKI Jakarta","Jl. Casablanca Kav. 1, Kuningan, Jakarta Selatan, DKI Jakarta","DKI Jakarta","(021) 5209651","lablingkungan@jakarta.go.id","2029-09-01","2029-09-01","true","false","true","false","false","false","","","","Air untuk keperluan higiene sanitasi, air tanah, air sungai, air danau, air limbah, udara ambien, kebisingan","https://drive.google.com/drive/folders/18b5y0D86d9rGjsWL9CQvR5_26eqyvzwt?usp=drive_link",""
"LP-127-IDN","PT Pupuk Sriwidjaja Palembang","Jl. Mayor Zen, Komplek PT PUSRI Palembang 30118","Sumatera Selatan","(0711) 712111, 712222","laboratorium@pusri.co.id","2029-07-28","2029-07-28","false","true","false","false","false","false","14 15","31","2026-04-30","Pupuk urea, Amoniak cair, Pupuk NPK padat, Gas alam","https://drive.google.com/drive/folders/16pJe16AE_7eILr6akBagb9z1gvXD9faS?usp=drive_link","https://layanan.kan.or.id/direktori-lpk/83/1"
"LP-130-IDN","PT Intertek Utama Services","Jl. Raya Bogor Km.28 Jakarta Timur, DKI Jakarta","DKI Jakarta","(021) 29384454","Indo.office@intertek.com","2027-08-28","2027-08-28","true","false","true","false","false","false","","","","Mineral Rocks, Mineral Rocks (Iron ore Extended Suite, Bauxite Ore Suite, Chromite Ore Suite, Manganese Ore Suite, Zircon Suite, Nickel Laterite Ore Extended Suite, Clay or whole rock package, Clay, Limestone), Natural Gas, Diesel fuel, B30, Avtur, Gasoline, Marine fuel oil, Crude oil, Engine Oil, Hydraulic Oil, Turbine Oil, Compressor Oil, Gearbox Oil, Lake Water, River Water, Estuarine Water, Water Supply, Ground Water, Wastewater, Liquid Waste, Sea water/ Saline Water, Fish Tissue, Soil/Sludge/Solid/ Sediment, Solid Waste, Ambient Air, Noise and vibration, Stationary stack Emissions, Industrial Hygiene Monitoring, Personnel & Working Area Air Monitoring, Indoor Air Quality Monitoring, Effervescent multivitamin tablet, Raw material (Paracetamol, Caffeine, Calcium hydrogen phosphate, sucralose, povidone), Canned pineapple, Mineral water, Drinking Water, water for sanitary hygiene, pool water, Cooling Water, Condensate Water, RO HD Water (reserve osmosis Haemodialisis), Meat, Seafood, Hygiene monitoring system in hotel kitchen, restaurant & production area in food industry, Sweeteners, refined sugar, Chocolate, Syrup, Milk Powder, Cheese, Biscuits, Fresh Fruits, Vegetables (cooked, fresh), Emulsified sauce (salad dressing), Bakery, Liquid Milk, Milk and milk product, Mie Instant, Instant Coffee, Wheat Flour, Soft/Hard Candy, Cosmetics (Lotion, soap, shampoo, mouthwash), Paperboard, Chemical Disinfectant & Antiseptic, sediaan oral, Sediaan sterile, flavour, Floor disinfectant, Paper & Complementary feeding, Cooking Oil, Soap, Ceramic ware and glassware, Plastic, Packaging (plastic/paper/carton/tissue), Beverages, Healthy Water, Alcoholic Beverages, Oil & Fat, Herbal Medicine, Nuts, Honey, metal in blood, metal in urine, Biota, Powders, Suspension, Emulsion, Syrup medicine","https://drive.google.com/drive/folders/1z9r69Nx5ZU9f2EIrq3Rw-8TiOBu11ZSS?usp=drive_link",""
"LP-132-IDN","Balai Besar Pengawas Obat dan Makanan di Semarang","Jl. Sukun Raya No. 41 A, Semarang, Jawa Tengah","Jawa Tengah","(024) 7613761, 761376","likpomsm@yahoo.com","2031-07-02","2031-07-02","false","false","true","true","false","false","","","","Terapetik dan NAPZA: Tablet, Kapsul, Sirup, Suspensi, Injeksi, Infus, Tetes Mata, Tetes Telinga, Salep, Krim, Cuplikan Obat Tradisional: Jamu bentuk padat obat dalam (rajangan/ serbuk/ kapsul/ tablet/ pil), Cairan obat dalam, Jamu Turun Panas, Jamu Sakit Kepala, Jamu Sesak Nafas / Anti Asma, Jamu Batuk, Jamu Influenza, Jamu Sakit Pinggang, Jamu Rematik, Pegal Linu, Encok, Asam Urat, Jamu Wasir, Jamu Diabetes, Jamu Penenang, Anti Gelisah, Jamu Sehat Wanita, Jamu Subur Kandungan, Jamu Lancar Haid, Jamu Keputihan, Jamu Habis Bersalin, Jamu Kuat Pria, Jamu Sariawan, Jamu Jerawat, Jamu Gatal-Gatal, Eksim, Jamu Nafsu Makan, Jamu Sakit Lambung / Maag, Jamu Pencernaan, Jamu Sakit Perut / Diare, Jamu Anti Hipertensi, Jamu Diuretika, Jamu Pelangsing Kosmetik: Sabun mandi bayi, Bedak bayi, Shampo bayi, Krim Pemutih, Lotion Anti Jerawat, Pembersih Kulit Muka, Pelembab, Hand Body, Foundation, Penyegar Kulit, Hair Tonic, Pewangi/ parfum, Shampo, Pewarna Rambut, Cairan Pengeriting Rambut, Deodorant, Bedak Badan, Sabun Mandi, Tabir Surya, Face powder, Blush on, Lip Gloss, Lipstik, Make Up Kit, Eye Cream Pangan: Gula pasir, Gula Palem, Sirup Diet Diabetes, Sirup, Madu, Kembang Gula, Minuman Serbuk, Minuman Ringan, Susu UHT, Susu Bubuk, Susu Kental Manis, Keju, Susu Sereal,Susu Kedelai, Susu Diabet, Yogurt, Es Krim, Margarin, Mentega, Kopi Bubuk, Teh Hijau Celup, Teh Hitam Celup, Kopi Mix, Kopi Celup, Sauerkraut dalam kemasan, Jamur Kancing dalam Kaleng, Buah dalam Kaleng, Jamur Merang dalam Kaleng, Asparagus dalam Kemasan, Santan Cair, Garam Konsumsi, Garam Meja, Saos Tomat, Saos Cabe, Kecap Kedelai, Sarden Saos Tomat, Terasi Udang, Bakso, Minyak Zaitun Sebagai Minyak Makan, Minyak Kelapa, Minyak Goreng, Minyak Jagung Sebagai Minyak Makan, Pasta Coklat, Daging Kuah dalam Kaleng, Dendeng Sapi, Abon, Corned Beef Dalam Kaleng, Sosis Daging, Air Mineral, Air Soda, Cuka, Spaghetti, Mie Kering, Bihun, Sohun, Mie Basah, Mie, Jeli, Biskuit, Keripik, Kerupuk, Tepung, Agar-agar Tepung, Tepung Es Krim, Produk Bakery, Makaroni2, Makanan Ringan Ekstrudat, Wajik, Dodol (Ketan, Nanas, cempedak, nangka, sirsak), Tepung Terigu, Minuman Ringan Beralkohol, Minuman beralkohol (bir, malt) Mikrobiologi: Obat, Obat Tradisional, Kosmetik, Pangan","https://drive.google.com/drive/folders/1EfrMk_h2aC6iSGGabpr-DrkFDbSDmFk5?usp=drive_link",""
"LP-133-IDN","Balai Besar Pengawas Obat dan Makanan di Surabaya","Jl. Karangmenjangan No. 20, Surabaya, Jawa Timur","Jawa Timur","(031) 5022815","pengujian.pomsby@gmail.com","2031-06-13","2031-06-13","false","false","false","true","false","false","","","","Obat terapetik (tablet kapsul, krim, injeksi), obat tradisional dan produk komplemen (sediaan padat, sediaan cari), kosmetik, pangan (susu dan produk analognya, lemak minyak dan emulsi, buah dan sayur, rumput laut, biji-bijian, serealia dan produk serealia, daging dan produk daging, ikan dan produk perikanan, pemanis, produk pangan dengan keperluan gizi khusu, produk bakeri, minuman, garam rempah, saus, salad dan produk protein, makanan ringan","https://drive.google.com/drive/folders/1F37mLgHVJJQKjuvIMkF4PdgAl-R6MlVN?usp=drive_link",""
"LP-136-IDN","UPTD Pengujian dan Penerapan Mutu Produk Perikanan Cirebon","Jl. Sutawinangun No. 2, Kel, Pekiringan, Kec. Kesambi, Cirebon, Jawa Barat","Jawa Barat","Telp (0231) 201454","uptd.ppmppcirebon@yahoo.com","2028-01-27","2028-01-27","false","false","true","false","false","false","","","","Bekicot Kaleng, Breaded Fish, Breaded Shrimp, Daging Rajungan Kaleng, Fillet Ikan Beku, Ikan Rajungan Beku, Udang Beku, Gurita Beku, Kerang Beku, Cumi Laut Beku, Ikan Tawar Beku, Udang Tawar Beku, Ikan Rajungan Segar, Udang Segar, Gurita Segar, Kerang Segar, Cumi Laut Segar, Ikan Tawar Segar, Udang Tawar Segar, Ikan Laut Kering, Udang Laut Kering, Cumi Laut Kering, Ikan Olahan Tradisional, Olahan Ikan (Naget Ikan, Otak-otak Ikan, Bakso Ikan, Abon Ikan, Dimsum Ikan, Kerupuk Ikan, Kerupuk Udang, Kerupuk Moluska, Kerupuk Ikan Siap Makan, Kerupuk Udang Siap Makan, Kerupuk Moluska Siap Makan, Terasi Udang, Kaki Naga Ikan), Paha Kodok Beku, Value dded Fish, Value Added Shrimp, Ikan Beku (Fillet Ikan, Ikan Rajungan, Udang, Gurita, Kerang, Cumi Laut, Ikan Tawar, Udang Tawar, Paha Kodok), Ikan segar (Ikan Rajungan, Udang, Gurita, Kerang Cumi Laut, Ikan Tawar, Udang Tawar), Air untuk Keperluan Higiene Sanitasi (air PDAM dan Es), Bawang Goreng","https://drive.google.com/drive/folders/1WYdYPnfrhwx_Gy8rixd26Tg6_5X0yw3k?usp=drive_link",""
"LP-139-IDN","Balai Besar Pengawas Obat dan Makanan di Denpasar","Jl. Tjut Nya Dien No. 5, Renon, Denpasar","Bali","(0361) 223763, 234597","kjmdenpasar@yahoo.co.id","2027-04-01","2027-04-01","false","false","false","true","false","false","","","","Obat terapetik (sediaan padat bentuk kapsul, sediaan padat bentuk tablet, sediaan cair bentuk injeksi, sediaan cair bentuk larutan, sediaan cair bentuk sirup, Sediaan Cair bentuk Sirup Kering, sediaan krim/salep), psikotropika (bahan baku, Sediaan jadi bentuk tablet, Sediaan jadi bentuk injeksi) Obat tradisional (Jamu Bentuk Padat Obat Dalam, Jamu Cairan Obat Dalam) Kosmetika (produk bayi, sediaan kebersihan badan, sediaan cukur, sediaan wangi-wangian, sediaan rambut, sediaan rias mata, sediaan rias wajah, sediaan perawatan kulit, surya dan tabir surya, sediaan kuku, sediaan hygiene mulut) Pangan (susu dan minuman berbasis susu, lemak, minyak dan emulsi minyak, es untuk dimakan/edible ice, buah dan sayur, kembang gula/permen, serelia dan produk serelia, pasta dan mi serta produk sejenis, tepung bumbu, kue beras, produk bakeri, daging dan produk daging, ikan dan produk perikanan, telur dan produk telur, pemanis termasuk madu, garam, rempah, sup, salad, produk protein, produk pangan untuk keperluan gizi khusus, minuman tidak termasuk produk susu, makanan ringan siap santap) mikrobiologi","https://drive.google.com/drive/folders/1Ir-y6Rzb8fYazasRl0oAbNu9yK1kCqC0?usp=drive_link",""
"LP-140-IDN","Balai Veteriner Bukittinggi","Jl. Raya Bukittinggi - Payakumbuh Km. 14, Baso, Kab. Agam, Sumatera Barat","Sumatera Barat","(0752) 28300","bppv2_bukittinggi@yahoo.co.id","2027-07-17","2027-07-17","true","false","false","false","false","false","","","","Virologi: Otak Hewan (Anjing, Kucing, Kera, Mamalia), Serum unggas, Serum darah babi Organ, swab, feses pada unggas, Serum Anjing Kesmavet: Daging, Telur, Susu, Olahan Daging Bakteriologi: Feses, usus, organ, daging, telur, susu, Organ, jaringan sekresi, tanah Serum unggas, serum sapi, kuda, kerbau, serum sapi, kuda, kerbau, Organ, jaringan, sekresi dan serum sapi, kerbau, babi, Serum sapi, kerbau, babi Parasitologi: Feses Hewan Ruminansia, Preparat Ulas darah Hewan Ruminansia Patologi: Otak Hewan Mamalia (anjing, kucing, kera, sapi, kambing), Serum darah mamalia (sapi) Bioteknologi: Organ, swab (kloaka & trachea) unggas, Organ, swab nasal babi, Organ, Isolat atau material, Limpa sapi, darah EDTA sapi, Daging, bakso, sosis, nugget, Organ, darah EDTA babi, Organ, darah EDTA sapi, Daging, Telur, Susu, Darah, serum, organ, swab babi, Swab nasal, keropeng, darah Sapi, Cairan oropharyngeal, swab lesi, swab oropharyngeal Sapi, kerbau, kambing, domba","https://drive.google.com/drive/folders/1ITVYzgS-lTTpB4untKm4A8O_guWxPn0K?usp=drive_link",""
"LP-153-IDN","Balai Besar Pengawas Obat dan Makanan di Padang","Jl. Gajah Mada, Gunung Pangilun, Padang, Sumatera Barat","Sumatera Barat","(0751) 7054280","mutu.padang@yahoo.com","2027-07-29","2027-07-29","false","false","false","true","false","false","","","","Terapetik (kapsul, tablet, suspensi kering), Napza (simplisia, serbuk, tablet, injeksi), obat tradisional dan suplemen makanan (rajangan, sediaan padat, sediaan cair), kosmetik, pangan dan bahan berbahaya (produk susu dan analognya; lemak, minyak dan emulsi; buah dan sayur; kembang gula/permen dan coklat; serealia dan produk serealia; produk bakeri; daging dan produk daging; ikan dan produk perikanan; telur dan produk telur; pemanis termasuk madu; produk pangan untuk keperluan gizi khusus; minuman tidak termasuk produk susu; makanan ringan siap santap; kemasan pangan), mikrobiologi","https://drive.google.com/drive/folders/1hDZ771jvpv5Rlays1O_8HubbieFjBNfY?usp=drive_link",""
"LP-156-IDN","Laboratorium Terpadu – Institut Pertanian Bogor","Gedung Pascasarjana Wing Kimia Lantai Dasar, Kampus IPB Baranangsiang, Jl. Pajajaran Bogor, Jawa Barat","Jawa Barat","(0251) 8319894, 8323571","labterpadu@apps.ipb.ac.id","2030-09-20","2030-09-20","true","true","true","false","false","true","","","","Udara emisi sumber tidak bergerak, Udara emisi sumber bergerak, udara lingkungan kerja, udara ambien, kebauan, kebisingan, air limbah, air sungai, TCLP, Limbah B3 (padat, sludge), air untuk keperluan higiene dan sanitasi, air minum, air laut, tanah, Susu bubuk, sabun cair, sanitizer, susu cair, keju virgin coconut oil (VCO), minyak ikan, daging, kornet, sosis, pakan ternak, minuman beralkohol (kadar rendah di bawah 5%), perisa, biskuit, pestisida, deterjen serbuk, deterjen cuci cair, pembersih lantai, AMDK, air demineral, madu, sarden dan makarel dalam kemasan kaleng, biskuit, hand sanitizer, tepung porang, pupuk organik cair","https://drive.google.com/drive/folders/1zMP3vUIq1Ywvu4pY76LQngwY0Bp9bwyr?usp=drive_link",""
"LP-157-IDN","Laboratorium Kesehatan Daerah Provinsi DKI Jakarta","Jl. Rawasari Selatan No.2, Jakarta Pusat, DKI Jakarta","DKI Jakarta","(021) 4247404","dkklabs@gmail.com","2026-12-19","2026-12-19","false","false","true","true","false","false","","","","Air untuk keperluan higiene dan sanitasi, air minum, air mineral, nasi siap saji, kosmetik (padatan: lipstik, bedak, cream), margarin, kerang, obat Kimia (tablet, sirup), obat tradisional (kapsul dan serbuk), mie, bakso, kerupuk, saus, kecap, kue, sirup, jeli, minuman ringan, tahu putih, tahu kuning, minuman berperisa, tepung, susu, biskuit, sereal, beras, strawberry, selada, urin, plasma, rambut, darah","https://drive.google.com/drive/folders/1i2lN-hIg3h_MDy3S2hh3SAuke_x12LrI?usp=drive_link",""
"LP-159-IDN","PT Selamat Sempurna Tbk.","Jl. Raya LPPU Curug No. 88, Bitung, Tangerang, Banten","Banten","(021) 5984388","putri.handayani@adr-group.co.id","2029-09-24","2029-09-24","false","false","true","false","false","false","","","","Filter, oil filter, fuel filter, spin on filter, air filter, packing filter, spring, paper for filter, cabin filter, filter water separator","https://drive.google.com/drive/folders/1idOlg7htet2NUgKnRy08NV7sk_B0lX0T?usp=drive_link",""
"LP-162-IDN","Balai Besar Pengembangan Pengujian Mutu Benih Tanaman Pangan dan Hortikultura","Jl. Raya Tapos, Kotak Pos 20, Cimanggis, Depok, Jawa Barat","Jawa Barat","(021) 8755046","jaringanlab@yahoo.co.id","2031-06-05","2031-06-05","false","false","false","true","true","false","","","","Benih tanaman pangan, benih tanaman hortikultura, jaringan tanaman","https://drive.google.com/drive/folders/1jFcpW6SBPrxJ4Bunaa3Tj5cqZQ2I0y-h?usp=sharing",""
"LP-167-IDN","PT Pulau Sambu Guntung","Sungai Guntung, Kecamatan Kateman, Kabupaten Indragiri Hilir, Riau","Riau","(0779) 552888","general@psg.co.id","2030-07-27","2030-07-27","false","false","true","false","false","false","","","","Desiccated coconut, coconut cream/coconut milk, coconut cream/coconut milk powder, high acid coconut milk beverage, low acid coconut milk beverage, high acid/acidified coconut water beverage, low acid coconut water beverage, aseptic coconut water-single stength, coconut sugar, water treatment, water for drinking domestic purposes and cleaning water, swab test, food packaging (Poly propylene, poly ethylene, paperbiard, alumunium foil), general water and water foam cooling and boiler, food ingredients (food additive and processing aid)","https://drive.google.com/drive/folders/1kPvjRu8vXBpDBnThL2eeIp939LY0_7nL?usp=sharing",""
"LP-169-IDN","Unit Pelaksana Teknis Daerah Balai Penerapan Mutu Hasil Perikanan Provinsi Kalimantan Selatan","Jl. Mistar Cokrokusumo No. 01 RT. 003 RW. 001, Cempaka, Banjarbaru, Kalimantan Selatan","Kalimantan Selatan","(0511) 4781660","lppmhp.provkalsel@gmail.com","2027-03-20","2027-03-20","false","false","true","false","false","false","","","","Ikan segar, udang segar, ikan beku, air dan es, produk olahan ikan","https://drive.google.com/drive/folders/1lA8_Z0tJezGOcEsviCH_8WaDAKyL3v6i?usp=sharing",""
"LP-173-IDN","Balai Besar Pengawas Obat dan Makanan di Bandung","Jl. Pasteur No. 25, Bandung, Jawa Barat","Jawa Barat","(022) 4230546","bpom_bandung@pom.go.id","2026-09-05","2026-09-05","false","false","false","true","false","false","","","","Terapetik, Napza, obat tradisional, suplemen kesehatan, kosmetik, pangan","https://drive.google.com/drive/folders/1lS_LPNwJoW3ZY-vXx4cbMHgEzsrXCjFB?usp=drive_link",""
"LP-174-IDN","Laboratorium Air Perum Jasa Tirta II","Jl. Curug-Klari, Kosambi, Kab. Karawang 41371","Jawa Barat","(0264) 20285, 201972","laboratorium.pjt2@gmail.com","2030-07-27","2030-07-27","false","false","true","false","false","false","","","","Air limbah, air sungai, air danau, air untuk keperluan higiene sanitas, air minum, ambien, emisi sumber tidak bergerak, kebisingan lingkungan kerja, kebisingan lingkungan, lingkungan kerja","https://drive.google.com/drive/folders/1lQeV_iE8r-7rkA6NvZCMc2J0zGoEVYA9?usp=drive_link",""
"LP-178-IDN","Balai Besar Pengawas Obat dan Makanan di Jakarta","Jl. As'syafiiyah No. 133, Cilangkap, Jakarta Timur, DKI Jakarta","DKI Jakarta","(021) 84304048","1. mutu.bpomdki@gmail.com 2. mutu.bbpomdki@gmail.com 3. bpom_jakarta@pom.go.id","2031-02-15","2031-02-15","false","false","true","true","false","false","","","","Terapetik: kapsul, tablet, sirup kering, injeksi, tetes telinga, tetes mata, larutan oral, suspensi, injeksi kering, salep kulit, krim, popok bayi, pembalut, obat tradisional dan produk komplemen : sediaan padat (tablet, serbuk, pil, kapsul), bentuk cair, dodol, tapel, parem, plester, pastiles Kosmetik: krim anti jerawat, lotio anti jerawat, bedak muka, Penyejuk kulit/Soothing gel, massage cream, alas bedak, krim malam, lipstik, bayangan mata, perona pipi, pelembab, pembersih kulit muka, bedak badan, bedak bayi, deodoran, hand &body lotion, krim bayi, baby lotion, baby oil, pewangi badan, pasta gigi, pewarna rambut, sampo, sampo bayi, sampo anti ketombe, hair tonik, sabun mandi, anti aging, tabur surya, sediaan perawatan bayi, popok bayi Pangan: Minyak goreng sawit, tepung terigu, jem/selai buah, sosis daging, saus bumbu/tomat/cabe, kecap manis/asin, air minum dalam kemasan, kacang dan hasil olahannya, kakao bubuk, garam, biskuit, susu UHT, susu pasteurisasi, minyak kelapa, buah dalam kaleng, manisan buah, keripik buah, kembang gula (lunak dan keras), gulali, kembang gula karet, mie basah mentah, mie instan, dodol/jenang, tahu, roti tawar, dendeng, kornet daging sapi dalam kemasan, bakso daging, ikan kaleng, terasi Udang, Kerupuk Udang/Ikan, Ikan, Filet Ikan dan hasil Perikanan termasuk moluska, krustase dan Ekinodermata Berlapis Tepung, gula pasir, madu, bumbu siap pakai, formula bayi, formula lanjutan, formula pertumbuhan, MP-ASI bubuk instan, MP-ASI biskuit bayi, air minum isi ulang/depo air minum, minuman beralkohol, serbuk minuman berperisa, makanan ringan ekstrudat, makanan ringan non ekstrudat (keripik, umbi), bakso (sebelum dan sesudah diseduh/disajikan), mie basah kuning, mie basah putih, kerupuk merah, kerupuk kuning, minuman warna kuning (serbuk, sirup dan sejenisnya), minuman warna merah (serbuk, sirup dan sejenisnya), kulit lumpia, tahu (putih), tahu (kuning), es (es mambo, lolipop, es lilin, es cendol, es campur dan sejenisnya), jeli, agar-agar, gulali, dan produk gel sejenis lainnya, kudapan dan kue/snack, buah segar, nasi rames, kopi bubuk Mikrobiologi: Obat (sediaan cair, sediaan padat, semi padat), obat tradisional (sediaan obat dalam, sediaan obat luar, sediaan bayi, sediaan mandi, sediaan kebersihan badan, sediaan rambut, sediaan pewarna rambut, sediaan rias mata, sediaan rias wajah, sediaan perawatan kulit, sediaan mandi surya dan tabir surya, sediaan hygiene mulut), alat kesehatan (benang bedah, transfusion set, kasa serap dan kasa pembalut, sarung tangan karet), pangan (produk susu dan analognya, lemak minyak dan emulsi minyak, es untuk dimakan, buah dan sayur, kembang gula dan produk serealia, produk bakeri, daging dan produk daging, ikan dan produk perikanan, pemanis termasuk madu, garam, rempah, sup, saus, salad, produk protein, makanan untuk keperluan gizi khusus, minuman tidak termasuk produk susu","https://drive.google.com/drive/folders/1lTsSIvCWpMn-DhD4Xf-OlL5GiGYsKXaO?usp=drive_link",""
"LP-184-IDN","PT Saraswanti Indo Genetech","Lokasi 1 : Graha SIG, Jl. Rasamala No. 20 Taman Yasmin, Desa/Kelurahan Curug Mekar, Kec. Bogor Barat, Kota Bogor, Jawa Barat Lokasi 2 : Jl. Semeru B Ruko No. 21 Menteng, Kec. Bogor Barat, Kota Bogor, Jawa Barat Lokasi 3 : Jl. Raya Cifor RT 03 RW 08 Bubulak Bogor, Kec. Bogor Barat, Kota Bogor, Jawa Barat Lokasi 4 : Jl. Kanfer Raya Blok R No. 4 Pedalangan, Kec. Banyumanik, Semarang, Jawa Tengah","Jawa Tengah","(0251) 7532348","adim@saraswanti.com","2031-01-17","2031-01-17","true","true","true","true","true","true","","","","Air demineral, Air mineral, air mineral alami, biskuit, Kopi Instan, Mi Instan, Minyak Goreng Sawit, Susu Bubuk, Susu Kental Manis, Tepung Terigu Sebagai Bahan Makanan, Mainan, Mainan Berbahan Tekstil, Tekstil, Beras, Garam Konsumsi Beriodium, Jagung, Jagung - Bahan Pakan Ternak, Kedelai, Pangan Olahan jagung dan Kedelai (Sampel sedikit mengandung gula, lemak, minyak, dan cokelat : susu bubuk kedelai; Sampel banyak mengandung gula : gula jagung, kecap; Sampel mengandung lesitin, lemak atau minyak : minyak jagung, lesitin), Tempe, Biji Kopi, Kopi Bubuk, Kopi Celup, Kopi Gula Krimer, Kopi Gula Susu Dalam Kemasan, Kopi Mix, Minuman Kopi Dalam Kemasan, Madu, Keju Olahan, Keju Cheddar Olahan, Cokelat Butir, Kakao Bubuk, Kecap Kedelai Asin, Kecap Kedelai Manis, Kembang Gula / Permen Lunak, Bubuk Whey & Produknya, Kecuali Keju Whey, Campuran Susu & Krim Bubuk Berperisa (tergantung jenis perisanya), Campuran Susu & Krim Bubuk Plain, Formula Bayi, Minuman Berbasis Susu yang Berperisa, Minuman Susu Fermentasi Berperisa, Lassi, Minuman Yogurt Berperisa, Susu diasamkan, Susu diasamkan rendah lemak, Susu diasamkan tanpa lemak, Susu fermentasi, Susu fermentasi tanpa lemak, Susu fermentasi rendah lemak, Yogurt, Susu Bubuk Berlemak (Full Cream), Susu Bubuk Berlemak Instan, Susu Bubuk Rendah Lemak dan Susu Bubuk Kurang Lemak, Susu Kental Manis Lemak Nabati/ Susu, Krim Kental Manis, Krimer Kental Manis, Khoa Kental Manis Minyak Nabati, Susu, Susu Segar, Susu Pasteurisasi, Susu UHT, Susu Steril, Susu Rendah Lemak, Susu Rekonstitusi, Susu Rekombinan, Bubuk Whey, Es krim, Susu Bubuk Berlemak/Full cream, Susu Cair, Minyak Goreng, Minyak Sayur, Minyak Salad, Minyak Samin, Lemak Reroti, Pengganti Minyak Mentega, Minyak Kelapa Sawit Mentah (CPO), Minyak Inti Kelapa Sawit Mentah (CPKO), Minyak Inti Kelapa Sawit (RBDPKO), Minyak Kelapa Sawit (RBDPO), Minyak Stearin Kelapa Sawit, Minyak Stearin Kelapa Sawit Mentah, Produk Emulsi Lemak yang Kadar Lemaknya Tidak Kurang dari 80%, Minyak sayur, Virgin oil, Margarin, Es untuk Dimakan (Edible Ice), Es stik, Ice flake, Jem Buah atau Selai Buah, Jeli Buah, Produk Buah Untuk Isi Pastri, Marmalad Sitrus Chutney Mangga, Sambal Buah Buah Bergula, Buah Berkristal, Kulit Buah Bergula, Bubur Buah, Puree Buah, Pasta Buah, Saus Buah, Saus Apel, Topping Buah, Nata De Coco Utuh Tidak Siap Konsumsi, Konsentrat Asam Jawa, Bubuk Asam Jawa, Toffee Asam Jawa, Bars Buah, Tepung Buah, Sayur Dalam Kemasan, Tomat Dalam Kemasan, Jagung Manis Dalam Kemasan, Jamur Dalam Kaleng, Asparagus Dalam Kaleng, Wortel Dalam Kaleng, Rebung Bambu Dalam Kaleng, Sayur Kering, Cabe Kering, Jamur Kering, Rumput Laut Kering, Nori, Sayur Asin Kering, Kacang Kering dan Polong Kacang Kering, Sayur Segar, Buah Segar, Buah Dalam Kemasan,Selai Buah, Puree Buah, Keripik Pisang, Kentang Beku, Kacang Tanah, Selai Kacang, Kimchi, Kakao Bubuk Untuk Sarapan, Bubuk Kakao dengan Lemak Sedang, Bubuk Kakao Rendah Lemak, Kakao Bubuk, Kakao Bubuk Sangat Halus (Cocoa Fineness), Nib Kakao, Kembang Gula Keras / Permen Keras, Massa Kakao dan Cairan Kental (Liquor) Cokelat, Keik Kakao (Cocoa Press Cake), Minuman Kakao (Drinking Cocoa), Minuman Cokelat (Drinking Chocolate), Cokelat Instan, Coklat butir, Coklat Drop, Coklat Pasta, Permen Lunak bukan Jely, Biji-bijian Utuh, Makanan Pendamping ASI (MP ASI), MP ASI Bubuk Instan, MP ASI Siap Santap, MP ASI Siap Masak, MP ASI Biskuit, Makaroni, Mi Kering Gandum, Mi Kering Lainnya, Bihun Instan, Kuetiaw Instan, Makaroni, Instan, Mi Basah Matang, Nasi Instan, Bubur Serealia Instan, Sohun, Bihun, Pasta dan Mi Pra-Masak Serta Produk Sejenis, Sereal Olahan, Tepung Terigu Self-Raising, Tepung Terigu Terklorinasi, Tepung Terigu dengan Penambahan Protein, Tepung Terigu Utuh (Wholemeal Wheat Flour), Pasta Kering /Spagetti, Minuman Serbuk Kedelai, Biskuit (Manis) atau Kukis atau Sweet Crackers, Biskuit Marie, Biskuit Marie Salut, Roti Bagelen, Biskuit Lapis, Biskuit Stik Colek, Keik (Cake), Kukis (Cookies) dan Pai (Pie), Keik Mentega (Butter Cake), Keik Keju (Cheese Cake), Keik Pound (Pound Cake atau Quatre Quarts), Pai Apel, Roti Bagelen Pisang, Wafer, Wafer Roti, Wafer Salut, Kukis, Kukis Gula, Kukis Oatmeal, Bika Ambon, Serabi, Pukis, Kue Cucur, Cerabikang, Cakue, Kue Bantal, Kue Ape, Egg Roll, Produk Bakeri Istimewa Lainnya (Misalnya Donat, Roll Manis, Scones, Dan Muffin), Roti Buah/Roti Kismis, Roti Diperkaya, Roti Kadet (Roll), Roti Tawar, Roti Putih, Roti Tawar Kupas, Roti Susu, Roll Susu, Bun Susu, Roti Wheat Germ, Roti Meal, Roti Meal Utuh (Whole Meal), Roti Gandum Utuh (Whole Wheat), Roti Rye, Roti Pumpernickel, Premix Cake, Daging Olahan Khas Indonesia, Ham Sapi (Daging Paha Sapi Kuring) Matang, Bahu Sapi Kuring Matang, Daging Ayam Yang Dikalengkan, Potongan Daging Yang Direbus Dalam Kecap (Tsukudani), Daging Olahan Khas Indonesia Berbentuk Potongan, Produk Daging Yang Dilapis Dan Dimarinasi (Coated And Marinated Meat Products), Daging Kuah Dalam Kemasan, Daging Dalam Kaleng (Tanpa Kuah), Daging Cincang Kuring Matang, Daging, Daging Unggas Dan Daging Hewan Buruan Yang Dihaluskan, Diolah Dan Dibekukan, Dan Diolah Dengan Perlakuan Panas, Abon, Kornet, Bakso daging, Ikan dan Produk Perikanan Awet, Ikan Segar, Ikan, Filet Ikan dan Produk Perikanan Meliputi Moluska, Krustase dan Ekinodermata yang Dibekukan Udang beku, Kerupuk Udang, Telur Cair Utuh, Telur Segar, Tepung custard, Gula dan Sirup Lainnya, Gula Kristal Putih, Bawang Putih, Bawang Merah (Shallot), Bawang Batak, Biji Seledri, Biji Sawi/Biji Mustard, Biji Sawi Bubuk atau Biji Mustard Bubuk, Cabe Jawa, Cabe Merah Segar, Bubur Cabe, Cabe Bubuk, Biji Dill (Dill Seed), Adas Manis, Adas Sowa, Adas Cina, Ender, Dill Weed, Fenugreek, Kelabat, Kelabet, Klabat, Fenugreek Bubuk, Kelabat Bubuk, Kelabe Bubuk, Klabat Bubuk, Fuli Kering, Fuli Bubuk, Jahe Segar, Jahe Kering, Bubur Jahe, Jahe Bubuk, Jintan/Caraway, Jintan Bubuk, Jintan Manis, Jintan Hitam, Jintan Hitam Bubuk, Jintan Putih, Cumin, Jintan Putih Bubuk, Kapulaga, Biji Kapulaga, Kapulaga Lokal, Kapulaga (Cardamom) Amomum, Biji Kapulaga (Cardamom) Amomum, Kapulaga Bubuk, Kapulaga (Cardamom) Amomum Bubuk, Kayu Manis, Kayu Manis Bubuk, Kemiri Dengan Tempurung, Kemiri, Kemiri Bubuk, Kencur, Kencur Bubuk, Ketumbar, Daun Ketumbar, Ketumbar Bubuk, Picung, Kluwek, Kunyit, Kunyit Bubuk, Lada Hitam, Lada Hitam Bubuk, Lada Putih, Lada Putih Bubuk, Lada Bubuk Campuran, Andaliman, Lengkuas/Laos, Lengkuas/Laos Bubuk, Kecombrang/Sambung/ Kencong, Marjoram, Mint, Onion / Bawang Bombay, Onion Bubuk /Bawang Bombay Bubuk, Oregano, Pala, Pala Untuk Destilasi, Pala Bubuk, Parsley, Paprika Bubuk, Sweet Paprika Bubuk, Rosemari, Saga, Saffron, Pekak / Bunga Lawang /Star Anise, Temu Kunci, Tarragon, Thymi / Thyme, Bumbu Ekstrak Daging Sapi, Bumbu Rasa Sapi, Bumbu Ekstrak Daging Ayam, Bumbu Rasa Ayam, Bumbu Pasta Ekstrak Daging, Kecap Kedelai Asin Non Fermentasi/Hidrolisat, Kecap Asin (Salty Soy Sauce), Pasta Tomat, Bubur (Pulp) Tomat, Bubur (Pulp) Horseadish, Ekstrak Aloe, Salsa, Saus Cabe, Sambal Kecap /Saus Sambal Kecap, Saus Sambal Cabe Hijau, Sambal, Sambal Siap Dikonsumsi, Saus Protein Nabati Terhidrolisis, Saus Campuran Protein Nabati Terhidrolisis, Saus Kedelai Fermentasi, Mayonaise, Kecap manis, Formula bayi, Suplemen Pangan, Formula bayi prematur, Air Minum Dalam Kemasan (AMDK), Air Bermineral, Air Soda, Air Minum Beroksigen, Air Minum Bervitamin, Air Minum Heksagonal, Kopi Cair Konsentrat, Premiks Kopi, Kapucino, Minuman Elektrolit Berkarbonat, Minuman Hipotonik Berkarbonat, Minuman Isotonik Berkarbonat, Minuman Hipertonik Berkarbonat, Minuman Dasar Elektrolit Berkarbonat, Serbuk Minuman Berkarbonat, Minuman Berkafein Formulasi, Minuman Berperisa, Ginger Ale, Sarsaparilla, Root Beer, Birch Beer, Soda Krim (Cream Soda), Minuman Citrus, Minuman Kola, Limun, Punches/Ades, Crush, Cordials, Minuman Sari Buah, Minuman Rasa Buah, Sirup Berperisa, Sirup Buah, Sirup Cokelat, Sirup Karamel, Sirup Kopi, Air Berperisa, Squash, Squash Berperisa, Lemonade dan ‘Fruit-Ades’ Lainnya, Serbuk Minuman Berperisa, Serbuk Minuman Rasa Jeruk, Minuman Elektrolit Tidak Berkarbonat, Minuman Hipotonik Tidak Berkarbonat, Minuman Isotonik Tidak Berkarbonat, Minuman Hipertonik Tidak Berkarbonat, Minuman Dasar Elektrolit (Electrolyte Drinks Base) Tidak Berkarbornat, Minuman Asam Jawa, Iced Tea, Iced Tea Instan, Minuman Nira, Minuman Mengandung Jeli, Nata De Coco Dalam Minuman, Sari Buah, Sari Buah Campuran, Sari Jeruk Nipis (Lime Juice), Sari Buah Apel, Sari Buah Jeruk Besar (Grapefruit Juice), Sari Buah Jeruk Orange, Valencia, Sari Buah Jeruk Siam, Tangerine, Minuman Citrus Comminutes, Sari Buah Nanas, Sari Buah Lemon, Sari Buah lainnya, Teh Hitam, Teh Hijau, Teh Putih, Teh Wangi, Teh Wangi Tradisional, Teh Olong atau Teh Semi Fermentasi, Teh Hijau Bubuk, Teh Kering Dalam Kemasan, Teh Hitam Celup, Teh Wangi Celup, Teh Hijau Celup, Minuman Teh Dalam Kemasan, The Instan, Teh Cair Konsentrat, Premiks Teh, Minuman Beralkohol yang diberi Aroma, Minuman Perisa Buah, Minuman Isotonik, Minuman Serbuk Perisa, Makanan Ringan Berbahan Dasar Kentang, Umbi, Serealia, Tepung atau Pati, Makanan Ringan (Ekstrudat), Kacang Atom, mie, bubur instan, nasi goreng, Mi Kuah, Sayur Kuah, Sop, dan Soto, biji pala, Bahan Baku Tambahan Pangan Pewarna, Pangan Flavor, Sosis, Agar-agar, Tepung Terigu, Sambal, Susu Bubuk, Minuman Sari Kedelai, Makanan Ikan Kaleng, Cookies, Wafer, Keripik, Roti Kering, Biskuit, air cooling tower, air bersih, air hemodialisa, air limbah, air WFI, Bahan Baku Farmasi, Obat, Suplemen, Obat Tradisional (sediaan padat, cair, dan semi padat), kapsul gelatin, Kosmetik (Bedak tabur, Bedak compact, Bedak compact, Lipstik, Eye shadow, Krim salep, Toner (pembersih wajah), Gel Rambut, Shampo, Sabun, Hairspray, Krim malam, Foundation /Alas Bedak, Lotion, Sabun cair, Sabun cuci tangan, Sabun padat), desinfektan, sanitary napkin, bahan baku asam askorbat, bahan baku TiO2, talcum powder, pakan ternak, mainan anak, crayon, Buah Kering, Buah Kering Campur, Buah Kering Asin, Sale Pisang, Buah Asin, Gelatin Bubuk; Saus Panggang/Saus Barbekue (BBQ Sauce), Saus Pizza, Saus Spagheti (Spaghetti Sauce), Saus Tiram, Saus Perendam / Saus Marinasi (Marinated Sauce), Pupuk NPK, Gula kristal rafinasi, Masker dari Kain, Masker Medis, Bahan Baku Dipotassium Hydrogen Phospate, Bahan Baku Asam Mefenamat, Bahan Baku Sodium Bikarbonat, Selenium yeast, Kacang garing, Alas kaki berbahan karet, Bedcover, Kasur Pegas, Selimut, Lotion antinyamuk, Pembalut, Popok bayi, Bahan Baku Monosodium Glutamat, Air Permukaan, Air Tanah, Tablet Medicine, Handrub, Handwash, Produk untuk membersihkan di tempat, Basic dressing set, Benang jahit luka, Blood Transfusion Set, Foley Catheter, Infusion set, Jarum suntik, Kantung air seni, Kantung darah, Kasa Steril, Lensa kontak, Sarung tangan bedah, Selang infus, Suction Catheter with Thumb Control, Wing needle, Swab Test Peralatan, Cawan kontak dinding, Tissue basah, Hydrolised Vegetable Protein (HVP), Texturized Vegetable Protein (TVP), Bor listrik, Catok Rambut Listrik, Dispenser (Water Dispenser), Gergaji Listrik, Gerinda Listrik, Oven Listrik Portabel (Electrical Portable Oven), Pelumat (Blender), Pemanggang Roti Listrik (Toaster), Pemroses Makanan Listrik (Electrical Food processor), Penanak Nasi (Rice Cooker), Pencampur (Mixer), Pencukur Listrik, Juicer, Penghisap Debu (Vacuum Cleaner), Teko Listrik (Electric Kettle), Microwave Oven, Obat sirup, Larutan sorbitol, Stillwine, susu bubuk berlemak, susu bubuk berlemak instan, susu bubuk rendah lemak, dan susu bubuk kurang lemak, susu segar, susu pasteurisasi, susu UHT, susu steril, susu rendah lemak, susu rekonstitusi, susu rekombinan, minuman susu berperisa, minuman susu mengandung susu, minuman susu fermentasi berperisa, minuman susu (tanpa bakteri), minuman susu fermentasi berpersia, lassi, minuman yogurt berperisa, susu diasamkan rendah lemak, susu diasamkan, susu diasamkan rendah lemak, susu diasamkan tanpa lemak, susu fermentasi, susu fermentasi tanpa lemak, susu fermentasi tanpa lemak, susu fermentasi rendah lemak, yogurt, minyak goreng, minyak sayur, minyak salad, minyak samin, lemak reroti, pengganti minyak mentega, campuran margarin dan mentega, mentega rekombinasi, mentega, margarin, minyak kelapa sawit mentah, minyak inti kelapa sawit mentah, minyak inti kelapa sawit, minyak kelapa sawir, minyak stearin kelapa sawit, minyak stearin kelapa sawit mentah, minyak zaitun, minyak sunflower, minyak kacang tanah, minyak jagiung, minyak kemiri, minyak kedelai, minyak wijen, minyak olein kelapa sawit, minyak olein kelapa sawit mentah, minyak biji bunga matahari, minyak bekatul, minyak biji kapas, minyak kanola, mistarseed Oil, Es buah, es mambo, es lilin, es pelangi, es susu, es puter, es loli, es kue, sediaan cair atau serbuk yang akan dikonsumsi dalam keadaan beku, es susu, buah kering, buah kering campur, buah kering asin, sale pisang, buah asin, biji-bijian dan kacang utuh, Gabah, beras pecah kulit, beras giling/tumbuk (beras sosoh), beras ketan giling, beras diperkaya, beras pecah kulit pratanak, beras pratanak, emping beras, serpihan beras pratanak, Gandum Patah, Jagung Pipil, Oats, Jerawut, Sorgun, Geplek, Sagu, biji bijian dan kacang utuh, biji kopi, kopi bubuk, kopi instan, kopi campur, minuman kopi dalam kemasan, kopi cair konsentrat, premiks kopi, kapucino, Kakao Bubuk, Kakao Bubuk Untuk Sarapan (Breakfast Cocoa ), Bubuk Kakao dengan Lemak Sedang (Medium Fat Cocoa ), Bubuk Kakao Rendah Lemak (Lowfat Cocoa ), Kakao Bubuk (Cocoa Dust ), Kakao Bubuk Sangat Halus (Cocoa Fineness ), Nib Kakao, Cokelat Komposit, Cokelat Susu, Cokelat Krim, Cokelat Manis, Bonbon Cokelat /Permen Isi Cokelat, Cokelat, Lemak Kakao (Cocoa Butter ), Truffles , Lemak Kakao untuk Confectionery , Cokelat Putih, Cokelat Drop atau Chip, Bahan Pelapis dari Kakao Manis dan Lemak Nabati, Cokelat Semi Manis atau Cokelat Pahit-Manis atau Cokelat Hitam, Cokelat Isi (Filled Chocolate ), Cokelat Tawar (Unsweteened Chocolate ), Cokelat Pelapis (Couverture Chocolate ), Meses/Cokelat Butir/Cokelat Vermicelli /Streusel , Cokelat Serpih, Cokelat Susu Serpih, Cokelat Berperisa, Cokelat Aerasi, Cokelat Laminasi, Tepung Beras, Tepung Beras Ketan, Tepung Jagung, Tepung Kacang Hijau Tanpa Kulit, Tepung Kacang Hijau Utuh, Tepung Kacang Merah, Tepung Kedelai (Soybean Flour ),Semolina Gandum Durum dan Tepung Gandum Durum, Tepung Gandum Durum Utuh dan Semolina Gandum Durum Utuh, Tepung Jewawut (Pearl Millet Flour ), Tepung Sorgum, Tepung Terigu, Tepung Terigu Self-Raising , Tepung Terigu Terklorinasi, Tepung Terigu dengan Penambahan Protein, Tepung Terigu Utuh (Wholemeal Wheat Flour ) Bulgur, Emping, Jagung (Corn Flake , Meal, Meal Lembaga Gandum (Wheat Germ Meal ), Oatmeal , Whole Maize (Corn ) Meal , Degermed Maize (Corn ) Meal , Nasi Jagung, Sereal Siap Saji Termasuk Sereal Sarapan, Tiwul, Degermed Maize (Corn ) Grits , Gari,Mi Instan, Makaroni, Mi Kering Gandum, Mi Kering Lainnya, Bihun Instan, Kuetiaw Instan, Makaroni Instan, Mi Basah Matang, Nasi Instan, Bubur Serealia Instan, Sohun, Bihun, Biskuit (Manis) atau Kukis atau Sweet Crackers , Biskuit Marie, Biskuit Marie Salut, Roti Bagelen, Biskuit Lapis, Biskuit Stik Colek, Biskuit, Bagel, Roti Pita, Muffin Inggris (English Muffin ), Premiks untuk Produk Bakeri Istimewa, Keik (Cake ), Kukis (Cookies ) dan Pai (Pie ), Keik Mentega (Butter Cake ), Keik Keju (Cheese Cake ), Keik Pound (Pound Cake atau Quatre Quarts ), Pai Apel, Roti Bagelen Pisang, Wafer, Wafer roti, Wafer salut, Kukis, Kukis gula, Kukis oatmeal, Bika ambon, Serabi, Pukis, Kue cucur, Cerabikang, Cakue, Kue bantal, Kue ape, Egg roll, Patties Daging Panggang Setengah Matang, Foie Gras and Pates , Brawn and Head Cheese , Daging Kuring Cacahan Matang, Daging Cacahan Yang Direbus Dalam Saus Kedelai (Tsukudani ), Kornet Daging Sapi (Corned Beef ) dalam Kemasan, Daging Luncheon Matang, Pasta Daging, Patties Daging Matang, Produk Sejenis Salami Matang, Bakso Daging, Bakso Daging Kering (diatas atas), Saucises De Strasbourg , Sosis Sarapan Matang (Sosis Daging Babi Matang), Sosis Daging, Sosis Variasi, Sosis Analog/Sosis Vegetarian, Terrines (Campuran Cacahan Daging Matang), Rolade Daging, Filet Ikan, Ikan Beku, Ikan Tuna Beku, Cakalang Beku, Ikan Layang Beku, Ikan Layur Beku, Stik Ikan Beku, Stik Tuna Beku, Stik Meka, Filet Ikan Beku, Filet Kakap Beku, Filet Nila Merah Beku, Filet Ikan Ekor Kuning Beku, Tuna Loin Mentah Beku, Blok Filet Ikan Beku, Udang Beku, Udang Kupas Mentah Beku, Udang Kupas Rebus Beku untuk Sushi Ebi, Lobster Beku, Lobster Rebus Beku, Cumi-Cumi Beku, Daging Kerang Beku, Daging Kepiting Rebus Beku, Sotong Beku, Gurita (Octopus sp.) Utuh Beku, Bekicot Beku, Sirip Cucut Segar Beku, Skalop Segar Beku, Ikan Kalengan, Ikan Tuna Dalam Kaleng, Udang Dalam Kaleng, Kerang Dalam Kaleng, Daging Rajungan Dalam Kaleng, Tiram Dalam Kaleng, Salmon Dalam Kaleng, Sarden Dalam Kaleng, Sarden Media Saus Tomat, Bekicot Dalam Kaleng, Tuna dalam kemasan kaleng, Sarden dan makerel dalam kemasan kaleng, Telur Segar, Telur Ayam Segar Untuk Konsumsi, Telur Ayam Rendah Kolesterol, Telur Ayam Mengandung Omega Tiga, Telur Ayam Buah Merah, gula kristal mentah, gula kristal putih, gula kristal rafinasi, Gula Putih Lunak, Gula Merah Lunak, Sirup Glukosa, Sirup Glukosa Kering, Gula Pasir Mentah, Glukosa, Gula Kristal Mentah, Gula Kristal Rafinasi, madu, serbuk madu, Bawang Putih, Bawang Merah (Shallot ), Bawang Batak, Biji Seledri, Biji Sawi/Biji Mustard, Biji Sawi Bubuk atau Biji Mustard Bubuk, Cabe Jawa, Cabe Merah Segar, Bubur Cabe, Cabe Bubuk, Biji Dill (Dill Seed ), Adas Manis, Adas Sowa, Adas Cina, Ender, Dill Weed , Fenugreek , Kelabat, Kelabet, Klabat, Fenugreek Bubuk, Kelabat Bubuk, Kelabe Bubuk, Klabat Bubuk, Fuli Kering, Fuli Bubuk, Jahe Segar, Jahe Kering, Bubur Jahe, Jahe Bubuk, Jintan/Caraway, Jintan Bubuk, Jintan Manis, Jintan Hitam, Jintan Hitam Bubuk, Jintan Putih, Cumin, Jintan Putih Bubuk, Kapulaga, Biji Kapulaga, Kapulaga Lokal, Kapulaga (Cardamom) Amomum, Biji Kapulaga (Cardamom) Amomum, Kapulaga Bubuk, Kapulaga (Cardamom) Amomum Bubuk, Kayu Manis, Kayu Manis Bubuk, Kemiri Dengan Tempurung, Kemiri, Kemiri Bubuk, Kencur, Kencur Bubuk, Ketumbar, Daun Ketumbar, Ketumbar Bubuk, Picung, Kluwek, Kunyit, Kunyit Bubuk, Lada Hitam, Lada Hitam Bubuk, Lada Putih, Lada Putih Bubuk, Lada Bubuk Campuran, Andaliman, Lengkuas/Laos, Lengkuas/Laos Bubuk, Kecombrang/Sambung/Kencong, Marjoram, Mint, Onion /Bawang Bombay, Onion Bubuk/Bawang Bombay Bubuk, Oregano, Pala, Pala Untuk Destilasi, Pala Bubuk, Parsley, Paprika Bubuk, Sweet Paprika Bubuk, Rosemari, Saga, Saffron, Pekak/Bunga Lawang/Star Anise, Temu Kunci, Tarragon, Thymi/Thyme, Saus Cabe, Sambal Kecap/Saus Sambal Kecap, Saus Sambal Cabe Hijau, Sambal, Sambal Siap Dikonsumsi, Saus Protein Nabati Terhidrolisis, Saus Campuran Protein Nabati TerhidrolisisBumbu Ekstrak Daging Sapi, Bumbu Rasa Sapi, Bumbu Ekstrak Daging Ayam, Bumbu Rasa Ayam, Bumbu Pasta Ekstrak DagingOleoresin capsicum, Minuman Ibu Hamil dan atau Ibu Menyusui, Formula Makanan Pengganti (Formulated Meal Replacements ), Formula Makanan Pelengkap (Formulated Supplementary Foods ), Pangan Tambahan untuk Olahraga (Formulated Supplementary Sports Foods ), Suplemen makanan mengandung minyak ikan dan vitamin (sediaan kapsul), Suplemen makanan sediaan kaplet salut selaput Protein/Asam amino, Punches /Ades , Crush , Cordials , Minuman Sari Buah, Minuman Rasa Buah, Sirup Berperisa, Sirup Buah, Sirup Cokelat, Sirup Karamel, Sirup Kopi, Air Berperisa, Squash , Squash Berperisa, Lemonade dan ‘Fruit -Ades ’ Lainnya, Serbuk Minuman Berperisa, Serbuk Minuman Rasa Jeruk, Minuman Elektrolit Tidak Berkarbonat, Minuman Hipotonik Tidak Berkarbonat, Minuman Isotonik Tidak Berkarbonat, Minuman Hipertonik Tidak Berkarbonat, Minuman Dasar Elektrolit (Electrolyte Drinks Base ) Tidak Berkarbornat, Minuman Asam Jawa, Iced Tea , Iced Tea Instant , Minuman Nira, Minuman Mengandung Jeli, Nata De Coco Dalam Minuman Minuman serbuk berperisa, Minuman ringan, minuman rasa susu, Minuman Elektrolit Berkarbonat, Minuman Hipotonik Berkarbonat, Minuman Isotonik Berkarbonat, Minuman Hipertonik Berkarbonat, Minuman Dasar Elektrolit (Electrolyte Drinks Base ) Berkarbonat, Serbuk Minuman Berkarbonat, Minuman Berkafein, Formulasi (Formulated Caffeinated Beverages), Minuman Berperisa, Ginger Ale, Sarsaparilla, Root Beer, Birch Beer, Soda Krim (Cream Soda), Minuman Citrus, Minuman Kola, Limun, Teh Hitam, Teh Hijau, Teh Putih, Teh Wangi, Teh Wangi Tradisional, Teh Olong atau Teh Semi Fermentasi, Teh Hijau Bubuk, Teh Kering Dalam Kemasan, Teh Hitam Celup, Teh Wangi Celup, Teh Hijau Celup, Minuman Teh Dalam Kemasan, Teh Instan, Teh Cair Konsentrat, Premiks Teh, Makanan Ringan Berbahan Dasar Kentang, Umbi, Serealia, Tepung atau Pati, Keripik kentang, keripik gadung, keripik beras, keripik singkong, keripik oncom, keripik talas, slondok, kerupuk beras, rengginan, kerupuk karak, kerupuk intip, makanan ringan ekstrudat, emping melinjo, jipang marning, jipang jagung, jipang ketan, pilus, makanan ringan simulasi, Bahan baku pangan (serbuk), Bahan tambahan pangan (BTP) (pewarna), Bahan Baku Asam Amino, Bahan Baku Kalsium Karbonat, Air bilasan, Pakan ikan, Pakan dan bahan pakan, premix vitamin pakan, bahan baku pakan, pakan ternak, kemasan plastik, kemasan polikarbonat (Galon AMDK), Kemasan Polikarbonat (Botol Susu), Obat Kapsul, Obat/Suplemen kesehatan Kapsul, Bahan baku obat serbuk, Sediaan cair (obat sirup), Obat Sirup, Bahan Baku Propilen Glikol, Bahan Baku Gliserin, Lotion, Kosmetik serbuk, Kasa, Kapas, Pestisida Formulasi, Tekstil/Kain, Bedcover, Mainan berbahan tekstil, susu UHT, susu segar, buttermilk, susu bubuk rendah lemak, minuman susu berperisa, susu evaporasi, krimer kental manis, whipped cream, keju mozarella, keju krim, keju parmesan, puding susu, jeli agar (serbuk), Jeli agar (siap konsumsi), buah kering (kelapa parut kering), Buah dalam cuka, minyak dan larutan garam (asinan buah), manisan buah, jamur segar, jagung beku, sayuran kering (rumput laut), cabe kering, cokelat hitam, cokelat putih, cokelat sisi, minuman coklat (serbuk), minuman coklat paduan (siap minum), keik coklat, kembag gula karet/permen karet, permen karemel, permen lunak jelly, permen enting enting, Dekorasi (icing), saus coklat, tepung beras, tepung beras ketan tepung jagung, pati sagu, corn flake, kulit lumpia, mie bassah (udon), bihun instan, dodol, ikan beku, air minum, minuman botanikal (air kelapa olahan), biji kopi, minuman jeli, obat injeksi, pembalut, mainan, jarum suntik,","https://drive.google.com/drive/folders/1m8fIKEcUw-WwjmWNHa-cPP8fhQR1OhLN?usp=drive_link",""
"LP-186-IDN","UPT Laboratorium Pengujian Konstruksi Dinas Pekerjaan Umum Bina Marga Jawa Timur","Jl. Ngampelsari No. 100, Kec. Candi Sidoarjo, Kab. Sidoarjo, Surabaya, Jawa Timur","Jawa Timur","(031) 99712671","lab_jalan_jatim@yahoo.co.id","2026-08-06","2026-08-06","true","false","false","false","false","false","","","","Aspal keras, Tanah dan Batuan, Agregat kasar, Agregat halus, Agregat kasar dan agregat halus, Beton, Campuran Aspal, Tanah Lempung dan Lanau","https://drive.google.com/drive/folders/1mrHuUFSh7Ekaxr5Y3J_SNegJBgDnCugr?usp=drive_link",""
"LP-188-IDN","Balai Besar Pengawas Obat dan Makanan di Palembang","Jl. Pangeran Ratu Seberang Ulu 1, Jakabaring, Palembang 30352","Sumatera Selatan","T. (0711) 510126","kjmbbpomplg@gmail.com","2027-04-29","2027-04-29","false","false","true","true","false","false","","","","Obat/terapetik (tablet, suspensi, kapsul, krim, injeksi, salep), Napza Obat tradisional (serbuk, kapsul, tablet, pil, cair), produk komplemen Desinfektan, disposable siring, Kosmetik (Anti Jerawat, Baby cologne, Baby cream, Baby Hair Lotion, Baby Lotion, Baby oil, Bedak Badan, Bedak Badan Antiseptik, Bedak Bayi, Bedak Cair, Bedak Kompak, Skin Bleach, Blush on, Day Cream, Pasta Gigi, Eye Shadow, Face Powder, Foundation, Hair dressing, Hair styling, Hair Tonic, Hand and Body, Krim Bayi, Krim Pemutih, Lipstik, Lulur, Make up kit, Massage cream, Nail color, Pelembab & Moisturizer, Pembersih, Pembersih kulit muka, Penyegar, Perawatan kulit, badan,tangan, Permanent wave, Sediaan Wangi-wangian, Pewarna rambut, Sabun Bayi, Sabun Mandi, Sabun Mandi antiseptik, Sabun Mandi bayi, Sabun Mandi Cair, Sampho, Sampho anti ketombe, Shampo Bayi, Skin lightener, Straightener, Sun Block/Tabir surya, Vanishing) Pangan (Buah Kalengan, Buah Kalengan, Buah Kalengan, Coklat Batang, Coklat BubukCoklat padat, Kopi bubuk, Kopi instan, Teh, Teh instan, Teh celup, Abon sapi, Bakso Daging, Corned beef, Dendeng, Sosis, sosis daging, Nuget, Kembang gula keras, Madu, Abon ikan, Bakso ikan, Ikan Asap, Ikan kalengan, Kerupuk ikan, Kerupuk Udang, Terasi, Selai buah, Olahan air kelapa (nata de coco dalam kemasan), Santan cair, Santan cair, Bubur Bayi, Biskuit Bayi, Formula lanjutan, Susu bayi, Minuman bubuk, Anggur beras, Arak, Bir, Air minum, air botol, Minuman berkarbonat, Minuman sari buah, Minuman sari buah, Sirup, Sirup rendah kalori, Krimer nabati, Minyak Goreng, Minyak goreng sawit, Margarine, Bumbu Rasa Sapi, Saos Sambal, Garam beryodium, Garam meja, Kaldu Penyedap, Lada, Saos Tiram, Saus tomat, sarden media saus tomat dalam dalam kaleng, kecap kedelai, Es Krim, Formula Lanjutan, Keju, Mentega, Susu bubuk, Susu bubuk pertumbuhan, Susu ibu hamil, Susu kental manis, Susu Sereal, Susu skim bubuk, Susu UHT, Yogurt, Bihun, Biskuit, Cookies, Jagung Marning, Makanan ekstrudat, Mie basah, Mie instan, Mie Telur, Rengginang, Roti, Roti Tawar, roti basah, Tepung Beras, Tepung Hungkwe, Tepung Terigu, Agar-agar Tepung, Keripik Kentang, Keripik Ubi, Manisan pala, Minuman Sari Kedelai, Tepung Es Krim, AMDK, Boraks, Cuka, Formalin, Kecap, Pewarna, Saus cabai, Saus tomat, Tahu)","https://drive.google.com/drive/folders/1nIen0ptDFqFEH5U9q4ACVtaXwwZsylQ-?usp=drive_link",""
"LP-189-IDN","Departemen Teknik Lingkungan, Fakultas Teknik Sipil dan Lingkungan, Institut Teknologi Bandung (ITB) - Laboratorium Air","Jl. Ganesha 10, Bandung, Jawa Barat","Jawa Barat","T. (022) 2534176","labair@tl.itb.ac.id","2027-06-04","2027-06-04","false","false","true","false","false","false","","","","Air untuk keperluan higiene dan sanitasi, air minum, air sumur, air danau, air sungai, mata air, air limbah","https://drive.google.com/drive/folders/1nIzvQTGlKgvYPtGw9e2zdkhqVl36V6p8?usp=drive_link",""
"LP-193-IDN","Balai Besar Pengawas Obat dan Makanan di Medan","Jl. Willem Iskandar Pasar V Barat I No. 2, Medan Estate, Medan, Sumatera Utara","Sumatera Utara","T. (061) 6628363","bpom_medan@pom.go.id","2031-07-25","2031-07-25","false","false","true","true","false","false","","","","I. Produk terapetik A. Obat (injeksi, kapsul, larutan, krim, salep, sirup, suspensi, tablet, sediaan infus, aqua pro injeksi) B. Narkotika dan psikotropika C. obat tradisional (sediaan jamu bentuk serbuk, bentuk pil, bentuk kapsul/tablet, bentuk cair, bentuk parem, pilis, tapel, cairan obat dalam) D. Perlengkapan kesehatan (benang bedah, kapas pembalut, kantong penampung darah, kasa serap dan kasa pembalut, sarung tangan karet, scalp vien set, kasa steril) E. Kosmetika 1. Sediaan bayi (sampo bayi, bedak bayi) 2. Sediaan kebersihan (bedak badan, deodorant bentuk setengah padat, deodorant bentuk cairan) 3. Sediaan perawatan kulit (bedak muka, blush on, cold cream, hand & body lotion, kapas, lip gloss, make up kit, massage krim, pelembab bentuk krim, pembersih muka, penyegar kulit, pemutih kulit, pewangi badan bentuk cairan, tata rias panggung, vanishing cream) 4. Sediaan rambut (hair styling, hair tonic, sampo) 5. Sediaan rias mata (bayangan mata) 6. Kosmetika selain untuk (anak dibawah 3 th, area sekitar mata, membran mukosa) 7. Kosmetika untuk: anak dibawah 3 th, area sekitar mata, membran mukosa II. Pangan 1. Buah dan hasil (buah kalengan, jam, kismis, manisan pala) 2. Coklat, kopi, the (coklat bubuk, kopi bubuk/instan, coffeemix, teh bubuk, minuman teh dalam kemasan) 3. Daging dan hasil olahannya (abon, bakso, corned beef, sosis daging, kerupuk ikan/kerupuk udang) 4. Gula (kembang gula (keras, lunak, bukan jelly) 5. Ikan dan hasil olahannya (sardin media sau tomat dalam kaleng), ikan segar 6. Kacang-kacangan dan hasil olahannya (kecap, tahu) 7. Makanan bayi dan anak (PASI) 8. Minuman ringan (air minum dalam kemasan/AMDK, limun, minuman sari buah, minuman squash/sirup buah, minuman keras, minuman berperisa tidak berkarbonat, sirup berperisa, minuman serbuk) 9. Minyak dan lemak (es krim, mentega, margarin, minyak goreng, CPO/Crude Palm Oil, santan cair, minyak goreng sawit) 10. Rempah-rempah dan bumbu (cuka makan, garam beryodium, saus cabe, saus tomat) 11. Susu dan hasil olahannya (susu bubuk, susu coklat bubuk, susu bubuk berlemak/tanpa lemak, susu sereal bubuk, susu UHT, susu pasteurisasi, susu kental manis/SKM) 12. Tepung hasil olahannya (bihun, biskuit (crakers, wafer, biskuit keras dan cookies), bika ambon, lapis legit, mi instan, mi basah, mi kering, tepung terigu, roti tawar) Jelly agar","https://drive.google.com/drive/folders/1pPqF3UF0jPWbPxlQROiU4q9Ne-XKQOIJ?usp=drive_link",""
"LP-194-IDN","PT Nestle Indonesia Kejayan, Special Quality Assurance Laboratory","Jl. Raya Pasuruan – Malang Km. 9,5, Tembero, Kejayan, Pasuruan, Jawa Timur","Jawa Timur","(0343) 421005","kustia.wardani@id.nestle.com","2030-12-26","2030-12-26","false","false","false","true","false","false","","","","Susu bubuk susu segar, knental manis, susu UHT, susu Pasteurisasi, susu sterilisasi, kopi bubuk, kopi, kopi UHT, Maltodextrin, cereal powder, bumbu penyedap","https://drive.google.com/drive/folders/1pelMC6v5hQYj7pPdnqxZ3086Z34MMtOV?usp=drive_link",""
"LP-195-IDN","PT Unilab Perdana","Jl. Ciledug Raya No. 10 Cipulir Kebayoran Lama, Jakarta Selatan, DKI Jakarta","DKI Jakarta","(021) 7253322","unilabperdana@centrin.net.id","2030-03-15","2030-03-15","true","false","true","false","false","false","","","","Air limbah, air sumur, air danau, air sungai, air waduk, air muara, air untuk keperluan higiene sanitasi, air kolam renang, air minum, air minum dalam kemasan/AMDK (air mineral, air demineral), air reverse osmosis, air laut, biota, lumpur, tanah, sedimen, Limbah B3 (cair, semi padat, slurry, padat, sludge), udara ambien, kebisingan, lingkungan kerja, udara emisi tidak bergerak, emisi gas buang kendaraan bermotor","https://drive.google.com/drive/folders/1pXfIqBngaSc-hjicJbKvfVQYN_W-bqF0?usp=drive_link",""
"LP-199-IDN","Balai Besar Pengawas Obat dan Makanan di Makassar","Jl. Bajiminasa No. 2, Makassar, Sulawesi Selatan","Sulawesi Selatan","(0411) 872021","bbpomdimakassar@gmail.com","2026-11-22","2026-11-22","false","false","false","true","false","false","","","","Obat/terapetik: tabet, kapsul, suspensi oral, larutan oral Napza: naroktika, psikotropika Obat tradisional: serbuk, cair, kapsul, pil, tablet Pangan: produk susu dan olahannya, produk pangan untuk keperluan gizi khusus, daging dan produk daging, mintak dan lemak, gula madu dan kembang gula, minuman ringan, coklat, kopi dan teh, minuman keras, rempah-rempah dan bumbu, kacang dan hasil olahannya, Kosmetika: krim emulsi, cair, cairan kental, gel minyak untuk kulit, masker wajah, bedak, sabun mandi, sediaan rambut, sediaan cukur, sediaan perawatan dan rias bibir, sediaan perawatan dan rias kuku, sediaan pencerah kulit, sediaan antiwrinkle","https://drive.google.com/drive/folders/1tbUnzV1tGRrA9Evy5GK4KGNnHOPWnyr4?usp=sharing",""
"LP-204-IDN","PT Bureau Veritas Consumer Products Services Indonesia (Multilokasi)","Lokasi 1: Jl. Cideng Timur 38, Gedung KKM Lt. 2, Jakarta Pusat, DKI Jakarta Lokasi 2: Jl. Karang Jati Km. 26, Gembongan, Karangjati, Kec. Bergas, Kab. Semarang, Jawa Tengah","DKI Jakarta","(021) 63488777","ruddy.herlawanto@bureauveritas.com","2030-06-30","2030-06-30","false","false","true","false","false","false","","","","Lokasi 1: Mainan/Toys, Handuk/Towel (untuk dewasa/anak-anak), Tekstil dan produk tekstil (kain, garment, berikut asesorisnya untuk anak-anak/dewasa), Toys and Children’s Products (segala material - non elektrikal - termasuk asesorisnya - metal atau non-metal) , Coating (any product with coating), Footware, Jewelry, Leather, Polymer of ethylene and ethylene-vinyl acetate (EVA) copolymers, Subscriber Station (SS) GPRS (1. Cellphones, 2. Laptop, 3. USB Dongels, 4. Modem, 5. GPS Trackers, 6. Credit Card Machine, 7. Router, 8. Bar Code Scanner, 9. Watch, 10. Alarm Systems, 11. Modules, 12. Pad/Table, 13. Multimedia), Subscriber Station (SS) GSM (1. Cellphones, 2. Laptop3. USB Dongels, 4. Modem, 5. GPS Trackers, 6. Credit Card Machine, 7. Router, 8. Bar Code Scanner, 9. Watch, 10. Alarm Systems, 11. Modules, 12. Pad/Tablet, 13. Multimedia, 14. EDC Machine), Subscriber Station (SS) HSDPA/WCDMA (1. Cellphones, 2. Laptop, 3. USB Dongels, 4. Modem, 5. GPS Trackers, 6. Credit Card Machine, 7. Router, 8. Bar Code Scanner, 9. Watch, 10. Alarm Systems, 11. Modules, 12. Pad/Tablet, 13. Multimedia), Subscriber Station (SS) 4G LTE (1. Cellphones, 2. Laptop, 3. USB Dongels, 4. Modem, 5. GPS Trackers, 6. Credit Card Machine, 7. Router, 8. Bar Code Scanner, 9. Watch, 10. Alarm Systems, 11. Modules, 12. Pad/Tablet, 13. Multimedia), Subscriber Station (SS) 5G NR (1. Smartphone, 2. Access Point, 3. Router, 4. Modem, 5. Laptop, 6. Module, 7. Tablet, 8. Credit Card Machine), Electrical safety (1. Television, 2. Personal Computer, 3. Speaker, 4. Desktop Computer, 5. Switch, 6. Printer, 7. Refrigerator, 8. Router, 9. Air Conditioner, 10. AC Charging Station, 11. Interactive Flat Panel (IFP), 12. Coffee Machine, 13. Washer Dryer, 14. Washing machine, 15. Vacuum Cleaner, 16. Water Heater, 17. Cooker Hood, 18. Access Point), Wireless Local Area Network (WLAN) (1. Cellphones, 2. Laptop, 3. USB Dongels, 4. Modem, 5. GPS Trackers, 6. Credit Card Machine, 7. Router, 8. Bar Code Scanner, 9. Watch, 10. Alarm Systems, 11. Modules, 12. Printer, 13. Dekstop, 14. Telephones, 15. Access Point, 16. Speakers, 17. Earphones, 18. Multimedia, 19. Camera, 20. Homeplug (power line networking), 21. Traffic Recorder, 22. Led light, 23. Android/Apple Box, 24. Multicopters, 25. WiFi Toys, 26. WiFi household, 27. Pad/Tablet), SRD (1. Cellphones, 2. Laptop, 3. USB Dongels, 4. Modem, 5. GPS Trackers, 6. Keyboards, 10. Mouse, 14. Joystick, 15. Helmet, 20. Headset, 21. Glasses, 22. Telephone, 24. Amplifier, 25. BT Toys, 26. BT household, 28. Tongsis), Digital Video Broadcasting- Terrestrial Second Generation (DVB-T2) (1. Television, 2. Set Top Box) Early Warning System (EWS) (1. Television, 2. Set Top Box), Radio Komunikasi Dua Arah (Two Way Radio Communication) (HF, VHF, UHF) (1. Handy Talky), K3L (1. Penghisap debu (Vacuum Cleaner), 2. Pemanggang Roti Listrik (Toaster) , 3. Penanak Nasi (Rice Cooker) , 4. Teko Listrik (Electric Kettle) , 5. Pengering Rambut (Hair Dryer) , 6. Tungku Gelombang Mikro (Microwave Oven) , 7. Pencukur Listrik , 8. Piranti Pijat Listrik , 9. Pemanas Air Sesaat (Electric Immersion Stick) , 10. Panci Listrik Serbaguna , 11. Oven Listrik Portabel (Electrical Portable Oven), 12. Pelumat (Blender) , 13. Pengejus (Juicer) , 14. Pencampur (Mixer) , 15. Pemroses Makanan Listrik (Electrical Food Processor), 16. Dispenser (Water Dispenser) , 17. Pengering Tangan Listrik (Hand Dryer) , 18. Catok Rambut Listrik , 19. Bor Listrik , 20. Gerinda Listrik , 21. Mesin Serut , 22. Gergaji Listrik), Sludge (Total konsentrasi), Waste Water. Lokasi 2: Kursi/Bangku, Meja / Table, Corrugated Board / Carton, Furniture - Kasur Bayi (Baby Crib) 16 CFR 1219, Funiture - Meja salin (changing table) 16 CFR 1235, Furniture - Kasur susun (bunk bed) , produk anak- anak, maupun dewasa 16 CFR 1213/1513, Furniture - Lemari (Cabinet/Dresser) Standard Safety Specification for Clothing Storage Units , Furniture accessories - Anti Tip Kit Performance Specification for Tipover Restraint(s) Used, Furniture - Seating, Furniture - Table, Furniture - Storage Funiture, Furniture - Table and Storage Funiture","https://drive.google.com/drive/folders/1gU2ShkhkhmDldpXunuJ457pk10d51MpH?usp=drive_link",""
"LP-206-IDN","Deputi Bidang Infrastruktur Riset dan Inovasi - Direktorat Pengelolaan Laboratorium, Fasilitas Riset dan Kawasan Sains Teknologi Keselamatan dan Metrologi Radiasi - BRIN (Sedang dalam proses penggabungan)","Jl. Lebak Bulus Raya No. 49, Jakarta Selatan, DKI Jakarta","DKI Jakarta","T(021) 7513906","ptkmr@batan.go.id","2031-04-24","2031-04-24","true","false","false","true","false","false","","","","Radioaktif pada: Bahan pangan, radiasi, biota, rumput, tanaman, sayuran, susu, tanah dan sedimen, bahan bangunan, NORM/TENORM, benda uji dan daerah kerja, benda terkontaminasi radioaktif, dosimeter termoluminesensi (TLD), bungkusan zat radioaktif tipe A, bungkusan zat radioaktif tipe B, pesawat sinar x radiografi (umum/mobile, gigi intraoral, gigi, mammografi, fluoroskopi, CT-scan","https://drive.google.com/drive/folders/1NY6e5AEHDnQRhu9CF_onQpzVv1VJx0_z?usp=drive_link",""
"LP-207-IDN","UPT Laboratorium Terpadu Universitas Sebelas Maret","Jl. Ir. Sutami 36 A Kentingan, Surakarta, Jawa Tengah","Jawa Tengah","(0271) 663379, 632354","abu.masykur@gmail.com uptlabterpadu@unit.uns.ac.id","2026-07-25","2026-07-25","false","false","true","false","false","false","","","","Air untuk keperluan higiene dan sanitasi, air sungai, air limbah, udara ambien, Kebisingan, Lingkungan Kerja, AMDK (Air Minum dalam Kemasan), Panili","https://drive.google.com/drive/folders/1uZC6muKi2bkYXEXapfl2qYCx-s_APr3W?usp=drive_link",""
"LP-213-IDN","Balai Standardisasi dan Pelayanan Jasa Industri Surabaya","Jl.Jagir Wonokromo 360 Surabaya, Jawa Timur","Jawa Timur","(031) 8410054","lab.brssby@gmail.com","2028-02-26","2028-02-26","false","true","true","false","false","false","","","","setrika listrik, pompa air listrik, kipas angin, Kipas Angin Meja, Kipas Angin Tumpu, Kipas Angin dinding - Kinerja dan konstruksi, mesin cuci, lemari pendingin, mesin dapur, pemanas cairan, audio video, audio video (EMC), produk pembunuh serangga (insect killer product), Peralatan Rumah tangga, alat listrik, dan peralatan sejenis (household appliances, electric tools and similar apparatus), produk pencahayaan listrik (electrical lighting), peralatan teknologi industri (information technology equipment), produk multimedia (multimedia equipment), handphone, Peralatan Teknologi Informasi, Vacuum Cleaner, Microwave Oven, Piranti Pijat listrik, Pemanas air sesaat, Bor Listrik, Gerinda, Mesin poles, dan pengampelas jenis cakram, Mesin Serut (planer), Gergaji, lampu swabalast untuk pelayanan pencahayaan umum (uji keselamatan, uji kinerja), Lampu LED swa-balast untuk layanan pencahayaan umum dengan tegangan > 50V (uji keselamatan, uji kinerja), aki kendaraan bermotor roda empat atau lebih, aki kendaraan bermotor kategori L, Oven, Penanak Nasi, Televisi, Luminer, Sel dan baterai sekunder untuk penyimpanan energi terbarukan, Showcase, mainan anak, Low Power Devices, Bluetooth 2.4 GHz Devices, WLAN 2.4GHz Devices, WLAN 5.8GHz Devices, baja tulangan beton canai ulang, baja tulangan beton dalam bentuk gulungan, kawat baja karbon rendah, kawat bronjong, bronjong kawat, lembaran serat kritosil semen rata, baja lembaran lapis seng, genteng keramik, baja profil siku sama kaki proses canai panas, baja lembaran dan gulungan canai dingin, baja profil kanal U proses canai panas, baja lembaran, pelat, dan gulungan canai panas, baja lembaran dan gulungan lapis paduan aluminium - seng, baja profil I-beam proses canai panas, Baja Profil Kanal WF-Beam Proses Canai Panas, tali kawat baja untuk minyak dan gas bumi, tali kawat baja, kompor gas LPG satu tungku dengan sistem pemantik mekanik khusus untuk usaha mikro, baja batangan untuk keperluan umum, regulator tekanan tinggi untuk tabung baja LPG, kompor gas bahan bakar LPG satu tungku dengan sistem pemantik, regulator tekanan rendah untuk tabung baja LPG, baja profil H (Bj P H-beam), kompor gas tekanan rendah jenis dua dan tiga tungku dengan sistem pemantik, pipa baja saluran air dengan atau tanpa lapisan seng, genteng beton, bata beton, baja tulangan beton, Baja tahan karet canai dingin bentuk lembaran dan gulungan (Bj TK D), batang kawat baja karbon rendah, profil rangka baja ringan, Kompor Gas LPG dan LNG / NG Untuk Komersil, biskuit, Air Mineral, Air demineral, garam konsumsi beryodium, garam bahan baku untuk garam konsumsi beryodium, tepung terigu sebagai bahan makanan, asam sulfat teknis, Pupuk fosfat, aluminium sulfat, pupuk NPK, pupuk dolomit, Minyak goreng sawit, air limbah, air untuk keperluan higiene sanitasi, air minum, Air sungai, Lingkungan Kerja, udara ambien, udara emisi sumber tidak bergerak","https://drive.google.com/drive/folders/1v0cr2ASIuQ94vCBsSWk6caOs1Pza-5mC?usp=drive_link",""
"LP-217-IDN","Balai Hidrologi dan Lingkungan Keairan","Jl. Ir. H. Juanda 193, Bandung 40135","Jawa Barat","(022) 2503357","lab_lk@yahoo.co.id llingkair@yahoo.com yaniblk@yahoo.com","2028-01-27","2028-01-27","true","false","true","false","false","false","","","","Air permukaan (Air Sungai, air danau/waduk), air limbah, air tanah","https://drive.google.com/drive/folders/1v1tvPiETambkDKHaRSaT_3AuCCbJ9Vr6?usp=drive_link",""
"LP-218-IDN","Balai Pengawas Obat dan Makanan di Pontianak","Jl. Dr. Soedarso, Pontianak, Kalimantan Barat","Kalimantan Barat","(0561) 572417","timdukunganmutuptk@gmail.com","2029-12-17","2029-12-17","false","false","false","true","false","false","","","","Obat (sediaan tablet, kaplet, kapsul, sediaan cair, salep, krim), kosmetika: sediaan bayi (bedak bayi, baby lotion, baby cream, baby oil, baby cologne), sediaan mandi surya, tabir surya, sediaan perawatan kulit (anti jerawat, pembersih kulit muka, penyegar kulit muka, nutritive cream, hand body lotion, perawatan kulit, badan, tangan, night cream, cold cream, masker, peeling, lulur, mangir, bedak dingin, massage cream, massage oil, massage gel, moisturizer, wrinkle smoothing remover, antiaginh cream, skin beauty cream, skin bleach, sabun mandi, sabun mandi bayi, bedak badan, bedak badan antiseptik, deodoran), sediaan rambut (hair dressing, hair styling, shampoo, hair conditioner, hair creambath, hair tonic, hair & body wash), sediaan pewarna rambut (pewarna rambut hair lightener activator, tata rias rambut fantasi), sediaan rias wajah (make up base, vanishing cream, foundation, face powder, liquid powder, compact powder, blush on, lip care, lip color, lip gloss, liquid liner, lip liner, tata rias panggung, tata rias pengantin, make uo kit), sediaan rias mata (bayangan mata, eye liner, mascara, eye foundation, eye moisturizer, eye cream, eye make up remover) sediaan cukur (sediaan pasca cukur), sediaan wangi-wangian (eau de toilette, eau de parfum, eau de cologne, pewangi badan, parfum), sediaan kuku (nail hardener, nail color), sediaan hygiene mulut (dentifrices, pasta gigi), Obat tradisional (sediaan padat, cair), pangan: susu dan hasil olahannya, makanan bayi dan anak, makanan diet, daging dan hasil olahannya, ikan dan hasil olahannya, tepung dan hasil olahannya, buah dan hasil olahannya, kelapa dan hasil olahannya, minyak dan lemak, gula madu dan kembang gula, jem dan sejenisnya, minuman ringan, minuman bubuk, coklat kopi teh, minuman beralkohol, rempah-rempah dan bumbu","https://drive.google.com/drive/folders/1v3wVsmHu3aoyMbObWTJHJ-0nUI3qRy_s?usp=drive_link",""
"LP-220-IDN","UPT Pengujian dan Sertifikasi Mutu Barang Medan","Jl. STM No. 17 Kampung Baru, Medan, Sumatera Utara","Sumatera Utara","(061) 7862040","bpsmbmedan1@yahoo.com","2031-03-21","2031-03-21","false","false","false","true","true","false","","","","Biji kakao, biji kopi, minyak daun cengkeh, minyak kenanga, minyak sereh, minyak nilam, minyak pala, minyak akar wangi, minyak fuli, gabah, jagung, beras, lada putih, crude palm oil, pala, garam konsumsi beryodium, tepung terigu sebagai bahan makanan, Cassia Indonesia, Standard Indonesian Rubber (SIR), plastik bandela, karet konvensional, biji pinangn bukan untuk obat","https://drive.google.com/drive/folders/1vKsV9TvMJiEAG46ew_vbdTx-fY1ksywG?usp=drive_link",""
"LP-221-IDN","Services Laboratory SEAMEO BIOTROP","Jl. Raya Tajur Km. 6, Kel. Pakuan, Kec. Bogor Selatan Bogor","Jawa Barat","(0251) 8357175","services.lab@biotrop.org","2030-12-13","2030-12-13","true","false","true","false","false","false","","","","Udara ambien, kebisingan lingkungan, udara emisi sumber tidak bergerak, air limbah, air untuk higiene dan sanitasi, air permukaan (air sungai, air danau), kacang tanah dan produk olahannya, jagung dan produk olahannya, tanah mineral","https://drive.google.com/drive/folders/1vVrzVM2hzH5442JRq0V8blMXXbguGfd_?usp=drive_link",""
"LP-224-IDN","PT Equilab International","Jl. RS Fatmawati Persil 33, Cilandak, Jakarta Selatan","DKI Jakarta","(021) 7695513","purnama.astuti@equilab-int.com","2031-02-26","2031-02-26","false","false","true","true","false","false","","","","Plasma darah dan darah, obat sirup tradisional, kembang gula keras, sosis daging, Susu, susu segar, susu pasteurisasi, susu UHT, susu steril, susu rendah lemak, susurekonstitusi, susu rekombinan, Susu Bubuk Berlemak (Full Cream), Susu Bubuk Berlemak Instan, Susu Bubuk Rendah Lemak dan Susu Bubuk Kurang Lemak), Minuman susu fermentasi berperisa, lassi, minuman yogurt berperisa, susu diasamkan, susu diasamkan rendah lemak, susu diasamkantanpa lemak, susu fermentasi, susu fermentasi tanpa lemak, susu fermentasi rendah lemak,yogurt, Susu kental manis, Susu kental manis lemak nabati/ susu, Krim kental manis, Krimer kentalmanis, Khoa kental manis minyak nabati, Produk Olahan Daging, Daging Unggas dan Daging Hewan Buruan dalam Bentuk Utuh Maupun Potongan yang Dibekukan (Diproses, Disimpan Maupun Diperdagangkan Dalam Bentuk Beku), Daging, daging unggas, dan daging hewan buruan yang dihaluskan, dan diolah dengan perlakuan panas (Abon Daging), Daging, daging unggas, dan daging hewan buruan yang dihaluskan, diolah, dan dibekukan, Punches/Ades, Crush, Cordials, Minuman Sari Buah, Minuman Rasa Buah, Sirup Berperisa,Sirup Buah, Sirup Cokelat, Sirup Karamel, Sirup Kopi, Air Berperisa, Squash, Squash Berperisa, Lemonade dan ‘Fruit-Ades’ Lainnya, SerbukMinuman Berperisa, Serbuk Minuman Rasa Jeruk, Minuman Elektrolit Tidak Berkarbonat,Minuman Hipotonik Tidak Berkarbonat, Minuman Isotonik Tidak Berkarbonat, MinumanHipertonik Tidak Berkarbonat, Minuman Dasar Elektrolit (Electrolyte Drinks Base) TidakBerkarbornat, Minuman Asam Jawa, Iced Tea, Iced Tea Instan, Minuman Nira, MinumanMengandung Jeli, Nata De Coco Dalam Minuman, Produk jadi dan Bahan Baku Propolis, Bahan Baku Gliserin, Bahan Baku Propilen Glikol, Bahan Baku Sorbitol, Bahan Baku Flavor, Ikan, Filet Ikan, dan Produk Perikanan Termasuk Moluska, Krustase, dan Ekinodermata yang Dibekukan, Ikan, Filet Ikan dan Hasil Perikanan Termasuk Moluska, Krustase dan Ekinodermata Berlapis Tepung yang Dibekukan (Tempura Beku, Naget Ikan, Naget Udang, Stik Ikan, Bagian Ikan dan Filet Ikan Berlapis Tepung (Breadedatau in Batter) yang Dibekukan, Stik Ikan (Fish Finger) Berlapis Tepung, Udang Lapis Tepung Beku), Ikan dan Produk Perikanan Termasuk Moluska, Krustase, dan Ekinodermata yang Dimasak dan/atau Digoreng (Bakso Ikan, Bakso Ikan Kering, Otak-Otak, Kue Ikan Kukus (Steamed Fish Cake), Siomay Ikan, Empek-Empek, Empek-Empek Palembang, Sosis Ikan, Sosis Udang, Sambal Goreng Udang, Sambal Goreng Udang Kering (Ebi), Abon Ikan, Kerupuk Udang, Kerupuk Kulit Ikan, Kerupuk Ikan), Ikan dan Produk Perikanan Awet, Krekers, Tidak Termasuk Krekers Manis, Keik, Kukis dan Pai (Isi Buah atau Custard, Vla), Keik, Kukis dan Pai (Isi Buah atau Custard, Vla), Tepung dan Pati, Bumbu Ekstrak Daging Sapi, Bumbu RasaSapi, Bumbu Ekstrak Daging Ayam, BumbuRasa Ayam, Bumbu Pasta Ekstrak Daging(Misalnya Bumbu Pasta Ekstrak DagingSapi dan Daging Ayam)","https://drive.google.com/drive/folders/12zWBYiLnQ38eA5klChdfF3bceaeKVtL_?usp=drive_link",""
"LP-230-IDN","Balai Besar Pengawas Obat dan Makanan di Pekanbaru","Jl. Diponegoro No. 10, Pekanbaru, Riau","Riau","(0761) 21496","balaipom_pku@yahoo.com","2027-12-18","2027-12-18","false","false","false","true","false","false","","","","Terapetik dan NAPZA : kapsul, tablet, sirup, suspensi oral, larutan, krim, injeksi, tetes telinga, tetes mata Obat tradisional : sediaan padat, sediaan cair Kosmetika : sediaan solid, sediaan serbuk yang dipadatkan, sediaan cair, sediaan non aerosol, sediaan semi solid, sediaan tabir surya Pangan :Produk-produk susu dan analognya, Lemak Minyak dan Emulsi minyak, edible ice, buah dan sayur (termasuk jamur, umbi, kacang kedelai dan lidah buaya) , rumput laut, biji-bijian, sayur (termasuk jamur, akar, umbi dan aloe vera) rumput laut, kacang serta biji-bijian tidak termasuk produk kacang, Kembang gula/ permen dan cokelat, Serealia dan produk serealia yang merupakan produk turunan dari biji serealia, akar dan umbi, kacang dan empulur tidak termasuk produk bakeri, produk bakeri, daging dan produk daging termasuk daging unggas dan daging hewan buruan, Ikan dan produk perikanan, Pemanis termasuk madu, garam, rempah, sup, saus, salad, produk protein, Produk pangan untuk keperluan gizi khusus, Minuman tidak termasuk produk susu, Makanan ringan siap santap; Mikrobiologi : obat tradisional, kosmetik, pangan","https://drive.google.com/drive/folders/1xGvsQ9iDlB10Tf_p9PTg32NNsPhk4Bhe?usp=drive_link",""
"LP-231-IDN","UPTD Laboratorium Lingkungan, Dinas Lingkungan Hidup dan Pertanahan Provinsi Sumatera Selatan","Jl. Aerobik No. 4 Kampus POM IX Palembang 30137","Sumatera Selatan","(0711) 359974","lab_ling_sumsel@yahoo.com","2027-12-18","2027-12-18","true","false","true","false","false","false","","","","Air sungai, air danau, air rawa, air limbah, air untuk keperluan hygiene sanitasi, tanah, lumpur, B3, udara ambien, kebisingan, emisi tidak bergerak, emisi bergerak, Udara lingkungan kerja","https://drive.google.com/drive/folders/1xPHlX2EJNwns6_BlVAOdU5QWnQwGq91l?usp=drive_link",""
"LP-232-IDN","Balai Besar Pengawas Obat dan Makanan di Manado","Jl. Raya Manado – Tomohon Km. 7, Pineleng – Sulawesi Utara 95361","Sulawesi Utara","T. (0431) 824686, 824210, 824327","pommanado@yahoo.co.id","2029-04-23","2029-04-23","false","false","false","true","false","false","","","","Terapetik : sediaan tablet, sediaan sirup, sediaan kapsul; Obat tradisional : sediaan serbuk, sediaan pil; Sediaan Bayi, Sediaan mandi, sediaan kebersihan badan, sediaan rambut, sediaan rias mata, sediaan rias wajah, sediaan perawatan kulit, sediaan higieni mulut; Pangan: Produk-produk susu dan analognya, susu bubuk, lemak, minyak, emulsi lemak, es krim, buah, sayur, sayur kering, buah kaleng, jam/selai, Nata de coco, Tepung Agar- agar, Kembang Gula/ Permen, Coklat, Coklat Olahan , Serealia Dan Produk Serealia, Biskuit, Roti, Kue Kering, Mie Kering, Mie Basah, Makaroni, Kecap, Tahu, Kerupuk, Tepung Terigu, Beras, Daging Dan Produk Daging (Termasuk Daging Unggas Dan Daging), Bakso Daging, Daging Kaleng (Corned Beef), Sosis, Ikan Dan Produk Perikanan (Termasuk Moluska, Krustase Dan Ekinodermata, Serta Amphibi Dan Reptil), Ikan Asap, Bakso Ikan, Garam, Rempah, Saus, Salad, Produk Protein, Garam Beryodium, Saus Tomat/ Sambal, Pala, Cuka Makan (vinegar, cuka hasil pengenceran asam asetat glasial), Minuman Tidak Termasuk Produk Susu, Minuman Ringan, Minuman Beralkohol, Bubuk Minuman, Bir Hitam, Sirup, Kopi, Tepung Kelapa Parut Kering, coklat bubuk, kopi bubuk, coklat batang, makanan pengganti ASI (MP-ASI), AMDK, es susu, mentega, margarin, tepung beras, tepung jagung, mi instan, bakpia kacang hijau, pudding, ragi, esen makanan dan minuman, jeli.","https://drive.google.com/drive/folders/11mOQCf17BwrZpzXPF35I_eAyPHhjKn4Z?usp=drive_link",""
"LP-233-IDN","Balai Besar Laboratorium Kesehatan Palembang","Jl. Inspektur Yazid No.2, Km. 2,5 Palembang, Sumatera Selatan","Sumatera Selatan","(0711) 352683","bblk_palembang@yahoo.co.id ; pemantapan.mutu.bimtek@gmail.com","2029-08-21","2029-08-21","false","false","true","false","false","false","","","","Air higine dan sanitasi, air minum, air limbah, disinfectan, potable water","https://drive.google.com/drive/folders/1y6RIlTvcZNQWfon_Q4AEFMnKxhq-Kfew?usp=drive_link",""
"LP-242-IDN","PT. SUCOFINDO Laboratorium Cabang Banjarmasin","Lokasi 1 : Jl. A. Yani Km. 18,2 No. 238, Kayu Bawang, Kec. Landasan Ulin Barat, Banjarmasin, Kalimantan Selatan Lokasi 2 : Coal processing Barge loading km 0, PT Adaro Indonesia, kec. Dusun hilir, Kabupaten Barito selatan","Kalimantan Selatan","(0511) 271080-85 ; (0526) 2091254","shartini@sucofindo.co.id ; fitri.aulia@sucofindo.co.id","2028-02-26","2028-02-26","false","false","true","false","false","false","","","","Lokasi 1 : Batubara, crude palm oil (CPO), bijih besi, air minum,Air Untuk Kebutuhan Hygiene Sanitasi, Air Sungai, air limbah, udara ambien, kebisingan, Udara Emisi Sumber Tidak Bergerak Lokasi 2 : Batubara","https://drive.google.com/drive/folders/1zQijyhe9p_Ptl8FYMOPTi8d7MX9caeZN?usp=drive_link",""
"LP-244-IDN","Balai Besar Pengawas Obat dan Makanan di Jayapura","Jl. Otonom Kotaraja, Jayapura - Papua","Papua","(0967) 5186333/5186777","1. bpomjpr04@yahoo.com 2. kjm.bbpomjpr@gmail.com","2029-10-28","2029-10-28","false","false","false","true","false","false","","","","Terapetik (tablet, kapsul, suspensi, larutan, serbuk), NAPZA, obat tradisional, kosmetik, pangan","https://drive.google.com/drive/folders/1-CkJGE3nhQi6JJoVEHp5R7k13qYaIL-2?usp=drive_link",""
"LP-245-IDN","Balai Pengawas Obat dan Makanan di Kendari","Kompleks Praja Bumi Anduonohu, Kendari, Sulawesi Tenggara","Sulawesi Tenggara","(0401) 3195855","ulpk_kdipom@yahoo.com","2027-02-20","2027-02-20","false","false","false","true","false","false","","","","Obat/terapetik (tablet, kapsul, sirup, cuplikan, injeksi, suspensi) Obat tradisional dan suplemen kesehatan, produk komplemen (sediaan padat, sediaan cair) Kosmetika (sediaan padat, sediaan semi padat, sediaan cair) Pangan dan bahan berbahaya","https://drive.google.com/drive/folders/13GYhrPFcQtA3voIdAqedV3nqtHwK-ziv?usp=drive_link",""
"LP-251-IDN","Balai Besar Teknik Kesehatan Lingkungan dan Pengendalian Penyakit Yogyakarta","Jl. Imogiri Timur Km. 7,8, Grojogan, Wirokerten, Banguntapan, Kab. Bantul, Yogyakarta","DI Yogyakarta","(0274) 371588","info@btkljogja.or.id","2026-11-22","2026-11-22","true","false","true","true","false","false","","","","Air minum, air bersih, air sungai, air danau, air waduk, air saluran, air mata air, air gua, air limbah, air kolam renang, air laut, usap, air haemodialisa, sedimen, sludge, tanah, lumpur/sedimen,usap, udara, udara ambien, pangan, usap, usap tenggorok/usap nasofaring, serum, nyamuk, kebisingan, udara ruang, jaringan daging ikan","https://drive.google.com/drive/folders/1-hkw9dpuZltSEBHBnyRtLOUnUwhpuA_H?usp=drive_link",""
"LP-252-IDN","PT Riau Sakti United Plantations","Pulau Burung, Desa/Kel. Pulau Burung, Kec. Pulau Burung, Kab. Indragiri Hilir, Riau","Riau","(0779) 541888","yunita@rsup.co.id","2026-11-22","2026-11-22","false","false","true","false","false","false","","","","Desicated coconut, canned coconut cream/milk, canned pineapple, pineapple juice concentrate, UHT coconut cream/milk, frozen coconut water concentrate, virgin coconut oil, Aseptic Coconut Water Single, Swab Test (personel, peralatan/equipment uniform), UHT Coconut Cream/Milk, Canned Coconut Cream/Milk, Pineapple Juice Concentrate, Frozen Coconut Water Concentrate, Swab (Personel, Peralatan Produksi dan Peralatan Pengujian, Seragam Kerja Personel), Air Minum, Air untuk Keperluan Higiene dan Sanitasi","https://drive.google.com/drive/folders/1-gcMOC_RMSR9Y-7hWqjLQ4xjG-Y-QIpV?usp=drive_link",""
"LP-253-IDN","UPT Penyelidikan, Pengukuran dan Pengujian, Dinas Pekerjaan Umum Provinsi DKI Jakarta","Jl. D.I. Panjaitan Kav. 583, Cawang, Jakarta Timur 13410","DKI Jakarta","T. (0779) 541888","upt_ppp_dpu@yahoo.com","2029-10-15","2029-10-15","true","false","true","false","false","false","","","","Tanah, beton, jalan, aspal cement/aspal padat, agregat kasar (spleet, macadam, screening), agregat halus (abu batu), pasir (sand beeding), pasir pasang, hotmix (aspal beton), bidang pengukuran vertikal (jalan, jembatan, saluran, waduk, bangunan, tanah, sirtu, makadam, ururgan, kali, turap, pintu air, bendung, koker","https://drive.google.com/drive/folders/1-dqQVZVolfSDHfWqL72Hrwd9wMvYSu-B?usp=drive_link",""
"LP-254-IDN","PT Sucofindo (Persero) Laboratorium Cabang Sangatta","Lokasi 1: Jl. AM Parikesit Road 9, Sangatta, Kab. Kutai Timut, Kalimantan Timur Lokasi 2: PIK Lubuk Tutung Port Site Coal Laboratory Desa Sekerat, Kec. Bengalon, Kab. Kutai Timur Lokasi 3 : Jl. Soekarno Hatta, Dusun Kalimaya, Desa Sempayau, Kec. Sangkulirang, Kab. Kutai Timur Lokasi 4 : Site PT Indexim Coalindo Kaliorang Port, Kec. Kaliorang, Kab. Kutai Timur, Kalimantan Timur","Kalimantan Timur","(0549) 525120 ; (0549) 525213","sucofindo@kpc.co.id","2029-05-23","2029-05-23","false","false","true","false","false","false","","","","Lokasi 1: Batubara, air untuk keperluan higine sanitasi, air minum, air sungai, air limbah, solar, used oil Lokasi 2: Batubara Lokasi 3: Batubara Lokasi 4: Batubara","https://drive.google.com/drive/folders/1-vrWq_7xWboVpsqcXV3yOQTWoO5dNW5Y?usp=drive_link",""
"LP-255-IDN","PT Coca Cola Indonesia - Laboratorium Pabrik Konsentrat","Jl. Raya Bogor - Jakarta Km. 38, Cilangkap, Depok, Jawa Barat","Jawa Barat","(021) 28688101","dpratiwi@coca-cola.com","2027-04-29","2027-04-29","false","false","true","false","false","false","","","","Propylene Glycol. Beverage Base, Water Treated","https://drive.google.com/drive/folders/10aAOsk3I0s98HR8_0WqpcJjYHmzFYwuO?usp=drive_link",""
"LP-258-IDN","PT SUCOFINDO Laboratorium Cabang Samarinda (Multilokasi)","Lokasi 1: Jl. Teuku Umar No. 65 RT 60, Kelurahan Karang Asam, Samarinda, Kalimantan Timur 75126 Lokasi 2: Jl. Pelita RT 02, Dondang Kecamatan Muara Jawa Kabupaten Kutai Kertanegara (Laboratorium unit pelayanan Dondang)","Kalimantan Timur","T. (0541) 6293771-4, 08125804753","samarinda@sucofindo.co.id subandono@sucofindo.co.id chalvin@sucofindo.co.id","2028-02-26","2028-02-26","true","false","true","false","false","false","","","","Lokasi 1 : Batubara, air limbah, air untuk keperluan higiene dan sanitasi, Air sungai, air minum, Emisi sumber tidak bergerak, Udara ambient, kebisingan, Minyak kelapa sawit (CPO), beton silinder, Baja tulangan beton, Agregat kasar, agregat halus, Tanah, batuan Lokasi 2 : Batubara","https://drive.google.com/drive/folders/10sb4OXhjDPANtUMz5jowhDISPv_BCPL8?usp=drive_link",""
"LP-260-IDN","PT Hartono Istana Teknologi","Lokasi 1: Jl. Raya Semarang Demak Km. 9, Sayung, Jawa Tengah (Sublab Home Appliance) Lokasi 2: Jl. KHR. Asnawi PO Box 126, Kudus, Jawa Tengah (Sublab Elektronika & RF)","Jawa Tengah","(024) 6592220 (0291) 433255/66","lab@polytron.co.id","2031-07-25","2031-07-25","false","false","true","false","false","false","","","","Electric iron, Spin extractors, Washing machine, Kitchen machines (blender, juicer), Heating liquid, Refrigerator, freezer, Air conditioner, Electric fan, Commercial refrigerators, Rice cooker, Pesawat telepon seluler GSM, Pesawat telepon seluler WCDMA, Pesawat telepon seluler LTE, Wireless Local Area Network (WLAN), Perangkat Bluetooth, Receiver DVB-T2, Information technology equipment (ITE), Audio, video and similar electronic apparatus, Battery charger, Audio/video, information and communication technology, Low Power Wide Area (LPWA) non seluler, Television","https://drive.google.com/drive/folders/11-Bw4HQ9bS07VJnXdnA54252obptmQYC?usp=drive_link",""
"LP-268-IDN","Balai Besar Pengawas Obat dan Makanan di Samarinda","Jl. Let. Jend. Soeprapto No. 3, Samarinda 75123","Kalimantan Timur","T. (0541) 741630","bbpom_smd@yahoo.com","2029-07-22","2029-07-22","false","false","false","true","false","false","13 28 31 32","241","2026-04-20","Terapetik obat (tablet, kapsul, sirup, suspensi oral, larutan oral, tetes telinga, krim), narkotika, obat tradisional (sediaan cair, serbuk, pil, tablet, kapsul, rajangan), kosmetika, pangan dan bahan berbahaya (sirup berperisa, serbuk minuman berperisa, saus tomat/cabe, minyak kelapa sawit, Kemasan plastic polikarbonat, kerupuk ikan/udang mentah, bir dan minuman malt, susu UHT/susu steril, ikan dalam kaleng, tepung terigu, kopi instan, margarin, AMDK, teh, formula lanjutan, susu bubuk berlemak, minuman tidak termasuk susu, susu kental manis, tepung dan hasil olahannya), kosmetika","https://drive.google.com/drive/folders/1Hjhn085YnDyVik9fSXw0Fi9Ruft4BsBT?usp=drive_link","https://layanan.kan.or.id/direktori-lpk/181/1"
"LP-278-IDN","Balai Besar Pengawas Obat dan Makanan di Palangka Raya","Jl. Cilik Riwut No. 13, Km. 3,5 Palangka Raya, Kalimantan Tengah","Kalimantan Tengah","(0536) 3221096","balaipomplk@yahoo.com, bpom_palangkaraya@pom.go.id","2031-07-02","2031-07-02","false","false","false","true","false","false","","","","Obat Terapetik (Dimenhidrinat tablet/kaplet, Antasida tablet, Ranitidine tablet, Glibenklamid tablet), Obat bahan alam, obat kuasi, suplemen kesehatan (pelangsing, jamu pegal linu), Kosmetik (Sabun mandi bayi, Shampoo bayi, Sabun mandi, Blush on, Lip gloss/lip liner/lip shine/lip care/lip color, Night cream/day cream, Moisturizer/wrinkle smoothing/remover/anti aging cream, sediaan kuku), Pangan dan Bahan Berbahaya (tahu, bakso daging, terasi udang, garam beriodium, saus sambal), Mikrobiologi (obat dalam, Sabun Mandi bayi (untuk anak dibawah 3 tahun, Area sekitar mata, Area membran mukosa bentuk cair), Sabun Mandi (untuk selain anak dibawah 3 tahun, Selain Area sekitar mata; Selain membran mukosa bentuk cair) tepung terigu, AMDK, sari buah, kopi bubuk)","https://drive.google.com/drive/folders/1Iz-XQrzQTt1nTaY_8mUaHhLgIsDLEL7F?usp=drive_link",""
"LP-286-IDN","PT Biochem Technology","Jl. Sulawesi No. 36, Surabaya, Jawa Timur","Jawa Timur","(031) 5022666","cs.biochem@gmail.com","2029-07-22","2029-07-22","false","false","true","true","true","false","13 31 32 33","945","2026-04-29","Susu dan Minuman berbasis susu, Susu Fermentasi dan produk susu fermentasi, Susu kental dan analognya, krim yang disterilkan atau UHT, krim whipping, krim rendah lemak, Susu bubuk dan krim bubuk, Keju tanpa pemeraman, Keju peram, Makanan pencuci mulut berbahan dasar susu, lemak dan minyak nabati, mentega dan margarin, buah olahan, sayur kering, cabe kering, rumput laut kering, sayur dalam kemasan, tomat dalam kemasan, jagung manis dalam kemasan, jamur dalam kemasan, asparagus dalam kemasan, wortel dalam kemasan, rebung bamboo dalam kemasan, pasta tomat, keripik sayur, selai buah, kakao bubuk dan kakao massa/kelik kakao, olesan berbasis kakao, produk kakao dan cokelat, kembang gula, tepung dan pati, sereal olahan, pasta dan mi serta produk sejenisnya, tepung bumbu, minuman kedelai, tahu segar, kedelai fermentasi, produk bakteri, krekers (tidak termasuk krekers manis), Premiks untuk roti tawar dan produk bakteri, keik, kukis dan pai, Premiks untuk produk bakteri istimewa, daging, daging unggas dan daging hewan buruan mentah, Produk-produk olahan daging, daging unggas dan daging hewan buruan dalam bentuk (utuh atau potongan, Dihaluskan), Ikan dan produk perikanan lainnya termasuk moluska, krustase dan ekinodermata yang telah mengalami pengolahan, ikan dan produk perikanan awet, Telur segar, gula mentah dan gula dimurnikan, gula merah, larutan gula dan sirup, bumbu dan kondimen, cuka makan, sup dan kaldu, saus non emulsi, ragi dan produk sejenisnya, susu kedelai, minuman berbasis air berperisa, kopi, teh, seduhan herbal dan minuman biji-bijian dan sereal panas, the kering, minuman beralkohol, makanan ringan berbahan dasar kentang, umbi, serelia, tepung atau pati, olahan kacang dan berbasis ikan, nasi dan lauk pauk (nasi ayam, nasi ayam bumbu, nasi daging saus, nasi daging bumbu, nasi ikan pepes, nasi ikan panggang, nasi ikan saus, nasi ikan bumbu, nasi kuning, nasi uduk), obat tradisiional (jamu) solid dan liquid, kosmetik (solid, semi solid, liquid), bahan tambahan pangan (essence, pewarna, pengembang, pengemulsi, stabilizer), tepung terigu, biskuit, garam konsumsi beryodium, ikan dan produk perikanan kaleng, Madu, herba dan rempah, udara/ruang, permukaan peralatan, meja, tangan, baju, lantai, Susu, susu segar, susu pasteurisasi, susu UHT, susu steril, susu rendah lemak, susu rekonstitusi, susu rekombinan, Minyak Goreng, Minyak Sayur, Minyak Salad, Minyak Samin, Lemak Reroti, Pengganti Minyak Mentega, Sayur Beku, Buncis Beku, Kacang Kapri Beku, Brokoli Beku, Brussel Sprout Beku, Bayam Beku, Wortel Beku, Jamur Beku, Biji Jagung Beku, Jagung Bertongkol Beku, Terong Beku, Jamur Kering, Nori, Sayur Asin Kering, Kacang Kering dan Polong Kacang Kering, biji-bijian utuh, Bawang Putih, Bawang Merah (Shallot), Bawang Batak, Biji Seledri, Biji Sawi/Biji Mustard, Biji Sawi Bubuk atau Biji Mustard Bubuk, Cabe Jawa, Cabe Merah Segar, Bubur Cabe, Cabe Bubuk, Biji Dill (Dill Seed), Adas Manis, Adas Sowa, Adas Cina, Ender, Dill Weed, Fenugreek, Kelabat, Kelabet, Klabat, Fenugreek Bubuk, Kelabat Bubuk, Kelabet Bubuk, Klabat Bubuk, Fuli Kering, Fuli Bubuk, Jahe Segar, Jahe Kering, Bubur Jahe, Jahe Bubuk, Jintan/Caraway, Jintan Bubuk, Jintan Manis, Jintan Hitam, Jintan Hitam Bubuk, Jintan Putih, Cumin, Jintan Putih Bubuk, Kapulaga, Biji Kapulaga, Kapulaga Lokal,Kapulaga (Cardamom) Amomum, Biji Kapulaga (Cardamom) Amomum, Kapulaga Bubuk, Kapulaga (Cardamom) Amomum Bubuk, Kayu Manis, Kayu Manis Bubuk, Kemiri Dengan Tempurung, Kemiri, Kemiri Bubuk, Kencur, Kencur Bubuk, Ketumbar, Daun Ketumbar, Ketumbar Bubuk, Picung, Kluwek, Kunyit, Kunyit Bubuk, Lada Hitam, Lada Hitam Bubuk, Lada Putih, Lada Putih Bubuk, Lada Bubuk Campuran, Andaliman, Lengkuas/Laos, Lengkuas/Laos Bubuk, Kecombrang/ Sambung/ Kencong, Marjoram, Mint, Onion/Bawang Bombay, Onion Bubuk/Bawang Bombay Bubuk, Oregano, Pala, Pala Untuk Destilasi, Pala Bubuk, Parsley, Paprika Bubuk, Sweet Paprika Bubuk, Rosemari, Saga, Saffron, Pekak/Bunga Lawang/Star Anise, Temu Kunci, Tarragon, Thymi/Thyme, Ikan dan produk perikanan,","https://drive.google.com/drive/folders/1md4Vk5_t3fds87NmsNUeE3h1TS2kkUq3?usp=drive_link","https://layanan.kan.or.id/direktori-lpk/195/1"
"LP-288-IDN","Balai Pengendalian dan Pengawasan Mutu Hasil Kelautan dan Perikanan Makassar","Jl. A. Djemma No. 7, Makassar, Sulawesi Selatan","Sulawesi Selatan","(0411) 874793","bbki_makassar@yahoo.co.id","2027-02-01","2027-02-01","false","false","true","false","false","false","","","","Ikan koi, mas koki, komet, bandeng, kerapu, nila, udang windu, udang vannamei, lele, fresh & frozen demersal, fresh & frozen pelagic, fresh & frozen tuna, fresh & pasteurized crabmeat, fresh & dry flying fish roe, fresh & frozen chepalod, fresh & frozen lobster & slipper lobster, fresh & frozen & cook shrimp, dried shark fin, dried fish maw, dried abalone, dried sea cucumber, frozen octopus, frozen milkfish, dried seaweed, air dan es, ikan tuna, kepiting, ikan sidat, ikan belut","https://drive.google.com/drive/folders/1n--auNwHD7N5oqUp-LcLL4lW4Q5NnERH?usp=drive_link",""
"LP-289-IDN","PT Jababeka Infrastruktur","Gedung WTP-2, Jl. Irigasi Raya No. 1, Cikarang Baru, Kabupaten Bekasi, Jawa Barat","Jawa Barat","(021) 89834321","m.yanwar@jababekainfra.com","2029-11-18","2029-11-18","false","false","true","false","false","false","","","","Air untuk keperluan higiene dan sanitasi, air minum, air limbah, air sungai, udara ambien, udara emisi sumber tidak bergerak, udara lingkungan kerja","https://drive.google.com/drive/folders/1n-LSEhyuDY7kpQMQQlTOpDYjjEkPrRo4?usp=drive_link",""
"LP-290-IDN","Balai Pengawas Obat dan Makanan di Bengkulu","Jl. Depati Payung Negara Km. 13 No. 29, Pekan Sabtu Tromopl Pos 2, Bengkulu","Bengkulu","(0736) 53990-53993","pengujian_bengkulu@yahoo.com","2030-06-21","2030-06-21","false","false","false","true","false","false","","","","Obat/terapetik, obat tradisional, kosmetika, pangan","https://drive.google.com/drive/folders/1nuXs21kXSEVphLEbgQNyWfYsFMdgBudG?usp=drive_link",""
"LP-291-IDN","Balai Pengawas Obat dan Makanan di Ambon","Jl. Dr. Kayadoe SK. 20, Kudamati, Ambon, Maluku","Maluku","(0911) 345866","1. jamut.ambon@gmail.com 2. pengujian_amq@yahoo.com","2029-07-22","2029-07-22","false","false","true","true","false","false","","","","Obat tradisional (jamu), kosmetik (sediaan bayi, sabun mandi bayi, sediaan kebersihan badan, sabun mandi/sabun mandi cair/sabun mandi antispetik, sediaan perawatan kulit, sediaan wangi-wangian, sediaan rambut, sediaan pewarna rambut, sediaan rias mata, sediaan rias wajah, sediaan perawatan kulit), pangan (pala, produk olahan kacang, susu), mikrobiologi (air minum dalam kemasan/AMDK), swab nasoparing dan oroparing","https://drive.google.com/drive/folders/1o2M0TJiyuSdNdN05eL3WkBr04SB-lcVk?usp=drive_link",""
"LP-292-IDN","Unit Pelaksana Teknis Daerah Pengujian dan Penerapan Mutu Hasil Perikanan Kelas A Provinsi Banten","Jl. Perintis Kemerdekaan II, Cikokol, Tangerang","Banten","(021) 5581273","lppmhptangerang@yahoo.com; oviastri5@gmail.com","2029-12-16","2029-12-16","false","false","true","false","false","false","","","","Produk Perikanan (tuna segar, tuna beku, kakap segar, kakap beku, tenggiri segar, tenggiri beku, tuna loin beku , udang segar, udang beku, udang rebus beku, udang breaded, kerang, lobster, belut ikan asin, abon ikan, kerupuk ikan, bakso ikan, cumi beku, ranjungan kaleng pasteurisasi, otak-otak ikan, pindang ikan, bandeng presto, nugget ikan, siomay ikan), air untuk keperluan sanitasi hygiene (air baku , air proses pengolahan ), air minum, es","https://drive.google.com/drive/folders/1dM6l7TtENe9ar_9ndDRRrSps_PTQ8i1W?usp=sharing",""
"LP-298-IDN","PT Sari Incofood Corporation","Jl. Tambak Rejo Desa Buntu Bedimbar, Kec. Tanjung Morawa, Kab. Deli Serdang, Sumatera Utara","Sumatera Utara","(061) 7943420","labpengujisif@gmail.com","2027-06-09","2027-06-09","false","false","true","true","true","false","","","","R & G Coffee Mixture, minuman kopi dalam kemasan, Ground Coffee, Ground Coffee Mixture, Cereal, Daun Teh, Cereal Mixture Chocolate Mixture, Creamer, Instant Coffee, Minuman Serbuk Berperisa, Instant Tea Mixture, R & G Coffee, Instant Coffee Mixture, Instant Tea, Susu Bubuk, Air Limbah, Air Bersih, Air Minum","https://drive.google.com/drive/folders/1oULnjm19dX5nIDItASVToByo4Qs9pKYV?usp=drive_link",""
"LP-304-IDN","Balai Besar Pengawas Obat dan Makanan di Kupang","Jl. R.A. Kartini, Kel. Kota Baru, Kec. Kelapa Lima, Kupang, Nusa Tenggara Timur","Nusa Tenggara Timur","Telp (0380) 8554595","1. balaipom_kupang@yahoo.com 2. kjm.kupang@gmail.com","2029-11-18","2029-11-18","false","false","true","true","false","false","","","","I. Terapetik (Obat): sediaan tablet, sediaan kapsul, sediaan sirup kering, sediaan sirup, sediaan salep kulit, sediaan suspensi, sediaan tetes mata, sediaan tetes telinga, sediaan injeksi II. Narkotika, Psikotropika dan zat adiktif: sediaan tablet III. Obat tradisional dan produk komplemen: Jamu bentuk serbuk, jamu bentuk kapsul, jamu bentuk pil, jamu bentuk tablet, produk komplemen (penambah stamina bentuk serbuk, vitamin bentuk tablet, vitamin bentuk cair/sirup) III. Kosmetik: sediaan bayi (sampo, bedak, sabun mandi, baby oil, baby lotion, baby cream, baby cologne), sediaan mandi (sabun mandi antiseptik, sabun mandi), sediaan kebersihan badan (bedak badan, deodoran, bedak badan antiseptik), sediaan rias mata (perona mata/eye shadow), sediaan rias wajah (vanishing, foundation, face powder/liquid powder/compact powder, lipstik/lipgloss/lip liner/lip shine/lip color/lip care, perona pipi/blush on, make up kit, bedak tabur, bedak padat), sediaan perawatan kulit (pelembab, lulur, hand & body lotion, skin bleach, pemutih, susu pembersih muka, astringent, night/cold/day cream, anti jerawat), sediaan hiegene mulut (pasta gigi, penyegar mulut), sediaan rambut (sediaan shampo, shampo anti ketombe, cream rambut), sediaan tabir surya IV. Pangan: daging dan olahannya (bakso, abon, sosis, corned beef, daging asap yang diolah panas), garam konsumsi beryodium, kecap, mie kering, makaroni, minyak dan lemak (minyak, margarine), saos tomat/sambel, tepung (tepung terigu, tepung bumbu), ikan dan hasil olahannya (bakso ikan, terasi, ikan kaleng, saus tiram, sarden saus tomat dalam kaleng), mie basah, kerupuk, tahu, minuman beralkohol, air minum dalam kemasan (AMDK), biskuit, kopi dan olahannya, kopi bubuk dalam kemasan, buah kalengan, sayur kalengan, kembang gula, minuman squash, bipang, essence, kedelai fermentasi (tauco), petis udang, mie instan, coklat bubuk, coklat batang,madu, jelly, es mambo, keripik pisang, buah/sayuran dan olahannya, makanan bayi (bubur bayi, pengganti air susu ibu/PASI, produk bentuk kering dan instan, minuman dan bahan minuman (minuman serbuk, minuman ringan & sirup, bubuk minuman, minuman sari buah/juice, es berperisa), susu dan olahannya (susu bubuk, susu UHT, yogurt, susu kental manis, es krim, keju), biskuit, puding matang/dingin/beku, jelly agar","https://drive.google.com/drive/folders/1p_DszNriuIMi0WNUeMfnKnT_gGLSOYBK?usp=drive_link",""
"LP-305-IDN","Balai Besar Laboratorium Kesehatan Masyarakat Jakarta","Jl. Bambu Apus Raya No. 6 Blok C1, Cipayung, Jakarta Timur, DKI Jakarta","DKI Jakarta","(021) 8484912","bbtklppjakarta@gmail.com","2027-07-29","2027-07-29","false","false","true","false","false","false","","","","Air limbah, air sungai, air danau, air untuk keperluan higiene sanitasi, air minum, air haemodialisa, makanan siap saji, usap (alat makan & minum, alat masak, alat medis, lantai, dinding), swab nasopharingeal, swab oropharingeal, swab hidung dan tenggorokan, sediaan darah (preparat ulas darah), udara ambien, udara emisi sumber tidak bergerak, lingkungan kerja, kebisingan, limbah B3 padat (abu, sludge, dan padatan)","https://drive.google.com/drive/folders/1pbWsKZAFd6JKNal240lkagZSbouBvphA?usp=drive_link",""
"LP-308-IDN","PT Universal Laboratory","Latrade Industrial Park Blok H-1, Tanjung Uncang, Kota Batam, Kepulauan Riau","Kepulauan Riau","(0778) 396830","universalab@universalab.com","2029-11-17","2029-11-17","false","false","false","false","false","true","","","","Insektisida, herbisida, fungisida, pestisida","https://drive.google.com/drive/folders/1p_g5bECSWw6LOx_UpSfvbkWK8WvaF1Mf?usp=drive_link",""
"LP-309-IDN","PT Krakatau Tirta Industri","Jl. Ir. Sutami, Kebonsari, Citangkil, Cilegon – Banten 42442","Banten","Telp (0254) 372186; 37224","ridza@krakatautirta.co.id","2027-09-18","2027-09-18","false","false","true","false","false","false","","","","Air untuk keperluan higiene sanitasi","https://drive.google.com/drive/folders/1psDZ3p4Vxoc20zsuy_hDLaVz4u1B-0CZ?usp=drive_link",""
"LP-312-IDN","Departemen Ilmu dan Teknologi Pangan, Fakultas Teknologi Pertanian, Institut Pertanian Bogor","Kampus Darmaga IPB, Bogor, Jawa Barat","Jawa Barat","(0251) 8629855","lditp@apps.ipb.ac.id","2030-02-24","2030-02-24","false","false","true","true","false","false","13","71","2026-06-26","Corned beef, Baso daging, Sosis, Bandeng Presto, Terasi, Ikan Kaleng, Sirup Jahe, Bumbu Instan, Sop instan, Saus, Saus Sambel, Kecap, MP-ASI, Susu cair, susu bubuk, susu bubuk bebas lemak atau susu skim bubuk, krim bubuk, keju, Virgin coconut oil, minyak goreng, minyak goreng sawit, minyak jagung, minyak kelapa, minyak kedelai, Buah kaleng, rumput laut, Pasta cokelat, Jagung, tepung sagu, tepung tapioka, tepung beras, tepung kacang hijau, tepung terigu, pasta (makaroni), mie, dodol, tahu, tempe, Wafer Stick, biskuit, Air minum, Kopi bubuk, kopi instan, SariBuah/ Juice, Minuman serbuk, sirup jahe, Snack(potato chips), Makanan Ringan Berbahan Dasar Kentang, Umbi, Susu bubuk, susu cair, saos dan tapioka, Snack(potato chips), Makanan Ringan Berbahan Dasar Kentang, Umbi, Serelia, Tepung atau Pati, Susu bubuk, Susu bubuk bebas lemak atau susu skim bubuk, krim bubuk","https://drive.google.com/drive/folders/1q-HmlK2xkZoXuLmL8IN9lmMLSF0PY2_-?usp=drive_link","https://layanan.kan.or.id/direktori-lpk/219/1"
"LP-316-IDN","PERUMDA Tirtawening Kota Bandung - Laboratorium Pengendalian Kualitas Lingkungan","Jl. Atlas No. 6 Antapani, Bandung","Jawa Barat","(022) 7219399","mr_m2n@yahoo.com","2030-04-19","2030-04-19","true","false","true","false","false","false","","","","Air bersih (air sumur, air perpipaan, air kolam renang, air pemandian umum, air spa), air minum, air permukaan (air sungai, air mata air, air waduk), air limbah, tanah/lumpur ekstrak TCLP, udara ambien, kebauan, udara emisi sumber tidak bergerak, air untuk keperluan hygiene sanitasi","https://drive.google.com/drive/folders/1psqu_q9Faf3e3FlkjHWyaEusLA1nTeDP?usp=drive_link",""
"LP-321-IDN","PT Ecostar Laboratories","Karawaci Office Park B16, Lippo Karawaci - Tangerang, Banten","Banten","(021) 55793664","ninik_k@ecostargrp.com; info@ecostargrp.com","2029-11-28","2029-11-28","false","false","true","false","false","false","","","","Air limbah, air sungai, air untuk keperluan higiene dan sanitasi, air minum, air laut, limbah B3 fasa padat, limbah padat, sedimen dan tanha, udara emisi sumber tidak bergerak, udara emisi sumber bergerak, udara ambien, kebisingan, kebauan, udara lingkungan kerja.","https://drive.google.com/drive/folders/1rKGecdw6S4NQVghLaeHPXdFUPDY1VDu-?usp=drive_link",""
"LP-323-IDN","Departemen Teknologi Industri Pertanian - Fakultas Teknologi Pertanian - Institut Pertanian Bogor","Gedung Fateta Lt. 2, Kampus Institut Pertanian Bogor Darmaga, PO. Box 220, Bogor","Jawa Barat","T. (0251) 8627830","suatinipb@gmail.com","2029-07-28","2029-07-28","false","false","true","false","false","false","","0","2026-04-15","Air sungai, air untuk keperluan higiene sanitasi, air limbah, sedimen, gula kristal mentah, tepung jagung, gula palma, keripik singkong, susu bubuk diet diabetes, susu sereal","https://drive.google.com/drive/folders/1ra-cepXmh5QPlcZfFHSo03DjwDTb7Mo8?usp=drive_link","https://layanan.kan.or.id/direktori-lpk/229/1"
"LP-326-IDN","Pusat Sumber Daya Mineral Batubara dan Panas Bumi","Jl. Soekarno-Hatta No. 444, Bandung, Jawa Barat","Jawa Barat","(022) 5202698; +62 82140008530","lab.psdg@gmail.com; psdmbp2@esdm.go.id","2029-11-18","2029-11-18","true","false","true","false","false","false","","","","Batuan, batubara, bijih, tanah/sedimen/pasir/laterit/konsentrat, mineral logam, nikel, mineral logam, mineral bukan logam, bauksit, air manifestasi sistem panas bumi, mineral logam dan bukan logam","https://drive.google.com/drive/folders/1s8aQgU3rbQtUaR4A50UGd8oW2rj0NGmI?usp=drive_link",""
"LP-327-IDN","PT Gelora Djaja","Jl. Buntaran No. 9, Manukan Wetan, Tandes, Surabaya, Jawa Timur","Jawa Timur","T. (031) 7493556","dc.labgd@wismilak.com, mohammad.holil@wismilak.com","2028-01-27","2028-01-27","false","false","true","false","false","false","","","","Rokok kretek, rokok putih, tembakau/blend tembakau, cigarette Tipping Paper, Cigarette Filter, Mineral Water, Air Limbah, air sungai, Cairan sigaret elektrik dan Produk tembakau yang dipanaskan, Cairan sigaret elektrik, Produk tembakau yang dipanaskan, Cairan sigaret elektrik, Sigaret Kelembak Kemenyan","https://drive.google.com/drive/folders/1sanY-tDDjrqzyQc6K5hytoBwG3VogKBM?usp=drive_link",""
"LP-330-IDN","PT Mitralab Buana","Jl. Agung Raya II No. 14, RT 007 RW 007, Lenteng Agung, Jagakarsa, Jakarta Selatan 12610","DKI Jakarta","T. (021) 7888 1468; 78881252","qa.mitralabbuana@gmail.com","2028-02-26","2028-02-26","false","false","true","false","false","false","","","","Udara ambien, kebisingan, lingkungan kerja, emisi sumber tidak bergerak, emisi sumber bergerak, air limbah, air permukaan (air sungai, air danau, air sumur, air situ, air mata air), air untuk keperluan higiene dan sanitasi, air minum, air laut","https://drive.google.com/drive/folders/1tYZ56DKoVfnpcrZZ9SGqSj0hkp9ftK--?usp=drive_link",""
"LP-335-IDN","Analytical Laboratory Smartri, PT Sinar Mas Agro Resources & Technology (SMART), Tbk.","Libo Estate, Desa. Sam Sam, Kec. Kandis, Siak - Riau","Riau","(0761) 32986","1. tauvik_risman@yahoo.com 2. lab.libz@sinarmas-agri.com","2027-09-18","2027-09-18","true","true","true","false","false","false","","","","Pupuk amonium sulfat, pupuk amonium klorida, pupuk fosfat alam untuk pertanian, pupuk diamonium posphat (DAP), pupuk kalium klorida (MOP), pupuk dolomit, pupuk borat, pupuk chopper sulfat (CuSO4), pupuk zink sulfat (ZnSO4), pupuk NPK, pupuk urea, TSP, kieserite, Kaptan, minyak kelapa sawit (CPO), air limbah, Air Sungai, Air Tanah.","https://drive.google.com/drive/folders/1uCApnbRViWr-4Z5GmdYl5MvQQ9SKLUqk?usp=drive_link",""
"LP-336-IDN","PT Geoservices - Environmental Laboratories","Jl. Sukajadi No. 227, Bandung, Jawa Barat","Jawa Barat","T. (022) 2038468","envdiv@geoservices.co.id","2029-08-20","2029-08-20","true","false","true","false","false","false","","","","Air bersih, air tanah, air minum, air sungai, air limbah, preform, closure dan botol kosong, air cooling tower, gula & jahe","https://drive.google.com/drive/folders/1uEz4k48xCloClyQQKNC1bKuxvQMboQJh?usp=drive_link",""
"LP-338-IDN","PT Nusantara Water Centre","Intercon Plaza - Taman Kebon Jeruk Blok A3/16-17, Jl. Meruya Ilir Raya, Jakarta","DKI Jakarta","(021) 5304982; 5857392","nwcjakarta@gmail.com","2030-09-20","2030-09-20","true","false","true","false","false","false","","","","Air Minum, Air untuk Keperluan Higiene dan sanitasi, Air hygiene sanitasi (air sumur dan air tanah), Air Proses, Air limbah, Air Sungai, Air Danau, Air Laut, Padatan/Tanah, Udara Ambien, Kebisingan, Lingkungan Kerja, Emisi Sumber Tidak Bergerak, Udara Emisi Sumber Bergerak Kategori M, N dan O Akselerasi Bebas, Udara Emisi Sumber Bergerak Kategori M, N dan O Kondisi Idle","https://drive.google.com/drive/folders/1uZKEWrs7Dy54NO8LPuWM2EG9TlWICvg9?usp=drive_link",""
"LP-343-IDN","Perusahaan Umum Daerah Air Minum Jaya (PAMJAYA) (Multilokasi)","Pusat : Jl. Pejompongan Raya No. 52, Pejompongan, Jakarta Pusat, DKI Jakarta Lokasi 1 : Jl. Pejompongan Raya No. 52, Pejompongan, Jakarta Pusat, DKI Jakarta Lokasi 2 : Jl. Penjernihan II No. 2, Pejompongan, Jakarta Pusat, DKI Jakarta Lokasi 3 : Jl. Raya Kalimalang No. 89, Jakarta Timur 1, DKI Jakarta","DKI Jakarta","(021) 5704250 ; (021) 5719404","laboratorium@pamjaya.co.id ; lestari.fitrianingrum@pamjaya.co.id","2029-08-04","2029-08-04","false","false","true","false","false","false","","","","Lokasi 1 (air minum, air higiene sanitasi, air sungai, air waduk, air danau, air mineral, air kolam renang Lokasi 2 (air minum, air sungai, air waduk, air sungai) Lokasi 3 (air minum, air sungai)","https://drive.google.com/drive/folders/1ukb7uiUoEYLrA8Hexh3q73hVUh3UrG7m?usp=sharing",""
"LP-346-IDN","UPTD Laboratorium Lingkungan Hidup Dinas Lingkungan Hidup Provinsi Jawa Barat","Jl. A. H. Nasution No. 117, Ujungberung, Bandung, Jawa Barat","Jawa Barat","(022) 7803370","uptdlablingjabar@gmail.com ; uptdllh@jabarprov.go.id","2031-05-04","2031-05-04","false","false","true","false","false","false","","","","Air limbah, air danau, air sumur, air sungai, air akuifer, air situ, air mata air, air waduk, air untuk keperluan higiene dan sanitasi, udara ambien, kebisingan","https://drive.google.com/drive/folders/1vnjSGD_MAoY63nFluiRdtdSX2snQ2M-y?usp=drive_link",""
"LP-348-IDN","UPT Balai Sertifikasi Mutu Benih Tanaman Pangan dan Hortikultura Sulawesi Selatan","Jl. Dr. Ratulangi No. 71, Maros, Sulawesi Selatan","Sulawesi Selatan","(0411) 371202","labpenguji.bpsbmaros@gmail.com","2027-07-17","2027-07-17","true","false","false","true","true","false","","","","Benih tanaman pangan (padi, kedelai, jagung, kacang tanah, kacang hijau, gandum); Benih tanaman hortikultura (bayam, kangkung, cabe, tomat, sawi, terong, mentimun, seledri, kacang panjang, bawang merah)","https://drive.google.com/drive/folders/1w22Jqx2uDpw8umEufexsH9izTWWs1-AM?usp=drive_link",""
"LP-349-IDN","Pusat Promosi dan Sertifikasi Hasil Pertanian Provinsi DKI Jakarta","Jl. Jambore Raya No.1, Cibubur, Jakarta Timur","DKI Jakarta","(021) 87752692","ppshp1706@gmail.com","2026-07-25","2026-07-25","false","false","false","true","true","true","","","","Residu pestisida pada buah pome, buah batu, buah sitrus, buah berry, buah kering, produk dan buah berlemak, sayuran berbuah, sayuran akar dan umbi-umbian, sayuran berdaun, beras, sereal, cabai kering, dan biji berlemak; formulasi pestisida, manisan buah basah, dodol wingko, buah dan sayuran, asanan, salad, dodol, manisan, sirup lidah buaya, pisang sale, jahe, benih tanaman pangan, benih tanaman hortikultura, daun bawang, bawang merah, bawang putih, kedelai, Buah dan Sayuran Beku, Rempah Utuh dan Herba, Kacang-kacangan dan Biji-bijian, Rempah Bubuk dan Bumbu/Kondimen, Kurma, Beras","https://drive.google.com/drive/folders/1w4UBk4liJ986CDCL7CExPea5aNI8nP-u?usp=drive_link",""
"LP-350-IDN","Unit Pelaksana Teknis Daerah (UPTD) Perlindungan Tanaman Pangan, Hortikultura, dan Pengawasan Mutu Keamanan Pangan Provinsi Sumatera Utara","Jl. Jend. Abdul Haris Nasution No. 4, Pangkalan Masyhur, Medan, Sumatera Utara","Sumatera Utara","(061) 7880230","labpestisidamedan@gmail.com","2029-12-17","2029-12-17","false","false","false","false","false","true","","","","Formulasi pestisida (bahan aktif), Beauveria bassiana, Trichoderma spp.","https://drive.google.com/drive/folders/1w32CoH2C_L-_MzQv8aslLfsVHJ9MVtkb?usp=drive_link",""
"LP-352-IDN","PT Carsurin Tbk Cabang Samarinda","Jl. HAMM Riffadin RT. 25 No. 09 Samarinda Seberang, Kalimantan Timur","Kalimantan Timur","(0541) 4114327","samarinda@carsurin.co.id arman.sadri@carsurin.com","2029-03-31","2029-03-31","false","false","true","false","false","false","","","","Batubara, Air Limbah","https://drive.google.com/drive/folders/1wcmhQM1c-DFf9pInHzF9SUHLmIIBYKV-?usp=drive_link",""
"LP-353-IDN","PT CARSURN Tbk. Cabang Banjarbaru","Jl. Ahmad Yani Km. 21,5, Landasan Ulin, Banjarbaru, Kalimantan Selatan","Kalimantan Selatan","(0511) 4705849","bjbteam@carsurin.com","2029-07-28","2029-07-28","false","false","true","false","false","false","","","","Batubara, CPO, Nickel ore, Crude Palm Oil (CPO),Air Limbah","https://drive.google.com/drive/folders/1wbYp2O5zlovA-19K7M_ht1HB9eEZmLG8?usp=drive_link",""
"LP-355-IDN","PT Pharma Metric Labs","Lokasi 1 : Gedung Indra Sentral Cempaka Putih Unit R & S, Jl. Letjen. Suprapto No. 60, Jakarta Pusat - DKI Jakarta Lokasi 2 : Gedung Kalbe Business Innovation Centre Unit 1A, Jl. Pulogadung No. 23 Kav. No. II G.5, RT 00/RW. 010, Kawasan Industri PT JIEP, Kelurahan Jatinegara, Kecamatan Cakung, Jakarta Timur - DKI Jakarta","DKI Jakarta","T. (021) 4265310, 4269475","info@pharmametricslabs.com femi.liliyanti@pharmametriclabs.com","2029-09-24","2029-09-24","false","false","true","true","false","false","","","","Lokasi 1: Plasma Darah Manusia, Bahan Baku Ranitidine HCl, Obat Sediaan Padat (Tablet Ranitidine HCl), Injeksi Ranitidine HCl, Bahan Baku Metformin HCl, Obat Sediaan Padat (Tablet Metformin HCl), Bahan Baku Levofloxacin Hemihydrate, Obat Sediaan Padat (Tablet Levofloxacin), Sel Punca (Cell Bank), Obat Sediaan Padat (Tablet Losartan Potassium), Obat Sediaan Padat (Tablet Valsartan), Bahan Baku Valsartan, Bahan Baku Losartan Potassium, Obat Sediaan Padat (Tablet Losartan Potassium), Obat Sediaan Padat (Tablet Valsartan), Bahan Baku Imatinib Mesilate,Obat Sediaan Padat (Tablet Imatinib Mesilate, Obat Sediaan Padat (Tablet Imatinib Mesilate) Multivitamin dan Multimineral Kapsul, Swab & Rinse Cleaning, Bahan Baku Irbesarta Lokasi 2: Peralatan Kesehatan Non Elektromedik (Benang Bedah), Packaging, Peralatan Kesehatan Non Elektromedik (Oxidized Regenerated Cellulose), Bahan Baku Magnesium Stearate, Bahan Baku Stearic Acid, Peralatan Kesehatan Non Elektromedik (Benang Bedah), Alkohol, Peralatan Kesehatan Non Elektromedik (Benang Bedah Multifilamen), Peralatan Kesehatan Non Elektromedik (Benang Bedah Monofilamen), Obat Sediaan Padat, Obat Sediaan Cair, Kosmetik Sediaan Semi Padat, Makanan (Sereal olahan), Air Mineral (Reversed Osmosis), Minuman (Susu UHT), Medium Cell Bank, Obat Sediaan Cair, Antiseptik, Minuman Beralkohol Suplemen Sediaan Padat, Bahan Baku Gliserin, Obat Sediaan Cair (Sirup Mengandung Gliserin), Bahan Baku Propilen Glikol, Obat Sediaan Cair (Sirup Mengandung Propilen Glikol), Obat Sediaan Cair (Obat Sirup), Bahan Baku Asam Asetat, Larutan Cuka, Larutan Hemodialisis, Air Mineral, Minuman Elektrolit, Injeksi Ringer Laktat, Larutan Hemodialisis, Obat Sediaan Semi Padat (Gel Piroksikam), Peralatan Kesehatan Non Elektromedik (Oxidized Regenerated Cellulose), Peralatan Kesehatan Diagnostik In Vitro (DIV) : '- DNA Extration Kit '- PCR Mix Kit '- Hybridization Kit Obat (Sediaan Padat, Micellar Water, Makanan (Sereal olahan), Minuman (Minuman Sari Buah), Air Tipe 1/Ultra Pure Water (UPW), Obat Sediaan Cair, Injeksi, Mikroorganisme Standar, Mikroorganisme yang belum teridentifikasi, Makanan (Sereal olahan), Minuman Sari Buah, Makanan (Sereal olahan), Minuman Sari Buah, Lingkungan, Material steril habis pakai Tabung Cryovial, Media TSB, Media FTM, Fluid A & Fluid D, Desinfektan, Media TSA, Media SDA, Produk Sel Punca, Material Habis Pakai, Media RODAC, Peralatan Kesehatan Non Elektromedik (Oxidized Regenerated Cellulose), Peralatan Kesehatan Non Elektromedik (Dialyzer), Peralatan Kesehatan Non Elektromedik Benang Bedah)","https://drive.google.com/drive/folders/1wfN04za7vfZK5uU8f7w9hdslBBIyVICK?usp=drive_link",""
"LP-356-IDN","Perumda Tirta Manuntung Balikpapan","Jl. MT. Haryono No. 1, Balikpapan, Kalimantan Timur","Kalimantan Timur","T. (0542) 7218831/7218832","laboratoriumpdambalikpapan@gmail.com; laboratoriumpdambalikpapan@yahoo.com; lab@pdamtirtamanggar.com","2030-02-16","2030-02-16","false","false","true","false","false","false","","","","Air baku, air olahan, air bersih, air limbah","https://drive.google.com/drive/folders/1yEQy0GQmo7l44sHsf1ADHaUrOhNxwaBx?usp=drive_link",""
"LP-357-IDN","UPTD Laboratorium Lingkungan, Dinas Lingkungan Hidup Kabupaten Bandung","Jl. Raya Soreang Km. 17, Kab. Bandung, Jawa Barat","Jawa Barat","(022) 5896293","lablingk.kabbandung@gmail.com","2031-07-02","2031-07-02","false","false","true","false","false","false","","","","Air untuk keperluan higiene dan sanitasi, air sungai, air danau, air mata air, air limbah, udara ambien, kebisingan","https://drive.google.com/drive/folders/1yKqnP-KdSW-KrH0VlLyEtWhConbHMe97?usp=drive_link",""
"LP-358-IDN","Balai Besar Veteriner Maros","Jl. Dr. Sam Ratulangi, Kab. Maros, Sulawesi Selatan","Sulawesi Selatan","(0411) 371105","bbvetmaros@pertanian.go.id","2026-11-22","2026-11-22","true","false","true","false","false","false","","","","Serum ayam, Material abortus sapi, cairan synovial/hygroma Sapi, Tanah, material sisa-sisa dari sapi mati (darah,kulit), Usus ayam, feses ayam, swab lingkungan peternakan ayam, Daging ayam, Preparat ulas darah sapi, Organ otak anjing, Serum kambing dan domba, Serum sapi dan kerbau, Serum sapi, Preparat ulas darah sapi dan kuda, Feses sapi, kuda dan kambing, Preparat ulas darah sapi, Serum sapi dan kambing, Otak (hippocampus) pada anjing, Serum babi, Serum ayam, Serum anjing dan kucing, Isolat, tanah, pakan ternak (sapi), bahan asal hewan (kulit sapi), Isolat, swab ayam, Itik, burung, babi, kelelawar, Isolat swab ayam, Itik, burung, Isolat, swab trakea, swab oropharyngeal, swab kloaka, organ, swab lingkungan, pakan, feses, bulu, telur dari unggas (ayam, itik, bebek), Spesimen berupa organ, daging (sapi, ayam, babi), pakan ternak, bahan olahan asal hewan yang diduga mengandung spesies yang lain (pemalsuan daging) pada ayam, Spesimen berupa organ, daging (sapi, ayam, babi), pakan, bahan olahan asal hewan yang diduga mengandung spesies yang lain (pemalsuan daging), Spesimen berasal dari kultur dan darah dari hewan sapi dan hewan lainnya, Spesimen berupa isolat, bahan asal hewan dan bahan olahan asal hewan (bakso,nugget, sosis), Spesimen berasal dari organ hewan (otak) tanpa pengawet dari anjing, Spesimen berasal dari organ dan urin sapi, Darah sapi, Serum, organ, darah babi, Daging dan produk olahan (Bakso, nugget, sosis), Daging dan produk olahan (daging, nugget, sosis), telur (ayam), Daging dan produk olahan(daging, nugget, sosis) dan Telur (ayam), Organ babi, Swab nasal dan darah babi, Organ babi, darah utuh Babi, Swab nasal, swab vesikel, swab mukosa mulut, air liur dan plasma darah sapi, Buffycoat, plasma darah, organ, wholeblood Sapi Bali, Organ otak anjing, Feses sapi","https://drive.google.com/drive/folders/1yOtqYVRY6we1QdzaiaNEAyNLDI804olw?usp=drive_link",""
"LP-366-IDN","Balai Besar Perakitan dan Modernisasi Pascapanen Pertanian","Lokasi 1: Jl. Tentara Pelajar No. 12A, Cimanggu, Bogor, Jawa Barat Lokasi 2: Jl. Suroto Kunto No. 56, Karawang, Jawa Barat","Jawa Barat","(0251) 8321762","bb_pascapanen@yahoo.com;","2030-11-22","2030-11-22","false","false","false","true","false","false","","","","Lokasi 1: Makanan (biskuit, kraket kukis, wafer, pai), minuman (minuman saribuah, teh manis kemasan, sirup), biskuit, susu bubuk, tepung beras, teh, tepung dan pati (tepung terigu dan tepung mocaf). Lokasi 2: Beras, gabah","https://drive.google.com/drive/folders/1z4p8hj5oXR9r5PIr5E3GOzZTYw6dnADb?usp=drive_link",""
"LP-372-IDN","PT Karsa Buana Lestari","Perkantoran Bintaro 8, Jl. Bintaro Permai Raya Kav. 8/III, Bintaro, Pesanggrahan, Jakarta Selatan","DKI Jakarta","(021) 7378020","lab_karsabuanalestari@yahoo.com; virdayuandha@gmail.com","2030-10-02","2030-10-02","true","false","true","false","false","false","","","","Air minum, air hygiene sanitasi, air tanah, air sungai, air situ, drainase, waduk, air danau, air limbah, air laut, tanah, sedimen lumpur, udara emisi, udara ambien, lingkungan kerja","https://drive.google.com/drive/folders/13vefoBbOPWAfrv3Qghxj6xcYB0_geGZm?usp=sharing",""
"LP-380-IDN","Balai Pengujian dan Peralatan, Dinas Pekerjaan Umum Bina Marga dan Cipta Karya Provinsi Jawa Tengah","Jl. Murbei I Timur, Srondol Timur, Semarang, Jawa Tengah","Jawa Tengah","(024) 7471705","bp2.provjateng@gmail.com","2027-05-22","2027-05-22","true","false","true","false","false","false","","","","Beton, Mortar, Paving Block, Campuran Beraspal, Agregat Halus, Agregat Kasar, Besi Beton, Tanah, Logam Profil, Air Sungai dan sejenisnya, Air untuk keperluan higiene sanitasi, Air Limbah","https://drive.google.com/drive/folders/1nN5l02Q0u-JCpgUP-dNjx3el8Xzg2C_W?usp=sharing",""
"LP-382-IDN","Balai Besar Biomedis dan Genomika Kesehatan","Jl. Percetakan Negara No. 23B, Jakarta Pusat, DKI Jakarta","DKI Jakarta","(021) 4212524","bblkjakarta@yahoo.co.id pemasaranbblkjakarta@gmail.com bbbinomika@gmail.com","2027-02-20","2027-02-20","false","false","true","true","false","false","","","","Daging dan olahannya, air minum, air mineral, Air reserve omosis (RO), air limbah, air higiene sanitasi, Bakso, daging ayam (rebus), Ikan air Tawar dan Ikan air laut olahan (Rebus/kukus), bakery, Bakery istimewa (manis), Roti, Roti tawar, usap permukaan, susu, eskrim, keju, Udang segar, sayur segar (selada), Sayuran Beku, Makanan sayur tidak berkuah, sayuran berkuah, Makanan siap saji, Alat kesehatan (Pembalut, perban, kapas), Desinfektan, Antiseptik, air hemodialisa (HD), Air mineral, Air minum, air untuk keperluan higiene dan sanitasi, air limbah, Rapid Diagnostic Test (RDT) (Anti Syphilis (TP), Anti Syphilis (TP), Anti HCV, HbsAg, Anti HIV), Reagen PCR Covid-19, Masker medis","https://drive.google.com/drive/folders/1-HeZiediCeOyUsZ5l-UeH8lwufDq1XEm?usp=drive_link",""
"LP-383-IDN","Balai Standardisasi dan Pelayanan Jasa Industri Ambon","Jl. Kebun Cengkeh Batu Merah Atas, Ambon, Maluku","Maluku","(0911) 341897","biam_kecebon@yahoo.com","2030-12-26","2030-12-26","false","false","true","false","false","false","10 13 26 27","133","2026-04-29","Air minum dalam kemasan, biskuit, bagea asagu, ikan teri kering, ikan asin kering, cumi-cumi kering, rumput laut kering, pala, minyak kayu putih, Minyak nilam, minyak serai, minyak gagang cengkeh, garam, abon ikan, madu, air limbah, air sungai, air sumur, air untuk keperluan higiene sanitasi, kebisingan, lingkungan kerja, udara ambien, udara emisi sumber tidak bergerak, air laut, udara emisi sumber bergerak","https://drive.google.com/drive/folders/1-DjrvWtLiXMFXvwJmDVVGRfOFfVtt6B3?usp=drive_link","https://layanan.kan.or.id/direktori-lpk/336/1"
"LP-385-IDN","PT Nutrifood Indonesia (Multilokasi)","Jl. Raya Ciawi No. 280 A, Bogor, Jawa Barat (lokasi 1) Jl. Selayar II Blok H7-H8, Cibitung, Cikarang Barat, Jawa Barat (lokasi 2)","Jawa Barat","(0251) 8240257 (lokasi 1) (021) 29635900 (lokasi 2)","ratna.yasinta@nutrifood.co.id; laila.t@nutrifood.co.id","2031-02-26","2031-02-26","false","false","true","true","false","false","13 32","165","2026-04-29","Susu bubuk dan turunannya (skim, full cream, whey protein, caseinate), susu formula, minuman serbuk, krim nabati, coklat bubuk, minuman tidak berkarbonat berperisa/sari buah dan sari sayuran, susu siap minum (susu pasteurisasi/susu steril/UHT/olahan), mie kering, kecap, pemanis (berbasis sorbitol), serbuk minuman berperisa rasa jeruk, sirup, sediaan suplemen bubuk, minuman susu fermentasi berperisa/minuman yoghurt berperisa, air proses, jam/jeli buah/marmalad, sirup buah, sirup berperisa, sirup encer berperisa, minuman isotonik tidak berkabonat cookies, dekorasi dan saus manis, makanan ringan - berbahan dasar kentang, umbi, serealia tepung atau pati (makanan snack bar), permen susu, suplemen vitamin (sediaan padat)","https://drive.google.com/drive/folders/1-hi5fpHOyiAr1nDAvYtp7XK10hmV2c0N?usp=drive_link","https://layanan.kan.or.id/direktori-lpk/337/1"
"LP-387-IDN","Balai Pengendalian dan Pengawasan Mutu Hasil Kelautan dan Perikanan Surabaya I","Jl. Raya Bandar Udara, Ir. Haji Juanda No. 23, Sidoarjo, Jawa Timur","Jawa Timur","(031) 8688099","bkijuanda@yahoo.co.id","2031-07-25","2031-07-25","false","false","true","false","false","false","","","","Udang Vannamei, Udang Windu, Frozen & Fresh Shrimp, Frozen Shrimp, Fresh Shrimp, Value Added Shrimp, Frozen Crab, Canned Crabmeat, Produk Kaleng (ikan, rajungan), Frozen Value Added (Shrimp dan Crab), Katak Beku (leg & meat), Tuna (Frozen dan olahannya), Frozen Fish (milkfish, parrotfish), Frozen Fish (Emperor, red snapper, Demersal, Pelagic, Sea Mullet, Milkfish, Grouper, tenggiri, nila, lele, patin, gurami, skipjack, teri, layur, bichique whole round, salmon), Fresh Fish (kakap merah, mujair, patin, kembung, terisi, selar/petak, cumi, teri, udang, nila, lele, bandeng, banyar, layang, lemuru, tambak moncong, putihan, mata belo, tongkol, gurami, ekor kuning), Frozen & Fresh Fish (nila, bandeng, lele, patin, kembung, tambak moncong, lemuru, putihan, layang, tongkol, teri, mata belo, gurami, banyar, kerapu, sulir, Sea Mullet, tenggiri, kakap merah), Fillet (ikan parrot, red snapper, mackerel), Frozen & Fresh Cephalopod (Octopus, Cumi, Bekutak), Kerang (segar & beku), Frozen Snail Meat, Frozen Lobster, Frozen Value Added Seafood, Frozen Value Added (Breaded, bakso ikan, seafood), Bakso ikan, Kerupuk (udang & ikan), Sambal terasi, Petis udang, Kering (dried shark fin, dried sea cucumber, rumput laut, teripang, ikan, carrageenan, agar-agar powder), Produk Kering (rumput laut, teripang, ikan asin, perut ikan, sirip hiu kering), Carrageenan, Agar-agar powder, Kaleng (ikan, kerang, rajungan), Minyak ikan, Telur ikan, Air dan Es","https://drive.google.com/drive/folders/1-mJcgj66u7tm8CL4a57zai7R-UXI0dpf?usp=drive_link",""
"LP-389-IDN","PT SUCOFINDO (PERSERO) - Cabang Medan","Jl. Jend. Gatot Subroto Km. 5,5 No. 105, Medan, Sumatera Utara","Sumatera Utara","(061) 8451880","medan@sucofindo.co.id","2031-06-13","2031-06-13","false","true","true","false","false","false","","","","Minyak dan lemak (CPO dan turunannya), pupuk fosfat alam untuk pertanian, pupuk kalium klorida, pupuk ammonium sulfat, pupuk NPK padat, pupuk tripel super fosfat, air limbah, air sungai, air minum, air untuk keperluan higiene dan sanitasi, udara emisi sumber tidak bergerak, udara ambien, kebisingan","https://drive.google.com/drive/folders/1-sa8xyeCnUb_Zi4bUcFfwq85WMKo7aJj?usp=drive_link",""
"LP-390-IDN","Balai Besar Uji Standar Karantina Hewan, Ikan, dan Tumbuhan","Jl. Pemuda No. 64 Kav. 16-17, Rawamangun, Jakarta Timur, DKI Jakarta","DKI Jakarta","(021) 4894877; 4753182","infodok.bbuskp@gmail.com ; bbuskp.karantina@pertanian.go.id","2031-03-21","2031-03-21","false","false","false","true","true","false","","","","Umbi-umbian, biji-bijian (gandum, padi, kedelai), benih (kubis-kubisan, jagung, kelapa sawit, kentang, tomat, cabai merah, cabai rawit,padi), bagian tanaman( kubis, jagung, kentang, tomat), pangan segar asal tumbuhan (Anggur, labu siam, sawi, pak choi, brokoli, pir, apel, wortel, tomat, bawang daun, Jamur enoki), sap tanaman atau ooze, hasil isolasi atau RNA hasil isolasi, spesimen (gulma, Lalat buah, serangga) sarang burung walet, serangga, bahan baku pakan ternak, serum (ayam, sapi, kambing, domba, anjing, kucing, kera, dan hewan pemapat rabies), Darah, jaringan, dan produk olahan babi, Swab nasofaring kuda, swab kloaka dan trachea, daging, susu, telur, feses, preparat (cendawan, nematoda)","https://drive.google.com/drive/folders/1-u0tYu__olMAJkMw3VHNaeFkBRbWlSpI?usp=drive_link",""
"LP-392-IDN","Balai Uji Standar Pengendalian dan Pengawasan Mutu Hasil Kelautan dan Perikanan Jakarta","Jl. Raya Setu No.01, Cilangkap, Jakarta Timur, DKI Jakarta","DKI Jakarta","(021) 8451378","buskipm@gmail.com","2031-06-13","2031-06-13","false","false","true","false","false","false","","","","Belut (hidup, segar), Ikan kaleng (tuna, mackerel, sarden), Ikan beku (sardin, mackarel, kakap, kerapu, tuna, tongkol, layang, salmon), Ikan mas, nila, lele, gurame, patin, bawal (hidup), Ikan (bawal, bandeng, kuwe, kembung, tongkol, tuna, kakap, ayam-ayam, belanak, mujair, gurame, salem, baronang, makarel, ekor kuning, ikan sebelah, tenggiri, layang, ikan mas, patin,barakuda, sotong, kerapu, teri, cakalang, kurisi, nila, mas), udang, kepiting, kerang, cumi-cumi, filet tuna, filet kakap, filet patin, filet tengiri, pindang ikan, produk perikanan (baso, nuget), Ikan, udang, kepiting, kerang, produk perikanan (baso, nuget), Tuna (segar, beku), Produk perikanan, Salmon asap, tuna sashimi, udang rebus, fillet tongkol, kerang rebus, Air (air minum, air produksi pengolahan ikan), Air (air minum, air kolam renang, dan air yang didisinfeksi atau air bersih), Ikan (tuna, tongkol, cakalang, kakap, kerapu, jenaha, mackarel), udang (windu, vaname, galah), gurita, kepiting, rajungan, cumi, kerang (hidup, segar, beku, kering), produk olahan (baso dan nuget), produk kemasan kaleng (tuna, sarden, kepiting, rajungan), Udang (windu, vaname, galah) (hidup, segar, beku), Kerang (hidup, segar, beku), Produk kemasan kaleng (tuna, sarden, kepiting, rajungan), Ikan segar (tuna, kakap, kembung, bandeng, gurame, nila, mujair), udang segar","https://drive.google.com/drive/folders/1-nI2yKtBa9k1KBL2xFBfYDjno7GEt4Xf?usp=sharing",""
"LP-394-IDN","Balai Penerapan Modernisasi Pertanian Nusa Tenggara Barat","Jl. Raya Peninjauan Narmada, Lombok Barat, Nusa Tenggara Barat","Nusa Tenggara Barat","(0370) 671312","bptp-ntb@litbang.pertanian.go.id","2026-10-24","2026-10-24","true","true","false","false","true","false","","","","Tanah, pupuk NPK padat, pupuk urea, pupuk SP 36, pupuk amonium sulfat, pupuk fosfat alam untuk pertanian, pupuk organik, jaringan tanaman","https://drive.google.com/drive/folders/10RH0GJ4SMurBZ4Gr_CRMnm7Omz-TZNKj?usp=drive_link",""
"LP-398-IDN","Balai Laboratorium Kesehatan dan Kalibrasi Provinsi Daerah Istimewa Yogyakarta","Ngadinegaran MJ III / 62, Mantrijeron, Yogyakarta, Daerah Istimewa Yogyakarta","DI Yogyakarta","(0274) 378187","labkesjogja@gmail.com","2031-06-13","2031-06-13","false","false","true","true","false","false","","","","Air minum, air untuk keperluan higiene dan sanitasi, air kolam renang, air danau,air sungai, air limbah, Air Minum Isi Ulang, Air Mineral, makanan (sereal, susu, daging, bakeri, ikan), minuman (sari buah dan sari sayur), obat tradisional (obat dalam (kapsul), obat luar (cairan obat luar), kosmetik (selain untuk anak di bawah 3 tahun dan area sekitar mata, membran mukosa), udara, usap (swab lantai, dinding, alat makan)","https://drive.google.com/drive/folders/10UKnNWxLwn4xjAm33-J6-rRCjnPD3d2j?usp=drive_link",""
"LP-399-IDN","Balai Besar Laboratorium Kesehatan Masyarakat Surabaya (Multilokasi)","Jl. Karangmenjangan No. 18 Surabaya, Jawa Timur","Jawa Timur","(031) 5021451","bblksub@yahoo.co.id","2027-04-29","2027-04-29","false","false","true","false","false","false","","","","Air minum, air untuk keperluan Hygiene sanitasi, air limbah, Rapid Diagnostic Test (RDT) (Antigen COVID-19, Anti Syphilis (TP), Anti HCV, HbsAg, Anti HIV), air kolam renang","https://drive.google.com/drive/folders/10SkmJAYBUhSq5zXADSf3vRiXgnHwz2f4?usp=drive_link",""
"LP-400-IDN","Balai Besar Laboratorium Kesehatan Makassar","Jl. Perintis Kemerdekaan KM 11, Tamalanrea, Makassar, Sulawesi Selatan","Sulawesi Selatan","(0411) 586458","mutubblkmakassar@gmail.com bblk.mksr@gmail.com","2027-03-20","2027-03-20","true","false","true","true","false","false","","","","Air sungai, air minum, air hygiene sanitasi (air sumur dan air tanah), air laut, air limbah, bahan pangan, makanan ringan siap santap, butter, lingkungan kerja, produk perikanan dan olahannya, Rapid Diagnostic Test (RDT): antibodi HIV, antibodi HCVm antigen HbsAg, Antibodi Sifilis, Tepung tapioka, Biskuit, Garam Konsumsi Beriodium","https://drive.google.com/drive/folders/10dFZ1dyk8ZWKXPiNzKoWLjA0rujzPo4P?usp=drive_link",""
"LP-402-IDN","Balai Perikanan Budidaya Air Payau Situbondo","Jl. Raya Pecaron, Panarukan, Kab. Situbondo, Jawa Timur","Jawa Timur","(0338) 673328","bbapsitubondo@yahoo.com; yani_bbapas@yahoo.co.id","2027-02-20","2027-02-20","false","false","true","false","false","false","","","","Ikan laut (kakap dan kerapu), udang (udang putih, udang penacus, udang rostris), air payau dan air laut, daging ikan dan udang, organ ikan dan organ udang, pakan ikan dan pakan udang","https://drive.google.com/drive/folders/11Wptih59SkMP95WQKKvpi2gG0hEZmDs3?usp=drive_link",""
"LP-405-IDN","UPTD Laboratorium Lingkungan Dinas Lingkungan Hidup dan Kebersihan Kota Palembang","Jl. Lunjuk Jaya No. 2, Lantai II, Demang Lebar Daun, Palembang, Sumatera Selatan","Sumatera Selatan","(0711) 310154","uptlablingblhpalembang@gmail.com","2026-10-24","2026-10-24","false","false","true","false","false","false","","","","Air limbah, air sungai, air kolam renang, air sumur, air bersih, Air Kolam Retensi, Air Sumur Pantau","https://drive.google.com/drive/folders/11Oq8CixTvWddqJ4HeNIl4ngRtjBVwFr2?usp=drive_link",""
"LP-408-IDN","Balai Perikanan Budidaya Air Tawar Mandiangin","Jl. Tahura Sultan Adam Km. 14, Mandiangin, Kec. Karang Intan, Kab Banjar, Kalimantan Selatan","Kalimantan Selatan","0811 500 4658","bbatmandiangin@yahoo.com","2031-02-26","2031-02-26","false","false","true","false","false","false","","","","Udang windu, udang vannamei, ikan mas, ikan koi, ikan air tawar, pakan ikan dan bahan pakan ikan, air bersih","https://drive.google.com/drive/folders/11Yw7u_am3xWgkJTgdBvl3jSl34JXBxWk?usp=drive_link",""
"LP-411-IDN","PT TUV NORD Indonesia","Jl. Science Timur 1 Blok B3-F1, Kawasan Industri Jababeka V, Cibatu - Cikarang, Kab. Bekasi, Jawa Barat","Jawa Barat","(021) 29574720","calab.id@tuv-nord.com","2026-08-22","2026-08-22","true","false","true","true","false","false","","","","Daging dan hasil olahannya (daging sapi, daging ayam, nugget, sosis, bakso, otak-otak, corned, abon), ikan dan produk perikanan (ikan, nugget, bakso, otak-otak, ikan dalam kaleng, ikan asin, ikan segra, abon termasuk crustacea), susu dan olahannya (susu pasteurisasi/UHT, susu kental manis, keju, es krim, krimer, puding, tepung es, krim, minuman mengandung susu, susu formula), tepung dan olahannya (tepung jagung, tepung gandum, tepung beras, serpih jagung/corn flakes), pasta, bihun, bihun instan, makanan ringan ekstrudat, tepung siap pakai, tepung (breader, marinade, batter, berbumbu), mie kering, mie instan, mie basah, mie makanan ringan, pasta, bubur instan, serelia instan untuk bayi dan anak, sohun, sereal (plain, coklat, vanilla, kacang hijau), tepung agar-agar), kopi instan, gula kristal putih, gula rafinasi, tepung terigu sebagai bahan makanan, minyak goreng sawit, garam konsumsi beryodium, beras, biskuit, susu bubuk, mie instan, Buah dan Sayur, rumpt laut, biji-bijian, buah dan sayur segar, buah dan sayur beku, buah dalam kaleng, kolang kaling, jam, jelly, buah dan sayur kering, cincau, selasih, Rempah-rempah, sup, saus, salad, produk protein, Pala biji dan bubuk, lada hitam biji dan bubuk, lada putih biji dan bubuk, kayu manis bubuk dan batang, jahe segar dan bubuk, cabe (segar, bubuk, kering), bawang putih (segar dan bubuk), bawang merah, ngohiong, rempah rempah bubuk, vanili, Bumbu rasa ayam dan rasa sapi, seasoning (bumbu instan powder, pasta), saus tomat, saus cabe, saus, HVP, thousand island, mayonaise, yeast, yeast extract, gula, madu, flavoring, trasi, dessocated coconut, makanan ringan siap santap/snack, makanan extrudate, keripik, umbi-umbian dan kacang-kacangan, kue berbasis sayur dan umbi, kacang-kacangan, tahu, tempe, jagung, mixed vegetable, kentang dalam kemasan, oatmeal, Minuman Berbasis air berperisa, minuman tak berkarbonasi, air kelapa, sirup, serbuk minuman, squash, kopi bubuk, kopi instant, kopi mix, minuman teh dan kopi dalam kemasan, teh celup, teh kering, minuman berkarbonat, minuman tidak berkarbonat, minuman beralkohol, Acesulfame, indogel, minyak, seasoning oil, bahan tambahan makanan, bahan baku, flavouring, seasoning, seasoning oil, glycine, maltodextrine, dextrose, aspartame tix'osil, Produk Bakeri (Bolu, mantau, cake, kue basah, roti, kroisant, adonan kue, roti, selai, sereal dan biskuit), es batu, empah - rempah : Pala biji dan bubuk, lada hitam biji dan bubuk, lada putih biji dan bubuk, kayu manis bubuk dan batang, jahe segar dan bubuk, cabe (segar, bubuk dan kering), bawang putih (segar dan bubuk), bawang merah, ngohiong, rempah-rempah bubuk, vanili, Kembang gula, gula, minuman, jeli, cream, margarin, jam, produk susu, beverage, confectionary, Makanan : Biskuit, Saus dan bumbu pasta, lemak, minyak, dan emulsi minyak(Minyak, mentega), beras, es untuk dimakan, buah dan sayur ( termasuk jamur, umbi, kacang,rumput laut dan biji-bijian), kembang gula (keras,Lunak,jeli), Coklat(Batang, Bubuk, Pasta, Butiran), serealia, produk bakeri, telur dan produk telur, pemanis, gula (kristal,Tepung, Sirup, Merah, Palm, Pasir), masu, saus dan bumbu pasta, garm, tepung bumbu, Seasoning Oil, Minyak, Adonan Kue dan Roti, Kacang dan produk olahannya : Kacang garing, kacang hijau,kacang tanah, kacang kedele, tahu, tempe, jagung, kacang polong, kuaci, kacang, pitachio, mixed vegetable, jagung marning, kentang dalam kemasan, Minuman : sari buah, sari buah konsentrat, minuman ringan siap minum, sirup, squash, minuman bubuk, kopi (bubuk, butiran), teh (bubuk, celup, kering), minuman kopi dalam kemasan, minuman teh dalam kemasan,minuman berbasis susu, minuman beralkohol, Minuman berperisa tidak berkarbonasi, minuman berkarbonasi, minuman dalam kaleng, minuman energi, minuman isotonik, minuman herbal, minuman coklat, Sirup, Squash, Juice, Jam, pasta coklat, mentega kacang, saos, saos cabe, saos tomat, kecap, buah kering, kembang gula, snack, makanan extrudat, kopi mix, coklat drink, tea instant, susu kental manis, kacang hijau, kacang tanah, kacang garing, kacang kedelai, Refined bleached deodorized palm olein (RBD palm olein), telur, apel, durian, jeruk, kelengkeng, jeruk mandarin, pir, stroberi, jagung manis pipilan (kernel), beras, teh hijau, teh hitam, pangan segar asal tumbuhan, air minum dalam kemasan, air limbah, air bersih, lotion anti nyamuk, cairan pelembut dan pewangi pakaian, detergen, sabun, pembalut/diapers, kertas tissu, kosmetik (padat, cair, emulsi), suplemen, minuman serbuk, minuman berkarbonasi, produk elektronika, produk tekstil, food packaging, plastik dan polimer, udara lingkungan kerja, udara ambien, selai buah, jeli buah, makanan diet, formula makanan pengganti, pangan tambahan untuk olahraga, minuman elektrolit berkarbonat, minuman hipotonik berkarbonat, minuman isotonic berkarbonat, minuman hipertonik berkarbonat, minuman dasar elektrolit, serbuk minuman berkarbonat, minuman berkafein formulasi, minuman berperisa, ginjer ale, sarsaparilla, root beer, birch beer, soda krim, minuman sitrus, minuman kola, minuman sari buah dan sayur, flavor, BTP pewarna, pakan ternak, swab personil, Bubuk Whey dan Produknya, kecuali Keju Whey, Massa Kakao dan Cairan Kental (Liquor) Cokelat, Keik Kakao (Cocoa Press Cake), Minuman Kakao (Drinking Cocoa), Minuman Cokelat (Drinking Chocolate), Cokelat Instan, Tepung Bumbu (misalnya untuk melapisi permukaan Ikan atau Daging Ayam), Minuman Kedelai, Krekers, tidak termasuk Krekers Manis (Malkist), Makanan Pencuci Mulut Berbahan Dasar Telur (Sarikaya, Custard, Custard Beku, Tepung Custard, Martabak Telur), Cuka Makan (Cuka Fermentasi, Vinegar, Cuka Hasil Pengenceran Asam Asetat Glasial, Arak Masak (Angciu)), Air Bilasan, Swab test Permukaan (permukaan alat, permukaan meja, permukaan dinding lantai), Resin PET Daur Ulang, Desinfektan, handrub, handwash, pembersih lantai, Sanitary Napkin (Pembalut Wanita), Popok Bayi sekali pakai, Kebisingan, air laut, pelumas mesin, pelumas non mesin, pelumas transmisi","https://drive.google.com/drive/folders/11t7SfYPUJvtI7kwYK7OC94aA9dqp51UK?usp=drive_link",""
"LP-412-IDN","PT Widya Cipta Buana, Laboratorium Binalab","Jl. Venus Barat Kav. 15 Metro-Margahayu Raya Bandung, Jawa Barat (Kantor 1 dan Laboratorium) The Suites, Jl. Soekarno Hatta No. 693 Unit OPB08, Kel Jatisari, Kec. Buah Batu, Bandung, Jawa Barat (Kantor 2)","Jawa Barat","(022) 7561503","mutu.binalab@gmail.com","2031-03-21","2031-03-21","true","false","true","false","false","false","","","","Air minum, air untuk keperluan higiene dan sanitasi, air bersih, air tanah, air sungai, air waduk air saluran, air limbah, air laut, Udara Emisi Sumber Tidak Bergerak, udara ambien, kebisingan, udara ruang kerja, tanah/sedimen/material","https://drive.google.com/drive/folders/12LAiAKjl3OYlSP9ure_GcRkdHyyOa6dS?usp=drive_link",""
"LP-413-IDN","UPTD Laboratorium lingkungan Dinas Lingkungan Hidup Provinsi Jambi","Jl. H. Agus Salim, No.7, Kotabaru, Jambi","Jambi","(0741) 40706","lablinkjbi@gmail.com","2026-12-19","2026-12-19","true","false","true","false","false","false","","","","Air limbah, air sumur, air danau, air sungai, air tanah, kebisingan, udara ambien, udara emisi sumber bergerak, udara emisi sumber tidak bergerak, kesuburan tanah","https://drive.google.com/drive/folders/12hJZYvNX4COMHMlzYTwECdXOo4gMqoKa?usp=drive_link",""
"LP-415-IDN","PT CARSURIN Tbk. Cabang Cikarang","Lokasi 1 : Jl. Gaharu 1 Blok F2 No. 10J Multi Guna Niaga, Delta Silikon 3 Lippo Cikarang, Bekasi, Jawa Barat Lokasi 2 : Jl. Telaga Bodas Raya No.88, Kec. Gajahmungkur, Kota Semarang, Jawa Tengah","Jawa Tengah","(021) 9617045/ 9675818","d.jemmi@carsurin.com/ ops.lab11@carsurin.com","2031-03-21","2031-03-21","true","false","true","false","false","false","","","","Batubara, activated carbon, wood charcoal, bijih nikel, produk nikel, Tekstil-Pakaian Bayi, Air Limbah Domestik, Air Limbah Industri, Air Sungai, Air Laut, Udara Ambien, Kebisingan, Lingkungan Kerja, udara emisi sumber tidak bergerak, iron ore, bauksit, padatan silika, kaoline, zirkonium, mineral produk, emisi sumber bergerak, zinc ingot, lead ingot, copper ingot, ferro mangan, ferro nickel, nickel pig iron, air minum, tanah,limbah B3","https://drive.google.com/drive/folders/102z_Obbci0Vu8EswE-dKpK5XaRdPbpTj?usp=drive_link",""
"LP-417-IDN","PT Yamaha Motor Nuansa Indonesia","Jl. Raya Bekasi Km.23 Pulogadung, Jakarta","DKI Jakarta","(021) 4611234","diana_ymni@yamaha-motor.co.id","2030-11-22","2030-11-22","false","false","true","false","false","false","","","","Air minum, air higienis sanitasi","https://drive.google.com/drive/folders/12qYw_SG8ESEAlNQjQtTkHE_V2wbG2gTr?usp=drive_link",""
"LP-421-IDN","PT Badak NGL","Plant Site PT Badak NGL Bontang, Kalimantan Timur","Kalimantan Timur","(0548) 551424, 551539","labptb@badaklng.com","2026-09-05","2026-09-05","false","false","true","false","false","false","","","","Air limbah industri, air limbah domestik, air higiene dan sanitasi, Sumber Emisi Tidak Bergerak, natural gas (NG), Liquefaction Natural Gas (LNG), Liquefied Petroaleum Gas (LPG)","https://drive.google.com/drive/folders/12xW44Ejv5msKzupp36L1G1XIt0LhdWhw?usp=drive_link",""
"LP-425-IDN","Departemen Manajemen Sumber Daya Perairan, Fakultas Perikanan dan Ilmu Kelautan Institut Pertanian Bogor (IPB) - Laboratorium Produktivitas dan Lingkungan Perairan","Gedung FPIK Wing 14 Lantai 1-2, Kampus IPB Darmaga, Bogor, Jawa Barat","Jawa Barat","(0251) 8621495","proling_ipb@yahoo.com","2031-06-13","2031-06-13","true","false","true","false","false","false","","","","Air sungsi, air sumur, air danau, air situ, air muara, air waduk, air rawa, air laut, air minum, air untuk keperluan higiene dan sanitasi, air limbah, padatan (tanah/sedimen), biota","https://drive.google.com/drive/folders/13CFi9LX7RXZe-ITn4FT7sHMS1MQeziNk?usp=drive_link",""
"LP-428-IDN","Balai Pengendalian dan Pengawasan Mutu Hasil Kelautan dan Perikanan Denpasar","Jl. Sunset Road No.777, Kuta, Badung, Bali","Bali","(0361) 4727390","balai.kipmdenpasar@gmail.com","2027-08-28","2027-08-28","false","false","true","false","false","false","","","","Ikan (ikan air laut, ikan air tawar, ikan kerapi, ikan kakap, ikan nila, ikan mas, ikan koi, ikan nila, ikan koki, ikan salmon, ikan mas, ikan sidat, ikan hias air laut/zebra fish), crustacea (lobster dan kepiting, udang hias air laut, udang windu, udang vanname), Produk Perikanan (a) Smoked : tuna, gindaran, salmon, marlin dan bandeng; (b) Frozen fish : tuna, pelagic, demersal, cephalopod, salmon, scallops, flying fish rose, lobster, shrimp, shelmeat dan shark, gurita utuh mentah, cumi-cumi; (c) Fresh fish : tuna fillet, tuna whole, demersal, pelagic, chephalopod, lobster, shrimp, scallops dan crab, cumi, udang; (d) Live fish grouper, demersal, cephalpod, lobster, shrimp, crab, eel, calm dan udang ronggeng; (e) produk perikanan lain : fish mealt, canned sarden, canned mackarel, canned tuna, dried sea cucumber, seawed dan udang kipas, trpung iksn, teripang kering, ikan asap, makarel dan sarden dalam saos tomat, tuna dalam media minyak, tuna dalam media garam","https://drive.google.com/drive/folders/13aCy16RqAnsfMJo-k8JM_G8jRkMY3wCf?usp=drive_link",""
"LP-432-IDN","PT SGS Indonesia","Cilandak Commercial Estate Blok H # 108C, Jl. Raya Cilandak KKO, Jakarta Selatan, DKI Jakarta (lokasi 1) Jl. Diponegoro No. 247, Ungaran, Semarang, Jawa Tengah (lokasi 2)","DKI Jakarta","Lokasi 1: (021) 29780600 Lokasi 2: (024) 76929130","Lokasi 1: supriyanto@sgs.com Lokasi 2: adelies.mahardika@sgs.com","2026-11-22","2026-11-22","true","false","true","true","false","false","01 06 08 09 11 13 14 15 16 17 19 20 21 23 24 28 31","2599","2026-04-29","Lokasi 1 : Kacang dan makanan ringan olahan kacang, cabai kering, bumbu rempah-rempah (lada hitam, Lada Putih Bubuk, kayu manis dan produk analognya, jintan, biji pala, jahe, cloves), cassia, pakan ikan, serealia dan produk serealia, minyak dari biji-bijian (seed oil), Lemak, minyak dan produk mengandung minyak/lemak (Tumbuhan dan hewan), kembang gula lunak, gula kristal mentah, gula Kristal putih, Pakan ternak, Produk kakao, Lemak Kakao & bubuk kakao, tepung dan pati, Ikan dan Produk Perikanan Olahan termasuk Moluska dan Krustasea, Makanan Ringan berbahan dasar kentang, umbi, serealia, tepung atau pati, berbasis kacang dan berbasis ikan, Susu Bubuk, Krim Bubuk dan Bubuk Analog, Susu dan Produk Analognya, Keju dan Produk Analognya, Es Krim dan Makanan Pencuci Mulut, Breakfast- cereal, Sausages, Ice Cream, Cracker, Milk-Chocolate, Chocholate, Wheat & Wheat-Products, Bakery, Cakes, Bread, Cookies, Soups, Sauces, Beverages (Juice), biscuit, tepung, rinse water, Sodium metabisulfite, Flavour, seasoning spices, condiment, gula kristal rafinasi,Udang, ikan dan produk ikan kalengan, garam konsumsi beryodium, popok bayi, pembalut wanita, minyak goreng sawit, lemak dan emulsi minyak/lemak, creamer, minuman ringan, makanan pencuci mulut, produk biji-bijian, minuman kemasan, buah-buahan, sirup, Margarin, mentega, sosis, daging dan daging olahan, kecap, mi instan, mayonais, permen, minyak dan turunannya (margarin, fatty acid, shortening, RBDPO, RBD, stearin, PKE, CPO, PKO), tepung terigu, sabun (padat & cair), cream, Lotion, skincare, shampoo, kopi instan, air limbah,Sludge (total konsentrasi), air minum, air bersih, Air mineral, Air demineral, air mineral alami, air mineral dalam kemasan (AMDK), air bilasan, swab (permukaan), plastik kemasan pangan, plastik dan kayu (wadah & kemasan pangan), Plastik, Polymer, Rubber, Powder, Paint/Ink, Liquid, Metal, Textile, ceramic, glazed ceramic ware, plastik PP & PE, plastic (PP, PE, PVC, melamin, rubber, PC, Nylon), plastic (aqueous test simulant), Asesoris (Metal, Metal Alloy, Metal-Anodic, Metal-Catodic), Grease, Organik, silicon, Produk electrotechnical, kulit, Polyurethan, karet, silica gel, alas kaki (polimer, plastik), mainan anak, Produk anak-anak bukan logam, Auxilaries and finishing agents; Pretreatment agents; Finishing assistants; Dyes and pigments; Flame retardants; fat liquoring agents, solvent, Anciliaries, anti foaming, cat dan pelapis permukaan yang sejenis, coating, leather, print, artificial leather, footwear, Completed Shoes, Upper Material Footwear (Leather, Fabric), Leather Shynthetic Materials, Air produksi, Glycol, FAME (B100), biosolar, HSD, MGO, MFO, lube oil, crude oil, gas, Salad Dressing, Sayuran dan Buah Berkadar Air Tinggi, Sayuran dan Buah, Selai, Selai Coklat, Mie instan, Teh Kering Dalam Kemasan, Edible Ice, Lotion, Lipstik, Body Lotion, Hand Cream, Lip Balm, Ethanol, Mono Diethylene Amine (MDEA), Coklat dan Produk Coklat, Lecithin, Keju, Produk Keju & Susu, Lemak dan Minyak Nabati (1. Minyak Kelapa Sawit Mentah (CPO), Minyak Inti Kelapa Sawit Mentah (CPKO), Minyak Inti Kelapa Sawit (RBDPKO), Minyak Kelapa Sawit (RBDPO), Minyak Stearin Kelapa Sawit, Minyak Stearin Kelapa Sawit Mentah 2. Minyak Goreng, Minyak Sayur, Minyak Salad, Minyak Samin, Lemak Reroti, Pengganti Minyak Mentega; 3.Serbuk Minyak, Serbuk Minyak Kelapa Sawit, Serbuk Minyak Kelapa Virgin, Serbuk Minyak Kelapa; 4.Virgin Oil (Minyak Klentik, Minyak Tanak, atau Minyak Kampung), Cold Pressed Oils, Minyak Kelapa Mentah, Minyak Kelapa; 5.Minyak Zaitun, Minyak Safflower, Minyak Kacang Tanah, Minyak Jagung, Minyak Kemiri, Minyak Kedelai, Minyak Wijen, Minyak Olein Kelapa Sawit, Minyak Olein Kelapa Sawit Mentah, Minyak Biji Bunga Matahari, Minyak Dedak atau Minyak Bekatul, Minyak Biji Kapas, Minyak Kanola, Mustardseed Oil) Produk Emulsi Lemak yang Kadar Lemaknya Tidak Kurang dari 80% (1. Campuran Margarin dan Mentega, Mentega Rekombinasi, Mentega, Margarin), C.Produk Emulsi yang Mengandung Lemak Kurang Dari 80% 2. Minarin (Minarine), Margarin Krim, Margarin Oles (Fat Spread), Tepung Terigu, kelapa parut kering, Lokasi 2 : Tekstil, Mainan anak Lokasi 3: Raw and ready-to-cook fish and seafoods (unprocessed) item food Raw Shrimp, Ready-to-eat, ready-to-reheat fishery products item food Cooked Shrimp, Equipment or production environment","https://drive.google.com/drive/folders/13kkw0f7h_jMwMN_9Judnkx2Z9vqQllRR?usp=drive_link","https://layanan.kan.or.id/direktori-lpk/531/1"
"LP-433-IDN","PT Water Laboratory Nusantara Indonesia","Jl. Yos Sudarso No. 65 Paal Dua, Manado – Sulawesi Utara","Sulawesi Utara","(0431) 873030","info@wln.co.id; mmawu@wln.co.id; EHS.Indonesia@sgs.com","2030-03-30","2030-03-30","true","false","true","false","false","false","","","","Air tanah, air permukaan, Air Sungai, Air Danau, air minum, air bersih, air untuk keperluan hygiene dan sanitasi, air limbah (limbah domestik, air lindi, penambangan bijih emas atau tembaga, biji nikel), air laut, jaringan hewan & tumbuhan, tanah, sedimen, lumpur, tanah dan limbah (TCLP), swab test, udara ambien, emisi tidak bergerak, udara lingkungan kerja","https://drive.google.com/drive/folders/13vEJVymlixdePLWXr6_2bk-_kdaDVkgD?usp=drive_link",""
"LP-435-IDN","Unit Pelaksana Teknis Daerah Laboratorium Lingkungan Dinas Lingkungan Hidup dan Kebersihan Kabupaten Tangerang","Jl. K.H. Sarbini No. 4, Komplek Perkantoran Tigaraksa, Tangerang, Banten","Banten","089507782136","uptlab.kabupatentangerang@gmail.com","2029-11-18","2029-11-18","false","false","true","false","false","false","","","","Air Limbah , Air Sungai, Air Danau, Air Minum , Udara Ambien","https://drive.google.com/drive/folders/14Ec4vFjSUrqD3MeNGoUXhQFsZrHsti6X?usp=drive_link",""
"LP-437-IDN","UPT Balai Pengujian dan Sertifikasi Mutu Barang Dinas Perdagangan dan Perindustrian Provinsi Kalimantan Tengah","Jl. RTA. Milono Km. 5,5 Palangka Raya, Kalimantan Tengah","Kalimantan Tengah","(0536) 3221551","bpsmbkalteng@yahoo.com","2027-02-01","2027-02-01","false","false","false","true","false","false","","","","Standar Indonesia Rubber (SIR), Crude Palm Oil (CPO), Beras","https://drive.google.com/drive/folders/14R7FLI58hgZxwXgEe7XwJ07gHy3bdiSf?usp=drive_link",""
"LP-445-IDN","Balai Pengendalian dan Pengawasan Mutu Hasil Kelautan dan Perikanan Balikpapan","Jl. Syarifuddin Yoes No. 10, Ring Road, Kota Balikpapan 76115","Bali","T. (0542) 876348","bkipmbpp@gmail.com","2027-08-28","2027-08-28","false","false","true","false","false","false","","","","Udang (penaid, ronggeng), kepiting, Lobster, ikan air tawar (lele, nila, mas, koi, gurame, Patin, Koi, Koki, Guppy) , ikan air laut ( Kerapu, Kakap, Layur, Tenggiri, Bawal, Cunang Bandeng), Udang Beku, Udang kupas Beku, Udang Kupas Rebus Beku, Ikan Beku, Ikan Segar, Udang Segar, Ikan Asin Kering, Rumput Laut Kering, Udang Kering Tanpa Kulit (ebi)","https://drive.google.com/drive/folders/14TSDXpCdff2xx2vLUguReI7WqHF3qfTt?usp=drive_link",""
"LP-449-IDN","Balai Laboratorium Kesehatan Masyarakat Palembang","Jl. Sultan Mahmud Badaruddin II KM. 11 No. 55, Palembang - Sumatera Selatan","Sumatera Selatan","(0711) 3645921, 3645923","surat.btklpalembang@gmail.com lab.btklpp_plg@yahoo.com","2029-06-04","2029-06-04","false","false","true","false","false","false","","","","Air minum, air limbah, air sungai, air keperluan higiene sanitasi, lingkungan kerja, daging telur, susu dan hasil olahannya (makan siap saji), produk perikanan (makanan siap saji)","https://drive.google.com/drive/folders/15aLCFjI3JGh4Z4kR6OVJ-oKO5MORMXIF?usp=drive_link",""
"LP-451-IDN","UPTD Laboratorium Lingkungan Dinas Lingkungan Hidup Kabupaten Mojokerto","Jl. Pemuda No. 55B, Mojosari, Kab. Mojokerto, Jawa Timur","Jawa Timur","(0321) 591539","uptlablingk@gmail.com","2027-06-04","2027-06-04","false","false","true","false","false","false","","","","Air bersih (air untuk keperluan higiene dan sanitasi), air sungai, air limbah, udara ambien, kebisingan, lingkungan kerja, emisi sumber bergerak, emisi sumber tidak bergerak","https://drive.google.com/drive/folders/15QnzdfLnKDVhyznp1vNZd1_fGW5bORAl?usp=drive_link",""
"LP-452-IDN","Balai Pengawasan dan Sertifikasi Benih Tanaman Pangan dan Hortikultura Provinsi Kalimantan Selatan","Jl. P. Suriansyah Ujung No. 63 A, Banjarbaru – Kalimantan Selatan 70711","Kalimantan Selatan","(0511) 4772077","lab.bpsbtph_kalsel@yahoo.co.id","2027-04-29","2027-04-29","true","false","false","true","true","false","","","","Benih tanaman pangan (padi, jagung, kedelai, kacang tanah)","https://drive.google.com/drive/folders/15RCjhmWGheX1jx2im7KDV_p-KNH3pgW4?usp=drive_link",""
"LP-453-IDN","Badan Meteorologi, Klimatologi, dan Geofisika - Laboratorium Penguji Kualitas Udara","Jl. Angkasa I No.2, Kemayoran, Jakarta Pusat, DKI Jakarta","DKI Jakarta","(021) 4246321 Ext. 2122","lab.pengujibmkg@gmail.com","2029-08-04","2029-08-04","false","false","true","false","false","false","26 27","7","2026-04-10","Air hujan, udara ambien","https://drive.google.com/drive/folders/15Rlu6Q9s0JAK8l597Di4JmZ-R9Ps2joL?usp=drive_link","https://layanan.kan.or.id/direktori-lpk/2083/1"
"LP-454-IDN","Balai Pengelolaan Informasi Sumber Daya Kelautan dan Perikanan - Laboratorium Kualitas","Jalan SEACORM KM.2, Kec. Jembrana, Kab. Jembrana, Bali","Bali","T. (0365) 442666","brok@kkp.go.id","2029-09-24","2029-09-24","false","false","true","false","false","false","","","","Air laut, air permukaan (air sungai, air danau, air sumur, dan air tambak), air limbah","https://drive.google.com/drive/folders/15dyhvrnKN78-oi3ehjV5hDteUwgOeGr4?usp=drive_link",""
"LP-458-IDN","UPTD Balai Pengawasan dan Sertifikasi Mutu Barang Provinsi Lampung","Jl. Cut Meutia No.36, Bandar Lampung 35214","Lampung","T. (0721) 480410","bpsmb_lampung@yahoo.com","2029-05-06","2029-05-06","false","false","false","true","false","false","10","6","2025-08-21","biji kopi, biji kakao, lada hitam, lada putih, beras, Cassia indonesia atau kayu manis","https://drive.google.com/drive/folders/15TKBD5gr69oC1HoGXU_EhR4F6NvFk6D9?usp=drive_link","https://layanan.kan.or.id/direktori-lpk/555/1"
"LP-461-IDN","Balai Besar Karantina Hewan, Ikan, dan Tumbuhan Jawa Timur","Jl. Raya Bandara Ir. H. Juanda no.26, Semawalang, Semambung, Kec. Gedangan, Sidoarjo, Jawa Timur Lokasi 1 : Jl. Letjen Suprapto 67, Waru, Sidoarjo, Jawa Timur Lokasi 2 : Jl. Kalimas Baru 88D, Surabaya, Jawa Timur Lokasi 3 : Jl. Raya Bandara Ir. H. Juanda no.26, Semawalang, Semambung, Kec. Gedangan, Sidoarjo, Jawa Timur","Jawa Timur","(031) 8681498; (031) 3295367","khotrexs_imoe2@yahoo.com","2027-04-17","2027-04-17","true","false","false","true","true","false","","","","Lokasi 1 : Benih padi, benih jagung, akar dan umbi kentang, tanah dari areal pertanaman kentang, akar dari tamanan jeruk dan jahe, benih gandum, benih alfalfa (medicago sativa), benih cabai, benih tomat, benih kentang dan umbi bawang merah, buah belimbing, nangka, jambu dan cabai, buah apel, pear, anggur, dan jeruk,biji gandum, beras dan bungkil,buah kelengkeng Lokasi 2 : serum unggas (DOC, ayam, itik, burung), serum (sapi, kerbau), Sarang burung walet, daging (sapi, ayam, itik, kambing, babi), telur, jeroan, sosis, bakso, nugget, susu, Daging, susu, telur dan hasil olahannya, Meat Bone Meal, poultry by product meal, hydrolyzed fether meal Lokasi 3 : serum unggas (DOC, ayam, itik, burung), serum (sapi, kerbau, anjing, kucing), daging (sapi, ayam, itik, kambing, babi), telur, jeroan, sosis, bakso, nugget, susu, Daging, susu, telur dan hasil olahannya, swab trakea/kloaka, unggas, bulu unggas, guano, daging unggas, bahan asal unggas, bahan baku pakan ternak","https://drive.google.com/drive/folders/15yYlsAgCnPF1FOu7UxzGvPgAqCVWZNN0?usp=drive_link",""
"LP-468-IDN","UPTD Laboratorium Kesehatan Provinsi Kalimantan Timur","Jl. KH. Ahmad Dahlan No. 27, Samarinda, Kalimantan Timur 75117","Kalimantan Timur","(0541) 741732","labkesprovkaltim.akreditasikan@gmail.com","2029-09-24","2029-09-24","false","false","true","false","false","false","","","","Air Limbah, Air Sungai, Air untuk keperluan higiene sanitasi, Air minum, Udara Ambien, Kebisingan, Minuman, Air Badan Air, Air Bersih, Air Kolam Renang, Makanan & Minuman (Makanan Katering, Makanan Jajanan, Sekolah, Makanan Snack, Minuman Berbasis Air Berperisa), Usap Lantai, Dinding, Alat Makan, Alat Medis, Linen, Udara Ruang, Air RO Haemodialisa, Daging dan Olahan Daging","https://drive.google.com/drive/folders/16C3MhFmLJxbZSyfySwU1Y5f3SIJv-JW1?usp=drive_link",""
"LP-471-IDN","Balai Besar Pengawas Obat dan Makanan di Bandar Lampung","Jl. Dr. Susilo No. 105, Bandar Lampung 35213","Lampung","(0721) 252212","bpomlpg@yahoo.com lab_bpomlpg@yahoo.com","2029-07-22","2029-07-22","false","false","true","true","false","false","","","","Terapetik Tablet Allopurinol, Tablet Asam mefenamat, Tablet Bisakodil, Tablet Ibuprofen, Tablet Metoklopramid, Tablet Metronidazol, Kapsul Piroksikam, Tablet Prednison, Tablet Simetidin, Tablet Natrium diklofenak Obat Tradisional Jamu penguat tubuh (stamina), Jamu turun panas/ sakit kepala, Jamu obat batuk, Jamu anti gelisah/ penenang, Jamu Anti Alergi (gatal-gatal)/, Jamu influensa/ masuk angin , Jamu kencing manis, Jamu Anti Asma, Jamu pegel linu/ rematik, Jamu pegel linu/ rematik, Jamu Keputihan/ Khusus Wanita, Jamu Wasir, Jamu untuk tekanan darah tinggi, Jamu untuk nafsu makan/ gemuk, Jamu sediaan padat Kosmetika Sediaan pembersih rias wajah dan mata (Pembersih kulit muka, penyegar kulit muka, astringent), Sediaan tabir surya, Sediaan perawatan kulit (nutritive krim , krim malam, krim siang, pelembab, krim untuk pijat, pelembab untuk mata, pencerah kulit, anti wrinkle , anti aging cream), Sediaan rias wajah (Alas bedak,pipi, bayangan mata, tata riaspanggung, make up kit), Bedak untuk wajah (Bedak padat dan bedak tabur), Sediaan Anti Jerawat, Masker untuk wajah, peeling, masker mata, masker untuk badan, lulur, Bedak Badan dan bedak badan antiseptik, Hand and Body Lotion (HBL) dan lotion perawatan kaki, Deodoran dan Anti Perspirant, Pewangi badan (Eau de Cologne, Eau de Parfum), Pewarna Rambut dan activator, Sediaan Higiene Mulut: Pasta Gigi, Mouth Wash dan Mouth Freshner, Sediaan untuk Bayi: (Bedak, Shampoo, Cream, Lotion, Sabun) Sediaan Pewarna Kuku, Pembersih Pewarna Kuku, Sediaan Pelurus, Pengeriting Rambut dan Netralizer Pangan Susu UHT, Susu kental manis, Keju (Semua jenis), Minyak Goreng Minyak kelapa sawit, Margarin Mentega/butter Es untuk dimakan (edible ice): Es Lilin, Es Puter Es Mambo Es buah, Es Campur Buah Olahan: Koktail buah dalam kemasan Buah dalam kemasan, Buah kering, Manisan Buah, am/ Selai, Keripik Buah, Sayuran / jamur dalam kaleng Kacang dan hasil olahnya: Mentega kacang/Selai kacang, Sambel pecel Coklat bubuk, Coklat instan, Coklat butir, Coklat Padat, Permen/Kembang Gula keras Permen/Kembang Gula lunak, Kembang gula karet/ permen karet, Tepung terigu, Bihun, Mie instan, Mie Kering, Makaroni, Mie basah, Pasta, Tepung bumbu, Tahu segar, Biskuit, Wafer, Roti Manis, Pastri, Cake, Donat, Abon, Dendeng, Corned beef Sosis Daging, Baso Daging, Baso Ikan, Abon ikan, Ikan asin, Siomay/Batagor, Empek-empek, Terasi, Gula Pasir, Sirup, Madu, Garam dan Pengganti Garam Garam konsumsi beriodium, Saus tiram, Saus tomat, Saos Cabe, Sambal siap konsumsi, Kecap kedelai, Kecap manis, Kecap asin, Minuman khusus ibu hamil dan ata MP-ASI bagian 1 : Bubuk instan MP-ASI bagian 2 : BiskuitMP-ASI bagian 3 : Siap masak Biskuit untuk bayi dan balita, Susu Formula bayi Susu Formula lanjutan, Minuman Ringan Tidak Beralkohol, Air Minum, Air minum dalam kemasan (AMDK). Air minum isi ulang, Minuman Berbasis PK Air Berperisa, Termasuk Minuman Olahraga atau Elektrolit dan Minuman Berpartikel, Limun, Minuman sari buah, Minuman squash, Minuman Isotonik, Minuman Serbuk, Minuman teh dalam kemasan, Minuman kopi dalam kemasan, Teh hijau, Teh hijau celup, Teh hitam, Teh hitam celup, Teh kering dalam kemasan, Teh wangi, Kopi bubuk, Kopi instan, Kopi mix, Minuman ringan beralkohol, Bangket Sagu, Jagung marning, Jipang beras, Keripik talas, Keripik singkong, Keripik jagung, Keripik sukun, Kopi bubuk, Kopi instan, Kopi mix, Minuman ringan beralkohol, Bangket Sagu, Jagung marning, Jipang beras, Keripik talas, Keripik singkong, Keripik jagung, Keripik sukun, Makanan ringan, Olahan Kacang, Termasuk Kacang Terlapisi dan Campuran Kacang, Kacang olahan, Mikrobiologi Produk-produk susu dan analognya: Susu fermentasi (yoghurt) tawar atau berperisa, Susu kental manis dan susu skim kental manis (tawar atau berperisa), Krimer kental manis, Susu bubuk dan susu skim bubuk, Keju Olahan Makanan pencuci mulut berbahan dasar susu (misalnya puding, yoghurt, berperisa atau yoghurt dengan buah): Es krim, Puding, Lemak, minyak dan emulsi lemak: Mentega, Margarin Es untuk dimakan (edible ice) termasuk sherbet dan sorbet: Es batu, es lilin, es berperisa Buah dan sayur (termasuk jamur, umbi, kacang-kacangan termasuk kacang kedelai dan lidah buaya), rumput laut, biji-bijian: Manisan Buah dan manisan buah kering (kismis, sale pisang, mangga dll.), Jem, jeli buah, dan marmalad, Nata dalam kemasan, Keripik berbasis sayur, umbi- umbian , dan kacang-kacangan (gadung, singkong, talas, kentang,ubi jalar, jamur). Produk kakao dan coklat termasuk coklat imitasi dan pengganti coklat: Kakao bubuk , kakao masa, Confectionery meliputi permen keras dan lunak, nougat, dan lain lain: Kembang gula keras, Kembang gula lunak jeli, Kembang gula karet, kembang gula nirgula, Serealia dan produk-produk serealia yang merupakan produk turunan dari biji serealia,akar-akaran dan umbi-umbian, kacang-kacangan, polong-polongan, dan empelur (bagian dalam batang tanaman), selain produk-produk bakeri pada kategori pangan VII: Tepung tapioka, tepung hunkwee, tepung kacang hijau, tepung singkong, tepung sagu, tepung, Sereal siap santap Bihun, spagetti, mie kering, sohun, mie instan, makaroni, pasta kering produk akhir serealia yang masih perlu pengolahan lebih lanjut: Pasta dan mie serta produk sejenisnya (misalnya rice paper,, Tepung bumbu, Produk bakeri istimewa (manis, asin, gurih), Daging dan produk daging, termasuk daging unggas dan daging hewan buruan: Produk daging kering (termasuk abon), kerupuk kulit, kerupuk, Daging olahan dan daging ayam olahan (bakso, sosis, naget,, Herba, rempah-rempah, bumbu dan kondimen (misalnya bumbu mie instant): Herba dan rempah rempah/bumbu siap pakai, Saus emulsi (misal mayonnaise,, salad dressing), Produk pangan untuk keperluan gizi khusus: Minuman khusus ibu hamil dan atau ibu menyusui Minuman tidak termasuk produk susu: Air minum dalam kemasan AMIU, Sirup, Minuman tidak berkarbonat berperisa, Kopi, kopi substitusi, teh, seduhan herbal, dan minuman biji-bijian dan sereal panas, kecuali cokelat: Teh kering dalam kemasan, Minuman teh dalam kemasan, Kopi bubuk dalam kemasan, Kopi celup, kopi instan, Kopi mix, kopi gula susu dalam kemasan, Minuman kopi dalam kemasan Makanan ringan berbahan dasar kentang, serealia, tepung atau pati (dari Umbi-umbian kacang-kacangan, dan polong-polongan): Makanan ringan ekstrudat, Olahan kacang-kacangan, termasul kacang terlapisi dan campuran, Obat Tradisional, Kosmetika","https://drive.google.com/drive/folders/172uqS86xa_fQmpmiXlkPwi07AmrDK2ac?usp=drive_link",""
"LP-472-IDN","PT Pusat Riset Perkebunan Nusantara - Pusat Penelitian Kelapa Sawit","Jl. Brigjen Katamso No. 51, Medan, Sumatera Utara","Sumatera Utara","(061) 7862477","endra_ppks@yahoo.com","2027-11-18","2027-11-18","true","true","true","false","true","false","","","","Pupuk triple super fosfat (TSP), pupuk amonium sulfat (ZA), puuk SP-36, pupuk fosfat alam untuk pertanian, pupuk NPK, pupuk dolomit, pupuk kalium klorida, pupuk urea, pupuk anorganik, pupuk kieserite, Crude Palm Oil (CPO), Minyak goreng sawit, Palm Kerneal Meal, Daun (Jaringan Tanaman), Tanah, air permukaan, air limbah","https://drive.google.com/drive/folders/1732ZSTJZRIVzvwJ4UKQAU6plRtPNIdTa?usp=drive_link",""
"LP-475-IDN","Politeknik Akademi Kimia Analisis Bogor","Jl. Pangeran Sogiri No. 283, Tanah Baru, Bogor 16158","Jawa Barat","T. (0251) 8650351","akainfo@aka.ac.id; dyah_aninta@yahoo.com","2029-07-22","2029-07-22","false","false","true","false","false","false","13 26 29","42","2026-04-28","Logam campur/alloy, air limbah, air minum, air bersih","https://drive.google.com/drive/folders/1750vpEBH14bFo8DJFYV2TVV7mE6vP5m7?usp=drive_link","https://layanan.kan.or.id/direktori-lpk/551/1"
"LP-476-IDN","Laboratorium Kualitas Lingkungan Fakultas Teknik Sipil dan Perencanaan - Universitas Islam Indonesia","Kampus terpadu UII, Gedung M. Natsir, Jl. Kaliurang Km. 14.4, Yogyakarta","DI Yogyakarta","(0274) 898471; 898472; 896440","labteklinguii@gmail.com","2030-05-17","2030-05-17","false","false","true","false","false","false","","","","Air Mineral, Air Minum Dalam Kemasan, Air Permukaan (Air Sungai (DAM dan Embung), Air sumur), Air untuk keperluan higiene sanitasi, Air Limbah, Air Laut, Udara Emisi Sumber Tidak Bergerak, Udara Ambien, Kebisingan, Udara lingkungan kerja (Industrial Hygiene)","https://drive.google.com/drive/folders/178XblhI65mIIWAPIj5QsnMFyMy-CaYSb?usp=drive_link",""
"LP-477-IDN","PT Solusi Bangun Indonesia, Tbk - AFR Laboratory (Multilokasi)","Narogong Plant, Jl. Raya Narogong Km. 7, Klapanunggal, Cileungsi, Kab. Bogor, Jawa Barat Lokasi 1: Narogong Plant, Jl. Raya Narogong Km. 7, Klapanunggal, Cileungsi, Kab. Bogor, Jawa Barat Lokasi 2: Tuban Plant, Jl. Glondonggede-Kerek Km. 3, Merkawang, Tambakboyo, Tuban, Jawa Timur","Jawa Barat","(021) 8231260","yayan.susanto@sig.id","2029-12-17","2029-12-17","true","false","true","false","false","false","","","","Lokasi 1: TCLP pada semen dan klinker, Limbah B3 dan Non B3 (padat, cair, sludge, TCLP, oil trafo), air sungai, air danau, air tanah, air limbah, air minum, air untuk keperluan higiene sanitasi, udara ambien, udara emisi sumber tidak bergerak, kebisingan. Lokasi 2: Limbah B3 (Fly Ash Bottom Ash) dan Non B3 (SBE, Biomass)","https://drive.google.com/drive/folders/178Q4FXNGwEf3mwd1B8wT7usfyCKPnypg?usp=drive_link",""
"LP-478-IDN","Laboratorium Terpadu Universitas Islam Indonesia","Jl. Kaliurang Km. 14,5, Sleman, DI Yogyakarta","DI Yogyakarta","085640214627","lab.terpadu@uii.ac.id","2029-07-22","2029-07-22","false","false","true","false","false","false","10 13","41","2026-04-10","Air minum dalam kemasan (AMDK), minyak atsiri nilam, minyak atsiri pala, minyak atsiri seraiwangi","https://drive.google.com/drive/folders/17FFi3RK3OCqpvhCMZAD_BNrvEZl_y9k7?usp=drive_link","https://layanan.kan.or.id/direktori-lpk/2313/1"
"LP-479-IDN","Balai Besar Laboratorium Kesehatan Masyarakat Banjarbaru","Jl. H. Mistar Cokrokusumo No. 2A, Banjarbaru, Kalimantan Selatan","Kalimantan Selatan","(0511) 4780343","lp479bjb@gmail.com","2029-03-31","2029-03-31","false","false","true","true","false","false","","","","Air Minum , Air untuk Keperluan Higiene dan Sanitasi , Air Sungai , Air Limbah , Air Minum Dalam Kemasan (AMDK) , Kebisingan , Udara Ambien , Lingkungan Kerja , Makanan , Alat (Piring, Gelas, Sendok) , Dinding dan Lantai , Usap Tenggorok dan Usap Nasopharing , Preparat Apusan Darah , Vektor Nyamuk , Minuman (Tidak Termasuk Produk Susu) , Pangan Siap Saji (Terkemas)","https://drive.google.com/drive/folders/17FaiVbfZfD7MHg_cMvsfoabUHlRzNhFg?usp=drive_link",""
"LP-480-IDN","Fakultas Geografi Universitas Gadjah Mada - Laboratorium Hidrologi dan Klimatologi Lingkungan","Sekip Utara, Bulaksumur, Depok, Sleman, D.I Yogyakarta","DI Yogyakarta","(0274) 548632","nurulchotimah@ugm.ac.id","2030-04-28","2030-04-28","true","false","true","false","false","false","","","","Air sungai, air danau, air waduk, air kolam, air limbah, air tanah, lingkungan kerja, Air untuk keperluan higiene sanitasi, Lingkungan kerja","https://drive.google.com/drive/folders/17GD0C0rW8UDlWJogQv-WrUz85WHmRHs9?usp=drive_link",""
"LP-481-IDN","Unit Pelaksana Teknis Daerah (UPTD) Balai Pengujian dan Sertifikasi Mutu Barang (BPSMB) Dinas Perindustrian dan Perdagangan Aceh","Jl Banda Aceh - Medan Km. 4.5 Meunasah Manyang, Ingin Jaya, Aceh Besar, Nanggroe Aceh Darussalam","Aceh","T. (0651) 7429535","bpsmb_aceh@yahoo.com","2029-10-20","2029-10-20","false","false","false","true","false","false","","","","Biji kakao, biji kopi, minyak nilam, minyak pala, Tepung terigu, Garam konsumsi beriodium","https://drive.google.com/drive/folders/17Nme82LWMcYeyJLeZxkB8JO63TLHGYbH?usp=drive_link",""
"LP-482-IDN","Balai Budidaya Air Payau Takalar","Desa Boddia, Kec. Galesong, Kab. Takalar, Sulawesi Selatan","Sulawesi Selatan","(0418) 2312972","lubbapt@yahoo.co.id","2029-04-23","2029-04-23","false","false","true","false","false","false","12 13 26","26","2026-04-30","Air laut, air payau, air tawar, ikan dan pakan ikan, komoditas perikanan, udang dan kepiting, rajungan, telur ikan, kerang, isolat","https://drive.google.com/drive/folders/17qeVg6rhwMhBDfN2Sb8QodDhI4UZmZzp?usp=drive_link","https://layanan.kan.or.id/direktori-lpk/641/1"
"LP-483-IDN","Balai Besar Pengawas Obat dan Makanan di Banda Aceh","Jl. Tgk. H. Mohd. Daud Beureueh No. 110, Banda Aceh, Aceh","Aceh","(0651) 22735","bpom_aceh@pom.go.id; jamut.bbpom.aceh@gmail.com","2027-12-02","2027-12-02","false","false","true","true","false","false","","","","Terapetik (tablet, suspensi) Narkotik-Psikotropik (tablet) Obat tradisional dan Suplemen (Sediaan padat, sediaan Cair) Kosmetik : Night Cream, Sediaan Bayi (krim), Day Cream, Pemutih wajah, Pelembab bentuk Gel, Sediaan anti jerawat, Bedak bayi,Bedak Wajah,Sabun Mandi, Deodoran, Pewarna Rambut, Shampo, Hair Tonik, Bedak Padat, Krim mata, Blush On, Lipstick, External intim higiene Pangan : Susu UHT, Minuman Susu Berperisa, Keju Cheddar, Minyak Goreng Sawit, Es untuk dimakan (edible ice), Selai buah, Kakao Bubuk, Kembang gula keras, kembang gula lunak, kembang gula Karet, Tepung terigu, Mie Basah, Mi Instan, Mie Kering Gandum, Saus Cabe, Saus Tomat, Kecap kedelai asin, Saus Kedelai Fermentasi, Garam, Roti Tawar, Biskuit, Corned beef dalam kemasan, Bakso daging, Sarden Media Saus Tomat, Bakso Ikan, Madu, gula Aren, gula kristal Putih, Air minum dalam kemasan, Minuman ringan, Kopi bubuk, kopi instan, minuman kopi dalam kemasan, Tuak, Formula Bayi, MP-Asi, Minuman untuk ibu Hamil/menyusui, Makanan Ringan ekstrudat Mikrobiologi : Obat tradisional, suplemen kesehatan, kosmetik, pangan","https://drive.google.com/drive/folders/17xL5XaZm-b8eBUakIRYD5ocC-_B4Gfeb?usp=drive_link",""
"LP-485-IDN","UPTD Balai Pengawasan dan Sertifikasi Mutu Barang Provinsi Sumatera Selatan","Jl. Demang Lebar Daun No.261D, Palembang, Sumatera Selatan","Sumatera Selatan","(0711) 441646","uptdbpsmb@gmail.com","2029-12-17","2029-12-17","false","false","false","true","false","false","","","","Biji kopi, Standar Indonesia Rubber (SIR), karet konvensional, Crude Palm Oil (CPO)","https://drive.google.com/drive/folders/17vgklwujONgLaf-L56MNsBs8v-ilc934?usp=drive_link",""
"LP-487-IDN","Balai Pengembangan Jasa Konstruksi, Dinas Pekerjaan Umum, Perumahan dan Energi Sumber Daya Mineral Provinsi Daerah Istimewa Yogyakarta","Jl. Ring Road Utara Maguwoharjo, Depok, Sleman – Yogyakarta 55282","DI Yogyakarta","(0274) 489622","pengujian.pu@gmail.com","2029-10-20","2029-10-20","true","false","false","false","false","false","","","","Tanah, agregat halus dan agregat kasar, beton, aspal","https://drive.google.com/drive/folders/17yW1GZ4y3J40NFzdEExW4o-JzmWSE5Yh?usp=drive_link",""
"LP-488-IDN","Laboratorium Kesehatan Provinsi Kalimantan Selatan","Jl. Bumi Mas Raya No. 22, Banjarmasin, Kalimantan Selatan 70249","Kalimantan Selatan","(0511) 3258958","labkes.kalselprov@gmail.com","2029-05-23","2029-05-23","false","false","true","false","false","false","","","","Air minum, air bersih, air permukaaan, air limbah, udara ambien, usap alat/dinding lantai, usap linen, air, makanan, minuman","https://drive.google.com/drive/folders/18Bqns0rWsdQD_16Eauft6rFlLhCJ0LJJ?usp=drive_link",""
"LP-490-IDN","PT Telekomunikasi Indonesia, Tbk - Laboratorium Quality Assurance - Divisi Digital Connectivity Services (DDCS)","Jl. Gegerkalong Hilir No. 47, Bandung","Jawa Barat","(022) 4571050 - 4571051","sehadi@telkom.co.id cstth@telkom.co.id","2029-09-01","2029-09-01","true","false","false","false","false","false","","","","Digital fixed radio system point to point, wireless LAN, Bluetoth, perangkat HF, VHF, UHF, radio pemancar maritim, transponder Dense Wavelength Division Multiplexing (DWDM) untuk teresterial dan submarine, optical terminal multiplexer, sub system of reconfigurable optical add-drop multiplexer (ROADM), tuneable optical transponder, optical line terminal, perangkat kabel serat optik single mode berkonstruksi loose tube untuk aplikasi duct, perangkat kabel serat optik single mode G652D bertipe kering dan berkonstruksi single core per loose tube untuk aplikasi kabel udara, optical distribution frame, optical distribution cabinet, optical rossette (OR) sebagai terminasi fiber optik pada dinding sesuai BS 4662, perangkat blok terminal rumah kabel untuk layanan broadband, optical distribution frame untuk fiber termination management, optical distribution cabinet (ODC) dengan splitter, simplex G657A SC/UPC optical patch cord untuk FTTH, optical distribution point (ODP) aerial closure, optical distribution point (ODP) pole, optical distribution point (ODP) wall mounted, optical distribution point (ODP) pedestal, perangkat telekomunikasi berbasis internet protokol, baterai asam timbal berventilasi untuk system floating, baterai asam timbal untuk system floating, uninterruptible power supply (UPS) statis, rectifier indoor, baterai asam timbal stasioner untuk system catu daya charge-discharge,Pengujian EMC, kabel telepon udara berisolasi dan berselubung polietilen, berpenguat sendiri, kabel saluran rumah, saluran penanggal bawah tanah, saluran penanggal atas tanah (U-ES), tiang telepon besi dengan sambungan, bentuk taper segi delapan tahan korosi cuaca, pipa HDPE untuk kabel serat optic, ONT Retail for GPON, Open ONT Retail Dualband for GPON, ONT Retail Premium for GPON, L2/L3 Switch, Router, SDWAN-Edge, Baterai Lithium Ferro Phospate (LiFePO4), Electrical Safety, Perangkat Seluler 5G SS, Perangkat IoT (Internet of Things ) - LPWA non Seluler, Perangkat NB IoT (Narrow Band Internet of Things ) - LPWA Seluler, Perangkat Dedicated Short Range Devices -Road Side Unit, Perangkat SRD, Perangkat DVB T-2/S-2, Perangkat telepon satelit, Perangkat VSAT, Antenna, Optical Safety for PON, Ethernet, FSO","https://drive.google.com/drive/folders/18LIy8kbKoM_kil1P51K1Cpxh0wh5fT7b?usp=drive_link",""
"LP-491-IDN","PT Traya Tirta Cisadane","Jl. Raya Puspitek Kavling Serpong RT 05 RW 04 Kel. Serpong, Kec. Serpong, Kota Tangerang Selatan, Banten","Banten","(021) 7565528/29","laboratoriumtrayatirtacisadane@gmail.com","2029-08-21","2029-08-21","false","false","true","false","false","false","","","","Air minum, air sungai","https://drive.google.com/drive/folders/18QnIJB64zB4uzMp_PZsOg_xmhM9vVEQb?usp=drive_link",""
"LP-492-IDN","Unit Pelaksana Teknis Dinas (UPTD) Balai Pengujian dan Sertifikasi Mutu Barang Dinas Perindustrian & Perdagangan Provinsi Kepulauan Bangka Belitung","Jl. Depati Amir No.203 Km.3, Pangkalpinang - Kepulauan Bangka Belitung","Kepulauan Bangka Belitung","(0717) 422162","nicbspm@gmail.com","2029-08-31","2029-08-31","false","false","false","true","false","false","","","","Lada putih, Crude Palm Oil (CPO), Beras","https://drive.google.com/drive/folders/18bq9OZfKOLCS9eKifxc00EpQC8aqcQyO?usp=drive_link",""
"LP-493-IDN","Balai Besar Pelaksana Jalan Nasional DKI Jakarta - Jawa Barat","Jl. Ir. H. Juanda Km. 2, Komplek Binamarga, Cikampek, Jawa Barat","Jawa Barat","(0264) 8311190","lab_bbpjn4@yahoo.com","2029-09-01","2029-09-01","true","false","false","false","false","false","","","","Aspal keras, aspal cair, aspal emulsi, campuran beraspal, agregrat, tanah, beton","https://drive.google.com/drive/folders/18r0blVMRiqpAzE4Jj9lddVMv2HUdyhvz?usp=drive_link",""
"LP-495-IDN","PT Tudung Putra Putri Jaya – Tudung Corporate Laboratory","Jl Bintaro Raya No. 10A, Kebayoran Lama, Jakarta Selatan, DKI Jakarta","DKI Jakarta","(021) 7290110 ext.315","corporate.lab@tudung.co.id, kurniati.ningrum@tudung.co.id","2028-02-26","2028-02-26","false","false","false","true","false","false","","","","Biskuit (Manis) atau Kukis atau Sweet Crackers, Biskuit Marie, Biskuit Stik Colek, Biskuit Marie Salut, Roti Bagelen, Biskuit Lapis, Biskuit (Manis) atau Kukis atau Sweet Crackers, Biskuit Marie, Biskuit Stik Colek, Biskuit Marie Salut, Roti Bagelen, Biskuit Lapis(lanjutan), Kukis (Cookies) dan Pai (Pie), Wafer, Wafer Roti, Wafer Salut, Kukis, Kukis Gula, Kukis Oatmeal, Egg Roll, Kukis (Cookies) dan Pai (Pie), Wafer, Wafer Roti, Wafer Salut, Kukis, Kukis Gula, Kukis Oatmeal, Egg Roll(lanjutan), Krekers, Tidak Termasuk Krekers Manis, Krekers, Tidak Termasuk Krekers Manis(lanjutan), Produk Kakao dan Cokelat, Serbuk Minuman Berperisa, Minuman Mengandung Jeli, Nata De Coco dalam Minuman, Serbuk Minuman Berperisa, Minuman Isotonik Tidak Berkarbonat, Minuman Hipertonik Tidak Berkarbonat, Minuman Mengandung Jeli, Nata De Coco dalam Minuman, Makanan Ringan Berbahan Dasar Kentang, Umbi, Serealia, Tepung atau Pati, Makanan Ringan Olahan Kacang, Makanan Ringan Olahan Kacang(lanjutan), Seasoning, Garam, Minuman Berbasis Susu yang Berperisa, Saus Cabe , Minyak Goreng, Minyak Sayur, Minyak Salad, Minyak Samin, Lemak Reroti, Pengganti Minyak Mentega, Minuman Teh Dalam Kemasan","https://drive.google.com/drive/folders/1MvdZDme3oI8rnn9y8Lwv8KNVHVl06US4?usp=drive_link",""
"LP-501-IDN","PT. Prasadha Pamunah Limbah Industri","Jl. Raya Narogong, Desa Nambo, Cileungsi, Bogor - Jawa Barat","Jawa Barat","(021) 86704042","laboratory.service@ppli.co.id","2029-04-23","2029-04-23","true","false","true","false","false","false","","","","Air sungai, air danau, air sanitasi, air limbah, limbah organik/oli bekas, pelarut organik, kebisingan, udara ambien Limbah B3: Sedimen/Sludge/ tanah terkontaminasi (TCLP), Soil/Sedimen/Sludge, Limbah organik/bahan bakar sintesis, Oil Transformator","https://drive.google.com/drive/folders/1GzaiXnjD12nmWs9i63cQxnTSR6xgBXPJ?usp=drive_link",""
"LP-502-IDN","UPTD Balai Laboratorium Kesehatan Provinsi Sumatera Barat","Jl. Gajah Mada, Gunung Pangilun, Padang 25137","Sumatera Barat","(0751) 41927","adibangka@gmail.com; labkessumbar@yahoo.co.id","2029-09-24","2029-09-24","false","false","true","false","false","false","","","","Air minum, Air Untuk Keperluan Higiene Sanitasi, Air sungai, air danau), air limbah","https://drive.google.com/drive/folders/1H4gC935zZWckNdzuI-8uTq6gGi3g5O04?usp=drive_link",""
"LP-503-IDN","PT. Barindo Anggun Industri","Jl. Simopomahan No. 148 – 150 P, Tandes – Surabaya 60181","Jawa Timur","T. (031) 7493333","info@barindo.com","2029-09-15","2029-09-15","false","false","true","false","false","false","02","9","2026-04-29","Meter air","https://drive.google.com/drive/folders/1GwSKTEjzRUFb6xQN7CJrGKEBvrC2b99m?usp=drive_link","https://layanan.kan.or.id/direktori-lpk/666/1"
"LP-507-IDN","UPTD Laboratorium Lingkungan Dinas Lingkungan Hidup dan Kehutanan Provinsi Kepualauan Bangka Belitung","Komplek Perkantoran Pemerintah Provinsi Kepulauan Bangka Belitung, Air Itam, Pangkalpinang, Bangka Belitung","Kepulauan Bangka Belitung","(0717) 436975","labblhd_babel@yahoo.co.id ; uptdlabling.babel@gmail.com","2029-08-04","2029-08-04","false","false","true","false","false","false","","","","Air limbah, air permukaan, air sungai, air danau, udara emisi sumber gas tidak bergerak, udara ambien, lingkungan kerja, air laut, udara emisi sumber bergerak, Air untuk keperluan hygiene dan sanitasi, Kebisingan","https://drive.google.com/drive/folders/1HM2tftdsnVLF5fLObzYt1s5zesWeSzme?usp=drive_link",""
"LP-508-IDN","UPT Laboratorium Uji Kualitas Lingkungan - Dinas Lingkungan Hidup Provinsi Jawa Timur","Jl. Wisata Menanggal No. 38, Surabaya, Jawa Timur","Jawa Timur","(031) 8543852 ; (031) 8541807","labling_blh@yahoo.co.id","2029-09-24","2029-09-24","false","false","true","false","false","false","","","","Air untuk keperluan higiene dan sanitasi, Air Sungai dan sejenisnya, Air Limbah, Limbah B3 (Padat, Cair, Multifasa), Udara Ambien, Udara Emisi Sumber Tidak Bergerak","https://drive.google.com/drive/folders/1HMD44VYh8viASjiB8P_Q16Rm8F_W7pzO?usp=drive_link",""
"LP-509-IDN","Balai Pengujian Standar Instrumen Tanaman Jeruk dan Buah Subtropika","Jl. Raya Tlekung No. 1 Junrejo, Batu, Jawa Timur","Jawa Timur","(0341) 592683","balitjestro@gmail.com","2030-10-27","2030-10-27","false","false","false","false","true","false","","","","Daun jeruk","https://drive.google.com/drive/folders/1HQZy5Oss54aRl6pU1PZ7opA0whgP0EIt?usp=drive_link",""
"LP-510-IDN","UPTD Balai Pengujian dan Sertifikasi Mutu Barang Provinsi Gorontalo","Jl. Tinaloga No.4 Kecamatan Tilongkabila Kabupaten Bone Bolango Provinsi Gorontalo","Gorontalo","(0435) 830898","bpsmb.gorontalo@gmail.com","2029-12-29","2029-12-29","false","false","false","true","false","false","","","","Jagung, rumput laut, biji kakao, beras","https://drive.google.com/drive/folders/1HSRRyqLlLucaCeDHR_X6N5pUGtXSwFs3?usp=drive_link",""
"LP-512-IDN","PT SUCOFINDO Cabang Makassar (Multilokasi)","Lokasi 1 : Jl. Urip Sumoharjo No. 90A, Makassar, Sulawesi Selatan Lokasi 2 : Jl Pattimura No. 58 Puuwatu, Kendari, Sulawesi Tenggara Lokasi 3 : Kawasan Industri PT. IMIP Jl. Trans Sulawesi Desa Fatupia Morowali, Sulawesi Tenggara Lokasi 4: Jl. RA Kartini No. 51, Palu, Sulawesi Tengah","Sulawesi Tenggara","(0451) 411243","dedig@sucofindo.co.id","2029-10-28","2029-10-28","true","false","true","false","false","false","","","","Lokasi 1: air untuk keperluan higiene dan sanitasi, air sungai, air danau, air limbah, air laut, udara ambien, kebisingan lingkungan, emisi sumber tidak bergerak, emisi sumber bergerak, limbah B3 (soil, sludge, solid, sedimet, liquid), semen, klinker, CPO, batubara, nikel ore, beton Lokasi 2: Nikel ore, ferro nikel, CPO Lokasi 3: batubara Lokasi 4: Nikel ore, CPO","https://drive.google.com/drive/folders/1HZ3ZkKDteFfomF-qfBEg_jDFKc7IaHC1?usp=drive_link",""
"LP-514-IDN","PT Eurofins Angler Biochemlab","Jl. Sawo No. 17-19, Kel. Bringin, Kec. Sambikereb, Surabaya, Jawa Timur","Jawa Timur","(031) 7456111","Ranny.marta@eurofinsasia.com","2029-12-17","2029-12-17","true","true","true","true","true","false","","","","Produk pertanian: Sayuran, buah dan sereal (Buah pome (apel, pir), Buah berbiji (aprikot, ceri, buah persik), Buah (melon, semangka), Sayuran umbi lapis (bawang merah, bawang putih, bawang bombai), Sayuran buah tomat, paprika, mentimun), Sayuran bunga (bunga kol, brokoli), Sayuran daun (selada, bayam), Sayuran batang dan tangkai (bawang perai, seledri, asparagus), Tanaman/makanan ternak (gandum untuk makanan ternak, alfalfa), Sayuran polong (buncis, kacang panjang), Sayuran akar (lobak), Daun teh, Jamur, Kacang - kacangan (kenari, kemiri, kastanye), Biji (bunga matahari, kapas, kacang kedelai, kacang tanah), Alpukat, Hops, Biji cokelat, Biji kopi, Rempah - rempah, Sayuran polong kering (kacang kedelai, kacang hijau), Serealia (gandum, jagung, padi), Sayuran akar (bit, wortel), Tanaman akar (kentang, ubi jalar, ubi kayu), Produk olahan tepung (mie, roti, kue, biskuit, spaghetti), Buah jeruk (jeruk lemon, jeruk mandarin, jeruk bali, jeruk peras), Buah berry (strawberry, blueberry, buah frambus), Kismis (kismis hitam, kismis merah, kismis putih), Anggur, Buah kiwi, Nanas, Hops, Cokelat fermentasi, Kopi, Teh, Rempah – rempah, Padi Produk pangan (Pangan asal hewani (udang, ikan, cumi, katak, ayam, sapi), Pangan asal nabati (jagung, tepung maizena, tepung roti, roti), Pangan asal gabungan (hewani dan nabati) (udang tempura, udang berbalut mie, udang berbalut tepung, makanan kaleng)), pakan (Pakan ikan, Pakan unggas, Pakan udang), dan AOAC Food Matrix Triangle No. 1-9 untuk komoditi: coklat, roti manis, susu kental manis, buah kaleng, dendeng, mayonaise, abon ikan, bumbu kacang, dan minuman karbonasi Susu dan makanan berbasis susu (susu, biskuit), edible ice (es), buah, sayur dan olahannya (apel, jus, kismis), permen dan coklat (permen, roti coklat), pemanis (madu), produk pangan untuk keperluan gizi khusus (susu bayi), minuman (jus, minuman bersoda), makanan ringan (keripik), produk perikanan (ikan air tawar, ikan air laut, ikan olahan), pakan dan bahan pakan (fish meal, tepung ikan), minyak dan lemak (minyak, mentega, margarin), serealia dan pangan olahan serealia (mie, gandum), produk bakeri (roti tawar, biskuit), daging dan produk daging (daging, sosis), telur dan produk telur (mayonaise), pemanis (sirup), garam, rempah, sup, saus, salad produk protein (kaldu, bumbu), pangan campuran (bubur bayi), garam konsumsi beryodium, cocoa powder, kopi instan, gula rafinasi Kosmetik (sabun, obat kumur, deodoran, bedak, cat kuku, cat rambut, krim), household (hair spray, parfum, hair tonic), makanan dan minuman yang mengandung alkohol, minuman beralkohol rendah, selai, jus, kue) pharmaceutical (bahan baku obat), suplemen (minuman berenergi), produk pertanian (kadar air tinggi, kadar air dan asam tinggi, kadar air rendah dan kadar gula tinggi, kadar air rendah dan kadar minyak tinggi, kadar air sedang dan kadar minyak tinggi, kadar air dan minyak rendah serta kadar protein tinggi), produk pertanian komoditas unik, daging, makanan laut dan olahannya, susu dan produk olahannya, nutraceutical (jamu), cairan sampel (larutan hasil digest atau yang mengandung asam amino bebas), air limbah, keju dan olahannya, minyak dan lemak, Virgin Oil (Minyak Klentik, Minyak Tanak, atau Minyak Kampung), Cold Pressed Oils, Minyak Kelapa Mentah, Minyak Kelapa; Minyak Goreng, Minyak Sayur, Minyak Salad, Minyak Samin, Lemak Reroti, Pengganti Minyak Mentega; Minyak Kelapa Sawit Mentah (CPO), Minyak Inti Kelapa Sawit Mentah (CPKO), Minyak Inti Kelapa Sawit (RBDPKO), Minyak Kelapa Sawit (RBDPO), Minyak Stearin Kelapa Sawit, Minyak Stearin Kelapa Sawit Mentah. Bahan Pakan Nabati ((Palm Kernel Expeller (PKE) dan Copra Expeller (COPEX)), tanah, pupuk, air minum, Ikan, Fillet Ikan, dan Produk Perikanan Meliputi Moluska, Krustase dan Ekinodermata yang Dibekukan; Makanan Ringan Berbahan Dasar Kentang, Umbi, Serelia, Tepung dan Pati; Makanan Ringan Berbasis Ikan.","https://drive.google.com/drive/folders/1HZAfZW8CiU392P1PhMQUOXqeelgLgE_8?usp=drive_link",""
"LP-516-IDN","PT Syslab","Plaza Amsterdam Blok D-2, Sentul City, Bogor, Jawa Barat","Jawa Barat","(021) 87962155","syslab@syslab.co.id ; fitria@syslab.co.id","2029-04-23","2029-04-23","true","false","true","false","false","false","13 15 26 27 28 29 33","567","2026-04-29","Air limbah, air sungai, air danau, air minum, air untuk keperluan higiene sanitasi, air laut, limbah padat dan cair, tanah/sedimen/sludge (B3) padatan, TCLP, udara emisi sumber tidak bergerak, udara emisi bergerak (emisi kendaraan), udara ambien, kebisingan, udara lingkungan kerja, minyak pelumas industri dalam pemakaian, fuel oil, crude oil","https://drive.google.com/drive/folders/1IEPBu_iW4CGTuyRvvJ7dPtWRTGHrG86J?usp=drive_link","https://layanan.kan.or.id/direktori-lpk/678/1"
"LP-518-IDN","Balai Perakitan dan Pengujian Tanaman Aneka Kacang","Jl. Raya Kendalpayak Km. 8, Kotak Pos 66 Malang, Jawa Timur","Jawa Timur","(0341) 801468","bsip.anekakacang@gmail.com","2029-10-15","2029-10-15","true","false","false","true","true","false","","","","Tanah, biji-bijian (kedelai, kacang tanah, kacang hijau), benih (kedelai, kacang tanah, kacang hijau)","https://drive.google.com/drive/folders/1IBa3sExMZfr0l9QE-tmEX0s2nWxPHZnX?usp=drive_link",""
"LP-521-IDN","Laboratorium Jasa Pengujian dan Penelitian (Qlab) Fakultas Farmasi Universitas Pancasila","Srengseng Sawah, Jagakarsa – Jakarta 12640","DKI Jakarta","(021) 786 4727/28","qlab.ffup@univpancasila.ac.id","2029-09-15","2029-09-15","false","false","true","false","false","false","","","","Suplemen tablet tidak bersalut, suplemen kapsul cangkang keras, suplemen kapsul lunak, gula sukrosa, cairan, larutan, suplemen kapsul, suplemen tablet, sediaan cair (larutan, suspensi, emulsi), produk preparat multivitamin dan mineral (sediaan tablet, kapsul, cairan, kategori 1 (sediaan optalmik yang dibuat dengan dasar atau pembawa air), kategori 2 (sediaan topikal yang dibuat dengan dasar atau pembawa air), kategori 3 (sediaan oral selain antasida dibuat dengan dasar atau pembawa air), produk obat dan bahan alam (tablet, kapsul, serbuk, cair)","https://drive.google.com/drive/folders/1DUk1VBxFqaKXApDLoo1Z8vMa4aRnS6Nm?usp=sharing",""
"LP-522-IDN","PT Petrolab Services (multilokasi)","Lokasi 1: Jl. Pisangan Lama III No. 28, Jatinegara - Jakarta Timur 13230 Lokasi 2: Jl. Jend. Sudirman No. 874, Sepinggan, Balikpapan 76114, Kalimantan Timur","Kalimantan Timur","T. (021) 4717001","petrolab@cbn.net.id; qhse@petrolab.co.id","2029-06-12","2029-06-12","true","false","true","false","false","false","15 27","343","2026-05-03","Lokasi 1 : Biodisel, Fuel, Lubricant (new and used oil), oil transformer, air minum, air bersih, air permukaan, air limbah, air laut, air untuk keperluan hygiene dan sanitasi, air sungai, emisi sumber tidak bergerak, Udara Emisi Sumber Bergerak, manusia, tanah/sedimen/sludge, udara ambien, udara lingkungan kerja, Darah, AMDK (Air Mineral), CPO, Minyak lumas motor bensin 4 (empat) langkah kendaraan bermotor , Minyak lumas motor diesel putaran tinggi , Minyak lumas motor bensin 4 (empat) langkah sepeda motor, Minyak lumas roda gigi transmisi manual dan gardan, solar, grease, base oil, Turbine Oil Terpakai,Transformer Oil Terpakai, Fuel Oil (MFO), Grease New, Grease Pakai, Water Coolant, Insulating Paper, Biodiesel (B20, B30, B40) Lokasi 2 : Lubricant (Used oil engine & non- engine), solar, Biosolar B30","https://drive.google.com/drive/folders/1INUQelz44h2fMo73YuQ18zc9j5ETi3Ax?usp=drive_link","https://layanan.kan.or.id/direktori-lpk/684/1"
"LP-524-IDN","Laboratorium Cabang Balikpapan, PT Sucofindo (Persero)","Jl. Jend. A. Yani No. 1, Gunung Sari Ulu, Balikpapan 76122 (lokasi 1) Janju km 10 Tanah Merah Coal, Tanah Grogot (lokasi 2)","Bali","(0542) 732186/88","silvia@sucofindo.co.id","2030-02-24","2030-02-24","false","false","true","false","false","false","","","","Batubara, air limbah, air sungai, air minum, air kebutuhan higiena sanitasi, emissions - stationary source","https://drive.google.com/drive/folders/1KiJeYapJ5SLPMHXTNJAhOMR48bjFTnmg?usp=drive_link",""
"LP-526-IDN","PT Sinergi Gula Nusantara - Pusat Penelitian Tebu Jengkol Manajemen Kebun Dhoho - Laboratorium Pengujian Tanah dan Pupuk","Dusun Jengkol, Desa Plosokidul, Kec. Plosklaten, Kab. Kediri, Jawa Timur","Jawa Timur","(0354) 443841","puslitgula10@gmail.com","2030-04-19","2030-04-19","true","true","false","false","false","false","","","","Tanah, Pupuk ZA, Pupuk Urea, Pupuk SP 36, Pupuk KCl, Pupuk NPK, Pupuk Organik Padat, Pupuk Organik Cair","https://drive.google.com/drive/folders/1KjrZ57YlAisGQRX48A00o4gdaywvmTPE?usp=drive_link",""
"LP-528-IDN","UPTD Pengujian dan Penerapan Mutu Hasil Perikanan Aceh","Jl. S.M. Raja Ujung, Komplek Pelabuhan Perikanan Lama Lampulo, Kec. Kuta Alam, Kota Banda Aceh","Aceh","(0651) 31911","lppmhp_aceh@yahoo.co.id;","2029-12-01","2029-12-01","false","false","true","false","false","false","","","","Tuna, tongkol, cakalang, udang beku, udang segar, ikan segar (ikan kembung, ikan tongkol, ikan dencis/layang, ikan tuih, ikan kakap merah), kerang-kerangan, teri asin, terasi udang, ikan kayu, air dan es","https://drive.google.com/drive/folders/1KkIhvwRf2LHcyB3P1ACJkTqtyyzHuL_e?usp=drive_link",""
"LP-530-IDN","Balai Laboratorium Kesehatan Masyarakat Makassar","Jl. Wijaya Kusuma Raya No. 29-31, Makassar","Sulawesi Selatan","(0411) 871620","btklmakassar@gmail.com","2029-09-15","2029-09-15","false","false","true","false","false","false","","","","Air minum, air untuk keperluan higiene dan sanitasi, air sungai, air limbah","https://drive.google.com/drive/folders/1KtGqKNyDRT0IzBA9-gNhDg_YAo3ER7Ab?usp=sharing",""
"LP-533-IDN","UPT Pengawasan dan Sertifikasi Benih Provinsi Kalimantan Barat","Jl. Alianyang Gg. Kurnia No. 127, Pontianak, Kalimantan Barat","Kalimantan Barat","(0561) 742758","meisidaffa@gmail.com","2029-12-17","2029-12-17","true","false","false","true","true","false","","","","Benih tanaman pangan : padi/oryza sativa, jagung/zea mays, kedelai/glyvine max, kacang tanah/arachis hypogaea, kacang hijau/phaseolus radiatus Benih tanaman sayuran : bayam/amaranthus sp, cabai/capsicum, cabai rawit/capsicum frustescence, kacang panajang/vigna sinensis, mentimun/cucumis sativus, sawi/brassica juncea, paria/pare/momordica charantia, buncis/phaseolus vulgaris, oyong/luffa acutangula, lobak/raphanus sativus, seledri/apium graveolens, tomat/lycopersican esculentum","https://drive.google.com/drive/folders/1KohB2Hg_7taZ16P5z3LYgB8g_TkGkYmK?usp=drive_link",""
"LP-534-IDN","UPT Pengujian dan Sertifikasi Mutu Barang, Dinas Perindustrian dan Perdagangan Provinsi Sulawesi Tengah","Jl. R.A Kartini No. 43, Palu 94112","","(0451) 424532","psmb_palu@yahoo.co.id","2029-12-16","2029-12-16","false","false","false","true","false","false","","","","Beras, gabah, jagung, rumput laut, biji kakao,kakao bubuk, kopra, biji kopi, cengkeh, Bawang merah goreng","https://drive.google.com/drive/folders/1LFvoDiSDzumWMyUTh5z9rS7GLwgSt4x9?usp=drive_link",""
"LP-535-IDN","Stasiun Pengendalian dan Pengawasan Mutu Hasil Kelautan dan Perikanan Batam","Jl. M. Nahar No. 1 Batam Centre, Batam, Kepulauan Riau","Kepulauan Riau","(0778) 470320","ski.hangnadim@gmail.com","2030-03-15","2030-03-15","false","false","true","false","false","false","","","","Ikan Air Laut Segar dan Beku, Air Proses Produksi Pengolahan Hasil Perikanan, Ikan Air Laut Segar dan Beku, Ikan Air Laut Segar","https://drive.google.com/drive/folders/1LIdaMGCJnwZyn8BmBrhevFQTlVuVk240?usp=drive_link",""
"LP-537-IDN","Balai Pengendalian dan Pengawasan Mutu Hasil Kelautan dan Perikanan Lampung","Jl. Soekarno Hatta No.91 Km 6-7 Campang Raya, Kec. Sukabumi, Bandar Lampung","Lampung","(0721) 770087","ski2lampung@yahoo.co.id","2030-04-19","2030-04-19","false","false","true","false","false","false","","","","Ikan air laut (kerapu, kakap, bawal), udang penaeid (udang vannamei, udang windu, udang biru, udang galah, lobster, rajungan, kepiting), ikan air tawar (ikan lele, mas, nila, patin, gurami, tawes, baung, betutu), produk perikanan (ikan kembung, selar, tongkol, udang, rajungan), ikan dan produk perikanan, ikan patin, nila, sidat,mas koki, ikan kerapu, simba, kakap dan gurame,","https://drive.google.com/drive/folders/1LbAuQiBNh0jPSTNmgn9CDPmyiEbwa8tx?usp=drive_link",""
"LP-541-IDN","Stasiun Pengendalian dan Pengawasan Mutu Hasil Kelautan dan Perikanan Cirebon","Jl. Cideng Indah No. 236 A, Kedaung, Cirebon, Jawa Barat","Jawa Barat","(0231) 248857","ski2cirebon@yahoo.co.id ; op.skipmcirebon@kkp.go.id","2029-12-17","2029-12-17","false","false","true","false","false","false","","","","Ikan & Produk Perikanan (Segar, Kering, Beku), Air dan Es, Ikan & Produk Perikanan (Segar, Telah mengalami pengolahan, dan Semi awet)","https://drive.google.com/drive/folders/1Lq-XZNwOPax1G43PxUS_ezrtMa0w9c5H?usp=drive_link",""
"LP-543-IDN","Balai Standardisasi dan Pelayanan Jasa Industri Banjarbaru","Jl. Panglima Batur Barat No. 2, Banjarbaru, Kalimantan Selatan","Kalimantan Selatan","(0511) 4772461","baristand.banjarbaru@gmail.com","2030-03-15","2030-03-15","false","true","true","false","false","false","","","","Pupuk fosfat alam untuk pertanian, Pupuk NPK Padat, Pupuk KCl, Garam konsumsi beryodium, Air Mineral, Air Demineral, Air Mineral Alami, Air untuk Keperluan Higiene dan Sanitasi, Air sungai dan sejenisnya, Air danau dan sejenisnya, Air Limbah, Udara Ambien, Udara Emisi Sumber Tidak Bergerak, Kebisingan Lingkungan Kerja, Biokontaminasi permukaan, Papan partikel","https://drive.google.com/drive/folders/1MA3mEhgm46YHqvHWFCJ8u6gHcnb2hyWL?usp=drive_link",""
"LP-544-IDN","UPTD Balai Pengawasan dan Sertifikasi Benih Sumatera Barat","Jl. H.A. Amarullah, Kotak Pos 30, Bukittinggi","Sumatera Barat","(0752) 22226","bpsb.sumbar@yahoo.com","2030-06-30","2030-06-30","true","false","false","false","false","false","","","","Kedelai, padi, jagung, kacang tanah, kacang hijau, tomat, cabai, mentimun, kacang panjang, kubis, kangkung, bayam cabut, semangka, petsai, wortel, kacang buncis dan terong","https://drive.google.com/drive/folders/1MABMVR3RzClCvfFyNo4EJYewlGTva_fT?usp=drive_link",""
"LP-547-IDN","PT Sucofindo (Persero) - Laboratorium Cabang Batam","Jl. Raden Patah No. 61, Baloi, Batam","Kepulauan Riau","(0778) 456575","anwart@sucofindo.co.id; oliver@sucofindo.co.id","2030-04-28","2030-04-28","false","false","true","false","false","false","","","","Air bersih, air sumur, air waduk, air sungai, air rawa, air danau, air limbah, udara ambient, kebisingan lingkungan, emission-stationary source, Crude Palm Oil (CPO), Tin Ingot, lingkungan kerja","https://drive.google.com/drive/folders/1MFwfjS-zsJQn5T5_2xkgoooyihCk_uuY?usp=drive_link",""
"LP-550-IDN","Stasiun Pengendalian dan Pengawasan Mutu Hasil Kelautan dan Perikanan Merauke","Jl. Garuda Spadem, Kotak Pos 263, Merauke, Papua Selatan","Papua","(0971) 324169","ski_merauke@yahoo.co.id","2029-12-01","2029-12-01","false","false","true","false","false","false","","","","Ikan air tawar, ikan lele, kodok, udang putih dan udang windu, ikan segar, ikan beku, ikan mas, ikan koi, ikan nila, udang zebra, kepiting","https://drive.google.com/drive/folders/1McQCYurN5GJeYzxoZqQreAHt6xYHeIYl?usp=drive_link",""
"LP-551-IDN","UPT Laboratorium Kesehatan Daerah Provinsi Sumatera Utara","Jl. Williem Iskandar Pasar V Barat I No. 4, Medan Estate, Sumatera Utara","Sumatera Utara","(061) 6617079","denyafzar@gmail.com","2030-12-26","2030-12-26","false","false","true","false","false","false","13 23 26 29","20","2026-04-29","Air minum dan air bersih, air, air limbah, air permukaan, air minum dalam kemasan, coconut milk powder, daging ayam segar dan beku","https://drive.google.com/drive/folders/14D85EUp9Yxaoj9t1rjVTc_rXdtFCFLNA?usp=drive_link","https://layanan.kan.or.id/direktori-lpk/870/1"
"LP-552-IDN","PDAM Surya Sembada Kota Surabaya","Jl. Prof. Dr. Moestopo No. 2, Surabaya, Jawa Timur","Jawa Timur","(031) 5039373","pengujiankalibrasi@gmail.com","2030-05-29","2030-05-29","false","false","true","false","false","false","","","","Lokasi 1: Air minum, air untuk keperluan higiene dan sanitasi, ari kolam renang, air sungai, air limbah Lokasi 2: Air limbah, air mineral dalam kemasan, air minum, air untuk keperluan higiene dan sanitasi, air sungai, air limbah","https://drive.google.com/drive/folders/146bLRqYkMWpIn-PUFud-zrQoVK18_cqC?usp=drive_link",""
"LP-553-IDN","UPTD Balai Pengujian dan Sertifikasi Mutu Barang Dinas Perdagangan dan Perindustrian Provinsi Bali","Jl. Raya Puputan Niti Mandala, Renon, Denpasar","Bali","(0361) 231961","bpsmb_bali@yahoo.co.id","2030-03-15","2030-03-15","false","false","false","true","false","false","10","18","2026-04-29","Biji kopi, panili, biji kakao","https://drive.google.com/drive/folders/1MeDxtMU5W6kG2a8VDwA98Zv2OwgKKfvk?usp=drive_link","https://layanan.kan.or.id/direktori-lpk/1208/1"
"LP-556-IDN","Balai Perakitan dan Pengujian Lingkungan Pertanian","Jl. Raya Jakenan-Jaken Km. 05, Jakenan, Pati, Jawa Tengah","Jawa Tengah","(0295) 4749044","balingtan@yahoo.com","2029-09-30","2029-09-30","true","true","true","true","true","true","","","","Tanah, air, Udara Emisi Lingkungan Pertanian, Produk pertanian yang mengandung kadar pati tinggi ( beras/padi, jagung, sorgum, kacang-kacangan dalam bentuk biji-bijian/benih/bulir), Produk pertanian yang mengandung kadar air tinggi (apel, pir, bawang merah, melon, tomat, cabai, kentang, wortel, kubis), Produk pertanian yang mengandung kadar asam tinggi (jeruk, jeruk bali, lemon, jeruk nipis), Produk Pestisida Formulasi, Pupuk Organik Padatan","https://drive.google.com/drive/folders/1NKOcTP_C_Tj8oNNTxDifIuu1RIxYRNFB?usp=drive_link",""
"LP-561-IDN","Unit Pelaksana Teknis Daerah (UPTD) Balai Pengujian Mutu Dan Pengembangan Produk Kelautan dan Perikanan Provinsi Kepulauan Riau","Jl. Sultan Machmud No.13 Tanjungpinang, Kepulauan Riau","Kepulauan Riau","(0771) 24291","lppmhp_provkepri@yahoo.com","2030-06-21","2030-06-21","false","false","true","false","false","false","","","","Ikan air laut, ikan air tawar (Ikan beku, ikan segar, ikan hidup dan produk olahannya)","https://drive.google.com/drive/folders/1NoaTWuurdRg0C4o5TF1sLIAjQnhFsGTM?usp=drive_link",""
"LP-564-IDN","Laboratorium Sentral Ilmu Hayati Universitas Brawijaya","Jl. Veteran, Malang, Jawa Timur","Jawa Timur","(0341) 559054","labsentralub@ub.ac.id","2031-07-25","2031-07-25","false","false","true","false","false","false","","","","Tepung terigu, biskuit, Minuman berperisa, perisa/flavour cair, Air minum dalam kemasan (AMDK), Daging dan produk olahannya (daging, bakso, sosis, abon, nuget), Kultur sel","https://drive.google.com/drive/folders/1NrciGSbLD5ntoCwJV7KPT2JiiQ8f6PFA?usp=drive_link",""
"LP-565-IDN","PT Anugrah Analisis Sempurna","Jl. Raya Jakarta - Bogor, Kel. Sukamaju, Kec. Cilodong, Depok, Jawa Barat","Jawa Barat","(021) 29629393","lab@aaslaboratory.com","2030-03-15","2030-03-15","true","true","true","true","false","true","13 14 25 26 27 28 29 33","729","2026-07-22","Air limbah, Air permukaan, air bersih/air tanah, air untuk keperluan higiene dan sanitasi, air minum, air laut, udara lingkungan kerja, Industrial Higiene, udara ambien, emisi gas buang sumber tidak bergerak, emisi gas buang sumber bergerak, Darah, urine, sludge/tanah, Air, biskuit, Rempah bubuk, Susu, Margarin, swab pada Peralatan, mie instan, Produk daging, produk perikanan, produk pestisida, Pupuk amonium sulfat, Pupuk Fosfat alam untuk pertanian, Pupuk kalium Klorida, Pupuk NPK padat, Pupuk SP-36, Pupuk tripel posfat, Pupuk Urea, Minuman beralkohol, limbah B3 (cair, semi padat, slurry, padat, sludge (TCLP), Fly Ash Bottom Ash","https://drive.google.com/drive/folders/1NnbAn7DRbYcphmtQL2GLw1rbkLHlxfAl?usp=drive_link","https://layanan.kan.or.id/direktori-lpk/723/1"
"LP-568-IDN","PT Ecosindo Laboranusa","Graha Senta, Jl. Siliwangi No. 80, Bekasi 17114","Jawa Barat","(021) 82407113","susan.andriyani95@yahoo.com","2030-03-15","2030-03-15","false","false","true","false","false","false","","","","Air untuk keperluan higiene sanitasi, air minum, AMDK, air limbah, air sumur, air sungai, air waduk, air laut, udara ambien, lingkungan kerja, udara emisi sumber tidak bergerak, udara emisi sumber bergerak, kebisingan","https://drive.google.com/drive/folders/1OR3RIX_LXSfqVoWVY9ZHLMc38R0sUFXP?usp=drive_link",""
"LP-570-IDN","PT Sadikun Niagamas Raya","Jl. Diponegoro KM. 40 No.62, Jatimulya Tambun Selatan, Bekasi, Jawa Barat","Jawa Barat","(021) 8814646","linda_susanti@sadikun.com","2029-12-17","2029-12-17","false","false","true","false","false","false","","","","New Oil (Engine oil, industrial oil), Used oil (Engine oil, industrial oil), Bahan bakar diesel (solar), Fresh Engine & Industrial Oil (Minyak Lumas Motor Bensin 4 Langkah Kendaran bermotor, Minyak Lumas Motor Bensin 4 Langkah Kendaraan Sepeda Motor, Minyak Lumas Motor Bensin 2 Langkah, Minyak Lumas Roda Gigi Kendaraan, Minyak Lumas Hidrolik, Minyak Lumas Roda Gigi Industri, Minyak Lumas Transformator), VI improver, Di package, base oil (minyak dasar), Cutting oil, Hidrosafe oil, coolant dan pelumas water base (new & used oil)","https://drive.google.com/drive/folders/1OS_JTpzLxeM0-Utb-tWSqOWcwcGzP1iC?usp=drive_link",""
"LP-572-IDN","PT Envilab Indonesia","Manyar Mas Karimun Industrial Business Park No B-35, Jl. Raya Manyar Km. 11 Gresik, Jawa Timur","Jawa Timur","(031) 99006835","info@envilab-id.com","2030-02-16","2030-02-16","true","false","true","false","false","false","","","","Udara ambien, lingkungan kerja, kebisingan & getaran, udara emisi sumber tidak bergerak, udara emisi sumber bergerak, air limbah, air sungai, air waduk, air danau, air untuk keperluan higiene & sanitasi,, air laut, air minum (air mineral, air demineral, air mineral alami), lingkungan, limbah padat cair, tanah, sedimen dan limbah padat (TCLP)","https://drive.google.com/drive/folders/1Obbp50QMS8qkZmykbWCReHis3njOcwt6?usp=drive_link",""
"LP-573-IDN","Balai Pengendalian dan Pengawasan Mutu Hasil Kelautan dan Perikanan Surabaya II","Jl. Sawungguling No. 177-183, Desa Jemundo, Kecamatan Taman Sidoarjo, Jawa Timur","Jawa Timur","(031) 3283886","lab.bkiperak@gmail.com","2030-04-19","2030-04-19","false","false","true","false","false","false","","","","Produk Perikanan (ikan pelagis (beku & segar), ikan demersal (beku & segar), ikan fillet beku, ikan jenis Scombroidea (beku, segar &fillet), teri nasi, udang (beku & segar), udang belapis tepung, lobster beku, kerang (beku dan segar), tiram/ scallop (beku dan segar), cumi - cumi (beku dan segar), gurita, rumput laut, otak - otak ikan, surimi, nuget ikan, bakso ikan, sirip ikan, lambung ikan, teripang, kerupuk), Udang Budidaya (udang vannamei, udang windu) dan Ikan Budidaya (nila, lele, patin, bandeng), Produk Perikanan (ikan jenis Scombroidea, ikan pelagis (beku dan segar), ikan demersal (beku dan segar), ikan fillet beku), Produk Perikanan (ikan pelagis (beku dan segar), ikan demersal (beku dan segar), ikan fillet beku, ikan berlapis tepung, ikan jenis scombroidea (beku, segar dan fillet), teri nasi, udang (beku dan segar), udang belapis tepung, lobster beku, kerang (beku dan segar), tiram/ scallop (beku dan segar), cumi - cumi (beku dan segar), gurita, rumput laut, otak - otak ikan, surimi, nuget ikan, bakso ikan, sirip ikan, lambung ikan, teripang, kerupuk), Produk Perikanan (ikan pelagis (beku dan segar), ikan demersal (beku dan segar), ikan fillet beku, ikan berlapis tepung, ikan jenis scombroidea (beku, segar dan fillet), teri nasi, udang (beku dan segar), udang belapis tepung, lobster beku, tiram/scallop (beku dan segar), cumi - cumi (beku dan segar), gurita, surimi, nuget ikan, bakso ikan), Produk Perikanan (ikan pelagis (beku dan segar), ikan demersal (beku dan segar), ikan jenis scombroidea (beku, segar dan fillet), udang (beku dan segar), lobster beku, kerang (beku dan segar), cumi - cumi (beku dan segar), gurita, bakso ikan), Produk Perikanan ikan berlapis tepung, tiram/ scallop (beku & segar), udang belapis tepung, otak - otak ikan, surimi, nuget ikan, bakso ikan, teripang, kerupuk), Produk Perikanan (ikan pelagis (beku dan segar), ikan demersal (beku dan segar), ikan fillet beku, ikan berlapis tepung, ikan jenis scombroidea (beku, segar dan fillet), teri nasi, udang (beku dan segar), udang belapis tepung, lobster beku, kerang (beku dan segar), tiram/scallop (beku dan segar), cumi - cumi (beku dan segar), gurita, rumput laut, otak - otak ikan, surimi, nuget ikan, bakso ikan, sirip ikan, lambung ikan, teripang, kerupuk, squid liver paste), Air dan Es","https://drive.google.com/drive/folders/1Oq5PlOvU5em49dYqNwQhbX5XbGQenHYi?usp=drive_link",""
"LP-579-IDN","PT Multi Instrumentasi","Jl. Tengah Gedebage No. 4, Ujung Berung, Bandung","Jawa Barat","022 7803484","lab_ptmi@yahoo.com","2030-07-27","2030-07-27","false","false","true","false","false","false","","","","Meter air","https://drive.google.com/drive/folders/1OyJzLaS4BfWErS0PjIsnH9YAzCbBy6MA?usp=drive_link",""
"LP-580-IDN","Balai Pengawas Obat dan Makanan di Palu","Jl. Undata No. 3, Palu, Sulawesi Tengah","Sulawesi Tengah","(0451) 428738","1. ulpk_palu@yahoo.co.id 2. balaipompalu@gmail.com 3. patmawatikadir@yahoo.co.id","2029-11-17","2029-11-17","false","false","false","true","false","false","","","","Terapetik (sediaan tablet), Napza (sediaan kapsul, tablet, serbuk), Obat Tradisional (sedian padat, cair), suplemen kesehatan (sediaan padat), Kosmetik (sediaan bayu, rambut, riasan mata, rias wajah, perawatan kulit, kebersihan badan), Pangan","https://drive.google.com/drive/folders/1Owb7UtHig6fA6Zybh_DPbaJY3rorQ0CE?usp=drive_link",""
"LP-582-IDN","PT Perkebunan Nusantara IV","Jl. Letjend. Suprapto No. 2, Medan, Sumatera Utara","Sumatera Utara","(061) 4154666","perencanaan@ptpn4.co.id","2026-11-22","2026-11-22","false","false","true","false","false","false","","","","Minyak sawit mentah, minyak inti sawit, bungkil inti sawit, air umpan, air kation, air anion, air ketel, inti sawit (kenel), teh hitam","https://drive.google.com/drive/folders/1OwOJ-kd9BlseGDWW9XLJkVkoPmvvUpoo?usp=drive_link",""
"LP-586-IDN","Stasiun Pengendalian dan Pengawasan Mutu Hasil Kelautan dan Perikanan Palembang","Jl. Gubernur Haji asnawi mangku alam Palembang","Sumatera Selatan","(0711) 7080089","bkismb2@yahoo.com; bkismb2@gmail.com","2030-01-18","2030-01-18","false","false","true","false","false","false","12","13","2026-04-10","Ikan dan produk perikanan (segar, telah mengalami pengolahan), air dan es proses produksi pengolahan hasil perikanan","https://drive.google.com/drive/folders/1OwZLe_gNzLourgLU3Izbm75mrd4jA1od?usp=drive_link","https://layanan.kan.or.id/direktori-lpk/834/1"
"LP-588-IDN","UPT Pengawasan dan Sertifikasi Benih Provinsi Nusa Tenggara Timur","Jl. Alfons Nisnoni No. 15, Aimona, Kupang – Nusa Tenggara Timur","Nusa Tenggara Timur","(0380) 823313","fentimorgen@gmail.com","2030-03-15","2030-03-15","true","false","false","true","true","false","","","","Tanaman pangan (padi, jagung, kedelai, kacang hijau, kacang tanah), tanaman hortikultura (kangkung, bayam, ketimun, tomat, wortel, buncis, kacang panjang, petsay, kool, cabe, terung)","https://drive.google.com/drive/folders/1P0Xk7YdXDK8TsLqzWonfu6k3CxzOagCi?usp=drive_link",""
"LP-589-IDN","Balai Besar Pengujian Mutu dan Sertifikasi Obat Hewan","Jl. Raya Pembangunan Gunungsindur, Bogor, Jawa Barat","Jawa Barat","(021) 7560489 ; 7560466","bbpmsoh@pertanian.go.id","2030-02-16","2030-02-16","false","false","true","false","false","false","","","","Vaksin inaktif Coryza, vaksin inaktif Fowl Cholera, probiotik Bacillus subtilis, vaksin inaktif salmonella enteritidis, vaksin aktif mycoplasma gallisepticum, vaksin inaktif septicemia epizootica, vaksin aktif brucella, vaksin aktif anthrax, vaksin aktif virus unggas, vaksin aktif virus non unggas, vaksin inaktif virus unggas, vaksin inaktif virus non unggas, obat umum (injeksi), antibiotik (injeksi) dengan pelarut air, antibiotik (injeksi) dengan pelarut minyak, serum salmonella, vaksin aktif newcastle disease, serum dan virus newcastle disease, vaksin inaktif newcastle disease, vaksin aktif newcastle disease, vaksin aktif infectious bronchitis, vaksin inaktif infectious bronchitis, virus inaktif egg drop syndrome, serum dan antigen egg drop syndrome, vaksin aktif infectious laryngo tracheitis, vaksin aktif chicken anemia agent, vaksin aktif mareks disease, vaksin aktif infectious bursal disease, vaksin inaktif infectious bursal disease, vaksin inaktif avian influenza, serum dan virus avian influenza, vaksin aktif avian influenza, vaksin aktif avian encephalomyelitis, vaksin aktif swollen head syndrome, vaksin aktif viral arthritis, vaksin aktif bovine viral diarrhea, vaksin aktif infectious bovine rhinotracheitis, vaksin aktif fowl pox, vaksin aktif canine distemper, vaksin aktif canine contagious hepatitis, vaksin aktif canine parvovirus, vaksin aktif canine para influenza, vaksin aktif feline calici virus, vaksin aktif feline viral rhinotracheitis, serum avian influenza (Al), antigen avian influenza (Al), oksitetra siklin injkesi, sulfadiazin-trimethoprim serbuk, tilosin injeksi, enrofloksasin serbuk, amoksisilin serbuk, siprofloksasin serbuk, oksitetrasiklin injeksi, otak anjing/mencit, unggas hidup/mati, organ/jaringan, doksisiklin serbuk, obat hewan Ampicilin, obat hewan Albendazole, Tetrasiklin serbuk, Oksitetrasiklin (serbuk, injeksi), Tilosin (serbuk, Injeksi), Eritromisin serbuk, Linkomisin serbuk, Spektinomisin serbuk","https://drive.google.com/drive/folders/1OzKn2vHxUfChnufhJooFA07veUKBh_7m?usp=drive_link",""
"LP-590-IDN","Balai Laboratorium Kesehatan Masyarakat Manado","Jl. Adipura Raya Lingkungan X, Kel. Paniki Bawah, Kec. Mapanget, Manado, Sulawesi Utara","Sulawesi Utara","(0431) 818140","btklmdo@gmail.com","2031-03-21","2031-03-21","false","false","true","false","false","false","","","","Air minum, air bersih, air sungai, air limbah, udara ambien, kebisingan lingkungan, emisi sumber bergerak, emisi sumber tidak bergerak","https://drive.google.com/drive/folders/1Q35-ujyZPCRWJ1lVLhZv-1Aii4ya62j3?usp=drive_link",""
"LP-592-IDN","Pusat Penelitian Kopi dan Kakao","Jl. P.B Sudirman No. 90, Jember, Jawa Timur","Jawa Timur","(0331) 757130","lappuslitkoka@gmail.com","2030-10-18","2030-10-18","true","true","false","true","true","false","","","","Tanah, jaringan tanaman, pupuk organik, pupuk NPK padat, pupuk urea, pupuk TSP, pupuk ZA, pupuk KCl, pupuk super phosphat tunggal, biji kopi, biji kakao, mesin pengering tipe bak datar","https://drive.google.com/drive/folders/1QEDf8foxk_1JPYo-uQdvTNzSh7Qm4514?usp=drive_link",""
"LP-597-IDN","Pusat Pengembangan Pengujian Obat dan Makanan Nasional","Jl. Percetakan Negara No. 23, Jakarta Pusat, DKI Jakarta","DKI Jakarta","(021) 4245015","mutup3omn@gmail.com","2026-07-25","2026-07-25","false","false","true","true","false","false","","","","Obat dan Napza: Kapsul, tablet, injeksi, sirup, krim, Kondom, Popok Dewasa, Tampon, Popok Bayi Sekali Pakai, Pantyliner, Pembalut Wanita, Rokok Putih, Rokok Kretek, Rokok Elektrik (E-Liquids) Pangan: Produk-produk susu dan analognya, Lemak, minyak dan emulsi minyak, Es untuk dimakan (edible ice), Buah dan sayur, Kembang gula/permen dan cokelat, Serealia dan produk serealia, Produk bakeri, Daging dan produk daging, Ikan dan produk perikanan, Telur dan produk telur, Pemanis (termasuk madu), Garam, rempah, sup,saus, salad, produk protein, Makanan untuk keperluan gizi khusus, Minuman (tidak termasuk produk susu), Susu dan MPASI, Soft drink, Minuman Berbasis Air Berperisa, Makanan ringan siap santap, Pangan Komposit, Serelia dan produk serealia, AMDK, Obat Tradisional (OT), Kosmetik, Obat, Obat Sediaan Steril, Alat Kesehatan, Vaksin, Antibiotika, Suplemen Kesehatan Spesifik Spesies: Produk segar (Daging, biji-bijian), Produk olahan (daging/ikan asap, dendeng, bacon, produk susu, bakso, sosis, nuget, kaki naga, kornet, daging burger,rolade, daging kebab, bahan baku enzim pencernaan, pankreatin, keripik berbumbu, serbuk daging, selai, keju, abon, sediaan tablet enzim pencernaan, biskuit, produk roti, mi instan, bihun instan, wafer, kukis, serbuk kopi instan, serbuk minuman sereal, sup krim instan, kaldu bubuk, martabak manis/telor, tepung premix, dan keripik berbumbu, selai), Produk dengan kandungan DNA rendah (gelatin dan produk olahannya, permen/ kembang gula, permen lunak/marshmallow, kecap, coklat dan produk olahannya, produk saus, glukosamin, kondroitin, suplemen sendi dan tulang, produk kosmetik sediaan semisolid, biskuit/keik dengan krim dan/atau coklat, produk makanan ringan ekstrudat) GMO: Pangan segar asal tumbuhan (biji, buah), Produk olahan (susu bubuk berbasis tumbuhan, tepung berbahan dasar tumbuhan, buah kaleng, tempe, tahu, keripik berbumbu, serbuk minuman berbahan dasar tumbuhan, produk minuman berbahan dasar tumbuhan, produk susu, custard), DNA Rendah (produk saus, mayones dan kecap), BBP (Bahan/senyawa murni) KPA: Tepung jagung, Cider atau anggur apel, sari buah apel, Naget udang, bakso ikan, naget ikan, siomay ikan, udang lapis tepung beku, Kentang kering serpih, Saus cabe, Saus tomat, Manisan buah, Sosis daging, kornet daging sapi dalam kemasan, Minyak makan, Tepung terigu , Formula bayi, formula lanjutan, formula standar berbasis susu sapi, Minyak Goreng, Susu Bubuk, Beras, Air Minum Dalam Kemasan (AMDK), Kemasan (Plastik Polikarbonat, Plastik, Melamin, Polistirena/ Stereofoam, Keramik, Gelas, Kaleng/Stainless, PET) OTSKK: Obat tradisional (sediaan cair, sediaan padat, sediaan semi padat), Suplemen Kesehatan (sediaan cair, sediaan padat), Kosmetik (sediaan solid, semisolid, cair) BPPB : Vaksin Difteri, Vaksin Tetanus, Vaksin Pertusis, Vaksin BCG, Vaksin Polio , Vaksin Campak, Vaksin Hepatitis B, Vaksin Hepatitis B secara in vitro, Vaksin Hepatitis B secara in vivo, Vaksin (sediaan parenteral), Vaksin tetanus , Vaksin yang mengandung vaksin difteri dan tetanus, Vaksin yang mengandung vaksin pertusis, Sediaan parenteral dan alat kesehatan , Alat kesehatan , Kosmetik dan Perbekalan Kesehatan Rumah Tangga (contoh: tissu dan kapas, sediaan untuk mencuci, pembersih, alat perawatan bayi, antiseptik dan desinfektan, deodoran), alat kesehatan (benang bedah), kondom tinta sidik jari, Kosmetik dan Perbekalan Kesehatan Rumah Tangga (PKRT) yang penggunaannya mengenai mata (contoh; shampoo, sabun muka, eyeliner), Preparat NVT Bulk Polio","https://drive.google.com/drive/folders/1Qd8OZDEmMlYC4j9sppkL3q8SFj-GUeoY?usp=drive_link",""
"LP-598-IDN","Balai Standardisasi dan Pelayanan Jasa Industri Bandar Lampung","Jl. By Pass Soekarno Hatta Km I Raja Basa, Bandar Lampung, Lampung","Lampung","(0721) 706353","labujibrsbl@gmail.com","2030-12-22","2030-12-22","false","true","true","false","false","false","","","","Gula kristal putih, minyak goreng sawit, pupuk TSP, pupuk dolomit, pupuk urea, pupuk NPK padat, pupuk KCl, pupuk amonium sulfat, garam bahan baku, gula kristal mentah, gula kristal putih, gula kristal mentah, garam konsumsi beryodium, garam bahan baku, air mineral, tepung tapioka, air imbah, air sungai, air danau, air sumur, daging, susu, telur, olahan (tempe, tahu, baso), air demineral, udara ambien, kebisingan dan getaran, emisi sumber tidak bergerak","https://drive.google.com/drive/folders/1Ql-QRSPIxgpod9cRo1CaDLfRJ-TX_gLh?usp=drive_link",""
"LP-599-IDN","Balai Besar Perbenihan dan Pelindungan Tanaman Perkebunan Surabaya","Jl. Raya Mojoagung No. 52 Mojoagung, Jombang","Jawa Timur","(0321) 495842,496430","balaibesarsurabaya@pertanian.go.id","2030-10-18","2030-10-18","false","false","false","true","false","true","","","","Kopi, kenaf, wijen, tembakau, jarak pagar, jarak kepyar, kapas, Trichoderma, Beauveria bassiana, Metarzhium sp, formulasi pestisida, kakao serbuk, komoditas unik (kopi, kakao), biji-bijian sereal (beras, beras coklat, beras hitam), komoditas rempah (pala, lada, kayu manis)","https://drive.google.com/drive/folders/1Qm2Gtnva09yiEsIN-35LSCGW1fAUZEVC?usp=drive_link",""
"LP-603-IDN","PT Sucofindo (Persero) Cabang Padang","Jl. By Pass Km. 19,5, Kel. Balai Gadang, Kec. Koto Tangah, Kota Padang - Sumatera Barat","Sumatera Barat","(0751) 443100","padang@sucofindo.co.id","2030-11-22","2030-11-22","false","true","true","false","false","false","","","","Coal, palm oil and its derivates, waste water, hygiene sanitary water, sea water, surface water, ambient air, enviromental noise, emission - stationary source, industrial hygiene and indoor air quality, solid NPK fertilizer, urea fertilizer, TSP fertilizer, hemodialysis water/reverse osmosis water","https://drive.google.com/drive/folders/1QyDt9Dlp8r0AbewRS2R3DHv9j7UGNlz-?usp=sharing",""
"LP-607-IDN","Balai Standardisasi dan Pelayanan Jasa Industri Padang","Jl. Raya LIK No. 23, Ulu Gadut, Kota Padang, Sumatera Barat","Sumatera Barat","(0751) 72201","bspjipadang@kemenperin.go.id","2030-12-01","2030-12-01","false","true","true","true","false","false","","","","Garam konsumsi beryodium, minyak goreng sawit, rendang daging sapi,rendang daging dalam kemasan, kakao bubuk, keripik singkong,kopi sangrai dan kopi bubuk, air mineral, air demineral, semen portland, semen pemboran, semen portland komposit, semen portland campur, semen portland pozzolan, semen hidraulis, pupuk urea, pupuk NPK, air sumur, air danau, air sungai, air situ, air mata air, air waduk, air hujan, air rawa, air untuk keperluan higiene dan sanitasi, air limbah, kebauan, udara ambien, kebisingan lingkungan, kebisingan di tempat kerja, udara emisi sumber tidak bergerak, udara emisi sumber bergerak","https://drive.google.com/drive/folders/1R4iqeNEYzai39C3oefDIMnoeRChd2AsA?usp=drive_link",""
"LP-609-IDN","UPTD Pengujian Energi dan Sumber Daya Mineral","Jl. Soekarno Hatta No 576, Bandung","Jawa Barat","(022) 7562049","balaiuji.desdm.jabar@gmail.com","2030-04-19","2030-04-19","true","false","true","false","false","false","","","","Air permukaan (air sumur, air mata air), air limbah, air tanah, tanah dan pasir, mineral non logam (zeolit, bentonit, feldsfar, diatome, perlite, kaolin, andesit)","https://drive.google.com/drive/folders/1RVE-9f_w8kbnJ6dn_FqR287oM-MKLudr?usp=drive_link",""
"LP-610-IDN","Balai Penerapan Standar Instrumen Pertanian Kalimantan Timur","Jl. Pangeran M. Noor-Sempaja, Samarinda, Kalimantan Timur","Kalimantan Timur","(0541) 220857","labbptpkaltim29@gmail.com","2030-11-22","2030-11-22","true","true","false","false","false","false","","","","Tanah, pupuk organik padat, pupuk organik cair, makanan dan minuman (nugget, kripik, cookies, kue basah), pelet, bahan baku pakan, pakan jadi, bahan hijauan, dedak, tepung ikan, sekam, pakan lele, bungkil sawit","https://drive.google.com/drive/folders/1RUvHJv-9jgaokkbqRhwKQajZGD5nC8Mu?usp=drive_link",""
"LP-618-IDN","Balai Besar Veteriner Wates","Jl. Raya Yogyakarta-Wates Km. 27, Gripeni, Wates, Kulonprogo, Yogyakarta","DI Yogyakarta","(0274) 773168","bbvetwetas@pertanian.go.id","2030-06-21","2030-06-21","true","true","true","true","false","false","","","","Swabs (oral, chloacal, oropharingeal, tracheal), Organ/Jaringan (bulu, paru, cor, otak, ren, trachea, usus, hati), Cairan allantois, Sampel lingkungan (feses, air), Vaksin, Swabs (swab luka), Organ/Jaringan (kulit, lien, paru, bulu, telinga), Darah/ulas darah, Sampel lingkungan (tanah, air, feses), vaksin antrax, Swabs (nasal), Organ/Jaringan (kulit, bulu, paru), Serum, Plasma darah, Semen, Wash: vaginal/preputial, Sampel lingkungan (feses)., Swabs (oral, cloacal, oropharyngeal, tracheal), Organ/Jaringan (bulu, paru, jantung, otak, ginjal, trakhea, usus, hati), Sampel lingkungan (feses, air, permukaan alat), Cairan allantois, Vaksin, Swab (nasal), Serum/darah, Organ (tonsil, trakhea, paru), Sampel lingkungan (dari feses, air, permukaan alat), Cairan kultur jaringan, Swabs (nasal), Semen, Serum/darah, Organ (trakhea, paru), Sampel lingkungan (feses, air, permukaan alat), Cairan kultur jaringan, Daging/karkas, telur, susu, jeroan, Daging, telur, susu, jeroan dan olahannya (nugget, sosis), Pangan asal hewan (daging, telur, susu), Swab, Organ/jaringan, Cairan allantois, sampel lingkungan (feses, air, tanah, pupuk), Cairan allantois, Otak, Organ (trachea dan paru-paru), semen, swab nasal, Sel terinfeksi, Organ (trachea dan paru-paru), darah, swab nasal, Organ (usus, otak dan paru-paru), swab nasal, Serum darah unggas, Serum darah ruminansia, Serum darah Sapi, Serum Darah Babi, Serum darah Anjing, Kucing, Kera, Swab kloaka, pakan dan organ/jaringan, Darah, jaringan, organ, tanah, tulang dan kulit, susu, cairan dari lingkungan, Serum, Pakan, isi rumen, Pakan , Hewan utuh, Organ/jaringan, Feses, Darah, Bakso, daging, Ekstrak daging ayam dan sapi, isolat bakteri salmonela, isolat bakteri escherichia coli.","https://drive.google.com/drive/folders/1SZPL9BYGi7S7fxo0RMja3agqEln1Kgbp?usp=drive_link",""
"LP-620-IDN","Unit Pelaksana Teknis Daerah (UPTD) Laboratorium Lingkungan Hidup Dinas Lingkungan Hidup dan Kehutanan Provinsi Sulawesi Selatan","Jl. Urip Sumoharjo, No.269 Makassar, Sulawesi Selatan","Sulawesi Selatan","(0411) 453208","uptdlablhprovsulsel@gmail.com","2030-06-21","2030-06-21","false","false","true","false","false","false","","","","Air sungai, air sumur, air danau, air untuk keperluan higiene sanitasi, air laut, air limbah, kebisingan, udara emisi sumber tidak bergerak","https://drive.google.com/drive/folders/1OS4eGOzwEw2xFax_m_w_s5Khfb6QhVSg?usp=drive_link",""
"LP-621-IDN","Balai Standardisasi dan Pelayanan Jasa Industri Medan","Jl. Sisingamangaraja No. 24, Medan, Sumatera Utara (Lokasi 1) Jl. Sisingamangaraja KM 7.5, Medan, Sumatera Utara (Lokasi 2)","Sumatera Utara","(061) 7363471/7362830","labpenguji.bim@gmail.com; bind_medan@kemenperin.go.id","2031-01-17","2031-01-17","true","true","true","true","false","false","","","","Lokasi 1 : Tepung terigu sebagai bahan makanan, air mineral dan air demineral, biji kopi,kopi instan, garam konsumsi beryodium, garam bahan baku untuk industri garam beryodium, biskuit, mie instan, minyak goreng sawit, gula kristal rafinasi, roti, pupuk amonium sulfat, pupuk fosfat alam untuk pertanian, pupuk KCl, pupuk NPK padat, pupuk SP-36, pupuk TSP, pupuk urea, Kapur untuk pertanian, dolomite, air limbah, air sungai, air danau, air mata air, air tanah/air untuk keperluan higiene sanitasi/air bersih/air baku/air sumur/air sumur bor, sumber mata air, air minum, air limbah, udara emisi sumber tidak bergerak, udara ambien, udara emisi sumber bergerak, Getaran, kebisingan, Crude palm oil (CPO) Lokasi 2 : baja lembaran lapis seng (BjLS), baja lembaran dan gulungan canai dingin (BjD), Baja lembar pelat dan gulungan canai panas (BjP), baja lembaran dan gulungan lapis paduan aluminium dan seng (BjLAS), baja tulangan beton, sepeda, pipa baja konstruksi umum, profil rangka baja ringan, sepeda anak, egrek, dodos, cangkul, sepeda Roda Dua Perkotaan, Trekking, Remaja, Pegunungan dan Balap","https://drive.google.com/drive/folders/1SkYBomIa0p42Qd06MZ1U1wzYntBNmWAj?usp=drive_link",""
"LP-623-IDN","PT SUCOFINDO (PERSERO) - Cabang Palembang (Multilokasi)","Lokasi 1: Jl. Soekarno Hatta No.1901 RT.55 RW.01, Karya Baru, Alang - Alang Lebar, Palembang, Sumatera Selatan Lokasi 2: Jl. Yos Sudarso, Desa/Kel. Pasir Garam, Kec. Pangkal Balam, Pangkalpinang, Bangka Belitung Lokasi 3: Jl. Lubuk beringin No. 139, Desa Manggul, Kec. Lahat, Kabupaten Lahat, Sumatera Selatan","Sumatera Selatan","(0711) 312990","palembang@sucofindo.co.id","2030-10-18","2030-10-18","false","true","true","false","false","false","","","","Lokasi 1: CPO, CPKO, RBD Palm Oil, RBD Palm Stearin, PFAD, Pupuk KCl, Pupuk NPK padat, Pupuk Tripel Super Phosphat, Air Higiene Sanitasi, Air Sungai, Air Limbah, Udara Ambien, Kebisingan, Udara emisi Sumber tidak bergerak), Batubara, Beton kubus, beton silinder. Lokasi 2: Timah Lokasi 3: Batubara","https://drive.google.com/drive/folders/1TAGZ5BVSlqPPkp-Ed36wxm0JpMMRbkRi?usp=drive_link",""
"LP-625-IDN","PT Sucofindo (Persero) - Laboratorium Cabang Pekanbaru","Graha Sucofindo, Jl. Jend. A. Yani, No. 79, Pekanbaru, Riau","Riau","(0761) 35681","rhanda.dian@sucofindo.co.id","2031-06-13","2031-06-13","true","true","true","false","false","false","","","","Air limbah, air sungai, air laut, air untuk keperluan higiene dan sanitasi, air RO hemodialisa, air minum, sedimen/soil/sludge/solid (total konsentrasi), sedimen/soil/sludge/solid/liuid (TCLP), pupuk MOP/KCl, pupuk TSP, Crude Palm Oil (CPO), udara ambien, kebauan, udara ambien, kebisingan, udara emisi sumber tidak bergerak, lingkungan kerja","https://drive.google.com/drive/folders/1TRAhFPPITzvhMtLKhOZ06hSJRcKJPmtH?usp=drive_link",""
"LP-626-IDN","Balai Laboratorium Kesehatan Masyarakat Batam","Jl. Balai Teknik Kel. Sei Binti, Kec. Sagulung, Batam, Kepulauan Riau","Kepulauan Riau","(0778) 8075096","btkl_batam@yahoo.co.id","2031-07-25","2031-07-25","false","false","true","true","false","false","","","","Air minum, air higiene sanitasi, air kolam renang, air sungai, air sumur, air waduk, air limbah, udara ambien, lingkungan kerja, udara indoor (lingkungan kerja), emisi sumber tidak bergerak, air minum (air olahan/tanpa diolah langsung diminum). Air bersih (air higiene sanitasi, air pemandian, bahan baku air minum, air badan air (sungai waduk), air laut (pelabuhan, wisata bahari, biota laut), air limbah (domestik/fasyankes dan limbah usaha lainnya), air hemodialisa, air sumur pantau, swab/usap (alat makan, lantai, dinding, dan alat lainnya), Pangan olahan siap saji (Sayur, Sambal goreng teri kentang, ayam kemangi, nasi), Makanan ringan siap santap (kerupuk), Udara Ruang, Air Higiene Sanitasi","https://drive.google.com/drive/folders/1TPgwVE-B4bJyA655IH1q7uaLuuPYrjDs?usp=drive_link",""
"LP-627-IDN","PT Medialab Indonesia","Jl. Jatiwangi No. 44 Kamurang, Kel. Cikedokan, Kec. Cikarang Barat, Kab. Bekasi, Jawa Barat","Jawa Barat","(021) 28517576","mm@medialab.co.id","2030-12-26","2030-12-26","true","false","true","false","false","false","","","","Lokasi 1: Air Danau, Air Sungai, Air Muara, Air Situ, Air Tanah/Sumur, Air untuk Keperluan Higiene Sanitasi, Air untuk Keperluan Higiene Sanitasi, Air Limbah, Air Minum, Air Laut, Swab Permukaan (Dinding, Meja dan Lantai), Limbah B3 Padat, Sedimen, Lumpur (Sludge), Kebisingan dan Getaran, Udara Lingkungan Kerja, Udara Ambien, Udara Emisi Sumber Tidak Bergerak, Udara Emisi Sumber Bergerak, Tanah, Lokasi 2: Udara Lingkungan Kerja, kebisingan lingkungan,Udara Ambien, Udara Emisi Sumber Tidak Bergerak","https://drive.google.com/drive/folders/1TWiqeUYiVr9zpN_xw4xtbXd9xg6nLEvI?usp=drive_link",""
"LP-628-IDN","Stasiun Pengendalian dan Pengawasan Mutu Hasil Kelautan dan Perikanan Pontianak","Jl. Arteri Supadio Km 18, Kec. Sui Raya, Kab. Kubu Raya, Kalimantan Barat","Kalimantan Barat","(0561) 725427","stakari_supadio@yahoo.com","2031-02-26","2031-02-26","false","false","true","false","false","false","12","4","2026-04-10","Ikan segar, crustacea, coelenterata, molusca, echinodermata, ikan air tawar, produk olahan (bakso, nuget, haikeng, katsu, otak-otak)","https://drive.google.com/drive/folders/1Y32sEesFkuVg0e5K-mJx0CWe3oeoiTkZ?usp=drive_link","https://layanan.kan.or.id/direktori-lpk/1375/1"
"LP-630-IDN","Balai Karantina Hewan, Ikan, dan Tumbuhan Sumatera Selatan","Jl. Kol. H. Barlian km 6 No. 78 Palembang, Sumatera Selatan","Sumatera Selatan","(0711) 411609","bkhitsumateraselatan@gmail.com","2030-11-22","2030-11-22","true","false","true","true","false","false","","","","Karantina Hewan: Serum Mamalia (Sapi, Kambing/Domba), Serum Unggas (Ayam, Bebek, Burung), Serum Hewan Penular Rabies (Kucing, Anjing, Monyet) Karantina Tumbuhan: Kentang, Kedelai, Komoditi simpanan/gudang : Biji Kopi, Terigu, Biji Pinang, Bii Kacang Tanah, PKE (Palm Kernels Expeller), Beras, Caisin, Sawi, Kubis, Kelapa sawit Karantina Ikan: Ikan Koi, Mas Koki, Ikan Mas,Karper, Ikan Betutu, Khulilod, Botia, Tilan, Tiger Fish, Arwana Brazil, Lele, Nila, Patin, Udang belalang, kepiting, Lobster air tawar","https://drive.google.com/drive/folders/1Y2bacMBc5ASb5dITQKY_qFlXCjabhsXF?usp=drive_link",""
"LP-633-IDN","Stasiun Pengendalian dan Pengawasan Mutu Hasil Kelautan dan Perikanan Jambi","Jl. Sersan Ud. Syawal Palmerah Baru, Jambi","Jambi","(0741) 573726","ski.jbi@gmail.com","2030-10-18","2030-10-18","false","false","true","false","false","false","","","","Ikan air tawar, ikan laut, ikan segar, ikan mas dan koi, udang penaide","https://drive.google.com/drive/folders/1YkBi0M-DFhULpGL7dLV6lbQy9awmjJR0?usp=drive_link",""
"LP-637-IDN","Balai Teknik Irigasi","Jl. Cut Meutia, Bekasi","Jawa Barat","(021) 8801345","irigasi@pu.go.id","2030-10-18","2030-10-18","true","false","true","false","false","false","","","","Semen portland, agregat halus, agregat, agregat kasar, beton, beton elemen, struktur, beton struktur, beton segar, tanah, aliran air di saluran irigasi","https://drive.google.com/drive/folders/1ZKcTtgp2mDUwt3L9n5fXn9hfXjq_QwlX?usp=drive_link",""
"LP-641-IDN","Balai Besar Pengujian Mineral dan Batubara tekMIRA","Jl. Jend. Sudirman No. 623, Bandung","Jawa Barat","(022) 6030483","ksplab.tekmira@gmail.com","2031-02-15","2031-02-15","true","false","true","false","false","false","","0","2026-04-16","Clay Mineral (Zeolit, Trass, Bentonit, Lempung, Ball Clay, Kaolin, felspar, perlit), Bijih Besi/Pasir Besi/Batu Besi, Kapur (Batu gamping, Kalsit, Dolomit, Kapur Tohor, Marmer, Gipsum, Barium Karbonat), Pasir Kuarsa/Pasir Silika, Mangan, Batuan Sulfidis, Batuan Emas, Abu Batu bara, Mineral dan batuan, Batuan, bahan galian tambang, tanah, batubara, abu, logam dan hasil proses/penelitian, Material berbahan padat (organik/anorganik), Batuan, bahan galian tambang, tanah, Air Limbah , Air sungai, air danau, Tanah, Uji Statik Pengidentifikasian Sumber Air Asam Tambang , Batubara, Batuan","https://drive.google.com/drive/folders/1Zc__vGrHeuwCI164TrnFTxBVJvDAijSZ?usp=drive_link","https://layanan.kan.or.id/direktori-lpk/910/1"
"LP-646-IDN","Balai Besar Karantina Hewan, Ikan, dan Tumbuhan Banten","Gedung Karantina Pertanian, Bandara Internasional Soekarno Hatta, Jalan C3 Pajang, Kec. Benda, Kota Tangerang, Banten","Banten","(021)55079304","karantinabanten@karantinaindonesia.go.id","2031-07-25","2031-07-25","false","false","false","true","true","false","","","","Sarang burung walet, Serum darah anjing dan kucing, Serum darah kuda, Jagung (Zea mays), padi (Oryza sativa), strawberi (Fragaria virginiana), krisan (Chrysanthemum), kubis-kubisan (Brassica sp) , raspberi (rubus), cabai (Capsicum sp.), timun (Cucumis sativus), semangka (Citrullus lanatus), tomat (Solanum lycopersicum), tembakau (Nicotiana spp.), anggur (Vitis vinifera), Benih tomat (Solanum lycopersicum) dan benih cabai (Capsicum annuum), Padi (Oryza sativa), Krisan (Chrysanthemum), Grapes (anggur), lemons (lemon), mandarins (jeruk mandarin), tangerines (jeruk keprok), oranges (jeruk), strawberry (stroberi), blueberry (blueberries), raspberry (rasfberries), black currant (currant hitam), red currant (currant merah), white currant (currant putih), kiwifruit (buah kiwi), pineapple (nanas), Bahan pangan asal tumbuhan , Crustacea","https://drive.google.com/drive/folders/1ZxkhPQncuCrJaK567Slwkv1wQrktqkl8?usp=drive_link",""
"LP-648-IDN","Stasiun Pengendalian dan Pengawasan Mutu Hasil Kelautan dan Perikanan Padang","Jl. Raya Bandar Udara lnternasional Minangkabau, Padang Pariaman, Sumatera Barat","Sumatera Barat","(0751) 819090","ski_padang@yahoo.com","2031-06-13","2031-06-13","false","false","true","false","false","false","","","","Lobster, kepiting, udang kipas, lobster air tawar, ikan laut, ikan hias laut, ikan air tawar, ikan hias air tawar, ikan segar, ikan beku","https://drive.google.com/drive/folders/1X7klEZqabMpZ0jCBq2JxdA0dBwESx6ZH?usp=drive_link",""
"LP-653-IDN","Balai Besar Pengujian Penerapan Hasil Perikanan","Jl. Raya Setu No. 70 Cipayung, Jakarta Timur","DKI Jakarta","(021) 84998429","bbp2hp@kkp.go.id","2030-10-27","2030-10-27","false","false","true","false","false","false","","","","Kakap, kembung, tuna, gurame, ekor kuning, tenggiri, udang, cumi, ikan teri nasi, keripik belut, abon ikan, bandeng presto, bandeng cabut duri beku, kerupuk ikan, bakso ikan beku, fillet ikan dan produk perikanan meliputi molusca, krustasea (udang beku), ikan produk perikanan awet (sarden dengan media saus tomat), udang beku, rajungan beku, tuna kaleng, sarden kaleng, kepiting kaleng, udang/ikan berlapis tepung beku, rumput laut kering, telur ikan terbang, udang kaleng, rajungan kaleng, bakso ikan beku, marlin, tuna, kakap, cakalang, kerapu, kekerangan, surimi dan produk olahannya, tepung ikan, kerupuk udang, tongkol, ikan dalam kemasan kaleng hasil sterilisasi, ikan asin, produk olahan rumput laut, bandeng presto, terasi, air minum","https://drive.google.com/drive/folders/1a23n61wEOTeJ3iAhtz-JesRpb046lV85?usp=drive_link",""
"LP-654-IDN","Stasiun Pengendalian dan Pengawasan Mutu Hasil Kelautan dan Perikanan Palu","Jl. Garuda No. 22 Palu, Sulawesi Tengah","Sulawesi Tengah","(0451) 4708307","ski_mutiara@yahoo.com","2031-08-22","2031-08-22","false","false","true","false","false","false","","","","Ikan air tawar, ikan laut segar dan beku, Crustacea, ikan hias, ikan segar","https://drive.google.com/drive/folders/1aBs1Oyj_sfP96fkC5N-gSpva5k301Zo3?usp=drive_link",""
"LP-657-IDN","R&D Centre PT Nusa Pusaka Kencana - Analytical & QC Laboratory","Desa Bahilang, Tebing Syahbandar, Serdang Bedagai, Sumatera Utara","Sumatera Utara","(0621) 21511","linda_bahilang@asianagri.com","2030-12-01","2030-12-01","true","false","true","false","false","false","","","","Tanaman, Tanah, Urea, Ammonium Sulfat, Fosfat alam, Tripel Super Phosphate (TSP), Super Phosphate-36 (SP-36), Diamonium Phosphate (DAP), Muriate of Potash (MOP), Dolomite/CaCO3, Kieserite/MgO, NPK, Borate, Copper Sulfat, Zink Sulfat, Abu Janjang , CPO, Air limbah, Kompos","https://drive.google.com/drive/folders/1adRB1fQndDk_1ZnB3-rm8BeIrwQy06xw?usp=drive_link",""
"LP-658-IDN","Balai Pengendalian dan Pengawasan Mutu Hasil Kelautan dan Perikanan Ambon","Jl. Laksdya Leo Wattimena, Waiheru, Ambon, Maluku","Maluku","(0911) 3869137","ambon@bkipm.kkp.go.id","2031-02-26","2031-02-26","false","false","true","false","false","false","12","7","2026-04-29","Ikan da produk perikanan, ikan air laut dan Crustacea, air dan es","https://drive.google.com/drive/folders/1aee7sYn47kDlyuA4hCKSkUAQHHx3itgv?usp=drive_link","https://layanan.kan.or.id/direktori-lpk/954/1"
"LP-659-IDN","Balai Besar Karantina Hewan, Ikan, dan Tumbuhan Kalimantan Timur","Kantor Balai/Pusat: Jl. Pelita No. 3, Sepinggan, Balikpapan, Kalimantan Timur Lokasi 1: Jl. A. Wahab Syahranie No.37, Batu Ampar, Kec. Balikpapan Utara, Kota Balikpapan, Kalimantan Timur (Hewan, Ikan, dan Tumbuhan) Lokasi 2: Jl. Pangeran M Noor No 2 Sempaja Samarinda, Kalimantan Timur (Hewan dan Tumbuhan)","Kalimantan Timur","(0542) 8523292","karantinakaltim@karantinaindonesia.go.id","2031-03-21","2031-03-21","false","false","true","true","true","false","","","","Lokasi 1: Serum darah (sapi, kerbau, kambing, domba, ayam, Day Old Chick (DOC), Day Old Duck (DOD), anjing, kucing dan primata (orang utan)), Bahan asal hewan (daging sapi, ayam, kerbau, kambing, bebek, telur, susu) dan hasil bahan asal hewan (bakso sapi, nugget, sosis sapi, sosis ayam), Darah (sapi, kerbau, kambing, domba, kuda), Daun kelapa sawit (Elaeis guinensis Jacq), Kentang (Solanum tuberosum), Biji kedelai (Glycine max (L.) Merr), Kayu plywood kemasan kayu Chips, Beras (Oryza sativa L), Serangga, Bulir padi (Oryza sativa L), Ikan air tawar (lele, nila, mas, koi, gurame, patin, koki), Udang (penaid), lobster air tawar, lobster air laut, dan kepiting, Ikan air laut (kerapu, bandeng) dan ikan air tawar (nila, guppy). Lokasi 2: Serum darah sapi, Preparat ulas darah sapi, Kayu serpihan (Bajakah/Spatholobus Littoralis sp., eucalyptus/ekaliptus), Biji kedelai (Glycine max (L.) Merr).","https://drive.google.com/drive/folders/1anRy8mTUzw7bqN1srd0qll73QsOlfaIF?usp=drive_link",""
"LP-660-IDN","Balai Besar Karantina Hewan, Ikan, dan Tumbuhan DKI Jakarta","Jl. Enggano No. 17 Tanjung Priok, Jakarta Utara, DKI Jakarta","DKI Jakarta","(021) 4367269","1. wasdakpriok@gmail.com 2. labkhbbkppriok@gmail.com 3. bbkp_tgpriok@pertanian.go.id","2031-05-04","2031-05-04","true","false","true","false","false","false","","","","Daging, susu, telur, dan tepung telur, Serum darah sapi, Bahan baku pakan ternak (meat bone meal, poultry by product meal, hydrolyse feather meal, blood meal), Sarang burung walet, unggas hidup, bulu ungags, Kentang (Solanum tuberosum), bawang merah (Allium cepa), mentimun (Cucumis sativus), wortel (Daucus carota),tomat (Lycopersicum esculentum), Jambu biji (Psidium guajava), mangga (Mangifera indica),jeruk (Citrus sp.), nangka (Artocarpus integra), pepaya (Carica papaya), pisang (Musa paradisiaca), cempedak (Artocarpus champeden spring), melon (Cucumis melo), labu siam (Sechiume dule), labu kuning (Cucurbita moschata), belimbing (Averhoa carambola), mentimun (Cucumis sativus), jambu air (Syzygium aqueum), cabai (Capsicum sp.), sukun (Artocarpus altilis), plum (Prunus spp.), tomat (Lycopersicum esculentum), lengkeng (Dimocarpus longan), kacang buncis (Phaseolus vulgaris), kacang merah (Vigna unguiculata), Jeruk (Citrus sp.), krisan/seruni (Chrysanthemum spp.),pepaya (Carica papaya), apel (Malus domestica),nangka (Artocarpus integra), Umbi bunga lily (Lilium spp.), Pisang (Musa paradisiaca), sarikaya (Anonna squamosa),ubi kayu (Manihot esculenta), jeruk (Citrus sp.), manggis (Garcinia mangostana), tomat (Lycopersicum esculentum), Jagung, Jagung manis (Zea mays), Umbi bawang putih (Allium sativum), Tanaman hias:Bambu hias atau suji (Dracaena spp.) , sirih gading atau sirih belanda atau janda bolong (Philodendron spp.),lidah mertua (Sansevieria spp.), siklok (Agave attenuata),bakung (Amaryllis sp.), kuping gajah (Anthurium spp.),aglonema (Aglaonema spp.), lidah buaya (Aloe vera),kedondongan (Polyscias fruticosa), talas-talasan (Alocasia spp.), Biji gandum (Triticum sp.), Kacang tanah (Arachis hypogaea), kapas (Gossypium hirsutum), bunga matahari (Heliantus annuus), barley (Hordeum vulgare), padi (Oryza sativa), millet (Panicum miliaceum), wijen (Sesamum indicum), gandum (Triticum sp.), jagung (Zea mays), Kentang (Solanum tuberosum), bawang merah (Allium cepa), mentimun (Cucumis sativus), wortel (Daucus carota), tomat (Lycopersicum esculentum), Salmon (Salmonidae), carp (Cyprinus sp.), sidat (Anguilla sp), katak (Rana sp.), nila (Oreochromis niloticus), catfish (Clarias sp.), brook trout (Salvelinus fontinalis), brown trout (Salmo trutta), rainbow trout (Oncorhynchus mykiss), cod (Gadus morhua), Chanel catfish (Pangasius spp.), eel (Anguilla spp.), salmon (Salmonid), nila (Oreochromis niloticus), carp (Cyprinus carpio), Clarias spp., goldfish (Carasius auratus), dan gurami (Osphronemus gouramy), Ikan mas, arwana (ikan hias air tawar), Oyster, shell, Kelompok Crustacea perairan khususnya Decapoda (udang, kepiting, crayfish, lobster) yang hidup di laut, payau dan air tawar, Udang, kepiting blue shrimp (Penaeus stylirostris), giant tiger prawn (Penaeus monodon), greasyback shrimp (Metapenaeus ensis), northern brown shrimp (Penaeus aztecus), northern white shrimp (Penaeus setiferus), whiteleg shrimp (Litopenaeus vannamei), Common carp (Cyprinus carpio), crucian carp × koi carp hybrids, crucian carp × common carp goldfish (Carassius auratus), goldfish × common carp hybrids, goldfish × koi carp hybrids, Asian sea bass (Lates calcarifer), atlantic cod (Gadus morhua), cobia (Rachycentron canadum), guppy (Poecilia reticulata), red snapper (Lutjanus sp.), nile tilapia (Oreochromis niloticus), milkfish (Chanos chanos), nile tilapia (Oreochromis niloticus), Grouper (Epinephelus spp.), cobia (Rachycentron canadum), mackerel, Sea bass (Lates calcarifer), Barramundi perch (Lates calcalifer), betta (Betta spp.), giant gouramy (Osphronemus goramy), giant grouper (Epinephelus lanceolatus), guppy (Poecilia reticulata), platyfish, turbot (Scophthalmus maximus), kerapu, Alaska pollock (Theragra chalcogramma), atlantic cod (Gadus morhua), atlantic salmon (Salmo salar), Brown trout (Salmo trutta), coho salmon (Oncorhynchus kisutch), mackerel, turbot (Scophthalmus maximus), Salmon (salmonidae), carp (Cyprinus sp.), Sidat (Anguilla sp.), katak (Rana sp.), nila (Oreochromis niloticus), catfish (Clarias sp.), brook trout (Salvelinus fontinalis), brown trout (Salmo trutta), rainbow trout (Oncorhynchus mykiss), cod (Gadus morhua), Rainbow trout, Indian major carp, catla, rohu, kelompok Barbus / tilapia (Oreochromis sp.), giant gourami, sleepy cod, silver perch, marble goby, goldfish (Carassius auratus), ikan ayu, great snakehead fish (Catla Channa), silver barb, Clarias gariepinus, sharptooth African catfish Rohtee sp., silver catfish, Scleropages jardini, ikan goby, kissing gourami , striped scat African pike, tigerfish, channel catfish, Lates calcarifer/ barramundi atau sea bass, Trichogaster pectoralis, snakeskin gourami, murray cod dan freshwater cod, Common carp (Cyprinus carpio), goldfish (Carassius auratus), grass carp (Ctenopharyngodon idella), guppy (Poecilia reticulata), koi carp (Cyprinus carpio), Salmon, trout, Ikan air payau (udang vannamei, udang windu), Ikan air tawar: ikan patin, ikan lele, Ikan air laut :Atlantic salmon, brook trout (Salvelinus fontinalis), rainbow trout (Onchorhynchus mykiss), Ikan hias air tawar :koi (Cyprinus carpio), koki (Carassius auratus), komet (Carassius auratus), cupang (Betta sp.), corydoras (Corydoras corydoras), black ghost knife fish (Apteronotus albifrons), tetra (Paracheirodon sp.), arwana (Scleropages formosus), lele (Clarias sp.), nila (Orechromis niloticus), palmas (Polypterus sp.), botia (Chromobotia macracanthus), denisoni (Puntius denisonii), dan ikan hias air tawar lainnya","https://drive.google.com/drive/folders/1al54k51yNAioijLsmRPh3JlDR-ktmFs7?usp=drive_link",""
"LP-661-IDN","Balai Pengujian dan Laboratorium Lingkungan Hidup Dinas Lingkungan Hidup dan Kehutanan Provinsi Jawa Tengah","Jl. Setiabudi (Komplek Diklat Provinsi Jawa Tengah), Srondol, Semarang, Jawa Tengah","Jawa Tengah","(024) 7478813 ; (024) 76401105","uptblhjateng@yahoo.co.id","2031-05-23","2031-05-23","false","false","true","false","false","false","","","","Air limbah, air untuk keperluan higiene dan sanitasi, air sumur, air danau, air sungai, air muara, air mata air dan air waduk, udara ambien, udara emisi sumber tidak bergerak, udara emisi sumber bergerak (M, N, O solar), udara emisi sumber bergerak (L bensin)","https://drive.google.com/drive/folders/1anvr-G-jIV_14LkFu2t-wYLhtazmB6pv?usp=drive_link",""
"LP-675-IDN","Balai Besar Pelaksanaan Jalan Nasional Sumatera utara","Jl. Sakti Lubis / Busi Dalam No. 1 Medan, Sumatera Utara","Sumatera Utara","(061) 7880822","lab.balai2medan@gmail.com","2031-07-25","2031-07-25","true","false","false","false","false","false","","","","Aspal, beton, tanah, tanah dasar subgrade, agregat halus, agregat kasar, campuran agregat dan aspal","https://drive.google.com/drive/folders/19IZ9X4RrgGOXRirrquRdLLshCZ-xRZWS?usp=drive_link",""
"LP-676-IDN","Stasiun Pengendalian dan Pengawasan Mutu Hasil Kelautan dan Perikanan Pekanbaru","Jl. Rawa Indah Pekanbaru, Kel. Sidomulyo Timur, Kec. Marpoyan, Damai, Pekanbaru, Riau","Riau","(0761) 673563","skissk2_pku@yahoo.co.id","2031-02-26","2031-02-26","false","false","true","false","false","false","","","","African catfish, Blue catfish, Brown bullhead, Catfish, Chanel catfish, Danio, Eel, Flounder, Gold fish, Green knifefish, Jambal catfish, Blue spot mullet, Nile Tilapia, Striped catfish, Bullhead, Catfish, Common Carp, Frog, Giant gouramy, Gilthead seabrem, Nile Tilapia, Arwana, kakap, Pakan ikan (pelet), Ikan air laut segar dan beku (salmon, tongkol, kembung, sarden, baronang, tuna, kakap, tenggiri, Serai, udang, mata besar, senangin, kurau, jenaha, cakalang), Ikan segar air tawar (Jelawat), Crucian Carp, Koi Carp Hybrids, Kelompok Crustacea perairan khususnya Decapoda (Udang, Kepiting, Crayfish, Lobster) yang hidup di laut, payau dan air tawar","https://drive.google.com/drive/folders/19WZyUnXJo-qQokE5Dn9DBSbHTXlX6aJJ?usp=drive_link",""
"LP-678-IDN","Stasiun Pengendalian dan Pengawasan Mutu Hasil Kelautan dan Perikanan Palangkaraya","Jl. Adonis Samad, Panarung, kec. Pahandut, Palangka Raya, Kalimantan Tengah","Kalimantan Tengah","(0536) 3242323","skipm.palangkaraya@gmail.com","2031-04-03","2031-04-03","false","false","true","false","false","false","","","","Ikan air tawar, ikan segar, ikan beku, kepiting, udang segar/beku, udang hidup","https://drive.google.com/drive/folders/1BFc0y3kHQyzfOlylgNBpwh8vn-oy7ZHq?usp=drive_link",""
"LP-680-IDN","Stasiun Pengendalian dan Pengawasan Mutu Hasil Kelautan dan Perikanan Bengkulu","Jl. Raya Padang Kemiling RT. 02, Kel. Pekan Sabtu, Kec. Selebar, Bengkulu","Bengkulu","(0736) 53017","skipmbengkulu@gmail.com","2031-05-23","2031-05-23","false","false","true","false","false","false","","","","Ikan Mas, Ikan Nila, Ikan tongkol, cakalang, tuna, kerapu, bawal putih, bawal hitam, kakap merah, kakap putih, udang kelong, layur, tenggiri, Udang Vannamei, Udang Windu, Lobster, Nila, Mas, Gurame, Lele, Sidat, patin dan jenis ikan cyprinid lainnya., Udang Windu, Vannamei dan Udang Kelong , Udang Windu, Vannamei dan Udang Kelong , Lele, patin, mas, sidat, ekor kuning dan cat fish lainnya, Ikan air laut segar (Bawal, kerapu, tenggiri, jenaha, kakap, Layur, daging ikan tenggiri) Udang Segar, Udang Beku, Lobster Beku, Ikan beku (layur, bawal)","https://drive.google.com/drive/folders/1BHRRi7siIA5qqKqohpNisdiDkAsCsdWH?usp=drive_link",""
"LP-684-IDN","PT Agriculture Construction (Agricon)","Jl. Melati No. 5 Desa Wanaherang, Gunung Putri, Cibinong, Jawa Barat","Jawa Barat","(021) 8672344","encep.nurdin@agricon.com","2031-04-03","2031-04-03","false","false","false","false","false","true","","","","Formulasi pestisida liquid (Jenis SL, EC, SC) , Formulasi pestisida liquid (Jenis EC) , Formulasi pestisida powder (Jenis WP) , Formulasi pestisida liquid dan powder, Formulasi pestisida powder , Formulasi pestisida liquid (Jenis SL) , Formulasi pestisida powder (Jenis SC) , Formulasi pestisida block bait (Jenis BB) , Formulasi pestisida granul (WSG)","https://drive.google.com/drive/folders/1CyKZ9bxr0UZqpQpM228ZNRAEyHEvb5FG?usp=drive_link",""
"LP-688-IDN","UPTD Balai Pengawasan dan Sertifikasi Benih Tanaman Pangan dan Hortikultura Provinsi Sulawesi Utara","Jl. 17 Agustus Manado, Kotak Pos 1412, Sulawesi Utara","Sulawesi Utara","(0431) 844210","wisjeoping@gmail.com","2027-04-17","2027-04-17","true","false","false","false","false","false","","","","Padi, jagung, kedelai, kacang tanah, kacang hijau, mentimun, seledri, buncis, semangka, terung, sawi, wortel, cabe, tomat, bayam","https://drive.google.com/drive/folders/1DCiEHNcDPVz9DD7zn774URxDyWcrzSpt?usp=drive_link",""
"LP-689-IDN","Balai Pengawasan dan Sertifikasi Benih/Bibit Pertanian dan Peternakan Provinsi Maluku","Jl. Wolter Monginsidi, Kompleks Pertanian, Ambon, Maluku","Maluku","(0911) 362768","laporan_bpsbmaluku@yahoo.co.id","2031-03-21","2031-03-21","false","false","false","false","true","false","","","","Benih padi","https://drive.google.com/drive/folders/1D8b_tKnWyCd0X7jNV0wYkZmJNvcdshJd?usp=drive_link",""
"LP-692-IDN","Balai Laboratorium Kesehatan Masyarakat Medan","Jl. K. H Wahid Hasyim No. 15, Medan, Sumatera Utara","Sumatera Utara","(061) 4512305","btklppmmdn@yahoo.co.id","2031-05-23","2031-05-23","false","false","true","false","false","false","","","","Air minum (isi ulang), air untuk keperluan higiene dan sanitasi, air sungai, air danau, air rawa, air waduk, air mata air, air limbah, swab alat makan, alat medis, dinding dan lantai, lingkungan kerja, udara ambien, kebisingan","https://drive.google.com/drive/folders/1Dv5xZL6YNGXxJpP8trCopoihEnJijZ-9?usp=drive_link",""
"LP-698-IDN","Balai Pengawas Obat dan Makanan di Pangkalpinang","Komplek Perkantoran Pemerintah Propinsi Kep. Bangka Belitung, Jl. Pulau Bangka, Air Itam, Pangkalpinang, Kepulauan Bangka Belitung","Kepulauan Bangka Belitung","(0717) 439278","bpompp@gmail.com; jamut.bpompp@gmail.com","2031-08-22","2031-08-22","false","false","true","true","false","false","","","","Terapetik: tablet, kapsul, larutan oral, injeksi Obat tradisional dan suplemen kesehatan: sediaan cair, sediaan padat, serbuk Kosmetika: sediaan solid, sediaan padat, sediaan semi solid, sediaan cair Pangan: bakso, garam konsumsi beryodium, bakso ikan, kerupuk ikan, kecap kedelai, air mineral, terasi, mie basah mentah, minuman serbuk/berperisa rasa jeruk (minuman bubuk), minuman rasa susu, saus sambal, saus tomat, susu bubuk berlemak, susu UHT, permen keras, permen lunak, minuman berbasis air berperisa, minyak goreng, empek-empek, es lilin, sirup meja, arak, tepung terigu, sirup berperisa Mikrobiologi : Pangan, kosmetik, obat tradisional","https://drive.google.com/drive/folders/1c3U0vd177GBcGip3FkwWEnOwQvUBthE2?usp=drive_link",""
"LP-699-IDN","Balai Besar Pengawas Obat dan Makanan di Serang","Jl. Syech Nawawi Albantani, Kel. Banjar Sari, Kec. Cipocok Jaya, Kota Serang, Banten","Banten","(0254) 8491152, 8490943","bpom_serang@pom.go.id; balaipomserang@yahoo.com","2026-11-22","2026-11-22","false","false","true","true","false","false","","","","TERAPETIK DAN NAPPZA (Alprazolam Tablet, Metronidazole Tablet, Paracetamol Tablet, Diazepam Tablet, Allopurinol Tablet, Natrium Diklofenak Tablet, Metformin HCI Tablet, Lorazepam Tablet, Klonazepam Tablet), OBAT TRADISIONAL (Obat tradisional sediaan padat, Obat tradisional sediaan cair), SUPLEMEN KESEHATAN (Serbuk minuman suplemen), KOSMETIKA (Sediaan pewarna rambut, Kosmetika Sediaan Padat), PANGAN (Cokelat bubuk, Minuman ringan, Minyak goreng, Minuman ringan, sirup, Kecap asin (salty soy sauce), Tepung terigu, Garam meja, Susu bubuk berlemak, Tahu, Saos cabe, Mie instan, MP-ASI bubuk instan, Sosis, nugget, Air minum dalam kemasan (air mineral, air demineral, air embun), Kopi instan, Kemasan Kaleng, Gula kristal putih atau gula pasir, MIKROBIOLOGI (Obat sediaan parenteral, Obat sediaan injeksi, Obat sediaan sirup, Obat tradisional bentuk cair, Obat tradisional bentuk serbuk, Kosmetik bentuk losion, Minuman teh dalam kemasan, Susu bubuk, Susu pasteurisasi, Tepung terigu, Air minum dalam kemasan (air mineral, air demineral, air embun), Naget ayam, Suplemen kesehatan","https://drive.google.com/drive/folders/1c767ews3UX8U05ZdQx3ZqPRs2DF1-v21?usp=drive_link",""
"LP-700-IDN","PT Bogor Labs","Ruko Yasmin Sektor VI No. 198, Jl. Ring Road Bogor Utara (KH Abdullah Bin Nuh), Bogor, Jawa Barat","Jawa Barat","(0251) 7534517","lab@bogorlab.com","2031-07-25","2031-07-25","true","false","true","false","false","false","","0","2025-05-19","Air Sungai, Air untuk Keperluan Higiene dan Sanitasi/ Air Bersih/ Air Tanah/ Air Sumur/ Air Minum, Air Limbah, Air Terproduksi (di Kegiatan Migas), Air Laut, Tanah, Fly Ash, Bottom Ash, Sludge, Sedimen, Limbah B3, B3, Udara Ambient, Udara Emisi Tidak Bergerak, Kebisingan, Udara Lingkungan Kerja","https://drive.google.com/drive/folders/1cF2b_uPvqTbYIbrHChjQTj6xYyHa18dS?usp=drive_link","https://layanan.kan.or.id/direktori-lpk/1003/1"
"LP-701-IDN","Balai Pengujian Alat Ukur, Takar, Timbang dan Perlengkapannya - Direktorat Metrologi","Jl. Pasteur No.27 Bandung, Jawa Barat","Jawa Barat","(022) 4203597","bputtp.ditmet@gmail.com","2031-07-02","2031-07-02","false","false","true","false","false","false","","","","Timbangan elektronik, timbangan pegas, meter air (Mekanik, Elektronik), meter gas rotary piston dan turbin (G16, G25, G40, G65, G100, G160, G250, G400, G650, G1000, G1600, G2500), meter gas diagphram (G1.6, G 2.5, G4), Pompa ukur bahan bakar minyak","https://drive.google.com/drive/folders/1cJAXae3rsCL3VY_bB5s5Mu0YOCIvoD-h?usp=drive_link",""
"LP-704-IDN","Balai Pengujian Kesehatan Ikan dan Lingkungan Serang","Jl. Raya Carita, Ds. Umbul Tanjung, Kec. Cinangka, Kab.Serang, Banten","Banten","(0254) 650431","lab.lp2il@gmail.com; lppil_serang@yahoo.co.id","2026-09-19","2026-09-19","true","false","true","false","false","false","","","","Udang, ikan air tawar, ikan air laut, air danau, air sumur, air sungai, air tanah, air limbah, air laut dan air payau, pakan (granul dan serbuk), obat ikan (granul, sediaan cair, sediaan serbuk)","https://drive.google.com/drive/folders/1cbVPntwV_OAin1ELv01A3qirO1OT_kKM?usp=drive_link",""
"LP-706-IDN","Balai Teknik Sungai, Direktorat Jenderal Sumber Daya Air","Jl. Solo - Kartosuro Km. 7, Pabelan, Surakarta, Jawa Tengah","Jawa Tengah","(0271) 719429","laboratoriumsungai@gmail.com","2031-02-26","2031-02-26","true","false","true","false","false","false","","","","Model Fisik Sungai, Tanah, Air Permukaan Sungai","https://drive.google.com/drive/folders/1ciVoLqOUIeLnJqkno8wLpaQw3yxnKJm3?usp=drive_link",""
"LP-708-IDN","PT. Qualis Indonesia","Jl. Padjajaran No.17 Desa Ganda Sari, Kec. Jatiuwung, Tangerang, Banten","Banten","(021) 55652583","electrical_lab@qualisindonesia.com","2031-04-03","2031-04-03","false","false","true","true","false","false","","","","Leather, Textiles And Other Related Products, Metal, Electrical Compound And Other Related Product, Pakaian Bayi,Toys, Plastic And Other Related Product, Textile, Seprai, Sarung Bantal, Sarung Guling, Bedcover, Saputangan, Selimut, Handuk, Karpet/Alas Lantai, Kasur, Alas Kaki, Penghapus, Krayon/Alat Perwarna, Pakaian Dewasa, Sepatu Olahraga, Sol Luar (Karet), Kulit Imitasi, Sepatu Wanita, Sepatu Pria, Ayunan, Seluncuran Dan Mainan Aktifitas Sejenis, Kopi dan Produk kopi, Mie Instan, Biskuit, Susu dan Minuman yang mengandung susu, Tepung Terigu, Gula Kristal Halus, Coklat Bubuk, Minyak Goreng Sawit, Garam Konsumsi Beryodium, Air Minum Dalam Kemasan (AMDK), Kosmetik dan Produk Sejenisnya (Bedak, Krim Wajah, Lipstik dan lain-lain), Udang, Kakao & Produk Kakao, Minyak, Lemak dan turunannya, Kecap, Saos, Bumbu, Rasa, Makanan Ringan, Minuman (Karbonasi, isotonic, sirup, Buah, Jeli, Teh), Roti, Kacang, Daging, Ikan dan produk olahannya, Sosis, Beras/Nasi, Perisa, Selai, Kornet, Krim, Yogurt, Puding, Nuget, Keripik, sereal, jagung, Rempah rempah, Cabai, bentonite, Air Bersih, Tepung kanji, Sereal sarapan, Pasta, Mie dan Produknya, Fermentasi susu dan hidrolisi dari produk susu, Keju dan Produk keju, Makanan penutup berbasis keju, Buah, Umbi, Plastik, gelas, keramik, logam, karet, sterofoam, Makanan Laut, Bahan Obat tradisional, Kembang gula/permen, Sampel Permukaan rantai produksi pangan, komponen Produk otomatif (plastik, kain, dan karet), Polyvynil chloride insulated cables of rated voltages up to and a including 450/ 750 V, Power cables with extruded insulation and their accessories for rated voltage from 1 kV (Um = 1.2 kV) up to 30 kV (Um= 36 kV), Plastics- determination of burning behaviour by oxygen index- ambient temperature test, Non metallic Materials, Electrical wires, cables and flexible cords, Instrumentation cables, Power cables with extruded insulation and their accessories for rated voltages above 30 kV) up to 150 kV (Um=170 kV), Round wire concentric lay overhead electrical stranded conductors AAAC, ACSR, ACCC, Aluminium conductors and aluminium conductors, steel-reinforced - For overhead power transmissim, Zinc-Coated (Galvanized) steel Core Wire for Use in Overhead Electrical Conductors, Test on electric an optical fibre cables under fire conditions, Test for vertical flame spread of vertically-mounted bunched wires or cables, Automotive parts - Unscreened low voltage cables, Reference Standard for Electrical Wires, Cables, and Flexible Cords, Metal-Clad Cables, Polyvinyl chloride insulated cables of rated voltage up to including 450/750 V part 6 : Lift cables and cables for flexible connections, Polyvinyl chloride insulated cables of rated voltage up to including 450/750 V part 7 : Screened Flexible cables and unscreened Flexible cables with two cores or more, Aerial Bundled Cables rated voltage 0,6/1 kV (Code type : NFA2X-T/NFA2X/NF2X/NFY), Aluminium Clad Steel Wire (AS Wire), Aluminium-magnesium-silicon alloy wire for overhead line conductor (AAAC), Hard-drawn aluminium wire for overhead line conductor, BCC 1/2H (Bare copper conductors - 1/2 Hard), BCC H (Bare copper conductors - Hard), Round wire concentric lay overhead electrical stranded conductor, Carbon Fiber Composite Core (CFCC), Pelat Batang tembaga, Perpindahan gas, Kabel Serat Optik, perangkat kabel hybrid serat optik, OPGW = Optical Ground Wire, ADSS = All Dielectric Self Supporting Cable, Pemutus-sirkit untuk proteksi arus-lebih untuk instalasi rumah tangga dan yang sejenisnya, sakelar untuk instalasi listrik magun rumah tangga dan sejenis, Tusuk kotak dan kotak kontak untuk keperluan rumah tangga dan sejenisnya, Fitting lampu sekrup Edison, Fitting lampu arus bolak balik, Degrees of protection provided by enclosures (IP Code), Metal-oxide surge arresters without gaps for AC systems, Isolator untuk saluran udara dengan tegangan nominal diatas 1000V, Overhead lines, Connector, Residual current operated circuit-breakers with integral overcurrent protection for household and similar uses (RCBO's), Residual current operated circuit-breakers without integral overcurrent protection for household and similar uses (RCCBs), Insulator Accessories, Switch gear Tegangan tinggi dan controlgear, Rakitan Perangkat hubung bagi dan kendali tegangan rendah, Kotak dan penutup untuk aksesoris listrik, Peralatan Pendingin, peralatan es krim dan pembuat es, Pompa kalor listrik, pengkondisi udara dan pengering udara, Mesin Cuci, Pompa Air, Kipas Angin, Seterika Listrik, Pemanggang Kontak,pemanggang roti dan pemasak portabel sejenis, Pengisi baterai, Pemanas Cairan, Peralatan perawatan kulit dan rambut, Peralatan Dapur, Audio, video equipment and similar electronics apparatus, Non-ducted air conditioners and heat pumps, penghisap debu, oven gelombang micro, piranti pijat listrik, bor listrik, gerinda, serut, gergaji timbal balik, circular saw, chain saw, band saw, Setrika kering termostatis, Setrika uap termostatis, Setrika tanpa senur, Penanak nasi, Televisi, Information Technology Equipment, Luminer, Lampu LED swa-blast, Persyaratan khusus - lampu tangan, Lampu dan system penerangan, Alat kendali elektronik a.s. atau a.b. untuk modul LED, Persyaratan khusus – lampu tidur dipasang pada kotak kontak instalasi kelistrikan, Rantai cahaya,Lampu pengatur lalu lintas, Produk Penerangan, Household Appliances, ITE product, Metering Equipment, All Product Electrical and Electronic Equipment, RF test, Peralatan pendingin rumah tangga, Alat cukur, Pangkas rambut dan peranti sejenis, Modul fotovoltaik (FV) Silikon kristalin, Baterai sekunder, Baterai litium sekunder, Sistem penyimpanan energi listrik mampu-isi-ulang / Rechargeable Electrical Energy Storage System (REESS), Bank daya (Power Bank ) Ion Litium, Sistem baterai yang dapat dilepas dan ditukar (removable and swappable battery system ), Photo Voltage cables 1500 VDC, Konduit (kaku dan semifleksibel), Showcase, Flavour, Glycerin, Propylene Glycol, Sorbitol, Obat Sirup, Obat tradisional, Food aditive, Kosmetik, kosmetik sediaan cairan dan cream, obat syrup, obat tradisional, hand sanitizer, buah dalam kemasan, air minum, minuman ringan, minuman susu, minuman sari buah,air minum, air untuk keperluan higine sanitasi","https://drive.google.com/drive/folders/1clYHKSc17D-r10BntgBf3awQ-CpEWtix?usp=drive_link",""
"LP-710-IDN","Stasiun Pengendalian dan Pengawasan Mutu Hasil Kelautan dan Perikanan Kupang","Jl. Ade Irma No. 06, Walikota, Kelapa Lima, Kupang, Nusa Tenggara Timur","Nusa Tenggara Timur","(0380) 8479044","sppmhkp.kupang@kkp.go.id","2031-05-04","2031-05-04","false","false","true","false","false","false","","","","Produk perikanan, bahan olahan produk perikanan, ikan air laut, ikan air tawar, Ikan Segar, Ikan Beku, Ikan Kering, Rumput Laut, Semi Refined Carragenan (SRC), Alkali Treanated Cottoni Chips (ATCC) dan Produk Perikanan","https://drive.google.com/drive/folders/1clF3QhZlV_f-iOgOwnkw1jBrif9B3gOg?usp=drive_link",""
"LP-713-IDN","Stasiun Pengendalian dan Pengawasan Mutu Hasil Kelautan dan Perikanan Banda Aceh","Jl. Raya Bandara Sultan Iskandar Muda, Blang Bintang, Aceh Besar, Aceh","Aceh","(0651) 636227","skipm.aceh@gmail.com","2027-01-23","2027-01-23","false","false","true","false","false","false","","","","Ikan air tawar (ikan mas, ikan lele), produk perikanan (ikan air laut segar dan beku, ikan air tawar segar dan beku, udang segar dan beku), lobster laut, ikan air laut (ikan kerapu dan ikan kakap), crustacea","https://drive.google.com/drive/folders/1dkq_QYI9cH1zBAhp_Bl7YpmMQjvZKGQq?usp=drive_link",""
"LP-715-IDN","UPT Laboratorium Lingkungan Dinas Lingkungan Hidup Kabupaten Pasuruan","Jl. Pattimura, No. 223, Kel. Bugul, Kab. Pasuruan, Jawa Timur","Jawa Timur","(0343) 425279","lab.blhkabpasuruan@yahoo.com","2026-07-25","2026-07-25","false","false","true","false","false","false","","","","Air limbah, air sungai, air minum","https://drive.google.com/drive/folders/1dmTvVV8IhLyhF2D5nz25kftZkfAnO_Pc?usp=drive_link",""
"LP-720-IDN","PT AdhikariLab Indonesia","Ruko Cibubur Indah Blok A No.16, Jl. Raya Lapangan Tembak, RT 02/RW 11 Cibubur, Ciracas, Jakarta Timur","DKI Jakarta","(021) 29378125/27","info@adhikarilab.co.id; quality@adhikarilab.co.id","2031-07-25","2031-07-25","true","false","true","false","false","false","","","","Air Untuk Keperluan Higiene Dan Sanitasi, Air Sungai, Air Danau, Air Limbah, Air Mineral, Air Mineral Alami, Air Minum, Air Laut, Kebisingan, Udara Ambien, Getaran, Lingkungan Kerja, Udara Emisi Sumber Tidak Bergerak, Emisi Sumber Bergerak, Air Tanah, Air Untuk Keperluan Higiene Sanitasi, Air Tanah (Air Sumur), Air Untuk Media Air Kolam Renang, Air Sungai, Air Danau/Air Situ, Udara Lingkungan Kerja","https://drive.google.com/drive/folders/15XfTZ036BxqFwBAH421CCm7zZ_StV4QU?usp=sharing",""
"LP-723-IDN","PT Mecoindo","East Jakarta lndustrial Park, Plot 6B - 2 East, Cikarang Selatan, Bekasi, Jawa Barat","Jawa Barat","(021) 8970270","harso.purnomo@itron.com","2026-09-19","2026-09-19","false","false","true","false","false","false","","","","Meter air DN15-DN20, DN25, DN 40, dan DN50","https://drive.google.com/drive/folders/1f3zRBPYwTwglbQ_pGP2BXH6zGEq_FRxP?usp=drive_link",""
"LP-725-IDN","PT Organo Science Laboratory","Sentul City, Plaza Amsterdam Blok A No.7, Bogor, Jawa Barat","Jawa Barat","(021) 87962710","info@organolabs.com","2031-07-25","2031-07-25","true","false","true","true","false","false","","","","Tanah, Sayur dan Buah (Kadar air tinggi: belimbing, Kadar air rendah: jambu, bayam, kangkung, pakcoy, kacang panjang, Kadar lemak tinggi: alpukat), Minyak Sawit, Gas proses kegiatan produksi panas bumi, Gas Terkondensasi , Air untuk keperluan higiene dan sanitasi, Air limbah, Air sungai, air danau, air waduk, air saluran, mata air, air rawa dan air gua, Air laut, Udara Ambien, Kebisingan, Udara Lingkungan Kerja, Udara Emisi Sumber Tidak Bergerak, Padatan (tahan, batuan, bata, fly ash, bottom ash, sludge)","https://drive.google.com/drive/folders/1fUahNVNySzhByoQ8RrHc7dFJkX1hr8oI?usp=drive_link",""
"LP-726-IDN","PT Mitralab Buana Surabaya","Jl. Kutisari No.16, Surabaya, Jawa Timur","Jawa Timur","(031) 8411999","lab.mitralab@yahoo.com","2031-06-13","2031-06-13","false","false","true","false","false","false","","","","Udara ambien, Getaran dan Kebisingan, Udara lingkungan kerja, swab/usap (lantai, dinding, alat makan dan alat lainnya), Emisi sumber tidak bergerak, Emisi sumber bergerak, Air limbah, Air sumur pantau, air sungai, Air untuk keperluan higiene Sanitasi, air kolam renang, Air minum, Air laut, Air Mineral","https://drive.google.com/drive/folders/1fQg2oPHAo1PRfAQTZk5NdKfb8Ai69mT-?usp=drive_link",""
"LP-732-IDN","UPTD Balai Pengawasan dan Sertifikasi Benih Tanaman Pangan, Hortikultura dan Perkebunan Aceh","Jl. Panglima Nyak Makam No.30, Lampineung, Banda Aceh, Aceh","Aceh","(0651) 7551679","bpsbtphaceh@gmail.com","2026-10-05","2026-10-05","false","false","false","true","true","false","","","","Benih tanaman pangan, benih tanaman hortikultura, bayam","https://drive.google.com/drive/folders/1guRAyMJc4tM4TXxTW_QAxg9uykWyPrQo?usp=drive_link",""
"LP-737-IDN","Balai Besar Karantina Hewan, Ikan, dan Tumbuhan Sumatera Utara","Jl. AH. Nasution No. 14, Medan, Sumatera Utara","Sumatera Utara","(061) 6941484","karantinasumut@karantinaindonesia.go.id","2026-09-19","2026-09-19","true","false","true","true","true","false","","","","Biji pinang (Areca catechu), biji kopi (Coffea sp.), spesimen, Biji pinang (Areca catechu), Spesimen, jambu air (Syzyngium aqueum) , jeruk (Citrus sinensis), pir (Pyrus communis), tomat (Lycopersicum esculentum), apel (Malus domesticum), Daun eukaliptus (Eucalyptus sp.), Kacang tanah (Arachis hypogaea), Umbi kentang (Solanum tuberosum), Biji kedelai (Glycine max), Biji gandum (Triticum aestivum), Spesimen gulma, beras (Oryza sativa), beras pecah (Oryza sativa), ketumbar (Coriandrum sativum), ketan (Oryza glutinosa), Buah dan biji kopi (Coffea sp.), Daging (ayam dan sapi), olahannya (bakso, sosis), telur, susu (UHT, bubuk), olahannya (mentega), sarang burung walet, madu, Poultry by product meal (PPM) dan hydrolized feather meal (HFM), Meat bone meal (MBM) dan blood meal, Poultry by product meal (PPM), hydrolized feather meal (HFM), meat bone meal (MBM) dan blood meal, Serum darah sapi, Serum darah (sapi, kambing dan domba), Anggur, Sarang burung walet, Ikan air tawar, ikan air laut, produk olahan ikan air tawar, produk olahan ikan air laut, salmon oil, Frozen mackerel fish, live grouper fish, Fish oil, salmon fish oil, frozen salmon, Udang windu, udang vannamei, kepiting, rajungan, lobster air tawar, lobster air laut, Crustacea, Fish oil, frozen mackerel fish, Serum unggas (ayam, DOC), Bahan asal hewan (daging ayam, daging sapi, daging bebek, daging babi, daging kambing, sarang burung walet) dan hasil bahan asal hewan (bakso, sosis, nugget), Umbi kentang (Solanum tuberosum), Biji-bijian (beras, kedelai, jagung), Ikan kerapu, ikan kakap, Ikan mas, ikan koi, ikan koki, ikan nila, ikan gurame, Ikan kerapu, ikan kakap, ikan hias air laut, ikan discus, ikan gurame, ikan cupang, ikan nila, Udang windu, udang vannamei, kepiting, rajungan, lobster air tawar, lobster air laut, Crustacea, cacing laut Nila, gurami, Ikan air tawar, ikan air laut, produk olahan ikan air tawar, produk olahan ikan air laut, Serum darah (sapi, kambing dan domba), Ikan mas, nila, lele, patin dan gurami","https://drive.google.com/drive/folders/1h-XYFmYsKCgeyXMRSCWIA8ePGPEO5hYH?usp=drive_link",""
"LP-739-IDN","PT Sky Pacific Indonesia","Jl. Sholeh Iskandar No. 7. Kel. Kedung Badak, Kec. Tanah Sereal, Kota Bogor, Jawa Barat","Jawa Barat","(0251) 8358700","1. riana.adisti@skylab.co.id 2. agus.nurjaman@skylab.co.id 3. info@skylab.co.id","2031-07-25","2031-07-25","true","false","true","false","true","false","","","","Air sumur, air danau, air sungai, air muara, air rawa, air akuifer, air situ, air mata air, air waduk, air limbah, air untuk keperluan higiene dan sanitasi, air tanah, air minum, air laut, udara ambien, kebauan, udara lingkungan kerja, kebisingan, getaran, udara emisi sumber tidak bergerak, udara emisi sumber bergerak, tanah, sedimen, sludge (B3), padatan, bahan multifase (ekstrak TCLP), daun akar, batang, padi berasi, jaringan ikan, kuku, rambut","https://drive.google.com/drive/folders/1gwQI7fRDNaWdKKPYUfCBhfOgn_YW_Vam?usp=drive_link",""
"LP-741-IDN","UPT Pengujian Mutu dan Pengembangan Produk Kelautan dan Perikanan Banyuwangi","Jl. Barong, Bakungan, Glagah, Banyuwangi, Jawa Timur","Jawa Timur","(0333) 417845","pmp2kpbanyuwangi@gmail.com","2031-08-22","2031-08-22","false","false","true","false","false","false","","","","Ikan Segar, Udang Beku (Kupas Mentah Beku, Rebus Beku, Kupas Rebus Beku), Ikan Beku (Tuna, Tuna Masak Beku, Octopus, Octopus sliced Cooked), Ikan Kaleng (Tuna dalam Kemasan Kaleng, Sarden/Mackerel dalam Kemasan Kaleng), Ikan Olahan (Abon Ikan, Krupuk, Bakso Ikan, Ikan Pindang, Ikan Renyah, Ikan Asin) Rumput Laut Gracillaria sp, Daging Rajungan dalam kemasan kaleng, Crustacea (Mentah, Masak), Ikan Beku (Tuna, Cephalopoda (Mentah, Cooked)), Ikan Kaleng (Tuna dalam kemasan Kaleng, Daging Rajungan dalam Kemasan Kaleng, Sarden/Makarel dalam Kemasan Kaleng), Abon Ikan, dimsum, Swab pada permukaan ikan dan peralatan pengolahan ikan (pisau, nampan, meja, talenan, karyawan), Teri Nasi, Ikan Beku, Fillet Ikan Beku, Cephalopoda Beku (Rebus, Sliced Cooked), Air artesis, Air sanitasi dan hygiene, Air permukaan, Air limbah, Es, Tepung Ikan, Abon, Bakso, Nugget Ikan, Pakan Ikan, Udang Segar/Beku, Tuna Masak Beku","https://drive.google.com/drive/folders/1h8BFoCXuvglXQhUypBkR9Pye1KIftoWa?usp=drive_link",""
"LP-744-IDN","PT Envirolab Nusantara","Jl. Raya Kodau No. 1B, Jatiwarna, Pondok Melati, Bekasi, Jawa Barat","Jawa Barat","(021) 84990026","envirolab.11@gmail.com; envirolab.mutu@gmail.com","2026-11-22","2026-11-22","false","false","true","false","false","false","","","","Udara dalam ruang, kebisingan, getaran, industrial hygiene, udara ambien, air untuk keperluan higiene dan sanitasi, air minum, air sungai, air limbah, udara emisi sumber tidak bergerak","https://drive.google.com/drive/folders/1h_U9XneomgZq7qMRbxcf-KpKiteS0zbG?usp=drive_link",""
"LP-745-IDN","Balai Layanan Usaha Produksi Perikanan Budidaya Karawang","Dusun Sukajadi RT 01 RW 04, Desa Pusakajaya Utara Kec. Cilebar, Kab Karawang, Jawa Barat","Jawa Barat","08111155141","lab.bluppb@yahoo.com","2027-03-20","2027-03-20","false","false","true","false","false","false","","","","Pakan ikan, air payau, air laut, air tawar, crustacea, ikan air tawar, dan ikan air laut","https://drive.google.com/drive/folders/1hgCQYFSFh3zV_TPuVmQBDOF2ENqUCL9a?usp=drive_link",""
"LP-748-IDN","PT Cito Diagnostika Utama","Jl. Abdulrahman Saleh No. 226 ABC, Manyaran, Semarang Barat, Semarang, Jawa Tengah","Jawa Tengah","(024) 7615511","sinta.cito@labcito.co.id","2027-06-27","2027-06-27","true","false","true","false","false","false","13 26 27 28 29 33","307","2026-07-21","Air kolam renang, air limbah, air minum, air sungai, air danau, air spa, air untuk keperluan higiene dan sanitasi, air RO, kebisingan, udara ambien, lingkungan kerja, emisi sumber tidak bergerak, tanah (TCLP), makanan, air laut, air hemodialisa, tanah (TCLP dan total konsentrasi), kebisingan, swab (dinding, lantai, alat makan, AC< linen, alat kesehatan, kemasan)","https://drive.google.com/drive/folders/12Kz2ym9m-GAyTIpsG8WVpcSadHLJzkbX?usp=drive_link","https://layanan.kan.or.id/direktori-lpk/1063/1"
"LP-750-IDN","UPT Laboratorium Bahan Konstruksi Dinas Pekerjaan Umum, Penataan Ruang, Perumahan, Kawasan Permukiman dan Pertahanan Provinsi Riau","Jl. Sudirman No 197, Tankeran Selatan Pekanbaru, Riau","Riau","(0761) 322940","lab_pu_riau@yahoo.com","2027-05-22","2027-05-22","true","false","true","false","false","false","","","","Agregat, tanah, campuran beraspal, aspal, beton, bor inti, baja tulangan beton, air danau, air sungai, air waduk, air limbah, air untuk keperluan higiene dan sanitasi, air minum, tanah, kebisingan","https://drive.google.com/drive/folders/1i2k-HRqPyz0uE-5skf71ZsXfo08aEmn6?usp=drive_link",""
"LP-751-IDN","PT TUV Rheinland Indonesia","Lokasi 1: Infinia Park Blok A-56, B92-B93, Jl. Dr. Saharjo No. 45, Manggarai, Jakarta Selatan, DKI Jakarta Lokasi 2: Kawasan Industrial Taman Tekno, BSD, Blok H3 No. 7, Tangerang Selatan, Banten","DKI Jakarta","Lokasi 1: (021) 57944579 Lokasi 2: (021) 37904579","Lokasi 1: liling.permatasari@tuv.com; id.mobility-lab@tuv.com Lokasi 2: info@idn.tuv.co.id","2026-11-02","2026-11-02","false","false","true","false","false","false","","","","Lokasi 1 : Mainan Anak, Pelek kendaraan berpenumpang, Pelek Kendaraan bermotor kategori L, Ban dalam kendaraan bermotor, Air Conditioner, Battery charger, Mainan Elektrik, Mesin cuci (Washing Machine), Contact grills, Toasters and Similar Portable cookers (Barbecue for indoor use, Contact grills, Cooker, Food dehydrators, portable ovens, Raclette grills, Radiant grills, Roaster, Rotary grills, Rotisseries, Toasters, Waffle irons, Hotplates), Skin & Hair care (Curling combs, curling irons, curling roller with separate heaters, facial saunas, hand dryers, heaters with detachable curlers, permanent-wave appliances, hair dryer, helmet hair dryers), Kitchen appliances (bean slicer, Cranberry juice extractors, Food), Refrigerator, Rice cooker, electric kettle, Water dispenser, Electrical coffe/tea Maker, Pressure cooker, Electric steam boat, Electric thermo pot, Pump, Setrika, Kipas angin, Peralatan teknologi informasi, PVC kabel, Luminer Magun, Luminer Tanam, Luminer Pencahayaan Jalan Umum, Luminer Kegunaan Umum Portabel, Luminer Lampu Sorot, Luminer Lampu Tidur, Lampu Rantai Cahaya, pelek kendaraan bermotor, pelek kendaraan berpenumpang Lokasi 2 : Ban Mobil Penumpang, Ban truk ringan, Ban truk dan bus, Ban sepeda motor, Ban vulkanisir, Pelek Kendaraan bermotor kategori L, Kaca Pengaman diperkeras untuk kendaraan bermotor, Kaca pengaman berlapis untuk kendaran bermotor, Kaca Pengaman untuk kendaraan bermotor, Kaca pengaman berlapis untuk bangunan dan mebelair, kaca pengaaman diperkeras untuk bangunan dan panel","https://drive.google.com/drive/folders/1iBceMpHBUfa6lgEgX7Ea1R-OqydD2AQY?usp=drive_link",""
"LP-755-IDN","PT Ultra Prima Abadi Orang Tua Group - Laboratorium Analytical Research","Jl. Daan Mogot Km. 14 No. 26, Jakarta Barat, DKI Jakarta","DKI Jakarta","(021) 5441866","ar@ot.id","2031-07-25","2031-07-25","false","false","true","true","false","false","","","","Krekers, Biskuit, Wafer, Kembang Gula Keras, Kembang Gula Lunak, Pasta Coklat, Air Demineral, air mineral, Susu UHT, Minuman Mengandung Susu, Minuman Susu Fermentasi, Pudding, Kacang Goyang, Makanan & Minuman Sterilisasi Dalam Kemasan Secara Aseptis, Mouthwash, Pasta Gigi, Antiseptik dan Disinfektan, Biskuit : Krekers, Tidak Termasuk Krekers Manis; Keik, Kukis, dan Pai (Isi Buah atau Custard, Vla), Kembang Gula Keras / Permen Keras, Kembang Gula Lunak Permen Lunak, Minuman Susu Fermentasi Berperisa, Minuman Berbasis Susu yang Berperisa, Minuman Botanikal, Makanan Ringan Olahan Kacang, Olesan Berbasis Kakao, Termasuk Isian (Filling), Minuman Teh dalam Kemasan, Minuman Mengandung Jelly, Air Mineral, Air Demineral, Alkohol technical, Anggur fortifikasi, Minuman mengandung alkohol >15% (whisky), Anggur buah, Minuman ringan beralkohol, Minuman beralkohol beras kencur, Minuman kopi dalam kemasan","https://drive.google.com/drive/folders/1izpk4q-Jxh-v1ZM87oavx1dI1AUrjJtG?usp=drive_link",""
"LP-756-IDN","PT Global Quality Analytical","Jl. Seremped Wetan RT 01/ RW 13 Cibadak, Tanah Sereal, Bogor, Jawa Barat","Jawa Barat","(0251) 789435","gqa@gqanalitical.com","2031-04-24","2031-04-24","true","false","true","true","false","false","13 26 27 28 29 33","443","2026-05-19","Udara emisi sumber tidak bergerak, udara emisi sumber bergerak kondisi idle, emisi sumber tidak bergerak kondisi bebas, udara ambien, kebisingan dan getaran, lingkungan kerja tanah/sedimen (TCLP), tanah sedimen (total konsentrat) limbah B3, air limbah, air limbah fasilitas kesehatan, air limbah domestik, air laut, air sungai, air danau, air minum, air untuk keperluan higiene sanitasi, air RO/air untuk hemodialisa, air kolam renang, makanan siap saji (nasi, sayur, dan lauk pauk), swab permukaan (lantai, dinding, peralatan makan, alat kesehatam/ tools pinset, kain hijau/linen, baju operasi/pasien)","https://drive.google.com/drive/folders/1ixWoKBeF7PlSAs9O2GHiwwi_p36ZODzZ?usp=drive_link","https://layanan.kan.or.id/direktori-lpk/1070/1"
"LP-759-IDN","Pusat Penelitian Kelapa Sawit Unit Bogor","Jl. Taman Kencana No. 1, Babakan, Kec. Bogor Tengah, Kota Bogor, Jawa Barat","Jawa Barat","(0251) 8324048","admin@iribb.org","2027-02-20","2027-02-20","false","true","false","true","true","true","","","","Pupuk organik padat, daun tanaman, bahan aktif pestisida, pupuk NPK padat, pakan ikan, pupuk, gula pasir, pupuk hayati dan pupuk organik, pembersih lantai/disinfektan cair, kacang kedelai dan produk jadinya (tahu, tempe, kecap, dll), bahan olahan daging (sosis, nuget, daging giling, dll), Kopi Instan, Alat kesehatan syringe dispossible dan needle 3 cc","https://drive.google.com/drive/folders/1jcGNIsJ5TcznfX9IEIY2sWqXHoHVx8yC?usp=drive_link",""
"LP-760-IDN","PT Sucofindo Cabang Tarakan (Multilokasi)","Lokasi 1 : Jl. Cahaya Baru RT 02 No.104, Kel. Karang Harapan, Kota Tarakan, Kalimantan Utara Lokasi 2 : Laboratorium Site BMO1 - Suaran PT Berau Coal, Kampung Suaran, Kecamatan Sambaliung, Kabupaten Berau - Kalimantan Timur Lokasi 3 : Laoratorium Site LMO - Lati PT Berau Coal, Kampung Sambakungan, Kecamatan Gunung Tabur, Kabupaten Berau - Kalimantan Timur Lokasi 4 : Laboratorium Unit Pelayanan Sesayap, Sei Krassi, Sembakung, Nunukan - Kalimantan Timur Lokasi 5 : Laboratorium Tanjung Redep Jl. Gunung Panjang RT 01, Kecamatan Tanjung Redep, Kabupaten Berau - Kalimantan Timur","Kalimantan Timur","(0551) 2026645","tarakan@sucofindo.co.id","2027-04-17","2027-04-17","false","false","true","false","false","false","","","","Batubara, CPO dan CPKO, palm kernel, drinking water (air minum), air untuk keperluan higiene sanitasi, air sungai, air danau, air limbah, udara emisi sumber tidak bergerak, udara ambien","https://drive.google.com/drive/folders/1jXFOi0w_KCCq5Uvuj24t2NB8KC_7rSHi?usp=drive_link",""
"LP-763-IDN","PERUMDAM Tirta Kerta Raharja Kabupaten Tangerang","Jl. Perintis Kemerdekaan III, Cikokol, Tangerang, Banten","Banten","(021) 55734361","lab.pdam.tkr@gmail.com","2026-08-06","2026-08-06","false","false","true","false","false","false","","","","Air sungai, air keperluan higiene dan sanitasi, air minum","https://drive.google.com/drive/folders/1kEcGdQ3ZcM3p-oeOhj11CWyLESdxhR7F?usp=drive_link",""
"LP-771-IDN","Balai Pengawas Obat dan Makanan di Batam","Jl. Hang Jebat, Kel. Sambau, Kec. Nongsa, Batam, Kepulauan Riau","Kepulauan Riau","(0778) 761543","kjmbatam@gmail.com","2027-07-17","2027-07-17","false","false","true","true","false","false","","","","Obat (tablet, serbuk, kapsul), obat tradisional (sediaan padat, sediaan multivitamin bentuk padat, cairan obat dalam), pangan (garam beryodium, tepung terigu, minuman ringan, MP ASI, sirup, limun, minuman sari buah, mie basah, minyak goreng, kecap, tepung terigu, mie instan, madi, air minum dalam kemasan, kopi instan, minyak goreng sawit, minuman kopi mengandung susu, kopi instan, saos samnal, jamu bentuk serbuk), kosmetik (sediaan rias mata, blush on, sediaan serbuk, perona mata dan pipi, semi solid, krim mata, sediaan cair, sediaan bedak bayi, sediaan bedak bayi cair, sediaan sabun bayi cair dan padat, krim wajah, bedak bayi, produk bayi sediaan semisolid, sediaan cairan bukan aerosol, sediaan cair kental, sediaan padat)","https://drive.google.com/drive/folders/1lB4oeI2A6rO0axFuZ0Hei8aCQR8lfavZ?usp=drive_link",""
"LP-773-IDN","PT Surveyor Indonesia (Multilokasi)","Kantor pusat : Graha Surveyor Indonesia, 8, Jl. Gatot Subroto No.Kav. 56, RT.1/RW.4, Kuningan Tim., Kec. Setiabudi, Jakarta Selatan, DKI Jakarta Lokasi 1 : Jl. Saparua 4, Kawasan Industri Medan (KIM) IV, Desa Pematang Johar, Kec. Labuhan Deli, Kab. Deli Serdang, Sumatera Utara Lokasi 2 : Jl. Takari No. 17 Kel. Sukajadi, Kec. Dumai Kota, Riau Lokasi 3 : Jl Kerapu No 2 Batu Ampar, Batam Lokasi 4 : Jl. Soekarno-Hatta No. 051 Kel. Talang Kelapa, Kec. Alang-Alang Lebar, Palembang, Sumatera Selatan Lokasi 5 : Jl. RB. Siagian No. 43-44 Kel. Pasir Putih, Kec. Jambi Selatan, Jambi Lokasi 6 : Jl. Hamidah, RT.001/RW.003 Kel. Batin Tikal, Kec. Taman Sari, Pangkal Pinang, Kepulauan Bangka Belitung Lokasi 7 : Kawasan Industri Sentul, Jl. Cahaya Raya Kavling H10 No. 5-6, Leuwinutug, Citeureup, Bogor, Jawa Barat Lokasi 8 : Olympic Commercial and Business District, Jl. Cahaya Raya No. H10 No. 1-3, Leuwinutug, Citeureup, Bogor, Jawa Barat Lokasi 9 : Jl. Peterongan Timur No 11B, Kec. Peterongan, Semarang Selatan, Jawa Tengah Lokasi 10 : Jl. Trikora, Ruko No 1-3 Rt 40 / Rw 07 Kel. Guntung Manggis, Kec. Landasan, Ulin, Banjar Baru, Kalimantan Selatan Lokasi 11 : Jl. Cendana No 105A, Teluk Lerong Ulu, Kec. Sungai Kunjang, Samarinda, Kalimantan Timur Lokasi 12 : PT. Kaltim Prima Coal, Gedung P61, Tanjungbara, Sangatta, Kutai Timur, Kalimantan Timur Lokasi 13 : Ruko Kendari Indah, Jl. R. Suprapto No. 222, Blok A3-R3, Punggolaka, Kendari, Sulawesi Tenggara Lokasi 14: Jl. Margorejo Indah No. 51, Surabaya, Jawa Timur Lokasi 15: Jl. Soekarno Hatta No. 3040A, Karya Baru, Alang-alang Lebar, Palembang, Sumatera Selatan Lokasi 16: Pulau Gag, Distrik Walgeo Barat Kepulauan, Raja Ampat, Papua Barat Daya Lokasi 17: Jl. Stadion No. 36, Kampung Pisang, Ternate Tengah, Ternate, Maluku Utara Lokasi 18: Jl. Trans Sulawesi, Desa Bahomoleo, Bungku tengah, Morowali, Sulawesi Tengah Lokasi 19:","Kepulauan Bangka Belitung","(021) 5265526","laboratoriumptsi01@gmail.com","2026-11-22","2026-11-22","true","false","true","false","false","false","","","","Lokasi 1: Air sungai, air danau, air waduk, air limbah, air untuk keperluan higiene sanitasi, air tanah, air laut Lokasi 2: CPO dan turunannya Lokasi 3: Air laut, air untuk keperluan higiene sanitasi, air sumur, air sungai, air muara, air danau, air waduk, air limbah, emisi sumber tidak bergerak, udara ambien, kebisingan, lingkungan kerja Lokasi 4: Batubara Lokasi 5: Barubara Lokasi 6: Batubara Lokasi 7: Logam timah, pasir silika, kaolin, bauksit, nikel ore, iron ore, limestone, batuan, konsentrat, batubara Lokasi 8: Pelumas, minyak lumas, minyak trafo, OCM (turbin oil), base oil Lokasi 9: Batubara Lokasi 10: Batubara Lokasi 11: Batubara Lokasi 12: Batubara Lokasi 13: Nickel ore, Nickel olahan (alloy) Lokasi 14: Air untuk keperluan higiene sanitasi, air limbah Lokasi 15: Air tanah, air limbah, air sungai dan air rawa, air untuk keperluan higiene sanitasi Lokasi 16: Nickel ore Lokasi 17: Nickel ore Lokasi 18: Nickel ore, Nickel olahan (alloy)","https://drive.google.com/drive/folders/1lD4FOymyuRrH1HgXyMS4APtqg6DLY6kP?usp=drive_link",""
"LP-774-IDN","UPTD Balai Pengujian dan Sertifikasi Mutu Barang Provinsi Kalimantan Timur","Jl. Letjen. M. T. Haryono No. 45 Samarinda, Kalimantan Timur","Kalimantan Timur","(0541) 733731","bpsmb_kaltim@yahoo.co.id","2031-07-25","2031-07-25","false","false","false","true","false","false","","","","Lada putih, biji kakao, Crude Palm Oil (CPO)","https://drive.google.com/drive/folders/1lPeR7BMhbZWILZDj9ZRoHrn47l2FggBz?usp=drive_link",""
"LP-781-IDN","PT Sucofindo (Persero) - Laboratorium Cabang Bandung","Jl. Soekarno Hatta No. 217, Bandung, Jawa Barat","Jawa Barat","(022) 6030262","ikoyomi@sucofindo.co.id","2027-02-01","2027-02-01","false","false","true","false","false","false","","","","Air minum, air limbah, air untuk keperluan higiene dan sanitasi, air sungai, kebisingan, udara ambien","https://drive.google.com/drive/folders/1m2wX9OUm7MQiW62mCizEUSnu2AVM3ydc?usp=drive_link",""
"LP-788-IDN","Pusat Penelitian Perkebunan Gula Indonesia","Jl. Pahlawan 25, Pasuruan, Jawa Timur","Jawa Timur","(0343) 421086","contact@p3gi.co.id","2027-04-01","2027-04-01","true","true","true","false","true","false","","","","Gula kristal mentah/raw sugar, gula kristal rafinasi, gula kristal putih, tetes, kayu dan sejenisnya, nira, kapur tohor, tebu lonjoran, tebu cacah/ampas tebu, tanah, pupuk NPK, pupuk urea, pupuk amonium sulfat, pupuk SP-36, pupuk KCl, pupuk organik, jaringan tanaman, air permukaan (air sungai), air limbah, air mineral, air demineral","https://drive.google.com/drive/folders/1msP5BC5GYssMNYrfI8kgQCRHXe1JaPPc?usp=drive_link",""
"LP-790-IDN","UPTD Laboratorium Lingkungan Dinas Lingkungan Hidup Kabupaten Tanah Bumbu","Jl. Dharma Praja No.3 Kel. Gunung Tinggi Kec. Batulicin, Kab. Tanah Bumbu, Kalimantan Selatan","Kalimantan Selatan","(051) 86070003","lab.lingkungan@gmail.com","2027-02-01","2027-02-01","true","false","true","false","false","false","","","","Air minum, air untuk keperluan higiene dan sanitasi, air sumur, air danau, air sungai, air muara, air rawa, air situ, air mata air, air waduk, air limbah, air laut, udara ambien, emisi sumber tidak bergerak, emisi sumber bergerak, kebisingan, lingkungan kerja, tanah","https://drive.google.com/drive/folders/1nLN9K-H_LEUiCXpiWcqWQQjdQoQHMmnL?usp=drive_link",""
"LP-798-IDN","Balai Perakitan dan Pengujian Tanaman Sayuran","Jl. Tangkuban Perahu No.517 Lembang, Jawa Barat","Jawa Barat","(022) 2786245","1. labpenguji_balitsa@yahoo.com 2. isuryadewi@yahoo.com 3. nenigunaeni@yahoo.com","2027-02-20","2027-02-20","true","true","false","false","true","false","","","","Benih cabai, benih tomat, hasil tanaman dan produk olahan, tanah, pupuk organik, pupuk organik padat, pupuk anorganik tunggal, pupuk urea, pupuk amonium sulfat, pupuk SP-36, pupuk KCl, benih kentang, tanaman kentang, tanaman cabai, tanaman tomat, biji bawang merah, tanah dari tanaman kentang, tomat, tanaman kubis, tanaman cabai, benih kangkung, benih mentimun, benih kacang buncis, benih kacang panjang, dan Benih bayam","https://drive.google.com/drive/folders/1oygcjeEolV7xzIltVrK5ds5u7OJNus3E?usp=drive_link",""
"LP-800-IDN","Balai Standardisasi dan Pelayanan Jasa Industri (BSPJI) Banda Aceh","Jl. Cut nyak Dien No.377, Lamteumen Timur, Banda Aceh, Aceh","Aceh","(0651) 49714","lp800idn@gmail.com","2027-04-29","2027-04-29","true","true","true","true","false","false","","","","Air mineral, NPK padat, pupuk urea, Pupuk Organik Padat, semen portland, semen portland komposit, Minyak Kelapa Sawit (Crude Palm Oil), Dendeng Daging Dalam Kemasan, Kopi sangrai dan Kopi Bubuk, Daging, Sosis, Bakso, garam konsumsi beryodium, air rawa, air waduk, air sungai, air danau, dan air tanah, air limbah, Limbah domestik, sludge, air laut, udara ambien, kebisingan, udara emisi sumber tidak bergerak","https://drive.google.com/drive/folders/1p9n9ZdB2IUcSm_dizt-lMxeliDEv7qS4?usp=drive_link",""
"LP-808-IDN","UPT Laboratorium Lingkungan Dinas Lingkungan Hidup Kabupaten Bogor","Jl. H. Jairan, Kelurahan Pakansari, kecamatan cibinong, Kabupaten Bogor, Jawa Barat","Jawa Barat","021-8765124","lablingkkabbogor@yahoo.co.id","2027-02-20","2027-02-20","false","false","true","false","false","false","","","","Air Permukaan (air sungai),air limbah","https://drive.google.com/drive/folders/1pmRwpFT0BvzmFvgPV8jKsbJCKp1-OH71?usp=drive_link",""
"LP-811-IDN","UPT Laboratorium Uji Kualitas Lingkungan Dinas Lingkungan Hidup Kabupaten Gresik","Jl. Dr Wahidin Sudirohusodo No. 102 B, Gresik, Jawa Timur","Jawa Timur","(031) 397566","uptlabblhgrs@gmail.com","2027-02-20","2027-02-20","false","false","true","false","false","false","","","","Air limbah, air danau, air sungai, air sumur, air untuk keperluan higiene sanitasi, air minum, air minum dalam kemasan, udara ambien, kebisingan, lingkungan kerja, udara emisi sumber tidak bergerak, Udara Emisi Sumber Bergerak (Bahan Bakar Bensin)","https://drive.google.com/drive/folders/1q6F3-nkZWThm3sXSewT7PgeE8AqRL8Zn?usp=drive_link",""
"LP-819-IDN","Stasiun Pengendalian dan Pengawasan Mutu Hasil Kelautan dan Perikanan Medan I","Jl. Pelabuhan Perikanan Samudera Gabion ,Belawan, Medan","Sumatera Utara","(061) 6945753","belawan@bkipm.kkp.go.id; stakari.belawan@gmail.com","2027-10-31","2027-10-31","false","false","true","false","false","false","","","","Air dan Es, Ikan Segar, Ikan Beku, Ikan olahan, salmon oil, live fish, Frozen Mackerel Fish, Live Grouper Fish, Fish Oil, Salmon Fish Oil, Frozen Salmon, Crustacea, Fresh Scombridae Fish, Frozen Scombridae, Fresh Demersal Fish, Fresh Pelagic Fish, Frozen Demersal Fish, Frozen Pelagic Fish","https://drive.google.com/drive/folders/1qeWyaWvQcjtAaJBHpLHA0nH2tB6P1VOu?usp=drive_link",""
"LP-820-IDN","UPTD Pengawasan dan Sertifikasi Benih Tanaman Pangan dan Hortikultura Provinsi Kalimantan Timur","Jl. P. Muhammad Noor No. 3 (Sempaja), Samarinda, Kalimantan Timur","Kalimantan Timur","(0541) 221213","bpsbkaltim07@yahoo.com","2029-05-22","2029-05-22","false","false","false","false","true","false","","","","Benih padi, jagung, kedelai, kacang panjang, cabai dan kangkung","https://drive.google.com/drive/folders/1qfpj2tJiX1bnJphwid557ZvcBWPYqwrZ?usp=drive_link",""
"LP-821-IDN","UPTD Balai Pengawasan dan Sertifikasi Benih Tanaman Pangan Hortikultura dan Perkebunan Provinsi Bengkulu","Jl. Ir. RE. Martadinata pulau baai kelurahan kandang, kecamatan kampung melayu, Kota Bengkulu","Bengkulu","(0736) 21410","labor.ppsbtphpbkl@gmail.com","2027-10-31","2027-10-31","false","false","false","false","true","false","","","","Benih padi, jagung, dan kedelai","https://drive.google.com/drive/folders/1qtn9lVQTzDZCkDQMwTOGTxgskvCc7m7X?usp=drive_link",""
"LP-825-IDN","Balai Keselamatan dan Kesehatan Kerja Makassar","Jl. K.H. Abd. Jabar Akhsiri, Km. 17 No. 35, Makassar, Sulawesi Selatan","Sulawesi Selatan","(0411) 4813186","teknisbbpk3mks@gmail.com","2027-12-02","2027-12-02","false","false","true","false","false","false","","","","Air sungai, udara ambien, Pertanahan/Grounding/Arde, Getaran dan kebisingan, Lingkungan Kerja, Udara Lingkungan Kerja, Air Limbah, Emisi Sumber Bergerak, Emisi Sumber Tidak Bergerak","https://drive.google.com/drive/folders/18AATR9Q2P_sFhqj9S6GaEElVw5ZodsFU?usp=drive_link",""
"LP-829-IDN","UPT Proteksi Tanaman Pangan dan Hortikultura Dinas Pertanian dan Ketahanan Pangan Provinsi Jawa Timur","Jl. Pagesangan II NO. 58 Surabaya","Jawa Timur","(031) 8282970","pestisida.jatim@gmail.com","2027-12-18","2027-12-18","false","false","false","false","false","true","","","","Jeruk, wortel, kacang panjang, cabe, pestisida berbentuk cair dan padat, Beauveria bassiana, Metarhizium anisopliae, Trichoderma spp.","https://drive.google.com/drive/folders/14UB81vAWLIWCJYxkVv0nxit_yLn8EMKg?usp=drive_link",""
"LP-831-IDN","PT Pupuk Kujang","Jl. Jend. A. Yani No. 39 , Cikampek, Karawang, Jawa Barat","Jawa Barat","(0264) 316141, 317007","yunni@pupuk-kujang.co.id","2027-08-28","2027-08-28","false","true","false","false","false","false","14","27","2026-04-20","Pupuk urea, amoniak cair, pupuk NPK, Pupuk diamonium fosfat (DAP), pupuk fosfat alam, pupuk kalium klorida (KCl), pupuk dolomit","https://drive.google.com/drive/folders/13j65K_n5eUZbKfxL-5I5SDbaL7YJBiBB?usp=drive_link","https://layanan.kan.or.id/direktori-lpk/1601/1"
"LP-832-IDN","UPTD Laboratorium Lingkungan Dinas Lingkungan Hidup Kabupaten Musi Banyuasin","Jl. Kolonel Wahid Udin, Kelurahan Serasan Jaya, Kecamatan Sekayu, Kabupaten Musi Banyuasin","Sumatera Selatan","(0714) 321486","lab_ling_muba@yahoo.co.id","2027-10-16","2027-10-16","false","false","true","false","false","false","","","","Air permukaan (Air sungai, air danau), air limbah, udara ambien, emisi sumber tidak bergerak","https://drive.google.com/drive/folders/17ocnZWzKOwDrxmVw5F3FL7EC0-6mCTjs?usp=drive_link",""
"LP-833-IDN","UPTD Laboratorium Lingkungan Dinas Lingkungan Hidup Provinsi Lampung","Jl. Beringin 1 No. 1, Teluk Betung Utara, Bandar Lampung, Lampung","Lampung","(0721) 486559","mustikasari_yulia@yahoo.com","2027-08-28","2027-08-28","false","false","true","false","false","false","","","","Air limbah, air danau, air sungai, air untuk keperluan higiene dan sanitasi, udara ambien, kebisingan, Emisi sumber tidak bergerak","https://drive.google.com/drive/folders/16k-kDPlTOaiOpIXyG-yaj3pmoxdqSdPO?usp=drive_link",""
"LP-834-IDN","Laboratorium Terpadu Fakultas Matematika dan Ilmu Pengetahuan Alam Universitas Padjadjaran","Jl. Raya Bandung-Sumedang KM 21, Jatinangor, Sumedang, Jawa Barat","Jawa Barat","081333316813","lab.akp.mipa@unpad.ac.id","2029-08-21","2029-08-21","true","true","false","false","false","false","","","","Ekstrak tanaman herbal, pupuk organik padat, tanah","https://drive.google.com/drive/folders/17CSZz31_xmyctITecX-WmW9YKKsl2G08?usp=drive_link",""
"LP-840-IDN","Stasiun Pengendalian dan Pengawasan Mutu Hasil Kelautan dan Perikanan Ternate","Kompleks Bandara Udara Babullah, Ternate, Maluku Utara","Maluku Utara","(0921) 3126148, 3111342","ski_babullah@yahoo.co.id ; sppmhkp.ternate@kkp.go.id","2027-10-31","2027-10-31","false","false","true","false","false","false","","","","Ikan Beku, Ikan Segar (Ikan Kerapu, Ikan Kakap, Ikan Layang, Ikan Tuna, Ikan Kuwe, Ikan Bobara, Ikan Tongkol, Teripang, Lobster, Daging Rajungan, Cumi-Cumi, Gurita, Tuna Loin, Udang, Ikan Cakalang, Ikan Tenggiri, Ikan Teri), dan Ikan Asap (Ikan Cakalang, Ikan Tongkol, Ikan Tuna), Air, Es","https://drive.google.com/drive/folders/1ORhTKlxtsm6nrpUnkl-kPXz_hw3ThG9f?usp=drive_link",""
"LP-843-IDN","PT Pulau Sambu - Kuala Enok","Tanah Merah, Kec. Tanah Merah, Kab. Indragiri Hilir, Riau","Riau","(0768) 21609","lusiana@sambu.co.id","2027-03-20","2027-03-20","false","false","true","false","false","false","","","","Minyak dan lemak, minyak kelapa, CCNO (Crude Coconut Oil), RBD CNO(Refined Bleached Deodorized Coconut Oil), FAO (Fatty Acid Oil); Kelapa dan produk turunannya (coconut, copra, copra expeller, copra extraction pellet), produk makanan dan pakan (copra, copra expeller, copra extraction pellet), air, air untuk produksi","https://drive.google.com/drive/folders/1Ysy7qN4ILPbFHla_YJEOkjxj8S2v6Gll?usp=drive_link",""
"LP-846-IDN","Balai Perakitan dan Pengujian Tanah dan Pupuk","Jl. Tentara Pelajar No. 12, Kampus Pertanian Cimanggu, Bogor, Jawa Barat","Jawa Barat","(0251) 8336757","balittanah@litbang.pertanian.go.id","2029-03-19","2029-03-19","true","true","true","false","false","false","10 14 28","246","2026-04-11","Tanah, Tanaman, Air irigasi, pupuk urea, pupuk NPK, SP 36, pupuk dolomit, kapur untuk pertanian, pupuk kieserit, pupuk KCl, Pupuk triple super fosfat plus Zn, pupuk amonium sulfat, pupuk kalium sulfat, pupuk fosfat alam, pupuk triple super fosfat, pupuk kalsium nitrat, pupuk diamonium fosfat, pupuk amonium nitrat, pupuk organik, tanah, pupuk hayati, tanah dan material berbentuk powder","https://drive.google.com/drive/folders/1XfkRyKR1IMZQUYI8pe3qULlWh012IWo7?usp=drive_link","https://layanan.kan.or.id/direktori-lpk/1697/1"
"LP-847-IDN","UPTD Balai Pengawasan dan Sertifikasi Benih Tanaman Pangan dan Holtikultura Provinsi Lampung","Jl. H. Zainal Abidin Pagar Alam No. 1C Rajabasa Bandar Lampung","Lampung","(0721) 701989, 782557","lab.bpsb@gmail.com","2027-11-18","2027-11-18","true","false","false","false","false","false","","","","padi, jagung, kedelai, kacang hijau, kacang tanah, kol, cabai, tomat, terong, kubis, sawi, bayam, wortel, kacang panjang, semangka, mentimun, buncis, kangkung, pepaya, bawang, seledri","https://drive.google.com/drive/folders/19umSKUn9fS6nGmpPVe3U969GE2x69o4r?usp=drive_link",""
"LP-850-IDN","PT Arara Abadi","Jl. Raya Minas-Perawang Km. 26 Desa Pinang Sebatang Barat Kecamatan Tualang Kabupaten Siak Provinsi Riau","Riau","(0761) 9000200","robinson.panjaitan@sinarmasforestry.com","2027-09-30","2027-09-30","false","true","false","false","false","false","","","","Pupuk NPK, Pupuk Rock phospate (RP), Pupuk Urea, pupuk dolomite, Pupuk pottasium Chloride (KCl), Pupuk triple Super Phospate (TSP)","https://drive.google.com/drive/folders/1yXkCdCiq3hpbzNVjcL6ISVGnUH9yb9eM?usp=drive_link",""
"LP-851-IDN","PT Anugerah Sumbermaksmur - Laboratory Services Minamas Research Centre","Jl. Baru Bakal RT 01, RW 03, Desa Tualang Timur, Kecamatan Tualang, Kabupaten Siak, Riau","Riau","08117587111","dikdik.salahudin@simedarbayplantation.com","2027-11-18","2027-11-18","true","true","true","false","true","false","","","","Jaringan tanaman, Minyak kelapa sawit, Air limbah, Pupuk Urea, Pupuk Rock Phosphate-RP, Pupuk KCl (muriate of photash-MOP), Pupuk Kieserite, Pupuk Dolomite, Pupuk Borat (HGF-B),Pupuk Campuran (compound/mixture), NPK ,Tanah","https://drive.google.com/drive/folders/12fUj6kVfrmtgepw5B9mQ89EUcjDa7X6f?usp=drive_link",""
"LP-852-IDN","PT Kehatilab Indonesia","Jl. Swadaya 19, Rawa Mekar Jaya, Serpong, Tangerang Selatan","Banten","(021) 75879235","kehatilab@gmail.com","2027-10-31","2027-10-31","true","false","true","false","false","false","","","","Air hemodialisa/air untuk infus, air minum, air untuk keperluan higiene dan sanitasi, air kolam renang, air SPA, air permukaan, air danau, air sungai, air limbah, air laut, tanah biomassa, tanah pertanian, sedimen, sludge, dan padatan B3, udara ambien, kebauan, udara lingkungan kerja, kebisingan, getaran, emisi sumber tidak bergerak, emisi kendaraan, Air RO Hemodialisa","https://drive.google.com/drive/folders/12yRaD9uPDrOP0gTr5zIYFtfrWvEy1NLH?usp=drive_link",""
"LP-853-IDN","PT BMT Asia Indonesia","Graha BMT Asia Indonesia, Jl. Pangeran Sogiri No.61 RT/RW 01/05, Kel. Tanah Baru, Kec. Bogor Utara, Kota Bogor, Jawa Barat","Jawa Barat","(021) 8327533","bmt.laboratory@bmtindonesia.com","2029-04-23","2029-04-23","true","false","true","false","false","false","13 26 27 28 29","418","2026-05-05","Udara ambien, Kebisingan, Udara lingkungan kerja, Emisi sumber tidak bergerak, Emisi sumber Bergerak, Air limbah, air minum, air sungai, Air keperluan Hygiene sanitasi, Air laut, Padatan (tanah, sedimen, sludge (B3)) sebagai total, limbah, padatan B3","https://drive.google.com/drive/folders/134X3YFbGFhok8NFHWVPRofIKX8hhA-1A?usp=drive_link","https://layanan.kan.or.id/direktori-lpk/2050/1"
"LP-854-IDN","PT SUCOFINDO (PERSERO) - Cabang Cilegon (Multilokasi)","Lokasi 1: Jl. Jend. Ahmad Yani No. 106, Cillegon, Banten Lokasi 2: Site OLTU PT Indonesia Power UP Suralaya - Jl. Komplek PLTU Suralaya, Cilegon, Banten","Banten","(0254) 386444","nur.ahmad@sucofindo.co.id , darmawan@sucofindo.co.id","2029-06-26","2029-06-26","false","false","true","false","false","false","15 26 27 29","132","2026-04-29","Lokasi 1 : Air untuk keperluan higiene sanitasi, Air limbah, Air sungai, Udara ambien, Kebisingan, Emisi sumber tidak bergerak, Lingkungan Kerja, Batubara, Lokasi 2 : Batubara","https://drive.google.com/drive/folders/13LxiX1vpPdEQeXIcB9CvWrgVSeJik66T?usp=drive_link","https://layanan.kan.or.id/direktori-lpk/2211/1"
"LP-859-IDN","UPTD Balai Pengawasan dan Sertifikasi Perbenihan Tanaman Provinsi Jambi","Jl. Jend. Sudirman No. 28 Thehok, Jambi","Jambi","(0741) 32201","lab_bpsptjambi@yahoo.co.id","2029-03-19","2029-03-19","false","false","false","false","true","false","","","","Benih (Padi, Jagung, Kedelai)","https://drive.google.com/drive/folders/14Q45kzoV1EY3n96yhyxCmakTqt-6d1DC?usp=drive_link",""
"LP-863-IDN","Balai Penerapan Modernisasi Pertanian Sumatera Utara","Jl. Jenderal Besar Abdul Haris Nasution No. 1 B Medan, Sumatera Utara","Sumatera Utara","(061) 787 0710","laboratoriumbsipsumut@gmail.com","2029-03-19","2029-03-19","true","true","false","false","false","false","10 28","21","2026-04-30","Tanah, tanaman, pupuk organik","https://drive.google.com/drive/folders/14em3ttF7HxK9-4ObEhiqsaaVxnQzsMvt?usp=drive_link","https://layanan.kan.or.id/direktori-lpk/2169/1"
"LP-866-IDN","PT BISI International Tbk (Multilokasi)","Lokasi 1 : Jl. Raya Pare-wates Km. 9, Ds. Sumberagung, Kec. Plosoklaten, Kab. Kediri, Jawa Timur Lokasi 2 : Jl. HOS Cokroaminoto No. 72a Ds. Tulungrejo Kec Pare, Kab Kediri, Jawa Timur","Jawa Timur","(0354) 392624 (0354) 399099","taufikdiktyawibowo@gmail.com bisi.17025@bisi.co.id","2027-09-30","2027-09-30","false","false","false","false","true","false","","","","Benih Jagung, Padi, Kedelai, dan Jagung Manis, Horticulture Crops:Bayam (Amaranthus ),kubis (Brassica oleracea ),brokoli (Brassica oleracea ),pak choy (Brassica rapa ),sawi (Brassica rapa ),selada (Lactuca sativa ),cabai (Capsicum spp), terong (Solanum melongena),tomat (Solanum lycopersicon),gambas/oyong (Luffa acutangula), melon (Cucumis melo), blewah (Cucumis melo),pumpkin/labu (Cucurbita maxima),semangka (Citrulus lanatus),mentimun (Cucumis sativus), buncis (Phaseolus vulgaris),kacang panjang (Vigna unguiculata), kangkung (Ipomoea aquatica)pare/paria (Momordica charantia),okra (Abelmoschus esculentus), Benih tanaman famili Cucurbitaceae, Benih tomat, Tanaman Kentang, Tanaman tomat, Tanaman cabai, Tanaman melon, Benih tanaman Famili Cucurbitaceace, Tanaman timun, Tanaman luffa, Tanaman kacang panjang, Tanaman padi, Benih tanaman famili Cucurbitaceae dan Fabaceae","https://drive.google.com/drive/folders/15eP7AQXUwPTe941KSEu7GzOHUYVXonLi?usp=drive_link",""
"LP-867-IDN","Balai Karantina Hewan, Ikan, dan Tumbuhan Kalimantan Selatan","Jl. Mayjend Sutoyo No. 1134, Banjarmasin, Kalimantan Selatan","Kalimantan Selatan","(0511) 3353980","labbkp.bjm@gmail.com","2027-05-22","2027-05-22","false","false","true","true","false","false","","","","Serum unggas (DOC, DOD, ayam, bebek), serum darah: sapi, kerbau, kambing, bahan asal hewan (daging ayam, daging kerbau, daging sapi, daging kambing) dan hasil bahan asal hewan (sosis, nuget, baso), biji, cangkang dan bungkil kelapa sawit, buah (mangga, jambu air, jambu biji, belimbing, nangka, pepaya, pisang, pear, apel, jeruk), dan serangga, biji kedelai, tepung industri","https://drive.google.com/drive/folders/15fCHTijGKLlyQvsg01Wgl2Kq0A20VYRV?usp=drive_link",""
"LP-872-IDN","Unit Pelaksana Teknis (UPT) Laboratorium dan Pengujian Bahan Dinas Bina Marga dan Penataan Ruang Provinsi Sulawesi Tengah","Jl. Towua No. 85, Palu, Sulawesi Tengah","Sulawesi Tengah","(0451) 482206","bmuptlabsulteng@gmail.com","2029-03-19","2029-03-19","true","false","false","false","false","false","","","","Agregat kasar, Agregat halus, Beton kubus, Beton silinder, Beton, Aspal, campuran beraspal, tanah","https://drive.google.com/drive/folders/17MPXCKZaVueMWKjGT76pFxSFXs9UEAnn?usp=drive_link",""
"LP-880-IDN","PT ADM Animal Nutrition Indonesia - ADM Laboratory","Kawasan Industri MM2100, Jl. Selayar Blok A3-2, Cikarang Barat, Bekasi, Jawa Barat","Jawa Barat","(021) 89983325","id.lab_services@adm.com","2029-10-15","2029-10-15","false","false","true","false","false","false","","","","Jagung/Maize, Bungkil Kacang Kedelai (Soybean Meal/SBM), Gandum, Tepung Daging Tulang, Bungkil Kelapa, Wheat Pollard, Bungkil Inti Sawit, Tapioka, Dedak padi (Rice Brand/ RB), Pakan ayam pedaging (Broiler Feed), Premix Vitamin, Air Bersih, Premix Mineral, Pakan Ternak, Pakan Ternak Non Ruminansia","https://drive.google.com/drive/folders/19s9SpVS7Dq02RcrW1yROFajtmrEWGHvs?usp=drive_link",""
"LP-881-IDN","UPTD Laboratorium Lingkungan Dinas Lingkungan Hidup Kota Bekasi","Jl. Gurame Raya No. 1, Perumnas II, Kayuringin Jaya, Bekasi Selatan, Jawa Barat","Jawa Barat","(021) 89497830","uptd.lingkungan@gmail.com","2028-02-26","2028-02-26","false","false","true","false","false","false","","","","Air permukaan (air sungai, air danau), air bersih/air untuk keperluan higiene dan sanitasi, air limbah","https://drive.google.com/drive/folders/1AiB8CCFCgeyPiTwtQKUB65DS2WoK1sOA?usp=drive_link",""
"LP-886-IDN","PT AMMAN Mineral Nusa Tenggara","Environmental Affairs Department, Site Batu Hijau Kec. Sekongkang, Kab. Sumbawa Barat, Nusa Tenggara Barat","Nusa Tenggara Barat","(0372) 6347018","annisa.hamid@amman.co.id","2029-03-19","2029-03-19","false","false","true","false","false","false","26 27 29","75","2026-04-30","Air sungai, Air limbah, Air sumur pantau, Air bersih, Air laut, Kebisingan","https://drive.google.com/drive/folders/1B6HwKi4AfIc8f-cewxS5Plpv1I2sy8lp?usp=drive_link","https://layanan.kan.or.id/direktori-lpk/2159/1"
"LP-887-IDN","Balai Pengawas Obat dan Makanan di Manokwari","Jl. Angkasa Mulyono, Amban, Manokwari, Papua Barat","Papua Barat","(0986) 2217025-27","1. bpom.manokwari@yahoo.com 2. cexdunk@gmail.com 3. manokwari.bpom@gmail.com","2029-08-21","2029-08-21","false","false","false","true","false","false","13 31 32","36","2026-04-30","Terapetik, Obat tradisional, Kosmetika, Pangan, Mikrobiologi","https://drive.google.com/drive/folders/1B8y1RZP0bCpdJp0UPr7spVblZeNVLkYg?usp=drive_link","https://layanan.kan.or.id/direktori-lpk/2077/1"
"LP-888-IDN","PT CARSURIN Tbk Cabang Medan","Jl. Cemara No. 32, Kelurahan Pulo Brayan Darat II, Kec. Medan Timur, Kota Medan, Sumatera Utara","Sumatera Utara","(061) 42567147","labmedan@carsurin.com; andi.supriyadi@carsurin.com","2029-03-11","2029-03-11","true","false","true","false","false","false","","","","Minyak dan lemak dari nabati (Crude Palm Oil, RBD Palm Olein), Animal Feeding Stuffs (Palm Kernel Expeller), Biomass (Palm Kernel Shell), Wood Charcoal - Lump & Briquette, Coconut Shell Charcoal - Flakes & Briquette, Activated Carbon, Serbuk kratom, Fly ash & Bottom Ash (FABA), Air Limbah, Air Sungai, Air Minum, Air Bersih, Lingkungan Kerja, Udara Ambien, Kebisingan, Emisi Sumber Tidak Bergerak, Tanah","https://drive.google.com/drive/folders/1BRgkRd1dgIURRInrUKpGEevaCuCfn4E-?usp=drive_link",""
"LP-889-IDN","PT Tirta Investama - Tirta Lab","Jl. Pulo Lentut No. 3, Kawasan Industri Pulo Gadung, Jakarta Timur, DKI Jakarta","DKI Jakarta","(021) 29558000","adeline.prapaisie@danone.com","2029-04-23","2029-04-23","false","false","true","false","false","false","","0","2025-06-24","Air mineral","https://drive.google.com/drive/folders/12AHv-r374IXvjqD5_riOTjDlTtKfZJPu?usp=drive_link","https://layanan.kan.or.id/direktori-lpk/2142/1"
"LP-892-IDN","Unit Pelaksana Teknis Daerah Laboratorium Lingkungan Dinas Perumahan Rakyat Kawasan Permukiman dan Lingkungan Hidup Kabupaten Ketapang","Jl. HOS Cokroaminoto No. 1, Kec. Delta Pawan, Ketapang, Kalimantan Barat","Kalimantan Barat","(0534) 3037605","1. envilab.ketapang@gmail.com 2. lh.ketapang@gmail.com 3. alongdevy@gmail.com","2029-06-26","2029-06-26","true","false","true","false","false","false","13 26 29","56","2026-04-29","Air permukaan (air sungai, air sumur), air tanah, air limbah, air minum, air untuk keperluan higiene sanitasi","https://drive.google.com/drive/folders/1CxFB9LGWdClnjjtbyrc36ZFT4_3vhnhA?usp=drive_link","https://layanan.kan.or.id/direktori-lpk/2227/1"
"LP-894-IDN","PT Itec Solution Indonesia","Kantor Pusat: Jl. Padma Nirwana Raya No. 6 (Bogor Nirwana Residence) Mulyaharja, Bogor, Jawa Barat Laboratorium: Jl. Bogor Nirwana Raya Ruko Arcade Blok B No. 20, Kel. Mulyaharja, Bogor Selatan, Kota Bogor, Jawa Barat","Jawa Barat","(0251) 7560193","itecsolutionjkt@gmail.com","2028-02-26","2028-02-26","true","false","true","false","false","false","","","","Air untuk keperluan higiene dan sanitasi, air minum, air sungai, air danau, air limbah, air laut, udara ambien, kebisingan, udara lingkungan kerja, Emisi sumber tidak bergerak, sludge, tanah/padatan","https://drive.google.com/drive/folders/1D5QB6CxLodAwlsJ-tmc6n9oNIGYlPCBX?usp=drive_link",""
"LP-895-IDN","PT Biodiversitas Bioteknologi Indonesia","Jl. Cilubang Nagrak No. 62, Kel. Situgede, Kec. Bogor Barat, Bogor, Jawa Barat","Jawa Barat","(0251) 8423 003/8423 005","icbb.eaofficer@gmail.com","2027-11-18","2027-11-18","true","true","true","false","true","false","","","","Pupuk hayati cair, tanah, jaringan tanaman (akar, batang, daun) , pupuk organik padat, air sungai","https://drive.google.com/drive/folders/1D_sAYDrMOVq09jnythc59xQWFqHvOMUY?usp=drive_link",""
"LP-896-IDN","Balai Karantina Hewan, Ikan, dan Tumbuhan Jambi","Jl. MTQ Raya No. 1, Kota Jambi, Jambi","Jambi","(0741) 573110; 572102","bktjambi@yahoo.com; bkpjambi_smm@yahoo.com","2028-02-26","2028-02-26","true","false","false","false","false","false","","","","Serum sapi, Serum Ayam, Kentang, Pinang, kedelai, kacang tanah, nanas, pisang, specimen serangga, Ulas darah, Akar dan umbi kentang, Sarang burung walet","https://drive.google.com/drive/folders/1DNRxGjKNQSQcjtYiR3MysMlqRtIDqRfW?usp=drive_link",""
"LP-899-IDN","PT Central Alam Resources Lestari (CARL) - Laboratorium Central Plantation Services (CPS Lab)","Jl. Soekarno Hata NI. 488, Marpoyam Damai, Pekanbaru, Riau","Riau","085366088724","cps@centralgroup.co.id","2029-07-22","2029-07-22","true","true","false","false","true","false","","","","Jaringan tanaman (daun kelapa sawit dan pelepah sawit), tanah, pupuk organik, pupuk urea, pupuk ZA, pupuk RP, pupuk TSP, pupuk DAP, pupuk KCl/MOP, pupuk dolomite, pupuk KAPTAN, pupuk kieserit, pupuk NPK padat, pupuk borat, pupuk CuSO4, pupuk ZnSO4,","https://drive.google.com/drive/folders/1DzEPFKIH3-kxJcGuGNMHDME3C2ZLM91U?usp=drive_link",""
"LP-900-IDN","Balai Pelaksanaan Jalan Nasional Kalimantan Selatan","Jl. Brigjend. H. Hasan Basry No. 13, Komp. Bina Marga, Banjarmasin, Kalimantan Selatan","Kalimantan Selatan","(0511) 4423375","lab.balai7@gmail.com","2029-08-21","2029-08-21","true","false","false","false","false","false","","","","Aspal, tanah, agregat kasar, agregat halus, campuran beraspal, beton","https://drive.google.com/drive/folders/1DnxSNaCVgU6w07Wj4dg9L4nnD0YhViQC?usp=drive_link",""
"LP-901-IDN","Balai Karantina Hewan, Ikan, dan Tumbuhan Nusa Tenggara Barat","Jl. Raya Pelabuhan Lembar No. 9, Lembar, Kec. Lembar, Lombok Barat, Nusa Tenggara Barat Lokasi 1 : Jl. Raya Pelabuhan Lembar No. 9, Kabupaten Lombok Barat - Nusa Tenggara Barat Lokasi 2 : Jl. Adi Sucipto, Kel. Pejarakan Karya, Kec.Ampenan, Mataram, Nusa Tenggara Barat (Ikan) Lokasi 3 :Jl. Pelabuhan Badas No. 01, Sumbawa Besar, Nusa Tenggara Barat (Hewan dan Tumbuhan)","Nusa Tenggara Barat","(0370) 681036","karantinamataram@pertanian.go.id","2029-03-11","2029-03-11","false","false","false","true","false","false","","","","Lokasi 1: Serum darah (ayam, burung), Darah hewan ternak (sapi dan kambing), Daging dan telur ayam, Umbi kentang (Solanum tuberosum), Serangga lalat buah, Serangga hama Gudang Lokasi 2: Udang vanname, lobster, kepiting, Ikan mas, ikan koi, ikan mas koki, Ikan nila, Ikan kerapu, ikan kakap, Lobster, kepiting, Belut (Monopterus albus) Lokasi 3: Serum darah (sapi, kerbau), Darah hewan ternak (sapi, kerbau, kuda dan kambing), Serangga lalat buah","https://drive.google.com/drive/folders/1FhKPPxsmG5YW59_XY2BYrs-5vz12-ZHZ?usp=drive_link",""
"LP-902-IDN","PT Aneka Coffee Industry","Jl. Raya Trosobo Km.23, Kec. Taman, Kab. Sidoarjo, Jawa Timur","Jawa Timur","(031) 8971073, 8971064","lab@anekacoffee.com","2027-10-16","2027-10-16","false","false","true","true","false","false","","","","Kopi biji, Biji kakao, krimer nabati bubuk, Kopi Gongseng, kakao bubuk, Kakao massa, Lemak kakao, Pasta coklat, gula kristal rafinasi, gula kristal putih, Gula Palma, Gula merah tebu, garam konsumsi beryodium, Lada putih, Kopi instan, kopi bubuk, ekstrak liquid kopi, kopi gula susu dalam kemasan, kopi gula krimer dalam kemasan, kopi+gula, minuman kopi dalam kemasan, kopi celup, Kopi premiks, Kopi Mix, Kopi sangrai dan kopi bubuk, teh hitam, teh hijau, Teh hijau bubuk, teh wangi, teh hitam celup, Teh kering dalam kemasan, Teh Instan, Minuman teh dalam kemasan, Minuman serbuk berperisa, Serbuk minuman tradisional, Biskuit, Keripik kentang, air mineral alami, air bersih, AMDK (air mineral), AMDK (air demineral), lada putih, krimer nabati bubuk, minyak goreng, minyak goreng sawit, minyak kelapa mentah, bubuk minuman berbasis kakao, madu, lada bubuk, serbuk minuman tradisional, air minum pH tinggi, air bersih","https://drive.google.com/drive/folders/1FivD4BfD1saEDoaV7EyTiFgIbyzKT6K1?usp=drive_link",""
"LP-905-IDN","PT Socfin Indonesia","Jl. Dolok Masihul - Tebing Tinggi, Desa Martebing Kab. Serdang Bedagai","Sumatera Utara","(061) 6616066","head_office@socfindo.co.id; siska@socfindo.co.id; indras@socfindo.co.id; lab_analitik@socfindo.co.id","2029-11-18","2029-11-18","true","true","true","false","true","false","","","","Jaringan tanaman, tanah, pupuk (urea, dolomit, kiserite, KCl, TSP, RP), air limbah, air permukaan, air bersih","https://drive.google.com/drive/folders/1FqbwDQlCQb7fAcGKMal98z2QhUTM-9WK?usp=drive_link",""
"LP-906-IDN","Unit Pelaksana Teknis Daerah Laboratorium Lingkungan Dinas Lingkungan Hidup dan Kehutanan Provinsi Bengkulu","Komplek Kantor Gubenur Bengkulu, Jl. Pembangunan No.1, Padang Harapan, Bengkulu","Bengkulu","(0736) 24450","lablingkungan_provbkl@yahoo.co.id","2029-06-26","2029-06-26","true","false","true","false","false","false","","","","Air sungai, Air danau, Air tanah, Air limbah","https://drive.google.com/drive/folders/1GPbfazn11N2ZrC90BG8O4DD5YtkcBg-8?usp=drive_link",""
"LP-911-IDN","UPT Laboratorium Badan Lingkungan Hidup Kabupaten Sumenep","Jl. KH. Mansyur No 25, Sumenep, Jawa Timur","Jawa Timur","(0328) 662779","blhsumenep@gmail.com","2029-04-23","2029-04-23","false","false","true","false","false","false","","","","Air Limbah, Air Minum, Air Sungai dan Air Danau, Air untuk Keperluan Higiene dan Sanitasi, Udara Ambien","https://drive.google.com/drive/folders/1GpPHI2oMGX7KXm17hkXbZOog-Fgd-uHt?usp=drive_link",""
"LP-912-IDN","Laboratorium Pengujian Terpadu - Universitas Pembangunan Nasional ""Veteran"" Jawa Timur","Jl. Raya Rungkut Madya, Gunung Anyar, Surabaya - Jawa Timur","Jawa Timur","(031) 8708286","lptupnjatim@gmail.com","2029-06-08","2029-06-08","true","true","true","true","true","false","","","","Tanah, pupuk organik, daun, aneka tepung serealia, kacang-kacangan dan umbi-umbian, air limbah","https://drive.google.com/drive/folders/1HAUSEKU5Yw0TjJo-7INMyrJari28Vwum?usp=drive_link",""
"LP-914-IDN","Laboratorium Uji Departemen Teknik Sipil - Universitas Indonesia","Fakultas Teknik Universitas Indonesia - Kampus Baru UI Depok, Jawa Barat","Jawa Barat","(021) 7866594","laboratoriumuji.dtsftui@gmail.com","2029-08-21","2029-08-21","true","false","true","false","false","false","","","","Beton, Baja Tulangan Beton , Tanah , Mortar , Agregat Kasar , Agregat Kasar dan Halus , Agregat Halus, Air Higiene Sanitasi , Air Sungai","https://drive.google.com/drive/folders/1HgQV4dpvsuJc3L3L-EKUTbko14kBQX4m?usp=drive_link",""
"LP-921-IDN","Unit Pelaksana Teknis Daerah (UPTD) Laboratorium Lingkungan Dinas Lingkungan Hidup Kota Padang","Jl. By Pass Km 15, Palarik, Air Pacah, Koto Tangah, Padang, Sumatera Barat","Sumatera Barat","08126748536","labor_bpdlpdg@yahoo.com","2029-09-01","2029-09-01","false","false","true","false","false","false","13 26","70","2026-04-29","Air permukaan (air sungai, air danau, air kolam, air drainase), air limbah, air bersih (air sumur, air PDAM), air minum","https://drive.google.com/drive/folders/1IFsPRD3I6DJ6y7ghVGjCqeF_Wxs1pZ9Z?usp=drive_link","https://layanan.kan.or.id/direktori-lpk/2318/1"
"LP-936-IDN","Balai Penerapan Modernisasi Pertanian Jawa Tengah","Jl. BPTP No. 40 Sidomulyo, Ungaran, Kabupaten Semarang, Jawa Tengah","Jawa Tengah","(024) 6924965","bptpjtg@indosat.net.id; labbptpjtg@gmail.com","2029-10-03","2029-10-03","true","true","false","false","true","false","","","","Tanah, pupuk NPK, pupuk organik padat, pupuk organik cair, pakan ternak & bahan dasar pakan, jaringan tanaman","https://drive.google.com/drive/folders/1M8rB7J5-uAi0lPudKRCaVEEQXmJrlctQ?usp=drive_link",""
"LP-944-IDN","Balai Teknik Rawa","Jl. Gatot Subroto No. 6 RT. 34, Banjarmasin","Kalimantan Selatan","(0511) 3256623","laboratoriumrawa@gmail.com","2029-10-20","2029-10-20","true","false","true","false","false","false","","","","Air rawa, air sungai, limbah, tanah","https://drive.google.com/drive/folders/1NDY_oA-2EqnByEUonubofqN50QpUAcpk?usp=drive_link",""
"LP-950-IDN","Balai Karantina Hewan, Ikan, dan Tumbuhan Lampung","Jl. Soekarno Hatta Km. 20, Way Laga, Bandar Lampung, Lampung","Lampung","(0721) 31305","karantinapertanianlampung@gmail.com","2029-12-16","2029-12-16","false","false","false","true","false","false","10 11 12 13","31","2026-04-29","Serum sapi, kedelai biji, soybean meal, palm kernel expeller, corn gluten meal, soybean meal, distiller dried grain, wheat flour, coklat biji, kopi biji, jagung biji, beras pecah, beras ketan, pinang biji, lada biji, wheat flour","https://drive.google.com/drive/folders/1OaP4tuw7mqzKoDc4Ed-nU-EmDU0YJI6n?usp=drive_link","https://layanan.kan.or.id/direktori-lpk/2556/1"
"LP-951-IDN","Laboratorium Uji Lingkungan PT Krakatau Steel (Persero) Tbk","Jl. Akasia, Komplek Pbarik PT Krakatau Steel (Persero), Tbk Cilegon","Banten","(0254) 371310; 371826","lablingkungan.ptks@gmail.com; nia.kurniadi@krakatausteel.com","2029-12-16","2029-12-16","false","false","true","false","false","false","","","","Air limbah, lingkungan kerja","https://drive.google.com/drive/folders/1OTAr-U2uoNItmE5WsFCuz1PsE1pc4r1h?usp=drive_link",""
"LP-953-IDN","Balai Karantina Hewan, Ikan, dan Tumbuhan Nangroe Aceh Darussalam","Jl. T. Nyak Arief No. 34. Peurada, Kotak Pos 36 Banda Aceh, Nangroe Aceh Darussalam","Aceh","(0651) 7552454","skp_bandaaceh@yahoo.com","2029-12-16","2029-12-16","false","false","true","true","false","false","","","","Serum unggas (ayam), beras, serum (sapi/kambing), kopi biji, Beras, Ikan air tawar (Ikan mas), Ikan air tawar (Ikan lele), Ikan air laut (Ikan kerapu), Ikan air tawar (Ikan mas), Ikan air laut (Ikan kerapu dan Ikan kakap), Crustacea (Udang windu, Udang vannamei, Lobster, Kepiting), Crustacea (Udang windu, Udang vannamei), Lobster laut (Kepiting), Crustacea (Udang galah)","https://drive.google.com/drive/folders/1OJBGE4oMP9R989iDwLhu6-PAQ4QPXhMy?usp=drive_link",""
"LP-954-IDN","Unit Pelaksana Teknis (UPT) Laboratorium Lingkungan Dinas Lingkungan Hidup Kabupaten Belitung","Jl. Anwar No. 2, Tanjung Pandan, Kab. Belitung, Kep. Bangka Belitung","Kepulauan Bangka Belitung","(0719) 25243","uptlablingbelitung@gmail.com","2029-12-16","2029-12-16","false","false","true","false","false","false","","","","Air sungai, air danau, air untuk keperluan hygiene dan sanitasi, air limbah, kebisingan, udara ambien, udara emisi sumber tidak bergerak","https://drive.google.com/drive/folders/1OT4Pg89F_XiSrsSwOtj9aBAof7oF1m-y?usp=drive_link",""
"LP-956-IDN","UPT Laboratorium Lingkungan Dinas Lingkungan Hidup dan Perhubungan Kabupaten Hulu Sungai Tengah","Jl. Perintis Kemerdekaan Batali Raya, Desa Benawa Tengah, Kec. Barabai, Kab. Hulu Sungai Tengah 71351","Kalimantan Selatan","(0517) 44239","lablingkunganhst@yahoo.com","2029-12-29","2029-12-29","false","false","true","false","false","false","","","","Air permukaan dan air limbah","https://drive.google.com/drive/folders/1PQETkxd4Li0XRMiJhSkP61qr3K-lqB8A?usp=drive_link",""
"LP-958-IDN","PT Krakatau Posco - Laboratorium Uji Mekanik dan Kimia","Jl. Afrika No. 2, Kawasan Industri Krakatau Cilegon, Samangraya, Citangkil, Cilegon, Banten","Banten","(0254) 369700","websupport@krakatauposco.co.id febrian.bp@krakatauposco.co.id","2029-12-28","2029-12-28","false","false","true","true","false","false","","","","Mineral (Bijih Besi, Batu Kapur), Air Limbah, Air non lingkungan dan non pangan lainnya, Produk Lembaran (Baja Karbon), Besi Cor, Batubara","https://drive.google.com/drive/folders/1QF0zwQykhTCcw_E5K9XoZqrYtGNAeWoi?usp=drive_link",""
"LP-960-IDN","Unit Pelaksana Teknis Daerah (UPTD) Laboratorium Lingkungan Dinas Lingkungan Hidup Kabupaten Cilacap","Jl. Bromo Timur No. 12, Cilacap Selatan, Cilacap","Jawa Tengah","(0282) 521184","yuniati_erlina@yahoo.com lablingcilacap2@gmail.com","2029-12-29","2029-12-29","true","false","true","false","false","false","","","","Air sungai, air danau, air waduk, air limbah, air tanah,","https://drive.google.com/drive/folders/1QnDx3sQymh9kLUVe6nUf2ZZYmyQanUVB?usp=drive_link",""
"LP-961-IDN","PT Smart Tbk (Global R&D)","Komplek Pergudangan Marunda Center Blok D No. 1, Segara Makmur, Tarumajaya, Bekasi, Jawa Barat","Jawa Barat","(021) 88991121","tri.nurhidayah@sinarmas-agribusiness.com","2029-12-29","2029-12-29","false","false","true","false","false","false","","","","Crude and refined edible oil and fat, cooking oil, shortening/specially fat, margarine/butter, CPO, refined edible oil and fat, soybean oil, olive oil, cocoa butter, water, bread/cake/DBPO, RBDPO","https://drive.google.com/drive/folders/1QguMwvt8sX5iZojzeT0HZzVmrIutlkDZ?usp=drive_link",""
"LP-966-IDN","PT Mutuagung Lestari Tbk Cabang Pangkalan Bun","Jl. Topar RT 20, Desa Pasir Panjang, Kec. Arut Selatan, Pangkalan Bun, Kalimantan Tengah","Kalimantan Tengah","(021) 8740202","qa@mutucertification.com","2030-01-31","2030-01-31","true","false","true","false","false","false","","","","Air limbah, air sungai, air danau, air waduk, air untuk keperluan higiene sanitasi, air tanah (sumur pantau), udara ambien, kebisingan, udara emisi sumber tidak bergerak, lingkungan kerja, udara emisi sumber bergerak","https://drive.google.com/drive/folders/1Rr6UWqKt77W24848juQUEcjJG7xnTQx9?usp=drive_link",""
"LP-968-IDN","Balai Karantina Hewan, Ikan, dan Tumbuhan Daerah Istimewa Yogyakarta","Jl. Laksda Adisucipto Km 8, Maguwoharjo, Depok, Sleman, DI Yogyakarta","DI Yogyakarta","(0274) 488856","admin@karantinayogya.com","2030-01-18","2030-01-18","false","false","false","true","true","false","10 11 12 13","25","2026-06-25","Daging dan olahannya (bakso, nugget, ayam olahan, bebek olahan), susu pasteurisasi, lalat buah, bagian tanaman bergejala (akar, batang, daun, bunga, dan buah : tomat, cabe, terong) serum darah unggas (ayam), serum darah (anjing & kucing)","https://drive.google.com/drive/folders/1SfnZjhBghK-Iyrb2LhHcz36z4uvxv05_?usp=drive_link","https://layanan.kan.or.id/direktori-lpk/2524/1"
"LP-972-IDN","UPTD Laboratorium Lingkungan Hidup Dinas Lingkungan Hidup Kabupaten Tuban","Jl. Veteran No. 27, Kab. Tuban, Jawa Timur","Jawa Timur","(0356) 321026","lab.blhtuban@gmail.com","2030-02-16","2030-02-16","false","false","true","false","false","false","27","97","2026-06-25","Mata air, air sungai, air waduk, air untuk keperluan higiene dan sanitasi, air limbah, Udara Ambien, Kebisingan dan Getaran","https://drive.google.com/drive/folders/1SvF5tMcNI956w3LTp3bsEv1ItGLNt7Kf?usp=drive_link","https://layanan.kan.or.id/direktori-lpk/8424/1"
"LP-974-IDN","Fakultas Pertanian Institut Pertanian Bogor (IPB), Departemen Agronomi dan Hortikultura","Jl. Meranti, Wing 9/level 4, Kampus IPB Darmaga, Kab. Bogor","Jawa Barat","(0251) 8629353","labuji.dagh@gmail.com","2030-02-16","2030-02-16","true","true","false","false","false","false","","","","Pupuk urea, pupuk SP36, pupuk KCl, pupuk NPK padat, pupuk anorganik hara makro campuran, tanah, logam pada tanaman","https://drive.google.com/drive/folders/1UHwYtl9P7A5CLxmoYmRg-PUAwOA41H0o?usp=drive_link",""
"LP-976-IDN","Unit Pelaksana Teknis Dinas (UPTD) Laboratorium Lingkungan Dinas Lingkungan Hidup Kabupaten Banyuwangi","Jl. Wijaya Kusuma No. 102, Banyuwangi, Jawa Timur","Jawa Timur","(0333) 428833","lablingblhbwi@gmail.com","2030-02-16","2030-02-16","true","false","true","false","false","false","26 27 28 29","165","2026-04-24","Air limbah, air sungai, air sumur, air danau, air muara, air rawa, air akuifer, air situ, air mata air, air waduk, air tanah, air untuk keperluan higiene sanitasi, air kolam renang, air solus per aqua, air pemandian umum, air minum, air laut, Limbah B3 (Padat, Semi Padat, Sedimen, Slurry, Sludge, Tanah), Udara Ambien, Lingkungan Kerja, Kebisingan","https://drive.google.com/drive/folders/1UGCr8qITudMcO38HlvMFs5r9X2GpRVe1?usp=drive_link","https://layanan.kan.or.id/direktori-lpk/2461/1"
"LP-978-IDN","PT Mutuagung Lestari Pekanbaru","Jl. Arifin Ahmad No. 109B, Kel. Sidomulyo Timur, kec. Marpoyan Damaai, Pekanbaru - Riau","Riau","(0761) 565420","qa@mutucertification.com","2030-04-19","2030-04-19","true","false","true","false","false","false","","","","Air sungai, air limbah,air tanah (sumur pantau) air untuk keperluan higiene sanitasi, air minum, udara ambien, udara emisi sumber tak bergerak, lingkungan kerja","https://drive.google.com/drive/folders/1ULBK0rZCPKs6u8lFsLdGDOWbWbf_ooIT?usp=drive_link",""
"LP-980-IDN","Balai Karantina Hewan, Ikan, dan Tumbuhan Kepulauan Bangka Belitung","Jl. Yos Sudarso No. 133, Lontong Pancur, Pangkal Balam, Pangkalpinang, Kepulauan Bangka Belitung","Kepulauan Bangka Belitung","(0717) 434799","bkppangkalpinang@yahoo.com","2030-03-15","2030-03-15","false","false","false","true","false","false","","","","Serum (sapi, kerbau, kambing), bahan asal hewan (daging beku, daging segar, sarang burung walet), serum darah (sapi, kerbau), beras, dedak, terigu, tapioka, kedelai, jagung biji, kopra, cangkang sawit, bungkil sawit, nanas, bijikedelai, pisang kepok","https://drive.google.com/drive/folders/1VKwcZOEKQxfok6CASbydI-xWNx1WVUvr?usp=drive_link",""
"LP-982-IDN","Balai Penerapan Modernisasi Pertanian Jawa Barat","Jl. Kayu Ambon No. 80, Lembang, Jawa Barat","Jawa Barat","(022) 2786238","bptp-jabar@litbang.pertanian.go.id; heru1225@gmail.com","2030-03-15","2030-03-15","false","false","false","true","true","false","","","","Benih tanaman pangan (padi, kedelai), Beras","https://drive.google.com/drive/folders/1WITqMk31R7d_M_Qmnv79h4wMCNM9GZCq?usp=drive_link",""
"LP-983-IDN","Balai Pelaksanaan Jalan Nasional Sumatera Barat","Jl. Jati No. 109, Padang Utara, Kota Padang, Sumatera Barat","Sumatera Barat","(0751) 8952360","yuristian.muas@gmail.com ; lab.balaipadang@gmail.com","2030-03-15","2030-03-15","true","false","false","false","false","false","23","15","","Agregat, tanah, beton, aspal, campuran beraspal","https://drive.google.com/drive/folders/1WcJhrgE_eQVFNHe-g1U7REKSiXdnfGnI?usp=drive_link","https://layanan.kan.or.id/direktori-lpk/2812/1"
"LP-985-IDN","Unit Pelaksana Teknis Daerah (UPTD) Laboratorium Kesehatan Kota Mojokerto","Jl. Benteng Pancasila RT 002 / RW 004, Keluruhan Balongsari Kecamatan Magersari, Kota Mojokerto","Jawa Timur","(0321) 5218009","labkesdamojokerto@yahoo.co.id","2030-04-19","2030-04-19","false","false","true","false","false","false","","","","Air untuk Keperluan Higiene dan Sanitasi, Air Minum, Air Limbah, Air Sungai, Air Hemodialisa, Udara dalam Ruang, Usap Alat Makan, Alat Minum, Alat Masak, Lantai, Dinding, Linen, Alkes, AC","https://drive.google.com/drive/folders/1Ww9rTFcwcHC_qwACe12RcAYH5kyg6L5v?usp=drive_link",""
"LP-987-IDN","Balai Penyelidikan dan Pengembangan Teknologi Kebencanaan Geologi","Jl. Cendana No. 15, Yogyakarta 55166","DI Yogyakarta","(0274) 514192","hanikhumaida@gmail.com","2030-04-19","2030-04-19","true","false","true","false","false","false","","","","Air tanah, air mata air, air kawah, air danau, batuan","https://drive.google.com/drive/folders/1X8vkDhJqbWLxTkdpnpvHPD3QFsgCNjLo?usp=drive_link",""
"LP-998-IDN","Balai Perakitan dan Pengujian Tanaman Palma","Jl. Raya Mapanget, Manado, Sulawesi Utara","Sulawesi Utara","(0431) 812430","balitka05@yahoo.com","2030-04-19","2030-04-19","true","false","false","false","false","false","","","","Tanaman, tanah","https://drive.google.com/drive/folders/1ZPwQ56nbUu0E3XaZ6b2sX3frB5PMgpUD?usp=drive_link",""
"LP-999-IDN","Balai Laboratorium Kesehatan dan Pengujian Alat Kesehatan Jawa Tengah","Jl. Soekarno Hatta No. 185, Semarang","Jawa Tengah","(024) 6710662","labkes_jateng@yahoo.co.id","2030-04-28","2030-04-28","true","false","true","false","false","false","","","","Air untuk keperluan higiene dan sanitasi, air minum, air limbah, air sungai, air tanah, air danau","https://drive.google.com/drive/folders/1Zp5C1zIX3W9Je2enSz72Qqo7Wqf63PAa?usp=sharing",""
"LP-1004-IDN","UPTD Laboratorium Lingkungan Dinas Lingkungan Hidup Kabupaten Magelang","Jl. Letnan Tukiyat No. 4A, Kota Mungkid, Magelang","Jawa Tengah","(0293) 3301855","uptlabling.kabmagelang@gmail.com","2030-05-17","2030-05-17","false","false","true","false","false","false","","","","Air permukaan (air sungai), air limbah","https://drive.google.com/drive/folders/1ijORU58RuLB5XPT-jAsBxBsr8vJFJL2x?usp=drive_link",""
"LP-1006-IDN","Balai Laboratorium Lingkungan Dinas Lingkungan Hidup dan Kehutanan Daerah Istimewa Yogyakarta","Jl. Wiyoro Lor No. 21, Kel. Baturetno, Kec. Banguntapan, Kab. Bantul, Daerah Istimewa Yogyakarta","DI Yogyakarta","(0274) 2841535","lablingk.diy@gmail.com","2030-05-17","2030-05-17","false","false","true","false","false","false","","","","Air sungai, air waduk/telaga, air untuk keperluan higienis dan sanitasi, air limbah","https://drive.google.com/drive/folders/1ik9LEMRYC-IMNeT6sVDV6bHKfz9rtGp6?usp=drive_link",""
"LP-1011-IDN","Unit Pelaksana Teknis Daerah (UPTD) Laboratorium Lingkungan Dinas Lingkungan Hidup Kabupaten Lebak","Jl. Langlang Buana (Pasir Ona) No. 2, Rangkasbitung, Kabupaten Lebak, Provinsi Banten","Banten","(0252) 5559810","lablhlebak@yahoo.com","2030-06-21","2030-06-21","false","false","true","false","false","false","","","","Air Sungai/Air Danau/Air Rawa, Air Limbah, Air untuk Keperluan Higiene Sanitasi, Air Minum, Udara Ambien, Kebisingan","https://drive.google.com/drive/folders/1jLWtAmDRaS19YTgSG44OwMdV9yUtrlC4?usp=drive_link",""
"LP-1012-IDN","Unit Pelaksana Teknis (UPT) Laboratorium Kesehatan Kota Magelang","Jl. Jeruk No. 1A, Magelang, Jawa Tengah","Jawa Tengah","(0293) 314587","labkeskotamagelang@gmail.com","2030-06-21","2030-06-21","false","false","true","false","false","false","","","","Air minum, air reverse osmosis, air hemodialisa, Air untuk keperluan Higiene dan Sanitasi, Air kolam renang, Air limbah, Air sungai, Udara Lingkungan kerja, swab Lantai, dinding, alat makan, alat medis, linen, makanan siap saji","https://drive.google.com/drive/folders/1jZ66jk2UhBgYG5CUkgAZ3cV6q0NvQT_p?usp=drive_link",""
"LP-1014-IDN","Laboratorium Energi dan Lingkungan - Direktorat Riset dan Pengabdian Masyarakat (DRPM) Institut Teknologi Sepuluh November (ITS)","Jl. Teknik Kimia, Gedung Pusat Robotika Lt.2, Kampus ITS Sukolilo - Surabaya","Jawa Timur","(031) 58259483","lab.energi.lingkungan.its@gmail.com","2030-06-21","2030-06-21","false","false","true","false","false","false","","","","Air danau, air sungai, air limbah, air untuk keperluan hygiene sanitasi, batubara","https://drive.google.com/drive/folders/1jpbqB9F1kOHYTbno9KcOTtIfn5LUSYqd?usp=drive_link",""
"LP-1015-IDN","Balai Karantina Hewan, Ikan, dan Tumbuhan Bengkulu","Jl. Depati Payung Negara Km. 14 No. 4, Kel. Pekan Sabtu, Kec. Selebar, Kota Bengkulu, Bengkulu","Bengkulu","(0736) 52045","skp1bkl@gmail.com","2030-06-21","2030-06-21","false","false","false","true","false","false","","","","Serum Darah Unggas (Ayam dan Bebek), Serum Darah Ruminansia (Sapi, Kerbau, Kambing, dan Domba), Ikan Mas, Ikan Nila, Udang Vannamei, Udang Windu, Lobster, Udang Windu, Vannamei dan Udang Kelong, Nila, Mas, Gurame, Lele, Sidat, Patin dan Jenis Ikan Cyprinid Lainnya, Lele, Patin, Mas, Sidat, Ekor Kuning dan Cat Fish lainnya, Umbi Kentang (Solanum tuberosum) , Pisang (Musa Xparadisiaca), Jeruk (Citrus sp), Pepaya (Carica papaya), Kopi (Coffea spp) ,Beras, Tepung Beras,Tepung Terigu, Jagung (Zea mays)","https://drive.google.com/drive/folders/1jzPIUtWEKN7xZETya-Exy78EQwfTeJa_?usp=drive_link",""
"LP-1018-IDN","Balai Besar Karantina Hewan, Ikan, dan Tumbuhan Papua","Jl. Otonom Nomor 09, Wahno, Kotaraja, Abepura, Kota Jayapura, Papua","Papua","(0967) 5186897, 8518709","karantinapapua@karantinaindonesia.go.id","2030-06-30","2030-06-30","false","false","true","true","true","false","10 11 12 13","29","2026-04-10","Serum darah sapi, daging dan telur konsumsi, beras (biji dalam penyimpanan), benih dan bagian tanaman, serum darah unggas, swab trachea/kloaka unggas, kedelai (biji, bunga, polong, daun kedelai), Ikan Air Tawar, Crustacea, Serum darah ayam, day old chick (DOC), serum darah day old duck (DOD), Bahan asal hewan, Hasil Bahan asal hewan, Tanaman hortikultura","https://drive.google.com/drive/folders/1kVKqIgrgEm9EtQ5URvdEr_Ya1uLWv43L?usp=drive_link","https://layanan.kan.or.id/direktori-lpk/1232/1"
"LP-1021-IDN","PT Sucofindo (Persero) Laboratorium Cabang Cirebon","Jl. Dr. Sudarsono No. 46, Kota Cirebon, Jawa Barat","Jawa Barat","(0231) 242284","neneng.mr@sucofindo.co.id","2030-06-30","2030-06-30","false","false","true","false","false","false","","","","Air limbah, air sungai, air untuk keperluan higiene sanitasi, udara ambien, kebisingan lingkungan, udara emisi sumber tidak bergerak, udara lingkungan kerja, Industrial Hygiene dan Indoor Air Quality","https://drive.google.com/drive/folders/1kvQyOoQ5Yb_kZvVOvuapQbUqbx67u1Yi?usp=drive_link",""
"LP-1025-IDN","Laboratorium Lingkungan Dinas Lingkungan Hidup Kabupaten Sukoharjo","Jl. Tentara Pelajar, Jombor, Bendosari, Sukoharjo","Jawa Tengah","(0271) 591613","lab_blh_sukoharjo@yahoo.co.id","2030-07-27","2030-07-27","true","false","true","false","false","false","","","","Air limbah (domestik), air sungai, air waduk, air sumur, air bersih/tanah","https://drive.google.com/drive/folders/1lF5zmYXHkrh5M3tfy_wXZtmEF_eI_VcB?usp=drive_link",""
"LP-1030-IDN","Balai Karantina Hewan, Ikan, dan Tumbuhan Sulawesi Barat","Jl. H. Abdul Malik Pattana Endeng KM. 01, Mamuju, Sulawesi Barat","Sulawesi Barat","(0426) 2321867","labskpmamuju@gmail.com","2030-08-23","2030-08-23","false","false","false","true","false","false","","","","Serum darah sapi, serum darah kambing,, ulas darah (sapi, kambing, domba, kerbau, kuda) buah pisang, spesimen serangga (lalat buah), serum darah kambing","https://drive.google.com/drive/folders/1mBwjRNGx1RS39h1RlL-bzDRuaeuJykKR?usp=drive_link",""
"LP-1032-IDN","Balai Karantina Hewan, Ikan, dan Tumbuhan Kepulauan Riau","Jl. M. Nahar No. 01, Batam Centre, Batam, Kepulauan Riau","Kepulauan Riau","(0778) 470323, 470324","bkpbtm@yahoo.co.id","2030-08-23","2030-08-23","true","false","true","true","false","false","","","","Tembakau (Nicotina tabacum), Biji coklat (Theobromoa cacao), kedelai (Glycine max ), Buah-buahan (belimbing, pepaya, mangga, alpukat,cabai merah, sawo, pisang, stroberi, dan durian), Kacang tanah, Bawang merah, Bawang Putih, Bawang Bombay, serum darah (ayam, Sapi, kambing), swab kloaka dan trachea (ayam, burung), daging, telur dan susu serta hasil olahannya, Sarang burung walet, Darah, serum, jaringan, pakan dan organ babi, Darah sapi, kambing, dan unggas, Cyprinidae, Anguillidae, Ikan sebelah, Ikan Nila, Koki, Gurame, Ikan Mas, Kerapu lumpur, Perut Ikan, Salmon, Ikan lele, gold fish, belanak, patin, Bawal, Ikan air laut, Kakap, Kerapu, Cupang, Makarel, Mata Besar, ikan hias air tawar (koi, koki, komet), Bawal bintang, Nila, Guppy, Bandeng, Betutu, Udang, kepiting, lobster, rajungan, Udang windu, udang vannamei, Pumpun, Refined Bleached Deodorizaed Palm Stearin ( RBDP Stearin).","https://drive.google.com/drive/folders/1mNQUFfjScJSr4BQmmcQSNAl5gQxpuWy2?usp=drive_link",""
"LP-1037-IDN","PT Vertex Global Indonesia","Pergudangan Bandara Benda Permai Blok G10 Dadap, Tangerang","Banten","(021) 29215868","miftaradhya@vertexglobal.co.id","2030-09-04","2030-09-04","false","false","true","false","false","false","","","","Peralatan Rumah Tangga, Setrika Listrik, Peralatan dapur, Pemanas cairan, Mesin cuci, Grills, toaster and similar cooking appliances, Refrigrating appliances, ice making appliances and ice maker, Pompa bahang listrik, penyaman udara dan penurun lembab, Pendingin komersial dengan unit refrigeran atau kompresor tergabung atau terpisah, Pompa, Kipas angin, Vacuum cleaner, Microwave oven, Peranti perawatan kulit dan rambut, Alat cukur, potong rambut dan sejenisnya, Insect Killer, Pemanas rendam portable, Peralatan pembersih udara, Pelembab udara, Piranti Pijat Listrik, Mesin pembersih lantai dan mesin penggosok basah, Alat pengering putar, Pengering guling, Plat penghangat dan peranti sejenis, Penggorengan minyak -dalam, panci goreng dan piranti sejenis, Pemanas air tandon, Peralatan pendingin, peralatan es krim dan pembuat es, Mesin jahit, Pengering pakaian dan gantungan handuk, Perkakas pemanas portabel dan peranti sejenis, Kompor pemasak stasioner, tungku lempengan, oven dan peranti sejenis, Kompor induksi dan element magun, Mesin dapur listrik komersial, Perawatan lantai dan mesin pembersih lantai untuk penggunaan industri dan komersial, Pembersih semprotan untuk penggunaan industri dan komersial, Pembersihan vakum kering dan vakum basah, termasuk sikat bertenaga, untuk penggunaan industri dan komersial, Pemanas benam magun, Peranti dispenser dan mesin penjaja untuk komersial, Alat pelembab udara yang digunakan dengan sistem pemanasan, ventilasi atau pendingin udara, Oven gelombang mikro komersial, Pengisi baterai/Baterry charger, Rokok elektrik/Vape, Air purifier, Humidifier/difusser, Dehumidifier, Pengisap asap kompor dan pemasak lain, Pemanas air sesaat, Routers dan trimmers , Obeng dan kunci pas sentak (impact wrench), Ampelas dan pemoles selain jenis cakram, Bor Listrik, Gerinda Listrik, Mesin Serut, Gergaji Listrik, Elektrik - Toys, Aki kendaraan bermotor roda empat atau lebih, Aki kendaraan bermotor kategori L, Penanak nasi, Luminer, Luminer kegunaan magun umum, Luminer tanam, Luminer Pencahayaann Jalan Umum, Luminer kegunaan umum portabel, Luminer lampu sorot, Luminer lampu tidur, luminer rantai cahaya, Lampu Swa-balast untuk pelayanan pencahayaan umum - Persyaratan keselamatan, Lampu LED swa-balast untuk layanan penerangan umum dengan tegangan suplai > 50 V - Spesifikasi keselamatan, Lampu Swa-balast untuk pelayanan pencahayaan umum - Persyaratan unjuk kerja, Lampu LED swa-balast untuk layanan penerangan umum dengan tegangan suplai > 50 V - Persyaratan kinerja, SKEM Lampu LED, Encloure, Modul LED untuk penerangan umum - Persyaratan kinerja, SKEM LED Luminer, Fiting Arus Bolak-Balik, Lampu fluoresen dengan kaki lampu ganda - Spesifikasi keselamatan, Audio Video (Pesawat TV, Speaker Aktif, Disc Player DVD/Blu-Ray, Tape mobil, Set top box, Kabel Fleksibel, Tusuk Kontak dan Kotak Kontak ubtuk keperluan rumah tangga, Sakelar, SKEM TV, Mainan anak, Pakaian Bayi, Tekstil (Karpet/Alas Lantai), Handuk, Seprai, Sarung Bantal/Sarung Guling, Bed Cover, Sarung Tangan, Selimut, Alas kaki, Eraser/Penghapus, Alat Pewarna (Crayon), Ubin Keramik, Kloset Duduk, Tableware, Tangki Air, Cookware, Flatware, Bata beton (Paving Block), Spesifikasi beton aerasi autoklaf, Kompor gas LPG dan LNG/NG tekanan rendah untuk rumah tangga, Kompor gas LPG dan LNG/NG untuk komersial, Kompor gas portabel berbahan bakar gas butana tabung kaleng","https://drive.google.com/drive/folders/1mtvqb4EBC_bNceaJgvGthOerFHRy84BN?usp=drive_link",""
"LP-1038-IDN","UPTD Laboratorium Lingkungan Dinas Lingkungan Hidup Kota Prabumulih","Jl. Nigata, Kel. Cambai, Kec. Cambai, Kota Prabumulih","Sumatera Selatan","081278829404","lablingk_prabumulih@yahoo.co.id","2030-09-20","2030-09-20","false","false","true","false","false","false","","","","Air Sungai, Air Danau, Air Air Akuifer (Sumur Gali dan Sumur Bor, Sumur Observasi/Sumur Pantau dan Sumur Produksi), Air Limbah, Air Higiene Sanitasi.","https://drive.google.com/drive/folders/1nAfk0_nAiz6GjMgeG3rt78BTcv6UgFRa?usp=drive_link",""
"LP-1040-IDN","Laboratorium Pengkajian Pangan, Obat-obatan dan Kosmetika Majelis Ulama Indonesia","Gedung Global Halal Centre, Jl. Pemuda No. 5, Bogor","Jawa Barat","(0251) 8358748","labhalallppommui@gmail.com ; labhalal@halalmui.org","2030-09-20","2030-09-20","false","false","true","true","false","false","","","","Daging dan Produk Olahannya (Daging segar, Daging Variasi Segar, Daging Beku, Daging Kering, Daging Fermentasi, Daging Cincang, Daging Kornet, Daging Marinasi, Daging Asap, Tepung Daging, Kaldu Daging, Dendeng, Abon, Sosis, Bakso, Nugget, Patty/Burger, Salami, Pastrami), Bahan sediaan obat/farmasi (gelatin, pancreatin, condroitin, placenta, cangkang kapsul), Bumbu (padatan, pasta, cairan), Permen lunak, marshmellow, Rambut/bulu, tulang, Kulit dan Produk Olahannya (kulit, kerupuk kulit), Kulit samak, Flavor cair, Ekstrak Tanaman (vanila ekstrak, apel ekstrak, minyak atsiri, oleoresin), Buah dalam Kemasan (leci kaleng, jamur dalam botol kaca, jamur dalam kemasan plastik), acar, tauco, Minuman (sari buah) dan Minuman yang mengandung alkohol (≤ 0.5 %) , Saus (saus tiram, saus tomat, saus sambal), Kecap (kecap manis, kecap asin), Cuka (cuka apel, cuka beras), Jamu cair, Obat Cair obat batuk, obat-obatan dalam bentuk cairan), Propolis, Yoghurt, Susu Probiotik, minuman mengandung susu, Biskuit, Pembersih Mulut (mouthwash), Kosmetik Dekoratif (eyeshadow, maskara, blash on, pensil alis, foundashion, bedak, lipstik), Air Minum Dalam Kemasan (air mineral, demineral, air embun), Hygiene monitoring (kontak udara, swab test), Produk pangan mengandung bahan hewan unggas, Produk pangan mengandung hewan mamalia, Produk pangan mengandung bahan perikanan, Produk dan bahan kemasan pangan mengandung bahan hewan mamalia (plastik dan kertas), Produk kosmetik mengandung bahan hewan mamalia, Minuman Elektrolit Berkarbonat, Minuman Hipotonik Berkarbonat, Minuman Isotonik Berkarbonat, Minuman Hipertonik Berkarbonat, Minuman Dasar Elektrolit (Electrolyte Drinks Base) Berkarbonat, Serbuk Minuman Berkarbonat, Minuman Berkafein Formulasi (Formulated Caffeinated Beverages), Minuman Berperisa, Ginger Ale, Sarsaparilla, Root Beer, Birch, Beer, Soda Krim (Cream Soda), Minuman Citrus, Minuman Kola, Limun, Larutan Sorbitol, Gliserol, Propilen glikol, Larutan Maltitol","https://drive.google.com/drive/folders/1nNJ-y729EnjjBiEx1KAesbjxQ9Wn7KKD?usp=drive_link",""
"LP-1041-IDN","Quality Assurance, Food Ingredient Division PT Indofod CBP Sukses Makmur, Tbk","Jl. Raya Purwakarta - Cikampek Km 13, Desa Cikopo, Kec. Bungursari, Kab. Purwakarta, Jawa Barat","Jawa Barat","(0264) 313511","herwan.susilo@icbp.Indofood.co.id","2030-09-20","2030-09-20","false","false","true","true","false","false","","","","Bumbu (Bumbu mi instan), Bumbu Pasta, Minyak bumbu, Bawang goreng, Bakso Daging Kering, Kecap, Saus Cabe, Cabe Bubuk, Lada, Solid Ingredient (Sayuran kering, Ikan kering, Daging kering), Produk Steril Komersial (Real Meat), Air bersih untuk produksi, Sirup","https://drive.google.com/drive/folders/1nVz-7ZvFFncE2-ihtc4Ul3lg22R_s9aU?usp=drive_link",""
"LP-1045-IDN","PT Syngenta Seed Indonesia","Jl. Kraton Industri Raya No. 4, PIER, Bangil Pasuruan, Jawa Timur","Jawa Timur","(0343) 294100","diah.purwandari@syngenta.com","2030-10-02","2030-10-02","false","false","false","false","true","false","","","","Benih jagung","https://drive.google.com/drive/folders/1o1W2xmdHJBDNj-zkskcU3iKQ2g-DPA3B?usp=drive_link",""
"LP-1050-IDN","UPTD Laboratorium Lingkungan Dinas Lingkungan Hidup dan Kehutanan Provinsi Nusa Tenggara Timur","Jl. Alfonsus Nisnoni No.7, Kel. Airnona, Kec. Kota Raja, Kupang","Nusa Tenggara Timur","(0380) 829922","upt.lab_blhdprovntt@yahoo.co.id","2030-10-18","2030-10-18","true","false","true","false","false","false","","","","Air limbah, air danau, air sungai, air muara, air rawa, air situ,, air mata air, air waduk, air tanah, air sumur, air aquifer","https://drive.google.com/drive/folders/1pcYREvQ6s1VBqFqjs-mKUlIUPwHD-NX6?usp=drive_link",""
"LP-1051-IDN","UPTD Laboratorium Lingkungan Dinas Lingkungan Hidup dan Kebersihan Kabupaten Sidoarjo","Jl. Untung Suropati No. 31, Sidoarjo, Jawa Timur","Jawa Timur","(031) 8940947","labora_sidoarjo@yahoo.com","2030-10-18","2030-10-18","false","false","true","false","false","false","","","","Air limbah, air sungai, air minum, air untuk keperluan higiene sanitasi","https://drive.google.com/drive/folders/1uJ41p-Z1jtHnEAqhK0Hc27jlYgl-h1NI?usp=drive_link",""
"LP-1055-IDN","UPTD Pembinaan dan Pengawasan Mutu Barang Bengkulu","Jl. Mangga V, Lingkar Timur, Bengkulu","Bengkulu","(0736) 20189","bppmbbengkulu@gmail.com","2030-11-22","2030-11-22","false","false","false","true","false","false","","","","Standard Indonesian Rubber (SIR), biji kopi, biji kakao, crude palm oil (CPO), karet konvensional","https://drive.google.com/drive/folders/1uRs-8p5Co7-QzP1Uc2tQKQ5BvupnZLl_?usp=drive_link",""
"LP-1060-IDN","UPT Laboratorium Pengujian Kualitas Lingkungan Dinas Lingkungan Hidup Kota Yogyakarta","Jl. Bimasakti No. 1 Yogyakarta","DI Yogyakarta","(0274) 515876","lingkunganhidup@jogjakota.go.id","2030-12-02","2030-12-02","false","false","true","false","false","false","","","","Air sungai, air waduk/embung, air limbah, air untuk keperluan higiene sanitasi","https://drive.google.com/drive/folders/1uXpaXR1Vb0C5l1LqXbfFvcf7s6XqjKny?usp=drive_link",""
"LP-1061-IDN","UPTD Laboratorium Lingkungan Dinas Lingkungan Hidup Kabupaten Banyuasin","Komplek Perkantoran Pemerintah Kabupaten Banyuasin No. 31, Sekojo, Pangkalan Balai, Banyuasin","Sumatera Selatan","(0711) 7690109","lablingbanyuasin@ymail.com","2030-12-01","2030-12-01","false","false","true","false","false","false","","","","Air sungai, air rawa, air sumur, air danau, air limbah, kebisingan lingkungan, udara ambien, udara emisi sumber tidak bergerak","https://drive.google.com/drive/folders/1fxB04ONBXsq5xVFZpnFcZA7_X5YSN6Y7?usp=sharing",""
"LP-1063-IDN","UPTD Laboratorium Kesehatan Kota Semarang","Jl. WR Supratman RT. 01/RW. 06, Gisikdrono, Semarang Barat, Semarang, Jawa Tengah","Jawa Tengah","(024) 76436457","labkes_kotasemarang@yahoo.com","2030-12-01","2030-12-01","false","false","true","false","false","false","13 26 29","24","2026-04-30","Air minum (PDAM, DAM/DEPO air minum, air siap minum, air hygiene sanitasi (sumur, air artesis)","https://drive.google.com/drive/folders/1veQMUI-lkyJyC0XR9DgECQR3DhTFftqV?usp=drive_link","https://layanan.kan.or.id/direktori-lpk/1345/1"
"LP-1064-IDN","PT Mintec Abadi Site","PT Kideco Jaya Agung - Laboratorium Penguji Mekanika Batuan, Jl Job Site PT Kideco Jaya Agung, Desa Batu Kajang RT 025, Kab. Paser, Kalimantan Timur","Kalimantan Timur","(0543) 22522","lab@ptmintec.com; latifabdul7@gmail.com","2030-12-01","2030-12-01","true","false","false","false","false","false","","","","Batuan, tanah","https://drive.google.com/drive/folders/1vLxnoiSZuWwqkFKRX9SLFh6SP9oLh8Bo?usp=drive_link",""
"LP-1065-IDN","UPTD Laboratorium Lingkungan Dinas Lingkungan Hidup Kota Probolinggo","Jl. Anggrek (Depan TPA Bestari), Probolinggo, Jawa Timur","Jawa Timur","(0335) 426558","uptlab.lingkungan@yahoo.co.id","2030-12-13","2030-12-13","false","false","true","false","false","false","","","","Air limbah industri, air sungai, air sumur, air mata air, air kolam renang","https://drive.google.com/drive/folders/1uevLhqd4PDdrN7zaO3ULKOjdF_EbwlWE?usp=drive_link",""
"LP-1067-IDN","Departemen Ilmu Tanah dan Sumberdaya Lahan, Fakultas Pertanian - Institut Pertanian Bogor (IPB)","Jl. Meranti, Kampus IPB Dramaga, Bogor, Jawa Barat","Jawa Barat","(0251) 8627792","labtanahipb@gmail.com","2030-12-13","2030-12-13","true","true","false","false","false","false","","","","Tanah, tanaman, pupuk organik padat, pupuk organik cair","https://drive.google.com/drive/folders/1vfBZh8DuwdgXGNxogdJGrMZc3UL0e5HY?usp=drive_link",""
"LP-1069-IDN","UPT Pembenihan dan Sertifikasi Benih Tanaman Pangan Hortikultura, dan Perkebunan Provinsi Riau","Jl. Kaharudin Nasution No. 69, Simpang Tiga, Pekanbaru","Riau","(0761) 674687","labbenih_riau@yahoo.co.id","2030-12-22","2030-12-22","true","false","false","false","true","false","","","","Benih kacang tanah, kedelai, padi, jagung","https://drive.google.com/drive/folders/1vhN3rMg_4_wIrpVaTPYO2bcLGUCUvUh3?usp=drive_link",""
"LP-1074-IDN","Fakultas Perikanan dan Ilmu Kelautan, Universitas Mulawarman, Laboratorium Kualitas Air","Jl. Muara Pahu, Kompleks Gedung FPIK, Kampus Gn. Kelua, Universitas Mulawarman, Samarinda, Kalimantan Timur","Kalimantan Timur","(0541) 748554","labka@fpik.unmul.ac.id","2030-12-22","2030-12-22","false","false","true","false","false","false","","","","Air sungai, air danau, air muara, air rawa, air waduk, air limbah, air sumur, air laut","https://drive.google.com/drive/folders/1wBo0HEdpLAzDScgMiEDU4Gdr_zQZf6Dg?usp=drive_link",""
"LP-1076-IDN","Pusat Survei Geologi","Jl. Diponegoro No. 57 Bandung, Jawa Barat (Kantor Pusat) Jl. Dr. Djundjunan No. 236, Bandung, Jawa Barat (Laboratorium)","Jawa Barat","(022) 7203205","laboratorium_psg@esdm.go.id","2030-12-26","2030-12-26","true","false","false","false","false","false","","","","Batuan (vein, batuan alterasi, sedimen sungai, bijih, beku, metamorf), tanah/soil","https://drive.google.com/drive/folders/1wrVTWJvkzgn_fx4GwXI01VZkHhi9hRJz?usp=drive_link",""
"LP-1077-IDN","UPTD Laboratorium Lingkungan Dinas Lingkungan Hidup Provinsi Kalimantan Selatan","Jl. Bangun Praja, Kawasan Perkantoran Pemerintah Provinsi Kalimantan Selatan","Kalimantan Selatan","(0511) 6749252","lablingblhdkalsel@gmail.com","2030-12-26","2030-12-26","false","false","true","false","false","false","","","","Air limbah, air sungai, air lindi, air danau, air bersih (air untuk keperluan hygiene dan sanitasi), udara ambien, kebisingan lingkungan","https://drive.google.com/drive/folders/1xp3IHki1gYAbLld3FMeTRD-GzWPuVmfW?usp=drive_link",""
"LP-1079-IDN","PT IAPMO Group Indonesia","Jl. Kapuk Timur Blok F23 No. 11A, Lippo Cikarang, Bekasi","Jawa Barat","(021) 89911467","ahmad.faqih@iapmoindonesia.org","2031-01-17","2031-01-17","false","false","true","false","false","false","","","","Ubin Keramik, Tableware, Tangki Pembilas, Katup Pembilas, Fitting Inlet dan Outlet, Cookware, Flatware, Profil Baja Ringan, Kaca Lembaran, Kaca Pengaman Diperkeras Untuk Kendaraan Bermotor, Kaca Pengaman Berlapis (Laminated Glass) Untuk Kendaraan Bermotor, Blok Kaca, Cermin Kaca Lembaran Lapis Perak, Cermin kaca lembaran lapis alumunium, cat dekoratif, Kloset Duduk, Kloset Jongkok, Kloset duduk fitur dual flush, Perlengkapan tambahan untuk kloset duduk, tangki dan urinal (Trim for Water Closet Bowls, Tanks and Urinals), Kloset enam liter dengan penggelontor ganda (Six-Liter Water Closets Equipped With a Dual Flushing Device), Kloset, Urinal, Urinal gantung dinding, bak mandi, bidet, pancuran air minum, bak cuci tangan, lantai shower (dulang), penggunaan pada institusional, Kloset, Urinal, Bak cuci, bak cuci klinis, Kloset, Bak cuci tangan tipis, kloset, urinal yang dipasang di dinding, urinal keramik, lantai shower (dulang), bak cuci non-vitrous china, Bak mandi, Pancuran air minum dan pendingin air, bak cuci tangan, Lantai Shower (dulang), bak cuci, Bak cuci tangan, Bak mandi, Pancuran air minum dan pendingin air, Bak mandi, kloset, urinal, bidet, Bak cuci tangan, bak cuci, pancuran air minum dan pendingin air, Lantai shower (dulang), bidet, Lantai shower (dulang), Bak mandi, Bak cuci tangan/ piring, Bak mandi, Bak cuci tangan/ piring, baskom plastik, ember plastik, Performa of shower for bathing, Water supply tapware, Fitting Suplai, Fitting Suplai (High effisiency - Shower head dan hand held shower), Fitting Suplai (High effisiency - commercial pre-rinse spray valve), Fitting Buangan, Selang air fleksibel, Katup pengisi- anti siphon, Katup gelontor, kincir 1 phase, kincir berangkai, Galvanis pada produk zinc alloy, Spesifikasi bata ringan untuk pasangan dinding, bata beton untuk pasangan dinding, bata beton kerawang, bata beton (paving blok), bata beton pejal, bata merah untuk pasangan dinding, bata merah berlubang, pipa, sambungan pipa, fiberglass, kantong plastik untuk pembibitan tanaman, wastafel keramik, pipa baja lapis seng, Pipa baja saluran air dengan atau tanpa lapisan seng, Pipa baja untuk perancah, Kawat baja lapis paduan seng alumunium (Bj KLSA), Baja lembaran, plat dan gulungan canai panas (Bj P), Baja lembaran lapis seng (Bj LS), Baja profil siku sama kaki proses canai panas (Bj P siku sama kaki), Baja lembaran dan gulungan canai dingin (Bj D), Spesifikasi beton aerasi autoklaf, Baja lembaran dan gulungan lapis paduan alumunium - seng (Bj. L.AS), Keran Sanitari: Spesifikasi umum untPipa plastik PE untuk penyaluran bahan bakar gasuk regulator laju alir, Pipa plastik PVC untuk saluran air minum, Sambungan pipa plastik PVC untuk saluran air minum, Pipa plastik PVC untuk saluran air buangan, Pipa plastik PE dan fitting untuk air minum (Bagian 1 - Umum, Bagian 2 - Pipa, Bagian 3 - Fitting), Pipa plastik untuk penyaluran bahan bakar gas PE (Bagian 1 - Umum, Bagian 2 - Pipa, Bagian 3 - Fitting), Polipropilena impak untuk komponen otomotif, Polietilena massa jenis tinggi (HDPE) dengan klasifikasi PE100 untuk aplikasi pipa penyaluran bahan bakar gas, Resin polietilena, Resin polipropilena, Polivinil klorida, Polietolena massa jenis tinggi (High Density Poliethylene /HDPE) untuk bahan baku pipa air minum, Cat pelapis antibocor berbasis air, Cat dekoratif berbasis pelarut organik, Tangki air silinder vertikal Polietilena (PE), Resin Polietilena Tereftalat (PET) daur ulang, Pipa baja untuk perancah, Pipa PVC untuk saluran air minum, Sambungan pipa PVC utntuk saluran air minum, Bahan baku Pipa polietilena (PE) dan fitting untuk sistem penyedia air minum, Pipa plastik PE untuk air minum, Fitting plastik PE untuk air minum, Bahan baku Pipa polietilena (PE) dan fitting untuk penyaluran bahan bakar gas, Bahan baku Pipa polietilena (PE) dan fitting untuk penyaluran bahan bakar gas, Polietilena massa jenis tinggi (high density polyethylene/HDPE) untuk bahan baku air minum, Pipa baja untuk perancah, Baja lembran, pelat, dan gulungan canai panas (Bj P), Baja profil siku sama kaki proses canai panas (BJ P Siku sama kaki, Baja lembaran dan gulungan canai dingin (Bj D), Baja lembaran dan gulungan lapis alumunium seng (Bj L.AS), Baja lembaran lapis seng (Bj. LS), Keran air suplai untuk keperluan domestik","https://drive.google.com/drive/folders/1wfuS1IxIRqcLIiYSbF2d1QJanw1lWoTA?usp=drive_link",""
"LP-1086-IDN","UPTD Laboratorium Lingkungan Dinas Lingkungan Hidup Kabupaten Purwakarta","Jl. Purnawarman Timur No. 11A, Purwakarta, Jawa Barat","Jawa Barat","0264-212738/8308120","Lablingpwk05@yahoo.co.id","2031-02-15","2031-02-15","false","false","true","false","false","false","26 29","40","2026-04-20","Air sungai, air limbah","https://drive.google.com/drive/folders/1xWgRjG2HJTjZJTcHykyr1pm2dC3eK2bY?usp=drive_link","https://layanan.kan.or.id/direktori-lpk/1229/1"
"LP-1087-IDN","Perusahaan Umum Daerah Air Minum Tirta Raharja","Jl. Kolonel Masturi Km.3 Cipageran, Kec. Cimahi Utara, Cimahi, Jawa Barat","Jawa Barat","(022) 6654184","pdam@tirtaraharja.co.id","2031-02-26","2031-02-26","false","false","true","false","false","false","","","","Air minum","https://drive.google.com/drive/folders/1z1dApuMZYzIlDN-zoEEEN0pm_JzbaRRg?usp=drive_link",""
"LP-1089-IDN","Balai Karantina Hewan, Ikan, dan Tumbuhan Sumatera Barat","Jl. Olo Bangau Ketaping, Kab. Padang Pariaman, Sumatera Barat","Sumatera Barat","(0751) 62560","bkp_kls1_padang@yahoo.co.id","2031-03-21","2031-03-21","false","false","true","true","false","false","","","","Lobster, Kepiting, Udang kipas dan Lobster air tawar, Ikan Laut, Ikan Hias Laut, Ikan Air Tawar dan Ikan Hias Air, Ikan Mas, Ikan Nila dan Ikan Gurame, Ikan Air Tawar, Ikan Air Tawar dan Ikan Laut, Ikan Lele, Ikan Nila, Ikan Gurame dan Labi-labi, Ikan Gurame, Ikan Nila, Ikan Kepe-kepe dan Ikan Blue Devil, Ikan Mas, Ikan Nila dan Ikan Lele, Ikan Hias Laut, Ikan Lele, Anguiillidae, Ikan Betutu, Kura-kura, Buaya, Gold Fish,Belanak, Ikan Nila dan Ikan Patin, Ikan Gurame, Ikan Betutu, Ikan Sepat, Ikan Nila, Ikan Mas, Ikan Kakap Putih, Ikan Salmon, Ikan Belanak, Ikan Mas Koki, Ikan Lele, Belut dan Ikan Hias Laut, Udang Vaname, Serum darah sapi, Serum Darah Hewan Penular Rabies (anjing, kucing), Pinang (Areca catechu), Kakao (Theobroma cacao), Serum Darah Unggas, Bungkil jagung, bungkil kedelai, kedelai (Glycine max L) dan beras (Oryzasativa L), Kedelai (Glycine max L), Kopi (Coffea sp)","https://drive.google.com/drive/folders/1yzOy7koRQaKoMJIZKtHZzbU2-82QloCk?usp=drive_link",""
"LP-1092-IDN","Balai Karantina Hewan, Ikan, dan Tumbuhan Kalimantan Barat","Kantor Balai/Pusat: Jl. Kom. Yos Sudarso No. 81 A, Pontianak, Kalimantan Barat Lokasi 1: Jl. Kom Yos Sudarso No. 81 A, Pontianak, Kalimantan Barat (Hewan, Ikan dan Tumbuhan) Lokasi 2: Jl. Lintas Malindo, Kecamatan Entikong, Kabupaten Sanggau, Kalimantan Barat (Hewan dan Tumbuhan)","Kalimantan Barat","(0561) 775322 / 775323","karantinakalbar@karantinaindonesia.go.id","2031-03-21","2031-03-21","false","false","true","true","false","false","","","","Lokasi 1: Biji kedelai (Glycine max), Spesimen kering lalat buah, Serum darah ruminansia (sapi, kambing, domba), Serum darah unggas (ayam, burung, bebek, DOC, DOD), Sarang burung walet, Crustacea (udang), Ikan air tawar (mas, nila, mas koi, mas koki). Lokasi 2: Spesimen kering lalat buah, Serum darah ruminansia (sapi, kambing, domba).","https://drive.google.com/drive/folders/1ys3X_Sm522JVGQSQW0FK7Lh552ThfdEg?usp=drive_link",""
"LP-1094-IDN","Bidang Laboratorium Forensik (BIDLABFOR) Polda Jawa Timur","Jl. Achmad Yani No. 116, Surabaya, Jawa Timur","Jawa Timur","(031) 8280550","labforcabangsurabaya2018@gmail.com","2031-04-03","2031-04-03","false","false","false","false","true","false","","","","Darah segar, Bercak darah, Bercak saliva, Bercak sperma, Kuku, Abu/arang sisa kebakaran, Manusia (Polygraph Forensik), Mobile Phone dan Sim Card, , Hard Disk dan Memory Card, PC Komputer, Dokumen kertas, Tanda tangan dan paraf pada kertas, Tulisan tangan pada kertas, Uang kertas, Blanko kertas, Stempel pada kertas, Kristal, Tablet, Cairan, Bong, Cangklong, Pipet Kaca, Sedotan Plastik Bekas Pakai dan Alumunium Foil, Daun-daun kering, biji-biji kering dan ranting-ranting, Tablet, Kapsul dan Serbuk, Senjata Api standar organik dan senjata api rakitan, Peluru Standar Organik dan Modifikasi, Anak Peluru (Proyektil) dan Selongsong Peluru, Bahan Peledak Low Explosive, Bahan Peledak High Explosive, Sampel (mikro) BB yang diduga Bahan Peledak (Unknown Substances), Sampel BB yang diduga Bahan Peledak (Unknown Substances), Serpihan Objek dan Semburan Debu (Swab Residu Post Blast), Bahan Peledak, Tempat Kejadian Perkara, Nomor Rangka, Nomor Mesin, Nomor Rangka dan Nomor Mesin","https://drive.google.com/drive/folders/1yrkbhFg1elnjkbnwWh--x2FRibt1oEYK?usp=drive_link",""
"LP-1096-IDN","UPTD Balai Laboratorium Kesehatan, Pemeliharaan dan Kalibrasi Alat Kesehatan Provinsi Kepulauan Bangka Belitung","Komplek Perkantoran dan Pemukiman Terpadu Pemprov Bangka Belitung - Jl. Pulau Pongok Kel. Air Itam Kec.Bukit Intan, Pangkal Pinang, Kep. Bangka Belitung","Kepulauan Bangka Belitung","(0717) 423304","lbalkes.babel@gmail.com","2031-04-24","2031-04-24","false","false","true","false","false","false","","","","Air mineral, air minum","https://drive.google.com/drive/folders/1yaiEFfJH4cRCWMOll2jCbqTqAwc02Wry?usp=drive_link",""
"LP-1097-IDN","Balai Perakitan dan Pengujian Tanaman Industri dan Penyegar","Jl. Raya Pakuwon Km. 2, Parungkuda , Kab. Sukabumi, Jawa Barat","Jawa Barat","(0266) 6542181","labterpadu.balittri@gmail.com","2031-04-24","2031-04-24","true","false","false","false","false","false","","","","Tanah, tanaman/jaringan","https://drive.google.com/drive/folders/1yfiWfKnDu9Erz-gqVlroB7dIG96eOGEF?usp=drive_link",""
"LP-1099-IDN","PT Graha Mutu Persada","Jalan Raya Pacing Nomor 35A RT 011 RW 01, Pacing, Bangsal, Mojokerto, Jawa Timur","Jawa Timur","(0321) 5287839","persadalab@gmail.com","2031-04-24","2031-04-24","true","false","true","false","false","false","","","","Air limbah, air untuk keperluan higiene dan sanitasi, air sungai, air laut, air minum, udara ambien, lingkungan kerja, udara emisi sumber tidak bergerak, air bersih, air RO, tanah (lingkungan perkebunan/pertanian), trafooil","https://drive.google.com/drive/folders/18_GsnTzPT0rpFw-DOpMoRX895SVyp1UE?usp=drive_link",""
"LP-1100-IDN","Bidang Laboratorium Forensik (BIDLABFOR) Polda Bali","Jl. Gunung Sanghyang No. 108B, Denpasar, Bali","Bali","(0361) 410608","labforcab_dps@yahoo.com","2031-04-24","2031-04-24","false","false","false","false","true","false","","","","Cairan serum, cairan urin, Buccal swab, bercak darah, bercak sperma, kristal, tabley, cairan, bong, cangklong, pipet kaca, sedotan, plastik bekas pakai, aluminium foil, Narkotika (batang, daun, biji kering, padatan cokelat/hitam, cairan kental, tablet, kapsul serbuk, cairan, dan kristal), tanda/tulisan tangan, produk cetak, uang, anak peluru, bahan peledak, kendaraan bermotor, abu/arang sisa kebakaran dari riksa TKP, respon reaksi tubuh manusia, digital forensik (hard disk, flash disk, micro SD, handphone, sim card, memory, file audio)","https://drive.google.com/drive/folders/1ySKAzNNDXIaj0gxs0BkUUp4ODEiO1xgK?usp=drive_link",""
"LP-1101-IDN","UPTD Laboratorium Lingkungan Dinas Lingkungan Hidup Kabupaten Tapin","Jl. Gubernur H. Aberani Sulaiman No. 129, Dulang Rantau, Kab. Tapin, Kalimantan Selatan","Kalimantan Selatan","(0517) 31638","laboratorium.blhtapin@gmail.com","2031-05-04","2031-05-04","false","false","true","false","false","false","","","","Air sungai, air danau, air limbah","https://drive.google.com/drive/folders/1zQBkXKRRWD24AmVfEhkTPR6NMt60-Bmc?usp=drive_link",""
"LP-1106-IDN","Balai Penerapan Modernisasi Pertanian Bengkulu","Jl. Irian Km 6,5, Semarang, Bengkulu","Bengkulu","(0736) 23030","bptp_bengkulu@yahoo.com","2031-05-23","2031-05-23","true","true","false","false","false","false","","","","Tanah, Pupuk NPK Padat","https://drive.google.com/drive/folders/1GhplmGLP6eu2OQvXFyF91_4zdR4uYZYk?usp=drive_link",""
"LP-1110-IDN","Balai Besar Penerapan Modernisasi Pertanian Lampung","Jl. HI. ZA. Pagar Alam No. 1A, Rajabasa, Bandar Lampung","Lampung","(0721) 781776, 701328","bptplampung@yahoo.com","2031-06-05","2031-06-05","true","false","false","false","false","false","","","","Tanah","https://drive.google.com/drive/folders/1GmFaSWxcBZqRScacltTkVkOhjcHY-bWD?usp=drive_link",""
"LP-1114-IDN","UPTD Laboratorium Lingkungan Dinas Lingkungan Hidup Kota Pangkalpinang","Jl. Delima Siam VI, Kel. Sriwijaya, Kec. Girimaya, Pangkalpinang, Bangka","Kepulauan Bangka Belitung","(0717) 9102539","lablingpkp@gmail.com","2031-06-13","2031-06-13","false","false","true","false","false","false","26","38","2026-06-22","Air permukaan (air sungai, air sumur, air danau), air limbah","https://drive.google.com/drive/folders/1GwiemeeLEa7nJAe2FjRevfgoohpWTzqq?usp=drive_link","https://layanan.kan.or.id/direktori-lpk/1385/1"
"LP-1117-IDN","Balai Besar Perikanan Budidaya Air Tawar Sukabumi","Jl. Selabintana No. 37, Kel. Selabatu, Kec. Cikole, Sukabumi, Jawa Barat","Jawa Barat","(0266) 225211","labuji_bbpbats@yahoo.com","2031-07-02","2031-07-02","false","false","true","false","false","false","","","","Ikan air tawar, udang, ikan hias air tawar, ikan mas, ikan hias, ikan dan produk perikanan, pakan ikan, bahan baku pakan, air sumber, air pemeliharaan, air limbah, filet ikan, pakan buatan, pakan alami","https://drive.google.com/drive/folders/1HPtL7nnTkDGeTErFMqYDx_dZfARy3i7o?usp=drive_link",""
"LP-1120-IDN","Balai Laboratorium Pengujian Kesehatan Ikan dan Lingkungan Kelas A Provinsi Jawa Tengah","Jl. Mpu Tantular No. 2, Semarang, Jawa Tengah","Jawa Tengah","(0245) 3514838","labkeskanlingjateng@gmail.com blpkil.jateng@gmail.com","2031-07-25","2031-07-25","false","false","true","false","false","false","","","","Air permukaan (air sungai, air irigasi, air kolam ikan, air waduk, air danau, air sumur, air tambak/muara), ikan (ikan nila, ikan gurame, ikan mas, ikan koi, ikan lele, ikan tawes, ikan bawal, ikan komet, udang dan bandeng), udang windu dan udang vaname","https://drive.google.com/drive/folders/1HPOSLxJKXH_Mm0f_k3OCEoTYZGFtNbzv?usp=drive_link",""
"LP-1124-IDN","PT Hijau Persada Sejahtera","Jl. Jendral Sudirman Km 5.5, Komplek Sawit Raya I No. 02, Sampit, Kalimantan Tengah","Kalimantan Tengah","(0531) 2067829","willy.sitanggang@tap-agri.com; admin.lab@tap-agri.com","2031-07-25","2031-07-25","false","true","false","false","true","false","","","","Daun, pupuk RP, pupuk NPK, pupuk urea, pupuk KCl, pupuk borat","https://drive.google.com/drive/folders/1HHgPpvQXM0pdV0p0w0Xa-2ulZcor2YHb?usp=drive_link",""
"LP-1128-IDN","UPTD Laboratorium Lingkungan Dinas Lingkungan Hidup Kota Pariaman","Jl. Diponegoro No. 48, Kota Pariaman, Sumatera Barat","Sumatera Barat","(0751) 93844","lablingblhpariaman@yahoo.com","2026-08-06","2026-08-06","true","false","true","false","false","false","","","","Air limbah, air sungai, air sumur, air tanah, air danau, air minum, air untuk keperluan higiene dan sanitasi","https://drive.google.com/drive/folders/1H1cd957hTO4JBnKB97Y0zrpFNSHkBH-D?usp=drive_link",""
"LP-1129-IDN","PT Jambi Lestari Internasional","Jl. Nusa Indah I No. 59E, Kel. Rawasari, Kec. Alam Barajo, Kota Jambi, Jambi","Jambi","(0741) 3071716","jli.lab@jli.co.id","2031-08-06","2031-08-06","true","false","true","false","false","false","","","","Air Sungai, Air Muara, Air Danau, Air Waduk, Air Rawa, Air Limbah, Air Sumur Pantau, Akuifer, Air untuk keperluan higiene dan sanitasi, Air Minum, Reverse Osmosis (RO), Air Hemodialisis, Air kolam renang, Air pemandian umum, Air SPA (Solus Per Aquos), Air Mineral, Air Demineral, Udara Ambien, Kebisingan, Emisi sumber tidak bergerak (ESTB), Emisi sumber bergerak (ESB), Lingkungan kerja, Tanah,","https://drive.google.com/drive/folders/1Hjs9kgqSpwmqvRoYdRAAqGmVfRahwH_7?usp=drive_link",""
"LP-1136-IDN","SMK SMAK Padang","Jl. Alai Pauh V. No. 13, Kel. Kel. Kapalo, Padang, Sumatera Barat","Sumatera Barat","(0751) 777703","smakpadang@gmail.com","2026-08-22","2026-08-22","false","true","true","true","false","false","","","","Minyak atsiri (minyak pala, minyak nilam, minyak sereh), kopi instand, sabun cair pembersih tangan, pupuk NPK, air limbah","https://drive.google.com/drive/folders/1zXryB2y4aXGUdxNOLfIvjigB-BGOUs_Y?usp=drive_link",""
"LP-1138-IDN","UPTD Laboratorium Lingkungan Dinas Lingkungan Hidup Kota Cimahi","Komplek Perkantoran Kota Cimahi, Gedung D, Jl. Demanghardjakusumah, Kota Cimahi, Jawa Barat","Jawa Barat","(022) 6650060","lablingkotacimahi@yahoo.co.id","2031-08-22","2031-08-22","false","false","true","false","false","false","","","","Air permukaan (air sungai, air danau, air danau buatan), air limbah, air untuk keperluan higiene dan sanitasi","https://drive.google.com/drive/folders/1JderH_F5ovazUvOfcNzVbQc7SYix0LKT?usp=drive_link",""
"LP-1139-IDN","UPT Laboratorium Lingkungan Dinas Lingkungan Hidup Kota Malang","Jl. Bingkil No.1, Ciptomulyo, Sukun, Malang, Jawa Timur","Jawa Timur","(0341) 360328","uptlablingmlg@gmail.com","2031-08-22","2031-08-22","false","false","true","false","false","false","","","","Air limbah, air sungai","https://drive.google.com/drive/folders/1KQdKBGhDHZMYZ0pv4zNKEjwohrxXEWX2?usp=drive_link",""
"LP-1146-IDN","UPTD Laboratorium Lingkungan Dinas Lingkungan Hidup Kabupaten Luwu Timur","Jl. Soekarno Hatta, Malili, Kab. Luwu Timur, Sulawesi Selatan","Sulawesi Selatan","(0474) 321371","laboratoriumlutim@gmail.com","2026-09-19","2026-09-19","false","false","true","false","false","false","","","","Air sungai, air danau, air sumur, air limbah","https://drive.google.com/drive/folders/1KQstXFsadW_rlY4pmOz5lUhkVzoiiUF3?usp=drive_link",""
"LP-1148-IDN","Unit Pelaksana Teknis (UPT) Laboratorium Lingkungan Dinas Lingkungan Hidup Kabupaten Musi Rawas","Komplek Perkantoran Pemerintah Kab. Musi Rawas, Jl. Lintas Sumatera Km. 12,5, Muara Beliti, Kab. Musi Rawas, Sumatera Selatan","Sumatera Selatan","(0733) 4552400","lab.lingkunganmura@gmail.com","2026-10-05","2026-10-05","true","false","true","false","false","false","","","","Air sumur, air danau, air sungai, air rawa, air waduk, air tanah, air minum, air untuk keperluan higiene dan sanitasi, air limbah, udara emisi sumber tidak bergerak, lingkungan kerja, udara ambien, Kebisingan","https://drive.google.com/drive/folders/1KVGh_xptS2DaYmUagl7HsEp4llOc2cZz?usp=drive_link",""
"LP-1151-IDN","Balai Perlindungan Tanaman Pangan dan Hortikultura Provinsi Jawa Barat","Jl. Tangkuban Parahu KM. 22, Cikole, Lembang, Kab. Bandung Barat, Jawa Barat","Jawa Barat","(022) 2784949","lab_agro@yahoo.co.id","2026-10-24","2026-10-24","false","true","true","true","false","true","","","","Formulasi dan bahan teknis pestisida, residu pestisida (sayuran berpigmen dan berkadar air tinggi, buah dan sayuran berkadar air tinggi, pupuk NPK padat, pupuk SP-36, pupuk organik padat, pupuk organik cair","https://drive.google.com/drive/folders/1L1MyDhIgO9cThHL7JV99N7fbtzZdSm1n?usp=drive_link",""
"LP-1152-IDN","PT PLN Nusantara Power UP Gresik","Jl. Harun Thorir No. 1, Gresik, Jawa Timur","Jawa Timur","(031) 3981569","kimiaupgrk@gmail.com","2026-10-24","2026-10-24","false","false","true","false","false","false","","","","Air boiler drum, gas alam (natural gas)","https://drive.google.com/drive/folders/1KfYd0mAaEG5nQP4697yYqIFQxxwPWlXO?usp=drive_link",""
"LP-1154-IDN","UPT Laboratorium Lingkungan Dinas Lingkungan Hidup Kabupaten Jombang","Jl. Presiden KH. Abdurrahman Wachid No.132, Kab. Jombang, Jawa Timur","Jawa Timur","(0321) 8494980","uptdlabjombang@gmail.com","2026-11-02","2026-11-02","false","false","true","false","false","false","","","","Air limbah, air sungai, air untuk keperluan higiene dan sanitasi","https://drive.google.com/drive/folders/1KtHRLl9IbgN8oBvNX8fhV95HlatdiJFo?usp=drive_link",""
"LP-1155-IDN","Balai Perikanan Budidaya Air Tawar Sei Gelam Provinsi Jambi","Jl. Bumi Perkemahan Pramuka Desa Sungai Gelam, Kab. Muaro Jambi, Jambi","Jambi","(0741) 75554472","laboratoriumsungaigelam@gmail.com","2026-11-02","2026-11-02","false","false","true","false","false","false","","","","Ikan air tawar, bahan pakan, pakan dan ikan, air tawar","https://drive.google.com/drive/folders/1Kf5Sqzqaq7NWc76rPTC5G5qOei5-iOdq?usp=drive_link",""
"LP-1158-IDN","UPTD Laboratorium Lingkungan Dinas Lingkungan Hidup Kabupaten Sarolangun","Komplek Perkantoran Gunung Kembang, Kab. Sarolangun, Jambi","Jambi","(0745) 91357","uptlablhkabsrl@yahoo.com","2026-11-22","2026-11-22","false","false","true","false","false","false","","","","Air sungai, air limbah, Udara Ambien","https://drive.google.com/drive/folders/1KZDISq9bYl93wvFuH812vJ4aqRwDwWwe?usp=drive_link",""
"LP-1162-IDN","PT Indofood CBP Sukses Makmur, Tbk - Laboratorium Central Quality Control Divisi Noodle","Jl. Kp. Jarakosta, Desa Sukadanau RT 005/02 No. 1, Cibitung, Kab. Bekasi, Jawa Barat","Jawa Barat","(021) 8901166","masyitoh.arif@icbp.indofood.co.id ; indrakresna.yudha@icbp.indofood.co.id","2026-12-04","2026-12-04","false","false","false","true","false","false","","","","Mie (mie instan, mie kering, mie makanan ringan), saus cabe, kecap, garam, bawang goreng, bubuk bumbu, minyak goreng, tepung terigu, cabe bubuk, minyak bumbu, batubara, cangkang sawit, solid ingredient, tepung kedelai, tepung beras, tapioka, deoiled soy lechitine powder, terigu, Hygiene Monitoring (Swab Test, test udara), Kemasan Etiket","https://drive.google.com/drive/folders/1LWWlI-N7ElEyUHb3t02gfHqHA7Pe9gR0?usp=drive_link",""
"LP-1165-IDN","Lembaga Penyakit Tropis Universitas Airlangga","Kampus C Mulyorejo Universitas Airlangga, Surabaya, Jawa Timur","Jawa Timur","(031) 5992445-46","sekretariat@itd.unair.ac.id","2026-12-19","2026-12-19","false","false","false","false","true","false","","","","Darah, serum dan plasma nyamuk, larva nyamuk dan nyamuk dewasa, Darah, serum dan plasma manusia, sputum, darah manusia dan hewan, jaringan biopsi manusia dan hewan, trunk wash (gajah), aerosol, cairan tubuh ain (cairan cerebrospinal, pleural, syunovil, dll), biopsi jaringan dan sayatan kulit, serum, darah dari manusia, Isolat senyawa organik, Larva dan Nyamuk Aedes aegypti dan Aedes albopictus Swab (hidung, tenggorokan), serum, bahan alam ((herbal : ekstrak daun meniran, ekstrak teh hijau, ekstrak kunyit), Darah, cairan dan jaringan","https://drive.google.com/drive/folders/1LTjFTlXx14MSH6PWpnt9w0mwsacm9Y2Q?usp=drive_link",""
"LP-1167-IDN","PT Bina Pratama Sakato Jaya - Laboratorium Agronomi","Sungai Tenang, Kiliranjao, Kec. Kamang Baru, Kab. Sijunjung, Sumatera Barat","Sumatera Barat","08117056117","agronomi_irg@yahoo.com; ciciyulisa91@gmail.com","2026-12-19","2026-12-19","true","true","false","false","true","false","","","","Daun, tanah, pupuk NPK padat","https://drive.google.com/drive/folders/1LS1UPe5bUSa71cWHBSWBYI9YwH0bN4LG?usp=drive_link",""
"LP-1169-IDN","UPTD Laboratorium Pengujian dan Pengendalian Mutu Hasil Perikanan Kepulauan Bangka Belitung","Jl. Ketapang, Pangkalbalam, Pangkalpinang, Kepulauan Bangka Belitung","Kepulauan Bangka Belitung","(0717) 9100125","lppmhp.babel@yahoo.com","2026-12-19","2026-12-19","false","false","true","false","false","false","","","","Ikan segar, ikan beku, kekerangan, olahan ikan, air dan es, swab permukaan","https://drive.google.com/drive/folders/1Ltij2O3Tf5okKdwJIR3NrAJxJmOyCGwi?usp=drive_link",""
"LP-1171-IDN","Laboratorium Keamanan Pangan Dinas Pangan Aceh","Jl. T. Nyak Arief, Komplek Keistimewaan Aceh, Banda Aceh, Aceh","Aceh","(0651) 7551754","labpangansegar@yahoo.com","2027-01-23","2027-01-23","false","false","false","true","false","false","","","","Pome Fruit, Fruitting Vegetables/curcubits, Brasica vegetables, roat and tuber vegetables, leafy vegetables and fresh herbs, cereal grain and products, dry legume vegetables/pulses, buah (pir, anggur, apel), sayuran (cabe, tomat, kol, timun, bawang merah, bayam, kemangi)","https://drive.google.com/drive/folders/1Llo_wOW8u0UO_mwHECPVn2BY0Z6Qo28a?usp=drive_link",""
"LP-1172-IDN","PT Mitra Agro Servindo","Jl. Tomang Raya No. 49 C-D, Jakarta Barat, DKI Jakarta","DKI Jakarta","(021) 5664048","mitra.agro.servindo@gmail.com","2027-01-23","2027-01-23","true","true","false","false","true","false","","","","Tanaman daun, tanah, pupuk fosfat alam, pupuk urea, pupuk kalium klorida, pupuk NPK, pupuk organik, pupuk TSP, pupuk Borat","https://drive.google.com/drive/folders/1LmFF4MIVvlrsBz45Hy2kyt3bFyGboiFU?usp=sharing",""
"LP-1173-IDN","PT Chemviro Buana Indonesia","Jl. Mayor Oking Jaya Atmajaya, Ruko Imperium Park Blok C No. 19, Kel. Ciriung, Kec. Cibinong, Bogor, Jawa Barat","Jawa Barat","(021) 87914212","qa@chemviro.co.id","2027-01-23","2027-01-23","false","false","true","false","false","false","","","","Kebisingan, lingkungan kerja, udara ambien, udara emisi, air limbah, air untuk keperluan higiene sanitasi, air sungai, air sumur, air waduk, air danau, Crude Palm Oil (CPO)","https://drive.google.com/drive/folders/1LrRtXuj9v3f9jQra3WIlT2istYAfQtE0?usp=drive_link",""
"LP-1177-IDN","UPTD Laboratorium Lingkungan Dinas Lingkungan Hidup Kabupaten Lahat","Jl. Bhayangkara No. 8, Bandar Jaya, Kab. Lahat, Sumatera Selatan","Sumatera Selatan","(0731) 321523","lablingk.lahat@gmail.com","2027-02-20","2027-02-20","false","false","true","false","false","false","","","","Air sungai, air sumur, air limbah, udara ambien, kebisingan","https://drive.google.com/drive/folders/1c3Y56sl09KJjY4mWzuQ3njgdYXciGItP?usp=drive_link",""
"LP-1178-IDN","Laboratorium Pengujian Material Konstruksi Dinas Pekerjaan Umum dan Penataan Ruang Kabupaten Badung","Jl. Raya Sempidi No.43, Sempidi, Mengwi, Kab. Badung, Bali (lokasi kantor pusat Jl. Kebo Iwa No. 39, Ubung Kaja, Kec. Denpasar Utara, Denpasar, Bali (Lokasi Laboratorium)","Bali","(0361) 9009401","labdbmp@gmail.com","2027-02-20","2027-02-20","true","false","false","false","false","false","","","","Beton, aspal, aspal campuran, agregat kasar dan halus, tanah","https://drive.google.com/drive/folders/1c8Vvcw0YhE9tAmMbN2Peh2dA9El1mRp0?usp=drive_link",""
"LP-1181-IDN","PT Global Environment Laboratory","Jl. Poros Samarinda-Bontang Gg. 16 No. 77, RT 006, Kel. Lempake, Kec. Samarinda Utara, Samarinda, Kalimantan Timur","Kalimantan Timur","(0541) 2834691","inquirylab.gel@gmail.com","2027-02-20","2027-02-20","false","false","true","false","false","false","26 27 28 29","163","2026-04-29","Air untuk keperluan higiene dan sanitasi, air sungai, air sumur, air limbah, udara ambien, kebisingan, getaran, lingkungan kerja, udara emisi sumber tidak bergerak, emisi gas buang kendaraan bermotor tipe M, N, O dan emisi gas buang kendaraan bermotor tipe L","https://drive.google.com/drive/folders/1cc9qwH9rBP3lJ-Lusjio8ZIzj7-p23jz?usp=drive_link","https://layanan.kan.or.id/direktori-lpk/1696/1"
"LP-1182-IDN","PT Adei Plantations & Industry - Mandau Central Laboratory","Jl. Raya Lintas Pekanbaru - Duri, Km. 101, Kab. Bengkalis, Pekanbaru, Riau","Riau","085376787829","mcl@klk.co.id","2027-02-20","2027-02-20","false","true","true","false","false","false","","","","Pupuk, minyak kelapa sawit, air bersih/air untuk keperluan higiene dan sanitasi, air limbah, air sumur, air sungai, air waduk","https://drive.google.com/drive/folders/1cxiP8YGDOf8Rzy7-cEpAqpHiU_Jvu75c?usp=drive_link",""
"LP-1184-IDN","PT Sibaweh Laboratorium Indonesia","Jl. Moch. Toha No. 51 C, Kel. Pungkur, Kec. Regol, Bandung, Jawa Barat","Jawa Barat","(022) 42822868","info@sibaweh.com","2027-03-20","2027-03-20","false","false","false","true","false","false","","","","Produk olahan daging, produk olahan ikan, produk olahan telur, produk olahan buah-buahan, produk olahan sayur- sayuran, produk olahan kacang-kacangan, produk olahan serelia, produk olahan rempah-rempah, produk olahan perkebunan, Produk olahan susu","Lihat",""
"LP-1189-IDN","UPT Laboratorium Kesehatan Ikan dan Lingkungan, Dinas Kelautan dan Perikanan Provinsi Jawa Timur","Ds. Sidepan, Kec. Winongan, Kab. Pasuruan, Jawa Timur (Kantor) Jl. Perikanan No. 746, Kalianyar, Bangil, Kab. Pasuruan, Jawa Timur (Laboratorium)","Jawa Timur","(0343) 741654","pbap_bangil@yahoo.co.id","2027-04-01","2027-04-01","false","false","true","false","false","false","","","","Ikan air payau (bandeng, nila), ikan air laut (kerapu, kakap, bandeng), ikan air tawar (patin, mas lele, koi, gurame, nila), udang air payau (vannamei, windu), air payau, air laut,dan air tawar, udang windu, udang vannamei, ikan mas, ikan koi","https://drive.google.com/drive/folders/1eBghIrbgpJiis_MXe2BxIPfxwKWUOfLl?usp=drive_link",""
"LP-1191-IDN","Balai Perikanan dan Budidaya Laut Lombok","P.O.BOX 1 Sekotong Barat, Dsn. Gili Genting, Desa Sekotong Barat, Kab. Lombok Barat, Nusa Tenggara Barat","Nusa Tenggara Barat","081339322666","labkeskanlinglombok@gmail.com","2027-04-01","2027-04-01","false","false","true","false","false","false","","","","Ikan laut (kerapu, bawal, kakap), udang (vanamei, windu), air laut","https://drive.google.com/drive/folders/1ete3Zb1pQX2hZkprgEtOTr4E0cQ7a9nr?usp=drive_link",""
"LP-1193-IDN","UPT Laboratorium Lingkungan Dinas Lingkungan Hidup Kabupaten Rokan Hulu","Komplek Perkantoran Bina Praja Kabupaten Rokan Hulu, Pasir Pangaraian, Kab. Rokan Hulu, Riau","Riau","(0762) 91849","uptlabordlhrokanhulu@gmail.com","2027-04-17","2027-04-17","false","false","true","false","false","false","","","","Air sungai, air danau, air bersih, air limbah","https://drive.google.com/drive/folders/1fngi2Y4Yvhgi5Cge3Lrz_TqvHYZaI8BF?usp=drive_link",""
"LP-1194-IDN","UPTD Laboratorium Lingkungan Dinas Lingkungan Hidup Kabupaten Muaro Jambi","Jl. Lintas Timur Sumatera, Komplek Perkantoran Bukit Cinto Kenang RT.21, Kel. Sengeti, Kec. Sekernan, Kab. Muaro Jambi, Jambi","Jambi","(0741) 590082","lablingmuarojambi@gmail.com","2027-04-17","2027-04-17","false","false","true","false","false","false","","","","Air limbah, air sungai","https://drive.google.com/drive/folders/1fo22PlvYVz4GtXlTrJk7sQDjTp5P4YiD?usp=drive_link",""
"LP-1195-IDN","Balai Veteriner Kelas B Boyolali (multilokasi)","Lokasi 1: Jl. Cendana No. 11, Boyolali, Jawa Tengah Lokasi 2: Jl. Ahmad Yani No. 54A, Banyumas, Jawa Tengah Lokasi 3: Jl. Balekambang Lor No. 3, Manahan, Banjarsari, Surakarta Lokasi 4: Jl. Diponegoro No. 1, Lingkup Eks. Bakorwil, Kota Magelang","Jawa Tengah","(0276) 321036","balai_veteriner@yahoo.co.id","2027-04-17","2027-04-17","false","false","true","true","false","false","","","","Daging, susu, telur dan olahannya (bakso, sosis, nugget, susu pasteurisasi, yogurt, telur asin), Air bersih untuk pengolahan pangan, sarang walet, kulit, swab, Daging, susu, telur, Serum sapi, kerbau, kambing/domba, Serum dan darah ayam, bebek, Feses sapi, kerbau, kambing/domba, ayam, kelinci, babi, Darah sapi, kerbau, kambing/domba, kuda, Swab kloaka oropharing, Air bersih untuk pengolahan pangan, sarang walet, kulit, swab","https://drive.google.com/drive/folders/1fp62zEGOadabx0V2608ADbuwvgodl1Y2?usp=drive_link",""
"LP-1196-IDN","PT PLN Nusantara Power UP Muara Karang","Jl. Pluit Karang Ayu No. 1, Pluit, Penjaringan, Jakarta Utara, DKI Jakarta","DKI Jakarta","(021) 6692806","kimlabupmkr@gmail.com","2027-04-29","2027-04-29","false","false","true","false","false","false","","","","Air proses, pelumas industri baru, pelumas mesin pompa dan turbin","https://drive.google.com/drive/folders/1gZyRD1WfhAWEpKRaRCzkeN465-XpFibz?usp=drive_link",""
"LP-1197-IDN","Bidang Laboratorium Forensik (BIDLABFOR) Polda Sumatera Selatan","Jl. Jend. Sudirman KM 4.5, MAPOLDA Sumatera Selatan","Sumatera Selatan","(0711) 318084","labforcabangpalembang@yahoo.co.id","2027-04-29","2027-04-29","false","false","false","false","true","false","","","","Blangko, cap stempel, produk cetak/tulisan cetak, fisik dokumen, dokumen, tanda tangan dan paraf, tulisan tangan, uang kertas rupiah, senjata api standar organik, senjata api rakitan, peluru standar organik, selongsong peluru, anak peluru, sisa mesiu penembakan, bom ikan, bahan peledak, petasan, buccal swab, darah, sperma, handphone, simcard, abuarang sisa kebakaran, bong, cangklong, cairan dalam bong, pasta, kristal, daun/daun kering","https://drive.google.com/drive/folders/1geXEctRAcWtPo96iKYzmy0hpq80jQjGz?usp=drive_link",""
"LP-1198-IDN","UPT Perlindungan Tanaman Pangan dan Hortikultura, Dinas Pangan Tanaman Pangan dan Hortikultura Provinsi Riau - Laboratorium Pestisida","Jl. Hang Tuah Ujung, No.71, Pekanbaru, Riau","Riau","(0761) 34392","laboratorium.pestisida.riau@gmail.com","2027-04-29","2027-04-29","false","false","false","true","true","true","","","","Sayuran buah (cabe), sayuran daun (salada), beras, formulasi pestisida, agens pengendali hayati","https://drive.google.com/drive/folders/1gj5sa9H5YJgBoTatLvheAx_SiokjCgoB?usp=drive_link",""
"LP-1201-IDN","Balai Besar Pengawas Obat dan Makanan di Mataram","Jl. Catur Warga, Mataram, Nusa Tenggara Barat","Nusa Tenggara Barat","(0370) 621926","bpom_mtrm@yahoo.com","2027-05-22","2027-05-22","false","false","false","true","false","false","","","","Terapetik dan Napza (tablet, kapsul, sirup/suspensi, injeksi/infus, salep/tetes, suppositoria), psikotropika/narkotika (injeksi, serbuk/bahan baku), Obat tradisional dan suplemen kesehatan, Kosmetika (sediaan bayi, sediaan kebersihan badan, sediaan perawatan kulit, sediaan rias wajah, sediaan rias mata, sabun mandi, sediaan wangi-wangian, sediaan rambut, sediaan pewarna rambut, sediaan cukur, sediaan hygiene mulut, sediaan kuku, sediaan tabir surya, sediaan menggelapkan kulit) Pangan (Susu dan Produk Analognya, Lemak Minyak dan Emulsi Minyak Lemak dan Minyak Nabati, Es untuk Dimakan, Buah dan Sayur, Rumput Laut, Biji-Bijian, Kembang Gula/Permen dan Coklat, Serelia dan Produk Serelia, Produk Bakeri Keik, Kukis dan Pai, Daging dan Produk Daging, Ikan dan Produk Perikanan, Pemanis, Garam, Rempah, Saus, Salad dan Produk Protein, Produk Pangan untuk Keperluan Gizi Khusus, Minuman) Mikrobiologi","https://drive.google.com/drive/folders/1h3qp0PSrWQKtUMSVXg5kky9RC3KfURBk?usp=drive_link",""
"LP-1203-IDN","UPTD Laboratorium Lingkungan Dinas Lingkungan Hidup dan Kebersihan Kota Depok","Jl. Merdeka Raya No. 45, Kel. Abadijaya, Kec. Sukmajaya, Kota Depok, Jawa Barat","Jawa Barat","(021) 77820929","labblhdepok@gmail.com","2027-05-22","2027-05-22","false","false","true","false","false","false","","","","Air sungai, air limbah","https://drive.google.com/drive/folders/1hcSSZvVU-esjs60MAa6IN3f_cMBabCxv?usp=drive_link",""
"LP-1205-IDN","Balai Karantina Hewan, Ikan, dan Tumbuhan Riau","Jl. Ikhlas 2, Simpangtiga, Kec. Bukit Raya, Pekanbaru, Riau","Riau","(0761) 22172","labkt.pekanbaru@gmail.com","2027-06-04","2027-06-04","false","false","false","true","true","false","","","","Lalat buah, Serum darah ayam DOC (Day old chicken), Serum darah sapi, kambing, domba, specimen serangga, daun ubi kayu, Bungkil Kelapa Sawit, Biji Kedelai, Biji Gandum, serum hewan pembawa rabies","https://drive.google.com/drive/folders/1ht8sg5LlEMmoik4PC8ED4XBSTEjwClAn?usp=drive_link",""
"LP-1210-IDN","PT East Jakarta Industrial Park (EJIP)","Kawasan Industri EJIP, Jl. Citanduy 7, Plot WATEC, Cikarang Selatan, Kab. Bekasi, Jawa Barat","Jawa Barat","(021) 8971118","elab@ejip.co.id","2027-06-27","2027-06-27","false","false","true","false","false","false","","","","Air sungai, air limbah, udara ambien, kebisingan lingkungan, emisi sumber tidak bergerak","https://drive.google.com/drive/folders/1j5pAXRwIcCz4axUMh0d2agPyh0dONnlf?usp=drive_link",""
"LP-1212-IDN","UPTD Laboratorium Kesehatan Daerah Provinsi Banten","Jl. Syech Nawawi Al-Bantani, Banjar Agung, Kab. Serang, Banten","Banten","(0254) 7913025","123labkesdabanten@gmail.com","2027-06-27","2027-06-27","false","false","true","false","false","false","","","","Air minum, air untuk keperluan higiene dan sanitasi, air minum dalam kemasan, swab nasofaring dan orofaring","https://drive.google.com/drive/folders/1jHb4X0Idz_vIsFd2wG4mYu4AUvYX0Mjq?usp=drive_link",""
"LP-1222-IDN","Bidang Laboratorium Forensik (BIDLABFOR) Polda Sumatera Utara","Jl. SM Raja Km. 10,5, Kawasan Mapoldasu, Medan","Sumatera Utara","(061) 7942391","labforcabmedan01@gmail.com","2027-08-28","2027-08-28","false","false","false","false","true","false","","","","Blangko, cap stempel, tulisan cetak, material dokumen, tanda tangan dan paraf, uang kertas palsu, peralatan pengujian MDMA (kristal, tablet, cairan, bong, pipet kaca, sedotan, plastik bekas pakai, aluminium foil), pengujian cannabis (pohon, daun kering, ranting kering, biji kering, linting, linting sisa bakar), pengujian metamfetamin (tablet, serbuk), bercak darah kering, buccal swab, bercak darah, bercak sperma, senjata api, peluru, anak peluru, selongsong peluru, HP, SIMCARD, Respon tubuh manusia","https://drive.google.com/drive/folders/1kCm5zLBHOjqzB3j6N03XD16NfkqvNJyy?usp=drive_link",""
"LP-1227-IDN","UPT Laboratorium Lingkungan Dinas Lingkungan Hidup Kabupaten Serang","Jl. Letnan Jidun No. 4, Kabupaten Serang","Banten","(0254) 220849","labling.kabserang@gmail.com","2027-08-28","2027-08-28","false","false","true","false","false","false","","","","Air limbah, air permukaan (air sungai, air danau), air untuk keperluan hygiene sanitasi","https://drive.google.com/drive/folders/1k_rJBpN-sIUP1cPFw-5mAr7Wqt09lcjE?usp=drive_link",""
"LP-1229-IDN","PT Megalopolis Manunggal Industrial Development","Jl. Kalimantan, Blok DD, Kawasan Industri MM 2100, Cikarang Barat, Bekasi, Jawa Barat","Jawa Barat","(021) 8981001","environment@mmid.co.id","2027-08-28","2027-08-28","false","false","true","false","false","false","","","","Air limbah","https://drive.google.com/drive/folders/1koRFXVaM9r9Oy4Zjq08TIEQYVIj0xeT2?usp=drive_link",""
"LP-1231-IDN","UPT Laboratorium Lingkungan Dinas Lingkungan Hidup dan Kehutanan Provinsi Banten","Jl. KH. Syech Nawawi Al-Bantani Palima, KP3B (Kawasan Pusat Pemerintahan Provinsi Banten), Kab. Serang, Banten","Banten","(0254) 267093","uptlaboratoriumlingkungan@gmail.com","2027-08-28","2027-08-28","false","false","true","false","false","false","","","","Air sungai, air danau, air sumur, air limbah, air minum, air bersih/air untuk keperluan higiene dan sanitasi, udara ambien, kebisingan lingkungan","https://drive.google.com/drive/folders/14TCRiWBSTh22Ca2vEMaAM3R5ZbZ9O3tH?usp=drive_link",""
"LP-1233-IDN","Balai Karantina Hewan, Ikan, dan Tumbuhan Kalimantan Utara","Jl. Yos Sudarso No. 11 RT 04, Kec. Lingkas Ujung, Kec Tarakan Timur, Kota Tarakan, Kalimantan Utara","Kalimantan Utara","(0551) 21528","bkp.tarakan@yahoo.co.id","2027-09-06","2027-09-06","false","false","false","false","true","false","","","","Serum darah sapi, preparat ulas darah sapi, daun kelapa, biji kedelai","https://drive.google.com/drive/folders/1lUPE-8OyNr785nZbdMERduYT2lbKHLsQ?usp=drive_link",""
"LP-1234-IDN","Balai Karantina Hewan, Ikan, dan Tumbuhan Papua Selatan","Jl. Peternakan Mopah Lama, Merauke, Papua","Papua","(0971) 3331919","skpmerauke@yahoo.com","2027-08-28","2027-08-28","true","false","false","true","false","false","","","","Serangga gudang pada beras, serangga gudang pada kopra, serangga gudang pada biji jagung, kacang tanah, kacang hijau, dan beras, cendawan pada biji kedelai, serum darah sapi, serum darah ayam","https://drive.google.com/drive/folders/1ldachfbVVEaf6GuVQsqXUXX5sjBH6BQK?usp=drive_link",""
"LP-1236-IDN","Balai Teknologi Air Minum Kementerian Pekerjaan Umum dan Perumahan Rakyat","Jl. Chairil Anwar I No. 1, Kel. Margahayu, Kec. Bekasi Timur, Kota Bekasi, Jawa Barat","Jawa Barat","(021) 8804242","labbalaitam@gmail.com","2027-08-28","2027-08-28","false","false","true","false","false","false","","","","Air untuk keperluan higiene dan sanitasi, air minum, air limbah, air bersih, air baku (air sungai)","https://drive.google.com/drive/folders/15DpxCLBXZF8v1Z5mLnbsEnTj_aFLMeeF?usp=drive_link",""
"LP-1238-IDN","Fakultas Perikanan dan Ilmu Kelautan Universitas Borneo Tarakan - Laboratorium Kualitas Air","Jl. Amal Lama No. 1 Tarakan Timur, Kalimantan Utara","Kalimantan Utara","081803662423","labkafpik@gmail.com","2027-08-28","2027-08-28","false","false","true","false","false","false","","","","Air limbah","https://drive.google.com/drive/folders/1mPxf0KH5XKL_6XhD3reyx-f7zevdfscS?usp=drive_link",""
"LP-1239-IDN","UPT Laboratorium Lingkungan Dinas Lingkungan Hidup Kabupaten Asahan","Jl. WR. Supratman No.13 Kisaran, Sumatera Utara","Sumatera Utara","(0623) 41182","elperidamanuihuruk17@gmail.com","2027-08-28","2027-08-28","false","false","true","false","false","false","","","","Air sungai, air untuk keperluan higiene dan sanitasi, air minum, air limbah, udara ambien, emisi sumber tidak bergerak, emisi sumber bergerak","https://drive.google.com/drive/folders/1mn96YaQITn-WRleR6xyk7zj3fbFoR2Vd?usp=drive_link",""
"LP-1241-IDN","Balai Karantina Hewan, Ikan, dan Tumbuhan Gorontalo","Jl. Achmad Nadjamuddin No. 21, Dulalowo, Kec. Kota Tengah, Kota Gorontalo, Gorontalo","Gorontalo","(0435) 821609/827653","bkpgorontalo@gmail.com","2027-09-06","2027-09-06","false","false","false","true","true","false","","","","Serum darah sapi, serum atau darah unggas (ayam, bebek, burung), darah sapi, preparat apus darah sapi, serangga gudang pada biji jagung, beras, kopra, bungkil kopra, bungkil kelapa, kelapa, benih/biji dan daun jagung (Zea mays)","https://drive.google.com/drive/folders/1ms2f19k8uUMqbzIeHkf6P3LfaoJH4x6G?usp=drive_link",""
"LP-1247-IDN","UPT Laboratorium Lingkungan Dinas Lingkungan Hidup Kabupaten Agam","Jl. Sikumbang No. 1 Padang Baru, Lubuk Basung, Kab. Agam, Sumatera Barat","Sumatera Barat","(0752) 877813","labor.bplh.agam@gmail.com","2027-09-18","2027-09-18","true","false","true","false","false","false","","","","Air sungai, air danau, air tanah/sumur pantau TPAS, air lindi, air untuk keperluan higiene sanitasi, air limbah, air minum","https://drive.google.com/drive/folders/1nhsalmHOBdgw_zjvrU-bV4p1QCkMRuYt?usp=drive_link",""
"LP-1256-IDN","PT Sentana Adidaya Pratama-Gresik","Jalan Kapten Darmo Sugondo No. 56 , Gresik 61124 Jawa Timur","Jawa Timur","(0231) 3989101","marwan.hadi@wilmar.co.id","2027-10-16","2027-10-16","false","true","false","false","false","false","","","","Pupuk NPK padat, pupuk MOP, pupuk fosfat alam untuk pertanian,","https://drive.google.com/drive/folders/1pPd-intYBk9vKzu7Mglzb4dLyZX7O1Lk?usp=drive_link",""
"LP-1259-IDN","Departemen Ilmu Tanah dan Sumberdaya Lahan, Fakultas Pertanian, Universitas Padjajaran (UNPAD)","Jl. Raya Bandung-Sumedang KM 21 Jatinangor, Kabupaten Sumedang","Jawa Barat","(022) 7797200","labktnt@gmail.com","2027-10-31","2027-10-31","true","true","false","false","false","false","","","","Pupuk NPK, Tanah, Pupuk organik padat","https://drive.google.com/drive/folders/1po71WRH8SGNL7FkQr9BxeOPB3ZERvUM8?usp=drive_link",""
"LP-1263-IDN","UPT Pengujian Energi dan Sumber Daya Mineral Provinsi Jawa Timur","Jl. Perak Timur No. 320, Surabaya, Jawa Timur","Jawa Timur","(031) 99093115","labesdm@gmail.com","2027-11-18","2027-11-18","false","false","true","false","false","false","","","","Air untuk keperluan hygiene sanitasi","https://drive.google.com/drive/folders/1qBeCgVLR1fg9Uzz5H85v7tKeatu0YMO5?usp=drive_link",""
"LP-1264-IDN","UPTD Laboratorium Kesehatan Daerah Kota Tangerang Selatan","Jl. Tekno Widya Sektor XI No. 1, Taman Tekno, BSD, Tangerang Selatan","Banten","081346276576","labkesda_tangsel@yahoo.co.id","2027-11-18","2027-11-18","false","false","true","false","false","false","","","","Air Minum, Air untuk Keperluan Higiene Sanitasi","https://drive.google.com/drive/folders/1qTZhJmz8ICmoPcIVycJwJmY1wGs1XTmm?usp=drive_link",""
"LP-1265-IDN","Balai Karantina Hewan, Ikan, dan Tumbuhan Papua Barat Daya","Jl. Selat Sunda (Komplek Bandara Deo), Sorong, Papua Barat Daya","Papua Barat","(0951) 321220","skp.sorong@gmail.com","2027-11-18","2027-11-18","false","false","false","true","false","false","","","","Serum darah sapi, beras, kopra (daging buah kelapa), kernel kelapa sawit, spesimen serangga, biji kedelai, Umbi Kentang","https://drive.google.com/drive/folders/1qStOA4ZfxMwgzfb5LBPEnN4_XYUPht6V?usp=drive_link",""
"LP-1273-IDN","UPTD Balai Mekanisasi dan Sarana Prasarana Pertanian, Dinas Perkebunan, Tanaman Pangan dan Hortikultura Provinsi Sumatera Barat - Laboratorium Penguji Mutu Alsintan","Jl. Syech Djamil Djambek, Landbouw, Bukittinggi, Sumatera Barat","Sumatera Barat","(0752) 22823","lpma.bmptph@gmail.com","2027-11-18","2027-11-18","false","true","false","false","false","false","","","","Mesin Pencacah Hijauan Pakan Ternak, Mesin Perontok Padi Tipe Pelemparan Jerami, Mesin pemipil jagung, Mesin Penghancur (crusher) bahan baku pupuk organik, Mesin pencacah (chopper) bahan pupuk organik","https://drive.google.com/drive/folders/1rQUi5v2yjEm3Lt_PoFYeB3bYH-yJG_hH?usp=drive_link",""
"LP-1276-IDN","PT Ubar Jalindo","Jl. Mekar Mulya, Kav No.7, Panyileukan, Bandung, Jawa Barat","Jawa Barat","(022) 87885577","ubarjalindo@gmail.com","2027-11-18","2027-11-18","false","false","true","false","false","false","","","","Air limbah, air sungai, air danau, air untuk keperluan higiene sanitasi, kebisingan, udara ambien, lingkungan kerja, emisi sumber tidak bergerak, kebisingan","https://drive.google.com/drive/folders/1r_zDpyuSoQkPxjFZ8avPfKF_rFtYd5zz?usp=drive_link",""
"LP-1277-IDN","UPTD Laboratorium Lingkungan Dinas Lingkungan Hidup Kota Bengkulu","Jl. WR. Supratman No. 08A, Kel. Bentiring Permai, Kec. Muara Bangkahulu, Bengkulu","Bengkulu","(0736) 20853","lab_ling_kotabkl@yahoo.com","2027-11-18","2027-11-18","false","false","true","false","false","false","","","","Air sungai dan air limbah","https://drive.google.com/drive/folders/1rolXa7KgomCUQA4bm0HObQW-ZdHbUZsW?usp=drive_link",""
"LP-1279-IDN","Balai Karantina Hewan, Ikan, dan Tumbuhan Papua Tengah","Jl. Yos Sudarso Km. 05, Wonosari Jaya, Mimika Baru, Kab. Mimika, Papua Tengah","Papua","(0901) 3215162","timika.karantinapertanian@gmail.com","2027-12-02","2027-12-02","false","false","true","true","false","false","","","","Beras, Buah (Jambu Biji, Jambu Air, Pisang Raja, Cabe, Tomat, Serangga), Serum (sapi, kambing, domba, ayam, Itik, Entok Bebek)","https://drive.google.com/drive/folders/1sHwZPdrRTkQABEGOZ7RqGqSen2ZJACcM?usp=drive_link",""
"LP-1280-IDN","Dinas Lingkungan Hidup Kabupaten Karanganyar","Jl. KH Samanhudi Cangakan Karanganyar","Jawa Tengah","(0271) 6491231","labpenguji.kra@gmail.com","2027-12-02","2027-12-02","false","false","true","false","false","false","","","","Air Limbah","https://drive.google.com/drive/folders/1sL5IK9RIIXMU-NJJbBaFylaDjr5zUmtS?usp=drive_link",""
"LP-1281-IDN","UPTD Laboratorium Lingkungan Dinas Pertanahan dan Lingkungan Hidup Kabupaten Balangan","Jl. Ahmad Yani Km 5,5 Kel Batupiring , Kec Paringin Selatan, Kab. Balangan","Kalimantan Selatan","(0526) 2094102","UPT.LabBLHKblg@gmail.com","2027-12-02","2027-12-02","false","false","true","false","false","false","","","","Air permukaaan (air sungai, air danau), air limbah","https://drive.google.com/drive/folders/1swP2s9B_yP5ksSszMj-nIzoRQOKE2nGx?usp=drive_link",""
"LP-1282-IDN","PT Geomarindex","Jl. Raya Kranggan No. 17, RT 001, RW 005, Kel Jatisampurna, Bekasi","Jawa Barat","(021) 8441070 ; (021) 22988580","geodds@gmail.com","2027-12-02","2027-12-02","true","false","false","false","false","false","","","","Tanah","https://drive.google.com/drive/folders/1tf-QzT8cEwBpaVALRjF_frbIaDqD1_CK?usp=drive_link",""
"LP-1284-IDN","PT Mutuagung Lestari Tbk Cabang Medan","Jl. Ngumban Surbakti Nomor 60, Sempakata, Medan Selayang, Medan, Sumatera Utara","Sumatera Utara","(061) 42081350","qa@mutucertification.com","2027-12-02","2027-12-02","false","false","true","false","false","false","","","","Air Sungai, Air danau, air limbah, Air untuk keperluan higiene sanitasi, emisi sumber tidak bergerak, udara ambien, kebisingan, air minum, kebauan, CPO, udara emisi sumber bergerak","https://drive.google.com/drive/folders/1tD2R_Sx3ptuiCly1_vZZ6TpsrbE-7zoQ?usp=drive_link",""
"LP-1285-IDN","PT Advanced Analytics Asia Laboratories","Ruko Salemba Mas Salemba Raya 34-36 K Kel Kenari Kec Senen, Jakarta Pusat, DKI Jakarta","DKI Jakarta","(021) 3161673","a3lablingk@lab.id","2027-12-02","2027-12-02","false","false","true","false","false","false","","","","Air limbah, Air Sungai, Air untuk keperluan Higiene dan sanitasi/ air minum, udara emisi sumber tidak bergerak, Udara ambien, Udara Lingkungan kerja, Kebisingan","https://drive.google.com/drive/folders/1tjd83tkKJPsw-NrUWwu0KW6MQI3LSoe8?usp=drive_link",""
"LP-1286-IDN","Balai Karantina Hewan, Ikan, dan Tumbuhan Sulawesi Utara","Jl. A.A Maramis No. 283, Kec. Mapanget, Kota Manado, Sulawesi Utara","Sulawesi Utara","225032938-07-11","karantinasulut@karantinaindonesia.go.id","2027-12-02","2027-12-02","false","false","true","false","false","false","","","","Serum darah unggas (Ayam) , Biji pala (Myristica fragrans), fully/bunga pala (Myristica fragrans), kopra (Cocos nucifera), bungkil kelapa (Cocos nucifera), bungkil sawit (Elaeis gueneensis) , Ikan mas, ikan nila , Ikan lele , Ikan mas, ikan koi, ikan nila , Capungan banggai , Ikan mas, ikan nila, ikan mujair, ikan lele dan ikan hias air laut , Ikan nila , Lobster air laut, kepiting, udang , Ikan nila, ikan mas, ikan lele","https://drive.google.com/drive/folders/1tprTVX7pVkbyQLKliXgTo0pEFhHSm5ZF?usp=drive_link",""
"LP-1289-IDN","UPTD Pengawasan dan Sertifikasi Benih Tanaman Pangan, Hortikultura dan Perkebunan Provinsi Banten","Jl. Raya Cilegon KM. 4 Drangong, Serang, Provinsi Banten 42162","Banten","(0254) 217842","bpsbbanten@yahoo.co.id","2027-12-18","2027-12-18","false","false","false","false","true","false","","","","Benih padi, jagung, kedelai","https://drive.google.com/drive/folders/1uNcuJrRKdeabE-92jpGx1lDIemQvmNqq?usp=drive_link",""
"LP-1291-IDN","PDAM Tirta Kahuripan Kabupaten Bogor","Jl. Raya Tegar Beriman No. 1 RT.5 RW.8, Kelurahan Sukahati, Kecamatan Cibinong, Bogor, Jawa Barat","Jawa Barat","(021) 83715759","labpdamkabbogor1@gmail.com","2027-12-18","2027-12-18","false","false","true","false","false","false","","","","Air bersih, air minum","https://drive.google.com/drive/folders/1v-azelo-Ts-__HvBZXOLtVpToJ0pqKwF?usp=drive_link",""
"LP-1292-IDN","UPT. Laboratorium Lingkungan Dinas Lingkungan Hidup dan Kehutanan Kabupaten Bulukumba","Jl. Dahlia No. 2, Kel. Caile, Kec. Ujung Bulu, Kab. Bulukumba, Sulawesi Selatan","Sulawesi Selatan","(0413) 81048","lablingbulukumba@gmail.com","2027-12-18","2027-12-18","false","false","true","false","false","false","","","","Air Sungai, air limbah, air laut","https://drive.google.com/drive/folders/1v38jckZqJ8sBkKzO8BIpFJZGcy4Yfv6j?usp=drive_link",""
"LP-1296-IDN","PT Citra Lestari Enviro","Jl. Setia Budi Komplek Setia Budi Point No. 36 C , Medan","Sumatera Utara","(061) 8211586","envirolab01@gmail.com","2027-12-18","2027-12-18","false","false","true","false","false","false","","","","Air bersih, air limbah, Air sungai, udara ambien, udara emisi sumber tidak bergerak, kebisingan","https://drive.google.com/drive/folders/1vTU6fUpN9Vzg252w1-2_NIYgC1aga56l?usp=drive_link",""
"LP-1298-IDN","Balai Perakitan dan Pengujian Tanaman Buah Tropika","Lokasi 1: Jl. Raya Solok-Aripan Km.8, PO. Box 5 Solok, Sumatera Barat Lokasi 2: Jl. Raya Solok-Sumani Km.10, PO Box 5 Solok, Sumatera Barat","Sumatera Barat","(0755) 20137","balitbu@litbang.pertanian.go.id","2028-01-01","2028-01-01","true","false","false","false","true","false","","","","Lokasi 1: Jaringan tanaman, tanah Lokasi 2: Daun tanaman pisang, manggis, Alpukat, durian, mangga","https://drive.google.com/drive/folders/1vqaFAcndnuZKwo3p40SuaSnBa_wmKxNn?usp=drive_link",""
"LP-1299-IDN","Balai Karantina Hewan, Ikan, dan Tumbuhan Sulawesi Tengah","Jl. Garuda No. 16, Kel. Birobuli Utara, Kec. Palu Selatan, Kota Palu, Sulawesi Tengah","Sulawesi Tengah","(0451) 491689,4925566","bkppalu@yahoo.co.id","2028-01-15","2028-01-15","false","false","false","true","false","false","","","","Serum darah Sapi, Buah Kelapa dan Biji Kakao, Ulas Darah Sapi dan kambing","https://drive.google.com/drive/folders/1vjfvNP4sZtXRquVTwW_X9wubSlv7FgXJ?usp=drive_link",""
"LP-1302-IDN","UPT Laboratorium Dasar dan Terpadu Universitas Khairun","Jl. Jusuf Abdurahman, Kampus II Universitas Khairun, Gambesi, Ternate Selatan, Kota Ternate, Maluku Utara","Maluku Utara","(0921) 3110904","ldt@unkhair.ac.id","2028-01-15","2028-01-15","false","false","true","false","false","false","","","","Air Sungai, Air danau, air rawa","https://drive.google.com/drive/folders/1wI75AR64ZNg94Exsvjo9FH5s_gP4aHnU?usp=drive_link",""
"LP-1303-IDN","Perumdam Tirta Kencana Kota Samarinda","Jl. Cendana Komplek PDAM Samarinda RT. 07 Kelurahan Karang Anyar Kecamatan Sungai Kunjang","Kalimantan Timur","(0541) 741460","labindukpdamsmd@yahoo.co.id","2028-01-15","2028-01-15","false","false","true","false","false","false","","","","Air baku, air minum dan air untuk keperluan higiene sanitasi","https://drive.google.com/drive/folders/1wMjsrdRVkSa9bJf1VrGZ0VS0bSckNZen?usp=drive_link",""
"LP-1305-IDN","Laboratorium Perumda Paljaya","Jl. Sultan Agung No. 1, Setiabudi, Jakarta Selatan","DKI Jakarta","(021) 8354252/8354253/8354255","laboratorium@paljaya.com","2028-01-15","2028-01-15","false","false","true","false","false","false","","","","Air Limbah","https://drive.google.com/drive/folders/1wYZbMf_VOp8_K7nw6R5bXzqnfp1GUL_O?usp=drive_link",""
"LP-1310-IDN","Balai Karantina Hewan, Ikan, dan Tumbuhan Nusa Tenggara Timur","Jl Yos Sudarso, Tenau, Kupang, Nusa Tenggara Timur Lokasi 1: Jl. Yos Sudarso, Tenau, Kota Kupang, Nusa Tenggara Timur (Hewan dan Tumbuhan) Lokasi 2: Jl. Ade Irma No. 06 Walikota Kupang, Nusa Tenggara Timur (Ikan) Lokasi 3: Jl. R. W. Monginsidi No. 3 Ende, Nusa Tenggara Timur (Hewan dan Tumbuhan)","Nusa Tenggara Timur","(0380) – 890040, 890200, 890011, 8563016","bkp-kupang@pertanian.go.id","2028-02-26","2028-02-26","false","false","false","true","false","false","","","","Lokasi 1: Serum darah sapi, Preparat ulas darah kuda, kerbau dan sapi, Umbi kentang (Solanum tuberosum ), Biji kedelai (Glycine max ), Spesimen lalat buah Lokasi 2: Insang udang, kepiting dan lobster, Insang ikan koi, mas, mas koki dan komet, Mata dan otak ikan nila dan kerapu, Ikan segar, beku dan kering Lokasi 3: Serum darah sapi, Kopra","https://drive.google.com/drive/folders/1xQgNe_36-gw-P9gq5xs3Jmh7OJkfWGAF?usp=drive_link",""
"LP-1318-IDN","Unit Pelaksana Teknis Daerah (UPTD) Laboratorium Lingkungan Dinas Lingkungan Hidup Kabupaten Pemalang","Jl. K.H. Ahmad Dahlan No. 10, Pemalang, Jawa Tengah","Jawa Tengah","(0284) 322121","klh_pemalangkab@yahoo.com","2029-06-26","2029-06-26","false","false","true","false","false","false","26","18","2026-04-13","Air sungai, air limbah","https://drive.google.com/drive/folders/1yTpN8f2ya29FyLCMKhxRXa5ygTYlSx10?usp=drive_link","https://layanan.kan.or.id/direktori-lpk/2348/1"
"LP-1319-IDN","PT RND Teknologi Indonesia","Jl. KSR Dadi Kusmayadi Blok C No. 9 RT 02 RW 05 Kel. Tengah, Kec. Cibinong, Bogor, Jawa Barat","Jawa Barat","(021) 521184","laboratory@rndindonesia.com","2029-06-26","2029-06-26","false","false","true","false","false","false","","","","Air sumur, air sungai, air limbah, air laut, udara ambien, kebisingan, emisi sumber tidak bergerak","https://drive.google.com/drive/folders/1EuY3GZI8LNRn5469UTBtUK0b4sKkpkfU?usp=sharing",""
"LP-1320-IDN","PT Pertamina Geothermal Energy, Tbk.","Jl. Raya Kamojang, Kabupaten Bandung, PO BOX 120 Garut","Jawa Barat","(022) 7806379 ; (022) 7806882-83","lab.pgekmj@pertamina.com","2029-06-26","2029-06-26","false","false","true","false","false","false","","","","Kondensat panas bumi, Air panas bumi, gas (uap panas bumi), batuan panas bumi, scale panas bumi","https://drive.google.com/drive/folders/1yfqTe9Y8bAJdMXxaGOVAldsEbNFnZ84O?usp=drive_link",""
"LP-1322-IDN","PT Hyundai Calibration and Certification Technologies Indonesia","Jl. I Gusti Ngurah Rai 10, RT 10/RW 11, Pondok Kopi, Kec. Duren Sawit, Jakarta Timur, DKI Jakarta","DKI Jakarta","(021) 22477781","hotlinemail@hctindonesia.id","2029-07-07","2029-07-07","false","false","true","false","false","false","","","","GPRS/GSM/CDMA/WCDM/ HSPA/LTE, Bluetooth, WLAN, Zigbee, Low power device & RFID, Telecommunication Products (laptop, mobile phone, BT speaker, tablet, router, car avn, tv with BT or wifi, BT remote, Wireless car key, Monitor with wifi or BT, Lora device, Tracking system, Wireless module, BT module,Wlan module, Lora module, 2g module, 3g module, 4g module, RFID module, low power module, POS terminal, BT medical equipment, wlan medical equipment, 2g 3g 4g medical, BT keyborad, BT mouse, low power Mouse, smart watch, wireless measurement equipment for electricity, wireless health checker, access point, smart plug, BT ear set, wireless microphone, wireless keyboard, wireless mouse, BT drone, wifi Drone, RFID Drone, 2G 3G 4G Drone, Lora Drone, wireless smart home devices, wireless projector, wireless powerbeam, wireless CCTV, CCTV camera, wireless MP3, wireless refridgerator, wireless desktop, wireless vaccuum cleaner, wireless water purifier, wireless bulb, wirless air purifier, wireless heater, wireless portable battery, wireless camera, wireless clock, wireless toy (RC car), wireless temperature recorder, wireless humidity recorder, wireless kindle, smart home system, smart pen, smart glasses, wireless e-cigarette, Car sensor, PDA), Subscriber Station 5G:5G NR FR1, Bluetooth, RLAN, WPAN, WPT, UWB, ITS, LPWAN Non seluler","https://drive.google.com/drive/folders/1zMRmVx3-TOQju_bmKU3FbUaGCX0-ECOW?usp=drive_link",""
"LP-1324-IDN","PT Prodia Occupational Health Indonesia","Jl. Niaga Raya Blok CC-5, No. 16-17, JCBD, Cikarang Selatan, Kab. Bekasi, Jawa Barat","Jawa Barat","(021) 89840586 ; (021) 89840584","ohc.cikarang@prodiaohi.co.id","2029-07-07","2029-07-07","false","false","true","false","false","false","","","","Urine manusia, Darah manusia, lingkungan kerja, Udara lingkungan kerja, Kebisingan, Air limbah","https://drive.google.com/drive/folders/1EsEov1PSbcWkKFvNs07oJR4dwz6ZwXGQ?usp=share_link",""
"LP-1333-IDN","Unit Pelaksana Teknis (UPT) Laboratorium Terpadu Universitas Syiah Kuala","Jl. Syech Abdul Rauf No. 10, Kopelma Darussalam, Banda Aceh, Aceh","Aceh","(0651) 3612265","lpt@unsyiah.ac.id","2029-09-01","2029-09-01","true","false","true","false","false","false","","","","Tanah, Beton, Tulangan baja, Baja profil, Bahan pakan ternak, Bahan pakan padat dan semi padat, Air bersih, Minyak nilam","https://drive.google.com/drive/folders/1-ojz0X20yWhhUkfneSYHWR9eCZVymGFR?usp=drive_link",""
"LP-1335-IDN","PT Fonterra Brand Manufacturing Indonesia - FSQ Laboratory","Kawasan Industri Terpadu Indonesia, China (KITIC) Kav. 55, Desa Nagasari, Kec. Serang Baru, Bekasi, Jawa Barat","Jawa Barat","(021) 30425445","Adi.Nuryaman@fonterra.com","2029-09-01","2029-09-01","false","false","true","false","false","false","","","","Milk Powder, Swab (Permukaan mesin & peralatan, Meja kerja proses, Lantai, Personal hygiene), air minum/ air bersih, cheese, butter","https://drive.google.com/drive/folders/1-pKEaqIboinMqTVveH_drl8bglbRbT87?usp=drive_link",""
"LP-1339-IDN","PT Gunung Sejahtera Ibu Pertiwi – Laboratorium R&D","Desa Pandu Senjaya, Kec. Pangkalan Lada, Kab. Kotawaringin Barat, Pangkalan Bun","Kalimantan Tengah","081281696722","myhermawan@astra-agro.co.id","2029-09-24","2029-09-24","true","true","true","false","true","false","","","","Daun dan Rachis Kelapa Sawit , Daun Kelapa Sawit , Tanah , Pupuk Organik Padat , Pupuk UREA , Pupuk NPK , Pupuk SP-36 , Pupuk FOSFAT ALAM , Pupuk KCl , Pupuk DOLOMIT , Pupuk BORAT , Pupuk kapur pertanian , Pupuk KIESERIT , Air Sumur , Air Limbah , Crude Palm Oil (CPO)","https://drive.google.com/drive/folders/119hXqiLN0OIql1klWtM-bEuAsbS_9jxa?usp=drive_link",""
"LP-1342-IDN","PT Greenlab Indo Global","Grha Environesia 1st floor, Jl. Jati Mataram No 284 B, Mlati, Sleman, D.I. Yogyakarta","DI Yogyakarta","(0274) 454 000 ext. 2","info@greenlab.co.id","2029-09-24","2029-09-24","true","false","true","false","false","false","10 13 26 27 28 29","329","2026-05-03","Air sungai, air danau, air rawa, air waduk, air mineral, air untuk keperluan higiene sanitasi, air kolam renang, air hemodialisa, air limbah, air laut, udara ambien, kebisingan, lingkungan kerja, udara emisi sumber tidak bergerak, udara emisi sumber bergerak, tanah","https://drive.google.com/drive/folders/11dHOMvtxuyNPfsqyMl6FBDZyAOnmBD8z?usp=drive_link","https://layanan.kan.or.id/direktori-lpk/2428/1"
"LP-1344-IDN","Balai Karantina Hewan, Ikan, dan Tumbuhan Papua Barat","Jl. Trikora Sowi IV, Distrik Manokwari Selatan, Kab. Manokwari, Papua Barat","Papua Barat","(0986) 2211194","skp_manokwari@ymail.com","2029-09-24","2029-09-24","false","false","false","false","true","false","","","","Serum darah sapi, benih padi, serum darah unggas, ayam dewasa, unggas, Biji Kedelai","https://drive.google.com/drive/folders/11dWbd9TU9uEauTh6L8zwEBIr3-QB8WIl?usp=drive_link",""
"LP-1345-IDN","Balai Penerapan Modernisasi Pertanian Papua Barat","Kawasan Terpadu Kementerian Pertanian, Jl. Trikora Anday, Manokwari, Papua Barat","Papua Barat","(0986) 2210832","labpascapanen.pb@gmail.com","2029-10-03","2029-10-03","false","false","false","true","false","false","","","","Ubi jalar, ubi kayu, tepung beras, tepung jagung, tepung sagu, Biji Kakao, Biji Kopi, Pala","https://drive.google.com/drive/folders/126T911gjshUXVw_4T-54l0qUAsnT3V-K?usp=drive_link",""
"LP-1348-IDN","PT Axo Green Laboratory","Jl. Rungkut Industri III, Ruko Galaxi SIER No. 7, Surabaya, Jawa Timur","Jawa Timur","(031) 99013124","axogreenlab16@gmail.com","2029-10-27","2029-10-27","false","false","true","false","false","false","","","","Air minum, air besih/air untuk keperluan higiene dan sanitasi, air permukaan (air sungai), air limbah, udara ambien, Udara Roadside","https://drive.google.com/drive/folders/13HnZnl42YDP664cpYMKes5qqwmLzeh9p?usp=drive_link",""
"LP-1350-IDN","Balai Besar Perakitan dan Modernisasi Pertanian Tanaman Padi","Jl. Raya No. IX, Ciasem, Sukamandi, Subang, Jawa Barat","Jawa Barat","(0260) 520157","laboratorium.bbpadi@gmail.com","2029-11-18","2029-11-18","false","false","false","true","true","false","","","","beras dan tepung beras, cokelat bubuk, kopi bubuk, gabah, beras, benih padi, benih jagung, benih kedelai, benih kacang hijau","https://drive.google.com/drive/folders/139h3OH9e7FbKB4X4_akPZd6QkLSBNhhc?usp=drive_link",""
"LP-1354-IDN","PT Bungasari Flour Mills","Jl. Raya Anyer Link Komp. Sinyar RT. 014/006 Tegal Ratu, Ciwandan District, Cilegon, Banten","Banten","(0254) 669222","indri.astutiningtyas@bungasari.com","2029-11-18","2029-11-18","false","false","true","false","false","false","","","","Tepung terigu, gandum dan by product, tepung kulit air (bran)","https://drive.google.com/drive/folders/14TPR0vC04xPe1RC75Bok2DtPUK0dV5WI?usp=sharing",""
"LP-1356-IDN","UPT Laboratorium Lingkungan Dinas Perumahan Rakyat, Kawasan Permukiman dan Lingkungan Hidup Kabupaten Tanah Laut","Jl. A. Syukri Kompleks Gagas, Permai Pelaihan, Kab. Tanah Laut","Kalimantan Selatan","(0512) 21552","uptlablingtanahlaut@gmail.com","2029-11-18","2029-11-18","false","false","true","false","false","false","","","","Air limbah, air permukaan, air danau, air untuk higiene sanitasi","https://drive.google.com/drive/folders/14vDqTOYZa-LeM2pW2sxlec_vftP_P71c?usp=drive_link",""
"LP-1358-IDN","PT Moya Indonesia","Atrium Setiabudi Building 4th Floor Suite 410, Jl. H.R. Rasuna Said Kav. 62, Kuningan, Kuningan, Jakarta Pusat - DKI Jakarta","DKI Jakarta","(021) 52103399","laboratorium@moyaasia.com","2029-11-28","2029-11-28","false","false","true","false","false","false","","","","Air minum","https://drive.google.com/drive/folders/15SMG3BkNlIFPWRmD8E6S--IT0yjsR3hv?usp=drive_link",""
"LP-1360-IDN","PT Telen Orbit Prima","Lokasi 1: Desa Buhut Jaya, Kec. Kapuas Tengah, Kab. Kapuas, Kalimantan Tengah Lokasi 2: Desa Teluk Timbau, Kec. Dusun Hilir, Kab. Barito Selatan, Kalimantan Tengah","Kalimantan Tengah","082139329885","alfredsba@turanggaresources.com","2029-11-17","2029-11-17","false","false","true","false","false","false","15 26","47","2026-04-29","Lokasi 1: batubara, air limbah, air sungai Lokasi 2: batubara","https://drive.google.com/drive/folders/1G_YjMLcMJ60Oek2QonWcPdhq_aRubCLc?usp=drive_link","https://layanan.kan.or.id/direktori-lpk/2628/1"
"LP-1362-IDN","UPTD Laboratorium Kesehatan Daerah Kota Bogor","Jl. R.M. Tirto Adhi Soerjo No. 3 Tanah Sareal, Kota Bogor, Jawa Barat","Jawa Barat","(0251) 8385082","labkesda.kotabogor@yahoo.com","2029-12-17","2029-12-17","false","false","true","true","false","false","","","","Air untuk higiene dan sanitasi, air minum, air limbah, air kolam renang, air sungai, air hemodialisa, pangan olahan, siap saji, usap dubur, usap peralatan masak, usap linen","https://drive.google.com/drive/folders/16Mm_7LRefgPJSFxT2_t3IRCCAf9iWbVc?usp=drive_link",""
"LP-1364-IDN","PT Geoservices GeoAssay Laboratory","Jl. Jababeka Raya KAV. E1 - 5, Kawasan Industri Jababeka, Kab. Bekasi, Jawa Barat","Jawa Barat","(021) 50324900","qcmindiv@geoservices.co.id","2029-12-17","2029-12-17","true","false","false","false","false","false","","","","Mineral, ore, logam, tanah","https://drive.google.com/drive/folders/16uK6ryQ6lstl8w2gdSjppmOb0R2Gg4Nk?usp=drive_link",""
"LP-1365-IDN","Balai Pengawas Obat dan Makanan di Jambi","Jl. RM. Nur Atmadibrata No. 11, Telanaipura, Jambi","Jambi","(0741) 61031","bpom_jambi@pom.go.id","2029-12-17","2029-12-17","false","false","false","true","false","false","","","","Obat, obat tradisional, kosmetik, produk susu dan analognya, lemak, minyak dan emulsi minyak, es untuk dimakan, buah dan sayur, convectionary, serealia dan produk serealia, produk bakeri, daging dan produk daging, ikan dan produk perikanan, grama, rempah, sup, salad, produk protein, produk pangan untuk keperluan khusus, minuman tidak termasuk susu, makanan ringan siap santap, makanan campuran","https://drive.google.com/drive/folders/17H53tsXHNrFu_w03aB8BkN48ltTHLkB5?usp=drive_link",""
"LP-1371-IDN","PT Wirakarya Sakti - Laboratorium Soil","Camp RDD Sei. Tapa Desa Kuala Dasal, Kec. Tungkal Ulu, Kab. Tanjung Jabung Barat, Jambi","Jambi","(0742) 510541 0822-7151-8096","reza.putri@sinarmasforestry.com","2030-02-02","2030-02-02","false","true","false","false","false","false","","","","Pupuk NPK Padat, Pupuk Rock Phospate (RP), Pupuk Dolomite, Pupuk KCl, Pupuk TSP, Pupuk Potassium Chloride (KCl), Pupuk Urea","https://drive.google.com/drive/folders/17xbnvIUrUgs8otgYZ8MpfKSRydft7A3k?usp=drive_link",""
"LP-1373-IDN","UPTD Laboratorium dan Pengujian Dinas Pekerjaan Umum Kota Semarang","Jl. Mlatiharjo Raya No. 11A, Kelurahan Mlatibaru, Kecamatan Semarang Timur, Semarang","Jawa Tengah","(024) 86042797","data_bes_wanda@yahoo.co.id","2030-02-02","2030-02-02","true","false","false","false","false","false","","","","Beton silinder, paving block, core drill aspal, core drill beton, tanah, agregat kasar, agregat halus","https://drive.google.com/drive/folders/17sciPl1EzyPeDfgRYF3r6wpHMmv1Hezb?usp=drive_link",""
"LP-1374-IDN","Balai Veteriner Lampung","Jl. Untung Suropati No. 2, Labuan Ratu, Bandar Lampung","Lampung","(0721) 701851","bppvreg3@gmail.com; saswiyanti@gmail.com","2030-02-18","2030-02-18","false","false","true","true","false","false","","","","Serum (sapi, unggas, babi), tinja (sapi, kerbau, kambing, domba, anjing), feses mamalia (sapi, kerbau, kambing, domba), feses unggas (ayam, itik, entok, burung), hewan mati/cadaver atau hidup (unggas, ruminansia, anjing, babi), otak hewan penular rabies (anjing, kucing, kera, sapi), organ asal unggas dan mamalia, daging dan telur, air asal farm yang masuk sistem distirbusi dan pada sistem distribusi, organ sapi, kambing & domba (hati, paru, ginjal, limpa, imfo grandula), organ, swab kloaka/trachea (ayam, itik, entok, burung), organ otak, tulang meat bone meal (MBM), daging pangan asal hewan (tikus/kerbau), daging ayam, usus ayam dan produk asal hewan (bakso dan sosis), isi rumen rumenansia, pakan hijau/konsentrat, air bersih, organ babi, swan nasal babi, darah babi dalam EDTA, produk olahan asal babi, organ limpa sapi, plasma darah sapi, buffycoat sapi, ulas darah sapi, organ sapi","https://drive.google.com/drive/folders/18Uzs_chYXjx4CcBxpkzzevUkROx_dyDk?usp=drive_link",""
"LP-1375-IDN","UPTD Balai Pengawasan dan Sertifikasi Benih Tanaman Pangan dan Hortikultura Provinsi Bali","Jl. Raya Sesetan KM.7, Denpasar, Bali","Bali","(0361) 720073","bpsbtphbali@gmail.com","2030-02-18","2030-02-18","false","false","false","false","true","false","","","","Benih Padi (Oriza sativa), Jagung (Zea mays), Kedelai (Glycine max)","https://drive.google.com/drive/folders/191BqEqgZC0uMQc-KnsXawQcrNS0t3yJX?usp=drive_link",""
"LP-1385-IDN","PT Nusa Laboratorium Indonesia","Jl. Pangeran Sogiri No. 60, Tanah Baru, Bogor Utara, Bogor, Jawa Barat","Jawa Barat","(0251) 8367688","info@nusalab.co.id","2030-03-17","2030-03-17","false","false","true","false","false","false","","","","Air sungai, air danau, air limbah, udara lingkungan kerja, kebisingan, udara ambien, udara emisi sumber tidak bergerak","https://drive.google.com/drive/folders/19sVmyOS0cagy8DKBVFxkbPI7OicQbxZZ?usp=drive_link",""
"LP-1386-IDN","Balai Perakitan dan Pengujian Tanaman Serealia","Jl. Dr. Ratuangi 274, Maros, Sulawesi Selatan","Sulawesi Selatan","(0411) 371529-371016","labbenihbalitsereal@gmail.com","2030-03-17","2030-03-17","false","false","false","false","true","false","","","","Benih Jagung (Zea mays), Benih Shorgum (Sorghum spp), Benih Gandum (Triticum aestivum)","https://drive.google.com/drive/folders/19pPK2S6F3NMD3D7C5exrsI8LAOzLCeif?usp=drive_link",""
"LP-1387-IDN","UPT Sertifikasi Benih Tanaman Pangan dan Hortikultura Provinsi Sumatera Utara, Dinas Tanaman Pangan dan Hortikultura Sumatera Utara","Jl. Jenderal Besar Dr. Abd. Haris Nasution No. 8, Medan","Sumatera Utara","(061) 7864132","donna_sinambela@yahoo.com","2030-03-17","2030-03-17","false","false","false","true","true","false","","","","Benih tanaman pangan (padi, jagung, kacang kedelai, kacang tanha, kacang hijau, kacang merah), benih hortikultura (bayam, seledri, kol bunga, sawi, cabai, semnagka, mentimun, wortel, kangkung, oyong, buncis, terong, tomat, kacang panjang)","https://drive.google.com/drive/folders/19pH0pNaMpRk02f-Hyaxpn-rlCu-0mWCf?usp=drive_link",""
"LP-1388-IDN","UPT Laboratorium Lingkungan Hidup Kabupaten Barito Utara","Jl. Simpang Pramuka I, Muara Taweh, Kab. Barito Utara, Kalimantan Tengah","Kalimantan Tengah","(0519) 23367","uptd_lablingbarut@yahoo.com","2030-03-17","2030-03-17","false","false","true","false","false","false","13 26","42","2026-04-29","Air permukaan (air sungai, air danau, air sumur), air limbah, air minum, air bersih (air untuk keperluan higiene dan sanitasi)","https://drive.google.com/drive/folders/19vzITfzsfVMzIsszGxsdBmk66IRGrHCw?usp=drive_link","https://layanan.kan.or.id/direktori-lpk/2600/1"
"LP-1389-IDN","UPT Laboratorium Lingkungan Dinas Lingkungan Hidup Kabupaten Bantul","Jl. Dr. Wahidin Sudiro Husodo No. 1, Yogyakarta","DI Yogyakarta","(0274) 2812572","dinas.lh@bantulkab.go.id","2030-03-17","2030-03-17","false","false","true","false","false","false","","","","Air sungai, air sumur, air limbah","https://drive.google.com/drive/folders/19tYqrgBIonjQY-SV4HmRhVykP75QmsA9?usp=drive_link",""
"LP-1391-IDN","PT Inti Surya Laboratorium","Icon Business Park, Jl. Raya Cisauk Lapan Blok O No. 5 - 6, Sampora, Cisauk, Tangerang, Banten","Banten","(021) 50898988","contact@intilab.com","2030-03-17","2030-03-17","true","false","true","false","false","false","","","","Air sungai, Air limbah , Air laut , Air tanah, Air untuk Keperluan Higiene Sanitasi, Air Reverse Osmosis, Air minum, Udara ambien, Swab lingkungan kerja (meja kerja, dinding, lantai), Kebisingan, Lingkungan kerja , Emisi Sumber Tidak Bergerak, Emisi Sumber bergerak","https://drive.google.com/drive/folders/1A1tl-CA9F-IkWQuqQUWVpc1NTJOUxhij?usp=drive_link",""
"LP-1392-IDN","Balai Peningkatan Mutu dan Keamanan Pangan","Lokasi 1: Jl. Gatot Subroto, Komplek Pertanian Tarubudaya Ungaran, Jawa Tengah Lokasi 2: Jl. Sindoro Raya, Mertoudan, Jebres, Surakarta, Jawa Tengah","Jawa Tengah","(024) 6924604","bpmkpjateng@gmail.com","2030-03-17","2030-03-17","true","false","false","true","false","false","","","","Beras, Gabah, Kopi, Kacang hijau, Kedelai, Jagung, Kacang tanah biji, Kacang tanah polong, ubi, bekatul, sorgum","https://drive.google.com/drive/folders/1AZE_yfKHmSg8iETA8yFrWIJk6VCA47AN?usp=drive_link",""
"LP-1395-IDN","PT Pertamina (Persero) - Laboratory Research and Technology Innovation","Jl. Raya Bekasi Km. 20, Pulogadung, Jakarta Timur, DKI Jakarta","DKI Jakarta","(021) 4609311","bagas.wicaksono@pertamina.com","2030-04-21","2030-04-21","false","false","true","false","false","false","","","","Avtur, solar, crude oil, gasoline, naphta, LPG, fuel oil, lube base/pelumas, SBP/LAWS/SF/Solphy-2, asphalt, Rubber Porcessing Oil, wax, green coke, polimer, air, katalis, absorben, air formasi, oil, gas, surfaktan, core plug, gas alam, water based mud, oil bases mud","https://drive.google.com/drive/folders/1C8Es2HIn6GTyAgXKYtTrlX6c_zPsEWQY?usp=drive_link",""
"LP-1396-IDN","Balai Pengawas Obat dan Makanan di Ende","Jl. Eltari, Kel. Paupire, Ende Tengah, Kab. Ende","","(0381) 2627492","lokapomende@gmail.com","2030-04-21","2030-04-21","false","false","false","true","false","false","","","","Selai buah, mie kering, tepung terigu, saos tomat/saus smabal, minuman kopi dalam kemasan, minuman teh dalam kemasan, kopi bubuk, bakso daging, terasi, formula bayi, keripik singkong, keripik buah","https://drive.google.com/drive/folders/1CBlodvXFBWSnirKLE3Tq3jrdjNXAEZO8?usp=drive_link",""
"LP-1397-IDN","Balai Besar Laboratorium Biologi Kesehatan","Lokasi 1: Jl. Percetakan Negara II No. 23, Jakarta Pusat, DKI Jakarta Lokasi 2: Jl. Dr. Semeru No. 63, Bogor, Jawa Barat","DKI Jakarta","(021) 42881754","labgizi.litbangkes@gmail.com","2030-04-21","2030-04-21","false","false","true","false","false","false","13 30","16","2026-05-03","Lokasi 1: Swab Nasopharing dan Oroparing, Sediaan Darah, Dry Blood Spot, Rapid Diagnostic Test (RDT) Malaria Lokasi 2: Serum Manusia, Air Susu Ibu (ASI), Susu Bubuk","https://drive.google.com/drive/folders/1COHGUpajncM6ufjXz3nLDqw0s8GQo496?usp=drive_link","https://layanan.kan.or.id/direktori-lpk/2650/1"
"LP-1403-IDN","UPTD Laboratorium Lingkungan Hidup Kabupaten Tojo Una-Una","Jl. Kajuou desa Sansarino Kec. Ampana Kota Kabupaten Tojo Una-Una, Kab. Poso","Sulawesi Tengah","085145035806","www.91full@gmail.com","2030-05-04","2030-05-04","false","false","true","false","false","false","","","","Air sungai, air muara, mata air, air limbah","https://drive.google.com/drive/folders/1JWTSizJQUhJVet3A9rl3tr_DL6wp5XZC?usp=drive_link",""
"LP-1406-IDN","PT Delta Indonesia Laboratory","Ruko Prima Orchard No. C2, Perum Prima Harapan Regency, Bekasi Utara, Kota Bekasi","Jawa Barat","(021) 88382018","loenabfq@gmail.com","2030-05-04","2030-05-04","false","false","true","false","false","false","","","","Udara ambien, kebisingan, lingkungan kerja, udara emisi sumber tidak bergerak, air limbah","https://drive.google.com/drive/folders/1Ky-o4FMN306uZO-pjq30CKnJVtHsHxbs?usp=drive_link",""
"LP-1407-IDN","Unit Pelaksana Teknis Daerah (UPTD) Laboratorium Lingkungan Dinas Lingkungan Hidup Kota Tegal","Jl. Lele No. 12,Tegal","","(0283) 356787","labling.tegal@gmail.com","2030-05-04","2030-05-04","false","false","true","false","false","false","","","","Air limbah, Air sungai, Air untuk keperluan hygiene sanitasi","https://drive.google.com/drive/folders/1LKskqKe2a8ADxMm9WmH7IcP85lU2I6kD?usp=drive_link",""
"LP-1409-IDN","Balai Besar Pelaksanaan Jalan Nasional VII - Unit Pelaksanaan Pengujian Semarang","Jl. Soekarno - Hatta KM 26, Karangjati, Kec. Bergas Kab. Semarang, Jawa Tengah","Jawa Tengah","(0298) 522911","lab.bbpjn7.smg@gmail.com","2030-05-19","2030-05-19","true","false","false","false","false","false","","","","Aspal, tanah, beton, agregat, campuran beraspal","https://drive.google.com/drive/folders/1LOpU-o1CkXeGDlhxp85NhqZrVq2Gi4BK?usp=drive_link",""
"LP-1411-IDN","Laboratorium Lingkungan Dinas Lingkungan Hidup Kabupaten Pidie","Jl. Banda Aceh - Medan Km. 111 Kec. Pidie Kab. Pidie, Nanggro Aceh Darussalam","Aceh","(0653) 22137","lablingkunganpidie@gmail.com","2030-05-19","2030-05-19","false","false","true","false","false","false","","","","Air sungai, air limbah","https://drive.google.com/drive/folders/1LlRnFBwzXEXfRB3MNxXTvAWkHcp_JEYp?usp=drive_link",""
"LP-1412-IDN","Balai Laboratorium Kesehatan Masyarakat Ambon","Jl. Tabea Jouw Kopertis Karang Panjang, Ambon","Maluku","(0911) 311377","btklppmambon@gmail.com","2030-05-19","2030-05-19","false","false","true","true","false","false","","","","Kebisingan lingkungan, udara ambien, lingkungan kerja, limbah cair, makanan (es untuk dimakan, buah dan sayuran, serelia dan produk serelia, produk bakeri, daging dan produk daging, ikan dan produk perikanan, telur dan produk telur, minuman berperisa, makanan ringan siap santap), air minum, air bersih, air badan air","https://drive.google.com/drive/folders/1M9VVxetPUytonOKkIpDtxIPzgyKWXW_3?usp=drive_link",""
"LP-1413-IDN","Balai Standardisasi dan Pelayanan Jasa Industri (BSPJI) Pekanbaru","Jl. Hang Tuah Ujung, No.124, Pekanbaru","Riau","(0761) 8406902","rawulandari@gmail.com","2030-05-19","2030-05-19","false","true","true","false","false","false","","","","Minyak goreng sawit, Crude Palm Oil (CPO), Pupuk NPK padat, Pupuk Urea, Air mineral, Air Demineral, Produk olahan daging (nugget, sosis, bakso), Produk bakeri (Roti dan Produk Bakeri Tawar dan Premiks)","https://drive.google.com/drive/folders/1MZcfidp_VTkEWROOIEIWuxVP-4U0aG8A?usp=drive_link",""
"LP-1415-IDN","Laboratorium Dinas Lingkungan Hidup Kabupaten Semarang","Kompleks perkantoran Candi Asri, Jl. Candirejo Kecamatan Ungaran Barat, Kab. Semarang","Jawa Tengah","(024) 6925605","labling.kabsmg@gmail.com","2030-06-01","2030-06-01","false","false","true","false","false","false","","","","Air limbah, Air Permukaan (Air Sungai dan Air Sumur), udara ambien, kebisingan","https://drive.google.com/drive/folders/19u5ffh5_p20FKFfMbXqvoUlOfw64UrYw?usp=drive_link",""
"LP-1416-IDN","Balai Perikanan Budidaya Laut Batam","Jl. Raya Trans Barelang Jembatan III, Pulau Setoko Kecamatan Bulang Kota Batam, Provinsi Kepulauan Riau","Kepulauan Riau","08116915800","labujibblbatam@yahoo.com","2030-06-01","2030-06-01","true","false","true","false","false","false","","","","Udang dan Air payau, Tanah, Ikan laut (bawal bintang, kakap putih, kerapu), Ikan laut (Bawal, Kakap Putih, Ikan Kerapu, Ikan Badut, Tirusan), (Ikan Laut Bertulang Sejati (Teleostei), Air laut,","https://drive.google.com/drive/folders/1NmHwJsy8-1D-1wXzRtynSmLlxR2eLqtp?usp=drive_link",""
"LP-1417-IDN","Balai Besar pelaksanan Jalan Nasional XVIII Jayapura","Kompleks Bina Marga Tanah Hitam Jl. Abepantai Abepura, Kota Jayapura, Papua","Papua","(0967) 681383","bbpjn18psp3@gmail.com","2030-06-01","2030-06-01","true","false","false","false","false","false","","","","Aspal, beton, baja, tanah","https://drive.google.com/drive/folders/1Nj4yVeWkz2B9Hpcpepu5HjN85xHYglpP?usp=drive_link",""
"LP-1419-IDN","Unit Pelaksana Teknis Daerah (UPTD) Laboratorium Lingkungan Dinas Lingkungan Hidup Provinsi Sulawesi Barat","Jl. TVRI, Kel. Rangas, Kec. Simboro, Mamuju, Sulawesi Barat","Sulawesi Barat","087842265586","uptdlablingsulbar@gmail.com","2030-06-16","2030-06-16","true","false","true","false","false","false","","","","Air sungai, air tanah, air limbah, kebisingan, udara ambien","https://drive.google.com/drive/folders/1OBh0KyqSTPTeioplCqdsBmIUYS_4OLdj?usp=drive_link",""
"LP-1425-IDN","Laboratorium Pengujian Pestisida UPT Balai Proteksi Tanaman Pangan dan Hortikultura - Dinas Pertahanan Pangan, Tanaman Pangan dan Hortikultura Provinsi Sulawesi Selatan","Jl. Dr. Ratulangi No. 69. Kab. Maros","Sulawesi Selatan","(0411) 371593","labpestisulsel@yahoo.co.id","2030-07-21","2030-07-21","false","false","false","false","false","true","","","","Tomat, formula/produk pestisida cair","https://drive.google.com/drive/folders/1QRQLbrAuEPB0UJYrZ7m2gVvlWuGk4jNZ?usp=drive_link",""
"LP-1426-IDN","UPTD Laboratorium Energi dan Sumber Daya Mineral Kelas A, Dinas Energi dan Sumber Daya Mineral Provinsi Jawa Tengah","Jl. Madukoro AA-BB Nomor 44 Tawang Mas, Semarang","Jawa Tengah","(024) 7608203","labesdmjtg@gmail.com","2030-07-21","2030-07-21","true","false","true","false","false","false","","","","Air permukaan, Air Tanah","https://drive.google.com/drive/folders/1QV6zaQ6TH0k_1WyQpOMT-giYINzslekU?usp=drive_link",""
"LP-1429-IDN","Laboratorium Analisa PT Sido Muncul","Jl. Soekarno Hatta Km 28, Ungaran, Kab. Semarang","Jawa Tengah","(0298) 523515","laborat@sidomuncul.co.id","2030-03-08","2030-03-08","false","true","true","true","false","false","","","","Air Bersih, Air Limbah, Air mineral, Air Minum, Alkohol bioetanol, Anggur/minuman beralkohol, Bawang putih dan ekstrak bawang putih, Chloromint , Coklat bubuk/Cacao, Egg Yolk , Ekstrak Alang-alang dan Alang-alang (simplisia), Ekstrak atau cairan obat dalam, Ekstrak bilberry, Ekstrak Gingko biloba, Ekstrak Jahe, Ekstrak kunyit, Ekstrak Sylimarin/milk thistle, Ekstrak Teh hijau, Ekstrak temulawak, Ekstrak Tribulus terrestris, Garam, Ginseng Kering dan Ekstrak Ginseng, Glukosa, Gula pasir, Identifikasi obat dalam jamu/obat tradisional, Jahe Kering, Kemasan, Kopi dan minuman yang mengandung kopi, Kunyit kering, Madu, Glucose, Fructose, Royal Jelly, Honey Powder, Meniran, Merica hitam, Merica putih dan Merica bolong, Minuman Cair (KALDB, KKB) , Minuman serbuk (KKB Energi Drink, Serbuk Telur, Ginger Tea, Jahe Wangi, Red Ginger, Beras Kencur, Kopi Jahe, Kopi Tubruk, Susu Jahe, Colatrend, Colamil, GTLS, C1000, Teh Susu Jahe, Alangsari, Kunyit Asam, Anak Sehat, Turmeric, STMJ Coklat / Kopi / Putih), Minuman suplemen C1000, Minuman Suplemen KKB Energi Drink cair dan serbuk, Minuman tradisional dalam bentuk serbuk atau cair, Minyak jahe, Minyak kayu putih, Obat tradisional (cair, serbuk, rajangan/simplisia, kapsul/tablet), Obat tradisional Cair, Obat tradisional serbuk, kapsul, kaplet, tablet, Permen, Pupuk, Pupuk Organik, Simplisia-simplisia, Susu, Susu bubuk dan Creamer, Temulawak kering, Sorbitol (Cairan), Minuman Tradisional dalam Bentuk Serbuk atau Cair, Gliserin, Minuman Mengandung Vitamin C","https://drive.google.com/drive/folders/1RRQdVfNOKdW-Y6vV8De_--l775uOQW-w?usp=drive_link",""
"LP-1431-IDN","UPT Balai Pengujian dan Sertifikasi Mutu Barang (BPSMB) Dinas Perdagangan Provinsi Sulawesi Selatan","Jl. A.P. Pettarani, Makassar","Sulawesi Selatan","(0411) 441239","bpsmbsulsel@yahoo.com","2030-08-18","2030-08-18","false","false","true","true","false","false","","","","Biji kakao, biji kopi, rumput laut, air mineral","https://drive.google.com/drive/folders/1SJKStAtuYf5xdc3d7eC5daKr9kcipgS1?usp=drive_link",""
"LP-1433-IDN","UPT Laboratorium Lingkungan Dinas Lingkungan Hidup Kabupaten Donggala","Jl. Jati No.3, Kompleks Perkantoran Gunung Bale, Kab. Donggala, Sulawesi Tengah","Sulawesi Tengah","(0457) 7020180","labdonggala@gmail.com","2030-10-20","2030-10-20","false","false","true","false","false","false","","","","Air untuk keperluan higiene dan sanitasi, air minum, air sungai dan air danau, air limbah, air luat, kebisingan","https://drive.google.com/drive/folders/1Sywe2VI9bBzVjKrA_OoikU2iuChLu5nT?usp=drive_link",""
"LP-1434-IDN","Balai Veteriner Subang","Jl. Terusan Garuda Blok Werasari RT.33 Rw.11, Dangdeur, Kab. Subang, Jawa Barat","Jawa Barat","(0260) 7423134","bppv_subang@yahoo.com bvet.subang@gmail.com","2030-10-20","2030-10-20","false","false","true","false","false","false","","","","Serum, organ, atau darah, feses, swab unggas, organ hewan, daging, susu, telur, otak, serum darah unggas, serum darah sapi, feses unggas dan mamalia, Darah dengan antikoagulan, serum darah, organ babi, Swab nasal, semen pada sapi, Darah dengan antikoagulan, semen pada sapi, Serum darah (sapi, kerbau, domba kambing, kerbau, babi, unggas), Darah utuh dengan antikoagulan (sapi, kerbau, domba dan kambing), Organ (trakhea, paru-paru, hati, jantung, limpa,dll), swab trakhea dan kloaka unggas, Organ otak (hippocampus) (anjing, kucing, kera), Ulas Darah Hewan (sapi, kerbau, domba dan kambing), Organ Pernafasan (trakhea dan paru- paru), swab nasal pada sapi & ayam, Organ (trakhea, paru-paru, hati, jantung, limpa,dll) dan feces pada sapi dan ayam serta air, Feses ayam","https://drive.google.com/drive/folders/1T3TEbJ4c057zz5sd2tORVpawgJ59krJz?usp=drive_link",""
"LP-1439-IDN","Balai Besar Karantina Hewan, Ikan dan Tumbuhan Selawesi Selatan","Jl. Perintis Kemerdekaan KM. 12, Makassar, Sulawesi Selatan","Sulawesi Selatan","(0411) 8958810","karantinasulsel@karantinaindonesia.go.id","2030-11-29","2030-11-29","false","false","true","true","true","false","","","","Lokasi 1: Serum darah ayam, ""Daging: sapi, ayam, babi, kerbau Jeroan sapi: jantung, limpa, paru, hati, babat, ginjal, Bakso: sapi, ayam, Daging olahan: sapi, ayam, Serum darah: sapi, kerbau, kambing, domba, Serum darah: anjing, kucing, Ulas darah : sapi, kerbau, Serum darah : sapi, kerbau, Ikan koi, mas, koki, komet, Ikan bandeng, kerapu, nila, Udang windu, udang vannamei, Udang windu, udang vannamei, lobster, udang kipas, udang ronggeng, kepiting bakau, Ikan mas, koi dan koki, Ikan mas, nila, lele, Ikan mas, lele, sidat, Ikan mas, koi, Ikan air tawar, Ikan kerapu, nila, Fresh dan frozen shrimp, Ikan kerapu, Ikan kerapu, tuna, Ikan mas, nila, Ikan mas, Ikan mas, koi, Kepiting, lobster, Ikan sidat, belut, Frozen demersal, frozen pelagic, Frozen tuna, frozen demersal, rumput laut dan produk rumput laut, Biji kakao (Theobroma cacao), kacang mete (Anacardium occidentale), biji jagung (Zae mays), biji gandum (Triticum spp.), lada (Piper nigrum), biji kedelai (Glycine max), biji kopi (Coffea spp.), Daun ubi kayu (Manihot utilissima), Bagian tanaman pada komoditas pisang (Musa spp.), rambutan (Nephelium lappaceum), sirsak (Annona muricata), srikaya (Anona squamosa); spesimen kutu putih Spesimen lalat buah (Bactrocera spp.), Biji Gandum (Triticum spp.), Biji dan bagian tamanan pada komoditi jagung (Zea mays) dan gandum (Triticum spp.), Biji dan bagian tanaman pada komoditi cabai (Capsicum spp), tomat (Solanum lycopersicum), terong (Solanum melongena), Biji dan bagian tanaman pada komoditi jagung (Zea mays), sorgum (Sorghum sp.) dan tebu (Saccharum officinarum), Allium spp., ubi jalar (Ipomoea batatas), Komoditi serealia Lokasi 2: Serum darah: sapi, kerbau, kambing, domba, Spesimen lalat buah (Bactrocera spp.)","https://drive.google.com/drive/folders/1U4YCfUyJMT-vnNEp8nFJ7nDi9Cj166W7?usp=drive_link",""
"LP-1441-IDN","PT Forisa Nusapersada","Jl. Bhumimas II No. 7 RT 003/RW003, Kawasan Industri Cikupamas, Talaga Cikupa, Kab. Tangerang, Banten","Banten","(021) 5940 3000","laboratory@forisa.co.id","2030-11-29","2030-11-29","false","false","true","true","false","false","","","","Minuman: serbuk minuman berbasis air berperisa yang berkarbonat, Minuman serbuk berperisa, Minuman rasa buah, Minuman kopi dalam kemasan, minuman teh dalam kemasan, Tepung agar-agar, Tepung dan Olahannya: Bubuk untuk saus dan gravies, Pasta dan mie serta produk sejenis pasta, premix bakery, Tepung bumbu","https://drive.google.com/drive/folders/1VOvISgFmnhCd4fBJG2HMGvaAVTUgEuex?usp=drive_link",""
"LP-1446-IDN","Pusat Pengembangan Sumber Daya Manusia Minyak dan Gas Bumi","Jalan Sorogo Nomor 1, Cepu","","(0296) 421888","laboratoriumpengujippsdmmigas@gmail.com","2030-12-29","2030-12-29","true","false","true","true","false","false","15 26 27 29","32","2026-05-04","Air Bersih (Higiene Sanitasi, Kolam Renang, dsb), Air Sungai/Air Danau, Air Limbah, Udara Ambien, Bensin, Avtur, Minyak Solar, Minyak Bakar, Pelumas, Bio Solar, Crude Oil, Agregat Halus (Pasir) dan Kasar (Kerikil), Beton, Tanah di Lapangan","https://drive.google.com/drive/folders/1Wu_OWhOaxZjJwJemvUnKhEV4O2bgKoi5?usp=drive_link","https://layanan.kan.or.id/direktori-lpk/2663/1"
"LP-1449-IDN","Laboratorium Teknik Universitas Bandar Lampung (LABTEK-UBL)","Jl. Zainal Abidin Pagar Alam No. 89 Kedaton, Bandar Lampung","Lampung","081271186088","labteknik@ubl.ac.id","2030-12-29","2030-12-29","true","false","false","false","false","false","","","","Beton, Tanah, Aspal, Baja Tulangan, Agregat Halus, Agregat Kasar, Besi dan Baja, Vulkanisat","https://drive.google.com/drive/folders/1XVG4hFa35h6MycAZ20rIN048O-iuA9Aj?usp=drive_link",""
"LP-1452-IDN","PT Genau Loka Gantari","Jl. Jambangan Kebon Agung No. 86, Surabaya, Jawa Timur","Jawa Timur","(031) 8289707","genaulokagantari@gmail.com","2030-12-29","2030-12-29","false","false","true","true","false","false","","","","Air Limbah, Air Sungai, Air untuk Keperluan Higiene Sanitasi, Air Laut, Air Minum, Limbah B3 (Padatan dan Sludge) / TCLP, Udara Ruang, Swab Permukaan (Meja, Alat Pengolahan, Dinding, Lantai), Swab Rektal, Makanan (Siap Saji, Makanan Campur) dan Minuman (Sari Buah/Jus), Udara Ambien, Kebauan , Lingkungan Kerja, Kebisingan, Udara Emisi Sumber Tidak Bergerak, Udara Emisi Sumber Bergerak","https://drive.google.com/drive/folders/1MNdi8wp5l1WVZHxzJmsQj-lZDLsr7JwF?usp=drive_link",""
"LP-1453-IDN","PT Sribangun Buminitya","Commercial Centre Jababeka Shop House No. B-16, Pasir Gombong, Cikarang Utara","","(021) 8934406","client.relation@sribangun.co.id","2030-12-29","2030-12-29","true","false","true","false","false","false","","","","Air limbah, air untuk keperluan higiene dan sanitasi, air sungai, air danau, air waduk, air muara, air mineral, air demineral, air mineral alami, air laut, kebisingan lingkungan, lingkungan kerja, udara ambien, udara emisi sumber tidak bergerak, limbah cair, leachate/lindi (TCLP), tanah, sedimen, padatan, sludge, slurry (TCLP)","https://drive.google.com/drive/folders/1MVrBazAv2qWdrIAyI2cWVFLm1oTRnF9F?usp=drive_link",""
"LP-1455-IDN","PT Binasawit Makmur, Sampoerna Agro","Jl. Basuki Rahmat No. 788, Palembang","Sumatera Selatan","(0711) 416111 ; 08117320378; 08117320379","retno.yustina@SampoernaAgro.com","2031-01-19","2031-01-19","true","true","true","false","true","false","10 14 26 28","70","2026-04-16","Tanah, jaringan tanaman, pupuk NPK, pupuk urea, MOP, KCl, RP, pupul Kieserite, pupuk Dolomite, pupuk Borate, Pupuk Diammonium Phospat (DAP), Pupuk Amonium sulfat (ZA), pupuk, Copper Sulphate, CPO, air kolam ikan, air kanal/air rawa (untuk irigasi), air sumur (untuk penyiraman di pembibitan), air limbah","https://drive.google.com/drive/folders/1MwFyRt00LmI4prXh5TCgQCZOFTAP0nWy?usp=drive_link","https://layanan.kan.or.id/direktori-lpk/2750/1"
"LP-1459-IDN","PT Multimas Nabati Asahan - Kuala Tanjung","Jalan Access Road Dusun Sono, Desa Lalang, Kec. Medang Deras, Kab. Batu Bara, Sumatera Utara","Sumatera Utara","(0622) 31111","makhsyan.panggabean@wilmar.co.id","2031-01-31","2031-01-31","false","false","false","true","false","false","","","","Lemak dan Minyak Nabati: Minyak Kelapa Mentah (CCNO), Minyak Kelapa (RCNO/RHCNO), Lemak Reroti (Shortening), Serbuk Minyak Kelapa Sawit (RHPS /RHPO Flakes), Minyak Kelapa Sawit Mentah (CPO), Minyak Inti Kelapa Sawit Mentah (CPKO), Minyak Inti Kelapa Sawit (RBDPKO), Minyak Kelapa Sawit (R, Minyak Stearin Kelapa Sawit Mentah (CPS), Minyak Olein Kelapa Sawit (RBD Palm Olein), Minyak Olein Kelapa Sawit Mentah (COL) Lemak dari Produk Cokelat Analog / Pengganti Cokelat: Cocoa Butter Equivalent (CBE), Pengganti Lemak Kakao Laurat (CBS), Pengganti Lemak Kakao non Laurat (CBR) Destilat Asam Lemak: Palm Fatty Acid Distillate (PFAD), Palm Kernel Fatty Acid Distillate (PKFAD), Coconut Fatty Acid Distillate (CNFAD)","https://drive.google.com/drive/folders/1ND4jVlDvDjO8i6F589hzMjOzS42TKcSa?usp=drive_link",""
"LP-1464-IDN","Balai Besar Peramalan Organismen Pengganggu Tumbuhan","Jl. Raya Kali Asin Tromol Pos 1, Jatisari, Karawang, Jawa Barat","Jawa Barat","(0264) 360581","peramal_hama@hotmail.com","2031-02-23","2031-02-23","false","false","false","true","false","false","","","","Beauveria bassiana pada media padat (jagung/Zea mays dan beras/Oruza sativa), Isolat kultur yang berasal dari tanaman padi bergejala dan preparat, tanaman padi","https://drive.google.com/drive/folders/1NHSBwJq79bIoIQlMAXEi41IGflGVfrVo?usp=drive_link",""
"LP-1465-IDN","UPT Laboratorium Terpadu Universitas Diponegoro","Lokasi 1: Jl. Prof. Soedarto, SH, Tembalang, Semarang, Jawa Tengah Lokasi 2: Laboratorium Teknologi Hasil Perikanan dan Ilmu Kelautan,Jl. Prof, Jacub Rais, Tembalang, Semarang, Jawa Tengah","Jawa Tengah","(024) 76918147/7698148","labterpadu@live.undip.ac.id","2031-02-23","2031-02-23","false","false","true","false","false","false","","","","Lokasi 1: air sungai, udara ambine, air minum dalam kemasan Lokasi 2: Tepung ikan, ikan dan produk perikanan","https://drive.google.com/drive/folders/1NLYMqNq0EVyYG3iSA88v8IeVoel1QvW9?usp=drive_link",""
"LP-1466-IDN","UPTD Laboratorium Lingkungan Dinas Lingkungan Hidup, Kelautan dan Perikanan Kabupaten Kebumen","Jl. Ronggowarsito No. 298, Pejagoan, Kebumen, Jawa Tengah","Jawa Tengah","(0821) 37782072","lablingkebumen@gmail.com","2031-02-23","2031-02-23","true","false","true","false","false","false","","","","Air sungai, air limbah, air danau, air tanah, air untuk keperluan higiene dan sanitasi","https://drive.google.com/drive/folders/1NQgjkfUfSLynangTiP21YFMJBG9TypqP?usp=drive_link",""
"LP-1471-IDN","Laboratorium Kimia Biofisik Fakultas Kesehatan Masyarakat Universitas Hasanuddin","Jl. Perintis Kemerdekaan Km.10, Tamalanrea Indah, Makassar, Sulawesi Selatan","Sulawesi Selatan","(0411) 585658","lkbfkmuh@gmail.com","2031-03-07","2031-03-07","false","false","true","false","false","false","","","","Biskuit, air untuk keperluan higiene sanitasi","https://drive.google.com/drive/folders/1NeZCLNiB6xvyowzFnwtBgi27wEhwDRS_?usp=drive_link",""
"LP-1473-IDN","PT Intertek Utama Services Martabe Project","Jl. Merdeka Barat Km. 2,5, Desa Aek Pining Kec. Batang Toru, Tapanuli, Sumatera Utara","Sumatera Utara","(021) 2938 4454","Hari.yuliansyah@intertek.com","2031-03-07","2031-03-07","false","false","true","false","false","false","","","","Mineral batuan dan padatan, air limbah","https://drive.google.com/drive/folders/1RGbicKULnO9D08QF2A_f1GDcB2-CqooX?usp=drive_link",""
"LP-1474-IDN","PT Indolakto - Central Laboratory","Jl. Raya Bogor Km. 26.6, Gandaria, Jakarta","DKI Jakarta","(021) 8710211","frengki.siburian@indomilk.com","2031-03-07","2031-03-07","false","false","true","true","false","false","","","","Susu bubuk, Susu Kental Manis ( SKM ), Butter, Susu segar, Susu pasteurisasi (PLM), Susu steril (SCI), Susu UHT, Es krim, Minuman berbasis air berperisa tidak berkarbonat rasa buah (LAB / Low Acid Beverage), Raw material (Sweet Whey Powder ), Susu formula pertumbuhan , Susu steril, susu UHT, susu pasteurisasi, yoghurt, Produk susu, susu evaporasi, krim bubuk, cocoa powder","https://drive.google.com/drive/folders/1yRmGd2AYKBfRE5akfITUlVZV4W6EqZp0?usp=drive_link",""
"LP-1475-IDN","PT Soilens","Jl. PH. Hasan Mustafa No. 41, Bandung, Jawa Barat","Jawa Barat","(022) 7272384","soilens@soilens.com","2031-03-07","2031-03-07","true","false","false","false","false","false","","","","Tanah","https://drive.google.com/drive/folders/1Nn-bZzKDpkEBUGq1O4KesdvUmOLHaBEd?usp=drive_link",""
"LP-1478-IDN","Balai Teknik Sabo, Direktorat Bina Teknik Sumber Daya Air, Direktorat Jenderal Sumber Daya Air, Kementerian Pekerjaan Umum","Sopolan, Manguwoharjo, Depok, Sleman, Yogyakarta","DI Yogyakarta","(0274) 886350","lab_sabo@yahoo.com","2031-03-07","2031-03-07","true","false","true","false","false","false","","","","Agregat, tanah, elevasi air dan gerusan","https://drive.google.com/drive/folders/1Nlj0Rt4Ww0tC33YrvQyfDc5DYZBHjEWr?usp=drive_link",""
"LP-1479-IDN","PT Cipta Karya Pangan Pasundan","Jl. Dr. Setiabudi No. 193, Bandung, Jawa Barat","Jawa Barat","(022) 2019433, 2019339","labteknologipangan@unpas.ac.id","2031-03-16","2031-03-16","false","false","true","true","false","false","","","","Dodol, Makanan Ringan Berbahan Dasar Kentang, Umbi, Serealia, Tepung atau Pati , Daging, Daging Unggas Dan Daging Hewan Buruan, Yang Dihaluskan, Dan Diolah Dengan Perlakuan Panas, Keik, Kukis dan Pai (Isi Buah atau Custard,Vla), Kopi, Teh, Seduhan Herbal dan Minuman Biji-bijian dan Sereal Panas, minuman berbasis air berperisa","https://drive.google.com/drive/folders/1NjKGQnSdHmRClOz-lpIzPH0qH60QguIw?usp=drive_link",""
"LP-1482-IDN","UPTD Laboratorium Lingkungan Dinas Lingkungan Hidup Kota Jambi","Jl. Jenderal Basuki Rahmat No. 08, Jambi","Jambi","(0741) 444015","laborkotajambi@gmail.com","2031-03-28","2031-03-28","false","false","true","false","false","false","","","","Air Limbah, Air Sungai, Air Danau, Air untuk Keperluan Hygiene dan Sanitasi","https://drive.google.com/drive/folders/1YgH53lBX_2EES9S_37YYaChdKlMH9r3g?usp=drive_link",""
"LP-1484-IDN","Laboratorium Penelitian dan Pengembangan Sains FMIPA - Universitas Hasanuddin","Gedung Science Building FMIPA UNHAS Jl. Perintis Kemerdekaan Km. 10, Makassar - Sulawesi Selatan","Sulawesi Selatan","(0411) 586016","lpps@science.unhas.ac.id","2031-03-28","2031-03-28","true","false","true","false","false","false","","","","Air sumur, air sungai, air danau, air limbah, air laut, air mineral, udara ambien, tanah, clinker, daging olahan, minuman beralkhohol","https://drive.google.com/drive/folders/1Yl5GpcGyBeef4o0HQqhuRlYsvFaAJl4B?usp=drive_link",""
"LP-1485-IDN","Unit Pelaksana Teknis Dinas Balai Pengawasan dan Sertifikasi Benih Tanaman Pangan dan Hortikultura Provinsi Sumatera Selatan","Jl. Kol. H. Barlian No. 75 Taman Sari Km 6, Palembang, Sumatera Selatan","Sumatera Selatan","(0711) 410059","laborbpsbtphsumsel@gmail.com","2031-03-28","2031-03-28","false","false","false","false","true","false","","","","Benih Padi (Oryza sativa L), Benih Jagung (Zea mays L)","https://drive.google.com/drive/folders/1Z7vB-DVDyCOzAEacOxxJQJA42jt3Lzb9?usp=drive_link",""
"LP-1486-IDN","Balai Bina Jasa Konstruksi dan Pengujian Material Dinas Pekerjaan Umum Penataan Ruang, Perumahan, dan Kawasan Permukiman Provinsi NTB","Jl. Majapahit No. 8, Mataram","Nusa Tenggara Barat","(0370) 627487","labuji.puntb@gmail.com","2031-03-28","2031-03-28","true","false","true","false","false","false","","","","Tanah, agregat, semen, beton, aspal, air sungai, air danau, air sumur, air bendungan, air limbah","https://drive.google.com/drive/folders/1ZIRTNCwrOB_-K8aWTiQuaBAo_3_XVulb?usp=drive_link",""
"LP-1487-IDN","Unit Pelaksana Teknis Daerah Balai Pengujian Dinas Pekerjaan Umum Provinsi Jambi","Jl. RB Siagian No. 1, Kel. Pasir Putih, Jambi","Jambi","(0741) 570077","buji.jambi@gmail.com","2031-03-28","2031-03-28","true","false","false","false","false","false","","","","Aspal keras, koral/batu pecah, tanah, pasir, beton keras (silinder), tanah dasar/subgrade, lapis pondasi agregat, penyelidikan tanah/soil investigation","https://drive.google.com/drive/folders/1ZEhPhKz7kS2oJSwcfa6cgq734dbIvtmg?usp=drive_link",""
"LP-1488-IDN","PT Corelab Indonesia","Kawasan Industri dan Pergudangan Taman Tekno Blok D No. 19B, Sektor XI, BSD City, Tangerang Selatan, Banten","Banten","(021) 80623777","faisal.umar@corelab.com; zuhdi.arizka@corelab.com","2031-04-20","2031-04-20","false","false","true","false","false","false","","","","Formation water and produced water, diesel fuel/MGO/solar/biosolar, minyak mentah, gas alam","https://drive.google.com/drive/folders/13KR3Sji-9GZp4m7lVchN72KiiiPN4K0N?usp=drive_link",""
"LP-1489-IDN","UPTD BPSMB Dinas Perindustrian dan Perdagangan Provinsi Sulawesi Tenggara","Jl. Dr. Sam Ratulangi No. 14, Kendari, Sulawesi Tenggara","Sulawesi Tenggara","(0401) 3129386","bpsmbprov.sultra@yahoo.co.id","2031-04-20","2031-04-20","false","false","false","true","false","false","","","","Kakao, kopra, lada putih, mete kupas, mete gelondong, garam beryodium, beras","https://drive.google.com/drive/folders/1ZDT96t0F1B_g1tn7jPAt9y5b73_uVGnM?usp=drive_link",""
"LP-1490-IDN","PT Ecolab International Indonesia","Jl. Pahlawan, Desa Karang Asem Timur, Citeureup, Bogor, Jawa Barat","Jawa Barat","(021) 8753175","alfin.prastyo@ecolab.com","2031-04-20","2031-04-20","true","false","true","false","false","false","26","21","2026-04-13","Air sungai, air tanah","https://drive.google.com/drive/folders/1Zhc0WU9m43SR6TLi3Z83mZ144v5mG1Yn?usp=drive_link","https://layanan.kan.or.id/direktori-lpk/3014/1"
"LP-1491-IDN","Universitas Padjajaran - Laboratorium Ekologi","Jl. Sekeloa Selatan No. 1, Kota Bandung, Jawa Barat","Jawa Barat","(022) 2502176","laboratorium.ekologi@unpad.ac.id","2031-04-21","2031-04-21","false","false","true","false","false","false","","","","Air Limbah, Air Sungai, Air Danau, Air untuk Keperluan Higiene Sanitasi, Udara Ambien, Lingkungan Kerja, Air Permukaan (Air Sungai, Air Danau)","https://drive.google.com/drive/folders/1MD6OFl1jH6CUw2IG2iR7X58YyFokwJWH?usp=drive_link",""
"LP-1493-IDN","UPT Laboratorium Lingkungan Dinas Lingkungan Hidup Kabupaten Bengkalis","Jl. Pertanian, Bengkalis, Riau","Riau","082170535770","lab.dlhbengkalis@gmail.com","2031-04-20","2031-04-20","true","false","true","false","false","false","26","36","2026-05-04","Air limbah, air sungai, air tanah sumur pantau TPA, air limbah lindi TPA","https://drive.google.com/drive/folders/1_3pqxFZrCZbM4eEEy4b_6ytr5XNqJ0G5?usp=drive_link","https://layanan.kan.or.id/direktori-lpk/3230/1"
"LP-1494-IDN","PT Analitika Kalibrasi Laboratorium","Graha Amparan Jati Blok BII No.14 Pakuan Regency Jl. Raya Dramaga Km.7, Kel. Marga Jaya, Kec. Bogor Barat, Kota Bogor, Jawa Barat","Jawa Barat","(0251) 8473130","info@ankal.co.id","2031-05-02","2031-05-02","true","false","true","false","false","false","","","","Air minum, air minum dalam kemasan, air untuk keperluan higiene dan sanitasi, air sungai, air tanah, air limbah, Sludge TCLP, air laut, Tanah, sludge, sedimen, udara ambien, udara lingkungan kerja, Emisi Sumber Tidak Bergerak, Jaringan / Tissue","https://drive.google.com/drive/folders/1_4DY2fulUlJN3UpnC9NvFwPyMwQu4Wv1?usp=drive_link",""
"LP-1495-IDN","PT Multi Teraindo","Jl. Soekarno Hatta No. 89, Tobekgodang, Binawidya, Kota Pekanbaru, Riau","Riau","(0761) 7875200","sales@multiteraindo.com","2031-05-02","2031-05-02","true","false","true","false","false","false","","","","Air minum, air untuk keperluan higiene sanitasi, air sungai dan air waduk, air limbah, udara ambien, kebisingan, udara lingkungan kerja, emisi sumber tidak bergerak, emisi sumber bergerak, tanah, limbah B3 (sludge)","https://drive.google.com/drive/folders/1MfW1_CqnwJHgHM5S-TLHvceyZUB_M6lT?usp=drive_link",""
"LP-1496-IDN","PT Surveyor Indonesia Cabang Medan","Jl. Saparua 4, Kawasan Industri Medan, Sumatera Utara","Sumatera Utara","(021) 5265526","laboratoriumptsi0@gmail.com","2026-11-22","2026-11-22","true","false","true","false","false","false","","","","Air sungai, air danau, air waduk, Air limbah, Air untuk keperluan higiene dan sanitasi, Air tanah, Air laut, Udara Emisi Sumber Tidak Bergerak, Udara ambien, Kebisingan Lingkungan, Lingkungan Kerja","https://drive.google.com/drive/folders/14norWGWsQdbR-uVkkivJBr9l4MKWmVOd?usp=drive_link",""
"LP-1501-IDN","Balai Besar Perikanan Budidaya Air Payau Jepara","Jl. Cik Lanang, Bulu, Kec. Jepara, Jepara, Jawa Tengah","Jawa Tengah","(0291) 591125","labuji2005jepara@gmail.com","2031-05-02","2031-05-02","false","false","true","false","false","false","12","68","2026-05-03","Krustasea, ikan air laut, ikan air tawar, ikan air payau, sedimen, air (air payau, air laut, air tawar), pakan udang/ikan, udang","https://drive.google.com/drive/folders/1aBn90L1X7opzXCNZ94rKZEn11_jaTdnw?usp=drive_link","https://layanan.kan.or.id/direktori-lpk/3038/1"
"LP-1508-IDN","PT. Windu Nabatindo Lestari - R&D Laboratory","Jl. Tjilik Riwut Km. 125, Desa Pundu, Kec. Cempaga Hulu, Kab. Kotawaringin Timur, Kalimantan Tengah","Kalimantan Tengah","(021) 27838200","admin.rsc3@bumitama.com","2031-03-07","2031-03-07","true","true","false","false","true","false","","","","Pupuk MOP (Muriate of Potash), Pupuk RP (Rock Phosphate), Pupuk TSP (Triple Super Phosphate), Pupuk Zincopper, Pupuk Copper Sulfat, Pupuk NPK, Pupuk Urea / Ammonium Chloride, Pupuk Kieserite, Pupuk Dolomite, Pupuk Kaptan, Pupuk HGF-B, Daun, CPO (Crude Palm Oil), Tanah","https://drive.google.com/drive/folders/1by9Z775wKVfMtl9kXJImk6hlsuMd07T8?usp=drive_link",""
"LP-1509-IDN","UPTD Laboratorium Lingkungan Dinas Lingkungan Hidup Kabupaten Bengkulu Utara","Jl. Prof. Dr. M. Yamin, SH No. 36, Kab. Bengkulu Utara, Bengkulu","Bengkulu","(0737) 521010","lablingdlhbu@gmail.com","2031-06-15","2031-06-15","false","false","true","false","false","false","","","","Air sungai, air limbah","https://drive.google.com/drive/folders/1c8h1ILGEwcVBSq2caEGPm57jDgUOyBTv?usp=drive_link",""
"LP-1510-IDN","UPT Dinas Lingkungan Hidup Kabupaten Rokan Hilir","Jl. Lintas Bagansiapiapi Batu 4, Bagan Punak Meranti Bagansiapiapi, Rokan Hilir, Riau","Riau","(0767) 23117","lablink.rohil@gmail.com","2031-06-15","2031-06-15","false","false","true","false","false","false","","","","Air sungai, air sumur, air limbah","https://drive.google.com/drive/folders/1d5CbzS7yg-7NPXp-J_y1o9hPGXue3C1_?usp=drive_link",""
"LP-1511-IDN","UPTD Laboratorium Lingkungan Dinas Lingkungan Hidup Kabupaten Muara Enim","Jl. Mayor. Tjik Agus Kemas, SH Lintas Kepur kompleks Islamic Center, Muara Enim, Sumatera Selatan","Sumatera Selatan","(0734) 7420101","laborlingkungan1@gmail.com","2031-06-27","2031-06-27","false","false","true","false","false","false","","","","Air limbah, air sungai, air danau, air untuk keperluan higiene dan sanitasi","https://drive.google.com/drive/folders/1d8CVi1ur5ZZm1pzUfOjBUsvE_VXLAQcc?usp=drive_link",""
"LP-1515-IDN","PT Riset Perkebunan Nusantara - Pusat Penelitian Karet","Jl. Raya Palembang - Pangkalan Balai Km. 29, Sembawa, Banyuasin, Sumatera Selatan","Sumatera Selatan","(0711) 7439493","irri_sbw@yahoo.com","2026-07-20","2026-07-20","true","true","false","false","false","false","","","","Tanah, tanaman, Pupuk, Karet mentah","https://drive.google.com/drive/folders/1dvmL8Q2PndQUuiDvB0bmd4Tvts0IyOVn?usp=drive_link",""
"LP-1516-IDN","Balai Besar Perikanan Budidaya Laut Lampung","Jl. Yos Sudarso Desa Hanura Kec. Teluk Pandan, Lampung","Lampung","(0721) 4001379","bbpbl.lampung@gmail.com","2026-07-20","2026-07-20","false","false","true","false","false","false","","","","Udang Vannamei, Udang Penaed, Ikan Laut (ikan kakap, ikan kerapu, ikan bawal bintang, ikan kobla, ikan nemo, kuda laut), air laut dan air payau, udang, pakan dan bahan baku pakan","https://drive.google.com/drive/folders/1e3c6wJ5ajS2ffA6IXPCtBqHJpsOjsn2e?usp=drive_link",""
"LP-1525-IDN","UPT Laboratorium Kesehatan Kota Tangerang","Jl. TMP Taruna No. 1, Kel. Suka Asih, Kec. Tangerang, Kota Tangerang, Banten","Banten","(021) 5588737","labkeskota.tangerang@gmail.com","2031-07-20","2031-07-20","false","false","true","true","false","false","","","","Swab nasopharyngeal and oropharyngeal, Air sungai, Air limbah, Air minum, Air untuk keperluan higiene dan sanitasi, Minuman teh dalam kemasan, Roti, Nata de coco dalam kemasan, Naget ayam, Garam, Madu, Keripik tempe, Es krim, Minuman sari buah, Saus cabe, Bakso ikan, Mie basah, Kerupuk , Bakso daging, Tahu, Jelly, Kecap kedelai, Minuman tradisional, Sirup, Minuman isotonik , Cairan flavor ekstra tanaman, buah dalam kemasan, produk fermentasi tumbuhan : minuman dan minuman beralkohol, saos, kecap, cuka, jamu, obat cair, propolis, yogurt, susu, probiotik, pembersih mulut, Daging (daging segar, daging variasi segar, daging beku, daging kering, daging cincang), produk olahan daging (daging fermentasi, daging kornet, daging marinasi, daging asap, tepung daging, kaldu daging, dendeng, abon, sosis, bakso, nugget, burger) mie instan, pasta, bumbu","https://drive.google.com/drive/folders/1gJd4ZDrDUF3v77de02l4Nsod-5ymyRwY?usp=drive_link",""
"LP-1526-IDN","Balai Pengendalian dan Pengawasan Mutu Hasil Kelautan dan Perikanan Jayapura","Jl. Pasir No. 06, Sentani, Jayapura","Papua","(0967) 593462","bkipmjayapura@gmail.com","2031-08-01","2031-08-01","false","false","true","false","false","false","","","","Ikan Air Laut : Tuna (Thunnus sp.), Tongkol (Euthynnus sp.), Cakalang (Katsuwonus pelamis ), Kakap (Lutjanus sp.), Bandeng (Chanos chanos ), Udang Putih (Litopenaeus sp.), Udang Tiger (Penaeus sp.), Cumi - cumi (Loligo sp.), Salmon (Oncorhynchus sp.) Ikan Air tawar : Ikan Nila (Oreochromis sp.), Lele (Clarias sp.), Patin (Pangasius sp.) Ikan segar/beku: ikan nila (Oreochromis sp. ) ikan mas (Cyprinus carpio ) ikan lele (Clarias sp. ) ikan kembung (Rastrelliger sp.) ikan layang (Decapterus sp,) ikan tuna loin (Thunnus sp.)","https://drive.google.com/drive/folders/1gHjvclFTzHelpiOFW_eKBwG9Q91o48t8?usp=drive_link",""
"LP-1527-IDN","Dinas Lingkungan Hidup Kabupaten Katingan","Komplek Perkantoran Kereng Humbang, Jl. MT. Haryono Kasongan Kab. Katingan, Kalimantan Tengah","Kalimantan Tengah","(0536) 4043543","lab.blhkatingan@yahoo.com","2026-08-24","2026-08-24","false","false","true","false","false","false","","","","Air limbah, air minum, air sungai, Air Untuk Keperluan Higiene & Sanitasi","https://drive.google.com/drive/folders/1YhJUKgYjFSVER8oqIiwecYQ4j5UBdmzl?usp=drive_link",""
"LP-1530-IDN","PT Alas Emas Abadi - Laboratorium Kesehatan Lingkungan, Dept. Public Health and Malaria Control (PHMC)","Jl. Kertajasa Kuala Kencana, Mimika, Papua","Papua","(0901) 463254","ehsphmcptfi@fmi.com","2026-08-24","2026-08-24","false","false","true","false","false","false","","","","Nyamuk Anopheles ssp., air minum, air untuk keperluan higiene sanitasi, air kolam renang, air limbah, air sumur, air danau, air sungai, air muara, air rawa, air akuifer, air situ, air mata air, air waduk, usap permukaan (swab): peralatan makan, lantai, kontak tangan","https://drive.google.com/drive/folders/1h4HqDfk6VnLK10Yr4St6B8VYIKsxu5M1?usp=drive_link",""
"LP-1532-IDN","PT Sanghiang Perkasa","Kawasan Industri Indotaisei, Sektor 1A Block Q2 Desa Kalihurip, Kec. Cikampek, Kab. Karawang, Jawa Barat","Jawa Barat","(0264) 8302120/22","fida.farhana@kalbenutritionals.com","2026-09-21","2026-09-21","false","false","true","true","false","false","","","","Susu bubuk, bubur, susu cair, biskuit, keripik, sereal olahan, air minum, air minum dalam kemasan, MP ASI Biskuit, MP ASI Bubuk Instant (Bubur Instan), Keripik / Chip, Lemak dan Minyak Nabati, Lemak Susu Anhidrat (AMF), Premix Vitamin, Susu Fermentasi dan Produk Susu Fermentasi, Bahan atau Produk berbentuk bubuk (powder), Flavour (Cair), Minuman Serbuk Kakao, Bubur Instant Powder, Makanan Ringan Ekstrudat, Minuman Botanikal, Suplemen Pangan - Minuman Suplemen, Buah olahan (Puree), Premix Mineral, wafer, Minuman sari buah, Kukis (Cookies), Meat analog/Plant base, sereal olahan, wafer","https://drive.google.com/drive/folders/1Own4tpWD3ESgHXYNNEjw7XiLWKuq4INc?usp=drive_link",""
"LP-1535-IDN","Laboratorium Lingkungan Dinas Lingkungan Hidup Kabupaten Wonosobo","Jl. S. Parman 159, Wonosobo, Jawa Tengah","Jawa Tengah","(0286) 324056","dinaslingkunganhidupesb@gmail.com","2026-09-21","2026-09-21","false","false","true","false","false","false","","","","Air limbah","https://drive.google.com/drive/folders/1hkVTZ-kUTg5AlmjQ2Xvf2xphq4jQLpx2?usp=drive_link",""
"LP-1536-IDN","UPTD Laboratorium Lingkungan Dinas Lingkungan Hidup Kabupaten Batang Hari","Jl. Sultan Thaha, Kel. Rengas Condong, Kec. Muara Bulian, Kab. Batang Hari, Jambi","Jambi","(0741) 94624","lablingbth@gmail.com","2026-09-21","2026-09-21","false","false","true","false","false","false","","","","Air sungai, air limbah","https://drive.google.com/drive/folders/1f8DUhc3sKnPKZr1J5bVYgWz0yqaeO5qp?usp=drive_link",""
"LP-1541-IDN","UPT Laboratorium Konstruksi dan Unit Pemeliharaan Rutin Jalan/Alat Berat, Dinas Pekerjaan Umum Kabupaten Kutai Timur","Jl. Dinas Kawasan Pusat Pemerintahan Bukit Pelangi, Sangatta Kutai Timur","Kalimantan Timur","(052) 2029442","upt.labkutim@yahoo.com","2026-10-03","2026-10-03","true","false","false","false","false","false","","","","Agregat halus dan kasar, tanah, beton, beton silinder","https://drive.google.com/drive/folders/1-Bs1-N155Rike48gK21r363Bv34wk6nA?usp=drive_link",""
"LP-1545-IDN","UPT Laboratorium Lingkungan Dinas Lingkungan Hidup Kota Lubuklinggau","Jl. Perbakin No. 02, Komplek Perkantoran Kayuara, Kec. Lubuklinggau Barat 1, Kota Lubuklinggau, Sumatera Selatan","Sumatera Selatan","(0733) 326769","upt_labling@yahoo.com","2026-10-26","2026-10-26","false","false","true","false","false","false","","","","Air limbah, air sungai, air waduk, air untuk keperluan higiene dan sanitasi","https://drive.google.com/drive/folders/1153ncnkS4wS4ikGPYYJvGABPR6dV4TXw?usp=drive_link",""
"LP-1547-IDN","PT Bumi Ventila Indonesia","Jl. Letnan Sukarna No. 03, Kec. Ciampea, Kab. Bogor, Jawa Barat","Jawa Barat","(0251) 8428892","bumiventila@gmail.com","2026-11-07","2026-11-07","true","true","true","false","false","false","","","","Tanah, udara ambien, udara lingkungan kerja, air sungai, air limbah, air untuk keperluan higiene dan sanitasi, kebisingan, udara emisi sumber tidak bergerak, tanaman, pupuk organik, pupuk anorganik, Tanah terkontaminasi/sludge/sedimen/padatan/FABA (TCLP), Tanah terkontaminasi/sludge/sedimen/padatan/FABA (total konsentrasi), transformator oil","https://drive.google.com/drive/folders/1P59wqBtQXzABbOhx6pCfL0D6mb47fcGE?usp=drive_link",""
"LP-1548-IDN","UPTD Laboratorium Lingkungan Dinas Perumahan Kawasan Permukiman Pertanahan dan Lingkungan Hidup Kabupaten Pesisir Selatan","Jl. Makam Pahlawan Sago, Kecamatan IV Jurai, Kabupaten Pesisir Selatan, Sumatera Barat","Sumatera Barat","(0756) 21509","uptlablingpessel@gmail.com","2026-11-07","2026-11-07","false","false","true","false","false","false","","","","Air Sungai, Air Limbah, Air untuk Keperluan Higiene Sanitasi","https://drive.google.com/drive/folders/10dlqIO4p0G6Ls_n9ENf3GWHXawgUglHw?usp=drive_link",""
"LP-1550-IDN","Centre of Advance Science and Technology (C-DAST) Universitas Jember","Jl. Kalimantan No. 37, Kampus Bumi Tegal Boto, Jember, Jawa Timur","Jawa Timur","081234614769","cdast@unej.ac.id","2026-11-23","2026-11-23","false","true","false","false","false","false","","","","Pupuk NPK Padat, tepung terigu, Biskuit, pupuk organik padat","https://drive.google.com/drive/folders/10tiJrv0sBDUptqyoKa5EZ_62nXq27ip2?usp=drive_link",""
"LP-1551-IDN","UPTD Laboratorium Lingkungan Dinas Lingkungan Hidup Kabupaten Merangin","Jl. Pemuda Kel. Pematang Kandis, Bangko, Kab. Merangin, Jambi","Jambi","(0746) 322381","laboratoriumdlhmerangin@gmail.com","2026-11-23","2026-11-23","false","false","true","false","false","false","","","","Air sungai","https://drive.google.com/drive/folders/111wS2vV1ypD0S0zoRIOxQwhIokxNYCvF?usp=drive_link",""
"LP-1554-IDN","PT Penilai Standar Nasional","Jl. Cipinang Muara 1, No. 21, R 006/RW 003, Kel. Pondok Bambu, Kec. Duren Sawit, Jakarta Timur, DKI Jakarta","DKI Jakarta","(021) 8602367","psnindonesia.info@gmail.com","2026-11-23","2026-11-23","false","true","false","false","false","false","","","","Peralatan masak (cookware) dari logam, peralatan makan dan perlengkapan masak dari baja tahan karat (stainless steel flatware), Pupuk SP 36, Pupuk Fosfat Alam Untuk Pertanian, Pupuk Kalium Klorida, Pupuk Triple Super Fosfat (TSP), Pupuk NPK Padat, Pupuk Amonium Sulfat (ZA), Pupuk Urea","https://drive.google.com/drive/folders/13BYGH6ptCi7o_5ssSMJBgeoiuq6MJBPV?usp=drive_link",""
"LP-1556-IDN","UPTD Laboratorium Pengujian Mutu dan Keamanan Pangan - Dinas Ketahanan Pangan Kota Medan","Jl. Budi Pembangunan No. 3, Pulo Brayan, Medan, Sumatera Utara","Sumatera Utara","(061) 6614224","labmkpmedan@gmail.com","2026-12-05","2026-12-05","false","false","false","true","false","false","","","","Wortel, cabe merah, mie kuning, tahu, bakso, manisan mangga madu, manisan pepaya, minuman es jagung, beras","Lihat",""
"LP-1558-IDN","UPTD Laboratorium Lingkungan Hidup Kabupaten Banyumas","Jl. Warga Bakti No. 3, Kel. Purwekerto Lor, Kec. Purwokerto Timur, Kab. Banyumas, Jawa Tengah","Jawa Tengah","(0281) 637036","lablingbms@gmail.com","2026-12-05","2026-12-05","false","false","true","false","false","false","","","","Air limbah, air sungai, air embung/air danau","https://drive.google.com/drive/folders/13exM28KF6c6w4OxPDyhlgoX99UQm8fIv?usp=drive_link",""
"LP-1559-IDN","UPTD Laboratorium Lingkungan Dinas Lingkungan Hidup dan Pengelolaan Sampah Kabupaten Brebes","Jl. Jend. Sudirman No. 163, Kabupaten Brebes, Jawa Tengah","Jawa Tengah","(0283) 671522","uptdlablingbrebes@gmail.com","2026-12-05","2026-12-05","false","false","true","false","false","false","","","","Air limbah, air sungai","https://drive.google.com/drive/folders/13RkSrocJkic_vhfBW9QHyUKKxBPiczij?usp=drive_link",""
"LP-1560-IDN","UPTD Laboratorium Lingkungan Dinas Lingkungan Hidup Kota Payakumbuh","Jl. Anggrek I No. 24, Komplek Terminal Koto Nan IV, Kel. Bulakan Balai Kandi, Kota Payakumbuh, Sumatera Barat","Sumatera Barat","(0752) 94496","lablingpayakumbuh@gmail.com","2026-12-05","2026-12-05","false","false","true","false","false","false","","","","Air minum, air higiene sanitasi, air kolam renang, air limbah domestik, air limbah industri, air sungai, air sumur","https://drive.google.com/drive/folders/14UcJSewR8VveeIUrVMie98h6RnMQKDJw?usp=drive_link",""
"LP-1562-IDN","PT Nugen Bioscience Indonesia","Jl. Parangtritis Raya Blok A-5E No. 12, Ancol, Jakarta Utara, DKI Jakarta","DKI Jakarta","(021) 6919999","nugen@cp.co.id nugen.laboratory@cp.co.id","2026-12-21","2026-12-21","false","false","true","false","false","false","","","","Pakan, air minum, Air Untuk Keperluan Higine dan Sanitasi","https://drive.google.com/drive/folders/14Fmf_PPjrycsA3xYjyyADsuui7eZroTP?usp=drive_link",""
"LP-1565-IDN","UPTD Laboratorium Lingkungan Dinas Lingkungan Hidup Kabupaten Kolaka","Jl. Pemuda No.130, Kel. Laloeha, Kab. Kolaka, Sulawesi Tenggara","Sulawesi Tenggara","(0405) 232196","laboratoriumlhklk@gmail.com","2026-12-21","2026-12-21","false","false","true","false","false","false","","","","Air permukaan (air sungai, air sumur, air danau), air limbah, kebisingan","https://drive.google.com/drive/folders/1552LuMUk6Fz0OxXQlOD_rqeR53r26Ejq?usp=drive_link",""
"LP-1569-IDN","UPTD Laboratorium Lingkungan Dinas Lingkungan Hidup Kabupaten Bantaeng","Jl. A. Mannappiang, Kompleks Perkantoran, Kab. Bantaeng, Sulawesi Selatan","Sulawesi Selatan","085214856123","lablh_bantaeng@yahoo.com","2026-12-21","2026-12-21","false","false","true","false","false","false","","","","Air sungai, air waduk, air untuk keperluan higiene dan sanitasi, air limbah, air laut","https://drive.google.com/drive/folders/160PLst2g6oms8gYA1qkLYra6U3msuf2T?usp=drive_link",""
"LP-1573-IDN","Balai Pengawas Obat dan Makanan di Gorontalo","Jl. Tengah Toto Selatan, Kab. Bone Bolango, Gorontalo","Gorontalo","(0435) 822052","mutubpomgto@gmail.com","2027-01-02","2027-01-02","false","false","false","true","false","false","","","","Terapetik dan Napza, obat tradisional, kosmetik, pangan","https://drive.google.com/drive/folders/16Wbw9KL2_VWX-stuc-JU2yR-T9ZRooF1?usp=drive_link",""
"LP-1576-IDN","PT Atmos Laboratorium Indonesia","Ruko Green Valley Soho, Blok A2, No. 1, Desa Sukamantri, Kec. Taman Sari, Kab. Bogor, Jawa Barat","Jawa Barat","(0251) 8481227","atmoslab.indonesia@gmail.com","2027-01-18","2027-01-18","true","false","true","false","false","false","","","","Air sumur, air sungai, air untuk keperluan higiene dan sanitasi, air limbah, air laut, air kolam renang, air mineral (AMDK), udara ambien, udara lingkungan kerja, kebisingan, emisi sumber tidak bergerak, emisi sumber bergerak, tanah","https://drive.google.com/drive/folders/1Ode1zxIjv6DUXF4Cgjnpcnzp52ogMyha?usp=drive_link",""
"LP-1579-IDN","Program Studi DIII Kesehatan Lingkungan Kampus Magetan - Laboratorium Uji Lingkungan","Jl. Tripandita No. 6, Magetan, Jawa Timur","Jawa Timur","(0351) 895215","labkesling.mgt@gmail.com","2027-01-30","2027-01-30","false","false","true","false","false","false","","","","Air limbah, air bersih, air sungai, air waduk, air minum","https://drive.google.com/drive/folders/1O_-caKZJKttPTob8DYPa4ej3qMg-hz_f?usp=drive_link",""
"LP-1583-IDN","UPTD Laboratorium Kesehatan Sleman","Jl. Kalimantan Gang Ambalat, Purwosari, Sinduadi, Kec. Mlati, Kab. Sleman, DI Yogyakarta","DI Yogyakarta","(0274) 884226","labkessleman@ymail.com","2027-02-22","2027-02-22","false","false","true","true","false","false","","","","Makanan ringan (berbahan dasar kentang, umbi, serealia, tepung atau pati, olahan kacang, makana ringan berbasis ikan), nasi olahan sayur, lauk hewani, Lauk Nabati, minuman teh, air untuk keperluan higiene sanitasi dan air minum, Buah yang dimasak, Roti dan Roti Kadet (Roll), Kopi, Kopi Substitusi, Teh, Seduhan Herbal, dan Minuman","https://drive.google.com/drive/folders/1PoF1sdyzrF-tZv4QnBci4pN0vM3cMLYB?usp=drive_link",""
"LP-1584-IDN","PDAM Tirtanadi Provinsi Sumatera Utara","Jl. Sisingamangaraja No. 1, Medan, Sumatera Utara","Sumatera Utara","(061) 4571 666 ext. 555","laboratorium@pdamtirtanadi.co.id","2027-02-22","2027-02-22","true","false","true","false","false","false","","","","Air minum, air sungai, air danau, air mata air, air sumur dan air tanah","https://drive.google.com/drive/folders/1PA1UuuOmQ4GPSBQOOe_lfK9lCstBhTri?usp=drive_link",""
"LP-1586-IDN","UPTD Balai Laboratorium Kesehatan Provinsi Bali","Jl. Angsoka No. 12, Denpasar, Bali","Bali","(0361) 221698","balailabkesbali@yahoo.co.id","2027-02-22","2027-02-22","true","false","true","false","false","false","","","","Air limbah, air minum, air untuk keperluan higiene sanitasi (air tanah)","https://drive.google.com/drive/folders/1QpRtPtuAK4MXLzOkAoY55ZlQR0MGNjsc?usp=drive_link",""
"LP-1587-IDN","PT AICE Ice Cream Jatim Industry","Kawasan Industri Ngoro Industrial Park (NIP) Kavling D3B, Jarang Sari, Kutogirang, Kec. Ngoro, Mojokerto, Jawa Timur","Jawa Timur","081216021350","ummul@aice.com.sg","2027-02-22","2027-02-22","false","false","true","true","false","false","","","","Makanan pencuci mulut berbahan dasar susu (es krim, es susu), es untuk dimakan (Edible Ice /Es Stik), susu bubuk dan krim bubuk, buah olahan, tepung, air minum","https://drive.google.com/drive/folders/1QimofniF1-10eisU4t8fR2_D--AelMqr?usp=drive_link",""
"LP-1589-IDN","UPTD Laboratorium Lingkungan Dinas Lingkungan Hidup Kabupaten Tulungagung","Jl. Sultan Agung III No. 7, Ketanon, Kec. Kedungwaru, Kab. Tulungagung, Jawa Timur","Jawa Timur","(0355) 5250445","labdlh.tulungagung@gmail.com","2027-02-22","2027-02-22","false","false","true","false","false","false","","","","Air limbah, air sungai, air mata air, air waduk, air sumur pantau, Air Situ, Air Waduk","https://drive.google.com/drive/folders/1R5JS4b5ekudeyc8YS0x1R_8PyodhjbcX?usp=drive_link",""
"LP-1594-IDN","PT Unilab Perdana Cabang Surabaya","Kompleks Ruko Section One, Blok B-3, Jl. Rungkut Industri Raya No. 1, SIER, Surabaya, Jawa Timur","Jawa Timur","(031) 8415839","mutu.sby@unilabperdana.com","2027-02-22","2027-02-22","false","false","true","false","false","false","","","","Air limbah, air sungai, air minum, Air Higiene Sanitasi, udara ambien, kebisingan, getaran, lingkungan kerja, udara emisi sumber tidak bergerak, udara emisi sumber bergerak","https://drive.google.com/drive/folders/1RunxvIrXamqHQB_KqMfuafjQDJcYR-HR?usp=drive_link",""
"LP-1595-IDN","UPTD Laboratorium Lingkungan Dinas Lingkungan Hidup Kabupaten Kutai Kartanegara","Jl. KH. Ahmad Dahlan, Sukarame, Tenggarong, Kutai Kartanegara, Kalimantan Timur","Kalimantan Timur","(0541) 661169","uptdlaboratoriumkukar@gmail.com","2027-03-08","2027-03-08","false","false","true","false","false","false","","","","Air sungai, air limbah","https://drive.google.com/drive/folders/1RxMTnYQ33J4Nf-RnbKn57kderRbV2sJc?usp=drive_link",""
"LP-1600-IDN","UPT Laboratorium Kesehatan Kabupaten Serang","Jl. Palka Palima, Desa Sindangsari, Kec. Pabuaran, Kab. Serang, Banten","Banten","(0254) 250814","labkesda.serang@gmail.com","2027-03-15","2027-03-15","false","false","true","false","false","false","","","","Air untuk keperluan higiene dan sanitasi, air minum, air limbah, peralatan makan (piring, sendok, garpu, mangkok, gelas, nampan), air mineral dan air demineral","https://drive.google.com/drive/folders/1TSz01WKjz6jlOgXzGUJh_qvj_6mguZss?usp=drive_link",""
"LP-1603-IDN","UPTD Laboratorium Kesehatan Provinsi Jawa Barat","Jl. Sederhana No. 3-5, Bandung, Jawa Barat","Jawa Barat","(022) 2033517","balailabkesjabar@yahoo.co.id","2027-03-15","2027-03-15","false","false","true","true","false","false","","","","Air limbah, air permukaan (air sungai), air bersih, air minum dan air kolam renang, air minum, air bersih, air limbah, udara, makanan hasil olahan siap saji (nasi, lauk, sayur) dan minuman (teh)","https://drive.google.com/drive/folders/1TYHrpPtSIOS8O3TJ4d4cK1hrFVVfWN9l?usp=drive_link",""
"LP-1607-IDN","Centre for Drug Evaluation and Analysis (CDEA) Fakultas Farmasi Universitas Surabaya","Jl. Raya Kalirungkut, Surabaya, Jawa Timur","Jawa Timur","(031) 2981110","cdeaffubaya@gmail.com","2027-03-15","2027-03-15","false","false","true","false","false","false","","","","Air sungai, batuan","https://drive.google.com/drive/folders/1Tp_45W3UKb6N8RvDWIYUoWEREcKhXTKz?usp=drive_link",""
"LP-1609-IDN","UPTD Laboratorium Lingkungan Dinas Lingkungan Hidup Kota Palangka Raya","Jl. Cilik Riwut Km 2.5, Palangkaraya, Kalimantan Tengah","Kalimantan Tengah","(0536) 3239764","lablingkungan.pky@gmail.com","2027-03-27","2027-03-27","false","false","true","false","false","false","","","","Air limbah","https://drive.google.com/drive/folders/1TYnJs-0phSdWuWW-0g0bUFk8mOA8zuqd?usp=drive_link",""
"LP-1611-IDN","Balai Pengendalian dan Pengawasan Mutu Hasil Kelautan dan Perikanan Jakarta","Jl. Swasembada Timur XIII, No. 64, Tanjung Priok, Jakarta Utara, DKI Jakarta","DKI Jakarta","(021) 43903634","karantinaikan_tanjungpriok@yahoo.com","2027-03-27","2027-03-27","false","false","true","false","false","false","","","","Salmon (salmonidae), carp (Cyprinus sp), Sidat ( Anguilla sp), Katak (Rana sp), Nila (Oreochromis niloticus), Catfish (Clarias sp) Brook trout (Salvelinus fontinalis), Brown trout (Salmo trutta), Rainbow trout (Oncorhynchus mykiss) Cod (Gadus morhua), Chanel catfish (Pangasius spp), Eel (Anguilla spp), Salmon (Salmonid), Nila (Oreochromis niloticus), Carp (Cyprinus carpio), Clarias spp, Goldfish (Carasius auratus), dan Gurami (Osphronemus gouramy), Ikan mas, arwana (ikan hias air tawar), Oyster, shell, Kelompok Crustacea perairan khususnya Decapoda (Udang, Kepiting, Crayfish, Lobster) yang hidup di laut, payau dan air tawar, Udang, Kepting Blue shrimp (Penaeus stylirostris), Giant tiger prawn (Penaeus monodon), Greasyback shrimp (Metapenaeus ensis), Northern brown shrimp (Penaeus aztecus), Northern white shrimp (Penaeus setiferus), Whiteleg shrimp (Litopenaeus vannamei), Common carp (Cyprinus carpio), Crucian carp, Koi carp hybrids, Crucian carp Common carp Goldfish (Carassius auratus), Goldfish Common carp hybrids, Goldfish Koi carp hybrids, Asian sea bass (Lates calcarifer), Atlantic cod (Gadus morhua)Cobia (Rachycentron canadum), Guppy ( Poecilia reticulata) ,red snapper (Lutjanus sp)Nile tilapia (Oreochromis niloticus), Milkfish (Chanos chanos), Nile tilapia (Oreochromis niloticus), Alaska pollock (Theragra chalcogramma),Atlantic cod (Gadus morhua)Atlantic salmon (Salmo salar) Brown trout (Salmo trutta), Coho salmon (Oncorhynchus kisutch), mackerel,Turbot (Scophthalmus maximus), Common carp (Cyprinus carpio) ,Goldfish (Carassius auratus) Grass carp (Ctenopharyngodon idella), Guppy (Poecilia reticulata), Koi carp (Cyprinus carpio), Salmon, Trout, Ikan air payau: udang vannamei, udang windu","https://drive.google.com/drive/folders/1UIuiwxPkHG2QMQEv-p3NquSXLFriOWEA?usp=drive_link",""
"LP-1612-IDN","Balai Besar Perakitan dan Modernisasi Bioteknologi dan Sumber Daya Genetik Pertanian","Jl. Tentara Pelajar 3A, Bogor, Jawa Barat","Jawa Barat","(0251) 8337975","bbbiogen@yahoo.com; bbbiogen@litbang.pertanian.go.id","2027-03-27","2027-03-27","false","false","false","true","true","false","","","","Akar, batang, daun, buah atau biji tanaman (jagung dan produk turunannya, kedelai dan produk turunannya), tanaman dan benih (padi, jagung, beras, kedelai, tomat, mangga, manggis, terung, kecap, kacang-kacangan, anggrek, sorgum, gandum)","https://drive.google.com/drive/folders/1UxPIfY2hEL_v2IW2BXDZBcZKCSmDMZdw?usp=drive_link",""
"LP-1614-IDN","UPT Pengawasan dan Sertifikasi Benih Perkebunan Dinas Perkebunan Provinsi Jawa Timur","Jl. Pondok Maritim No. 5, Balas Klumprik, Wiyung, Surabaya, Jawa Timur","Jawa Timur","(031) 7670939","uptpsbpdisbunjatim@gmail.com","2027-04-19","2027-04-19","false","false","false","true","true","false","","","","Benih Tembakau (Nicotiana tabacum L.), Benih Kopi Arabika (Coffea arabica L.)","https://drive.google.com/drive/folders/1V2R2sU1h1TDAJl7pict_amzIIXIrEYFx?usp=drive_link",""
"LP-1617-IDN","PT Seafood Inspection Laboratory","Jl. Bedugul No. 37B, Sidakarya, Denpasar Selatan, Bali","Bali","(0361) 4484924","quality@baliseafoodlab.com","2027-04-19","2027-04-19","false","false","true","false","false","false","13 26","58","2026-06-25","Ikan beku, ikan segar, ikan tuna, ikan kakap, ikan kerapu, Chepalopoda, ikan lemuru, udang, Scombridae (Tongkol, Tenggiri, Cakalang, Kembung), swab VTM produk perikanan dan kemasan dalamnya, air bersih, air minum, air limbah, ikan kaleng","https://drive.google.com/drive/folders/1Vh3N1XnTmxD2JLIAb4tMkzE_Nx83VP45?usp=drive_link","https://layanan.kan.or.id/direktori-lpk/973/1"
"LP-1618-IDN","Balai Perakitan dan Pengujian Tanaman Pemanis dan Serat","Jl. Raya Karangploso Km. 4, Kab. Malang, Jawa Timur","Jawa Timur","(0341) 491447","balittas@litbang.pertanian.go.id","2027-04-19","2027-04-19","false","false","false","false","true","false","","","","Benih tembakau, benih kapas, benih jarak kepyar, benih kenaf, benih jarak pagar, benih wijen, benih kenaf","https://drive.google.com/drive/folders/1Vw15mQOzrGpUF6N8IztvlqZV_XgypX7E?usp=drive_link",""
"LP-1619-IDN","Balai Pengendalian dan Pengawasan Mutu Hasil Kelautan dan Perikanan Manado","Kompleks Pelabuhan Perikanan Samudera Bitung, Aertembaga I, Aertembaga, Bitung, Sulawesi Utara","Sulawesi Utara","(0431) 814628","kikanmanado@gmail.com; skisamrat@yahoo.co.id","2027-04-19","2027-04-19","false","false","true","false","false","false","12","11","2026-05-07","Ikan mas, ikan nila, tuna, ikan tongkol, cakalang, selar, ikan lele, ikan koi, capungan banggai, ikan mujair, ikan hias air laut, lobster air laut, kepiting, udang, ikan kerapu, air sumur, es, ikan kaleng, tuna, tongkol, cakalang","https://drive.google.com/drive/folders/1WHBQA6PVOV9D4W6TljWCKouFWqL1Qb0M?usp=drive_link","https://layanan.kan.or.id/direktori-lpk/3803/1"
"LP-1620-IDN","UPTD Laboratorium Lingkungan Dinas Lingkungan Hidup Kabupaten Blora","Jl. Gunung Wilis No. 24, Kab. Blora, Jawa Tengah","Jawa Tengah","(0296) 5298523","uptdlablingblora@gmail.com","2027-04-19","2027-04-19","false","false","true","false","false","false","","","","Air sungai, air higiene dan sanitasi","https://drive.google.com/drive/folders/1WFhL_f8KEI1WlkVNDVGYzHu1ErFtNHz3?usp=drive_link",""
"LP-1621-IDN","Balai Laboratorium Kesehatan, Pengujian dan Kalibrasi Provinsi Nusa Tenggara Barat","Jl. Catur Warga No. 9, Mataram, Nusa Tenggara Barat","Nusa Tenggara Barat","(0370) 784918","blkpkntbprov@gmail.com","2027-04-19","2027-04-19","false","false","true","false","false","false","","","","Air sungai dan sejenisnya, air danau dan sejenisnya, mata air, air sumur bor, air sumur gali, air untuk keperluan higiene sanitasi, air limbah, air hemodialisa","https://drive.google.com/drive/folders/1WtuOPNsMDcOr4bVjANA3sddeRMeSRffs?usp=drive_link",""
"LP-1622-IDN","Fakultas Teknik Universitas Diponegoro","Jl. Prof. Soedarto, SH, Tembalang, Semarang, Jawa Tengah","Jawa Tengah","(024) 7460053","teknik@undip.ac.id","2027-04-19","2027-04-19","false","false","true","false","false","false","","","","Air untuk keperluan higiene dan sanitasi, air limbah","https://drive.google.com/drive/folders/1X71nlRXAFgu9Fse7b0qKBoj_5MmithX0?usp=drive_link",""
"LP-1623-IDN","PERUMDA Air Minum Kota Padang","Jl. Penjernihan Utama No. 1, Gunung Pangilun, Padang Utara, Kota Padang, Sumatera Barat","Sumatera Barat","08116619804","lab.pampadang@gmail.com","2027-04-19","2027-04-19","false","false","true","false","false","false","","","","Air permukaan (air sungai, air mata air), air bersih (air perpipaan)","https://drive.google.com/drive/folders/1X4Zp7DXGftnAfHbZkVeSxES3QR3BOVrJ?usp=drive_link",""
"LP-1626-IDN","UPTD Balai Laboratorium Kesehatan dan Pengujian Alat Kesehatan Dinas Kesehatan Aceh","Jl. Tgk. H. Mohd. Daud Beureueh No. 168, Banda Aceh, Aceh","Aceh","(0651) 23834","labkes_aceh@yahoo.com","2027-04-19","2027-04-19","false","false","true","false","false","false","","","","Air minum, air untuk keperluan higiene dan sanitasi, air limbah, air sungai dan air danau","https://drive.google.com/drive/folders/1XgzDm3xJF6x6rKOLZxouLpolcBfTMw6O?usp=drive_link",""
"LP-1628-IDN","Balai Pelaksanaan Jalan Nasional Sulawesi Tengah","Kompleks Pergudangan, Jl. Soekarno Hatta, Kel. Layana Indah, Kec. Mantikulore, Kota palu, Sulawesi Tengah","Sulawesi Tengah","(0451) 425611","laboratoriumbpjnxivpalu@gmail.com","2027-04-27","2027-04-27","true","false","false","false","false","false","","","","Aspal, beton, tanah, agregat","https://drive.google.com/drive/folders/1YRFTGe0l6zBNr7pQzzYRfM4NoLAwcm8y?usp=drive_link",""
"LP-1629-IDN","PT Hydrocore","Kompleks Pilar Mas Ruko No. 12, 13 dan 14, Jl. K.H Ahmad Dahlan, Tangerang Selatan, Banten","Banten","(021) 7426115","nani@hydrocore.co.id","2027-04-27","2027-04-27","true","false","false","false","false","false","","","","Tanah, tanah/pasir/batuan, tanah/pasir","https://drive.google.com/drive/folders/1_n_DkrQ_6mVo89PljW5XoLRWTDfdWjCp?usp=drive_link",""
"LP-1635-IDN","PT Cipta Mandiri Teknik","Perum Pondok Ungu Permai Blok LL2 No. 15 Jl. Kenanga,Kaliabang Tengah, Bekasi Utara, Kota Bekasi, Jawa Barat","Jawa Barat","081384572993","teknik.ciptamandiri@yahoo.com","2027-05-24","2027-05-24","false","false","true","false","false","false","","","","Biological Safety Cabinet, Laminar air flow, fume hood","https://drive.google.com/drive/folders/1b9NtxFONd3exCJXHgPDS3W0Rq-kE77sk?usp=drive_link",""
"LP-1639-IDN","UPTD Laboratorium Konstruksi Dinas Sumber Daya Air dan Bina Marga Provinsi Sulawesi Tenggara","Jl. S. Parman No. 1A, Kendari, Sulawesi Tenggara","Sulawesi Tenggara","(0401) 3124046","pusultralab@gmail.com","2027-05-24","2027-05-24","true","false","false","false","false","false","","","","Beton, beton silinder, aspal, tanah, agregat kasar dan halus","https://drive.google.com/drive/folders/1cBjKD5zs-etyVWSKFKsQeZS6lb9u7P1e?usp=drive_link",""
"LP-1640-IDN","PT Halqilab Karya Indonesia","Komplek Ruko Bubulak No. 11, Jl. KH. Abdullah Bin Nuh, Bogor Barat, Kota Bogor, Jawa Barat","Jawa Barat","(0251) 8474536","halqilab@gmail.com","2027-05-24","2027-05-24","true","true","true","false","false","false","13 26 27 28 29","386","2026-05-19","Air limbah, air minum, air untuk keperluan higiene dan sanitasi, udara ambien, kebisingan, industrial hygiene, udara emisi sumber tidak bergerak, udara lingkungan kerja, getaran, air sungai, air laut, air mineral, air reserve osmosis, limbah B3 TCLP dan total konsentrasi, tanah, pupuk organik (padat, granul)","https://drive.google.com/drive/folders/1bq4Vwo6dzAGYoSKhHhJLGUIVJUnsVxLr?usp=drive_link","https://layanan.kan.or.id/direktori-lpk/3655/1"
"LP-1641-IDN","Laboratorium Terpadu Universitas Negeri Padang","Jl. Prof. Dr. Hamka, Air Tawar, Padang, Sumatera Barat","Sumatera Barat","(0751) 7058692","labterpadu@unp.ac.id","2027-05-24","2027-05-24","false","false","false","true","false","false","","","","Baja tulangan beton, beton silinder, logam dan paduan logam, batubara, Susu dan produk analognya (susu fermentasi, krimmer, susu bubuk, keju whey), Kembang gula, Produk bakeri (roti tawar, snack crekers, biskuit, bakpao, muffin), Pemanis (fruktosa, dekstrosa, gula putih lunak, sirup fruktosa, madu, sirup tebu), Saus (saus cabe, kecap ikan), Produk pangan untuk keperluan gizi khusus (MPASI), Daging dan produk daging (daging sapi, bakso sapi), Makanan ringan siap santap (Keripik sweet potato impor), Minuman, tidak termasuk produk susu (Minuman kaleng rasa strawberry impor)","https://drive.google.com/drive/folders/1jbM26cuSO59fwlYtbzR-2zrOxd5caj4t?usp=drive_link",""
"LP-1642-IDN","Laboratorium Sentral Universitas Muhammadaiyah Malang Kampus 3 UMM","Jl. Raya Tlogomas No. 246, Malang, Jawa Timur","Jawa Timur","(0341) 464318","lab.sentraumm@gmail.com","2027-05-24","2027-05-24","false","false","false","false","true","false","","","","Bahan paka asal hewan, bahan pakan asal tumbuhan, bahan pakan hijauan, pakan ternak ruminansia, pakan ternak non ruminansia, ekstrak hortikultura, ekstrak umbi","https://drive.google.com/drive/folders/1cCTP9zszFiB2-IgpdOIsjoKhThs395aG?usp=drive_link",""
"LP-1646-IDN","Perum Jasa Tirta I","Lokasi 1: Jl. Surabaya No. 2A, Malang, Jawa Timur Lokasi 2: Desa lengkong, Kec. Mojoanyar, Kab. Mojokerto, Jawa Timur Lokasi 3: Jl Raya Kartasura KM7, Pabelan, Surakarta, Kab. Sukoharjo, Jawa Tengah","Jawa Tengah","Lokasi 1: (0341) 551971 Lokasi 2: (0321) 331860 Lokasi 3: (0271) 7469176","pjt1lablingkungan@gmail.com","2027-05-24","2027-05-24","false","false","true","false","false","false","13 26 27 29","400","2026-05-28","Lokasi 1 dan 2: Air sungai, air waduk, air limbah, air bersih dan air minum, air minum dalam kemasan, udara ambien, kebisingan Lokasi 3: air sungai, air waduk, air limbah, air bersih, air minum, air minum dalam kemasan","https://drive.google.com/drive/folders/1cZu6q0RkyGNrUkSCn8_Hh0JTOGUVR_jK?usp=drive_link","https://layanan.kan.or.id/direktori-lpk/149/1"
"LP-1647-IDN","PT Kurita Indonesia","Jl. Jababeka XII A, Kav. 6, Cikarang, Bekasi, Jawa Barat","Jawa Barat","(021) 8936245","r.iskandar70@kurita-water.com","2027-05-24","2027-05-24","false","false","true","false","false","false","","","","Air sungai, air keperluan higiene dan sanitasi","https://drive.google.com/drive/folders/1csDxs-v80rKkL9H0sYS_ffOgP2X5mNzK?usp=drive_link",""
"LP-1648-IDN","Bidang Laboratorium Forensik (BIDLABFOR) Polda Papua","Jl. Jeruk Nipis IV, No. 4, Kotaraja, Abepura, Jayapura, Papua","Papua","(0967) 5572686","bidlabforpoldapapua@gmail.com","2027-05-24","2027-05-24","false","false","false","false","true","false","","","","Raw Material (identifikasi methampetamine), daun-daun kering, batang dan biji","https://drive.google.com/drive/folders/1cv0Vf5GCe8LguFzLhQYyGqrtC4IAdq34?usp=drive_link",""
"LP-1649-IDN","UPTD Balai Laboratorium Lingkungan Dinas Lingkungan Hidup dan Kehutanan Provinsi Nusa Tenggara Barat","Jl. Majapahit No. 56A, Mataram, Nusa Tenggara Barat","Nusa Tenggara Barat","(0370) 7506904","akreditasilabling.ntb@gmail.com","2027-05-24","2027-05-24","false","false","true","false","false","false","26 29","28","2026-04-16","Air sungai, air keperluan higiene dan sanitasi, air limbah","https://drive.google.com/drive/folders/1jm6bo5vGGKpCf6y66yJtkojI5v7kcEuw?usp=drive_link","https://layanan.kan.or.id/direktori-lpk/3368/1"
"LP-1650-IDN","UPTD Laboratorium Lingkungan Dinas Lingkungan Hidup Kota Banjarmasin","Jl. Sultan Adam Komplek Mandiri II RT 28, Banjarmasin Utara, Kalimantan Selatan","Kalimantan Selatan","(0511) 4323349","lablingbjm@gmail.com","2027-06-06","2027-06-06","false","false","true","false","false","false","","","","Air sungai, air limbah","https://drive.google.com/drive/folders/1dDjtEoIXak22x_GQKqJIGTt7lSct_FK0?usp=drive_link",""
"LP-1651-IDN","PT Akalab Mahardika Indonesia","Jl. Raya Jogja-Solo Ruko Kalitirto Square No. B9-10, Berbah, Sleman, DI Yogyakarta","DI Yogyakarta","082225303509","akalabmi@gmail.com","2027-06-06","2027-06-06","false","false","true","false","false","false","","","","Air sungai","Lihat",""
"LP-1655-IDN","PT Pramatek Andal Analitika","Jl. Dr. Ratna No. 108 A, Jatikramat Jati Asih, Bekasi, Jawa Barat","Jawa Barat","(021) 22106968","Annisa.pramatek@gmail.com","2027-06-21","2027-06-21","false","false","true","false","false","false","","","","Air bersih, air limbah, air sungai, udara ambien, kebisingan, udara lingkungan kerja, kualitas udara dalam ruang, air minum, darah, air untuk keperluan hygine dan sanitasi, emisi sumber tidak bergerak","https://drive.google.com/drive/folders/1kKQNtsfQHm5jJNxHt0EZ8tVHVLgYJ0ib?usp=drive_link",""
"LP-1658-IDN","PT Pertamina Patra Niaga Refinery Unit IV Cilacap","Jl. M.T. Haryono No. 77, Lomanis, Cilacap, Jawa Tengah","Jawa Tengah","(0282) 5088230","anton.wibowo@pertamina.com darupi@pertamina.com","2027-06-21","2027-06-21","false","false","true","false","false","false","15 26","119","2026-04-16","Jet A-1, Motor Gasoline, Solar-48, Marine Fuel Oil (MFO), Asphalt, Slack Wax, Lube Base Oil (HVI 60, HVI 95, HVI 160 S, HVI 650), Minarex, Paraffinic Oil, LPG, Benzene, Paraxylene, Propylene, Air Limbah","https://drive.google.com/drive/folders/1eUVo3hsD392Vus4BVSPFQmlP2hzgbln7?usp=drive_link","https://layanan.kan.or.id/direktori-lpk/74/1"
"LP-1660-IDN","UPTD Laboratorium Lingkungan Dinas Perumahan Rakyat, Kawasan Permukiman dan Lingkungan Hidup Kabupaten Ciamis","Jl. Baru Komplek Perkantoran Kertasari, Kabupaten Ciamis, Jawa Barat","Jawa Barat","(0265) 7578871","lablingciamis@gmail.com","2027-06-21","2027-06-21","false","false","true","false","false","false","","","","Air sungai, air danau/air situ, air limbah","https://drive.google.com/drive/folders/1eeZWftYclUPzLEGDuNkmjDMfFrbWdPEb?usp=drive_link",""
"LP-1665-IDN","Bidang Laboratorium Forensik (BIDLABFOR) Polda Riau","Jl. Sisingamangaraja No. 48, Rintis Lima Puluh, Pekanbaru, Riau","Riau","(0761) 865001","bidlabforpoldariau@polri.go.id","2027-07-03","2027-07-03","false","false","false","false","true","false","","","","Narkoba (kristal, tablet, bong, daun ganja kering)","https://drive.google.com/drive/folders/1g3IuYJDmmfcUIXn4oNcugsBBKKvXtwFH?usp=drive_link",""
"LP-1668-IDN","Prodia Food Health Laboratory","Jl. Danau Buyan No. 10, Sanur, Denpasar Selatan, Bali","Bali","(0361) 4491897","prodia.fhl@prodiaohi.co.id","2027-07-19","2027-07-19","false","false","true","false","false","false","","","","Air untuk keperluan higiene sanitasi, ikan dan produk perikanan, roti dan produk serupa roti, daging dan produk daging","https://drive.google.com/drive/folders/1gCqPs-uJ_bbgOBjpXPLaEeY-XnAl0KGy?usp=drive_link",""
"LP-1669-IDN","PT Kenzlab Kanaka Indonesia","Jl. Raya Wangun No. 307, Sindang Rasa, Bogor Timur, Bogor, Jawa Barat","Jawa Barat","(0251) 8248750","kenzlabkanakaindonesia@gmail.com, laboratory@kenzlab.co.id","2027-07-19","2027-07-19","false","false","true","false","false","false","","","","Air limbah","https://drive.google.com/drive/folders/1gzZgEfCjZIVJ92LZL7RxdwBUWSyagyre?usp=drive_link",""
"LP-1673-IDN","UPT Laboratorium Lingkungan Hidup Dinas Lingkungan Hidup Kota Banjarbaru","Jl. Trikora/Soekarno Hatta No. 8, Banjarbaru, Kalimantan Selatan","Kalimantan Selatan","(0511) 6749675","labblhkotabanjarbaru@gmail.com","2027-07-19","2027-07-19","false","false","true","false","false","false","26 27","38","2026-08-14","Air limbah, air sungai, air untuk keperluan higiene dan sanitasi, udara ambien, kebisingan, emisi sumber bergerak","https://drive.google.com/drive/folders/1hGoyMAdzR0v1M0__KXrVC_TVkkD6Nzkc?usp=drive_link","https://layanan.kan.or.id/direktori-lpk/3850/1"
"LP-1676-IDN","Unit Pelaksana Teknis Daerah Pengujian Bahan Konstruksi Bangunan dan Informasi Konstruksi, Dinas Pekerjaan Umum dan Penataan Ruang Provinsi Banten","Jl. Bhayangkara No. 21, Sumur Pecung, Cipocok Jaya, Serang, Banten","Banten","","puprlab@gmail.com","2027-08-23","2027-08-23","true","false","false","false","false","false","","","","Baja beton, beton silinder, beton kubus, paving block, aspal, agregat kasar, agregat halus, tanah dan batuan","https://drive.google.com/drive/folders/1iB4uodAUk9_jFYPqiESWANVI7_u5NbXV?usp=drive_link",""
"LP-1678-IDN","UPTD Laboratorium Lingkungan Dinas Lingkungan Hidup Kabupaten Barito Kuala","Jl. Jend. Sudirman No.76, Marabahan, Kab. Barito Kuala, Kalimantan Selatan","Kalimantan Selatan","(0511) 4799497","batolablingdlh@gmail.com","2027-08-23","2027-08-23","false","false","true","false","false","false","","","","Air limbah, air permukaan (air sungai, air rawa)","https://drive.google.com/drive/folders/1iUYRqa-Pjr0I-JX-OW1uy5CwkAEbg7vn?usp=drive_link",""
"LP-1679-IDN","UPT Laboratorium Lingkungan Dinas Lingkungan Hidup Provinsi Sulawesi Tengah","Jl. Dr. Suharso No. 419, Kel. Besusu Barat, Kec. Palu Timur, Palu, Sulawesi Tengah","Sulawesi Tengah","082394143005","uptlablhprovsulteng12@gmail.com","2027-08-23","2027-08-23","false","false","true","false","false","false","","","","Air limbah, air untuk keperluan higiene sanitasi, air sungai","https://drive.google.com/drive/folders/19clkIjE81CbU1GBPWdbUf7CgMjz1QpLS?usp=drive_link",""
"LP-1682-IDN","PT Beckjorindo Paryaweksana Cabang Semarang","Jl. Madukoro Perum Semarang Indah, DXVIII No. 20, Semarang, Jawa Tengah","Jawa Tengah","(024) 7615603","beckjo_smg@yahoo.co.id","2027-08-23","2027-08-23","false","false","false","true","false","false","","","","Biji kopi, arang tempurung kelapa","https://drive.google.com/drive/folders/15cTuZ-NbdFzpCT8fNKpg9pN0Qo95gfe9?usp=drive_link",""
"LP-1683-IDN","UPTD Laboratorium Kesehatan Daerah Kabupaten Sukabumi","Komplek Alun-alun Cisaat, Kab. Sukabumi, Jawa Barat","Jawa Barat","(0266) 6229553","labkesda-kab-sukabumi@gmail.com","2027-08-23","2027-08-23","false","false","true","false","false","false","","","","Air untuk keperluan higiene sanitasi, air minum","https://drive.google.com/drive/folders/1j2Wi_VznmZSyvThzJwnAvQ-zlQA58A9r?usp=drive_link",""
"LP-1685-IDN","PT Panasonic Manufacturing Indonesia","Jl. Raya Bogor Km. 29, Pekayon, Pasar Rebo, Jakarta Timur, DKI Jakarta","DKI Jakarta","(021) 8710221 Ext. 2721, 2722","","2027-08-23","2027-08-23","false","false","true","false","false","false","","","","Air conditioner, kipas angin listrik, pompa air listrik, mesin cuci, lemari es, water dispenser, plastik, logam, air limbah","https://drive.google.com/drive/folders/1VztimAm2IgPge7PLU_ovhRVxx0RcXIo7?usp=drive_link",""
"LP-1686-IDN","PT Rajawali Baskara Perkasa","Lokasi 1: Ruko Boulevard Taman Tekno BSD Sektor XI Blok A/ 20 21, Kel. Setu, Kec. Setu, Kota Tangerang Selatan, Banten Lokasi 2: Jl. Karang Tengah Raya No.7, Kel. Lebak Bulus, Kec. Cilandak, Jakarta Selatan, DKI Jakarta","DKI Jakarta","(021) 29313344","","2027-08-23","2027-08-23","false","false","false","true","false","false","","","","Lokasi 1: Mainan anak, mainan aktivitas untuk penggunaan domestik, tableware, mainan yang memiliki fungsi elektrikal dalam penggunaannya, kipas angin, tekstil dan produk tekstil, mainan bayi, polimer, pakaian bayi, Penghisap debu, Pemanggang Roti Listrik, Oven Listrik Portabel (Electrical Portable Oven), Pengering Rambut (Hair Dryer), Pengering Tangan Listrik (Hand Dryer), Catok Rambut Listrik, Tungku Gelombang Mikro (Microwave Oven ), Pencukur Listrik, Piranti Pijat Listrik, Panci Listrik Serbaguna, Pemroses Makanan Listrik (Electrical Food Processor), Bor Listrik, Gerinda Listrik, Mesin Serut, Gergaji Listrik, Sepeda Listrik (EPAC),Moped dan sepeda motor berpenggerak listrik, Kemasan pangan plastik, kertas dan karton, Resin Polipropilena dan Polietilena, Resin Polikarbonat, perangkat telekomunikasi short range device Lokasi 2: sepeda anak, sepeda dewasa, Sepeda Listrik (EPAC)","https://drive.google.com/drive/folders/1in21aKswnSuf9reT3ou-hyqxjpcT67X0?usp=drive_link",""
"LP-1687-IDN","PT Kaltim Parna Industri","Kawasan Kaltim Industrial Estate, PT Pupuk Kaltim, Bontang Utara, Kalimantan Timur","Kalimantan Timur","(0548) 41091-92 Ext. 5120, 5121","laboratory@kpi.co.id","2027-09-22","2027-09-22","false","false","true","false","false","false","","","","Natural gas, Anhydrous Ammonia, air Proses, Air laut, Air Limbah, Udara Ambien, Udara dalam ruangan, Udara emisi sumber tidak bergerak","https://drive.google.com/drive/folders/1N-BbracfkpCtYTr4NrNqVZNFQ8MVlEoB?usp=drive_link",""
"LP-1688-IDN","Balai Teknologi Sanitasi","Jl. Raya Menganti, Wiyung, Surabaya, Jawa Timur","Jawa Timur","(031) 7524149","balaisanitasi.ck@pu.go.id","2027-09-22","2027-09-22","false","false","true","false","false","false","","","","Air limbah domestik","https://drive.google.com/drive/folders/19yy5pUlUarshi0UtxOtpFUFdOjb9fN9Y?usp=drive_link",""
"LP-1689-IDN","PT Thermochem Indonesia","Komplek Cimareme Indah Blok A4 No. 14, Cimareme-Ngamprah, Bandung Barat, Jawa Barat","Jawa Barat","(022) 6868-110","","2027-09-22","2027-09-22","false","false","true","false","false","false","","","","Air Kawah, NCG (Non Condensable Gas), Gas SF6","https://drive.google.com/drive/folders/1A1cYQu8NY3jt6Q_CLAplGkPGwZVZFqgg?usp=drive_link",""
"LP-1694-IDN","PT Radar Akurasi Laboratorium","Jl. Bromo No. 65, Kel. Tegal Sari, Kec. Medan Area, Medan, Sumatera Utara","Sumatera Utara","(061) 7361598","radarakurasilab2015@gmail.com","2027-10-23","2027-10-23","false","false","true","false","false","false","","","","Air sungai, air danau, air limbah, air bersih, kebisingan, udara ambien, udara emisi sumber tidak bergerak","https://drive.google.com/drive/folders/1jp_7S2ZgM-xt5Dg0ceyYGg9vfLp0zrFU?usp=drive_link",""
"LP-1697-IDN","UPTD Laboratorium Lingkungan Dinas Lingkungan Hidup Kabupaten Nganjuk","Jl. Raya Kedondong No. 1, Kec. Bogor, Kab. Nganjuk, Jawa Timur","Jawa Timur","(0358) 328380","","2027-10-23","2027-10-23","false","false","true","false","false","false","","","","Air sungai, air limbah","https://drive.google.com/drive/folders/1kjSoQ4nMdjQX89cKCU5NVS5Y5ppRT2a_?usp=drive_link",""
"LP-1698-IDN","Perumda Tirta Musi Palembang","Jl. Rambutan Ujung No. 1 Kelurahan 30 Ilir, Kecamatan Ilir Barat II, Palembang - Sumatera Selatan","Sumatera Selatan","(0711) 355222","malanuzul80@gmail.com","2027-10-23","2027-10-23","false","false","true","false","false","false","","","","Air minum, air sungai","https://drive.google.com/drive/folders/1kWp1Gx8OQ6NkVmwk_NbN9nPWRVcL2WMb?usp=drive_link",""
"LP-1700-IDN","PT Saraswanti Indo Genetech Surabaya","Gedung AMG Tower Lt.12, Jl. Dukuh Menanggal No. 1-A, Kel Dukuh Menanggal, Kec. Gayungan, Surabaya, Jawa Timur","Jawa Timur","(031) 82531288","bella@sigsurabaya.com","2027-10-23","2027-10-23","false","false","true","true","false","false","","","","Krimer minuman (bukan susu), susu bubuk full cream, susu bubuk berlemak, susu, susu segar, susu pasteurisasi, susu UHT, susu steril, susu rendah lemak, susu rekonstitusi, susu rekombinan, minyak sayur, produk kakao dan cokelat, kakao bubuk, kembang gula keras/permen keras, kembang gula/permen lunka, tepung terigu, biskuit, bakso daging, nugget ayam, udang beku, saus sambal, AMDK, air mineral, air demineral, air bermineral, air sida, air minum beroksigen, air mineral alami, air bersih, kopi bubuk, makanan ringan berbahan dasar kentang, umbi, serealia, tepung atau pati, bedak tabur, produk cair (toner), kosmetik (bedak, lipstik, krim), obat, suplemen, obat tradisional (sediaan padat, cair, dan semi padat), dan bahan baku farmasi (sediaan padat, cair, dan semi padat), pakan ternak, Biskuit, Kecap kedelai asin, kecap kedelau manis, roti","https://drive.google.com/drive/folders/1l-ExkWNOcgZTXnyIq3Up-3dfxKFrjthZ?usp=drive_link",""
"LP-1703-IDN","PT Betajulu Enviro Laboratorium","Jl. Sei Silau No. 93, Kel. Padang Bulan Selayang I, Kec. Medan Selayang, Medan, Sumatera Utara","Sumatera Utara","(061) 42404227","ptbel93@gmail.com","2027-11-06","2027-11-06","false","false","true","false","false","false","","","","Air sungai, air danau, air limbah (limbah domestik, limbah industri), air untuk keperluan higiene sanitasi, udara emisi sumber tidak bergerak, udara ambien, kebisingan lingkungan","https://drive.google.com/drive/folders/1lyyCrlZfjgf16Rp_fyFgNWy0yUaWFngO?usp=drive_link",""
"LP-1704-IDN","PT Shafera Enviro Laboratorium","Jl. Jamin Ginting No. 37, Kel. Sidomulyo, Kec. Medan Tuntungan, Medan, Sumatera Utara","Sumatera Utara","08121551018","shafera.enviro@gmail.com","2027-11-06","2027-11-06","true","false","true","false","false","false","","","","Air danau, air sungai, air tanah, air waduk, air sumur, mata air, air limbah, air untuk keperluan higiene sanitasi, air laut, udara ambien, kebisingan, lingkungan kerja, udara emisi sumber tidak bergerak","https://drive.google.com/drive/folders/1lOZulYmHSmk2ruRFGkv9RY-4IKG1t6Tt?usp=drive_link",""
"LP-1705-IDN","Balai Pengendalian dan Pengawasan Mutu Hasil Kelautan dan Perikanan Medan I","Jl. Karantina Ikan Desa Araskabu, Kec. Beringin, Kab. Deli Serdang, Sumatera Utara","Sumatera Utara","(061) 42079683","bkipmmedan1@gmail.com","2027-11-06","2027-11-06","false","false","true","false","false","false","","","","Ikan Air Tawar [segar, olahan], Ikan Air Laut [segar, olahan]","https://drive.google.com/drive/folders/1mG4-s5bKpm0Z9cpgJh9XHKXeCZAtFUf0?usp=drive_link",""
"LP-1712-IDN","UPTD Laboratorium Lingkungan Dinas Lingkungan Hidup Kabupaten Sampang","Jl. Jamaluddin No. 1-C, Kel. Gunung Sekar, Kab. Sampang, Jawa Timur","Jawa Timur","082332625788","ablinkdlh@gmail.com","2027-11-27","2027-11-27","false","false","true","false","false","false","","","","Air limbah","https://drive.google.com/drive/folders/1A624lH4YLLjLH-79DkT807pnHMr6kXTg?usp=drive_link",""
"LP-1715-IDN","PT Adaro Indonesia (Multilokasi)","Lokasi 1: Hauling Road KM 0, Desa Kelanis, Kec. Mengkatip, Kab. Barito Selatan, Kalimantan Tengah Lokasi 2: Hauling Road KM 68, Kec. Murung Pudak, Kab. Tabalong, Kalimantan Selatan","Kalimantan Selatan","(0526) 2021997","abd.razak@adaro.com","2027-11-27","2027-11-27","true","false","true","false","false","false","","","","Batubara, tanah, air proses kegiatan pertambangan (air limbah)","https://drive.google.com/drive/folders/1ACKfAtw7eELvVK86ydxFaWiJMF3hgpkh?usp=drive_link",""
"LP-1717-IDN","Balai Besar Perakitan dan Modernisasi Mekanisasi Pertanian","Jl. Sinarmas Boulevard, Pegedangan, Tangerang, Banten","Banten","(021) 75675918","pengujian.bbpmp@gmail.com","2027-11-27","2027-11-27","true","true","true","true","true","false","","","","Traktor pertanian roda dua, traktor pertanian roda empat gandar ganda, pompa air sentrifugal untuk irigasi, mesin penggiling gabah sekali umpan, mesin perontok padi tipe pelemparan jerami, mesin pemipil jagung, mesin pengering biji-bijian tipe sirkulasi, mesin tanam bibit padi tipe dorong, sprayer gendong semi-otomatis, mesin penghancur (crusher) bahan baku pupuk organik, mesin sangrai kopi dan kakao tipe slinder datar berputar, pengabut gendong bermotor, mesin perontok multi komoditi untuk padi, jagung, dan kedelai, mesin panen padi tipe kombinasi, mesin pengasap tipe jinjing sistem pulsa jet, mini tiller - mesin pengolah tanah sekunder, sprayer gendong elektrik, mesin pemotong rumput tipe gendong, mesin panen jagung kombinasi tipe","https://drive.google.com/drive/folders/1AOWq4wcu5wbJCxA_FC54E9ynlN7zRVTv?usp=drive_link",""
"LP-1720-IDN","PT Laboratorium Medio Pratama","Ruko Alicante Boulevard Blok B No. 52-53, Jl. Jend. Gatot Subroto, Medang, Pagedangan, Kab. Tangerang, Banten","Banten","(021) 22229988","quality.lab@labmedio.co.id","2027-12-07","2027-12-07","false","false","true","false","false","false","","","","Air limbah, air minum, air untuk keperluan higiene & sanitasi, udara ambien, udara lingkungan kerja, emisi sumber tidak bergerak, air RP (Reverse Osmosis)/Air untuk hemodialisa","https://drive.google.com/drive/folders/1AeLGYy7GJkHvyYU7tK3OyCegajj2vjpe?usp=sharing",""
"LP-1721-IDN","UPTD Laboratorium Lingkungan Dinas Lingkungan Hidup Provinsi Sumatera Barat","Jl. Khatib Sulaiman No 22, Kota Padang, Sumatera Barat","Sumatera Barat","(0751) 7055231","lablingprovsumbar@gmail.com","2027-12-07","2027-12-07","true","false","true","false","false","false","","","","Air sungai, air sumur, air tanah, air danau, air higiene sanitasi, air limbah","https://drive.google.com/drive/folders/1Ad-RsvpgvaVht8kDW-N1XyTm1TVmuZWz?usp=drive_link",""
"LP-1722-IDN","PT Jembayan Muarabara","Desa Separi RT. 07 Kec. Tenggarong Seberang, Kab. Kutai Kartanegara - Kalimantan Timur","Kalimantan Timur","(0541) 7771100","","2027-12-07","2027-12-07","false","false","true","false","false","false","","","","Batubara, air limbah dan air bersih","https://drive.google.com/drive/folders/1AtHNtBYAvHggVA4sX6Bd80Pv-fmK1BHE?usp=drive_link",""
"LP-1723-IDN","PT Semesta Esa Laboratorium","Jl. Raden Patah RT 006 RW 005, Kelurahan Ledug, Kecamatan Kembaran, Kabupaten Banyumas, Jawa Tengah","Jawa Tengah","(0281) 628594","semesta.lab@gmail.com","2027-12-07","2027-12-07","false","false","true","false","false","false","","","","Air sungai, air untuk keperluan higiene dan sanitasi, air limbah, kebisingan, udara ambien, udara lingkungan kerja, udara emisi sumber tidak bergerak","https://drive.google.com/drive/folders/18pG5CPYTZ2sNQ-F8MiBnhbwtJNkiYKWs?usp=drive_link",""
"LP-1725-IDN","Balai Besar Perbenihan dan Proteksi Tanaman Perkebunan (BBPPTP) Medan","Jl. Asrama No. 124 Helvetia Sei Sikambing B, Kec. Medan Helvetia, Medan, Sumatera Utara","Sumatera Utara","(061) 8470504","laboratoriumbbpptpmedan@gmail.com","2027-12-27","2027-12-27","false","false","false","true","true","true","","","","Benih kopi, benih kakao, benih karet, agen pengendali hayati (APH): potato dextrosa agar (PDA), tepung, kompos, formulasi pestisida berbentuk cair","https://drive.google.com/drive/folders/1BB506E2JcXiODkN492BqPjbCHvYEe4D5?usp=drive_link",""
"LP-1726-IDN","PT Pertamina Hulu Rokan (Multilokasi)","Lokasi 1: Duri Laboratory PT PHR, Kel. Pematang Pudu, Kec. Mandau, Kab. Bengkalis, Provinsi Riau Lokasi 2: Minas Laboratory PT PHR, Kel. Minas Barat, Kec. Minas, Kab. Siak, Provinsi Riau","Riau","(0765) 825111","adrianto1@pertamina.com","2027-12-27","2027-12-27","true","false","true","false","false","false","","","","Lokasi 1: Air bersih, air limbah, tanah, lumpur, sedimen, gas alam, minyak bumi Lokasi 2: Air minum, Air bersih, air limbah, tanah, lumpur, sedimen, minyak bumi","https://drive.google.com/drive/folders/1AykZKHtkVB5AkFTlGX--EBGXZb9YWj83?usp=drive_link",""
"LP-1727-IDN","PT Artada Nusa Analitika","Grand Galaxy City, Jl. Rose Garden Blok RRGB No. 67/69, Bekasi Selatan, Kota Bekasi, Jawa Barat","Jawa Barat","(021) 82734096","artada.lab@gmail.com","2027-12-27","2027-12-27","false","false","true","false","false","false","","","","Air limbah, air sungai, air danau, air bersih, udara ambien, kebisingan, udara emisi sumber tidak bergerak, lingkungan kerja, Air Minum Dalam Kemasan","https://drive.google.com/drive/folders/1Ayk4reLqubrfIRjkr7f_1_cy8pcLqD_4?usp=drive_link",""
"LP-1729-IDN","PT Vale Indonesia, Tbk - Laboratorium & Sample House Process Technology","Plant Site Sorowako, Luwu Timur, Sulawesi Selatan","Sulawesi Selatan","(021) 5249100","Fatmawaty@vale.com","2027-12-27","2027-12-27","false","false","true","false","false","false","","","","Hasil Proses dyer & klim, bijih nickel laterite, produk akhir tambang (nickle matte), air limbah, air danau, air sungai,air hujan, air lindi","https://drive.google.com/drive/folders/1BMPT5m6aiqpo6sLjnqs0R66MlFNCtuLO?usp=drive_link",""
"LP-1734-IDN","Balai Pengendalian dan Pengawasan Mutu Hasil Kelautan dan Perikanan Tanjung Pinang","Jl. Yos Sudarso No 25A, Batu Hitam, Tanjungpinang, Kep. Riau","Riau","(0771) 314172","bp2mhkptanjungpinang@gmail.com","2027-12-27","2027-12-27","false","false","true","false","false","false","","","","Ikan air laut (kerapu, kakap), udang, lobster, ikan nila, ikan air tawar, ikan dan produk perikanan, ikan segar","https://drive.google.com/drive/folders/1BdD4kad0_RTmxY6mpPMCnntIdmBpj7l7?usp=drive_link",""
"LP-1735-IDN","PT Natura Perisa Aroma","Jl. Ir. Sutami Km 9, Sukanegara, Tanjung Bintang, Lampung Selatan, Lampung","Lampung","(0721) 351091","hermenigilda.nehat@nekaboga.com","2027-12-27","2027-12-27","false","true","false","false","false","false","10 13 14","56","2026-05-04","Produk black pepper (lada hitam utuh (non steril dan steril) dan bubuk steril), Pupuk Granul Organik, Pupuk KCL/MOP, Pupuk Urea, Pupuk NPK, Pupuk ZnCu, Pupuk Rock Phosphate, Pupuk ZnSO4, Pupuk Borate (HgFB), Pupuk CuSO4, Powder Beverage, Candy, Black Pepper, Cassia, Galangal, Black Pepper Whole NST, Black Pepper Whole ST, Black Pepper Ground ST, Coriander Whole NST, Cassia Broken Cleaned ST, Cassia Ground ST, White Pepper Whole ST, White Pepper Ground ST, Galanggal Broken ST, Galanggal Ground ST, Tumeric, CPO","https://drive.google.com/drive/folders/1Be7aKnbQRHZzL0WoYnk9wmKuus3tq3px?usp=drive_link","https://layanan.kan.or.id/direktori-lpk/4022/1"
"LP-1737-IDN","UPTD Laboratorium Lingkungan Dinas Lingkungan Hidup Kabupaten Tegal","Jl. Prof. M. Yamin - Slawi, Kab. Tegal, Jawa Tengah","Jawa Tengah","(0283) 491159","laboratdlhkab.tegal@gmail.com","2027-12-27","2027-12-27","false","false","true","false","false","false","","","","Air limbah, air sungai, air danau, air embung","https://drive.google.com/drive/folders/1BPGS7SLBRNOCjJDELOxDmDImMyJPpqqV?usp=drive_link",""
"LP-1738-IDN","Unit Pelaksana Teknis Dinas Balai Proteksi Tanaman Pertanian Provinsi DIY","Gesikan, Wijirejo, Pandak, Bantul, Daerah Istimewa Yogyakarta","DI Yogyakarta","(0274) 582829","diy.lphpt@gmail.com","2027-12-27","2027-12-27","false","false","false","true","false","false","","","","Agens pengendali hayati Beauveria bassiana pada media padat (beras/Oryza sativa dan jagung/Zea mays), Agens pengendali hayati Trichoderma spp. pada media padat (beras/Oryza sativa dan jagung/Zea mays)","https://drive.google.com/drive/folders/1BgAj9lrbyma3o8z-aUc3N8QythyaRIXL?usp=drive_link",""
"LP-1739-IDN","UPTD Laboratorium Lingkungan Dinas Lingkungan Hidup Kabupaten Lampung Tengah","Komplek Perkantoran Dinas, Jl. Hi. Muchtar Gunung Sugih, Kabupaten Lampung Tengah, Lampung","Lampung","(0725) 5260983","lablinglamteng@gmail.com","2027-12-27","2027-12-27","false","false","true","false","false","false","","","","Air limbah, air sungai","https://drive.google.com/drive/folders/1C9Vr7vcvYTVMf77C44EAh6ogEWEci24n?usp=drive_link",""
"LP-1741-IDN","Laboratorium UI - CHEM Departemen Kimia FMIPA UI","Gedung G Departemen Kimia, Fakultas Matematika dan Ilmu Pengetahuan Alam Kampus UI Depok, Jawa Barat","Jawa Barat","(021) 78849006","uichemlab@gmail.com","2028-01-24","2028-01-24","false","false","true","false","false","false","","","","Air sungai, air sumur, air limbah","https://drive.google.com/drive/folders/1CMNDXoBrz5EmTNCy1Kh68ANDypU8pK5s?usp=drive_link",""
"LP-1744-IDN","PT Sumber Inti Pangan","Kampung Pahing RT. 016 RW. 004 Desa Cilowa, Kec. Kramatmulya, Kuningan, Jawa Barat","Jawa Barat","(0232) 8894707","hasna@sumberintipangan.com","2028-01-24","2028-01-24","false","false","false","true","false","false","","","","Herba dan rempah, bumbu dan kondimen, saus teremulsi, sayuran kering, tepung ikan dan tepung udang","https://drive.google.com/drive/folders/1CYk4l788KtSd86_z2UOnFLomMxnpPiaH?usp=drive_link",""
"LP-1747-IDN","PT Agrinas Palma Nusantara (Persero) - Laboratorium Geoteknik","Jl. Janti Barat No. 27, Kota Malang, Jawa Timur","Jawa Timur","(0341) 362261","divisi_si@indrakarya.co.id","2028-01-24","2028-01-24","true","false","false","false","false","false","","","","Tanah, pasir, dan batu","https://drive.google.com/drive/folders/1Cli44UwARSIF2uIL2_TF3GyLFkVMrvGQ?usp=drive_link",""
"LP-1751-IDN","Balai Penerapan Modernisasi Pertanian Yogyakarta","Karangsari, Wedomartani, Ngemplak, Sleman, Yogyakarta","DI Yogyakarta","085790665191","lab_tanah@yahoo.com","2028-01-24","2028-01-24","true","true","false","false","false","false","","","","Tanah, pupuk organik, pupuk urea, pupuk NPK padat, tanaman","https://drive.google.com/drive/folders/1D2bmDLNXx07piJ9RaiWs3JR3PknAVUzK?usp=drive_link",""
"LP-1753-IDN","Laboratorium Kesehatan Lingkungan Kerja Pelayaran - Balai Kesehatan Kerja Pelayaran Kementerian Perhubungan","Jl. Raya Ancol Baru No. 1, Tanjung Priok, Jakarta Utara, DKI Jakarta","DKI Jakarta","(021) 4372447","bkkp.klkp@gmail.com","2028-02-05","2028-02-05","false","false","true","false","false","false","","","","Lingkungan kerja, udara ambien, air sungai, air limbah","https://drive.google.com/drive/folders/1D5Fh9YNr5_Q8c4VDEA8_EOQf4KG97esv?usp=drive_link",""
"LP-1754-IDN","Badan Penyelenggara Jaminan Produk Halal - Laboratorium Halal","Jl. Raya Pd. Gede No. 13, RT.1/RW.1, Pinang Ranti, Kec. Makassar, Jakarta Timur, DKI Jakarta","DKI Jakarta","","labhalal.bpjph@halal.go.id","2028-02-05","2028-02-05","false","false","false","true","false","false","","","","Sari buah, minuman beralkohol (bir dan minuman malt), produk olahan daging (sosis dan bakso), daging (karkas sapi, karkas celeng, karkas babi)","https://drive.google.com/drive/folders/1DGlcuVQs42REGU04vvQ9DcOkoUrLKiWo?usp=drive_link",""
"LP-1755-IDN","PT Pertamina Patra Niaga Refinery Unit VI Balongan","Jl. Raya Balongan Km. 9, Indramayu, Jawa Barat","Jawa Barat","(0234) 5256296","jakariya@pertamina.com; sigit.dwi@pertamina.com; sarah.silvania@pertamina.com","2028-02-05","2028-02-05","false","false","true","false","false","false","","","","Avtur, Pertamax, Premium, Pertalite, Pertamax Turbo, Solar, Decant Oil. LPG, Propylene, Air Limbah","https://drive.google.com/drive/folders/1D7r9FNubYUqroB3fhbdOVA3Y0DMdLHYL?usp=drive_link",""
"LP-1757-IDN","Laboratorium Lingkungan Dinas Lingkungan Hidup Kota Pekalongan","Jl. Tentara Pelajar No. 1, Kota Pekalongan, Jawa Tengah","Jawa Tengah","(0285) 421370","lablingdlhkotapekalongan@gmail.com","2028-02-21","2028-02-21","false","false","true","false","false","false","","","","Air limbah, air permukaan (air sungai)","https://drive.google.com/drive/folders/1DwUH7oCvUhl8N7B_Z2Af9kYsLNbAcLy0?usp=drive_link",""
"LP-1758-IDN","Politeknik Kesehatan Kementerian Kesehatan Kupang","Jl. Piet A Tallo, Kupang, Nusa Tenggara Timur","Nusa Tenggara Timur","(0380) 8800256","poltekkeskupang@yahoo.com","2028-02-21","2028-02-21","false","false","true","false","false","false","","","","Air bersih, air limbah","https://drive.google.com/drive/folders/1EBZxZFjCGKciTGA52E3gaDjBjA7CwCTQ?usp=drive_link",""
"LP-1759-IDN","Unit Pelaksana Teknis Daerah Laboratorium Lingkungan Hidup Dinas Lingkungan Hidup Kabupaten Karawang","Jl. By Pass Tanjungpura No. 1, Kab. Karawang, Jawa Barat","Jawa Barat","(0267) 406087","","2028-02-21","2028-02-21","false","false","true","false","false","false","","","","Air permukaan (air sungai, air danau, air waduk, air situ, air irigasi), air limbah, air untuk keperluan higiene sanitasi","https://drive.google.com/drive/folders/1E12RPi-c1ukhUQbRLd-myNhbMlsWPIu2?usp=drive_link",""
"LP-1761-IDN","PT Wijaya Karya (Persero) Tbk, Laboratorium Jasa Konstruksi","Jl. Raya Kelapa Dua Wetan No. 6, Ciracas, Jakarta Timur, DKI Jakarta","DKI Jakarta","(021) 8729057","laboratorium.wika@yahoo.com","2028-02-21","2028-02-21","true","false","false","false","false","false","","","","Tanah, batuan, agregat, beton","https://drive.google.com/drive/folders/1xpfkpN1HL-CX1UWvl_y3_KBMCN6PpC33?usp=drive_link",""
"LP-1768-IDN","Stasiun Pengendalian dan Pengawasan Mutu Hasil Kelautan dan Perikanan Sorong","Jl. A. Yani, Kuda Laut (Kompleks Pelabuhan Perikanan Pantai), Sorong, Papua Barat","Papua Barat","(0951) 325671","ski_sorong@yahoo.com","2028-02-21","2028-02-21","false","false","true","false","false","false","","","","Ikan dan produk perikanan (ikan air tawar, air laut, ikan segar, ikan beku)","https://drive.google.com/drive/folders/1Etb0s3ypWt1_3JAgCMAnXVC6GAB6AKWI?usp=drive_link",""
"LP-1772-IDN","PT Indesso Aroma Cileungsi - Laboratorium QC (Microbiology & Advanced Analytical)","Jl. Alternatif Cibubur - Cileungsi KM9, Cileungsi, Bogor, Jawa Barat","Jawa Barat","(021) 82491808","rwin@indesso.com","2028-03-05","2028-03-05","false","false","false","true","false","false","","","","Sari wortel, essential oil dan turunannya, tepung pati, puree buah, seasoning powder, natural extract powder, beef powder, dan milk powder, Vanillin (kristal Turunan Esensial Oil), Tea Extract Liquid(Green Tea Extract liquid, Black Tea extract Aroma), Cocoa Extract Liquid, Tea Extract Powder (Green Tea Extract Powder, Black Tea Extract Powder)","https://drive.google.com/drive/folders/1FDPe-sdizwnRGK3ph9K6_rUsEOH_Fb5T?usp=drive_link",""
"LP-1773-IDN","PT Pertamina Patra Niaga Refinery Unit V Balikpapan","Jl. Yos Sudarso No. 1, Balikpapan, Kalimantan Timur","Kalimantan Timur","(0542) 511000","","2028-03-28","2028-03-28","false","false","true","false","false","false","","","","Pertamax, Pertalite, Premium, Naphtha, Avtur, Kerosine, ADO (Solar 48), Pertamina Dex 50 PPM, Medium Distilate Fuel (MDF), Marine Fuel Oil (MFO), LSFO (LSWR), Crude Oil, LPG, Natural Gas, Air limbah","https://drive.google.com/drive/folders/1FQ7dY6yToe2aPqrEPg68IJ61obydMNNU?usp=drive_link",""
"LP-1777-IDN","PT Sinergi Geoenvi Laboratorium","Jl. Dago Resort Sentra Dago Ruko No. A2 RT 02 RW 07, Mekarsaluyu, Cimenyan, Kab. Bandung, Jawa Barat","Jawa Barat","(022) 20469340","synergygeoenvylaboratory@gmail.com","2028-03-28","2028-03-28","true","false","true","false","false","false","","","","Tanah, air tanah, air limbah","https://drive.google.com/drive/folders/1FpSNjMC1WQhboxkSyMnUumwZwCdydbWw?usp=drive_link",""
"LP-1779-IDN","Unit Pelaksana Teknis (UPT) Laboratorium Penelitian Terpadu Universitas Sumatera Utara","Jl. Tridharma, Kampus Universitas Sumatera Utara, Medan, Sumatera Utara","Sumatera Utara","","lpterpadu@usu.ac.id","2028-03-28","2028-03-28","false","false","true","false","false","false","","","","Air untuk keperluan higiene sanitasi, air limbah","https://drive.google.com/drive/folders/1FpfYw3If--RZFnEVtJh6aTA8Lo2tNx07?usp=drive_link",""
"LP-1780-IDN","Unit Pelaksana Teknis Daerah (UPTD) Laboratorium Lingkungan Kabupaten Tabalong","Jl. A. Yani, Desa Maburai, Kec. Murung Pudak, Kab. Tabalong, Kalimantan Selatan","Kalimantan Selatan","(0526) 2021390","upt.lablingtab@gmail.com","2028-03-28","2028-03-28","false","false","true","false","false","false","","","","Air sungai, air danau, air limbah, udara ambien, dan kebisingan","https://drive.google.com/drive/folders/1GLl6CvYymnAmWyKAEsYM6-wIxCn3oVBU?usp=drive_link",""
"LP-1781-IDN","PT ICP Elaborasi Surabaya","Jl. Raya Bangkingan No. 89A, Surabaya, Jawa Timur","Jawa Timur","(031) 99429766","csicpsby@gmail.com","2028-03-28","2028-03-28","false","true","true","true","false","false","","","","Pupuk fosfat alam untuk pertanian, pupuk NPK padat, pupuk SP-36, pupuk triple super fosfat, pupuk urea, pupuk amonium sulfat, pupuk kalium klorida, pupuk dolomit, pupuk organik padat, garam konsumsi beryodium, beras, minyak goreng sawit, air mineral","https://drive.google.com/drive/folders/1URimqqMnQDjo5NHDhinWd4dSTHrfMBSY?usp=drive_link",""
"LP-1782-IDN","Perumda Air Minum Tirta Pakuan Kota Bogor","Jl. Raya Cipaku No. 8, Bogor, Jawa Barat","Jawa Barat","(0251) 8324111","lab_pdamtp@yahoo.co.id","2028-03-28","2028-03-28","false","false","true","false","false","false","","","","Air sungai, air bersih, air minum","https://drive.google.com/drive/folders/1URvNeKcIKBzE5V0UmXN8vPCJWAdnW-23?usp=drive_link",""
"LP-1784-IDN","PT Global Inspeksi Sistem (Multilokasi)","Lokasi 1: Jl. Pahlawan No. 2, Kwadengan Barat, Sidoarjo, Jawa Timur Lokasi 2: Jl. Daan Mogot No. 89, RT 002/RW 002, Wijaya Kusuma, Grogol Petamburan, Jakarta Barat, DKI Jakarta","DKI Jakarta","081382621619","ptglobalinspeksisistem@gmail.com","2028-03-28","2028-03-28","false","true","true","false","false","false","04 10 13 14 15 26 27 29","341","2026-04-30","Lokasi 1 (Jawa Timur): Pelumas Lokasi 2 (DKI Jakarta): Pelumas, CPO, RBD Palm Stearin, RBD Palm Olein, Pupuk, Pupuk NPK Padat, Pupuk Urea, Pupuk KCl, Pupuk Fosfat Alam untuk pertanian, Pupuk ZA, Pupuk TSP, Pupuk SP36, Pupuk Borat, Pupuk Kieserit, Minyak Makan Merah, Minyak Goreng Sawit, Air Sungai, Air Danau, Air Muara, Air Rawa, Air Akuifer, Air Situ, Air Mata Air, Air Waduk, Air Sumur, Air untuk Keperluan Higiene dan Sanitasi, Air Limbah, Air Mineral/Air Demineral, Air Minum, Udara Ambien, Kebisingan, ESTB, Alat Pemeilharaan Tanamanan Sprayer","https://drive.google.com/drive/folders/1UWAnB5mSCbPZKiw1eEMeb7qntTfn9mwN?usp=drive_link","https://layanan.kan.or.id/direktori-lpk/4467/1"
"LP-1787-IDN","Balai Besar Pelaksanaan Jalan Nasional Sulawesi Selatan","Jl. Batara Bira No.14 Km.16 Baddoka, Makassar, Sulawesi Selatan","Sulawesi Selatan","(0411) 510210","balaibesarmakassar@yahoo.co.id","2028-04-16","2028-04-16","true","false","false","false","false","false","","","","Aspal keras, tanah, beton silinder, agregat halus dan kasar, campuran beraspal","https://drive.google.com/drive/folders/1UsdWveUgW0ON5ZpE-sWML5svBVad4uBJ?usp=drive_link",""
"LP-1789-IDN","PT Prima Agro Tech","Jl. Imam Bonjol No.9A Rt 02 Rw 04 Desa/Kel. Bojong Jaya, Kec. Karawaci, Kota Tangerang, Banten","Banten","(021) 5520461","mt@primaagrotech.com","2028-04-16","2028-04-16","false","true","false","false","false","false","","","","Bioinsektisida, Biofungsida, Pupuk Hayati","https://drive.google.com/drive/folders/1r5kr03VsVigvexch4RRc-fmlgBsjmIII?usp=drive_link",""
"LP-1792-IDN","PT Mustika Sembuluh - Laboratorium EMU R&D","Jl. Jendral Sudirman KM 62, Kec. Mentaya Hilir Utara, Kab. Kotawaringin Timur, Kalimantan Tengah","Kalimantan Tengah","(0531) 34802","laboratoriumemurnd@gmail.com","2028-04-16","2028-04-16","false","true","false","false","true","false","","","","Pupuk NPK Padat, Bahan Tanaman Sawit (daun, batang, rachis, akar)","https://drive.google.com/drive/folders/1V729yd7XS-WcO-QKm3uEcQ5KqduMAfZy?usp=drive_link",""
"LP-1794-IDN","Unit Pelaksana Teknis (UPT) Laboratorium Kesehatan dan Kalibrasi Provinsi Kalimantan Tengah","Jl. Letjen Soeprapto No.01, Palangkaraya, Kalimantan Tengah","Kalimantan Tengah","(0536) 3221106","blkkalteng@gmail.com","2028-04-16","2028-04-16","false","false","true","false","false","false","","","","Air untuk keperluan higine dan sanitasi, air limbah, air sungai, air minum","https://drive.google.com/drive/folders/1V0MValZMyNRTbdh3aaYG9bnJZTWaIsCv?usp=drive_link",""
"LP-1795-IDN","Unit Pelaksana Teknis Daerah (UPTD) Balai Pengujian dan Penerapan Mutu Hasil Perikanan Bitung Kelas A","Kompleks PPS Bitung Jl. Cakalang No. 1 Aertembaga, Bitung, Sulawesi Utara","Sulawesi Utara","(0438) 34224","bppmhpkan@gmail.com","2028-05-23","2028-05-23","false","false","true","false","false","false","","","","Tuna Beku, Tuna Loin, Tuna Steak Beku, Tuna Saku Beku, Tuna Fillet Beku, Tuna Segar, Tuna Chunk Beku Meat Beku, Tuna Cube Beku, Tuna Ground Meat Beku, Tuna Belly Beku, Ikan Layang Beku, Cakalang Beku, Ikan Segar, Ikan Demersal Beku, Fillet Kakap Beku, Cumi-cumi Beku, Lobster Beku, Udang Beku, Udang Segar, Nike Beku, Teripang Kering, Tuna Kaleng, Cakalang Kaleng, Mackerel Kaleng, Sarden Kaleng, Produk Pengasapan (Ikan Asap, dll), Air (PDAM, Sumur dan Processing) dan Es","https://drive.google.com/drive/folders/1VaaTZzj3TJe1nBvd5zH1zX6Kt7zhIANE?usp=drive_link",""
"LP-1797-IDN","Unit Pelaksana Teknis (UPT) Laboratorium Kesehatan dan Lingkungan Dinas Kesehatan Provinsi Riau","Jl. Mustika No. 3A. Pekanbaru, Riau","Riau","(0761) 22018-22318","upt.labkesling@gmail.com","2028-05-23","2028-05-23","false","false","true","false","false","false","","","","Air limbah","https://drive.google.com/drive/folders/1W2jk4gyXsUemXP6dFuqWavgueN7d5nRS?usp=drive_link",""
"LP-1799-IDN","PT Symbion Mono Lab","Jl. Rancabolang. Nomor 36, Bandung, Jawa Barat","Jawa Barat","(022) 7502184","info@symbionmonolab.co.id","2028-05-23","2028-05-23","true","false","false","false","false","false","","","","Tanah, udara ambien, lingkungan kerja","https://drive.google.com/drive/folders/1WjOVQk33HdSXD9ajd9K4hzKn3cDL7QlE?usp=drive_link",""
"LP-1802-IDN","Laboratorium Lingkungan Dinas Lingkungan Hidup Kabupaten Kediri","Jl. Mayor Bismo No. 28 Kelurahan Semampir Kecamatan Mojoroto, Kota Kediri, Jawa Timur","Jawa Timur","","dlhlablingkabkediri@gmail.com","2028-05-23","2028-05-23","false","false","true","false","false","false","","","","Air sungai dan air embung","https://drive.google.com/drive/folders/1WyCRNPFayBvxkDWv-esOTKX0QkV5i83D?usp=drive_link",""
"LP-1805-IDN","Unit Pelaksana Teknis Daerah (UPTD) Laboratorium Lingkungan Hidup Provinsi Sulawesi Tenggara","Kompleks Bumi Praja Anduonohu, Poasia, Kendari, Sulawesi Tenggara","Sulawesi Tenggara","(0401) 3127760","uptdlablingkprovsultra@gmail.com","2028-06-06","2028-06-06","false","false","true","false","false","false","","","","Air Sungai","https://drive.google.com/drive/folders/1XRZ8AqHGIl4kNl4WklScyCz3JDGjsH-q?usp=drive_link",""
"LP-1806-IDN","Unit Pelaksana Teknis (UPT) Laboratorium Kesehatan Kelas A pada Dinas Kesehatan Kabupaten Bogor","Jl. KSR Dadi Kusmayadi No.27B, Kec. Cibinong, Kabupaten Bogor, Jawa Barat","Jawa Barat","(021) 8753269","labkeskabbogor@gmail.com","2028-06-06","2028-06-06","false","false","true","false","false","false","","","","Air untuk keperluan hygiene dan sanitasi, Air minum","https://drive.google.com/drive/folders/1XUP396T_ddQgMWWdPlE5AA2zPaB4r3or?usp=drive_link",""
"LP-1810-IDN","PT Laboratorindo Alam Bestari","Jl. H.M. Ardans Ring Road 3, Rt. 01, Kavling S11 & S12 (Simpang SMA IT Granada); Kel. Bukit Pinang, Kec. Samarinda Ulu, Kota Samarinda, Prov. Kalimantan Timur","Kalimantan Timur","(0541) 2923383, 08115833982","infoptlabestari@gmail.com","2028-06-06","2028-06-06","false","false","true","false","false","false","","","","Air sungai, air limbah, air untuk keperluan higiene sanitasi, air laut, minyak kelapa sawit (CPO), udara ambien, kebisingan, Udara Emisi Sumber Tidak Bergerak","https://drive.google.com/drive/folders/1Xx5ul3T4K5KeWaDDItKF4_e_rc4e_uSS?usp=drive_link",""
"LP-1813-IDN","PT Envirotama Solusindo","Jl. Jatiwangi-Cikedokan No. 84, Kp. Kamurang, Cikedokan, Cikarang Barat, Kab. Bekasi, Jawa Barat","Jawa Barat","(021) 85934498","lab.envirotama@gmail.com","2028-06-20","2028-06-20","false","false","true","false","false","false","","","","Fume Hood, Laminar Air Flow, Biological Safety Cabinet, Room/Cabinet/Machine","https://drive.google.com/drive/folders/1QlntB80p2r5Z_xrLaY9NKC1HGsSEiswY?usp=drive_link",""
"LP-1821-IDN","PT Global Environment Laboratory Cabang Makassar","Jl. Cendrawasih No. 256 Komplek Ruko Cendrawasih Square Blok D4-E4, Makassar, Sulawesi Selatan","Sulawesi Selatan","081241627942","makassar@lab-gel.com","2028-07-05","2028-07-05","false","false","true","false","false","false","","","","Air Untuk Keperluan Hygiene dan Sanitasi, Air Sungai, Air Limbah, Udara Ambien, Kebisingan, Lingkungan Kerja, Udara emisi sumber tidak bergerak, Emisi gas buang kendaraan bermotor tipe M, N, O","https://drive.google.com/drive/folders/1Qoe5NjqeNYEqM4ZHandAk-PGhQ7tmfYr?usp=drive_link",""
"LP-1824-IDN","PT Multi Sarana Indotani","Desa Lengkong, Kecamatan Mojoanyar, Kabupaten Mojokerto, Jawa Timur","Jawa Timur","(0321) 331219 ext 108","","2028-07-05","2028-07-05","false","true","false","false","false","false","","","","Pupuk NPK Padat","https://drive.google.com/drive/folders/1SgnMWJBhTZlNXSv5m18DIG30PmrWS7WZ?usp=drive_link",""
"LP-1830-IDN","PT Prima Ediza Jaya","Jl. Ciliwung No.10 Kav.2 RT 006 RW 013 Purwantoro Blimbing, Malang, Jawa Timur","Jawa Timur","(0341) 482400","primaedizajaya@gmail.com","2028-08-06","2028-08-06","false","false","true","false","false","false","","","","Air Reverse Osmosis (RO)","https://drive.google.com/drive/folders/1TGBikdWRryfv1o-bflhmCqVowL6XVdFK?usp=drive_link",""
"LP-1831-IDN","PT Arasy Analitical Research Laboratories","Graha Niaga Blok H No. 10, Jl. Letjen Ibrahim Adji Sindang Barang, Bogor, Jawa Barat","Jawa Barat","(0251) 7588781","arasy.lab@gmail.com","2028-07-25","2028-07-25","false","false","true","false","false","false","","","","Air sungai, air danau, air laut, air limbah, udara ambien, Air Untuk Keperluan Higien Sanitasi, Udara Emisi Sumber Tidak Bergerak, Lingkungan Kerja","https://drive.google.com/drive/folders/1UJzQZlJ261EzCmtOfan8zHBfCWEQA24j?usp=drive_link",""
"LP-1832-IDN","PT Eka Akurasi Envitama","Jl. Gema Insani No.37A RT 02 RW 021, Bakti Jaya, Sukmajaya, Depok, Jawa Barat","Jawa Barat","(021) 77837672","EkaEnviroLaboratory@gmail.com","2028-07-25","2028-07-25","true","false","true","false","false","false","","","","Air limbah, air sungai, air danau, air untuk keperluan higiene sanitasi, udara ambien, udara lingkungan kerja, kebisingan, udara emisi sumber tidak bergerak, tanah","https://drive.google.com/drive/folders/1U7qo7uf05cvn5fGJ_pB7ZuDxyVC1U4yy?usp=drive_link",""
"LP-1833-IDN","Unit Pelaksana Teknis Daerah (UPTD) Balai Pengujian Penelitian dan Pengembangan Lingkungan Dinas Lingkungan Hidup dan Kehutanan Aceh","Jl. Tgk. Meulagu No. 6, Desa Tibang, Kec. Syiah Kuala, Kota Banda Aceh, Aceh","Aceh","082312001976","bppplaceh@gmail.com","2028-07-25","2028-07-25","false","false","true","false","false","false","","","","Air permukaan (air sungai, air sumur, air danau, air rawa), air limbah","https://drive.google.com/drive/folders/1UPmXrUUwB77pGl4Owza9yY6YMTbsXLyz?usp=drive_link",""
"LP-1834-IDN","Balai Pengujian dan Sertifikasi Mutu Barang Semarang","Jl. Brigjen Sudiarto No. 327, Pedurungan, Semarang, Jawa Tengah","Jawa Tengah","(024) 76413336","pengujian.bpsmbsemarang@gmail.com","2028-07-25","2028-07-25","false","false","false","true","false","false","","","","Beras, garam konsumsi beriodium","https://drive.google.com/drive/folders/1TOc7CBSdeXo45jM09uV1MYbyfIEABnqJ?usp=drive_link",""
"LP-1838-IDN","Balai Geoteknik, Terowongan dan Struktur","Jl. A.H. Nasution No. 264, Kec. Arcamanik, Bandung, Jawa Barat","Jawa Barat","(022) 7834487","bgts@pu.go.id","2028-08-06","2028-08-06","true","false","false","false","false","false","","","","Tanah, Geosintetik/Geotekstil, Geogrides, Logam, Baja Tulangan Beton, Beton, Karet","https://drive.google.com/drive/folders/1UvU-jlXF1Ht4l4IjCGJKD7teGSmlaWjJ?usp=drive_link",""
"LP-1839-IDN","Politeknik Negeri Lampung - Laboratorium Analisis","Jl. Soekarno Hatta Rajabasa, Bandar Lampung, Lampung","Lampung","(0721) 703995","labanalisis@polinela.ac.id","2028-08-22","2028-08-22","true","true","false","false","false","false","","","","Pupuk NPK Padat, Pupuk Organik Padat, Tanah","https://drive.google.com/drive/folders/1VlPRLBPe_JXHtlsNaK5jKfAYbt6ZE90J?usp=drive_link",""
"LP-1840-IDN","Unit Pelaksana Teknis Daerah (UPTD) Balai Pengawasan dan Sertifikasi Benih Tanaman Pangan Provinsi Sulawesi Tenggara","Jl. Piere Tendean No. 40 Kecamatan Baruga, Kota Kendari, Sulawesi Tenggara","Sulawesi Tenggara","(0401) 3194090","bpsbsultra.lab74@gmail.com","2028-08-22","2028-08-22","false","false","false","false","true","false","","","","Benih padi, benih kedelai, benih jagung, benih sorgum","https://drive.google.com/drive/folders/1Vi7vUwkZR4JqoTmnvdC8P6ZYxH3xkptM?usp=drive_link",""
"LP-1844-IDN","Unit Pelaksana Teknis Daerah (UPTD) Laboratorium Lingkungan Dinas Lingkungan Hidup Kabupaten Bekasi","Komplek Perkantoran Pemerintah Kabupaten Bekasi Desa Sukamahi - Cikarang Pusat, Kab Bekasi, Jawa Barat","Jawa Barat","","uptdlabling.kabbekasi@gmail.com","2028-08-22","2028-08-22","false","false","true","false","false","false","","","","Air sungai, air limbah","https://drive.google.com/drive/folders/1W7EiM3XUwanycI5gQS5R3hbY-kF90-Ww?usp=drive_link",""
"LP-1851-IDN","PT Pro Labviron Indonesia","Jl. Modern Industri XV Blok AD No. 4, Kawasan Industri Modern, Sukatani, Cikande, Serang, Banten","Banten","","prolabvironindonesia@gmail.com","2028-09-12","2028-09-12","false","false","true","false","false","false","","","","Air sungai, air limbah, air minum, air untuk keperluan higiene dan sanitasi, udara ambien, udara lingkungan kerja, emisi sumber tidak bergerak, padatan (B3) non-TCLP, Air Permukaan: Air Sungai, Air Danau, Udara Emisi Sumber Tidak Bergerak","https://drive.google.com/drive/folders/1Xr4yeq0CebgJH7f69XMH7U0Y3fhWZ-lw?usp=drive_link",""
"LP-1859-IDN","PT Vander Geo Laboratori","Jl. MT Haryono, Perumahan Bukit Mediterania, Komplek Perkantoran Ruko BMR No. 32, Kel. Air Putih, Kec. Samarinda Ulu, Kota Samarinda, Kalimantan Timur","Kalimantan Timur","082232999294","hafizsptr04@gmail.com","2028-10-17","2028-10-17","true","false","true","false","false","false","","","","Batuan, tanah, air sungai, air limbah, udara ambien, kebisingan, udara emisi sumber tidak bergerak","https://drive.google.com/drive/folders/1ZyXQwoxYSLjtx8VlGrwQqn2eOT0ILDEx?usp=drive_link",""
"LP-1862-IDN","PT Mega Karya Analitika","The East View Residence Blok F No.1 , Kota Bekasi, Jawa Barat","Jawa Barat","(021) 82725157","info@megaqc.co.id","2028-10-17","2028-10-17","true","false","true","true","false","false","","","","Air limbah, air sungai, air danau, air laut, air untuk keperluan higiene sanitasi, air minum, air mineral, udara ambien, lingkungan kerja, udara emisi sumber tidak bergerak, Air lindi, Air hemodialisa, udara emisi bergerak, tanah, vektor dam resrvoir penyakut, swab, produk pangan lain","https://drive.google.com/drive/folders/1_gIZxHYaXjpGLUl_Ve0TUa_UEzjOfrdw?usp=drive_link",""
"LP-1870-IDN","Fakultas Matematika dan Ilmu Pengetahuan Alam Universitas Negeri Semarang - Laboratorium Pengujian","Gedung D8, FMIPA UNNES, Sekaran, Gunungpati, Kota Semarang, Jawa Tengah","Jawa Tengah","(024)86008700","labpengujian.mipa@mail.unnes.ac.id","2028-11-12","2028-11-12","false","false","true","false","false","false","","","","Air Sungai, Air Waduk, Air Danau, Air Sumur","https://drive.google.com/drive/folders/1aOCNyZMo2Lrzo9WEtPj9obtdmggowzTX?usp=drive_link",""
"LP-1877-IDN","UPT Pengawasan Mutu dan Sertifikasi Benih Tanaman Pangan dan Hortikultura Provinsi Sulawesi Tengah","Jl. Poros Palu-Palolo KM. 14 Desa Sidera Kecamatan Sigi Kota Kabupaten Sigi, Sulawesi Tengah","Sulawesi Tengah","(0451) 482774","bpsbpalu@yahoo.com","2028-11-21","2028-11-21","false","false","false","false","true","false","","","","Benih Padi (Oryza sativa) , Benih Jagung (Zea mays) , Benih Kedelai (Glycine max)","https://drive.google.com/drive/folders/1amrthKCUD_OcGAlo42y2bpoEsVth_Fpz?usp=drive_link",""
"LP-1879-IDN","PT Syifa Global Med","Ruko Citra, Jl. Trikora No. 19, Banjarbaru, Kalimantan Selatan","Kalimantan Selatan","(0511) 5912975","laboratory@syifaglobalmed.co.id","2028-12-04","2028-12-04","false","false","true","false","false","false","","","","Air Demineral, Air untuk Keperluan Hygiene Sanitasi, Air Limbah, Air Permukaan (Air Waduk, Air Danau)","https://drive.google.com/drive/folders/1buKbOnCkGGxxjE5O-CmZYwXvYx6T0fXg?usp=drive_link",""
"LP-1881-IDN","Universitas Halu Oleo - Laboratorium Matematika & Ilmu Pengetahuan Alam (MIPA)","Kampus Bumi Tridharma Anduonohu, Jl. H.E.A. Mokodompit, Kendari - Sulawesi Tenggara","Sulawesi Tenggara","(0401) 3190403; 0813 4156 6685","lmipauho@gmail.com","2028-12-19","2028-12-19","false","false","true","false","false","false","","","","Air Sungai","https://drive.google.com/drive/folders/1cy3B0m4wZcIo9RxrXMf7QPJErvqGeao_?usp=drive_link",""
"LP-1884-IDN","PT Laboratorium Banten Indonesia","Puri Krakatau Hijau Blok B2 No. 01, Kotasari Gerogol, Cilegon, Banten","Banten","(0254)7734968","info@labindo.co.id","2028-12-19","2028-12-19","false","false","true","false","false","false","","","","Air Sungai, Air Limbah, Air Untuk Keperluan Higiene Sanitasi, Air Minum, Air Laut, Udara Ambient, Kebisingan, Udara Lingkungan Kerja","https://drive.google.com/drive/folders/1dpxOCPSO9Y5pA1auqX5Gyb8hRko8hlPz?usp=drive_link",""
"LP-1885-IDN","Unit Pelaksana Teknis Daerah (UPTD) Laboratorium Kesehatan Daerah Kabupaten Tangerang","Jl. Raya Serang KM 15 Desa Talagasari, Kec. Cikupa, Kab. Tangerang, Banten","Banten","222866808-08-16","labkesdakabtangerang@gmail.com","2028-12-19","2028-12-19","false","false","true","false","false","false","13 29","39","2026-04-30","Air minum, Air untuk keperluan higiene sanitasi","https://drive.google.com/drive/folders/1dut5Hojz3-3dZjl4r2vhbndrg2OKcwml?usp=drive_link","https://layanan.kan.or.id/direktori-lpk/4471/1"
"LP-1886-IDN","UPTD Balai Laboratorium Kesehatan Provinsi Lampung","Jl. dr. Sam Ratulangi No. 103 Kelurahan Penengahan Raya, Kecamatan Kedaton, Bandar Lampung, Lampung","Lampung","222260797-05-14","balailabkesprovinsilampung@gmail.com","2028-12-19","2028-12-19","false","false","true","false","false","false","","","","Air Minum, Air Untuk Keperluan Higiene Dan Sanitasi, Lingkungan Kerja","https://drive.google.com/drive/folders/1dwFIfSyrVTXp8CwBnw5-ODrkXxzmkV0M?usp=drive_link",""
"LP-1893-IDN","Laboratorium Terpadu Poltekkes Kemenkes Tasikmalaya","JL. Cilolohan No.35, Kelurahan Kahuripan Kecamatan Tawang Kota Tasikmalaya","Jawa Barat","(0265)340186 / (0265)338939","direktorat@poltekkestasikmalaya.ac.id","2029-01-23","2029-01-23","false","false","false","false","true","false","","","","Ekstrak Pekat Daun Kelor (Moringa Oleifera)","https://drive.google.com/drive/folders/1fRcPabPzMJm_wFG31Lqg1zxWf2Nw_W5D?usp=drive_link",""
"LP-1894-IDN","PT Inovasi Teknologi Servis","Ruko Taman Duta Mas, Blok B No. 08, Kel. Baloi Permai, Bata Kota, Kota Batam, Kepulauan Riau","Kepulauan Riau","(0778) 467021","inotech.service@gmail.com","2029-01-23","2029-01-23","false","false","true","false","false","false","","","","Air limbah, air sungai, air bersih, air laut, udara ambien, kebisingan, emisi sumber tidak bergerak, bauksite, pasir silika","https://drive.google.com/drive/folders/1nfixNE-U9JVmYu9w2Ly3lbUJuKZTLaaO?usp=drive_link",""
"LP-1899-IDN","Fakultas MIPA Universitas Sriwijaya - Laboratorium kimia analisa dan instrumentasi pengujian","Fakultas MIPA Universitas Sriwijaya Jalan Raya Palembang - Prabumulih Km 32 Indralaya Ogan Ilir, Sumatera Selatan","Sumatera Selatan","(0711) 580268","lptfmipaunsri@gmail.com","2029-01-23","2029-01-23","false","false","true","false","true","false","","","","Air limbah, air sungai, air sumur, air danau, bagian tanaman (daun","Lihat",""
"LP-1901-IDN","Unit Pelaksana Teknis Daerah Laboratorium Lingkungan Dinas Lingkungan Hidup Kabupaten Probolinggo","Jl. Raya Dringu No. 81, Dringu, Probolinggo, Jawa Timur","Jawa Timur","(0335) 433860 / 082139200300","uptlablingblh@gmail.com","2029-01-23","2029-01-23","false","false","true","false","false","false","","","","Air Limbah","https://drive.google.com/drive/folders/1goEG7vnCiVgsvU86EDeQOOxSqGA6eMWC?usp=drive_link",""
"LP-1905-IDN","PT Mutuagung Lestari Tbk Cabang Makassar","Jl. Dg. Ramang No.147 Sudiang Raya, Kecamatan Biringkanaya, Makassar, Sulawesi Selatan","Sulawesi Selatan","(021) 8740202","qa@mutucertification.com","2029-01-23","2029-01-23","false","false","true","false","false","false","","","","Air Untuk Keperluan Higiene dan Sanitasi, Air Limbah, Air Sungai (Anak sungai dan sejenisnya, Sumur pantau), Udara Ambien, Kebauan (Odoran Tunggal), Kebisingan, Udara Emisi Sumber Tidak Bergerak, Udara Emisi Sumber Bergerak","https://drive.google.com/drive/folders/1jqPHAZTzPJEPuq1b_9XLebEFmWl9cBsH?usp=drive_link",""
"LP-1906-IDN","PT Sucofindo Cabang Dumai","Jl. Dr. Wahidin No. 31, Desa/Kelurahan Bintan, Kec. Dumai Kota, Kota Dumai, Riau","Riau","(0765) 31157","dumai@sucofindo.co.id","2029-02-20","2029-02-20","false","false","true","false","false","false","","","","CPO dan produk turunannya, air limbah, air sungai, air minum, air higiene sanitasi, udara ambien, kebisingan","https://drive.google.com/drive/folders/1k834sIZbAI4z2MwcCnhIplg50kV5FDVY?usp=drive_link",""
"LP-1907-IDN","PT Indonesia Prima Laboratorium","Jl. P.Moh Noor, Bumi Sempaja Blok BF-07, Kel. Sempaja Timur, Samarinda Utara, Kalimantan Timur","Kalimantan Timur","081258399899","iplab.enviro@gmail.com","2029-02-20","2029-02-20","true","false","true","false","false","false","","","","Air Limbah, Air Sungai, Udara Ambien, Udara Emisi Sumber Tidak Bergerak, Kebisingan, Air Hygiene & Sanitasi , Air Laut , Sumur Pantau (Air Tanah),","https://drive.google.com/drive/folders/1k92JXqxxTKCeFuE-DzNHAWrgR9a5d5jI?usp=drive_link",""
"LP-1909-IDN","Unit Pelaksana Teknis (UPT) Laboratorium Lingkungan Dinas Lingkungan Hidup Kabupaten Gunungkidul","Jl. Wonosari - Yogyakarta Km. 3, Siyono Wetan, Logandeng, Playen, Gunungkidul, DIY Yogyakarta","DI Yogyakarta","(0274) 391440","lab.lingkungan.gk@gmail.com","2029-02-20","2029-02-20","false","false","true","false","false","false","","","","Air sungai, air limbah, air untuk keperluan higiene sanitasi","https://drive.google.com/drive/folders/1kF-tKPFgIK9QcAVnXIV6vY1mOetG-jXi?usp=drive_link",""
"LP-1911-IDN","UPTD Laboratorium Kesehatan Kabupaten Karawang","Jl. Dr. Taruno Adiarsa, Karawang, Jawa Barat","Jawa Barat","(0267) 401768","labkesdakrw@gmail.com","2029-02-20","2029-02-20","false","false","true","false","false","false","","","","Air minum, air untuk keperluan higine sanitasi","https://drive.google.com/drive/folders/1l5mu7jymd0j-VW7kYuWOTMxomKwhDV_Z?usp=drive_link",""
"LP-1914-IDN","PT Unitest Presisi Indonesia","Grha Insaka, Jl. S. Hartono No. 12C, RT 01/RW 44, Gondangan, Sardonoharjo, Ngaglik, Kabupaten Sleman Daerah Istimewa Yogyakarta","DI Yogyakarta","(0274) 2836855","info@unitest.co.id","2029-02-20","2029-02-20","false","false","true","false","false","false","13 26 27 29","259","2026-04-29","Air higiene sanitasi, air kolam renang, air SPA, air pemandian umum, air sungai, air limbah, air minum, air laut, udara ambien, kebisingan dan getaran, lingkungan kerja, emisi sumber tidak bergerak, emisi sumber bergerak","https://drive.google.com/drive/folders/1lQdpxkBkJk58Nw39FMqEcko9obMyOThe?usp=drive_link","https://layanan.kan.or.id/direktori-lpk/5682/1"
"LP-1915-IDN","PT Mutuagung Lestari Tbk Cabang Pontianak","Jl. Arteri Supadio, Ruko Villa Ceria Lestari No. 25, Sungai Raya, Kubu Raya, Kalimantan Barat","Kalimantan Barat","(021) 8740202","qa@mutucertification.com","2029-03-03","2029-03-03","false","false","true","false","false","false","","","","Air untuk keperluan higiene dan sanitasi, air minum, air limbah, air sungai, sumur pantau, udara ambien, udara emisi sumber tidak bergerak, udara ambien, kebisingan, udara emisi sumber bergerak","https://drive.google.com/drive/folders/1lvWI0DVYlNMjhwWlHIlLWkMDOxubj9o3?usp=drive_link",""
"LP-1916-IDN","Fakultas Matematika Dan Ilmu Pengetahuan Alam Universitas Sumatera Utara-Laboratorium Pengujian Mikrobiologi","Jl. Bioteknologi No. 1, Kampus USU, Medan, Sumatera Utara","Sumatera Utara","061) 8223564","lab.mikrobiologi.fmipa.usu.s1@gmail.com","2029-03-19","2029-03-19","false","false","true","false","false","false","","","","Air minum, air limbah, air waduk, ekstrak tumbuhan, Produk turunan susu (susu bubuk)","https://drive.google.com/drive/folders/1m3vaf2o8l2UqbMBRBHg1APjBkyxGZEiF?usp=drive_link",""
"LP-1921-IDN","PT Sentana Adidaya Pratama - Manyar","Kawasan Industri Maspion V, Jl. Raya Manyar KM 25, Manyar, Gresik, Jawa Timur","Jawa Timur","(031) 3959111","marwan.hadi@id.wilmar-intl.com","2029-03-19","2029-03-19","false","true","false","false","false","false","","","","Pupuk NPK Padat","https://drive.google.com/drive/folders/1n4e-vqLEHuDeJeMa-95xa0UPdjFEzC-1?usp=drive_link",""
"LP-1923-IDN","PT Teknologi Analisa Andalan","Jl. Kapuk Kamal Raya No. 40 Kav. A6, Kec. Penjaringan, Jakarta Utara, DKI Jakarta","DKI Jakarta","(021) 22554627","","2029-03-19","2029-03-19","false","false","false","true","false","false","","","","Susu bubuk, biskuit, kopi instan, mie instan, tepung terigu, kakao bubuk, sausu kental manis, teh kering, teh celup, minuman kopi","https://drive.google.com/drive/folders/1nBXTYhJrY6vw22byAD0K-4blvkTj7QDy?usp=drive_link",""
"LP-1925-IDN","PT Alkana Diza Nusantara","Jl. Sunan Drajat RT 41, Simpang III Sipin, Kota Baru, Jambi, Jambi","Jambi","08117487872 / 08117487873","alkanadiza.lab@gmail.com","2029-04-22","2029-04-22","false","false","true","false","false","false","13 26 27 29","144","2026-05-02","Air limbah, Air sungai, Air danau, Air untuk keperluan higiene sanitasi, Air minum, AMDK, Udara ambien, Kebisaingan, Lingkungan kerja","https://drive.google.com/drive/folders/1JncWoDXtpmJxGlyhWTsakcRNqb8RiKTN?usp=drive_link","https://layanan.kan.or.id/direktori-lpk/5771/1"
"LP-1932-IDN","PT Nestle Indonesia - Pabrik Bandaraya - Laboratorium QA","Batang Industrial Park Blok N Jl. Raya Tulis - Bandar, Desa Wonosegoro, Kecamatan Bandar, Kabupaten Batang, Jawa Tengah","Jawa Tengah","(0285) 2925100 ext:4050","idinsananu@nestle.com","2029-04-22","2029-04-22","false","false","false","true","false","false","13","8","2026-04-17","Susu cair, minuman kopi dan minuman coklat, Bahan baku (skim milk), Susu cair, minuman kopi dan minuman coklat","https://drive.google.com/drive/folders/1oRp2T9nZ4bvjQDk722BEPwHaCi6USekO?usp=drive_link","https://layanan.kan.or.id/direktori-lpk/5632/1"
"LP-1935-IDN","UPT Laboratorium Kesehatan Provinsi Kalimantan Barat","Jl. Dr. Soedarso Sei Raya, Pontianak, Kalimantan Barat","Kalimantan Barat","(0561)737640","upt.labkeskalbar@gmail.com","2029-04-22","2029-04-22","false","false","true","false","false","false","","","","Air Minum, Air Higine Sanitasi","https://drive.google.com/drive/folders/1p0i5J1vVejYt01YU2rO8bsbKXqqdeZuQ?usp=drive_link",""
"LP-1939-IDN","Politeknik Kesehatan Kementerian Kesehatan Yogyakarta - Laboratorium Uji Lingkungan, Jurusan Kesehatan Lingkungan","Jl. Tata Bumi No.3, Banyuraden, Kec. Gamping, Kabupaten Sleman,, Daerah Istimewa Yogyakarta","DI Yogyakarta","(0274) 617601","poltekkes.yk@gmail.com","2029-05-01","2029-05-01","false","false","true","false","false","false","13 26 29","9","2026-05-03","Air Sumur, Air untuk Keperluan Higiene dan Air Minum","https://drive.google.com/drive/folders/1phIYowzOrqDn7dTdiOCsHSPl1gd45rxq?usp=drive_link","https://layanan.kan.or.id/direktori-lpk/6864/1"
"LP-1940-IDN","Balai Perakitan dan Pengujian Pertanian Lahan Rawa","Jl. Kebun Karet, Loktabat Utara, Banjarbaru - Kalimantan Selatan","Kalimantan Selatan","(0511) 4772534, 4773034","bsip.lahanrawa@pertanian.go.id","2029-05-01","2029-05-01","true","false","true","false","false","false","10","20","2026-05-05","Tanah, air permukaan untuk irigasi","https://drive.google.com/drive/folders/1d_CGwXQlq4vGSF_J4TPpu8rMvl8D9X8p?usp=sharing","https://layanan.kan.or.id/direktori-lpk/6983/1"
"LP-1943-IDN","PT Farma Medika Indonesia","Pergudangan Mutiara Kosambi 2, Blok A5 Nomor 6, Kecamatan Benda, Kota Tangerang, Banten","Banten","(021) 72780168","qmr@farmed.co.id","2029-05-01","2029-05-01","false","false","true","false","false","false","01 13","18","2026-04-30","Air Demineral, Air Reverse Osmosis, Konsentrat Part A Untuk Hemodialisa, Konsentrat Part B Untuk Hemodialisa","https://drive.google.com/drive/folders/130eeHiul4aByO2qAAhfhAnHzxVlC4RwB?usp=drive_link","https://layanan.kan.or.id/direktori-lpk/7033/1"
"LP-1944-IDN","PT Bumi Andalas Permai","Air Sugihan, Rengas Abang, Air Sugihan, Ogan Komering Ilir, Sumatera Selatan","Sumatera Selatan","(0711) 5712125","laboratoriumbap@gmail.com","2029-05-21","2029-05-21","false","true","false","false","false","false","","","","Pupuk NPK, Pupuk Dolomite, Pupuk KCl. Pupuk TSP, Pupuk RP, Pupuk Urea","https://drive.google.com/drive/folders/17Q48tH_Ow72JziqL7HsC3-Vi7hPv7oZT?usp=drive_link",""
"LP-1945-IDN","Unit Pelaksana Teknis Daerah (UPTD) Laboratorium Lingkungan Dinas Lingkungan Hidup dan Kehutanan Provinsi Sumatera Utara","Jl. H.M Said No. 25, Medan, Sumatera Utara","Sumatera Utara","085359994021","Laboratorium.lingkungan2020@gmail.com","2029-05-21","2029-05-21","false","false","true","false","false","false","","","","Air Limbah, Air Sungai, Udara Ambien","https://drive.google.com/drive/folders/1X820EUA5AQ7gpn7fiaXlbfT338znWkfB?usp=drive_link",""
"LP-1946-IDN","PT Litium Sintesa Indonesia","Jl. Raya Mutiara No. 77, Suci, Manyar, Gresik, Jawa Timur","Jawa Timur","081230342829","ptlsi.surabaya@gmail.com","2029-05-21","2029-05-21","false","false","true","false","false","false","","","","Air Limbah, Air Sungai, Air Danau, Air untuk keperluan higiene sanitasi, air minum, air laut, Udara Ambien, kebisingan, lingkungan kerja, aur hemodialisa, emisi sumber tidak bergerak, getaran","https://drive.google.com/drive/folders/15o2TVwUDhOoCsF1OQvS-s_RKZtkNobko?usp=drive_link",""
"LP-1947-IDN","Laboratorium Terpadu FMIPA Universitas Bengkulu","Kampus Universitas Bengkulu, Gedung Basic Science, Jl. WR. Supratman, Kandang Limun, Kota Bengkulu, Bengkulu","Bengkulu","(0736) 20919","labterpadu_fmipa@unib.ac.id","2029-05-21","2029-05-21","false","false","true","false","false","false","","","","Air limbah","https://drive.google.com/drive/folders/1P110PNxoV6CZDLZidCSPtLr0wGdmrY2c?usp=drive_link",""
"LP-1948-IDN","Unit Pelaksana Teknis Daerah (UPTD) Balai Pengujian Sertifikasi Mutu Barang Dinas Perdagangan, Perindustrian, Koperasi dan UKM Provinsi Sulawesi Barat","Jl. Marthadinata, Mamuju, Sulawesi Barat","Sulawesi Barat","0821 9690 4353","bpsmbmamuju@gmail.com","2029-05-21","2029-05-21","false","false","false","true","false","false","","","","Biji Kakao, Biji Kopi","https://drive.google.com/drive/folders/1Yt6nxKJFvYi8iah_GkrTCbDhSj_csAXD?usp=drive_link",""
"LP-1949-IDN","UPTD Balai Perbenihan, Pengawasan dan Sertifikasi, Perlindungan Tanaman Pangan, Hortikultura dan Perkebunan Provinsi Kepulauan Riau","Jl. Tembeling, Toapaya, Toapaya Asri, Bintan, Kepulauan Riau","Kepulauan Riau","085265257897","bbipertaniankepri@gmail.com","2029-05-21","2029-05-21","false","false","false","false","true","false","","","","Benih padi (Oryza sativa)","https://drive.google.com/drive/folders/174lraivt6GVjoSlWBn6-ijrm4-vEGMHR?usp=drive_link",""
"LP-1952-IDN","Unit Pengelola Penyelidikan, Pengujian dan Pengukuran Sumber Daya Air Provinsi DKI Jakarta","Jl. D.I. Panjaitan Kav. 583, Jakarta Timur, DKI Jakarta","DKI Jakarta","(021) 8194559","upppdinastataair@gmail.com","2029-05-21","2029-05-21","true","false","false","false","false","false","","","","Tanah","https://drive.google.com/drive/folders/16Gl1sKmEAy44IkT87Cm8i-rTIJr4GBVe?usp=drive_link",""
"LP-1953-IDN","UPTD Laboratorium Lingkungan Hidup Kabupaten Kotawaringin Timur","Jl. Jenderal Sudirman KM. 6,7 Sampit, Kalimantan Tengah","Kalimantan Tengah","(0531) 32057","uptd.labling.kotim@gmail.com","2029-05-21","2029-05-21","false","false","true","false","false","false","","","","Air sungai, air danau, air rawa, air limbah","https://drive.google.com/drive/folders/14FvKq-2z5O13QebhtaEjJVPKKoEJgTIO?usp=drive_link",""
"LP-1954-IDN","PT SUCOFINDO (PERSERO) – Cabang Pontianak","Jl. Arteri Supadio KM 12,5, Kec. Sungai Raya, Kabupaten Kubu Raya, Kalimantan Barat","Kalimantan Barat","(0561) 733334","pontianak@sucofindo.co.id","2029-06-04","2029-06-04","false","false","true","false","false","false","","","","Air sungai, air limbah, udara ambien, udara emisi sumber tidak bergerak","https://drive.google.com/drive/folders/1ziwFrXfHjj8fszo2KjTdRpIKP3fGBhF2?usp=drive_link",""
"LP-1956-IDN","UPTD Balai Laboratorium Kesehatan Provinsi Sulawesi Tenggara","Jl. Kapten P. Tendean No. 50 Komp. RSU Bahteramas Baruga, Kendari","Sulawesi Tenggara","(0401) 3197735","labkes_kendari53@yahoo.co.id","2029-06-04","2029-06-04","false","false","true","false","false","false","","","","Air minum, Air keperluan higiene dan sanitasi","https://drive.google.com/drive/folders/1pZ1fdK2aHF1oZnfw-upKj9PP8zh59b6g?usp=drive_link",""
"LP-1958-IDN","PT Air Minum Giri Menang (Perseroda)","Jl. Pendidikan No. 39 Dasan Agung Baru, Selaparang, Mataram, Nusa Tenggara Barat","Nusa Tenggara Barat","(0370) 632510; 637536; 6025170","ladmin@ptamgirimenang.com","2029-06-04","2029-06-04","false","false","true","false","false","false","","","","Air minum, air untuk keperluan higeine sanitasi","https://drive.google.com/drive/folders/13wmj6e1borkc1XZoXo8HwUkuvV3_DY9m?usp=drive_link",""
"LP-1959-IDN","UPTD Laboratorium Kesehatan Kabupaten Purwakarta","Jl. Kapten Halim No. 01, Purwakarta, Jawa Barat","Jawa Barat","(0264) 8392744","labkesda.pwk@gmail.com","2029-06-04","2029-06-04","false","false","true","false","false","false","","","","Air minum, Air untuk keperluan higiene dan Sanitasi","https://drive.google.com/drive/folders/1MVlwpEeW1z3hJpelm88W_eXQ-pd-bntq?usp=drive_link",""
"LP-1960-IDN","Pusat Penelitian Lingkungan Hidup, Institut Pertanian Bogor","Gedung PPLH-IPB Lantai 2, Jl. Lingkar Akademik, Kampus IPB Darmaga, Bogor","Jawa Barat","(0251) 8621262, 8621085, 8622134","lab.pplh@apps.ipb.ac.id","2029-06-04","2029-06-04","false","false","true","false","false","false","","","","Air Sungai, Air Danau, Air LImbah, Udara Ambien, Kebisingan, Air untuk Keperluan Hygiene dan Sanitasi, Sedimen Dasar pada Sungai/Danau","https://drive.google.com/drive/folders/19hC-tRhg65pw2hnPkaObvuUxZ-nHKcw7?usp=drive_link",""
"LP-1963-IDN","PT Mutuagung Lestari Tbk. Cabang Banjarbaru","Jl. Trikora HM.3379 RT 024/RW 005, Kemuning, Banjarbaru Selatan, Banjarbaru, Kalimantan Selatan","Kalimantan Selatan","(0511) 5910685","1. qamutuenergy@gmail.com 2. mutukalsel@mutucertification.com","2029-06-25","2029-06-25","false","false","true","false","false","false","13 26 27 28 29","124","2026-05-03","Air untuk Keperluan Higiene dan Sanitasi, Air Minum, Air Sungai, Air Danau, Air Sumur Pantau, Udara Ambien, Udara Emisi Sumber Tidak Bergerak, Kebisingan, Lingkungan kerja","https://drive.google.com/drive/folders/1HY4g-0m2hC5GNgVut-TtJiFr-sIOugQB?usp=drive_link","https://layanan.kan.or.id/direktori-lpk/8062/1"
"LP-1964-IDN","Unit Pelaksana Teknis Laboratorium Lingkungan Dinas Lingkungan Hidup Kabupaten Deli Serdang","Jl. Karya Utama No. 01, Lubuk Pakam, Deli Serdang, Sumatera Utara","Sumatera Utara","(061) 7953962","Lablingdlh.deliserdang@gmail.com","2029-06-25","2029-06-25","false","false","true","false","false","false","26 27","30","2026-06-25","Air limbah","https://drive.google.com/drive/folders/1-n1mLhp5-l81p6us6o9eaTirQ7_J288E?usp=drive_link","https://layanan.kan.or.id/direktori-lpk/6855/1"
"LP-1965-IDN","PT Tirta Pratama Meterindo","Jl. Raya Narogong Km 15,5 Pangkalan VI Desa Limus Nunggal, Kecamatan Cileungsi, Kabupaten Bogor, Jawa Barat","Jawa Barat","(021) 8230455","laboratorium@tirtapratamameterindo.com","2029-06-25","2029-06-25","false","false","true","false","false","false","","","","Meter air minum","https://drive.google.com/drive/folders/1-si1Fgw_ZfyZUhznmR-31U5TgnrX_NNT?usp=drive_link",""
"LP-1966-IDN","Unit Pelaksana Teknis Daerah Balai Pengujian dan Sertifikasi Mutu Barang Agro Bandung","Jl. Raya Cinunuk No. 204, Bandung, Jawa Barat","Jawa Barat","(022) 7830258","bspmb.bandung@gmail.com","2029-06-25","2029-06-25","false","false","false","true","false","false","10","6","2026-04-30","Biji kopi","https://drive.google.com/drive/folders/104K7qgfTKihJMotsCzmLm4MN4T__iU8m?usp=drive_link","https://layanan.kan.or.id/direktori-lpk/7036/1"
"LP-1968-IDN","PT Dowa Eco System Indonesia","Jl. Raya Daendels KM 91, Desa Tlogoretno, Brondong, Lamongan, Jawa Timur","Jawa Timur","0322-6601100","admlab01@desi.co.id","2029-06-25","2029-06-25","true","false","true","false","false","false","26 28","181","2026-04-29","Air sungai dan air sumur pantau, Air limbah, Tanah/Sedimen/Lumpur (TCLP), Tanah/Sedimen/Lumpur sebagai total konsentrasi, Tanah/Sedimen/Lumpur,Limbah organik / oli bekas","https://drive.google.com/drive/folders/12M6TddD2sHRYSyanwwtLVvxRPFbvO8As?usp=drive_link","https://layanan.kan.or.id/direktori-lpk/7045/1"
"LP-1971-IDN","PT Air Semarang Barat","Jl. Untung Suropati, Bambankerep, Ngaliyan, Semarang, Jawa Tengah","Jawa Tengah","(024) 76422660","laboratoriumairsemarangbarat@gmail.com","2029-07-07","2029-07-07","false","false","true","false","false","false","","","","Air minum","https://drive.google.com/drive/folders/1y3yNzb8XNt3Ax4PdKBTKNZeKYjY1QjPa?usp=sharing",""
"LP-1976-IDN","Balai Laboratorium Kesehatan Masyarakat Banjarnegara","Jl. Selamanik No. 16A, Banjarnegara, Jawa Tengah","Jawa Tengah","(0286) 594972","balai_banjarnegara@yahoo.com","2029-07-23","2029-07-23","false","false","true","false","false","false","","","","Ginjal tikus, air (deteksi leptospira)","https://drive.google.com/drive/folders/1HOJlhTvodTkJ8UTYijLTdCnIMem2LMLY?usp=drive_link",""
"LP-1980-IDN","PT Mutuagung Lestari Tbk Cabang Batam","Jl. Kawasan Tunas Industrial Estate 2 Ruko Blok C No.05 Kelurahan Belian - Batam Center, Kecamatan Batam, Kota Batam - Kepulauan Riau","Kepulauan Riau","(0778) 4807308","qa@mutucertification.com","2029-07-23","2029-07-23","false","false","true","false","false","false","","","","Air Sungai, Air Danau, Air Limbah, Air untuk Keperluan Higiene & Sanitasi, Kebisingan, Udara Ambien, Udara Emisi Sumber Tidak Bergerak","https://drive.google.com/drive/folders/1GzaGNebTeFxANsrMM2SofvQ1a7vU6-hL?usp=drive_link",""
"LP-1981-IDN","PT Mutuagung Lestari Tbk Cabang Sidoarjo","Jl. Brigjend Katamso No. 39 C, Kec. Waru, Kab. Sidoarjo, Jawa Timur","Jawa Timur","(0621) 39464755","qa@mutucertification.com","2029-08-08","2029-08-08","false","false","true","false","false","false","","","","Air untuk keperluan higine dan sanitasi, air limbah, air sungai, udara ambien, kebisingan, udara emisi sumber tidak bergerak, udara emisi sumber bergerak","https://drive.google.com/drive/folders/1nC8giCn6a4yYExIOx81UtV4TB9bJ5UPY?usp=drive_link",""
"LP-1982-IDN","PT Maxxi Agri Indonesia","Jl. Raya Sumobito KM. 2, Desa Betek, Kec. Mojoagung, Jombang, Jawa Timur","Jawa Timur","(0321) 4896888","","2029-08-08","2029-08-08","false","true","false","false","false","false","","","","Pupuk NPK Padat, Parakuat diklorida teknis","https://drive.google.com/drive/folders/1Susdsd2QfZLh_EkBKDXUknQqCmjuJxae?usp=drive_link",""
"LP-1983-IDN","Laboratorium Lingkungan Dinas Lingkungan Hidup Kabupaten Kapuas","Jl. Pemuda KM 5,5 No 50A, Kuala Kapuas, Kalimantan Tengah","Kalimantan Tengah","(0513) 22610","lablingdlhkps@gmail.com","2029-08-08","2029-08-08","false","false","true","false","false","false","","","","Air sungai, Air limbah","https://drive.google.com/drive/folders/101cj-bnqdPZN1GqZrYk4aFa_OPm-lgVq?usp=drive_link",""
"LP-1986-IDN","Universitas Padjajaran - Laboratorium Layanan Inovasi, Kesehatan, Keselamatan dan Lingkungan (HSE)","Jl. Prof. Eyckman No.38, Pasteur, Sukajadi, Kota Bandung, Jawa Barat","Jawa Barat","0811-2292-919","hse.unpad@gmail.com","2029-08-08","2029-08-08","true","false","false","false","false","false","","","","Kit PCR untuk Deteksi SARS (Viral Transport Medium), Reagen ekstraksi covid-19, Reagen PCR covid-19, RDT: Covid-19, Malaria, Dengue, Hepatitis, Prostat, Strip Glukosa Test, Sell Line atau Primary Cell, Daging babi dan sosis babi, kornet babi, Rambut, Kulit, Kuku, Sputum, Orofaring, Darah, erebrospinal Fluid, Biopsi touch, Sampel Granul, Sekret vagina, Biopsi jaringan, Isolat Helmin (Tanah)","https://drive.google.com/drive/folders/1g91hu6zLy1bLBxWUfTy-QuJaHD--5t9M?usp=drive_link",""
"LP-1987-IDN","UPT Laboratorium Terpadu Universitas Nusa Cendana","Jl. Adisucipto – Penfui, Kupang, Nusa Tenggara Timur","Nusa Tenggara Timur","(0380) 881674","undana.labterpadu@gmail.com","2029-08-08","2029-08-08","false","false","true","false","false","false","","","","Air sungai","https://drive.google.com/drive/folders/1emxwIiVIBvRYPj7-fDc9zYwd7oC-2ziQ?usp=drive_link",""
"LP-1989-IDN","Unit Pelaksana Teknis Daerah (UPTD) Laboratorium Lingkungan Dinas Lingkungan Hidup Kabupaten Samosir","Komplek Perkantoran Parbaba Desa Siopat Sosor, Kabupaten Samosir, Sumatera Utara","Sumatera Utara","(0626) 2222120","naemasiahaan@gmail.com","2029-08-20","2029-08-20","false","false","true","false","false","false","","","","Air permukaan (air sungai, air danau), air minum, air limbah","https://drive.google.com/drive/folders/1qSRfyEA8XRY69RntLLlhXQ8c4tFir6T9?usp=drive_link",""
"LP-1995-IDN","PT Agri Indomas","Jl. Mayor Zen, Kompleks PT PUSRI, Palembang, Sumatera Selatan","Sumatera Selatan","0823-8958-5569","Lukman.arifin@id.wilmar-intl.com","2029-08-28","2029-08-28","false","true","false","false","false","false","14","10","2026-05-03","Pupuk NPK, Pupuk MOP (KCl), Pupuk NPK Padat","https://drive.google.com/drive/folders/1qNKV94c_D7tyx3H5n6y79ypS1msq0Bmg?usp=drive_link","https://layanan.kan.or.id/direktori-lpk/8190/1"
"LP-1997-IDN","Unit Pelaksana Teknis (UPT) Laboratorium dan Alat Berat pada Dinas Pekerjaan Umum Kabupaten Penajam Paser Utara","Jl. Propinsi Km. 09, Nipah-Nipah, Penajam Paser Utara, Kalimantan Timur","Kalimantan Timur","(0542) 7211451","uptlabmutukontruksi@gmail.com","2029-09-24","2029-09-24","true","false","false","false","false","false","","","","Agregat, Beton, Tanah","https://drive.google.com/drive/folders/16QCXxAMN_KeoxdIrHTEJ8p9Waj3DocRS?usp=sharing",""
"LP-1999-IDN","PT Mutuagung Lestari Tbk Cabang Palembang","Jl. Tanjung Api-api KM. 006 No. 150, Desa Gasing, Talang Kelapa, Banyuasin, Palembang, Sumatera Selatan","Sumatera Selatan","(021) 8740202","qa@mutucertification.com","2029-09-24","2029-09-24","false","false","true","false","false","false","","","","Air untuk keperluan higiene dan sanitasi, air limbah, air sungai, air danau, udara ambien, kebisingan, udara emisi sumber tidak bergerak, udara emisi sumber bergerak","https://drive.google.com/drive/folders/11KsVteU3n4eRourTaDr2QyY7LlJTENPw?usp=drive_link",""
"LP-2001-IDN","PT Sego Inti Semesta","Jl. M.H. Thamrin, Plaza Amsterdam Blok D2-8-10-12, Sentul City, Citanggul, Babakan Madang, Kabupaten Bogor, Jawa Barat","Jawa Barat","(021) 879602155","quality@segolab.co.id","2029-09-24","2029-09-24","true","true","true","true","false","false","","","","Air demineral, air mineral, air mineral alami, biskuit, kopi instan, kakao bubuk, tepung terigu, garam konsumsi beryodium, minyak goreng sawit, Gula kristal rafinasi, tanah, Air Kondensasi, Air perpipaan (Air Bersih), dan Air Cooling Tower,Swab alat makan, Ready-to-eat,ready-to-reheat Fishery products, Fresh produce and fruits, Multi - component food or meal components, Eggs and egg products (derivates), Daging Unggas dan Daging Hewan Buruan, yang Dihaluskan, dan Diolah dengan Perlakuan Panas, Saus non emulsi, Kopi, Teh, Seduhan Herbal dan Minuman Biji-Bijian dan Sereal Panas, Pupuk Organik Padat","https://drive.google.com/drive/folders/12JA7QDurB_bMNIpZ7UokSg7WlonqHpoR?usp=sharing",""
"LP-2005-IDN","PT CND Geoteknika","Jl. Pesantren No.168, Cibabat, Cimahi, Jawa Barat","Jawa Barat","(022) 6611917","cndoffice@gmail.com","2029-09-24","2029-09-24","true","false","false","false","false","false","","","","Tanah, batuan","https://drive.google.com/drive/folders/12Z0h1A4RU0b-y937BagxDjApVM3Du1gY?usp=sharing",""
"LP-2008-IDN","Laboratorium Terpadu UIN Sunan Kalijaga Yogyakarta","Jl. Masda Adisucipto No 1, Papringan, Caturtunggal, Depok, Sleman, Yogyakarta, Daerah Istimewa Yogyakarta","DI Yogyakarta","(0274) 550694","lab@uin-suka.ac.id","2029-09-24","2029-09-24","false","false","true","false","false","false","","","","Zeolit, lempung, katalis padat, oksida logam, silika, bioarang, keramik, beton, graphen, arang aktif, Kosmetik (moisturizer gel, lotion) minyak, sabun cair, sabun cuci piring, Air untuk keperluan sanitasi hygiene (air sumur, air bersih, mata air), air mineral, air isi ulang","https://drive.google.com/drive/folders/1C0XZqFcva3iTYxfXbrfqz751EOrBoxaG?usp=drive_link",""
"LP-2011-IDN","PT Tirta Asasta Depok (Perseroda)","Jl. Legong No. 1, Mekar Jaya, Sukmajaya, Depok, Jawa Barat","Jawa Barat","Telp.(021) 77820897","lab.asasta.dpk@gmail.com","2029-10-22","2029-10-22","false","false","true","false","false","false","","","","Air minum","https://drive.google.com/drive/folders/1Zi51pLXUkWa8j9R0PvUrziyTGXskJ5T1?usp=drive_link",""
"LP-2013-IDN","PT Mutiara Laboratorium Mandiri","Jl. Malahayati RT 001/RW 001, Air Mawar, Bukit Intan, Pangkalpinang, Kepulauan Bangka Belitung","Kepulauan Bangka Belitung","225007683-08-03","mutiaralaboratoriummandiri@gmail.com","2029-10-22","2029-10-22","false","false","true","false","false","false","","","","Air sungai, anak sungai, air limbah, air keperluan higiene sanitasi, udara ambient, kebisingan, udara lingkungan kerja, udara emisi sumber tidak bergerak, udara emisi sumber bergerak","https://drive.google.com/drive/folders/1dNdk_HaGG0C0F0i29jWs8n0qrJ19bGIA?usp=drive_link",""
"LP-2017-IDN","Balai Perlindungan Tanaman Pangan Hortikultura dan Perkebunan Jawa Tengah - Laboratorium Pengamatan Hama dan Penyakit Wilayah Kedu Kabupaten Temanggung","Jl. Raya Kedu, Temanggung, Jawa Tengah","Jawa Tengah","(0293) 4902370","bbipertaniankepri@gmail.com; labphpkedu@yahoo.co.id","2029-10-22","2029-10-22","false","false","false","true","false","false","","","","Beauveria bassiana & Trichoderma spp. pada media padat Beras (Oryza sativa) dan Jagung (Zea mays)","https://drive.google.com/drive/folders/1c75z0z-CVEpssIsxfluS9COqbLMAjRVV?usp=drive_link",""
"LP-2018-IDN","Politeknik Pekerjaan Umum","Jl. Prof. Soedarto, SH No. 15, Tembalang, Semarang, Jawa Tengah","Jawa Tengah","(024) 7472848","info@politeknikpu.ac.id","2029-10-22","2029-10-22","true","false","false","false","false","false","","","","Agregat Halus, Agregat Kasar, Agregat Halus & Kasar, Tanah, Beton Silinder, Beton","https://drive.google.com/drive/folders/1fpwhKjnbVQQAhLFuebFQJ-TlZajR1vYu?usp=drive_link",""
"LP-2023-IDN","Laboratorium Terpadu Politeknik Kesehatan Kemenkes Manado","Jl. Manguni 20, Malendeng, Manado, Sulawesi Utara","Sulawesi Utara","(0431) 833773","labpolkesdo@gmail.com","2029-11-18","2029-11-18","false","false","true","false","false","false","","","","Air untuk keperluan Hygiene Sanitasi","https://drive.google.com/drive/folders/1WzptwcO9Zb-WvIATwA9WAUjV7ihYjJX-?usp=drive_link",""
"LP-2029-IDN","Laboratorium Terpadu Teknik Kimia Politeknik Negeri Ujung Pandang","Jl. Tamalarea Raya, BTP, Makassar, Sulawesi Selatan","Sulawesi Selatan","(0711)352683","pemantapan.mutu.bimtek@gmail.com","2029-11-27","2029-11-27","false","false","true","false","false","false","","","","Air sungai","https://drive.google.com/drive/folders/1iSCUPzJktsysy5yr33Jw1pKqcCIJmypf?usp=drive_link",""
"LP-2031-IDN","PT Thermalindo Sarana Laboratoria","Jl. Panjang No. 03 dan 3B, Kebon Jeruk, Kebon Jeruk, Jakarta Barat, DKI Jakarta","DKI Jakarta","(021) 566305 +62 81282165560","lab@thermalindo.com","2029-11-27","2029-11-27","false","false","true","true","false","false","","","","Daging sapi utuh atau potong, dan daging unggas utuh atau potong, dan Produk olahan daging, Sosis daging ayam, sosis daging sapi, Telur segar, telur cair, telur asin, telur matang, produk olahan telur, Susu, minuman susu berperisa, minuman susu fermentasi, minuman mengandung susu, Susu bubuk, krim bubuk, dan bubuk analog, Susu kental, Keju dan Keju olahan, Ikan Segar, Filet Ikan, Krustase, Kekerangan, hasil Perikanan yang dibekukan, Ikan Olahan (otak -otak / somay / empekempek / bakso ikan / abon ikan / nuget ikan), Air minum olahan (Air demineral, air mineral, air minum, air soda), Minuman seduhan teh, seduhan herbal, seduhan kopi, kopi instan, dan seduhan sereal, Sirup, Minuman sari buah dan sayuran, Air Minum dalam Kemasan, Manisan Buah, sale pisang, buah bergula, Buah dan sayur segar, rumput laut, selai buah, dan buah olahan, Keripik buah, Tepung dan pati, Sereal untuk sarapan tanpa susu dan dengan susu, mie udon, mie beku, mie instan, Kedelai fermentasi, mie basah, Bubur / Makanan Pendamping ASI (MPASI) yang dimasak terlebih dahulu, Makanan Pendamping ASI (MPASI) siap konsumsi (Bubuk Instan, Puding, Biskuit), Formula untuk bayi, Roti, Bun kukus, keik, kukis, Krekers, Tepung Roti, tepung panir, roti kering, Saus cabe, saus tomat, saus kacang,saus tiram, dan sambal, Rempah bubuk, saus bubuk, bumbu siap pakai","https://drive.google.com/drive/folders/1574loCpJ68X6si0vTnfIT6jTipsv8vby?usp=share_link",""
"LP-2033-IDN","Laboratorium Terpadu Universitas Samudra","Jl. Prof. Dr. Syarief Thayeb, Meurandeh, Langsa, Aceh","Aceh","","laboratoriumterpadu@unsam.ac.id","2029-12-10","2029-12-10","true","false","false","false","false","false","","","","Beton (Kubus), Beton (Silinder), Aspal , Tanah","https://drive.google.com/drive/folders/1tbPz5jrAd5vj4eL31Gz9uWeW6lsqouQv?usp=sharing",""
"LP-2035-IDN","Fakultas Teknik Sipil dan Lingkungan (FTSL) ITB - Laboratorium Mekanika Tanah","Gedung CIBE Lantai B1 & B2, Jl. Ganesha No. 10, Bandung, Jawa Barat","Jawa Barat","08112233897","labmektanitb@gmail.com","2029-12-10","2029-12-10","true","false","false","false","false","false","","","","Tanah","https://drive.google.com/drive/folders/15_kNXvMgAn6retVmYB_bVSPrnaQugyrl?usp=drive_link",""
"LP-2037-IDN","Unit Pelaksana Teknis Daerah (UPTD) Pengujian Bahan dan Konstruksi Dinas Pekerjaan Umum dan Penataan Ruang Kabupaten Nganjuk","Jl. Gatot Subroto, Nganjuk, Jawa Timur","Jawa Timur","(0358) 321813","labkonstruksi.nganjuk@gmail.com","2029-12-10","2029-12-10","true","false","false","false","false","false","","","","Beton silinder, beton kubus paving block, mortar, beton inti, campuran beraspal, tanah","https://drive.google.com/drive/folders/16JWva8Fws3qAIFW3l6jKScQqvEfddSLT?usp=sharing",""
"LP-2040-IDN","PT Pupuk Iskandar Muda","Jl. Medan - Banda Aceh, Dewantara, Aceh Utara, Nangroe Aceh Darussalam","Aceh","(0645) 56222 ext 52019","laboratorium@pim.co.id","2029-12-18","2029-12-18","false","true","false","false","false","false","","","","Pupuk urea, amonia cair","https://drive.google.com/drive/folders/1fM2y--7cHX6U5QiVORp8wNWAmLhhiBRL?usp=sharing",""
"LP-2042-IDN","PT Star Laboratorium Indonesia","Jl. Pangeran Tirtayasa, Komplek Ruko Tirtayasa Center Blok A No. 28 Sukabumi Indah, Sukabumi, Kota Bandar Lampung, Lampung","Lampung","082380137004","starlabling@gmail.com","2029-12-18","2029-12-18","false","false","true","false","false","false","","","","Air limbah, air sungai, air danau, air untuk keperluan higiene dan sanitasi, air minum, udara ambien, kebisingan dan getaran, udara emisi sumber bergerak, udara emisi sumber tidak bergerak","https://drive.google.com/drive/folders/19o2YrpNRBQ-FBCyaPnlCbW8edWY1NTlZ?usp=drive_link",""
"LP-2047-IDN","Balai Perlindungan dan Pengujian Mutu Tanaman Pangan dan Hortikultura Provinsi Sulawesi Utara","Kompleks Pertanian Kalasey, Desa Kalasey, Mandolang, Minahasa, Sulawesi Utara","Sulawesi Utara","(0431) 831378","lab.bppmtphsulut@gmail.com, lahk.bppmtphsulut@yahoo.com","2030-01-21","2030-01-21","false","false","false","true","false","false","10","6","2026-04-30","Trichoderma sp (media pembawa beras / jagung), Beauveria bassiana (media pembawa beras / jagung), Metharizium anisopliae (media pembawa beras / jagung)","https://drive.google.com/drive/folders/1Kx0f8RjKrj-ozpOE7sEfbtPrQmILDsK-?usp=sharing","https://layanan.kan.or.id/direktori-lpk/10724/1"
"LP-2049-IDN","PT Air Bersih Jakarta","Gedung Setiabudi Atrium lantai 4 Suite 410B Jl HR Rasuna Said Kav. 62, Jakarta Selatan, DKI Jakarta","DKI Jakarta","(021) 5210399","lababj24@gmail.com","2030-01-21","2030-01-21","false","false","true","false","false","false","13","14","2026-04-30","Air Minum","https://drive.google.com/drive/folders/1MaWmMWPuJMCjXHYu5qHSWSwjby_HhBLi?usp=drive_link","https://layanan.kan.or.id/direktori-lpk/8505/1"
"LP-2051-IDN","Dinas Perumahan Rakyat dan Kawasan Permukiman, Pertanahan dan Lingkungan Hidup Kabupaten Kapuas Hulu","Jl. K.S.Tubun No.108 Putussibau, Kel. Putussibau Kota, Kec. Putussibau Utara, Kapuas Hulu, Kalimantan Barat","Kalimantan Barat","(0567) 22790","seksipengendalianlh@gmail.com","2030-01-21","2030-01-21","false","false","true","false","false","false","26","13","2026-04-30","Air sungai","https://drive.google.com/drive/folders/1gJN6E48AbkTJXHu9DYh4YyvY4EOtl2ot?usp=sharing","https://layanan.kan.or.id/direktori-lpk/8469/1"
"LP-2052-IDN","UPA Laboratorium Terpadu Universitas Jenderal Soedirman","Jl. Dr. Suparno, Kel. Grendeng, Kec. Purwokerto Utara, Banyumas, Jawa Tengah","Jawa Tengah","(0281) 641606","lab.risetunsoed@unsoed.ac.id","2030-01-21","2030-01-21","false","false","true","false","false","false","","","","Air Sumur, Air Minum, Air Limbah","https://drive.google.com/drive/folders/1Pc-2U0WR3GW9PlHwqejvgdRzajxLkpqP?usp=drive_link",""
"LP-2054-IDN","PT Pertamina Lubricants (Multilokasi)","Kantor Pusat : Grha Pertamina Building Pertamax Tower Lt. 15-17, Jl. Medan Merdeka Timur No. 11-13, Gambir, Jakarta Pusat, DKI Jakarta Lokasi 1 : Lab Production Unit Jakarta, Jl. Jampea No. 1, Koja, Jakarta Utara, DKI Jakarta Lokasi 2: Lab Production Unit Cilacap, Jl. MT Haryono Cilacap, Jawa Tengah Lokasi 3: Lab Production Unit Gresik, Jl. Harun Tohir Gresik, Desa Pulo Pancikan Gresik, Jawa Timur Lokasi 4: Lab Product Development, Lubricant Technology Center (LTC) Lantai 1, Jl. Yos Sudarso/Jl. Sengon/Jl. Jembatan III, Plumpang, Jakarta Utara, DKI Jakarta Lokasi 5: Lab Oil Clinic Jakarta, Lubricant Technology Center (LTC) Lantai 2, Jl. Yos Sudarso/Jl. Sengon/Jl. Jembatan , Plumpang, Jakarta Utara, DKI Jakarta Lokasi 6: Lab Oil Clinic Batakan, Jl. Mulawarman No. 99, Batakan, Kel. Manggar, Balikpapan, Kalimantan Timur","Kalimantan Timur","(021) 31907190","yusep.rizal@pertamina.com","2030-01-21","2030-01-21","false","false","true","false","false","false","14 15","1803","2026-05-19","Lokasi 1: Base oil group (I, II, III), Additive Detergent, Dispersant, Inhibitor (AP Kode 1), Additive Transmisi, Gear (AP Kode 2), Additive Hydraulic Antiwear (AP Kode 3), Additive Anti Oxidant (AP Kode 4), Additive Viscosity Index Improver (AP Kode 5), Additive Pour Point Dispersant (AP Kode 6), Additive Rust Inhibitor (AP Kode 7), Additive Anti Foam (AP Kode 8), Additive Fragrance, Dye, TBN Booster, Demulsifier, Polyisobutylene (AP Kode 9), Minyak lumas motor bensin 4 (empat) langkah kendaraan bermotor, Minyak lumas motor bensin 4 (empat) langkah sepeda motor, Minyak lumas motor bensin 2 (dua) langkah dengan pendingin air, Minyak lumas motor diesel putaran tinggi (SNI 7069.5), Minyak lumas roda gigi transmisi manual dan gardan, Minyak lumas transmisi otomatis, Minyak lumas hidrolik industri jenis anti aus, Grease, Fuel Oil (Low Sulfur Fuel Oil (LSFO), HSFO (High Sulfur Fuel Oil)), Avtur, Solvent Boiling Point XX (SBPXX), Solvent Low Aromatic White Spirit (LAWS) Lokasi 2: Base Oil Group I, Base Oil Group II, Base Oil Group III, Additive (Anti Oxidant), Additive (Viscosity Index Improver), Additive (Pour Point Depressant), Additive (Detergent, Dispersant, Inhibitor), Additive (Transmisi, Gear), Additive (Hydrolic Antiwear), Additive (Friction Modifier), Additive (Anti Foam), Additive (Fragrance, Dye, TBN Booster, Polyisobutylene, Demulsifier, etc.), Minyak Lumas motor bensin 4 (empat) langkah kendaraan bermotor, Minyak Lumas motor bensin 4 (empat) langkah sepeda motor, Minyak Lumas motor diesel putaran tinggi, Minyak Lumas motor bensin 2 (dua) langkah dengan pendingin udara, Minyak Lumas motor bensin 2 (dua) langkah dengan pendingin air, Minyak Lumas transmisi otomatis, Minyak Lumas roda gigi transmisi manual & gardan, Minyak Lumas Hidrolik Industri Jenis Anti Aus, BBM Umum (Pertamina Dex, Solar), BBM Umum (MDF, MFO), Processing Oil, Aditif Solvent, Coolant Lokasi 3: Base Oils (Group I), Base Oils (Group II), Base Oils (Group III), Aditif (Anti Oxidant), Aditif (Viscosity Index Improver), Aditif (Detergent ; Dispersant ; Inhibitor), Aditif (Transmisi, Gear), Aditif (Hidrolik dan Antiwear), Aditif (Friction Modifier), Aditif (Anti Foam), Additive (Fragrance, Dye, TBN Booster, Polyisobutylene, Demulsifier, etc.), Minyak lumas motor bensin 4 (empat) langkah kendaraan bermotor , Minyak lumas motor bensin 4 (empat) langkah sepeda motor , Minyak lumas motor diesel putaran tinggi , Minyak Lumas motor bensin 2 (Dua) langkah dengan pendingin udara, Minyak Lumas Roda Gigi, Transmisi Manual dan Gardan, Minyak Lumas Hidrolik Industri Jenis Anti Aus, Minyak Lumas Transmisi Otomatis, BBM (Premium, Pertamax, Pertamax Turbo), BBM (Pertamina Dex, Solar), BBM (LSFO, HSFO), BBM (Avtur, Avgas), Solvent (LAWS) Lokasi 4: Pelumas (New Formulasi), Minyak lumas motor bensin 4 (empat) langkah kendaraan bermotor, Minyak lumas motor bensin 4 (empat) langkah Sepeda motor, Minyak lumas motor diesel putaran tinggi, Minyak lumas roda gigi transmisi manual dan gardan, Minyak lumas transmisi otomatis, Grease Lokasi 5: Minyak Lumas Motor Bensin 4 (Empat) Langkah Kendaraan Bermotor, Minyak Lumas Motor Bensin 4 (Empat) Langkah Sepeda Motor, Minyak Lumas Motor Bensin 2 (Dua) Langkah dengan Pendingin Udara, Minyak Lumas Motor Bensin 2 (Dua) Langkah dengan Pendingin Air, Minyak Lumas Motor Diesel Putaran Tinggi, Minyak Lumas Roda Gigi Transmisi Manual dan Gardan untuk Kendaraan Bermotor, Minyak Lumas Transmisi Otomatis, Minyak Lumas Hidrolik Industri Jenis Anti Aus, Used Oil-Engine (OC1), Used Oil-Non Engine (OC2), Used Oil-Gas Engine (OC3), Used Oil-Turbine (OC4), BBM Umum-(MFO, LSFO, HFO), BBM Umum-(MDF), BBM Umum-(Solar,Bio Solar), BBM Umum-MDO, Non Package (New Oil), Non Package (Used Oil) Lokasi 6: New Oil-Non Package, Used Oil-Oil Condition Engine Oil: Package OC1, Used Oil-Oil Condition Non Engine: Package OC2, Used Oil-Oil Condition Gas Engine : Package OC3, Used Oil-Oil Condition Turbine : Package OC4, Used Oil-Non Package","https://drive.google.com/drive/folders/1hXUyLy4MBghoi5m1juJB0mgQv8Dz3KKl?usp=sharing","https://layanan.kan.or.id/direktori-lpk/8456/1"
"LP-2056-IDN","UPT Laboratorium Lingkungan Dinas Lingkungan Hidup Kabupaten Barito Selatan","Jl. R. Soeprapto, Kabupaten Barito Selatan, Kalimantan Tengah","Kalimantan Tengah","-","lablink.blhkabbarsel@gmail.com","2030-02-04","2030-02-04","false","false","true","false","false","false","26 29","18","2026-04-30","Air Sungai dan sejenisnya (air muara, air mata air, air payau, dll), Air Danau dan sejenisnya (air rawa, air situ, air waduk, dll), Air limbah, Air untuk keperluan higiene dan sanitasi","https://drive.google.com/drive/folders/1xlsb65fKS3L4tSwVuV4c3-ItZw9R97zf?usp=sharing","https://layanan.kan.or.id/direktori-lpk/8321/1"
"LP-2061-IDN","PT Dharma Nusantara Laboratorium","Jl. Raya Bekasi Kilometer 38, Kel. Jatimulya, Kec. Tambun Selatan, Kab. Bekasi, Provinsi Jawa Barat","Jawa Barat","233235698-04-17","dharmanusa.lab@gmail.com","2030-02-04","2030-02-04","false","false","true","false","false","false","16","146","2026-04-30","Baja tulangan beton, Baja lembaran, pelat dan gulungan canai panas (Bj P), Baja lembaran dan gulungan canai dingin (Bj D), Baja lembaran dan gulungan lapis paduan aluminium-seng (Bj L-AS), Baja lembaran lapis seng (BJ LS), Baja lembaran dan gulungan lapis paduan aluminium seng lapis cat warna (Bj LAS Warna), Baja profil WF-Beam proses canai panas (Bj P WF-Beam), Baja profil kanal U canai panas, Baja profil H (Bj P H-beam), Baja profil siku sama kaki proses canai panas (Bj P Siku sama kaki) (Bj P Kanal U), Jaring kawat baja las untuk tulangan beton, Profil rangka baja ringan, Pipa baja untuk pancang, Pipa baja untuk konstruksi umum, Pipa baja saluran air dengan atau tanpa lapisan seng, Kawat baja karbon rendah, Batang kawat baja karbon rendah, Kawat bronjong, Bronjong kawat, Baja Profil Canai Panas","https://drive.google.com/drive/folders/1tCXXlM9huoYyPCuwKbqZm_983E_wyJye?usp=sharing","https://layanan.kan.or.id/direktori-lpk/10705/1"
"LP-2062-IDN","PT Wahanatama Hijau Mutiara Mandiri","JL. Rajawali Sakti, Komplek Ruko 14 No 11-14, Tobek Godang, Binawidya, Pekanbaru, Riau","Riau","(0761) 8419851","info@wahanatama.com","2030-02-18","2030-02-18","true","false","true","false","false","false","","","","Air Limbah, Air Sungai, Air untuk keperluan higiene dan sanitasi, Air Minum, Air Laut, Udara Ambien, Industrial Hygiene, Emisi Sumber Tidak Bergerak, Emisi Sumber Bergerak, Kebisingan, Udara Lingkungan Kerja, Getaran, Biota Air, Tanah / sedimen","https://drive.google.com/drive/folders/1Vhx4h7AeSXUVlyjaJ4Dh-n9grEJhMKij?usp=drive_link",""
"LP-2063-IDN","PT Starlab Analitik Indonesia","Jl. Pangeran Sogiri, Ruko Millenium, Kav-20, RT 005 RW 003, Kelurahan Tanah Baru, Kecamatan Bogor Utara, Kota Bogor","Jawa Barat","(0251) 2025866","starlab.ai@gmail.com","2030-02-18","2030-02-18","true","false","true","false","false","false","","","","Udara Ambien, Kebisingan, Lingkungan Kerja, Udara Emisi Sumber Tidak Bergerak, Udara Emisi Sumber Bergerak Kategori M,N,O, Udara, Emisi Sumber Bergerak Kategori L, Air Minum, Air Limbah, Air Keperluan Higiene dan Sanitasi, Air Sungai, Tanah","https://drive.google.com/drive/folders/1SkUyzTLDsM_3P6ONvtIbkpbDLqFMpxWb?usp=sharing",""
"LP-2064-IDN","Fakultas Teknologi Mineral Universitas Pembangunan Nasional ""Veteran"" Yogyakarta","Jl.Padjadjaran (Ring Road Utara) No.104 Condongcatur, Kabupaten Sleman, Yogyakarta","DI Yogyakarta","(0274) 486733","akrelabftm@gmail.com","2030-02-18","2030-02-18","false","false","true","false","false","false","","","","Fluida Pemboran Berbahan Dasar Air, Sayatan Tipis Batuan, Sayatan Poles Batuan, Powder Batuan, Batuan Sedimen","https://drive.google.com/drive/folders/1VwlfFLRREnKe3q8IVV5vpUqGigLVxUIn?usp=drive_link",""
"LP-2069-IDN","Perusahaan Umum Daerah Air Bersih Tirtatama Daerah Istimewa Yogyakarta","Jl. Wates Km 14.5 Klangon Argosari Sedayu Bantul DI Yogyakarta","DI Yogyakarta","0274 497667","labpdab@gmail.com","2030-02-25","2030-02-25","false","false","true","false","false","false","","","","Air Minum","https://drive.google.com/drive/folders/1mOWsgDtvg3PksnByUy0igwUEgf0XnD48?usp=sharing",""
"LP-2070-IDN","Laboratorium Teknik-Universitas Batanghari","Jl. Slamet Riyadi No. 1, Sungai Putri, Danau Sipin, Jambi","Jambi","085269409507","labtek@unbari.ac.id","2030-02-25","2030-02-25","true","false","false","false","false","false","","","","Tanah, Agregat Halus, Agregat Kasar, Beton, Baja Tulangan Beton","https://drive.google.com/drive/folders/1ZBLVGyywYP_F-zQuWFmWzSvebCDiz-9f?usp=sharing",""
"LP-2073-IDN","PT Pakuan Citra Selaras - Laboratorium DNA Favorit","Jl. Raya Tajur No.138 Pakuan, Bogor Selatan, Bogor, Jawa Barat","Jawa Barat","089503551020","lablingdnafavorit@gmail.com","2030-02-25","2030-02-25","false","false","true","false","false","false","","","","Air limbah, air sungai, air untuk keperluan higiene sanitasi, udara ambien, kebisingan","https://drive.google.com/drive/folders/1Z3abZfngDbXCdbO2F9Jt3ZOBpPVJx1Gx?usp=sharing",""
"LP-2076-IDN","Balai Penerapan Modernisasi Pertanian Sumatera Barat","Jl. Raya Padang-Solok Km 40, Sukarami, Solok, Sumatera Barat","Sumatera Barat","208698-05-24","labujibptpsumbar@gmail.com","2030-03-18","2030-03-18","true","false","false","false","false","false","","","","Tanah, Kompos","https://drive.google.com/drive/folders/1c32FtHQHxAxbdXZDmjGITOeYdrJ-6gWf?usp=drive_link",""
"LP-2082-IDN","Laboratorium Pengujian Dinas Lingkungan Hidup Kota Pematangsiantar","Jl. Rakutta Sembiring No. 86, Naga Pita, Siantar Martoba, Pematangsiantar, Sumatera Utara","Sumatera Utara","17208731699-12-23","labdlhpematangsiantar@gmail.com","2030-03-18","2030-03-18","false","false","true","false","false","false","","","","Air sungai, air limbah","https://drive.google.com/drive/folders/1c1-UQHaMnNAiLXCg8Tf-hqYn9Uvoio6u?usp=sharing",""
"LP-2083-IDN","Unit Pelaksana Teknis (UPT) Laboratorium Lingkungan Dinas Lingkungan Hidup Kabupaten Belitung Timur","Kompleks Perkantoran Terpadu Manggarawan Jl. Raya Manggar-Gantung, Manggar, Belitung Timur, Kepulauan Bangka Belitung","Kepulauan Bangka Belitung","081929799166","upt.lablingbeltim@gmail.com","2030-03-18","2030-03-18","false","false","true","false","false","false","","","","Air Sungai, Air Danau, Air Limbah (Air Limbah Industri, Air Limbah Domestik dan Air Lindi), Udara Ambien","https://drive.google.com/drive/folders/1bzVxv9CMRydlTBxS2hZiyBtsyZC8sWl-?usp=drive_link",""
"LP-2084-IDN","Laboratorium Pengendalian Mutu Produksi I Perumda Air Minum Tirta Moedal Kota Semarang","Jalan Kelud Raya Nomor 60, Petompon Kec. Gajahmungkur Kota Semarang","Jawa Tengah","(024) 8315514","pdam@pdamkotasmg.co.id","2030-03-18","2030-03-18","false","false","true","false","false","false","","","","Kimia/Fisika air minum dan air bersih","https://drive.google.com/drive/folders/1bD5jUc1z0io1qmQfFgyQIrbkxe1pMSrU?usp=sharing",""
"LP-2086-IDN","PT Maligi Permata Industrial Estate - KIIC Environmental Laboratory Services","WTP/STP Area, Jl. Maligi Raya Kawasan Industri KIIC, Karawang, Jawa Barat","Jawa Barat","(021) 8901666, (0267) 641234","aboratorium@kiic.co.id","2030-03-18","2030-03-18","false","false","true","false","false","false","","","","Air limbah","https://drive.google.com/drive/folders/1cyNNhpsqzlXbCJM1XYzgOxMEHm3fZiSQ?usp=drive_link",""
"LP-2093-IDN","PT Bestari Casa Laboratory","Ruko Bogor Indah Jl. KH Soleh Iskandar Blok A No. 12B, Kota Bogor, Jawa Barat","Jawa Barat","08111116400","cs@bestarilab.co.id","2030-03-18","2030-03-18","false","false","true","false","false","false","","","","Air sungai, air danau, air limbah, air untuk keperluan higiene sanitasi, limbah cair dan padat, limbah B3 padat, padatan, sludge, slurry (total), padatan, sludge, slurry (TCLP), emisi sumber tidak bergerak, emisi sumber bergerak, udara ambien, kebisingan","https://drive.google.com/drive/folders/1cCqLNjMR0ExeJskPvfADYp9HEglRLM3L?usp=drive_link",""
"LP-2094-IDN","Unit Pelaksana Teknis Laboratorium Lingkungan Dinas Lingkungan Hidup Provinsi Kalimantan Tengah","Jl. Willem A.S. No. 8 Palangka Raya, Kalimantan Tengah","Kalimantan Tengah","(0536) 3223756","lablingkungandlhprovkalteng@gmail.com","2030-03-18","2030-03-18","false","false","true","false","false","false","","","","Air Permukaan (Air Sungai, Air Danau), Air Limbah, Air Minum, Air untuk Keperluan Higiene dan Sanitasi,","https://drive.google.com/drive/folders/1d0Jps-XHLJ-vNOEPdC_TuS3kOCpJ2kCl?usp=drive_link",""
"LP-2098-IDN","PT Agincourt Resources-Laboratorium Tanah Departemen Tailings Storage Facility (TSF)","Jl. Merdeka Barat Km 2.5 Kecamatan, Desa Aek Pining, Batangtoru, Batu Hula, Kabupaten Tapanuli Selatan, Sumatera Utara","Sumatera Utara","(021) 80672000","tsfsoillab3@gmail.com","2030-03-25","2030-03-25","true","false","false","false","false","false","","","","Tanah","https://drive.google.com/drive/folders/1fdI6QUUcPBhRj3O_pLlQf1qDNNigxGMB?usp=sharing",""
"LP-2104-IDN","Fakultas Teknik Pertambangan dan Perminyakan (FTTM) Institut Teknologi Bandung (ITB)","Gedung Basic Science Center B Lantai 4, Jl. Ganesha 10, Bandung, Jawa Barat","Jawa Barat","(022) 2506282","admin.fttm@itb.ac.id","2030-04-29","2030-04-29","true","false","true","false","false","false","","","","Batubara, Surfaktan Dan Crude Oil, Kaca dan cairan (air/crude oil/surfaktan), Batuan, Baja/logam kecuali hasil cor (casting) dan hasil tempa (forging), Core Batuan, Subsurface site, Air sungai, Air danau, Air tanah, Air Lindi, Air hujan, Air limbah, Air laut, Air Panas Bumi,","https://drive.google.com/drive/folders/1qUovq15ctBszfizwtk_YO9J8eTVT1d5s?usp=sharing",""
"LP-2108-IDN","Unit Pelaksana Teknis (UPT) Laboratorium Konstruksi Dinas Pekerjaan Umum dan Penataan Ruang Kabupaten Trenggalek","Jl. Supriadi No. 2A, Nggempleng, Kab. Trenggalek, Jawa Timur","Jawa Timur","(0355) 791236","","2030-04-29","2030-04-29","true","false","false","false","false","false","","","","Aspal, beton, bata beton (paving block), mortar, agregat, tanah, baja tulangan beton","https://drive.google.com/drive/folders/1rfsRR2q0Ks6NyT_hLXZ6GSb9bev0X190?usp=sharing",""
"LP-2115-IDN","UPTD Balai Pengawasan dan Sertifikasi Mutu Pangan Dinas Pangan Provinsi Sumatera Barat - Laboratorium Keamanan Pangan","Jl. Jaksa Agung R. Soeprapto No. 19, Padang, Sumatera Barat","Sumatera Barat","0751-442758","labpanganprovsumbar@gmail.com","2030-05-20","2030-05-20","false","false","false","true","false","false","","","","Beras","https://drive.google.com/drive/folders/1tdENZPKEDKI_uopTezkugh1OxdTCGJWS?usp=sharing",""
"LP-2119-IDN","Perusahaan Umum Daerah Air Minum Tirta Merapi Kabupaten Klaten","Jl. Tentara Pelajar, Gayamprit, Klaten Selatan, Klaten, Jawa Tengah","Jawa Tengah","(0272)-321834","pdamkltn@yahoo.com","2030-05-20","2030-05-20","false","false","true","false","false","false","","","","Air Minum","https://drive.google.com/drive/folders/1uOLytWGYGPGN7nmS08KOOvaL_9nsn6uJ?usp=sharing",""
"LP-2120-IDN","Unit Pelaksana Teknis Daerah (UPTD) Balai Pengujian dan Sertifikasi Mutu Barang Logam dan Elektronika Karawang","Jl. Husni Hamid No. 4, Nagasari, Kab. Karawang, Jawa Barat","Jawa Barat","(0267) 411848","bpsmble.disperindag@jabarprov.go.id","2030-05-20","2030-05-20","false","false","true","false","false","false","","","","Air limbah, garam konsumsi beriodium, bahan baku untuk garam konsumsi beriodium","https://drive.google.com/drive/folders/1uCRFointZnoi7OUEh2J5a9xUp48hZuOn?usp=drive_link",""
"LP-2125-IDN","Balai Pelaksanaan Jalan Nasional Papua Selatan","Jl. R.Martadinata Komplek Bina Marga Merauke - Papua Selatan","Papua","","bpjnmerauke@pu.go.id","2030-05-27","2030-05-27","true","false","false","false","false","false","","","","Aspal, Campuran Beraspal, Agregat, Tanah, Beton","https://drive.google.com/drive/folders/1Lr7I6l4QsMMIAPXywnSUPqwf_GafFkgR?usp=sharing",""
"LP-2135-IDN","Unit Pelaksana Teknis Daerah (UPTD) Balai Pengujian dan Sertifikasi Mutu Barang Air Minum Dalam Kemasan Cirebon","Jl. Dr. Wahidin Sudirohusodo No. 14, Cirebon, Jawa Barat","Jawa Barat","(0231) 200622","bspmbcirebon@gmail.com","2030-06-29","2030-06-29","false","false","true","false","false","false","","","","Air Mineral","https://drive.google.com/drive/folders/1e1eX_PzyaoOwsYUSEnKTL1_0ZVzUg9Ca?usp=sharing",""
"LP-2140-IDN","UPTD Balai Pengawasan dan Sertifikasi Benih Perkebunan Provinsi Jawa Barat","Jl. Ir. H. Djuanda No 377, Sekeloa, Kecamatan Coblong, Kota Bandung, Jawa Barat","Jawa Barat","Telp. (022) 2505826","bpsbp.disbunjabar@gmail.com","2030-07-22","2030-07-22","false","false","false","true","true","false","","","","Benih Kopi Arabika (Coffea arabica L.), Benih Tembakau (Nicotiana tabacum L.)","https://drive.google.com/drive/folders/1bbR_1P-62TWy3D3DpqYB4LcbG2o6IlId?usp=sharing",""
"LP-2142-IDN","UPTD Laboratorium Lingkungan Dinas Lingkungan Hidup dan Kebersihan Kabupaten Berau","Jl. APT. Pranoto No.03 Tanjung Redeb, Berau, Kalimantan Timur","Kalimantan Timur","(0554) 21157","dlhk@beraukab.go.id","2030-07-22","2030-07-22","false","false","true","false","false","false","","","","Air Limbah, Air Sungai, Air Sumur, Air Danau, Air Lindi","https://drive.google.com/drive/folders/1lVYQawCAwfZFRnjGIVqf9yvmkgLO1Ham?usp=sharing",""
"LP-2144-IDN","UPTD Laboratorium Lingkungan Dinas Lingkungan Hidup Perumahan Rakyat dan Permukiman Kabupaten Lima Puluh Kota","Jl. Negara KM 11 Sarilamak, Harau, Lima Puluh Kota, Sumatera Barat","Sumatera Barat","(0752) 7750578","dlhpp@limapuluhkotakab.go.id","2030-07-22","2030-07-22","false","false","true","false","false","false","","","","Air sungai, Air Limbah, Air untuk keperluan higiene sanitasi","https://drive.google.com/drive/folders/1G1yo8hnh3MwV0zIQyz5OoeNArH6XbAO6?usp=sharing",""
"LP-2145-IDN","PT Karya Dewi Putra","Jl. Adonis Samad RT.005/RW.014, Panarung, Pahandut, Palang Raya, Kalimantan Tengah","Kalimantan Tengah","(0536) 4200202","Lab_KDP@agrosubur.com","2030-07-22","2030-07-22","false","true","false","false","false","false","","","","Pupuk Rock Phosphate, Pupuk MOP","https://drive.google.com/drive/folders/10ftco4XHVZyaq2ay9zE0xM5_sCrkDzqn?usp=sharing",""
"LP-2146-IDN","PT Water Laboratory Nusantara Indonesia Cabang Bogor","Jl. Ahmad Yani No. 68B, Tanah Sereal, Bogor, Jawa Barat","Jawa Barat","(0251) 8333740","monica.silva@sgs.com","2030-03-30","2030-03-30","true","false","true","false","false","false","","","","Air tanah, air permukaan, Air Sungai, Air Danau, air minum, air bersih, air limbah, air laut, tanah, sedimen, lumpur, udara ambien, Kebauan, lingkungan kerja, emisi tidak bergerak","https://drive.google.com/drive/folders/1rr4x-dv4GFjPp38WWrQU4Cjvjc1qhCKN?usp=sharing",""
"LP-2147-IDN","Perumda PDAM Tirtamarta Kota Yogyakarta","Jl. R.W. Monginsidi No. 3 Cokrodiningratan, Jetis, Yogyakarta, DI Yogyakarta","DI Yogyakarta","(0274) 513605","laboratorium.perumdapdamjogja@gmail.com","2030-07-30","2030-07-30","false","false","true","false","false","false","","","","Air Minum","https://drive.google.com/drive/folders/1btI-IxCq5QRkAVBwhbduXIQpAFIpEXzK?usp=sharing",""
"LP-2149-IDN","PT Sentral Sistem Laboratory","Cikarang Square Blok B, Jalan Raya Cikarang Cibarusah No.27, Pasirsari, Cikarang Sel., Kabupaten Bekasi, Jawa Barat","Jawa Barat","021-89321323","qmssentralsistem@gmail.com","2030-07-30","2030-07-30","false","false","true","false","false","false","","","","Fume Hood, Laminar Air Flow, Biological Safety Cabinet, Clean Room/Cabinet/Machine, Metal Detector, Air limbah, Air permukaan, Air untuk keperluan higine sanitasi, udara ambien, kebauan, kebisingan, ESTB, lingkungan kerja","https://drive.google.com/drive/folders/1vE9nodWEL2QkJgHVE26k5yJCPxMfew8G?usp=sharing",""
"LP-2151-IDN","PT Mitra Bakti UT","Jl. Raya Bekasi No. KM. 22, RT.1/RW.1, Cakung Barat, Kec. Cakung, Jakarta Timur, DKI Jakarta","DKI Jakarta","(021) 24579999","lab.lingkungan@mitrabaktiut.co.id","2030-08-19","2030-08-19","false","false","true","false","false","false","","","","Air Limbah, Air Sungai","https://drive.google.com/drive/folders/1dX98kR6nkcWZ2Jf2Z6xCtY_DRwcP2MGs?usp=sharing",""
"LP-2155-IDN","PT Mahatidana Sinergi Indonesia - Laboratorium Mahatidana","Jl. Veteran, RT.01/RW.03, Ciseureuh, Kabupaten Purwakarta, Jawa Barat","Jawa Barat","(0264) 8260885","admin@mahatidanalab.co.id","2030-08-19","2030-08-19","false","false","true","false","false","false","","","","Emisi Sumber Tidak Bergerak, Udara Ambien, Lingkungan Kerja, Kebisingan, Air Minum, Air untuk keperluan Higiene Sanitasi, Air Sungai Dan Sejenisnya, Air Danau dan Sejenisnya, Air Limbah/Air limbah domestik, Air Hemodialisa","https://drive.google.com/drive/folders/1tUOt_bP3z4NriJ15uGkjeaOSzxy6EPN_?usp=sharing",""
"LP-2156-IDN","Politeknik Kesehatan Kementerian Kesehatan Semarang - Labotarium Kesehatan Lingkungan","Jl. Raya Baturraden KM.12, Karangmangu, Baturaden, Banyumas, Jawa Tengah","Jawa Tengah","085163552021","labkesling@poltekkes-smg.ac.id","2030-08-19","2030-08-19","false","false","true","false","false","false","","","","Air untuk Keperluan Higiene dan Sanitasi, Lingkungan Kerja","https://drive.google.com/drive/folders/1YHbmrZigjsXIpf06ckHMGjojOY4H_HkS?usp=sharing",""
"LP-2158-IDN","Balai Penerapan Modernisasi Pertanian (BRMP) Jawa Timur","Jl. Raya Karangploso KM. 04, Malang, Jawa Timur","Jawa Timur","0341-494052","bsip.jatim@pertanian.go.id bsip.jatim@gmail.com","2030-08-28","2030-08-28","true","false","false","false","false","false","","","","Tanah","https://drive.google.com/drive/folders/1WfP_KEup4LYCZFQyL2qbGAaT5ZUFM50t?usp=sharing",""
"LP-2160-IDN","Laboratorium Terpadu Universitas Lambung Mangkurat","Jl. Jend. A. Yani Km.36 Banjarbaru, Kalimantan Selatan","Kalimantan Selatan","0877776594820","labterpadu@ulm.ac.id","2030-08-28","2030-08-28","true","false","true","false","false","false","","","","Air gambut, Air sungai, Air limbah, Air laut, Sedimen, Tanah, Beton Kubus, Beton Silinder, Kebisingan, Udara Ambien","https://drive.google.com/drive/folders/1qO_tmT-x2D-l_wqwiFKMHH3DutEHt-8k?usp=sharing",""
"LP-2161-IDN","Unit Pelaksana Teknis Daerah (UPTD) Laboratorium Lingkungan Perumahan Rakyat, Kawasan Permukiman, dan Lingkungan Hidup Kabupaten Banjar","Jl. Sekumpul Ujung, Desa Bincau, Martapura, Kalimantan Selatan","Kalimantan Selatan","(0511) 4721719","lablingbanjar@gmail.com","2030-09-16","2030-09-16","false","false","true","false","false","false","","","","Air Sungai, Air Limbah","https://drive.google.com/drive/folders/1XdIKYOERmkqWvYsaMUAGwDqyLBtsi1RX?usp=sharing",""
"LP-2164-IDN","UPTD Balai Pengawasan dan Sertifikasi Benih Tanaman Perkebunan Provinsi Nusa Tenggara Barat","Jl. Raya Mantang - Praya Nomor X, Mantang, Kabupaten Lombok Tengah, Provinsi Nusa Tenggara Barat","Nusa Tenggara Barat","081337233967","bpsbperkebunanntb@gmail.com","2030-09-16","2030-09-16","false","false","false","false","true","false","","","","Benih Tembakau (Nicotiana tabaccum L.), Benih Jambu Mete (Anacardium officinale L.)","https://drive.google.com/drive/folders/1VMzrkaYFLYQF-82M60igt0FbyaUq5k4t?usp=sharing",""
"LP-2165-IDN","Laboratorium Politeknik Kementrian Kesehatan Tanjung Karang","Jl. Soekarno Hatta No. 1, Bandar Lampung, Lampung","Lampung","(0721) 783852","labdupoltekkes@gmail.com","2030-09-16","2030-09-16","false","false","true","false","false","false","","","","Air minum, Air higiene sanitasi","https://drive.google.com/drive/folders/1AyffvBvGECb0mif7ls1RnKIdZDoHNKsb?usp=sharing",""
"LP-2169-IDN","PT Sentana Adidaya Pratama Pelintung","Jalan Pulau Sumatera Kawasan Industri Dumai Kelurahan Pelintung Kecamatan, Medang Kampai, Riau","Riau","(062) 765 33533","hery.marianto@id.wilmar-intl.com","2030-09-16","2030-09-16","false","true","false","false","false","false","","","","Pupuk NPK","https://drive.google.com/drive/folders/1lZuimSf22I9sS6FynriGENDyVy-6hTa1?usp=sharing",""
"LP-2175-IDN","UPTD. Laboratorium Lingkungan Hidup, Dinas Kehutanan dan Lingkungan Hidup Provinsi Bali","Jl. D.I Pandjaitan No. 1 Denpasar, Bali","Bali","(0361)225663","uptlab.blhprovbali@gmail.com","2030-09-29","2030-09-29","true","false","true","false","false","false","","","","Air Sungai dan sejenisnya, Air Danau dan sejenisnya, Air tanah dan sejenisnya, Air lindi, Air limbah","https://drive.google.com/drive/folders/11-JtD5F87eSkKCLC5vWN9qpWba7v1dGk?usp=sharing",""
"LP-2178-IDN","Laboratorium Universitas Muhammadiyah Yogyakarta","Jl. Brawijaya, Tamantirto, Kasihan, Bantul, DI Yogyakarta","DI Yogyakarta","(021) 59644285","marketing@detech.co.id","2030-09-29","2030-09-29","true","false","false","false","true","false","","","","Baja Tulangan, Beton Silinder, Tanah, Aspal Keras, Agregat Kasar, Daun Anggrek, Daun Kedelai, Daun Singkong, Ekstrak Temulawak,","https://drive.google.com/drive/folders/15CI1_FCKmcmQbLUED8e4zG8T70QG1uhX?usp=sharing",""
"LP-2180-IDN","Unit Pelaksana Teknis Daerah (UPTD) Laboratorium Lingkungan Dinas Lingkungan Hidup Kota Tangerang Selatan","Jl. Raya Puspiptek Serpong No. 1, Setu, Kota Tangerang Selatan, Banten","Banten","0853-3909-3699","lablingblhdtangsel@gmail.com","2030-10-29","2030-10-29","false","false","true","false","false","false","","","","Air Limbah, Air Higiene Sanitasi, Air Sungai,","https://drive.google.com/drive/folders/1jhUIGr-bWoMgumQkINFntZLzeP6u1FVa?usp=sharing",""
"LP-2182-IDN","PT Fertilizer Inti Technology","Jl. Raya Manyar KM 11, Kawasan industri Berkah Manyar Sejahtera Java Integrated Industrial & & Port Estate Blok E-10,Gresik,Jawa Timur","","031 33601060","reo.kembara@dgw.co.id;","2030-10-29","2030-10-29","false","true","false","false","false","false","","","","Pupuk","https://drive.google.com/drive/folders/1wAiKNzDBjJj07HdvWqs1IS_P8UG28AMP?usp=sharing",""
"LP-2186-IDN","PT Eco Persada Laboratory","Jl. Raya Pacing No.1, Mojokerep, Pacing, Bangsal Mojokerto, Jawa Timur","Jawa Timur","224325798-10-16","ecopersadalaboratory@gmail.com","2030-11-17","2030-11-17","false","false","true","false","false","false","13 26 27 29","75","2026-04-30","Air untuk keperluan Higiene Sanitasi, Air limbah, Air minum, Lingkungan kerja, Udara Ambien, Kebauan, Air sungai, air waduk, air danau, Udara emisi sumber tidak bergerak","https://drive.google.com/drive/folders/1UL6omOfodQbvKj8rEZwEU67Dct-FZThl?usp=sharing","https://layanan.kan.or.id/direktori-lpk/12083/1"
"LP-2188-IDN","Laboratorium Ilmu Lingkungan Sekolah Ilmu Lingkungan Universitas Indonesia","Gedung IASTH Lantai 3, Jalan Salemba Raya No. 4, Jakarta","DKI Jakarta","(021) 3193930318 (021) 31930309","lablingsil@ui.ac.id","2030-11-17","2030-11-17","false","false","true","false","false","false","","","","Air Limbah","https://drive.google.com/drive/folders/1SrXDiMIpTHm-M_5CmIOKOi-sMj7WhenK?usp=sharing",""
"LP-2189-IDN","Unit Penunjang Akademik Laboratorium Terpadu Institut Teknologi Sumatera","Jl. Terusan Ryacudu, Desa Way Hui, Kecamatan Jatiagung, Lampung Selatan, Lampung","Lampung","233216686-02-11","lab.pengujian@itera.ac.id","2030-11-17","2030-11-17","false","false","true","false","false","false","26","4","2026-05-04","Air limbah","https://drive.google.com/drive/folders/1A9DY_DNzUU7HC7pJexiy2VBBoa58J6AB?usp=sharing","https://layanan.kan.or.id/direktori-lpk/12026/1"
"LP-2190-IDN","PT Medialab Indonesia Sidoarjo","Jl. Siwalanpanji No. 92, Desa/Kelurahan Siwalanpanji, Kec. Buduran, Kab. Sidoarjo, Jawa Timur","Jawa Timur","222667027-05-27","mrmedialabsda@gmail.com","2030-11-17","2030-11-17","false","false","true","false","false","false","","","","Air danau, air sungai, Air sumur pantau, Air untuk keperluan Higiene dan Sanitasi, Air Limbah, Air Minum, Air Laut, Udara Lingkungan Kerja, Kebisingan dan Getaran, Udara Ambien, Udara Emisi Sumber Tidak Bergerak, Udara Emisi Sumber Tidak Bergerak, Udara Emisi Sumber Bergerak","https://drive.google.com/drive/folders/13OHbTvLF3nHn0CPVyuN1TVh4a472xKHY?usp=sharing",""
"LP-2195-IDN","PT Air Minum Bandarmasih (Perseroda)","Jl. Tirta Dharma No. 1 Kel. Sungai Lulut Kec. Banjarmasin Timur, Banjarmasin, Kalimantan Selatan","Kalimantan Selatan","(0511)3252541","lab.ipa2.pramuka@gmail.com","2030-12-09","2030-12-09","false","false","true","false","false","false","","","","Air Minum","https://drive.google.com/drive/folders/13bY0nZ3ECcvuk7HuF-kFb3EUtewesfJ8?usp=sharing",""
"LP-2203-IDN","UPTD Laboratorium Lingkungan Dinas Lingkungan Hidup Kab. Serdang Bedagai","Jl. Negara No. 300, Firdaus, Sei Rampah, Serdang Bedagai, Sumatera Utara","Sumatera Utara","(0621) 41229","dlhsergailablingkungan@gmail.com","2030-12-16","2030-12-16","false","false","true","false","false","false","","","","Air Sungai, Air Limbah","https://drive.google.com/drive/folders/1cQ0rIvXfS15vluat_fHAJTl76jkiEBEb?usp=sharing",""
"LP-2204-IDN","PT Nusantara Butuh Diagnostik","Ruko Taman Laguna Residence Banyuwangi, block B-05 Klatak, Kalipuro, Banyuwangi, Jawa Timur","Jawa Timur","(021) 50919430","hello@nusantics.com","2030-12-16","2030-12-16","false","false","true","false","false","false","","","","Udang Vanamei, Benur Vanamei, Air Laut, Lumpur, Pakan Non Ruminansia","https://drive.google.com/drive/folders/1RyLeVH1KnbwgLvpFwxZVuSQq4wd8mO09?usp=sharing",""
"LP-2206-IDN","Balai Perikanan Budidaya Laut Ambon","Jl. Leo Wattimena, Waiheru, Baguala, Ambon, Maluku","Maluku","0811471667","Labpenguji.bpbl.ambon@gmail.com","2030-12-16","2030-12-16","false","false","true","false","false","false","","","","Air Laut","https://drive.google.com/drive/folders/13FfSydHp03BSRhaPgJ6pBSnPQHQ3egBw?usp=sharing",""
"LP-2211-IDN","Unit Pelaksana Teknis (UPT) Laboratorium Sentral Universitas Andalas","Gedung Laboratorium Sentral Universitas Andalas, Kampus Limau Manis, Kecamatan Pauh, Kota Padang, Sumatera Barat","Sumatera Barat","0822 8506 5294","labsentral@unand.ac.id","2031-01-20","2031-01-20","false","false","true","false","false","false","13 26","7","2026-01-22","Air Limbah, Air Minum","https://drive.google.com/drive/folders/1uZSjP5gL9hNdmwxxlOdNHBcHvMrB4dsy?usp=sharing","https://layanan.kan.or.id/direktori-lpk/12071/1"
"LP-2212-IDN","Balai Perakitan dan Pengujian Tanaman Rempah Obat dan Aromatik","Jl. Tentara Pelajar No. 3, Bogor, Jawa Barat","Jawa Barat","(0251) 8321879","labujitro@yahoo.com","2031-01-20","2031-01-20","false","false","false","true","false","false","10","7","2026-01-22","Tanaman rempah obat, tanaman aromatik, lada putih, kunyit","https://drive.google.com/drive/folders/1Wz_wVcY-zuSTLA7_BuoRABEO2ODNAC2n?usp=sharing","https://layanan.kan.or.id/direktori-lpk/12011/1"
"LP-2214-IDN","PT Kayan LNG Nusantara","Jl. Yos Sudarso No. 89 (Tarakan Plaza Hotel) Tarakan, Kalimantan Utara","Kalimantan Utara","(0551) 21877","agus.satriawan@kayanlng.com","2031-01-20","2031-01-20","false","false","true","false","false","false","15 26 29","10","2026-01-22","Air Limbah, Air Proses, Natural Gas / LNG","https://drive.google.com/drive/folders/172QgpPGgdaC2W1EZ7-yUcqfTjn4XFSlh?usp=sharing","https://layanan.kan.or.id/direktori-lpk/10815/1"
"LP-2216-IDN","UPTD Laboratorium Bahan Konstruksi Dinas PUPR Provinsi Sumatera Utara","Jl. Sakti Lubis No. 7R Sitirejo II Kecamamatan Medan Amplas, Kota Medan","Sumatera Utara","(061) 7867172","uptd.pupr.lbk@gmail.com","2031-01-20","2031-01-20","true","false","false","false","false","false","22","26","2026-01-21","Agregat, Agregat Kasar, Agregat Halus, Aspal, Campuran Agregat dan Aspal, Beton silinder, Tanah","https://drive.google.com/drive/folders/1LrMgBw0wXgof03aH47NGTy1tHftgFk68?usp=sharing","https://layanan.kan.or.id/direktori-lpk/10797/1"
"LP-2218-IDN","Laboratorium Lingkungan Dinas Lingkungan Hidup (DLH) Kabupaten Bojonegoro","Jl. Dr. Wahidin No. 40 Bojonegoro, Jawa Timur","Jawa Timur","081231961600","lablingdlhbjn@gmail.com","2031-01-20","2031-01-20","false","false","true","false","false","false","26","35","2026-01-29","Air Limbah, Air Sungai","https://drive.google.com/drive/folders/1YyhuVn2n-QLtXTYJYMQbqdzCpoTTTjzi?usp=sharing","https://layanan.kan.or.id/direktori-lpk/11991/1"
"LP-2220-IDN","UPT Laboratorium Lingkungan Dinas Lingkungan Hidup Kabupaten Kulon Progo","Jl. Sugiman Margosari Pengasih, Kulon Progo, Daerah Istimewa Yogyakarta","DI Yogyakarta","(0274) 774638","uptlablingkp@gmail.com","2031-01-20","2031-01-20","false","false","true","false","false","false","26 27","27","2026-01-22","Air Sungai, Air Limbah, Kebisingan","https://drive.google.com/drive/folders/1sNZ_Z64FdoPKvgl5HcI1Vn0pWQqTI_oC?usp=sharing","https://layanan.kan.or.id/direktori-lpk/12179/1"
"LP-2224-IDN","Laboratorium Produktivitas dan Kualitas Perairan Fakultas llmu Kelautan dan Perikanan Universitas Hasanuddin (LPKP-FIKP UNHAS)","Jl. Perintis Kemerdekaan Km. 10, Tamalanrea, Makassar, Sulawesi Selatan","Sulawesi Selatan","0411-586025","fikp@unhas.ac.id","2031-01-29","2031-01-29","false","false","true","false","false","false","","","","Air laut","https://drive.google.com/drive/folders/1qI4Be6RVAaQydmBm7GV3hrl0q2EtkoeR?usp=drive_link",""
"LP-2225-IDN","PT Geo Sinergi Utama","Kompleks Pergudangan Kota Wisata Commpark Blok B-02 Jl. Raya Narogong Cileungsi, Kel. Limus Nunggal, Kec. Cileungsi, Bogor, Jawa Barat","Jawa Barat","(021) 80472095","soil.lab@geosynergy-solution.com","2031-01-29","2031-01-29","true","false","false","false","false","false","","","","Tanah","https://drive.google.com/drive/folders/1DhcuvLrvH_eDRktb2Llr8XV9X5yfnzS-?usp=drive_link",""
"LP-2227-IDN","UPTD Pembinaan dan Penerapan Mutu Hasil Perikanan (PPMHP) Biak","Jl. Selat Madura No. 5A Biak, Papua","Papua","082198847473","uptdppmhpbiak@gmail.com","2031-01-29","2031-01-29","false","false","true","false","false","false","","","","Air/air es, ikan beku, ikan segar, ikan asap","https://drive.google.com/drive/folders/1O6lcQY_EMTJiOhqmjFBlzZwYCnSw2OhU?usp=drive_link",""
"LP-2232-IDN","PT Sulung Research Station","Jl. Sulung Kenambui KM.30,4 Desa Runtu, Kec. Arut Selatan, Kab. Kotawaringin Barat, Kalimantan Tengah","Kalimantan Tengah","(0532) 21297","budi.umbara@citraborneo.co.id ; adminlab@citraborneo.co.id","2031-02-17","2031-02-17","true","true","true","false","true","false","","","","Bagian tanaman ( Daun dan pelepah), Pupuk Urea, Pupuk Fosfat alam untuk pertanian, Pupuk Kalium Klorida, Pupuk Kieserit, Pupuk Dolomit, Pupuk Borat, Pupuk NPK Padat, Pupuk Zink Sulfat, Pupuk Copper Sulfat, Pupuk Organik, Tanah, Air Tanah, air sungai, Air Limbah, Crude Palm Oil (CPO)","https://drive.google.com/drive/folders/1w7BQsFINeBAheEuoMB6gXXri00qz-FhA?usp=sharing",""
"LP-2235-IDN","Fakultas Teknik Universitas Sam Ratulangi","Kampus UNSRAT Bahu Manado, Sulawesi Utara","Sulawesi Utara","","hseq.mdn@trustcertified.co.id","2031-02-17","2031-02-17","true","false","true","false","false","false","","","","Beton silinder, Tanah, Air Sungai, Air Limbah","https://drive.google.com/drive/folders/1Hek9sc3bD0v9wuPM1XF-TjlrIGIKl1Ko?usp=sharing",""
"LP-2238-IDN","Laboratorium Pengujian Fakultas Pertanian Universitas Siliwangi","Kampus 2 Mugarsari, Kec. Tamansari, Kab. Tasikmalaya, Jawa Barat","Jawa Barat","(0265) 330634","labfaperta@unsil.ac.id","2031-02-26","2031-02-26","true","false","false","false","false","false","","","","Tanah","https://drive.google.com/drive/folders/1MYtJ3B2hurPE4IUC8MzKsd65m3itw4gR?usp=sharing",""
"LP-2242-IDN","UPTD Laboratorium Lingkungan Dinas Lingkungan Hidup Kabupaten Sukabumi","Jl. Komplek Perkantoran Jajaway Palabuhanratu, Sukabumi, Jawa Barat","Jawa Barat","(0266) 436428","lablingkabsmi@gmail.com","2031-03-16","2031-03-16","false","false","true","false","false","false","","","","Air Permukaan (Air Sungai), Air Limbah","https://drive.google.com/drive/folders/1aIibAx1gglM_A-8pxmcIDWMYVsrMz9bM?usp=sharing",""
"LP-2244-IDN","Laboratorium Bahan Konstruksi Dinas PUPR Provinsi Kalimantan Selatan","Jl. Yos Sudarso No. 35 RT. 34 RW. 02, Telaga Biru, Banjarmasin Barat, Kalimantan Selatan","Kalimantan Selatan","(0511) 4423377","","2031-03-16","2031-03-16","true","false","false","false","false","false","","","","Tanah kohesif, agregat halus, agregar kasar, tanah, batuan, beton silinder, beton kubus","https://drive.google.com/drive/folders/1uNrBipdKRfTTORzxYyuQFyX19Fwnapjt?usp=sharing",""
"LP-2247-IDN","PT Lab Service Internasional Indonesia","Jl. Inspeksi Kalimalang Lambangjaya Ruko Puri Tirta No. 16-19, Tambun Selatan, Kab. Bekasi, Jawa Barat 17510","Jawa Barat","088290562645","labserviceinternational@gmail.com","2031-03-16","2031-03-16","false","false","true","false","false","false","","","","Air Minum","https://drive.google.com/drive/folders/1NDAhArWrEffOE2E8WexVKn-an5nPls61?usp=sharing",""
"LP-2251-IDN","Unit Penunjang Akademik Laboratorium Terpadu Universitas Tadulako","Jl. Soekarno Hatta KM. 9, Kampus Bumi Tadulako, Tondo, Mantikulore, Palu, Sulawesi Tengah","Sulawesi Tengah","(0451) 422611","laboratoriumterpadu@untad.ac.id","2031-04-21","2031-04-21","false","false","true","false","false","false","","","","Air Hygiene Sanitasi , Air Laut , Air Limbah, Air Lindi TPA","https://drive.google.com/drive/folders/1oLbxdSu5qsKyPR-FhojCdyZM-LNGe9xO?usp=sharing",""
"LP-2253-IDN","PT Sevisi Laboratorium Indonesia","Modern Business Park Jl. KH. Hasyim Ashari No.79, RT.001/RW.004, Buaran Indah, Kec. Tangerang, Kota Tangerang, Banten","Banten","(021) 38923906 (021) 38923063","info@sevisilab.com","2031-04-21","2031-04-21","false","false","true","false","false","false","","","","Air Sungai, Air Limbah, Udara Emisi sumber tidak bergerak, Udara Ambien, Kebauan, Kebisingan","https://drive.google.com/drive/folders/19OMborSpN8yEZAqgRWgCQG0YeVU_vWLO?usp=sharing",""
"LP-2255-IDN","Pusat Air Tanah dan Geologi Tata Lingkungan","Jl. Diponegoro No 57, Cihaurgeulis, Cibeunying Kaler, Bandung, Jawa Barat","Jawa Barat","022-7274705","lab.patgtl@gmail.com","2031-04-21","2031-04-21","true","false","true","false","false","false","","","","Air Minum, Air Untuk keperluan Higiene dan Sanitasi, Air Permukaan (Air Sungai, Mata Air), Air Tanah, Tanah","https://drive.google.com/drive/folders/1dSq0lZZ3YNNzhXnILAGO7RIaVOFOAkDS?usp=sharing",""
"LP-2257-IDN","Balai Penerapan Modernisasi Pertanian (BRMP) Banten","Jl Raya Ciptayasa KM 01 Singamerta Ciruas, Serang, Banten","Banten","(0254) 281055 (0254) 282507","labbrmpbanten@gmail.com","2031-04-21","2031-04-21","false","false","false","true","false","false","","","","Beras","https://drive.google.com/drive/folders/1xFje6zqcO5oHawhc0ulsdD1kcerwsGcJ?usp=sharing",""
"LP-2260-IDN","UPTD Laboratorium Lingkungan Dinas Lingkungan Hidup Kabupaten Madiun","Jl. A. Yani KM 2, Madiun, Jawa Timur","Jawa Timur","(0351) 4471051","labling.madiunkab@gmail.com","2031-04-21","2031-04-21","false","false","true","false","false","false","","","","Air Sungai","https://drive.google.com/drive/folders/1-9g2zyeIahGk5allej6c-fQETmRHZLJ4?usp=sharing",""
"LP-2262-IDN","UPTD Laboratorium Kesehatan Kabupaten Kotawarinign Barat","Jl. Sutan Syahrir No.27 Pangkalan Bun, Kalimantan Tengah","Kalimantan Tengah","233063403-10-15","labkesda_pbun@yahoo.com","2031-04-21","2031-04-21","false","false","true","false","false","false","","","","Air Minum dan Air Hygiene untuk Sanitasi","https://drive.google.com/drive/folders/1H_7OnuMoqGwrOZBH0NBl9dwwssQ0ZEKL?usp=sharing",""
"LP-2267-IDN","PT Starlab Celindo Jaya","Jl. Halu Oleo, Kel. Mokoau, Kecamatan Kambu, Kendari, Sulawesi Tenggara","Sulawesi Tenggara","08552210001","starlabcj@gmail.com","2031-04-29","2031-04-29","false","false","true","false","false","false","","","","Air Sungai, Air Laut, Air Limbah, Air Bersih (Air untuk keperluan Higiene Sanitasi), Udara Ambien, Kebisingan, Udara Emisi Sumber Tidak Bergerak.","https://drive.google.com/drive/folders/1AJU_x90x7eAWuJEwDd6fvtKOhv1RGz98?usp=sharing",""
"LP-2269-IDN","Laboratorium Quality Control PT DIC Graphics","Jl. Rawagelam III Blok II L Kav.8-9, Kawasan Industri Pulogadung, Kota Adm. Jakarta Timur, Provinsi DKI Jakarta","DKI Jakarta","(021) 4613525","info.dicg@dic.co.id qc.administration@dic.co.id","2031-04-29","2031-04-29","false","false","true","false","false","false","","","","Tinta berbasis air","https://drive.google.com/drive/folders/17AlPQio5OP0IVwbd6hPrLVbpSr-5W9OT?usp=sharing",""
"LP-2273-IDN","PT Grapara Laboratorium Gemilang","Bukit Cimanggu City Blok M1 No. 8 RT 002 RW 011, Cibadak, Tanah Sareal, Bogor, Jawa Barat","Jawa Barat","(0251) 8435260","lab@grapara-indonesia.com","2031-05-19","2031-05-19","true","false","true","false","false","false","","","","Air Sungai , Air Danau, Air Limbah, Air Bersih/Air Tanah, Emisi Sumber Tidak Bergerak, Udara Emisi Sumber Bergerak (Emisi Kendaraan), Udara Emisi , Udara Ambien","https://drive.google.com/drive/folders/1pR7zRU9tNB8yDyTrn_Yudc_0FkVBBefW?usp=sharing",""
"LP-2276-IDN","Balai Laboratorium Kesehatan dan Kalibrasi Alat Kesehatan Provinsi Maluku","Jl. Kesehatan No. 34 Karang Panjang, Ambon, Maluku","Maluku","081267576500","labkespromal@malukuprov.go.id","2031-05-28","2031-05-28","false","false","true","false","false","false","","","","Air Minum, Air Hiegine dan Sanitasi, Air Sungai, Air Limbah, Udara Ambien","https://drive.google.com/drive/folders/1efCvUAe1_mcakTBG5m3ZVP5wW93jIxoc?usp=sharing",""
"LP-2278-IDN","UPT Laboratorium Lingkungan Hidup Dinas Lingkungan Hidup Kota Batam","Jln Brigjen Katamso, Mako Satpol PP, Sagulung, Sagulung, Batam, Kepulauan Riau","Kepulauan Riau","089652427859","uptd.labling.kotabatam@gmail.com","2031-05-28","2031-05-28","false","false","true","false","false","false","","","","Air permukaan/air DAM, air limbah","https://drive.google.com/drive/folders/1ZK-i2Yjpn_gy87MCN5-cdZzz2vEVd5jq?usp=sharing",""
"LP-2290-IDN","PT East West Seed Indonesia","Jl. Pertania Benteng, Cempaka Purwakarta, Jawa Barat","Jawa Barat","(0264) 201871","info@panahmerah.id","2031-07-14","2031-07-14","false","false","true","false","true","false","","","","Benih Paria (Momordica charantia), Benih Oyong (Luffa acutangula), Benih Labu Air (Lagenaria siceraria), Benih Mentimun (Cucumis sativus), Benih Waluh (Cucurbita sp), Benih Semangka (Citrullus lanatus), Benih Melon (Citrullus melo), Brokoli (Brassica oleracea), Benih Sawi (Brassica rapa), Benih Terong (Solanum melongena), Benih Bawang Merah (Allium cepa), Benih Cabai (Capsicum sp), Benih Tomat (Solanum lycopersicum), Benih Wortel (Daucus carota), Benih Selada (Lactuca sativa), Benih Seledri (Apium graveolens), Benih Kacang Buncis (Phaseolus vulgaris), Benih Kacang Panjang (Vigna unguiculata), Benih Kacang Hijau (Vigna radiata), Benih Jagung (Zea mays), Benih Bayam (Amaranthus sp), Benih Kangkung (Ipomoea aquatica), Benih Bunga Marigold (Tagetes spp)","https://drive.google.com/drive/folders/1ZosTS3glWwuoTdGKbeaAoYxeIb2QJ8Fq?usp=sharing",""
"LP-2298-IDN","PT Virzic Global Indonesia","Jl. Perum Ciampea Asri, Desa Benteng, Ciampea, Bogor, Jawa Barat","Jawa Barat","081311174336","laboratory@vgi-lab.com","2031-08-18","2031-08-18","false","false","true","false","false","false","","","","Air Sungai, Air Limpasan, Air Danau, Situ, Waduk, Air Higiene Sanitasi, Air Minum, Air Limbah Domestik, Air Limbah, Air Laut, Udara Ambien, Lingkungan Kerja, Kebisingan, Kebauan, Emisi Sumber Tidak Bergerak, Emisi Sumber Bergerak","",""
