filename,folder_id,size_bytes,sha256
Wilt_0919_001.xml,210724ad-0f16-4ebe-82ee-5ef13367fc1c,1241,5dbfbe094ee8f49ffc10b84979ef72c5de48b2b5f3435ae36548f0aefae52a6f
Wilt_0919_002.xml,210724ad-0f16-4ebe-82ee-5ef13367fc1c,1241,a2d48960ecbd5e446a96604c176d1f0f7d221a11165e1ac301f4cf0cbae8943a
Wilt_0919_003.xml,210724ad-0f16-4ebe-82ee-5ef13367fc1c,1239,08cb6cd8e3d52ad814ca34a9161240ae5579b0911cec017f56b3528283ba65b4
Wilt_0919_004.xml,210724ad-0f16-4ebe-82ee-5ef13367fc1c,1005,4a4c2ba902a41f3dc30aaacc5379e21001583b16ff6231d42076708b7a351149
Wilt_0919_005.xml,210724ad-0f16-4ebe-82ee-5ef13367fc1c,536,7bd6cfebf41f3081d00876bf9869e35df4d042d666c39af4edc49d8de27cde23
Wilt_0919_006.xml,210724ad-0f16-4ebe-82ee-5ef13367fc1c,1706,21f1b7e527b8f49df146181b1b6b113af0b1edb892e52a3ecc7dd8e73267dfcf
Wilt_0919_007.xml,210724ad-0f16-4ebe-82ee-5ef13367fc1c,1472,6828d5d1e28d3f5a49579f292ba554ff2ffb0ff5c281d7d199d47b93254af702
Wilt_0919_008.xml,210724ad-0f16-4ebe-82ee-5ef13367fc1c,539,3c1a67c4b1532ac3abbac3f5be449566ab0aa51fc0f796c71f28115f13e630a6
Wilt_0919_009.xml,210724ad-0f16-4ebe-82ee-5ef13367fc1c,536,8e2b7b7e24e24b0b86914db7742916d42d758eff7ab41bbf44445e8e04f13ea8
Wilt_0919_010.xml,210724ad-0f16-4ebe-82ee-5ef13367fc1c,536,cfe5257026e237fef902030195a65daf3ba7e1d34af223a724043518d9e4b502
Wilt_0919_011.xml,210724ad-0f16-4ebe-82ee-5ef13367fc1c,536,902c5592f5b2f4d990a9ef40c3e5fcbf84bd9997b29d39e50d01344443c8efe7
Wilt_0919_012.xml,210724ad-0f16-4ebe-82ee-5ef13367fc1c,1005,227b482b19ac042f20708cb77323f047f5ccd1512e6d69c1e783630e4c0417c3
Wilt_0919_013.xml,210724ad-0f16-4ebe-82ee-5ef13367fc1c,1233,8cf561d0975caed132a4aafa2bf9421524ea403c01273f5bd485115fcaf10d6c
Wilt_0919_014.xml,210724ad-0f16-4ebe-82ee-5ef13367fc1c,539,4bf7d4bf05568eb0e2bd22b4a59195d2391e46313c706528a2371b0fa1d2f490
Wilt_0919_015.xml,210724ad-0f16-4ebe-82ee-5ef13367fc1c,1004,3be4713f15baf04be0a277811eac38e233d75d8744f479e473e14b201b3018b2
Wilt_0919_016.xml,210724ad-0f16-4ebe-82ee-5ef13367fc1c,772,6b36c83918cd4d8beb9ede11d71098b16369a39551f60e5faff643a6277602c3
Wilt_0919_017.xml,210724ad-0f16-4ebe-82ee-5ef13367fc1c,538,56ea727374f1b0e77a3a851b815cd36147886c906abe9170d154bdd5af4b3b54
Wilt_0919_018.xml,210724ad-0f16-4ebe-82ee-5ef13367fc1c,770,ebaf1cd1c40a748432ab592fab39db3b9f9aa82c38abf26c55522cbaab8ad9af
Wilt_0919_019.xml,210724ad-0f16-4ebe-82ee-5ef13367fc1c,770,e3ac6df67d09fa02f9ceb54ea01d36d10f4438fda52a7dc810767d4ee60bc06c
Wilt_0919_020.xml,210724ad-0f16-4ebe-82ee-5ef13367fc1c,769,f7bc56637733bf4ecf1ac2cdddf35c5a44e47157a3a78c1876b6593820b630b7
Wilt_0919_021.xml,210724ad-0f16-4ebe-82ee-5ef13367fc1c,773,9281063677469c53ea66a1793213f6287efaa50c7e8d4417e663bbb298aa54c8
Wilt_0919_022.xml,210724ad-0f16-4ebe-82ee-5ef13367fc1c,773,8dfd8b66f82943cdf8bff745e3f7ba4229163d31b1580311eb03a5a41f5ca3cd
Wilt_0919_023.xml,210724ad-0f16-4ebe-82ee-5ef13367fc1c,772,fec2d9986298cca79acd06c1f817c81f4f4bc9555b5a283b2dda322172b1e6f5
Wilt_0919_024.xml,210724ad-0f16-4ebe-82ee-5ef13367fc1c,1006,35e650c7872e5b288add641cb55f19981739b01928360e66ae5fe3807717e1d6
Wilt_0919_025.xml,210724ad-0f16-4ebe-82ee-5ef13367fc1c,1006,a815d0638828491fb637ca5d166cfd056c98bf187afbdcf5ca3037c7498114b2
Wilt_0919_026.xml,210724ad-0f16-4ebe-82ee-5ef13367fc1c,538,2e0e30d765eae69bce64f00751740f834c2a5727da92361f0868b8a1b72b224e
Wilt_0919_027.xml,210724ad-0f16-4ebe-82ee-5ef13367fc1c,772,8ca08503862c43d52ee0502b26297cfaf2ab6e57a1864346e21b8ee1970120e4
Wilt_0919_028.xml,210724ad-0f16-4ebe-82ee-5ef13367fc1c,772,d1f4bf2e802f840cd25e382aaa033dad425ddf46ae50c93c0f501533a0af2e63
Wilt_0919_029.xml,210724ad-0f16-4ebe-82ee-5ef13367fc1c,1239,f5bf57f5f624b7b681d34429584aea66c3301f86575cc1dc1a9121ba67f72237
Wilt_0919_030.xml,210724ad-0f16-4ebe-82ee-5ef13367fc1c,773,f3af87f40eea406bcc40d50b755d1c2b4b6feab506d421f34c90625dea8222cc
Wilt_0919_031.xml,210724ad-0f16-4ebe-82ee-5ef13367fc1c,539,f5ba6d4cc397b6b1b096704616aaf74b7ae17c40e39c8e73dcfa1743a58f0486
Wilt_0919_032.xml,210724ad-0f16-4ebe-82ee-5ef13367fc1c,537,a10451337f9e868538ec98b8dd16265315b1dfa153a7e97681591a7302a2f344
Wilt_0919_033.xml,210724ad-0f16-4ebe-82ee-5ef13367fc1c,536,9d5a6ab74de0198964669f79f42e60d46f6d8753d3650cc499b0f2e1521f4def
Wilt_0919_034.xml,210724ad-0f16-4ebe-82ee-5ef13367fc1c,1243,a65c5b017d111e06da8460a2e506fd1d21939e9bd1e85a7fbc7b770598b3a745
Wilt_0919_035.xml,210724ad-0f16-4ebe-82ee-5ef13367fc1c,537,80d0d1a44a68b197d3b1edf49ababc848c1a13be32e4ab6877faf945caa383e6
Wilt_0919_036.xml,210724ad-0f16-4ebe-82ee-5ef13367fc1c,1007,7e2383084b1b76d16baa959244f5ec955de0645cd8234f1d1d52508d261c5f88
Wilt_0919_037.xml,210724ad-0f16-4ebe-82ee-5ef13367fc1c,1005,f2659ade9a83d0b972f42b80d8b1111fe961921baf8f9348a004fac6b5846c18
Wilt_0919_038.xml,210724ad-0f16-4ebe-82ee-5ef13367fc1c,1238,5a693b13f21483e87407a844b7da8be8610bf149ca2a56ae5b5b0c44382c27bb
Wilt_0919_039.xml,210724ad-0f16-4ebe-82ee-5ef13367fc1c,772,49f81a828912fda0f10d820fcfa8c6fcba885c03db17e303e111ef7737927deb
Wilt_0919_040.xml,210724ad-0f16-4ebe-82ee-5ef13367fc1c,771,1dcdb71301759825e59d9d62250b4ac1e1cda7c97f383f64a0a8c85396cddf09
Wilt_0919_041.xml,210724ad-0f16-4ebe-82ee-5ef13367fc1c,771,90a7c4510bc5e3781e1b4af760fb13320f55cce5db42080c2f8c23a0f0ebd10e
Wilt_0919_042.xml,210724ad-0f16-4ebe-82ee-5ef13367fc1c,773,4b7fcf676ced68ca824f3e8c36e50bd42b644b1d032a8c0331bdec9b5c743f26
Wilt_0919_043.xml,210724ad-0f16-4ebe-82ee-5ef13367fc1c,537,b1ee17d076cf1339a211ed3116720d4a19e1e29737b2d0f71876b2f6ae16aa38
Wilt_0919_044.xml,210724ad-0f16-4ebe-82ee-5ef13367fc1c,536,a259054b00295783ac8d6737677b1d1c7e52d1679c65c33022d0d38fcdeb8635
Wilt_0919_045.xml,210724ad-0f16-4ebe-82ee-5ef13367fc1c,537,12641514da5b57415aa7871e339677092a92e9e2f7ded0d5bd13bdda1b62d714
Wilt_0919_046.xml,210724ad-0f16-4ebe-82ee-5ef13367fc1c,537,8777c13fa31aa24e6aa4fbc9a61a96094c5c30ae72123818b1141879ddd554d9
Wilt_0919_047.xml,210724ad-0f16-4ebe-82ee-5ef13367fc1c,537,b905e133ce8fcd76957ad1a5d26c5b50f65421e84f5a4b6a39c84ca64bf6b32e
Wilt_0919_048.xml,210724ad-0f16-4ebe-82ee-5ef13367fc1c,537,10de62a300e4c5c1330cb1bf1f3e1c3efa15509c42c9134790e50c7ea2bd7ffb
Wilt_0919_049.xml,210724ad-0f16-4ebe-82ee-5ef13367fc1c,537,482427a35e391d079f84bb418b29517f078cdedf6f040ed6b3569b7f1465757d
Wilt_1021_001.xml,210724ad-0f16-4ebe-82ee-5ef13367fc1c,1004,2250b32ee45c2ceaeb0feaf0a4b98b02b8e771b71c21d5648bc7b5914d2fbd88
Wilt_1021_002.xml,210724ad-0f16-4ebe-82ee-5ef13367fc1c,772,9376f3086689e9133c2d3d03bdab23c1430beae785db9dd27172c013d3925297
Wilt_1021_003.xml,210724ad-0f16-4ebe-82ee-5ef13367fc1c,771,10b424dfc2f066128b80e6434a8e812f15ed361ccd4f65ad88c34aca59dfc98d
Wilt_1021_004.xml,210724ad-0f16-4ebe-82ee-5ef13367fc1c,537,af7a49f841ee89b7d5483aeb81656327a91cc04e26a21760ebefb2c6bcf98693
Wilt_1021_005.xml,210724ad-0f16-4ebe-82ee-5ef13367fc1c,769,1edfce35686f744e76a734d245680aa1af97f62a8d35852993907a4064ab121a
Wilt_1021_006.xml,210724ad-0f16-4ebe-82ee-5ef13367fc1c,769,17e220c4af50d2816caa8cb3890e5cbde28c7d91da10cffe1b38a963051b5ff8
Wilt_1021_007.xml,210724ad-0f16-4ebe-82ee-5ef13367fc1c,1003,54c6fb61f55a2b268954ebcdddd77567759d16aca27e052210a39c77c1e55eb7
Wilt_1021_008.xml,210724ad-0f16-4ebe-82ee-5ef13367fc1c,1005,309d909c5f30401c6027596aa8d814fd7bfcdd06b3689eb0c3fe91fa96218ed9
Wilt_1021_009.xml,210724ad-0f16-4ebe-82ee-5ef13367fc1c,536,6f3ab91d711161f87d8affd9110ca48e8c6ddbb33871585bbd6c063bf2a4e2e0
Wilt_1021_010.xml,210724ad-0f16-4ebe-82ee-5ef13367fc1c,538,bc42f3129cfaa3e845b5eb484f1e0982829dc8066e8eb35a7b2b1817063ebc9a
Wilt_1021_011.xml,210724ad-0f16-4ebe-82ee-5ef13367fc1c,539,bd2acab6e6992989fa448ebb502277639d3d9b8d8cb1e199968e7b8ccb01174b
Wilt_1021_012.xml,210724ad-0f16-4ebe-82ee-5ef13367fc1c,771,d63ca0eba7494abe3fae33cbdac703acdd516c18ecef7d9452b9502ab81b1b78
Wilt_1021_013.xml,210724ad-0f16-4ebe-82ee-5ef13367fc1c,1700,f9607ab17cafc17bb6ae8e98354cc6c639f5c1e458b1b260c8ef7e5ec8f27908
Wilt_1021_014.xml,210724ad-0f16-4ebe-82ee-5ef13367fc1c,772,3053a516b02344197a9230f7d0a02e98c34778d25d21bf56f9e77ce6b6179d63
Wilt_1021_015.xml,210724ad-0f16-4ebe-82ee-5ef13367fc1c,1002,e03503e4d609bbf353c46498e9bceb2dbdff87f781c05dcc6b8aa25bfb855239
Wilt_1021_016.xml,210724ad-0f16-4ebe-82ee-5ef13367fc1c,1000,c7cf03a7938af3fd6f6dcf9e789d851aaaf3a87a59036089c45a7d61fcad6ee2
Wilt_1021_017.xml,210724ad-0f16-4ebe-82ee-5ef13367fc1c,1005,5791915a039524003f432009bb3e16048f79974a46084e50b3511006f85bf49e
Wilt_1021_018.xml,210724ad-0f16-4ebe-82ee-5ef13367fc1c,771,7ec5f8cfff0a1d40148d37cf5cb2c398528d5be8b99f4f2858b7758eabb1ec88
Wilt_1021_019.xml,210724ad-0f16-4ebe-82ee-5ef13367fc1c,771,7cfda00ee728dff829a8d0f4bb32a4ca52170e35156a45a099563620ef515e49
Wilt_1021_020.xml,210724ad-0f16-4ebe-82ee-5ef13367fc1c,1234,0c9d06c56f75f79c96cfca03061cc34672df4d4f2e08295f4df6b1a57c496107
Wilt_1021_021.xml,210724ad-0f16-4ebe-82ee-5ef13367fc1c,1005,a978ca8d4e97e2b96aa49520ebd009c48088b7577f9a580e8932df62b244ea08
Wilt_1021_022.xml,210724ad-0f16-4ebe-82ee-5ef13367fc1c,771,28c0139e464b3fd7c65b886bbc695ae562ec02662829130e7a41318e9fec735e
Wilt_1021_023.xml,210724ad-0f16-4ebe-82ee-5ef13367fc1c,771,8c61bb7e73cbf63fd9c294cc772341eec92a999977703839eef5e2ed929e4c6c
Wilt_1021_024.xml,210724ad-0f16-4ebe-82ee-5ef13367fc1c,1004,a7537016d15ec3b42fa54b1cb6125988bddd14c3c542a62084da7913c7458990
Wilt_1021_025.xml,210724ad-0f16-4ebe-82ee-5ef13367fc1c,771,514aa0f5330e89aa7a0a532589dd1680f790b958a1936967fa8ce399ed41549e
Wilt_1021_026.xml,210724ad-0f16-4ebe-82ee-5ef13367fc1c,539,a110e2e3a10c167ddedbe585535c2e38273746e416c12dfcb35d2beeba1b3b87
Wilt_1021_027.xml,210724ad-0f16-4ebe-82ee-5ef13367fc1c,2170,c1ba7a951d02ae6ce454dce0fd48b8b37fa0d44ec773db94452de5510b7a1d6e
Wilt_1021_028.xml,210724ad-0f16-4ebe-82ee-5ef13367fc1c,536,edad1627a7125198eff2dfddf1f9673cdcd7178f872e2b7292153d4f99b3a240
Wilt_1021_029.xml,210724ad-0f16-4ebe-82ee-5ef13367fc1c,1004,5882f72a4b82176293cb7151fa245ecc58653617408e2839a0d35b70c3d66f23
Wilt_1021_030.xml,210724ad-0f16-4ebe-82ee-5ef13367fc1c,1004,a03ccc32347732c59b8f52b9ca22c049e4674de473e78abe7d90b755253dedb4
Wilt_1021_031.xml,210724ad-0f16-4ebe-82ee-5ef13367fc1c,2170,fc2d86abf5058abe8ce35b21d40b6cca16fd15f1f4c8fd89630533eb0a59813e
Wilt_1021_032.xml,210724ad-0f16-4ebe-82ee-5ef13367fc1c,771,c5002683145c3f16b4b4979f82b8f3e1d74bdc458c0767f791d99af9bb286788
Wilt_1021_033.xml,210724ad-0f16-4ebe-82ee-5ef13367fc1c,2169,5e45b741014609112b090d2df7732adf344a40e129c25e492f84359876af3483
Wilt_1021_034.xml,210724ad-0f16-4ebe-82ee-5ef13367fc1c,771,cbd7736f7da4a3ff127860a83339cb9118115b71ca37759581c0fa0845255207
Wilt_1021_035.xml,210724ad-0f16-4ebe-82ee-5ef13367fc1c,537,f0b4faa95992b03c629e305f925e7a66b458653ee6d69e72b2c2606d26eb50f0
Wilt_1021_036.xml,210724ad-0f16-4ebe-82ee-5ef13367fc1c,1233,bb45e1f591367476aba9544427e283899775988bbf4d2a9dc691f0a3e98c0d9a
Wilt_1021_037.xml,210724ad-0f16-4ebe-82ee-5ef13367fc1c,1236,f4104e28d2475d62c296f6b087a27dfa277694c975a8e4b83f429c711da5cf42
Wilt_1021_038.xml,210724ad-0f16-4ebe-82ee-5ef13367fc1c,1004,0fb2c964ab2e8da6b7289fec894e35b565ebb6182754e998145ddf51ed81aa72
Wilt_1021_039.xml,210724ad-0f16-4ebe-82ee-5ef13367fc1c,771,b4091d2affa2a527ee4ca8e1f187ca97a7bc8ec5a86c2034555a541e773ac4fa
Wilt_1021_040.xml,210724ad-0f16-4ebe-82ee-5ef13367fc1c,771,940bcba917b0159fe7faac4635abd08217e368ca255bc849afa3432ede087846
Wilt_1021_041.xml,210724ad-0f16-4ebe-82ee-5ef13367fc1c,767,aa2ac8ef480c25450a767d165858ae22970981f9e0c4cc0d13e571cd205baa38
Wilt_1021_042.xml,210724ad-0f16-4ebe-82ee-5ef13367fc1c,1472,41f0fbdd3e3b57eaf36ec738533a129fdd083a40d23fbff91843037108589148
Wilt_1021_043.xml,210724ad-0f16-4ebe-82ee-5ef13367fc1c,773,bcc3bf0bb1a498f50a5075e87da60d37324037c205301f53f4eb1a0c332199d7
Wilt_1021_044.xml,210724ad-0f16-4ebe-82ee-5ef13367fc1c,771,f93738782f860c09f9d74f428669541b2710d1d2c98ee994ab0d2bd900b19c30
Wilt_1021_045.xml,210724ad-0f16-4ebe-82ee-5ef13367fc1c,1003,25ab53201344da631e01896038af1374433e34a87ceab4069ec24fa124a8e8b8
Wilt_1021_046.xml,210724ad-0f16-4ebe-82ee-5ef13367fc1c,1001,f967106c791cf4b39b1ca7da4dbb69b9fa780d5d55f794bb29778e0811891c6a
Wilt_1021_047.xml,210724ad-0f16-4ebe-82ee-5ef13367fc1c,771,482b7c65e1137e0cb51139322baef457280777dbb8c31bd914f5ffaa45882bd8
Wilt_1021_048.xml,210724ad-0f16-4ebe-82ee-5ef13367fc1c,770,a8262436eb4e3f93781e2dc091829f7e7dd5328377c6c74259aa77d3aa3833b8
Wilt_1021_049.xml,210724ad-0f16-4ebe-82ee-5ef13367fc1c,771,4486b5367bfa1199f351f01752d1d98d21a284d298e6abc6122f7427ae72fa75
Wilt_1021_050.xml,210724ad-0f16-4ebe-82ee-5ef13367fc1c,771,69aec52b3725cae254b1c16e681ddfc8e1ffd460a718aa4ffe0381ed1ab68fe3
Wilt_1021_051.xml,210724ad-0f16-4ebe-82ee-5ef13367fc1c,1235,46a76965feec88ff065004ce1446e8d5357812ceb65149ad63b071c6f0a78f13
Wilt_1021_052.xml,210724ad-0f16-4ebe-82ee-5ef13367fc1c,1703,25de80577d1f072afd3205309ed7141e0dc9c6a946c904cf665ae18fd8bd234d
Wilt_1021_053.xml,210724ad-0f16-4ebe-82ee-5ef13367fc1c,770,9309fea536a22f10584a7f706be372ef07b39b4f7a1c1c4173157f3c4d033008
Wilt_1021_054.xml,210724ad-0f16-4ebe-82ee-5ef13367fc1c,1006,09c86e5e94114066f5213915768059746ca6990543204a243760de290aa76212
Wilt_1021_055.xml,210724ad-0f16-4ebe-82ee-5ef13367fc1c,539,626bfe9921a1a2fbc9343a8bf6ab1b82c3b0d65fcf3b1573f6414918c5c8d8b8
Wilt_1021_056.xml,210724ad-0f16-4ebe-82ee-5ef13367fc1c,771,2b0e4c27039d3c991a173368171f6853acc6f64a42303a6449f31cc67bd55b33
Wilt_1021_057.xml,210724ad-0f16-4ebe-82ee-5ef13367fc1c,1004,96b7c2763ecd4a8dc61acabd3b1842751e144f165a2731a8fb81e2d632c52a51
Wilt_1021_058.xml,210724ad-0f16-4ebe-82ee-5ef13367fc1c,772,6d1895c0ce1423d41616f4fea6f0f89fd14d1d355632198324008793665c8d4e
Wilt_1021_059.xml,210724ad-0f16-4ebe-82ee-5ef13367fc1c,538,057ff41d035709d2126680d7a65d2fa23357d09d35d05cf9cd0333e163d25952
Wilt_1021_060.xml,210724ad-0f16-4ebe-82ee-5ef13367fc1c,537,deb25cf8f29cbaa035593699b119e01fcba29d3a27ede270ecb7d9a95ace021a
Wilt_1021_061.xml,210724ad-0f16-4ebe-82ee-5ef13367fc1c,536,5c409c9f2b11227ae5040f29ad2c5ef59dfacb9545b4a39174917f2df683e27f
Wilt_1021_062.xml,210724ad-0f16-4ebe-82ee-5ef13367fc1c,771,bbeb837072236010f641d19877dc6eb1a226361e59775d63e1cd6759f18b6918
Wilt_1021_063.xml,210724ad-0f16-4ebe-82ee-5ef13367fc1c,537,9ff3e4e7b2e41f4160c757805038c03c86290b02733c57c9bd449eff9a2d1f9c
Wilt_1021_064.xml,210724ad-0f16-4ebe-82ee-5ef13367fc1c,771,884cd24f567240fb3b20a710292c6d31acf438eb70634a931f98a6c25f2164e5
Wilt_1021_065.xml,210724ad-0f16-4ebe-82ee-5ef13367fc1c,770,e7eb654f552d691041ee9412059764e991576633c05ba37cab99c6a17fc74826
Wilt_1021_066.xml,210724ad-0f16-4ebe-82ee-5ef13367fc1c,539,760cb02b9c11d3552ff5270f34634aeeb2a95725835631b5c2bb2fb59966a5b4
Wilt_1021_067.xml,210724ad-0f16-4ebe-82ee-5ef13367fc1c,1002,c5ae644b90bfc311a85194d8ee534ca9c8cd6859864d38bebd2d3e30d8260722
Wilt_1021_068.xml,210724ad-0f16-4ebe-82ee-5ef13367fc1c,2164,fd6f3139c125bed75055c3d4238444dace2f720811ba7f8a0d00ec34ca024108
Wilt_1021_069.xml,210724ad-0f16-4ebe-82ee-5ef13367fc1c,1926,12a4b51f5672f01017b6262d2cc2a0a78101b5569a2951a5ead9070deb2e29c9
Wilt_1021_070.xml,210724ad-0f16-4ebe-82ee-5ef13367fc1c,537,833c5bacc98e27973c84b0dd57a10f1796f9a71816c02ca8f2c7147bb0f37fe0
Wilt_1021_071.xml,210724ad-0f16-4ebe-82ee-5ef13367fc1c,771,2e4b061affaeb37e29e7605fcad00c44065e2d90552b4c61e967bbdedfa84d77
Wilt_1021_072.xml,210724ad-0f16-4ebe-82ee-5ef13367fc1c,1473,f4c723043b30692396c286286e0640df647926504401e11c29001a382fd14702
Wilt_1021_073.xml,210724ad-0f16-4ebe-82ee-5ef13367fc1c,772,729d4ee666d50c12d58e812f9d6503c16bce54028cde689d4414546395dc8949
Wilt_1021_074.xml,210724ad-0f16-4ebe-82ee-5ef13367fc1c,1237,1d2337ba2a2d14cd3bce711721e0bd8381ced9677612118d78af122cf5addeda
Wilt_1021_075.xml,210724ad-0f16-4ebe-82ee-5ef13367fc1c,771,3be0454490db8fe3fc78a6fc43cef03bca20e44cd495532a74d1beaef9ea9fef
Wilt_1021_076.xml,210724ad-0f16-4ebe-82ee-5ef13367fc1c,995,daa8b4801a8d7733b6c401909186adf4f40006f6c10e1321d9b8137401e8ca5d
Wilt_1021_077.xml,210724ad-0f16-4ebe-82ee-5ef13367fc1c,771,0251ca535cb3ac767a9aa3862026df23031cff46c1ee08c5f799567ba04fa253
Wilt_1021_078.xml,210724ad-0f16-4ebe-82ee-5ef13367fc1c,1004,95ae25e0bd8a949aaf8aacb5ff3f78287d8ad996d5e1e7c20da8239a924f8abe
Wilt_1021_079.xml,210724ad-0f16-4ebe-82ee-5ef13367fc1c,536,831e70a89482e29ed31665a118ca39b6a11b34af71aa7ff5a3dc8b446afeb8a5
Wilt_1021_080.xml,210724ad-0f16-4ebe-82ee-5ef13367fc1c,1004,dc82e429dbbf2df3ee1dc15614fb1c0c7acc6c014b5ef95a4967857713e19284
Wilt_1021_081.xml,210724ad-0f16-4ebe-82ee-5ef13367fc1c,771,347f23515877932c1093350715f0da89786f702f8b7e69754090f14aa01cee7e
Wilt_1021_082.xml,210724ad-0f16-4ebe-82ee-5ef13367fc1c,537,6539e5abb34dba7a743cc50991941496da5856f776e1bfe824fc4716e498be7e
Wilt_1021_083.xml,210724ad-0f16-4ebe-82ee-5ef13367fc1c,1698,edabf93d42de093d8a55cefe0133d7edab6274de910a1e1774671e3be37a103c
Wilt_1021_084.xml,210724ad-0f16-4ebe-82ee-5ef13367fc1c,772,2dbc11c6fcda50fa2c47408067c0ac7fd3ce7071d149411ba206214c284c498d
Wilt_1021_085.xml,210724ad-0f16-4ebe-82ee-5ef13367fc1c,771,2027195498bc40301b123fb168b25d9f5ea74c136a4f94c87aacf7bbe73b6a3f
Wilt_1021_086.xml,210724ad-0f16-4ebe-82ee-5ef13367fc1c,1707,a318573784a36a63e7c6464ca75b3f6091d0e7c517474517759e4f6ecd351d9b
Wilt_1021_087.xml,210724ad-0f16-4ebe-82ee-5ef13367fc1c,1001,a99b4d005dd465e628ce35e0253c1e50de13adf2b456a888155ebed9f000fe67
Wilt_1021_088.xml,210724ad-0f16-4ebe-82ee-5ef13367fc1c,1240,b48651bd7d68ecc7fe5a8dcc8169762adae508e340b68b8cc0d385709a11407b
Wilt_1021_089.xml,210724ad-0f16-4ebe-82ee-5ef13367fc1c,771,03ea21ec8e7f7ad5a3ae433e1d0091b97572302cb179540b24bc9fd897dfda24
Wilt_1021_090.xml,210724ad-0f16-4ebe-82ee-5ef13367fc1c,771,79ae5842b57054f1ec943ea6e882c50dad71e4c32a0047ffd138dbe2b2514ccd
Wilt_1021_091.xml,210724ad-0f16-4ebe-82ee-5ef13367fc1c,771,65d0d9f77470962f018f1eaeb3ae52752654dbfdeb92af1f8701d63144be8eb7
Wilt_1021_092.xml,210724ad-0f16-4ebe-82ee-5ef13367fc1c,771,24881f0986250f8609a2305c82b4db6546280402448be9158ae325525361400d
Wilt_1021_093.xml,210724ad-0f16-4ebe-82ee-5ef13367fc1c,1004,f02638592c4e2550ed0be25951fdcd643a63f4f0b8b3107f1a037a9b996da9cb
Wilt_1021_094.xml,210724ad-0f16-4ebe-82ee-5ef13367fc1c,538,0b23fe9c3e549e86d3ecf5cb67dee94be6e654e479ee9117fa2797c2c91e8143
Wilt_1021_095.xml,210724ad-0f16-4ebe-82ee-5ef13367fc1c,536,e626fe6f9d5dde99fbb124268ca6ca7bd2f1795b2e2c76219078648cf79b1901
Wilt_1021_096.xml,210724ad-0f16-4ebe-82ee-5ef13367fc1c,771,821469b2fbe580bf97783ca075f311e3fee76bfa3f2aae901dbc05b0f417fa76
Wilt_1021_097.xml,210724ad-0f16-4ebe-82ee-5ef13367fc1c,537,bbd05f65659564d3c26fe51fe192f09efcfb309a513e75ab90ceea2d1414ad1a
Wilt_1021_098.xml,210724ad-0f16-4ebe-82ee-5ef13367fc1c,772,350da510dc47c9deeb89d44ae3dcbb460594a32d5b85d518116785067af04904
Wilt_1021_099.xml,210724ad-0f16-4ebe-82ee-5ef13367fc1c,1004,29ca89cf4ce9b326800d06d7f2ab93fe76b619b12b50872649ef322387c05e16
Wilt_1021_100.xml,210724ad-0f16-4ebe-82ee-5ef13367fc1c,1697,067a6a4db9cc53a6f5748676a50994c9de36daecfdfd6eec9d9118a1166e507a
Wilt_1021_101.xml,210724ad-0f16-4ebe-82ee-5ef13367fc1c,769,99cd2d5136df0117910cf44f4fd6ea34245bfc29978f09973bb5e9b3d4c39f99
Wilt_1021_102.xml,210724ad-0f16-4ebe-82ee-5ef13367fc1c,1006,8727ac43d84aaa9452313df7fcc91df6458ce0d093b8e6b9dbae643397ee739f
Wilt_1021_103.xml,210724ad-0f16-4ebe-82ee-5ef13367fc1c,1471,734b3b4578610f6a129cbf635a2d90c0367e3476c348f94b86bcd50feefcc852
Wilt_1021_104.xml,210724ad-0f16-4ebe-82ee-5ef13367fc1c,536,7870102d4c430e6a14c7fbbb11abb95eaf503e826fe2ad3ea42d860659a5f41b
Wilt_1021_105.xml,210724ad-0f16-4ebe-82ee-5ef13367fc1c,771,deb7647bde77c9c01f8c13cac9ae4a16b0379f21491cf82f60d77da0d6d3ed0a
Wilt_1021_106.xml,210724ad-0f16-4ebe-82ee-5ef13367fc1c,537,f191747fe72898aaec6407c67bc9955443887419266c00901106a18895d7c575
Wilt_1021_107.xml,210724ad-0f16-4ebe-82ee-5ef13367fc1c,771,d2bb9c521f90dfd8c2532588e891705b58967b0f50a01dc18787955ef1879f71
Wilt_1021_108.xml,210724ad-0f16-4ebe-82ee-5ef13367fc1c,771,55871d1035a8760adf7a0164b32e29949b930dafb24b6af5fdb2ad5797e12da0
Wilt_1021_109.xml,210724ad-0f16-4ebe-82ee-5ef13367fc1c,770,3923f5222d4383f6e53e9ac2434286126e4a1719f9d01577bf69b0834371759b
Wilt_1021_110.xml,210724ad-0f16-4ebe-82ee-5ef13367fc1c,537,309b92237ea1920810f2bf69eaad93670e9fe8eaf3a2d9b97065e621d20bda38
Wilt_1021_111.xml,210724ad-0f16-4ebe-82ee-5ef13367fc1c,770,51a710229f42771ee5c3406aff1df292b7cc54e4689a5f4bfdf92fdb26d234ad
Wilt_1021_112.xml,210724ad-0f16-4ebe-82ee-5ef13367fc1c,1239,87ce1eb7777240c0752026ff15f735074030b97a91249b2711b72f399ecbe8dc
Wilt_1021_113.xml,210724ad-0f16-4ebe-82ee-5ef13367fc1c,771,3683ae5e11b8c40726f2bda1e4d89d93f955a8e8c4718e985c91f8f0bfeabd75
Wilt_1021_114.xml,210724ad-0f16-4ebe-82ee-5ef13367fc1c,769,a6df261c61489afa0da74aead6effbedb2f3b9e538ec16998a62b550b18819bb
Wilt_1021_115.xml,210724ad-0f16-4ebe-82ee-5ef13367fc1c,769,f031063d38915878e06cd678e8f8ee324d5bfcb2147a481eb09f84e96c3af15e
Wilt_1021_116.xml,210724ad-0f16-4ebe-82ee-5ef13367fc1c,539,42d29bd0561f86f6afada9f73f62a5c6ad72b3a01224d1dd3ac010a63451d77e
Wilt_1021_117.xml,210724ad-0f16-4ebe-82ee-5ef13367fc1c,999,6aa5b18811672054bcad67e55c1e34f662525b119008ed0e77ddee7800c0b6a4
Wilt_1021_118.xml,210724ad-0f16-4ebe-82ee-5ef13367fc1c,1471,c5b5f3a7dc717b68e16b7cc103b092053e80f0c01db8626288e6b9544dbcd1d0
Wilt_1021_119.xml,210724ad-0f16-4ebe-82ee-5ef13367fc1c,536,c8a075c9fd17acd51b3190548869c27fd3b2b7ad7fa8b0af37acfe4c698488ca
Wilt_1021_120.xml,210724ad-0f16-4ebe-82ee-5ef13367fc1c,771,80e0b985e0bda08a3a4ad3dd29dbd6bee9fbfe6d4213f4083c8a079f0daa3c88
Wilt_1021_121.xml,210724ad-0f16-4ebe-82ee-5ef13367fc1c,771,62ea089a0cf8301e734e9ec0658a25a98382c80eb281d8b2d5fc29c769bc65a4
Wilt_1021_122.xml,210724ad-0f16-4ebe-82ee-5ef13367fc1c,771,703248866d09ec1ff1bb1a80272e54509269926ce27f6e7d1899ee0a217021cf
Wilt_1021_123.xml,210724ad-0f16-4ebe-82ee-5ef13367fc1c,536,939b40f7533f630b48c26ae66e4ea4da216256d75e4f1e62fd93e9a151b4f6b7
Wilt_1021_124.xml,210724ad-0f16-4ebe-82ee-5ef13367fc1c,770,ef0227a33c3a95953b9234959eb00f1995c50f1145ef9b9988ffcb7fa59c6385
Wilt_1021_125.xml,210724ad-0f16-4ebe-82ee-5ef13367fc1c,771,2403d0388675f6b0bbb0ce73dabcaa9458d868118159fcda16d0ee541ce63434
Wilt_1021_126.xml,210724ad-0f16-4ebe-82ee-5ef13367fc1c,536,00d017ee305f96a217f3719829005edd02f4d05fbddbac7190920afee10177b9
Wilt_1021_127.xml,210724ad-0f16-4ebe-82ee-5ef13367fc1c,538,467d29da154ab09161467a78ae5fafc608d7fb4cc5a4f642255e33d68780fc8c
Wilt_1021_128.xml,210724ad-0f16-4ebe-82ee-5ef13367fc1c,769,8199881e1424f96390b17e0839b51f092bd4057833fc98c47838f8c4a91d6480
Wilt_1021_129.xml,210724ad-0f16-4ebe-82ee-5ef13367fc1c,772,98409f139bd57ae3df8389726fab9dec7b9fed87d6f38c9dc5a6b12aea18806e
Wilt_1021_130.xml,210724ad-0f16-4ebe-82ee-5ef13367fc1c,771,4d93d61e24c9a06e4987eb7c90af2c7facd6039e2db466fbc36d6e4572b64b92
Wilt_1021_131.xml,210724ad-0f16-4ebe-82ee-5ef13367fc1c,771,f98e263c0e209341227ce6acbd7cf629603c1de5c7be573d31b27b1982801bb4
Wilt_1021_132.xml,210724ad-0f16-4ebe-82ee-5ef13367fc1c,771,d9aef9ddae4459dada8d6fb99174d1a7dba785f9149356fbc209f57e64a54ac3
Wilt_1021_133.xml,210724ad-0f16-4ebe-82ee-5ef13367fc1c,771,375b4a5d92519ddbdea5155640bf16217ceed6fd2516e3e83a02863e2ab09da1
Wilt_1021_134.xml,210724ad-0f16-4ebe-82ee-5ef13367fc1c,538,bf711a5d29485f366e660922c79b5e5989878a8307aee126bc37594362573f5b
Wilt_1021_135.xml,210724ad-0f16-4ebe-82ee-5ef13367fc1c,772,32498dcc4c7e3e9d0810a80dae68d8d82700448e69c8ad7e8abf8dceedd4f8f9
Wilt_1021_136.xml,210724ad-0f16-4ebe-82ee-5ef13367fc1c,538,29f1dc2ab8b2b6dc31f0bfc6429e23c281660d7474ed21f8f3a0df88b4fd095d
Wilt_1021_137.xml,210724ad-0f16-4ebe-82ee-5ef13367fc1c,1004,fe59289b69d44c57afd50131cb2a72b7f28157384c0291891b61fc2369ebf42e
Wilt_1021_138.xml,210724ad-0f16-4ebe-82ee-5ef13367fc1c,771,dd5ebc5d59ebd8db2948cb7e9f6b3f357fee11e87ac308ef2d47012d6bdf1c76
Wilt_1021_139.xml,210724ad-0f16-4ebe-82ee-5ef13367fc1c,539,d1b5de80a123a891fbd9e9fa8ec39808e2ebe0cc95f9016222311ffe45f7e13e
Wilt_1021_140.xml,210724ad-0f16-4ebe-82ee-5ef13367fc1c,538,a21deb27332ed2e1aa07972a19642fd8f293307db515045f9213a73f6c8e356f
Wilt_1021_141.xml,210724ad-0f16-4ebe-82ee-5ef13367fc1c,771,0de07d15be1a0c871a9f8a5c40c81540d8b1562d8b7e773bbdd91011d86e2b6f
Wilt_1021_142.xml,210724ad-0f16-4ebe-82ee-5ef13367fc1c,771,64bd0b8ce64562ed1174913affebd55ce7690b4bc7ef85fbbfef61580190aab2
Wilt_1021_143.xml,210724ad-0f16-4ebe-82ee-5ef13367fc1c,768,a1dc96083201dd170f417d84a4c97afb6a09f5a68aeebed5241c9ffac27ad497
Wilt_1021_144.xml,210724ad-0f16-4ebe-82ee-5ef13367fc1c,768,7a91d72a1eb8640821be1c1e5196409847799d13efc316835b19fc0400a40434
Wilt_1021_145.xml,210724ad-0f16-4ebe-82ee-5ef13367fc1c,771,60d91bfec2c533c228381fc6621a79528e1ce17ef795189079b677e57cfe3aa7
Wilt_1021_146.xml,210724ad-0f16-4ebe-82ee-5ef13367fc1c,771,1b503ba58a0ffa316c07f1fb90e8273dd61f3dbcb51fdbd82adf61e56b561f8f
Wilt_1021_147.xml,210724ad-0f16-4ebe-82ee-5ef13367fc1c,771,8bf579cbd73c1f50ccf133292429f27b5e992d3b1d6d48e3b9c87d58d63999cc
Wilt_1021_148.xml,210724ad-0f16-4ebe-82ee-5ef13367fc1c,770,caeaa18166d71e32597bf4e8114979fa779377223f23fe818d68c5561aaec584
Wilt_1021_149.xml,210724ad-0f16-4ebe-82ee-5ef13367fc1c,771,ff488295ad5db6c4e86f78321d949882332b9b4c7080c0f6583a35247528e15e
Wilt_1021_150.xml,210724ad-0f16-4ebe-82ee-5ef13367fc1c,771,1731fb528c99e8d25f3244f19951ce275023429bf28c6b94434439dda2bff705
Wilt_1021_151.xml,210724ad-0f16-4ebe-82ee-5ef13367fc1c,769,036d2d0ec114e712dbd565c1f39396c6b72d0961ed1618995451ca80e5c3ae17
Wilt_1021_152.xml,210724ad-0f16-4ebe-82ee-5ef13367fc1c,771,c866176fc7a51efe1f4de6e1ddfbcbfeeef72aa69c278aed20d718eccda3108c
Wilt_1021_153.xml,210724ad-0f16-4ebe-82ee-5ef13367fc1c,536,33f0c8391e802cea485e595c92cd56dd95abc03c97748a1621ec72b9e15a33d1
Wilt_1021_154.xml,210724ad-0f16-4ebe-82ee-5ef13367fc1c,1003,1f5c82841e957f52ed404275b7c90bb2e30eca4d016cb7c6a947c33597458e22
Wilt_1021_155.xml,210724ad-0f16-4ebe-82ee-5ef13367fc1c,771,a5d5bffdd164ed7b6b08077efc83bf0dd47fe50c5eefe59c63a7635c2c85e44d
Wilt_1021_156.xml,210724ad-0f16-4ebe-82ee-5ef13367fc1c,771,d6e919a1cd917300e7b3ac4af6e765e4839130afcb49e3b774d2d154ec37596a
Wilt_1021_157.xml,210724ad-0f16-4ebe-82ee-5ef13367fc1c,771,f3d55e1eade76617c30f829a1e6e6cd6767bb4d834769a336a42ab2d8fc02151
Wilt_1021_158.xml,210724ad-0f16-4ebe-82ee-5ef13367fc1c,1237,ff5315c81bf2300d293ac1310b9be8a65f70fb6cc453739f4af7561ae751f923
Wilt_1021_159.xml,210724ad-0f16-4ebe-82ee-5ef13367fc1c,771,f5a37202eb05b64ec2959dc3e6f5ab98ad74605d95feb8ef204663792f8e3174
Wilt_1021_160.xml,210724ad-0f16-4ebe-82ee-5ef13367fc1c,770,7a868c6af32176254c0752b74e6cf1176e811d8022ad3a634a605017be412f27
Wilt_1021_161.xml,210724ad-0f16-4ebe-82ee-5ef13367fc1c,769,80bcfb10bdec8260087056a44054b9ca3a91937fb641b1b6d6d1c7a7d0aae3cf
Wilt_1021_162.xml,210724ad-0f16-4ebe-82ee-5ef13367fc1c,537,53f46f2a2bd582743a2655acb5a26e67c0d31f514e79f395bce22b5aac4484eb
Wilt_1021_163.xml,210724ad-0f16-4ebe-82ee-5ef13367fc1c,1236,e32d581eb168e3affb599c51be9669a8b62e6db50126aa7a00e7c48de3f90e2c
Wilt_1021_164.xml,210724ad-0f16-4ebe-82ee-5ef13367fc1c,771,f582aa20b424581a62554ac82fb4639b53a71456376bfdcec599dd008d9cc625
Wilt_1021_165.xml,210724ad-0f16-4ebe-82ee-5ef13367fc1c,772,4f82a7fe714879fbc4b682df1c1133b00685a456f6315d22ebeb2c2a2aec2a4a
Wilt_1021_166.xml,210724ad-0f16-4ebe-82ee-5ef13367fc1c,771,081970748a259d781ad5c3f86495b6d27f4f50420c8d2ee0949f5b65913447ac
Wilt_1021_167.xml,210724ad-0f16-4ebe-82ee-5ef13367fc1c,770,2b5376aad6709478b10bb2a38948a7ea635213d989223a5fdeb66297ad6451bb
Wilt_1021_168.xml,210724ad-0f16-4ebe-82ee-5ef13367fc1c,1231,401a837cb814c9337b0492555047bcd2dd1225f06034cf62ccda1e697ad2cfc1
Wilt_1021_169.xml,210724ad-0f16-4ebe-82ee-5ef13367fc1c,771,ac8e76fd58bfa1e649f4fc092cbd8e258111f35bb3edc6952b1ff6ecbd12852f
Wilt_1021_170.xml,210724ad-0f16-4ebe-82ee-5ef13367fc1c,538,d31551e5c2943fb4e12a0e5a3efae0df11e7288e1c7fd18d2cdb40180763d6a1
Wilt_1021_171.xml,210724ad-0f16-4ebe-82ee-5ef13367fc1c,771,ca7ef3bf7d09bfeaaf5bb5498b3ab61482fdfa80b35c7c07a082e2054c407598
Wilt_1021_172.xml,210724ad-0f16-4ebe-82ee-5ef13367fc1c,537,079b5404b21078cdb03703f0257d7551c820f58aa27597f95501155b23423c73
Wilt_1021_173.xml,210724ad-0f16-4ebe-82ee-5ef13367fc1c,771,a2b7e79add2bb06259bbd1253ea7a5f57a72673a1c88916a475a8531e3f7fc39
Wilt_1021_174.xml,210724ad-0f16-4ebe-82ee-5ef13367fc1c,1005,26b358595a0cd8b4e1e456c0898c7e863bac01a67863e553f731fc09bfdebad6
Wilt_1021_175.xml,210724ad-0f16-4ebe-82ee-5ef13367fc1c,539,e9374ea98212c6259449d52aba42e7751677504fd2a3cf5878641d2bcaa5941f
Wilt_1112_001.xml,210724ad-0f16-4ebe-82ee-5ef13367fc1c,1002,8da757cbac9b261855481e617ac363d678d41d2f95a3a28375c76e833e7cbfbf
Wilt_1112_002.xml,210724ad-0f16-4ebe-82ee-5ef13367fc1c,999,e72f25b5c244dbcee1cd2b22fa4d0a0511b075b963662b078f4d9bb049bddcef
Wilt_1112_003.xml,210724ad-0f16-4ebe-82ee-5ef13367fc1c,1005,c2f9e209204233e1380ee26625fe8d5ae37c8455cb46dd3efc5f302057a101aa
Wilt_1112_004.xml,210724ad-0f16-4ebe-82ee-5ef13367fc1c,1000,50b7b8258c2a7849570f9f01706f0aaaacc43b8fa71e4e921c24a3a60edda9c4
Wilt_1112_005.xml,210724ad-0f16-4ebe-82ee-5ef13367fc1c,771,02695fc07c92e61b446b75248df3889c741816ce0561ca14194735c66b31364b
Wilt_1112_006.xml,210724ad-0f16-4ebe-82ee-5ef13367fc1c,1005,89a0beadcd17fd8a7c96fe68cfa1cfe62ac2b0ad7c2af4c657e71b4d88f16fb3
Wilt_1112_007.xml,210724ad-0f16-4ebe-82ee-5ef13367fc1c,1234,f0317a6981772e76607c4338de032f23eeb384f6ad64a59975276ddaac28cc0c
Wilt_1112_008.xml,210724ad-0f16-4ebe-82ee-5ef13367fc1c,1237,e3292ea32afbb600c1684762d307e074a7650cee9440f8c830ea13f1e3dc680b
Wilt_1112_009.xml,210724ad-0f16-4ebe-82ee-5ef13367fc1c,1237,f9fd4bb50e100364200376a4a511a696e7a57de7dd0d218bb76d8b238d32003c
Wilt_1112_010.xml,210724ad-0f16-4ebe-82ee-5ef13367fc1c,1005,534227d16f216a5929c84c83a534ba8843951457b6692e969e20e2bfcb6a3e03
Wilt_1112_011.xml,210724ad-0f16-4ebe-82ee-5ef13367fc1c,538,7f19e7a6f648c8e0d7704e2be22fc38df8b695e350ae7ce63d9acda11aeb78e6
Wilt_1112_012.xml,210724ad-0f16-4ebe-82ee-5ef13367fc1c,537,8a39b6691c74cdf055deb626face326d38ba69c9174c02c75db1021b3867b9b9
Wilt_1112_013.xml,210724ad-0f16-4ebe-82ee-5ef13367fc1c,769,036a05eb72dc1fb9c9359eb8506089304286ce6de3561cbbea26cc5e66059425
Wilt_1112_014.xml,210724ad-0f16-4ebe-82ee-5ef13367fc1c,771,6c4ce2a64122df86022a797516b70e402de2fb54f92f6a2094181720b64164a0
Wilt_1112_015.xml,210724ad-0f16-4ebe-82ee-5ef13367fc1c,538,9011deee5ad803ad25f2eb68df0da598eb2507a63178f259fb528155c735269a
Wilt_1112_016.xml,210724ad-0f16-4ebe-82ee-5ef13367fc1c,1470,19c2d7f883e0e5e3fdaf7f16d387db2c25c96669e65d9f12247aff570b886256
Wilt_1112_017.xml,210724ad-0f16-4ebe-82ee-5ef13367fc1c,539,9e904e41c36d9babb2723657ecd2d79bd1eb09c4903563ae7fe9648c380dc8a8
Wilt_1112_018.xml,210724ad-0f16-4ebe-82ee-5ef13367fc1c,1237,639e5ab9bf1298b1ae1df4eba0fcb9037d5af2f0879d4cdef031303854f8f7f1
Wilt_1112_019.xml,210724ad-0f16-4ebe-82ee-5ef13367fc1c,1004,67540633dccaafdfd8f2beeb16ff1ca4bf0af6119e584760a476dea9af347d16
Wilt_1112_020.xml,210724ad-0f16-4ebe-82ee-5ef13367fc1c,2168,730d3ea03e8b87e6052263bfc6388b6a2f37d9ab47a67d63f7b527020515accb
Wilt_1112_021.xml,210724ad-0f16-4ebe-82ee-5ef13367fc1c,538,deb97af83d0b9a012dc38a585f8afb8e9bb569b8dadcceb85234aa4cfe5cc127
Wilt_1112_022.xml,210724ad-0f16-4ebe-82ee-5ef13367fc1c,771,74c5dd1221a8fdad37d28ae0e98f2437e24d5de5aa45930fa76927ff0c1c4025
Wilt_1112_023.xml,210724ad-0f16-4ebe-82ee-5ef13367fc1c,771,55925e7ad7fcc7057fef595e75c32af1de0e374781ae53e1c7ab8aa4a9fb6c54
Wilt_1112_024.xml,210724ad-0f16-4ebe-82ee-5ef13367fc1c,1005,f3fea9d2addbe6cfdeb091402e45aae640a8d7e21f55cd412291e0867db4d03c
Wilt_1112_025.xml,210724ad-0f16-4ebe-82ee-5ef13367fc1c,771,af7331df7fa3186a80c4770a794e76bd0381e600cbcb79958f81a3e0c7e660be
Wilt_1112_026.xml,210724ad-0f16-4ebe-82ee-5ef13367fc1c,771,f734cb64ebe3eaa40f363de4f5ad066a67e978c634f9a36191c451ad644d815c
Wilt_1112_027.xml,210724ad-0f16-4ebe-82ee-5ef13367fc1c,538,56368af86a63272ed645128f9cf0b67571faa2a8370fb6ed3d392dd204ed5aee
Wilt_1112_028.xml,210724ad-0f16-4ebe-82ee-5ef13367fc1c,771,6f44fa2daa8da8cef81dfc6e76934ba1d7ad3a18b32dace90aacfbf62b15a07a
Wilt_1112_029.xml,210724ad-0f16-4ebe-82ee-5ef13367fc1c,772,c0dd53005b96bf4333339b42d3f9f1db27b89bbf44f921b94328133be711c311
Wilt_1112_030.xml,210724ad-0f16-4ebe-82ee-5ef13367fc1c,1470,7e17aed3127cac4629dc485268d3e1c0dd12216854aa17c888a0f75bc14de10f
Wilt_1112_031.xml,210724ad-0f16-4ebe-82ee-5ef13367fc1c,771,6df7f2df3531b131a7f4b1769642420d6eb1af8c38a0fa5195ecd84f5c1d84f8
Wilt_1112_032.xml,210724ad-0f16-4ebe-82ee-5ef13367fc1c,1002,62b33036b3e3e82db3862a55fe2847ed2c40401291ca69dabe94fcb62f2c97fd
Wilt_1112_033.xml,210724ad-0f16-4ebe-82ee-5ef13367fc1c,771,c990a3c58bc6c347d968f6ce086598f18a3f3dd193a1229b94fe5ba1cc54db25
Wilt_1112_034.xml,210724ad-0f16-4ebe-82ee-5ef13367fc1c,1002,ff4c5b9243131ca94d31d4f4b12500fd8994270982f93a5fb5198f19df95fc1d
Wilt_1112_035.xml,210724ad-0f16-4ebe-82ee-5ef13367fc1c,770,dbe8a511b5d4f6dc7c48553996698fb294b36ba589ddf9f225d7edb699c4e196
Wilt_1112_036.xml,210724ad-0f16-4ebe-82ee-5ef13367fc1c,1234,843074f366c6fb96fdd73e5e42f6c3523fb6faf3a3ae5376d3c81aa56cf35453
Wilt_1112_037.xml,210724ad-0f16-4ebe-82ee-5ef13367fc1c,771,5a602d0ae7b9293514078aa8a3d8db4d1122638d408d9d1f108836f949e17acc
Wilt_1112_038.xml,210724ad-0f16-4ebe-82ee-5ef13367fc1c,772,2a6bf9759a40e0f8d84f712866dc2f5c348276bcd9eb90db7c9fb2b2fe0ea7eb
Wilt_1112_039.xml,210724ad-0f16-4ebe-82ee-5ef13367fc1c,538,6353509eb316cf169097a5688e7d96efa7907662f345227869f698138e0e319c
Wilt_1112_040.xml,210724ad-0f16-4ebe-82ee-5ef13367fc1c,1002,9dd748c78e15d3b73685fe5c1cdd7e7003bf4e85b12be991c1d0ef11a435b1b8
Wilt_1112_041.xml,210724ad-0f16-4ebe-82ee-5ef13367fc1c,1003,1203253dccdd6cf18da8f0ddd00d42a320080cfce4557984590f45cc945f441a
Wilt_1112_042.xml,210724ad-0f16-4ebe-82ee-5ef13367fc1c,1693,f2c2ed8ea74b80e98bd33437958812e492fd8c3d784350a86568e407840864c3
Wilt_1112_043.xml,210724ad-0f16-4ebe-82ee-5ef13367fc1c,771,354c15e9e346abb3ebc13bf615ef5aa740beecffa4882ebcadb95f0915a820de
Wilt_1112_044.xml,210724ad-0f16-4ebe-82ee-5ef13367fc1c,538,9744243cbf0697a3b7438ab193ec47bf64922eec3329de32aa74b13b01d19a5d
Wilt_1112_045.xml,210724ad-0f16-4ebe-82ee-5ef13367fc1c,1469,5f5ebf69359b7ecb0b0f4ee054ff5cd7b166591fb7f2c365e32bcd2791cdf88b
Wilt_1112_046.xml,210724ad-0f16-4ebe-82ee-5ef13367fc1c,771,29b4167bd3f59f39d96bc219f75033d567d9843fdcbc0167a2d2a22dd514278e
Wilt_1112_047.xml,210724ad-0f16-4ebe-82ee-5ef13367fc1c,771,a093d31aa61dea17e282070125793f42e63131d8e27f5108f94dac6ae87efcb2
Wilt_1112_048.xml,210724ad-0f16-4ebe-82ee-5ef13367fc1c,1702,4278b1df0cb5d8c02d2e0d289509d2426b18c0c76ef44750efc598edc9f4e276
Wilt_1112_049.xml,210724ad-0f16-4ebe-82ee-5ef13367fc1c,771,04c00978837be1dedef43c4ad9c5c83c27a043b782777dd4802bc00ebd2f8c0e
Wilt_1112_050.xml,210724ad-0f16-4ebe-82ee-5ef13367fc1c,772,779e62342358156d9d2487d3587ef902ecb8789d2cee2a10a28c899dae261d0b
Wilt_1112_051.xml,210724ad-0f16-4ebe-82ee-5ef13367fc1c,539,0b29378436e9b4433f8514071d2226fd751e1aa7266d063a0bfad86accc2315f
Wilt_1112_052.xml,210724ad-0f16-4ebe-82ee-5ef13367fc1c,769,5cdca3b28b7137a066207448996fd3d6b9e4e1f3de8b2af9945c76946f237483
Wilt_1112_053.xml,210724ad-0f16-4ebe-82ee-5ef13367fc1c,1232,fea394b0798eaf682533051715563a878d9298dee939d1eac73c27354397500b
Wilt_1112_054.xml,210724ad-0f16-4ebe-82ee-5ef13367fc1c,771,ed1399fcef11b80d7f206bdf2d88c9cac05143b6716e1b0ca75591f0a218a852
Wilt_1112_055.xml,210724ad-0f16-4ebe-82ee-5ef13367fc1c,1474,e4ed6b5cf93f16a3e926c6f62687a94eab0d5ba86844927834bf5e9ac5a878ad
Wilt_1112_056.xml,210724ad-0f16-4ebe-82ee-5ef13367fc1c,1467,6548d0d76d704aee1e790c17e737921a44430b082d9a1b498b169233bea79227
Wilt_1112_057.xml,210724ad-0f16-4ebe-82ee-5ef13367fc1c,771,ebc86f7c44d1fba83c09c5174e269f1fc250ad644fad1ccf4d93176be74cd084
Wilt_1112_058.xml,210724ad-0f16-4ebe-82ee-5ef13367fc1c,769,1884c78584bbc9c40509014cc292ff6ed06878d367a64cd8175a99789577a2ee
Wilt_1112_059.xml,210724ad-0f16-4ebe-82ee-5ef13367fc1c,1468,c66b2ea79ad699fcd5a467e42321c9e00910c99466f5d96c3f776a6145143c69
Wilt_1112_060.xml,210724ad-0f16-4ebe-82ee-5ef13367fc1c,772,0a3352d2b607855c94224b0d8fbe4b7bbf8ad29a908c90200885216848f4516c
Wilt_1112_061.xml,210724ad-0f16-4ebe-82ee-5ef13367fc1c,769,a9a3c525407976e4abc10e250f42c97d322368470b018498a5ae4c880d31797f
Wilt_1112_062.xml,210724ad-0f16-4ebe-82ee-5ef13367fc1c,1236,7221489a1b9aafb18ea34a2b239655c2f49b747908854bdfb164375c57248846
Wilt_1112_063.xml,210724ad-0f16-4ebe-82ee-5ef13367fc1c,1933,fb0109d114668114f93c29c74be3fb7663ba794a9313d155d3bfd3cacb3c0cda
Wilt_1112_064.xml,210724ad-0f16-4ebe-82ee-5ef13367fc1c,1935,53e7ae2d7a2ec6aaacdb7c3876467b4520fd282b62a9f397cf43225ca6189ee1
Wilt_1112_065.xml,210724ad-0f16-4ebe-82ee-5ef13367fc1c,1461,d1acae4c4c45a72a7e6c2a49991e71646b29b640aadcec6fe212b03f312d20d3
Wilt_1112_066.xml,210724ad-0f16-4ebe-82ee-5ef13367fc1c,1237,7899e274aa3663d0a3a022eb8d10b0f22fc486f9fe6d95707d81e0414ba440d4
Wilt_1112_067.xml,210724ad-0f16-4ebe-82ee-5ef13367fc1c,1467,dee96c90803b0225513063823928ea606767b298374aa922d1df8e5810d18431
Wilt_1112_068.xml,210724ad-0f16-4ebe-82ee-5ef13367fc1c,1470,ac9929219cdc5771b8abafc18739b4bcd70140267a0e26fcec3b78551b3a62f3
Wilt_1112_069.xml,210724ad-0f16-4ebe-82ee-5ef13367fc1c,1932,2d828ffa5f412dba2136789f5ec9e7ea8c767bb76d7231ff01deccf1d39f900b
Wilt_1112_070.xml,210724ad-0f16-4ebe-82ee-5ef13367fc1c,772,45bb078fd4f3c78b8e318f864af27255d3c5e34483bfaf402b45ed7c203d3d48
Wilt_1112_071.xml,210724ad-0f16-4ebe-82ee-5ef13367fc1c,771,c4a8e357e42dd98312f2b9b41b4a00930c5932be0d2bc2458e235ad2e8ec5f32
Wilt_1112_072.xml,210724ad-0f16-4ebe-82ee-5ef13367fc1c,770,8512f737f8a34dd80fc8d46ef785e9cc67bbf03a9784f19d9a417bc4388a2d10
Wilt_1112_073.xml,210724ad-0f16-4ebe-82ee-5ef13367fc1c,1694,cf3234bfddd4198815b84c09783d090ef0cfac6aec426814bf18d2dfd8247b18
Wilt_1112_074.xml,210724ad-0f16-4ebe-82ee-5ef13367fc1c,772,e1764978b0804856db52edbdc12bec225c9af4038a83760bf08484c3752a975a
Wilt_1112_075.xml,210724ad-0f16-4ebe-82ee-5ef13367fc1c,2395,5349ec3344a7a781d0ecfc6598bfbccac4cf91764756f0158e10d547f956986d
Wilt_1112_076.xml,210724ad-0f16-4ebe-82ee-5ef13367fc1c,771,e29ff666b73b1e7eeb1e051bf9b888393467b4e15b4a17c65237e666156a67a3
Wilt_1112_077.xml,210724ad-0f16-4ebe-82ee-5ef13367fc1c,1006,d4d8e6311d72ab0bf19ced85a6e59d9d026b8eea91985334984e6849e89142c9
Wilt_1112_078.xml,210724ad-0f16-4ebe-82ee-5ef13367fc1c,1234,5e017fce6277e2ceff36ac7b5b3bf895d15e6b8167e30a079fa1633b62977192
Wilt_1112_079.xml,210724ad-0f16-4ebe-82ee-5ef13367fc1c,772,0e9482f9bcd3379b69c3959c766cd54e6516f890a6b24f8cac4eee3a9fd19610
Wilt_1112_080.xml,210724ad-0f16-4ebe-82ee-5ef13367fc1c,1469,5a93bad352e866cf23bdc6fc930ac4ca72841fc802a149b0def3266c13661e01
Wilt_1112_081.xml,210724ad-0f16-4ebe-82ee-5ef13367fc1c,1239,600e1622f3b3a9f61e1c56985afc29e490e7ccbe4b0861efbe335fa5de536275
Wilt_1112_082.xml,210724ad-0f16-4ebe-82ee-5ef13367fc1c,770,f79e189bf46b8520140cb876d7a601208e9185ed2994b532e15290aaa6f5c789
Wilt_1112_083.xml,210724ad-0f16-4ebe-82ee-5ef13367fc1c,771,24e0ad8e6cda61e063d9a7814b6ddc61cf1818b8c62acad54048fb6b18160234
Wilt_1112_084.xml,210724ad-0f16-4ebe-82ee-5ef13367fc1c,1470,73748d28a31119c80b219716673f290cf4928d4bb0e781721af744d61410e0e2
Wilt_1112_085.xml,210724ad-0f16-4ebe-82ee-5ef13367fc1c,771,d208d7b37d2e880592ab34ace6b08457e078dee4221878f34936fda7e85df811
Wilt_1112_086.xml,210724ad-0f16-4ebe-82ee-5ef13367fc1c,771,58d5fa58bbe30a53f167271d5c20733906d791223c1d909f04cbad3cb5a0fc30
Wilt_1112_087.xml,210724ad-0f16-4ebe-82ee-5ef13367fc1c,1238,c7312df35666da44331b30ef20256bc784dd4dbc1b49d33ce4f79ebce43f822e
Wilt_1112_088.xml,210724ad-0f16-4ebe-82ee-5ef13367fc1c,1003,b7bdb4619335c5ba130f3824bf1975e7b991e70399e80e4843bf8cda829908a0
Wilt_1112_089.xml,210724ad-0f16-4ebe-82ee-5ef13367fc1c,1004,ac190d7b8e7427ccefa06356ece4fd3829e30306cdb43a6a02365e9d9d6cabcb
Wilt_1112_090.xml,210724ad-0f16-4ebe-82ee-5ef13367fc1c,1233,2ca6827a8159fe34de8b712c7139415a4005da7d78383b9e3ccc5c6e9ececeb9
Wilt_1112_091.xml,210724ad-0f16-4ebe-82ee-5ef13367fc1c,1234,296cbc4ab9962da09108dd2e376828b3e5985cb667d971a1a71894e1de39e62f
Wilt_1112_092.xml,210724ad-0f16-4ebe-82ee-5ef13367fc1c,536,0dd2eb84e5dde982ac76af828b756da0eb0f975f008b0bc224ce1019f3ba720d
Wilt_1112_093.xml,210724ad-0f16-4ebe-82ee-5ef13367fc1c,771,7d3fed1c8f652472cf886e18cba21a59e3f998b9d451b171b85f49fc2aca0b66
Wilt_1112_094.xml,210724ad-0f16-4ebe-82ee-5ef13367fc1c,772,c31aeea1a882b917376ba116997db86505e16140d62b01da5a2c3beb9501bf10
Wilt_1112_095.xml,210724ad-0f16-4ebe-82ee-5ef13367fc1c,1004,602c8e137728a826dad5090780e4d7f4788fcd47262bc504154fc069ee9063df
Wilt_1112_096.xml,210724ad-0f16-4ebe-82ee-5ef13367fc1c,770,758d91f68c03db6893e89255ce4e286ef96390e955d39e5291d9c49b14d8935d
Wilt_1112_097.xml,210724ad-0f16-4ebe-82ee-5ef13367fc1c,1004,b300b11f866d71b9e3a3dd7550d574815094ff702c82118a30c8fa96ed6a8787
Wilt_1112_098.xml,210724ad-0f16-4ebe-82ee-5ef13367fc1c,1236,e0c03ed0f4d33dc614b765fa689125a2cfddb2679065d5ec0da18b9207820991
Wilt_1112_099.xml,210724ad-0f16-4ebe-82ee-5ef13367fc1c,1703,5c97937546b51554248e47e6b25848f11d9de2d906e18c0a2c8abe6ef307ff12
Wilt_1112_100.xml,210724ad-0f16-4ebe-82ee-5ef13367fc1c,770,a1c5a4111a3560bc77b3d37faa27bd1e54e3625e00496b0c8ad2e2937c091efa
Wilt_1112_101.xml,210724ad-0f16-4ebe-82ee-5ef13367fc1c,771,fb1801df4a2ff628261d451c112afe7f3f2f2881d06a6b963d9b6d8f92223333
Wilt_1112_102.xml,210724ad-0f16-4ebe-82ee-5ef13367fc1c,772,dfe30abbee64bc666418f77b672882d8a416b93d50d480e9f08d8d5556c33655
Wilt_1112_103.xml,210724ad-0f16-4ebe-82ee-5ef13367fc1c,769,876efea2deb70cac3d3ad2f5096f96df50506b587a247dfda7253fd5429c0ad4
Wilt_1112_104.xml,210724ad-0f16-4ebe-82ee-5ef13367fc1c,1231,8462505d61eb355d317fb368a2d1e803601cf30aa6988503593c3fcbaaf67b72
Wilt_1112_105.xml,210724ad-0f16-4ebe-82ee-5ef13367fc1c,771,81e839d5a0739ae75e926593ef36389092986fda4cdd04d93896077d9e7c94d2
Wilt_1112_106.xml,210724ad-0f16-4ebe-82ee-5ef13367fc1c,537,57b1a292c636ffdd22f1a19e93ea1eefab678b09e2611ef33d7308a0c7de9f5f
Wilt_1112_107.xml,210724ad-0f16-4ebe-82ee-5ef13367fc1c,1235,24490f8238b48739ab1bbfb13e5abbabbf009b869a3ee5543bac00d016768a8a
Wilt_1112_108.xml,210724ad-0f16-4ebe-82ee-5ef13367fc1c,538,f13fc7618ca695671521a9a32056f5bed7dcd05e5f8046c8e446ae4d63161972
Wilt_1112_109.xml,210724ad-0f16-4ebe-82ee-5ef13367fc1c,536,e175d42393b85499a9f53da4a2048e0ae65d5af32de52ca146c082add4bfc240
Wilt_1112_110.xml,210724ad-0f16-4ebe-82ee-5ef13367fc1c,538,586519347b5820a43f04b1d05317b0000946772b80d615006b8f38ef1358a4ca
Wilt_1112_111.xml,210724ad-0f16-4ebe-82ee-5ef13367fc1c,775,64e3109852a646d604ffb762be87565a52ebe042c695e1ae2fbce4aa5c4330a4
Wilt_1112_112.xml,210724ad-0f16-4ebe-82ee-5ef13367fc1c,771,5871627f762f13b6c2f6c47f35f80482f33c0440db1d3332f89ae8e1e10fc336
Wilt_1112_113.xml,210724ad-0f16-4ebe-82ee-5ef13367fc1c,1006,b5e9cc27eec321a90e78b5aaa5beacad30f1d449b259d6a76cd3c45f07bd154c
Wilt_1112_114.xml,210724ad-0f16-4ebe-82ee-5ef13367fc1c,536,7595772c538962bf46bc74ce6652c942c08c28469fcf082a6f26a67b49d41091
Wilt_1112_115.xml,210724ad-0f16-4ebe-82ee-5ef13367fc1c,1465,1cebc4ef5db663070095eb1184254ec00cf970f2f9c65d11c88442569b8d1913
Wilt_1112_116.xml,210724ad-0f16-4ebe-82ee-5ef13367fc1c,771,929023bba7e808fe7a5a5aff59a63a2d700e16ebaa45cd1996e5667eab092e48
Wilt_1112_117.xml,210724ad-0f16-4ebe-82ee-5ef13367fc1c,536,d4fb243b92f9ac5c7dd44988f418e378557de13751927d8916d1c98ec7137772
Wilt_1112_118.xml,210724ad-0f16-4ebe-82ee-5ef13367fc1c,538,148263b556b4b73fb87bf69b8bfc3d454ad5f2df56ffcb01dfcad7e785ac4f85
Wilt_1112_119.xml,210724ad-0f16-4ebe-82ee-5ef13367fc1c,771,dfea9ab6896bad5d3a84148e794e128261860082f342fb084a639bed1122c011
Wilt_1112_120.xml,210724ad-0f16-4ebe-82ee-5ef13367fc1c,539,825163f7999b29ead0769613b7ce540a044d60dec2abceb630818a4cc9263e33
Wilt_1112_121.xml,210724ad-0f16-4ebe-82ee-5ef13367fc1c,536,032c8cbbff5671f69ffe0a855a62b412eedefae0c9daae4ef3c6e4b0e2397327
Wilt_1112_122.xml,210724ad-0f16-4ebe-82ee-5ef13367fc1c,1238,20ca418e5c9cf085b4bf9a343558c63bc816f830c5ae421ec397f21157ab3103
Wilt_1112_123.xml,210724ad-0f16-4ebe-82ee-5ef13367fc1c,771,ea5b56d217dd2a74196c37222d38e03e382d9f661855c901777067614be0f615
Wilt_1112_124.xml,210724ad-0f16-4ebe-82ee-5ef13367fc1c,773,dee3036665c0bd144caab23273c540db298633ee417b53fc4316dce0a2d732fa
Wilt_1112_125.xml,210724ad-0f16-4ebe-82ee-5ef13367fc1c,771,1c09b1a07229d12225b9e09ac82244430cee656cc5e54d52f16b5266575d4692
Wilt_1112_126.xml,210724ad-0f16-4ebe-82ee-5ef13367fc1c,1469,ce46802c2b6de002ba3cae7ab608c75a02719aad3892bf8fe81076c02987eb1a
Wilt_1112_127.xml,210724ad-0f16-4ebe-82ee-5ef13367fc1c,768,6d6ff32252e0a8eeae0669ad395477f6cbd3959c7f2663a8d8e09961d298cf86
Wilt_1112_128.xml,210724ad-0f16-4ebe-82ee-5ef13367fc1c,537,e09be637a2e871a0bf0b838e4fa56cc191c9c3d8dc6c27419f4061c4f357fdf9
Wilt_1112_129.xml,210724ad-0f16-4ebe-82ee-5ef13367fc1c,1007,13f054d391882046668777a23fb8409e46e0f363efe3e10ec85b264a3a301ca0
Wilt_1112_130.xml,210724ad-0f16-4ebe-82ee-5ef13367fc1c,1235,3bbfdc5a2e8a1f1a45effb0c66902ecbc670f68461952456c2aa291d5a0e34bc
Wilt_1112_131.xml,210724ad-0f16-4ebe-82ee-5ef13367fc1c,770,0c5f62c9ca65bf16a52d6324f2afd51428d9b180cf70c90476e7b91ea50d1b22
Wilt_1112_132.xml,210724ad-0f16-4ebe-82ee-5ef13367fc1c,771,446a77925606b5f62e0569cd84b2f80df5eea021ea4ca8d90484b169b6bbbbea
Wilt_1112_133.xml,210724ad-0f16-4ebe-82ee-5ef13367fc1c,770,e8d26047dfa1a8feb987f23f405ab44415e9c7bcc43e3e017e661ab89e556880
Wilt_1112_134.xml,210724ad-0f16-4ebe-82ee-5ef13367fc1c,536,eaf7b1b56c215e09dfd2e1a60252c1aa5b0796aade79f10a8d29ddce6de9cb1a
Wilt_1112_135.xml,210724ad-0f16-4ebe-82ee-5ef13367fc1c,1003,854e73969438319f271c3e5e659d915b579355401fdef0c1b4473da0a2a79060
Wilt_1112_136.xml,210724ad-0f16-4ebe-82ee-5ef13367fc1c,768,624159f25743fdc44c2431a35efcd6a258d4c51f437951f21aaf7fd5e8fc5573
Wilt_1112_137.xml,210724ad-0f16-4ebe-82ee-5ef13367fc1c,770,76ad6ea9a82a0228b02ce4871c0924d40dc4b347c9c23ff23302871b337d69a7
Wilt_1112_138.xml,210724ad-0f16-4ebe-82ee-5ef13367fc1c,771,ef545f4471a0b7c3f186785a518d757fb13242a127715adaee45fa14b91730e8
Wilt_1112_139.xml,210724ad-0f16-4ebe-82ee-5ef13367fc1c,1235,f8d01c05a357608c7777c799a87c2d2196746a188c589fa1dc4a95132a87b46c
Wilt_1112_140.xml,210724ad-0f16-4ebe-82ee-5ef13367fc1c,771,107ed7a8aecdae537bff98a5a4c26d0717ea58b34b0d2172ad5c45df45aea16b
Wilt_1112_141.xml,210724ad-0f16-4ebe-82ee-5ef13367fc1c,771,1e2a1ff13279ffd71559bdad28e764ea52b51eefb14b715310b7429ff5b0a5e5
Wilt_1112_142.xml,210724ad-0f16-4ebe-82ee-5ef13367fc1c,768,e70f1442a62d1b3c82bc14af50731dc1a7a9612681b85a4839d9ece783f7791d
Wilt_1112_143.xml,210724ad-0f16-4ebe-82ee-5ef13367fc1c,1238,d75d0e6d74fbd9ac2b6fff868c638bddeaed96f336eea237da8f76d20f5453b2
Wilt_1112_144.xml,210724ad-0f16-4ebe-82ee-5ef13367fc1c,769,21bad6a24260b9f7e9d4d4a6a30e3846df350ba2d0b6916b406a4896ebb3f440
Wilt_1112_145.xml,210724ad-0f16-4ebe-82ee-5ef13367fc1c,772,ad3b70318778b4d222aec6766d6557c15a860b03b597d0dc2842847882764d10
Wilt_1112_146.xml,210724ad-0f16-4ebe-82ee-5ef13367fc1c,770,904bbb42ce4bb4ba8da4f3d9b663ec358e1988d49b030d650f3bb81ecda7be76
Wilt_1112_147.xml,210724ad-0f16-4ebe-82ee-5ef13367fc1c,771,92682b75dcd7481a438b17f848f0eb268244e893943ee445c3364dd0c233b84c
Wilt_1112_148.xml,210724ad-0f16-4ebe-82ee-5ef13367fc1c,539,ce91ffd0c85cf8604dc5947e5a45bed83ec2830377614430f1923a0e03cb76af
Wilt_1112_149.xml,210724ad-0f16-4ebe-82ee-5ef13367fc1c,1701,032311764952e78669818a0e809839c343715d7b1eb2187b18aac9ebd2488ed9
Wilt_1112_150.xml,210724ad-0f16-4ebe-82ee-5ef13367fc1c,536,3f9fcdfbba7b9698f3ca0e69ae5fd60f42de5248a1e34650bff19fe7779f5210
Wilt_1112_151.xml,210724ad-0f16-4ebe-82ee-5ef13367fc1c,770,18b2c69b85592cca830509fb733908445945069fa1dc36b3d8a8bf29b12b1a3b
Wilt_1112_152.xml,210724ad-0f16-4ebe-82ee-5ef13367fc1c,1005,497aae777f439920904bc3e742e906cc4ce8e9bf8d6b39927c83e01da132d68a
Wilt_1112_153.xml,210724ad-0f16-4ebe-82ee-5ef13367fc1c,772,a569631f66a362e61df4cb4e6727c78d2377c6acb1684195c6fc09ba042ac131
Wilt_1112_154.xml,210724ad-0f16-4ebe-82ee-5ef13367fc1c,769,b7d047a0a736c231960aa2cbd97cdc97dd57227197aab3c0778b903e0252ccba
Wilt_1112_155.xml,210724ad-0f16-4ebe-82ee-5ef13367fc1c,771,8956ac4638d8ef9f46c5c0caca36ed12b20d7a08af4a7dd5b9a6aa4d4a1a6d99
Wilt_1112_156.xml,210724ad-0f16-4ebe-82ee-5ef13367fc1c,769,d35a072bacf049468e01d976534c6b543d491dc9e5d1603cb6dcb3d597197580
Wilt_1112_157.xml,210724ad-0f16-4ebe-82ee-5ef13367fc1c,770,76f4bd0e9aecb7205881d6921beb64c45fa3169e8991bfc8504decba1a291410
Wilt_1112_158.xml,210724ad-0f16-4ebe-82ee-5ef13367fc1c,768,3fb165ce8dfb639f868d2a73b0bb6f15cfdce4ed08549e95182bfad573b1d747
Wilt_1112_159.xml,210724ad-0f16-4ebe-82ee-5ef13367fc1c,770,623b499c54cd1936efb608200415fd9e33f571562a425769325daf8d07049d1e
Wilt_1112_160.xml,210724ad-0f16-4ebe-82ee-5ef13367fc1c,771,5aec32e3ef64665070c92c031ccecedf7340c8e5a1a5a2f54c28b66d10addb0f
Wilt_1112_161.xml,210724ad-0f16-4ebe-82ee-5ef13367fc1c,771,e0c836807c052dddfab961fc4443d7c04e26d62a2db94f9a925a2d29313f874a
Wilt_1112_162.xml,210724ad-0f16-4ebe-82ee-5ef13367fc1c,1237,ff9fc497dd1491e8f73fdced230cce84cf0e24498537259249a582b995467ed7
Wilt_1112_163.xml,210724ad-0f16-4ebe-82ee-5ef13367fc1c,770,4319239bc3c575e23642ba1e66f35988273519418942cc4028e018085994da3d
Wilt_1112_164.xml,210724ad-0f16-4ebe-82ee-5ef13367fc1c,771,a931f7509b7a964fd571e0efefaae8aa98f4284d83657e5acf7ae62a5f940724
Wilt_1112_165.xml,210724ad-0f16-4ebe-82ee-5ef13367fc1c,1004,2283354af80cb50408834bf0bf5a9fbbc10f7fb2e055d9b6dbb1ca8c9418162e
Wilt_1112_166.xml,210724ad-0f16-4ebe-82ee-5ef13367fc1c,771,c7c607fe6e8e27dc2f993459888380a92db9a1e84804b8d82bf35105f44542ea
Wilt_1112_167.xml,210724ad-0f16-4ebe-82ee-5ef13367fc1c,771,2bf36dfcaaed6c4dbbb5e2b32a8807408510ea596af236b931ffd81b69c85b3f
Wilt_1112_168.xml,210724ad-0f16-4ebe-82ee-5ef13367fc1c,771,c20b50da3b17bbb832433101fcfb34a0d3e1d92280df15dc5877d06ce4644d94
Wilt_1112_169.xml,210724ad-0f16-4ebe-82ee-5ef13367fc1c,771,a17faa41c82ce8c825cbf5483eb3f0a05db08250a92b47459f9f9cb720efcdf4
Wilt_1112_170.xml,210724ad-0f16-4ebe-82ee-5ef13367fc1c,769,9b8db5f7429dbd801ed724327f03125df91435f356e54a206d8936eb1b482c38
Wilt_1112_171.xml,210724ad-0f16-4ebe-82ee-5ef13367fc1c,771,4395667f1eda51e8cfaa813ec4c25831069068f7b3b78e842b2a99bff1a9557e
Wilt_1112_172.xml,210724ad-0f16-4ebe-82ee-5ef13367fc1c,771,de2b4439b6a9d7747083909083f07f38dc691665a2d643f5304848e0dfc79025
Wilt_1112_173.xml,210724ad-0f16-4ebe-82ee-5ef13367fc1c,536,34ec8aab2f6ba8dec37286730597362f9185f02c29ccb539976be3a599eeb9dd
Wilt_1112_174.xml,210724ad-0f16-4ebe-82ee-5ef13367fc1c,771,c84248af2d771272d953613d0510c4eb87c275066d8e6f1cf541cd8a8a72dbd8
Wilt_1112_175.xml,210724ad-0f16-4ebe-82ee-5ef13367fc1c,770,df04ffd21a66af56271a9750345c50646fcdf17879691d2a62329f7b1f552d6c
Wilt_1112_176.xml,210724ad-0f16-4ebe-82ee-5ef13367fc1c,771,9a5956b8cda26da608ecca054190993cd2ccd3603ffc4112652f316599f61a50
Wilt_1112_177.xml,210724ad-0f16-4ebe-82ee-5ef13367fc1c,771,fc5bb8baf5c8f12170fc5c8db14df008b6e02261f9ec3de5a0b481bd38dfcd9a
Wilt_1112_178.xml,210724ad-0f16-4ebe-82ee-5ef13367fc1c,771,b100a0c90a4ede106d6de325dd70941a6242f91cd33ba051fac2d8d3083d6331
Wilt_1112_179.xml,210724ad-0f16-4ebe-82ee-5ef13367fc1c,771,251b5303ffb5278c036b00a538c74d4267c3caac9aaf92a9d859b363beec266e
Wilt_1112_180.xml,210724ad-0f16-4ebe-82ee-5ef13367fc1c,771,f90877a5601d814eb656ddd92fb04042885e3725afae06f006b0a9a1ed86c05c
Wilt_1112_181.xml,210724ad-0f16-4ebe-82ee-5ef13367fc1c,1238,15625cdeb241f863d1357951ffb88bfd69ed438ac3f41dc23ca5a5d73305faed
Wilt_1112_182.xml,210724ad-0f16-4ebe-82ee-5ef13367fc1c,771,fe6083df9f790a72eb0ad97dcc26e57e98200a8f09d17e14dead4444ca9b7e63
Wilt_1112_183.xml,210724ad-0f16-4ebe-82ee-5ef13367fc1c,538,b085fca66fa4ca86d76acd6d2356e4dc6ad2a77dfe233cf72c24368d00e38394
Wilt_1112_184.xml,210724ad-0f16-4ebe-82ee-5ef13367fc1c,771,f4396feb240ec3f0dac949bbf5d6a5bc03f89a8faaf6e1455773568214ce7778
Wilt_1112_185.xml,210724ad-0f16-4ebe-82ee-5ef13367fc1c,538,a62dd1dd3af45accf5af7fe2e25cab2443246f468e5999a92b42f87f5ef1f74d
Wilt_1112_186.xml,210724ad-0f16-4ebe-82ee-5ef13367fc1c,536,159c885c74bf2ba84ecb6d799d61d178f8abfd53ddf9442262f544986314247b
Wilt_1112_187.xml,210724ad-0f16-4ebe-82ee-5ef13367fc1c,539,580c29a2d992ee254c975fc8b1bc9fd917f4d0edda75598e46b81702b8b994b5
Wilt_1112_188.xml,210724ad-0f16-4ebe-82ee-5ef13367fc1c,1233,b4222033cb0032ae3dfd808424536920e005e88560843af2f18b7cf8323b708b
Wilt_1112_189.xml,210724ad-0f16-4ebe-82ee-5ef13367fc1c,537,545c5186affcaec4445c386f2da0667fce7e167c878975dbfbd81eb4b451cc01
Wilt_1112_190.xml,210724ad-0f16-4ebe-82ee-5ef13367fc1c,771,1233d1ad7cdbc00eabf47cd0f334c590016a81e382569582cf1386e0f2f2fabd
Wilt_1112_191.xml,210724ad-0f16-4ebe-82ee-5ef13367fc1c,771,93c1fe4df9ff774d2dfa45f26d7dd672db4d34174ae5c9ef519806ec59a27e15
Wilt_1112_192.xml,210724ad-0f16-4ebe-82ee-5ef13367fc1c,537,e2fbcab71fce5e411c5883b5b2a8d0c85eeeca3363803a7482998827ff2f6966
Wilt_1112_193.xml,210724ad-0f16-4ebe-82ee-5ef13367fc1c,999,7f5bc3b36e6240b83f20bc3c9a0fff587858a99e6ae1359ea2f2931e77c6761d
Wilt_1112_194.xml,210724ad-0f16-4ebe-82ee-5ef13367fc1c,771,f46867d8bfee8f5b19fb195e93d9276e4ca165288c05eebf073c4237a7f798a1
Wilt_1112_195.xml,210724ad-0f16-4ebe-82ee-5ef13367fc1c,771,fa68366be364584285d4228a978d53bc34d1f3e96d8ec0c4f98c94dc1e3c5575
Wilt_1112_196.xml,210724ad-0f16-4ebe-82ee-5ef13367fc1c,772,45b1bbbd4e226b009d7d2d03895934cd00b06013ca57d1ca6c3a2f0cadfeded2
Wilt_1112_197.xml,210724ad-0f16-4ebe-82ee-5ef13367fc1c,768,fe24c32ebd249d2d3a328ad3d9179c8c8e3da8a4ca91d439646288aa6e3b47cc
Wilt_1112_198.xml,210724ad-0f16-4ebe-82ee-5ef13367fc1c,771,3598e0b7b180a2c2203abd1fd84ab632b9a54973e236e7eee0f6c4363e7ba185
Wilt_1112_199.xml,210724ad-0f16-4ebe-82ee-5ef13367fc1c,1239,903ca14ff4243cc909dd864b53f42d0285d75c8772aaa83449d5e4366e475a83
Wilt_1112_200.xml,210724ad-0f16-4ebe-82ee-5ef13367fc1c,771,fc9aecc28a4ec2a4a1b614c3e3f8abe74164b704916e26640ea1f5d7a9310e80
Wilt_1112_201.xml,210724ad-0f16-4ebe-82ee-5ef13367fc1c,1005,63ab28de5ff41405947ccee18a424881cae9271c8b4b8d5f83e4e63fafa491db
Wilt_1112_202.xml,210724ad-0f16-4ebe-82ee-5ef13367fc1c,772,11707204770542e287da2a17c9377ba58f57720417e5aea0278fa08b38f3b3d7
Wilt_1112_203.xml,210724ad-0f16-4ebe-82ee-5ef13367fc1c,1004,8cdff47c42386c69c7415a4baf1fd925b57f3e5c6933b41ef8a0b21606396e2f
Wilt_1112_204.xml,210724ad-0f16-4ebe-82ee-5ef13367fc1c,770,22d1e5cabfb2ec880a35182048142651b702ea9acc4e6f510b331af809c56f07
Wilt_1112_205.xml,210724ad-0f16-4ebe-82ee-5ef13367fc1c,1233,58411f3dde8cf8d16d37cefe6aa051365b272ee0d311bd2fd94cea7dfb7b8d27
Wilt_1112_206.xml,210724ad-0f16-4ebe-82ee-5ef13367fc1c,1234,910b4ac4d9f6142a7c46e20e364710bfdfeccd1595115bcf4d9c0d29687c0953
Wilt_1112_207.xml,210724ad-0f16-4ebe-82ee-5ef13367fc1c,1239,bbcb8314fb877460dd1bf3bee61b4c89f1eb9369ca18d4a7f1e77d8666c22692
Wilt_1112_208.xml,210724ad-0f16-4ebe-82ee-5ef13367fc1c,770,948f2ce251cfbb9b93e7be6f0ccbd2980a42bf06724dfbe43d2b3ad9678ebbd2
Wilt_1112_209.xml,210724ad-0f16-4ebe-82ee-5ef13367fc1c,1240,0153f69ea59a7ba0e10afb365b57ed45d5449abffbe38794c521ad2f11eaddf9
Wilt_1112_210.xml,210724ad-0f16-4ebe-82ee-5ef13367fc1c,771,3dda94249d01e1dd1c169d0f0f142bfe116e2b76c615598e404f92906a9deb10
Wilt_1112_211.xml,210724ad-0f16-4ebe-82ee-5ef13367fc1c,771,d4eb1bc0430508687fab5a10902052ce6ef5fd2c19a846ed3e364c792ce441c3
Wilt_1112_212.xml,210724ad-0f16-4ebe-82ee-5ef13367fc1c,769,4bb4e76c1dbc23bf90c069da20af39cf131835d9f54702ace608b8bbb8dbb83d
Wilt_1112_213.xml,210724ad-0f16-4ebe-82ee-5ef13367fc1c,771,79512e3416479af0b2bfd77e4e9c85f2a5a8f50252be8268e00d94e57d3308f2
Wilt_1112_214.xml,210724ad-0f16-4ebe-82ee-5ef13367fc1c,771,6f52c6f8e006783d456e4fc253a243f0a2102047ae8f8f7c675c72fb8aaed135
Wilt_1112_215.xml,210724ad-0f16-4ebe-82ee-5ef13367fc1c,1002,3193e9c96d835c671f60f8ecbb8737affcc40477ec2ddae51468ac3df98ff1ab
Wilt_1112_216.xml,210724ad-0f16-4ebe-82ee-5ef13367fc1c,536,c072db282795d91613d230370f2282ef32c1b205d334f016fd805bfd24328481
Wilt_1112_217.xml,210724ad-0f16-4ebe-82ee-5ef13367fc1c,771,b423686e701f3dd9649259fe1ef3c78b07adddd32b2ef95358fc3c716ad3c4cc
Wilt_1112_218.xml,210724ad-0f16-4ebe-82ee-5ef13367fc1c,771,278f01d62f738f32f3c817f473f41b988185af202f34c400e76457ef5c177ee6
Wilt_1112_219.xml,210724ad-0f16-4ebe-82ee-5ef13367fc1c,771,fc2748593b547cfc58388429a7acc0d3fc1f2bd6248239e0323d91d65b8c98cb
Wilt_1112_220.xml,210724ad-0f16-4ebe-82ee-5ef13367fc1c,1470,810e3f3db73a8ce42d3d6818e95b0d5a458e402a72b26b2c690b5e3a71f71ae5
Wilt_1112_221.xml,210724ad-0f16-4ebe-82ee-5ef13367fc1c,769,59e5fdd2912e43e172087cf507fa72fab0503915c7984ae5acbd3e4f105380b5
Wilt_1112_222.xml,210724ad-0f16-4ebe-82ee-5ef13367fc1c,1240,d02c75e4c9bc3040f4342fbfda8b2de262c42c836c412166e6ba6f9dea0d7380
Wilt_1112_223.xml,210724ad-0f16-4ebe-82ee-5ef13367fc1c,770,0a0f5d4966fe387466494e1cf427c21fb762640feddb75e3b47a4f02ddf7653e
Wilt_1112_224.xml,210724ad-0f16-4ebe-82ee-5ef13367fc1c,768,14627259ec9a49b3ba3ad7b5c76afc68de637c153e9eb4393b1407663d4bd99b
Wilt_1112_225.xml,210724ad-0f16-4ebe-82ee-5ef13367fc1c,769,019812fac56fd3cc4717ecc21975fcd5f8e308518c379a199e45aec15b0c4e27
Wilt_1112_226.xml,210724ad-0f16-4ebe-82ee-5ef13367fc1c,769,728b24ca528300af24779f2595f5f5baecb4387858b7f1a3a1f43e7a2ce49666
Wilt_1112_227.xml,210724ad-0f16-4ebe-82ee-5ef13367fc1c,769,d766ad35789c7d0a93d4d3dfefd2c01e2f150ab35eaae300bf8fecce83591851
Wilt_1112_228.xml,210724ad-0f16-4ebe-82ee-5ef13367fc1c,771,3b008f5c31a77f3bb4d0b5ee7e5555005f9be6cae24d83efe2e9974d02c59a41
Wilt_1112_229.xml,210724ad-0f16-4ebe-82ee-5ef13367fc1c,768,88d229ffa6c9c26c0e3b0f26c0ef758ce139d83f12880000e35e4fec0d24d4e8
Wilt_1112_230.xml,210724ad-0f16-4ebe-82ee-5ef13367fc1c,536,6708f343460448514703b24e7624933136c07ac14297d5d8ff406c662c4a554c
Wilt_1112_231.xml,210724ad-0f16-4ebe-82ee-5ef13367fc1c,536,8984be4448765d7bc09863f9f79317bb437660939ecb96f20f5a6b6fc3aa570c
Wilt_1112_232.xml,210724ad-0f16-4ebe-82ee-5ef13367fc1c,771,2db00adbdf4d17afffec0d5d20fc441706be703ef6997ad3a05c40fc42df92a0
Wilt_1112_233.xml,210724ad-0f16-4ebe-82ee-5ef13367fc1c,535,41622ac296bf4c831cb7e1259baca6fe069a5799319a6f8a876e04b48c1a5b2e
Wilt_1112_234.xml,210724ad-0f16-4ebe-82ee-5ef13367fc1c,998,a0ea9519e83753b3a55c7143ca2d5336eb8c8de68850384fae0b237918dfb209
Wilt_1112_235.xml,210724ad-0f16-4ebe-82ee-5ef13367fc1c,1234,4129f1f9297580fc81e05ec2b068928b74933ccf9e56c64e8216fa75b989f532
Wilt_1112_236.xml,210724ad-0f16-4ebe-82ee-5ef13367fc1c,1234,6a23794876ff93bff7c25478094a21859af902383d52155ab34c323e80441b4b
Wilt_1112_237.xml,210724ad-0f16-4ebe-82ee-5ef13367fc1c,1701,e1029228f277664f85dda44600f1c18efb084085920e0088a939d85ff641b790
Wilt_1112_238.xml,210724ad-0f16-4ebe-82ee-5ef13367fc1c,1700,b0be56d8dd5ddd2851e1997f57d4c1048a95f8ca5e15f340a1f7ca36c3ab428e
Wilt_1112_239.xml,210724ad-0f16-4ebe-82ee-5ef13367fc1c,771,96878b20efac1beb0be339dba4253256d8d88e8e7bccd969f04513125092c7a2
Wilt_1112_240.xml,210724ad-0f16-4ebe-82ee-5ef13367fc1c,1007,386533e2cf3893e8844dca5c79fd3e92d0520363cad74d4a0d4e226b7ff5c7f2
Wilt_1112_241.xml,210724ad-0f16-4ebe-82ee-5ef13367fc1c,771,1faad5cae7df1fc3fcae78ceb5d7570b0d4ef07df2ac008006d2c88bc052cb36
Wilt_1112_242.xml,210724ad-0f16-4ebe-82ee-5ef13367fc1c,772,39f850e94a925f407a61f2abd2b6f22f55d6e8ab61cb6dfd11cec0bf929c3742
Wilt_1112_243.xml,210724ad-0f16-4ebe-82ee-5ef13367fc1c,768,8d3e5d4c490e9968c7a0c88b72f7bd8abb9383c3f0f33a1e9076e7a64002be47
Wilt_1112_244.xml,210724ad-0f16-4ebe-82ee-5ef13367fc1c,536,3d474fd59c9c1da18bcac325db080feddca8b31911937b531bc453dca559f7cf
Wilt_1112_245.xml,210724ad-0f16-4ebe-82ee-5ef13367fc1c,771,4d889fea65e12be2084a832e7c42c9ef1ef747c737e417df60f37e824496f016
Wilt_1112_246.xml,210724ad-0f16-4ebe-82ee-5ef13367fc1c,1004,45f160b6095c274529855ba3cb3c1b8e05f67fb47845678f8c4c86521785d44a
Wilt_1112_247.xml,210724ad-0f16-4ebe-82ee-5ef13367fc1c,1237,a6125c6c904f8a487c48f4b9cce1ec1b007140da12f5652cb6f17248fcf2cdc3
Wilt_1112_248.xml,210724ad-0f16-4ebe-82ee-5ef13367fc1c,1706,bde3c0052f826b301bf0743cebd3e75c60992ec114f761caf2b0885c82151872
Wilt_1112_249.xml,210724ad-0f16-4ebe-82ee-5ef13367fc1c,1929,62b601ffb26b87d78c9aa4b8f114d67122cd82163a090a8d4b5ded584b4b9cdb
Wilt_1112_250.xml,210724ad-0f16-4ebe-82ee-5ef13367fc1c,1470,428195fc4c96b625b056723cbeb673619d2b5e49c20f86401f1e36e35837931d
Wilt_1112_251.xml,210724ad-0f16-4ebe-82ee-5ef13367fc1c,1004,14fbd78306c3d71a3a350538d65764de9c594ff7803315f1ede8beea188d69ca
Wilt_1112_252.xml,210724ad-0f16-4ebe-82ee-5ef13367fc1c,770,d9d4289a86b134a00ba8cf4e413360e73464baf1e9c286af434425d86e37c649
Wilt_1112_253.xml,210724ad-0f16-4ebe-82ee-5ef13367fc1c,1472,1a8bb0178d534a8ac43b9bf10ab70f244226f951139551409e59b54fe0b3b289
Wilt_1112_254.xml,210724ad-0f16-4ebe-82ee-5ef13367fc1c,1703,1a6d7901af1e42f18c73d9a676b0d3b7f4adaab3c824c82f8447fb810bdcfa13
Wilt_1112_255.xml,210724ad-0f16-4ebe-82ee-5ef13367fc1c,1237,44d89264eec8597a8a901677be7981b1a7e2e6bb00ed1bc8a3efd3ea4c718609
Wilt_1112_256.xml,210724ad-0f16-4ebe-82ee-5ef13367fc1c,1472,50c44eb8c2807208349048b0002f90b03e9e9b0fd3aee61367b049cb2fff040c
Wilt_1112_257.xml,210724ad-0f16-4ebe-82ee-5ef13367fc1c,770,af47bfce7306692b8d4e5ab5eba362925c0773f616491a7a4862415915a4b543
Wilt_1112_258.xml,210724ad-0f16-4ebe-82ee-5ef13367fc1c,1001,020fc0924e68a2358549caa65d1d3682956ecc307809372ec61cf6b96ca4ee94
Wilt_1112_259.xml,210724ad-0f16-4ebe-82ee-5ef13367fc1c,1006,4dd5782128a28889c3e82f4ec77bd245e5617e65bc696a4257f2822607f7a623
Wilt_1112_260.xml,210724ad-0f16-4ebe-82ee-5ef13367fc1c,1006,3038869d40366ad0f4554a52ae80ff68f69e09728a19e60bed92f7a3eac74fd6
Wilt_1112_261.xml,210724ad-0f16-4ebe-82ee-5ef13367fc1c,769,24b501d19776e8ff0e5f5058527695f6d2fc4894713e3ef96f52165245216d99
Wilt_1112_262.xml,210724ad-0f16-4ebe-82ee-5ef13367fc1c,1234,4ff6a283de9c60e1da5e7831d5dd459f6bcce16c6ad0ba62b804fd89fed86092
Wilt_1112_263.xml,210724ad-0f16-4ebe-82ee-5ef13367fc1c,1001,3e490c59aaa69f5f009d7441684c0857ee127210eec1032167d68fd71d854b99
Wilt_1112_264.xml,210724ad-0f16-4ebe-82ee-5ef13367fc1c,1235,964f6cb4cbf77454810f3eb40f74e4b807e5153e78b4d196ffcbcec508ba410d
Wilt_1112_265.xml,210724ad-0f16-4ebe-82ee-5ef13367fc1c,1000,ec9bbbc3de44d886d2bade62210c2e6cad3146a70e3c79ba172630b1e87e49c1
Wilt_1112_266.xml,210724ad-0f16-4ebe-82ee-5ef13367fc1c,1236,8276a6b321b85c7e1a6fe4d99d755707f808cd34d00c615485ef61a7d1dad315
Wilt_1112_267.xml,210724ad-0f16-4ebe-82ee-5ef13367fc1c,1470,74be890da0731ca37977830315ca76541f7272481ae776247c8f69ff4468053c
Wilt_1112_268.xml,210724ad-0f16-4ebe-82ee-5ef13367fc1c,1231,6b485418cf2cc561e6b0cbc2d1431f0badfc561a9fd204579fc0621b8650c728
Wilt_1112_269.xml,210724ad-0f16-4ebe-82ee-5ef13367fc1c,1233,189a539b2b220e55b00f47dd4ee334d825eef74de68c961955d047bd38f2472e
Wilt_1112_270.xml,210724ad-0f16-4ebe-82ee-5ef13367fc1c,767,adc9b4e7850df7fcae76c33870382f0cc0eb14d339fc25951710ca09bd5dbdcf
Wilt_1112_271.xml,210724ad-0f16-4ebe-82ee-5ef13367fc1c,1005,20d2bac67ab05e3b541d90e365d80dbbca01f9ad3895456c0243d32e49d43855
Wilt_1112_272.xml,210724ad-0f16-4ebe-82ee-5ef13367fc1c,1696,5222a7924a83668747735dc2eda87a3de6ab44667d3db020201fd5917a1677ca
Wilt_1112_273.xml,210724ad-0f16-4ebe-82ee-5ef13367fc1c,771,9a4521d94ce9d4231dcaee304ec3fc8f9e8ceb984e7cd847c318ac95e65f9734
Wilt_1112_274.xml,210724ad-0f16-4ebe-82ee-5ef13367fc1c,769,0af6f983ad2f14010105fd5d0a3011e7953fb132021a7ef4d80030cc5e56b6d2
Wilt_1112_275.xml,210724ad-0f16-4ebe-82ee-5ef13367fc1c,767,00300633874c02402e5f8b1ff175c991775970c8c756b8085b3c51d11d3cddb0
Wilt_1112_276.xml,210724ad-0f16-4ebe-82ee-5ef13367fc1c,1001,4ec21fc46c730a1eb4ec1c58826e97e6bfb04fa7177ee16539c6e2386cc94c94
Wilt_1112_277.xml,210724ad-0f16-4ebe-82ee-5ef13367fc1c,1239,da9df27469c5321080369f728cc4ca57596b5a95e008c4731cd2510a8a9d3f8d
Wilt_1112_278.xml,210724ad-0f16-4ebe-82ee-5ef13367fc1c,771,94268f4fdde68a11cea5c73f33adfc62bf09b7cf7603d27954afda57b72a3e08
Wilt_1112_279.xml,210724ad-0f16-4ebe-82ee-5ef13367fc1c,768,f4a9a6caf6f4b1aedda85b7680d8c482cecbbe4de42a8de1115d2f881836f79e
Wilt_1112_280.xml,210724ad-0f16-4ebe-82ee-5ef13367fc1c,999,cb65bbc0f9be0ac88a5638e6689f1ef74335b8eafb64d787d682783942b5f71b
Wilt_1112_281.xml,210724ad-0f16-4ebe-82ee-5ef13367fc1c,1235,9281ec067187cc304e69704aa5f97486c7768c6d78bcaf7b526db1bacd3043e9
Wilt_1112_282.xml,210724ad-0f16-4ebe-82ee-5ef13367fc1c,2167,19cd8c7102faeb837a85dd227752251fb914491cd2d969337098086d80c41d92
Wilt_1112_283.xml,210724ad-0f16-4ebe-82ee-5ef13367fc1c,1706,fb39773d747b6ae2491e7b1951c4a97c1d04fc03e6266366ec71a4505673fad9
Wilt_1112_284.xml,210724ad-0f16-4ebe-82ee-5ef13367fc1c,536,b817f887a313fa41af73885217891742c39b40e3970da0a86ea8b2d21701dae2
Wilt_1112_285.xml,210724ad-0f16-4ebe-82ee-5ef13367fc1c,771,5defaa9e4869aea1f6f52b02311ec8c90c5e4a909386f108c89237db3b3a3315
Wilt_1112_286.xml,210724ad-0f16-4ebe-82ee-5ef13367fc1c,769,229bcc690aa41d5ca4e18c67e4a05598ff41d9e12c16e2b8bac9eb8aebdb8df9
Wilt_1112_287.xml,210724ad-0f16-4ebe-82ee-5ef13367fc1c,1002,ff58585e1601d7152331751f16e8687ccea23e3d7424a4a31cc2950d93d96ae7
Wilt_1112_288.xml,210724ad-0f16-4ebe-82ee-5ef13367fc1c,1468,fe87b099daf84cfaca4ab5bfa2e3c9b8c2dad49ffabcf6bacda1547eca0d39a3
Wilt_1112_289.xml,210724ad-0f16-4ebe-82ee-5ef13367fc1c,768,861b26bc4dbc666496f1d3cc6a4f728acd43dfa8a35ae6dae9e63730f7fb5041
Wilt_1112_290.xml,210724ad-0f16-4ebe-82ee-5ef13367fc1c,1703,9522aaf2477bf1b191103bd5fc503b0df469743a5d94330eee7d63a7b9ba7484
Wilt_1112_291.xml,210724ad-0f16-4ebe-82ee-5ef13367fc1c,770,c3b9a81ee1765297ca9f468610d59ad5b854f9c11b92cd17c71e99db91029263
Wilt_1112_292.xml,210724ad-0f16-4ebe-82ee-5ef13367fc1c,769,1cd43a212e2141eaf281418ae4e3544cb7a00b697b14ab9b41d94ed84648ba15
Wilt_1112_293.xml,210724ad-0f16-4ebe-82ee-5ef13367fc1c,768,39318c543b32717f442953423c63d90123ca4e2de453e55cabdbc15281b5186d
Wilt_1112_294.xml,210724ad-0f16-4ebe-82ee-5ef13367fc1c,1003,f23d7883738d80ca855f44217522e882a068e73f8108a563614286057e0e9552
Wilt_1112_295.xml,210724ad-0f16-4ebe-82ee-5ef13367fc1c,770,beaec9f27891f23194ec616fc6375c6a9f9beea2f45a4c9dae6c5acdf23696fc
Wilt_1112_296.xml,210724ad-0f16-4ebe-82ee-5ef13367fc1c,1706,d94c0a6030c8af5f709dab3c73f9462cb5b77b8660de2bfc7b2d71e60c57892b
Wilt_1112_297.xml,210724ad-0f16-4ebe-82ee-5ef13367fc1c,771,c7493eb10a3acf2149ac6d8d50bf5c2e81ba6fbfe317545bbb251ba27a023bb2
Wilt_1112_298.xml,210724ad-0f16-4ebe-82ee-5ef13367fc1c,771,f6c8c0987f0abb223fd3c44983fbf01bd82bb40d9ce7fd1c2b501446b9a0b7db
Wilt_1112_299.xml,210724ad-0f16-4ebe-82ee-5ef13367fc1c,1004,c1a3b51a565b71d53ed3c21c88fca63bf3a11492de80954b42507e35e3074ff6
Wilt_1112_300.xml,210724ad-0f16-4ebe-82ee-5ef13367fc1c,1004,cadb413249899267fd15353592076f21bcc0a2d7b897376656603bc8e9af6280
Wilt_1112_301.xml,210724ad-0f16-4ebe-82ee-5ef13367fc1c,770,bfb4a10b85d63612be1b2281926875e1558299a5172fab01733b1540eccb39a5
Wilt_1112_302.xml,210724ad-0f16-4ebe-82ee-5ef13367fc1c,1004,af6e3ad2f9932e3121e02de7342877608cdc04809a12b62543e3c845235a3ff8
Wilt_1112_303.xml,210724ad-0f16-4ebe-82ee-5ef13367fc1c,1469,5f388f62def751e66c97a68f14dbba429df78dd4385c72c0be3351b4a549c92d
Gray_0509_001.jpg,30f4a641-9343-4f35-b325-a95ea2177e6f,6460350,8777eec0b45b78be06f28e13f67e1277bff6ef3f91525770144a20d0024ca698
Gray_0509_002.jpg,30f4a641-9343-4f35-b325-a95ea2177e6f,6298709,8d4b4e0d0f649a85ac5d514157ab2a5d173e2b07b82eaa6d2bf3c4c56c369b6e
Gray_0509_003.jpg,30f4a641-9343-4f35-b325-a95ea2177e6f,5757447,9f083019206babe83deb29af8f575fc3a4002eab058fa63fc0393fa8498da55f
Gray_0509_004.jpg,30f4a641-9343-4f35-b325-a95ea2177e6f,5232071,fa3c236920992dd8ebb5923b47d7168bf5e1d97e5a29c967075c2a9c87749e0a
Gray_0509_005.jpg,30f4a641-9343-4f35-b325-a95ea2177e6f,5400702,02820e39ed4ab58e0eb28c176091f274e8f497801f4181624a420f89a85d77aa
Gray_0509_006.jpg,30f4a641-9343-4f35-b325-a95ea2177e6f,6043011,4effda0cf22b15d17046a37ef8b709befb2a93f450e7c589ba4068d4f2179458
Gray_0509_007.jpg,30f4a641-9343-4f35-b325-a95ea2177e6f,6444344,cfe108e016dcece74bee08f3330f212ec5bfa8aecec5579c098270bc571d3eb4
Gray_0509_008.jpg,30f4a641-9343-4f35-b325-a95ea2177e6f,5603429,ab22770c74cdcb214a3358302d62d37cbb94b0d4f1f046ede1d50d3aa062bac6
Gray_0509_009.jpg,30f4a641-9343-4f35-b325-a95ea2177e6f,5183345,07fd2e96283c7c1c15a9cdb61d82f5e7bfc6361643a6d4cbb3e66dca2ad71368
Gray_0509_010.jpg,30f4a641-9343-4f35-b325-a95ea2177e6f,5258622,a6bbe3373a5bd952d2ca32af2209e8ece61850b4d8252ce936dc6b836625cf3a
Gray_0509_011.jpg,30f4a641-9343-4f35-b325-a95ea2177e6f,5286704,9f6020413abb90ebb59ee46e89b7d94667a6dfd5435f97dbc5fc9d93b2ea8d38
Gray_0509_012.jpg,30f4a641-9343-4f35-b325-a95ea2177e6f,5546989,4b35b8fa0f47f42b197d4f078c7f94f1588c595be9e2b8f438e36d34e1578ad2
Gray_0509_013.jpg,30f4a641-9343-4f35-b325-a95ea2177e6f,5591040,f7cc9d99e5083f10c43203bfe04f8a81aa2948811b122b32cc189348536a06ac
Gray_0509_014.jpg,30f4a641-9343-4f35-b325-a95ea2177e6f,5524858,54e537afd050a15890c40dfeeb81c2c56c8821338a836b28ba1591b8202b87e8
Gray_0509_015.jpg,30f4a641-9343-4f35-b325-a95ea2177e6f,6538230,175853719c86656deea6abf93282e9ce8d9ae1e42083ac3100a26defed5ffde3
Gray_0509_016.jpg,30f4a641-9343-4f35-b325-a95ea2177e6f,6237951,23242837ff37459f62b8bdf7549b28b458332c28ea21a1ee586f7530c36219d7
Gray_0509_017.jpg,30f4a641-9343-4f35-b325-a95ea2177e6f,7457634,73e36f422eaa4fa8c88b1dd48e7a817dafbdcdb582018bd583ab8f180b868781
Gray_0509_018.jpg,30f4a641-9343-4f35-b325-a95ea2177e6f,7052027,45da1c5085f5a88dc488440cc297c67692368173990d55756b4f7590827881d6
Gray_0509_019.jpg,30f4a641-9343-4f35-b325-a95ea2177e6f,5414715,d1a18fa67c177f1e43f5ea4e9ce4701ce4e6ae822cb2788259029962f91b92c3
Gray_0509_020.jpg,30f4a641-9343-4f35-b325-a95ea2177e6f,5397969,b68fc56ed6a98f11d48cbda94367c92f8190ab8b308841998758280186666293
Gray_0509_021.jpg,30f4a641-9343-4f35-b325-a95ea2177e6f,4793849,9ecfd497cc98289197aca039a3181bd30e10badbd8f0860617732887ab4052b9
Gray_0509_022.jpg,30f4a641-9343-4f35-b325-a95ea2177e6f,4754304,7c60e52049f3ac7363df02cee881c4152eccb4f123d538d4607b84c913816ca0
Gray_0509_023.jpg,30f4a641-9343-4f35-b325-a95ea2177e6f,4409561,d5d52781e37b9444f3bbd43c6c969aa8bec80e2eb17bf10cfcebdaa4705d2296
Gray_0509_024.jpg,30f4a641-9343-4f35-b325-a95ea2177e6f,4582744,890ed7d9748cd90cc6b36bdb6313622772b20d232eb810d8353d4d37e4a8a807
Gray_0509_025.jpg,30f4a641-9343-4f35-b325-a95ea2177e6f,6307366,e1979bf7755628a7816aa3fa3513685983c256e2e2f532e5ff0a4c41ab226def
Gray_0509_026.jpg,30f4a641-9343-4f35-b325-a95ea2177e6f,7014324,dabbe390c95be96e630153ead7015ae15a3fb52a3404d1f6ccbb3a395c9b086f
Gray_0509_027.jpg,30f4a641-9343-4f35-b325-a95ea2177e6f,7292728,cc14dddc186233d0729cf7b7e9874f5de105316723fe7e3165c7de7eec0461f4
Gray_0509_028.jpg,30f4a641-9343-4f35-b325-a95ea2177e6f,6879070,3c1f29d06137eaee1d68f1e04d0d5ae72c6a7319d24310673c9b997dca340aaf
Gray_0509_029.jpg,30f4a641-9343-4f35-b325-a95ea2177e6f,5844617,8c5c2952c430086fe20f1f0dd48e3dd5576ceefc2a38e26c01438ca6974dda3b
Gray_0509_030.jpg,30f4a641-9343-4f35-b325-a95ea2177e6f,6494893,fd2a0a55f8d27f24a2c441fcfb0784194be0c0a9b55af9e9ad20bf10454d794a
Gray_0509_031.jpg,30f4a641-9343-4f35-b325-a95ea2177e6f,6216856,70a8cb64f7b717f0e5d92e285b2bb754adc21bc584157ad967f81e6e028596cf
Gray_0509_032.jpg,30f4a641-9343-4f35-b325-a95ea2177e6f,6129665,96d2a6aa85906c2985ed9309fe783d5534308edf185ca66e38db5c10db5c180f
Gray_0509_033.jpg,30f4a641-9343-4f35-b325-a95ea2177e6f,4894734,13760c693a3fe884b2dc2a09217e77af74d83a4e6db08d6625fd173512c0f9ff
Gray_0509_034.jpg,30f4a641-9343-4f35-b325-a95ea2177e6f,5072777,53dc6235f1b39f0f0b05b9c9cc118414f6c0a62750045df9a3ce8240ccfe42ce
Gray_0509_035.jpg,30f4a641-9343-4f35-b325-a95ea2177e6f,6184195,767a1e7c96502e6706ce0224aeca870fb696418b71ff1b9dfd58be8fb170f338
Gray_0509_036.jpg,30f4a641-9343-4f35-b325-a95ea2177e6f,6168112,acebe78d250bb2daa087728d91555562b093a8e78ae0653c00afae53437c5fff
Gray_0509_037.jpg,30f4a641-9343-4f35-b325-a95ea2177e6f,6002052,be57f6231a4ebf1dc06cbcd358618339f7810486c91e264f3f4e6220e8ecc26b
Gray_0509_038.jpg,30f4a641-9343-4f35-b325-a95ea2177e6f,5551272,c03fd995d529d4dd25b69c68d8da6eb377c29af253b5440874fa921e4f6e0249
Gray_0509_039.jpg,30f4a641-9343-4f35-b325-a95ea2177e6f,5905318,ed9d99ca97d5e0ea73a9716c650ec7c7861e215fef36256c574ef9ad7f596c69
Gray_0509_040.jpg,30f4a641-9343-4f35-b325-a95ea2177e6f,5965801,5475e21add1b6151246652103bbd4089bacac1793a078fb461968e1caebbcc96
Gray_0509_041.jpg,30f4a641-9343-4f35-b325-a95ea2177e6f,6095925,7584288a4c365b00e556b6989c39b9afefb031aaeb836b466c54e74555c7ef0d
Gray_0509_042.jpg,30f4a641-9343-4f35-b325-a95ea2177e6f,5554956,e3f1bdf6c5985d3ee32e22fc3c5fe577900a5c9a762d1c2aaef5cda88b8a81da
Gray_0509_043.jpg,30f4a641-9343-4f35-b325-a95ea2177e6f,6023962,4b3678ee1906501ea3f02cd38b38f396a31593ee25daddb2873bb93ca9142db7
Gray_0509_044.jpg,30f4a641-9343-4f35-b325-a95ea2177e6f,6230359,4615330e93c9dbc359cbdd47ca4fc603b9d922f65309b969aa0e35a250f798b1
Gray_0509_045.jpg,30f4a641-9343-4f35-b325-a95ea2177e6f,6501886,cf5f30549b2404d581714823827026824ab0fb85160810c794ae36a970dd9bc6
Gray_0509_046.jpg,30f4a641-9343-4f35-b325-a95ea2177e6f,6795422,f1cadd07d79c18fcf9954c10f75fe750acd94b7320686b1eedca2c1b318df8ad
Gray_0509_047.jpg,30f4a641-9343-4f35-b325-a95ea2177e6f,4796009,a2b29c26f6d7c472f812f46064d0bd70d9c1960b6d96aa2e750e2b836b34824f
Gray_0509_048.jpg,30f4a641-9343-4f35-b325-a95ea2177e6f,5976359,f99cb9f9aa567caae3dcf268f47c5ae18d3fe202625b32563170acf0714b4298
Gray_0509_049.jpg,30f4a641-9343-4f35-b325-a95ea2177e6f,4915456,86e2e8380bf82764605668a0f7eb7195d427eb040b1f5e0a96bf16a8fac848f2
Gray_0509_050.jpg,30f4a641-9343-4f35-b325-a95ea2177e6f,4572320,bb8276a36278feda4690c0b5d0c1f561e1ce535baae393606f6e2d4b6b6ae182
Gray_0509_051.jpg,30f4a641-9343-4f35-b325-a95ea2177e6f,4777706,8ab7436ce4845cc4c030eb40a5c2e633000727cb7cf69f4a5554599997d2beba
Gray_0509_052.jpg,30f4a641-9343-4f35-b325-a95ea2177e6f,6283160,28513b2039d1729fa6ad4157c283fe84180dbb4aecbbc5b5ecd438b004c136de
Gray_0509_053.jpg,30f4a641-9343-4f35-b325-a95ea2177e6f,6605037,0496cc6ef046776c62fb04f2cf34ca362279e6e3c34613c04f60c2b66d7976a1
Gray_0509_054.jpg,30f4a641-9343-4f35-b325-a95ea2177e6f,4918695,71ec8e9bcc73accabab851a24a4f5b28e2a04cd78539ec26a3911e03b28d7037
Gray_0509_055.jpg,30f4a641-9343-4f35-b325-a95ea2177e6f,5123859,9c7d7f918b93495a8af758b10f22b3fe78bba9a444b6b966a2fa25cd89f5f0e5
Gray_0509_056.jpg,30f4a641-9343-4f35-b325-a95ea2177e6f,6254421,a77da605f8b8c0cfe3cd08c63f400d4337de8d8cf9047b0932d638bb9e9677e6
Gray_0509_057.jpg,30f4a641-9343-4f35-b325-a95ea2177e6f,6272126,6ee3a3e2cd51b27563eb922489f740b7ce3210945a3f2785c694bec7b50dd1b9
Gray_0509_058.jpg,30f4a641-9343-4f35-b325-a95ea2177e6f,6342251,60e24640728a03115432caf57dfe3c96fd2abfc1b5e112cabc90b6b6f3ab15e1
Gray_0509_059.jpg,30f4a641-9343-4f35-b325-a95ea2177e6f,5591439,b18040b414da6ec4e36cb273001ca9b86591fbbacfab0ac86ddc0e5888207d6b
Gray_0509_060.jpg,30f4a641-9343-4f35-b325-a95ea2177e6f,6866263,7a3c5b7be859f3a6590f069fcee60a16a25ae04586140d4984942df1aa1577a8
Gray_0509_061.jpg,30f4a641-9343-4f35-b325-a95ea2177e6f,6996862,402877b7acd9e2daa7a8152db02d733848f998333ebb1de05981d5c2b9d7c497
Gray_0509_062.jpg,30f4a641-9343-4f35-b325-a95ea2177e6f,5955776,52c45c30591490f29eb30cde88adeb043a70e0373482b90be5a80e6ac1662cf7
Gray_0509_063.jpg,30f4a641-9343-4f35-b325-a95ea2177e6f,6477646,38af22419a733f64ea5ef71f0b8425cc0f8a5eb5728237e75c4cde16ada59089
Gray_0509_064.jpg,30f4a641-9343-4f35-b325-a95ea2177e6f,5109547,96e103d05c2f34b67d11f6ec6888db07758618a017562b131998727bd0048ea3
Gray_0509_065.jpg,30f4a641-9343-4f35-b325-a95ea2177e6f,5785682,babe69dbc3b77b632b34330508c40c361938851beeefef5440c70b21b1bb1deb
Gray_0509_066.jpg,30f4a641-9343-4f35-b325-a95ea2177e6f,5776693,90dbc1ccc09578c3c02c419b9c0d8c450f4c2b46d053ad58ef0e916dae4734e0
Gray_0509_067.jpg,30f4a641-9343-4f35-b325-a95ea2177e6f,5299612,9b748eb98d689098bdefd9f4e70f1f61e80660a75d4b5e72366b4ad9cfc7447c
Gray_0509_068.jpg,30f4a641-9343-4f35-b325-a95ea2177e6f,6124614,d779e7b7aee9f0f5ddaacdcef275666a80f947279e5cb7c208a9d0d117784efb
Gray_0509_069.jpg,30f4a641-9343-4f35-b325-a95ea2177e6f,5123977,b1289e34d4ae7290c07146600be855eef4b293f29a35d017003c15d082f2e649
Gray_0617_001.jpg,30f4a641-9343-4f35-b325-a95ea2177e6f,5518542,449b285636e896e05069139d565b2c4fd1fc87a79249973c9d9da0b9a943154c
Gray_0617_002.jpg,30f4a641-9343-4f35-b325-a95ea2177e6f,5936120,a515af91261cb6b86d2a0d0d600293c89959fdaa001409f8e35de567bbd72c1f
Gray_0617_003.jpg,30f4a641-9343-4f35-b325-a95ea2177e6f,5507775,2bd9e137da7b360988f944660e5a14287ffb63e091b4aece5d77ea1d8e89cd5c
Gray_0617_004.jpg,30f4a641-9343-4f35-b325-a95ea2177e6f,5311170,4258752d21fe4e74151c37bb886b358b3a44bf38565438661d4c8d425b49f38a
Gray_0617_005.jpg,30f4a641-9343-4f35-b325-a95ea2177e6f,5222553,def4a78c7f26ab23a1fd0f9219754b9106da6434be51ef5305b04488cbb4d1a9
Gray_0617_006.jpg,30f4a641-9343-4f35-b325-a95ea2177e6f,5758351,119e09737dacb7da8173bc58cdf420b4323d51930e71fe82772170c988557b91
Gray_0617_007.jpg,30f4a641-9343-4f35-b325-a95ea2177e6f,5083445,34a01dc2598fc20a626642203cc43383a9209ddbea735503a32ec80836500ab3
Gray_0617_008.jpg,30f4a641-9343-4f35-b325-a95ea2177e6f,4933687,98ce281e0478b93923d20e94cd9057eb57cd52ca17d6c20d9d3c68f152a0d06d
Gray_0617_009.jpg,30f4a641-9343-4f35-b325-a95ea2177e6f,6563868,7b4927d47e014cf76db44cb61186476be0bbd5206cd9fabf5e552fa171a78a29
Gray_0617_010.jpg,30f4a641-9343-4f35-b325-a95ea2177e6f,5806412,03b6a79435643ea7c081a2e9775ef67dc34d0003e2d54b90f84f5c1bb3cf4720
Gray_0617_011.jpg,30f4a641-9343-4f35-b325-a95ea2177e6f,5882416,4367713077973f565c92ba087109693a4409bcb5a020345ec16b9e46383bcd62
Gray_0617_012.jpg,30f4a641-9343-4f35-b325-a95ea2177e6f,6292632,3fc4ec7a00e77c51a9fe27390e84044dbfbeaed9162379be47c4b86914b3266a
Gray_0617_013.jpg,30f4a641-9343-4f35-b325-a95ea2177e6f,5636523,ef57de49ad2eb26e36885d80895bbe4ff0c408824191f6ae58ae1a059163f6b7
Gray_0509_001.xml,6284fd16-a30e-4a5b-8bb0-66b746031448,551,87f586a2ee38ca0bbf324cc3077ded24c50e23ac875f36b899eafbd289ab13d7
Gray_0509_002.xml,6284fd16-a30e-4a5b-8bb0-66b746031448,551,006fd0dfb3c491a6e67f4298d11d58f900e4020a5c9651124ad52b14cae4fcb4
Gray_0509_003.xml,6284fd16-a30e-4a5b-8bb0-66b746031448,552,36526cd04effc1c82729bc82fc42b22eda083e55ec69c2e4accd3facfac76d94
Gray_0509_004.xml,6284fd16-a30e-4a5b-8bb0-66b746031448,551,7b7f7bc640c82a130eca1643111f004527f9b65251e6d393eb94b6d27ce1e957
Gray_0509_005.xml,6284fd16-a30e-4a5b-8bb0-66b746031448,552,0694567a4449ad662c3f32c72cf51711929feaad84fcf4e5e47bcbcf6eed3ab2
Gray_0509_006.xml,6284fd16-a30e-4a5b-8bb0-66b746031448,552,1616a4b6636ac111c43c89ce81ee97177a9766cb46d32347cd1a8fe4b0933615
Gray_0509_007.xml,6284fd16-a30e-4a5b-8bb0-66b746031448,551,d6c3c20cd859d0786143a28a11170a0a8f1accd52d934d2096895c105879fac0
Gray_0509_008.xml,6284fd16-a30e-4a5b-8bb0-66b746031448,552,ef3f3fedb15d21a9ffcf20bc03b21066f0345e7544455da05dc685b38319cd42
Gray_0509_009.xml,6284fd16-a30e-4a5b-8bb0-66b746031448,552,2067292741966902b39efe8e42252ddefec243cdd1f28fe07553d14377c574ef
Gray_0509_010.xml,6284fd16-a30e-4a5b-8bb0-66b746031448,552,ad8213eaf021dac39cd4170024cd4f53619234a4d922a2105cb934dd673fb39a
Gray_0509_011.xml,6284fd16-a30e-4a5b-8bb0-66b746031448,551,f74b3b692e02024005895bf790a6541b2e1b163040536250bd392711ab2c308c
Gray_0509_012.xml,6284fd16-a30e-4a5b-8bb0-66b746031448,552,acc9867869ff527f25accd62d8364689e82305af9d99f58cbea343b2a061c64c
Gray_0509_013.xml,6284fd16-a30e-4a5b-8bb0-66b746031448,552,21629cac6187a31224c48fae00dea25752c9e04b1f36d82c229240cb7d12c635
Gray_0509_014.xml,6284fd16-a30e-4a5b-8bb0-66b746031448,551,4aaa06c6af0ee796794a97310a326efe4791ed677e544fa76a98da311c6f20fd
Gray_0509_015.xml,6284fd16-a30e-4a5b-8bb0-66b746031448,552,f73fec1f5b267f366a5f72cd12605211f8f918d4b21333772fcb93b554d94c72
Gray_0509_016.xml,6284fd16-a30e-4a5b-8bb0-66b746031448,552,26367e6374ab6ef63dbbf4f85c2985ad6417ffa8646c60e31bcfc5f910ef1404
Gray_0509_017.xml,6284fd16-a30e-4a5b-8bb0-66b746031448,550,5f3a5918055b8e58dee9c5e37ca3f04799d50e59cc0c34db726f683a43a8ff18
Gray_0509_018.xml,6284fd16-a30e-4a5b-8bb0-66b746031448,550,e7be7a137c017f77abe3bd303668b5b81143f42fc8a60030a52a1512f3b5c81d
Gray_0509_019.xml,6284fd16-a30e-4a5b-8bb0-66b746031448,552,1f75cda7051bdac2bb40c18fa81d845c3335229088fafcc69ec7f15c0c97f70b
Gray_0509_020.xml,6284fd16-a30e-4a5b-8bb0-66b746031448,552,4d6c460d588b0fbfee6564924a22acdd21bb6ce12174427075857b3a54190e45
Gray_0509_021.xml,6284fd16-a30e-4a5b-8bb0-66b746031448,551,52d5a90c6b28b6c38fe602a784ee0c36008fdaec9236821a3cd932a5ab63e176
Gray_0509_022.xml,6284fd16-a30e-4a5b-8bb0-66b746031448,551,0b77229bc09f6f45cf8b0da84e5cc0f8827fd3344c26d21baa6ca67cc49b4f45
Gray_0509_023.xml,6284fd16-a30e-4a5b-8bb0-66b746031448,551,3895204092a5c9d9817c667d9f454ddf164870615a23b53b6872260e4ea97fd7
Gray_0509_024.xml,6284fd16-a30e-4a5b-8bb0-66b746031448,551,445c29d11705b9e01f6c23ea120cf64e53e802193ffb3d1b6c277504bc9352bb
Gray_0509_025.xml,6284fd16-a30e-4a5b-8bb0-66b746031448,1022,8edacc7ce3dc6effdcabd1ea63b5b53b6c801cc08733040d6b5b8084d076877f
Gray_0509_026.xml,6284fd16-a30e-4a5b-8bb0-66b746031448,1260,3c38d66e09194d2bb252a832222c91cff673013db256371abe549519c25ff26f
Gray_0509_027.xml,6284fd16-a30e-4a5b-8bb0-66b746031448,1260,dec945e7bfa91be21a5d9cf71f262ca39bbd119836941bb72bae42aed4cb54fd
Gray_0509_028.xml,6284fd16-a30e-4a5b-8bb0-66b746031448,1262,36f2c58f7f043274efb191f5ab21f06699b1fdab74924512689acf6eb73e1adc
Gray_0509_029.xml,6284fd16-a30e-4a5b-8bb0-66b746031448,1263,35a25ce738f61db754763fe0549746bad2a60f1002885d4333eb4190fbdd2b8d
Gray_0509_030.xml,6284fd16-a30e-4a5b-8bb0-66b746031448,1023,4e840d20c2dd1832df2a4f8c8d3375a0abe1e51c754f4de2dcc464b21f65ffbc
Gray_0509_031.xml,6284fd16-a30e-4a5b-8bb0-66b746031448,1022,73b44e20731788f7fdd266330ade18eb12e05666b84a99c3f9a4d760639e7583
Gray_0509_032.xml,6284fd16-a30e-4a5b-8bb0-66b746031448,1022,be9fb2ed95b20527aaf7137ebe0461e5468a3863e35a2c68c72690435ab9de90
Gray_0509_033.xml,6284fd16-a30e-4a5b-8bb0-66b746031448,551,097a27e62e9d912dec40e65b1d62cd0bf48b1d7be72b2c011e876dfdc04662d7
Gray_0509_034.xml,6284fd16-a30e-4a5b-8bb0-66b746031448,787,bdda812d95852a3ee117f32920ba7fe0c1c8798fd37b56775fe8f13e626a65b3
Gray_0509_035.xml,6284fd16-a30e-4a5b-8bb0-66b746031448,787,d2a75550afe22e58fa853781a709c133e4d78bac2c45db96add8bd8aef112f3b
Gray_0509_036.xml,6284fd16-a30e-4a5b-8bb0-66b746031448,1022,729e458b1efd744914173d44333df2685f0bc70478e69f0e65194f4e12c3502d
Gray_0509_037.xml,6284fd16-a30e-4a5b-8bb0-66b746031448,550,7041ab06dfe5e6d5d7016b05f645912e24671fa108fb318e56f257806853652e
Gray_0509_038.xml,6284fd16-a30e-4a5b-8bb0-66b746031448,550,0257108cd5168aabc351483f87e08a4e0023e4d56d1572baed2af1eb7c31da1f
Gray_0509_039.xml,6284fd16-a30e-4a5b-8bb0-66b746031448,788,28d5b8bc7d5471e640a46d5874e8c77ab43c91414709b7be6f0367f00906e8ca
Gray_0509_040.xml,6284fd16-a30e-4a5b-8bb0-66b746031448,788,4c67efa1c409e53d6a7969dd5a6aa8cc2787ccbe750c0981c2eec363e339a629
Gray_0509_041.xml,6284fd16-a30e-4a5b-8bb0-66b746031448,550,87fa680332d6172fefcdb305250baa2537c2c11367df7c0927231f34e76e21a2
Gray_0509_042.xml,6284fd16-a30e-4a5b-8bb0-66b746031448,551,1a0640b23bdb701733d00a2b752e059caf417eabd13a3613ae4dc1ccaa955977
Gray_0509_043.xml,6284fd16-a30e-4a5b-8bb0-66b746031448,551,022d4bc0f8fd8f8484272d4c617b54f81757859bd5849ad38a0e3a32eab0f604
Gray_0509_044.xml,6284fd16-a30e-4a5b-8bb0-66b746031448,551,5310dc9a9dae87feb8a8251200e496c4664a26cda9bf3bfb0b3adf48030d9873
Gray_0509_045.xml,6284fd16-a30e-4a5b-8bb0-66b746031448,550,3d23961e4cf64042f5f9c49296ef119178dab2c76cd9a1b0b34ccfb1483a1607
Gray_0509_046.xml,6284fd16-a30e-4a5b-8bb0-66b746031448,551,d078368cb2e00f9f15f73555d577a17e8581f8752f87a82a6e6067f8235de792
Gray_0509_047.xml,6284fd16-a30e-4a5b-8bb0-66b746031448,551,1675ab025f2e11f2cfaf3280e0f57dbafe6ccfd03bf9913face87f2e215eff28
Gray_0509_048.xml,6284fd16-a30e-4a5b-8bb0-66b746031448,789,00489f05e5e85135273163463746dcb757a996d7cda918decf65088bd042de12
Gray_0509_049.xml,6284fd16-a30e-4a5b-8bb0-66b746031448,551,0781b0e0fed5efbd3fcbf0616d0aae5a9f7b82d5730caf6e6104b3932edd9b3a
Gray_0509_050.xml,6284fd16-a30e-4a5b-8bb0-66b746031448,551,090e9ffda9f2bb59e05d79d39a0b5fa2914bd0b0f8eb87c9fff8787f9efaa1d3
Gray_0509_051.xml,6284fd16-a30e-4a5b-8bb0-66b746031448,551,57809863b385b76fcd43c4e815f98745906dd6583cb8a08ef80f0410eed5f1ef
Gray_0509_052.xml,6284fd16-a30e-4a5b-8bb0-66b746031448,1261,1ae313a07cd73d3a7a349bd13d3014a2af3731fd981969af62a7d74638ff99a9
Gray_0509_053.xml,6284fd16-a30e-4a5b-8bb0-66b746031448,1261,f5b48dad33355263c258865afa8815882fd3e7f2aa77575082ea74dce09afebb
Gray_0509_054.xml,6284fd16-a30e-4a5b-8bb0-66b746031448,551,c141b152608e424cadb2e174e480f29edb91fdfa56efbb50209062f87cb2d3d6
Gray_0509_055.xml,6284fd16-a30e-4a5b-8bb0-66b746031448,788,18d14bc9a77979f22ea9bca06036676acd63e10935f9e965991308aee259c4d0
Gray_0509_056.xml,6284fd16-a30e-4a5b-8bb0-66b746031448,788,b72fa831b0860f820fcfd7816752306c20904bdbf60f0d131a1f76575bb41f8e
Gray_0509_057.xml,6284fd16-a30e-4a5b-8bb0-66b746031448,787,aa6ad3fc32ec18a1ff18864590455838a01c9696f375d6e5908c04c13de44237
Gray_0509_058.xml,6284fd16-a30e-4a5b-8bb0-66b746031448,551,e087a92e95464c0c800722886c4026c871f5eb9143bc9ac849cdf0ba7bd3bef0
Gray_0509_059.xml,6284fd16-a30e-4a5b-8bb0-66b746031448,551,de693b37e47808f202b35536e433f1abc4c7ab77bfe940db3ce9f7f0e46b0460
Gray_0509_060.xml,6284fd16-a30e-4a5b-8bb0-66b746031448,550,52cf07e412dffe0b7cf176625a57e3a251bc1bc961fec66f7bb96009859e9ac2
Gray_0509_061.xml,6284fd16-a30e-4a5b-8bb0-66b746031448,551,d0408e22f38583ef3d02ab7fe221e81c6aad0169398bc3acfa325f8c79214bb5
Gray_0509_062.xml,6284fd16-a30e-4a5b-8bb0-66b746031448,550,b9461872692d6ecb8e50c699271f020be1b13dc79d5f245b24f1eae684ab3aad
Gray_0509_063.xml,6284fd16-a30e-4a5b-8bb0-66b746031448,550,d7587bec5dce5986f9a3e9c405575aaf2c6ac8dc3840b3c8d3185075c33e87af
Gray_0509_064.xml,6284fd16-a30e-4a5b-8bb0-66b746031448,550,9e4058ff698b480fd3399c103e10376125df3052c0d08d3d650f6c1556a3b6aa
Gray_0509_065.xml,6284fd16-a30e-4a5b-8bb0-66b746031448,551,7980c962f49ba9e5aa77fee2d21eb96f45f8cde644bbcc246bf1210a32cc4ed9
Gray_0509_066.xml,6284fd16-a30e-4a5b-8bb0-66b746031448,551,0a3c46b98effc64beea95a8c942440ac491af83ff3c6d1ddf43065f1e1328988
Gray_0509_067.xml,6284fd16-a30e-4a5b-8bb0-66b746031448,551,8e0f0315228fddddf12b2eacb043e19a526337e6d46f9dd8b2335c9cc24fad3c
Gray_0509_068.xml,6284fd16-a30e-4a5b-8bb0-66b746031448,550,8df774ce418e9919282413bcf2b82cd9b28d619678be20a7e46674c1634300e7
Gray_0509_069.xml,6284fd16-a30e-4a5b-8bb0-66b746031448,550,98e9d33572def133226ce63f4fae553299e4b243ae59094852e1ab827e8ac16a
Gray_0617_001.xml,6284fd16-a30e-4a5b-8bb0-66b746031448,551,99991a1091983807612f821c87fa933e57ab736376dc6fd3aa7b0976e084cef6
Gray_0617_002.xml,6284fd16-a30e-4a5b-8bb0-66b746031448,551,994bcdfff292a140e2fac18f87f40951d0dfe9abef51848dfdb18ff22a8fcbd7
Gray_0617_003.xml,6284fd16-a30e-4a5b-8bb0-66b746031448,790,403347d56f5bbe9145b3278b6aa25f8cfebafb0e1961ed2003f65d3b2b64fce5
Gray_0617_004.xml,6284fd16-a30e-4a5b-8bb0-66b746031448,790,52eacd1c57c38d9b39528a6568e9ccd81d458e0ba2578a909855ef859941e114
Gray_0617_005.xml,6284fd16-a30e-4a5b-8bb0-66b746031448,788,1bbf104e0fd2e6df65876646e45b765d3f0f0d870dd5c59ed562db9eb42fe05f
Gray_0617_006.xml,6284fd16-a30e-4a5b-8bb0-66b746031448,788,bc1a0820f1d36e8fe2deadcdebfa8bbdc82e3f0d3c680941516dec5416bed3da
Gray_0617_007.xml,6284fd16-a30e-4a5b-8bb0-66b746031448,787,b51f8a9d24df647272d1cfcf43c9b41c98c9d8fcb3bfb9fe709239e1a68d5b5d
Gray_0617_008.xml,6284fd16-a30e-4a5b-8bb0-66b746031448,790,b5c4cfaeae3a1cd4ffcce0bd808ee9148741777d48d708a2a9c1cc628533071f
Gray_0617_009.xml,6284fd16-a30e-4a5b-8bb0-66b746031448,788,941ca9c19f2ea8709d1404487bd7c391f4b9321c730e06c147e7a7b4765c83f9
Gray_0617_010.xml,6284fd16-a30e-4a5b-8bb0-66b746031448,788,e1aac9bfa8bf68b5a34496aae392663f4d4b95ae7bd404bc2ea4591ae81019de
Gray_0617_011.xml,6284fd16-a30e-4a5b-8bb0-66b746031448,785,dc35eb46c6b5cb628fa9f1a1fe429e7f6ddd15587f0f0a05662d257de637e3fe
Gray_0617_012.xml,6284fd16-a30e-4a5b-8bb0-66b746031448,786,d86ba1f1940e50ec7d9a105c690e1f1138be16bb1bb41052b50eb6cf9691df3b
Gray_0617_013.xml,6284fd16-a30e-4a5b-8bb0-66b746031448,549,0b7f9614cf9654ccfb325ebf4a4bf64ed9c277c88c5e776711a94081ca94f202
Viral_0617_001.jpg,693ea53f-3075-4ad0-9690-d9fded58664a,5962272,c203f24628f13368321521af5cb7c52234aea2ce05279ef31007abeca8101801
Viral_0617_002.jpg,693ea53f-3075-4ad0-9690-d9fded58664a,7089231,783411d1203f8854d3db8fe7376e160ded174d02c79d5275b333428df864ce26
Viral_0617_003.jpg,693ea53f-3075-4ad0-9690-d9fded58664a,6517996,1bd09ad62577c2a2a2700d8a2035556213fb4f2654425f014fa53b476ad7c8c4
Viral_0617_004.jpg,693ea53f-3075-4ad0-9690-d9fded58664a,7172655,a29ff006942fca1e117783b348a7d2aa2d14e67524491e93d0a4da4481d4a2a8
Viral_0617_005.jpg,693ea53f-3075-4ad0-9690-d9fded58664a,6514250,1d1ff38eb10def327ccc486a9fe031ce9802832f070b0d16ac30039b81e8615b
Viral_0617_006.jpg,693ea53f-3075-4ad0-9690-d9fded58664a,6711055,5621ee2c1b03cfa613a28d488bf7bc2e971be8dc356010dfcbb1216bf1c9d4a3
Viral_0617_007.jpg,693ea53f-3075-4ad0-9690-d9fded58664a,6612678,8a6775becf3b6516b18403be153ecdcc87748bd15610fa00e669701dec34c43d
Viral_0617_008.jpg,693ea53f-3075-4ad0-9690-d9fded58664a,6848854,89506bfd031f7b14d16ba07a09f2f4bf5727aa923f284b54bf7cedc26a389daf
Viral_0617_009.jpg,693ea53f-3075-4ad0-9690-d9fded58664a,6806536,ac184f32e19ce60854509f74711ab5b040c918629c5e80ca0140c1ed64a6a1a9
Viral_0617_010.jpg,693ea53f-3075-4ad0-9690-d9fded58664a,6548780,c102e0c1089740fa32f5df769e80e00d3b669084170d86d30c2f170f0aadb78e
Viral_0617_011.jpg,693ea53f-3075-4ad0-9690-d9fded58664a,5856033,3dae71a04d0cf3e163f4502a3cc3a5285c87fb95b2cb1df524ee4ead6f443f0d
Viral_0617_012.jpg,693ea53f-3075-4ad0-9690-d9fded58664a,6139527,10f4f0d57e5dd5686d8b8bb73607ae4dc03a0833ecbb453ea77060ba010c0732
Viral_0617_013.jpg,693ea53f-3075-4ad0-9690-d9fded58664a,7368207,556d942d174d4e301d49ee6b9efa8697857a28bb825b02ae90f773629c2c7dc1
Viral_0617_014.jpg,693ea53f-3075-4ad0-9690-d9fded58664a,7690704,0320fc5808654cf719c247ab24e1cc6d83032db2cdc0d49b4284e1bf22e4d081
Viral_0617_015.jpg,693ea53f-3075-4ad0-9690-d9fded58664a,7102048,ea8f71895a7162e9bab5ab81d7b3d1661b8322ba0127a93f44565a92ebe16040
Viral_0617_016.jpg,693ea53f-3075-4ad0-9690-d9fded58664a,7046037,690d5b290cbd548818987c10937169f5b65f698915bd3fa4ca95fc59a03d8cf2
Viral_0617_017.jpg,693ea53f-3075-4ad0-9690-d9fded58664a,7482450,a916105f7b13e6ce1938879a7b15d7ee334f4477600bbbaccc6ca350d45ded79
Viral_0919_001.jpg,693ea53f-3075-4ad0-9690-d9fded58664a,6875046,1243a3b44318299f901f7368074799f84076391668f5f22a39e5ba2f0904a5a5
Viral_0919_002.jpg,693ea53f-3075-4ad0-9690-d9fded58664a,7548492,535dab7f4b2b3fe862e79b768279b3092af71136687095126864da7daec0ca84
Viral_0919_003.jpg,693ea53f-3075-4ad0-9690-d9fded58664a,7326500,6b8fc97699eabd9202c7b0ab436e50e6b571e97a1346670c427873117b0beeb2
Viral_0919_004.jpg,693ea53f-3075-4ad0-9690-d9fded58664a,8342964,fef48ca7ef887cbd3e449540a0f98b43981d5d89905b7d14924abd786b2a6b60
Viral_0919_005.jpg,693ea53f-3075-4ad0-9690-d9fded58664a,7830257,23a4c27893ce3edf65fbf8621e42819ba785d2e18971b74237c7d5a33e9870dc
Viral_0919_006.jpg,693ea53f-3075-4ad0-9690-d9fded58664a,7363630,c241146f208612024221f30a8ede19afac16c57749ea57176f2a196893096bac
Viral_0919_007.jpg,693ea53f-3075-4ad0-9690-d9fded58664a,7019965,cebec1e97f60f13c6375b49c78b808eacfa3642ab0bbb0bc2117503a5c1f469c
Viral_0919_008.jpg,693ea53f-3075-4ad0-9690-d9fded58664a,6231343,485221c10e5c944950c930cf68a570cc392ea4253d0643e2d23be38858131a39
Viral_0919_009.jpg,693ea53f-3075-4ad0-9690-d9fded58664a,5955514,0ea3a668bd500589ea12076aa6ddfa63a3dda6b14c9de54d9c31f28e0b837251
Viral_0919_010.jpg,693ea53f-3075-4ad0-9690-d9fded58664a,7140488,eef82cdfd080644c282b2146acb6dda61d91297209a338dd996807666bcf6148
Viral_0919_011.jpg,693ea53f-3075-4ad0-9690-d9fded58664a,6247612,0db05b6d148ed01070e37123c43a0aef70a02c86a6a589da1a31e0a7b2865c70
Viral_0919_012.jpg,693ea53f-3075-4ad0-9690-d9fded58664a,6709910,3866671b789a109697e42fb82e2e47a4ee33281aca171e7b353d941400260263
Viral_0919_013.jpg,693ea53f-3075-4ad0-9690-d9fded58664a,6476695,56d817815121fb0fb9143021325cfe1c01a824a5de6e3171fb8bcc5c40b784cb
Viral_0919_014.jpg,693ea53f-3075-4ad0-9690-d9fded58664a,7368461,18c75cb2d39b4efda8a51b078a494d6bf6be92ea1af0e075570a6122b38321ae
Viral_0919_015.jpg,693ea53f-3075-4ad0-9690-d9fded58664a,7037091,9197855a4f1578c8aa064fb6034dfea48c6dc4783053c116a0f66baf42e301b3
Viral_0919_016.jpg,693ea53f-3075-4ad0-9690-d9fded58664a,7410418,1cd9b022a8f5e7b2f6c1e99197c21ff4435ed9b5103c2d8c2a5b03c0b2be7fe4
Viral_0919_017.jpg,693ea53f-3075-4ad0-9690-d9fded58664a,7427358,2ce3f49f84479e2d58d4e99e991e186343b667897ac6d50cc216b8bd53970993
Viral_0919_018.jpg,693ea53f-3075-4ad0-9690-d9fded58664a,7540836,a9ab1f7a24f88404a5e76a0b5d6d9d28e40f5252ad6d1cdbf9f2d6aeadecf32b
Viral_0919_019.jpg,693ea53f-3075-4ad0-9690-d9fded58664a,7494763,d985fd02113941fdc7e9d743ec33c672909cdce13de650cfbd79bb7c0bd69cd5
Viral_0919_020.jpg,693ea53f-3075-4ad0-9690-d9fded58664a,6798629,be87728cfdd2dfadb68486c6cee22955018ff12df1b21d62f4df8cd429f92af2
Viral_0919_021.jpg,693ea53f-3075-4ad0-9690-d9fded58664a,6666722,1a7d8a09b9c03b267b2ad5d83e6217e23221a7e32ad91acdc8d32c8a019b74e5
Viral_0919_022.jpg,693ea53f-3075-4ad0-9690-d9fded58664a,6981886,7102492ebcefd99003e48a01c0cedaab87904eebc25d981cc32832c51b6f39a8
Viral_0919_023.jpg,693ea53f-3075-4ad0-9690-d9fded58664a,7589601,c777c438b105df3b17430d69612736cf507774ea4bcf781faa839ea77edabff7
Viral_0919_024.jpg,693ea53f-3075-4ad0-9690-d9fded58664a,6384153,6855cbb56057fdb0a87d51f606c9784d4e1c70621cc77d235fe8e09cc898db5a
Viral_0919_025.jpg,693ea53f-3075-4ad0-9690-d9fded58664a,6823366,a3edb3c387a5f8e9e51cd6bd0c9f8056682ba4bb8ad2a5f9dad32fb57d505b10
Viral_0919_026.jpg,693ea53f-3075-4ad0-9690-d9fded58664a,5754930,4ab251c8939d757caefadfc63412bc3f09912c2113d940ccb4c28d42df151f2c
Viral_0919_027.jpg,693ea53f-3075-4ad0-9690-d9fded58664a,6366951,c21d4cf829eedae936d4ecf9b23f6e75a7602682f1f4f37f1b9fea71b17ef597
Viral_0919_028.jpg,693ea53f-3075-4ad0-9690-d9fded58664a,6412826,b9cf9df4362f43455cb40c52d2c15e15a8c50e6da729709573ac069db18a2b25
Viral_0919_029.jpg,693ea53f-3075-4ad0-9690-d9fded58664a,7359117,83ba4d9bc4323283613b932582dafa63c0d539d0b7e57d3fa1410af6572506af
Viral_0919_030.jpg,693ea53f-3075-4ad0-9690-d9fded58664a,7035035,64f44e5d9a499a2966df55f2081502e0f121851d7530569f16fab48bf49c260f
Viral_0919_031.jpg,693ea53f-3075-4ad0-9690-d9fded58664a,6081764,77ec9d70b6a0eb561edc4eab66a73c34ebd7b8dcd538b136a58559e9b31f5cea
Viral_0919_032.jpg,693ea53f-3075-4ad0-9690-d9fded58664a,6798531,8a07e95528d8855b8ddac3a437e6424c1a78181f44cd45b3aa38237004263dd7
Viral_0919_033.jpg,693ea53f-3075-4ad0-9690-d9fded58664a,7468456,f55dc60830d74ad0085470b505bf989cf131561462cc018b704717e7f4f3bf19
Viral_0919_034.jpg,693ea53f-3075-4ad0-9690-d9fded58664a,6030557,950374bcb0dd31aeb832a31cf0260ac099bc81b0a0746eae1e7cb8d524d5d1ea
Viral_0919_035.jpg,693ea53f-3075-4ad0-9690-d9fded58664a,6913508,7da7d0123cc38097d83fa74cc251fd26afc28ca2de82fd6c16b00ce330e4d633
Viral_0919_036.jpg,693ea53f-3075-4ad0-9690-d9fded58664a,6515867,ee6dbe1d38f4e14d83f82b759142f1b4b37311bf79cc060f6b698f69d13c2c2f
Viral_0919_037.jpg,693ea53f-3075-4ad0-9690-d9fded58664a,6232184,a0ada56becffcb5809b14b4942bc114605306388aa84bf11bd6466272efc41d1
Viral_0919_038.jpg,693ea53f-3075-4ad0-9690-d9fded58664a,7522813,66d924be7a4823afc718d03fb9dab3f1a7a04bec5ff1d723a24ef359e0d8d4b4
Viral_0919_039.jpg,693ea53f-3075-4ad0-9690-d9fded58664a,7495108,2dfb0814d01ddfb506de48c7b87e272d7a19bcab93ae9571999f8d18d8ce641a
Viral_0919_040.jpg,693ea53f-3075-4ad0-9690-d9fded58664a,7031700,79d51bb981d38996a032dbfd3683359ba6eceb490304e5d3a49f321272f2c024
Viral_0919_041.jpg,693ea53f-3075-4ad0-9690-d9fded58664a,6742180,5dcdaea9b341b6ae9227a4335c87e21d95bc84fde62d8fb027a5ab804c63c701
Viral_0919_042.jpg,693ea53f-3075-4ad0-9690-d9fded58664a,6340548,50ab597f7f02d6d9f3405c2b03caf6d04fce6a27ec1378e684d00427e004efbb
Viral_0919_043.jpg,693ea53f-3075-4ad0-9690-d9fded58664a,6658777,e1a1ef1d052360d763a4f1f40cfcf690f8eb62b365f45e90bd0880a7e3dbb739
Viral_0919_044.jpg,693ea53f-3075-4ad0-9690-d9fded58664a,7066064,1b6a916c44a609f0917f57144cf0c40510f801bbc4c89c177b8f6f4c1138f3d9
Viral_0919_045.jpg,693ea53f-3075-4ad0-9690-d9fded58664a,6744285,bf0b4265dea44791e81d17c668929d1eb25cbbe8fd99faef5e4e779f67ccafa3
Viral_0919_046.jpg,693ea53f-3075-4ad0-9690-d9fded58664a,7320037,6cdf7d4dc4c8bcc6183fc33bc3c47deb1ce111394293d720c9655ae0028e2cd5
Viral_0919_047.jpg,693ea53f-3075-4ad0-9690-d9fded58664a,6715535,f3e4fa7974ba01634eb532992f0b765cbb77e5774e0823385b6cd84534dbd588
Viral_0919_048.jpg,693ea53f-3075-4ad0-9690-d9fded58664a,6331950,89d0044d44b225e59be8fbdce24d354ceb23f08aeefb22768a7835dd9669a181
Viral_0919_049.jpg,693ea53f-3075-4ad0-9690-d9fded58664a,6621152,c247e46d6f682e5b868564f55c8a8049f24511760788ee3f345ad78a8792cf62
Viral_0919_050.jpg,693ea53f-3075-4ad0-9690-d9fded58664a,6432938,59d608fec07f932da5354fd9d335814188330cd308713fb34d6790ff10475f36
Viral_0919_051.jpg,693ea53f-3075-4ad0-9690-d9fded58664a,6856303,f052aad4ae5ffb7991150830be98680382fe0b46b1c72da1c69cb1cc192911cd
Viral_0919_052.jpg,693ea53f-3075-4ad0-9690-d9fded58664a,6692751,8a2f636ea3d712021b7aa67d277f9e67d1d6054f088902ff0b061fa5d2faa61a
Viral_0919_053.jpg,693ea53f-3075-4ad0-9690-d9fded58664a,6369252,429eac447d78b95ecb3c4c32b3896a4a6b3a5ac3acf7b76a8f34b2b62c59b084
Viral_0919_054.jpg,693ea53f-3075-4ad0-9690-d9fded58664a,5815740,48be98a791baf31714d2d3776bfb8a06be4d99b57fcff79f9c71dce94d7a90d4
Viral_0919_055.jpg,693ea53f-3075-4ad0-9690-d9fded58664a,6400369,c5b09023549a779805a8665e96efaf082e8ef4aedad9b73d273a874be8d0644d
Viral_0919_056.jpg,693ea53f-3075-4ad0-9690-d9fded58664a,5788891,01a995231707d5d6ebcef5d66ee46a0c8c03468a43104eac2694719ab3bf4c5d
Viral_0919_057.jpg,693ea53f-3075-4ad0-9690-d9fded58664a,7411246,b229606c7d27b597919813fc1945fa9cdf76795f847158eec3fd3d2c350dea74
Viral_0919_058.jpg,693ea53f-3075-4ad0-9690-d9fded58664a,6743324,63dffb9853b4f45d42c128f9d48f39dcdf5408c38be04c355dc766ab4572b48a
Viral_0919_059.jpg,693ea53f-3075-4ad0-9690-d9fded58664a,6017380,d9e718bc4516195dc849b2a8143df7ccdac3a5fd954998c4e37b7392eda9d411
Viral_0919_060.jpg,693ea53f-3075-4ad0-9690-d9fded58664a,6701455,9384369c6a5302a51f3c8296413fe89a5c09075de23da40390da910c7f911158
Viral_0919_061.jpg,693ea53f-3075-4ad0-9690-d9fded58664a,6709426,c4035b2c4e3c204e72c8fa752b7ef2dbb0114f7a3010e39a3e482b2d5ec524bd
Viral_0919_062.jpg,693ea53f-3075-4ad0-9690-d9fded58664a,9728781,aeb814b32436afd1298a51cbce31120086d0491a20da72b446f5d2dc4176d5ec
Viral_0919_063.jpg,693ea53f-3075-4ad0-9690-d9fded58664a,7029965,dbb22f267ea76b3c27611ce67904b3a631eb1d80fdb019cb5d484c4d613381b6
Viral_0919_064.jpg,693ea53f-3075-4ad0-9690-d9fded58664a,6533319,596946514da55e5c3ba1dad6ecf62a136a8df8134ced972450d207cc7033180a
Viral_0919_065.jpg,693ea53f-3075-4ad0-9690-d9fded58664a,6630920,335e096882b81f5bf457f69a7ed3e47d509a49f47f392a9aee4e62915eae3978
Viral_0919_066.jpg,693ea53f-3075-4ad0-9690-d9fded58664a,7027962,e6107c37acd289c2771f83713d3e88ede5e658bd9afda4b89476c7ce52919f2e
Viral_0919_067.jpg,693ea53f-3075-4ad0-9690-d9fded58664a,6462682,07c311b77591cb0649469b37c651006b50c028c135cc97dee5abe605e28d8690
Viral_0919_068.jpg,693ea53f-3075-4ad0-9690-d9fded58664a,6986018,11eb3e2ffdae47dd09af849a783a514021b26581dbf93644bd7984542af189c1
Viral_0919_069.jpg,693ea53f-3075-4ad0-9690-d9fded58664a,8895551,3dbbbd5171301778d8e6edbc2d71c764232dd0258a2035a297f6d288dec8a8bb
Viral_0919_070.jpg,693ea53f-3075-4ad0-9690-d9fded58664a,8051758,e7ee4691e2109f3038aaf3f0d4ba052226f71a7b80ef88f796398657b3b19857
Viral_0919_071.jpg,693ea53f-3075-4ad0-9690-d9fded58664a,7741535,0bbc194ebe5318f15236f6f44ef21e7a3fd788f6b2393ba91fd0e1c09420243f
Viral_0919_072.jpg,693ea53f-3075-4ad0-9690-d9fded58664a,7276567,8c2d4129ff0f5d84a974330a421a1e77c04028ed73b10057ba703c3e600bfbed
Viral_0919_073.jpg,693ea53f-3075-4ad0-9690-d9fded58664a,6455230,de0f3873875fda0e697bda76d7529ddb3becc592cc538714de0e5f055a856e4c
Viral_0919_074.jpg,693ea53f-3075-4ad0-9690-d9fded58664a,6097727,79d0be8e0c14cffda1f30c700e5828f11f34433abb42255cbf77192eee3893f0
Viral_0919_075.jpg,693ea53f-3075-4ad0-9690-d9fded58664a,8294041,98231a40da0029e368e625ef7ac87cfa247570d7341cf8f37d51716221a4d299
Viral_0919_076.jpg,693ea53f-3075-4ad0-9690-d9fded58664a,7630073,ac9c551d1ee6f9fef7d5a7a1cfa9131c76988d3402bbb3bf178041748e7b86c9
Viral_0919_077.jpg,693ea53f-3075-4ad0-9690-d9fded58664a,8756028,744b10577720c3211afff40f201702e3294cfabd81fbe8af6381d190eb4639d4
Viral_0919_078.jpg,693ea53f-3075-4ad0-9690-d9fded58664a,7079322,25a2505622f2ddaa80322480493fbcae2aa6a70f4f818fa6cecb552fc29a9724
Viral_0919_079.jpg,693ea53f-3075-4ad0-9690-d9fded58664a,8136025,bdfe028ef9f55d962321aff4fd7760d3a811e397a6bc2777ef46ec571d328548
Viral_0919_080.jpg,693ea53f-3075-4ad0-9690-d9fded58664a,7076715,0125bf53df32c213d4cd86f30517b0b351506bf4ee36e36a3e2d0407675e1c13
Viral_0919_081.jpg,693ea53f-3075-4ad0-9690-d9fded58664a,6363491,a736a5f6fb8db7cc97c88d3b0f8dd3452efd9299b753fdca21ada387c69954c2
Viral_0919_082.jpg,693ea53f-3075-4ad0-9690-d9fded58664a,7762131,5782e2f8d9335d3209d6570ce4e56e3e8dacfb5e3939e191a63fc10800361f10
Viral_0919_083.jpg,693ea53f-3075-4ad0-9690-d9fded58664a,6956722,079917859507946acae418f3081a6c7d0a55de54503b35ed7694049b5dae2525
Viral_0919_084.jpg,693ea53f-3075-4ad0-9690-d9fded58664a,7079315,0ebcf289bbd36a1ea3d001a1d3ace9c1bef73d040161570c26acd23ea000303f
Viral_0919_085.jpg,693ea53f-3075-4ad0-9690-d9fded58664a,6246508,81f365f6c63d9ba39e6936662beab74e6a9b360d6d584ccf75b988bb9f2f9669
Viral_0919_086.jpg,693ea53f-3075-4ad0-9690-d9fded58664a,6881578,70a54d4c0aad1d500ac2bc3922aa99904c1f538a14aabc16940db8fb356d5a64
Viral_0919_087.jpg,693ea53f-3075-4ad0-9690-d9fded58664a,7021908,ee038499208bb20255c2edcacaf38d6d543bcf85f6fd31a5ffa7dbc305cb776f
Viral_0919_088.jpg,693ea53f-3075-4ad0-9690-d9fded58664a,7186030,c458c15c6256e783c706fc88e8efb2d61093f67834d042bf51d579809ede40a0
Viral_0919_089.jpg,693ea53f-3075-4ad0-9690-d9fded58664a,6945892,1045d53dd8d3d5058effcda1da91568218f606e46e0d63109d983b4dc82539f3
Viral_0919_090.jpg,693ea53f-3075-4ad0-9690-d9fded58664a,7360965,c2fcb78446aa6bc5424a96d1d30d0d8643488f9582f46f4b295bc4eb1d6172a7
Viral_0919_091.jpg,693ea53f-3075-4ad0-9690-d9fded58664a,6963229,7de6039d4fe2a248213fb4d57ca4af29772eb6070581c64f5250f9a98259509d
Viral_0919_092.jpg,693ea53f-3075-4ad0-9690-d9fded58664a,7813849,6d317fd61564c8bd9d1dfe71136ba78a1ee846b51ee1a06ad283491579e65aee
Viral_0919_093.jpg,693ea53f-3075-4ad0-9690-d9fded58664a,7170055,e0f788d9324842b9cb8ffd1a3b9c5b31d88b353536e54a3b7dbeb4ff20ae0c82
Viral_0919_094.jpg,693ea53f-3075-4ad0-9690-d9fded58664a,7592676,373b48b0e70c3c51be2c9718cf982764fc69edf07cf0c1e51e5232dd3f9c078f
Viral_0919_095.jpg,693ea53f-3075-4ad0-9690-d9fded58664a,7821168,2b7d86c9a6e4ac43adaaf4c59f704f52a86ef434849fc4a4ac8ec740c84880e3
Viral_0919_096.jpg,693ea53f-3075-4ad0-9690-d9fded58664a,7456708,8a8efdfcb0460c109ffbb25107a40bce71138542c78dd801eb63130c633050f1
Viral_0919_097.jpg,693ea53f-3075-4ad0-9690-d9fded58664a,8450366,cfd9e8e8167d9ee4e7eaa3301cbd946738ecdda617d6df3f8caff7f1a85a6935
Viral_0919_098.jpg,693ea53f-3075-4ad0-9690-d9fded58664a,8200826,e02fb75b057e8e284dd7f8c18b7bcff81530073f9d3ad6f3d98efb375e392137
Viral_0919_099.jpg,693ea53f-3075-4ad0-9690-d9fded58664a,7699538,0bccf6667df82e66e89e9d4ca4592a3b8043ddecf98dfbbe1e3d583cc47fe728
Viral_0919_100.jpg,693ea53f-3075-4ad0-9690-d9fded58664a,7911792,0ef933796aaceb31187fce15db08f2173b5f9350cdbc01adb0be099a05135def
Viral_0919_101.jpg,693ea53f-3075-4ad0-9690-d9fded58664a,6446703,e87e1bc84a48cf9252a1b1837d0aac3821a4844cc0d0a922105b389619db2949
Viral_0919_102.jpg,693ea53f-3075-4ad0-9690-d9fded58664a,6278954,7ed1139e726c1b958e540609ee7219a59ce8c757c7082fa87c53d80da664a939
Viral_0919_103.jpg,693ea53f-3075-4ad0-9690-d9fded58664a,9358515,e654a4ff354abc75e595135e46c040b4b13cece11506367d191a9d38f238ef55
Viral_0919_104.jpg,693ea53f-3075-4ad0-9690-d9fded58664a,8960671,99a1a85a787e57ea787ae27c0b4a0eadb7cfb1e794140af395e12b9edf431036
Viral_0919_105.jpg,693ea53f-3075-4ad0-9690-d9fded58664a,8112563,3af078c6e062e4de31d72f1cc9acf2c9a19f2613d5272448ede067931ab416c1
Viral_0919_106.jpg,693ea53f-3075-4ad0-9690-d9fded58664a,7069103,46d793bc9b4b76bcf1b03b4c622b132b199b335bd03ffe5544240469a6e29332
Viral_0919_107.jpg,693ea53f-3075-4ad0-9690-d9fded58664a,6794845,7dc792bdee4243f5633b44abc16b887fe7ae7d1968c06aab85547820535d9af7
Viral_0919_108.jpg,693ea53f-3075-4ad0-9690-d9fded58664a,7910492,dde55fa2f64b2429c26819bb4041d09be9289c6b8e9344489ce9c76b31487156
Viral_0919_109.jpg,693ea53f-3075-4ad0-9690-d9fded58664a,7769106,5e5bebd9491b5b04927ce70b67eccaf7f5041d9e6db14b210eaaa084a3ef799c
Viral_0919_110.jpg,693ea53f-3075-4ad0-9690-d9fded58664a,7722727,eb0e3ef1aa0cbff2257a5a529e19623ba8fac1b428c835811b105bd5199027ce
Viral_0919_111.jpg,693ea53f-3075-4ad0-9690-d9fded58664a,5841060,a2d9a6d79857e7ed2d06ddd4aca8d7e790b6c4bdc2c33d6a9d7aed2b8ca8c193
Viral_0919_112.jpg,693ea53f-3075-4ad0-9690-d9fded58664a,6806877,f300940f7b245218e78bcfa1644a0c53694589f7e4297ec26969ed06f21cf62e
Viral_0919_113.jpg,693ea53f-3075-4ad0-9690-d9fded58664a,5891511,5208fbe9019c80fd76d01794e49c372b0c390303650e73166997f37b7f810ae6
Viral_0919_114.jpg,693ea53f-3075-4ad0-9690-d9fded58664a,7399704,36d30cda26d50efa21ff891147b3839f07bf6e500938ed5c3e38357927184600
Viral_0919_115.jpg,693ea53f-3075-4ad0-9690-d9fded58664a,7092714,a27881d24354d11a046ed2ff85515f41b3a572d38d9ad68939a6303f07b2fd85
Viral_1021_001.jpg,693ea53f-3075-4ad0-9690-d9fded58664a,1673723,f70ae2e1c89238590bba10c615caa9881912e124592477b437dc45401077328f
Viral_1021_002.jpg,693ea53f-3075-4ad0-9690-d9fded58664a,1216063,7832ea9d6f71b2f85a9846ce2a87a17f746857986a0b4d4ca24191c5f94a9a09
Viral_1021_003.jpg,693ea53f-3075-4ad0-9690-d9fded58664a,1290787,042cfe1f1f4580ef8258f6c7be8d2701e88c6e16b51f97b75d466647d2ba6223
Viral_1021_004.jpg,693ea53f-3075-4ad0-9690-d9fded58664a,1537059,568ce78b8936d6c347e070c7fc50cc87618d23018dcf30b0f4ac27dda974ed20
Viral_1021_005.jpg,693ea53f-3075-4ad0-9690-d9fded58664a,1223297,dd8f2066c77faea16d183ce6ff6abde42aab3a01597a9df47fe3e27a90bf05ed
Viral_1021_006.jpg,693ea53f-3075-4ad0-9690-d9fded58664a,1095684,3190edb1a27282a5521614f209d5db101849068f07ff50489e79b53744124197
Viral_1021_007.jpg,693ea53f-3075-4ad0-9690-d9fded58664a,1370819,69cf26868f652de1812b82fe6c664fc2934514331afad407f9338982f14d896b
Viral_1021_008.jpg,693ea53f-3075-4ad0-9690-d9fded58664a,1586724,e85e9a2703124f42b4106d9f681b0133bc1beb430321edb74a9589ad6a911c72
Viral_1021_009.jpg,693ea53f-3075-4ad0-9690-d9fded58664a,1407670,dba4da9b8afb05fad78a2a72a79371d02cc7de55238cfb4d7337e9b37df7158b
Viral_1021_010.jpg,693ea53f-3075-4ad0-9690-d9fded58664a,1467351,6c651e5bce3674e6fe612622c5222b85a1cfd41c4298607ab0b20f20c178e63f
Viral_1021_011.jpg,693ea53f-3075-4ad0-9690-d9fded58664a,1372797,aa849c42b4f857480596ac07e380e8b90e1bb0a972bdaa38502951733e42abac
Viral_1021_012.jpg,693ea53f-3075-4ad0-9690-d9fded58664a,959213,2f67dc20257b918f4962720ea46d3d5bdd32f2620995e5a358593afa372f30b2
Viral_1021_013.jpg,693ea53f-3075-4ad0-9690-d9fded58664a,1324618,4fd91f80416b0e7f6d17d4a7ab373c42eabb6cac5c86511c0a0fa5c99874a339
Viral_1021_014.jpg,693ea53f-3075-4ad0-9690-d9fded58664a,1060778,2d3387a80e5f36724f8a66e582f606f555989a2b12e193cc005419939bd5f431
Viral_1021_015.jpg,693ea53f-3075-4ad0-9690-d9fded58664a,1416836,179c5ccd8aa5352791f0527ee0f573d652b6cf00d5602265e43ea8da6ded1030
Viral_1021_016.jpg,693ea53f-3075-4ad0-9690-d9fded58664a,1359712,b782b8ed68d6b17e4ae23a722d1a1373b7ac12f48f17f9531195cbbc5425bed3
Viral_1021_017.jpg,693ea53f-3075-4ad0-9690-d9fded58664a,1420156,6788b602cf724a2b03eacafcc1b7bc064f0b03c72c8fad560fd1408840bdad3c
Viral_1021_018.jpg,693ea53f-3075-4ad0-9690-d9fded58664a,1473510,d01003f140601721e9f81afb31ec405ef8cda8259e62da0b1c85b59c8507203e
Viral_1021_019.jpg,693ea53f-3075-4ad0-9690-d9fded58664a,1468536,588b99f8415f25e60058035e05287922aebaa41d7d775db7bbe6ad6a9220baf9
Viral_1021_020.jpg,693ea53f-3075-4ad0-9690-d9fded58664a,1241967,43fda44d012f1687caf357316215b755e0c9611cb7cb05f8508ce985cbaa8df5
Viral_1021_021.jpg,693ea53f-3075-4ad0-9690-d9fded58664a,1302706,29a5747ea8088539c35a1c742032af517d9e7d3082f791092a51ddc2d71016b2
Viral_1021_022.jpg,693ea53f-3075-4ad0-9690-d9fded58664a,1137931,5cb60f2b14556af087de1ad96107f5dee643434972e320387537335df68fdfb4
Viral_1021_023.jpg,693ea53f-3075-4ad0-9690-d9fded58664a,1587693,44c1c30effec14a1516ad994c377069fa3926025edb69c47ce57a98e23cc0a47
Viral_1021_024.jpg,693ea53f-3075-4ad0-9690-d9fded58664a,1276942,fa19fa30662d382860d7c7e9d07fb2191a70e44b89bc5bedf863235507fb0da7
Viral_1021_025.jpg,693ea53f-3075-4ad0-9690-d9fded58664a,1423743,36982c807b5e976a48a9e4930c3090214f7d8a4cc35f10805a39b84177edd14e
Viral_1021_026.jpg,693ea53f-3075-4ad0-9690-d9fded58664a,1451711,77fbfc34abeffddc57ba3691f108dc2585d6f8b952b67f4062876ddea07c2018
Viral_1021_027.jpg,693ea53f-3075-4ad0-9690-d9fded58664a,1412181,7e2ba432b5289b17cdadff8f885a79816b1371aa2f70b137b46f8bfe5ac18d57
Viral_1021_028.jpg,693ea53f-3075-4ad0-9690-d9fded58664a,1372891,6dc2f8ebe6f53aaff07b83baf8c32a377424657cc5b1444a4c46bcb61597d150
Viral_1021_029.jpg,693ea53f-3075-4ad0-9690-d9fded58664a,1373068,ef8abdb3695c298847ea54c47ab80d5ab120546287167c57bc11eaec23188251
Viral_1021_030.jpg,693ea53f-3075-4ad0-9690-d9fded58664a,1431260,28fa36c1ba4ac2fa1efc2f5a2c640ef8dc7adcbcdc9e2a08f682ad85a2a46fb9
Viral_1021_031.jpg,693ea53f-3075-4ad0-9690-d9fded58664a,1472835,7428180d5a7ef9877e427f40659af1086a347286ddf91468fcb374390deac051
Viral_1021_032.jpg,693ea53f-3075-4ad0-9690-d9fded58664a,1356096,006008ea42b5bfa3eb5b6e5b9550a21739b5ae26b009719e9885b9986cd4ca6e
Viral_1021_033.jpg,693ea53f-3075-4ad0-9690-d9fded58664a,1395648,aad5793a2748a0a336f34e629b32bca6933345b96868983af6380ca49934be95
Viral_1021_034.jpg,693ea53f-3075-4ad0-9690-d9fded58664a,1133267,7c997ca00fc524687085839d758a775f04effa86d74a2b6cb707850e71bbe131
Viral_1021_035.jpg,693ea53f-3075-4ad0-9690-d9fded58664a,1439229,4e06c2d8e7daf0cf31c97b361bf1422ae8d61bdb48f29ea384bc400dfc2f759e
Viral_1021_036.jpg,693ea53f-3075-4ad0-9690-d9fded58664a,1281631,299814df0b3e6111af60977324a12de654f7499cc81956fdbaf78766ef05f9a3
Viral_1021_037.jpg,693ea53f-3075-4ad0-9690-d9fded58664a,1545023,ed9a3e5bdd88d35ddde0563e50de0b98c50576ee99c0dc7cbe7c93a73cdded17
Viral_1021_038.jpg,693ea53f-3075-4ad0-9690-d9fded58664a,1309798,a0a4d9f1793a0fb42bf2da673cda578ee75135d4cb5ac0d3c934b494e0154114
Viral_1021_039.jpg,693ea53f-3075-4ad0-9690-d9fded58664a,1062069,0838df86e941c7604408b3005d1dd35afc626f547ed50c12134f7fadf4474e6f
Viral_1021_040.jpg,693ea53f-3075-4ad0-9690-d9fded58664a,1694531,033f40891e8d8aaa66e00db307ce54a0544d3ab217c48dc0d42e89ebf932d54b
Viral_1021_041.jpg,693ea53f-3075-4ad0-9690-d9fded58664a,1565052,76859b082e42c1a94d0dfe6f24f5fed1dbe702ee48c5a0c04390b5483379201a
Viral_1021_042.jpg,693ea53f-3075-4ad0-9690-d9fded58664a,1319078,4d8233126a1a5fc915c001fbc1d5792105dc79b37e34cb1f2bb3aec329ca0044
Viral_1021_043.jpg,693ea53f-3075-4ad0-9690-d9fded58664a,1344885,128f8fa61bace9258c798484b7274d9cc5042873301b81efafacef4e1ce82f76
Viral_1021_044.jpg,693ea53f-3075-4ad0-9690-d9fded58664a,1358794,8005402d4ea4a5aa4c532ab816a0fba5e36722b3a687de091b2040fe5bd61d06
Viral_1021_045.jpg,693ea53f-3075-4ad0-9690-d9fded58664a,1284929,0b50bb3c89abf58e9afb0ceabcfe3977c1c7169aa8c779d9a103dc96d5af065f
Viral_1021_046.jpg,693ea53f-3075-4ad0-9690-d9fded58664a,1195066,cc3557269be139fa51f9d312b9346bd5ef389101eb5da564d9afccf62565e440
Viral_1021_047.jpg,693ea53f-3075-4ad0-9690-d9fded58664a,1350596,7416134ce76865d4a51ddb4a7c2aa07647ed38b6e6d585c8d20fb3aed634d787
Viral_1021_048.jpg,693ea53f-3075-4ad0-9690-d9fded58664a,1573420,3b6e8d894d5c03b70cb31a717cafa1d6335ec910e1bf0d30e08e10b77d1b3baf
Viral_1021_049.jpg,693ea53f-3075-4ad0-9690-d9fded58664a,1246164,e354dc9d3f3ee3f5b949c79f441c23fc2a613e3dd2b2ac214c299c406c7787f5
Viral_1021_050.jpg,693ea53f-3075-4ad0-9690-d9fded58664a,1143622,9238ed290cabb4059122f51dc5e3913e5afe541008bcf97ed5936fe706772359
Viral_1021_051.jpg,693ea53f-3075-4ad0-9690-d9fded58664a,1168662,1f72e648763d5ee8f9ee2616488c1639986c037e2ecb9745fed9d77414a9a271
Viral_1021_052.jpg,693ea53f-3075-4ad0-9690-d9fded58664a,1259926,eda19c3dbbc7667f5113f8b52e8fcfa1490cc1e3cdd708fb6796c41df1648f7d
Viral_1021_053.jpg,693ea53f-3075-4ad0-9690-d9fded58664a,1457635,aad0b0e402f8be1cdf67e7b6acb89d0e8b20c506fd7365a1562ef2c3e5050ee2
Viral_1021_054.jpg,693ea53f-3075-4ad0-9690-d9fded58664a,1314917,1b3484a6c2becbee807e34e1d0d59d7e091a7000a673ff11dc3dabc773d44db1
Viral_1021_055.jpg,693ea53f-3075-4ad0-9690-d9fded58664a,1383710,114d84a7bf0946cbfbe09685b77dff559f643b08b9da52f002795e1e7760160a
Viral_1021_056.jpg,693ea53f-3075-4ad0-9690-d9fded58664a,1508679,95f5448e4a688ce0415b931e8b5bb3c484da4274c80a7e385b578c729c0dcb83
Viral_1021_057.jpg,693ea53f-3075-4ad0-9690-d9fded58664a,1361618,bdaa26393b38adf571eeb5f99b8e7fdb4d3eff3cf7d2607bdece27b8dfec0107
Viral_1021_058.jpg,693ea53f-3075-4ad0-9690-d9fded58664a,1274328,fcdffa906d14546c5093e0e009314d5583f18f66cb535c3626033d5163bc5d2f
Viral_1021_059.jpg,693ea53f-3075-4ad0-9690-d9fded58664a,1345319,18f58d05ea1eb7d9b61780535a7f5cfc99bfd35286834a29c0ba4f4db7b22d72
Viral_1021_060.jpg,693ea53f-3075-4ad0-9690-d9fded58664a,1609700,8a0d7f19fefe75b31f972db6b6cd2c29281f8a4d10eaa718b735f0342d4d5790
Viral_1021_061.jpg,693ea53f-3075-4ad0-9690-d9fded58664a,1229931,cd51a490e3eca7c0d00d168fbd3b4c9a9438b1e8bad151405fb05ebfea856372
Viral_1021_062.jpg,693ea53f-3075-4ad0-9690-d9fded58664a,1210492,8fbcf344bdbe2371fd3b95cb1b03a1cda5bd8d8deb31a187474fffddc35de1f3
Viral_1021_063.jpg,693ea53f-3075-4ad0-9690-d9fded58664a,1379800,1d5fc1a58f223473de224acfdc1413c6d1c33eb06d2210e65efcfd1ad818a68b
Viral_1021_064.jpg,693ea53f-3075-4ad0-9690-d9fded58664a,1257293,e2e006e1865c660813590cebbb6ce044231cbe8a2e99d724af5739b5054accda
Viral_1021_065.jpg,693ea53f-3075-4ad0-9690-d9fded58664a,1469749,c134c10d6ba13a0080ce084156466f729b347bf8da352eb12f48a2cc69dd187f
Viral_1021_066.jpg,693ea53f-3075-4ad0-9690-d9fded58664a,1124538,fde198348f8c1572ff5c7ad4190a7e83fec3c12b17a93b07d258e54d5e2aa359
Viral_1021_067.jpg,693ea53f-3075-4ad0-9690-d9fded58664a,1223013,4fc7e1e6918256a2f43bfd51a8d264349c76ddc22dce671be4d93cac12cd71d8
Viral_1021_068.jpg,693ea53f-3075-4ad0-9690-d9fded58664a,1412399,7172c9fb91fbe246893046508e21d65e34494aa7a3f19d8f32b2b569a93da2f5
Viral_1021_069.jpg,693ea53f-3075-4ad0-9690-d9fded58664a,1297409,3120bf9a0f6f355117500f3b97f0b0ae2b498324fd316a2fa4e2a171ea7c9290
Viral_1021_070.jpg,693ea53f-3075-4ad0-9690-d9fded58664a,1378579,37a11307d4124223ef566a57e5567999152410de1f5238ce29156d56637fde6d
Viral_1021_071.jpg,693ea53f-3075-4ad0-9690-d9fded58664a,1596720,7feeb56222a222d2efcd25d500c200e4c6f8b613e7769db7a082b32cf2b5e285
Viral_1021_072.jpg,693ea53f-3075-4ad0-9690-d9fded58664a,1684969,bf51a611a43859a76abc7595d8b49dd096fbb024a617581106bce7df13d2eb4f
Viral_1021_073.jpg,693ea53f-3075-4ad0-9690-d9fded58664a,1369779,0980bb385dd7206ff18dc3fa78ef13a0e1abc54cd5d5def8216ee2fa931175cc
Viral_1021_074.jpg,693ea53f-3075-4ad0-9690-d9fded58664a,1357252,7598fefd45db000c5c1c5feae80b1dbbcacdfab31fe8175624b2edf08d8e60b6
Viral_1021_075.jpg,693ea53f-3075-4ad0-9690-d9fded58664a,1427662,ff2c43f4ebc5823c848067c06d5b3a8947f00395356a9d30a5a16ff872e261e4
Viral_1021_076.jpg,693ea53f-3075-4ad0-9690-d9fded58664a,1468311,1d190e480b3694725fa5c81c4d8b6e026245f24e2d9de867abf06ad1a400bebb
Viral_1021_077.jpg,693ea53f-3075-4ad0-9690-d9fded58664a,1401852,6a4b3f7be3c64142a88562925d80bfb8400969c0b9941bac368d79913c852b08
Viral_1021_078.jpg,693ea53f-3075-4ad0-9690-d9fded58664a,1439607,6010a2d8b13686fc1f778a149b879b29eff9e79d711a7845b2d9b019ff291cdb
Viral_1021_079.jpg,693ea53f-3075-4ad0-9690-d9fded58664a,1757088,9a9444f4546151978ceec1fd00171ecc824a151dc08b737918e09918735dd7f4
Viral_1021_080.jpg,693ea53f-3075-4ad0-9690-d9fded58664a,1213874,76e5cbf6cbdc1af831b0b7620164a8a51e97498a326cb20f92d12ca3ef07aac4
Viral_1021_081.jpg,693ea53f-3075-4ad0-9690-d9fded58664a,1483025,df4230d5181ca735c045e1788935b0654e558080f61dfbce4a5bd15ea195ca39
Viral_1021_082.jpg,693ea53f-3075-4ad0-9690-d9fded58664a,1493853,91e63f42dbf2addb44c52a2c47ee2efe7098ba1b5819985666aac6c56e5cb0b0
Viral_1021_083.jpg,693ea53f-3075-4ad0-9690-d9fded58664a,1416355,31b1933a3018aba9d01ea2275bf8443bf59d4184664d09460cc76471a1a3676f
Viral_1021_084.jpg,693ea53f-3075-4ad0-9690-d9fded58664a,1330909,0cf3bd6cf6ae1c4725156f3cfd8413d778d43010ee164c546c56a1816da2f91a
Viral_1021_085.jpg,693ea53f-3075-4ad0-9690-d9fded58664a,1285000,12a2ed7525184b29ad082167afb430d2454ae40af30e48bd4707f71ddf55bc2d
Viral_1021_086.jpg,693ea53f-3075-4ad0-9690-d9fded58664a,1472722,3781fe56dd9fb33f6aeb6290e3cfde3c1c98cd8a5b9d5c0196b8766d14e3f05b
Viral_1021_087.jpg,693ea53f-3075-4ad0-9690-d9fded58664a,1112632,15237b59969ad0a6ea2175273d3cf89043236a1755b2d2ba84f21ca25c0e5db7
Viral_1021_088.jpg,693ea53f-3075-4ad0-9690-d9fded58664a,1567267,37da08788d1033aa994f88bfb29348439bdabb5a87a435cb718a3bc0b9f7987c
Viral_1021_089.jpg,693ea53f-3075-4ad0-9690-d9fded58664a,1537219,a48412f276317ef990a09c692259df7947e716cff79e891309d35f2660d41c21
Viral_1021_090.jpg,693ea53f-3075-4ad0-9690-d9fded58664a,1186332,66a7a0bdb1e7898f74f27a5df9d17fdb58c1529201765f6bfe9b40488a65ad21
Viral_1021_091.jpg,693ea53f-3075-4ad0-9690-d9fded58664a,1264702,e18a89595ad485bf7db09af8c9545d8459e117d1f3004faf7d9a9563497cdde9
Viral_1021_092.jpg,693ea53f-3075-4ad0-9690-d9fded58664a,1382879,bebfe7afc3de33108ee154d3eb1257a47096de938b256b087daec5f2fd0960df
Viral_1021_093.jpg,693ea53f-3075-4ad0-9690-d9fded58664a,1535014,316ab6f48056a5912d7ade5fd3e11828644c25a48f36377c8c15684c0bbf500e
Viral_1021_094.jpg,693ea53f-3075-4ad0-9690-d9fded58664a,1046451,f00f7b019a65fd2310233f470558f685e4e3acda7325439e91c600eff675359f
Viral_1021_095.jpg,693ea53f-3075-4ad0-9690-d9fded58664a,1557506,dae3ca3a556cd35c3802e299a59d3f6d99f4f39bdb6c68c735b5fce25bd038f0
Viral_1021_096.jpg,693ea53f-3075-4ad0-9690-d9fded58664a,1543260,e904a7a5825c78b3a04b940be891869975f727ef4a4a06e8948d06c8150e07b0
Viral_1021_097.jpg,693ea53f-3075-4ad0-9690-d9fded58664a,1392675,761eba28f50ab6da2b1a5cbfc3aecaddeb34cadf88730d6f074f3c755563af35
Viral_1021_098.jpg,693ea53f-3075-4ad0-9690-d9fded58664a,1294796,929b74df4b7aa9dbc0de335f7fe73dd4c1c9938cfe245dde3a9576aa7f1bb153
Viral_1021_099.jpg,693ea53f-3075-4ad0-9690-d9fded58664a,1298380,3e2a1e16f653ff893f6c73c3ade68b6276cf20c3ca8f026129a0b61ccb1b7285
Viral_1021_100.jpg,693ea53f-3075-4ad0-9690-d9fded58664a,1499840,154c580f229d66b536da6d605e627341324a5b316b35c2856553d7f481f1d467
Viral_1021_101.jpg,693ea53f-3075-4ad0-9690-d9fded58664a,1460522,127d78bcaa5abf4a1bccf5fee3fb67acde04524cc3c06daf50f2a2b6a2cb1590
Viral_1021_102.jpg,693ea53f-3075-4ad0-9690-d9fded58664a,1233241,1f1a95cf29ce262eb7ea686d83cfe6c05751bd22ccca91e42f1a4f8fe306accb
Viral_1021_103.jpg,693ea53f-3075-4ad0-9690-d9fded58664a,1426692,a2c97a4d9cf2dee42d8a57eef89932e9f0cf08a5362c122687357700a38d7573
Viral_1021_104.jpg,693ea53f-3075-4ad0-9690-d9fded58664a,1467659,a46c7fc09151ce31a19e3f9c3c0811cad8584a0f4c11231704d2c1a99fde231a
Viral_1021_105.jpg,693ea53f-3075-4ad0-9690-d9fded58664a,1180586,c4ca5f545f0e7a37dfa58047813102b0167497d26103491a91d6db0abde1f2ca
Viral_1021_106.jpg,693ea53f-3075-4ad0-9690-d9fded58664a,1383243,e7dc025f9ccf183d88890565a4c201f2abe2848b7fdec6021e0d8e64bb647087
Viral_1021_107.jpg,693ea53f-3075-4ad0-9690-d9fded58664a,1558698,b39e0402b0aa574f7fe9c7cb8c7a66652c7eba953bfb84e3b44eda1cb29d14ac
Viral_1021_108.jpg,693ea53f-3075-4ad0-9690-d9fded58664a,1135263,51338703a43a3dbc5357bcb27bd0a1a93c041d535794bb24939733bfbeb73015
Viral_1021_109.jpg,693ea53f-3075-4ad0-9690-d9fded58664a,1372576,593acc204a4bc27f7091695a34dd6dbbb051b93307801e17e4c81be94b88f8c2
Viral_1021_110.jpg,693ea53f-3075-4ad0-9690-d9fded58664a,1353900,25db042da508efb1e5acfd174364611316c0a731951b95436b64fc78a4c5207e
Viral_1021_111.jpg,693ea53f-3075-4ad0-9690-d9fded58664a,1490627,1f1c16ae0da97b6eaf08c171057e241e09ea266623b622632d1c0fa0e149f381
Viral_1021_112.jpg,693ea53f-3075-4ad0-9690-d9fded58664a,1412506,1bae84ac7f7d12409e2eac88208bd72d608765cd9a673745c334fc1a43a6b1ec
Viral_1112_001.jpg,693ea53f-3075-4ad0-9690-d9fded58664a,1128450,95353388d418b4701ad868faeb69d2735a2b40514dc158c28d0140d8b009ab1d
Viral_1112_002.jpg,693ea53f-3075-4ad0-9690-d9fded58664a,1355355,a90087f5b19298aeec65f23e0a2bfa41ac197bafabcb8a5092a3d5c262db4243
Viral_1112_003.jpg,693ea53f-3075-4ad0-9690-d9fded58664a,1727225,3a4dbaa68c14cf1ee8a7e89885fc3c317c598e025a8f700e7590a64bfb4e1c0a
Viral_1112_004.jpg,693ea53f-3075-4ad0-9690-d9fded58664a,2345757,159a6b8068cde7741a0cc1e0e595330de39c1613e4d243ecb2ccb6b9ac83b05c
Viral_1112_005.jpg,693ea53f-3075-4ad0-9690-d9fded58664a,1531804,e2f3127b7ad9cf095f1c91997fff9a81639ec47b803b6bb0bd815f67ea2ab2ed
Viral_1112_006.jpg,693ea53f-3075-4ad0-9690-d9fded58664a,1212553,141c209cab30d30bd430ce49f314d6dcadd4fab83192e8564914963956439497
Viral_1112_007.jpg,693ea53f-3075-4ad0-9690-d9fded58664a,1360102,d7b9a34a6f7ddcc84eae1aaff1536399c7a33a03fe5af0de25fefebc2e2df33a
Viral_1112_008.jpg,693ea53f-3075-4ad0-9690-d9fded58664a,1066458,a5b664fc56cefe4a2c53986581c85f6203b329f18af1fe6f041a88c6233945f8
Viral_1112_009.jpg,693ea53f-3075-4ad0-9690-d9fded58664a,1628288,03e00c7b1e98aa6271a0e7141f8332e9a0e479137f9214396b3f03c0a17dd69d
Viral_1112_010.jpg,693ea53f-3075-4ad0-9690-d9fded58664a,1540060,cb349cc88ccd074446661536226af0df032e53a51ec47608c1dffff987ad87aa
Viral_1112_011.jpg,693ea53f-3075-4ad0-9690-d9fded58664a,1389414,008e1b75490e64ae10b4d5ebf2db0d41e75c7c69b775c435bcaf4961a8551ca5
Viral_1112_012.jpg,693ea53f-3075-4ad0-9690-d9fded58664a,1343660,6d5cda755fd44c5d8185dd7405650adec753d06664dd26b9b924c3db102071a9
Viral_1112_013.jpg,693ea53f-3075-4ad0-9690-d9fded58664a,1000228,51a8b500ab3c7a581ebef2606960c89b50db4c468958d2fa80e4d94bc0e53592
Viral_1112_014.jpg,693ea53f-3075-4ad0-9690-d9fded58664a,1133443,3f150daccf46a0086140d58339c703d6e94bd51d7a9482ad531b2e822becdd22
Viral_1112_015.jpg,693ea53f-3075-4ad0-9690-d9fded58664a,1143630,bd9dfbe0c95126beb29741f68d16dab65397306ffd7134c0d59864b869204d4c
Viral_1112_016.jpg,693ea53f-3075-4ad0-9690-d9fded58664a,1516848,1d67093b88f51a78c705b5a9a232acfbb0f48cd6c0baddbd9d37b95e482d798c
Viral_1112_017.jpg,693ea53f-3075-4ad0-9690-d9fded58664a,1164562,2165fa6705be1e92cfbc9680352c7e13990f56722ec10b0c633e150c10a5c7f7
Viral_1112_018.jpg,693ea53f-3075-4ad0-9690-d9fded58664a,1157941,4995dc3a6b2ff09f033c453bd9227373bd47ed210778daba5c534c7048b081ee
Viral_1112_019.jpg,693ea53f-3075-4ad0-9690-d9fded58664a,1374220,91c16220e72f7a2125ed8ee32d86b77f514c08ddd525306088d58fba4f367137
Viral_1112_020.jpg,693ea53f-3075-4ad0-9690-d9fded58664a,1302152,2a3fc11c0dfb9c1fb6ce91dd13e2446daaade91a29b663f936e3ab7de5b00944
Viral_1112_021.jpg,693ea53f-3075-4ad0-9690-d9fded58664a,1272841,814d4474ce78d7a9f1b89d8b7d6504f2616ea9bbc9c07dc7f8f31b0f183dd15c
Viral_1112_022.jpg,693ea53f-3075-4ad0-9690-d9fded58664a,1354876,561ca63d7cd0fe562ca7a1c959649bdcbc7939967c6923b2b42eef97b7eb0e7c
Viral_1112_023.jpg,693ea53f-3075-4ad0-9690-d9fded58664a,964350,3630a0926103c7e2a7a2b89df4a619f4d74231222531e2657e1bcd4b8e8010e9
Viral_1112_024.jpg,693ea53f-3075-4ad0-9690-d9fded58664a,1135039,18a185b0af19f2782947e30e28d027c6f802c15da45435c53025722b9941aa6e
Viral_1112_025.jpg,693ea53f-3075-4ad0-9690-d9fded58664a,1476895,7b2bc306d874eaac0e581f05106a7ddac0f7f78f2739f4a4a5aae56e895f0361
Viral_1112_026.jpg,693ea53f-3075-4ad0-9690-d9fded58664a,1161854,84e9b908585a02c3399b1a433bad72c94a1db05a55ca4a5434f3ade60dc1d13a
Viral_1112_027.jpg,693ea53f-3075-4ad0-9690-d9fded58664a,1139518,8c75651f520c3ea48f544615a2ed5ff239feff53339a397ef54e2142e436d979
Viral_1112_028.jpg,693ea53f-3075-4ad0-9690-d9fded58664a,1093121,2740e2e11ddb96c95e460ecd626ab7cb528d430a16a1efbc25450208ac62153e
Viral_1112_029.jpg,693ea53f-3075-4ad0-9690-d9fded58664a,1284113,1504857c3053fde4e43b350859c6aceef8bb3188adc6be8f3b35832f8a9ce64f
Viral_1112_030.jpg,693ea53f-3075-4ad0-9690-d9fded58664a,1335895,c8aba53f8bff236032e2557ba8fd5aa3b0ae3c2ddf47188f89a208c765c87096
Viral_1112_031.jpg,693ea53f-3075-4ad0-9690-d9fded58664a,1224809,c16d4626f1bf583d564e5a9ccafe906c88ef3f897af06731350150c8e95b224f
Viral_1112_032.jpg,693ea53f-3075-4ad0-9690-d9fded58664a,1568873,55175e2012e35e067ba522b6e05fa2e8694d422d51fdaf6d999354a189f92e8e
Viral_1112_033.jpg,693ea53f-3075-4ad0-9690-d9fded58664a,1397973,2965f055c5c35554a720f17265712c7616d1a34a1e87ca305bb9e8828a97b429
Viral_1112_034.jpg,693ea53f-3075-4ad0-9690-d9fded58664a,1370504,8251542cd909edbaf21b96edde6f3b32a473980b5b0652270d7de933e12d45eb
Viral_1112_035.jpg,693ea53f-3075-4ad0-9690-d9fded58664a,1323112,0c8f323b23021d6adde7a1649f4dbecc0a2880498f0c1955d741df218c891c74
Viral_1112_036.jpg,693ea53f-3075-4ad0-9690-d9fded58664a,1445675,e5a77c1a510562e4911e960df72da46e1cfd09440866f35c29610d5ab4d505cf
Viral_1112_037.jpg,693ea53f-3075-4ad0-9690-d9fded58664a,1325323,0a9814b4bcc5a2050cc0dc9f86c903d1538e9ca10a6ca38d702963319c2ada53
Viral_1112_038.jpg,693ea53f-3075-4ad0-9690-d9fded58664a,1403514,0f75115631c9347103cab941a47afbf3d8bc334329aee7b5c5af16c2043a1a4e
Viral_1112_039.jpg,693ea53f-3075-4ad0-9690-d9fded58664a,1434482,4eed5705542a8098b2f35fbc450e441c214e76174938f1237c75ad8fde3fa5b1
Viral_1112_040.jpg,693ea53f-3075-4ad0-9690-d9fded58664a,1345378,e16dd2f82d612987ea21320ad7f5bf9a0e7c6bda0ca3166fb29331059db7f9a3
Viral_1112_041.jpg,693ea53f-3075-4ad0-9690-d9fded58664a,1395507,21e623bb142a4516d9df8d831c66c89997cf3243562becb2b30fa09d88a3cbbd
Viral_1112_042.jpg,693ea53f-3075-4ad0-9690-d9fded58664a,1477970,f93259ca86983afc4c81d1a5f0cbc209ea7d5814ccec6e2d2cbc2c6ab6b83f19
Viral_1112_043.jpg,693ea53f-3075-4ad0-9690-d9fded58664a,1244929,6e99bbd6d97dec4f66839b8335d43a6504e69fe370af8109a0e1a2586f5c7179
Viral_1112_044.jpg,693ea53f-3075-4ad0-9690-d9fded58664a,2036194,757ad38cf818a609d987484f6ce90fb10ea2c4b733ee5cc2640a737243649d22
Viral_1112_045.jpg,693ea53f-3075-4ad0-9690-d9fded58664a,1146408,e565ff63b56ee5a277afd505d7993abd8804d06972e36e9b818920837f51b459
Viral_1112_046.jpg,693ea53f-3075-4ad0-9690-d9fded58664a,1489670,5a3c5c2a8ab629b96534c0b11d6cf7c7e8677ade224e86c817f19aeb940e26dc
Viral_1112_047.jpg,693ea53f-3075-4ad0-9690-d9fded58664a,1138607,13752bd5d28b386e990f145476442122fa442a390d05393b2fb7acb2bda2aeb9
Viral_1112_048.jpg,693ea53f-3075-4ad0-9690-d9fded58664a,1200751,fd69dfffd474ba140df2ba188620b9ae70c172460b9bfb245af39998ea57eda2
Viral_1112_049.jpg,693ea53f-3075-4ad0-9690-d9fded58664a,1062571,d841b66a063aebcdb905fbcddd287cb2d8193fc9078a68e23edf4678676dab23
Viral_1112_050.jpg,693ea53f-3075-4ad0-9690-d9fded58664a,1279021,fa965eb6fbd0ec0df5060e31c9ec61ffed0699d574ea274a26a02b0a530fbf2e
Viral_1112_051.jpg,693ea53f-3075-4ad0-9690-d9fded58664a,1270311,9b7c3b4b99298a09668c7821272b8a397f83a2d2746339a13a7c4abee5739159
Viral_1112_052.jpg,693ea53f-3075-4ad0-9690-d9fded58664a,1155642,2090a66b2ab1a305357175f5d018ef727505479ef29bbb7f6852b5eb2604bbd2
Viral_1112_053.jpg,693ea53f-3075-4ad0-9690-d9fded58664a,1437998,6c089abc01ed6c728a319e14f98207f95a34c83ab942d835c001fa94d41d7c7c
Viral_1112_054.jpg,693ea53f-3075-4ad0-9690-d9fded58664a,1535539,49fbf5cc5fae0e5c398d776db81483f9c42cb9be03caf715dd721e7adcc4dc61
Viral_1112_055.jpg,693ea53f-3075-4ad0-9690-d9fded58664a,1525572,bdf00edee5d2e6dd88600218f52aa410836eddbec2391e53dbffb3d8fa695b51
Viral_1112_056.jpg,693ea53f-3075-4ad0-9690-d9fded58664a,1295015,b72a59d39901203cadd11d2925e4a4999062d5c1e092c971931fd8e182a11d2f
Viral_1112_057.jpg,693ea53f-3075-4ad0-9690-d9fded58664a,1717699,a2a508520145227f956a6383fc04b01d4c7d5a2aa289ddfcc31bc9241dd925ca
Viral_1112_058.jpg,693ea53f-3075-4ad0-9690-d9fded58664a,1178630,3e6a6c5e6607c57fb2d98196f11005b1c0bd25f0b65f7413255d16e77a62bfe2
Viral_1112_059.jpg,693ea53f-3075-4ad0-9690-d9fded58664a,1226060,08a4f17f72eed35c02bb7005b99287ea899e2675b75471f3d1f93f30655cfcf0
Viral_1112_060.jpg,693ea53f-3075-4ad0-9690-d9fded58664a,1863322,9964dd007f2a75b962914108fd4b2d7a5e8210b3c02d81d6468ee5e1cb53c5f6
Viral_1112_061.jpg,693ea53f-3075-4ad0-9690-d9fded58664a,1348611,55bb34615aef90e5315c9d6dfa8ab79b96617e7e2eaf085f1843b20e9c4ae3b8
Viral_1112_062.jpg,693ea53f-3075-4ad0-9690-d9fded58664a,1429084,cc162d60ea4e65815d4d3b7f27e9c56aab887c08c6fc97cefd68b94cd76a31ab
Viral_1112_063.jpg,693ea53f-3075-4ad0-9690-d9fded58664a,1357212,263811f215f99ae24998e7b2c429e03e11d4d2c5ad30abe5bdceaa8a8229cee5
Viral_1112_064.jpg,693ea53f-3075-4ad0-9690-d9fded58664a,1199038,029b18764f3c0654ae46aa9d6c532bab3b48ff7e3b6f7b3c4a6ab232f969b3d6
Viral_1112_065.jpg,693ea53f-3075-4ad0-9690-d9fded58664a,1155537,a584c6d745a6cede5038304d9378a0713dafdc8ebf164f19580eae43b2fb2d1c
Viral_1112_066.jpg,693ea53f-3075-4ad0-9690-d9fded58664a,1192256,fd7770f7b07c24669b0bc9ced45dc9c7d0abfedd766d1a4864828ff11bedf34d
Viral_1112_067.jpg,693ea53f-3075-4ad0-9690-d9fded58664a,1534732,6c94a0ba485d94a0e845b3139e1676a0f9582ef0ae2457d9e1abc1d66122a545
Viral_1112_068.jpg,693ea53f-3075-4ad0-9690-d9fded58664a,1509057,fd48fe6e4a2ae3cd56cfb16d373c92bed8af6f4243685653057e58d47a109929
Viral_1112_069.jpg,693ea53f-3075-4ad0-9690-d9fded58664a,1525344,dec06e6f90879c3ef5b85acf66f5de43f33733bf12a9a51a738d8088bff98c8a
Viral_1112_070.jpg,693ea53f-3075-4ad0-9690-d9fded58664a,1272617,79e7a88d3f385e480ab3c2d76e4e5fd209b6105e0ecfff9ddfceedcdb00b628e
Viral_1112_071.jpg,693ea53f-3075-4ad0-9690-d9fded58664a,1079478,e8094493c923ac758715e0b1416ace31931061b99404d28f4d73a75207c55809
Viral_1112_072.jpg,693ea53f-3075-4ad0-9690-d9fded58664a,1790796,bb0b59419d4a5ff09c1256665c3498375629437be3f27809c338beb070109c76
Viral_1112_073.jpg,693ea53f-3075-4ad0-9690-d9fded58664a,1649645,de410521b01f2f961785176b14a7771ec4ab31cee81b0208d92a831a4390bd30
Viral_1112_074.jpg,693ea53f-3075-4ad0-9690-d9fded58664a,1306190,7a125c727a1b172e9e914e22fd4ab13e55f0ec98a960843a579d95f4e73ba95a
Viral_1112_075.jpg,693ea53f-3075-4ad0-9690-d9fded58664a,1507034,22550bcc68fa5265417df4091c2ba3810063f9256a931087c94bff50ad37ec7e
Viral_1112_076.jpg,693ea53f-3075-4ad0-9690-d9fded58664a,1294668,537f21bf53a70ad630653cdf7220402d9589a4ad7c6452402a2a0f784b17bc31
Viral_1112_077.jpg,693ea53f-3075-4ad0-9690-d9fded58664a,1454389,e3cef13fb7a8d58ed664cff04cd1b901070ade23d11a834ba85faaf8f29911b6
Viral_1112_078.jpg,693ea53f-3075-4ad0-9690-d9fded58664a,1002499,e7007abfa90f4780acee1ef2307e509dc1edd5bfbd902983db7d77da3099ebe3
Viral_1112_079.jpg,693ea53f-3075-4ad0-9690-d9fded58664a,1207421,f025f66c3aceb450fb8df70a241c9de09fa7b823bac7f86deb6ad5db4efa9a01
Viral_1112_080.jpg,693ea53f-3075-4ad0-9690-d9fded58664a,1195737,8f9ef64f4a3192128d4fae26f4c635bb78649365da5e3e98544628841a532471
Viral_1112_081.jpg,693ea53f-3075-4ad0-9690-d9fded58664a,1178189,499de3e181dbdd85273b0f7ca992ab198d040d048810d4f14aff711f5c2f52c1
Viral_1112_082.jpg,693ea53f-3075-4ad0-9690-d9fded58664a,1287460,56f486f3eb67cdaf007bd26e8e78797ac3345fd3c7ffab4c4408e8501bc8c4bf
Viral_1112_083.jpg,693ea53f-3075-4ad0-9690-d9fded58664a,1255579,92f1ddaa69a5593f0f94e4ac541e6e6dcc4f7894f9d0bf5c982b04cb69f017e7
Viral_1112_084.jpg,693ea53f-3075-4ad0-9690-d9fded58664a,1114988,7f7dcf82dad4654f46c708eb61bf2e49f3ba3c29b177f8b4f463e6a6392bc874
Viral_1112_085.jpg,693ea53f-3075-4ad0-9690-d9fded58664a,1257523,e96ba58082d00458fe9c41b97e7934bd947fcdd45dc982e827316cb82902b3ce
Viral_1112_086.jpg,693ea53f-3075-4ad0-9690-d9fded58664a,1208299,f99052048f2e2c459bb908dcf0aaf98681c5e66a21ecff7a9a025f5e2eb749d6
Viral_1112_087.jpg,693ea53f-3075-4ad0-9690-d9fded58664a,1351404,fac93f3c0c48173aa86245feb1959b5885afb26988511bca47c84a7bc9bbfe07
Viral_1112_088.jpg,693ea53f-3075-4ad0-9690-d9fded58664a,1281391,8f13272035f41016bf2b52aff4c179cd6fc31728775860a7bea987262c1c2f37
Viral_1112_089.jpg,693ea53f-3075-4ad0-9690-d9fded58664a,1220425,f4808e56c3235af4b96fc4a2fe29af9e224c4ae9f152f43b5fbf919599f732e4
Viral_1112_090.jpg,693ea53f-3075-4ad0-9690-d9fded58664a,1316441,36975c88dc18ebd1d19622db37d60ee7847947ff3f490f3d52d88f8328c89429
Viral_1112_091.jpg,693ea53f-3075-4ad0-9690-d9fded58664a,1296246,621c3b81580bdd937db9bc1cbe4ba967688e2f30b69bc30448bb3904eedf859c
Viral_1112_092.jpg,693ea53f-3075-4ad0-9690-d9fded58664a,1111276,03b7cb1114514ebad00e3d395bb381a6b5988a1e06a8aa2f0243774c31314c28
Viral_1112_093.jpg,693ea53f-3075-4ad0-9690-d9fded58664a,1101062,5766d45feb8bfc2183adfa2fddabf7f06138b703478327962379d5f0c5f48f89
Viral_1112_094.jpg,693ea53f-3075-4ad0-9690-d9fded58664a,1273107,9c24592933d50e6d13889d5196f89dd5dc33d7ddc51f47510d23551d9cab864a
Viral_1112_095.jpg,693ea53f-3075-4ad0-9690-d9fded58664a,1014100,33dcbe243e63597455183d8eee5f5c9dcdb7c9657c14df63b95a3eb62738ca31
Viral_1112_096.jpg,693ea53f-3075-4ad0-9690-d9fded58664a,1030575,24eaa869f4fdb620b257f4faefd696b2c3c46f15590fb75884cc6a4e70c5b52f
Viral_1112_097.jpg,693ea53f-3075-4ad0-9690-d9fded58664a,1101434,e8f50c65b3e66badd80383f0f3e565ecc2053b8f27590597aedd03ea12b4e8a7
Viral_1112_098.jpg,693ea53f-3075-4ad0-9690-d9fded58664a,1062571,7870bd3c3205046a91646e786aafadebd04398e11b916b8a24541fd483551d53
Viral_1112_099.jpg,693ea53f-3075-4ad0-9690-d9fded58664a,1197521,7faaa92045c2e63490deb2d905e49553abfd45cd9e2e06771e1da3a046bf84e6
Viral_1112_100.jpg,693ea53f-3075-4ad0-9690-d9fded58664a,1633343,97d722a60fa59fa4d6468d2e828d38a61363fd94111b13683fc58cdddd200c28
Viral_1112_101.jpg,693ea53f-3075-4ad0-9690-d9fded58664a,1834315,fe8aa74e1635950ec69f8b0dbe598af1f9cfb0cc9ae9586ad8c7ab64840b669f
Viral_1112_102.jpg,693ea53f-3075-4ad0-9690-d9fded58664a,1896344,93edaa1e2b77eb70e69ef43eb1b875ea21d0dbf4bbd08b60b7bc2106f86d5ba2
Viral_1112_103.jpg,693ea53f-3075-4ad0-9690-d9fded58664a,1543488,e577ed28af994424f880cd7cc78f5b4073c88f6265279538fe88a3d295907329
Viral_1112_104.jpg,693ea53f-3075-4ad0-9690-d9fded58664a,1835355,501dda2291523e828044ae7343febbc50197a9f011feeba7c3a52fecd64315e5
Viral_1112_105.jpg,693ea53f-3075-4ad0-9690-d9fded58664a,1670847,d5c86656ad063f885300ec2f00cb53d30f03f986a71fd4a1457a21bcc21013dd
Viral_1112_106.jpg,693ea53f-3075-4ad0-9690-d9fded58664a,1426979,24e1b3a6de90af72a75a4badd44c383cc0014091c3a6d08d4119b40e0e944672
Viral_1112_107.jpg,693ea53f-3075-4ad0-9690-d9fded58664a,1423688,f6ee79af4b82617ac550b476e4935d85740e1738e61affae2483f3327abfdec3
Viral_1112_108.jpg,693ea53f-3075-4ad0-9690-d9fded58664a,1254463,ddc0457583d31019ea3bd052c80c34b84d61b6b503abb29a3ebafa0891f18138
Viral_1112_109.jpg,693ea53f-3075-4ad0-9690-d9fded58664a,1182166,cf451e282bc84bb3eb7a2e6e9dc88e78bb6cc780f5277cfa5683bf96713b626f
Viral_1112_110.jpg,693ea53f-3075-4ad0-9690-d9fded58664a,1123471,c102c2d5a1297dae8389b63d749f1907d1bc4d8d201a66694122596868de3e1d
Viral_1112_111.jpg,693ea53f-3075-4ad0-9690-d9fded58664a,1094043,5ed42e1f8725a221ca707e9bee0209e221ef0194bb672f68b1bd152551f52f15
Viral_1112_112.jpg,693ea53f-3075-4ad0-9690-d9fded58664a,1561978,ddd75ccc41c408c28b2658f9098e04ae3e53363b19bdd352ff64ebb3cfc1612a
Viral_1112_113.jpg,693ea53f-3075-4ad0-9690-d9fded58664a,1384509,a93caef8e6ed3608485903636dc5e0b759da274e395d0ea0f6a71c9feae838c6
Viral_1112_114.jpg,693ea53f-3075-4ad0-9690-d9fded58664a,1534275,bf88121e9e322ded9f78c71f485df331c94eba61e33a021f3dd7720af34c7f61
Viral_1112_115.jpg,693ea53f-3075-4ad0-9690-d9fded58664a,1398695,cb178928501253624e9c882630b96be5ff9b3ad638e46733b984f9ed7d3851c6
Viral_1112_116.jpg,693ea53f-3075-4ad0-9690-d9fded58664a,1435863,15a90dd2389f33dc7370fee398310e8f1c9472ef959a6caa47cb67b76d57423f
Viral_1112_117.jpg,693ea53f-3075-4ad0-9690-d9fded58664a,1285602,77a744a1ff9d8214f87b69bcc78e25e42e90086b0cdf13ed71325c0f27c1c10b
Viral_1112_118.jpg,693ea53f-3075-4ad0-9690-d9fded58664a,1250592,eeddb4d9e5512847b4d25404b585251178d45dfdc2e97ea81295edaa41b5ffb8
Viral_1112_119.jpg,693ea53f-3075-4ad0-9690-d9fded58664a,1274176,c88d20415df47a19c62012c9e1638ff1c738cbec1546452aa066c00e46d719f9
Viral_1112_120.jpg,693ea53f-3075-4ad0-9690-d9fded58664a,1303366,eb99e3aff7b93b39c0285262cff7dfd606124e683af47b861e9f9d69927745b4
Viral_1112_121.jpg,693ea53f-3075-4ad0-9690-d9fded58664a,990501,305d8b3eb58a73ac75e5ba94b215747028dcd7a8961591b435e30f48d10a354a
Viral_1112_122.jpg,693ea53f-3075-4ad0-9690-d9fded58664a,1467142,a97d3a2fd994edb7ff84b07325eee1894be9232715fdee6d021f339ec70b8b1a
Viral_1112_123.jpg,693ea53f-3075-4ad0-9690-d9fded58664a,1431214,d37068de1ec1e8ca229ba6ff8472cceef97bbc817860fcbf7ba09c5881399f40
Viral_1112_124.jpg,693ea53f-3075-4ad0-9690-d9fded58664a,1371680,fbe696036483186bba8b424113431d9cca70799441b5115c3bd30ef82688afd6
Viral_1112_125.jpg,693ea53f-3075-4ad0-9690-d9fded58664a,1359436,723de1f68d7779e083311b308986543fb0eb87c32ba07254835568af9a28c9d6
Viral_1112_126.jpg,693ea53f-3075-4ad0-9690-d9fded58664a,1553391,843c48748e0c9cac4349419b86a377ff7dc69cae018ad71817d59f98e288f3ea
Viral_1112_127.jpg,693ea53f-3075-4ad0-9690-d9fded58664a,1617958,f2b94362b2ed8ce7e371e5c199ad7ad11b9b9f9c15f7a8e9409653b1d2da5f78
Viral_1112_128.jpg,693ea53f-3075-4ad0-9690-d9fded58664a,1390610,e21d32c160a1bd3405ebc42f4952ad8b490b8d3ce339ddd88c8810fd953c3884
Viral_1112_129.jpg,693ea53f-3075-4ad0-9690-d9fded58664a,1585839,bf4425e6edba5e282215b8c2f22f867d5f7092281e6d858ea3a2db596c28984f
Viral_1112_130.jpg,693ea53f-3075-4ad0-9690-d9fded58664a,1756935,e1cfd44876fd0790c19aafa67758ab16b7d8ec3ee3cad86ac08538023fbbd3a5
Viral_1112_131.jpg,693ea53f-3075-4ad0-9690-d9fded58664a,1547060,1ab71a99192419c827b9aae8a9e44fd6869f1e73d413f84e33b2589193c36f89
Viral_1112_132.jpg,693ea53f-3075-4ad0-9690-d9fded58664a,1481613,5b42a7bea8b7170b349d7b6cb05f8c5695d05d84398e1b9f9b3d2d67b0fe20bf
Viral_1112_133.jpg,693ea53f-3075-4ad0-9690-d9fded58664a,1331042,99c9fce7f551d5911c6b599c20c052fee314693e46e003c01aa0bafbc89f6f6a
Viral_1112_134.jpg,693ea53f-3075-4ad0-9690-d9fded58664a,1584687,363559e0a74c9c3a5b367ffbbc648474f074154507213e92fe0739db43e3bb18
Viral_1112_135.jpg,693ea53f-3075-4ad0-9690-d9fded58664a,1695782,2b8d2168347990aee5d32b71d84dfe2c68706a5ecb1f5c0a973fbb09ed950041
Viral_1112_136.jpg,693ea53f-3075-4ad0-9690-d9fded58664a,1644929,32a753802303320dc40ccd50d4d0039fd3ccea3ce337e6baf973f832e68151bd
Viral_1112_137.jpg,693ea53f-3075-4ad0-9690-d9fded58664a,1347031,b0aca5143a81e341faf0b5c8c7462f3ed466c8335df239002ae34a776a0f0d98
Viral_1112_138.jpg,693ea53f-3075-4ad0-9690-d9fded58664a,1724342,570a37adbfc0e4c51555680463ab57a8cbd369603e0515a6ffd0eb35300012a4
Viral_1112_139.jpg,693ea53f-3075-4ad0-9690-d9fded58664a,1765207,b6cfa4b72e816f15a686660195df67f92ec32572bb62683dc7b3cae5f5540857
Viral_1112_140.jpg,693ea53f-3075-4ad0-9690-d9fded58664a,1488764,d7320a77a2bdb95229c21984039ce9aba02238cc1ce75ac2c4c575a0078ee742
Viral_1112_141.jpg,693ea53f-3075-4ad0-9690-d9fded58664a,1570927,1d536e977a810d6694bdaae9c663bd90e31a7114fdf67e0bc5be768e5d44a065
Viral_1112_142.jpg,693ea53f-3075-4ad0-9690-d9fded58664a,1704153,a1c540314d95ea47acef92addfcf50b27422ec2041a0bc3517a363ea8cdfa1f0
Viral_1112_143.jpg,693ea53f-3075-4ad0-9690-d9fded58664a,1674848,6c781bcb0f9f77b78513285c3f1b9c4c9b037c904b2062b4a4b78af4ffe67a31
Viral_1112_144.jpg,693ea53f-3075-4ad0-9690-d9fded58664a,1481188,9b32299a9afe83f6daf1618755a17d4f4805e3b5d6f1e4e3d08352937869ef91
Viral_1112_145.jpg,693ea53f-3075-4ad0-9690-d9fded58664a,1468891,0c03496c07a3ca45c6aaf942009a9aa6eb9bac512342283ea05484c976337364
Viral_1112_146.jpg,693ea53f-3075-4ad0-9690-d9fded58664a,1562949,0c15b97d7088cfb7bae68ac11f88cbb632874de116b7278b2dd50bdc4c7f6731
Viral_1112_147.jpg,693ea53f-3075-4ad0-9690-d9fded58664a,1517444,236a7b0d7842b0cfce6076d5c221d7e4eca2dc43956bbc8ce40fa226d467308a
Viral_1112_148.jpg,693ea53f-3075-4ad0-9690-d9fded58664a,1701455,833b3b27a5ec61d153e5db8bd2d1ea03304dc8777bd6e3e3bc9acf9daaebabd0
Viral_1112_149.jpg,693ea53f-3075-4ad0-9690-d9fded58664a,1887901,f4af9992cb819e609de3ec43e1855c55c6f9f4e45358fbbe51143a047be3fb13
Viral_1112_150.jpg,693ea53f-3075-4ad0-9690-d9fded58664a,1782549,5e21b152c6464782ed3d33aad5683c5c5c55411069f3f04db9eb31bd0724c6d9
Viral_1112_151.jpg,693ea53f-3075-4ad0-9690-d9fded58664a,1707621,be48ff5a0f2cd6be06c7c0e6db60579c88bb6402d3ca45dabb3cbaa77f34437a
Viral_1112_152.jpg,693ea53f-3075-4ad0-9690-d9fded58664a,1742659,bfc2abbcf9de5e2dda97c1b246de7fa942138e5f63f3cb446ddf17e57e42c160
Viral_1112_153.jpg,693ea53f-3075-4ad0-9690-d9fded58664a,1345301,91caf333fb7f56ee60bb501b88e97188bdbd35c5a360d647c8ce71dd60d65670
Viral_1112_154.jpg,693ea53f-3075-4ad0-9690-d9fded58664a,1578686,4a555c90e1eaffa0fc4bb6bff1e8dbf132f2daf017e282b272d30435d040531e
Viral_1112_155.jpg,693ea53f-3075-4ad0-9690-d9fded58664a,1704379,db7e69f12579a7fc1790fba6a877f1b6e034e74f503510d955ac8d34d1c63e00
Viral_1112_156.jpg,693ea53f-3075-4ad0-9690-d9fded58664a,1471773,cc82eb8b52c18ebc6aa0d1b0b874a7692b6c1150ff959b1233a43c7bbe5e9ba4
Viral_1112_157.jpg,693ea53f-3075-4ad0-9690-d9fded58664a,1480632,fbda23dd59108467b8c225ec4ff6713f850a7663460296f3b51a77de77a06214
Viral_1112_158.jpg,693ea53f-3075-4ad0-9690-d9fded58664a,1508265,2eb1d558198d993004774d22a58cb8a56ff11f5c39b01b81927df529d3aa72fd
Viral_1112_159.jpg,693ea53f-3075-4ad0-9690-d9fded58664a,1522423,4122e928ba984a1b3b31e1cd123290d6a585705868c8a095cf174acafcfaed08
Viral_1112_160.jpg,693ea53f-3075-4ad0-9690-d9fded58664a,1619375,002b91246ece66bd88a835feb1f0837fa960ec6b4815df49d355e94eab99e37d
Viral_1112_161.jpg,693ea53f-3075-4ad0-9690-d9fded58664a,1596007,aaf92356248ffc410aad18c077a84b40d0c7626ee5c4cc7f575132fa0d375cb1
Viral_1112_162.jpg,693ea53f-3075-4ad0-9690-d9fded58664a,1702846,a35d86ee1389103a58b4459ca31b9c656c3ad5be961aa5f08685865fbe912d2d
Viral_1112_163.jpg,693ea53f-3075-4ad0-9690-d9fded58664a,1593446,2823bdec806c0d9034c7028a96cc7ee0a6e805eb4802f03f9826978d506f1177
Viral_1112_164.jpg,693ea53f-3075-4ad0-9690-d9fded58664a,1713710,46bed18d74fad119eb62ced684ff2462b9754ed56fc438ab5c693bd422585289
Viral_1112_165.jpg,693ea53f-3075-4ad0-9690-d9fded58664a,1542466,5e6c94620e84e4dd0dcd0338519c4887a8e1d01b432fd572c893958cc8bff299
Viral_1112_166.jpg,693ea53f-3075-4ad0-9690-d9fded58664a,1550709,8dfcb74072c49a57bddb6ed0da6b687bec67f982738c9a25869cad2c9cd54b28
Viral_1112_167.jpg,693ea53f-3075-4ad0-9690-d9fded58664a,1629968,d3b7a3d5eca574ac8acaea5d02d00cae57e98a8c4c1bc7159f909fb88ea5f25a
Viral_1112_168.jpg,693ea53f-3075-4ad0-9690-d9fded58664a,1653361,3ed301a7d7e4beb6721fb80518b9f4d2daaad5cc29e449460c62b4203c76270b
Viral_1112_169.jpg,693ea53f-3075-4ad0-9690-d9fded58664a,1574448,45a7ac3527e0a12ddc67cf51557e2dfb8db3aba047aa91604f88471f2511018c
Viral_1112_170.jpg,693ea53f-3075-4ad0-9690-d9fded58664a,1660636,af12da0d72847d01095cde667035f2f981695f8a001be98e72c31e93f4163689
Viral_1112_171.jpg,693ea53f-3075-4ad0-9690-d9fded58664a,1509330,028866f00ec9e251650b181d35757fc12265cf24ebdf7fdbed4aabff2260010e
Viral_1112_172.jpg,693ea53f-3075-4ad0-9690-d9fded58664a,1590922,cc55f822a4ede455562478385a77bc4132a620e71a9495940bae0f26e03eac19
Viral_1112_173.jpg,693ea53f-3075-4ad0-9690-d9fded58664a,1640762,b6fa2e373f40d4d2211d2fd8472dcf57190a1a31faad03ae323c82c2365b072c
Viral_0617_001.xml,b58dfc52-ce45-4de0-894d-09c837434c87,1949,3c6e8e5b0702a0296e135578dfefddeada3e75e50daed7dbe23a9a63142316ee
Viral_0617_002.xml,b58dfc52-ce45-4de0-894d-09c837434c87,2183,1634389419ebf865ffd2aa44021fd80c86aecdfdd97c2f64e8803db66cebd10c
Viral_0617_003.xml,b58dfc52-ce45-4de0-894d-09c837434c87,542,491852713b74c2145f76e539bcb56f1602d7a1005d91c972204d50aa8de3101b
Viral_0617_004.xml,b58dfc52-ce45-4de0-894d-09c837434c87,543,97bb63536280a9fd4b432f174e5090eb10f7121b08b083b660c0c303a5795465
Viral_0617_005.xml,b58dfc52-ce45-4de0-894d-09c837434c87,1950,9a73e3d255f45ba2ce74ab69653e249cde4ea8e5c2285653b09efb7fce0a51b7
Viral_0617_006.xml,b58dfc52-ce45-4de0-894d-09c837434c87,541,df47811c8acaaa8f2a4672cd8a0c718d871de5b5d7d997eb9a13faa5f1d5d6ed
Viral_0617_007.xml,b58dfc52-ce45-4de0-894d-09c837434c87,541,302bcda9d4db843e457c044cf851d76387bd9f717bf8e61058f626f3ed89d1b8
Viral_0617_008.xml,b58dfc52-ce45-4de0-894d-09c837434c87,540,50e4edb463de984b142b485de908b8bf2b8ffa0f294f12c9ce9fddc063555d89
Viral_0617_009.xml,b58dfc52-ce45-4de0-894d-09c837434c87,541,06c4223ddb914f83d8ce9686e31b18aabda9365775a0e9a1397f6f106663548e
Viral_0617_010.xml,b58dfc52-ce45-4de0-894d-09c837434c87,1248,52bac9138590576cc50b6a5801a3306e6d269486ec1b5f7f56fc9083e90aef3d
Viral_0617_011.xml,b58dfc52-ce45-4de0-894d-09c837434c87,1716,7438cacefd612d2f8e3ec0fc30242c29d66298ac5706fce08151620339f0931c
Viral_0617_012.xml,b58dfc52-ce45-4de0-894d-09c837434c87,2180,bed9094755663cb5c4cdbdd9ebaa9a3ba46d89a853badae089847095efb83247
Viral_0617_013.xml,b58dfc52-ce45-4de0-894d-09c837434c87,1714,46c6cf1f133fbdcb9796340fa1eea8068c81244aed14d003708c607a69cb8c25
Viral_0617_014.xml,b58dfc52-ce45-4de0-894d-09c837434c87,541,7a3aeed17ebe0568e1f42f95713ba94d6d87791e39e786a513b6514e1e4b1a53
Viral_0617_015.xml,b58dfc52-ce45-4de0-894d-09c837434c87,541,180eb7f43eff6bcfa8a97cf78e50275d7a70ecf7150de68ceb69fe3c18328707
Viral_0617_016.xml,b58dfc52-ce45-4de0-894d-09c837434c87,1013,0463069fe3f3e1c8832c2fe48ec9fa9fd2c6c9c3dc37f96d1dad53df8754ce90
Viral_0617_017.xml,b58dfc52-ce45-4de0-894d-09c837434c87,1714,1009defaa4d56664e99659dc72b7ad7d3651f0131a254b0c3117c21f57cd80f9
Viral_0919_001.xml,b58dfc52-ce45-4de0-894d-09c837434c87,542,e6ca890162901f76252cf0775c845b1dbbb40832a5555c050761a4d2c9f05d48
Viral_0919_002.xml,b58dfc52-ce45-4de0-894d-09c837434c87,776,ae2adeb8f8e1a97956eeae43bafb9566fdb3236bcb0e44d06f3711d6e1f28a54
Viral_0919_003.xml,b58dfc52-ce45-4de0-894d-09c837434c87,541,e76c49adcc3754f554d432c8deb5b083a61fb7fe6d22f6e5b7aa8fd9f7de273a
Viral_0919_004.xml,b58dfc52-ce45-4de0-894d-09c837434c87,541,6b1f20df074e55e7bb4f4bf88e67cca9e960d9606ce722fc17cf84a7568ab5f1
Viral_0919_005.xml,b58dfc52-ce45-4de0-894d-09c837434c87,541,5dc2166be5c8484ea3d7c02acd3ca9b1911caa62549dde1e3fe8f930c991b733
Viral_0919_006.xml,b58dfc52-ce45-4de0-894d-09c837434c87,541,19bbad0984059b1c2042bd42cd95de2c93d01765abe3e5e0c3f7ab64533f8c22
Viral_0919_007.xml,b58dfc52-ce45-4de0-894d-09c837434c87,541,c6337fb1550d8f9e2d3bc9cf3df9bb3575dade2c13c0f9582a5da1d0bac03020
Viral_0919_008.xml,b58dfc52-ce45-4de0-894d-09c837434c87,542,5ee71a531c7a6810f86098b68ab935317f273b400e628d577d58f44f38b0035b
Viral_0919_009.xml,b58dfc52-ce45-4de0-894d-09c837434c87,542,02b7ca78c1bbe21890a4f1f1d1bc5eacb7f568b041ee4edb5ac53c7b3ddf03bf
Viral_0919_010.xml,b58dfc52-ce45-4de0-894d-09c837434c87,1007,861f3943b580367ef634613c955dc2348224f88f57a6e995345697e8776a61b8
Viral_0919_011.xml,b58dfc52-ce45-4de0-894d-09c837434c87,541,86a7d4ba3c55ae928f59163f28b9133a12a4567dc6cf4fa53bee0ccef2e4e982
Viral_0919_012.xml,b58dfc52-ce45-4de0-894d-09c837434c87,541,06d01479ec7ddbf398aabe59ddfafe536368aad303d61a562d53d67341e90bc2
Viral_0919_013.xml,b58dfc52-ce45-4de0-894d-09c837434c87,541,f89ddc1478ec12b584134fff19c60ad0f17ecae29fe88da452aac52d990f87c4
Viral_0919_014.xml,b58dfc52-ce45-4de0-894d-09c837434c87,541,4861f8a10753eb0cb93ff4a325cb831e40bbe69ef48eb61085b1bfb40fb6da4d
Viral_0919_015.xml,b58dfc52-ce45-4de0-894d-09c837434c87,1480,dcb96f1f223cb0da7527c2cc2d3a33159b2adf37c11c90e2f3ed55de122848c7
Viral_0919_016.xml,b58dfc52-ce45-4de0-894d-09c837434c87,541,414f3e2268b1a6e9f2ad0e64e758661dad22146b47920678f6e34eab0493256f
Viral_0919_017.xml,b58dfc52-ce45-4de0-894d-09c837434c87,1010,020f4f7cd6ed49851c30932d4a291f848e0b054e96f8ab389ea818d913f1251c
Viral_0919_018.xml,b58dfc52-ce45-4de0-894d-09c837434c87,1011,f5fa75d0bc9f9ea1c3f19a4ae64b930206e2705ddfa43618b5849bd20fe565a5
Viral_0919_019.xml,b58dfc52-ce45-4de0-894d-09c837434c87,1011,0fc6f535f9a7b7847f2abf7ecc8541dd8b93a1687c2b694cee086994d9734b10
Viral_0919_020.xml,b58dfc52-ce45-4de0-894d-09c837434c87,541,5321c1fac60381bb1dbea7e7679c9c4c22a8298f73028f6f34926d3ba0002969
Viral_0919_021.xml,b58dfc52-ce45-4de0-894d-09c837434c87,541,bea7e1fbf39e9ff8b05136844f32d0a6096ab3cd012ec2192926431dd95bb05a
Viral_0919_022.xml,b58dfc52-ce45-4de0-894d-09c837434c87,541,31ee3c76ccf5df490e9388243649d6503704030d505625e7f5013a56f63b1756
Viral_0919_023.xml,b58dfc52-ce45-4de0-894d-09c837434c87,541,8b5bf63c5fa982d1ae21b8bf7c193ec16614db0d4c9529448a91160bd8aafbeb
Viral_0919_024.xml,b58dfc52-ce45-4de0-894d-09c837434c87,540,592bbf29d9115693be6df6ce5f0576f21167b5fb8877f28b3cc0286879de7cb8
Viral_0919_025.xml,b58dfc52-ce45-4de0-894d-09c837434c87,1245,a31e85b719c3ffbe7df5450d8b8258a19b6002223d2bb52f561331d68399af9f
Viral_0919_026.xml,b58dfc52-ce45-4de0-894d-09c837434c87,2410,31e20538a2b0122171a5ef4423f2c9c3679a4534b5c10c5a6af2db87671d8b32
Viral_0919_027.xml,b58dfc52-ce45-4de0-894d-09c837434c87,1010,250b019679f20ec1e6daa4583827a62044b719f1408900eacbe4ffb12576059b
Viral_0919_028.xml,b58dfc52-ce45-4de0-894d-09c837434c87,1010,06d36179af11866535c09f250066294d07fd4a165806c06f7daeb00f80c5d4b7
Viral_0919_029.xml,b58dfc52-ce45-4de0-894d-09c837434c87,1477,b23f12640fcf9cff5bc94d61f433e58349d51630d3261d68d6c793eae3059c28
Viral_0919_030.xml,b58dfc52-ce45-4de0-894d-09c837434c87,1477,034f2ca0c1a3e2e9e105d80d2dd8b0bf3357f8fbdd7c56cb485e06c188fbef55
Viral_0919_031.xml,b58dfc52-ce45-4de0-894d-09c837434c87,1712,9a9892a658d55c7d4d2616c5e1ba627cbb76ddf0f0a9f2315d834aeff3dfce10
Viral_0919_032.xml,b58dfc52-ce45-4de0-894d-09c837434c87,541,589f5bf17317efc237ba5e21ac4b6a27f9388cc254ca86bdb8f108b722e5a60e
Viral_0919_033.xml,b58dfc52-ce45-4de0-894d-09c837434c87,540,9b3b2a790685defae2e772eefe611f24218a20ec40db6d88fbda44bc4b8774c5
Viral_0919_034.xml,b58dfc52-ce45-4de0-894d-09c837434c87,1007,66d26cefb2191915245a3d09c4c1c98ccbf77a4c6b37c46fa6e100a3eccf5603
Viral_0919_035.xml,b58dfc52-ce45-4de0-894d-09c837434c87,1006,52b2cb91ba4a56434a9702c118c5fe2dfef507eea45761641e6e5ee68335e7fd
Viral_0919_036.xml,b58dfc52-ce45-4de0-894d-09c837434c87,1711,f3f6a11c8d82251739d718c85f6b91c44e6192faec4e38d54989054181ae5f07
Viral_0919_037.xml,b58dfc52-ce45-4de0-894d-09c837434c87,1240,05a65a5bbbbd527c82a64137481de8664dd6edda08d71fc6c69f5a51f8b87bf9
Viral_0919_038.xml,b58dfc52-ce45-4de0-894d-09c837434c87,1471,2f858abbf56a20e844b057feb64031dbb0e8514247934d62b41ad481393b228e
Viral_0919_039.xml,b58dfc52-ce45-4de0-894d-09c837434c87,1708,74cd6df941c13dd1fe84a06875f222e7e91514d1a4de0995f6a26918fb5fcf88
Viral_0919_040.xml,b58dfc52-ce45-4de0-894d-09c837434c87,541,6b4ce4f36964bddc3f1d21925c0f6492367a3df8f4683a08b4ad797657a357de
Viral_0919_041.xml,b58dfc52-ce45-4de0-894d-09c837434c87,541,e1977f277e9763b7752757cd42906d2e31e545fbd9264d099ccfdc84ff5ce195
Viral_0919_042.xml,b58dfc52-ce45-4de0-894d-09c837434c87,1715,20760d81a97ad1093d7b9a9a06cd2eb8e74d30bc2dde39f8b1c9df6e80ba99d0
Viral_0919_043.xml,b58dfc52-ce45-4de0-894d-09c837434c87,1478,b75b0c88ad66728fc9cb19aad6771bd28c4e1e04429270a669c254e2e5e41493
Viral_0919_044.xml,b58dfc52-ce45-4de0-894d-09c837434c87,543,86d55f16739debb2a85097e97f46eb34116d09d58d7fa494a6fc5a0451764239
Viral_0919_045.xml,b58dfc52-ce45-4de0-894d-09c837434c87,1718,7d244589b76a5d5fb1cfb6cbe62b2a9d806561e56252a0533d1e605dd9f04bd4
Viral_0919_046.xml,b58dfc52-ce45-4de0-894d-09c837434c87,542,6b571944839960c539bfa0779ec6a9ca4132a0fe0bd1a1420b9d3d6f413ce15f
Viral_0919_047.xml,b58dfc52-ce45-4de0-894d-09c837434c87,1717,145ff7276d13cc0ad7b6f8be4a659bfa4befbd43ae74c69710b98c91449ee462
Viral_0919_048.xml,b58dfc52-ce45-4de0-894d-09c837434c87,1483,d9ae322e9e58d5430c8ed8fe9e232ea09388c76d592b1baf5ac3d6863cdbce71
Viral_0919_049.xml,b58dfc52-ce45-4de0-894d-09c837434c87,1247,63a8c5df77c5c6f0f179f1f71be326e0932cce953e3ce657877e327cf159f31c
Viral_0919_050.xml,b58dfc52-ce45-4de0-894d-09c837434c87,1718,127e2f9ee67047c0c8cc744a0e361aabecf92a80d747444aabbda4082f6713f1
Viral_0919_051.xml,b58dfc52-ce45-4de0-894d-09c837434c87,1243,5969fe2645e5e811035248294db3c63a6f5c7a310518c8ce22f155b998491909
Viral_0919_052.xml,b58dfc52-ce45-4de0-894d-09c837434c87,1008,453c982509194310c53b56e68f9b0e63cdfdcdd2a7eb4249d5d7244b07b8c9a8
Viral_0919_053.xml,b58dfc52-ce45-4de0-894d-09c837434c87,1245,997a35658e86737bf3cd806777d09a18e3edbd1dfa2dd98ae178e36e2fe6db0a
Viral_0919_054.xml,b58dfc52-ce45-4de0-894d-09c837434c87,1010,0e3f7eb30799aa762456080445a4b046782480b783f7a2086f9863be4d77cf99
Viral_0919_055.xml,b58dfc52-ce45-4de0-894d-09c837434c87,1006,74caa1a55fe83790387650445d04e084da8eed5c708daa9d5d73173621dedbed
Viral_0919_056.xml,b58dfc52-ce45-4de0-894d-09c837434c87,1479,3cc0ac96a7ca788966dd67a24169e3531249f48403ef04a618479a6abf1d01f3
Viral_0919_057.xml,b58dfc52-ce45-4de0-894d-09c837434c87,541,16c507194a930a8d3cfda4dd5e915e300dc83870e2685229323788738c48afe6
Viral_0919_058.xml,b58dfc52-ce45-4de0-894d-09c837434c87,541,b15ed33625e672c3ce60736acba1c97b59f9b45724a9ab607f2e2e65e2f52fb6
Viral_0919_059.xml,b58dfc52-ce45-4de0-894d-09c837434c87,1010,b08b719d016000bb48de049e273ad6326182481491763c7c4d29b4dc8aabd678
Viral_0919_060.xml,b58dfc52-ce45-4de0-894d-09c837434c87,1012,a7395ac70655ea331bcd93cc57644d2fbc3ddd752841ca92a41ae10fdfd8cdda
Viral_0919_061.xml,b58dfc52-ce45-4de0-894d-09c837434c87,1471,ec820ecc8324d8b4d02c94824040c06f1aa18774e99d1b20eb14f0e42a8bf907
Viral_0919_062.xml,b58dfc52-ce45-4de0-894d-09c837434c87,775,b4980552396fcd9b91795c0c0abc8fbfec0d7ba7c52a08ab3a95d4c9905c91d5
Viral_0919_063.xml,b58dfc52-ce45-4de0-894d-09c837434c87,777,eb1b1b7f1add4b78dcf99a0693b21abf5284116cdec8e9e9d093d02b4cee160c
Viral_0919_064.xml,b58dfc52-ce45-4de0-894d-09c837434c87,1013,8b716f95048e4d6fffcd3fa70e944574d638699acd78848139820ca92aeedf9e
Viral_0919_065.xml,b58dfc52-ce45-4de0-894d-09c837434c87,1013,d817ab8128be47f6847395c2bb288436964a436d5281c8dd72dc4d6092b9b79a
Viral_0919_066.xml,b58dfc52-ce45-4de0-894d-09c837434c87,1950,7ec2d33c7f4e15118cffd1402c7dad0946083a6c1673b0701407e4ebcba94cdc
Viral_0919_067.xml,b58dfc52-ce45-4de0-894d-09c837434c87,541,7b1375e9be369bb5a10dcacee60f598f3df2e1f99e2c734078f58410a5b64b28
Viral_0919_068.xml,b58dfc52-ce45-4de0-894d-09c837434c87,543,8a7482c62377e143ba3c7fcf8697f0d26e2cfc42f1e19f03ca247c24bb9f1977
Viral_0919_069.xml,b58dfc52-ce45-4de0-894d-09c837434c87,543,cb71bdad080f3126775cb742d7085fcf28b1995cfa6df4601954529ed2e8676d
Viral_0919_070.xml,b58dfc52-ce45-4de0-894d-09c837434c87,541,a90770e6ef21d531e952178df1fb5da9836ddd6e7720c06cdaf0632f685b455b
Viral_0919_071.xml,b58dfc52-ce45-4de0-894d-09c837434c87,541,f25fa97433fd87a3f81aa42791c2ab0673c961052665c5f15f1f876fd26d4b0b
Viral_0919_072.xml,b58dfc52-ce45-4de0-894d-09c837434c87,541,a366a9e6a4769ecfd55954de30bca0e238f9d720b9d06a9a2e81775a4377dd3f
Viral_0919_073.xml,b58dfc52-ce45-4de0-894d-09c837434c87,542,7cda71b8edbab74e8916d565b6bbe66397b59078bdef46f54dd1d2085f03c036
Viral_0919_074.xml,b58dfc52-ce45-4de0-894d-09c837434c87,1481,a074435ae81a69a4d9d19d979556eeee76da7c9f52df84c06c3baf910458b85c
Viral_0919_075.xml,b58dfc52-ce45-4de0-894d-09c837434c87,542,be89ad965006add71636ffd2a51049ea6c0725c46cb806269aad345f1f08cde5
Viral_0919_076.xml,b58dfc52-ce45-4de0-894d-09c837434c87,542,73daac2dad340ab20c1dcb5c9576f3d95ddcfb9870ae9b80769bb801c1dd22f7
Viral_0919_077.xml,b58dfc52-ce45-4de0-894d-09c837434c87,541,0686bfc761b5a8e2640cf6e528da4f1cbea8c2ad1d55fc4595535ce828fab2e8
Viral_0919_078.xml,b58dfc52-ce45-4de0-894d-09c837434c87,541,14671551bb788da6a0a2fe924246af5d7ce2d06700dd1fba46f2e4ed86d2cccc
Viral_0919_079.xml,b58dfc52-ce45-4de0-894d-09c837434c87,542,d87fe176e7b4d1ba49ae5f49e555ff8e9f2626b322d7d2aa9ae8b3d2a6bbd6b2
Viral_0919_080.xml,b58dfc52-ce45-4de0-894d-09c837434c87,2181,cdd991a70d9fd592a20eef72d33fd15010e5cd9f7e1bb1eb403957e966d84f61
Viral_0919_081.xml,b58dfc52-ce45-4de0-894d-09c837434c87,2648,19e40045728b8f6f175f93618b27632eebc2d49e52400312a531eecaf1ef8aab
Viral_0919_082.xml,b58dfc52-ce45-4de0-894d-09c837434c87,1715,c30f725a979f34daef8413b160acfc8bb7e020e60f45417b3a1fc905f0d80462
Viral_0919_083.xml,b58dfc52-ce45-4de0-894d-09c837434c87,542,7a3edeba6155bf51c77bd9705d5fe56545650bfeb1b70595f3c55b1e6829f8cf
Viral_0919_084.xml,b58dfc52-ce45-4de0-894d-09c837434c87,541,b1bf1e60d79f429269c9c0d6722aa5d58ab76a3cf3753032a2fb9537c195c418
Viral_0919_085.xml,b58dfc52-ce45-4de0-894d-09c837434c87,1008,1a2a81bb68abb17d153668c6e21fabfd81a303a1fd1655772e23c107d2fb02fd
Viral_0919_086.xml,b58dfc52-ce45-4de0-894d-09c837434c87,1006,be1d94864cd4ff49b3f0a54aee3c5c754319949b7e3d987034bae32ed4d42113
Viral_0919_087.xml,b58dfc52-ce45-4de0-894d-09c837434c87,1007,a33869375fab24b96e8c107087ab57b426ba5d08d99d9f1a4b96f02cf2dd615c
Viral_0919_088.xml,b58dfc52-ce45-4de0-894d-09c837434c87,1472,977cc9ae97019e856fa7a1a6611d99cd592f85f7c84b1383fb2f043853baec3f
Viral_0919_089.xml,b58dfc52-ce45-4de0-894d-09c837434c87,1481,89d0af8547e6fec67dbef5dcfb3b7eee770f5f459501e000e3494b8ea031ca5b
Viral_0919_090.xml,b58dfc52-ce45-4de0-894d-09c837434c87,542,5e63ce36d3f9c017e1e25bac47c3d5a25919d80a509dd19f0d07cad3773f06ae
Viral_0919_091.xml,b58dfc52-ce45-4de0-894d-09c837434c87,541,5673381a862b4827c751dd5b2d8f95fa116e1aa777826a5992dfca749dae6323
Viral_0919_092.xml,b58dfc52-ce45-4de0-894d-09c837434c87,542,2ed8b53072bcca1d89d06d9d5a8c2c4d49952775bca3a99fefe84ad1a3afb9ed
Viral_0919_093.xml,b58dfc52-ce45-4de0-894d-09c837434c87,542,540e3a81301fc04f885c26f52d78a26dc0bc5fb9950b079524b10b80c57ead93
Viral_0919_094.xml,b58dfc52-ce45-4de0-894d-09c837434c87,541,95382af0b412392f240f5365419559710506a4f0f946a8dd0ba68d5c9beab24f
Viral_0919_095.xml,b58dfc52-ce45-4de0-894d-09c837434c87,541,16f176c3a79cc5a76eb87cbfb62867e3fe81cadd65c4f96b8fc195f3b1173588
Viral_0919_096.xml,b58dfc52-ce45-4de0-894d-09c837434c87,541,6d4c417b3ebab35fcf391d8d88e6c0c6a138cf2b4c831e22ccf2c3d2ed83708c
Viral_0919_097.xml,b58dfc52-ce45-4de0-894d-09c837434c87,541,811ed716a48d34b884e2ce8aa7ca0dc524b3bb9217ec6263ad0b648f0c3bd23d
Viral_0919_098.xml,b58dfc52-ce45-4de0-894d-09c837434c87,541,76a593143fdbf68534350811b436e2ee6bc6b596f628b164db598e851a3781fd
Viral_0919_099.xml,b58dfc52-ce45-4de0-894d-09c837434c87,541,3f6e589b277a9db71f2540bbce1df57e026cc66c0ea01beb835dd8f25d9aa97b
Viral_0919_100.xml,b58dfc52-ce45-4de0-894d-09c837434c87,543,82fe2d18b8f075eff821de52e4230d118754770203f0c8c60731affda55b1a82
Viral_0919_101.xml,b58dfc52-ce45-4de0-894d-09c837434c87,541,188857e51a91481a172bf37ea405db6939ec3dfae93030082b78e9e2eea2ed10
Viral_0919_102.xml,b58dfc52-ce45-4de0-894d-09c837434c87,541,d4a8d22825a730992d2e5b14e50b08f27419e81b4a911fa9eefc6f031efa4f25
Viral_0919_103.xml,b58dfc52-ce45-4de0-894d-09c837434c87,541,b9ee75f11a379245463224c92084f0598aab9a6024e4cd5703ecf77d88b11109
Viral_0919_104.xml,b58dfc52-ce45-4de0-894d-09c837434c87,542,f7a11888fbb1892319ea31df3d0af3a846d4c6d74fe508c5147972dfb3aacb61
Viral_0919_105.xml,b58dfc52-ce45-4de0-894d-09c837434c87,541,4e0b180b9dc4e871859f1e2990e4a9d1f6b6be028984e6d6c4c590949175a9da
Viral_0919_106.xml,b58dfc52-ce45-4de0-894d-09c837434c87,541,75ef4724d31f69a70df38bbde6c8e481fe34abdad672722cbee2715d060a402a
Viral_0919_107.xml,b58dfc52-ce45-4de0-894d-09c837434c87,541,3e2b7ba8e635da71b3cb4bb6f68cf5cf22666a1ec6c69799b8018f13d1d76701
Viral_0919_108.xml,b58dfc52-ce45-4de0-894d-09c837434c87,541,b13d2644f43ffffda8ec8dcca92fb0fca0d1b7d7097e5764c042162f15903f62
Viral_0919_109.xml,b58dfc52-ce45-4de0-894d-09c837434c87,541,56b3509475e3661d3e23836287e1aea1b377a3a9974a5c27de1a7018d5a1a5c7
Viral_0919_110.xml,b58dfc52-ce45-4de0-894d-09c837434c87,541,560310249f7003e66477a62bf1f885c7c99801348bf7bd99884cfa0dd803df99
Viral_0919_111.xml,b58dfc52-ce45-4de0-894d-09c837434c87,541,60c49f6a9cdd361f24a87a5348697ced0957efd3caacdfa620c808228e1c9182
Viral_0919_112.xml,b58dfc52-ce45-4de0-894d-09c837434c87,1012,71dfa5a62e76e6ce51703d12475bc6ebb061f898e5e6e040812ab9028173af9c
Viral_0919_113.xml,b58dfc52-ce45-4de0-894d-09c837434c87,541,f1546c8b2b26e9ff1122c489706ac9a1a73243961e41a0325f90838ed2f03c33
Viral_0919_114.xml,b58dfc52-ce45-4de0-894d-09c837434c87,1949,043d99290f6a83e8fc2e382db50169ca3c8b9fc55c0279f2552a72208087ae54
Viral_0919_115.xml,b58dfc52-ce45-4de0-894d-09c837434c87,1948,7aa340012aa50b31b6c5830a697c6399adab7267aa59a9a59bb2eee7502a439f
Viral_1021_001.xml,b58dfc52-ce45-4de0-894d-09c837434c87,1248,44a2c5aa059a32775ce424144bae223a9dbf9ebe621a4501fdb6493ab94c810f
Viral_1021_002.xml,b58dfc52-ce45-4de0-894d-09c837434c87,1245,0e8eb5009715ef713ca8893e8757c59320dd9c9d7483bc7808d66cb37ad27dcd
Viral_1021_003.xml,b58dfc52-ce45-4de0-894d-09c837434c87,1242,bd09e68d57061062de6adee285c92edc4e54512d751f05f2ad6ada0802a3e97b
Viral_1021_004.xml,b58dfc52-ce45-4de0-894d-09c837434c87,1248,354fc38d285e4f934e183664535aff41b789c44062ea83514e9c3802c9542e16
Viral_1021_005.xml,b58dfc52-ce45-4de0-894d-09c837434c87,1942,0dae98e0de5441c02c2e9e0f242bfe922ebaa6a945bf59d5c568dde7fe62101e
Viral_1021_006.xml,b58dfc52-ce45-4de0-894d-09c837434c87,1479,0bf1498f5215e0cae6c124cc5a0792b3cb45e623b8b2811d7edec0cbe8ece69e
Viral_1021_007.xml,b58dfc52-ce45-4de0-894d-09c837434c87,2175,539beb6ff6b333932fb987dfc10d1595dc7b3a8cab8c36847021d0cfb15ac122
Viral_1021_008.xml,b58dfc52-ce45-4de0-894d-09c837434c87,778,33d995862fb5e18adadeb21ebcdd3505dc51c914e86ae3d2ce039c1a6cf567e0
Viral_1021_009.xml,b58dfc52-ce45-4de0-894d-09c837434c87,1006,7817e61fd52557e20a34ba0ca8ac6e2fec5e10f4024ed6712460e6ba5965d612
Viral_1021_010.xml,b58dfc52-ce45-4de0-894d-09c837434c87,1011,b2d9dc81335b8614da8c73264bf7393c370654ffa40adeca14f7692e161afce7
Viral_1021_011.xml,b58dfc52-ce45-4de0-894d-09c837434c87,1712,28a1c341a246ab0aa1f3abb91cb796a862933a10156ad85a5d05cc1440fbbf39
Viral_1021_012.xml,b58dfc52-ce45-4de0-894d-09c837434c87,1006,978f374629af54a7cfc521ffe854fb702d356a2f7a4a4394969530e02f00a987
Viral_1021_013.xml,b58dfc52-ce45-4de0-894d-09c837434c87,541,14ef8d86d37245e5eec252788cf6c43607f07311402058bd051ba14062c45a4e
Viral_1021_014.xml,b58dfc52-ce45-4de0-894d-09c837434c87,1006,7bef3ecdd69869d694a1b69a9025caf3bbeb8cc93d0a6b7ec65683e79c5e7078
Viral_1021_015.xml,b58dfc52-ce45-4de0-894d-09c837434c87,541,b4c7d2aeebbcc55511ace6ce3077b7ab392cc9db327d9126a713f50684142365
Viral_1021_016.xml,b58dfc52-ce45-4de0-894d-09c837434c87,540,2d7ae30c87dc390ccf33ed6f43db582cfbb891da83d00f8c31319662785fdf47
Viral_1021_017.xml,b58dfc52-ce45-4de0-894d-09c837434c87,774,24e8caa2d41b7c489fb8ec6fc3ad5ebec456f8121fddc59e47eeb9a82276266b
Viral_1021_018.xml,b58dfc52-ce45-4de0-894d-09c837434c87,539,504c936ad7593117597351c77e5eea2ace1ef0ef0355894e96866bcc0d8e8977
Viral_1021_019.xml,b58dfc52-ce45-4de0-894d-09c837434c87,1707,5d7a2a55199b36acc3116f5722ad68d66ce726685bb993496fcdf5d8dd8f44cc
Viral_1021_020.xml,b58dfc52-ce45-4de0-894d-09c837434c87,542,1b31edbf8ff3a2624b3624fb96d963b83ee301c95d7691fe626984b38202a0c6
Viral_1021_021.xml,b58dfc52-ce45-4de0-894d-09c837434c87,1714,ac4fd64ac34b8e660acf8f063aebc6bbd059fc117f5e98134962274bd8f9c053
Viral_1021_022.xml,b58dfc52-ce45-4de0-894d-09c837434c87,1244,cb29ed57ff7d2fc477db329e594db729d5fc12fa1510b95ed2d96e54e75ab9e0
Viral_1021_023.xml,b58dfc52-ce45-4de0-894d-09c837434c87,540,502d29791e5d201177849dc8c8936607bbaed57cb498a19cdb7b5444b60822ed
Viral_1021_024.xml,b58dfc52-ce45-4de0-894d-09c837434c87,1242,a1d09ded05fd95ed1fb63751e456fcbaf5a91ab92d2548b047fa7a1ebc4c63c1
Viral_1021_025.xml,b58dfc52-ce45-4de0-894d-09c837434c87,541,a1987a0fe993bd2d8da8bc0769d3c01f98fff4f522db2ba31880174e0e8aaf9d
Viral_1021_026.xml,b58dfc52-ce45-4de0-894d-09c837434c87,1243,112812247d712dea238d097afc0e9c36b60e24125d16a73bf826975bdcf631bb
Viral_1021_027.xml,b58dfc52-ce45-4de0-894d-09c837434c87,1011,20ae77416611b6c9cfd10d14d80548e6399233df9140edf997eefded62fa9064
Viral_1021_028.xml,b58dfc52-ce45-4de0-894d-09c837434c87,543,5f5ad9422b30bf3e4373e0a55bc8daf4f15298a4ffb29bcaa664a4f4ee4972db
Viral_1021_029.xml,b58dfc52-ce45-4de0-894d-09c837434c87,1240,09db2cbe1e61a60bcdaa36f4eb3f9c6c90379fe7225d8378e024163a003c0814
Viral_1021_030.xml,b58dfc52-ce45-4de0-894d-09c837434c87,1011,1bf10b5743a8546d9a8ffea0b05d9fd7fdf9e5f6d9ba5944c7ee979b4637a10c
Viral_1021_031.xml,b58dfc52-ce45-4de0-894d-09c837434c87,1002,410189169f86ae731caea42df10360027cf066e1e56217c68bd8b308b0a403df
Viral_1021_032.xml,b58dfc52-ce45-4de0-894d-09c837434c87,775,11581f233bb31164df1b153d5f986117fb32434c5cd2925b6d84ac9dd2325e52
Viral_1021_033.xml,b58dfc52-ce45-4de0-894d-09c837434c87,541,71dd4053c2774fd2341c9bd01bd7bbc19ac069edaac2e20c9578d20a7652df2d
Viral_1021_034.xml,b58dfc52-ce45-4de0-894d-09c837434c87,542,e38a01f2ffb805bb2f813fd85dfa71695c0dbe7b26cfddd2e1f242498bda6476
Viral_1021_035.xml,b58dfc52-ce45-4de0-894d-09c837434c87,1007,2b325e8387cc74d3033d846ad29eeca9a69dc80aa7b3136a201097fc0b3d6c78
Viral_1021_036.xml,b58dfc52-ce45-4de0-894d-09c837434c87,772,e221598986cd77995d706fcc5357713c806df569106a24c39399671b09054f94
Viral_1021_037.xml,b58dfc52-ce45-4de0-894d-09c837434c87,1478,f1e1f06baac0660870937d45c992cd0c37ce32a711942977d847dce94246a942
Viral_1021_038.xml,b58dfc52-ce45-4de0-894d-09c837434c87,1241,e5bd473b2c154ee51db03a6e56df664cf642a2e3c428566aee55eec388f1e885
Viral_1021_039.xml,b58dfc52-ce45-4de0-894d-09c837434c87,1011,c1924cd760a1c707fbd8acdf4e6d932f3e9df61e248e2923f10274296270fe24
Viral_1021_040.xml,b58dfc52-ce45-4de0-894d-09c837434c87,1943,53dff40e53373b22c0def9f5339fd3bbc2b6b869b4ef2bbe84b6fcf702a13115
Viral_1021_041.xml,b58dfc52-ce45-4de0-894d-09c837434c87,774,f3a16012599fbe4afd066dc3147c342d49ee166adb6570959a56afee5a23403a
Viral_1021_042.xml,b58dfc52-ce45-4de0-894d-09c837434c87,1477,053e6bd0ae11a1566d8242607006099dc81a43fdafef32356a7736fe29f67d58
Viral_1021_043.xml,b58dfc52-ce45-4de0-894d-09c837434c87,541,c471d8aad332e8114f9c7f536e6010ca3825f4ab09ef267081f82ec3ea81785f
Viral_1021_044.xml,b58dfc52-ce45-4de0-894d-09c837434c87,1238,b3ef3235d5454d7479f240fd3894578d9b77331523f6ad2411714e22d5b80000
Viral_1021_045.xml,b58dfc52-ce45-4de0-894d-09c837434c87,778,52c63515a1eadbaa13644f3de98de872cf7f4152229d7dd59f24539e680a26a2
Viral_1021_046.xml,b58dfc52-ce45-4de0-894d-09c837434c87,1013,9082605f552b5067a05dc649c55c55069a0c737fdb8b57402d07848dc14c03ad
Viral_1021_047.xml,b58dfc52-ce45-4de0-894d-09c837434c87,1242,7e6297c7530f15fbdf8bd8d92f276deb0f86d518d494ec280b21b671769c245e
Viral_1021_048.xml,b58dfc52-ce45-4de0-894d-09c837434c87,775,c50330e8846c2cbc1f7f10665bbb80dbc78739a3e35a99b367dc844b7e070f6d
Viral_1021_049.xml,b58dfc52-ce45-4de0-894d-09c837434c87,773,6895c3e3788d1b8d7c7f8840af16111c062a758aaeb0cbbbf2b4389168b88584
Viral_1021_050.xml,b58dfc52-ce45-4de0-894d-09c837434c87,777,1b8c6e2dbd46f4dd1ca1ffb06fa18435394263a5f2ce1c4ccb1bd9aef3db2f03
Viral_1021_051.xml,b58dfc52-ce45-4de0-894d-09c837434c87,541,ba172e6ba951e6f73399a648560e2754e007230e614c146ef24763bf96477477
Viral_1021_052.xml,b58dfc52-ce45-4de0-894d-09c837434c87,1474,9fc0013b5048e71a142d6571c9e7bbdb1bc3748ae4dece230644e5c8d830e282
Viral_1021_053.xml,b58dfc52-ce45-4de0-894d-09c837434c87,1005,0b07a24ef382332562fb90106c589dba74d6cdab51e6a70d028650376588043d
Viral_1021_054.xml,b58dfc52-ce45-4de0-894d-09c837434c87,542,27fbcd35ac08c918bd76006a5eec13c6b9dc06ca7f2ddd9b19ecd5a289af06a1
Viral_1021_055.xml,b58dfc52-ce45-4de0-894d-09c837434c87,1708,a5b4c9aef4df830e0902f4fce1856e12481be4971e0f32792cd48ad890f28e82
Viral_1021_056.xml,b58dfc52-ce45-4de0-894d-09c837434c87,544,95967c3bd550eba6b8c47903b9dd5355fdd66d8dba9ac0105737bbde3e56b3f9
Viral_1021_057.xml,b58dfc52-ce45-4de0-894d-09c837434c87,775,4402894f916908f7e36ab74b164ff8cd1adc57e991c192d0645576507b1019e6
Viral_1021_058.xml,b58dfc52-ce45-4de0-894d-09c837434c87,1243,bdc4a3f0443b3f17797ed319e3d977183ae0b0e60526d6a8e05a5b350a77bbb6
Viral_1021_059.xml,b58dfc52-ce45-4de0-894d-09c837434c87,1011,8fd51db4b3aa6daae89ecf9bcddc62d8f42bb4d5f32f4b311274a811c3ffcce2
Viral_1021_060.xml,b58dfc52-ce45-4de0-894d-09c837434c87,2184,98334d58eb9e9ee07d2b7be75870bd18a359cbaa4a73782cf6d242d3e97ad5ea
Viral_1021_061.xml,b58dfc52-ce45-4de0-894d-09c837434c87,1711,ff53950bdfd9cc38c54b903950cca32e7d045bf983131bd3b7337d25e8e08738
Viral_1021_062.xml,b58dfc52-ce45-4de0-894d-09c837434c87,1009,bb0370324ce6a57e942ab363eee2e8744d2d242c334b946131708ff2a70dede8
Viral_1021_063.xml,b58dfc52-ce45-4de0-894d-09c837434c87,771,1f9e0d87c9ec77f540f2e18ac5fa347c621cf8064eab5efafae1755340f49c66
Viral_1021_064.xml,b58dfc52-ce45-4de0-894d-09c837434c87,1242,e65701067b3b0fe7267b1186f7d55a188c0efcca56415ae99ae20fe9572aa2a1
Viral_1021_065.xml,b58dfc52-ce45-4de0-894d-09c837434c87,1948,879bc4c15106efa5d7b2f7fa521fb52f349828a7f28f4197fe45e6c2e152c972
Viral_1021_066.xml,b58dfc52-ce45-4de0-894d-09c837434c87,777,ad5eff59b6055b29dc8c48761b9852b25829bb2ceee661ffc9b4aed228eb11ff
Viral_1021_067.xml,b58dfc52-ce45-4de0-894d-09c837434c87,774,e9b682a16249029f8a1967f989790df95b25e0a77b84c88a51406071577c60b1
Viral_1021_068.xml,b58dfc52-ce45-4de0-894d-09c837434c87,1005,20e8400710892dc950d688b1163ee39cf2f1c8ae13698284c1f0f3967bf7edb7
Viral_1021_069.xml,b58dfc52-ce45-4de0-894d-09c837434c87,1711,6e620c34df5ed97c2145cff19924222811ec0deffedce3db3c3136b9a4e760f3
Viral_1021_070.xml,b58dfc52-ce45-4de0-894d-09c837434c87,1714,e08c727592cde4120b319650b92d6b7f612ddf1882c411489bf589b7db831559
Viral_1021_071.xml,b58dfc52-ce45-4de0-894d-09c837434c87,2415,fd28d4e5e88a1abfb21cf6d767b932e92a1a0562af77204b8283fd1169a8467a
Viral_1021_072.xml,b58dfc52-ce45-4de0-894d-09c837434c87,1237,902fe9ea6cc3b2582b96d3b350243fd17363f3906ae5caf741e9243b2a394897
Viral_1021_073.xml,b58dfc52-ce45-4de0-894d-09c837434c87,1239,d0b987a6b0cf39f350178a1d9f5c7530580707ba563fe4edd4a32b3cd10514c2
Viral_1021_074.xml,b58dfc52-ce45-4de0-894d-09c837434c87,1476,244cd3477638b10578e2a1a10b88071e711128e3453345b8e23c5d8d62d6f61c
Viral_1021_075.xml,b58dfc52-ce45-4de0-894d-09c837434c87,1709,1ef58914b2bd1a1b7d30c57110d3693f5a0250830a7971fc14d679cac0ce7c0a
Viral_1021_076.xml,b58dfc52-ce45-4de0-894d-09c837434c87,1709,7671a87f059ee3e21643370abe706fbfa42ba1f59afa0c2e381f322f0b585c38
Viral_1021_077.xml,b58dfc52-ce45-4de0-894d-09c837434c87,1470,e6de88825c9b9f4929349ddd33e11a0988c177bda92a06330b166f8e26c570d0
Viral_1021_078.xml,b58dfc52-ce45-4de0-894d-09c837434c87,775,a31b02b32bef0579de87b57311f7514317a4af0e2fe00ae626dd779ab53654d4
Viral_1021_079.xml,b58dfc52-ce45-4de0-894d-09c837434c87,541,c23f63172fd695a682f6b48a3da1c14926212eff040d5a2f23618e64fe371dec
Viral_1021_080.xml,b58dfc52-ce45-4de0-894d-09c837434c87,541,b845e3519185e61ea7a2ea1aef921dfe1197091d8579b463d2f2a7f61dc90c4c
Viral_1021_081.xml,b58dfc52-ce45-4de0-894d-09c837434c87,776,8f79fcdf201f9a072c8e0b0fe2c98a916541410b3360eb975f1e8456455f4d02
Viral_1021_082.xml,b58dfc52-ce45-4de0-894d-09c837434c87,1944,67ebf12b875c3d0652e6f4807f8f8a07c2081b4b479ac9c17eea9b557a7e558c
Viral_1021_083.xml,b58dfc52-ce45-4de0-894d-09c837434c87,2181,fa66d87aac1979f1c5a8676bb3de30ac2ac6847181a36277c0560999be0ebc7d
Viral_1021_084.xml,b58dfc52-ce45-4de0-894d-09c837434c87,1477,7e4d9092080d7b86e5657471af0d1fae4f0c52e1279ffa39da6f19383dcb7e12
Viral_1021_085.xml,b58dfc52-ce45-4de0-894d-09c837434c87,777,c9bbb271484cff8b69ad50d9177132a945aa657bbe08f66907a31573180fbe49
Viral_1021_086.xml,b58dfc52-ce45-4de0-894d-09c837434c87,775,5820c87c6cfcd29f22702fa2b59327e1e4c202a001596f3c6f786ccf85037341
Viral_1021_087.xml,b58dfc52-ce45-4de0-894d-09c837434c87,1010,319ad99042666be5c75603f9726ff4b90a41b715192559a37779961d1536631f
Viral_1021_088.xml,b58dfc52-ce45-4de0-894d-09c837434c87,1008,7fdf36256db4e197543859a6875d5100c982d65cead08e20f84e44910beb727f
Viral_1021_089.xml,b58dfc52-ce45-4de0-894d-09c837434c87,1009,3413091e434da470d11ca05c29c5c97fcde65de995a7322bb657b2740137cbcd
Viral_1021_090.xml,b58dfc52-ce45-4de0-894d-09c837434c87,1241,4058329ed3cf121b8eae90cc647775789f187300e5b0fbd79044cf33330989c4
Viral_1021_091.xml,b58dfc52-ce45-4de0-894d-09c837434c87,1247,e23f9cc2cf9be1ca821e88dbf3477da26b2230c7126406822b97aee100d97549
Viral_1021_092.xml,b58dfc52-ce45-4de0-894d-09c837434c87,1479,ac42a6892772ae0203f92469fadd9efbee9d5b5f6e388b1d3ae5bc58f6371325
Viral_1021_093.xml,b58dfc52-ce45-4de0-894d-09c837434c87,1943,eac445a1f2c2dc1c16fb31364709f0b5c7192d587d5854cf8a1174f146fff7f4
Viral_1021_094.xml,b58dfc52-ce45-4de0-894d-09c837434c87,1714,da25d500f293148c3c9ecff8b29a8c3eaff17cb09a807d1c0aa4875821b5eb36
Viral_1021_095.xml,b58dfc52-ce45-4de0-894d-09c837434c87,774,dd7b146cd83bf536f92bd0d07007a97768ed8c07b944a1cc7094b7be50b8ab9a
Viral_1021_096.xml,b58dfc52-ce45-4de0-894d-09c837434c87,1480,1b344c20af54239db23889d60521e64bf26c75a94cdaf8e25c957509b02ddde5
Viral_1021_097.xml,b58dfc52-ce45-4de0-894d-09c837434c87,1241,f613870c9f6f2358ac95015772dac5bbd86badfcec40f1871ca324a3ab2d7461
Viral_1021_098.xml,b58dfc52-ce45-4de0-894d-09c837434c87,1238,dd4f851c9f3fa35ca0b56367235f8cad16939b465f0cf100bcce07bb66bda5a0
Viral_1021_099.xml,b58dfc52-ce45-4de0-894d-09c837434c87,2173,b34121cd78d7db63c475079e36dd22af6f239a6b547d184083122bdc0c262416
Viral_1021_100.xml,b58dfc52-ce45-4de0-894d-09c837434c87,1708,616b96d1568e52cc6c3fc8a3aa465d9c2e7e9c03e7b70dee146264debcf36acd
Viral_1021_101.xml,b58dfc52-ce45-4de0-894d-09c837434c87,1011,d82e1f64020a2bedb08f60b2b2471936f5841f41a7586857d22709e3fb128d18
Viral_1021_102.xml,b58dfc52-ce45-4de0-894d-09c837434c87,1241,808819313293038939bac31027700c2a9efb01fcec9cca428a4efef1edc6afae
Viral_1021_103.xml,b58dfc52-ce45-4de0-894d-09c837434c87,1478,e30533eda02a770f8023c4257516b4c4b624552c7de093d2811823528a1bda3a
Viral_1021_104.xml,b58dfc52-ce45-4de0-894d-09c837434c87,1242,be931c2b703f73612e030dc85b5d19fc61b22b08731f1373eca5ac7ded25c271
Viral_1021_105.xml,b58dfc52-ce45-4de0-894d-09c837434c87,1011,e4d48aa3f474ab8e3ba32ba0a0ce2c87b27e4c2df79504ccba7faa8d3471458e
Viral_1021_106.xml,b58dfc52-ce45-4de0-894d-09c837434c87,1244,2b938a89cdf1d513e59cb9741bd3b70401bccb2c1e2dce5bec8e9b71e0e2e39b
Viral_1021_107.xml,b58dfc52-ce45-4de0-894d-09c837434c87,1475,5de5dabcfbdae7ef7ea177cb4586429dee7a650226bcc4230af65b4350e862c1
Viral_1021_108.xml,b58dfc52-ce45-4de0-894d-09c837434c87,1244,271574b6e668164fbc8f3fe8ad04a20872b93ccad497e11d0a3fa559d5b1250b
Viral_1021_109.xml,b58dfc52-ce45-4de0-894d-09c837434c87,1477,07e6c9b9818942a20fcc3f48d2729d057122ed412308ef0243c43f485da12d8b
Viral_1021_110.xml,b58dfc52-ce45-4de0-894d-09c837434c87,1948,0b6290c52c6e87f8fc64af8002991b1f35e0b111c9d3571f9883297c21e5db3d
Viral_1021_111.xml,b58dfc52-ce45-4de0-894d-09c837434c87,540,5265ac2302ae9791833d25c510bc673893a679d18e02c98d304048369ac252a7
Viral_1021_112.xml,b58dfc52-ce45-4de0-894d-09c837434c87,1243,f5fc13f90813ed97afb8c70e50428a10808f88db6a0b70ac512076583c71be4b
Viral_1112_001.xml,b58dfc52-ce45-4de0-894d-09c837434c87,1941,cf2da9dc1bff2355e8502eaafb396257f1f67b28249562e5c09e4b29aa226f42
Viral_1112_002.xml,b58dfc52-ce45-4de0-894d-09c837434c87,775,dba8077e32ca71e84ee74da1ac9d1d83ea46f06322e756efbc3d52d02efafec8
Viral_1112_003.xml,b58dfc52-ce45-4de0-894d-09c837434c87,1010,13ddc543773242b517a8da2db97e868bea8cc972ea65daab140f3fd281f8b66b
Viral_1112_004.xml,b58dfc52-ce45-4de0-894d-09c837434c87,1945,9273af4542a5d3d407fef6c39adbebdd746b149ecb56597aacc0014074f2008c
Viral_1112_005.xml,b58dfc52-ce45-4de0-894d-09c837434c87,1944,d694820b38fcbbc4247077b2354648c9edd37c31b6aa7dc48c90983dc70a16fd
Viral_1112_006.xml,b58dfc52-ce45-4de0-894d-09c837434c87,1943,0fe2ca08fbebd6decdaedc200efc05c34418b16dd4a13c92c2c1bc5c915736fb
Viral_1112_007.xml,b58dfc52-ce45-4de0-894d-09c837434c87,540,e17cd6ff38f332e7788d210c6363ac668d91387985541b82363e1c828ec1a34a
Viral_1112_008.xml,b58dfc52-ce45-4de0-894d-09c837434c87,773,05adb158e180301af85ce98ff0b5acee9fb428cdb23060783c269f787645aabd
Viral_1112_009.xml,b58dfc52-ce45-4de0-894d-09c837434c87,2178,c9e476c6fd9adea00cef58b9d26e396acd30c0b9b0ac07810f2e8d7068af661a
Viral_1112_010.xml,b58dfc52-ce45-4de0-894d-09c837434c87,779,17073b4b98068aba6f9926201fb71ca2da1b7f0fba2bc1f75b93d3c2a9f8dd1c
Viral_1112_011.xml,b58dfc52-ce45-4de0-894d-09c837434c87,2181,ee5497749ac86d164e14371189e653cb6a5af4befe4a3a214ca9d871c9304618
Viral_1112_012.xml,b58dfc52-ce45-4de0-894d-09c837434c87,1481,b39568871acb7c866927c164bb1547004d36206c2362c81d2f44e2ffd946ea59
Viral_1112_013.xml,b58dfc52-ce45-4de0-894d-09c837434c87,776,79aa7a76751a092b7f1e1034d38e2896b35b54c7c3cb417f41cbc72566eed3e0
Viral_1112_014.xml,b58dfc52-ce45-4de0-894d-09c837434c87,1476,276f4dc4a512b7cbd58c089f02bd9607544a8a117dc9c1922df26609f2dd55d1
Viral_1112_015.xml,b58dfc52-ce45-4de0-894d-09c837434c87,1477,8ece9cecedb78db41a71b7099f355d8d095164b5d87b41d8c07353ae2b5c6f94
Viral_1112_016.xml,b58dfc52-ce45-4de0-894d-09c837434c87,1475,c261c0ad82b13192411b4b118965f23cf04b8be01cbff21434ee66458f6844ff
Viral_1112_017.xml,b58dfc52-ce45-4de0-894d-09c837434c87,1011,132e8b85b3056dfa16eab15c2c54fb342542716daba81446329f3b1be072ce65
Viral_1112_018.xml,b58dfc52-ce45-4de0-894d-09c837434c87,1010,9c6c7c5af9dad9230cff07cef8327c86f0a8b80f9f4ef7645422c8f91d930875
Viral_1112_019.xml,b58dfc52-ce45-4de0-894d-09c837434c87,1244,182a0f1ebb4ef0bae1839535e1708df2fb57cab631bcb7baf1420c91dfd6c4c0
Viral_1112_020.xml,b58dfc52-ce45-4de0-894d-09c837434c87,542,fcd8997e3f4f5c6426630bd54f0634da60783ae2846f274161e928949e4299a1
Viral_1112_021.xml,b58dfc52-ce45-4de0-894d-09c837434c87,1244,0609c6b3b5fe514ba0671d6afbc79a2d8b28dcef10e3ff225aa2e6f10c7910de
Viral_1112_022.xml,b58dfc52-ce45-4de0-894d-09c837434c87,1707,cf93264de4be119f584bcb4fd5675e0fffe786ba2760b4924bf765874bac794a
Viral_1112_023.xml,b58dfc52-ce45-4de0-894d-09c837434c87,1244,8d8e650789cbd6bb66e885dbe213d7a5545908eaf6d0e18aef3936e829157229
Viral_1112_024.xml,b58dfc52-ce45-4de0-894d-09c837434c87,1239,118060c90c25e89e05d77a0cffc396f816554db1c226b9cf7633c422f2c693d4
Viral_1112_025.xml,b58dfc52-ce45-4de0-894d-09c837434c87,777,2a8e996b798aa402874fbc0661622212846479fc1b741b808d27d3dd4063bfcd
Viral_1112_026.xml,b58dfc52-ce45-4de0-894d-09c837434c87,1479,91fce138a6d9a38d9d14a8c1006adbb3819870a2233a0a9583d5d84c6b4ea203
Viral_1112_027.xml,b58dfc52-ce45-4de0-894d-09c837434c87,2181,30ab72df587bbe85a8697e54ae83368313ad69b3f7abe386daa92e40042fd664
Viral_1112_028.xml,b58dfc52-ce45-4de0-894d-09c837434c87,1011,fdd88ffe156057ca3d8f1ac233910f276bed3104a0794e3fc1dbb0bf7fa3bfe2
Viral_1112_029.xml,b58dfc52-ce45-4de0-894d-09c837434c87,1478,a801a513dd67d38da73c6b37c31d6f4687f3af1682a3153eef7d93b7dbac66e3
Viral_1112_030.xml,b58dfc52-ce45-4de0-894d-09c837434c87,2178,860262d86bee3a04f3b98b5589aaf13d0d35d3a414a2ad0d7c77f6ba1d5c24f0
Viral_1112_031.xml,b58dfc52-ce45-4de0-894d-09c837434c87,1942,7e55843fda2fae4d798ff986ff38e25f3c84aa3d8efd96968d3e4a598b189799
Viral_1112_032.xml,b58dfc52-ce45-4de0-894d-09c837434c87,1243,ee9d715bff4d82a2c3453d7e8e15ddaa23cca4c693006a681e17b691660baaf0
Viral_1112_033.xml,b58dfc52-ce45-4de0-894d-09c837434c87,1711,60640d677c0c234faf53b89bb9354858f89f0e2f84ec2b0169cf470edd21547b
Viral_1112_034.xml,b58dfc52-ce45-4de0-894d-09c837434c87,1006,5b97b92f30d8e86c03873118608af0e0d78818c7af9d4796b452ab879cb2b20a
Viral_1112_035.xml,b58dfc52-ce45-4de0-894d-09c837434c87,540,c78ba14208a475934455f2275a76a577a3dcbd699b940d1d4cc21888838d6f5a
Viral_1112_036.xml,b58dfc52-ce45-4de0-894d-09c837434c87,1928,ddd9813a2129c0712e9307155f20f21d5867d4d88bbad13713141a3aa3b2b700
Viral_1112_037.xml,b58dfc52-ce45-4de0-894d-09c837434c87,2413,bcdac684f1abc27fa20659bd9ec3e634ca126eed55b0da2f854b54eda92e6b44
Viral_1112_038.xml,b58dfc52-ce45-4de0-894d-09c837434c87,1712,ea839f9048619b48acc18e65e4878348464dd8de45c35e5b30cb56ba591ba31b
Viral_1112_039.xml,b58dfc52-ce45-4de0-894d-09c837434c87,2183,8aa09f486a4dcc40fffe61c17ac041d4538fd65b10836f08d2ef9bef6133177d
Viral_1112_040.xml,b58dfc52-ce45-4de0-894d-09c837434c87,776,a6d787aeab776ebace5d4d8ffa61bbfd32f89f8d98663930bbbb6c161ede5fbc
Viral_1112_041.xml,b58dfc52-ce45-4de0-894d-09c837434c87,1947,e09202cbe4e64639f37d84485d9af2de8b3b2357e935b912532f58c7d6a65ccd
Viral_1112_042.xml,b58dfc52-ce45-4de0-894d-09c837434c87,2177,178fee41cee468615a51582d0f2bdc39cdc98e61a97cd597cead50abc363d0fa
Viral_1112_043.xml,b58dfc52-ce45-4de0-894d-09c837434c87,1713,1b0f603c5e40322c6b9f3a4f0e50b74eef293f602fdf4a39c620de8554eb3010
Viral_1112_044.xml,b58dfc52-ce45-4de0-894d-09c837434c87,1241,28ed696f4fe1e31c6f79819f721d8b3ed8b1aad274b35920f7a343887d711299
Viral_1112_045.xml,b58dfc52-ce45-4de0-894d-09c837434c87,1244,2fb6b3c4209942e07ea00a864faefbf198c55b9b02a4055248748877e27b4e89
Viral_1112_046.xml,b58dfc52-ce45-4de0-894d-09c837434c87,1009,9604b9231c08aa1f438225ad37cdf46d0dbe19653faf3f491203fe933ead69d8
Viral_1112_047.xml,b58dfc52-ce45-4de0-894d-09c837434c87,1478,35e826b0afb5964850b55174e3fff1f4d3c1d41659c1dcc0b4dfe72fde9a4e76
Viral_1112_048.xml,b58dfc52-ce45-4de0-894d-09c837434c87,1243,184dee084429343f4654c96658c23be51bd7bfc2ddbacf443e5abc8756aa4d31
Viral_1112_049.xml,b58dfc52-ce45-4de0-894d-09c837434c87,2179,3aa3a99d53808a89f03ae3dec0eebaec3a5641652c6e8e4faed22de9493fca02
Viral_1112_050.xml,b58dfc52-ce45-4de0-894d-09c837434c87,1470,35c7f748c76396b8d87a317f42d87c9818071fa308526b49ec29cda5109e64ff
Viral_1112_051.xml,b58dfc52-ce45-4de0-894d-09c837434c87,1010,52739107a17aa1a91e17b5230e8f10d059c1d5c3cfdf1a2cbed72018e524129a
Viral_1112_052.xml,b58dfc52-ce45-4de0-894d-09c837434c87,772,0262fd28a5275d60b6090d1a84769c2c29c021e3b9c27e038768a54981fe3fc5
Viral_1112_053.xml,b58dfc52-ce45-4de0-894d-09c837434c87,775,79e075191b18c1e93f93903e780f894c65ac1f4bf29963128405f0cae838d911
Viral_1112_054.xml,b58dfc52-ce45-4de0-894d-09c837434c87,776,a9bb8b81c97a248bf3c9538c454066603c87ff8a83db47eb41c4f1fcf1183090
Viral_1112_055.xml,b58dfc52-ce45-4de0-894d-09c837434c87,1707,acc1fd171bc1b00c607f64562fdbc25a86b0a152004303b500fe269f09929336
Viral_1112_056.xml,b58dfc52-ce45-4de0-894d-09c837434c87,1239,d01dafab05f61407a4d051538dd488a517b6620b37c97826aa6996f8bfd3e530
Viral_1112_057.xml,b58dfc52-ce45-4de0-894d-09c837434c87,1480,e75d26fe9ba04ee8914f6e1f910c6788562dd16b796d4e5bb39ddeae96146ee1
Viral_1112_058.xml,b58dfc52-ce45-4de0-894d-09c837434c87,777,17cdfe503cfc61dd3ea25e50d21afddaceee114c6dbfd2d107825aa4106ba1c1
Viral_1112_059.xml,b58dfc52-ce45-4de0-894d-09c837434c87,776,47cdf51aa4214aeeffa5d3a7f0990fffec9da0abf116333674f597064a886f57
Viral_1112_060.xml,b58dfc52-ce45-4de0-894d-09c837434c87,776,b109b520eb2d4795c12745cbd68bdc84f4bc6ad5b79c36fe3f1684e3efb133b2
Viral_1112_061.xml,b58dfc52-ce45-4de0-894d-09c837434c87,1245,4745705246db7dd5713d58bb29e77b6194e394a6b346b53dd9e5553f569cb480
Viral_1112_062.xml,b58dfc52-ce45-4de0-894d-09c837434c87,771,dffd55add4e5c3100f324878b894510e26c89a5b663542a8c8e22c24460f2e9f
Viral_1112_063.xml,b58dfc52-ce45-4de0-894d-09c837434c87,1009,29803ce26ff46d16a8bfad30f931faea14fb4d8cd55b31d991ab859829399d4b
Viral_1112_064.xml,b58dfc52-ce45-4de0-894d-09c837434c87,1943,48355717630bbd6173695d39ac50b3f1ea8fd61034bed202c44e0b5f9a59bb41
Viral_1112_065.xml,b58dfc52-ce45-4de0-894d-09c837434c87,1247,d1c1a33498536245163370c4b99b574d9bf4710c1dfa769b7880551d39c5dd5d
Viral_1112_066.xml,b58dfc52-ce45-4de0-894d-09c837434c87,1944,52ec692301cde0430cda1e0fe4d6d8d1280177d8ebbe20230a91ee6bcad21835
Viral_1112_067.xml,b58dfc52-ce45-4de0-894d-09c837434c87,539,07fe89dffffd4dfa352c16ad3e733113a487e30f69bc6390cf977d5e8881f4ac
Viral_1112_068.xml,b58dfc52-ce45-4de0-894d-09c837434c87,1947,04bd0b9ded605936b1f3b2c32c2a3246e7f7ae0584ddf3d926b05abb8d8bfcee
Viral_1112_069.xml,b58dfc52-ce45-4de0-894d-09c837434c87,1242,5fa7329b7c7cba6992cb64ee264d73cf64511afab4c4de46335f5cc180855722
Viral_1112_070.xml,b58dfc52-ce45-4de0-894d-09c837434c87,1239,fff0934b239348ba37a713abf46c26a816203a7ef172fa8297eeea0c6f602567
Viral_1112_071.xml,b58dfc52-ce45-4de0-894d-09c837434c87,777,44ccb8c56ab52bd65749eb66b3ec9cd2cf501b65e8ef3e06dcd79c3c96b6cceb
Viral_1112_072.xml,b58dfc52-ce45-4de0-894d-09c837434c87,1237,a04ed8a340cf8394247eb217e566a90f0bef8fca6e927ed575c55a837842094b
Viral_1112_073.xml,b58dfc52-ce45-4de0-894d-09c837434c87,771,087a7b80d29a686ca4b31eeb15bf83b87cc106ceaaa7e4cf7e2d5e6d1a73e72b
Viral_1112_074.xml,b58dfc52-ce45-4de0-894d-09c837434c87,774,eb551c6f74be9fe62ff1bcfe43fa717b8eab69f08957b80c4e0246a8ca244084
Viral_1112_075.xml,b58dfc52-ce45-4de0-894d-09c837434c87,1009,673804df0d9df1146b316fe369499f0ddca01478e775332006de9ebf868cb385
Viral_1112_076.xml,b58dfc52-ce45-4de0-894d-09c837434c87,1244,641851a0e2eef3ca50ab259108c72306daec7a033d063bf441c093b15fd0150d
Viral_1112_077.xml,b58dfc52-ce45-4de0-894d-09c837434c87,1008,bd483f4480b9d6f69f9c904926a9719512969e31d2672478aacfbc6c05186676
Viral_1112_078.xml,b58dfc52-ce45-4de0-894d-09c837434c87,1242,e69cbe2addd420ba1a1810b583b16dd6f037674c435e6e295af1dd31b198b871
Viral_1112_079.xml,b58dfc52-ce45-4de0-894d-09c837434c87,1243,b8e38211f617aca8f6ccae1cc393cec8bfb514facb16114c5688e4ef4ae336e8
Viral_1112_080.xml,b58dfc52-ce45-4de0-894d-09c837434c87,1474,011a53e93318e68adf4a7daf8561b79330ae2a46aab317af2e0fb1751ba284c1
Viral_1112_081.xml,b58dfc52-ce45-4de0-894d-09c837434c87,1713,e9a7012e49d3469d993f35d8a6b058ee0098118041f2e5f55a99b8919d08d328
Viral_1112_082.xml,b58dfc52-ce45-4de0-894d-09c837434c87,1246,bda28bbcafcb782bfa126373fcd091d477c9e34dbc8a2c8e173cf1a63d33b03e
Viral_1112_083.xml,b58dfc52-ce45-4de0-894d-09c837434c87,1012,bc831b9027c9b4e2b3c0964c210d80dbf2d9a4f84ba169a4afe05e27f0e62fce
Viral_1112_084.xml,b58dfc52-ce45-4de0-894d-09c837434c87,2414,f509f42a977b0723c38ccac3751bc7805b8efb7c359d3b2d53420aeb2263a485
Viral_1112_085.xml,b58dfc52-ce45-4de0-894d-09c837434c87,1245,cc44ab5c15a0f2b0a8bf1be389eb6a4b23b0827ad0902adcc868e68cc151011a
Viral_1112_086.xml,b58dfc52-ce45-4de0-894d-09c837434c87,1714,bc89d9dd64cdfc6b65c72ee6211d8ada7275b07a9f6ecfc01cf193659ccb1262
Viral_1112_087.xml,b58dfc52-ce45-4de0-894d-09c837434c87,1478,9ae9529046ea1b2f500b4440f2437e0364df5ed072a9d48da9afbaaa706c5fbe
Viral_1112_088.xml,b58dfc52-ce45-4de0-894d-09c837434c87,1243,233101b5168df72cb1035f4aea1090f486d52c7db5687c54628f9b7c0f21ddad
Viral_1112_089.xml,b58dfc52-ce45-4de0-894d-09c837434c87,1477,de897b599c5c4fcd039914093f1f7922eea40a4c6ce532f6ad638e6bfcb60f3b
Viral_1112_090.xml,b58dfc52-ce45-4de0-894d-09c837434c87,1477,b88138d4632f4f2b3c9d18897b2b08f484b8ff8d59dd89c80c206c5452fe1514
Viral_1112_091.xml,b58dfc52-ce45-4de0-894d-09c837434c87,1716,8a81cead590877b79f037e544f131d66f9185407412bafa0a4e76722a49d8a92
Viral_1112_092.xml,b58dfc52-ce45-4de0-894d-09c837434c87,1010,bf539f5568e190387e439ef085a4d51ea54f35adfbaafd3ea76fec6f80563482
Viral_1112_093.xml,b58dfc52-ce45-4de0-894d-09c837434c87,1944,1533e0be5c76229d7088454fe9eab9c63c9528f0552a8b080a127add653094a9
Viral_1112_094.xml,b58dfc52-ce45-4de0-894d-09c837434c87,1949,0cbaff995a1c8fe71ade57fd6b4c91896152c7a42a931aba743027db746411e0
Viral_1112_095.xml,b58dfc52-ce45-4de0-894d-09c837434c87,1710,72ff9ec5f44e2549e86ef1816568a06231f2b79cdfd24b8ab7cf1f3480234f71
Viral_1112_096.xml,b58dfc52-ce45-4de0-894d-09c837434c87,1479,a5e0a81c07da9a45470b76f44d2abc5f4f2a9e7fd572ab0f2461da405138fa51
Viral_1112_097.xml,b58dfc52-ce45-4de0-894d-09c837434c87,1244,dc1ea4725f3724bead554997087356490ec40c9be2fc35b343f45f35dcf755bb
Viral_1112_098.xml,b58dfc52-ce45-4de0-894d-09c837434c87,1242,718d1e6023bb4b311930808e85bfecf6fc065894e27ae4f077e51ed69c6dd07b
Viral_1112_099.xml,b58dfc52-ce45-4de0-894d-09c837434c87,1480,ee54c5fc45a50373c483bf2400ea742c3a1f943ede1c369aaef9a8c2aa55edba
Viral_1112_100.xml,b58dfc52-ce45-4de0-894d-09c837434c87,544,e02f6de8c24139a8e9a2ad5f86ff4d2fb3254835b7242ee65d4f81656d14efd9
Viral_1112_101.xml,b58dfc52-ce45-4de0-894d-09c837434c87,1711,c5e28262b3d2cdcf382bd0069cd97433fa6246d6f0857511012f51c05a9884c7
Viral_1112_102.xml,b58dfc52-ce45-4de0-894d-09c837434c87,1704,50b7e420e6e60abb86d03ec780227b60a4340f4e7c19a427afeaf53f69fbd835
Viral_1112_103.xml,b58dfc52-ce45-4de0-894d-09c837434c87,2414,104f075c5cdfeaf55aeb6745ea5a70aeb84ba8bbb71360efeb1d1fc482013f8b
Viral_1112_104.xml,b58dfc52-ce45-4de0-894d-09c837434c87,1715,a7b8e2cf445bc27887aa116a5dcf279b2e8670a25dced043e7a71cc7b8a3b97a
Viral_1112_105.xml,b58dfc52-ce45-4de0-894d-09c837434c87,2180,5ca00fbbfc4ee19c3530ec32a217d82b0eb3912d89e79cced52253949f8e84fe
Viral_1112_106.xml,b58dfc52-ce45-4de0-894d-09c837434c87,1950,eac38024480a4b2ce8357e9c07462db2ee6c829ce1be0dff75b01c6b26e56a25
Viral_1112_107.xml,b58dfc52-ce45-4de0-894d-09c837434c87,2179,8244542d2abdbdb67170ea8254505c0e8abe67d4769a371ea3917d0a09a7a58b
Viral_1112_108.xml,b58dfc52-ce45-4de0-894d-09c837434c87,1714,80bce700848d6ff83aeb838011a53d0885a208f7491fa45a54b56de2e7aeaf7f
Viral_1112_109.xml,b58dfc52-ce45-4de0-894d-09c837434c87,1715,7468b50bbb9b1e7d5ec4d0c5f34fab43000b681e60427a170dacd839bacb77ab
Viral_1112_110.xml,b58dfc52-ce45-4de0-894d-09c837434c87,1713,d4d9f7821c902bcedb2e015d6bd31277fe6e5dfa6b109f3eabc40291a94e0e86
Viral_1112_111.xml,b58dfc52-ce45-4de0-894d-09c837434c87,1009,96db807d39c082f9c6bb74f4368691a56b9786b6071f92019bc8883618ef4f36
Viral_1112_112.xml,b58dfc52-ce45-4de0-894d-09c837434c87,541,4b3e3d6d77f713c27c12018b345616938948acbf06b41a9bb2b3ec913dcd92c0
Viral_1112_113.xml,b58dfc52-ce45-4de0-894d-09c837434c87,1946,5cd90cec6668172a6dc64f17c381b3fc9687f58ee8d925494dcdec7d4367ac04
Viral_1112_114.xml,b58dfc52-ce45-4de0-894d-09c837434c87,1480,b6cd9ea90cfa60031c99e9201dc6da19b532015b11ccb77b73c75732e25afa10
Viral_1112_115.xml,b58dfc52-ce45-4de0-894d-09c837434c87,2413,98f937d9cbfb6685023ce79aae78d48399a44a625f0e0c3f65fc7c0da6a8a2c4
Viral_1112_116.xml,b58dfc52-ce45-4de0-894d-09c837434c87,1948,1f77d39770e4385b2ba2562476e4d989945fd0f74c07118ac5fa47ff7fcdbd57
Viral_1112_117.xml,b58dfc52-ce45-4de0-894d-09c837434c87,1948,e02fa64ee285511db5cf9f2f213f3d79bfef215309db4f686b1582aaa3921617
Viral_1112_118.xml,b58dfc52-ce45-4de0-894d-09c837434c87,1237,d4070b6752e60fa30bea8e581ebff51b93c13596b4bba7c2aee76e0b4c1cd03e
Viral_1112_119.xml,b58dfc52-ce45-4de0-894d-09c837434c87,1245,10f311a64f55fce49225de238cf3ebacffcf81891def4bb55bbf1a81bc1cb966
Viral_1112_120.xml,b58dfc52-ce45-4de0-894d-09c837434c87,776,20b5dbf24323bf3fd6b207fe4c6f87fbd897e684d57e4c3bcb377d0f5a448257
Viral_1112_121.xml,b58dfc52-ce45-4de0-894d-09c837434c87,1473,80c26b8a2ad844de8de69d6ea0276cd1251808af2ca017f7cc53ffc5e284aed6
Viral_1112_122.xml,b58dfc52-ce45-4de0-894d-09c837434c87,2411,e0a5ebb67302df15a841c1ef97a36e266e7bcc367c0db9c732d99994fc757c5b
Viral_1112_123.xml,b58dfc52-ce45-4de0-894d-09c837434c87,2180,cde3dea965ccf6471177672687028669c96c7ec6c423d2831da7e12a3625c338
Viral_1112_124.xml,b58dfc52-ce45-4de0-894d-09c837434c87,1708,aa247b51fe161071fa37e229d8cb74d4c7364485762372c01324ca45ad6b2dee
Viral_1112_125.xml,b58dfc52-ce45-4de0-894d-09c837434c87,2417,4f0de6e0268f198351fc9c62f22fdef70904f3ae376070db0a14e44863539941
Viral_1112_126.xml,b58dfc52-ce45-4de0-894d-09c837434c87,2408,6ff8c8a65d1e8ed2e31225bf7c0eb58951867a6ba67d3f2c791971be433b532e
Viral_1112_127.xml,b58dfc52-ce45-4de0-894d-09c837434c87,1944,e772bc0a5de2a252d7bccd891731e6af4808cb9fa46607215836a1e911279be0
Viral_1112_128.xml,b58dfc52-ce45-4de0-894d-09c837434c87,1242,90e67ad580030df51e7ce9f6a607fc7d667c82aa029c078164ac6b687f761315
Viral_1112_129.xml,b58dfc52-ce45-4de0-894d-09c837434c87,1474,c29ab8ec8e3d6df73dfe980b81e71329f816a5e03f4f817646f575a1d5d7a695
Viral_1112_130.xml,b58dfc52-ce45-4de0-894d-09c837434c87,2409,db1ebd3c67de0b95ed0710636f5104055aec8080e134c1b15d6d38ca81ebef6d
Viral_1112_131.xml,b58dfc52-ce45-4de0-894d-09c837434c87,2407,70f98ea459923a7f3b1ac561102ee492c78409e71985063d6d0cd60c6e730057
Viral_1112_132.xml,b58dfc52-ce45-4de0-894d-09c837434c87,1945,c3abc2e136301531e9364053f2e6b77fe10d5a28cea61c136a9d9ae9fc0c4a69
Viral_1112_133.xml,b58dfc52-ce45-4de0-894d-09c837434c87,1936,e32d753d0158e071690ba3670fccca670c258e89d282e2ce712c1fb7a032b2a7
Viral_1112_134.xml,b58dfc52-ce45-4de0-894d-09c837434c87,1478,78e61dafee911df7f9ee61201265f149a7b55180b409c3c0e0f8a3c1f5e6be34
Viral_1112_135.xml,b58dfc52-ce45-4de0-894d-09c837434c87,1944,194096319478f407d7c14f35dd98c0a4045839e3ad22f131bd767723c5262fc7
Viral_1112_136.xml,b58dfc52-ce45-4de0-894d-09c837434c87,2401,e836dfa3c4df9000fbe009203fccda8d13707606f619e847b3e5d5fddf2dc19a
Viral_1112_137.xml,b58dfc52-ce45-4de0-894d-09c837434c87,1947,e68da1d764016ab73ad519658e00f0f952b53b3171043a88377821f91e6c0f5d
Viral_1112_138.xml,b58dfc52-ce45-4de0-894d-09c837434c87,1701,094910668155e9368fbb2e4c2419818d4e6709fc11be37cdfe82ba648d43735c
Viral_1112_139.xml,b58dfc52-ce45-4de0-894d-09c837434c87,1949,60399cae599ac2e9b77a4883c0c68125de7841431ab39f88ec2c774a42609d4c
Viral_1112_140.xml,b58dfc52-ce45-4de0-894d-09c837434c87,1948,377bd38983330fc3ee484163d1de6793e861dc0a5fda9b45d9740e9879a6b66a
Viral_1112_141.xml,b58dfc52-ce45-4de0-894d-09c837434c87,1477,ce838eaf122cae8c561573300c6e4730865df717c8fbda2c5431e74b2d610e8d
Viral_1112_142.xml,b58dfc52-ce45-4de0-894d-09c837434c87,774,5a7343140249d2375517dea2b1dac093ca64505d5589c5ef5ce6612982bcd1c5
Viral_1112_143.xml,b58dfc52-ce45-4de0-894d-09c837434c87,1246,720bb8ec43cf50ccdee9f478e35dec45a05358db4513c4addacabf1ad95bb7b6
Viral_1112_144.xml,b58dfc52-ce45-4de0-894d-09c837434c87,1948,2db5a5a232047eb4b8a066ffd903eec691fc129b8a78aef39a862f2859e1967f
Viral_1112_145.xml,b58dfc52-ce45-4de0-894d-09c837434c87,2182,9c0d2915ed7a17e19ae92e5ded330fbd0d861c0dd952c058e79b16d2bbdd9653
Viral_1112_146.xml,b58dfc52-ce45-4de0-894d-09c837434c87,2179,29a40940478c81127a238d57e4436345565e9c6de4edd2a028234fe1a868ef24
Viral_1112_147.xml,b58dfc52-ce45-4de0-894d-09c837434c87,1010,749d5d994417e2d1fdbacdd8364a3b5dbca0b9abe27ac6932afc2afb8506c819
Viral_1112_148.xml,b58dfc52-ce45-4de0-894d-09c837434c87,1472,bbce53e044c528a994e84870495c3d3cd43c60f6f890d968ceeabb2a35f72c71
Viral_1112_149.xml,b58dfc52-ce45-4de0-894d-09c837434c87,541,7ab83ca3095dac6cbd4cf7629828e99c609987fd0ec0cd841a151176f2003cc9
Viral_1112_150.xml,b58dfc52-ce45-4de0-894d-09c837434c87,1711,af41bf0a527dd11b1524bd9568798087bf9b86b90a9568b459774664e7ebd0d5
Viral_1112_151.xml,b58dfc52-ce45-4de0-894d-09c837434c87,2418,b3326ade64d26c5bc1a02fa906b8d04653ab843c52f487ee8b0bb367bc80e313
Viral_1112_152.xml,b58dfc52-ce45-4de0-894d-09c837434c87,1712,4780c9aa4c4cb5e43606bb32538a66f22a72fc27ed67a8d5a716c4c8456d06be
Viral_1112_153.xml,b58dfc52-ce45-4de0-894d-09c837434c87,2418,9255f801f7f7ecc8d645fcb15116111d9abf885b1c450ba1398e8cbf1757859f
Viral_1112_154.xml,b58dfc52-ce45-4de0-894d-09c837434c87,1714,ba4436e39af81ca2c77443c6409a352f5f225a9835734570f1ec75d49cd6f2fc
Viral_1112_155.xml,b58dfc52-ce45-4de0-894d-09c837434c87,541,4693d5228b71005a9d4242d5e2d89a569b66ac5d722e873c700fa65f6a9f4273
Viral_1112_156.xml,b58dfc52-ce45-4de0-894d-09c837434c87,540,80288c06872d616ce183fbd4a13f78fa248cf4b8d15f405ba9b1180ee3de453b
Viral_1112_157.xml,b58dfc52-ce45-4de0-894d-09c837434c87,1949,adc4659c5fe49a7d4cc5b3ebc4df07be5ab895b80586cd80cf0a98e8ea82eab7
Viral_1112_158.xml,b58dfc52-ce45-4de0-894d-09c837434c87,2648,31d7e0068b38116f1dc123867c63aa9144e7524275c038d5782944f8c1cc28e4
Viral_1112_159.xml,b58dfc52-ce45-4de0-894d-09c837434c87,1242,b1f7795d5979ebb0cfaf3b58f5417fa0215650a8cd2e57b6b260892b81e5826c
Viral_1112_160.xml,b58dfc52-ce45-4de0-894d-09c837434c87,1010,032772d78d131a6fd212fa7c1f30acafa9f584e58aef7fdc6b3045ba3d45073d
Viral_1112_161.xml,b58dfc52-ce45-4de0-894d-09c837434c87,1712,f583f523a9c511fb1180e809b91a0cbb57d8d495cc8d65fb2673dab03056aa48
Viral_1112_162.xml,b58dfc52-ce45-4de0-894d-09c837434c87,2651,0027ef72108168e22fcda67ad7f4dd7ec2b2f8438d4b3b8c4ce64f44bcba646c
Viral_1112_163.xml,b58dfc52-ce45-4de0-894d-09c837434c87,2167,3fb1624d1d05b1891c1cebf4cbf5f7e3fbd1c4d15dd9f8af82d931efae16cb63
Viral_1112_164.xml,b58dfc52-ce45-4de0-894d-09c837434c87,1937,d4cdd3b3947a8d940c721e94d9c11db033ee81c6798e7bda1ab6c51a55d4b379
Viral_1112_165.xml,b58dfc52-ce45-4de0-894d-09c837434c87,2180,2cf5c71134cece44f41f6a5abf76d0f7ca497d26f2e8e6f49f882a2e8c6d06dc
Viral_1112_166.xml,b58dfc52-ce45-4de0-894d-09c837434c87,1717,4d0bd1b279848182cf72462850f502d29334b8e22e00ab92925d9b58478ce1a4
Viral_1112_167.xml,b58dfc52-ce45-4de0-894d-09c837434c87,1481,b465e309fee5128bed18d796cd829206cd33503ea8a08415b47625249d460b9c
Viral_1112_168.xml,b58dfc52-ce45-4de0-894d-09c837434c87,1243,d8dbe9f3a9fe73898b4cc352230a8da13d8cd8a40eaaeea6e89340e39626f68a
Viral_1112_169.xml,b58dfc52-ce45-4de0-894d-09c837434c87,2409,caefb617390ce51f5e811f5401a0283e38e211252ccc679386da970929b2b6c3
Viral_1112_170.xml,b58dfc52-ce45-4de0-894d-09c837434c87,1475,295f839f6a7a3fd95296902cfde3aad5323671f107507ee122025eef60f82a00
Viral_1112_171.xml,b58dfc52-ce45-4de0-894d-09c837434c87,1244,39619dac12bb88db4ed177afb38a1281c4cfb9282697361a160cadfccb033df6
Viral_1112_172.xml,b58dfc52-ce45-4de0-894d-09c837434c87,1010,daf3c58983ccf9bee5dad48c71d8404064fa24a093ae3442f660644c204a0b7a
Viral_1112_173.xml,b58dfc52-ce45-4de0-894d-09c837434c87,1243,d648769ff87d522e1fdf1ad2a0fed8ef37108057bf687848b4d627071ff20c2e
Wilt_0919_001.jpg,d9ae87ea-8a7e-45bd-b83a-7c9eec713feb,5529606,c16a9b935bcfdc09b04a8ed9c6320985ee39ca75f5eb4f514ab5308e2c38e8d7
Wilt_0919_002.jpg,d9ae87ea-8a7e-45bd-b83a-7c9eec713feb,4902276,64f120eb6bf812877595273158b31d7a0b1a2e983d7f10ee1f5cbdcc7ca60ece
Wilt_0919_003.jpg,d9ae87ea-8a7e-45bd-b83a-7c9eec713feb,4005229,7d9e905c9b0ace63f0eda609c2fb311baa072d57e0064534f483cfc06f5627f8
Wilt_0919_004.jpg,d9ae87ea-8a7e-45bd-b83a-7c9eec713feb,3936718,04b940bd2084620f999afc9a04d633722929d0a76f4186f46f32bdd09f434b9c
Wilt_0919_005.jpg,d9ae87ea-8a7e-45bd-b83a-7c9eec713feb,5626317,72b82efdd8eeddd8e1743b877c2d7ef79016957b3f5113d71044d7500076b933
Wilt_0919_006.jpg,d9ae87ea-8a7e-45bd-b83a-7c9eec713feb,6820375,6757499a606440c1d0810fd2dd51bbfa67a785e4c217b68efa85a4a95fb86cd6
Wilt_0919_007.jpg,d9ae87ea-8a7e-45bd-b83a-7c9eec713feb,7025249,0ddd9755328f34c67d24801d934f3e13a05415b22549a277daa202babc1bcf83
Wilt_0919_008.jpg,d9ae87ea-8a7e-45bd-b83a-7c9eec713feb,3533918,b0e51adaf377d416aa8966051bc191c5b3f3633f6e4a51c10089742966846b70
Wilt_0919_009.jpg,d9ae87ea-8a7e-45bd-b83a-7c9eec713feb,7530460,f86d444eb186ce89f514a82a388192922f0c8cb8597e193e3a922c73d15fc7cc
Wilt_0919_010.jpg,d9ae87ea-8a7e-45bd-b83a-7c9eec713feb,8123313,654666c463d5f91ba05958dd891ad5a2ded5e38fca6f042cd869b40971667f46
Wilt_0919_011.jpg,d9ae87ea-8a7e-45bd-b83a-7c9eec713feb,6876124,ddf8994cc299f6d0644ba137cd97e5e9213e9d6170a33ed6223374e149e98c27
Wilt_0919_012.jpg,d9ae87ea-8a7e-45bd-b83a-7c9eec713feb,7526990,5ff73cb97717903256021f8f4b3de075f2eb0d3332b3378710426d4269908b72
Wilt_0919_013.jpg,d9ae87ea-8a7e-45bd-b83a-7c9eec713feb,7128369,fcb6f5723e3fcdf1d7f44c2b744cde41d8dae98f1b951b3dfbdba849e84b1b83
Wilt_0919_014.jpg,d9ae87ea-8a7e-45bd-b83a-7c9eec713feb,9377489,8f6a47b60f39063399983643f08c9a246449c20919e679e69538ec5f233f734a
Wilt_0919_015.jpg,d9ae87ea-8a7e-45bd-b83a-7c9eec713feb,9203933,477c996666d74577a5ce29b1981f8a0971ee95426293af805bb35d85a272c2bd
Wilt_0919_016.jpg,d9ae87ea-8a7e-45bd-b83a-7c9eec713feb,7373759,e1e17026861d5d5cde0bf79070d94509f0c872db15473ed5c0c7e510c53961ea
Wilt_0919_017.jpg,d9ae87ea-8a7e-45bd-b83a-7c9eec713feb,9597090,dd360a6e22605723b2ca3a032d642e89ffaec902afb658c461eb64e2acae7f5f
Wilt_0919_018.jpg,d9ae87ea-8a7e-45bd-b83a-7c9eec713feb,8378536,b0528b32f8b8a61381fc527c2fd146d40f1d19e71652ef505c59533949620e30
Wilt_0919_019.jpg,d9ae87ea-8a7e-45bd-b83a-7c9eec713feb,7813022,04051a131fbaeb40c43bf4e04ef0f954174b21235e60570a2f22ba6560b2e167
Wilt_0919_020.jpg,d9ae87ea-8a7e-45bd-b83a-7c9eec713feb,7919339,b731ae904189326f8321a6b2f5d1f86feeed571335167bb4e73688f5d799b709
Wilt_0919_021.jpg,d9ae87ea-8a7e-45bd-b83a-7c9eec713feb,8867569,9e6846102fe9e2c45decc73133383150db9bf51f3a699e66eccd21fafb9c2742
Wilt_0919_022.jpg,d9ae87ea-8a7e-45bd-b83a-7c9eec713feb,9092214,443cf191a6eebd716fe3e5241f83c23b010297fffb46004e05df7da068f75198
Wilt_0919_023.jpg,d9ae87ea-8a7e-45bd-b83a-7c9eec713feb,8156840,2457e68ce6fa9dcf848d80fe74c33e0541940ca655ebf506eb0a09d6bc88c0e4
Wilt_0919_024.jpg,d9ae87ea-8a7e-45bd-b83a-7c9eec713feb,9010038,d65d2c38a03b35643c4edf364449f50f2845f411decec48be93326e05507592f
Wilt_0919_025.jpg,d9ae87ea-8a7e-45bd-b83a-7c9eec713feb,9042507,c974b1e78838a3c1925aa88b5f35b78a282f290f94c89c34b8318d41018aa81f
Wilt_0919_026.jpg,d9ae87ea-8a7e-45bd-b83a-7c9eec713feb,6001375,442e7d68d83d05299cb5a77caef17942a592ae694155d5e1501104d0bb600e72
Wilt_0919_027.jpg,d9ae87ea-8a7e-45bd-b83a-7c9eec713feb,7986312,e9277f90fce5337227bab8159c3387e756daee546d620033c914b411ac77f0e8
Wilt_0919_028.jpg,d9ae87ea-8a7e-45bd-b83a-7c9eec713feb,7948485,bebedac2fd0b8001d78065c78684b6c4430805c84ce6fd98d380511ffbf971c1
Wilt_0919_029.jpg,d9ae87ea-8a7e-45bd-b83a-7c9eec713feb,7877032,d7fc597319693dbaf241ceabcfa3b0929eedca5cbdb1e7b6afa571d0af191d4e
Wilt_0919_030.jpg,d9ae87ea-8a7e-45bd-b83a-7c9eec713feb,8008438,0d08025245a9ac0606a92c08e86f2d93635c64da2fe4cc875323c25ccf9a9070
Wilt_0919_031.jpg,d9ae87ea-8a7e-45bd-b83a-7c9eec713feb,9392486,bb3f9a9dc6f2e1f3e47b878ec6deb343fb10d1113ae4ac3121064924dec347a5
Wilt_0919_032.jpg,d9ae87ea-8a7e-45bd-b83a-7c9eec713feb,8070010,ba21d1142a3760b6373da903cb9cf52e68d69fc7d16d00a7b6a492f4ba3240a3
Wilt_0919_033.jpg,d9ae87ea-8a7e-45bd-b83a-7c9eec713feb,7486064,734d134e18ef6d668b23a3dce452f1b858c53dd1fd5108dd5bba2c6dbedf1815
Wilt_0919_034.jpg,d9ae87ea-8a7e-45bd-b83a-7c9eec713feb,6789394,cc5e7a549215dca0b4fb751416a7d40b9906d4bb8247ebc3f3df853047305256
Wilt_0919_035.jpg,d9ae87ea-8a7e-45bd-b83a-7c9eec713feb,8016996,4e39cccc32e206e12345c3566e55ab1a018d358e79c315a874e2c4071ec0a75c
Wilt_0919_036.jpg,d9ae87ea-8a7e-45bd-b83a-7c9eec713feb,6694049,41b67c50b61f3b5fdef5c61fa05ca56e0da30d95ebc7fe06893757d3bb42bc44
Wilt_0919_037.jpg,d9ae87ea-8a7e-45bd-b83a-7c9eec713feb,9192325,1b46a5debdf508593901c9bf4274e278119f43568f37ad1543080a6dc71bce04
Wilt_0919_038.jpg,d9ae87ea-8a7e-45bd-b83a-7c9eec713feb,8272739,066b6e634bde84059a723be590075f2d90d6a3f2cbc076e9002cb6a34e398565
Wilt_0919_039.jpg,d9ae87ea-8a7e-45bd-b83a-7c9eec713feb,7529711,d99f1c026c28e138ac27540efba0625dee67b2f775c308a3dfc48a9700b95179
Wilt_0919_040.jpg,d9ae87ea-8a7e-45bd-b83a-7c9eec713feb,7673541,600e62879e5d597381d7c06384862b627f35cd0919da1ed7725bf89067d6df76
Wilt_0919_041.jpg,d9ae87ea-8a7e-45bd-b83a-7c9eec713feb,9155225,afb75ea321cd76fb34a495790f64a5551f8b750619c95d48ca00ca6931ca6331
Wilt_0919_042.jpg,d9ae87ea-8a7e-45bd-b83a-7c9eec713feb,9386304,8462d2a926a3e18c8b3a9c38eec055c3c84d220f9eb5e24b9bb232edc3c341e0
Wilt_0919_043.jpg,d9ae87ea-8a7e-45bd-b83a-7c9eec713feb,7877370,c7422cd09950cb24fbd8de3e525bc7c0ab30eb3ae78dc173b783b8b7a2b220ca
Wilt_0919_044.jpg,d9ae87ea-8a7e-45bd-b83a-7c9eec713feb,7006672,3d4e00c28dc9b453d5279b01540538450aa987348fade50d4f548a2b631b1683
Wilt_0919_045.jpg,d9ae87ea-8a7e-45bd-b83a-7c9eec713feb,10752315,810455e2e99c80eb7dc21d57c7d6eb9a92303e0b583af6b273eb0e02e852f34b
Wilt_0919_046.jpg,d9ae87ea-8a7e-45bd-b83a-7c9eec713feb,10147114,488c6d776b3580f5cb8f735c12b684dfd4ac41efe19bb175f593fa75081b885f
Wilt_0919_047.jpg,d9ae87ea-8a7e-45bd-b83a-7c9eec713feb,9853654,6be56fd2a443897d254e1aa5a51382b66925d40847f9b9ff371fad3f5ca4eccf
Wilt_0919_048.jpg,d9ae87ea-8a7e-45bd-b83a-7c9eec713feb,8893023,c96a6f782a147d60586a1f79b68b790e82e3139d725ac13ec78f93c4b32b6624
Wilt_0919_049.jpg,d9ae87ea-8a7e-45bd-b83a-7c9eec713feb,8637725,ebb8576d2082ed100856e75dc8ce4c1560f0f0484d0308ccf852828aca6446da
Wilt_1021_001.jpg,d9ae87ea-8a7e-45bd-b83a-7c9eec713feb,2219646,a894db15a2be321e3f0f7e944a000117cce83d4e07879383e540409100f592ac
Wilt_1021_002.jpg,d9ae87ea-8a7e-45bd-b83a-7c9eec713feb,1664513,507be676b3fe00e7b61b3fbdf40060c11e88be3b9382c530d330c1021be10240
Wilt_1021_003.jpg,d9ae87ea-8a7e-45bd-b83a-7c9eec713feb,1254033,ec83f85b44f825d769ba29057be7bbdca4a390d0196f6010e51941354c13a748
Wilt_1021_004.jpg,d9ae87ea-8a7e-45bd-b83a-7c9eec713feb,1366368,5957ff9068bb739aaee94595b7cf50521f80256577c4056c160a8be23850167e
Wilt_1021_005.jpg,d9ae87ea-8a7e-45bd-b83a-7c9eec713feb,1244376,4adfbffe9f642aee4adfd1c735b9e50ffbd1e662b035f40bfcf52099b0055d46
Wilt_1021_006.jpg,d9ae87ea-8a7e-45bd-b83a-7c9eec713feb,1564793,9c47900abcd7be57cd9488655c8fa4d181d909fb2f875ea2857cb31dfb1f50eb
Wilt_1021_007.jpg,d9ae87ea-8a7e-45bd-b83a-7c9eec713feb,1163469,4b009356b6d57d994718bbbf80888727c299ebc39eaecd86eb84a9dbad5bdb51
Wilt_1021_008.jpg,d9ae87ea-8a7e-45bd-b83a-7c9eec713feb,1463499,510049b50533dd4afae6c7a59aad48515c87139084db385c4ac6a294f608ef33
Wilt_1021_009.jpg,d9ae87ea-8a7e-45bd-b83a-7c9eec713feb,1428299,b8aa0440059168d1f7f05cbf403134586085aa4f591ab8e2bc51cff69b5971cb
Wilt_1021_010.jpg,d9ae87ea-8a7e-45bd-b83a-7c9eec713feb,1110290,2855e2560be103258be3a874083f4bcc889963d7f19d4c5ddf7907a4590e82f5
Wilt_1021_011.jpg,d9ae87ea-8a7e-45bd-b83a-7c9eec713feb,1536358,f12e1aeca7ba25472a853f1be41dea4ac11ff6295989ee59eedc133324e53a50
Wilt_1021_012.jpg,d9ae87ea-8a7e-45bd-b83a-7c9eec713feb,1639270,eb7d67226c2aff5c9b00c0ad01c5afd7d2941825f81d6ac196b43eee1ed901f1
Wilt_1021_013.jpg,d9ae87ea-8a7e-45bd-b83a-7c9eec713feb,1422483,5dbf5eee853281019f85beec6d0060657fc8c5060bd4f4eafefd6427bddfc401
Wilt_1021_014.jpg,d9ae87ea-8a7e-45bd-b83a-7c9eec713feb,2233049,deb0f9ba9467c8ef5a13bbc5271c848a4807a3dc939ee329f64ecdb5a0d05546
Wilt_1021_015.jpg,d9ae87ea-8a7e-45bd-b83a-7c9eec713feb,2196913,54a5d82d92f50fb03dbb669483be8cca397bc67653f2564135b513dd56299c21
Wilt_1021_016.jpg,d9ae87ea-8a7e-45bd-b83a-7c9eec713feb,1375040,76c75c7a1756e14063c704b3322a2d1c0ff2509a757b149d908338b1616d7af0
Wilt_1021_017.jpg,d9ae87ea-8a7e-45bd-b83a-7c9eec713feb,1725555,f46c0d9b5e988d60057d9ed5c24f46ab3781619982d6f44f7dfd6d6a102008a6
Wilt_1021_018.jpg,d9ae87ea-8a7e-45bd-b83a-7c9eec713feb,1556506,7b7572771ffde88f68b8c9e96c17b30b224e0e845caa3d4af5d3d63893663183
Wilt_1021_019.jpg,d9ae87ea-8a7e-45bd-b83a-7c9eec713feb,1503355,e254bb5b2c1ef366de302cc49c493264ad2a049d7cc430f1e95ec32f05e155fb
Wilt_1021_020.jpg,d9ae87ea-8a7e-45bd-b83a-7c9eec713feb,1572373,74323fe00de141535d283abc84135a7b0e4328cd1e1c44d171eef81b283fc6a1
Wilt_1021_021.jpg,d9ae87ea-8a7e-45bd-b83a-7c9eec713feb,1673851,da8ed63e49c5c32279315b1b7873bc4f2bb4e817ba7e7b43b6bc42dc67ea1311
Wilt_1021_022.jpg,d9ae87ea-8a7e-45bd-b83a-7c9eec713feb,1650930,9acb52639e47b71ce12786e30939b2aadebb18dc70d5f030d399cf631a6e13d0
Wilt_1021_023.jpg,d9ae87ea-8a7e-45bd-b83a-7c9eec713feb,1737871,8ea1f80878c75c59a85b74fbe9df56c2ab7c8dd52e7ed9e3480d58bea7c4fad1
Wilt_1021_024.jpg,d9ae87ea-8a7e-45bd-b83a-7c9eec713feb,1955025,3dec190d0f658c45dd1b16f76edd10f48e983a4aed6f58e46e73d4ce1edf4245
Wilt_1021_025.jpg,d9ae87ea-8a7e-45bd-b83a-7c9eec713feb,1887994,cb6223633d89e3978fcf9f1884f017a15dc0621a42f70ff68e3b35e639b48878
Wilt_1021_026.jpg,d9ae87ea-8a7e-45bd-b83a-7c9eec713feb,1342118,babad79d87fd0a9b7cffaa12cafbe164518ea537e85668604f43a7d4d319ff0e
Wilt_1021_027.jpg,d9ae87ea-8a7e-45bd-b83a-7c9eec713feb,1122546,6013ebb6ad188af2b342296e9c2e9e44a6600cd04b7c655c7baff1758368b6c6
Wilt_1021_028.jpg,d9ae87ea-8a7e-45bd-b83a-7c9eec713feb,1149684,add28d559277aaf55e0d62fe7b62f57137f6b8939dbee8d96be28dc7607f6409
Wilt_1021_029.jpg,d9ae87ea-8a7e-45bd-b83a-7c9eec713feb,2101138,77ca1163b6cd832f9a12017263ba34551ddc928a82ea07760e9cbd0ceffb672c
Wilt_1021_030.jpg,d9ae87ea-8a7e-45bd-b83a-7c9eec713feb,2142959,be1b12f03cdfa960ee1b255f0e05e338a542abddba22ebcb9c19e312dbadbad3
Wilt_1021_031.jpg,d9ae87ea-8a7e-45bd-b83a-7c9eec713feb,1602160,f661ea618a02c178fdcc7133892cd56fdf23d0a0cea693a3ef927a6bffa0d6d4
Wilt_1021_032.jpg,d9ae87ea-8a7e-45bd-b83a-7c9eec713feb,1436435,4106ccace6909ea478503c06899eef82f9c7a5b47d060523c9ff8ef6c7854178
Wilt_1021_033.jpg,d9ae87ea-8a7e-45bd-b83a-7c9eec713feb,1107819,3efa1dd11bcfbf038dcc063d02ecc15ea2cc51ea3def6688b7fdca610235c9cc
Wilt_1021_034.jpg,d9ae87ea-8a7e-45bd-b83a-7c9eec713feb,1573251,1d7bb4fc3cb3ede8a82fcbf66d3412be4873fb175b5c627beb6162842719ba2e
Wilt_1021_035.jpg,d9ae87ea-8a7e-45bd-b83a-7c9eec713feb,1536155,0ddbbb7577ae203b496177253fb2cd2991a063ca8cb6ee7057b6b88b1454a1e2
Wilt_1021_036.jpg,d9ae87ea-8a7e-45bd-b83a-7c9eec713feb,1351811,be357d06c2fa9ee4c96f29f801213acc336a098b28422d59d2f2aa54b2ed4239
Wilt_1021_037.jpg,d9ae87ea-8a7e-45bd-b83a-7c9eec713feb,1458901,589558af8333d3803aac42847106e29085de5b02d7450c9bd8dd204af342ca1c
Wilt_1021_038.jpg,d9ae87ea-8a7e-45bd-b83a-7c9eec713feb,1449299,48472af21812d9c95e41e612939dfe9542f7488076af92b7fe07c3c81866413f
Wilt_1021_039.jpg,d9ae87ea-8a7e-45bd-b83a-7c9eec713feb,1594229,0ddc759d8d5d94f1bd8e5236bc8e26db868fcd9a1f73f4a144b4ff5eca64c34a
Wilt_1021_040.jpg,d9ae87ea-8a7e-45bd-b83a-7c9eec713feb,1493359,823928affa6c5fdb604a535e0597c4cb23550ef56cc7f4b57dfd93b9f03b07f0
Wilt_1021_041.jpg,d9ae87ea-8a7e-45bd-b83a-7c9eec713feb,1439267,3a198cdb553ac59afda8c729cd37c4000b8a8c1b48b2d02d6f7b3695a784380c
Wilt_1021_042.jpg,d9ae87ea-8a7e-45bd-b83a-7c9eec713feb,1273643,af2c361fe41b0089560bce51ae69bce1245eee958838d6bea84825c98423a349
Wilt_1021_043.jpg,d9ae87ea-8a7e-45bd-b83a-7c9eec713feb,1665655,f93d83275ecc360cc6962b68dbdc0d8e0384d5611c1724d39a183b47e224cbe6
Wilt_1021_044.jpg,d9ae87ea-8a7e-45bd-b83a-7c9eec713feb,1816279,ace86cea08f68af8ffac287381735563990205c2e9e7537b522a7672906ed1f7
Wilt_1021_045.jpg,d9ae87ea-8a7e-45bd-b83a-7c9eec713feb,1375891,5359ebc67f57948e137dcaa96938c0296e9e3f99a738750a9ccd573ddc4f7efb
Wilt_1021_046.jpg,d9ae87ea-8a7e-45bd-b83a-7c9eec713feb,899501,96c54af838eb898e5038cb844506dc35453198942ec2ffa2b2a09e0b54fce5f7
Wilt_1021_047.jpg,d9ae87ea-8a7e-45bd-b83a-7c9eec713feb,1770754,450ae3fd48c19ffa168252d2ee88bbad239441247dbd2b557269621e0401b45d
Wilt_1021_048.jpg,d9ae87ea-8a7e-45bd-b83a-7c9eec713feb,1835631,cb6af814d91bb4ad504d295ebfe7b99fef47e02d9236ab6844919a3f5e8db6a3
Wilt_1021_049.jpg,d9ae87ea-8a7e-45bd-b83a-7c9eec713feb,1430333,2a036ac90f186a1ad94aae7683f2d11e448f89fdc9fca224c89df62482d9e4f4
Wilt_1021_050.jpg,d9ae87ea-8a7e-45bd-b83a-7c9eec713feb,1814793,113f06c5367cfe83fb0ec66a5765e10db779fefac9cfcd58ae82bc717b74feb8
Wilt_1021_051.jpg,d9ae87ea-8a7e-45bd-b83a-7c9eec713feb,1520671,4aac247df6c7fd9d71203e914681342c338737d9f66b1c4a4964b05262802e93
Wilt_1021_052.jpg,d9ae87ea-8a7e-45bd-b83a-7c9eec713feb,1413572,55a3edc50980d8559ee7ff12ee3fa6633f4b396c5e90e47817a24b8cbff4ba7b
Wilt_1021_053.jpg,d9ae87ea-8a7e-45bd-b83a-7c9eec713feb,1609289,d2f62a6d0497eafa06afd92a79b7cd4513f0bf4307f4ee6f466d12f7874dd58a
Wilt_1021_054.jpg,d9ae87ea-8a7e-45bd-b83a-7c9eec713feb,1959408,11307c915112be8053ea3f13410617ea1a2e032207b201d01bfcf293c8d8bc4c
Wilt_1021_055.jpg,d9ae87ea-8a7e-45bd-b83a-7c9eec713feb,1594959,0dc2b9abdc768a507ce3d3b50fce17dc0be863dabb842127228305d9055176d3
Wilt_1021_056.jpg,d9ae87ea-8a7e-45bd-b83a-7c9eec713feb,1610651,f4964e09f76368a08707df271eb3709189a79f2741e28cc9fc74c34b0a75694b
Wilt_1021_057.jpg,d9ae87ea-8a7e-45bd-b83a-7c9eec713feb,1611814,27052bdfef12371771da572c405c36d4abde8b2b95a9115c18d8bc8e179db0ce
Wilt_1021_058.jpg,d9ae87ea-8a7e-45bd-b83a-7c9eec713feb,1450270,58834148aadf0fd77c3c44ed7c36568e2a0dd23a9d17714eb8e6610522de50d2
Wilt_1021_059.jpg,d9ae87ea-8a7e-45bd-b83a-7c9eec713feb,995690,221e0b76d6b24946f6e12ba62164048129739a991065aa97a0f4a035a152bd49
Wilt_1021_060.jpg,d9ae87ea-8a7e-45bd-b83a-7c9eec713feb,1252743,b428b5259f903c9df4fbee38ac1483f24d652d71f5d325f26a1269dfbbe7a439
Wilt_1021_061.jpg,d9ae87ea-8a7e-45bd-b83a-7c9eec713feb,1624259,68c9869424348838327321564b2ea1ba1105e8a88723b6a2bb1574656ea9686e
Wilt_1021_062.jpg,d9ae87ea-8a7e-45bd-b83a-7c9eec713feb,1417367,16ca19e1409ab5e376811acef37583ce4362d02f117c45a2bed511f7b205cb2a
Wilt_1021_063.jpg,d9ae87ea-8a7e-45bd-b83a-7c9eec713feb,1188817,71c54b1e89d065e2cafde6bb21aee09507db8ccd7b140f830cc84599027881c0
Wilt_1021_064.jpg,d9ae87ea-8a7e-45bd-b83a-7c9eec713feb,1509815,7e28f7ad9a811692b89a1b37cfb4105464d96b0101c90cbff135e8c0f2a0b9f6
Wilt_1021_065.jpg,d9ae87ea-8a7e-45bd-b83a-7c9eec713feb,1546944,75f6bbc7935b66aba763307b30c1ee334b09cfd89cdd23df4c39c873259a6d7c
Wilt_1021_066.jpg,d9ae87ea-8a7e-45bd-b83a-7c9eec713feb,1388774,c19a0f24021a4f4197073943bd4f9e3555fb20b52b0efc50296d993953ea3462
Wilt_1021_067.jpg,d9ae87ea-8a7e-45bd-b83a-7c9eec713feb,1565253,6733beec01bb7a0978f542dde4c8dd980a01d91fc208ad5372ac3dd46773aee3
Wilt_1021_068.jpg,d9ae87ea-8a7e-45bd-b83a-7c9eec713feb,1292446,51d850c4053760708c622b1922ca6201bb2dcfc460cb3d24e2dc6fab636f6d5d
Wilt_1021_069.jpg,d9ae87ea-8a7e-45bd-b83a-7c9eec713feb,1321599,5ef4bc85d1f72f919468e8bc3fbef0b22a3defd5929c17f23d5d28f3f75dc7a3
Wilt_1021_070.jpg,d9ae87ea-8a7e-45bd-b83a-7c9eec713feb,1415074,a1d92f4772670dcf565e5ddf2ae53e533c66575cd7bac212ee51150c23daf860
Wilt_1021_071.jpg,d9ae87ea-8a7e-45bd-b83a-7c9eec713feb,1581828,48323b2afb553644860b1754675912c3e1ad2b80794bd9dda72df69abfb9795a
Wilt_1021_072.jpg,d9ae87ea-8a7e-45bd-b83a-7c9eec713feb,1421335,2d4d1aba898791f1f9d660aa70363dae6f79bd2f20ca366651a425430b5bf9c7
Wilt_1021_073.jpg,d9ae87ea-8a7e-45bd-b83a-7c9eec713feb,1800491,7cbca661f9f32338bddecfda917ec9a37266f368a641c54ff67e8cb52364f072
Wilt_1021_074.jpg,d9ae87ea-8a7e-45bd-b83a-7c9eec713feb,1610730,f377d91a29d58a07da380ee3e1176d3a8647b5ea87eeedcdde779677e6c41935
Wilt_1021_075.jpg,d9ae87ea-8a7e-45bd-b83a-7c9eec713feb,1209379,ba97b82a91c9264364cf425fd05048b17e0822cd2bb8e8331b3886577f9beea3
Wilt_1021_076.jpg,d9ae87ea-8a7e-45bd-b83a-7c9eec713feb,1255865,2fede225b798118322e9cb7400f439d7dbd5c1b7b6ec7ff9fb0641ca69af570c
Wilt_1021_077.jpg,d9ae87ea-8a7e-45bd-b83a-7c9eec713feb,1354265,3bf18b1a294b1fc59fddeb241c84332a5090cd069a188ea555db5bcca99ce802
Wilt_1021_078.jpg,d9ae87ea-8a7e-45bd-b83a-7c9eec713feb,1319417,8272c9ebc62c942d4ef829eae6afbddaebc5982de5fe760596cf1c8f3cf313ef
Wilt_1021_079.jpg,d9ae87ea-8a7e-45bd-b83a-7c9eec713feb,1515525,a4eee8dfdbc98ac3d6063d994fd340937df0f6e7f111ec43396d4f14b5bfad21
Wilt_1021_080.jpg,d9ae87ea-8a7e-45bd-b83a-7c9eec713feb,2183258,d675a3523eb6b233234445ae20c0770e637c7211dd317a1dbc830b54feb1a217
Wilt_1021_081.jpg,d9ae87ea-8a7e-45bd-b83a-7c9eec713feb,1646776,aea257e01b0750a70b4bab0ff906cd83faa942e14a5b0d2ce5f1554b0be04574
Wilt_1021_082.jpg,d9ae87ea-8a7e-45bd-b83a-7c9eec713feb,1407833,915c1967d783114343bd7b79aa2b498e50eab42cb5a17e6f01b32537135c45d9
Wilt_1021_083.jpg,d9ae87ea-8a7e-45bd-b83a-7c9eec713feb,1144418,95b42b9825a1ce77a36c23ebc746b8f8824b4c0baf193cefeeccfcc1560991f5
Wilt_1021_084.jpg,d9ae87ea-8a7e-45bd-b83a-7c9eec713feb,1614876,f21b0de8844dd7a4005e66735d113e8906c3c8c9df1f6d86e45308befdeaa80b
Wilt_1021_085.jpg,d9ae87ea-8a7e-45bd-b83a-7c9eec713feb,1615899,2f855acad62237875665e54580fcb4cfca2c372261aa89e764994e1ee2cb232b
Wilt_1021_086.jpg,d9ae87ea-8a7e-45bd-b83a-7c9eec713feb,1359532,46924b30027b74a7f3febd6f33c5eb7d10d849a3fbdd58bacce9bfe1ef7019a9
Wilt_1021_087.jpg,d9ae87ea-8a7e-45bd-b83a-7c9eec713feb,1680335,7d75dfc75472ccb51421fdec999f15fb5e773735704df64a4384944ebe7a0207
Wilt_1021_088.jpg,d9ae87ea-8a7e-45bd-b83a-7c9eec713feb,2022354,f3d924f8f3dffbd104e5b1869f3b9c24ca204757c3d339389c2fd19735099380
Wilt_1021_089.jpg,d9ae87ea-8a7e-45bd-b83a-7c9eec713feb,1864696,b82a331449e798728ccc64af2fd6f3be38b7d745ff716c6bbb9f54c734d14473
Wilt_1021_090.jpg,d9ae87ea-8a7e-45bd-b83a-7c9eec713feb,2093410,b32cd7cc2c192cbe99b1974f5744eb4fe84b713125ed565436b10a0daaef510f
Wilt_1021_091.jpg,d9ae87ea-8a7e-45bd-b83a-7c9eec713feb,2206296,618b82804f39f3b220d168aedfcce77c247a1ba130928166ce8682218d3ebb74
Wilt_1021_092.jpg,d9ae87ea-8a7e-45bd-b83a-7c9eec713feb,1841610,aec1d49162ca2dad3510b194742e9d3a2e3a7419006de8cda3ca7bc489847057
Wilt_1021_093.jpg,d9ae87ea-8a7e-45bd-b83a-7c9eec713feb,2416375,bd090bb8582732718bc1bc0757226ad67f44f379cb76d4f7e960c72ed3fa12a0
Wilt_1021_094.jpg,d9ae87ea-8a7e-45bd-b83a-7c9eec713feb,1503006,caa6f80da3727eb34b6efd94c514b1dc5c8dea65ed47ecb8afa19115d255e07b
Wilt_1021_095.jpg,d9ae87ea-8a7e-45bd-b83a-7c9eec713feb,1303662,6f590feff0bc5c171076855a9eb9efa7a1a6cbf5f1e6320f1085ba482a0c9654
Wilt_1021_096.jpg,d9ae87ea-8a7e-45bd-b83a-7c9eec713feb,1962845,965ba6a02c8165be621ad201e85e9d207d23beb9af20b31723077d6724336bdb
Wilt_1021_097.jpg,d9ae87ea-8a7e-45bd-b83a-7c9eec713feb,1606580,04fe618ab8edf040d272bcb32a05cbb88cb9585c64f8181d83d9c7016491bb42
Wilt_1021_098.jpg,d9ae87ea-8a7e-45bd-b83a-7c9eec713feb,1707979,e85accc0a88a97ab0ffd71c836c675a97bca282e201e1d4d67bdfa42929bdf4a
Wilt_1021_099.jpg,d9ae87ea-8a7e-45bd-b83a-7c9eec713feb,2141237,f31e3a8554abe769c9441f51037c8c830bb308a4639783e9a07ae7c3f2ce93d6
Wilt_1021_100.jpg,d9ae87ea-8a7e-45bd-b83a-7c9eec713feb,1701970,ba860ffae6b755feec6a14a8b8dab08c6feafcea239dbf5f277098bb22c01b6f
Wilt_1021_101.jpg,d9ae87ea-8a7e-45bd-b83a-7c9eec713feb,1460314,b6366eb7db953778f2f7c277cb9ce899daac72eb85dea1529591001b80137380
Wilt_1021_102.jpg,d9ae87ea-8a7e-45bd-b83a-7c9eec713feb,1571111,42cb7458833fcea3c4eb615d652c6228e07e8174608f9bedc7824a648e177a3b
Wilt_1021_103.jpg,d9ae87ea-8a7e-45bd-b83a-7c9eec713feb,2230909,7abe4dd874bdce36294b45a5dec0f4b0ecac69f7dfaf9c387f984f334dc4c0a6
Wilt_1021_104.jpg,d9ae87ea-8a7e-45bd-b83a-7c9eec713feb,1067352,3d9a6e3e4161ba225be11b00ee7518260756c1533df38fa9809362105692a701
Wilt_1021_105.jpg,d9ae87ea-8a7e-45bd-b83a-7c9eec713feb,1542101,b2ce64db4ab762ef3197af8fa77b354adb2c0bd366cc9f956271f473c113cce5
Wilt_1021_106.jpg,d9ae87ea-8a7e-45bd-b83a-7c9eec713feb,1066252,848f9870911cb4823ade6ea69f58c03b2d2963c52ffa3f75eb9e872cca179c2b
Wilt_1021_107.jpg,d9ae87ea-8a7e-45bd-b83a-7c9eec713feb,1715093,495223f2c68bbed5066e4e61db47606a0a35fe17c27936ddba21fa129ccb1788
Wilt_1021_108.jpg,d9ae87ea-8a7e-45bd-b83a-7c9eec713feb,1746574,bb00e5f984c9cb9f7ff5fbd3f245f3a6c67e79e690e472ad34d0e80b07b723d5
Wilt_1021_109.jpg,d9ae87ea-8a7e-45bd-b83a-7c9eec713feb,1592615,64dabe42750c0d5b2655e700d19de63343a17ef29f460de02e425fe85cbe26c5
Wilt_1021_110.jpg,d9ae87ea-8a7e-45bd-b83a-7c9eec713feb,1678287,b6ec5b5478e387a9b225ca44ea6c3325766fd19be911ae24f4b50df611471296
Wilt_1021_111.jpg,d9ae87ea-8a7e-45bd-b83a-7c9eec713feb,1599244,1b196f7793a37c7e133e8cfc220a4c015cd414ca124958bc4f628fbeebcdd0c2
Wilt_1021_112.jpg,d9ae87ea-8a7e-45bd-b83a-7c9eec713feb,1942517,2980e794a4d89c4c097068948505f96578bdd96fd333f51309ab24866a6b3209
Wilt_1021_113.jpg,d9ae87ea-8a7e-45bd-b83a-7c9eec713feb,1893144,555e09185a9df5f7e2339952f494e03961ff53253679281a4807573b6e330ddb
Wilt_1021_114.jpg,d9ae87ea-8a7e-45bd-b83a-7c9eec713feb,1886954,e087342fe417723be5ee16f4e3cc6dee4dc0503c96d125e119237985978f9f29
Wilt_1021_115.jpg,d9ae87ea-8a7e-45bd-b83a-7c9eec713feb,2136868,0ebacaa64672f653cdc0f663617f39574b3b4ea143826bfa19d00d8c9d2f76ad
Wilt_1021_116.jpg,d9ae87ea-8a7e-45bd-b83a-7c9eec713feb,1398612,12c34683790fd5afe04c3ce7d421bf5aef2c627b693b4a81b468e67c3799addf
Wilt_1021_117.jpg,d9ae87ea-8a7e-45bd-b83a-7c9eec713feb,1780383,9e64ac05ba978acbde265868ff73dee81cd6c02dc02a6d95739e6965e129adf7
Wilt_1021_118.jpg,d9ae87ea-8a7e-45bd-b83a-7c9eec713feb,2091448,b195c75b035906de0632205ada1d6f7d990cc8f26456ca884cc45c06f7e7f2e1
Wilt_1021_119.jpg,d9ae87ea-8a7e-45bd-b83a-7c9eec713feb,1706481,8cc8cf410eb472bef730612baaf09f9c8bd25a84841e51db8be90897617504ae
Wilt_1021_120.jpg,d9ae87ea-8a7e-45bd-b83a-7c9eec713feb,1417667,9398a32b69d86be997779a7f36854f901358cd81c3fbe9cdb12c14c0c9eb6f97
Wilt_1021_121.jpg,d9ae87ea-8a7e-45bd-b83a-7c9eec713feb,1622641,ffd7510461b43f7144b044552bd39fb92caa8e8e7458b42311c86e470e36bafd
Wilt_1021_122.jpg,d9ae87ea-8a7e-45bd-b83a-7c9eec713feb,1770633,8718ba9649a0d2664eb07aa6ce9e39303465712d7ff7aa0af7157d6b5adf9afb
Wilt_1021_123.jpg,d9ae87ea-8a7e-45bd-b83a-7c9eec713feb,1402508,2ad2851b0b73debf1c3826e621c9876c5fe19ff75b76b940211e8cdb1b88cbf1
Wilt_1021_124.jpg,d9ae87ea-8a7e-45bd-b83a-7c9eec713feb,1776478,652822eafe9be5c5cdc873437a1c197d886aa6509929050fd9846b5f37c5893e
Wilt_1021_125.jpg,d9ae87ea-8a7e-45bd-b83a-7c9eec713feb,1734287,4f1fddabc4fb95a5c307cf4977f234bce48895084003adb2ecae87e6e437e7f6
Wilt_1021_126.jpg,d9ae87ea-8a7e-45bd-b83a-7c9eec713feb,1552591,c0c41585ca9ebe7aaf9c2c432e0a8df6fe09c915fdd55dc36244fdb2e3138b11
Wilt_1021_127.jpg,d9ae87ea-8a7e-45bd-b83a-7c9eec713feb,1496124,72f40f0d444bdde9207fb69051b754e6e5e449cb6eae0fd33075f106d1ee5f7b
Wilt_1021_128.jpg,d9ae87ea-8a7e-45bd-b83a-7c9eec713feb,1942850,c4b93091f798782eab083e9ff32bd3d524e837b8b1d3865f8534fa79ba4494c2
Wilt_1021_129.jpg,d9ae87ea-8a7e-45bd-b83a-7c9eec713feb,1585856,5842c0729b3d15a9c0d20cc48be5686f96e5bd864fca26a86eb41dc72bcf9b4c
Wilt_1021_130.jpg,d9ae87ea-8a7e-45bd-b83a-7c9eec713feb,2143806,e35119da462e1e392f2ba8b5c65fec5cef73fd3aff43bf3a682129fc970b8ae0
Wilt_1021_131.jpg,d9ae87ea-8a7e-45bd-b83a-7c9eec713feb,2063343,a66e2e953655e91237eca543447b7ec95f5be5a54a7c3d34204a353440397efa
Wilt_1021_132.jpg,d9ae87ea-8a7e-45bd-b83a-7c9eec713feb,1614781,597ccd42dbf5e07ae46c0401e7df0d54fbd8938635dc1cc87b68c34f8942144d
Wilt_1021_133.jpg,d9ae87ea-8a7e-45bd-b83a-7c9eec713feb,1853170,92d7a8301afff8c6c6ecb5b865520d79111386e15e77992d567c5a5dd7436d71
Wilt_1021_134.jpg,d9ae87ea-8a7e-45bd-b83a-7c9eec713feb,1151768,c0c424f3a97cce6803c24933fc191a14afe3e962883a1a6cee25a16e9df3b746
Wilt_1021_135.jpg,d9ae87ea-8a7e-45bd-b83a-7c9eec713feb,1664391,cb5423fafce33a363d4511da00e3ebb594b850410fec858db2c0fb2e372c07da
Wilt_1021_136.jpg,d9ae87ea-8a7e-45bd-b83a-7c9eec713feb,1429166,0f5f7818e0cbd937135b4f3887b7ad5ba636558f88b8c4576b2a78949d8bef51
Wilt_1021_137.jpg,d9ae87ea-8a7e-45bd-b83a-7c9eec713feb,1921274,3a05e1c910cb6b133cffcf14ff6b6875431fffc97495f93b9a2d11d6101c1b15
Wilt_1021_138.jpg,d9ae87ea-8a7e-45bd-b83a-7c9eec713feb,1802203,260c6d708ff1650cac525614e4defad3cba6c6a15ac134d2d7730221cd689840
Wilt_1021_139.jpg,d9ae87ea-8a7e-45bd-b83a-7c9eec713feb,1622031,16240ee5042d2f04a68988faef3fbf6bfdce8cda2ff9d1f53e72c6c5ef5f5504
Wilt_1021_140.jpg,d9ae87ea-8a7e-45bd-b83a-7c9eec713feb,1256576,1c201fb6581d00863b4ca82bbe936a2d081f6a992ad633cbb0df7dca14d31473
Wilt_1021_141.jpg,d9ae87ea-8a7e-45bd-b83a-7c9eec713feb,1416104,a0d05bf3447133cb3af36529531aa3c02b1ebc9e46d1f4dd49042074fdec9c61
Wilt_1021_142.jpg,d9ae87ea-8a7e-45bd-b83a-7c9eec713feb,1729275,4af345553d66c2e00c4d2eb70adbca95108a96a483f997192ba1394d5193f9c7
Wilt_1021_143.jpg,d9ae87ea-8a7e-45bd-b83a-7c9eec713feb,1375284,9bb30c1cd6a807b8677e217ae637988577239690e388d53eace94cc7d49bf372
Wilt_1021_144.jpg,d9ae87ea-8a7e-45bd-b83a-7c9eec713feb,1665161,a5f85562ab826c7539f259f272fff41372ab2bcae2a765378790ef99247c5433
Wilt_1021_145.jpg,d9ae87ea-8a7e-45bd-b83a-7c9eec713feb,1992973,54f79da8d1c5dbc703d9c8994cd48c918fb7d332a07cc5c6becb1712e03fe1af
Wilt_1021_146.jpg,d9ae87ea-8a7e-45bd-b83a-7c9eec713feb,2061038,3b9c1a3a9512e61ea4531f95c8745269b1a4dc584aef46f507f652eb9177b7d9
Wilt_1021_147.jpg,d9ae87ea-8a7e-45bd-b83a-7c9eec713feb,1605735,570d908a1283c669114a7b6d3673e338d00d1aeaf2458327ac30dd83834de1ac
Wilt_1021_148.jpg,d9ae87ea-8a7e-45bd-b83a-7c9eec713feb,1809210,9890944b62833191ff9e20364414d655ef6a68637a23bbb944d0838b63b1dbe7
Wilt_1021_149.jpg,d9ae87ea-8a7e-45bd-b83a-7c9eec713feb,1553163,c7d8643ec310c6f5b6e8a86c6d681de1c802b2f6f6b377cb2bc6b87026bfeef9
Wilt_1021_150.jpg,d9ae87ea-8a7e-45bd-b83a-7c9eec713feb,1965901,01604d17f3773678f27aa332c1e29a075dc1e50e3883e1b23fe2f0c71a4b3d08
Wilt_1021_151.jpg,d9ae87ea-8a7e-45bd-b83a-7c9eec713feb,1629161,47da692f78f2e136b99ef2955fed1bece87f029ebb915c396953a71f3ad7e51b
Wilt_1021_152.jpg,d9ae87ea-8a7e-45bd-b83a-7c9eec713feb,1462717,1619773dd8f56118b33ee229e0f933050d3c97ca4c2a58114c6efa4b4de5cfe6
Wilt_1021_153.jpg,d9ae87ea-8a7e-45bd-b83a-7c9eec713feb,1603071,a8534b245aee731f10fbdf6cfc28165a687769b2382a6c6e97fee83eff3d24c9
Wilt_1021_154.jpg,d9ae87ea-8a7e-45bd-b83a-7c9eec713feb,1670360,73f643b7dc1cd540855ba424e5c610003c723e90343479b57bce57d5b4b4043c
Wilt_1021_155.jpg,d9ae87ea-8a7e-45bd-b83a-7c9eec713feb,1633715,815229797091965d0154a7d8af66406973c5b11332c4005b463af87d53bb5c96
Wilt_1021_156.jpg,d9ae87ea-8a7e-45bd-b83a-7c9eec713feb,1552033,51075f8696d934cb90e7eb5398c33235d982a21ea6b61168bceeb09a6ff5f463
Wilt_1021_157.jpg,d9ae87ea-8a7e-45bd-b83a-7c9eec713feb,1672213,a84483ff677a76b60747c0b0de38444c7040ea34497b19fbdcc8c1f0c18c4a25
Wilt_1021_158.jpg,d9ae87ea-8a7e-45bd-b83a-7c9eec713feb,1590760,73f1d80567684ac1f143724db3eb2d183cb1bf0bcd79491129f306de1a85a1a6
Wilt_1021_159.jpg,d9ae87ea-8a7e-45bd-b83a-7c9eec713feb,1599324,fa6a6764e8cde07a9b28c044050b714b589d35ab7501334d0c1cb945a76d0cc7
Wilt_1021_160.jpg,d9ae87ea-8a7e-45bd-b83a-7c9eec713feb,1349274,775c2c43d6814d3d3a05457b33b3711576fa55c4627341781b5ad416da2a682d
Wilt_1021_161.jpg,d9ae87ea-8a7e-45bd-b83a-7c9eec713feb,1630530,9212baf23c30596794ffcca7bd26960d3fef4d00ac45ecae6652858930cb603e
Wilt_1021_162.jpg,d9ae87ea-8a7e-45bd-b83a-7c9eec713feb,1214321,ec2b1eb404ac7940e962a95af3c616b93788bbc41647ada5d1e1fb74a7053593
Wilt_1021_163.jpg,d9ae87ea-8a7e-45bd-b83a-7c9eec713feb,2030101,58e2c98a3423eaf3636867a16901fd45569dadeeb5a7ab13b3eca0b188eaea9f
Wilt_1021_164.jpg,d9ae87ea-8a7e-45bd-b83a-7c9eec713feb,1817247,3ceee1c0ca3b22fac5fbba6b52e537362db1b084ca1cfd944559fc783e01335d
Wilt_1021_165.jpg,d9ae87ea-8a7e-45bd-b83a-7c9eec713feb,1790414,30a4a15e6e98df50eca117f198b0eadedf1ab9aa1b8c038b533b814eeed647e7
Wilt_1021_166.jpg,d9ae87ea-8a7e-45bd-b83a-7c9eec713feb,1784189,4cb34d240fbe7f065dedf8279b3dcbf1989bb4521d1e82598f6d10ffbddbc1c2
Wilt_1021_167.jpg,d9ae87ea-8a7e-45bd-b83a-7c9eec713feb,1677138,fb8b53bd9968a6cb931c5122cfc45d9c381dccaf50ffb0c9bb7d8b790640d370
Wilt_1021_168.jpg,d9ae87ea-8a7e-45bd-b83a-7c9eec713feb,1285802,cd49ebf889f05a2e90c7d481959019d182b1896cebbe270ac33e9c571fe4e118
Wilt_1021_169.jpg,d9ae87ea-8a7e-45bd-b83a-7c9eec713feb,1680377,62465768f6cc5d2b28d9919324c902631bdda3863b325a56ddd48dd59c6bd222
Wilt_1021_170.jpg,d9ae87ea-8a7e-45bd-b83a-7c9eec713feb,1130252,41eef77164c3bd3d72dca79951bf10cb80840db37042f748e4c3262b86ae3f86
Wilt_1021_171.jpg,d9ae87ea-8a7e-45bd-b83a-7c9eec713feb,1584149,65800416c81cff6d68eb299990bda7364c0f2bec098a1a07ee3122d76c0dab99
Wilt_1021_172.jpg,d9ae87ea-8a7e-45bd-b83a-7c9eec713feb,1254183,be869de6f7aa2b3d66741463228165d258a861dc29143f7a94623e3d5600a1cf
Wilt_1021_173.jpg,d9ae87ea-8a7e-45bd-b83a-7c9eec713feb,1714926,3e040e7fb8e1950dcfa758fe909c719d79c8a1602161393143dce624bd18714b
Wilt_1021_174.jpg,d9ae87ea-8a7e-45bd-b83a-7c9eec713feb,2099645,8d9fb33df36b656bb3758b6c3ece0723df32d77599e99cddd7468e546a332c41
Wilt_1021_175.jpg,d9ae87ea-8a7e-45bd-b83a-7c9eec713feb,1988090,6b250985c372932113063c4eaa817c40a5c22ea62244bba59b9b603d63cd5948
Wilt_1112_001.jpg,d9ae87ea-8a7e-45bd-b83a-7c9eec713feb,1123137,091008c907266d4d25c257635f193a109ba0518309d3630b6b3310270a7d6dd9
Wilt_1112_002.jpg,d9ae87ea-8a7e-45bd-b83a-7c9eec713feb,1035372,dc4410a1cad7289c59c21ac474f038444d9b84210d99d9e4b0ef6efd843ea2c0
Wilt_1112_003.jpg,d9ae87ea-8a7e-45bd-b83a-7c9eec713feb,1669463,df17e29474380e10ec965ba81053af32d1c24ebe9c5af52fdc36001c14b80a1e
Wilt_1112_004.jpg,d9ae87ea-8a7e-45bd-b83a-7c9eec713feb,1450713,9b5b8fd19e0af8f2b0325a4ec5ced8ca53c634ef1ed7bebf54e3d9b10563e6a9
Wilt_1112_005.jpg,d9ae87ea-8a7e-45bd-b83a-7c9eec713feb,1410623,e8c915848f8e7beef8cfb00f513acaed089f9871075bf70bb1d4cee17623d3c5
Wilt_1112_006.jpg,d9ae87ea-8a7e-45bd-b83a-7c9eec713feb,1823391,d5a8173cb1a4a297d3e672caf110775723da0749717ec94cfe6947192756d15a
Wilt_1112_007.jpg,d9ae87ea-8a7e-45bd-b83a-7c9eec713feb,1642725,a8c087ca6c1dadddc3334e090af6d2e781227839380027dcc4c271c52a171d96
Wilt_1112_008.jpg,d9ae87ea-8a7e-45bd-b83a-7c9eec713feb,1734247,9a67b05c37e30056c5fb6c2e26c20820fd49d0f0b3a44588fd304d82583ba2f3
Wilt_1112_009.jpg,d9ae87ea-8a7e-45bd-b83a-7c9eec713feb,1394544,4739408c6bc3425770378683cb7eb5bda7530a92536ccee071f8976a62e81561
Wilt_1112_010.jpg,d9ae87ea-8a7e-45bd-b83a-7c9eec713feb,1329822,9187ae44c2b78866d05c220137f0af3bdab8e9d531651fd9cfbd82b8a0aedf31
Wilt_1112_011.jpg,d9ae87ea-8a7e-45bd-b83a-7c9eec713feb,2028395,4c69527afa095f0e27c65cdc77c239d6c274f979ad27d457996cc755fc71b036
Wilt_1112_012.jpg,d9ae87ea-8a7e-45bd-b83a-7c9eec713feb,1049139,92fae0f80680f264d11913cdd49e9770bf8658cd7f1d9746c21817c98a59c2ac
Wilt_1112_013.jpg,d9ae87ea-8a7e-45bd-b83a-7c9eec713feb,922286,6f3067992730eac557c7e9230042d1f78a8fe6702b0f02506906917a59477931
Wilt_1112_014.jpg,d9ae87ea-8a7e-45bd-b83a-7c9eec713feb,1230425,a0599cc8ec2fc55ea8ed9d8f2446e2ea22ab77c8771f37d42a22186a3aaf4b56
Wilt_1112_015.jpg,d9ae87ea-8a7e-45bd-b83a-7c9eec713feb,1309163,71c436125a671c9b341ded4046793e8b7bc18baf18f7ee0ff511ea084d4089e6
Wilt_1112_016.jpg,d9ae87ea-8a7e-45bd-b83a-7c9eec713feb,1277403,01feec9cc4781bb4d93d887a0bfa35801a820cb01774b6dcdcd9024356181790
Wilt_1112_017.jpg,d9ae87ea-8a7e-45bd-b83a-7c9eec713feb,1271902,5e16f702be95e41f55404a71e2d61f96cf42a5554ed4594f69b486bcc42c334f
Wilt_1112_018.jpg,d9ae87ea-8a7e-45bd-b83a-7c9eec713feb,1471171,5bdb1f3de94e30acc29bee3a1529ffbd68ceef59cd583a20a872022d71a2a6cd
Wilt_1112_019.jpg,d9ae87ea-8a7e-45bd-b83a-7c9eec713feb,1816429,ed14f20e88dee41d414090ec27de85923689e80cc2bb60de52a845c5b0a8734c
Wilt_1112_020.jpg,d9ae87ea-8a7e-45bd-b83a-7c9eec713feb,1337011,a59b156eaecf8ba321ce1b6f7253dc5c1a9b2534003c60f2779f4f8820fad9c4
Wilt_1112_021.jpg,d9ae87ea-8a7e-45bd-b83a-7c9eec713feb,1077707,e22b24b56712a3c9cf37e3b9e0e731a380f801acaa7c9b2a8153493831c5590b
Wilt_1112_022.jpg,d9ae87ea-8a7e-45bd-b83a-7c9eec713feb,2166064,700bfc9d3e6da7b9d2e1cb310dc959d29c96e4f7dcbb185bad246249b00b9098
Wilt_1112_023.jpg,d9ae87ea-8a7e-45bd-b83a-7c9eec713feb,2142940,c3e44780c009b9a63303c29ea00884daa07bb723611102ff3fd425cad4f5e730
Wilt_1112_024.jpg,d9ae87ea-8a7e-45bd-b83a-7c9eec713feb,1259526,fe6ac1f03534651e75870d3dc12724d79a72c7f5a456ee25df8ecf1fcce7dbb4
Wilt_1112_025.jpg,d9ae87ea-8a7e-45bd-b83a-7c9eec713feb,1612935,69690bd407ce1cbdbea3e7b42acfdb6671d34380156052b78611b69dbb6c333a
Wilt_1112_026.jpg,d9ae87ea-8a7e-45bd-b83a-7c9eec713feb,2019484,3d9dbe49fd2c9308cef4f90701dae6433f8d58ce1a3fd9961f2af5d05640a47e
Wilt_1112_027.jpg,d9ae87ea-8a7e-45bd-b83a-7c9eec713feb,1162826,d03dcad97a1b0ec518a29d41a9ec1dda102b8f3a6810990a4add809642e98e15
Wilt_1112_028.jpg,d9ae87ea-8a7e-45bd-b83a-7c9eec713feb,1743088,207dcfa1ff8bb20063224c3865d7ec8bf99b3a7f2892bb62b7beee9cda29ec28
Wilt_1112_029.jpg,d9ae87ea-8a7e-45bd-b83a-7c9eec713feb,2096807,32f65f7467fb2d3a65ccf33a6b7571795773f959dcd955507b1dba7215e7c14e
Wilt_1112_030.jpg,d9ae87ea-8a7e-45bd-b83a-7c9eec713feb,1150541,f6ed4d035c9aeca2ce43fc7d9d54d412b5bc71289b346354de0cd513c813c164
Wilt_1112_031.jpg,d9ae87ea-8a7e-45bd-b83a-7c9eec713feb,1417229,ec57066a713c89f9e7889a8712e63e9ca972719c77f683f349695b6a9610fbaf
Wilt_1112_032.jpg,d9ae87ea-8a7e-45bd-b83a-7c9eec713feb,1093636,26ae1cda913d9606cad0f8595c511a51199824a8baa058d0c7333f2eaab3f93b
Wilt_1112_033.jpg,d9ae87ea-8a7e-45bd-b83a-7c9eec713feb,1794723,e3fa33da5755798940f5fdc5f96ef895284ef414b965a234ebd226c68b39200d
Wilt_1112_034.jpg,d9ae87ea-8a7e-45bd-b83a-7c9eec713feb,1373339,043ee2fec1e6b99675a8bc36d2b7963669010adb665e2063faf7eb7d10f7193e
Wilt_1112_035.jpg,d9ae87ea-8a7e-45bd-b83a-7c9eec713feb,1682620,d821d0fd81cc2f103001a55b723ce2542edc86b5b5975fba54137f4e56557489
Wilt_1112_036.jpg,d9ae87ea-8a7e-45bd-b83a-7c9eec713feb,1261424,fa371ef1db76f52904d735872544ad271b6696f09c39dbd88a4a484c3c2ad15d
Wilt_1112_037.jpg,d9ae87ea-8a7e-45bd-b83a-7c9eec713feb,1697361,26adeb233bfe7790dcb078d7cd9418141f2839d65c79f617302c3b6677d690cc
Wilt_1112_038.jpg,d9ae87ea-8a7e-45bd-b83a-7c9eec713feb,1780475,8b6cd8c2f8778b81f33d7c4bd1beaf1d45079e57e65abff8c7eb56e934698164
Wilt_1112_039.jpg,d9ae87ea-8a7e-45bd-b83a-7c9eec713feb,1430856,bb04c81b7f3138663810aacbb225dd51b19353ca12170d261a383083e711ca87
Wilt_1112_040.jpg,d9ae87ea-8a7e-45bd-b83a-7c9eec713feb,1575947,f32908445f4feba064b612d26360c20bb689c02f5a1d21209a1a1961f3492c58
Wilt_1112_041.jpg,d9ae87ea-8a7e-45bd-b83a-7c9eec713feb,1556960,08b25c5022d46784be55adb1f027fed6cbdb0b13be94624409635eeb9bf9cd36
Wilt_1112_042.jpg,d9ae87ea-8a7e-45bd-b83a-7c9eec713feb,1199771,c23a513077815c82a47be6d69db5689e177bbaa4b05122b8e4d720707758b4f8
Wilt_1112_043.jpg,d9ae87ea-8a7e-45bd-b83a-7c9eec713feb,1607437,3c2441b16cb468f1efff970fa5b98748eb1f6a99147369f492c70761e468febf
Wilt_1112_044.jpg,d9ae87ea-8a7e-45bd-b83a-7c9eec713feb,1198808,f7002d6933b2d10d2b1541e35161038c508308d9df909e269b331ac719f75340
Wilt_1112_045.jpg,d9ae87ea-8a7e-45bd-b83a-7c9eec713feb,1632738,1647faffccfaee198938a7b7f24f8fbf06531753ea73d23aeff4f9954cdc5f55
Wilt_1112_046.jpg,d9ae87ea-8a7e-45bd-b83a-7c9eec713feb,1518500,74e20639f99deb3ebdf99f7fb1afdba45647570a3ab4ace4bac80f2ca4d27323
Wilt_1112_047.jpg,d9ae87ea-8a7e-45bd-b83a-7c9eec713feb,1744537,0adf5dcec8e1f4a46bb592954779630160c7544b9ca6a1e6a988b3be4d6c7ba4
Wilt_1112_048.jpg,d9ae87ea-8a7e-45bd-b83a-7c9eec713feb,1444952,076a51aa0ea968b97a3d66c0bf198791f7036e5971c5b41ca884c3ebb44e480d
Wilt_1112_049.jpg,d9ae87ea-8a7e-45bd-b83a-7c9eec713feb,2275155,eabf8587846cb0da49c1a3c8a04dc52d438bb5eda8247a88fc0f433b3346b856
Wilt_1112_050.jpg,d9ae87ea-8a7e-45bd-b83a-7c9eec713feb,2070518,70b2115e4229b171950c8fdf2813647c5eae889bfedca0ec504fbc5f02f3ee52
Wilt_1112_051.jpg,d9ae87ea-8a7e-45bd-b83a-7c9eec713feb,1308020,6c02f0b09865575d373f025392586148d4c895854f96b5163c63a68d8a4d8563
Wilt_1112_052.jpg,d9ae87ea-8a7e-45bd-b83a-7c9eec713feb,1319455,b6329f547b919afaaf1a09f67fd931f782a4bf6a25085a9ad5504669e564f895
Wilt_1112_053.jpg,d9ae87ea-8a7e-45bd-b83a-7c9eec713feb,1994103,aab3421b3071d03b2ed8559df5003825758d4479378f04cfc3d077db354bd5a0
Wilt_1112_054.jpg,d9ae87ea-8a7e-45bd-b83a-7c9eec713feb,1924624,93036075c7382a647fad97c4db50fba788926c8a45ae0d7e4773e1a40af3e7ba
Wilt_1112_055.jpg,d9ae87ea-8a7e-45bd-b83a-7c9eec713feb,1236432,08e063b2ff1783fe58ddd99648f2913bfa6b6d767eae5fdfc2f995097c2af6da
Wilt_1112_056.jpg,d9ae87ea-8a7e-45bd-b83a-7c9eec713feb,1141302,d04c4999bd8af07b07bc507221d6b5ea37fd313ee81b4cfb5dded93b13c3a36c
Wilt_1112_057.jpg,d9ae87ea-8a7e-45bd-b83a-7c9eec713feb,1395319,4a2e4dec7538eab0a1b9bdf53bda0402de182e538506ff0b9064b847c9e29987
Wilt_1112_058.jpg,d9ae87ea-8a7e-45bd-b83a-7c9eec713feb,1489577,812b088269482d2b82d4fc885fb894f02e68e06950a70d26ffe2990d38294c5d
Wilt_1112_059.jpg,d9ae87ea-8a7e-45bd-b83a-7c9eec713feb,1393995,89ca6df8ea159e6d6bfee352598729b5df950121695adf65c6726a8ba8778c74
Wilt_1112_060.jpg,d9ae87ea-8a7e-45bd-b83a-7c9eec713feb,1027833,bbf63408afe8dca3ef4b8fc524559ac326d0bec479f9823689207dc5d0481d6f
Wilt_1112_061.jpg,d9ae87ea-8a7e-45bd-b83a-7c9eec713feb,1382080,5a9564869db71f7b391b6e3464da8bab52e58fabf1a606c7a972f663e6e08dc0
Wilt_1112_062.jpg,d9ae87ea-8a7e-45bd-b83a-7c9eec713feb,1845852,2b79ede170db6ef94ab088a00831de3effd01605815665980b29c7b0f9f326e2
Wilt_1112_063.jpg,d9ae87ea-8a7e-45bd-b83a-7c9eec713feb,2041430,afa41296c2a02ac5480719fb713df8516ef6d4ce3448939e805e30ad94cf0b76
Wilt_1112_064.jpg,d9ae87ea-8a7e-45bd-b83a-7c9eec713feb,1916559,a25136ccf184f322965fc00a39211c16c505758ea5a72bf6009b23c430d4ce76
Wilt_1112_065.jpg,d9ae87ea-8a7e-45bd-b83a-7c9eec713feb,1109420,f3a49a9ecd0fe698fb6d2e021f576a1f5e419c5ab896b0e50bc31576ea4e9a5f
Wilt_1112_066.jpg,d9ae87ea-8a7e-45bd-b83a-7c9eec713feb,1466272,dc61eee06dcbb51e20d9d5761aa58bf50fa6f62bdf1c272d53ecc1479c805d1a
Wilt_1112_067.jpg,d9ae87ea-8a7e-45bd-b83a-7c9eec713feb,1162797,ef1c6d072d7b0ad7bc0f9b2f83e2796797616f529862b67b32f962c5147606f2
Wilt_1112_068.jpg,d9ae87ea-8a7e-45bd-b83a-7c9eec713feb,1392627,d7831efabf9c4e57e6ebd461c9b5bc1e29d8b82451d6ac908a5ebeffd01ae482
Wilt_1112_069.jpg,d9ae87ea-8a7e-45bd-b83a-7c9eec713feb,1312621,df41968004f030f84e5f6d0b81617988e396cef4904cd7cb4501364b9e4f7e91
Wilt_1112_070.jpg,d9ae87ea-8a7e-45bd-b83a-7c9eec713feb,1631428,69e48aebe4fb97870a06f2c90703751caf1e273bb691b80feaf2d2e3233199b1
Wilt_1112_071.jpg,d9ae87ea-8a7e-45bd-b83a-7c9eec713feb,1408340,c0bccf28af0a8909e06c11530ec335b771520cb96f2cc21ceafd0d9836edaa2a
Wilt_1112_072.jpg,d9ae87ea-8a7e-45bd-b83a-7c9eec713feb,1816253,43e059d7a3c66c9457299aa77d1f09722935c5da632b6212430561f1fcf4f6df
Wilt_1112_073.jpg,d9ae87ea-8a7e-45bd-b83a-7c9eec713feb,1081576,44b899deda77148838c7aad467bebe4f91876ef447e2a76f276db00052fa8154
Wilt_1112_074.jpg,d9ae87ea-8a7e-45bd-b83a-7c9eec713feb,1523246,ca0510c1c219dff6c61099d2d50b5dfa56e1488a3c6829750c979a6e613f5edf
Wilt_1112_075.jpg,d9ae87ea-8a7e-45bd-b83a-7c9eec713feb,1225637,99e89e62bd9d95d030a0401ddef94ad20826cf5d385c0f46e9ba018a962fc295
Wilt_1112_076.jpg,d9ae87ea-8a7e-45bd-b83a-7c9eec713feb,1380262,8e225238965ce4941e6a0794ae07da58216053a0d90874e0b27af1faf67a2269
Wilt_1112_077.jpg,d9ae87ea-8a7e-45bd-b83a-7c9eec713feb,1182811,610f497f0529e47bc2ea59765335b82f5bd0ab77471a0fbb7e1ae4a1f7311457
Wilt_1112_078.jpg,d9ae87ea-8a7e-45bd-b83a-7c9eec713feb,1663469,1a4bf3b297290d3a01e08b0aeaeb7579f49079d0e92cede51d17acd9a97a8a46
Wilt_1112_079.jpg,d9ae87ea-8a7e-45bd-b83a-7c9eec713feb,1974315,7ce8558d63f41b0fb3e92148f7619c1115e2cb0c5f692c9a1e10224475c5fb2c
Wilt_1112_080.jpg,d9ae87ea-8a7e-45bd-b83a-7c9eec713feb,1439298,8dc6bfcff7e654d6d9c35106e320b6bc3efa091fd43a1c88f17a8e2e6b85593c
Wilt_1112_081.jpg,d9ae87ea-8a7e-45bd-b83a-7c9eec713feb,1343695,3cc6216b70d6561828b7792b397e58bac8053376ce0bb6dd035a7b0997723418
Wilt_1112_082.jpg,d9ae87ea-8a7e-45bd-b83a-7c9eec713feb,1482061,0ba2fe93c3fabcd45ba073a65806bf383cd8e17dcfd2dee9df1d08020b0f94b1
Wilt_1112_083.jpg,d9ae87ea-8a7e-45bd-b83a-7c9eec713feb,1513529,c8f8fdf56716572595a103cdc39874b14f2d7721a21eceefe7e66531e5db4fb2
Wilt_1112_084.jpg,d9ae87ea-8a7e-45bd-b83a-7c9eec713feb,1058760,78bf36a9c8eb99a51adc8289a0ac0be6c693c3c01a9824d3cc4537a0968474a1
Wilt_1112_085.jpg,d9ae87ea-8a7e-45bd-b83a-7c9eec713feb,1181234,ba92b658f306dc03967bfe11362b0adc482f61b1b424b98b3b2bc2aa48a4af89
Wilt_1112_086.jpg,d9ae87ea-8a7e-45bd-b83a-7c9eec713feb,1464607,d5d974eedb93be6d279deb873222eddd9090e7e1a55215c45a75b192d27d3f67
Wilt_1112_087.jpg,d9ae87ea-8a7e-45bd-b83a-7c9eec713feb,1395338,abf32c846fe88dd2e60c1af96cd69df182e2a08d4b0cd949467e806444951fb5
Wilt_1112_088.jpg,d9ae87ea-8a7e-45bd-b83a-7c9eec713feb,1502764,60f0ed2509533df384ab7dd1ff08dbacb612d9977c53fbecee3ac3d764f942ea
Wilt_1112_089.jpg,d9ae87ea-8a7e-45bd-b83a-7c9eec713feb,1009874,6ed5c3a717d7a5af524893de7223342c2377a7b85a7bbf9b7c2f1306dc181962
Wilt_1112_090.jpg,d9ae87ea-8a7e-45bd-b83a-7c9eec713feb,1524456,afc48eced26c75b7723a6f7662bd50ac1ab86762554672483c18783cf1137012
Wilt_1112_091.jpg,d9ae87ea-8a7e-45bd-b83a-7c9eec713feb,1317486,9bfd2ba20b23d7928137e8917a82d26e5d1e5fb2ab10e99a29cdc57fdafe5401
Wilt_1112_092.jpg,d9ae87ea-8a7e-45bd-b83a-7c9eec713feb,1230420,6549e5dad4d27652498dfc41aa5cfec6f846152a62cc6ce306ad69b926c4dd71
Wilt_1112_093.jpg,d9ae87ea-8a7e-45bd-b83a-7c9eec713feb,1504035,46160da699dff58ea78ac2577512ceaa51ed5fe912df497779779cb2e4682146
Wilt_1112_094.jpg,d9ae87ea-8a7e-45bd-b83a-7c9eec713feb,1646631,10aa29cc27b14d854a4fd003f0753ca0ae651d0c612d4ffe282e8fffc52aee84
Wilt_1112_095.jpg,d9ae87ea-8a7e-45bd-b83a-7c9eec713feb,1184056,92bd9e41436b1eb948da3c9cc3089fe061a4ee515876aa98b684c7213272d6f4
Wilt_1112_096.jpg,d9ae87ea-8a7e-45bd-b83a-7c9eec713feb,1113183,eeed3ce1c87ff97e3dd5ef94c3031788e5201ef2c2d641b63fbcf6b5d949aa29
Wilt_1112_097.jpg,d9ae87ea-8a7e-45bd-b83a-7c9eec713feb,1879591,097385c35baf97ce8c525fec425c5d1bcf4a76420be0fd708755c5d31ae8a1ee
Wilt_1112_098.jpg,d9ae87ea-8a7e-45bd-b83a-7c9eec713feb,1135049,f5e9aba86e70adc737bc0687f69bf19ed0ffe25dc1438033c8d96c0c917be0ce
Wilt_1112_099.jpg,d9ae87ea-8a7e-45bd-b83a-7c9eec713feb,1139182,e6f87ef9620f92e867971a5fce769ed059b0461a5fa5897c382a6985c932878d
Wilt_1112_100.jpg,d9ae87ea-8a7e-45bd-b83a-7c9eec713feb,1571425,1cf0713141fbc28209c6c0dd6bdd7be611fcfc6a9ab2cf2ae8945809b2fa17a8
Wilt_1112_101.jpg,d9ae87ea-8a7e-45bd-b83a-7c9eec713feb,1479208,6a96bc8f2a382019467811872156e882e057edda722cf61a19222ca7ac12a3f6
Wilt_1112_102.jpg,d9ae87ea-8a7e-45bd-b83a-7c9eec713feb,1522153,2b49c783951bb8b9d6de6caa4ce9715fc5594ba33ea533d754da0e051dd82b1b
Wilt_1112_103.jpg,d9ae87ea-8a7e-45bd-b83a-7c9eec713feb,1385462,eeb039f7649f32aea8fd24266f20982dbc75e2c6d4f2da9d14be3d1d8eb6250a
Wilt_1112_104.jpg,d9ae87ea-8a7e-45bd-b83a-7c9eec713feb,1207184,8e44c84a6d2d3d17b5fccdef98e0ec3eec8d84d5c0bf4e67c0bb8a600c3eb0b7
Wilt_1112_105.jpg,d9ae87ea-8a7e-45bd-b83a-7c9eec713feb,1117432,1b4a4e58cb2345ac66c14ff3f371cf5183b102dc7e95fef559af24cea2833754
Wilt_1112_106.jpg,d9ae87ea-8a7e-45bd-b83a-7c9eec713feb,1449265,98a62dd5036cf3a78f6efe9344f54003fdaf9681cf8e675fdcdbc144aec054c5
Wilt_1112_107.jpg,d9ae87ea-8a7e-45bd-b83a-7c9eec713feb,1293800,cfcf0f93a09c46730118ea46566f4164772c863891352d020cd69cd47b4901a2
Wilt_1112_108.jpg,d9ae87ea-8a7e-45bd-b83a-7c9eec713feb,1069115,62d3aa425a5742e4cfafe145fb69ad1512df62bb48f8adaf081d2f3383d8491a
Wilt_1112_109.jpg,d9ae87ea-8a7e-45bd-b83a-7c9eec713feb,1533222,f179898e940f272e8a862d3c25f67e735cd9da92e2698a62a16a70cb405ff004
Wilt_1112_110.jpg,d9ae87ea-8a7e-45bd-b83a-7c9eec713feb,1036223,fdd42830cb34d312968215caeef013503eb4f088d2cfcbaf08b20cafe25bfe3f
Wilt_1112_111.jpg,d9ae87ea-8a7e-45bd-b83a-7c9eec713feb,1666486,0a859a5fffee6f05cfc68ff4427cd774bb4a9d847e44d354219da3e455c31df9
Wilt_1112_112.jpg,d9ae87ea-8a7e-45bd-b83a-7c9eec713feb,1598407,6a5090fb8eae161dd106e98f22ba2377117d6926b0044a0450f14433b55fefcb
Wilt_1112_113.jpg,d9ae87ea-8a7e-45bd-b83a-7c9eec713feb,1055481,a7601b23a4f497d8e81fea5d3dcb5b2d22caf2fe7e3f81b1a3677b1c09320d7c
Wilt_1112_114.jpg,d9ae87ea-8a7e-45bd-b83a-7c9eec713feb,1125024,fd2627389a5ee526c6c08198372aac02ce4985b26dc4ab643cb44af4a07b9197
Wilt_1112_115.jpg,d9ae87ea-8a7e-45bd-b83a-7c9eec713feb,1265228,7ab469418c9b9ed4bb2d9b3465b7ff08d13f9c11eea0788a2aa0dce01e6122b9
Wilt_1112_116.jpg,d9ae87ea-8a7e-45bd-b83a-7c9eec713feb,1462623,61a266ad76e9695ca91e95c37ec12b94d2919db4345ca6c2a34f60b323072673
Wilt_1112_117.jpg,d9ae87ea-8a7e-45bd-b83a-7c9eec713feb,1108591,19cbb8395b6f06e55573749aef9a0dafb4cbd3a536fd74d8180536d8457edac3
Wilt_1112_118.jpg,d9ae87ea-8a7e-45bd-b83a-7c9eec713feb,1470823,92b435c96f792ae8acc5531c92de4abce9c0dac46e2a972646bedb671638adbc
Wilt_1112_119.jpg,d9ae87ea-8a7e-45bd-b83a-7c9eec713feb,1345919,4cb9d6a2a2acb3fca5adaa6377bf9cf1f54b38c9e78025c74bc7dd1fa606c0a3
Wilt_1112_120.jpg,d9ae87ea-8a7e-45bd-b83a-7c9eec713feb,1672695,063006d2a2a1087e03d6b8bc151d4bce154846b9fb7448bcd316ebcdc1d2a061
Wilt_1112_121.jpg,d9ae87ea-8a7e-45bd-b83a-7c9eec713feb,1405623,bd9842f126abce68dc10de47518d5a03bfdbb51e4f82a8a8a10f9393f76fdd8d
Wilt_1112_122.jpg,d9ae87ea-8a7e-45bd-b83a-7c9eec713feb,1393220,895ab17edd6ad49c41e00268df0c185d037b6cab438ad4becd42001b5d1b40b3
Wilt_1112_123.jpg,d9ae87ea-8a7e-45bd-b83a-7c9eec713feb,1308004,606f7ce057c56a82f4f5c2fc2d2f8995cc19cef797e0db2c59dabb5bec4a6fc9
Wilt_1112_124.jpg,d9ae87ea-8a7e-45bd-b83a-7c9eec713feb,1549371,2aa2056aae230d52f69c58d0a4d27b754d6b0d0a228aa05e744fd55a649fbf4c
Wilt_1112_125.jpg,d9ae87ea-8a7e-45bd-b83a-7c9eec713feb,1494489,f232e10df3c0c9ecd19f310318ef65b1e3b6db599fcb9acec6f699839216c7a2
Wilt_1112_126.jpg,d9ae87ea-8a7e-45bd-b83a-7c9eec713feb,1338457,385ed9e839be7438f132d85192cbce8ef9d24c587992aae2963b790672bae478
Wilt_1112_127.jpg,d9ae87ea-8a7e-45bd-b83a-7c9eec713feb,1433318,b6ba9ea23d8d812b3881b3506809d1cdd9971ddd9d03d0df3ee1037acf6850e2
Wilt_1112_128.jpg,d9ae87ea-8a7e-45bd-b83a-7c9eec713feb,1465762,e31f73cd1e2f6f6254895309da97133f431d6054cb28e658949d5c42a1fd30ad
Wilt_1112_129.jpg,d9ae87ea-8a7e-45bd-b83a-7c9eec713feb,1726917,a98085063d6de916f663428fbeaff98cadc6b8a67330fbec330497f45c061e78
Wilt_1112_130.jpg,d9ae87ea-8a7e-45bd-b83a-7c9eec713feb,1646434,181938faf8c02e56be133d243d205894f5ac59580e14a4d46a29ffb6f2103134
Wilt_1112_131.jpg,d9ae87ea-8a7e-45bd-b83a-7c9eec713feb,1643305,32e2fba414f58c03fff34bab000a7a8e8290d2bb3d3b228881b3a1c405f54499
Wilt_1112_132.jpg,d9ae87ea-8a7e-45bd-b83a-7c9eec713feb,1425346,e407541733d668dd99e7cb7d9616472ecd665b5640f35fcb8a663998376acfcb
Wilt_1112_133.jpg,d9ae87ea-8a7e-45bd-b83a-7c9eec713feb,1525459,c982db2e9aca0c2efa61e86c9b76c76d101e722b99c0538dc0036befc9d96b00
Wilt_1112_134.jpg,d9ae87ea-8a7e-45bd-b83a-7c9eec713feb,1475767,fefb3f922d8373c2ba36fcbd0d3990c7518f2a9efb62c20bd8d9b22418cab970
Wilt_1112_135.jpg,d9ae87ea-8a7e-45bd-b83a-7c9eec713feb,1688505,1304cdd230aa643eb442e02ef57e2768d08d5d77267fff10fb97a3856660cd6a
Wilt_1112_136.jpg,d9ae87ea-8a7e-45bd-b83a-7c9eec713feb,1785210,baf16b327494cb89744c7f56131005106081b335bdee3e23aed5e9072d8260aa
Wilt_1112_137.jpg,d9ae87ea-8a7e-45bd-b83a-7c9eec713feb,1858178,f0e6d286ba584507b8f6a4ca001024d245b8f099775dd404b41d638d7aa13650
Wilt_1112_138.jpg,d9ae87ea-8a7e-45bd-b83a-7c9eec713feb,1906206,7619d8cd371c27be8c6c7ae0ce072c5b9745177bdc0dc25fdf62f8791765b7a0
Wilt_1112_139.jpg,d9ae87ea-8a7e-45bd-b83a-7c9eec713feb,2066693,e1a3976ca7236c14dadcf37ccdc6a0d161cc2fc74e3d2763eee1d142fc879975
Wilt_1112_140.jpg,d9ae87ea-8a7e-45bd-b83a-7c9eec713feb,1928906,05572d5e06f41d8e05f929d79cbe6f6bcc02c09796141587b963433010a9a698
Wilt_1112_141.jpg,d9ae87ea-8a7e-45bd-b83a-7c9eec713feb,1931422,8998e02db1d1972db5a2c931780489512810bd1a451186e34cdeda18ed4c80ea
Wilt_1112_142.jpg,d9ae87ea-8a7e-45bd-b83a-7c9eec713feb,1722003,20188b90c762fe9cd42aae8a1cbf1e2b1652f6f699b60335b81c10efca7e8370
Wilt_1112_143.jpg,d9ae87ea-8a7e-45bd-b83a-7c9eec713feb,1821634,4adee3ddbe78264ca46e405fe486d1168abc572772e5e67ce199860d927e6d2a
Wilt_1112_144.jpg,d9ae87ea-8a7e-45bd-b83a-7c9eec713feb,1432666,2362e45784e37cafe4dd4c47ba8d4d9a89c7d228c2f9597b65fd10c9a81d8fd3
Wilt_1112_145.jpg,d9ae87ea-8a7e-45bd-b83a-7c9eec713feb,2213838,e479909d9cf705f49261c549460597795b8e989346b26f1885283f374ea7ec69
Wilt_1112_146.jpg,d9ae87ea-8a7e-45bd-b83a-7c9eec713feb,1708620,b8171f4d041aad2fa0865747ede7d3bb57b85f9f57b23abbfff4a1d9683e00eb
Wilt_1112_147.jpg,d9ae87ea-8a7e-45bd-b83a-7c9eec713feb,1429208,5c91b23dd0274403e07310e7a66cf5304f2e6f9904c2c85f41e32e94ac9a77b3
Wilt_1112_148.jpg,d9ae87ea-8a7e-45bd-b83a-7c9eec713feb,1514842,d689bbed93864df04763dfa0ebc4f826269170ee9af841653a7d6d3aaaba25e4
Wilt_1112_149.jpg,d9ae87ea-8a7e-45bd-b83a-7c9eec713feb,1091107,527030d2c01b1650b79d38eefcc603c7208eda992da04ec497d4a989061d9835
Wilt_1112_150.jpg,d9ae87ea-8a7e-45bd-b83a-7c9eec713feb,1169378,6dd9f0b3e37290b285239589468b32acc8723ec79db1b435287988cc1117d9b4
Wilt_1112_151.jpg,d9ae87ea-8a7e-45bd-b83a-7c9eec713feb,1293590,27f7e56d5acc7b491ab3f918068c23991d6b41e6c55fbea55f450ff9913ccc86
Wilt_1112_152.jpg,d9ae87ea-8a7e-45bd-b83a-7c9eec713feb,1680152,d1a4301613dd27a254549777cd8fb4bb592ed121e17117195868d53231d853e3
Wilt_1112_153.jpg,d9ae87ea-8a7e-45bd-b83a-7c9eec713feb,1971040,bae890df7f79fd5c512ec21999dbce8806681bd3296dac0bca91c28fe2f6c370
Wilt_1112_154.jpg,d9ae87ea-8a7e-45bd-b83a-7c9eec713feb,1681387,5d1e130ecd0252798ebb4ef1e0ed61580fe59bff0757381f5c7e70952d5c3513
Wilt_1112_155.jpg,d9ae87ea-8a7e-45bd-b83a-7c9eec713feb,1795409,b7daa28b44f6a405b2e4f57ed9c7323322730ed552bd102bbe6d0cd43d9950b7
Wilt_1112_156.jpg,d9ae87ea-8a7e-45bd-b83a-7c9eec713feb,1359890,ddc454a5ff54df86253f911cdd506da7d018d079d5f2934900b6094d65ff0fdd
Wilt_1112_157.jpg,d9ae87ea-8a7e-45bd-b83a-7c9eec713feb,1446879,beb6c30b1fab6c85ec7b1d4911fc5fa98e74eddef9b3bee6158a9dcd2e523435
Wilt_1112_158.jpg,d9ae87ea-8a7e-45bd-b83a-7c9eec713feb,1743354,a33d071559099d2b510bbc81938f481a273a332730cd44fa59e79669dddfa521
Wilt_1112_159.jpg,d9ae87ea-8a7e-45bd-b83a-7c9eec713feb,1571486,be7232b2ba95dc1ab43fb544b63d10d264e5f120e3d95b3476071c2d64ce3860
Wilt_1112_160.jpg,d9ae87ea-8a7e-45bd-b83a-7c9eec713feb,1319026,4fe9723a8d94b8aae108133954f14ef318a6297d9f6ba2b0c51280cc21dba697
Wilt_1112_161.jpg,d9ae87ea-8a7e-45bd-b83a-7c9eec713feb,1904967,8d47dcc5ca5728c58b9731cd35d06bec0ded2b309a16b0460445c0a4c955aa63
Wilt_1112_162.jpg,d9ae87ea-8a7e-45bd-b83a-7c9eec713feb,1745011,f479b98bc6a4075fe00565ba4d38b3403b9aba49dc29bbc42468b5372e4cf906
Wilt_1112_163.jpg,d9ae87ea-8a7e-45bd-b83a-7c9eec713feb,1266520,61ccf086c5989f09f1e1e3297689298bee23e63ff39d93a9caeb9ad5a8a65c00
Wilt_1112_164.jpg,d9ae87ea-8a7e-45bd-b83a-7c9eec713feb,1674444,92ff2a2f66ee8c2df1896be21640bd463b367a0bac2f5abd08f8898f0782aec5
Wilt_1112_165.jpg,d9ae87ea-8a7e-45bd-b83a-7c9eec713feb,1923724,855e89608ba9f4210156b65d1245fc14f4b00748fd38c8a3d23cd6945634cff4
Wilt_1112_166.jpg,d9ae87ea-8a7e-45bd-b83a-7c9eec713feb,2065456,1720bee1b016da347d58da1984ee281585efe330d6356630c8c024065e29c290
Wilt_1112_167.jpg,d9ae87ea-8a7e-45bd-b83a-7c9eec713feb,1604633,816487e46810557c679ef19d9d2918a6f659dbd87bbe95f34bbb50c8818633aa
Wilt_1112_168.jpg,d9ae87ea-8a7e-45bd-b83a-7c9eec713feb,1653943,4ebda9f32797fc0546cdaa7045249bc952367dde9ff679324701fc3bb1e13b05
Wilt_1112_169.jpg,d9ae87ea-8a7e-45bd-b83a-7c9eec713feb,1600896,36febb279f7d4c01b240b9636dc689aff533acfe899e25eb5088869eb9063d04
Wilt_1112_170.jpg,d9ae87ea-8a7e-45bd-b83a-7c9eec713feb,932382,7c3b158ddec4eba4758fd8aafe2e4480638d77662f0a603b6afeea7628be0fa8
Wilt_1112_171.jpg,d9ae87ea-8a7e-45bd-b83a-7c9eec713feb,1708295,02069e9538489f3ce6553fcae7e11061ab4c7424c1a133400596efdf54bb9f59
Wilt_1112_172.jpg,d9ae87ea-8a7e-45bd-b83a-7c9eec713feb,1901960,5be6aab78e823327aa15384807d218b49283440fc821fd7fb93bbeba7b91f7a8
Wilt_1112_173.jpg,d9ae87ea-8a7e-45bd-b83a-7c9eec713feb,1375307,fd80bd4161b0ce159dd495d921fce7943d857353e66dadb652bd3b62e8c0d402
Wilt_1112_174.jpg,d9ae87ea-8a7e-45bd-b83a-7c9eec713feb,1707198,6a42d3c412beead852046eccfb9f5b4c7503191a45b19a497e43d0ae5d0d8f19
Wilt_1112_175.jpg,d9ae87ea-8a7e-45bd-b83a-7c9eec713feb,2260962,34e85e53dd1ed09090c836135e266dcf47d410a343cf62c5f8872ccc5600bc76
Wilt_1112_176.jpg,d9ae87ea-8a7e-45bd-b83a-7c9eec713feb,2203085,0bdfa5183e7e3da29f4b7a8d87dd3739d96cdd11478888d12c6628d3988e818d
Wilt_1112_177.jpg,d9ae87ea-8a7e-45bd-b83a-7c9eec713feb,1508882,f88962219617fd71a071d665bf5021d9b3a3655b14f65d5de8888f6469bfa05a
Wilt_1112_178.jpg,d9ae87ea-8a7e-45bd-b83a-7c9eec713feb,1601331,d5a1aa8dc14b5ad62fa320a8e0527fdfba89b7eb5126c9f42e2336f8e1839d71
Wilt_1112_179.jpg,d9ae87ea-8a7e-45bd-b83a-7c9eec713feb,1842586,ec90f4aa78869513287c1176f928210c3a014356ed2c040e7e5fb310cc6496b0
Wilt_1112_180.jpg,d9ae87ea-8a7e-45bd-b83a-7c9eec713feb,2106411,bc54d048e602149219858440f85f4a01cf648e46ea937931bdb4fbedcdbfa676
Wilt_1112_181.jpg,d9ae87ea-8a7e-45bd-b83a-7c9eec713feb,1271540,05620f75c4118c6651043ee340cb9ebe2261ab58286ad3582f94136518b3ccd9
Wilt_1112_182.jpg,d9ae87ea-8a7e-45bd-b83a-7c9eec713feb,1879229,b01b4577c24b2b4c1639d513de9da26972e1aad0daee0575edf544373757c443
Wilt_1112_183.jpg,d9ae87ea-8a7e-45bd-b83a-7c9eec713feb,1545016,219aae00395f9c41991d23388c97edb50da63df8e3ffe77425775ba7fb4f9f54
Wilt_1112_184.jpg,d9ae87ea-8a7e-45bd-b83a-7c9eec713feb,1658018,46a8b7b58b533b2e8ab9ad191a6011514ed40472a997c7b4e5a87a05ae0ab96c
Wilt_1112_185.jpg,d9ae87ea-8a7e-45bd-b83a-7c9eec713feb,1930775,a7691768b5036ae712ee8a6d1a7ee20c794c99b35fcc8904c809d1a2e23b9c6c
Wilt_1112_186.jpg,d9ae87ea-8a7e-45bd-b83a-7c9eec713feb,1595208,c79bc8d91acbacb1f19602e678b07324dc4e645bc1ffaa3908a045dfdf8edef4
Wilt_1112_187.jpg,d9ae87ea-8a7e-45bd-b83a-7c9eec713feb,2070248,068aed3ce84a772d3bb62dcea0e8a97b766982c45599fa3c34674a96c5b5de88
Wilt_1112_188.jpg,d9ae87ea-8a7e-45bd-b83a-7c9eec713feb,1064696,bd19aba7e3a5ff610c0b7c091ca7fdd2192f852d8c351b59a2ae6fa02d7098e0
Wilt_1112_189.jpg,d9ae87ea-8a7e-45bd-b83a-7c9eec713feb,1874476,12b548d5d1ed8d2a2afada7ec4b3336d1493d3db411d6b63e1ccdf6cbaaf7012
Wilt_1112_190.jpg,d9ae87ea-8a7e-45bd-b83a-7c9eec713feb,1731532,e6c573513c226b74d9473ad2d0afd7faa2092f90eefca2d156c468d8363a832d
Wilt_1112_191.jpg,d9ae87ea-8a7e-45bd-b83a-7c9eec713feb,1678933,342f908ef9dc310fb606cd90dc8e0a911113ab898eabf29fc7c8930c47132bb1
Wilt_1112_192.jpg,d9ae87ea-8a7e-45bd-b83a-7c9eec713feb,1691983,ba6d7518de460331641b2bbb19b48c0f22699f581330242f40979bf26ef09c10
Wilt_1112_193.jpg,d9ae87ea-8a7e-45bd-b83a-7c9eec713feb,1431462,02222f0b85abfea74266f19b11143215f783e4f336a42e095f48db519aefd1cd
Wilt_1112_194.jpg,d9ae87ea-8a7e-45bd-b83a-7c9eec713feb,2248061,547b0de2517236455f490cec25e4a9f72cb5974665cf48f76e32934c4558a295
Wilt_1112_195.jpg,d9ae87ea-8a7e-45bd-b83a-7c9eec713feb,2172808,f282b785887842dfcb588b6fd2204e5c8bba6e8ffe0fd83bf7ed9a993837248b
Wilt_1112_196.jpg,d9ae87ea-8a7e-45bd-b83a-7c9eec713feb,2124225,63bffd04607fa5a5d8b202533f5ad9a886b8d213ffdee5ea0fa36492e8dbe84a
Wilt_1112_197.jpg,d9ae87ea-8a7e-45bd-b83a-7c9eec713feb,1938800,adb815989e4c5ffff1df0b5790ef4ffc733423aa4d4b25f78cd4a421286f82d0
Wilt_1112_198.jpg,d9ae87ea-8a7e-45bd-b83a-7c9eec713feb,2223717,ff3c46379ab333f6cbabc4ee90c914270c01b17a3208d796d20bb72f871c2df9
Wilt_1112_199.jpg,d9ae87ea-8a7e-45bd-b83a-7c9eec713feb,2437858,d99247cc39da9a0cdc485ff8b2f1d36faa399542e07022277d4fdff3da962af0
Wilt_1112_200.jpg,d9ae87ea-8a7e-45bd-b83a-7c9eec713feb,1790899,ae225b9f876e46e6e5de855c4db22fe1654391d28b97a8f6f6ab1e6fde15ddd8
Wilt_1112_201.jpg,d9ae87ea-8a7e-45bd-b83a-7c9eec713feb,1902849,4eb70090773584cd2debbb0fd60b294f3fc30df90bcde6a5c1a27ba76abeff5e
Wilt_1112_202.jpg,d9ae87ea-8a7e-45bd-b83a-7c9eec713feb,1666486,ee21b35be338f7fa8f3f1d50caba6bc0c362baa4eab03acb9e0e98db0df71d27
Wilt_1112_203.jpg,d9ae87ea-8a7e-45bd-b83a-7c9eec713feb,2114689,a5554d2b1d6c895b87c6926358a2eaa4ca21f53771ccb361cb59d16258ff6bad
Wilt_1112_204.jpg,d9ae87ea-8a7e-45bd-b83a-7c9eec713feb,2175848,a95bdffbc81d4553e722ea2fc140cdb528b815c78f630b0cf8c0d5a7f14c7f47
Wilt_1112_205.jpg,d9ae87ea-8a7e-45bd-b83a-7c9eec713feb,2136286,d183581d8b8600756de062fcd96748981f4a5a915fc8bd92c634bc9b88080216
Wilt_1112_206.jpg,d9ae87ea-8a7e-45bd-b83a-7c9eec713feb,2620160,7268cdb17300dd1c9b775ebe6b56b6c6874061e6c46b432c411cf9c1cf8c9331
Wilt_1112_207.jpg,d9ae87ea-8a7e-45bd-b83a-7c9eec713feb,2589129,fca5bc43a3d3fa953e9179852e283d6f16c19274ca32036f93a75533a142bc71
Wilt_1112_208.jpg,d9ae87ea-8a7e-45bd-b83a-7c9eec713feb,2516111,a839879b4e01b6f349d154803db1f062f52fbefb697041dcc89df23aceb4c38e
Wilt_1112_209.jpg,d9ae87ea-8a7e-45bd-b83a-7c9eec713feb,2549851,f46d654ab82defc4c4a54dc8b7574a770aa276850a67bdafa76fb042acbcc948
Wilt_1112_210.jpg,d9ae87ea-8a7e-45bd-b83a-7c9eec713feb,1950271,f716b01d0ca76bd1142e10503a462d40c96f4e0f9841dd887e5aa718eaa052c6
Wilt_1112_211.jpg,d9ae87ea-8a7e-45bd-b83a-7c9eec713feb,2212960,c25b15df824a49180cd86b73fd39b249201e2b4b8d093988fcb8b5512f24269c
Wilt_1112_212.jpg,d9ae87ea-8a7e-45bd-b83a-7c9eec713feb,2243465,dcb29d95b2d58a968d8febd225662b1ba670d13e761ab927b8968a83107659c4
Wilt_1112_213.jpg,d9ae87ea-8a7e-45bd-b83a-7c9eec713feb,2029530,4e82098a52f14ec3bd23b74130291fe43b98e89e58b559a49424e7cc6309e8a7
Wilt_1112_214.jpg,d9ae87ea-8a7e-45bd-b83a-7c9eec713feb,1565416,c43fb2621f78e3dd4e76ab4d2672aee322d0daca6de5921ecb1e1af6905fad47
Wilt_1112_215.jpg,d9ae87ea-8a7e-45bd-b83a-7c9eec713feb,1863437,0c0ec3b2284a57ab77ab99ff98e69f720c684e05415aaf763b1d652ec0690b11
Wilt_1112_216.jpg,d9ae87ea-8a7e-45bd-b83a-7c9eec713feb,1571945,6865c22cc4be247d0bc58bac5815ce5eb6604e2e87eafd93c0a90d5603c9ad10
Wilt_1112_217.jpg,d9ae87ea-8a7e-45bd-b83a-7c9eec713feb,1693025,3fbab46a27a8b73c4e3731f4d24edb41f3e464563d6afc3342752d7c9b5206c4
Wilt_1112_218.jpg,d9ae87ea-8a7e-45bd-b83a-7c9eec713feb,2197709,149c590d4617e680175fea063816e52649e836bbfd79e02efb40a41e57645f48
Wilt_1112_219.jpg,d9ae87ea-8a7e-45bd-b83a-7c9eec713feb,1781186,11c2a0e11ef35c835f348c24fcb5eef3518a626c1333ea8f765d246596b29e65
Wilt_1112_220.jpg,d9ae87ea-8a7e-45bd-b83a-7c9eec713feb,1656047,64728917d9c1ffb9158cce57f36b5a9965b52841c650448d9ff0101dfd6e0ca9
Wilt_1112_221.jpg,d9ae87ea-8a7e-45bd-b83a-7c9eec713feb,2027583,573cf7b4b1ef8a457af566014f7efd8056febf62411ef39df6b6440c81e705de
Wilt_1112_222.jpg,d9ae87ea-8a7e-45bd-b83a-7c9eec713feb,1858807,bb14595a8c58ed453d7eff130d6c0ee057b2404efeaa7e074974915368e30d26
Wilt_1112_223.jpg,d9ae87ea-8a7e-45bd-b83a-7c9eec713feb,1789364,4511e2e6d5b92e5d08399037c7a6fb9d5c70f93eaef833e154d0d4e9cdf4de4e
Wilt_1112_224.jpg,d9ae87ea-8a7e-45bd-b83a-7c9eec713feb,1734131,438cee5fd75b3ef9471cd72709ccddd213bb1879f0f796bd7f3b90d3fd822c9a
Wilt_1112_225.jpg,d9ae87ea-8a7e-45bd-b83a-7c9eec713feb,1615314,21a4e96e10a10106770181e8952bd7756f622ad83d948a2d356dffbb3d4bf249
Wilt_1112_226.jpg,d9ae87ea-8a7e-45bd-b83a-7c9eec713feb,1790697,97e26ae96bd33034eb9adf715d1ec9df6bd4b92c810da09fd5481d4ab180299e
Wilt_1112_227.jpg,d9ae87ea-8a7e-45bd-b83a-7c9eec713feb,1887264,013f45b0c00464c60801593bd41bf1f0a58c5973180196f3a009e36296379925
Wilt_1112_228.jpg,d9ae87ea-8a7e-45bd-b83a-7c9eec713feb,1658395,f9b82efd93bed8cecaf5f113522cb84c0684241794c5db099c6f3a24701a2383
Wilt_1112_229.jpg,d9ae87ea-8a7e-45bd-b83a-7c9eec713feb,1654254,90be8ce0c9e5b00d13c695d2d63cff82a8e774a0d57044b06bba365b8708b89d
Wilt_1112_230.jpg,d9ae87ea-8a7e-45bd-b83a-7c9eec713feb,1778641,0f8532690ab0aaa3a636fd14f0cb2db4ab9a6b2c730ac492a74b347e67c2b277
Wilt_1112_231.jpg,d9ae87ea-8a7e-45bd-b83a-7c9eec713feb,1568122,0f397cb3e08b6abca20189ec901378e5e69468f52cbd66b24d009760aa934622
Wilt_1112_232.jpg,d9ae87ea-8a7e-45bd-b83a-7c9eec713feb,1426892,a046621b435ef909632da9ac310e2314821a0373c87d237923f71ce6bbfb590a
Wilt_1112_233.jpg,d9ae87ea-8a7e-45bd-b83a-7c9eec713feb,1730097,821071c35a3586621652c0d37e15a161692ae545308b76839fcf99ce66dacd8c
Wilt_1112_234.jpg,d9ae87ea-8a7e-45bd-b83a-7c9eec713feb,1979053,b8ccfa1bf64996ee01ad899ba2f803ff2b229a5f114e263596326aae4c59d788
Wilt_1112_235.jpg,d9ae87ea-8a7e-45bd-b83a-7c9eec713feb,2000320,2c02727ab934d6fbc046598de3cab3cdd4a6024ec02a4155c977597f6c47803e
Wilt_1112_236.jpg,d9ae87ea-8a7e-45bd-b83a-7c9eec713feb,2212752,f9fef36a4976fc253fd3d5e876ac1ffd4c9d5f614a5c7d2ad2257da656d4819c
Wilt_1112_237.jpg,d9ae87ea-8a7e-45bd-b83a-7c9eec713feb,2756192,d84363835d90f3a1b61c96819e9dfea290ee3437048ae651a1a2124b5cf1b7bb
Wilt_1112_238.jpg,d9ae87ea-8a7e-45bd-b83a-7c9eec713feb,2266453,9a6c52b44c10232ad02062ce334024c272c10bd3d9533500cbe58aeb9682f07a
Wilt_1112_239.jpg,d9ae87ea-8a7e-45bd-b83a-7c9eec713feb,1954701,b1bab2a281f1d0bd59be464a7f8f47ed55f338754f6fef52da528f58f31ef214
Wilt_1112_240.jpg,d9ae87ea-8a7e-45bd-b83a-7c9eec713feb,2241137,416baf49a9ca3b5637229f8f4192a143bef4b7b10db27cef99d16a54477bb8f5
Wilt_1112_241.jpg,d9ae87ea-8a7e-45bd-b83a-7c9eec713feb,2116323,b048e819155bffd47df67758a682cafec93b962b3c91e6c0db50e793b892bf87
Wilt_1112_242.jpg,d9ae87ea-8a7e-45bd-b83a-7c9eec713feb,1724705,6b911e2dbab3f9eef19213ba0e384528476e05838bb90e980de09694eaca60e1
Wilt_1112_243.jpg,d9ae87ea-8a7e-45bd-b83a-7c9eec713feb,1613456,f0433c1553b6921341da6e29c9ec4becee0274e77c1c3bc4e5cfefd21c5b0305
Wilt_1112_244.jpg,d9ae87ea-8a7e-45bd-b83a-7c9eec713feb,1717265,039c4aa968893baa7634951429d5341a31576732dfa52d3ec25490b4b6a68d54
Wilt_1112_245.jpg,d9ae87ea-8a7e-45bd-b83a-7c9eec713feb,1932030,e849bd9c36c80b7ab7f4ac43420612a68962c54512ef55dc1d334171078ae6f1
Wilt_1112_246.jpg,d9ae87ea-8a7e-45bd-b83a-7c9eec713feb,1987792,dcdc122896ca1db0b7e3726e78959e572f7bb0f1b20e9205bb8f8bbbdf14ffe8
Wilt_1112_247.jpg,d9ae87ea-8a7e-45bd-b83a-7c9eec713feb,2309791,12bf43f2340317cc1d59b673d2e3793925e1c196ecb61f3a734f8c15e02f7833
Wilt_1112_248.jpg,d9ae87ea-8a7e-45bd-b83a-7c9eec713feb,2785454,5e87e8b0ca84d11f8981745b4f702caa059d9c6002bbcb321df90d2636364468
Wilt_1112_249.jpg,d9ae87ea-8a7e-45bd-b83a-7c9eec713feb,2760064,8802c3c882396a5099fdb6124cc3aa0f7d6b4d36e3dd8a058f7fb49d1ba7b4b8
Wilt_1112_250.jpg,d9ae87ea-8a7e-45bd-b83a-7c9eec713feb,2527189,bf3069769b0f0e65a3922f283034f7fd1b499ef23ec728db7b5b225104a379ba
Wilt_1112_251.jpg,d9ae87ea-8a7e-45bd-b83a-7c9eec713feb,1820218,70cec6d3ffeae3ea463a62ded30dfa892185a382cd87fcf5dbf3a7ed5ef1492f
Wilt_1112_252.jpg,d9ae87ea-8a7e-45bd-b83a-7c9eec713feb,1772237,6ccbf8f64b3d35f1589f5acd59e99de48b81d29815f51c0de274f1a096c7142a
Wilt_1112_253.jpg,d9ae87ea-8a7e-45bd-b83a-7c9eec713feb,2552256,a0405f74bb173e6158a56e795ba9ee290405da850d163926a8c17540ab396715
Wilt_1112_254.jpg,d9ae87ea-8a7e-45bd-b83a-7c9eec713feb,2656856,9f25f897a1c601c30bf52a3b062eea528bb9d1c84988ea2930c02b21aa1e1106
Wilt_1112_255.jpg,d9ae87ea-8a7e-45bd-b83a-7c9eec713feb,2707806,e224b70a63d7e7d9be70ce304fb49e1ef5a27f02cdcb1fe7f8057356860c98c7
Wilt_1112_256.jpg,d9ae87ea-8a7e-45bd-b83a-7c9eec713feb,2691936,52a70efbe1e14c191652f488b38f68132609d9eb8d6913928bbc12b37fa37d9f
Wilt_1112_257.jpg,d9ae87ea-8a7e-45bd-b83a-7c9eec713feb,2312723,6c4d80f3b1491189fd345597da0c2aec7e19360aa0fb1a730614f4e3512e05cf
Wilt_1112_258.jpg,d9ae87ea-8a7e-45bd-b83a-7c9eec713feb,2387354,772f51bb2e58c261205e21b324d863a093a07605990efcce443896370a80e12a
Wilt_1112_259.jpg,d9ae87ea-8a7e-45bd-b83a-7c9eec713feb,2506533,8799a645041eb731d3ea8a2a99799628050b65af830c1730a6492943b4f4b244
Wilt_1112_260.jpg,d9ae87ea-8a7e-45bd-b83a-7c9eec713feb,2073451,82df1b04db9368774fcf7af63d4305f9103c22218f50f9e6b71a19dae583ee08
Wilt_1112_261.jpg,d9ae87ea-8a7e-45bd-b83a-7c9eec713feb,2434628,c3d4b026d58821ba113711e190518c7d3db2e9d8d6b70345d7e6b36cb763200d
Wilt_1112_262.jpg,d9ae87ea-8a7e-45bd-b83a-7c9eec713feb,2929994,8ddbc09cb78954e14988cf1d9003b02f3e356ced07008aea4b1f0465dd18ee80
Wilt_1112_263.jpg,d9ae87ea-8a7e-45bd-b83a-7c9eec713feb,2401480,fbbb3f8dbad842fe95b9185402e6aae9295c7076ee83ad6e34612aace7bb030b
Wilt_1112_264.jpg,d9ae87ea-8a7e-45bd-b83a-7c9eec713feb,2066613,f348f39d97de9bc0ae1ba76d38a3684c91c519cec46ba7be84727f6a4e7df95b
Wilt_1112_265.jpg,d9ae87ea-8a7e-45bd-b83a-7c9eec713feb,1947964,ec835a91d6f433c7b7a286851c77f23f00a916788638fd211d88c8fb6d771474
Wilt_1112_266.jpg,d9ae87ea-8a7e-45bd-b83a-7c9eec713feb,2162187,535efe0e07472bed99fe8510aff4d3942735b758ec5caccd02b1abb7e5e62e9b
Wilt_1112_267.jpg,d9ae87ea-8a7e-45bd-b83a-7c9eec713feb,2649752,58065e978b38f293601252e1f31ed397ad3549a50d926190d738d425e1a1f5c1
Wilt_1112_268.jpg,d9ae87ea-8a7e-45bd-b83a-7c9eec713feb,2125036,217433e95b2f36918482f5691c5b005bcc4fc353e8d7b8cf1d525b987eff6376
Wilt_1112_269.jpg,d9ae87ea-8a7e-45bd-b83a-7c9eec713feb,2180658,e1405971b9b353e11b0331c8b7da5010e0e1fcbce621d4fc9f8f31f5a79356d9
Wilt_1112_270.jpg,d9ae87ea-8a7e-45bd-b83a-7c9eec713feb,1783592,c46948db5781359585d367cb1cdf999d84a2b96bf303f18bf3cfb547e4bd2962
Wilt_1112_271.jpg,d9ae87ea-8a7e-45bd-b83a-7c9eec713feb,1913471,67f5fe27c122f180efd6f12802294a6fcb73fe0f7a903d06eff148888ba332a2
Wilt_1112_272.jpg,d9ae87ea-8a7e-45bd-b83a-7c9eec713feb,2396062,78b120dc5fbd9e39bd2668308fd04acf0a741f8437685d95cc2f053e5febae29
Wilt_1112_273.jpg,d9ae87ea-8a7e-45bd-b83a-7c9eec713feb,2596930,a2c6552ec5268b09956cc721839ab631a731db55a06c68b54957e166d47f9f10
Wilt_1112_274.jpg,d9ae87ea-8a7e-45bd-b83a-7c9eec713feb,1676059,0ce889f5296f770c299f8b1dd403e29c0e3cb959f89b4471cc64fac5aa705c2f
Wilt_1112_275.jpg,d9ae87ea-8a7e-45bd-b83a-7c9eec713feb,2142482,e8509ffdc4ebac7f9e5c9e7da56bdacf00bdab31170f49eb391de54a78cdc828
Wilt_1112_276.jpg,d9ae87ea-8a7e-45bd-b83a-7c9eec713feb,2209837,961809a2a3f6388e7427285cc6d4c22eead58b4be00c235c631fc88b2cbb323d
Wilt_1112_277.jpg,d9ae87ea-8a7e-45bd-b83a-7c9eec713feb,2014975,546232e52e88b271dc37bb0571e0ca42a130b0e957808d65b159972387f31ab1
Wilt_1112_278.jpg,d9ae87ea-8a7e-45bd-b83a-7c9eec713feb,2093012,be99caa66314cbb9df48bc1daf9f1d221eaea466e75c77f4a62c440d61dfa29d
Wilt_1112_279.jpg,d9ae87ea-8a7e-45bd-b83a-7c9eec713feb,1814126,56fd6da80ab9d9511221d5381b49c731c6b633ec2bd895102bea317f2e1ca867
Wilt_1112_280.jpg,d9ae87ea-8a7e-45bd-b83a-7c9eec713feb,2312132,f00c4a1ded03404e4557338e45c269551d08e0d7f0505365aa8031fa164c1daf
Wilt_1112_281.jpg,d9ae87ea-8a7e-45bd-b83a-7c9eec713feb,1852901,90271d30a3d4fa186ec70730dd9f14a5577c34de42fdcd05b5549275ec598034
Wilt_1112_282.jpg,d9ae87ea-8a7e-45bd-b83a-7c9eec713feb,2643440,af8ee838f8cbc36a652d8259b6b0b8d7d6a4c2e05ea67c6acd2ba3632a964360
Wilt_1112_283.jpg,d9ae87ea-8a7e-45bd-b83a-7c9eec713feb,2255489,3f46353493babd3146fceb02a45b30f6daa985b88c30d249cdbd6d1c1d3c7c23
Wilt_1112_284.jpg,d9ae87ea-8a7e-45bd-b83a-7c9eec713feb,1284686,35e3ccbb9c0841bd0926c16649a592ca114eaf12ae35fdafda7fca8b844a51c4
Wilt_1112_285.jpg,d9ae87ea-8a7e-45bd-b83a-7c9eec713feb,1614641,31137b1f74a5db080f0c0905fe7a9db4dbac207067d365a5581f65ae03eff1f3
Wilt_1112_286.jpg,d9ae87ea-8a7e-45bd-b83a-7c9eec713feb,2241796,a780af1c9c7278afeb76e8c329a77a8b20aa431efbf99de355935363026c070c
Wilt_1112_287.jpg,d9ae87ea-8a7e-45bd-b83a-7c9eec713feb,1975182,816e25faf0fd2c47f034bb3cde546f25ca4882dc8b566881622a5d2f8f411497
Wilt_1112_288.jpg,d9ae87ea-8a7e-45bd-b83a-7c9eec713feb,2677961,9abef5b861cf5d01277c62dab156d88b1d4ab581f3bfada2443d540cba85b1c6
Wilt_1112_289.jpg,d9ae87ea-8a7e-45bd-b83a-7c9eec713feb,2432924,1528ae8468383e7e2b1dad29a3b90459a041d67856dc1812ea8e6a29381ac74d
Wilt_1112_290.jpg,d9ae87ea-8a7e-45bd-b83a-7c9eec713feb,2412933,066d4ff85cbffb67f668540b3281e50432f4c1dca158fe8686800d7e277bb498
Wilt_1112_291.jpg,d9ae87ea-8a7e-45bd-b83a-7c9eec713feb,1635832,12ee6c5850791cfd8f6f8f66b9dc7cccaf5c04c20a93b30a4604b702f6d8f03c
Wilt_1112_292.jpg,d9ae87ea-8a7e-45bd-b83a-7c9eec713feb,1460019,75adc44c0b2d9e93d21230e20aa553f5403ff3a79681345d688ff9aa86ce4616
Wilt_1112_293.jpg,d9ae87ea-8a7e-45bd-b83a-7c9eec713feb,1552933,963514643a98e2a65508b97114a246ae0d84e54d0f13339c54dd621d464c47fa
Wilt_1112_294.jpg,d9ae87ea-8a7e-45bd-b83a-7c9eec713feb,1980687,bac7edb110ade63a1aa5c7af107880442050d29e19830aec7040faf90ec80af5
Wilt_1112_295.jpg,d9ae87ea-8a7e-45bd-b83a-7c9eec713feb,1416150,ef568560d3dee0c79a2feb8c93076b65fc4097300edd108c315260b34562e3d7
Wilt_1112_296.jpg,d9ae87ea-8a7e-45bd-b83a-7c9eec713feb,2089355,4582c470aee817ee18cca3ce5333685e31a5cc01caea3e8c9e2271ab5c9d2ad5
Wilt_1112_297.jpg,d9ae87ea-8a7e-45bd-b83a-7c9eec713feb,1705856,fff1cf4c5a997e084f8e049762064eee1a5c1edb85604dc3d04156dc0f4a2116
Wilt_1112_298.jpg,d9ae87ea-8a7e-45bd-b83a-7c9eec713feb,1912757,d2a32f03f4d9144d8e7f6d644dc33b00ed92e058c6d31583fba4b8f3f87fd652
Wilt_1112_299.jpg,d9ae87ea-8a7e-45bd-b83a-7c9eec713feb,2488221,1c5c0fb180d1a8beb0d2d94d451757d9fd91fb0c6b93fa7a995123502da220f9
Wilt_1112_300.jpg,d9ae87ea-8a7e-45bd-b83a-7c9eec713feb,1637617,331f48cc5f8c3acda14ed44d717cee85cb83129d3e1fd96fa7c378dcadac068c
Wilt_1112_301.jpg,d9ae87ea-8a7e-45bd-b83a-7c9eec713feb,1621716,1b41a0c292b27f84f1b660e50f75094d4fdfe79bc5328883633ae32fa6c73214
Wilt_1112_302.jpg,d9ae87ea-8a7e-45bd-b83a-7c9eec713feb,1663864,117d302c49eb647a43f104cd30351940e10e0428d32ea5a80f1b302050dc2de0
Wilt_1112_303.jpg,d9ae87ea-8a7e-45bd-b83a-7c9eec713feb,1428458,6612730938d8d7c3bcadac81f6757b2b58176e533a0b73d55fec30f4c1065bc1
