provinsi,kabupaten,kecamatan,kode_kabupaten,bpp,bpp_kanonik,poktan,penyuluh_pns,penyuluh_p3k,penyuluh_thl,penyuluh_swadaya,penyuluh_swasta,penyuluh_total
"ACEH","ACEH BARAT","ARONGAN LAMBALEK","1107","BPP Arongan Lambalek","Arongan Lambalek","91","20","2","0","0","0","22"
"ACEH","ACEH BARAT","BUBON","1107","BPP BUBON","Bubon","67","10","2","2","0","0","14"
"ACEH","ACEH BARAT","JOHAN PAHLAWAN","1107","BPP Johan Pahlawan","Johan Pahlawan","42","11","2","2","0","0","15"
"ACEH","ACEH BARAT","KAWAY XVI","1107","BPP Kaway XVI","Kaway XVI","139","21","0","3","0","0","24"
"ACEH","ACEH BARAT","MEUREUBO","1107","BPP Kecamatan Meureubo","Kecamatan Meureubo","83","15","1","4","0","0","20"
"ACEH","ACEH BARAT","PANTAI CEUREMEN","1107","BPP Pante Ceureumen","Pante Ceureumen","112","21","0","0","0","0","21"
"ACEH","ACEH BARAT","PANTON REU","1107","BPP Panton Reu","Panton Reu","51","12","0","2","0","0","14"
"ACEH","ACEH BARAT","SAMATIGA","1107","BPP Samatiga","Samatiga","95","11","2","5","0","0","18"
"ACEH","ACEH BARAT","SUNGAI MAS","1107","BPP Sungai Mas","Sungai Mas","39","11","0","0","0","0","11"
"ACEH","ACEH BARAT","WOYLA","1107","BPP Woyla","Woyla","129","25","2","2","0","0","29"
"ACEH","ACEH BARAT","WOYLA BARAT","1107","BPP Woyla Barat","Woyla Barat","93","15","3","0","0","0","18"
"ACEH","ACEH BARAT","WOYLA TIMUR","1107","BPP Woyla Timur","Woyla Timur","42","15","0","2","0","0","17"
"ACEH","ACEH BARAT DAYA","BABAH ROT","1112","BPP BABAHROT","Babahrot","187","9","2","0","2","0","13"
"ACEH","ACEH BARAT DAYA","BLANG PIDIE","1112","BPP BLANGPIDIE","Blangpidie","90","4","5","0","4","0","13"
"ACEH","ACEH BARAT DAYA","JEUMPA","1112","BPP JEUMPA","Jeumpa","118","4","6","0","4","0","14"
"ACEH","ACEH BARAT DAYA","KUALA BATEE","1112","BPP KUALA BATEE","Kuala Batee","187","8","3","2","5","0","18"
"ACEH","ACEH BARAT DAYA","LEMBAH SABIL","1112","BPP LEMBAH SABIL","Lembah Sabil","88","7","2","0","5","0","14"
"ACEH","ACEH BARAT DAYA","MANGGENG","1112","BPP MANGGENG","Manggeng","97","8","1","0","5","0","14"
"ACEH","ACEH BARAT DAYA","SETIA","1112","BPP SETIA","Setia","79","4","4","1","3","0","12"
"ACEH","ACEH BARAT DAYA","SUSOH","1112","BPP SUSOH","Susoh","81","4","5","0","5","0","14"
"ACEH","ACEH BARAT DAYA","TANGAN-TANGAN","1112","BPP TANGAN-TANGAN","Tangan-tangan","190","11","1","0","4","0","16"
"ACEH","ACEH BESAR","BAITUSSALAM","1108","BPP Baitussalam","Baitussalam","44","2","0","0","4","0","6"
"ACEH","ACEH BESAR","BLANG BINTANG","1108","BPP Blang Bintang","Blang Bintang","58","6","3","0","0","0","9"
"ACEH","ACEH BESAR","DARUL IMARAH","1108","BPP Darul Imarah","Darul Imarah","56","5","7","0","3","0","15"
"ACEH","ACEH BESAR","DARUL KAMAL","1108","BPP Darul Imarah","Darul Imarah","55","0","0","0","0","0","0"
"ACEH","ACEH BESAR","DARUSSALAM","1108","BPP Darussalam","Darussalam","60","4","1","0","0","0","5"
"ACEH","ACEH BESAR","INDRAPURI","1108","BPP Indrapuri","Indrapuri","173","10","7","0","6","0","23"
"ACEH","ACEH BESAR","INGIN JAYA","1108","BPP Ingin Jaya","Ingin Jaya","126","8","9","0","2","0","19"
"ACEH","ACEH BESAR","KOTA JANTHO","1108","BPP KOTA JANTHO","Kota Jantho","80","4","5","0","1","0","10"
"ACEH","ACEH BESAR","KRUENG BARONA JAYA","1108","BPP Ingin Jaya","Ingin Jaya","26","0","0","0","0","0","0"
"ACEH","ACEH BESAR","KUTA BARO","1108","BPP Kuta Baro","Kuta Baro","126","6","4","0","3","0","13"
"ACEH","ACEH BESAR","KUTA COT GLIE","1108","BPP KUTA COT GLIE","Kuta COT Glie","135","7","4","1","3","0","15"
"ACEH","ACEH BESAR","KUTA MALAKA","1108","BPP KUTA MALAKA","Kuta Malaka","53","4","4","0","2","0","10"
"ACEH","ACEH BESAR","LEMBAH SEULAWAH","1108","BPP Lembah Seulawah","Lembah Seulawah","108","3","7","0","1","0","11"
"ACEH","ACEH BESAR","LEUPUNG","1108","BPP Lhoknga","Lhoknga","22","0","0","0","0","0","0"
"ACEH","ACEH BESAR","LHOKNGA","1108","BPP Lhoknga","Lhoknga","62","3","2","0","3","0","8"
"ACEH","ACEH BESAR","LHOONG","1108","BPP Lhoong","Lhoong","88","4","1","0","0","0","5"
"ACEH","ACEH BESAR","MESJID RAYA","1108","BPP Baitussalam","Baitussalam","72","0","0","0","2","0","2"
"ACEH","ACEH BESAR","MONTASIK","1108","BPP Montasik","Montasik","122","10","4","1","5","0","20"
"ACEH","ACEH BESAR","PEUKAN BADA","1108","BPP Peukan Bada","Peukan Bada","47","4","1","0","1","0","6"
"ACEH","ACEH BESAR","PULO ACEH","1108","BPP Pulo Aceh","Pulo Aceh","34","2","2","0","2","0","6"
"ACEH","ACEH BESAR","SEULIMEUM","1108","BPP Seulimeum","Seulimeum","251","13","2","1","0","0","16"
"ACEH","ACEH BESAR","SIMPANG TIGA","1108","BPP SIMPANG TIGA","Simpang Tiga","40","4","2","0","2","0","8"
"ACEH","ACEH BESAR","SUKA MAKMUR","1108","BPP SUKA MAKMUR","Suka Makmur","68","7","9","1","7","0","24"
"ACEH","ACEH JAYA","DARUL HIKMAH","1116","BPP DARUL HIKMAH","Darul Hikmah","60","6","1","2","2","0","11"
"ACEH","ACEH JAYA","INDRA JAYA","1116","BPP INDRA JAYA","Indra Jaya","88","6","0","6","3","0","15"
"ACEH","ACEH JAYA","JAYA","1116","BPP JAYA","Jaya","158","4","3","6","2","0","15"
"ACEH","ACEH JAYA","KRUENG SABEE","1116","BPP KRUENG SABEE","Krueng Sabee","94","9","4","3","8","0","24"
"ACEH","ACEH JAYA","PANGA","1116","BPP PANGA","Panga","96","10","3","6","9","0","28"
"ACEH","ACEH JAYA","PASIE RAYA","1116","BPP PASIE RAYA","Pasie Raya","86","2","0","6","0","0","8"
"ACEH","ACEH JAYA","SAMPOINIET","1116","BPP SAMPOINIET","Sampoiniet","69","6","1","4","5","0","16"
"ACEH","ACEH JAYA","SETIA BAKTI","1116","BPP SETIA BAKTI","Setia Bakti","109","5","0","3","1","0","9"
"ACEH","ACEH JAYA","TEUNOM","1116","BPP TEUNOM","Teunom","139","5","1","7","0","0","13"
"ACEH","ACEH SELATAN","BAKONGAN","1103","BPP Bakongan","Bakongan","45","5","2","0","1","0","8"
"ACEH","ACEH SELATAN","BAKONGAN TIMUR","1103","BPP Bakongan Timur","Bakongan Timur","70","2","3","0","1","0","6"
"ACEH","ACEH SELATAN","KLUET SELATAN","1103","BPP Kluet Selatan","Kluet Selatan","131","10","5","3","1","0","19"
"ACEH","ACEH SELATAN","KLUET TENGAH","1103","BPP Kluet Tengah","Kluet Tengah","105","7","4","1","6","0","18"
"ACEH","ACEH SELATAN","KLUET TIMUR","1103","BPP Kluet Timur","Kluet Timur","142","3","7","0","13","0","23"
"ACEH","ACEH SELATAN","KLUET UTARA","1103","BPP Kluet Utara","Kluet Utara","183","13","7","2","1","0","23"
"ACEH","ACEH SELATAN","KOTA BAHAGIA","1103","BPP Kota Bahagia","Kota Bahagia","68","1","1","0","0","0","2"
"ACEH","ACEH SELATAN","LABUHAN HAJI","1103","BPP Labuhan Haji","Labuhan Haji","104","3","4","0","1","0","8"
"ACEH","ACEH SELATAN","LABUHAN HAJI BARAT","1103","BPP Labuhan Haji Barat","Labuhan Haji Barat","102","3","3","0","4","0","10"
"ACEH","ACEH SELATAN","LABUHAN HAJI TIMUR","1103","BPP LABUHAN HAJI TIMUR","Labuhan Haji Timur","66","2","5","0","1","0","8"
"ACEH","ACEH SELATAN","MEUKEK","1103","BPP Meukek","Meukek","117","6","1","1","8","0","16"
"ACEH","ACEH SELATAN","PASIE RAJA","1103","BPP Pasie Raja","Pasie Raja","155","11","11","0","4","0","26"
"ACEH","ACEH SELATAN","SAMA DUA","1103","BPP Samadua","Samadua","126","11","4","0","3","0","18"
"ACEH","ACEH SELATAN","SAWANG","1103","BPP Sawang","Sawang","85","6","2","0","0","0","8"
"ACEH","ACEH SELATAN","TAPAK TUAN","1103","BPP Tapaktuan","Tapaktuan","92","7","3","2","0","0","12"
"ACEH","ACEH SELATAN","TRUMON","1103","BPP Trumon","Trumon","100","1","2","0","0","0","3"
"ACEH","ACEH SELATAN","TRUMON TENGAH","1103","BPP Trumon Tengah","Trumon Tengah","75","4","1","0","0","0","5"
"ACEH","ACEH SELATAN","TRUMON TIMUR","1103","BPP Trumon Timur","Trumon Timur","100","2","2","0","6","0","10"
"ACEH","ACEH SINGKIL","DANAU PARIS","1102","UPTD BPP Danau Paris","Danau Paris","24","5","1","0","1","0","7"
"ACEH","ACEH SINGKIL","GUNUNG MERIAH","1102","UPTD BPP Gunung Meriah","Gunung Meriah","83","9","1","0","5","0","15"
"ACEH","ACEH SINGKIL","KOTA BAHARU","1102","UPTD BPP Kota Baharu","Kota Baharu","44","4","1","0","0","0","5"
"ACEH","ACEH SINGKIL","KUALA BARU","1102","UPTD BPP Kuala Baru","Kuala Baru","12","3","2","0","2","0","7"
"ACEH","ACEH SINGKIL","PULAU BANYAK","1102","UPTD BPP Pulau Banyak","Pulau Banyak","7","1","0","0","0","0","1"
"ACEH","ACEH SINGKIL","PULAU BANYAK BARAT","1102","UPTD BPP Pulau Banyak Barat","Pulau Banyak Barat","16","1","1","0","1","0","3"
"ACEH","ACEH SINGKIL","SIMPANG KANAN","1102","UPTD BPP Simpang Kanan","Simpang Kanan","51","6","3","0","1","0","10"
"ACEH","ACEH SINGKIL","SINGKIL","1102","UPTD BPP Singkil","Singkil","64","3","3","0","2","0","8"
"ACEH","ACEH SINGKIL","SINGKIL UTARA","1102","UPTD BPP Singkil Utara","Singkil Utara","67","9","0","0","3","0","12"
"ACEH","ACEH SINGKIL","SINGKOHOR","1102","UPTD BPP SINGKOHOR","Singkohor","47","6","0","0","2","0","8"
"ACEH","ACEH SINGKIL","SURO","1102","UPTD BPP Suro","Suro","19","7","2","0","3","0","12"
"ACEH","ACEH TAMIANG","BANDA MULIA","1114","BPP BANDA MULIA","Banda Mulia","57","3","3","0","2","0","8"
"ACEH","ACEH TAMIANG","BANDAR PUSAKA","1114","BPP BANDAR PUSAKA","Bandar Pusaka","78","2","5","0","2","0","9"
"ACEH","ACEH TAMIANG","BENDAHARA","1114","BPP BENDAHARA","Bendahara","115","6","3","0","3","0","12"
"ACEH","ACEH TAMIANG","KARANG BARU","1114","BPP KARANG BARU","Karang Baru","136","4","5","0","4","0","13"
"ACEH","ACEH TAMIANG","KEJURUAN MUDA","1114","BPP KEJURUAN MUDA","Kejuruan Muda","88","3","4","0","2","0","9"
"ACEH","ACEH TAMIANG","KOTA KUALA SIMPANG","1114","BPP RANTAU","Rantau","6","0","0","0","1","0","1"
"ACEH","ACEH TAMIANG","MANYAK PAYED","1114","BPP MANYAK PAYED","Manyak Payed","225","7","6","0","3","0","16"
"ACEH","ACEH TAMIANG","RANTAU","1114","BPP RANTAU","Rantau","89","6","5","0","0","0","11"
"ACEH","ACEH TAMIANG","SEKERAK","1114","BPP SEKERAK","Sekerak","46","3","4","0","2","0","9"
"ACEH","ACEH TAMIANG","SERUWAY","1114","BPP SERUWAY","Seruway","113","6","0","0","4","0","10"
"ACEH","ACEH TAMIANG","TAMIANG HULU","1114","BPP TAMIANG HULU","Tamiang Hulu","87","1","3","0","1","0","5"
"ACEH","ACEH TAMIANG","TENGGULUN","1114","BPP TENGGULUN","Tenggulun","73","1","4","0","2","0","7"
"ACEH","ACEH TENGAH","ATU LINTANG","1106","BPP Atu Lintang","Atu Lintang","93","3","5","4","2","0","14"
"ACEH","ACEH TENGAH","BEBESEN","1106","BPP Bebesen","Bebesen","117","4","4","4","0","0","12"
"ACEH","ACEH TENGAH","BIES","1106","BPP Bies","Bies","79","5","4","5","0","0","14"
"ACEH","ACEH TENGAH","BINTANG","1106","BPP Bintang","Bintang","168","2","6","11","0","0","19"
"ACEH","ACEH TENGAH","CELALA","1106","BPP Celala","Celala","101","2","7","5","0","0","14"
"ACEH","ACEH TENGAH","JAGONG JEGET","1106","BPP Jagong Jeget","Jagong Jeget","121","1","2","5","1","0","9"
"ACEH","ACEH TENGAH","KEBAYAKAN","1106","BPP Kebayakan","Kebayakan","94","3","4","5","0","0","12"
"ACEH","ACEH TENGAH","KETOL","1106","BPP Ketol","Ketol","169","3","1","11","0","0","15"
"ACEH","ACEH TENGAH","KUTE PANANG","1106","BPP Kute Panang","Kute Panang","95","3","6","7","1","0","17"
"ACEH","ACEH TENGAH","LINGE","1106","BPP KETAPANG","Ketapang","117","2","7","12","1","0","22"
"ACEH","ACEH TENGAH","LUT TAWAR","1106","BPP Lut Tawar","Lut Tawar","90","7","3","5","0","0","15"
"ACEH","ACEH TENGAH","PEGASING","1106","BPP Pegasing","Pegasing","169","3","6","10","1","0","20"
"ACEH","ACEH TENGAH","RUSIP ANTARA","1106","BPP Rusip Antara","Rusip Antara","94","4","3","4","0","0","11"
"ACEH","ACEH TENGAH","SILIH NARA","1106","BPP Silih Nara","Silih Nara","231","2","7","13","0","0","22"
"ACEH","ACEH TENGGARA","BABUL MAKMUR","1104","BPP Babul Makmur","Babul Makmur","113","7","3","1","21","0","32"
"ACEH","ACEH TENGGARA","BABUL RAHMAD","1104","BPP Babul Rahmah","Babul Rahmah","97","7","3","0","21","0","31"
"ACEH","ACEH TENGGARA","BABUSSALAM","1104","BPP Babussalam","Babussalam","102","8","8","1","10","0","27"
"ACEH","ACEH TENGGARA","BADAR","1104","BPP Badar","Badar","92","9","3","1","9","0","22"
"ACEH","ACEH TENGGARA","BAMBEL","1104","BPP Bambel","Bambel","139","7","4","1","36","0","48"
"ACEH","ACEH TENGGARA","BUKIT TUSAM","1104","BPP Bukit Tusam","Bukit Tusam","110","10","1","1","8","0","20"
"ACEH","ACEH TENGGARA","DARUL HASANAH","1104","BPP Darul Hasanah","Darul Hasanah","146","7","6","1","21","0","35"
"ACEH","ACEH TENGGARA","DELENG POKHKISEN","1104","BPP Deleng Pokhkisen","Deleng Pokhkisen","90","8","5","0","13","0","26"
"ACEH","ACEH TENGGARA","KETAMBE","1104","BPP KETAMBE","Ketambe","117","6","8","1","14","0","29"
"ACEH","ACEH TENGGARA","LAUSER","1104","BPP Leuser","Leuser","76","1","4","0","6","0","11"
"ACEH","ACEH TENGGARA","LAWE ALAS","1104","BPP LAWE ALAS","Lawe Alas","151","6","7","0","23","0","36"
"ACEH","ACEH TENGGARA","LAWE BULAN","1104","BPP Lawe Bulan","Lawe Bulan","133","10","4","1","18","0","33"
"ACEH","ACEH TENGGARA","LAWE SIGALA-GALA","1104","BPP lawe sigala-gala","lawe sigala-gala","155","8","4","0","14","0","26"
"ACEH","ACEH TENGGARA","LAWE SUMUR","1104","BPP Lawe Sumur","Lawe Sumur","100","12","1","1","20","0","34"
"ACEH","ACEH TENGGARA","SEMADAM","1104","BPP Semadam","Semadam","99","7","2","1","8","0","18"
"ACEH","ACEH TENGGARA","TANOH ALAS","1104","BPP Tanoh Alas","Tanoh Alas","49","9","0","2","9","0","20"
"ACEH","ACEH TIMUR","BANDA ALAM","1105","BPP Banda Alam","Banda Alam","49","3","1","1","7","0","12"
"ACEH","ACEH TIMUR","BIREM BAYEUN","1105","BPP Birem Bayeun","Birem Bayeun","124","7","3","0","10","0","20"
"ACEH","ACEH TIMUR","DARUL AMAN","1105","BPP Darul Aman","Darul Aman","124","6","3","0","11","0","20"
"ACEH","ACEH TIMUR","DARUL FALAH","1105","BPP Darul Falah","Darul Falah","35","4","1","0","5","0","10"
"ACEH","ACEH TIMUR","DARUL IHSAN","1105","BPP Darul Ihsan","Darul Ihsan","57","4","3","1","4","0","12"
"ACEH","ACEH TIMUR","IDI RAYEUK","1105","BPP Idi Rayeuk","Idi Rayeuk","76","9","1","0","10","0","20"
"ACEH","ACEH TIMUR","IDI TIMUR","1105","BPP Idi Timur","Idi Timur","43","6","2","0","10","0","18"
"ACEH","ACEH TIMUR","IDI TUNONG","1105","BPP Idi Tunong","Idi Tunong","76","5","4","0","5","0","14"
"ACEH","ACEH TIMUR","INDRA MAKMUR","1105","BPP Indra Makmu","Indra Makmu","79","2","3","0","2","0","7"
"ACEH","ACEH TIMUR","JULOK","1105","BPP Julok","Julok","106","4","5","0","5","0","14"
"ACEH","ACEH TIMUR","MADAT","1105","BPP Madat","Madat","123","3","1","0","10","0","14"
"ACEH","ACEH TIMUR","NURUSSALAM","1105","BPP Nurussalam","Nurussalam","128","4","2","0","11","0","17"
"ACEH","ACEH TIMUR","PANTE BIDARI","1105","BPP Pante Bidari","Pante Bidari","111","5","2","0","4","0","11"
"ACEH","ACEH TIMUR","PEUDAWA","1105","BPP Peudawa","Peudawa","65","3","5","0","20","0","28"
"ACEH","ACEH TIMUR","PEUNARON","1105","BPP Peunaron","Peunaron","110","3","4","0","3","0","10"
"ACEH","ACEH TIMUR","PEUREULAK","1105","BPP Peureulak","Peureulak","196","11","4","0","8","0","23"
"ACEH","ACEH TIMUR","PEUREULAK BARAT","1105","BPP Peureulak Barat","Peureulak Barat","103","8","2","0","15","0","25"
"ACEH","ACEH TIMUR","PEUREULAK TIMUR","1105","BPP Peureulak Timur","Peureulak Timur","93","7","7","0","16","0","30"
"ACEH","ACEH TIMUR","RANTAU SELAMAT","1105","BPP Rantau Selamat","Rantau Selamat","72","11","3","0","16","0","30"
"ACEH","ACEH TIMUR","RANTO PEUREULAK","1105","BPP Rantau Peureulak","Rantau Peureulak","174","5","2","0","9","0","16"
"ACEH","ACEH TIMUR","SERBA JADI","1105","BPP Serbajadi","Serbajadi","58","3","1","0","4","0","8"
"ACEH","ACEH TIMUR","SIMPANG JERNIH","1105","BPP Simpang Jernih","Simpang Jernih","33","3","1","0","3","0","7"
"ACEH","ACEH TIMUR","SIMPANG ULIM","1105","BPP Simpang Ulim","Simpang Ulim","89","2","1","0","6","0","9"
"ACEH","ACEH TIMUR","SUNGAI RAYA","1105","BPP SUNGAI RAYA","Sungai Raya","81","6","1","0","15","0","22"
"ACEH","ACEH UTARA","BAKTIYA","1111","BPP BAKTIYA","Baktiya","541","6","4","0","7","0","17"
"ACEH","ACEH UTARA","BAKTIYA BARAT","1111","BPP BAKTIYA BARAT","Baktiya Barat","215","2","4","0","3","0","9"
"ACEH","ACEH UTARA","BANDA BARO","1111","BPP BANDA BARO","Banda Baro","79","2","1","0","1","0","4"
"ACEH","ACEH UTARA","COT GIREK","1111","BPP COT GIREK","COT Girek","113","2","2","0","2","0","6"
"ACEH","ACEH UTARA","DEWANTARA","1111","BPP DEWANTARA","Dewantara","135","3","2","0","3","0","8"
"ACEH","ACEH UTARA","GEUREUDONG PASE","1111","BPP GEUREUDONG PASE","Geureudong Pase","62","1","2","0","3","0","6"
"ACEH","ACEH UTARA","KUTA MAKMUR","1111","BPP BULOH BLANG ARA","Buloh Blang ARA","334","5","4","0","6","0","15"
"ACEH","ACEH UTARA","LANGKAHAN","1111","BPP LANGKAHAN","Langkahan","197","3","2","0","4","0","9"
"ACEH","ACEH UTARA","LAPANG","1111","BPP LAPANG","Lapang","83","2","2","0","4","0","8"
"ACEH","ACEH UTARA","LHOKSUKON","1111","BPP LHOKSUKON","Lhoksukon","398","5","6","1","5","0","17"
"ACEH","ACEH UTARA","MATANGKULI","1111","BPP MATANGKULI","Matangkuli","245","3","3","0","7","0","13"
"ACEH","ACEH UTARA","MEURAH MULIA","1111","BPP MEURAH MULIA","Meurah Mulia","266","4","4","0","6","0","14"
"ACEH","ACEH UTARA","MUARA BATU","1111","BPP MUARA BATU","Muara Batu","135","4","2","0","4","0","10"
"ACEH","ACEH UTARA","NIBONG","1111","BPP NIBONG","Nibong","108","3","2","0","5","0","10"
"ACEH","ACEH UTARA","NISAM","1111","BPP NISAM","Nisam","278","6","1","0","10","0","17"
"ACEH","ACEH UTARA","NISAM ANTARA","1111","BPP Nisam Antara","Nisam Antara","119","1","1","0","0","0","2"
"ACEH","ACEH UTARA","PAYA BAKONG","1111","BPP PAYA BAKONG","Paya Bakong","203","2","5","0","5","0","12"
"ACEH","ACEH UTARA","PIRAK TIMU","1111","BPP PIRAK TIMU","Pirak Timu","128","1","4","0","3","0","8"
"ACEH","ACEH UTARA","SAMUDERA","1111","BPP SAMUDERA","Samudera","187","6","1","0","4","0","11"
"ACEH","ACEH UTARA","SAWANG","1111","BPP SAWANG","Sawang","448","3","4","0","8","0","15"
"ACEH","ACEH UTARA","SEUNUDON","1111","BPP SEUNUDON","Seunudon","192","2","2","1","4","0","9"
"ACEH","ACEH UTARA","SIMPANG KERAMAT","1111","BPP SIMPANG KERAMAT","Simpang Keramat","143","3","1","0","2","0","6"
"ACEH","ACEH UTARA","SYAMTALIRA ARON","1111","BPP ARON","Aron","255","4","2","0","9","0","15"
"ACEH","ACEH UTARA","SYAMTALIRA BAYU","1111","BPP SYAMTALIRA BAYU","Syamtalira Bayu","199","6","2","0","3","0","11"
"ACEH","ACEH UTARA","TANAH JAMBO AYE","1111","BPP TANAH JAMBO AYE","Tanah Jambo AYE","424","3","3","0","2","0","8"
"ACEH","ACEH UTARA","TANAH LUAS","1111","BPP TANAH LUAS","Tanah Luas","372","3","4","1","5","0","13"
"ACEH","ACEH UTARA","TANAH PASIR","1111","BPP Tanah Pasir","Tanah Pasir","100","1","2","0","2","0","5"
"ACEH","BENER MERIAH","BANDAR","1117","BPP Janarata","Janarata","288","10","3","5","3","0","21"
"ACEH","BENER MERIAH","BENER KELIPAH","1117","BPP Bener Selan","Bener Selan","82","2","4","1","12","0","19"
"ACEH","BENER MERIAH","BUKIT","1117","BPP Redelong","Redelong","357","5","9","10","6","0","30"
"ACEH","BENER MERIAH","GAJAH PUTIH","1117","BPP Tenge Besi","Tenge Besi","110","3","1","1","5","0","10"
"ACEH","BENER MERIAH","MESIDAH","1117","BPP Uwer Tingkem","Uwer Tingkem","89","2","5","1","2","0","10"
"ACEH","BENER MERIAH","PERMATA","1117","BPP Buntul Kemumu","Buntul Kemumu","274","3","4","4","4","0","15"
"ACEH","BENER MERIAH","PINTU RIME GAYO","1117","BPP Alur Gading","Alur Gading","216","3","4","4","3","0","14"
"ACEH","BENER MERIAH","SYIAH UTAMA","1117","BPP Samar Kilang","Samar Kilang","44","3","2","1","0","0","6"
"ACEH","BENER MERIAH","TIMANG GAJAH","1117","BPP Datu Beru","Datu Beru","240","1","6","8","4","0","19"
"ACEH","BENER MERIAH","WIH PESAM","1117","BPP Burni Telong","Burni Telong","224","8","4","4","6","0","22"
"ACEH","BIREUEN","GANDA PURA","1110","BPP Gandapura","Gandapura","134","5","4","0","22","0","31"
"ACEH","BIREUEN","JANGKA","1110","BPP Jangka","Jangka","161","8","3","0","5","0","16"
"ACEH","BIREUEN","JEUMPA","1110","BPP Jeumpa","Jeumpa","162","11","3","0","12","0","26"
"ACEH","BIREUEN","JEUNIEB","1110","BPP Jeunieb","Jeunieb","164","8","1","0","1","0","10"
"ACEH","BIREUEN","JULI","1110","BPP Juli","Juli","176","9","3","0","15","0","27"
"ACEH","BIREUEN","KOTA JUANG","1110","BPP Kota Juang","Kota Juang","85","7","4","0","7","0","18"
"ACEH","BIREUEN","KUALA","1110","BPP Kuala","Kuala","83","4","1","0","11","0","16"
"ACEH","BIREUEN","KUTA BLANG","1110","BPP Kuta Blang","Kuta Blang","196","9","3","0","5","0","17"
"ACEH","BIREUEN","MAKMUR","1110","BPP Makmur","Makmur","113","7","2","0","3","0","12"
"ACEH","BIREUEN","PANDRAH","1110","BPP Pandrah","Pandrah","80","5","0","1","2","0","8"
"ACEH","BIREUEN","PEUDADA","1110","BPP Peudada","Peudada","164","11","4","0","4","0","19"
"ACEH","BIREUEN","PEULIMBANG","1110","BPP Peulimbang","Peulimbang","81","5","3","0","3","0","11"
"ACEH","BIREUEN","PEUSANGAN","1110","BPP Peusangan","Peusangan","207","17","7","0","13","0","37"
"ACEH","BIREUEN","PEUSANGAN SELATAN","1110","BPP Peusangan Selatan","Peusangan Selatan","103","5","2","0","14","0","21"
"ACEH","BIREUEN","PEUSANGAN SIBLAH KRUENG","1110","BPP Peusangan Siblah Krueng","Peusangan Siblah Krueng","86","7","2","0","3","0","12"
"ACEH","BIREUEN","SAMALANGA","1110","BPP Samalanga","Samalanga","147","11","1","0","6","0","18"
"ACEH","BIREUEN","SIMPANG MAMPLAM","1110","BPP Simpang Mamplam","Simpang Mamplam","231","11","2","0","7","0","20"
"ACEH","GAYO LUES","BLANG JERANGO","1113","BPP BLANG JERANGO","Blang Jerango","77","5","2","1","2","0","10"
"ACEH","GAYO LUES","BLANG PEGAYON","1113","BPP BLANG PEGAYON","Blang Pegayon","61","4","3","2","2","0","11"
"ACEH","GAYO LUES","BLANGKEJEREN","1113","BPP BLANGKEJEREN","Blangkejeren","176","10","4","1","3","0","18"
"ACEH","GAYO LUES","DABUN GELANG","1113","BPP DABUN GELANG","Dabun Gelang","92","8","0","0","6","0","14"
"ACEH","GAYO LUES","KUTA PANJANG","1113","BPP KUTA PANJANG","Kuta Panjang","112","8","0","0","3","0","11"
"ACEH","GAYO LUES","PANTAN CUACA","1113","BPP Pantan Cuaca","Pantan Cuaca","71","4","1","0","1","0","6"
"ACEH","GAYO LUES","PINING","1113","BPP Pining","Pining","54","3","1","0","1","0","5"
"ACEH","GAYO LUES","PUTRI BETUNG","1113","BPP PUTRI BETUNG","Putri Betung","100","6","4","2","1","0","13"
"ACEH","GAYO LUES","RIKIT GAIB","1113","BPP Rikit Gaib","Rikit Gaib","51","6","2","1","2","0","11"
"ACEH","GAYO LUES","TERANGUN","1113","BPP TERANGUN","Terangun","110","7","2","0","2","0","11"
"ACEH","GAYO LUES","TRIPE JAYA","1113","BPP TRIPE JAYA","Tripe Jaya","77","1","3","0","1","0","5"
"ACEH","KOTA BANDA ACEH","BAITURRAHMAN","1171","BPP Lueng Bata","Lueng Bata","26","0","0","0","0","0","0"
"ACEH","KOTA BANDA ACEH","BANDA RAYA","1171","BPP Lueng Bata","Lueng Bata","30","0","0","0","0","0","0"
"ACEH","KOTA BANDA ACEH","JAYA BARU","1171","BPP Meuraxa","Meuraxa","14","0","0","0","0","0","0"
"ACEH","KOTA BANDA ACEH","KUTA ALAM","1171","BPP Ulee Kareng","Ulee Kareng","24","0","0","0","0","0","0"
"ACEH","KOTA BANDA ACEH","KUTA RAJA","1171","BPP Meuraxa","Meuraxa","14","1","0","0","0","0","1"
"ACEH","KOTA BANDA ACEH","LUENG BATA","1171","BPP Lueng Bata","Lueng Bata","32","4","10","1","0","0","15"
"ACEH","KOTA BANDA ACEH","MEURAXA","1171","BPP Meuraxa","Meuraxa","29","8","4","0","0","0","12"
"ACEH","KOTA BANDA ACEH","SYIAH KUALA","1171","BPP Ulee Kareng","Ulee Kareng","29","0","1","0","0","0","1"
"ACEH","KOTA BANDA ACEH","ULEE KARENG","1171","BPP Ulee Kareng","Ulee Kareng","36","5","8","0","0","0","13"
"ACEH","KOTA LANGSA","LANGSA BARAT","1173","BPP Langsa Barat","Langsa Barat","81","7","3","0","1","0","11"
"ACEH","KOTA LANGSA","LANGSA BARO","1173","BPP Langsa Barat","Langsa Barat","76","0","0","0","0","0","0"
"ACEH","KOTA LANGSA","LANGSA KOTA","1173","BPP Langsa Lama","Langsa Lama","47","1","0","0","0","0","1"
"ACEH","KOTA LANGSA","LANGSA LAMA","1173","BPP Langsa Lama","Langsa Lama","73","4","5","0","2","0","11"
"ACEH","KOTA LANGSA","LANGSA TIMUR","1173","BPP LANGSA TIMUR","Langsa Timur","128","6","5","1","12","0","24"
"ACEH","KOTA LHOKSEUMAWE","BANDA SAKTI","1174","BPP MUARA DUA","Muara DUA","30","0","0","0","0","0","0"
"ACEH","KOTA LHOKSEUMAWE","BLANG MANGAT","1174","BPP BLANG MANGAT","Blang Mangat","104","3","2","0","7","0","12"
"ACEH","KOTA LHOKSEUMAWE","MUARA DUA","1174","BPP MUARA DUA","Muara DUA","102","3","1","0","7","0","11"
"ACEH","KOTA LHOKSEUMAWE","MUARA SATU","1174","BPP MUARA SATU","Muara Satu","86","3","1","0","7","0","11"
"ACEH","KOTA SABANG","","1172","BPP Sukamakmue","Sukamakmue","0","","","","","",""
"ACEH","KOTA SABANG","SUKAJAYA","1172","BPP Sukajaya","Sukajaya","29","6","1","0","0","0","7"
"ACEH","KOTA SABANG","SUKAKARYA","1172","BPP Sukakarya","Sukakarya","19","7","0","0","0","0","7"
"ACEH","KOTA SABANG","SUKAMAKMUE","","","","","5","0","0","0","0","5"
"ACEH","KOTA SUBULUSSALAM","LONGKIB","1175","BPP LONGKIB","Longkib","92","2","0","13","4","0","19"
"ACEH","KOTA SUBULUSSALAM","PENANGGALAN","1175","BPP PENANGGALAN","Penanggalan","119","3","0","8","2","0","13"
"ACEH","KOTA SUBULUSSALAM","RUNDENG","1175","BPP RUNDENG","Rundeng","132","5","0","23","2","0","30"
"ACEH","KOTA SUBULUSSALAM","SIMPANG KIRI","1175","BPP SIMPANG KIRI","Simpang Kiri","175","5","0","12","4","0","21"
"ACEH","KOTA SUBULUSSALAM","SULTAN DAULAT","1175","BPP SULTAN DAULAT","Sultan Daulat","115","3","0","24","3","0","30"
"ACEH","NAGAN RAYA","BEUTONG","1115","BPP BEUTONG","Beutong","151","6","2","0","11","0","19"
"ACEH","NAGAN RAYA","BEUTONG ATEUH BANGGALANG","1115","BPP BEUTONG ATEUH BANGGALANG","Beutong Ateuh Banggalang","42","0","0","1","4","0","5"
"ACEH","NAGAN RAYA","DARUL MAKMUR..","1115","BPP DARUL MAKMUR","Darul Makmur","198","5","8","0","2","0","15"
"ACEH","NAGAN RAYA","KUALA","1115","BPP PULO IE","Pulo IE","146","3","3","0","7","0","13"
"ACEH","NAGAN RAYA","KUALA PESISIR","1115","BPP KUALA PESISIR","Kuala Pesisir","88","1","6","1","9","0","17"
"ACEH","NAGAN RAYA","SEUNAGAN","1115","BPP SEUNAGAN","Seunagan","155","9","5","0","6","0","20"
"ACEH","NAGAN RAYA","SEUNAGAN TIMUR","1115","BPP SEUNAGAN TIMUR","Seunagan Timur","146","5","3","0","5","0","13"
"ACEH","NAGAN RAYA","SUKA MAKMUE","1115","BPP SUKA MAKMUE","Suka Makmue","167","7","3","1","8","0","19"
"ACEH","NAGAN RAYA","TADU RAYA","1115","BPP TADU RAYA","Tadu Raya","239","2","1","3","8","0","14"
"ACEH","NAGAN RAYA","TRIPA MAKMUR","1115","BPP TRIPA MAKMUR","Tripa Makmur","58","3","3","0","2","0","8"
"ACEH","PIDIE","BATEE","1109","BPP Batee","Batee","141","3","3","0","4","0","10"
"ACEH","PIDIE","DELIMA","1109","BPP Delima","Delima","162","3","5","0","4","0","12"
"ACEH","PIDIE","GEUMPANG","1109","BPP Geumpang","Geumpang","64","2","2","0","6","0","10"
"ACEH","PIDIE","GLUMPANG BARO","1109","BPP Glumpang Baro","Glumpang Baro","122","5","6","0","5","0","16"
"ACEH","PIDIE","GLUMPANG TIGA","1109","BPP Glumpang Tiga","Glumpang Tiga","163","8","6","1","6","0","21"
"ACEH","PIDIE","GRONG GRONG","1109","BPP Grong-grong","Grong-grong","47","2","3","1","4","0","10"
"ACEH","PIDIE","INDRAJAYA","1109","BPP Indrajaya","Indrajaya","188","8","5","0","4","0","17"
"ACEH","PIDIE","KEMBANG TANJONG","1109","BPP Kembang Tanjong","Kembang Tanjong","156","5","5","1","4","0","15"
"ACEH","PIDIE","KEUMALA","1109","BPP Keumala","Keumala","112","2","6","2","4","0","14"
"ACEH","PIDIE","KOTA SIGLI","1109","BPP Kota Sigli","Kota Sigli","37","3","2","0","4","0","9"
"ACEH","PIDIE","MANE","1109","BPP Mane","Mane","76","3","2","0","6","0","11"
"ACEH","PIDIE","MILA","1109","BPP Mila","Mila","92","4","5","1","4","0","14"
"ACEH","PIDIE","MUARA TIGA","1109","BPP Muara Tiga","Muara Tiga","102","5","4","0","4","0","13"
"ACEH","PIDIE","MUTIARA","1109","BPP Mutiara","Mutiara","110","6","5","0","4","0","15"
"ACEH","PIDIE","MUTIARA TIMUR","1109","BPP Mutiara Timur","Mutiara Timur","206","5","5","2","5","0","17"
"ACEH","PIDIE","PADANG TIJI","1109","BPP Padang Tiji","Padang Tiji","246","6","5","1","6","0","18"
"ACEH","PIDIE","PEUKAN BARO","1109","BPP Peukan Baro","Peukan Baro","208","5","6","0","6","0","17"
"ACEH","PIDIE","PIDIE","1109","BPP Pidie","Pidie","187","9","9","0","5","0","23"
"ACEH","PIDIE","SAKTI","1109","BPP Sakti","Sakti","175","3","11","0","6","0","20"
"ACEH","PIDIE","SIMPANG TIGA","1109","BPP Simpang Tiga","Simpang Tiga","200","6","4","0","6","0","16"
"ACEH","PIDIE","TANGSE","1109","BPP Tangse","Tangse","225","4","7","1","8","0","20"
"ACEH","PIDIE","TIRO/TRUSEB","1109","BPP Tiro/Truseb","Tiro/Truseb","93","2","6","0","7","0","15"
"ACEH","PIDIE","TITEUE","1109","BPP Titeue","Titeue","62","3","3","0","6","0","12"
"ACEH","PIDIE JAYA","BANDAR BARU","1118","BPP BANDAR BARU","Bandar Baru","249","7","10","1","5","0","23"
"ACEH","PIDIE JAYA","BANDAR DUA","1118","BPP BANDAR DUA","Bandar DUA","169","4","8","3","6","0","21"
"ACEH","PIDIE JAYA","JANGKA BUYA","1118","BPP JANGKA BUYA","Jangka Buya","135","4","6","1","3","0","14"
"ACEH","PIDIE JAYA","MEURAH DUA","1118","BPP MEURAH DUA","Meurah DUA","177","2","8","0","4","0","14"
"ACEH","PIDIE JAYA","MEUREUDU","1118","BPP MEUREUDU","Meureudu","383","4","11","1","8","0","24"
"ACEH","PIDIE JAYA","PANTERAJA","1118","BPP PANTERAJA","Panteraja","77","3","1","0","2","0","6"
"ACEH","PIDIE JAYA","TRIENGGADENG","1118","BPP TRIENGGADENG","Trienggadeng","325","5","6","1","6","0","18"
"ACEH","PIDIE JAYA","ULIM","1118","BPP ULIM","Ulim","174","2","9","2","5","0","18"
"ACEH","SIMEULUE","ALAFAN","1101","BPP Langi","Langi","12","3","0","2","0","0","5"
"ACEH","SIMEULUE","SALANG","1101","BPP Lalla Bahagia","Lalla Bahagia","26","1","0","9","1","0","11"
"ACEH","SIMEULUE","SIMEULUE BARAT","1101","BPP Sibigo","Sibigo","22","2","0","8","0","0","10"
"ACEH","SIMEULUE","SIMEULUE CUT","1101","BPP Teuku Diujung","Teuku Diujung","13","3","0","4","0","0","7"
"ACEH","SIMEULUE","SIMEULUE TENGAH","1101","BPP Kampung Aie","Kampung Aie","28","4","0","6","1","0","11"
"ACEH","SIMEULUE","SIMEULUE TIMUR","1101","BPP Kuala Makmur","Kuala Makmur","29","7","0","2","1","0","10"
"ACEH","SIMEULUE","TELUK DALAM","1101","BPP KUALA BAKTI","Kuala Bakti","15","5","0","1","1","0","7"
"ACEH","SIMEULUE","TEUPAH BARAT","1101","BPP Salur","Salur","27","4","0","9","0","0","13"
"ACEH","SIMEULUE","TEUPAH SELATAN","1101","BPP Labuhan Bajau","Labuhan Bajau","31","5","0","8","1","0","14"
"ACEH","SIMEULUE","TEUPAH TENGAH","1101","BPP Sua-sua","Sua-sua","18","5","0","3","0","0","8"
"BALI","BADUNG","ABIANSEMAL","5103","Abiansemal","Abiansemal","301","5","11","1","36","0","53"
"BALI","BADUNG","KUTA","5103","Kuta Utara","Kuta Utara","3","0","1","0","0","0","1"
"BALI","BADUNG","KUTA SELATAN","5103","Kuta Selatan","Kuta Selatan","44","2","2","0","1","0","5"
"BALI","BADUNG","KUTA UTARA","5103","Kuta Utara","Kuta Utara","31","3","4","0","6","0","13"
"BALI","BADUNG","MENGWI","5103","BPP Mengwi","Mengwi","452","4","9","5","21","0","39"
"BALI","BADUNG","PETANG","5103","Petang","Petang","252","1","10","0","6","0","17"
"BALI","BANGLI","BANGLI","5106","BPP Kecamatan Bangli","Kecamatan Bangli","313","12","1","0","16","0","29"
"BALI","BANGLI","KINTAMANI","5106","BPP Kintamani Barat","Kintamani Barat","1080","28","29","0","67","0","124"
"BALI","BANGLI","SUSUT","5106","Susut","Susut","297","10","4","0","20","0","34"
"BALI","BANGLI","TEMBUKU","5106","Tembuku","Tembuku","180","8","3","0","15","0","26"
"BALI","BULELENG","BANJAR","5108","BPP Banjar","Banjar","386","8","5","1","7","0","21"
"BALI","BULELENG","BULELENG","5108","BPP Buleleng","Buleleng","353","3","8","3","6","0","20"
"BALI","BULELENG","BUSUNGBIU","5108","BPP Busungbiu","Busungbiu","243","6","3","2","7","0","18"
"BALI","BULELENG","GEROKGAK","5108","BPP Gerokgak","Gerokgak","399","4","3","1","9","0","17"
"BALI","BULELENG","KUBUTAMBAHAN","5108","BPP Kubutambahan","Kubutambahan","375","3","4","4","5","0","16"
"BALI","BULELENG","SAWAN","5108","BPP Sawan","Sawan","188","6","3","2","10","0","21"
"BALI","BULELENG","SERIRIT","5108","BPP Seririt","Seririt","248","4","5","2","10","0","21"
"BALI","BULELENG","SUKASADA","5108","BPP Sukasada","Sukasada","410","4","6","2","12","0","24"
"BALI","BULELENG","TEJAKULA","5108","BPP Tejakula","Tejakula","342","4","2","2","5","0","13"
"BALI","GIANYAR","BLAHBATUH","5104","BPP Blahbatuh","Blahbatuh","121","2","0","2","3","0","7"
"BALI","GIANYAR","GIANYAR","5104","BPP Gianyar","Gianyar","221","3","0","2","3","0","8"
"BALI","GIANYAR","PAYANGAN","5104","BPP Payangan","Payangan","137","3","0","1","3","0","7"
"BALI","GIANYAR","SUKAWATI","5104","BPP Sukawati","Sukawati","145","2","0","2","4","0","8"
"BALI","GIANYAR","TAMPAKSIRING","5104","BPP Tampaksiring","Tampaksiring","206","2","0","1","3","0","6"
"BALI","GIANYAR","TEGALLALANG","5104","BPP Kecamatan Tegalallang","Kecamatan Tegalallang","216","2","0","3","3","0","8"
"BALI","GIANYAR","UBUD","5104","BPP Ubud","Ubud","121","2","0","1","3","0","6"
"BALI","JEMBRANA","JEMBRANA","5101","Balai Penyuluhan Pertanian Kec.Jembrana","Kec.Jembrana","175","6","2","0","12","0","20"
"BALI","JEMBRANA","MELAYA","5101","Balai Penyuluhan Pertanian Kec. Melaya","Kec. Melaya","359","6","1","0","11","0","18"
"BALI","JEMBRANA","MENDOYO","5101","Balai Penyuluhan Pertanian Kec. Mendoyo","Kec. Mendoyo","259","6","1","0","14","0","21"
"BALI","JEMBRANA","NEGARA","5101","Balai Penyuluhan Pertanian Kec. Negara","Kec. Negara","346","8","1","0","20","1","30"
"BALI","JEMBRANA","PEKUTATAN","5101","Balai Penyuluhan Pertanian Kec.Pekutatan","Kec.Pekutatan","131","4","0","0","5","0","9"
"BALI","KARANG ASEM","ABANG","5107","BPP Kecamatan Abang","Kecamatan Abang","173","7","2","0","5","0","14"
"BALI","KARANG ASEM","BEBANDEM","5107","BPP Kecamatan Bebandem","Kecamatan Bebandem","160","5","3","0","6","0","14"
"BALI","KARANG ASEM","KARANGASEM","5107","BPP Kec. Karangasem","Kec. Karangasem","201","4","3","0","5","0","12"
"BALI","KARANG ASEM","KUBU","5107","BPP Kecamatan Kubu","Kecamatan Kubu","524","5","3","0","4","0","12"
"BALI","KARANG ASEM","MANGGIS","5107","BPP Kec. Manggis","Kec. Manggis","121","3","3","0","1","0","7"
"BALI","KARANG ASEM","RENDANG","5107","BPP Kec. Rendang","Kec. Rendang","171","3","3","0","10","0","16"
"BALI","KARANG ASEM","SELAT","5107","BPP Kec. Selat","Kec. Selat","99","4","1","0","5","0","10"
"BALI","KARANG ASEM","SIDEMEN","5107","BPP KECAMATAN SIDEMEN","Kecamatan Sidemen","105","4","1","0","6","0","11"
"BALI","KLUNGKUNG","BANJARANGKAN","5105","BPP Kecamatan Banjarangkan","Kecamatan Banjarangkan","219","9","4","0","21","0","34"
"BALI","KLUNGKUNG","DAWAN","5105","BPP Kecamatan Dawan","Kecamatan Dawan","97","6","2","0","16","0","24"
"BALI","KLUNGKUNG","KLUNGKUNG","5105","BPP Kecamatan Klungkung","Kecamatan Klungkung","135","10","1","0","17","0","28"
"BALI","KLUNGKUNG","NUSAPENIDA","5105","BPP Kecamatan Nusa Penida","Kecamatan Nusa Penida","261","3","4","0","0","0","7"
"BALI","KOTA DENPASAR","DENPASAR BARAT","5171","BPP Denpasar Barat","Denpasar Barat","26","2","1","2","12","0","17"
"BALI","KOTA DENPASAR","DENPASAR SELATAN","5171","BPP Denpasar Selatan","Denpasar Selatan","45","4","1","1","12","0","18"
"BALI","KOTA DENPASAR","DENPASAR TIMUR","5171","BPP Denpasar Timur","Denpasar Timur","57","3","2","1","14","0","20"
"BALI","KOTA DENPASAR","DENPASAR UTARA","5171","BPP Denpasar Utara","Denpasar Utara","41","3","1","2","17","0","23"
"BALI","TABANAN","BATURITI","5102","BPP Baturiti","Baturiti","284","3","1","0","8","0","12"
"BALI","TABANAN","KEDIRI","5102","Kediri","Kediri","196","6","0","0","8","0","14"
"BALI","TABANAN","KERAMBITAN","5102","Kerambitan","Kerambitan","290","2","2","0","10","0","14"
"BALI","TABANAN","MARGA","5102","BPP Marga","Marga","331","5","0","0","11","0","16"
"BALI","TABANAN","PENEBEL","5102","BPP Penebel","Penebel","486","5","1","0","10","0","16"
"BALI","TABANAN","PUPUAN","5102","Pupuan","Pupuan","201","3","0","0","7","0","10"
"BALI","TABANAN","SELEMADEG","5102","BPP Selemadeg","Selemadeg","174","2","1","0","12","0","15"
"BALI","TABANAN","SELEMADEG BARAT","5102","Selemadeg Barat","Selemadeg Barat","198","3","1","0","8","0","12"
"BALI","TABANAN","SELEMADEG TIMUR","5102","BPP Selemadeg Timur","Selemadeg Timur","275","6","1","0","11","0","18"
"BALI","TABANAN","TABANAN","5102","BPP Tabanan","Tabanan","195","6","0","0","10","0","16"
"BANTEN","KOTA CILEGON","CIBEBER","3672","BPP KECAMATAN CIBEBER","Kecamatan Cibeber","35","1","1","0","1","0","3"
"BANTEN","KOTA CILEGON","CILEGON","","","","","0","1","0","1","0","2"
"BANTEN","KOTA CILEGON","CITANGKIL","","","","","1","1","0","0","0","2"
"BANTEN","KOTA CILEGON","CIWANDAN","","","","","1","1","0","1","0","3"
"BANTEN","KOTA CILEGON","GROGOL","","","","","1","1","0","0","0","2"
"BANTEN","KOTA CILEGON","JOMBANG","","","","","1","1","0","0","0","2"
"BANTEN","KOTA CILEGON","PULOMERAK","","","","","1","0","0","1","0","2"
"BANTEN","KOTA CILEGON","PURWAKARTA","","","","","1","1","0","0","0","2"
"BANTEN","KOTA SERANG","CIPOCOK JAYA","3673","Cipocok Jaya","Cipocok Jaya","53","0","1","1","4","0","6"
"BANTEN","KOTA SERANG","CURUG","3673","Curug","Curug","85","3","0","0","7","0","10"
"BANTEN","KOTA SERANG","KASEMEN","3673","Kasemen","Kasemen","119","3","0","1","9","0","13"
"BANTEN","KOTA SERANG","SERANG","3673","Serang","Serang","33","1","0","0","5","0","6"
"BANTEN","KOTA SERANG","TAKTAKAN","3673","Taktakan","Taktakan","84","1","0","0","5","0","6"
"BANTEN","KOTA SERANG","WALANTAKA","3673","Walantaka","Walantaka","82","1","1","1","5","0","8"
"BANTEN","KOTA TANGERANG","BATUCEPER","","","","","1","0","0","0","0","1"
"BANTEN","KOTA TANGERANG","BENDA","","","","","0","0","1","0","0","1"
"BANTEN","KOTA TANGERANG","CIBODAS","","","","","0","0","0","0","0","0"
"BANTEN","KOTA TANGERANG","CILEDUG","","","","","1","0","0","0","0","1"
"BANTEN","KOTA TANGERANG","CIPONDOH","","","","","1","0","0","0","0","1"
"BANTEN","KOTA TANGERANG","JATI UWUNG","","","","","0","0","0","0","0","0"
"BANTEN","KOTA TANGERANG","KARANG TENGAH","","","","","1","0","0","0","0","1"
"BANTEN","KOTA TANGERANG","KARAWACI","","","","","1","0","0","0","0","1"
"BANTEN","KOTA TANGERANG","LARANGAN","","","","","0","0","0","0","0","0"
"BANTEN","KOTA TANGERANG","NEGLASARI","","","","","0","0","0","0","0","0"
"BANTEN","KOTA TANGERANG","PERIUK","","","","","1","0","0","0","0","1"
"BANTEN","KOTA TANGERANG","PINANG","","","","","1","0","0","0","0","1"
"BANTEN","KOTA TANGERANG","TANGERANG","","","","","0","0","0","0","0","0"
"BANTEN","KOTA TANGERANG SELATAN","CIPUTAT","3674","Balai Penyuluhan Pertanian Jombang","Jombang","25","0","0","0","1","0","1"
"BANTEN","KOTA TANGERANG SELATAN","CIPUTAT TIMUR","3674","Balai Penyuluhan Pertanian Jombang","Jombang","25","0","0","0","0","0","0"
"BANTEN","KOTA TANGERANG SELATAN","PAMULANG","3674","Balai Penyuluhan Pertanian Jombang","Jombang","29","0","0","0","0","0","0"
"BANTEN","KOTA TANGERANG SELATAN","PONDOK AREN","3674","Balai Penyuluhan Pertanian Jombang","Jombang","13","0","0","0","0","0","0"
"BANTEN","KOTA TANGERANG SELATAN","SERPONG","3674","Balai Penyuluhan Pertanian Jombang","Jombang","21","0","0","0","0","0","0"
"BANTEN","KOTA TANGERANG SELATAN","SERPONG UTARA","3674","Balai Penyuluhan Pertanian Jombang","Jombang","23","0","0","0","0","0","0"
"BANTEN","KOTA TANGERANG SELATAN","SETU","3674","Balai Penyuluhan Pertanian Jombang","Jombang","30","4","2","0","1","0","7"
"BANTEN","LEBAK","","3602","BPP Kecamatan Leuwidamar","Kecamatan Leuwidamar","10","","","","","",""
"BANTEN","LEBAK","BANJARSARI","3602","BPP Kecamatan Banjarsari","Kecamatan Banjarsari","124","4","2","2","8","0","16"
"BANTEN","LEBAK","BAYAH","3602","BPP Kecamatan Bayah","Kecamatan Bayah","79","2","3","0","10","0","15"
"BANTEN","LEBAK","BOJONGMANIK","3602","BPP Kecamatan Bojongmanik","Kecamatan Bojongmanik","70","2","2","0","5","0","9"
"BANTEN","LEBAK","CIBADAK","3602","BPP Kecamatan Cibadak","Kecamatan Cibadak","109","3","4","1","4","0","12"
"BANTEN","LEBAK","CIBEBER","3602","BPP Kecamatan Cibeber","Kecamatan Cibeber","126","2","5","1","4","0","12"
"BANTEN","LEBAK","CIGEMBLONG","3602","BPP Kecamatan Cigemblong","Kecamatan Cigemblong","99","4","1","0","2","0","7"
"BANTEN","LEBAK","CIHARA","3602","BPP Kecamatan Cihara","Kecamatan Cihara","76","1","4","0","3","0","8"
"BANTEN","LEBAK","CIJAKU","3602","BPP Kecamatan Cijaku","Kecamatan Cijaku","111","2","3","0","5","0","10"
"BANTEN","LEBAK","CIKULUR","3602","BPP Kecamatan Cikulur","Kecamatan Cikulur","105","5","1","2","7","0","15"
"BANTEN","LEBAK","CILELES","3602","BPP Kecamatan Cileles","Kecamatan Cileles","95","1","1","4","3","0","9"
"BANTEN","LEBAK","CILOGRANG","3602","BPP Kecamatan Cilograng","Kecamatan Cilograng","73","2","2","1","4","0","9"
"BANTEN","LEBAK","CIMARGA","3602","BPP Kecamatan Cimarga","Kecamatan Cimarga","117","4","5","0","4","0","13"
"BANTEN","LEBAK","CIPANAS","3602","BPP Kecamatan Cipanas","Kecamatan Cipanas","141","5","1","0","10","0","16"
"BANTEN","LEBAK","CIRINTEN","3602","BPP Kecamatan Cirinten","Kecamatan Cirinten","114","4","1","0","11","0","16"
"BANTEN","LEBAK","CURUGBITUNG","3602","BPP Kecamatan Curugbitung","Kecamatan Curugbitung","77","2","3","1","10","0","16"
"BANTEN","LEBAK","GUNUNG KENCANA","3602","BPP Kecamatan Gunung Kencana","Kecamatan Gunung Kencana","94","2","3","0","4","0","9"
"BANTEN","LEBAK","KALANGANYAR","3602","BPP Kecamatan Kalanganyar","Kecamatan Kalanganyar","72","4","1","2","6","0","13"
"BANTEN","LEBAK","LEBAKGEDONG","3602","BPP Kecamatan Lebakgedong","Kecamatan Lebakgedong","36","2","2","0","2","0","6"
"BANTEN","LEBAK","LEUWIDAMAR","3602","BPP Kecamatan Leuwidamar","Kecamatan Leuwidamar","122","2","1","2","2","0","7"
"BANTEN","LEBAK","MAJA","3602","BPP Kecamatan Maja","Kecamatan Maja","101","2","4","2","4","0","12"
"BANTEN","LEBAK","MALINGPING","3602","BPP Kecamatan Malingping","Kecamatan Malingping","139","3","4","0","4","0","11"
"BANTEN","LEBAK","MUNCANG","3602","BPP Kecamatan Muncang","Kecamatan Muncang","90","2","2","0","2","0","6"
"BANTEN","LEBAK","PANGGARANGAN","3602","BPP Kecamatan Panggarangan","Kecamatan Panggarangan","117","5","0","2","5","0","12"
"BANTEN","LEBAK","RANGKASBITUNG","3602","BPP Kecamatan Rangkasbitung","Kecamatan Rangkasbitung","81","2","6","0","6","0","14"
"BANTEN","LEBAK","SAJIRA","3602","BPP Kecamatan Sajira","Kecamatan Sajira","109","3","2","1","5","0","11"
"BANTEN","LEBAK","SOBANG","3602","BPP Kecamatan Sobang","Kecamatan Sobang","134","2","4","0","10","0","16"
"BANTEN","LEBAK","WANASALAM","3602","BPP Kecamatan Wanasalam","Kecamatan Wanasalam","136","6","1","0","3","0","10"
"BANTEN","LEBAK","WARUNGGUNUNG","3602","BPP Kecamatan Warunggunung","Kecamatan Warunggunung","119","2","3","0","7","0","12"
"BANTEN","PANDEGLANG","ANGSANA","3601","BPP Angsana","Angsana","115","3","1","0","1","0","5"
"BANTEN","PANDEGLANG","BANJAR","3601","BPP Banjar","Banjar","72","3","2","0","1","0","6"
"BANTEN","PANDEGLANG","BOJONG","3601","BPP Bojong","Bojong","66","3","1","0","1","0","5"
"BANTEN","PANDEGLANG","CADASARI","3601","BPP Cadasari","Cadasari","66","4","1","0","2","0","7"
"BANTEN","PANDEGLANG","CARITA","3601","BPP Carita","Carita","58","3","1","0","2","0","6"
"BANTEN","PANDEGLANG","CIBALIUNG","3601","BPP CIBALIUNG","Cibaliung","80","3","2","0","2","0","7"
"BANTEN","PANDEGLANG","CIBITUNG","3601","BPP Cibitung","Cibitung","63","2","2","0","2","0","6"
"BANTEN","PANDEGLANG","CIGEULIS","3601","BPP Cigeulis","Cigeulis","83","1","3","0","2","0","6"
"BANTEN","PANDEGLANG","CIKEDAL","3601","BPP Cikedal","Cikedal","60","3","2","0","2","0","7"
"BANTEN","PANDEGLANG","CIKEUSIK","3601","BPP Cikeusik","Cikeusik","185","4","1","0","3","0","8"
"BANTEN","PANDEGLANG","CIMANGGU","3601","BPP Cimanggu","Cimanggu","106","1","4","0","2","0","7"
"BANTEN","PANDEGLANG","CIMANUK","3601","BPP Cimanuk","Cimanuk","74","3","3","0","2","0","8"
"BANTEN","PANDEGLANG","CIPEUCANG","3601","BPP Cipeucang","Cipeucang","61","4","2","0","2","0","8"
"BANTEN","PANDEGLANG","CISATA","3601","BPP Cisata","Cisata","71","3","2","0","0","0","5"
"BANTEN","PANDEGLANG","JIPUT","3601","BPP Jiput","Jiput","81","2","3","0","2","0","7"
"BANTEN","PANDEGLANG","KADUHEJO","3601","BPP Kaduhejo","Kaduhejo","65","3","3","0","2","0","8"
"BANTEN","PANDEGLANG","KARANGTANJUNG","3601","BPP Karang Tanjung","Karang Tanjung","47","2","2","0","1","0","5"
"BANTEN","PANDEGLANG","KORONCONG","3601","BPP Koroncong","Koroncong","48","2","4","0","2","0","8"
"BANTEN","PANDEGLANG","LABUAN","3601","BPP Labuan","Labuan","26","1","2","0","2","0","5"
"BANTEN","PANDEGLANG","MAJASARI","3601","BPP Majasari","Majasari","37","3","1","0","2","0","6"
"BANTEN","PANDEGLANG","MANDALAWANGI","3601","BPP Mandalawangi","Mandalawangi","98","3","2","0","2","0","7"
"BANTEN","PANDEGLANG","MEKARJAYA","3601","BPP Mekarjaya","Mekarjaya","53","2","3","0","2","0","7"
"BANTEN","PANDEGLANG","MENES","3601","BPP Menes","Menes","61","7","2","0","1","0","10"
"BANTEN","PANDEGLANG","MUNJUL","3601","BPP Munjul","Munjul","88","3","2","0","2","0","7"
"BANTEN","PANDEGLANG","PAGELARAN","3601","BPP Pagelaran","Pagelaran","107","2","3","0","2","0","7"
"BANTEN","PANDEGLANG","PANDEGLANG","3601","BPP Pandeglang","Pandeglang","41","2","2","0","2","0","6"
"BANTEN","PANDEGLANG","PANIMBANG","3601","BPP Panimbang","Panimbang","104","2","1","0","2","0","5"
"BANTEN","PANDEGLANG","PATIA","3601","BPP Patia","Patia","119","3","2","0","2","0","7"
"BANTEN","PANDEGLANG","PICUNG","3601","BPP Picung","Picung","85","1","3","0","2","0","6"
"BANTEN","PANDEGLANG","PULOSARI","3601","BPP Pulosari","Pulosari","70","3","3","0","7","0","13"
"BANTEN","PANDEGLANG","SAKETI","3601","BPP Saketi","Saketi","99","3","2","0","1","0","6"
"BANTEN","PANDEGLANG","SINDANGRESMI","3601","BPP Sindangresmi","Sindangresmi","100","3","1","0","2","0","6"
"BANTEN","PANDEGLANG","SOBANG","3601","BPP Sobang","Sobang","109","2","3","0","2","0","7"
"BANTEN","PANDEGLANG","SUKARESMI","3601","BPP Sukaresmi","Sukaresmi","139","3","2","0","3","0","8"
"BANTEN","PANDEGLANG","SUMUR","3601","BPP Sumur","Sumur","73","2","2","0","2","0","6"
"BANTEN","SERANG","ANYAR","3604","BPP Kecamatan Anyar","Kecamatan Anyar","62","4","1","0","11","0","16"
"BANTEN","SERANG","BANDUNG","3604","BPP Kecamatan Bandung","Kecamatan Bandung","66","2","1","0","14","0","17"
"BANTEN","SERANG","BAROS","3604","BPP Kecamatan Baros","Kecamatan Baros","84","5","0","1","10","0","16"
"BANTEN","SERANG","BINUANG","3604","BPP Kecamatan Binuang","Kecamatan Binuang","72","2","1","1","7","0","11"
"BANTEN","SERANG","BOJONEGARA","3604","BPP Kecamatan Bojonegara","Kecamatan Bojonegara","71","3","1","0","2","0","6"
"BANTEN","SERANG","CARENANG","3604","BPP Kecamatan Carenang","Kecamatan Carenang","86","4","1","0","9","0","14"
"BANTEN","SERANG","CIKANDE","3604","BPP Kecamatan Cikande","Kecamatan Cikande","55","2","1","0","13","0","16"
"BANTEN","SERANG","CIKEUSAL","3604","BPP Kecamatan Cikeusal","Kecamatan Cikeusal","113","4","2","0","10","0","16"
"BANTEN","SERANG","CINANGKA","3604","BPP Kecamatan Cinangka","Kecamatan Cinangka","111","3","2","0","8","0","13"
"BANTEN","SERANG","CIOMAS","3604","BPP Kecamatan Ciomas","Kecamatan Ciomas","88","3","1","0","11","0","15"
"BANTEN","SERANG","CIRUAS","3604","BPP Kecamatan Ciruas","Kecamatan Ciruas","92","7","1","0","2","0","10"
"BANTEN","SERANG","GUNUNG SARI","3604","BPP Kecamatan Gunung Sari","Kecamatan Gunung Sari","58","2","1","1","7","0","11"
"BANTEN","SERANG","JAWILAN","3604","BPP Kecamatan Jawilan","Kecamatan Jawilan","60","4","0","0","9","0","13"
"BANTEN","SERANG","KIBIN","3604","BPP Kecamatan Kibin","Kecamatan Kibin","51","3","1","0","8","0","12"
"BANTEN","SERANG","KOPO","3604","BPP Kecamatan Kopo","Kecamatan Kopo","70","3","0","1","10","0","14"
"BANTEN","SERANG","KRAGILAN","3604","BPP Kecamatan Kragilan","Kecamatan Kragilan","59","3","1","0","3","0","7"
"BANTEN","SERANG","KRAMATWATU","3604","BPP Kecamatan Kramatwatu","Kecamatan Kramatwatu","66","6","0","0","15","0","21"
"BANTEN","SERANG","LEBAK WANGI","3604","BPP Kecamatan Lebak Wangi","Kecamatan Lebak Wangi","70","4","0","0","10","0","14"
"BANTEN","SERANG","MANCAK","3604","BPP Kecamatan Mancak","Kecamatan Mancak","79","3","0","1","5","0","9"
"BANTEN","SERANG","PABUARAN","3604","BPP Kecamatan Pabuaran","Kecamatan Pabuaran","67","3","2","0","2","0","7"
"BANTEN","SERANG","PADARINCANG","3604","BPP Padarincang","Padarincang","131","3","1","1","14","0","19"
"BANTEN","SERANG","PAMARAYAN","3604","BPP Kecamatan Pamarayan","Kecamatan Pamarayan","77","3","0","0","7","0","10"
"BANTEN","SERANG","PETIR","3604","BPP Kecamatan Petir","Kecamatan Petir","74","3","0","1","8","0","12"
"BANTEN","SERANG","PONTANG","3604","BPP Kecamatan Pontang","Kecamatan Pontang","96","4","1","0","3","0","8"
"BANTEN","SERANG","PULO AMPEL","3604","BPP Kecamatan Pulo Ampel","Kecamatan Pulo Ampel","33","3","0","1","6","0","10"
"BANTEN","SERANG","TANARA","3604","BPP Kecamatan Tanara","Kecamatan Tanara","64","2","2","0","9","0","13"
"BANTEN","SERANG","TIRTAYASA","3604","BPP Kecamatan Tirtayasa","Kecamatan Tirtayasa","82","4","1","0","9","0","14"
"BANTEN","SERANG","TUNJUNG TEJA","3604","BPP Kecamatan Tunjung Teja","Kecamatan Tunjung Teja","87","3","1","0","9","0","13"
"BANTEN","SERANG","WARINGINKURUNG","3604","BPP Kecamatan Waringin Kurung","Kecamatan Waringin Kurung","73","4","2","0","21","0","27"
"BANTEN","TANGERANG","BALARAJA","3603","BPP KALIASIN","Kaliasin","35","1","1","0","3","0","5"
"BANTEN","TANGERANG","CIKUPA","3603","BPP SUKATANI","Sukatani","15","0","0","0","0","0","0"
"BANTEN","TANGERANG","CISAUK","3603","BPP CARINGIN","Caringin","30","0","0","0","1","0","1"
"BANTEN","TANGERANG","CISOKA","3603","BPP CARENANG","Carenang","52","4","3","0","9","0","16"
"BANTEN","TANGERANG","CURUG","3603","BPP CARINGIN","Caringin","25","0","0","0","3","0","3"
"BANTEN","TANGERANG","GUNUNG KALER","3603","BPP KRONJO","Kronjo","60","0","0","0","3","0","3"
"BANTEN","TANGERANG","JAMBE","3603","BPP CARENANG","Carenang","34","0","0","0","0","0","0"
"BANTEN","TANGERANG","JAYANTI","3603","BPP KALIASIN","Kaliasin","56","0","0","0","0","0","0"
"BANTEN","TANGERANG","KELAPA DUA","3603","BPP CARINGIN","Caringin","7","0","0","0","0","0","0"
"BANTEN","TANGERANG","KEMIRI","3603","BPP TEGAL KUNIR","Tegal Kunir","50","0","0","0","1","0","1"
"BANTEN","TANGERANG","KOSAMBI","3603","BPP KAMPUNG MELAYU","Kampung Melayu","24","0","0","0","1","0","1"
"BANTEN","TANGERANG","KRESEK","3603","BPP KALIASIN","Kaliasin","59","0","1","0","3","0","4"
"BANTEN","TANGERANG","KRONJO","3603","BPP KRONJO","Kronjo","70","4","6","0","7","0","17"
"BANTEN","TANGERANG","LEGOK","3603","BPP CARINGIN","Caringin","56","6","6","0","17","0","29"
"BANTEN","TANGERANG","MAUK","3603","BPP TEGAL KUNIR","Tegal Kunir","80","0","9","0","19","0","28"
"BANTEN","TANGERANG","MEKAR BARU","3603","BPP KRONJO","Kronjo","59","0","0","0","2","0","2"
"BANTEN","TANGERANG","PAGEDANGAN","3603","BPP CARINGIN","Caringin","59","0","0","0","0","0","0"
"BANTEN","TANGERANG","PAKUHAJI","3603","BPP KAMPUNG MELAYU","Kampung Melayu","89","0","0","0","0","0","0"
"BANTEN","TANGERANG","PANONGAN","3603","BPP CARINGIN","Caringin","31","0","1","0","5","0","6"
"BANTEN","TANGERANG","PASARKEMIS","3603","BPP SUKATANI","Sukatani","24","0","0","0","2","0","2"
"BANTEN","TANGERANG","RAJEG","3603","BPP SUKATANI","Sukatani","75","4","6","0","15","2","27"
"BANTEN","TANGERANG","SEPATAN","3603","BPP SEPATAN","Sepatan","32","3","6","0","32","0","41"
"BANTEN","TANGERANG","SEPATAN TIMUR","3603","BPP SEPATAN","Sepatan","32","0","0","0","0","0","0"
"BANTEN","TANGERANG","SINDANG JAYA","3603","BPP SUKATANI","Sukatani","39","0","0","0","0","0","0"
"BANTEN","TANGERANG","SOLEAR","3603","BPP CARENANG","Carenang","42","0","0","0","1","0","1"
"BANTEN","TANGERANG","SUKADIRI","3603","BPP SEPATAN","Sepatan","46","0","0","0","3","0","3"
"BANTEN","TANGERANG","SUKAMULYA","3603","BPP KALIASIN","Kaliasin","48","3","6","0","5","0","14"
"BANTEN","TANGERANG","TELUKNAGA","3603","BPP KAMPUNG MELAYU","Kampung Melayu","60","4","5","0","22","0","31"
"BANTEN","TANGERANG","TIGARAKSA","3603","BPP CARENANG","Carenang","47","0","0","0","1","0","1"
"BENGKULU","BENGKULU SELATAN","AIR NIPIS","1701","BPP Air Nipis","Air Nipis","183","4","5","0","7","0","16"
"BENGKULU","BENGKULU SELATAN","BUNGA MAS","1701","BPP Bunga Mas","Bunga Mas","106","5","4","0","6","0","15"
"BENGKULU","BENGKULU SELATAN","KEDURANG","1701","BPP Kedurang","Kedurang","168","5","7","0","3","0","15"
"BENGKULU","BENGKULU SELATAN","KEDURANG ILIR","1701","BPP Sulau","Sulau","119","5","3","0","4","0","12"
"BENGKULU","BENGKULU SELATAN","KOTA MANNA","1701","BPP KOTA MANNA","Kota Manna","79","5","4","0","2","0","11"
"BENGKULU","BENGKULU SELATAN","MANNA","1701","BPP Manna","Manna","161","9","3","0","2","0","14"
"BENGKULU","BENGKULU SELATAN","PASAR MANNA","1701","BPP KOTA MANNA","Kota Manna","32","0","0","0","0","0","0"
"BENGKULU","BENGKULU SELATAN","PINO","1701","BPP Batu Bandung","Batu Bandung","181","7","5","0","10","0","22"
"BENGKULU","BENGKULU SELATAN","PINORAYA","1701","BPP Pino Raya","Pino Raya","248","8","5","0","4","0","17"
"BENGKULU","BENGKULU SELATAN","SEGINIM","1701","BPP Seginim","Seginim","305","5","9","0","8","0","22"
"BENGKULU","BENGKULU SELATAN","ULU MANNA","1701","BPP Ulu Manna","Ulu Manna","107","3","4","0","4","0","11"
"BENGKULU","BENGKULU TENGAH","","1709","BPP Pondok Kubang","Pondok Kubang","10","","","","","",""
"BENGKULU","BENGKULU TENGAH","BANG HAJI","1709","BPP Bang Haji","Bang Haji","53","2","1","1","0","0","4"
"BENGKULU","BENGKULU TENGAH","KARANG TINGGI","1709","BPP Karang Tinggi","Karang Tinggi","75","6","0","0","3","0","9"
"BENGKULU","BENGKULU TENGAH","MERIGI KELINDANG","1709","BPP Merigi Kelindang","Merigi Kelindang","64","3","1","1","0","0","5"
"BENGKULU","BENGKULU TENGAH","MERIGI SAKTI","1709","BPP Merigi Sakti","Merigi Sakti","83","3","0","2","0","0","5"
"BENGKULU","BENGKULU TENGAH","PAGAR JATI","1709","Balai Penyuluhan Pertanian Pagar Jati","Pagar Jati","83","2","1","2","0","0","5"
"BENGKULU","BENGKULU TENGAH","PEMATANG TIGA","1709","BPP Pematang Tiga","Pematang Tiga","67","1","1","2","0","0","4"
"BENGKULU","BENGKULU TENGAH","PONDOK KELAPA","1709","BPP Talang Pauh","Talang Pauh","217","4","0","2","0","0","6"
"BENGKULU","BENGKULU TENGAH","PONDOK KUBANG","1709","BPP Pondok Kubang","Pondok Kubang","88","4","1","0","2","0","7"
"BENGKULU","BENGKULU TENGAH","SEMIDANG LAGAN","1709","BPP Semidang Jaya","Semidang Jaya","47","4","0","2","0","0","6"
"BENGKULU","BENGKULU TENGAH","TABA PENANJUNG","1709","BPP Anak Dalam","Anak Dalam","85","3","0","1","2","0","6"
"BENGKULU","BENGKULU TENGAH","TALANG EMPAT","1709","BPP Jayakarta","Jayakarta","69","4","1","1","1","0","7"
"BENGKULU","BENGKULU UTARA","AIR BESI","1703","BPP Air Besi","Air Besi","75","2","2","0","3","0","7"
"BENGKULU","BENGKULU UTARA","AIR NAPAL","1703","BPP Air Napal","Air Napal","67","3","1","2","4","0","10"
"BENGKULU","BENGKULU UTARA","AIR PADANG","1703","BPP Air Padang","Air Padang","72","3","2","0","3","0","8"
"BENGKULU","BENGKULU UTARA","ARGA MAKMUR","1703","BPP Arga Makmur","Arga Makmur","109","2","4","0","6","0","12"
"BENGKULU","BENGKULU UTARA","ARMA JAYA","1703","BPP Arma Jaya","Arma Jaya","95","3","2","3","6","0","14"
"BENGKULU","BENGKULU UTARA","BATIK NAU","1703","BPP Ratu Samban","Ratu Samban","120","2","1","0","2","0","5"
"BENGKULU","BENGKULU UTARA","ENGGANO","1703","BPP Enggano","Enggano","53","0","2","1","2","0","5"
"BENGKULU","BENGKULU UTARA","GIRI MULYA","1703","BPP Giri Mulya","Giri Mulya","139","3","0","2","6","0","11"
"BENGKULU","BENGKULU UTARA","HULU PALIK","1703","BPP Hulu Palik","Hulu Palik","118","1","3","0","6","0","10"
"BENGKULU","BENGKULU UTARA","KERKAP","1703","BPP Kerkap","Kerkap","93","3","0","3","4","0","10"
"BENGKULU","BENGKULU UTARA","KETAHUN","1703","BPP Ketahun","Ketahun","115","1","1","3","1","0","6"
"BENGKULU","BENGKULU UTARA","LAIS","1703","BPP Lais","Lais","90","1","3","2","5","0","11"
"BENGKULU","BENGKULU UTARA","MARGA SAKTI SEBELAT","1703","BPP Marga Sakti Sebelat","Marga Sakti Sebelat","123","1","0","0","2","0","3"
"BENGKULU","BENGKULU UTARA","NAPAL PUTIH","1703","BPP Napal Putih","Napal Putih","75","1","1","1","3","0","6"
"BENGKULU","BENGKULU UTARA","PADANG JAYA","1703","BPP Padang Jaya","Padang Jaya","190","3","2","1","7","0","13"
"BENGKULU","BENGKULU UTARA","PINANG RAYA","1703","BPP Pinang Raya","Pinang Raya","126","1","2","2","4","0","9"
"BENGKULU","BENGKULU UTARA","PUTRI HIJAU","1703","BPP Cipto Mulyo","Cipto Mulyo","188","1","0","0","4","0","5"
"BENGKULU","BENGKULU UTARA","TANJUNG AGUNG PALIK","1703","BPP Tanjung Agung Palik","Tanjung Agung Palik","52","1","2","2","3","0","8"
"BENGKULU","BENGKULU UTARA","ULOK KUPAI","1703","BPP Ulok Kupai","Ulok Kupai","90","1","1","2","2","0","6"
"BENGKULU","KAUR","KAUR SELATAN","1704","BPP Bintuhan","Bintuhan","193","4","2","1","1","0","8"
"BENGKULU","KAUR","KAUR TENGAH","1704","BPP Tetap","Tetap","89","5","0","0","0","0","5"
"BENGKULU","KAUR","KAUR UTARA","1704","BPP KAUR UTARA","Kaur Utara","170","2","0","4","1","0","7"
"BENGKULU","KAUR","KELAM TENGAH","1704","BPP Tanjung Ganti","Tanjung Ganti","198","7","0","3","2","0","12"
"BENGKULU","KAUR","KINAL","1704","BPP Tanjung Harapan","Tanjung Harapan","76","3","0","1","0","0","4"
"BENGKULU","KAUR","LUAS","1704","BPP LUAS","Luas","178","3","0","2","2","0","7"
"BENGKULU","KAUR","LUNGKANG KULE","1704","BPP LUNGKANG KULE","Lungkang Kule","84","2","2","2","1","0","7"
"BENGKULU","KAUR","MAJE","1704","BPP Maje","Maje","100","4","0","1","0","0","5"
"BENGKULU","KAUR","MUARA SAHUNG","1704","BPP LUAS","Luas","83","1","1","0","0","0","2"
"BENGKULU","KAUR","NASAL","1704","BPP Maje","Maje","116","2","1","4","2","0","9"
"BENGKULU","KAUR","PADANG GUCI HILIR","1704","BPP KAUR UTARA","Kaur Utara","115","2","0","1","0","0","3"
"BENGKULU","KAUR","PADANG GUCI HULU","1704","BPP LUNGKANG KULE","Lungkang Kule","145","1","0","2","1","0","4"
"BENGKULU","KAUR","SEMIDANG GUMAY","1704","BPP Tanjung Harapan","Tanjung Harapan","138","3","1","2","3","0","9"
"BENGKULU","KAUR","TANJUNG KEMUNING","1704","BPP Tanjung Kemuning","Tanjung Kemuning","208","9","2","4","2","0","17"
"BENGKULU","KAUR","TETAP","1704","BPP Tetap","Tetap","152","2","2","2","2","0","8"
"BENGKULU","KEPAHIANG","BERMANI ILIR","1708","BPP Kecamatan Bermani Ilir","Kecamatan Bermani Ilir","137","7","2","13","0","0","22"
"BENGKULU","KEPAHIANG","KABA WETAN","1708","BPP Kecamatan Kebawetan","Kecamatan Kebawetan","150","4","4","10","1","0","19"
"BENGKULU","KEPAHIANG","KEPAHIANG","1708","BPP Kecamatan Kepahiang","Kecamatan Kepahiang","152","11","3","16","3","0","33"
"BENGKULU","KEPAHIANG","MERIGI","1708","BPP Kecamatan Merigi","Kecamatan Merigi","83","5","2","5","2","0","14"
"BENGKULU","KEPAHIANG","MUARA KEMUMU","1708","BPP Kecamatan Muara Kemumu","Kecamatan Muara Kemumu","83","3","2","6","1","0","12"
"BENGKULU","KEPAHIANG","SEBERANG MUSI","1708","BPP Seberang Musi","Seberang Musi","91","3","4","9","2","0","18"
"BENGKULU","KEPAHIANG","TEBAT KARAI","1708","BPP Kecamatan Tebat Karai","Kecamatan Tebat Karai","88","7","0","12","2","0","21"
"BENGKULU","KEPAHIANG","UJAN MAS","1708","BPP Kecamatan Ujan Mas","Kecamatan Ujan Mas","171","9","4","10","0","0","23"
"BENGKULU","KOTA BENGKULU","GADING CEMPAKA","1771","BPP GADING CEMPAKA SINGARAN PATI","Gading Cempaka Singaran Pati","19","5","1","0","4","0","10"
"BENGKULU","KOTA BENGKULU","KAMPUNG MELAYU","1771","BPP Kampung Melayu","Kampung Melayu","66","3","2","0","3","0","8"
"BENGKULU","KOTA BENGKULU","MUARA BANGKA HULU","1771","BPP Muara Bangkahulu","Muara Bangkahulu","67","3","3","0","4","0","10"
"BENGKULU","KOTA BENGKULU","RATU AGUNG","1771","BPP Ratu Agung Ratu Samban","Ratu Agung Ratu Samban","50","5","1","0","4","0","10"
"BENGKULU","KOTA BENGKULU","RATU SAMBAN","1771","BPP Ratu Agung Ratu Samban","Ratu Agung Ratu Samban","24","0","0","0","0","0","0"
"BENGKULU","KOTA BENGKULU","SELEBAR","1771","BPP Selebar","Selebar","60","3","2","0","3","0","8"
"BENGKULU","KOTA BENGKULU","SINGARAN PATI","1771","BPP GADING CEMPAKA SINGARAN PATI","Gading Cempaka Singaran Pati","40","0","0","0","0","0","0"
"BENGKULU","KOTA BENGKULU","SUNGAI SERUT","1771","BPP Teluk Segara Sungai Serut","Teluk Segara Sungai Serut","36","0","1","0","0","0","1"
"BENGKULU","KOTA BENGKULU","TELUK SEGARA","1771","BPP Teluk Segara Sungai Serut","Teluk Segara Sungai Serut","42","4","0","0","4","0","8"
"BENGKULU","LEBONG","AMEN","1707","BP3 SUKAU RAJO","BP3 Sukau Rajo","85","2","3","2","5","0","12"
"BENGKULU","LEBONG","BINGIN KUNING","1707","BP3 Bingin Kuning","BP3 Bingin Kuning","129","3","2","2","4","0","11"
"BENGKULU","LEBONG","LEBONG ATAS","1707","BP3 TABEAK BLAU","BP3 Tabeak Blau","90","3","0","4","2","0","9"
"BENGKULU","LEBONG","LEBONG SAKTI","1707","BP3 Suka Bumi","BP3 Suka Bumi","79","3","0","3","8","0","14"
"BENGKULU","LEBONG","LEBONG SELATAN","1707","BP3 Tes","BP3 Tes","97","2","0","3","4","0","9"
"BENGKULU","LEBONG","LEBONG TENGAH","1707","BP3 Karang Anyar","BP3 Karang Anyar","85","1","1","4","3","0","9"
"BENGKULU","LEBONG","LEBONG UTARA","1707","BP3 Tunggang","BP3 Tunggang","59","5","0","2","2","0","9"
"BENGKULU","LEBONG","PADANG BANO","","","","","0","0","0","0","0","0"
"BENGKULU","LEBONG","PELABAI","1707","BP3 Gunung Alam","BP3 Gunung Alam","83","4","0","2","3","0","9"
"BENGKULU","LEBONG","PINANG BELAPIS","1707","BP3 Ketenong Jaya","BP3 Ketenong Jaya","85","2","1","2","4","0","9"
"BENGKULU","LEBONG","RIMBO PENGADANG","1707","BP3 Air Dingin","BP3 Air Dingin","75","5","0","0","3","0","8"
"BENGKULU","LEBONG","TOPOS","1707","BP3 Topos","BP3 Topos","60","0","1","4","3","0","8"
"BENGKULU","LEBONG","URAM JAYA","1707","BP3 SUKAU RAJO","BP3 Sukau Rajo","73","0","0","1","1","0","2"
"BENGKULU","MUKOMUKO","AIR DIKIT","1706","BPP AIR DIKIT","AIR Dikit","91","3","1","0","0","0","4"
"BENGKULU","MUKOMUKO","AIR MANJUNTO","1706","BPP AIR MANJUNTO","AIR Manjunto","131","5","1","0","1","0","7"
"BENGKULU","MUKOMUKO","AIR RAMI","1706","BPP AIR RAMI","AIR Rami","134","5","1","0","0","0","6"
"BENGKULU","MUKOMUKO","IPUH","1706","BPP IPUH","Ipuh","110","4","3","0","0","0","7"
"BENGKULU","MUKOMUKO","KOTA MUKOMUKO","1706","BPP KOTA MUKOMUKO","Kota Mukomuko","168","7","0","0","0","1","8"
"BENGKULU","MUKOMUKO","LUBUK PINANG","1706","BPP LUBUK PINANG","Lubuk Pinang","127","5","1","0","4","0","10"
"BENGKULU","MUKOMUKO","MALIN DEMAN","1706","BPP MALIN DEMAN","Malin Deman","76","3","1","0","0","0","4"
"BENGKULU","MUKOMUKO","PENARIK","1706","BPP PENARIK","Penarik","125","9","1","0","0","0","10"
"BENGKULU","MUKOMUKO","PONDOK SUGUH","1706","BPP PONDOK SUGUH","Pondok Suguh","76","4","1","0","0","0","5"
"BENGKULU","MUKOMUKO","SELAGAN RAYA","1706","BPP SELAGAN RAYA","Selagan Raya","142","2","2","0","1","0","5"
"BENGKULU","MUKOMUKO","SUNGAI RUMBAI","1706","BPP SUNGAI RUMBAI","Sungai Rumbai","92","4","1","0","0","0","5"
"BENGKULU","MUKOMUKO","TERAMANG JAYA","1706","BPP TERAMANG JAYA","Teramang Jaya","117","4","1","0","1","0","6"
"BENGKULU","MUKOMUKO","TERAS TERUNJAM","1706","BPP TERAS TERUNJAM","Teras Terunjam","62","3","0","0","1","0","4"
"BENGKULU","MUKOMUKO","V KOTO","1706","BPP V KOTO","V Koto","94","5","1","0","1","0","7"
"BENGKULU","MUKOMUKO","XIV KOTO","1706","BPP XIV KOTO","XIV Koto","117","3","2","0","2","0","7"
"BENGKULU","REJANG LEBONG","BERMANI ULU","1702","BPP Air Pikat","Air Pikat","138","3","0","2","12","0","17"
"BENGKULU","REJANG LEBONG","BERMANI ULU RAYA","1702","BPP Pal VIII","Pal Viii","136","4","0","4","10","0","18"
"BENGKULU","REJANG LEBONG","BINDU RIANG","1702","BPP PADANG ULAK TANDING","Padang Ulak Tanding","40","0","0","2","0","0","2"
"BENGKULU","REJANG LEBONG","CURUP","1702","BPP Lubuk Ubar","Lubuk Ubar","23","1","0","0","0","0","1"
"BENGKULU","REJANG LEBONG","CURUP SELATAN","1702","BPP Lubuk Ubar","Lubuk Ubar","85","2","3","4","4","0","13"
"BENGKULU","REJANG LEBONG","CURUP TENGAH","1702","BPP Lubuk Ubar","Lubuk Ubar","39","1","0","1","0","0","2"
"BENGKULU","REJANG LEBONG","CURUP TIMUR","1702","BPP Kesambe Lama","Kesambe Lama","70","5","0","4","0","0","9"
"BENGKULU","REJANG LEBONG","CURUP UTARA","1702","BPP Kesambe Lama","Kesambe Lama","121","2","0","0","0","0","2"
"BENGKULU","REJANG LEBONG","KOTA PADANG","1702","BPP DURIAN MAS","Durian MAS","72","3","2","0","1","0","6"
"BENGKULU","REJANG LEBONG","PADANG ULAK TANDING","1702","BPP PADANG ULAK TANDING","Padang Ulak Tanding","122","1","3","1","5","0","10"
"BENGKULU","REJANG LEBONG","SELUPU REJANG","1702","BPP Air Duku","Air Duku","216","4","3","1","3","0","11"
"BENGKULU","REJANG LEBONG","SINDANG BELITI ILIR","1702","BPP DURIAN MAS","Durian MAS","78","0","0","0","0","0","0"
"BENGKULU","REJANG LEBONG","SINDANG BELITI ULU","1702","BPP Tanjung Agung","Tanjung Agung","87","2","1","2","5","0","10"
"BENGKULU","REJANG LEBONG","SINDANG DATARAN","1702","BPP Bengko","Bengko","84","1","2","1","0","0","4"
"BENGKULU","REJANG LEBONG","SINDANG KELINGI","1702","BPP Mojorejo","Mojorejo","86","2","1","3","3","0","9"
"BENGKULU","SELUMA","AIR PERIUKAN","1705","BPP Sukaraja","Sukaraja","176","0","0","0","0","0","0"
"BENGKULU","SELUMA","ILIR TALO","1705","BPP ILIR TALO","Ilir Talo","148","5","0","4","2","0","11"
"BENGKULU","SELUMA","LUBUK SANDI","1705","BPP Lubuk Sandi","Lubuk Sandi","107","4","3","4","5","0","16"
"BENGKULU","SELUMA","SELUMA","1705","BPP Talang Dantuk","Talang Dantuk","42","6","3","1","5","0","15"
"BENGKULU","SELUMA","SELUMA BARAT","1705","BPP Talang Dantuk","Talang Dantuk","107","1","0","0","0","0","1"
"BENGKULU","SELUMA","SELUMA SELATAN","1705","BPP SUKARAMI","Sukarami","122","9","0","0","3","0","12"
"BENGKULU","SELUMA","SELUMA TIMUR","1705","BPP Bunga Mas","Bunga Mas","74","7","3","3","2","0","15"
"BENGKULU","SELUMA","SELUMA UTARA","1705","BPP Bunga Mas","Bunga Mas","55","0","0","0","0","0","0"
"BENGKULU","SELUMA","SEMIDANG ALAS","1705","BPP Semidang Alas","Semidang Alas","131","5","2","2","2","0","11"
"BENGKULU","SELUMA","SEMIDANG ALAS MARAS","1705","BPP Kembang Mumpo","Kembang Mumpo","220","7","0","1","13","0","21"
"BENGKULU","SELUMA","SUKARAJA","1705","BPP Sukaraja","Sukaraja","181","12","1","1","13","0","27"
"BENGKULU","SELUMA","TALO","1705","BPP Talo /Masmambang","Talo /Masmambang","96","5","1","2","3","0","11"
"BENGKULU","SELUMA","TALO KECIL","1705","BPP ILIR TALO","Ilir Talo","80","0","0","0","0","0","0"
"BENGKULU","SELUMA","ULU TALO","1705","BPP Talo /Masmambang","Talo /Masmambang","78","0","1","0","0","0","1"
"DI YOGYAKARTA","BANTUL","BAMBANG LIPURO","3402","BPP Kismo Mulyo Bambanglipuro","Kismo Mulyo Bambanglipuro","85","2","2","0","9","0","13"
"DI YOGYAKARTA","BANTUL","BANGUNTAPAN","3402","BPP Bangun Kismo Banguntapan","Bangun Kismo Banguntapan","108","1","4","0","12","0","17"
"DI YOGYAKARTA","BANTUL","BANTUL","3402","BPP Kismo Raharjo Bantul","Kismo Raharjo Bantul","75","3","3","0","6","0","12"
"DI YOGYAKARTA","BANTUL","DLINGO","3402","BPP Among Tani Dlingo","Among Tani Dlingo","95","2","4","0","7","1","14"
"DI YOGYAKARTA","BANTUL","IMOGIRI","3402","BPP Giri Agung, Imogiri","Giri Agung, Imogiri","102","3","4","0","9","0","16"
"DI YOGYAKARTA","BANTUL","JETIS","3402","BPP Tirto Agung Jetis","Tirto Agung Jetis","109","2","4","0","8","0","14"
"DI YOGYAKARTA","BANTUL","KASIHAN","3402","BPP Kismo Raharjo Kasihan","Kismo Raharjo Kasihan","92","2","4","0","13","0","19"
"DI YOGYAKARTA","BANTUL","KRETEK","3402","BPP Multisari Kismo Kretek","Multisari Kismo Kretek","130","1","5","0","5","0","11"
"DI YOGYAKARTA","BANTUL","PAJANGAN","3402","BPP Kismo Rumekso Pajangan","Kismo Rumekso Pajangan","95","1","4","0","3","0","8"
"DI YOGYAKARTA","BANTUL","PANDAK","3402","BPP Kismo Anggratani Pandak","Kismo Anggratani Pandak","75","2","3","0","9","0","14"
"DI YOGYAKARTA","BANTUL","PIYUNGAN","3402","BPP Among Tani Piyungan","Among Tani Piyungan","114","1","2","0","3","0","6"
"DI YOGYAKARTA","BANTUL","PLERET","3402","BPP Sultan Agung Pleret","Sultan Agung Pleret","87","2","3","0","6","0","11"
"DI YOGYAKARTA","BANTUL","PUNDONG","3402","BPP Kismo Lestari Pundong","Kismo Lestari Pundong","81","2","2","0","3","0","7"
"DI YOGYAKARTA","BANTUL","SANDEN","3402","BPP Sari Kismo Sanden","Sari Kismo Sanden","109","2","2","0","8","0","12"
"DI YOGYAKARTA","BANTUL","SEDAYU","3402","BPP Kismo Hargo Sedayu","Kismo Hargo Sedayu","94","3","4","0","4","0","11"
"DI YOGYAKARTA","BANTUL","SEWON","3402","BPP Among Kismo Sewon","Among Kismo Sewon","87","1","4","0","7","0","12"
"DI YOGYAKARTA","BANTUL","SRANDAKAN","3402","BPP Ngrupti Kismo Srandakan","Ngrupti Kismo Srandakan","66","1","2","0","2","0","5"
"DI YOGYAKARTA","GUNUNG KIDUL","GEDANG SARI","3403","Gedangsari","Gedangsari","183","6","1","0","7","0","14"
"DI YOGYAKARTA","GUNUNG KIDUL","GIRISUBO","3403","GIRISUBO","Girisubo","182","2","4","0","8","0","14"
"DI YOGYAKARTA","GUNUNG KIDUL","KARANGMOJO","3403","Karangmojo","Karangmojo","194","3","4","0","9","0","16"
"DI YOGYAKARTA","GUNUNG KIDUL","NGAWEN","3403","Ngawen","Ngawen","171","3","3","0","6","0","12"
"DI YOGYAKARTA","GUNUNG KIDUL","NGLIPAR","3403","Nglipar","Nglipar","171","2","3","0","7","0","12"
"DI YOGYAKARTA","GUNUNG KIDUL","PALIYAN","3403","Paliyan","Paliyan","155","3","3","0","7","0","13"
"DI YOGYAKARTA","GUNUNG KIDUL","PANGGANG","3403","Panggang","Panggang","120","2","2","0","6","0","10"
"DI YOGYAKARTA","GUNUNG KIDUL","PATUK","3403","Patuk","Patuk","205","4","4","0","11","0","19"
"DI YOGYAKARTA","GUNUNG KIDUL","PLAYEN","3403","BPP Playen","Playen","268","4","4","0","13","0","21"
"DI YOGYAKARTA","GUNUNG KIDUL","PONJONG","3403","Ponjong","Ponjong","220","5","4","0","11","0","20"
"DI YOGYAKARTA","GUNUNG KIDUL","PURWOSARI","3403","Purwosari","Purwosari","120","3","2","0","5","0","10"
"DI YOGYAKARTA","GUNUNG KIDUL","RONGKOP","3403","Rongkop","Rongkop","162","2","3","0","8","0","13"
"DI YOGYAKARTA","GUNUNG KIDUL","SAPTO SARI","3403","Saptosari","Saptosari","192","2","2","0","7","0","11"
"DI YOGYAKARTA","GUNUNG KIDUL","SEMANU","3403","Semanu","Semanu","212","2","2","0","5","0","9"
"DI YOGYAKARTA","GUNUNG KIDUL","SEMIN","3403","Semin","Semin","359","4","3","0","10","0","17"
"DI YOGYAKARTA","GUNUNG KIDUL","TANJUNGSARI","3403","Tanjungsari","Tanjungsari","109","2","2","0","5","0","9"
"DI YOGYAKARTA","GUNUNG KIDUL","TEPUS","3403","Tepus","Tepus","123","2","2","0","5","0","9"
"DI YOGYAKARTA","GUNUNG KIDUL","WONOSARI","3403","Wonosari","Wonosari","221","5","2","0","14","0","21"
"DI YOGYAKARTA","KOTA YOGYAKARTA","DANUREJAN","3471","Balai Penyuluhan Pertanian KOTA JOGJA","Kota Jogja","29","0","0","0","2","0","2"
"DI YOGYAKARTA","KOTA YOGYAKARTA","GEDONG TENGEN","3471","Balai Penyuluhan Pertanian KOTA JOGJA","Kota Jogja","15","1","0","0","0","0","1"
"DI YOGYAKARTA","KOTA YOGYAKARTA","GONDOKUSUMAN","3471","Balai Penyuluhan Pertanian KOTA JOGJA","Kota Jogja","23","0","0","0","3","0","3"
"DI YOGYAKARTA","KOTA YOGYAKARTA","GONDOMANAN","3471","Balai Penyuluhan Pertanian KOTA JOGJA","Kota Jogja","16","1","0","0","0","0","1"
"DI YOGYAKARTA","KOTA YOGYAKARTA","JETIS","3471","Balai Penyuluhan Pertanian KOTA JOGJA","Kota Jogja","14","0","1","0","2","0","3"
"DI YOGYAKARTA","KOTA YOGYAKARTA","KOTAGEDE","3471","Balai Penyuluhan Pertanian KOTA JOGJA","Kota Jogja","27","1","0","0","2","0","3"
"DI YOGYAKARTA","KOTA YOGYAKARTA","KRATON","3471","Balai Penyuluhan Pertanian KOTA JOGJA","Kota Jogja","13","0","0","0","0","0","0"
"DI YOGYAKARTA","KOTA YOGYAKARTA","MANTRIJERON","3471","Balai Penyuluhan Pertanian KOTA JOGJA","Kota Jogja","14","1","0","0","0","0","1"
"DI YOGYAKARTA","KOTA YOGYAKARTA","MERGANGSAN","3471","Balai Penyuluhan Pertanian KOTA JOGJA","Kota Jogja","22","0","1","0","0","0","1"
"DI YOGYAKARTA","KOTA YOGYAKARTA","NGAMPILAN","3471","Balai Penyuluhan Pertanian KOTA JOGJA","Kota Jogja","16","0","1","0","3","0","4"
"DI YOGYAKARTA","KOTA YOGYAKARTA","PAKUALAMAN","3471","Balai Penyuluhan Pertanian KOTA JOGJA","Kota Jogja","11","2","0","0","0","0","2"
"DI YOGYAKARTA","KOTA YOGYAKARTA","TEGALREJO","3471","Balai Penyuluhan Pertanian KOTA JOGJA","Kota Jogja","25","1","0","0","1","0","2"
"DI YOGYAKARTA","KOTA YOGYAKARTA","UMBULHARJO","3471","Balai Penyuluhan Pertanian KOTA JOGJA","Kota Jogja","54","1","3","0","10","0","14"
"DI YOGYAKARTA","KOTA YOGYAKARTA","WIROBRAJAN","3471","Balai Penyuluhan Pertanian KOTA JOGJA","Kota Jogja","13","0","1","0","4","0","5"
"DI YOGYAKARTA","KULON PROGO","GALUR","3401","Galur","Galur","103","1","4","0","9","0","14"
"DI YOGYAKARTA","KULON PROGO","GIRIMULYO","3401","BPP Girimulyo","Girimulyo","165","3","3","0","11","0","17"
"DI YOGYAKARTA","KULON PROGO","KALIBAWANG","3401","Kalibawang","Kalibawang","160","2","6","0","8","0","16"
"DI YOGYAKARTA","KULON PROGO","KOKAP","3401","Kokap","Kokap","150","3","5","0","10","0","18"
"DI YOGYAKARTA","KULON PROGO","LENDAH","3401","Lendah","Lendah","133","1","5","0","9","0","15"
"DI YOGYAKARTA","KULON PROGO","NANGGULAN","3401","Nanggulan","Nanggulan","154","3","5","0","6","0","14"
"DI YOGYAKARTA","KULON PROGO","PANJATAN","3401","Panjatan","Panjatan","135","3","5","0","11","0","19"
"DI YOGYAKARTA","KULON PROGO","PENGASIH","3401","Pengasih","Pengasih","169","2","7","0","11","0","20"
"DI YOGYAKARTA","KULON PROGO","SAMIGALUH","3401","Samigaluh","Samigaluh","232","2","5","1","14","0","22"
"DI YOGYAKARTA","KULON PROGO","SENTOLO","3401","Sentolo","Sentolo","158","2","5","0","10","0","17"
"DI YOGYAKARTA","KULON PROGO","TEMON","3401","Temon","Temon","132","1","5","0","15","0","21"
"DI YOGYAKARTA","KULON PROGO","WATES","3401","Wates","Wates","141","4","5","0","11","0","20"
"DI YOGYAKARTA","SLEMAN","BERBAH","3404","UPTD BP4 Wilayah VII","Uptd BP4 Wilayah VII","182","3","3","0","16","0","22"
"DI YOGYAKARTA","SLEMAN","CANGKRINGAN","3404","UPTD BP4 wilayah VI","Uptd BP4 wilayah VI","165","1","0","0","0","0","1"
"DI YOGYAKARTA","SLEMAN","DEPOK","3404","UPTD BP4 Wilayah VII","Uptd BP4 Wilayah VII","84","0","0","0","1","0","1"
"DI YOGYAKARTA","SLEMAN","GAMPING","3404","UPTD BP4 Wilayah II","Uptd BP4 Wilayah II","126","0","0","0","0","0","0"
"DI YOGYAKARTA","SLEMAN","GODEAN","3404","UPTD BP4 Wilayah II","Uptd BP4 Wilayah II","144","2","7","0","21","0","30"
"DI YOGYAKARTA","SLEMAN","KALASAN","3404","UPTD BP4 Wilaya VIII","Uptd BP4 Wilaya Viii","210","0","0","0","0","0","0"
"DI YOGYAKARTA","SLEMAN","MINGGIR","3404","UPTD BP4 Wilayah I","Uptd BP4 Wilayah I","154","0","0","0","0","0","0"
"DI YOGYAKARTA","SLEMAN","MLATI","3404","UPTD BP4 Wilayah III","Uptd BP4 Wilayah III","140","0","0","0","0","0","0"
"DI YOGYAKARTA","SLEMAN","MOYUDAN","3404","UPTD BP4 Wilayah I","Uptd BP4 Wilayah I","135","2","8","0","20","0","30"
"DI YOGYAKARTA","SLEMAN","NGAGLIK","3404","UPTD BP4 Wilayah IV","Uptd BP4 Wilayah IV","166","0","0","0","0","0","0"
"DI YOGYAKARTA","SLEMAN","NGEMPLAK","3404","UPTD BP4 wilayah VI","Uptd BP4 wilayah VI","172","3","7","0","19","0","29"
"DI YOGYAKARTA","SLEMAN","PAKEM","3404","UPTD BP4 Wilayah V","Uptd BP4 Wilayah V","185","3","6","0","28","0","37"
"DI YOGYAKARTA","SLEMAN","PRAMBANAN","3404","UPTD BP4 Wilaya VIII","Uptd BP4 Wilaya Viii","248","5","5","0","24","0","34"
"DI YOGYAKARTA","SLEMAN","SEYEGAN","3404","UPTD BP4 Wilayah III","Uptd BP4 Wilayah III","179","4","10","0","21","0","35"
"DI YOGYAKARTA","SLEMAN","SLEMAN","3404","UPTD BP4 Wilayah IV","Uptd BP4 Wilayah IV","184","3","8","0","23","0","34"
"DI YOGYAKARTA","SLEMAN","TEMPEL","3404","UPTD BP4 Wilayah III","Uptd BP4 Wilayah III","235","1","0","0","0","0","1"
"DI YOGYAKARTA","SLEMAN","TURI","3404","UPTD BP4 Wilayah V","Uptd BP4 Wilayah V","149","0","0","0","0","0","0"
"DKI JAKARTA","KEPULAUAN SERIBU","KEPULAUAN SERIBU SELATAN","","","","","0","0","0","0","0","0"
"DKI JAKARTA","KEPULAUAN SERIBU","KEPULAUAN SERIBU UTARA","","","","","1","1","0","0","0","2"
"DKI JAKARTA","KOTA JAKARTA BARAT","CENGKARENG","3174","Kembangan","Kembangan","9","0","0","0","0","0","0"
"DKI JAKARTA","KOTA JAKARTA BARAT","GROGOL PETAMBURAN","3174","Kembangan","Kembangan","9","0","0","0","0","0","0"
"DKI JAKARTA","KOTA JAKARTA BARAT","KALI DERES","3174","Kembangan","Kembangan","11","0","0","0","0","0","0"
"DKI JAKARTA","KOTA JAKARTA BARAT","KEBON JERUK","3174","Kembangan","Kembangan","13","0","0","0","0","0","0"
"DKI JAKARTA","KOTA JAKARTA BARAT","KEMBANGAN","3174","Kembangan","Kembangan","20","5","0","0","9","0","14"
"DKI JAKARTA","KOTA JAKARTA BARAT","PALMERAH","3174","Kembangan","Kembangan","7","0","0","0","0","0","0"
"DKI JAKARTA","KOTA JAKARTA BARAT","TAMAN SARI","3174","Kembangan","Kembangan","7","0","0","0","0","0","0"
"DKI JAKARTA","KOTA JAKARTA BARAT","TAMBORA","3174","Kembangan","Kembangan","4","0","0","0","0","0","0"
"DKI JAKARTA","KOTA JAKARTA PUSAT","CEMPAKA PUTIH","3173","BPP Sumenep","Sumenep","12","0","0","1","0","0","1"
"DKI JAKARTA","KOTA JAKARTA PUSAT","GAMBIR","3173","BPP Sumenep","Sumenep","12","4","0","0","12","0","16"
"DKI JAKARTA","KOTA JAKARTA PUSAT","JOHAR BARU","3173","BPP Sumenep","Sumenep","8","0","0","0","0","0","0"
"DKI JAKARTA","KOTA JAKARTA PUSAT","KEMAYORAN","3173","BPP Sumenep","Sumenep","11","0","0","0","0","0","0"
"DKI JAKARTA","KOTA JAKARTA PUSAT","MENTENG","3173","BPP Sumenep","Sumenep","9","0","0","0","0","0","0"
"DKI JAKARTA","KOTA JAKARTA PUSAT","SAWAH BESAR","3173","BPP Sumenep","Sumenep","12","0","0","0","0","0","0"
"DKI JAKARTA","KOTA JAKARTA PUSAT","SENEN","3173","BPP Sumenep","Sumenep","13","1","0","0","0","0","1"
"DKI JAKARTA","KOTA JAKARTA PUSAT","TANAH ABANG","3173","BPP Sumenep","Sumenep","10","0","0","0","0","0","0"
"DKI JAKARTA","KOTA JAKARTA SELATAN","CILANDAK","3171","Ragunan","Ragunan","16","0","0","0","0","0","0"
"DKI JAKARTA","KOTA JAKARTA SELATAN","JAGAKARSA","3171","Ragunan","Ragunan","15","0","0","1","0","0","1"
"DKI JAKARTA","KOTA JAKARTA SELATAN","KEBAYORAN BARU","3171","Ragunan","Ragunan","11","0","0","0","0","0","0"
"DKI JAKARTA","KOTA JAKARTA SELATAN","KEBAYORAN LAMA","3171","Ragunan","Ragunan","14","0","0","1","0","0","1"
"DKI JAKARTA","KOTA JAKARTA SELATAN","MAMPANG PRAPATAN","3171","Ragunan","Ragunan","15","0","0","1","0","0","1"
"DKI JAKARTA","KOTA JAKARTA SELATAN","PANCORAN","3171","Ragunan","Ragunan","13","0","0","0","0","0","0"
"DKI JAKARTA","KOTA JAKARTA SELATAN","PASAR MINGGU","3171","Ragunan","Ragunan","20","6","0","0","20","0","26"
"DKI JAKARTA","KOTA JAKARTA SELATAN","PESANGGRAHAN","3171","Ragunan","Ragunan","14","0","0","0","0","0","0"
"DKI JAKARTA","KOTA JAKARTA SELATAN","SETIA BUDI","3171","Ragunan","Ragunan","16","0","0","0","0","0","0"
"DKI JAKARTA","KOTA JAKARTA SELATAN","TEBET","3171","Ragunan","Ragunan","14","0","0","0","0","0","0"
"DKI JAKARTA","KOTA JAKARTA TIMUR","CAKUNG","3172","BPP Ujung Menteng","Ujung Menteng","14","3","0","1","2","0","6"
"DKI JAKARTA","KOTA JAKARTA TIMUR","CIPAYUNG","3172","Cibubur","Cibubur","10","0","0","1","0","0","1"
"DKI JAKARTA","KOTA JAKARTA TIMUR","CIRACAS","3172","Cibubur","Cibubur","24","2","0","1","0","0","3"
"DKI JAKARTA","KOTA JAKARTA TIMUR","DUREN SAWIT","3172","BPP Ujung Menteng","Ujung Menteng","11","0","0","0","2","0","2"
"DKI JAKARTA","KOTA JAKARTA TIMUR","JATINEGARA","3172","BPP Ujung Menteng","Ujung Menteng","11","0","0","0","0","0","0"
"DKI JAKARTA","KOTA JAKARTA TIMUR","KRAMAT JATI","3172","Cibubur","Cibubur","11","0","0","0","0","0","0"
"DKI JAKARTA","KOTA JAKARTA TIMUR","MAKASAR","3172","Cibubur","Cibubur","9","0","0","0","0","0","0"
"DKI JAKARTA","KOTA JAKARTA TIMUR","MATRAMAN","3172","BPP Ujung Menteng","Ujung Menteng","6","0","0","0","0","0","0"
"DKI JAKARTA","KOTA JAKARTA TIMUR","PASAR REBO","3172","Cibubur","Cibubur","16","0","0","0","1","0","1"
"DKI JAKARTA","KOTA JAKARTA TIMUR","PULO GADUNG","3172","BPP Ujung Menteng","Ujung Menteng","8","0","0","0","0","0","0"
"DKI JAKARTA","KOTA JAKARTA UTARA","CILINCING","3175","Sukapura","Sukapura","25","3","0","2","18","0","23"
"DKI JAKARTA","KOTA JAKARTA UTARA","KELAPA GADING","3175","Sukapura","Sukapura","13","0","0","0","0","0","0"
"DKI JAKARTA","KOTA JAKARTA UTARA","KOJA","3175","Sukapura","Sukapura","11","0","0","0","1","0","1"
"DKI JAKARTA","KOTA JAKARTA UTARA","PADEMANGAN","3175","Sukapura","Sukapura","8","0","0","0","0","0","0"
"DKI JAKARTA","KOTA JAKARTA UTARA","PENJARINGAN","3175","Sukapura","Sukapura","7","1","0","0","0","0","1"
"DKI JAKARTA","KOTA JAKARTA UTARA","TANJUNG PRIOK","3175","Sukapura","Sukapura","16","0","0","0","0","0","0"
"GORONTALO","BOALEMO","BOTUMOITO","7501","BPP KEC. BOTUMOITO","Kec. Botumoito","98","6","2","3","6","0","17"
"GORONTALO","BOALEMO","DULUPI","7501","BPP KEC. DULUPI","Kec. Dulupi","179","5","2","3","8","0","18"
"GORONTALO","BOALEMO","MANANGGU","7501","BPP KEC. MANANGGU","Kec. Mananggu","135","5","0","3","9","0","17"
"GORONTALO","BOALEMO","PAGUYAMAN","7501","BPP KEC. PAGUYAMAN","Kec. Paguyaman","409","14","1","7","22","0","44"
"GORONTALO","BOALEMO","PAGUYAMAN PANTAI","7501","BPP KEC. PAGUYAMAN PANTAI","Kec. Paguyaman Pantai","89","8","1","1","7","0","17"
"GORONTALO","BOALEMO","TILAMUTA","7501","BPP KEC. TILAMUTA","Kec. Tilamuta","147","10","1","2","10","0","23"
"GORONTALO","BOALEMO","WONOSARI","7501","BPP KEC. WONOSARI","Kec. Wonosari","474","10","0","6","16","0","32"
"GORONTALO","BONE BOLANGO","BONE","7504","BPP Bone","Bone","51","3","2","5","8","0","18"
"GORONTALO","BONE BOLANGO","BONE RAYA","7504","BPP Kecamatan Bone Raya","Kecamatan Bone Raya","42","4","0","3","5","0","12"
"GORONTALO","BONE BOLANGO","BONEPANTAI","7504","BPP Bonepantai","Bonepantai","62","5","1","5","5","0","16"
"GORONTALO","BONE BOLANGO","BOTU PINGGE","7504","BPP Botupingge","Botupingge","43","6","1","0","2","0","9"
"GORONTALO","BONE BOLANGO","BULANGO SELATAN","7504","BPP Bulango Selatan","Bulango Selatan","50","7","1","2","3","0","13"
"GORONTALO","BONE BOLANGO","BULANGO TIMUR","7504","BPP Bulango Timur","Bulango Timur","44","3","1","1","3","0","8"
"GORONTALO","BONE BOLANGO","BULANGO ULU","7504","BPP Bulango Ulu","Bulango Ulu","70","2","2","2","5","0","11"
"GORONTALO","BONE BOLANGO","BULANGO UTARA","7504","BPP Bulango Utara","Bulango Utara","62","5","2","2","9","0","18"
"GORONTALO","BONE BOLANGO","BULAWA","7504","BPP Bulawa","Bulawa","25","2","2","2","1","0","7"
"GORONTALO","BONE BOLANGO","KABILA","7504","BPP Kabila","Kabila","78","10","1","2","2","0","15"
"GORONTALO","BONE BOLANGO","KABILA BONE","7504","BPP Kabila Bone","Kabila Bone","34","7","0","2","2","0","11"
"GORONTALO","BONE BOLANGO","PINOGU","7504","BPP Pinogu","Pinogu","36","0","0","3","0","0","3"
"GORONTALO","BONE BOLANGO","SUWAWA","7504","BPP Suwawa","Suwawa","68","8","1","1","4","0","14"
"GORONTALO","BONE BOLANGO","SUWAWA SELATAN","7504","BPP Suwawa Selatan","Suwawa Selatan","57","6","1","0","4","0","11"
"GORONTALO","BONE BOLANGO","SUWAWA TENGAH","7504","BPP Suwawa Tengah","Suwawa Tengah","39","6","1","0","9","0","16"
"GORONTALO","BONE BOLANGO","SUWAWA TIMUR","7504","BPP Suwawa Timur","Suwawa Timur","61","4","3","3","7","0","17"
"GORONTALO","BONE BOLANGO","TAPA","7504","BPP Tapa","Tapa","41","4","1","2","2","0","9"
"GORONTALO","BONE BOLANGO","TILONGKABILA","7504","BPP Tilongkabila","Tilongkabila","86","7","4","3","3","0","17"
"GORONTALO","GORONTALO","ASPARAGA","7502","BPP ASPARAGA","Asparaga","196","5","1","0","10","0","16"
"GORONTALO","GORONTALO","BATUDAA","7502","BPP BATUDAA","Batudaa","63","3","1","3","8","0","15"
"GORONTALO","GORONTALO","BATUDAA PANTAI","7502","BPP BATUDAA PANTAI","Batudaa Pantai","38","3","0","0","8","0","11"
"GORONTALO","GORONTALO","BILATO","7502","BPP BILATO","Bilato","130","5","1","0","10","0","16"
"GORONTALO","GORONTALO","BILUHU","7502","BPP BILUHU","Biluhu","42","3","0","0","5","0","8"
"GORONTALO","GORONTALO","BOLIYOHUTO","7502","BPP BOLIYOHUTO","Boliyohuto","127","6","1","0","15","0","22"
"GORONTALO","GORONTALO","BONGOMEME","7502","BPP BONGOMEME","Bongomeme","228","9","1","1","15","0","26"
"GORONTALO","GORONTALO","DUNGALIYO","7502","BPP Dungaliyo","Dungaliyo","202","7","0","1","10","0","18"
"GORONTALO","GORONTALO","LIMBOTO","7502","BPP LIMBOTO","Limboto","151","5","2","3","14","0","24"
"GORONTALO","GORONTALO","LIMBOTO BARAT","7502","BPP LIMBOTO BARAT","Limboto Barat","160","5","2","2","10","0","19"
"GORONTALO","GORONTALO","MOOTILANGO","7502","BPP MOOTILANGO","Mootilango","333","4","2","1","10","0","17"
"GORONTALO","GORONTALO","PULUBALA","7502","BPP PULUBALA","Pulubala","310","7","2","0","11","0","20"
"GORONTALO","GORONTALO","TABONGO","7502","BPP TABONGO","Tabongo","176","6","1","3","9","0","19"
"GORONTALO","GORONTALO","TELAGA","7502","BPP TELAGA","Telaga","77","9","0","2","9","0","20"
"GORONTALO","GORONTALO","TELAGA BIRU","7502","BPP TELAGA BIRU","Telaga Biru","133","4","3","2","15","0","24"
"GORONTALO","GORONTALO","TELAGA JAYA","7502","BPP TALAGA JAYA","Talaga Jaya","36","3","0","0","4","0","7"
"GORONTALO","GORONTALO","TIBAWA","7502","BPP TIBAWA","Tibawa","362","14","1","0","17","0","32"
"GORONTALO","GORONTALO","TILANGO","7502","BPP TILANGO","Tilango","35","4","0","3","8","0","15"
"GORONTALO","GORONTALO","TOLANGOHULA","7502","BPP TOLANGOHULA","Tolangohula","203","4","2","1","14","0","21"
"GORONTALO","GORONTALO UTARA","ANGGREK","7505","BPP KEC. ANGGREK","Kec. Anggrek","305","6","3","2","7","0","18"
"GORONTALO","GORONTALO UTARA","ATINGGOLA","7505","BPP ATINGGOLA","Atinggola","261","4","3","7","0","0","14"
"GORONTALO","GORONTALO UTARA","BIAU","7505","BPP KEC. BIAU","Kec. Biau","90","1","6","3","2","0","12"
"GORONTALO","GORONTALO UTARA","GENTUMA RAYA","7505","BPP KEC. GENTUMA RAYA","Kec. Gentuma Raya","101","2","1","5","1","0","9"
"GORONTALO","GORONTALO UTARA","KWANDANG","7505","BPP KEC. KWANDANG","Kec. Kwandang","319","4","7","3","7","0","21"
"GORONTALO","GORONTALO UTARA","MONANO","7505","BPP KEC. MONANO","Kec. Monano","104","4","3","2","0","0","9"
"GORONTALO","GORONTALO UTARA","PONELO KEPULAUAN","7505","BPP KEC. PONELO KEPULAUAN","Kec. Ponelo Kepulauan","30","1","1","2","1","0","5"
"GORONTALO","GORONTALO UTARA","SUMALATA","7505","BPP KEC. SUMALATA","Kec. Sumalata","194","0","4","2","0","0","6"
"GORONTALO","GORONTALO UTARA","SUMALATA TIMUR","7505","BPP KEC. SUMALATA TIMUR","Kec. Sumalata Timur","93","0","6","2","1","0","9"
"GORONTALO","GORONTALO UTARA","TOLINGGULA","7505","BPP KEC. TOLINGGULA","Kec. Tolinggula","134","0","5","2","0","0","7"
"GORONTALO","GORONTALO UTARA","TOMILITO","7505","BPP KEC. TOLMILITO","Kec. Tolmilito","129","1","8","2","4","0","15"
"GORONTALO","KOTA GORONTALO","DUMBO RAYA","7571","BPP Dumbo Raya","Dumbo Raya","43","2","1","0","1","0","4"
"GORONTALO","KOTA GORONTALO","DUNGINGI","7571","BPP Dungingi","Dungingi","39","2","0","1","4","0","7"
"GORONTALO","KOTA GORONTALO","HULONTHALANGI","7571","BPP Hulonthalangi dan Kota Selatan","Hulonthalangi dan Kota Selatan","33","0","1","1","2","0","4"
"GORONTALO","KOTA GORONTALO","KOTA BARAT","7571","BPP Kota Barat","Kota Barat","40","2","0","1","6","0","9"
"GORONTALO","KOTA GORONTALO","KOTA SELATAN","7571","BPP Hulonthalangi dan Kota Selatan","Hulonthalangi dan Kota Selatan","26","1","0","0","2","0","3"
"GORONTALO","KOTA GORONTALO","KOTA TENGAH","7571","BPP Kota Tengah","Kota Tengah","25","3","0","0","2","0","5"
"GORONTALO","KOTA GORONTALO","KOTA TIMUR","7571","BPP Kota Timur","Kota Timur","33","1","1","0","7","0","9"
"GORONTALO","KOTA GORONTALO","KOTA UTARA","7571","BPP Kota Utara","Kota Utara","48","5","0","0","6","0","11"
"GORONTALO","KOTA GORONTALO","SIPATANA","7571","BPP Sipatana","Sipatana","34","3","0","1","5","0","9"
"GORONTALO","POHUWATO","BUNTULIA","7503","BPP KEC. BUNTULIA","Kec. Buntulia","74","6","0","0","9","0","15"
"GORONTALO","POHUWATO","DENGILO","7503","BPP KEC. DENGILO","Kec. Dengilo","147","5","0","0","6","0","11"
"GORONTALO","POHUWATO","DUHIADAA","7503","BPP KEC. DUHIADAA","Kec. Duhiadaa","91","4","1","1","3","0","9"
"GORONTALO","POHUWATO","LEMITO","7503","BPP KEC. LEMITO","Kec. Lemito","132","6","0","0","12","0","18"
"GORONTALO","POHUWATO","MARISA","7503","BPP KEC. MARISA","Kec. Marisa","50","7","0","0","4","0","11"
"GORONTALO","POHUWATO","PAGUAT","7503","BPP KEC. PAGUAT","Kec. Paguat","193","10","1","0","7","0","18"
"GORONTALO","POHUWATO","PATILANGGIO","7503","BPP KEC. PATILANGGIO","Kec. Patilanggio","163","6","0","0","9","0","15"
"GORONTALO","POHUWATO","POPAYATO","7503","BPP KEC. POPAYATO","Kec. Popayato","119","3","0","0","10","0","13"
"GORONTALO","POHUWATO","POPAYATO BARAT","7503","BPP KEC. POPAYATO BARAT","Kec. Popayato Barat","148","3","1","0","9","0","13"
"GORONTALO","POHUWATO","POPAYATO TIMUR","7503","BPP KEC. POPAYATO TIMUR","Kec. Popayato Timur","163","2","2","0","10","0","14"
"GORONTALO","POHUWATO","RANDANGAN","7503","BPP KEC. RANDANGAN","Kec. Randangan","261","6","2","0","12","0","20"
"GORONTALO","POHUWATO","TALUDITI","7503","BPP KEC. TALUDITI","Kec. Taluditi","251","2","2","0","10","0","14"
"GORONTALO","POHUWATO","WANGGARASI","7503","BPP KEC. WANGGARASI","Kec. Wanggarasi","113","3","0","0","7","0","10"
"JAMBI","BATANG HARI","BAJUBANG","1504","BPP Bajubang","Bajubang","187","6","1","5","9","0","21"
"JAMBI","BATANG HARI","BATIN XXIV","1504","BPP BATIN XXIV","Batin Xxiv","149","4","7","1","20","0","32"
"JAMBI","BATANG HARI","MARO SEBO ILIR","1504","BPP Maro Sebo Ilir","Maro Sebo Ilir","271","3","3","3","10","0","19"
"JAMBI","BATANG HARI","MARO SEBO ULU","1504","BPP Maro Sebo Ulu","Maro Sebo Ulu","126","3","8","4","11","0","26"
"JAMBI","BATANG HARI","MERSAM","1504","BPP Mersam","Mersam","228","5","4","4","13","0","26"
"JAMBI","BATANG HARI","MUARA BULIAN","1504","BPP MUARA BULIAN","Muara Bulian","188","8","8","6","20","0","42"
"JAMBI","BATANG HARI","MUARA TEMBESI","1504","BPP Muara Tembesi","Muara Tembesi","121","3","2","8","16","0","29"
"JAMBI","BATANG HARI","PEMAYUNG","1504","BPP Pemayung","Pemayung","170","12","6","2","17","0","37"
"JAMBI","BUNGO","BATHIN II BABEKO","1509","BPP Bathin II Babeko","Bathin II Babeko","44","5","0","0","0","0","5"
"JAMBI","BUNGO","BATHIN II PELAYANG","1509","BPP Bathin II Pelayang","Bathin II Pelayang","31","2","0","0","0","0","2"
"JAMBI","BUNGO","BATHIN III","1509","BPP Bathin III","Bathin III","46","7","0","0","0","0","7"
"JAMBI","BUNGO","BATHIN III ULU","1509","BPP Bathin III Ulu","Bathin III Ulu","67","4","0","3","0","0","7"
"JAMBI","BUNGO","BUNGO DANI","1509","BPP Bungo Dani","Bungo Dani","37","3","0","1","0","0","4"
"JAMBI","BUNGO","JUJUHAN","1509","BPP Jujuhan","Jujuhan","90","2","0","0","0","0","2"
"JAMBI","BUNGO","JUJUHAN ILIR","1509","BPP Jujuhan Ilir","Jujuhan Ilir","51","2","0","1","0","0","3"
"JAMBI","BUNGO","LIMBUR LUBUK MENGKUANG","1509","BPP Limbur Lubuk Mengkuang","Limbur Lubuk Mengkuang","146","4","0","0","0","0","4"
"JAMBI","BUNGO","MUKO-MUKO BATHIN VII","1509","BPP Muko-Muko Bathin VII","Muko-Muko Bathin VII","55","8","0","0","0","0","8"
"JAMBI","BUNGO","PASAR MUARA BUNGO","1509","BPP Pasar Muara Bungo","Pasar Muara Bungo","21","3","0","0","1","0","4"
"JAMBI","BUNGO","PELEPAT","1509","BPP Pelepat","Pelepat","209","3","0","0","1","0","4"
"JAMBI","BUNGO","PELEPAT ILIR","1509","BPP Pelepat Ilir","Pelepat Ilir","364","3","0","0","1","0","4"
"JAMBI","BUNGO","RANTAU PANDAN","1509","BPP Rantau Pandan","Rantau Pandan","61","2","0","1","3","0","6"
"JAMBI","BUNGO","RIMBO TENGAH","1509","BPP Rimbo Tengah","Rimbo Tengah","22","3","0","0","0","0","3"
"JAMBI","BUNGO","TANAH SEPENGGAL","1509","BPP Tanah Sepenggal","Tanah Sepenggal","89","6","0","0","7","0","13"
"JAMBI","BUNGO","TANAH SEPENGGAL LINTAS","1509","BPP Tanah Sepenggal Lintas","Tanah Sepenggal Lintas","67","6","0","0","7","0","13"
"JAMBI","BUNGO","TANAH TUMBUH","1509","BPP Tanah Tumbuh","Tanah Tumbuh","60","4","0","1","0","0","5"
"JAMBI","KERINCI","","1501","BPP Kecamatan Sitinjau Laut","Kecamatan Sitinjau Laut","10","","","","","",""
"JAMBI","KERINCI","AIR HANGAT","1501","BPP Kecamatan Air Hangat","Kecamatan Air Hangat","125","4","2","1","6","0","13"
"JAMBI","KERINCI","AIR HANGAT BARAT","1501","BPP Kecamatan Air Hangat Barat","Kecamatan Air Hangat Barat","110","4","1","1","4","0","10"
"JAMBI","KERINCI","AIR HANGAT TIMUR","1501","BPP Kecamatan Air Hangat Timur","Kecamatan Air Hangat Timur","237","6","1","4","10","0","21"
"JAMBI","KERINCI","BATANG MERANGIN","1501","BPP Kecamatan Batang Merangin","Kecamatan Batang Merangin","137","2","0","3","9","0","14"
"JAMBI","KERINCI","BUKIT KERMAN","1501","BPP Kecamatan Bukit Kerman","Kecamatan Bukit Kerman","185","2","1","5","11","0","19"
"JAMBI","KERINCI","DANAU KERINCI","1501","BPP Kecamatan Danau Kerinci","Kecamatan Danau Kerinci","165","7","2","1","10","0","20"
"JAMBI","KERINCI","DANAU KERINCI BARAT","1501","BPP Kecamatan Danau Kerinci Barat","Kecamatan Danau Kerinci Barat","165","7","2","4","0","0","13"
"JAMBI","KERINCI","DEPATI VII","1501","BPP Kecamatan Depati Tujuh","Kecamatan Depati Tujuh","184","6","2","3","10","0","21"
"JAMBI","KERINCI","GUNUNG KERINCI","1501","BPP Kecamatan Gunung Kerinci","Kecamatan Gunung Kerinci","253","2","4","3","11","0","20"
"JAMBI","KERINCI","GUNUNG RAYA","1501","BPP Kecamatan Gunung Raya","Kecamatan Gunung Raya","106","3","1","4","7","0","15"
"JAMBI","KERINCI","GUNUNG TUJUH","1501","BPP Kecamatan Gunung Tujuh","Kecamatan Gunung Tujuh","301","5","1","0","9","0","15"
"JAMBI","KERINCI","KAYU ARO","1501","BPP Kecamatan Kayu Aro","Kecamatan Kayu Aro","382","4","0","2","8","0","14"
"JAMBI","KERINCI","KAYU ARO BARAT","1501","BPP Kecamatan Kayu Aro Barat","Kecamatan Kayu Aro Barat","210","3","2","0","11","0","16"
"JAMBI","KERINCI","KELILING DANAU","1501","BPP Kecamatan Keliling Danau","Kecamatan Keliling Danau","189","3","2","4","18","0","27"
"JAMBI","KERINCI","SITINJAU LAUT","1501","BPP Kecamatan Sitinjau Laut","Kecamatan Sitinjau Laut","129","7","1","1","8","0","17"
"JAMBI","KERINCI","SIULAK","1501","BPP Kecamatan Siulak","Kecamatan Siulak","325","7","3","3","18","0","31"
"JAMBI","KERINCI","SIULAK MUKAI","1501","BPP Kecamatan Siulak Mukai","Kecamatan Siulak Mukai","199","4","1","3","4","0","12"
"JAMBI","KERINCI","TANAH COGOK","1501","BPP Kecamatan Tanah Cogok","Kecamatan Tanah Cogok","123","4","2","1","0","0","7"
"JAMBI","KOTA JAMBI","ALAM BARAJO","1571","BPP Alam Barajo","Alam Barajo","54","4","0","0","7","0","11"
"JAMBI","KOTA JAMBI","DANAU SIPIN","1571","BPP Telanaipura","Telanaipura","20","1","0","0","0","0","1"
"JAMBI","KOTA JAMBI","DANAU TELUK","1571","BPP Danau Teluk","Danau Teluk","54","2","0","2","7","0","11"
"JAMBI","KOTA JAMBI","JAMBI SELATAN","1571","BPP Paal Merah","Paal Merah","20","0","0","0","0","0","0"
"JAMBI","KOTA JAMBI","JAMBI TIMUR","1571","BPP Jambi Timur","Jambi Timur","37","3","0","1","4","0","8"
"JAMBI","KOTA JAMBI","JELUTUNG","1571","BPP Kota Baru","Kota Baru","18","0","0","0","0","0","0"
"JAMBI","KOTA JAMBI","KOTA BARU","1571","BPP Kota Baru","Kota Baru","26","5","0","0","5","0","10"
"JAMBI","KOTA JAMBI","PAAL MERAH","1571","BPP Paal Merah","Paal Merah","46","3","0","1","6","0","10"
"JAMBI","KOTA JAMBI","PASAR JAMBI","1571","BPP Telanaipura","Telanaipura","2","0","0","0","0","0","0"
"JAMBI","KOTA JAMBI","PELAYANGAN","1571","BPP Pelayangan","Pelayangan","36","3","0","0","7","0","10"
"JAMBI","KOTA JAMBI","TELANAIPURA","1571","BPP Telanaipura","Telanaipura","36","3","0","1","10","0","14"
"JAMBI","KOTA SUNGAI PENUH","HAMPARAN RAWANG","1572","BPP Hamparan Rawang","Hamparan Rawang","119","8","0","2","12","0","22"
"JAMBI","KOTA SUNGAI PENUH","KOTO BARU","1572","BPP Koto Baru","Koto Baru","64","6","0","1","6","0","13"
"JAMBI","KOTA SUNGAI PENUH","KUMUN DEBAI","1572","BPP Kumun Debai","Kumun Debai","105","5","4","1","12","0","22"
"JAMBI","KOTA SUNGAI PENUH","PESISIR BUKIT","1572","BPP Pesisir Bukit","Pesisir Bukit","88","8","0","1","4","0","13"
"JAMBI","KOTA SUNGAI PENUH","PONDOK TINGGI","1572","BPP Pondok Tinggi","Pondok Tinggi","72","6","0","2","6","0","14"
"JAMBI","KOTA SUNGAI PENUH","SUNGAI BUNGKAL","1572","BPP Sungai Bungkal","Sungai Bungkal","71","8","1","1","10","0","20"
"JAMBI","KOTA SUNGAI PENUH","SUNGAI PENUH","1572","BPP Sungai Bungkal","Sungai Bungkal","18","0","1","0","0","0","1"
"JAMBI","KOTA SUNGAI PENUH","TANAH KAMPUNG","1572","BPP Tanah Kampung","Tanah Kampung","126","10","2","0","12","0","24"
"JAMBI","MERANGIN","BANGKO","1502","BPP Bangko","Bangko","77","6","0","3","2","0","11"
"JAMBI","MERANGIN","BANGKO BARAT","1502","BPP Bangko Barat","Bangko Barat","69","5","0","4","6","0","15"
"JAMBI","MERANGIN","BATANG MASUMAI","1502","BPP Batang Masumai","Batang Masumai","62","8","0","9","2","0","19"
"JAMBI","MERANGIN","JANGKAT","1502","BPP Jangkat","Jangkat","119","8","0","8","1","0","17"
"JAMBI","MERANGIN","JANGKAT TIMUR","1502","BPP JANGKAT TIMUR","Jangkat Timur","105","4","0","19","3","0","26"
"JAMBI","MERANGIN","LEMBAH MASURAI","1502","BPP Lembah Masurai","Lembah Masurai","107","7","0","5","5","0","17"
"JAMBI","MERANGIN","MARGO TABIR","1502","BPP Tabir Lintas","Tabir Lintas","77","0","0","0","0","0","0"
"JAMBI","MERANGIN","MUARA SIAU","1502","BPP Muara Siau","Muara Siau","74","2","0","9","3","0","14"
"JAMBI","MERANGIN","NALO TANTAN","1502","BPP Batang Masumai","Batang Masumai","55","0","0","1","0","0","1"
"JAMBI","MERANGIN","PAMENANG","1502","BPP PAMENANG","Pamenang","173","6","0","8","2","0","16"
"JAMBI","MERANGIN","PAMENANG BARAT","1502","BPP Pamenang Barat","Pamenang Barat","77","4","0","5","8","0","17"
"JAMBI","MERANGIN","PAMENANG SELATAN","1502","BPP Pamenang Selatan","Pamenang Selatan","48","1","0","7","4","0","12"
"JAMBI","MERANGIN","PANGKALAN JAMBU","1502","BPP Pangkalan Jambu","Pangkalan Jambu","52","5","0","4","2","0","11"
"JAMBI","MERANGIN","RENAH PAMENANG","1502","BPP Pamenang Selatan","Pamenang Selatan","76","0","0","0","0","0","0"
"JAMBI","MERANGIN","RENAH PEMBARAP","1502","BPP Renah Pembarab","Renah Pembarab","65","5","0","7","5","0","17"
"JAMBI","MERANGIN","SUNGAI MANAU","1502","BPP Sungai Manau","Sungai Manau","57","6","0","9","3","0","18"
"JAMBI","MERANGIN","TABIR","1502","BPP Tabir","Tabir","86","6","0","6","2","0","14"
"JAMBI","MERANGIN","TABIR BARAT","1502","BPP Tabir Barat","Tabir Barat","104","3","0","9","1","0","13"
"JAMBI","MERANGIN","TABIR ILIR","1502","BPP Tabir","Tabir","59","0","0","0","0","0","0"
"JAMBI","MERANGIN","TABIR LINTAS","1502","BPP Tabir Lintas","Tabir Lintas","33","5","0","9","6","0","20"
"JAMBI","MERANGIN","TABIR SELATAN","1502","BPP Tabir Selatan","Tabir Selatan","131","5","0","4","7","0","16"
"JAMBI","MERANGIN","TABIR TIMUR","1502","BPP Tabir Selatan","Tabir Selatan","57","0","0","0","0","0","0"
"JAMBI","MERANGIN","TABIR ULU","1502","BPP Tabir Ulu","Tabir Ulu","47","7","0","2","5","0","14"
"JAMBI","MERANGIN","TIANG PUMPUNG","1502","BPP Tiang Pumpung","Tiang Pumpung","37","3","0","3","4","0","10"
"JAMBI","MUARO JAMBI","BAHAR SELATAN","1505","BPP SUNGAI BAHAR","Sungai Bahar","194","0","0","0","0","0","0"
"JAMBI","MUARO JAMBI","BAHAR UTARA","1505","BPP SUNGAI BAHAR","Sungai Bahar","151","0","0","0","1","0","1"
"JAMBI","MUARO JAMBI","JAMBI LUAR KOTA","1505","BPP Jambi Luar Kota","Jambi Luar Kota","195","8","2","0","7","0","17"
"JAMBI","MUARO JAMBI","KUMPEH","1505","BPP Kecamatan Kumpeh","Kecamatan Kumpeh","186","8","0","0","14","0","22"
"JAMBI","MUARO JAMBI","KUMPEH ULU","1505","BPP Kecamatan Kumpeh Ulu","Kecamatan Kumpeh Ulu","166","8","2","1","24","0","35"
"JAMBI","MUARO JAMBI","MARO SEBO","1505","BPP Maro Sebo","Maro Sebo","109","7","1","0","7","0","15"
"JAMBI","MUARO JAMBI","MESTONG","1505","Mestong","Mestong","158","3","2","1","30","0","36"
"JAMBI","MUARO JAMBI","SEKERNAN","1505","BPP Kec. Sekernan","Kec. Sekernan","315","4","2","1","18","0","25"
"JAMBI","MUARO JAMBI","SUNGAI BAHAR","1505","BPP SUNGAI BAHAR","Sungai Bahar","242","4","1","1","12","0","18"
"JAMBI","MUARO JAMBI","SUNGAI GELAM","1505","BPP Sungai Gelam","Sungai Gelam","251","6","0","0","10","0","16"
"JAMBI","MUARO JAMBI","TAMAN RAJO","1505","BPP Tanggo Rajo","Tanggo Rajo","61","3","1","2","11","0","17"
"JAMBI","SAROLANGUN","AIR HITAM","1503","BPP kecamatan Air Hitam","kecamatan Air Hitam","98","7","0","1","4","0","12"
"JAMBI","SAROLANGUN","BATANG ASAI","1503","BPP Batang Asai","Batang Asai","99","5","1","16","3","0","25"
"JAMBI","SAROLANGUN","BATHIN VIII","1503","BPP Bathin VIII","Bathin Viii","87","6","4","7","1","0","18"
"JAMBI","SAROLANGUN","CERMIN NAN GEDANG","1503","BPP Cermin Nan Gedang","Cermin Nan Gedang","105","5","0","6","2","0","13"
"JAMBI","SAROLANGUN","LIMUN","1503","BPP Limun","Limun","132","6","4","5","3","0","18"
"JAMBI","SAROLANGUN","MANDIANGIN","1503","BPP Mandiangin","Mandiangin","124","4","1","1","3","0","9"
"JAMBI","SAROLANGUN","MANDIANGIN TIMUR","1503","BPP Mandiangin Timur","Mandiangin Timur","107","3","0","1","0","0","4"
"JAMBI","SAROLANGUN","PAUH","1503","BPP Pauh","Pauh","130","2","2","4","3","0","11"
"JAMBI","SAROLANGUN","PELAWAN","1503","BPP Pelawan","Pelawan","169","7","4","9","2","0","22"
"JAMBI","SAROLANGUN","SAROLANGUN","1503","BPP Sarolangun","Sarolangun","147","10","1","6","7","0","24"
"JAMBI","SAROLANGUN","SINGKUT","1503","BPP Singkut","Singkut","187","7","4","1","4","0","16"
"JAMBI","TANJUNG JABUNG BARAT","BATANG ASAM","1507","BPP Batang Asam","Batang Asam","161","2","1","3","6","0","12"
"JAMBI","TANJUNG JABUNG BARAT","BETARA","1507","BPP Betara","Betara","127","4","0","5","5","0","14"
"JAMBI","TANJUNG JABUNG BARAT","BRAM ITAM","1507","BPP Bram Itam","Bram Itam","126","1","2","8","5","0","16"
"JAMBI","TANJUNG JABUNG BARAT","KUALA BETARA","1507","BPP Kuala Betara","Kuala Betara","122","2","1","6","1","0","10"
"JAMBI","TANJUNG JABUNG BARAT","MERLUNG","1507","BPP Merlung","Merlung","129","3","1","1","2","0","7"
"JAMBI","TANJUNG JABUNG BARAT","MUARA PAPALIK","1507","BPP Muara Papalik","Muara Papalik","169","3","0","2","4","0","9"
"JAMBI","TANJUNG JABUNG BARAT","PENGABUAN","1507","BPP Pengabuan","Pengabuan","120","2","0","11","6","0","19"
"JAMBI","TANJUNG JABUNG BARAT","RENAH MENDALUH","1507","BPP Renah Mendaluh","Renah Mendaluh","119","3","1","1","1","0","6"
"JAMBI","TANJUNG JABUNG BARAT","SEBERANG KOTA","1507","BPP Seberang Kota","Seberang Kota","78","1","0","6","4","0","11"
"JAMBI","TANJUNG JABUNG BARAT","SENYERANG","1507","BPP Kecamatan Senyerang","Kecamatan Senyerang","113","3","0","7","3","0","13"
"JAMBI","TANJUNG JABUNG BARAT","TEBING TINGGI","1507","BPP Tebing Tinggi","Tebing Tinggi","205","2","2","1","3","0","8"
"JAMBI","TANJUNG JABUNG BARAT","TUNGKAL ILIR","1507","BPP Tungkal Ilir","Tungkal Ilir","91","3","0","3","4","0","10"
"JAMBI","TANJUNG JABUNG BARAT","TUNGKAL ULU","1507","BPP Tungkal Ulu","Tungkal Ulu","120","4","1","2","1","0","8"
"JAMBI","TANJUNG JABUNG TIMUR","","1506","SATKER BPP KEC. Dendang","Satker BPP Kec. Dendang","10","","","","","",""
"JAMBI","TANJUNG JABUNG TIMUR","BERBAK","1506","SATKER BPP KEC. BERBAK","Satker BPP Kec. Berbak","133","1","0","5","0","0","6"
"JAMBI","TANJUNG JABUNG TIMUR","DENDANG","1506","SATKER BPP KEC. Dendang","Satker BPP Kec. Dendang","146","2","0","6","0","0","8"
"JAMBI","TANJUNG JABUNG TIMUR","GERAGAI","1506","SATKER BPP KEC. Geragai","Satker BPP Kec. Geragai","146","1","0","9","1","0","11"
"JAMBI","TANJUNG JABUNG TIMUR","KUALA JAMBI","1506","SATKER BPP KEC. Kuala Jambi","Satker BPP Kec. Kuala Jambi","48","1","0","6","0","0","7"
"JAMBI","TANJUNG JABUNG TIMUR","MENDAHARA","1506","SATKER BPP KEC. Mendahara","Satker BPP Kec. Mendahara","104","1","0","8","1","0","10"
"JAMBI","TANJUNG JABUNG TIMUR","MENDAHARA ULU","1506","SATKER BPP Mendahara Ulu","Satker BPP Mendahara Ulu","97","3","0","6","1","0","10"
"JAMBI","TANJUNG JABUNG TIMUR","MUARA SABAK BARAT","1506","SATKER BPP KEC. Muara Sabak Barat","Satker BPP Kec. Muara Sabak Barat","82","3","0","6","1","0","10"
"JAMBI","TANJUNG JABUNG TIMUR","MUARA SABAK TIMUR","1506","SATKER BPP KEC. Muara Sabak Timur","Satker BPP Kec. Muara Sabak Timur","199","4","0","10","0","0","14"
"JAMBI","TANJUNG JABUNG TIMUR","NIPAH PANJANG","1506","SATKER BPP Nipah Panjang","Satker BPP Nipah Panjang","127","2","0","7","0","0","9"
"JAMBI","TANJUNG JABUNG TIMUR","RANTAU RASAU","1506","Satker BPP Kec Rantau Rasau","Satker BPP Kec Rantau Rasau","187","2","0","7","2","0","11"
"JAMBI","TANJUNG JABUNG TIMUR","SADU","1506","SATKER BPP SADU","Satker BPP Sadu","90","1","0","8","1","0","10"
"JAMBI","TEBO","MUARA TABIR","1508","BPP Muara Tabir","Muara Tabir","122","3","1","0","3","0","7"
"JAMBI","TEBO","RIMBO BUJANG","1508","BPP RIMBO BUJANG","Rimbo Bujang","177","3","1","0","2","0","6"
"JAMBI","TEBO","RIMBO ILIR","1508","BPP Rimbo Ilir","Rimbo Ilir","138","3","1","0","2","0","6"
"JAMBI","TEBO","RIMBO ULU","1508","BPP Rimbo Ulu","Rimbo Ulu","136","2","2","1","2","0","7"
"JAMBI","TEBO","SERAI SERUMPUN","1508","BPP Serai Serumpun","Serai Serumpun","105","3","1","1","2","0","7"
"JAMBI","TEBO","SUMAY","1508","BPP Sumay","Sumay","53","3","2","0","4","0","9"
"JAMBI","TEBO","TEBO ILIR","1508","BPP Tebo Ilir","Tebo Ilir","82","3","2","0","3","0","8"
"JAMBI","TEBO","TEBO TENGAH","1508","BPP Tebo Tengah","Tebo Tengah","102","4","0","1","2","0","7"
"JAMBI","TEBO","TEBO ULU","1508","BPP Tebo Ulu","Tebo Ulu","137","4","2","0","3","0","9"
"JAMBI","TEBO","TENGAH ILIR","1508","BPP Tengah Ilir","Tengah Ilir","76","2","1","0","2","0","5"
"JAMBI","TEBO","VII KOTO","1508","BPP VII Koto","VII Koto","82","2","1","5","2","0","10"
"JAMBI","TEBO","VII KOTO ILIR","1508","BPP VII Koto Ilir","VII Koto Ilir","82","3","1","0","3","0","7"
"JAWA BARAT","BANDUNG","ARJASARI","3204","BPP Arjasari","Arjasari","170","3","3","2","9","0","17"
"JAWA BARAT","BANDUNG","BALEENDAH","3204","BPP Baleendah","Baleendah","94","1","4","1","6","0","12"
"JAWA BARAT","BANDUNG","BANJARAN","3204","BPP Banjaran","Banjaran","169","2","2","2","7","0","13"
"JAWA BARAT","BANDUNG","BOJONGSOANG","3204","BPP Bojongsoang","Bojongsoang","121","3","0","2","5","0","10"
"JAWA BARAT","BANDUNG","CANGKUANG","3204","BPP Cangkuang","Cangkuang","90","2","1","1","6","0","10"
"JAWA BARAT","BANDUNG","CICALENGKA","3204","BPP Cicalengka","Cicalengka","99","2","3","3","8","0","16"
"JAWA BARAT","BANDUNG","CIKANCUNG","3204","BPP Cikancung","Cikancung","115","1","3","1","6","0","11"
"JAWA BARAT","BANDUNG","CILENGKRANG","3204","BPP Cilengkrang","Cilengkrang","80","2","1","1","3","0","7"
"JAWA BARAT","BANDUNG","CILEUNYI","3204","BPP Cileunyi","Cileunyi","88","1","2","1","6","0","10"
"JAWA BARAT","BANDUNG","CIMAUNG","3204","BPP Cimaung","Cimaung","224","3","0","2","9","0","14"
"JAWA BARAT","BANDUNG","CIMENYAN","3204","BPP Cimenyan","Cimenyan","124","2","1","2","5","0","10"
"JAWA BARAT","BANDUNG","CIPARAY","3204","BPP Ciparay","Ciparay","229","2","2","4","11","0","19"
"JAWA BARAT","BANDUNG","CIWIDEY","3204","BPP CIWIDEY","Ciwidey","159","2","1","2","6","1","12"
"JAWA BARAT","BANDUNG","DAYEUHKOLOT","3204","BPP Dayeuhkolot","Dayeuhkolot","44","1","0","2","1","0","4"
"JAWA BARAT","BANDUNG","IBUN","3204","BPP Ibun","Ibun","130","2","3","0","4","0","9"
"JAWA BARAT","BANDUNG","KATAPANG","3204","BPP Katapang","Katapang","44","0","1","0","7","0","8"
"JAWA BARAT","BANDUNG","KERTASARI","3204","BPP Kertasari","Kertasari","272","0","3","0","3","0","6"
"JAWA BARAT","BANDUNG","KUTAWARINGIN","3204","BPP Kutawaringin","Kutawaringin","120","2","4","1","7","0","14"
"JAWA BARAT","BANDUNG","MAJALAYA","3204","BPP MAJALAYA","Majalaya","84","2","4","0","3","0","9"
"JAWA BARAT","BANDUNG","MARGAASIH","3204","BPP Margaasih","Margaasih","29","1","0","2","1","0","4"
"JAWA BARAT","BANDUNG","MARGAHAYU","3204","BPP Margahayu","Margahayu","17","1","1","0","2","0","4"
"JAWA BARAT","BANDUNG","NAGREG","3204","BPP Nagreg","Nagreg","97","2","2","1","9","0","14"
"JAWA BARAT","BANDUNG","PACET","3204","BPP Pacet","Pacet","204","2","2","2","3","0","9"
"JAWA BARAT","BANDUNG","PAMEUNGPEUK","3204","BPP Pameungpeuk","Pameungpeuk","67","3","1","1","3","0","8"
"JAWA BARAT","BANDUNG","PANGALENGAN","3204","BPP Pangalengan","Pangalengan","440","2","1","3","3","0","9"
"JAWA BARAT","BANDUNG","PASEH","3204","BPP Paseh","Paseh","123","0","2","3","7","0","12"
"JAWA BARAT","BANDUNG","PASIRJAMBU","3204","BPP Pasirjambu","Pasirjambu","230","1","2","1","5","1","10"
"JAWA BARAT","BANDUNG","RANCABALI","3204","BPP RANCABALI","Rancabali","149","3","0","1","2","0","6"
"JAWA BARAT","BANDUNG","RANCAEKEK","3204","BPP Rancaekek","Rancaekek","127","4","4","0","6","0","14"
"JAWA BARAT","BANDUNG","SOLOKAN JERUK","3204","BPP Solokanjeruk","Solokanjeruk","100","2","2","2","8","0","14"
"JAWA BARAT","BANDUNG","SOREANG","3204","BPP Soreang","Soreang","84","2","1","1","6","0","10"
"JAWA BARAT","BANDUNG BARAT","","3217","BP3K CIKALONGWETAN","Cikalongwetan","10","","","","","",""
"JAWA BARAT","BANDUNG BARAT","BATUJAJAR","3217","BP3K BATUJAJAR","Batujajar","85","3","1","2","4","0","10"
"JAWA BARAT","BANDUNG BARAT","CIHAMPELAS","3217","BP3K CIHAMPELAS","Cihampelas","161","2","2","2","3","0","9"
"JAWA BARAT","BANDUNG BARAT","CIKALONG WETAN","3217","BP3K CIKALONGWETAN","Cikalongwetan","191","4","1","3","5","0","13"
"JAWA BARAT","BANDUNG BARAT","CILILIN","3217","BP3K CILILIN","Cililin","163","3","3","4","6","0","16"
"JAWA BARAT","BANDUNG BARAT","CIPATAT","3217","BP3K CIPATAT","Cipatat","146","3","1","3","5","0","12"
"JAWA BARAT","BANDUNG BARAT","CIPEUNDEUY","3217","BP3K CIPEUNDEUY","Cipeundeuy","167","3","2","4","5","0","14"
"JAWA BARAT","BANDUNG BARAT","CIPONGKOR","3217","BP3K CIPONGKOR","Cipongkor","305","1","4","5","6","0","16"
"JAWA BARAT","BANDUNG BARAT","CISARUA","3217","BP3K CISARUA","Cisarua","225","3","2","2","3","0","10"
"JAWA BARAT","BANDUNG BARAT","GUNUNGHALU","3217","BP3K GUNUNGHALU","Gununghalu","188","0","3","3","7","0","13"
"JAWA BARAT","BANDUNG BARAT","LEMBANG","3217","BP3K LEMBANG","Lembang","348","6","2","2","6","0","16"
"JAWA BARAT","BANDUNG BARAT","NGAMPRAH","3217","BP3K NGAMPRAH","Ngamprah","109","7","1","2","2","0","12"
"JAWA BARAT","BANDUNG BARAT","PADALARANG","3217","BP3K PADALARANG","Padalarang","78","3","2","3","5","0","13"
"JAWA BARAT","BANDUNG BARAT","PARONGPONG","3217","BP3K PARONGPONG","Parongpong","143","4","0","2","4","0","10"
"JAWA BARAT","BANDUNG BARAT","RONGGA","3217","BP3K RONGGA","Rongga","173","1","2","3","4","0","10"
"JAWA BARAT","BANDUNG BARAT","SAGULING","3217","BP3K SAGULING","Saguling","87","1","2","2","5","0","10"
"JAWA BARAT","BANDUNG BARAT","SINDANGKERTA","3217","BP3K SINDANGKERTA","Sindangkerta","312","0","3","4","4","0","11"
"JAWA BARAT","BEKASI","BABELAN","3216","Babelan","Babelan","108","2","1","2","4","0","9"
"JAWA BARAT","BEKASI","BOJONGMANGU","3216","Bojongmangu","Bojongmangu","59","3","1","1","1","0","6"
"JAWA BARAT","BEKASI","CABANGBUNGIN","3216","Cabangbungin","Cabangbungin","122","2","2","1","4","0","9"
"JAWA BARAT","BEKASI","CIBARUSAH","3216","BPP CIBARUSAH","Cibarusah","60","0","1","2","1","0","4"
"JAWA BARAT","BEKASI","CIBITUNG","3216","Cibitung","Cibitung","60","2","0","2","1","0","5"
"JAWA BARAT","BEKASI","CIKARANG BARAT","3216","BPP Cikarang Barat","Cikarang Barat","35","0","1","1","2","0","4"
"JAWA BARAT","BEKASI","CIKARANG PUSAT","3216","Cikarang Pusat","Cikarang Pusat","50","0","0","1","2","0","3"
"JAWA BARAT","BEKASI","CIKARANG SELATAN","3216","Cikarang Selatan","Cikarang Selatan","28","1","0","1","2","0","4"
"JAWA BARAT","BEKASI","CIKARANG TIMUR","3216","Cikarang Timur","Cikarang Timur","80","2","1","1","2","0","6"
"JAWA BARAT","BEKASI","CIKARANG UTARA","3216","Cikarang Utara","Cikarang Utara","46","1","0","1","1","0","3"
"JAWA BARAT","BEKASI","KARANGBAHAGIA","3216","BPP Karangbahagia","Karangbahagia","108","1","1","1","3","0","6"
"JAWA BARAT","BEKASI","KEDUNGWARINGIN","3216","Kedungwaringin","Kedungwaringin","88","2","2","1","2","0","7"
"JAWA BARAT","BEKASI","MUARA GEMBONG","3216","BPP Muaragembong","Muaragembong","90","1","1","3","1","0","6"
"JAWA BARAT","BEKASI","PEBAYURAN","3216","BPP PEBAYURAN","Pebayuran","156","2","1","3","2","0","8"
"JAWA BARAT","BEKASI","SERANG BARU","3216","Serang Baru","Serang Baru","48","1","0","2","3","0","6"
"JAWA BARAT","BEKASI","SETU","3216","BPP Setu","Setu","80","2","0","1","2","0","5"
"JAWA BARAT","BEKASI","SUKAKARYA","3216","Sukakarya","Sukakarya","108","1","1","3","3","0","8"
"JAWA BARAT","BEKASI","SUKATANI","3216","Sukatani","Sukatani","83","2","0","1","3","0","6"
"JAWA BARAT","BEKASI","SUKAWANGI","3216","Sukawangi","Sukawangi","106","3","0","1","3","0","7"
"JAWA BARAT","BEKASI","TAMBELANG","3216","BPP Tambelang","Tambelang","110","1","0","3","3","0","7"
"JAWA BARAT","BEKASI","TAMBUN SELATAN","3216","Tambun Selatan","Tambun Selatan","58","1","1","1","1","0","4"
"JAWA BARAT","BEKASI","TAMBUN UTARA","3216","Tambun Utara","Tambun Utara","50","2","0","1","2","0","5"
"JAWA BARAT","BEKASI","TARUMAJAYA","3216","Tarumajaya","Tarumajaya","64","1","0","0","2","1","4"
"JAWA BARAT","BOGOR","BABAKAN MADANG","3201","BPP Wilayah X","Wilayah X","40","0","0","0","2","0","2"
"JAWA BARAT","BOGOR","BOJONG GEDE","3201","BPP Wilayah X","Wilayah X","25","0","0","0","3","0","3"
"JAWA BARAT","BOGOR","CARINGIN","3201","BPP Wilayah VII","Wilayah VII","100","6","4","1","17","0","28"
"JAWA BARAT","BOGOR","CARIU","3201","BPP Wilayah XIII","Wilayah Xiii","106","6","5","2","19","0","32"
"JAWA BARAT","BOGOR","CIAMPEA","3201","BPP Wilayah V","Wilayah V","79","0","0","0","0","0","0"
"JAWA BARAT","BOGOR","CIAWI","3201","BPP Wilayah VIII","Wilayah Viii","67","5","6","3","18","0","32"
"JAWA BARAT","BOGOR","CIBINONG","3201","BPP Wilayah X","Wilayah X","31","6","6","0","8","0","20"
"JAWA BARAT","BOGOR","CIBUNGBULANG","3201","BPP Wilayah V","Wilayah V","95","7","9","4","27","0","47"
"JAWA BARAT","BOGOR","CIGOMBONG","3201","BPP Wilayah VII","Wilayah VII","59","1","0","0","0","0","1"
"JAWA BARAT","BOGOR","CIGUDEG","3201","BPP Wilayah II","Wilayah II","81","7","1","8","21","0","37"
"JAWA BARAT","BOGOR","CIJERUK","3201","BPP Wilayah VII","Wilayah VII","73","0","0","0","0","0","0"
"JAWA BARAT","BOGOR","CILEUNGSI","3201","BPP Wilayah XI","Wilayah XI","34","0","0","0","0","0","0"
"JAWA BARAT","BOGOR","CIOMAS","3201","BPP Wilayah VI","Wilayah VI","41","0","0","0","0","0","0"
"JAWA BARAT","BOGOR","CISARUA","3201","BPP Wilayah VIII","Wilayah Viii","56","0","0","0","0","0","0"
"JAWA BARAT","BOGOR","CISEENG","3201","BPP Wilayah IX","Wilayah IX","59","7","4","1","15","0","27"
"JAWA BARAT","BOGOR","CITEUREUP","3201","BPP Wilayah XI","Wilayah XI","29","0","0","0","0","0","0"
"JAWA BARAT","BOGOR","DRAMAGA","3201","BPP Wilayah VI","Wilayah VI","54","7","3","0","13","0","23"
"JAWA BARAT","BOGOR","GUNUNG PUTRI","3201","BPP Wilayah XI","Wilayah XI","16","7","4","0","13","0","24"
"JAWA BARAT","BOGOR","GUNUNG SINDUR","3201","BPP Wilayah IX","Wilayah IX","44","1","0","0","0","0","1"
"JAWA BARAT","BOGOR","JASINGA","3201","BPP Wilayah II","Wilayah II","96","1","0","0","0","0","1"
"JAWA BARAT","BOGOR","JONGGOL","3201","BPP Wilayah XII","Wilayah XII","111","9","5","2","20","0","36"
"JAWA BARAT","BOGOR","KELAPA NUNGGAL","3201","BPP Wilayah XI","Wilayah XI","42","0","1","0","0","0","1"
"JAWA BARAT","BOGOR","KEMANG","3201","BPP Wilayah IX","Wilayah IX","52","0","0","0","0","0","0"
"JAWA BARAT","BOGOR","LEUWILIANG","3201","BPP Wilayah IV","Wilayah IV","73","6","3","8","26","0","43"
"JAWA BARAT","BOGOR","LEUWISADENG","3201","BPP Wilayah IV","Wilayah IV","51","0","0","0","0","0","0"
"JAWA BARAT","BOGOR","MEGAMENDUNG","3201","BPP Wilayah VIII","Wilayah Viii","68","1","0","0","0","0","1"
"JAWA BARAT","BOGOR","NANGGUNG","3201","BPP Wilayah III","Wilayah III","77","1","0","1","0","0","2"
"JAWA BARAT","BOGOR","PAMIJAHAN","3201","BPP Wilayah V","Wilayah V","161","1","0","0","0","0","1"
"JAWA BARAT","BOGOR","PARUNG","3201","BPP Wilayah IX","Wilayah IX","25","0","0","0","0","0","0"
"JAWA BARAT","BOGOR","PARUNG PANJANG","3201","BPP Wilayah I","Wilayah I","94","5","4","4","13","0","26"
"JAWA BARAT","BOGOR","RANCA BUNGUR","3201","BPP Wilayah IX","Wilayah IX","52","0","0","0","0","0","0"
"JAWA BARAT","BOGOR","RUMPIN","3201","BPP Wilayah IV","Wilayah IV","80","0","0","0","0","0","0"
"JAWA BARAT","BOGOR","SUKAJAYA","3201","BPP Wilayah III","Wilayah III","97","0","1","0","0","0","1"
"JAWA BARAT","BOGOR","SUKAMAKMUR","3201","BPP Wilayah XII","Wilayah XII","100","0","0","0","0","0","0"
"JAWA BARAT","BOGOR","SUKARAJA","3201","BPP Wilayah X","Wilayah X","30","0","0","0","3","0","3"
"JAWA BARAT","BOGOR","TAJUR HALANG","3201","BPP Wilayah X","Wilayah X","36","0","0","0","0","0","0"
"JAWA BARAT","BOGOR","TAMANSARI","3201","BPP Wilayah VI","Wilayah VI","64","0","0","0","0","0","0"
"JAWA BARAT","BOGOR","TANJUNGSARI","3201","BPP Wilayah XIII","Wilayah Xiii","120","1","1","0","0","0","2"
"JAWA BARAT","BOGOR","TENJO","3201","BPP Wilayah I","Wilayah I","78","0","1","0","0","0","1"
"JAWA BARAT","BOGOR","TENJOLAYA","3201","BPP Wilayah V","Wilayah V","73","0","0","0","0","0","0"
"JAWA BARAT","CIAMIS","BANJARANYAR","3207","BPP Kecamatan Banjaranyar","Kecamatan Banjaranyar","138","0","3","2","0","0","5"
"JAWA BARAT","CIAMIS","BANJARSARI","3207","BPP Kecamatan Banjarsari","Kecamatan Banjarsari","129","0","4","2","14","0","20"
"JAWA BARAT","CIAMIS","BAREGBEG","3207","BPP Kecamatan Baregbeg","Kecamatan Baregbeg","84","1","3","3","9","0","16"
"JAWA BARAT","CIAMIS","CIAMIS","3207","BPP Kecamatan Ciamis","Kecamatan Ciamis","130","3","3","2","19","0","27"
"JAWA BARAT","CIAMIS","CIDOLOG","3207","BPP Kecamatan Cidolog","Kecamatan Cidolog","65","2","1","2","1","0","6"
"JAWA BARAT","CIAMIS","CIHAURBEUTI","3207","BPP Kecamatan Cihaurbeuti","Kecamatan Cihaurbeuti","127","0","3","2","8","0","13"
"JAWA BARAT","CIAMIS","CIJEUNGJING","3207","BPP Kecamatan Cijeungjing","Kecamatan Cijeungjing","116","2","3","2","11","0","18"
"JAWA BARAT","CIAMIS","CIKONENG","3207","BPP Kecamatan Cikoneng","Kecamatan Cikoneng","85","2","0","5","3","0","10"
"JAWA BARAT","CIAMIS","CIMARAGAS","3207","BPP. Kecamatan Cimaragas","Kecamatan Cimaragas","58","3","0","1","5","0","9"
"JAWA BARAT","CIAMIS","CIPAKU","3207","BPP Kecamatan Cipaku","Kecamatan Cipaku","219","2","2","4","13","0","21"
"JAWA BARAT","CIAMIS","CISAGA","3207","BPP Kecamatan Cisaga","Kecamatan Cisaga","81","2","0","3","10","0","15"
"JAWA BARAT","CIAMIS","JATINAGARA","3207","BPP Kecamatan Jatinagara","Kecamatan Jatinagara","76","2","2","1","5","0","10"
"JAWA BARAT","CIAMIS","KAWALI","3207","BPP Kecamatan Kawali","Kecamatan Kawali","142","2","3","2","11","0","18"
"JAWA BARAT","CIAMIS","LAKBOK","3207","BPP Kecamatan Lakbok","Kecamatan Lakbok","97","2","2","2","4","0","10"
"JAWA BARAT","CIAMIS","LUMBUNG","3207","BPP Kecamatan Lumbung","Kecamatan Lumbung","93","2","3","0","3","0","8"
"JAWA BARAT","CIAMIS","PAMARICAN","3207","BPP Kecamatan Pamarican","Kecamatan Pamarican","229","3","1","2","12","0","18"
"JAWA BARAT","CIAMIS","PANAWANGAN","3207","BPP Kecamatan Panawangan","Kecamatan Panawangan","231","3","6","2","6","0","17"
"JAWA BARAT","CIAMIS","PANJALU","3207","BPP Kecamatan Panjalu","Kecamatan Panjalu","234","1","2","1","6","0","10"
"JAWA BARAT","CIAMIS","PANUMBANGAN","3207","BPP Kecamatan Panumbangan","Kecamatan Panumbangan","203","2","3","4","5","0","14"
"JAWA BARAT","CIAMIS","PURWADADI","3207","BPP Kecamatan Purwadadi","Kecamatan Purwadadi","125","2","2","1","1","0","6"
"JAWA BARAT","CIAMIS","RAJADESA","3207","BPP Kecamatan Rajadesa","Kecamatan Rajadesa","167","1","4","3","8","0","16"
"JAWA BARAT","CIAMIS","RANCAH","3207","BPP Kecamatan Rancah","Kecamatan Rancah","189","1","5","3","9","0","18"
"JAWA BARAT","CIAMIS","SADANANYA","3207","BPP Kecamatan Sadananya","Kecamatan Sadananya","98","2","4","1","8","0","15"
"JAWA BARAT","CIAMIS","SINDANGKASIH","3207","BPP Kecamatan Sindangkasih","Kecamatan Sindangkasih","106","1","4","1","7","0","13"
"JAWA BARAT","CIAMIS","SUKADANA","3207","BPP Kecamatan Sukadana","Kecamatan Sukadana","133","3","2","2","5","1","13"
"JAWA BARAT","CIAMIS","SUKAMANTRI","3207","BPP Kecamatan Sukamantri","Kecamatan Sukamantri","186","2","0","2","6","0","10"
"JAWA BARAT","CIAMIS","TAMBAKSARI","3207","BPP Kecamatan Tambaksari","Kecamatan Tambaksari","104","1","3","0","7","0","11"
"JAWA BARAT","CIANJUR","AGRABINTA","3203","BPP AGRABINTA","Agrabinta","145","1","0","3","0","0","4"
"JAWA BARAT","CIANJUR","BOJONGPICUNG","3203","BPP Bojongpicung","Bojongpicung","133","2","4","0","5","0","11"
"JAWA BARAT","CIANJUR","CAMPAKA","3203","BPP Campaka","Campaka","175","1","1","2","0","0","4"
"JAWA BARAT","CIANJUR","CAMPAKA MULYA","3203","BPP Campakamulya","Campakamulya","64","0","1","0","0","0","1"
"JAWA BARAT","CIANJUR","CIANJUR","3203","BPP Cianjur","Cianjur","98","1","3","1","6","0","11"
"JAWA BARAT","CIANJUR","CIBEBER","3203","BPP Cibeber","Cibeber","212","2","6","0","14","0","22"
"JAWA BARAT","CIANJUR","CIBINONG","3203","BPP Cibinong","Cibinong","140","1","3","2","1","0","7"
"JAWA BARAT","CIANJUR","CIDAUN","3203","BPP Cidaun","Cidaun","155","0","3","1","1","0","5"
"JAWA BARAT","CIANJUR","CIJATI","3203","BPP Kecamatan Cijati","Kecamatan Cijati","91","0","1","2","0","0","3"
"JAWA BARAT","CIANJUR","CIKADU","3203","BPP Cikadu","Cikadu","132","0","2","3","2","0","7"
"JAWA BARAT","CIANJUR","CIKALONGKULON","3203","BPP Cikalongkulon","Cikalongkulon","152","3","4","1","6","0","14"
"JAWA BARAT","CIANJUR","CILAKU","3203","BPP Cilaku","Cilaku","115","3","3","1","10","0","17"
"JAWA BARAT","CIANJUR","CIPANAS","3203","BPP Cipanas","Cipanas","122","2","2","1","3","0","8"
"JAWA BARAT","CIANJUR","CIRANJANG","3203","BPP Ciranjang","Ciranjang","136","2","3","0","2","0","7"
"JAWA BARAT","CIANJUR","CUGENANG","3203","BPP Cugenang","Cugenang","167","1","6","0","1","0","8"
"JAWA BARAT","CIANJUR","GEKBRONG","3203","BPP Gekbrong","Gekbrong","89","1","3","0","6","0","10"
"JAWA BARAT","CIANJUR","HAURWANGI","3203","BPP Haurwangi","Haurwangi","71","1","4","0","0","0","5"
"JAWA BARAT","CIANJUR","KADUPANDAK","3203","BPP Kadupandak","Kadupandak","145","1","1","3","0","0","5"
"JAWA BARAT","CIANJUR","KARANGTENGAH","3203","BPP Karangtengah","Karangtengah","151","1","7","0","0","0","8"
"JAWA BARAT","CIANJUR","LELES","3203","BPP Leles","Leles","144","0","2","2","0","0","4"
"JAWA BARAT","CIANJUR","MANDE","3203","BPP Mande","Mande","102","1","4","0","12","3","20"
"JAWA BARAT","CIANJUR","NARINGGUL","3203","BPP Naringgul","Naringgul","116","1","1","4","0","0","6"
"JAWA BARAT","CIANJUR","PACET","3203","BPP Pacet","Pacet","104","0","4","0","1","0","5"
"JAWA BARAT","CIANJUR","PAGELARAN","3203","BPP Pagelaran","Pagelaran","179","0","1","2","0","0","3"
"JAWA BARAT","CIANJUR","PASIRKUDA","3203","BPP Pasirkuda","Pasirkuda","69","0","1","2","0","0","3"
"JAWA BARAT","CIANJUR","SINDANGBARANG","3203","BPP Sindangbarang","Sindangbarang","146","0","5","0","0","0","5"
"JAWA BARAT","CIANJUR","SUKALUYU","3203","BPP Sukaluyu","Sukaluyu","111","1","5","0","10","0","16"
"JAWA BARAT","CIANJUR","SUKANAGARA","3203","BPP Sukanagara","Sukanagara","121","1","2","0","0","0","3"
"JAWA BARAT","CIANJUR","SUKARESMI","3203","BPP Sukaresmi","Sukaresmi","178","2","4","1","4","0","11"
"JAWA BARAT","CIANJUR","TAKOKAK","3203","BPP Takokak","Takokak","99","1","2","1","0","0","4"
"JAWA BARAT","CIANJUR","TANGGEUNG","3203","BPP TANGGEUNG","Tanggeung","99","2","4","0","4","0","10"
"JAWA BARAT","CIANJUR","WARUNGKONDANG","3203","BPP Warungkondang","Warungkondang","97","2","3","0","11","0","16"
"JAWA BARAT","CIREBON","ARJAWINANGUN","3209","BPP Arjawinangun","Arjawinangun","86","1","2","4","0","0","7"
"JAWA BARAT","CIREBON","ASTANAJAPURA","3209","BPP Astanajapura","Astanajapura","101","3","0","2","5","1","11"
"JAWA BARAT","CIREBON","BABAKAN","3209","BPP Babakan","Babakan","121","2","3","0","0","0","5"
"JAWA BARAT","CIREBON","BEBER","3209","BPP Beber","Beber","113","3","3","0","8","0","14"
"JAWA BARAT","CIREBON","CILEDUG","3209","BPP Ciledug","Ciledug","58","1","1","2","0","0","4"
"JAWA BARAT","CIREBON","CIWARINGIN","3209","BPP Ciwaringin","Ciwaringin","93","2","2","3","4","0","11"
"JAWA BARAT","CIREBON","DEPOK","3209","BPP Depok","Depok","60","0","6","0","0","0","6"
"JAWA BARAT","CIREBON","DUKUPUNTANG","3209","BPP Dukupuntang","Dukupuntang","107","5","3","2","3","0","13"
"JAWA BARAT","CIREBON","GEBANG","3209","BPP Gebang","Gebang","111","1","5","1","7","0","14"
"JAWA BARAT","CIREBON","GEGESIK","3209","BPP Gegesik","Gegesik","123","7","2","3","4","2","18"
"JAWA BARAT","CIREBON","GEMPOL","3209","BPP Gempol","Gempol","82","1","3","2","0","0","6"
"JAWA BARAT","CIREBON","GREGED","3209","BPP Greged","Greged","119","0","2","2","0","0","4"
"JAWA BARAT","CIREBON","GUNUNGJATI","3209","BPP Gunungjati","Gunungjati","94","2","4","0","7","0","13"
"JAWA BARAT","CIREBON","JAMBLANG","3209","BPP Jamblang","Jamblang","79","2","2","1","0","0","5"
"JAWA BARAT","CIREBON","KALIWEDI","3209","BPP Kaliwedi","Kaliwedi","69","0","5","3","0","0","8"
"JAWA BARAT","CIREBON","KAPETAKAN","3209","BPP Kapetakan","Kapetakan","143","2","4","2","0","0","8"
"JAWA BARAT","CIREBON","KARANGSEMBUNG","3209","BPP Karangsembung","Karangsembung","82","1","3","0","0","0","4"
"JAWA BARAT","CIREBON","KARANGWARENG","3209","BPP Karangwareng","Karangwareng","86","3","1","1","8","0","13"
"JAWA BARAT","CIREBON","KEDAWUNG","3209","BPP Kedawung","Kedawung","40","1","1","2","0","0","4"
"JAWA BARAT","CIREBON","KLANGENAN","3209","BPP Klangenan","Klangenan","82","1","2","2","0","0","5"
"JAWA BARAT","CIREBON","LEMAHABANG","3209","BPP Lemahabang","Lemahabang","96","0","4","0","5","1","10"
"JAWA BARAT","CIREBON","LOSARI","3209","BPP Losari","Losari","92","2","3","0","0","0","5"
"JAWA BARAT","CIREBON","MUNDU","3209","BPP Mundu","Mundu","95","3","1","1","8","0","13"
"JAWA BARAT","CIREBON","PABEDILAN","3209","BPP Pabedilan","Pabedilan","110","3","2","0","4","0","9"
"JAWA BARAT","CIREBON","PABUARAN","3209","BPP Pabuaran","Pabuaran","67","3","1","0","0","0","4"
"JAWA BARAT","CIREBON","PALIMANAN","3209","BPP Palimanan","Palimanan","69","0","1","0","6","0","7"
"JAWA BARAT","CIREBON","PANGENAN","3209","BPP Pangenan","Pangenan","84","3","1","0","0","0","4"
"JAWA BARAT","CIREBON","PANGURAGAN","3209","BPP Panguragan","Panguragan","119","3","2","2","10","0","17"
"JAWA BARAT","CIREBON","PASALEMAN","3209","BPP Pasaleman","Pasaleman","120","2","3","1","0","0","6"
"JAWA BARAT","CIREBON","PLERED","3209","BPP Plered","Plered","61","2","1","3","0","0","6"
"JAWA BARAT","CIREBON","PLUMBON","3209","BPP Plumbon","Plumbon","81","5","3","0","7","0","15"
"JAWA BARAT","CIREBON","SEDONG","3209","BPP Sedong","Sedong","91","2","2","0","0","0","4"
"JAWA BARAT","CIREBON","SUMBER","3209","BPP Sumber","Sumber","115","1","3","3","0","0","7"
"JAWA BARAT","CIREBON","SURANENGGALA","3209","BPP Suranenggala","Suranenggala","124","2","3","3","0","0","8"
"JAWA BARAT","CIREBON","SUSUKAN","3209","BPP Susukan","Susukan","193","7","2","1","5","1","16"
"JAWA BARAT","CIREBON","SUSUKANLEBAK","3209","BPP Susukanlebak","Susukanlebak","90","4","0","1","0","0","5"
"JAWA BARAT","CIREBON","TALUN","3209","BPP Talun","Talun","67","3","1","0","0","0","4"
"JAWA BARAT","CIREBON","TENGAH TANI","3209","BPP Tengahtani","Tengahtani","41","1","3","0","0","0","4"
"JAWA BARAT","CIREBON","WALED","3209","BPP Waled","Waled","132","5","1","0","9","0","15"
"JAWA BARAT","CIREBON","WERU","3209","BPP Weru","Weru","36","2","1","0","0","0","3"
"JAWA BARAT","GARUT","BANJARWANGI","3205","BPP Banjarwangi","Banjarwangi","245","1","1","4","5","0","11"
"JAWA BARAT","GARUT","BANYURESMI","3205","BPP Banyuresmi","Banyuresmi","154","5","2","1","14","1","23"
"JAWA BARAT","GARUT","BAYONGBONG","3205","BPP Bayongbong","Bayongbong","225","1","7","3","18","0","29"
"JAWA BARAT","GARUT","BLUBUR LIMBANGAN","3205","BPP Limbangan","Limbangan","238","3","1","2","12","1","19"
"JAWA BARAT","GARUT","BUNGBULANG","3205","BPP Bungbulang","Bungbulang","204","0","4","2","9","1","16"
"JAWA BARAT","GARUT","CARINGIN","3205","BPP Caringin","Caringin","165","1","3","0","6","0","10"
"JAWA BARAT","GARUT","CIBALONG","3205","BPP Cibalong","Cibalong","301","2","2","1","4","0","9"
"JAWA BARAT","GARUT","CIBATU","3205","BPP Cibatu","Cibatu","95","1","4","1","8","0","14"
"JAWA BARAT","GARUT","CIBIUK","3205","BPP Cibiuk","Cibiuk","77","0","3","1","5","0","9"
"JAWA BARAT","GARUT","CIGEDUG","3205","BPP Cigedug","Cigedug","114","1","2","1","4","1","9"
"JAWA BARAT","GARUT","CIHURIP","3205","BPP Cihurip","Cihurip","77","0","1","2","3","0","6"
"JAWA BARAT","GARUT","CIKAJANG","3205","BPP Cikajang","Cikajang","242","1","4","2","11","0","18"
"JAWA BARAT","GARUT","CIKELET","3205","BPP Cikelet","Cikelet","247","1","1","3","2","0","7"
"JAWA BARAT","GARUT","CILAWU","3205","BPP Cilawu","Cilawu","252","3","2","6","3","0","14"
"JAWA BARAT","GARUT","CISEWU","3205","BPP Cisewu","Cisewu","198","1","2","1","8","0","12"
"JAWA BARAT","GARUT","CISOMPET","3205","BPP Cisompet","Cisompet","155","0","2","2","8","0","12"
"JAWA BARAT","GARUT","CISURUPAN","3205","BPP Cisurupan","Cisurupan","299","3","1","4","15","0","23"
"JAWA BARAT","GARUT","GARUT KOTA","3205","BPP Garut Kota","Garut Kota","78","2","1","1","2","1","7"
"JAWA BARAT","GARUT","KADUNGORA","3205","BPP Kadungora","Kadungora","186","1","4","1","6","1","13"
"JAWA BARAT","GARUT","KARANGPAWITAN","3205","BPP Karangpawitan","Karangpawitan","188","2","5","1","18","0","26"
"JAWA BARAT","GARUT","KARANGTENGAH","3205","BPP Karangtengah","Karangtengah","73","1","2","0","0","0","3"
"JAWA BARAT","GARUT","KERSAMANAH","3205","BPP Kersamanah","Kersamanah","50","1","1","1","4","0","7"
"JAWA BARAT","GARUT","LELES","3205","BPP Leles","Leles","184","2","4","1","11","0","18"
"JAWA BARAT","GARUT","LEUWIGOONG","3205","BPP LEUWIGOONG","Leuwigoong","91","1","2","2","4","0","9"
"JAWA BARAT","GARUT","MALANGBONG","3205","BPP Malangbong","Malangbong","144","1","7","2","25","1","36"
"JAWA BARAT","GARUT","MEKARMUKTI","3205","BPP Mekarmukti","Mekarmukti","85","1","1","1","3","0","6"
"JAWA BARAT","GARUT","PAKENJENG","3205","BPP Pakenjeng","Pakenjeng","334","1","4","2","2","0","9"
"JAWA BARAT","GARUT","PAMEUNGPEUK","3205","BPP Pameungpeuk","Pameungpeuk","120","2","2","0","8","0","12"
"JAWA BARAT","GARUT","PAMULIHAN","3205","BPP Pamulihan","Pamulihan","80","0","3","1","4","0","8"
"JAWA BARAT","GARUT","PANGATIKAN","3205","BPP Pangatikan","Pangatikan","104","1","2","2","8","0","13"
"JAWA BARAT","GARUT","PASIRWANGI","3205","BPP Pasirwangi","Pasirwangi","170","1","2","3","3","0","9"
"JAWA BARAT","GARUT","PEUNDEUY","3205","BPP Peundeuy","Peundeuy","112","1","1","1","3","0","6"
"JAWA BARAT","GARUT","SAMARANG","3205","BPP Samarang","Samarang","156","2","2","4","11","0","19"
"JAWA BARAT","GARUT","SELAAWI","3205","BPP Selaawi","Selaawi","140","2","2","2","7","0","13"
"JAWA BARAT","GARUT","SINGAJAYA","3205","BPP Singajaya","Singajaya","200","0","1","2","9","0","12"
"JAWA BARAT","GARUT","SUCINARAJA","3205","BPP SUCINARAJA","Sucinaraja","84","1","3","1","7","0","12"
"JAWA BARAT","GARUT","SUKARESMI","3205","BPP Sukaresmi","Sukaresmi","143","1","3","2","0","0","6"
"JAWA BARAT","GARUT","SUKAWENING","3205","BPP Sukawening","Sukawening","124","2","2","2","11","1","18"
"JAWA BARAT","GARUT","TALEGONG","3205","BPP Talegong","Talegong","100","0","3","2","7","0","12"
"JAWA BARAT","GARUT","TAROGONG KALER","3205","BPP Tarogong Kaler","Tarogong Kaler","106","3","3","1","9","0","16"
"JAWA BARAT","GARUT","TAROGONG KIDUL","3205","BPP Tarogong Kidul","Tarogong Kidul","48","2","1","3","6","1","13"
"JAWA BARAT","GARUT","WANARAJA","3205","BPP Wanaraja","Wanaraja","90","1","3","2","9","0","15"
"JAWA BARAT","INDRAMAYU","ANJATAN","3212","BPP Anjatan","Anjatan","124","3","3","2","4","0","12"
"JAWA BARAT","INDRAMAYU","ARAHAN","3212","BPP Arahan","Arahan","69","2","0","4","2","0","8"
"JAWA BARAT","INDRAMAYU","BALONGAN","3212","BPP Balongan","Balongan","80","3","1","2","5","0","11"
"JAWA BARAT","INDRAMAYU","BANGODUA","3212","BPP Bangodua","Bangodua","73","2","1","4","3","0","10"
"JAWA BARAT","INDRAMAYU","BONGAS","3212","BPP Bongas","Bongas","56","2","2","1","3","0","8"
"JAWA BARAT","INDRAMAYU","CANTIGI","3212","BPP Cantigi","Cantigi","76","3","1","2","2","0","8"
"JAWA BARAT","INDRAMAYU","CIKEDUNG","3212","BPP Cikedung","Cikedung","97","1","3","1","3","0","8"
"JAWA BARAT","INDRAMAYU","GABUSWETAN","3212","BPP GABUSWETAN","Gabuswetan","138","2","1","3","4","0","10"
"JAWA BARAT","INDRAMAYU","GANTAR","3212","BPP Gantar","Gantar","158","2","3","0","3","0","8"
"JAWA BARAT","INDRAMAYU","HAURGEULIS","3212","BPP Haurgeulis","Haurgeulis","94","2","1","1","3","0","7"
"JAWA BARAT","INDRAMAYU","INDRAMAYU","3212","BPP Indramayu","Indramayu","76","3","2","2","3","0","10"
"JAWA BARAT","INDRAMAYU","JATIBARANG","3212","BPP Jatibarang","Jatibarang","89","4","1","2","3","0","10"
"JAWA BARAT","INDRAMAYU","JUNTINYUAT","3212","BPP Juntinyuat","Juntinyuat","87","6","2","0","6","0","14"
"JAWA BARAT","INDRAMAYU","KANDANGHAUR","3212","BPP Kandanghaur","Kandanghaur","105","6","1","1","3","0","11"
"JAWA BARAT","INDRAMAYU","KARANGAMPEL","3212","BPP Karangampel","Karangampel","62","3","3","0","3","0","9"
"JAWA BARAT","INDRAMAYU","KEDOKAN BUNDER","3212","BPP Kedokanbunder","Kedokanbunder","78","2","2","2","3","0","9"
"JAWA BARAT","INDRAMAYU","KERTASEMAYA","3212","BPP KERTASEMAYA","Kertasemaya","121","2","2","3","3","0","10"
"JAWA BARAT","INDRAMAYU","KRANGKENG","3212","BPP Krangkeng","Krangkeng","100","3","4","0","7","0","14"
"JAWA BARAT","INDRAMAYU","KROYA","3212","BPP Kroya","Kroya","211","2","2","2","3","0","9"
"JAWA BARAT","INDRAMAYU","LELEA","3212","BPP Lelea","Lelea","80","4","2","2","3","0","11"
"JAWA BARAT","INDRAMAYU","LOHBENER","3212","BPP Lohbener","Lohbener","70","4","4","0","3","0","11"
"JAWA BARAT","INDRAMAYU","LOSARANG","3212","BPP Losarang","Losarang","107","3","1","3","3","0","10"
"JAWA BARAT","INDRAMAYU","PASEKAN","3212","BPP Pasekan","Pasekan","51","4","0","1","2","0","7"
"JAWA BARAT","INDRAMAYU","PATROL","3212","BPP Patrol","Patrol","57","1","2","3","3","0","9"
"JAWA BARAT","INDRAMAYU","SINDANG","3212","BPP Sindang","Sindang","70","4","2","3","2","0","11"
"JAWA BARAT","INDRAMAYU","SLIYEG","3212","BPP SLIYEG","Sliyeg","127","3","3","2","2","0","10"
"JAWA BARAT","INDRAMAYU","SUKAGUMIWANG","3212","BPP Sukagumiwang","Sukagumiwang","80","3","1","2","4","0","10"
"JAWA BARAT","INDRAMAYU","SUKRA","3212","BPP Sukra","Sukra","79","2","0","3","3","0","8"
"JAWA BARAT","INDRAMAYU","TERISI","3212","BPP Terisi","Terisi","146","2","1","3","3","2","11"
"JAWA BARAT","INDRAMAYU","TUKDANA","3212","BPP Tukdana","Tukdana","117","4","4","4","2","0","14"
"JAWA BARAT","INDRAMAYU","WIDASARI","3212","BPP WIDASARI","Widasari","61","2","2","2","3","0","9"
"JAWA BARAT","KARAWANG","BANYUSARI","3215","UPTD Pengelolaan Pertanian Banyusari","Uptd Pengelolaan Pertanian Banyusari","141","3","2","1","12","0","18"
"JAWA BARAT","KARAWANG","BATUJAYA","3215","UPTD Pengelolaan Pertanian Batujaya","Uptd Pengelolaan Pertanian Batujaya","107","4","3","1","12","0","20"
"JAWA BARAT","KARAWANG","CIAMPEL","3215","UPTD Pengelolaan Pertanian Ciampel","Uptd Pengelolaan Pertanian Ciampel","60","4","1","0","8","0","13"
"JAWA BARAT","KARAWANG","CIBUAYA","3215","UPTD Pengelolaan Pertanian Cibuaya","Uptd Pengelolaan Pertanian Cibuaya","85","2","2","2","12","0","18"
"JAWA BARAT","KARAWANG","CIKAMPEK","3215","UPTD Pengelolaan Pertanian Cikampek","Uptd Pengelolaan Pertanian Cikampek","54","3","0","1","9","0","13"
"JAWA BARAT","KARAWANG","CILAMAYA KULON","3215","UPTD Pengelolaan Pertanian Cilamaya Kulo","Uptd Pengelolaan Pertanian Cilamaya Kulo","148","2","3","2","13","0","20"
"JAWA BARAT","KARAWANG","CILAMAYA WETAN","3215","UPTD Pengelolaan Pertanian CilamayaWetan","Uptd Pengelolaan Pertanian CilamayaWetan","153","2","3","1","12","0","18"
"JAWA BARAT","KARAWANG","CILEBAR","3215","UPTD Pengelolaan Pertanian Cilebar","Uptd Pengelolaan Pertanian Cilebar","103","5","3","0","6","0","14"
"JAWA BARAT","KARAWANG","JATISARI","3215","UPTD Pengelolaan Pertanian Jatisari","Uptd Pengelolaan Pertanian Jatisari","124","2","3","2","12","0","19"
"JAWA BARAT","KARAWANG","JAYAKERTA","3215","UPTD Pengelolaan Pertanian Jayakerta","Uptd Pengelolaan Pertanian Jayakerta","74","2","2","1","10","0","15"
"JAWA BARAT","KARAWANG","KARAWANG BARAT","3215","UPTD Pengelolaan Pertanian Karawang Bara","Uptd Pengelolaan Pertanian Karawang Bara","55","2","2","2","6","0","12"
"JAWA BARAT","KARAWANG","KARAWANG TIMUR","3215","UPTD Pengelolaan Pertanian Karawang Timu","Uptd Pengelolaan Pertanian Karawang Timu","64","2","2","0","8","0","12"
"JAWA BARAT","KARAWANG","KLARI","3215","UPTD Pengelolaan Pertanian Klari","Uptd Pengelolaan Pertanian Klari","85","2","2","0","12","2","18"
"JAWA BARAT","KARAWANG","KOTABARU","3215","UPTD Pengelolaan Pertanian Kotabaru","Uptd Pengelolaan Pertanian Kotabaru","94","3","0","1","10","0","14"
"JAWA BARAT","KARAWANG","KUTAWALUYA","3215","UPTD Pengelolaan Pertanian Kutawaluya","Uptd Pengelolaan Pertanian Kutawaluya","104","4","2","1","13","0","20"
"JAWA BARAT","KARAWANG","LEMAHABANG","3215","UPTD Pengelolaan Pertanian Lemahabang","Uptd Pengelolaan Pertanian Lemahabang","168","3","3","4","11","0","21"
"JAWA BARAT","KARAWANG","MAJALAYA","3215","UPTD Pengelolaan Pertanian Majalaya","Uptd Pengelolaan Pertanian Majalaya","89","1","4","0","7","0","12"
"JAWA BARAT","KARAWANG","PAKISJAYA","3215","UPTD Pengelolaan Pertanian Pakisjaya","Uptd Pengelolaan Pertanian Pakisjaya","96","4","3","0","9","0","16"
"JAWA BARAT","KARAWANG","PANGKALAN","3215","UPTD Pengelolaan Pertanian Pangkalan","Uptd Pengelolaan Pertanian Pangkalan","104","1","3","1","7","0","12"
"JAWA BARAT","KARAWANG","PEDES","3215","UPTD Pengelolaan Pertanian Pedes","Uptd Pengelolaan Pertanian Pedes","117","4","2","1","16","0","23"
"JAWA BARAT","KARAWANG","PURWASARI","3215","UPTD Pengelolaan Pertanian PURWASARI","Uptd Pengelolaan Pertanian Purwasari","58","2","1","0","9","0","12"
"JAWA BARAT","KARAWANG","RAWAMERTA","3215","UPTD Pengelolaan Pertanian Rawamerta","Uptd Pengelolaan Pertanian Rawamerta","138","5","4","0","21","0","30"
"JAWA BARAT","KARAWANG","RENGASDENGKLOK","3215","UPTD Pengelolaan Pertanian Rengasdengklo","Uptd Pengelolaan Pertanian Rengasdengklo","89","4","1","0","10","0","15"
"JAWA BARAT","KARAWANG","TALAGASARI","3215","UPTD Pengelolaan Pertanian Telagasari","Uptd Pengelolaan Pertanian Telagasari","153","4","4","2","19","0","29"
"JAWA BARAT","KARAWANG","TEGALWARU","3215","UPTD Pengelolaan Pertanian Tegalwaru","Uptd Pengelolaan Pertanian Tegalwaru","76","3","1","2","14","0","20"
"JAWA BARAT","KARAWANG","TELUKJAMBE BARAT","3215","UPTD Pengelolaan PertanianTelukjambe Bar","Uptd Pengelolaan PertanianTelukjambe Bar","90","2","5","1","10","0","18"
"JAWA BARAT","KARAWANG","TELUKJAMBE TIMUR","3215","UPTD Pengelolaan Pertanian Telukjambe Ti","Uptd Pengelolaan Pertanian Telukjambe Ti","34","3","0","1","9","0","13"
"JAWA BARAT","KARAWANG","TEMPURAN","3215","UPTD Pengelolaan Pertanian Tempuran","Uptd Pengelolaan Pertanian Tempuran","169","5","3","1","12","0","21"
"JAWA BARAT","KARAWANG","TIRTAJAYA","3215","UPTD Pengelolaan Pertanian Tirtajaya","Uptd Pengelolaan Pertanian Tirtajaya","120","5","1","3","11","0","20"
"JAWA BARAT","KARAWANG","TIRTAMULYA","3215","UPTD Pengelolaan Pertanian Tirtamulya","Uptd Pengelolaan Pertanian Tirtamulya","119","5","1","1","12","0","19"
"JAWA BARAT","KOTA BANDUNG","ANDIR","3273","BPP Kota Bandung","Kota Bandung","5","0","0","0","0","0","0"
"JAWA BARAT","KOTA BANDUNG","ANTAPANI","3273","BPP Kota Bandung","Kota Bandung","15","0","0","0","0","0","0"
"JAWA BARAT","KOTA BANDUNG","ARCAMANIK","3273","BPP Kota Bandung","Kota Bandung","16","0","0","0","0","0","0"
"JAWA BARAT","KOTA BANDUNG","ASTANAANYAR","3273","BPP Kota Bandung","Kota Bandung","12","0","0","0","0","0","0"
"JAWA BARAT","KOTA BANDUNG","BABAKAN CIPARAY","3273","BPP Kota Bandung","Kota Bandung","14","0","0","0","0","0","0"
"JAWA BARAT","KOTA BANDUNG","BANDUNG KIDUL","3273","BPP Kota Bandung","Kota Bandung","4","0","0","0","0","0","0"
"JAWA BARAT","KOTA BANDUNG","BANDUNG KULON","3273","BPP Kota Bandung","Kota Bandung","6","0","0","0","0","0","0"
"JAWA BARAT","KOTA BANDUNG","BANDUNG WETAN","3273","BPP Kota Bandung","Kota Bandung","0","0","0","0","0","0","0"
"JAWA BARAT","KOTA BANDUNG","BATUNUNGGAL","3273","BPP Kota Bandung","Kota Bandung","9","0","1","0","0","0","1"
"JAWA BARAT","KOTA BANDUNG","BOJONGLOA KALER","3273","BPP Kota Bandung","Kota Bandung","3","0","0","0","0","0","0"
"JAWA BARAT","KOTA BANDUNG","BOJONGLOA KIDUL","3273","BPP Kota Bandung","Kota Bandung","8","0","0","0","0","0","0"
"JAWA BARAT","KOTA BANDUNG","BUAHBATU","3273","BPP Kota Bandung","Kota Bandung","9","0","0","0","0","0","0"
"JAWA BARAT","KOTA BANDUNG","CIBEUNYING KALER","3273","BPP Kota Bandung","Kota Bandung","10","0","1","0","0","0","1"
"JAWA BARAT","KOTA BANDUNG","CIBEUNYING KIDUL","3273","BPP Kota Bandung","Kota Bandung","7","0","0","0","0","0","0"
"JAWA BARAT","KOTA BANDUNG","CIBIRU","3273","BPP Kota Bandung","Kota Bandung","20","0","1","0","0","0","1"
"JAWA BARAT","KOTA BANDUNG","CICENDO","3273","BPP Kota Bandung","Kota Bandung","17","4","4","0","0","0","8"
"JAWA BARAT","KOTA BANDUNG","CIDADAP","3273","BPP Kota Bandung","Kota Bandung","18","0","1","0","0","0","1"
"JAWA BARAT","KOTA BANDUNG","CINAMBO","3273","BPP Kota Bandung","Kota Bandung","13","0","1","0","0","0","1"
"JAWA BARAT","KOTA BANDUNG","COBLONG","3273","BPP Kota Bandung","Kota Bandung","6","0","0","0","0","0","0"
"JAWA BARAT","KOTA BANDUNG","GEDEBAGE","3273","BPP Kota Bandung","Kota Bandung","18","0","1","0","0","1","2"
"JAWA BARAT","KOTA BANDUNG","KIARACONDONG","3273","BPP Kota Bandung","Kota Bandung","5","0","0","0","0","0","0"
"JAWA BARAT","KOTA BANDUNG","LENGKONG","3273","BPP Kota Bandung","Kota Bandung","0","0","0","0","0","0","0"
"JAWA BARAT","KOTA BANDUNG","MANDALAJATI","3273","BPP Kota Bandung","Kota Bandung","7","0","0","0","0","0","0"
"JAWA BARAT","KOTA BANDUNG","PANYILEUKAN","3273","BPP Kota Bandung","Kota Bandung","13","0","1","0","0","0","1"
"JAWA BARAT","KOTA BANDUNG","RANCASARI","3273","BPP Kota Bandung","Kota Bandung","9","0","0","0","0","0","0"
"JAWA BARAT","KOTA BANDUNG","REGOL","3273","BPP Kota Bandung","Kota Bandung","3","0","0","0","0","0","0"
"JAWA BARAT","KOTA BANDUNG","SUKAJADI","3273","BPP Kota Bandung","Kota Bandung","7","0","0","0","0","0","0"
"JAWA BARAT","KOTA BANDUNG","SUKASARI","3273","BPP Kota Bandung","Kota Bandung","17","0","1","0","0","0","1"
"JAWA BARAT","KOTA BANDUNG","SUMUR BANDUNG","3273","BPP Kota Bandung","Kota Bandung","6","0","0","0","0","0","0"
"JAWA BARAT","KOTA BANDUNG","UJUNG BERUNG","3273","BPP Kota Bandung","Kota Bandung","18","0","0","0","0","0","0"
"JAWA BARAT","KOTA BANJAR","BANJAR","3279","BPP Kecamatan Banjar","Kecamatan Banjar","84","4","3","0","1","0","8"
"JAWA BARAT","KOTA BANJAR","LANGENSARI","3279","BPP Kecamatan Langensari","Kecamatan Langensari","112","3","3","0","3","0","9"
"JAWA BARAT","KOTA BANJAR","PATARUMAN","3279","BPP Kecamatan Pataruman","Kecamatan Pataruman","123","3","3","3","2","0","11"
"JAWA BARAT","KOTA BANJAR","PURWAHARJA","3279","BPP Kecamatan Purwaharja","Kecamatan Purwaharja","78","2","1","0","1","0","4"
"JAWA BARAT","KOTA BEKASI","BANTARGEBANG","3275","Balai Penyuluhan Pertanian Bantargebang","Bantargebang","10","2","0","0","3","0","5"
"JAWA BARAT","KOTA BEKASI","BEKASI BARAT","3275","Balai Penyuluhan Pertanian Bantargebang","Bantargebang","8","0","1","0","0","0","1"
"JAWA BARAT","KOTA BEKASI","BEKASI SELATAN","3275","Balai Penyuluhan Pertanian Bantargebang","Bantargebang","9","0","0","0","0","0","0"
"JAWA BARAT","KOTA BEKASI","BEKASI TIMUR","3275","Balai Penyuluhan Pertanian Bantargebang","Bantargebang","8","0","0","0","1","0","1"
"JAWA BARAT","KOTA BEKASI","BEKASI UTARA","3275","Balai Penyuluhan Pertanian Bantargebang","Bantargebang","12","0","0","0","0","0","0"
"JAWA BARAT","KOTA BEKASI","JATIASIH","3275","Balai Penyuluhan Pertanian Bantargebang","Bantargebang","13","1","0","0","0","0","1"
"JAWA BARAT","KOTA BEKASI","JATISAMPURNA","3275","Balai Penyuluhan Pertanian Bantargebang","Bantargebang","10","0","0","0","0","0","0"
"JAWA BARAT","KOTA BEKASI","MEDAN SATRIA","3275","Balai Penyuluhan Pertanian Bantargebang","Bantargebang","7","0","0","0","0","0","0"
"JAWA BARAT","KOTA BEKASI","MUSTIKAJAYA","3275","Balai Penyuluhan Pertanian Bantargebang","Bantargebang","13","0","1","0","0","0","1"
"JAWA BARAT","KOTA BEKASI","PONDOKGEDE","3275","Balai Penyuluhan Pertanian Bantargebang","Bantargebang","6","0","0","0","0","0","0"
"JAWA BARAT","KOTA BEKASI","PONDOKMELATI","3275","Balai Penyuluhan Pertanian Bantargebang","Bantargebang","8","0","0","0","0","0","0"
"JAWA BARAT","KOTA BEKASI","RAWALUMBU","3275","Balai Penyuluhan Pertanian Bantargebang","Bantargebang","10","0","0","0","0","0","0"
"JAWA BARAT","KOTA BOGOR","BOGOR BARAT","3271","Barat Barat","Barat Barat","98","3","0","0","18","0","21"
"JAWA BARAT","KOTA BOGOR","BOGOR SELATAN","3271","BPP BOGOR KOTA","Bogor Kota","119","7","3","0","18","0","28"
"JAWA BARAT","KOTA BOGOR","BOGOR TENGAH","3271","BPP BOGOR KOTA","Bogor Kota","22","0","0","0","0","0","0"
"JAWA BARAT","KOTA BOGOR","BOGOR TIMUR","3271","Bogor Timur","Bogor Timur","35","4","2","0","9","0","15"
"JAWA BARAT","KOTA BOGOR","BOGOR UTARA","3271","Barat Barat","Barat Barat","64","0","0","0","0","0","0"
"JAWA BARAT","KOTA BOGOR","TANAH SEREAL","3271","Bogor Timur","Bogor Timur","65","0","0","0","0","0","0"
"JAWA BARAT","KOTA CIMAHI","CIMAHI SELATAN","3277","Kota Cimahi","Kota Cimahi","40","0","0","0","0","0","0"
"JAWA BARAT","KOTA CIMAHI","CIMAHI TENGAH","3277","Kota Cimahi","Kota Cimahi","20","0","0","0","0","0","0"
"JAWA BARAT","KOTA CIMAHI","CIMAHI UTARA","3277","Kota Cimahi","Kota Cimahi","42","4","4","0","0","0","8"
"JAWA BARAT","KOTA CIREBON","HARJAMUKTI","3274","DKPPP Kota Cirebon","Dkppp Kota Cirebon","42","1","0","0","0","0","1"
"JAWA BARAT","KOTA CIREBON","KEJAKSAN","3274","DKPPP Kota Cirebon","Dkppp Kota Cirebon","9","0","0","0","0","0","0"
"JAWA BARAT","KOTA CIREBON","KESAMBI","3274","DKPPP Kota Cirebon","Dkppp Kota Cirebon","21","0","0","0","0","0","0"
"JAWA BARAT","KOTA CIREBON","LEMAHWUNGKUK","3274","DKPPP Kota Cirebon","Dkppp Kota Cirebon","13","4","2","0","0","0","6"
"JAWA BARAT","KOTA CIREBON","PEKALIPAN","","","","","0","0","0","0","0","0"
"JAWA BARAT","KOTA DEPOK","BEJI","3276","Ratu Jaya","Ratu Jaya","15","0","0","0","0","0","0"
"JAWA BARAT","KOTA DEPOK","BOJONGSARI","3276","Sawangan","Sawangan","29","0","0","0","0","0","0"
"JAWA BARAT","KOTA DEPOK","CILODONG","3276","Ratu Jaya","Ratu Jaya","10","0","0","0","0","0","0"
"JAWA BARAT","KOTA DEPOK","CIMANGGIS","3276","Ratu Jaya","Ratu Jaya","5","0","0","0","0","0","0"
"JAWA BARAT","KOTA DEPOK","CINERE","3276","Sawangan","Sawangan","5","0","0","0","0","0","0"
"JAWA BARAT","KOTA DEPOK","CIPAYUNG","3276","Ratu Jaya","Ratu Jaya","21","3","5","0","0","0","8"
"JAWA BARAT","KOTA DEPOK","LIMO","3276","Sawangan","Sawangan","13","0","0","0","0","0","0"
"JAWA BARAT","KOTA DEPOK","PANCORAN MAS","3276","Ratu Jaya","Ratu Jaya","13","1","0","0","0","0","1"
"JAWA BARAT","KOTA DEPOK","SAWANGAN","3276","Sawangan","Sawangan","37","2","3","0","0","0","5"
"JAWA BARAT","KOTA DEPOK","SUKMA JAYA","3276","Ratu Jaya","Ratu Jaya","21","0","0","0","0","0","0"
"JAWA BARAT","KOTA DEPOK","TAPOS","3276","Ratu Jaya","Ratu Jaya","23","0","0","0","0","0","0"
"JAWA BARAT","KOTA SUKABUMI","BAROS","3272","BPP Lembursitu","Lembursitu","23","0","0","0","0","0","0"
"JAWA BARAT","KOTA SUKABUMI","CIBEUREUM","3272","BPP Cibeureum","Cibeureum","28","3","4","0","5","0","12"
"JAWA BARAT","KOTA SUKABUMI","CIKOLE","3272","BPP Cibeureum","Cibeureum","14","0","0","0","0","0","0"
"JAWA BARAT","KOTA SUKABUMI","CITAMIANG","3272","BPP Warudoyong","Warudoyong","11","0","0","0","0","0","0"
"JAWA BARAT","KOTA SUKABUMI","GUNUNG PUYUH","3272","BPP Warudoyong","Warudoyong","18","0","0","0","0","0","0"
"JAWA BARAT","KOTA SUKABUMI","LEMBURSITU","3272","BPP Lembursitu","Lembursitu","45","2","4","0","5","0","11"
"JAWA BARAT","KOTA SUKABUMI","WARUDOYONG","3272","BPP Warudoyong","Warudoyong","22","2","3","1","10","0","16"
"JAWA BARAT","KOTA TASIKMALAYA","BUNGURSARI","3278","BPP Indihiang","Indihiang","77","1","1","0","0","0","2"
"JAWA BARAT","KOTA TASIKMALAYA","CIBEUREUM","3278","BPP Cibeureum","Cibeureum","79","8","7","1","25","0","41"
"JAWA BARAT","KOTA TASIKMALAYA","CIHIDEUNG","3278","BPP Cipedes","Cipedes","22","0","1","0","0","0","1"
"JAWA BARAT","KOTA TASIKMALAYA","CIPEDES","3278","BPP Cipedes","Cipedes","29","7","2","0","5","0","14"
"JAWA BARAT","KOTA TASIKMALAYA","INDIHIANG","3278","BPP Indihiang","Indihiang","61","5","5","0","13","0","23"
"JAWA BARAT","KOTA TASIKMALAYA","KAWALU","3278","BPP Kawalu","Kawalu","129","13","4","1","21","0","39"
"JAWA BARAT","KOTA TASIKMALAYA","MANGKUBUMI","3278","BPP Kawalu","Kawalu","81","0","0","0","0","0","0"
"JAWA BARAT","KOTA TASIKMALAYA","PURBARATU","3278","BPP Cibeureum","Cibeureum","64","1","0","0","0","0","1"
"JAWA BARAT","KOTA TASIKMALAYA","TAMANSARI","3278","BPP Cibeureum","Cibeureum","134","1","1","0","0","0","2"
"JAWA BARAT","KOTA TASIKMALAYA","TAWANG","3278","BPP Cipedes","Cipedes","23","1","0","0","0","0","1"
"JAWA BARAT","KUNINGAN","CIAWIGEBANG","3208","BPP Ciawigebang","Ciawigebang","177","5","6","6","6","0","23"
"JAWA BARAT","KUNINGAN","CIBEUREUM","3208","BPP Cibingbin","Cibingbin","60","1","0","0","0","0","1"
"JAWA BARAT","KUNINGAN","CIBINGBIN","3208","BPP Cibingbin","Cibingbin","88","3","3","6","0","0","12"
"JAWA BARAT","KUNINGAN","CIDAHU","3208","BPP Cidahu","Cidahu","69","7","2","3","6","0","18"
"JAWA BARAT","KUNINGAN","CIGANDAMEKAR","3208","BPP Cilimus","Cilimus","87","0","0","0","0","0","0"
"JAWA BARAT","KUNINGAN","CIGUGUR","3208","BPP Kuningan","Kuningan","138","6","3","3","4","0","16"
"JAWA BARAT","KUNINGAN","CILEBAK","3208","BPP SUBANG","Subang","51","0","0","0","0","0","0"
"JAWA BARAT","KUNINGAN","CILIMUS","3208","BPP Cilimus","Cilimus","108","3","13","4","3","0","23"
"JAWA BARAT","KUNINGAN","CIMAHI","3208","BPP Luragung","Luragung","59","1","0","0","0","0","1"
"JAWA BARAT","KUNINGAN","CINIRU","3208","BPP Ciniru","Ciniru","69","3","8","3","2","0","16"
"JAWA BARAT","KUNINGAN","CIPICUNG","3208","BPP Cipicung","Cipicung","69","5","5","3","1","0","14"
"JAWA BARAT","KUNINGAN","CIWARU","3208","BPP Ciwaru","Ciwaru","75","4","6","2","6","0","18"
"JAWA BARAT","KUNINGAN","DARMA","3208","BPP Darma","Darma","179","5","7","1","2","0","15"
"JAWA BARAT","KUNINGAN","GARAWANGI","3208","BPP Garawangi","Garawangi","98","3","7","9","27","0","46"
"JAWA BARAT","KUNINGAN","HANTARA","3208","BPP Ciniru","Ciniru","51","0","0","0","0","0","0"
"JAWA BARAT","KUNINGAN","JALAKSANA","3208","BPP Jalaksana","Jalaksana","102","0","0","3","2","0","5"
"JAWA BARAT","KUNINGAN","JAPARA","3208","BPP Cipicung","Cipicung","92","0","0","0","0","0","0"
"JAWA BARAT","KUNINGAN","KADUGEDE","3208","BPP Kadugede","Kadugede","79","6","3","6","13","0","28"
"JAWA BARAT","KUNINGAN","KALIMANGGIS","3208","BPP Cidahu","Cidahu","52","0","0","0","0","0","0"
"JAWA BARAT","KUNINGAN","KARANGKANCANA","3208","BPP Ciwaru","Ciwaru","63","0","0","0","0","0","0"
"JAWA BARAT","KUNINGAN","KRAMATMULYA","3208","BPP Jalaksana","Jalaksana","97","5","6","4","0","0","15"
"JAWA BARAT","KUNINGAN","KUNINGAN","3208","BPP Kuningan","Kuningan","124","2","2","2","1","0","7"
"JAWA BARAT","KUNINGAN","LEBAKWANGI","3208","BPP Lebakwangi","Lebakwangi","75","6","1","5","8","0","20"
"JAWA BARAT","KUNINGAN","LURAGUNG","3208","BPP Luragung","Luragung","84","5","6","2","6","0","19"
"JAWA BARAT","KUNINGAN","MALEBER","3208","BPP Lebakwangi","Lebakwangi","92","0","0","1","1","0","2"
"JAWA BARAT","KUNINGAN","MANDIRANCAN","3208","BPP Mandirancan","Mandirancan","86","4","5","3","1","0","13"
"JAWA BARAT","KUNINGAN","NUSAHERANG","3208","BPP Kadugede","Kadugede","55","0","0","0","0","0","0"
"JAWA BARAT","KUNINGAN","PANCALANG","3208","BPP Mandirancan","Mandirancan","74","0","4","0","0","0","4"
"JAWA BARAT","KUNINGAN","PASAWAHAN","3208","BPP Mandirancan","Mandirancan","58","0","2","1","0","0","3"
"JAWA BARAT","KUNINGAN","SELAJAMBE","3208","BPP Darma","Darma","51","2","0","3","0","0","5"
"JAWA BARAT","KUNINGAN","SINDANGAGUNG","3208","BPP Garawangi","Garawangi","67","0","1","1","2","0","4"
"JAWA BARAT","KUNINGAN","SUBANG","3208","BPP SUBANG","Subang","66","6","0","2","12","0","20"
"JAWA BARAT","MAJALENGKA","ARGAPURA","3210","BPP Argapura","Argapura","158","6","5","0","9","0","20"
"JAWA BARAT","MAJALENGKA","BANJARAN","3210","BPP Banjaran","Banjaran","110","2","11","0","15","0","28"
"JAWA BARAT","MAJALENGKA","BANTARUJEG","3210","BPP Bantarujeg","Bantarujeg","168","3","7","1","9","0","20"
"JAWA BARAT","MAJALENGKA","CIGASONG","3210","BPP Cigasong","Cigasong","79","9","2","1","3","0","15"
"JAWA BARAT","MAJALENGKA","CIKIJING","3210","BPP Cikijing","Cikijing","116","6","8","2","2","0","18"
"JAWA BARAT","MAJALENGKA","CINGAMBUL","3210","BPP CINGAMBUL","Cingambul","100","5","7","0","6","0","18"
"JAWA BARAT","MAJALENGKA","DAWUAN","3210","BPP Dawuan","Dawuan","94","3","8","0","1","0","12"
"JAWA BARAT","MAJALENGKA","JATITUJUH","3210","BPP Jatitujuh","Jatitujuh","207","7","4","0","4","0","15"
"JAWA BARAT","MAJALENGKA","JATIWANGI","3210","BPP Jatiwangi","Jatiwangi","131","8","5","0","1","0","14"
"JAWA BARAT","MAJALENGKA","KADIPATEN","3210","BPP Kadipaten","Kadipaten","80","2","4","1","1","0","8"
"JAWA BARAT","MAJALENGKA","KASOKANDEL","3210","BPP Kasokandel","Kasokandel","89","4","6","0","1","0","11"
"JAWA BARAT","MAJALENGKA","KERTAJATI","3210","BPP Kertajati","Kertajati","244","5","6","1","8","0","20"
"JAWA BARAT","MAJALENGKA","LEMAHSUGIH","3210","BPP Lemahsugih","Lemahsugih","233","4","7","2","9","0","22"
"JAWA BARAT","MAJALENGKA","LEUWIMUNDING","3210","BPP Leuwimunding","Leuwimunding","69","6","6","0","1","0","13"
"JAWA BARAT","MAJALENGKA","LIGUNG","3210","BPP Ligung","Ligung","197","8","4","1","2","0","15"
"JAWA BARAT","MAJALENGKA","MAJA","3210","BPP Maja","Maja","141","5","10","1","8","0","24"
"JAWA BARAT","MAJALENGKA","MAJALENGKA","3210","BPP Kecamatan Majalengka","Kecamatan Majalengka","100","7","8","0","6","0","21"
"JAWA BARAT","MAJALENGKA","MALAUSMA","3210","BPP Malausma","Malausma","91","3","3","2","2","0","10"
"JAWA BARAT","MAJALENGKA","PALASAH","3210","BPP Palasah","Palasah","90","8","3","1","1","0","13"
"JAWA BARAT","MAJALENGKA","PANYINGKIRAN","3210","BPP Panyingkiran","Panyingkiran","88","2","7","0","3","0","12"
"JAWA BARAT","MAJALENGKA","RAJAGALUH","3210","Balai Penyuluhan Pertanian(BPP)Rajagaluh","(BPP)Rajagaluh","101","4","7","1","5","0","17"
"JAWA BARAT","MAJALENGKA","SINDANG","3210","BPP Sindang","Sindang","52","1","5","1","3","0","10"
"JAWA BARAT","MAJALENGKA","SINDANGWANGI","3210","BPP Sindangwangi","Sindangwangi","72","3","5","0","0","0","8"
"JAWA BARAT","MAJALENGKA","SUKAHAJI","3210","BPP Sukahaji","Sukahaji","96","4","9","1","4","0","18"
"JAWA BARAT","MAJALENGKA","SUMBERJAYA","3210","BPP Sumberjaya","Sumberjaya","89","7","5","1","3","0","16"
"JAWA BARAT","MAJALENGKA","TALAGA","3210","BPP Talaga","Talaga","163","4","10","1","8","0","23"
"JAWA BARAT","PANGANDARAN","CIGUGUR","3218","BPP KECAMATAN CIGUGUR","Kecamatan Cigugur","124","0","2","3","7","0","12"
"JAWA BARAT","PANGANDARAN","CIJULANG","3218","BPP KECAMATAN CIJULANG","Kecamatan Cijulang","102","1","2","1","7","0","11"
"JAWA BARAT","PANGANDARAN","CIMERAK","3218","BPP Kecamatan Cimerak","Kecamatan Cimerak","170","2","4","1","11","0","18"
"JAWA BARAT","PANGANDARAN","KALIPUCANG","3218","BPP KECAMATAN KALIPUCANG","Kecamatan Kalipucang","166","1","3","1","9","0","14"
"JAWA BARAT","PANGANDARAN","LANGKAPLANCAR","3218","BPP Kecamatan Langkaplancar","Kecamatan Langkaplancar","369","2","2","2","15","0","21"
"JAWA BARAT","PANGANDARAN","MANGUNJAYA","3218","BPP Kecamatan Mangunjaya","Kecamatan Mangunjaya","92","3","1","0","5","0","9"
"JAWA BARAT","PANGANDARAN","PADAHERANG","3218","BPP Kecamatan Padaherang","Kecamatan Padaherang","222","3","3","0","14","0","20"
"JAWA BARAT","PANGANDARAN","PANGANDARAN","3218","BPP KECAMATAN PANGANDARAN","Kecamatan Pangandaran","87","2","3","0","8","0","13"
"JAWA BARAT","PANGANDARAN","PARIGI","3218","BPP Kecamatan Parigi","Kecamatan Parigi","167","5","2","0","10","0","17"
"JAWA BARAT","PANGANDARAN","SIDAMULIH","3218","BPP KECAMATAN SIDAMULIH","Kecamatan Sidamulih","113","2","1","1","7","0","11"
"JAWA BARAT","PURWAKARTA","BABAKANCIKAO","3214","BPP Babakancikao","Babakancikao","58","4","1","1","4","0","10"
"JAWA BARAT","PURWAKARTA","BOJONG","3214","BPP Bojong","Bojong","66","1","3","1","3","0","8"
"JAWA BARAT","PURWAKARTA","BUNGURSARI","3214","BPP Bungursari","Bungursari","41","3","0","2","3","0","8"
"JAWA BARAT","PURWAKARTA","CAMPAKA","3214","BPP Campaka","Campaka","58","2","3","1","2","0","8"
"JAWA BARAT","PURWAKARTA","CIBATU","3214","BPP Cibatu","Cibatu","60","3","2","0","2","0","7"
"JAWA BARAT","PURWAKARTA","DARANGDAN","3214","BPP Darangdan","Darangdan","78","3","1","1","20","0","25"
"JAWA BARAT","PURWAKARTA","JATILUHUR","3214","BPP Jatiluhur","Jatiluhur","35","2","0","3","2","0","7"
"JAWA BARAT","PURWAKARTA","KIARAPEDES","3214","BPP Garokgek","Garokgek","71","1","2","1","6","0","10"
"JAWA BARAT","PURWAKARTA","MANIIS","3214","BPP Maniis","Maniis","44","1","1","2","7","0","11"
"JAWA BARAT","PURWAKARTA","PASAWAHAN","3214","BPP Pasawahan","Pasawahan","56","2","4","1","4","0","11"
"JAWA BARAT","PURWAKARTA","PLERED","3214","BPP Plered","Plered","64","1","1","1","3","0","6"
"JAWA BARAT","PURWAKARTA","PONDOK SALAM","3214","BPP Pondoksalam","Pondoksalam","67","2","0","4","4","0","10"
"JAWA BARAT","PURWAKARTA","PURWAKARTA","3214","BPP Nagrikidul","Nagrikidul","52","4","2","0","5","0","11"
"JAWA BARAT","PURWAKARTA","SUKASARI","3214","BPP Sukasari","Sukasari","36","2","0","1","3","0","6"
"JAWA BARAT","PURWAKARTA","SUKATANI","3214","BPP Sukatani","Sukatani","70","2","2","0","2","0","6"
"JAWA BARAT","PURWAKARTA","TEGAL WARU","3214","BPP Tegalwaru","Tegalwaru","69","2","1","0","3","0","6"
"JAWA BARAT","PURWAKARTA","WANAYASA","3214","BPP Wanayasa","Wanayasa","112","2","2","2","5","0","11"
"JAWA BARAT","SUBANG","BINONG","3213","BPP Binong","Binong","116","1","2","4","11","2","20"
"JAWA BARAT","SUBANG","BLANAKAN","3213","BPP Blanakan","Blanakan","93","3","1","2","4","0","10"
"JAWA BARAT","SUBANG","CIASEM","3213","BPP Ciasem","Ciasem","94","6","0","1","1","0","8"
"JAWA BARAT","SUBANG","CIATER","3213","BPP Ciater","Ciater","89","4","1","1","7","0","13"
"JAWA BARAT","SUBANG","CIBOGO","3213","BPP Cibogo","Cibogo","99","4","1","1","3","0","9"
"JAWA BARAT","SUBANG","CIJAMBE","3213","BPP Cijambe","Cijambe","99","3","1","1","2","0","7"
"JAWA BARAT","SUBANG","CIKAUM","3213","BPP Cikaum","Cikaum","100","1","2","3","1","0","7"
"JAWA BARAT","SUBANG","CIPEUNDEUY","3213","BPP Cipeundeuy","Cipeundeuy","67","4","2","1","5","0","12"
"JAWA BARAT","SUBANG","CIPUNAGARA","3213","BPP Cipunagara","Cipunagara","203","6","0","1","0","0","7"
"JAWA BARAT","SUBANG","CISALAK","3213","BPP Cisalak","Cisalak","109","4","1","2","0","0","7"
"JAWA BARAT","SUBANG","COMPRENG","3213","BPP Compreng","Compreng","102","5","1","1","0","0","7"
"JAWA BARAT","SUBANG","DAWUAN","3213","BPP Dawuan","Dawuan","94","4","2","3","1","0","10"
"JAWA BARAT","SUBANG","JALANCAGAK","3213","BPP Jalancagak","Jalancagak","93","2","1","3","14","0","20"
"JAWA BARAT","SUBANG","KALIJATI","3213","BPP Kalijati","Kalijati","97","4","0","3","2","0","9"
"JAWA BARAT","SUBANG","KASOMALANG","3213","BPP Kasomalang","Kasomalang","86","3","1","2","0","0","6"
"JAWA BARAT","SUBANG","LEGONKULON","3213","BPP Legonkulon","Legonkulon","47","4","0","0","0","0","4"
"JAWA BARAT","SUBANG","PABUARAN","3213","BPP Pabuaran","Pabuaran","115","2","0","3","3","0","8"
"JAWA BARAT","SUBANG","PAGADEN","3213","BPP Pagaden","Pagaden","119","4","4","0","6","0","14"
"JAWA BARAT","SUBANG","PAGADEN BARAT","3213","BPP Pagaden Barat","Pagaden Barat","116","6","3","0","6","0","15"
"JAWA BARAT","SUBANG","PAMANUKAN","3213","BPP Pamanukan","Pamanukan","69","4","1","1","7","0","13"
"JAWA BARAT","SUBANG","PATOKBEUSI","3213","BPP Patokbeusi","Patokbeusi","131","3","1","2","2","0","8"
"JAWA BARAT","SUBANG","PURWADADI","3213","BPP Purwadadi","Purwadadi","93","1","4","0","2","0","7"
"JAWA BARAT","SUBANG","PUSAKAJAYA","3213","BPP Pusakajaya","Pusakajaya","75","3","0","1","7","0","11"
"JAWA BARAT","SUBANG","PUSAKANAGARA","3213","BPP Pusakanagara","Pusakanagara","65","3","2","0","2","0","7"
"JAWA BARAT","SUBANG","SAGALAHERANG","3213","BPP Sagalaherang","Sagalaherang","98","2","2","2","1","0","7"
"JAWA BARAT","SUBANG","SERANGPANJANG","3213","BPP Serangpanjang","Serangpanjang","91","2","3","1","3","0","9"
"JAWA BARAT","SUBANG","SUBANG","3213","BPP Subang","Subang","75","4","1","2","2","0","9"
"JAWA BARAT","SUBANG","SUKASARI","3213","BPP Sukasari","Sukasari","97","3","1","2","7","0","13"
"JAWA BARAT","SUBANG","TAMBAKDAHAN","3213","BPP Tambakdahan","Tambakdahan","94","3","1","2","1","0","7"
"JAWA BARAT","SUBANG","TANJUNGSIANG","3213","BPP Tanjungsiang","Tanjungsiang","95","3","1","2","0","0","6"
"JAWA BARAT","SUKABUMI","BANTARGADUNG","3202","BPP Bantargadung","Bantargadung","65","3","0","0","0","0","3"
"JAWA BARAT","SUKABUMI","BOJONG GENTENG","3202","BPP Bojonggenteng","Bojonggenteng","48","1","1","1","2","0","5"
"JAWA BARAT","SUKABUMI","CARINGIN","3202","BPP Caringin","Caringin","58","2","0","2","0","0","4"
"JAWA BARAT","SUKABUMI","CIAMBAR","3202","BPP Ciambar","Ciambar","42","1","0","2","2","0","5"
"JAWA BARAT","SUKABUMI","CIBADAK","3202","BPP Cibadak","Cibadak","57","4","0","1","2","0","7"
"JAWA BARAT","SUKABUMI","CIBITUNG","3202","BPP Cibitung","Cibitung","90","1","2","2","6","1","12"
"JAWA BARAT","SUKABUMI","CICANTAYAN","3202","BPP Cicantayan","Cicantayan","48","1","1","2","1","0","5"
"JAWA BARAT","SUKABUMI","CICURUG","3202","BPP Cicurug","Cicurug","55","1","1","1","8","0","11"
"JAWA BARAT","SUKABUMI","CIDADAP","3202","BPP Cidadap","Cidadap","64","1","0","2","2","0","5"
"JAWA BARAT","SUKABUMI","CIDAHU","3202","BPP Cidahu","Cidahu","60","2","2","0","3","0","7"
"JAWA BARAT","SUKABUMI","CIDOLOG","3202","BPP Cidolog","Cidolog","80","1","0","2","5","0","8"
"JAWA BARAT","SUKABUMI","CIEMAS","3202","BPP Ciemas","Ciemas","147","2","0","3","8","0","13"
"JAWA BARAT","SUKABUMI","CIKAKAK","3202","BPP Cikakak","Cikakak","63","2","0","1","1","0","4"
"JAWA BARAT","SUKABUMI","CIKEMBAR","3202","BPP Cikembar","Cikembar","79","1","4","1","1","0","7"
"JAWA BARAT","SUKABUMI","CIKIDANG","3202","BPP Cikidang","Cikidang","96","1","2","1","7","0","11"
"JAWA BARAT","SUKABUMI","CIMANGGU","3202","BPP Cimanggu","Cimanggu","73","1","3","1","2","0","7"
"JAWA BARAT","SUKABUMI","CIRACAP","3202","BPP Ciracap","Ciracap","154","1","3","1","8","0","13"
"JAWA BARAT","SUKABUMI","CIREUNGHAS","3202","BPP Cireunghas","Cireunghas","58","2","1","0","3","0","6"
"JAWA BARAT","SUKABUMI","CISAAT","3202","BPP Cisaat","Cisaat","84","5","2","3","13","1","24"
"JAWA BARAT","SUKABUMI","CISOLOK","3202","BPP Cisolok","Cisolok","132","2","2","0","2","0","6"
"JAWA BARAT","SUKABUMI","CURUGKEMBAR","3202","BPP Curugkembar","Curugkembar","71","1","1","2","6","0","10"
"JAWA BARAT","SUKABUMI","GEGER BITUNG","3202","BPP Gegerbitung","Gegerbitung","96","2","2","2","12","0","18"
"JAWA BARAT","SUKABUMI","GUNUNGGURUH","3202","BPP Gunungguruh","Gunungguruh","46","3","0","0","0","0","3"
"JAWA BARAT","SUKABUMI","JAMPANG KULON","3202","BPP Jampangkulon","Jampangkulon","140","1","4","1","9","0","15"
"JAWA BARAT","SUKABUMI","JAMPANG TENGAH","3202","BPP Jampangtengah","Jampangtengah","98","2","0","4","6","0","12"
"JAWA BARAT","SUKABUMI","KABANDUNGAN","3202","BPP Kabandungan","Kabandungan","66","3","0","0","3","0","6"
"JAWA BARAT","SUKABUMI","KADUDAMPIT","3202","BPP Kadudampit","Kadudampit","85","1","2","1","4","0","8"
"JAWA BARAT","SUKABUMI","KALAPA NUNGGAL","3202","BPP Kalapa Nunggal","Kalapa Nunggal","80","2","3","0","9","0","14"
"JAWA BARAT","SUKABUMI","KALI BUNDER","3202","BPP Kalibunder","Kalibunder","91","1","1","1","7","0","10"
"JAWA BARAT","SUKABUMI","KEBONPEDES","3202","BPP Kebonpedes","Kebonpedes","45","1","1","1","5","0","8"
"JAWA BARAT","SUKABUMI","LENGKONG","3202","BPP Lengkong","Lengkong","51","1","0","3","1","0","5"
"JAWA BARAT","SUKABUMI","NAGRAK","3202","BPP Nagrak","Nagrak","96","2","2","1","10","0","15"
"JAWA BARAT","SUKABUMI","NYALINDUNG","3202","BPP Nyalindung","Nyalindung","113","1","4","0","5","0","10"
"JAWA BARAT","SUKABUMI","PABUARAN","3202","BPP Pabuaran","Pabuaran","95","0","1","3","7","0","11"
"JAWA BARAT","SUKABUMI","PALABUHANRATU","3202","BPP Palabuhanratu","Palabuhanratu","71","1","2","0","2","0","5"
"JAWA BARAT","SUKABUMI","PARAKAN SALAK","3202","BPP Parakansalak","Parakansalak","57","2","0","1","2","0","5"
"JAWA BARAT","SUKABUMI","PARUNG KUDA","3202","BPP Parungkuda","Parungkuda","47","2","0","1","2","0","5"
"JAWA BARAT","SUKABUMI","PURABAYA","3202","BPP Purabaya","Purabaya","78","2","1","1","2","0","6"
"JAWA BARAT","SUKABUMI","SAGARANTEN","3202","BPP Sagaranten","Sagaranten","111","2","1","3","3","0","9"
"JAWA BARAT","SUKABUMI","SIMPENAN","3202","BPP Simpenan","Simpenan","77","1","1","0","2","0","4"
"JAWA BARAT","SUKABUMI","SUKABUMI","3202","BPP Sukabumi","Sukabumi","73","2","1","1","6","0","10"
"JAWA BARAT","SUKABUMI","SUKALARANG","3202","BPP Sukalarang","Sukalarang","79","1","1","1","6","0","9"
"JAWA BARAT","SUKABUMI","SUKARAJA","3202","BPP Sukaraja","Sukaraja","92","3","1","2","0","0","6"
"JAWA BARAT","SUKABUMI","SURADE","3202","BPP Surade","Surade","165","2","6","0","12","0","20"
"JAWA BARAT","SUKABUMI","TEGAL BULEUD","3202","BPP Tegalbuleud","Tegalbuleud","235","1","1","3","4","0","9"
"JAWA BARAT","SUKABUMI","WALURAN","3202","BPP Waluran","Waluran","109","1","4","0","6","0","11"
"JAWA BARAT","SUKABUMI","WARUNG KIARA","3202","BPP Warungkiara","Warungkiara","82","3","0","1","2","0","6"
"JAWA BARAT","SUMEDANG","BUAHDUA","3211","UPTD PKP Wilayah Buahdua","Uptd PKP Wilayah Buahdua","119","3","2","5","0","0","10"
"JAWA BARAT","SUMEDANG","CIBUGEL","3211","UPTD PKP Wilayah Cibugel","Uptd PKP Wilayah Cibugel","67","3","0","4","0","0","7"
"JAWA BARAT","SUMEDANG","CIMALAKA","3211","UPTD PKP Wilayah Cimalaka","Uptd PKP Wilayah Cimalaka","91","3","3","1","1","0","8"
"JAWA BARAT","SUMEDANG","CIMANGGUNG","3211","UPTD PKP Wilayah Cimanggung","Uptd PKP Wilayah Cimanggung","151","2","1","2","1","0","6"
"JAWA BARAT","SUMEDANG","CISARUA","3211","UPTD PKP Wilayah Cisarua","Uptd PKP Wilayah Cisarua","38","1","1","3","0","0","5"
"JAWA BARAT","SUMEDANG","CISITU","3211","UPTD PKP Wilayah Cisitu","Uptd PKP Wilayah Cisitu","138","2","2","3","0","0","7"
"JAWA BARAT","SUMEDANG","CONGGEANG","3211","UPTD PKP Wilayah Conggeang","Uptd PKP Wilayah Conggeang","126","3","2","3","0","0","8"
"JAWA BARAT","SUMEDANG","DARMARAJA","3211","UPTD PKP Wilayah Darmaraja","Uptd PKP Wilayah Darmaraja","131","1","5","0","0","0","6"
"JAWA BARAT","SUMEDANG","GANEAS","3211","UPTD PKP Wilayah Ganeas","Uptd PKP Wilayah Ganeas","93","3","2","2","0","0","7"
"JAWA BARAT","SUMEDANG","JATIGEDE","3211","UPTD PKP Wilayah Jatigede","Uptd PKP Wilayah Jatigede","107","3","1","1","2","0","7"
"JAWA BARAT","SUMEDANG","JATINANGOR","3211","UPTD PKP Wilayah Jatinangor","Uptd PKP Wilayah Jatinangor","117","3","3","1","0","0","7"
"JAWA BARAT","SUMEDANG","JATINUNGGAL","3211","UPTD PKP Wilayah Jatinunggal","Uptd PKP Wilayah Jatinunggal","175","3","1","4","0","0","8"
"JAWA BARAT","SUMEDANG","PAMULIHAN","3211","UPTD PKP Wilayah Pamulihan","Uptd PKP Wilayah Pamulihan","159","5","1","2","3","0","11"
"JAWA BARAT","SUMEDANG","PASEH","3211","UPTD PKP Wilayah Paseh","Uptd PKP Wilayah Paseh","102","2","5","1","2","0","10"
"JAWA BARAT","SUMEDANG","RANCAKALONG","3211","UPTD PKP Wilayah Rancakalong","Uptd PKP Wilayah Rancakalong","150","3","0","2","5","0","10"
"JAWA BARAT","SUMEDANG","SITURAJA","3211","UPTD PKP Wilayah Situraja","Uptd PKP Wilayah Situraja","156","4","3","3","1","0","11"
"JAWA BARAT","SUMEDANG","SUKASARI","3211","UPTD PKP Wilayah Sukasari","Uptd PKP Wilayah Sukasari","161","2","2","1","0","0","5"
"JAWA BARAT","SUMEDANG","SUMEDANG SELATAN","3211","UPTD PKP Wilayah Sumedang Selatan","Uptd PKP Wilayah Sumedang Selatan","137","3","2","1","0","0","6"
"JAWA BARAT","SUMEDANG","SUMEDANG UTARA","3211","UPTD PKP Wilayah Sumedang Utara","Uptd PKP Wilayah Sumedang Utara","104","2","3","2","0","0","7"
"JAWA BARAT","SUMEDANG","SURIAN","3211","UPTD PKP Wilayah Surian","Uptd PKP Wilayah Surian","102","1","3","2","0","0","6"
"JAWA BARAT","SUMEDANG","TANJUNGKERTA","3211","UPTD PKP Wilayah Tanjungkerta","Uptd PKP Wilayah Tanjungkerta","118","4","3","3","0","0","10"
"JAWA BARAT","SUMEDANG","TANJUNGMEDAR","3211","UPTD PKP Wilayah Tanjungmedar","Uptd PKP Wilayah Tanjungmedar","91","3","0","2","0","0","5"
"JAWA BARAT","SUMEDANG","TANJUNGSARI","3211","UPTD PKP Wilayah Tanjungsari","Uptd PKP Wilayah Tanjungsari","165","2","4","1","1","0","8"
"JAWA BARAT","SUMEDANG","TOMO","3211","UPTD PKP Wilayah Tomo","Uptd PKP Wilayah Tomo","77","2","0","2","2","0","6"
"JAWA BARAT","SUMEDANG","UJUNG JAYA","3211","UPTD PKP Wilayah Ujungjaya","Uptd PKP Wilayah Ujungjaya","168","3","4","0","0","0","7"
"JAWA BARAT","SUMEDANG","WADO","3211","UPTD PKP Wilayah Wado","Uptd PKP Wilayah Wado","218","2","1","2","0","0","5"
"JAWA BARAT","TASIKMALAYA","BANTARKALONG","3206","UPTD BPP Kecamatan Bantarkalong","Kecamatan Bantarkalong","139","3","3","3","3","0","12"
"JAWA BARAT","TASIKMALAYA","BOJONGASIH","3206","UPTD BPP Kecamatan Bojongasih","Kecamatan Bojongasih","56","3","1","0","2","0","6"
"JAWA BARAT","TASIKMALAYA","BOJONGGAMBIR","3206","UPTD BPP Bojonggambir","Bojonggambir","130","3","3","1","1","0","8"
"JAWA BARAT","TASIKMALAYA","CIAWI","3206","UPTD BPP Ciawi Tasikmalaya","Ciawi Tasikmalaya","74","5","2","1","9","0","17"
"JAWA BARAT","TASIKMALAYA","CIBALONG","3206","UPTD BPP Kecamatan Cibalong","Kecamatan Cibalong","101","2","3","0","0","0","5"
"JAWA BARAT","TASIKMALAYA","CIGALONTANG","3206","UPTD BPP Kecamatan Cigalontang","Kecamatan Cigalontang","188","5","3","4","3","0","15"
"JAWA BARAT","TASIKMALAYA","CIKALONG","3206","UPTD BPP Kecamatan Cikalong","Kecamatan Cikalong","135","4","2","0","0","0","6"
"JAWA BARAT","TASIKMALAYA","CIKATOMAS","3206","UPTD BPP Kecamatan Cikatomas","Kecamatan Cikatomas","104","2","3","0","3","0","8"
"JAWA BARAT","TASIKMALAYA","CINEAM","3206","UPTD BPP Cineam","Cineam","90","5","3","0","9","0","17"
"JAWA BARAT","TASIKMALAYA","CIPATUJAH","3206","UPTD BPP Kecamatan Cipatujah","Kecamatan Cipatujah","200","7","2","1","4","0","14"
"JAWA BARAT","TASIKMALAYA","CISAYONG","3206","UPTD BPP Kecamatan Cisayong","Kecamatan Cisayong","144","4","3","1","12","0","20"
"JAWA BARAT","TASIKMALAYA","CULAMEGA","3206","UPTD BPP Kecamatan Culamega","Kecamatan Culamega","103","1","0","3","0","0","4"
"JAWA BARAT","TASIKMALAYA","GUNUNGTANJUNG","3206","UPTD BPP Kecamatan Gunungtanjung","Kecamatan Gunungtanjung","63","3","1","3","5","0","12"
"JAWA BARAT","TASIKMALAYA","JAMANIS","3206","UPTD BPP Kecamatan Jamanis","Kecamatan Jamanis","56","2","3","1","7","0","13"
"JAWA BARAT","TASIKMALAYA","JATIWARAS","3206","UPTD BPP Kecamatan Jatiwaras","Kecamatan Jatiwaras","97","3","4","0","5","0","12"
"JAWA BARAT","TASIKMALAYA","KADIPATEN","3206","UPTD BPP Kecamatan Kadipaten","Kecamatan Kadipaten","79","3","2","0","7","0","12"
"JAWA BARAT","TASIKMALAYA","KARANGJAYA","3206","UPTD BPP Kecamatan Karangjaya","Kecamatan Karangjaya","42","3","0","1","0","0","4"
"JAWA BARAT","TASIKMALAYA","KARANGNUNGGAL","3206","UPTD BPP Kecamatan Karangnunggal","Kecamatan Karangnunggal","191","2","2","4","1","0","9"
"JAWA BARAT","TASIKMALAYA","LEUWISARI","3206","UPTD BPP Kecamatan Leuwisari","Kecamatan Leuwisari","58","2","5","0","13","0","20"
"JAWA BARAT","TASIKMALAYA","MANGUNREJA","3206","UPTD BPP Kecamatan Mangunreja","Kecamatan Mangunreja","67","4","2","0","3","0","9"
"JAWA BARAT","TASIKMALAYA","MANONJAYA","3206","UPTD BPP Kecamatan Manonjaya","Kecamatan Manonjaya","114","3","5","1","0","0","9"
"JAWA BARAT","TASIKMALAYA","PADAKEMBANG","3206","UPTD BPP Kecamatan Padakembang","Kecamatan Padakembang","56","2","0","2","3","0","7"
"JAWA BARAT","TASIKMALAYA","PAGERAGEUNG","3206","UPTD BPP Kecamatan Pagerageung","Kecamatan Pagerageung","78","5","3","0","15","0","23"
"JAWA BARAT","TASIKMALAYA","PANCATENGAH","3206","UPTD BPP Kecamatan Pancatengah","Kecamatan Pancatengah","101","4","1","2","0","0","7"
"JAWA BARAT","TASIKMALAYA","PARUNGPONTENG","3206","UPTD BPP Kecamatan Parungponteng","Kecamatan Parungponteng","85","3","0","2","3","0","8"
"JAWA BARAT","TASIKMALAYA","PUSPAHIANG","3206","UPTD BPP Kecamatan Puspahiang","Kecamatan Puspahiang","74","4","3","0","3","0","10"
"JAWA BARAT","TASIKMALAYA","RAJAPOLAH","3206","UPTD BPP Kecamatan Rajapolah","Kecamatan Rajapolah","36","4","1","0","6","0","11"
"JAWA BARAT","TASIKMALAYA","SALAWU","3206","UPTD BPP Kecamatan Salawu","Kecamatan Salawu","147","2","8","1","5","0","16"
"JAWA BARAT","TASIKMALAYA","SALOPA","3206","UPTD BPP Salopa","Salopa","104","4","2","0","0","0","6"
"JAWA BARAT","TASIKMALAYA","SARIWANGI","3206","UPTD BPP Kecamatan Sariwangi","Kecamatan Sariwangi","80","2","1","2","6","0","11"
"JAWA BARAT","TASIKMALAYA","SINGAPARNA","3206","UPTD BPP Kecamatan Singaparna","Kecamatan Singaparna","74","6","2","0","8","0","16"
"JAWA BARAT","TASIKMALAYA","SODONGHILIR","3206","UPTD BPP Kecamatan Sodonghilir","Kecamatan Sodonghilir","189","1","9","0","7","0","17"
"JAWA BARAT","TASIKMALAYA","SUKAHENING","3206","UPTD BPP Sukahening","Sukahening","57","4","2","0","2","0","8"
"JAWA BARAT","TASIKMALAYA","SUKARAJA","3206","UPTD BPP Kecamatan Sukaraja","Kecamatan Sukaraja","82","4","0","1","0","0","5"
"JAWA BARAT","TASIKMALAYA","SUKARAME","3206","UPTD BPP Kecamatan Sukarame","Kecamatan Sukarame","70","2","2","1","5","0","10"
"JAWA BARAT","TASIKMALAYA","SUKARATU","3206","UPTD BPP Kecamatan Sukaratu","Kecamatan Sukaratu","117","1","5","2","6","0","14"
"JAWA BARAT","TASIKMALAYA","SUKARESIK","3206","UPTD BPP Kecamatan Sukaresik","Kecamatan Sukaresik","78","3","2","0","10","0","15"
"JAWA BARAT","TASIKMALAYA","TANJUNGJAYA","3206","UPTD BPP Kecamatan Tanjungjaya","Kecamatan Tanjungjaya","63","4","0","2","2","0","8"
"JAWA BARAT","TASIKMALAYA","TARAJU","3206","UPTD BPP Kecamatan Taraju","Kecamatan Taraju","106","2","5","1","1","0","9"
"JAWA TENGAH","BANJARNEGARA","BANJARMANGU","3304","BPK Banjarmangu","BPK Banjarmangu","145","3","1","0","16","0","20"
"JAWA TENGAH","BANJARNEGARA","BANJARNEGARA","3304","BPK Banjarnegara","BPK Banjarnegara","102","3","3","0","6","0","12"
"JAWA TENGAH","BANJARNEGARA","BATUR","3304","BPK Batur","BPK Batur","194","1","2","0","0","0","3"
"JAWA TENGAH","BANJARNEGARA","BAWANG","3304","BPK Bawang","BPK Bawang","193","2","4","0","12","0","18"
"JAWA TENGAH","BANJARNEGARA","KALIBENING","3304","BPK Kalibening","BPK Kalibening","149","1","3","0","3","0","7"
"JAWA TENGAH","BANJARNEGARA","KARANGKOBAR","3304","BPK KARANGKOBAR","BPK Karangkobar","105","2","3","0","0","0","5"
"JAWA TENGAH","BANJARNEGARA","MADUKARA","3304","BPK Madukara","BPK Madukara","158","2","3","0","7","0","12"
"JAWA TENGAH","BANJARNEGARA","MANDIRAJA","3304","BPK Mandiraja","BPK Mandiraja","140","3","4","0","12","0","19"
"JAWA TENGAH","BANJARNEGARA","PAGEDONGAN","3304","BPK Pagedongan","BPK Pagedongan","144","3","2","0","4","0","9"
"JAWA TENGAH","BANJARNEGARA","PAGENTAN","3304","BPK Pagentan","BPK Pagentan","131","1","3","0","5","0","9"
"JAWA TENGAH","BANJARNEGARA","PANDANARUM","3304","BPK Pandanarum","BPK Pandanarum","78","1","4","0","2","0","7"
"JAWA TENGAH","BANJARNEGARA","PEJAWARAN","3304","BPK Pejawaran","BPK Pejawaran","201","2","3","0","0","0","5"
"JAWA TENGAH","BANJARNEGARA","PUNGGELAN","3304","BPK Punggelan","BPK Punggelan","186","2","4","0","1","0","7"
"JAWA TENGAH","BANJARNEGARA","PURWANEGARA","3304","BPK Purwonegoro","BPK Purwonegoro","224","1","4","0","5","0","10"
"JAWA TENGAH","BANJARNEGARA","PURWAREJA KLAMPOK","3304","BPK Purworejo Klampok","BPK Purworejo Klampok","54","1","4","0","7","0","12"
"JAWA TENGAH","BANJARNEGARA","RAKIT","3304","BPK Rakit","BPK Rakit","144","1","4","0","0","0","5"
"JAWA TENGAH","BANJARNEGARA","SIGALUH","3304","BPK Sigaluh","BPK Sigaluh","146","2","3","0","4","0","9"
"JAWA TENGAH","BANJARNEGARA","SUSUKAN","3304","BPK Susukan","BPK Susukan","151","2","2","0","6","0","10"
"JAWA TENGAH","BANJARNEGARA","WANADADI","3304","BPK Wanadadi","BPK Wanadadi","146","2","3","0","0","0","5"
"JAWA TENGAH","BANJARNEGARA","WANAYASA","3304","BPK Wanayasa","BPK Wanayasa","122","2","4","0","0","0","6"
"JAWA TENGAH","BANYUMAS","AJIBARANG","3302","BPP KECAMATAN AJIBARANG","Kecamatan Ajibarang","99","1","3","0","4","0","8"
"JAWA TENGAH","BANYUMAS","BANYUMAS","3302","BPP KECAMATAN BANYUMAS","Kecamatan Banyumas","47","2","2","0","7","0","11"
"JAWA TENGAH","BANYUMAS","BATURRADEN","3302","BPP KECAMATAN BATURRADEN","Kecamatan Baturraden","61","2","3","0","8","0","13"
"JAWA TENGAH","BANYUMAS","CILONGOK","3302","BPP KECAMATAN CILONGOK","Kecamatan Cilongok","116","3","3","0","6","0","12"
"JAWA TENGAH","BANYUMAS","GUMELAR","3302","BPP KECAMATAN GUMELAR","Kecamatan Gumelar","109","1","2","0","6","0","9"
"JAWA TENGAH","BANYUMAS","JATILAWANG","3302","BPP KECAMATAN JATILAWANG","Kecamatan Jatilawang","75","2","2","0","5","0","9"
"JAWA TENGAH","BANYUMAS","KALIBAGOR","3302","BPP KECAMATAN KALIBAGOR","Kecamatan Kalibagor","60","5","2","0","6","0","13"
"JAWA TENGAH","BANYUMAS","KARANGLEWAS","3302","BPP KECAMATAN KARANGLEWAS","Kecamatan Karanglewas","64","4","1","0","13","0","18"
"JAWA TENGAH","BANYUMAS","KEBASEN","3302","BPP KECAMATAN KEBASEN","Kecamatan Kebasen","87","2","3","0","9","0","14"
"JAWA TENGAH","BANYUMAS","KEDUNG BANTENG","3302","BPP KECAMATAN KEDUNG BANTENG","Kecamatan Kedung Banteng","85","4","1","0","4","0","9"
"JAWA TENGAH","BANYUMAS","KEMBARAN","3302","BPP KEC KEMBARAN","KEC Kembaran","66","3","3","0","4","0","10"
"JAWA TENGAH","BANYUMAS","KEMRANJEN","3302","BPP KECAMATAN KEMRANJEN","Kecamatan Kemranjen","110","2","4","0","8","0","14"
"JAWA TENGAH","BANYUMAS","LUMBIR","3302","BPP KECAMATAN LUMBIR","Kecamatan Lumbir","85","3","1","0","4","0","8"
"JAWA TENGAH","BANYUMAS","PATIKRAJA","3302","BPP KECAMATAN PATIKRAJA","Kecamatan Patikraja","64","5","1","0","5","0","11"
"JAWA TENGAH","BANYUMAS","PEKUNCEN","3302","BPP KECAMATAN PEKUNCEN","Kecamatan Pekuncen","109","2","4","0","5","0","11"
"JAWA TENGAH","BANYUMAS","PURWOJATI","3302","BPP KECAMATAN PURWOJATI","Kecamatan Purwojati","66","2","2","0","9","0","13"
"JAWA TENGAH","BANYUMAS","PURWOKERTO BARAT","3302","BPP KECAMATAN PURWOKERTO BARAT","Kecamatan Purwokerto Barat","12","1","1","0","5","0","7"
"JAWA TENGAH","BANYUMAS","PURWOKERTO SELATAN","3302","BPP KECAMATAN PURWOKERTO SELATAN","Kecamatan Purwokerto Selatan","20","0","1","0","2","0","3"
"JAWA TENGAH","BANYUMAS","PURWOKERTO TIMUR","3302","BPP KECAMATAN PURWOKERTO TIMUR","Kecamatan Purwokerto Timur","18","0","1","0","2","0","3"
"JAWA TENGAH","BANYUMAS","PURWOKERTO UTARA","3302","BPP KECAMATAN PURWOKERTO UTARA","Kecamatan Purwokerto Utara","17","1","1","0","1","0","3"
"JAWA TENGAH","BANYUMAS","RAWALO","3302","BPP KECAMATAN RAWALO","Kecamatan Rawalo","58","3","1","0","5","0","9"
"JAWA TENGAH","BANYUMAS","SOKARAJA","3302","BPP KECAMATAN SOKARAJA","Kecamatan Sokaraja","68","4","1","0","7","0","12"
"JAWA TENGAH","BANYUMAS","SOMAGEDE","3302","BPP KECAMATAN SOMAGEDE","Kecamatan Somagede","68","0","3","0","5","0","8"
"JAWA TENGAH","BANYUMAS","SUMBANG","3302","BPP KECAMATAN SUMBANG","Kecamatan Sumbang","121","5","1","0","9","0","15"
"JAWA TENGAH","BANYUMAS","SUMPIUH","3302","BPP KECAMATAN SUMPIUH","Kecamatan Sumpiuh","109","2","3","0","5","0","10"
"JAWA TENGAH","BANYUMAS","TAMBAK","3302","BPP KECAMATAN TAMBAK","Kecamatan Tambak","64","1","3","0","4","0","8"
"JAWA TENGAH","BANYUMAS","WANGON","3302","BPP KECAMATAN WANGON","Kecamatan Wangon","85","3","0","0","6","0","9"
"JAWA TENGAH","BATANG","BANDAR","3325","BPP Bandar","Bandar","112","3","3","0","30","0","36"
"JAWA TENGAH","BATANG","BANYUPUTIH","3325","BPP Banyuputih","Banyuputih","75","1","4","0","10","0","15"
"JAWA TENGAH","BATANG","BATANG","3325","BPP Batang","Batang","109","3","4","0","17","0","24"
"JAWA TENGAH","BATANG","BAWANG","3325","BPP KECAMATAN BAWANG","Kecamatan Bawang","136","2","4","0","5","0","11"
"JAWA TENGAH","BATANG","BLADO","3325","BPP Kecamatan Blado","Kecamatan Blado","111","1","4","0","14","0","19"
"JAWA TENGAH","BATANG","GRINGSING","3325","BPP Gringsing","Gringsing","92","2","3","0","18","0","23"
"JAWA TENGAH","BATANG","KANDEMAN","3325","BPP Kandeman","Kandeman","98","2","4","0","14","0","20"
"JAWA TENGAH","BATANG","LIMPUNG","3325","BPP Kec. Limpung","Kec. Limpung","71","2","4","0","17","0","23"
"JAWA TENGAH","BATANG","PECALUNGAN","3325","BPP Kecamatan Pecalungan","Kecamatan Pecalungan","81","1","3","0","16","0","20"
"JAWA TENGAH","BATANG","REBAN","3325","BPP Reban","Reban","90","2","4","0","19","0","25"
"JAWA TENGAH","BATANG","SUBAH","3325","BPP Subah","Subah","98","3","2","0","16","0","21"
"JAWA TENGAH","BATANG","TERSONO","3325","BPP Kecamatan Tersono","Kecamatan Tersono","105","1","4","0","23","0","28"
"JAWA TENGAH","BATANG","TULIS","3325","BPK Tulis","BPK Tulis","87","1","4","0","13","0","18"
"JAWA TENGAH","BATANG","WARUNG ASEM","3325","BPP Warungasem","Warungasem","91","2","4","0","18","0","24"
"JAWA TENGAH","BATANG","WONOTUNGGAL","3325","BPP Wonotunggal","Wonotunggal","97","2","4","0","15","0","21"
"JAWA TENGAH","BLORA","BANJAREJO","3316","BPP Banjarejo","Banjarejo","166","2","4","0","15","0","21"
"JAWA TENGAH","BLORA","BOGOREJO","3316","BPP Bogorejo","Bogorejo","133","2","4","0","16","0","22"
"JAWA TENGAH","BLORA","CEPU","3316","BPP Cepu","Cepu","114","0","4","0","16","0","20"
"JAWA TENGAH","BLORA","JAPAH","3316","BPP Japah","Japah","151","2","5","0","12","0","19"
"JAWA TENGAH","BLORA","JATI","3316","BPP Jati","Jati","217","0","6","0","12","0","18"
"JAWA TENGAH","BLORA","JEPON","3316","BPP Jepon","Jepon","163","6","4","0","25","0","35"
"JAWA TENGAH","BLORA","JIKEN","3316","BPP Jiken","Jiken","101","3","3","0","14","0","20"
"JAWA TENGAH","BLORA","KEDUNGTUBAN","3316","BPP Kedungtuban","Kedungtuban","182","1","5","0","6","0","12"
"JAWA TENGAH","BLORA","KOTA BLORA","3316","BPP Blora","Blora","159","4","4","0","6","0","14"
"JAWA TENGAH","BLORA","KRADENAN","3316","BPP Kradenan","Kradenan","112","0","4","0","18","0","22"
"JAWA TENGAH","BLORA","KUNDURAN","3316","BPP Kunduran","Kunduran","238","1","7","0","4","0","12"
"JAWA TENGAH","BLORA","NGAWEN","3316","BPP Ngawen","Ngawen","165","1","7","0","24","0","32"
"JAWA TENGAH","BLORA","RANDUBLATUNG","3316","BPP Randublatung","Randublatung","334","1","4","0","5","0","10"
"JAWA TENGAH","BLORA","SAMBONG","3316","BPP Kecamatan Sambong","Kecamatan Sambong","89","2","3","0","9","0","14"
"JAWA TENGAH","BLORA","TODANAN","3316","BPP Todanan","Todanan","323","1","6","0","12","0","19"
"JAWA TENGAH","BLORA","TUNJUNGAN","3316","BPP Tunjungan","Tunjungan","148","2","6","0","20","0","28"
"JAWA TENGAH","BOYOLALI","AMPEL","3309","BPP Kecamatan Ampel","Kecamatan Ampel","132","3","4","0","11","0","18"
"JAWA TENGAH","BOYOLALI","ANDONG","3309","BPP Kecamatan Andong","Kecamatan Andong","177","4","2","0","6","0","12"
"JAWA TENGAH","BOYOLALI","BANYUDONO","3309","BPP Kecamatan Banyudono","Kecamatan Banyudono","82","2","5","0","6","0","13"
"JAWA TENGAH","BOYOLALI","BOYOLALI","3309","BPP Kecamatan Boyolali","Kecamatan Boyolali","75","3","2","0","9","0","14"
"JAWA TENGAH","BOYOLALI","CEPOGO","3309","BPP Kecamatan Cepogo","Kecamatan Cepogo","299","5","3","0","4","0","12"
"JAWA TENGAH","BOYOLALI","GLADAGSARI","3309","BPP Kecamatan Gladagsari","Kecamatan Gladagsari","192","4","2","0","7","0","13"
"JAWA TENGAH","BOYOLALI","JUWANGI","3309","BPP Kecamatan Juwangi","Kecamatan Juwangi","87","4","0","0","8","0","12"
"JAWA TENGAH","BOYOLALI","KARANGGEDE","3309","BPP Kecamatan Karanggede","Kecamatan Karanggede","76","3","2","0","16","0","21"
"JAWA TENGAH","BOYOLALI","KEMUSU","3309","BPP Kecamatan Kemusu","Kecamatan Kemusu","114","3","1","0","10","0","14"
"JAWA TENGAH","BOYOLALI","KLEGO","3309","BPP Kecamatan Klego","Kecamatan Klego","128","3","4","0","6","0","13"
"JAWA TENGAH","BOYOLALI","MOJOSONGO","3309","BPP Kecamatan Mojosongo","Kecamatan Mojosongo","119","2","4","0","15","0","21"
"JAWA TENGAH","BOYOLALI","MUSUK","3309","BPP Kecamatan Musuk","Kecamatan Musuk","204","3","2","0","10","0","15"
"JAWA TENGAH","BOYOLALI","NGEMPLAK","3309","BPP Kecamatan Ngemplak","Kecamatan Ngemplak","78","4","3","0","12","0","19"
"JAWA TENGAH","BOYOLALI","NOGOSARI","3309","BPP Kecamatan Nogosari","Kecamatan Nogosari","119","5","2","0","13","0","20"
"JAWA TENGAH","BOYOLALI","SAMBI","3309","BPP Kecamatan Sambi","Kecamatan Sambi","88","3","4","0","6","0","13"
"JAWA TENGAH","BOYOLALI","SAWIT","3309","BPP Kecamatan Sawit","Kecamatan Sawit","59","4","2","0","14","0","20"
"JAWA TENGAH","BOYOLALI","SELO","3309","BPP Kecamatan Selo","Kecamatan Selo","238","1","3","0","9","0","13"
"JAWA TENGAH","BOYOLALI","SIMO","3309","BPP Kecamatan Simo","Kecamatan Simo","81","2","3","0","3","0","8"
"JAWA TENGAH","BOYOLALI","TAMANSARI","3309","BPP Kecamatan Tamansari","Kecamatan Tamansari","194","2","4","0","10","0","16"
"JAWA TENGAH","BOYOLALI","TERAS","3309","BPP Kecamatan Teras","Kecamatan Teras","63","2","6","0","15","0","23"
"JAWA TENGAH","BOYOLALI","WONOSAMODRO","3309","BPP Kecamatan Wonosamodro","Kecamatan Wonosamodro","84","3","0","0","7","0","10"
"JAWA TENGAH","BOYOLALI","WONOSEGORO","3309","BPP Kecamatan Wonosegoro","Kecamatan Wonosegoro","88","3","0","0","9","0","12"
"JAWA TENGAH","BREBES","BANJARHARJO","3329","BPP Kecamatan Banjarharjo","Kecamatan Banjarharjo","181","2","4","0","4","0","10"
"JAWA TENGAH","BREBES","BANTARKAWUNG","3329","BPP Kecamatan Bantarkawung","Kecamatan Bantarkawung","160","5","3","0","4","0","12"
"JAWA TENGAH","BREBES","BREBES","3329","BPP Kecamatan Brebes","Kecamatan Brebes","154","6","3","0","5","2","16"
"JAWA TENGAH","BREBES","BULAKAMBA","3329","BPP Kecamatan Bulakamba","Kecamatan Bulakamba","183","3","5","0","4","0","12"
"JAWA TENGAH","BREBES","BUMIAYU","3329","BPP Kecamatan Bumiayu","Kecamatan Bumiayu","145","4","5","0","5","0","14"
"JAWA TENGAH","BREBES","JATIBARANG","3329","BPP Kecamatan Jatibarang","Kecamatan Jatibarang","111","8","2","0","5","0","15"
"JAWA TENGAH","BREBES","KERSANA","3329","BPP Kecamatan Kersana","Kecamatan Kersana","69","0","5","0","6","0","11"
"JAWA TENGAH","BREBES","KETANGGUNGAN","3329","BPP Kecamatan Ketanggungan","Kecamatan Ketanggungan","212","3","5","0","6","0","14"
"JAWA TENGAH","BREBES","LARANGAN","3329","BPP Kecamatan Larangan","Kecamatan Larangan","202","7","1","0","5","2","15"
"JAWA TENGAH","BREBES","LOSARI","3329","BPP Kecamatan Losari","Kecamatan Losari","179","2","5","0","7","0","14"
"JAWA TENGAH","BREBES","PAGUYANGAN","3329","BPP Kecamatan Paguyangan","Kecamatan Paguyangan","130","3","3","0","5","0","11"
"JAWA TENGAH","BREBES","SALEM","3329","BPP Kecamatan Salem","Kecamatan Salem","229","3","10","0","6","0","19"
"JAWA TENGAH","BREBES","SIRAMPOG","3329","BPP Kecamatan Sirampog","Kecamatan Sirampog","137","5","3","0","7","0","15"
"JAWA TENGAH","BREBES","SONGGOM","3329","BPP Kecamatan Songgom","Kecamatan Songgom","148","7","1","0","5","0","13"
"JAWA TENGAH","BREBES","TANJUNG","3329","BPP Kecamatan Tanjung","Kecamatan Tanjung","83","2","2","0","5","0","9"
"JAWA TENGAH","BREBES","TONJONG","3329","BPP Kecamatan Tonjong","Kecamatan Tonjong","139","5","3","0","3","0","11"
"JAWA TENGAH","BREBES","WANASARI","3329","BPP Kecamatan Wanasari","Kecamatan Wanasari","146","8","3","0","7","0","18"
"JAWA TENGAH","CILACAP","ADIPALA","3301","BPP Adipala","Adipala","190","6","1","0","9","0","16"
"JAWA TENGAH","CILACAP","BANTARSARI","3301","BPP Bantarsari","Bantarsari","206","4","2","0","15","0","21"
"JAWA TENGAH","CILACAP","BINANGUN","3301","BPP Binangun","Binangun","187","3","5","0","17","0","25"
"JAWA TENGAH","CILACAP","CILACAP SELATAN","3301","BPP Cilacap","Cilacap","31","0","0","0","2","0","2"
"JAWA TENGAH","CILACAP","CILACAP TENGAH","3301","BPP Cilacap","Cilacap","51","0","1","0","4","0","5"
"JAWA TENGAH","CILACAP","CILACAP UTARA","3301","BPP Cilacap","Cilacap","56","4","2","0","4","0","10"
"JAWA TENGAH","CILACAP","CIMANGGU","3301","BPP Cimanggu","Cimanggu","131","3","2","0","14","0","19"
"JAWA TENGAH","CILACAP","CIPARI","3301","BPP Cipari","Cipari","195","3","1","0","11","0","15"
"JAWA TENGAH","CILACAP","DAYEUHLUHUR","3301","BPP Dayeuhluhur","Dayeuhluhur","225","5","2","0","6","0","13"
"JAWA TENGAH","CILACAP","GANDRUNGMANGU","3301","BPP Gandrungmangu","Gandrungmangu","271","3","3","0","15","0","21"
"JAWA TENGAH","CILACAP","JERUKLEGI","3301","BPP Jeruklegi","Jeruklegi","136","2","3","0","13","0","18"
"JAWA TENGAH","CILACAP","KAMPUNG LAUT","3301","BPP Kampunglaut","Kampunglaut","77","1","1","0","1","0","3"
"JAWA TENGAH","CILACAP","KARANGPUCUNG","3301","BPP Karangpucung","Karangpucung","189","1","3","0","9","0","13"
"JAWA TENGAH","CILACAP","KAWUNGANTEN","3301","BPP Kawunganten","Kawunganten","294","1","3","0","13","0","17"
"JAWA TENGAH","CILACAP","KEDUNGREJA","3301","BPP Kedungreja","Kedungreja","207","4","1","0","15","0","20"
"JAWA TENGAH","CILACAP","KESUGIHAN","3301","BPP Kesugihan","Kesugihan","278","4","2","0","17","0","23"
"JAWA TENGAH","CILACAP","KROYA","3301","BPP Kroya","Kroya","236","5","4","0","3","0","12"
"JAWA TENGAH","CILACAP","MAJENANG","3301","BPP Majenang","Majenang","201","4","1","0","11","0","16"
"JAWA TENGAH","CILACAP","MAOS","3301","BPP Maos","Maos","112","4","2","0","10","0","16"
"JAWA TENGAH","CILACAP","NUSAWUNGU","3301","BPP NUSAWUNGU","Nusawungu","216","3","4","0","12","0","19"
"JAWA TENGAH","CILACAP","PATIMUAN","3301","BPP Patimuan","Patimuan","145","3","2","0","9","0","14"
"JAWA TENGAH","CILACAP","SAMPANG","3301","BPP Kecamatan Sampang","Kecamatan Sampang","149","6","1","0","16","0","23"
"JAWA TENGAH","CILACAP","SIDAREJA","3301","BPP Sidareja","Sidareja","146","3","1","0","11","0","15"
"JAWA TENGAH","CILACAP","WANAREJA","3301","BPP Wanareja","Wanareja","208","6","2","0","7","0","15"
"JAWA TENGAH","DEMAK","BONANG","3321","BPK Bonang","BPK Bonang","123","5","3","0","21","0","29"
"JAWA TENGAH","DEMAK","DEMAK","3321","BPP Kecamatan Demak","Kecamatan Demak","93","2","5","1","27","0","35"
"JAWA TENGAH","DEMAK","DEMPET","3321","BPK Dempet","BPK Dempet","91","2","5","3","12","0","22"
"JAWA TENGAH","DEMAK","GAJAH","3321","BPK Gajah","BPK Gajah","94","3","3","2","42","0","50"
"JAWA TENGAH","DEMAK","GUNTUR","3321","BPP Guntur","Guntur","75","2","5","2","19","0","28"
"JAWA TENGAH","DEMAK","KARANG TENGAH","3321","BPK Karangtengah","BPK Karangtengah","82","3","3","0","10","0","16"
"JAWA TENGAH","DEMAK","KARANGANYAR","3321","BPP Karanganyar","Karanganyar","99","4","3","2","9","0","18"
"JAWA TENGAH","DEMAK","KARANGAWEN","3321","BPP Karangawen","Karangawen","77","1","5","1","12","0","19"
"JAWA TENGAH","DEMAK","KEBONAGUNG","3321","BPP Kebonagung","Kebonagung","76","0","7","2","14","0","23"
"JAWA TENGAH","DEMAK","MIJEN","3321","BPP Mijen","Mijen","76","3","1","5","0","0","9"
"JAWA TENGAH","DEMAK","MRANGGEN","3321","BPP Mranggen","Mranggen","88","0","7","0","19","0","26"
"JAWA TENGAH","DEMAK","SAYUNG","3321","BPP Sayung","Sayung","53","3","3","0","6","0","12"
"JAWA TENGAH","DEMAK","WEDUNG","3321","BPP Kecamatan Wedung","Kecamatan Wedung","112","0","6","1","0","0","7"
"JAWA TENGAH","DEMAK","WONOSALAM","3321","BPP Wonosalam","Wonosalam","148","2","7","0","13","0","22"
"JAWA TENGAH","GROBOGAN","BRATI","3315","BPP Brati","Brati","76","4","2","0","4","0","10"
"JAWA TENGAH","GROBOGAN","GABUS","3315","BPP Gabus","Gabus","128","1","4","0","10","0","15"
"JAWA TENGAH","GROBOGAN","GEYER","3315","BPP Geyer","Geyer","119","1","3","0","8","0","12"
"JAWA TENGAH","GROBOGAN","GODONG","3315","BPP Godong","Godong","126","0","7","0","12","0","19"
"JAWA TENGAH","GROBOGAN","GROBOGAN","3315","BPP Grobogan","Grobogan","107","0","5","0","7","0","12"
"JAWA TENGAH","GROBOGAN","GUBUG","3315","BPP Gubug","Gubug","106","0","4","0","6","0","10"
"JAWA TENGAH","GROBOGAN","KARANGRAYUNG","3315","BPP Karangrayung","Karangrayung","144","0","6","0","5","0","11"
"JAWA TENGAH","GROBOGAN","KEDUNGJATI","3315","BPP Kedungjati","Kedungjati","53","2","2","0","4","0","8"
"JAWA TENGAH","GROBOGAN","KLAMBU","3315","BPP Klambu","Klambu","55","1","2","0","7","0","10"
"JAWA TENGAH","GROBOGAN","KRADENAN","3315","BPP Kradenan","Kradenan","96","2","2","0","6","0","10"
"JAWA TENGAH","GROBOGAN","NGARINGAN","3315","BPP Ngaringan","Ngaringan","126","0","4","0","9","0","13"
"JAWA TENGAH","GROBOGAN","PENAWANGAN","3315","BPP Penawangan","Penawangan","130","2","5","0","9","0","16"
"JAWA TENGAH","GROBOGAN","PULOKULON","3315","BPP Pulokulon","Pulokulon","182","1","4","0","9","0","14"
"JAWA TENGAH","GROBOGAN","PURWODADI","3315","BPP Purwodadi","Purwodadi","130","3","4","0","9","0","16"
"JAWA TENGAH","GROBOGAN","TANGGUNGHARJO","3315","BPP Tanggungharjo","Tanggungharjo","97","2","1","0","5","0","8"
"JAWA TENGAH","GROBOGAN","TAWANGHARJO","3315","BPP Tawangharjo","Tawangharjo","93","1","3","0","6","0","10"
"JAWA TENGAH","GROBOGAN","TEGOWANU","3315","BPP Tegowanu","Tegowanu","87","1","2","0","6","0","9"
"JAWA TENGAH","GROBOGAN","TOROH","3315","BPP Toroh","Toroh","170","3","4","0","6","0","13"
"JAWA TENGAH","GROBOGAN","WIROSARI","3315","BPP Wirosari","Wirosari","160","1","7","0","8","0","16"
"JAWA TENGAH","JEPARA","","3320","BPP Tahunan","Tahunan","10","","","","","",""
"JAWA TENGAH","JEPARA","BANGSRI","3320","BPP Bangsri","Bangsri","124","4","1","0","5","0","10"
"JAWA TENGAH","JEPARA","BATEALIT","3320","BPP Batealit","Batealit","136","2","3","0","4","0","9"
"JAWA TENGAH","JEPARA","DONOROJO","3320","BPP Donorojo","Donorojo","77","1","2","0","3","0","6"
"JAWA TENGAH","JEPARA","JEPARA","3320","BPP Jepara","Jepara","41","1","1","0","6","0","8"
"JAWA TENGAH","JEPARA","KALINYAMATAN","3320","BPP Kalinyamatan","Kalinyamatan","41","3","1","0","6","0","10"
"JAWA TENGAH","JEPARA","KARIMUNJAWA","3320","BPP Karimun Jawa","Karimun Jawa","18","0","0","0","1","0","1"
"JAWA TENGAH","JEPARA","KEDUNG","3320","BPP Kedung","Kedung","85","2","3","0","0","0","5"
"JAWA TENGAH","JEPARA","KELING","3320","BPP Keling","Keling","107","0","4","0","10","0","14"
"JAWA TENGAH","JEPARA","KEMBANG","3320","BPP Kembang","Kembang","135","1","3","0","10","0","14"
"JAWA TENGAH","JEPARA","MAYONG","3320","BPP Mayong","Mayong","94","2","3","0","2","0","7"
"JAWA TENGAH","JEPARA","MLONGGO","3320","BPP Mlonggo","Mlonggo","62","3","1","0","4","0","8"
"JAWA TENGAH","JEPARA","NALUMSARI","3320","BPP Nalumsari","Nalumsari","61","2","4","0","5","0","11"
"JAWA TENGAH","JEPARA","PAKIS AJI","3320","BPP Pakis Aji","Pakis Aji","100","2","2","0","6","0","10"
"JAWA TENGAH","JEPARA","PECANGAAN","3320","BPP Pecangaan","Pecangaan","82","4","1","0","6","0","11"
"JAWA TENGAH","JEPARA","TAHUNAN","3320","BPP Tahunan","Tahunan","60","2","2","0","6","0","10"
"JAWA TENGAH","JEPARA","WELAHAN","3320","BPP Welahan","Welahan","33","2","2","0","5","0","9"
"JAWA TENGAH","KARANGANYAR","COLOMADU","3313","BPP Colomadu","Colomadu","179","3","1","0","13","0","17"
"JAWA TENGAH","KARANGANYAR","GONDANGREJO","3313","BPP Gondangrejo","Gondangrejo","309","2","4","0","5","0","11"
"JAWA TENGAH","KARANGANYAR","JATEN","3313","BPP Jaten","Jaten","201","2","3","0","9","0","14"
"JAWA TENGAH","KARANGANYAR","JATIPURO","3313","BPP Jatipuro","Jatipuro","305","3","2","0","11","0","16"
"JAWA TENGAH","KARANGANYAR","JATIYOSO","3313","BPP Jatiyoso","Jatiyoso","261","1","3","0","9","0","13"
"JAWA TENGAH","KARANGANYAR","JENAWI","3313","BPP Jenawi","Jenawi","501","2","4","0","9","0","15"
"JAWA TENGAH","KARANGANYAR","JUMANTONO","3313","BPP Jumantono","Jumantono","325","1","4","0","11","0","16"
"JAWA TENGAH","KARANGANYAR","JUMAPOLO","3313","BPP Jumapolo","Jumapolo","397","1","5","0","17","0","23"
"JAWA TENGAH","KARANGANYAR","KARANGANYAR","3313","BPP Karanganyar","Karanganyar","240","5","2","0","7","0","14"
"JAWA TENGAH","KARANGANYAR","KARANGPANDAN","3313","BPP Karangpandan","Karangpandan","323","3","2","0","12","1","18"
"JAWA TENGAH","KARANGANYAR","KEBAKKRAMAT","3313","BPP Kebakkramat","Kebakkramat","187","2","4","0","16","0","22"
"JAWA TENGAH","KARANGANYAR","KERJO","3313","BPP Kerjo","Kerjo","311","0","6","0","5","0","11"
"JAWA TENGAH","KARANGANYAR","MATESIH","3313","BPP Matesih","Matesih","360","2","3","0","8","0","13"
"JAWA TENGAH","KARANGANYAR","MOJOGEDANG","3313","BPP Mojogedang","Mojogedang","344","1","4","0","6","0","11"
"JAWA TENGAH","KARANGANYAR","NGARGOYOSO","3313","BPP Ngargoyoso","Ngargoyoso","384","1","4","0","12","5","22"
"JAWA TENGAH","KARANGANYAR","TASIKMADU","3313","BPP Tasikmadu","Tasikmadu","265","1","3","0","9","0","13"
"JAWA TENGAH","KARANGANYAR","TAWANGMANGU","3313","BPP Tawangmangu","Tawangmangu","376","0","5","0","10","0","15"
"JAWA TENGAH","KEBUMEN","","3305","BPP Kecamatan Pejagoan","Kecamatan Pejagoan","10","","","","","",""
"JAWA TENGAH","KEBUMEN","ADIMULYO","3305","BPP Kecamatan Adimulyo","Kecamatan Adimulyo","130","2","4","0","5","0","11"
"JAWA TENGAH","KEBUMEN","ALIAN","3305","BPP Kecamatan Alian","Kecamatan Alian","106","1","4","0","4","0","9"
"JAWA TENGAH","KEBUMEN","AMBAL","3305","BPP Kecamatan Ambal","Kecamatan Ambal","177","2","6","0","7","0","15"
"JAWA TENGAH","KEBUMEN","AYAH","3305","BPP Kecamatan Ayah","Kecamatan Ayah","173","3","3","1","9","0","16"
"JAWA TENGAH","KEBUMEN","BONOROWO","3305","BPP Kecamatan Bonorowo","Kecamatan Bonorowo","72","1","2","3","3","0","9"
"JAWA TENGAH","KEBUMEN","BUAYAN","3305","BPP Kecamatan Buayan","Kecamatan Buayan","127","0","7","2","16","0","25"
"JAWA TENGAH","KEBUMEN","BULUSPESANTREN","3305","BPP Kecamatan Buluspesantren","Kecamatan Buluspesantren","132","3","3","1","18","0","25"
"JAWA TENGAH","KEBUMEN","GOMBONG","3305","BPP Kecamatan Gombong","Kecamatan Gombong","99","2","2","2","2","0","8"
"JAWA TENGAH","KEBUMEN","KARANGANYAR","3305","BPP Kecamatan Karanganyar","Kecamatan Karanganyar","68","2","1","1","5","0","9"
"JAWA TENGAH","KEBUMEN","KARANGGAYAM","3305","BPP Kecamatan Karanggayam","Kecamatan Karanggayam","172","1","4","1","8","0","14"
"JAWA TENGAH","KEBUMEN","KARANGSAMBUNG","3305","BPP Kecamatan Karangsambung","Kecamatan Karangsambung","113","1","5","0","4","0","10"
"JAWA TENGAH","KEBUMEN","KEBUMEN","3305","BPP Kecamatan Kebumen","Kecamatan Kebumen","113","2","6","2","8","0","18"
"JAWA TENGAH","KEBUMEN","KLIRONG","3305","BPP Kecamatan Klirong","Kecamatan Klirong","172","0","5","4","10","0","19"
"JAWA TENGAH","KEBUMEN","KUTOWINANGUN","3305","BPP Kecamatan Kutowinangun","Kecamatan Kutowinangun","109","2","2","1","6","0","11"
"JAWA TENGAH","KEBUMEN","KUWARASAN","3305","BPP Kecamatan Kuwarasan","Kecamatan Kuwarasan","102","2","5","1","5","0","13"
"JAWA TENGAH","KEBUMEN","MIRIT","3305","BPP Kecamatan Mirit","Kecamatan Mirit","137","3","5","0","21","0","29"
"JAWA TENGAH","KEBUMEN","PADURESO","3305","BPP Kecamatan Padureso","Kecamatan Padureso","78","2","1","2","9","0","14"
"JAWA TENGAH","KEBUMEN","PEJAGOAN","3305","BPP Kecamatan Pejagoan","Kecamatan Pejagoan","84","2","5","0","9","0","16"
"JAWA TENGAH","KEBUMEN","PETANAHAN","3305","BPP Kecamatan Petanahan","Kecamatan Petanahan","133","1","5","1","4","0","11"
"JAWA TENGAH","KEBUMEN","PONCOWARNO","3305","BPP Kecamatan Poncowarno","Kecamatan Poncowarno","74","3","0","0","6","0","9"
"JAWA TENGAH","KEBUMEN","PREMBUN","3305","BPP Kecamatan Prembun","Kecamatan Prembun","77","2","3","2","8","0","15"
"JAWA TENGAH","KEBUMEN","PURING","3305","BPP Kecamatan Puring","Kecamatan Puring","215","1","5","1","12","0","19"
"JAWA TENGAH","KEBUMEN","ROWOKELE","3305","BPP Kecamatan Rowokele","Kecamatan Rowokele","93","1","2","3","18","0","24"
"JAWA TENGAH","KEBUMEN","SADANG","3305","BPP Kecamatan Sadang","Kecamatan Sadang","68","1","2","1","6","0","10"
"JAWA TENGAH","KEBUMEN","SEMPOR","3305","BPP Kecamatan Sempor","Kecamatan Sempor","75","2","3","1","4","0","10"
"JAWA TENGAH","KEBUMEN","SRUWENG","3305","BPP Kecamatan Sruweng","Kecamatan Sruweng","160","3","3","0","6","0","12"
"JAWA TENGAH","KENDAL","BOJA","3324","BPP Kec BOJA","Kec Boja","73","2","7","0","1","0","10"
"JAWA TENGAH","KENDAL","BRANGSONG","3324","BPP Kec. Brangsong","Kec. Brangsong","46","1","4","0","4","0","9"
"JAWA TENGAH","KENDAL","CEPIRING","3324","BPP Kec. Cepiring","Kec. Cepiring","57","1","5","0","9","0","15"
"JAWA TENGAH","KENDAL","GEMUH","3324","BPP Kec. Gemuh","Kec. Gemuh","93","1","4","0","18","0","23"
"JAWA TENGAH","KENDAL","KALIWUNGU","3324","BPP Kec. Kaliwungu","Kec. Kaliwungu","29","1","3","0","9","0","13"
"JAWA TENGAH","KENDAL","KALIWUNGU SELATAN","3324","BPP Kec. Kaliwungu Selatan","Kec. Kaliwungu Selatan","37","1","3","0","9","0","13"
"JAWA TENGAH","KENDAL","KANGKUNG","3324","BPP Kec. Kangkung","Kec. Kangkung","51","2","4","0","19","0","25"
"JAWA TENGAH","KENDAL","KOTA KENDAL","3324","BPP Kec. Kendal","Kec. Kendal","68","2","2","0","10","0","14"
"JAWA TENGAH","KENDAL","LIMBANGAN","3324","BPP Kec. Limbangan","Kec. Limbangan","89","1","6","0","6","0","13"
"JAWA TENGAH","KENDAL","NGAMPEL","3324","BPP Kec. Ngampel","Kec. Ngampel","37","1","5","0","12","0","18"
"JAWA TENGAH","KENDAL","PAGERRUYUNG","3324","BPP Kec. Pageruyung","Kec. Pageruyung","53","3","3","0","12","0","18"
"JAWA TENGAH","KENDAL","PATEAN","3324","BPP Kec. Patean","Kec. Patean","63","4","3","0","11","0","18"
"JAWA TENGAH","KENDAL","PATEBON","3324","BPP Kec. Patebon","Kec. Patebon","67","1","5","0","18","0","24"
"JAWA TENGAH","KENDAL","PEGANDON","3324","BPP Kec. Pegandon","Kec. Pegandon","43","3","4","0","14","0","21"
"JAWA TENGAH","KENDAL","PLANTUNGAN","3324","BPP Plantungan","Plantungan","48","1","3","0","12","0","16"
"JAWA TENGAH","KENDAL","RINGINARUM","3324","BPP Kec. Ringinarum","Kec. Ringinarum","56","1","3","0","12","0","16"
"JAWA TENGAH","KENDAL","ROWOSARI","3324","BPP Kec. Rowosari","Kec. Rowosari","41","3","3","0","16","0","22"
"JAWA TENGAH","KENDAL","SINGOROJO","3324","BPP Kec. Singorojo","Kec. Singorojo","85","1","5","0","2","0","8"
"JAWA TENGAH","KENDAL","SUKOREJO","3324","BPP Kec. Sukorejo","Kec. Sukorejo","72","1","6","0","14","0","21"
"JAWA TENGAH","KENDAL","WELERI","3324","BPP Kec. Weleri","Kec. Weleri","53","2","3","0","16","0","21"
"JAWA TENGAH","KLATEN","BAYAT","3310","BPP Bayat","Bayat","120","3","4","0","2","0","9"
"JAWA TENGAH","KLATEN","CAWAS","3310","BPP Cawas","Cawas","86","5","2","0","6","0","13"
"JAWA TENGAH","KLATEN","CEPER","3310","BPP Ceper","Ceper","86","3","4","0","8","0","15"
"JAWA TENGAH","KLATEN","DELANGGU","3310","BPP Delanggu","Delanggu","53","4","2","0","0","0","6"
"JAWA TENGAH","KLATEN","GANTIWARNO","3310","BPP Gantiwarno","Gantiwarno","107","2","5","0","11","0","18"
"JAWA TENGAH","KLATEN","JATINOM","3310","BPP Jatinom","Jatinom","62","3","5","0","5","0","13"
"JAWA TENGAH","KLATEN","JOGONALAN","3310","BPP Jogonalan","Jogonalan","116","4","2","0","3","0","9"
"JAWA TENGAH","KLATEN","JUWIRING","3310","BPP Juwiring","Juwiring","63","2","5","0","2","0","9"
"JAWA TENGAH","KLATEN","KALIKOTES","3310","BPP Kalikotes","Kalikotes","55","1","2","0","2","0","5"
"JAWA TENGAH","KLATEN","KARANGANOM","3310","BPP Karanganom","Karanganom","56","4","3","0","2","0","9"
"JAWA TENGAH","KLATEN","KARANGDOWO","3310","BPP Karangdowo","Karangdowo","110","2","8","0","3","0","13"
"JAWA TENGAH","KLATEN","KARANGNONGKO","3310","BPP Karangnongko","Karangnongko","104","3","1","0","2","0","6"
"JAWA TENGAH","KLATEN","KEBONARUM","3310","BPP Kebonarum","Kebonarum","24","3","1","0","9","0","13"
"JAWA TENGAH","KLATEN","KEMALANG","3310","BPP Kemalang","Kemalang","130","3","2","0","3","0","8"
"JAWA TENGAH","KLATEN","KLATEN SELATAN","3310","BPP Klaten Selatan","Klaten Selatan","45","4","0","0","2","0","6"
"JAWA TENGAH","KLATEN","KLATEN TENGAH","3310","BPP Klaten Tengah","Klaten Tengah","25","3","0","0","2","0","5"
"JAWA TENGAH","KLATEN","KLATEN UTARA","3310","BPP Klaten Utara","Klaten Utara","26","2","2","0","1","0","5"
"JAWA TENGAH","KLATEN","MANISRENGGO","3310","BPP Manisrenggo","Manisrenggo","102","4","2","0","6","0","12"
"JAWA TENGAH","KLATEN","NGAWEN","3310","BPP Ngawen","Ngawen","62","2","3","0","2","0","7"
"JAWA TENGAH","KLATEN","PEDAN","3310","BPP Pedan","Pedan","54","4","2","0","13","0","19"
"JAWA TENGAH","KLATEN","POLANHARJO","3310","BPP Polanharjo","Polanharjo","67","3","4","0","0","0","7"
"JAWA TENGAH","KLATEN","PRAMBANAN","3310","BPP Prambanan","Prambanan","167","2","4","0","0","0","6"
"JAWA TENGAH","KLATEN","TRUCUK","3310","BPP Kecamatan Trucuk","Kecamatan Trucuk","105","3","5","0","0","0","8"
"JAWA TENGAH","KLATEN","TULUNG","3310","BPP Tulung","Tulung","106","1","6","0","4","1","12"
"JAWA TENGAH","KLATEN","WEDI","3310","BPP Wedi","Wedi","86","3","4","0","3","0","10"
"JAWA TENGAH","KLATEN","WONOSARI","3310","BPP Wonosari","Wonosari","95","3","4","0","18","0","25"
"JAWA TENGAH","KOTA MAGELANG","MAGELANG SELATAN","3371","BPP Handayani/Kota Magelang","Handayani/Kota Magelang","19","0","0","1","0","0","1"
"JAWA TENGAH","KOTA MAGELANG","MAGELANG TENGAH","3371","BPP Handayani/Kota Magelang","Handayani/Kota Magelang","24","1","4","2","23","0","30"
"JAWA TENGAH","KOTA MAGELANG","MAGELANG UTARA","3371","BPP Handayani/Kota Magelang","Handayani/Kota Magelang","32","0","0","0","0","0","0"
"JAWA TENGAH","KOTA PEKALONGAN","PEKALONGAN BARAT","3375","BPP Kertoharjo","Kertoharjo","15","0","0","0","0","0","0"
"JAWA TENGAH","KOTA PEKALONGAN","PEKALONGAN SELATAN","3375","BPP Kertoharjo","Kertoharjo","30","4","2","0","6","0","12"
"JAWA TENGAH","KOTA PEKALONGAN","PEKALONGAN TIMUR","3375","BPP Kertoharjo","Kertoharjo","23","1","0","0","0","0","1"
"JAWA TENGAH","KOTA PEKALONGAN","PEKALONGAN UTARA","3375","BPP Kertoharjo","Kertoharjo","20","0","0","0","0","0","0"
"JAWA TENGAH","KOTA SALATIGA","ARGOMULYO","3373","BPP Argomulyo","Argomulyo","55","2","1","0","9","0","12"
"JAWA TENGAH","KOTA SALATIGA","SIDOMUKTI","","","","","2","0","0","4","0","6"
"JAWA TENGAH","KOTA SALATIGA","SIDOREJO","","","","","2","1","0","7","0","10"
"JAWA TENGAH","KOTA SALATIGA","TINGKIR","3373","BPP Tingkir","Tingkir","46","3","0","0","8","0","11"
"JAWA TENGAH","KOTA SEMARANG","","3374","BPP Gunungpati","Gunungpati","10","","","","","",""
"JAWA TENGAH","KOTA SEMARANG","BANYUMANIK","3374","BPP Banyumanik","Banyumanik","42","2","2","0","0","0","4"
"JAWA TENGAH","KOTA SEMARANG","CANDISARI","3374","BPP Gayamsari","Gayamsari","18","0","1","0","0","0","1"
"JAWA TENGAH","KOTA SEMARANG","GAJAH MUNGKUR","3374","BPP Gayamsari","Gayamsari","9","0","0","0","0","0","0"
"JAWA TENGAH","KOTA SEMARANG","GAYAMSARI","3374","BPP Gayamsari","Gayamsari","10","3","3","1","0","0","7"
"JAWA TENGAH","KOTA SEMARANG","GENUK","3374","BPP Gayamsari","Gayamsari","26","0","0","0","0","0","0"
"JAWA TENGAH","KOTA SEMARANG","GUNUNG PATI","3374","BPP Gunungpati","Gunungpati","108","2","2","0","14","0","18"
"JAWA TENGAH","KOTA SEMARANG","MIJEN","3374","BPP Mijen","Mijen","70","1","2","1","21","0","25"
"JAWA TENGAH","KOTA SEMARANG","NGALIYAN","3374","BPP Ngaliyan","Ngaliyan","41","2","2","0","6","0","10"
"JAWA TENGAH","KOTA SEMARANG","PEDURUNGAN","3374","BPP Gayamsari","Gayamsari","12","0","0","0","0","0","0"
"JAWA TENGAH","KOTA SEMARANG","SEMARANG BARAT","3374","BPP Gayamsari","Gayamsari","16","1","0","0","1","0","2"
"JAWA TENGAH","KOTA SEMARANG","SEMARANG SELATAN","3374","BPP Gayamsari","Gayamsari","17","0","1","0","0","0","1"
"JAWA TENGAH","KOTA SEMARANG","SEMARANG TENGAH","3374","BPP Gayamsari","Gayamsari","8","0","0","0","0","0","0"
"JAWA TENGAH","KOTA SEMARANG","SEMARANG TIMUR","3374","BPP Gayamsari","Gayamsari","10","0","0","0","0","0","0"
"JAWA TENGAH","KOTA SEMARANG","SEMARANG UTARA","3374","BPP Gayamsari","Gayamsari","12","0","0","0","0","0","0"
"JAWA TENGAH","KOTA SEMARANG","TEMBALANG","3374","BPP Banyumanik","Banyumanik","52","0","0","0","0","0","0"
"JAWA TENGAH","KOTA SEMARANG","TUGU","3374","BPP Ngaliyan","Ngaliyan","22","0","0","0","1","0","1"
"JAWA TENGAH","KOTA SURAKARTA","BANJARSARI","","","","","0","1","0","0","0","1"
"JAWA TENGAH","KOTA SURAKARTA","JEBRES","","","","","0","2","0","0","0","2"
"JAWA TENGAH","KOTA SURAKARTA","LAWEYAN","","","","","1","1","0","2","0","4"
"JAWA TENGAH","KOTA SURAKARTA","PASAR KLIWON","","","","","1","1","0","0","0","2"
"JAWA TENGAH","KOTA SURAKARTA","SERENGAN","","","","","0","1","0","0","0","1"
"JAWA TENGAH","KOTA TEGAL","MARGADANA","3376","BP Sumurpanggang Margadana","BP Sumurpanggang Margadana","47","3","2","0","6","0","11"
"JAWA TENGAH","KOTA TEGAL","TEGAL BARAT","3376","BPK Tegal Barat","BPK Tegal Barat","23","1","1","0","0","0","2"
"JAWA TENGAH","KOTA TEGAL","TEGAL SELATAN","3376","BPK Tegal Selatan","BPK Tegal Selatan","29","2","1","0","4","0","7"
"JAWA TENGAH","KOTA TEGAL","TEGAL TIMUR","3376","BPK Tegal Timur","BPK Tegal Timur","18","1","1","0","1","0","3"
"JAWA TENGAH","KUDUS","BAE","3319","BPP Bae","Bae","44","2","2","0","8","0","12"
"JAWA TENGAH","KUDUS","DAWE","3319","BPP Dawe","Dawe","125","1","5","0","16","0","22"
"JAWA TENGAH","KUDUS","GEBOG","3319","BPP Kecamatan Gebog","Kecamatan Gebog","76","6","0","0","16","0","22"
"JAWA TENGAH","KUDUS","JATI","3319","BPP Jati","Jati","40","2","1","0","6","0","9"
"JAWA TENGAH","KUDUS","JEKULO","3319","BPP Jekulo","Jekulo","114","1","5","0","14","0","20"
"JAWA TENGAH","KUDUS","KALIWUNGU","3319","BPP Kaliwungu","Kaliwungu","49","1","4","0","6","0","11"
"JAWA TENGAH","KUDUS","KOTA KUDUS","3319","BPP Kota","Kota","22","1","1","0","8","0","10"
"JAWA TENGAH","KUDUS","MEJOBO","3319","BPP Mejobo","Mejobo","94","1","4","0","12","0","17"
"JAWA TENGAH","KUDUS","UNDAAN","3319","BPP Undaan","Undaan","104","5","2","0","18","0","25"
"JAWA TENGAH","MAGELANG","BANDONGAN","3308","BPP Kecamatan Bandongan","Kecamatan Bandongan","156","4","2","0","30","0","36"
"JAWA TENGAH","MAGELANG","BOROBUDUR","3308","BPP Kecamatan Borobudur","Kecamatan Borobudur","190","4","4","0","21","0","29"
"JAWA TENGAH","MAGELANG","CANDIMULYO","3308","BPP Kecamatan Candimulyo","Kecamatan Candimulyo","184","2","7","0","28","0","37"
"JAWA TENGAH","MAGELANG","DUKUN","3308","BPP Kecamatan Dukun","Kecamatan Dukun","181","3","3","0","15","2","23"
"JAWA TENGAH","MAGELANG","GRABAG","3308","BPP Kecamatan Grabag","Kecamatan Grabag","209","5","8","0","29","0","42"
"JAWA TENGAH","MAGELANG","KAJORAN","3308","BPP Kecamatan Kajoran","Kecamatan Kajoran","208","5","5","0","20","0","30"
"JAWA TENGAH","MAGELANG","KALIANGKRIK","3308","BPP Kecamatan Kaliangkrik","Kecamatan Kaliangkrik","128","3","7","0","32","0","42"
"JAWA TENGAH","MAGELANG","MERTOYUDAN","3308","BPP Kecamatan Mertoyudan","Kecamatan Mertoyudan","102","3","4","0","15","0","22"
"JAWA TENGAH","MAGELANG","MUNGKID","3308","BPP Kecamatan Mungkid","Kecamatan Mungkid","142","2","6","0","16","0","24"
"JAWA TENGAH","MAGELANG","MUNTILAN","3308","BPP Kecamatan Muntilan","Kecamatan Muntilan","113","3","6","0","28","0","37"
"JAWA TENGAH","MAGELANG","NGABLAK","3308","BPP Kecamatan Ngablak","Kecamatan Ngablak","168","3","3","0","17","0","23"
"JAWA TENGAH","MAGELANG","NGLUWAR","3308","BPP Kecamatan Ngluwar","Kecamatan Ngluwar","103","3","2","0","13","9","27"
"JAWA TENGAH","MAGELANG","PAKIS","3308","BPP Kecamatan Pakis","Kecamatan Pakis","239","4","4","0","20","0","28"
"JAWA TENGAH","MAGELANG","SALAM","3308","BPP Kecamatan Salam","Kecamatan Salam","109","3","4","0","17","2","26"
"JAWA TENGAH","MAGELANG","SALAMAN","3308","BPP Kecamatan Salaman","Kecamatan Salaman","181","2","5","0","23","4","34"
"JAWA TENGAH","MAGELANG","SAWANGAN","3308","BPP Kecamatan Sawangan","Kecamatan Sawangan","209","2","6","0","21","0","29"
"JAWA TENGAH","MAGELANG","SECANG","3308","BPP Kecamatan Secang","Kecamatan Secang","164","4","5","0","32","1","42"
"JAWA TENGAH","MAGELANG","SRUMBUNG","3308","BPP Kecamatan Srumbung","Kecamatan Srumbung","143","2","5","0","17","0","24"
"JAWA TENGAH","MAGELANG","TEGALREJO","3308","BPP Kecamatan Tegalrejo","Kecamatan Tegalrejo","140","5","3","0","38","2","48"
"JAWA TENGAH","MAGELANG","TEMPURAN","3308","BPP Kecamatan Tempuran","Kecamatan Tempuran","102","2","4","0","16","0","22"
"JAWA TENGAH","MAGELANG","WINDUSARI","3308","BPP Kecamatan Windusari","Kecamatan Windusari","157","3","5","0","26","2","36"
"JAWA TENGAH","PATI","BATANGAN","3318","BPP Batangan","Batangan","90","2","3","0","15","0","20"
"JAWA TENGAH","PATI","CLUWAK","3318","BPP Cluwak","Cluwak","116","1","3","0","6","0","10"
"JAWA TENGAH","PATI","DUKUHSETI","3318","BPP Dukuhseti","Dukuhseti","100","3","1","0","12","0","16"
"JAWA TENGAH","PATI","GABUS","3318","BPP Gabus","Gabus","132","3","4","0","21","0","28"
"JAWA TENGAH","PATI","GEMBONG","3318","BPP Gembong","Gembong","157","3","3","0","11","0","17"
"JAWA TENGAH","PATI","GUNUNG WUNGKAL","3318","BPP Gunungwungkal","Gunungwungkal","113","3","3","0","6","0","12"
"JAWA TENGAH","PATI","JAKEN","3318","BPP Jaken","Jaken","165","3","3","0","23","0","29"
"JAWA TENGAH","PATI","JAKENAN","3318","BPP Jakenan","Jakenan","108","2","5","0","22","0","29"
"JAWA TENGAH","PATI","JUWANA","3318","BPP Juwana","Juwana","115","3","2","0","7","0","12"
"JAWA TENGAH","PATI","KAYEN","3318","BPP Kayen","Kayen","146","0","6","0","3","0","9"
"JAWA TENGAH","PATI","MARGOREJO","3318","BPP Margorejo","Margorejo","112","4","3","0","24","0","31"
"JAWA TENGAH","PATI","MARGOYOSO","3318","BPP Margoyoso","Margoyoso","137","3","4","0","22","0","29"
"JAWA TENGAH","PATI","PATI","3318","BPP Pati","Pati","130","2","5","0","7","0","14"
"JAWA TENGAH","PATI","PUCAKWANGI","3318","BPP Pucakwangi","Pucakwangi","175","2","4","0","3","0","9"
"JAWA TENGAH","PATI","SUKOLILO","3318","BPP Sukolilo","Sukolilo","190","5","5","0","21","0","31"
"JAWA TENGAH","PATI","TAMBAKROMO","3318","BPP TAMBAKROMO","Tambakromo","147","4","3","0","0","0","7"
"JAWA TENGAH","PATI","TAYU","3318","BPP Tayu","Tayu","129","1","5","0","4","0","10"
"JAWA TENGAH","PATI","TLOGOWUNGU","3318","BPP Tlogowungu","Tlogowungu","138","3","4","0","16","0","23"
"JAWA TENGAH","PATI","TRANGKIL","3318","BPP Trangkil","Trangkil","88","3","2","0","12","0","17"
"JAWA TENGAH","PATI","WEDARIJAKSA","3318","BPP Wedarijaksa","Wedarijaksa","136","4","5","0","18","0","27"
"JAWA TENGAH","PATI","WINONG","3318","BPP Winong","Winong","161","3","3","0","1","0","7"
"JAWA TENGAH","PEKALONGAN","BOJONG","3326","BPP Bojong","Bojong","83","1","6","0","3","0","10"
"JAWA TENGAH","PEKALONGAN","BUARAN","3326","BPP Buaran","Buaran","23","2","1","0","24","0","27"
"JAWA TENGAH","PEKALONGAN","DORO","3326","BPP Doro","Doro","49","1","3","0","18","0","22"
"JAWA TENGAH","PEKALONGAN","KAJEN","3326","BPP Kajen","Kajen","124","4","3","0","26","0","33"
"JAWA TENGAH","PEKALONGAN","KANDANGSERANG","3326","BPP Kandangserang","Kandangserang","81","1","4","0","2","0","7"
"JAWA TENGAH","PEKALONGAN","KARANGANYAR","3326","BPP Karanganyar","Karanganyar","31","3","2","0","11","0","16"
"JAWA TENGAH","PEKALONGAN","KARANGDADAP","3326","BPP Karangdadap","Karangdadap","57","1","3","0","35","0","39"
"JAWA TENGAH","PEKALONGAN","KEDUNGWUNI","3326","BPP Kedungwuni","Kedungwuni","52","2","4","0","11","0","17"
"JAWA TENGAH","PEKALONGAN","KESESI","3326","BPP Kesesi","Kesesi","151","2","6","0","29","0","37"
"JAWA TENGAH","PEKALONGAN","LEBAKBARANG","3326","BPP Lebakbarang","Lebakbarang","39","3","0","0","11","0","14"
"JAWA TENGAH","PEKALONGAN","PANINGGARAN","3326","BPP Paninggaran","Paninggaran","89","1","3","0","15","0","19"
"JAWA TENGAH","PEKALONGAN","PETUNGKRIONO","3326","BPP Petungkriyono","Petungkriyono","75","1","2","0","16","0","19"
"JAWA TENGAH","PEKALONGAN","SIWALAN","3326","BPP Siwalan","Siwalan","60","2","2","0","20","0","24"
"JAWA TENGAH","PEKALONGAN","SRAGI","3326","BPP Sragi","Sragi","98","4","3","0","18","0","25"
"JAWA TENGAH","PEKALONGAN","TALUN","3326","BPP Talun","Talun","65","2","1","0","10","0","13"
"JAWA TENGAH","PEKALONGAN","TIRTO","3326","BPP Tirto","Tirto","50","2","3","0","42","0","47"
"JAWA TENGAH","PEKALONGAN","WIRADESA","3326","BPP Wiradesa","Wiradesa","35","1","4","0","13","0","18"
"JAWA TENGAH","PEKALONGAN","WONOKERTO","3326","BPP Wonokerto","Wonokerto","37","1","1","0","15","0","17"
"JAWA TENGAH","PEKALONGAN","WONOPRINGGO","3326","BPP Wonopringgo","Wonopringgo","37","1","3","0","5","0","9"
"JAWA TENGAH","PEMALANG","AMPELGADING","3327","BPK Ampelgading","BPK Ampelgading","86","1","3","0","9","0","13"
"JAWA TENGAH","PEMALANG","BANTARBOLANG","3327","BPP Bantarbolang","Bantarbolang","103","2","3","0","4","0","9"
"JAWA TENGAH","PEMALANG","BELIK","3327","BPP Kecamatan Belik","Kecamatan Belik","188","2","4","0","1","0","7"
"JAWA TENGAH","PEMALANG","BODEH","3327","BPP Kecamatan Bodeh","Kecamatan Bodeh","110","2","3","0","16","0","21"
"JAWA TENGAH","PEMALANG","COMAL","3327","BPP Kecamatan Comal","Kecamatan Comal","57","2","2","0","16","0","20"
"JAWA TENGAH","PEMALANG","MOGA","3327","BPP Moga","Moga","70","1","4","0","5","0","10"
"JAWA TENGAH","PEMALANG","PEMALANG","3327","BPP Pemalang","Pemalang","134","4","3","0","11","0","18"
"JAWA TENGAH","PEMALANG","PETARUKAN","3327","BPP Kecamatan Petarukan","Kecamatan Petarukan","108","2","4","0","16","0","22"
"JAWA TENGAH","PEMALANG","PULOSARI","3327","BPP KECAMATAN PULOSARI","Kecamatan Pulosari","123","1","2","0","0","0","3"
"JAWA TENGAH","PEMALANG","RANDUDONGKAL","3327","BPP Randudongkal","Randudongkal","105","1","3","0","7","0","11"
"JAWA TENGAH","PEMALANG","TAMAN","3327","BPP Taman","Taman","145","3","4","0","10","0","17"
"JAWA TENGAH","PEMALANG","ULUJAMI","3327","BPP Ulujami","Ulujami","115","3","1","0","6","0","10"
"JAWA TENGAH","PEMALANG","WARUNGPRING","3327","BPP Kecamatan Warungpring","Kecamatan Warungpring","67","1","2","0","5","0","8"
"JAWA TENGAH","PEMALANG","WATUKUMPUL","3327","BPP Kecamatan Watukumpul","Kecamatan Watukumpul","94","2","2","0","0","0","4"
"JAWA TENGAH","PURBALINGGA","BOBOTSARI","3303","BPP Kecamatan Bobotsari","Kecamatan Bobotsari","78","4","5","0","17","0","26"
"JAWA TENGAH","PURBALINGGA","BOJONGSARI","3303","BPP Kecamatan Bojongsari","Kecamatan Bojongsari","94","3","4","0","18","0","25"
"JAWA TENGAH","PURBALINGGA","BUKATEJA","3303","BPP Kecamatan Bukateja","Kecamatan Bukateja","178","7","5","0","15","0","27"
"JAWA TENGAH","PURBALINGGA","KALIGONDANG","3303","BPP Kecamatan Kaligondang","Kecamatan Kaligondang","127","6","5","0","19","0","30"
"JAWA TENGAH","PURBALINGGA","KALIMANAH","3303","BPP Kecamatan Kalimanah","Kecamatan Kalimanah","106","6","4","0","14","0","24"
"JAWA TENGAH","PURBALINGGA","KARANGANYAR","3303","BPP Kecamatan Karanganyar","Kecamatan Karanganyar","66","3","3","0","13","0","19"
"JAWA TENGAH","PURBALINGGA","KARANGJAMBU","3303","BPP Kecamatan Karangjambu","Kecamatan Karangjambu","82","2","5","0","12","0","19"
"JAWA TENGAH","PURBALINGGA","KARANGMONCOL","3303","BPP Kecamatan Karangmoncol","Kecamatan Karangmoncol","98","4","2","0","19","0","25"
"JAWA TENGAH","PURBALINGGA","KARANGREJA","3303","BPP Kecamatan Karangreja","Kecamatan Karangreja","86","3","4","0","10","0","17"
"JAWA TENGAH","PURBALINGGA","KEJOBONG","3303","BPP Kecamatan Kejobong","Kecamatan Kejobong","100","6","4","0","15","0","25"
"JAWA TENGAH","PURBALINGGA","KEMANGKON","3303","BPP Kecamatan Kemangkon","Kecamatan Kemangkon","193","4","6","0","19","0","29"
"JAWA TENGAH","PURBALINGGA","KERTANEGARA","3303","BPP Kecamatan Kertanegara","Kecamatan Kertanegara","100","4","0","0","11","0","15"
"JAWA TENGAH","PURBALINGGA","KUTASARI","3303","BPP Kecamatan Kutasari","Kecamatan Kutasari","132","4","6","0","16","0","26"
"JAWA TENGAH","PURBALINGGA","MREBET","3303","BPP Mrebet District","Mrebet District","121","3","7","0","23","0","33"
"JAWA TENGAH","PURBALINGGA","PADAMARA","3303","BPP Kecamatan Padamara","Kecamatan Padamara","81","6","4","0","13","0","23"
"JAWA TENGAH","PURBALINGGA","PENGADEGAN","3303","BPP Kecamatan Pengadegan","Kecamatan Pengadegan","82","5","1","0","9","0","15"
"JAWA TENGAH","PURBALINGGA","PURBALINGGA","3303","BPP Kecamatan Purbalingga","Kecamatan Purbalingga","56","6","1","0","7","0","14"
"JAWA TENGAH","PURBALINGGA","REMBANG","3303","BPP Kecamatan Rembang","Kecamatan Rembang","102","3","5","0","17","0","25"
"JAWA TENGAH","PURWOREJO","BAGELEN","3306","BPK Bagelen","BPK Bagelen","155","4","2","2","8","0","16"
"JAWA TENGAH","PURWOREJO","BANYUURIP","3306","BPK Banyuurip","BPK Banyuurip","180","3","3","1","12","0","19"
"JAWA TENGAH","PURWOREJO","BAYAN","3306","BPK Bayan","BPK Bayan","181","3","2","0","7","0","12"
"JAWA TENGAH","PURWOREJO","BENER","3306","BPK Bener","BPK Bener","289","7","3","0","5","0","15"
"JAWA TENGAH","PURWOREJO","BRUNO","3306","BPP Kecamatan Bruno","Kecamatan Bruno","165","5","2","2","2","0","11"
"JAWA TENGAH","PURWOREJO","BUTUH","3306","BPK Butuh","BPK Butuh","150","5","1","3","10","0","19"
"JAWA TENGAH","PURWOREJO","GEBANG","3306","BPK Gebang","BPK Gebang","169","4","2","3","5","0","14"
"JAWA TENGAH","PURWOREJO","GRABAG","3306","BPK Grabag","BPK Grabag","166","4","3","1","9","0","17"
"JAWA TENGAH","PURWOREJO","KALIGESING","3306","BPK KALIGESING","BPK Kaligesing","289","4","2","0","6","0","12"
"JAWA TENGAH","PURWOREJO","KEMIRI","3306","BPK Kemiri","BPK Kemiri","218","2","2","5","10","0","19"
"JAWA TENGAH","PURWOREJO","KUTOARJO","3306","BPP Kutoarjo","Kutoarjo","164","4","1","3","29","0","37"
"JAWA TENGAH","PURWOREJO","LOANO","3306","BPK Loano","BPK Loano","148","4","2","1","5","0","12"
"JAWA TENGAH","PURWOREJO","NGOMBOL","3306","BPK Ngombol","BPK Ngombol","237","6","3","3","36","0","48"
"JAWA TENGAH","PURWOREJO","PITURUH","3306","BPK Pituruh","BPK Pituruh","303","6","2","2","8","0","18"
"JAWA TENGAH","PURWOREJO","PURWODADI","3306","BPP Purwodadi","Purwodadi","214","6","2","3","10","0","21"
"JAWA TENGAH","PURWOREJO","PURWOREJO","3306","BPK Purworejo","BPK Purworejo","147","4","2","2","6","0","14"
"JAWA TENGAH","REMBANG","BULU","3317","BPP BULU","Bulu","130","3","5","0","4","0","12"
"JAWA TENGAH","REMBANG","GUNEM","3317","BPP GUNEM","Gunem","103","4","3","0","4","0","11"
"JAWA TENGAH","REMBANG","KALIORI","3317","BPP KALIORI","Kaliori","104","3","4","0","4","0","11"
"JAWA TENGAH","REMBANG","KRAGAN","3317","BPP KRAGAN","Kragan","144","2","3","0","4","0","9"
"JAWA TENGAH","REMBANG","LASEM","3317","BPP KECAMATAN LASEM","Kecamatan Lasem","110","3","3","0","4","0","10"
"JAWA TENGAH","REMBANG","PAMOTAN","3317","BPP PAMOTAN","Pamotan","147","1","10","0","4","0","15"
"JAWA TENGAH","REMBANG","PANCUR","3317","BPP PANCUR","Pancur","125","2","4","0","3","0","9"
"JAWA TENGAH","REMBANG","REMBANG","3317","BPP REMBANG","Rembang","147","3","5","0","4","0","12"
"JAWA TENGAH","REMBANG","SALE","3317","BPP SALE","Sale","171","4","4","0","4","0","12"
"JAWA TENGAH","REMBANG","SARANG","3317","BPP SARANG","Sarang","147","3","5","0","3","0","11"
"JAWA TENGAH","REMBANG","SEDAN","3317","BPP SEDAN","Sedan","202","2","5","0","3","0","10"
"JAWA TENGAH","REMBANG","SLUKE","3317","BPP SLUKE","Sluke","86","1","4","0","3","0","8"
"JAWA TENGAH","REMBANG","SULANG","3317","BPP SULANG","Sulang","144","5","6","0","4","0","15"
"JAWA TENGAH","REMBANG","SUMBER","3317","BPP SUMBER","Sumber","154","1","9","0","4","0","14"
"JAWA TENGAH","SEMARANG","AMBARAWA","3322","BPP Ambarawa","Ambarawa","79","2","3","0","8","0","13"
"JAWA TENGAH","SEMARANG","BANCAK","3322","BPP Bancak","Bancak","66","2","2","0","5","0","9"
"JAWA TENGAH","SEMARANG","BANDUNGAN","3322","BPP Bandungan","Bandungan","118","3","3","0","4","0","10"
"JAWA TENGAH","SEMARANG","BANYUBIRU","3322","BPP Banyubiru","Banyubiru","133","1","7","0","5","0","13"
"JAWA TENGAH","SEMARANG","BAWEN","3322","BPP Bawen","Bawen","70","1","4","0","5","0","10"
"JAWA TENGAH","SEMARANG","BERGAS","3322","BPP Bergas","Bergas","76","2","4","0","4","0","10"
"JAWA TENGAH","SEMARANG","BRINGIN","3322","BPP Bringin","Bringin","131","2","4","0","6","0","12"
"JAWA TENGAH","SEMARANG","GETASAN","3322","BPP Getasan","Getasan","238","4","3","0","4","0","11"
"JAWA TENGAH","SEMARANG","JAMBU","3322","BPP Jambu","Jambu","95","2","5","0","5","0","12"
"JAWA TENGAH","SEMARANG","KALIWUNGU","3322","BPP Kaliwungu","Kaliwungu","114","1","4","0","5","0","10"
"JAWA TENGAH","SEMARANG","PABELAN","3322","BPP Pabelan","Pabelan","137","2","3","0","5","0","10"
"JAWA TENGAH","SEMARANG","PRINGAPUS","3322","BPP Pringapus","Pringapus","88","3","4","0","5","0","12"
"JAWA TENGAH","SEMARANG","SUMOWONO","3322","BPP Sumowono","Sumowono","151","1","5","0","4","0","10"
"JAWA TENGAH","SEMARANG","SURUH","3322","BPP Suruh","Suruh","129","2","3","0","6","0","11"
"JAWA TENGAH","SEMARANG","SUSUKAN","3322","BPP Susukan","Susukan","141","1","5","0","6","0","12"
"JAWA TENGAH","SEMARANG","TENGARAN","3322","BPP Tengaran","Tengaran","130","1","4","0","10","0","15"
"JAWA TENGAH","SEMARANG","TUNTANG","3322","BPP Tuntang","Tuntang","114","3","4","0","4","0","11"
"JAWA TENGAH","SEMARANG","UNGARAN BARAT","3322","BPP Ungaran Barat","Ungaran Barat","97","2","5","0","4","0","11"
"JAWA TENGAH","SEMARANG","UNGARAN TIMUR","3322","BPP Ungaran Timur","Ungaran Timur","81","4","3","0","5","0","12"
"JAWA TENGAH","SRAGEN","GEMOLONG","3314","BPP Wijaya Kusuma Gemolong","Wijaya Kusuma Gemolong","102","1","4","0","14","0","19"
"JAWA TENGAH","SRAGEN","GESI","3314","BPP Gesi","Gesi","55","1","3","0","7","0","11"
"JAWA TENGAH","SRAGEN","GONDANG","3314","BPP Gondang","Gondang","121","3","5","0","9","0","17"
"JAWA TENGAH","SRAGEN","JENAR","3314","BPP Kecamatan Jenar","Kecamatan Jenar","132","1","4","0","7","0","12"
"JAWA TENGAH","SRAGEN","KALIJAMBE","3314","BPP Kalijambe","Kalijambe","104","1","4","0","14","0","19"
"JAWA TENGAH","SRAGEN","KARANGMALANG","3314","BPP Sasono Among Tani Karangmalang","Sasono Among Tani Karangmalang","68","3","3","0","10","0","16"
"JAWA TENGAH","SRAGEN","KEDAWUNG","3314","BPP Karya Kismo Kedawung","Karya Kismo Kedawung","116","2","4","0","10","0","16"
"JAWA TENGAH","SRAGEN","MASARAN","3314","BPP Panti Mertani Masaran","Panti Mertani Masaran","105","4","3","0","13","0","20"
"JAWA TENGAH","SRAGEN","MIRI","3314","BPP Miri","Miri","124","1","4","0","12","0","17"
"JAWA TENGAH","SRAGEN","MONDOKAN","3314","BPP Mandiro Noto Mondokan","Mandiro Noto Mondokan","108","1","3","0","9","0","13"
"JAWA TENGAH","SRAGEN","NGRAMPAL","3314","BPP Ngrampal","Ngrampal","91","1","4","0","12","0","17"
"JAWA TENGAH","SRAGEN","PLUPUH","3314","BPP Condrodimuko Plupuh","Condrodimuko Plupuh","97","3","6","0","22","0","31"
"JAWA TENGAH","SRAGEN","SAMBIREJO","3314","BPP Sasana Krida Tani Sambirejo","Sasana Krida Tani Sambirejo","72","1","4","0","9","0","14"
"JAWA TENGAH","SRAGEN","SAMBUNG MACAN","3314","BPP Sunan Kalijaga Sambungmacan","Sunan Kalijaga Sambungmacan","81","2","3","0","11","0","16"
"JAWA TENGAH","SRAGEN","SIDOHARJO","3314","BPP Sidoharjo","Sidoharjo","83","3","2","0","11","0","16"
"JAWA TENGAH","SRAGEN","SRAGEN","3314","BPP Wisma Tani","Wisma Tani","49","4","1","0","8","0","13"
"JAWA TENGAH","SRAGEN","SUKODONO","3314","BPP Pragolopati Sukodono","Pragolopati Sukodono","106","2","3","0","19","0","24"
"JAWA TENGAH","SRAGEN","SUMBERLAWANG","3314","BPP Sumberlawang","Sumberlawang","188","1","3","0","11","0","15"
"JAWA TENGAH","SRAGEN","TANGEN","3314","BPP Sarwo Mukti Tangen","Sarwo Mukti Tangen","111","1","4","0","7","0","12"
"JAWA TENGAH","SRAGEN","TANON","3314","BPP Tanon","Tanon","150","2","5","0","16","0","23"
"JAWA TENGAH","SUKOHARJO","BAKI","3311","BPP Baki","Baki","84","5","2","0","1","0","8"
"JAWA TENGAH","SUKOHARJO","BENDOSARI","3311","BPP Bendosari","Bendosari","132","3","3","0","11","0","17"
"JAWA TENGAH","SUKOHARJO","BULU","3311","BPP Bulu","Bulu","94","2","4","0","10","0","16"
"JAWA TENGAH","SUKOHARJO","GATAK","3311","BPP Gatak","Gatak","68","3","4","0","3","0","10"
"JAWA TENGAH","SUKOHARJO","GROGOL","3311","BPP Grogol","Grogol","93","4","1","0","4","0","9"
"JAWA TENGAH","SUKOHARJO","KARTASURA","3311","BPP Kartasura","Kartasura","48","1","3","0","3","0","7"
"JAWA TENGAH","SUKOHARJO","MOJOLABAN","3311","BPP Mojolaban","Mojolaban","114","4","4","0","6","0","14"
"JAWA TENGAH","SUKOHARJO","NGUTER","3311","BPP Nguter","Nguter","162","5","3","0","16","0","24"
"JAWA TENGAH","SUKOHARJO","POLOKARTO","3311","BPP POLOKARTO","Polokarto","164","5","5","0","9","0","19"
"JAWA TENGAH","SUKOHARJO","SUKOHARJO","3311","BPP Sukoharjo","Sukoharjo","113","3","6","0","9","0","18"
"JAWA TENGAH","SUKOHARJO","TAWANGSARI","3311","BPP Tawangsari","Tawangsari","110","4","3","0","9","0","16"
"JAWA TENGAH","SUKOHARJO","WERU","3311","BPP Weru","Weru","138","4","2","1","9","0","16"
"JAWA TENGAH","TEGAL","ADIWERNA","3328","BPP Kecamatan Adiwerna","Kecamatan Adiwerna","83","3","2","0","18","0","23"
"JAWA TENGAH","TEGAL","BALAPULANG","3328","BPP Kecamatan Balapulang","Kecamatan Balapulang","93","1","4","0","3","0","8"
"JAWA TENGAH","TEGAL","BOJONG","3328","BPP Kecamatan Bojong","Kecamatan Bojong","135","1","5","0","12","0","18"
"JAWA TENGAH","TEGAL","BUMIJAWA","3328","BPP Kecamatan Bumijawa","Kecamatan Bumijawa","136","2","4","0","4","0","10"
"JAWA TENGAH","TEGAL","DUKUHTURI","3328","BPP Kecamatan Dukuhturi","Kecamatan Dukuhturi","65","4","1","0","4","0","9"
"JAWA TENGAH","TEGAL","DUKUHWARU","3328","BPP Kecamatan Dukuhwaru","Kecamatan Dukuhwaru","63","2","2","0","10","0","14"
"JAWA TENGAH","TEGAL","JATINEGARA","3328","BPP Kecamatan Jatinegara","Kecamatan Jatinegara","96","2","3","0","19","0","24"
"JAWA TENGAH","TEGAL","KEDUNG BANTENG","3328","BPP Kecamatan Kedungbanteng","Kecamatan Kedungbanteng","98","2","3","0","9","0","14"
"JAWA TENGAH","TEGAL","KRAMAT","3328","BPP Kecamatan Kramat","Kecamatan Kramat","94","4","2","0","14","0","20"
"JAWA TENGAH","TEGAL","LEBAKSIU","3328","BPP Kecamatan Lebaksiu","Kecamatan Lebaksiu","115","3","3","0","8","0","14"
"JAWA TENGAH","TEGAL","MARGASARI","3328","BPP Kecamatan Margasari","Kecamatan Margasari","90","3","2","0","7","0","12"
"JAWA TENGAH","TEGAL","PAGERBARANG","3328","BPP Kecamatan Pagerbarang","Kecamatan Pagerbarang","87","5","1","0","3","0","9"
"JAWA TENGAH","TEGAL","PANGKAH","3328","BPP Kecamatan Pangkah","Kecamatan Pangkah","116","5","4","0","6","0","15"
"JAWA TENGAH","TEGAL","SLAWI","3328","BPP Kecamatan Slawi","Kecamatan Slawi","36","2","2","0","4","0","8"
"JAWA TENGAH","TEGAL","SURADADI","3328","BPP Kecamatan Suradadi","Kecamatan Suradadi","170","5","2","0","6","0","13"
"JAWA TENGAH","TEGAL","TALANG","3328","BPP Kecamatan Talang","Kecamatan Talang","45","1","3","0","5","0","9"
"JAWA TENGAH","TEGAL","TARUB","3328","BPP Kecamatan Tarub","Kecamatan Tarub","92","3","2","0","8","0","13"
"JAWA TENGAH","TEGAL","WARUREJA","3328","BPP Kecamatan Warureja","Kecamatan Warureja","96","4","2","0","1","0","7"
"JAWA TENGAH","TEMANGGUNG","BANSARI","3323","BPP SINDORO","Sindoro","197","8","1","0","13","0","22"
"JAWA TENGAH","TEMANGGUNG","BEJEN","3323","BPP Bejen","Bejen","133","6","3","0","5","0","14"
"JAWA TENGAH","TEMANGGUNG","BULU","3323","BPP Meteor Sumbing","Meteor Sumbing","235","4","3","0","23","0","30"
"JAWA TENGAH","TEMANGGUNG","CANDIROTO","3323","BPP Candiroto","Candiroto","183","5","2","0","23","0","30"
"JAWA TENGAH","TEMANGGUNG","GEMAWANG","3323","Balai Penyuluhan Pertanian Gemawang","Gemawang","199","4","2","0","12","0","18"
"JAWA TENGAH","TEMANGGUNG","JUMO","3323","BPP Kecamatan Jumo","Kecamatan Jumo","101","3","3","0","11","0","17"
"JAWA TENGAH","TEMANGGUNG","KALORAN","3323","BP Griya Among Tani Kec. Kaloran","BP Griya Among Tani Kec. Kaloran","153","5","3","0","9","0","17"
"JAWA TENGAH","TEMANGGUNG","KANDANGAN","3323","BPP Kandangan","Kandangan","183","4","4","0","10","0","18"
"JAWA TENGAH","TEMANGGUNG","KEDU","3323","BPP Kecamatan Kedu","Kecamatan Kedu","161","3","3","0","10","0","16"
"JAWA TENGAH","TEMANGGUNG","KLEDUNG","3323","BPP Kecamatan Kledung","Kecamatan Kledung","206","3","3","0","33","0","39"
"JAWA TENGAH","TEMANGGUNG","KRANGGAN","3323","BPP Sugeng Rawuh Kec. Kranggan","Sugeng Rawuh Kec. Kranggan","204","4","3","0","12","0","19"
"JAWA TENGAH","TEMANGGUNG","NGADIREJO","3323","BPP Ngadirejo","Ngadirejo","260","3","5","0","25","0","33"
"JAWA TENGAH","TEMANGGUNG","PARAKAN","3323","Balai Penyuluhan Pertanian Bambu Runcing","Bambu Runcing","150","4","3","0","12","0","19"
"JAWA TENGAH","TEMANGGUNG","PRINGSURAT","3323","BPP Kec. Pringsurat","Kec. Pringsurat","151","4","2","0","14","0","20"
"JAWA TENGAH","TEMANGGUNG","SELOPAMPANG","3323","BPP Kecamatan Selopampang","Kecamatan Selopampang","125","6","2","0","8","0","16"
"JAWA TENGAH","TEMANGGUNG","TEMANGGUNG","3323","BPP Temanggung","Temanggung","155","7","2","0","25","0","34"
"JAWA TENGAH","TEMANGGUNG","TEMBARAK","3323","BPP Tembarak","Tembarak","171","3","3","0","13","0","19"
"JAWA TENGAH","TEMANGGUNG","TLOGOMULYO","3323","BPP KECAMATAN TLOGOMULYO","Kecamatan Tlogomulyo","132","2","4","0","5","0","11"
"JAWA TENGAH","TEMANGGUNG","TRETEP","3323","BPP Kecamatan Tretep","Kecamatan Tretep","171","5","1","0","8","0","14"
"JAWA TENGAH","TEMANGGUNG","WONOBOYO","3323","BPP Wahana Mitra Tani","Wahana Mitra Tani","162","3","3","0","6","0","12"
"JAWA TENGAH","WONOGIRI","BATURETNO","3312","BPP Istana Tani","Istana Tani","114","0","5","0","21","0","26"
"JAWA TENGAH","WONOGIRI","BATUWARNO","3312","BPP Petani Makmur","Petani Makmur","80","1","2","0","8","0","11"
"JAWA TENGAH","WONOGIRI","BULUKERTO","3312","BPP Bulukerto","Bulukerto","49","1","3","0","10","0","14"
"JAWA TENGAH","WONOGIRI","EROMOKO","3312","BPP Taru Harjo","Taru Harjo","172","2","3","0","15","0","20"
"JAWA TENGAH","WONOGIRI","GIRIMARTO","3312","BPP Girimarto","Girimarto","117","1","4","0","17","0","22"
"JAWA TENGAH","WONOGIRI","GIRITONTRO","3312","BPP Giritontro","Giritontro","101","1","1","0","7","0","9"
"JAWA TENGAH","WONOGIRI","GIRIWOYO","3312","BPP Harjaning Tani","Harjaning Tani","149","1","4","0","16","0","21"
"JAWA TENGAH","WONOGIRI","JATIPURNO","3312","BPP Jatipurno","Jatipurno","72","1","3","0","11","0","15"
"JAWA TENGAH","WONOGIRI","JATIROTO","3312","BPP Jatiroto","Jatiroto","75","1","3","0","15","0","19"
"JAWA TENGAH","WONOGIRI","JATISRONO","3312","BPP Hesti Martani","Hesti Martani","91","1","7","0","20","0","28"
"JAWA TENGAH","WONOGIRI","KARANGTENGAH","3312","BPP Rumah Hijau","Rumah Hijau","75","1","2","0","5","0","8"
"JAWA TENGAH","WONOGIRI","KISMANTORO","3312","BPP Belik Legi","Belik Legi","72","1","3","1","10","0","15"
"JAWA TENGAH","WONOGIRI","MANYARAN","3312","BPP Sukma Bantala","Sukma Bantala","105","2","2","0","10","0","14"
"JAWA TENGAH","WONOGIRI","NGADIROJO","3312","BPP Ngadirojo","Ngadirojo","151","1","6","0","30","0","37"
"JAWA TENGAH","WONOGIRI","NGUNTORONADI","3312","BPP Beji Indah","Beji Indah","102","1","3","0","14","0","18"
"JAWA TENGAH","WONOGIRI","PARANGGUPITO","3312","BPP PARANGGUPITO","Paranggupito","95","1","3","0","8","0","12"
"JAWA TENGAH","WONOGIRI","PRACIMANTORO","3312","BPP Mintoharjo","Mintoharjo","177","2","5","0","30","0","37"
"JAWA TENGAH","WONOGIRI","PUHPELEM","3312","BPP Dlisem","Dlisem","45","1","2","0","6","0","9"
"JAWA TENGAH","WONOGIRI","PURWANTORO","3312","BPP Purwantoro","Purwantoro","97","2","5","0","15","0","22"
"JAWA TENGAH","WONOGIRI","SELOGIRI","3312","BPP Dewi Sri","Dewi Sri","96","2","5","0","11","0","18"
"JAWA TENGAH","WONOGIRI","SIDOHARJO","3312","BPP Sidoharjo","Sidoharjo","89","2","4","0","12","0","18"
"JAWA TENGAH","WONOGIRI","SLOGOHIMO","3312","BPP Slogohimo","Slogohimo","83","2","3","0","18","0","23"
"JAWA TENGAH","WONOGIRI","TIRTOMOYO","3312","BPP Pertinggen","Pertinggen","148","0","4","0","14","0","18"
"JAWA TENGAH","WONOGIRI","WONOGIRI","3312","BPP Mondromino","Mondromino","104","4","4","0","12","0","20"
"JAWA TENGAH","WONOGIRI","WURYANTORO","3312","BPP Wuryantoro","Wuryantoro","107","1","2","0","8","0","11"
"JAWA TENGAH","WONOSOBO","","3307","BPP Angestitani","Angestitani","10","","","","","",""
"JAWA TENGAH","WONOSOBO","GARUNG","3307","BPP Marsuditani","Marsuditani","147","4","4","0","11","0","19"
"JAWA TENGAH","WONOSOBO","KALIBAWANG","3307","BPP Mitratani","Mitratani","75","1","5","0","5","0","11"
"JAWA TENGAH","WONOSOBO","KALIKAJAR","3307","BPP Amongtani","Amongtani","164","5","4","0","6","0","15"
"JAWA TENGAH","WONOSOBO","KALIWIRO","3307","BPP Citra Tani","Citra Tani","171","4","4","0","7","0","15"
"JAWA TENGAH","WONOSOBO","KEJAJAR","3307","BPP Angestitani","Angestitani","178","4","5","0","0","0","9"
"JAWA TENGAH","WONOSOBO","KEPIL","3307","BPP Pandutani","Pandutani","132","3","6","0","5","0","14"
"JAWA TENGAH","WONOSOBO","KERTEK","3307","BPP Kertomartani","Kertomartani","163","1","8","0","9","0","18"
"JAWA TENGAH","WONOSOBO","LEKSONO","3307","BPP Binatani","Binatani","83","2","4","0","13","0","19"
"JAWA TENGAH","WONOSOBO","MOJOTENGAH","3307","BPP Mojomartani","Mojomartani","137","2","5","0","8","0","15"
"JAWA TENGAH","WONOSOBO","SAPURAN","3307","BPP Puramartani","Puramartani","107","4","5","0","14","0","23"
"JAWA TENGAH","WONOSOBO","SELOMERTO","3307","BPP Sumberjaya","Sumberjaya","127","4","5","0","7","0","16"
"JAWA TENGAH","WONOSOBO","SUKOHARJO","3307","BPK Sukoharjo","BPK Sukoharjo","94","2","4","0","17","0","23"
"JAWA TENGAH","WONOSOBO","WADASLINTANG","3307","BPK Wadaslintang","BPK Wadaslintang","102","3","5","0","0","0","8"
"JAWA TENGAH","WONOSOBO","WATUMALANG","3307","BPP Wahana Tani","Wahana Tani","179","3","5","0","20","0","28"
"JAWA TENGAH","WONOSOBO","WONOSOBO","3307","BPP Sri Handayani","Sri Handayani","96","4","5","0","0","0","9"
"JAWA TIMUR","BANGKALAN","","3526","BPP Bangkalan","Bangkalan","10","","","","","",""
"JAWA TIMUR","BANGKALAN","AROSBAYA","3526","BPP Arosbaya","Arosbaya","79","1","2","0","3","0","6"
"JAWA TIMUR","BANGKALAN","BANGKALAN","3526","BPP Bangkalan","Bangkalan","48","4","3","0","5","0","12"
"JAWA TIMUR","BANGKALAN","BLEGA","3526","BPP Blega","Blega","100","1","2","0","2","0","5"
"JAWA TIMUR","BANGKALAN","BURNEH","3526","BPP Burneh","Burneh","116","3","2","0","2","0","7"
"JAWA TIMUR","BANGKALAN","GALIS","3526","BPP Galis","Galis","112","2","3","0","5","0","10"
"JAWA TIMUR","BANGKALAN","GEGER","3526","BPP Geger","Geger","104","1","2","1","2","0","6"
"JAWA TIMUR","BANGKALAN","KAMAL","3526","BPP Kamal","Kamal","29","2","3","0","3","0","8"
"JAWA TIMUR","BANGKALAN","KLAMPIS","3526","BPP Klampis","Klampis","77","2","2","0","8","0","12"
"JAWA TIMUR","BANGKALAN","KOKOP","3526","BPP Kokop","Kokop","66","1","2","0","2","0","5"
"JAWA TIMUR","BANGKALAN","KONANG","3526","BPP Konang","Konang","65","1","2","0","3","0","6"
"JAWA TIMUR","BANGKALAN","KWANYAR","3526","BPP Kwanyar","Kwanyar","64","1","2","0","2","0","5"
"JAWA TIMUR","BANGKALAN","LABANG","3526","BPP Labang","Labang","48","1","1","0","2","0","4"
"JAWA TIMUR","BANGKALAN","MODUNG","3526","BPP Modung","Modung","87","1","2","0","14","0","17"
"JAWA TIMUR","BANGKALAN","SEPULU","3526","BPP SEPULU","Sepulu","56","1","3","0","15","0","19"
"JAWA TIMUR","BANGKALAN","SOCAH","3526","BPP Socah","Socah","83","1","3","0","6","0","10"
"JAWA TIMUR","BANGKALAN","TANAH MERAH","3526","BPP TANAH MERAH","Tanah Merah","115","3","3","0","2","0","8"
"JAWA TIMUR","BANGKALAN","TANJUNGBUMI","3526","BPP Tanjung Bumi","Tanjung Bumi","73","1","2","0","4","0","7"
"JAWA TIMUR","BANGKALAN","TRAGAH","3526","BPP Tragah","Tragah","69","1","4","0","5","0","10"
"JAWA TIMUR","BANYUWANGI","BANGOREJO","3510","BPP BANGOREJO","Bangorejo","68","1","3","3","1","0","8"
"JAWA TIMUR","BANYUWANGI","BANYUWANGI","3510","BPP GIRI","Giri","15","0","0","0","0","0","0"
"JAWA TIMUR","BANYUWANGI","BLIMBINGSARI","3510","BPP ROGOJAMPI","Rogojampi","46","0","0","0","0","0","0"
"JAWA TIMUR","BANYUWANGI","CLURING","3510","BPP CLURING","Cluring","107","1","3","2","1","0","7"
"JAWA TIMUR","BANYUWANGI","GAMBIRAN","3510","BPP GENTENG","Genteng","70","0","0","0","0","0","0"
"JAWA TIMUR","BANYUWANGI","GENTENG","3510","BPP GENTENG","Genteng","49","2","4","2","5","0","13"
"JAWA TIMUR","BANYUWANGI","GIRI","3510","BPP GIRI","Giri","31","3","2","2","2","0","9"
"JAWA TIMUR","BANYUWANGI","GLAGAH","3510","BPP GLAGAH","Glagah","47","1","8","4","2","0","15"
"JAWA TIMUR","BANYUWANGI","GLENMORE","3510","BPP KALIBARU","Kalibaru","70","0","0","2","0","0","2"
"JAWA TIMUR","BANYUWANGI","KABAT","3510","BPP KABAT","Kabat","55","3","5","3","1","0","12"
"JAWA TIMUR","BANYUWANGI","KALIBARU","3510","BPP KALIBARU","Kalibaru","60","1","2","3","2","0","8"
"JAWA TIMUR","BANYUWANGI","KALIPURO","3510","BPP KALIPURO","Kalipuro","54","2","2","1","1","0","6"
"JAWA TIMUR","BANYUWANGI","LICIN","3510","BPP GLAGAH","Glagah","57","0","0","0","0","0","0"
"JAWA TIMUR","BANYUWANGI","MUNCAR","3510","BPP MUNCAR","Muncar","67","1","4","1","2","0","8"
"JAWA TIMUR","BANYUWANGI","PESANGGARAN","3510","BPP Pesanggaran","Pesanggaran","45","2","2","1","2","0","7"
"JAWA TIMUR","BANYUWANGI","PURWOHARJO","3510","BPP PURWOHARJO","Purwoharjo","81","1","4","2","1","0","8"
"JAWA TIMUR","BANYUWANGI","ROGOJAMPI","3510","BPP ROGOJAMPI","Rogojampi","45","2","5","3","2","0","12"
"JAWA TIMUR","BANYUWANGI","SEMPU","3510","BPP SEMPU","Sempu","61","1","4","2","1","0","8"
"JAWA TIMUR","BANYUWANGI","SILIRAGUNG","3510","BPP SILIRAGUNG","Siliragung","43","3","0","2","1","0","6"
"JAWA TIMUR","BANYUWANGI","SINGOJURUH","3510","BPP SINGOJURUH","Singojuruh","57","0","4","2","1","0","7"
"JAWA TIMUR","BANYUWANGI","SONGGON","3510","BPP SONGGON","Songgon","88","1","3","3","1","0","8"
"JAWA TIMUR","BANYUWANGI","SRONO","3510","BPP SRONO","Srono","66","1","3","1","1","0","6"
"JAWA TIMUR","BANYUWANGI","TEGALDLIMO","3510","BPP TEGALDLIMO","Tegaldlimo","112","1","4","3","1","0","9"
"JAWA TIMUR","BANYUWANGI","TEGALSARI","3510","BPP TEGALSARI","Tegalsari","70","2","3","2","1","0","8"
"JAWA TIMUR","BANYUWANGI","WONGSOREJO","3510","BPP WONGSOREJO","Wongsorejo","227","3","0","3","1","0","7"
"JAWA TIMUR","BLITAR","BAKUNG","3505","BPP BAKUNG","Bakung","92","4","3","0","6","1","14"
"JAWA TIMUR","BLITAR","BINANGUN","3505","BPP BINANGUN","Binangun","191","4","2","0","11","0","17"
"JAWA TIMUR","BLITAR","DOKO","3505","BPP DOKO","Doko","106","3","4","0","10","0","17"
"JAWA TIMUR","BLITAR","GANDUSARI","3505","BPP GANDUSARI","Gandusari","90","5","2","0","14","0","21"
"JAWA TIMUR","BLITAR","GARUM","3505","BPP GARUM","Garum","68","6","3","0","6","1","16"
"JAWA TIMUR","BLITAR","KADEMANGAN","3505","BPP KADEMANGAN","Kademangan","121","3","6","0","15","0","24"
"JAWA TIMUR","BLITAR","KANIGORO","3505","BPP KANIGORO","Kanigoro","58","6","1","0","13","0","20"
"JAWA TIMUR","BLITAR","KESAMBEN","3505","BPP KESAMBEN","Kesamben","84","4","3","0","10","0","17"
"JAWA TIMUR","BLITAR","NGLEGOK","3505","BPP NGLEGOK","Nglegok","92","6","2","0","13","0","21"
"JAWA TIMUR","BLITAR","PANGGUNGREJO","3505","BPP PANGGUNGREJO","Panggungrejo","192","1","4","0","12","0","17"
"JAWA TIMUR","BLITAR","PONGGOK","3505","BPP PONGGOK","Ponggok","89","3","5","0","13","0","21"
"JAWA TIMUR","BLITAR","SANANKULON","3505","BPP SANANKULON","Sanankulon","76","4","3","0","5","0","12"
"JAWA TIMUR","BLITAR","SELOPURO","3505","BPP SELOPURO","Selopuro","72","2","5","0","8","0","15"
"JAWA TIMUR","BLITAR","SELOREJO","3505","BPP SELOREJO","Selorejo","77","2","4","0","11","0","17"
"JAWA TIMUR","BLITAR","SRENGAT","3505","BP3K SRENGAT","Srengat","73","4","4","0","17","0","25"
"JAWA TIMUR","BLITAR","SUTOJAYAN","3505","BPP SUTOJAYAN","Sutojayan","57","6","1","0","12","0","19"
"JAWA TIMUR","BLITAR","TALUN","3505","BPP TALUN","Talun","101","5","1","0","13","0","19"
"JAWA TIMUR","BLITAR","UDANAWU","3505","BPP UDANAWU","Udanawu","62","4","3","0","10","0","17"
"JAWA TIMUR","BLITAR","WATES","3505","BPP WATES","Wates","179","9","0","0","7","0","16"
"JAWA TIMUR","BLITAR","WLINGI","3505","BPP WLINGI","Wlingi","69","5","2","0","8","2","17"
"JAWA TIMUR","BLITAR","WONODADI","3505","BPP WONODADI","Wonodadi","78","4","4","0","9","0","17"
"JAWA TIMUR","BLITAR","WONOTIRTO","3505","BPP WONOTIRTO","Wonotirto","90","4","2","0","8","0","14"
"JAWA TIMUR","BOJONEGORO","","3522","BPP Padangan","Padangan","10","","","","","",""
"JAWA TIMUR","BOJONEGORO","BALEN","3522","BPP Balen","Balen","81","1","6","0","23","0","30"
"JAWA TIMUR","BOJONEGORO","BAURENO","3522","BPP Baureno","Baureno","93","5","4","0","25","0","34"
"JAWA TIMUR","BOJONEGORO","BOJONEGORO","3522","BPP Bojonegoro","Bojonegoro","20","1","1","1","11","0","14"
"JAWA TIMUR","BOJONEGORO","BUBULAN","3522","BPP Bubulan","Bubulan","33","1","4","0","5","0","10"
"JAWA TIMUR","BOJONEGORO","DANDER","3522","BPP Dander","Dander","88","1","9","0","8","0","18"
"JAWA TIMUR","BOJONEGORO","GAYAM","3522","BPP Gayam","Gayam","40","0","5","0","12","0","17"
"JAWA TIMUR","BOJONEGORO","GONDANG","3522","BPP Gondang","Gondang","69","2","4","0","7","0","13"
"JAWA TIMUR","BOJONEGORO","KALITIDU","3522","BPP Kalitidu","Kalitidu","64","2","7","0","18","0","27"
"JAWA TIMUR","BOJONEGORO","KANOR","3522","BPP Kanor","Kanor","71","0","7","0","22","0","29"
"JAWA TIMUR","BOJONEGORO","KAPAS","3522","BPP Kapas","Kapas","80","1","6","0","21","0","28"
"JAWA TIMUR","BOJONEGORO","KASIMAN","3522","BPP Kasiman","Kasiman","31","1","4","0","5","0","10"
"JAWA TIMUR","BOJONEGORO","KEDEWAN","3522","BPP Kedewan","Kedewan","17","0","2","0","5","0","7"
"JAWA TIMUR","BOJONEGORO","KEDUNGADEM","3522","BPP Kedungadem","Kedungadem","154","2","7","0","23","0","32"
"JAWA TIMUR","BOJONEGORO","KEPOH BARU","3522","BPP Kepoh Baru","Kepoh Baru","114","2","6","1","25","0","34"
"JAWA TIMUR","BOJONEGORO","MALO","3522","BPP Malo","Malo","72","2","5","0","20","0","27"
"JAWA TIMUR","BOJONEGORO","MARGOMULYO","3522","BPP MARGOMULYO","Margomulyo","91","1","6","0","6","0","13"
"JAWA TIMUR","BOJONEGORO","NGAMBON","3522","BPP Ngambon","Ngambon","22","0","3","0","5","0","8"
"JAWA TIMUR","BOJONEGORO","NGASEM","3522","BPP Ngasem","Ngasem","74","0","7","0","7","0","14"
"JAWA TIMUR","BOJONEGORO","NGRAHO","3522","BPP Ngraho","Ngraho","74","1","6","0","16","0","23"
"JAWA TIMUR","BOJONEGORO","PADANGAN","3522","BPP Padangan","Padangan","50","2","5","0","16","0","23"
"JAWA TIMUR","BOJONEGORO","PURWOSARI","3522","BPP Purwosari","Purwosari","46","1","5","0","12","0","18"
"JAWA TIMUR","BOJONEGORO","SEKAR","3522","BPP Sekar","Sekar","68","0","6","0","6","0","12"
"JAWA TIMUR","BOJONEGORO","SUGIHWARAS","3522","BPP Sugihwaras","Sugihwaras","66","1","7","0","17","0","25"
"JAWA TIMUR","BOJONEGORO","SUKOSEWU","3522","BPP Sukosewu","Sukosewu","57","1","6","0","14","0","21"
"JAWA TIMUR","BOJONEGORO","SUMBEREJO","3522","BPP Sumberejo","Sumberejo","116","1","6","0","26","0","33"
"JAWA TIMUR","BOJONEGORO","TAMBAKREJO","3522","BPP Tambakrejo","Tambakrejo","141","1","8","0","18","0","27"
"JAWA TIMUR","BOJONEGORO","TEMAYANG","3522","BPP Temayang","Temayang","70","3","4","0","12","0","19"
"JAWA TIMUR","BOJONEGORO","TRUCUK","3522","BPP Trucuk","Trucuk","44","1","5","0","12","0","18"
"JAWA TIMUR","BONDOWOSO","BINAKAL","3511","BPP Pakem","Pakem","106","2","0","0","8","0","10"
"JAWA TIMUR","BONDOWOSO","BONDOWOSO","3511","BPP Tangsil","Tangsil","85","1","0","4","20","0","25"
"JAWA TIMUR","BONDOWOSO","BOTOLINGGO","3511","BPP Besuk","Besuk","131","0","0","0","7","0","7"
"JAWA TIMUR","BONDOWOSO","CERMEE","3511","BPP Besuk","Besuk","239","0","0","0","15","0","15"
"JAWA TIMUR","BONDOWOSO","CURAH DAMI","3511","BPP Congkrong","Congkrong","168","1","0","1","12","0","14"
"JAWA TIMUR","BONDOWOSO","GRUJUGAN","3511","BPP Congkrong","Congkrong","171","11","15","6","11","0","43"
"JAWA TIMUR","BONDOWOSO","JAMBESARI DARUS SHOLAH","3511","BPP Maskuning","Maskuning","90","0","0","2","9","0","11"
"JAWA TIMUR","BONDOWOSO","KLABANG","3511","BPP Besuk","Besuk","137","15","11","12","11","0","49"
"JAWA TIMUR","BONDOWOSO","MAESAN","3511","BPP Congkrong","Congkrong","139","1","0","1","12","0","14"
"JAWA TIMUR","BONDOWOSO","PAKEM","3511","BPP Pakem","Pakem","137","21","4","1","8","0","34"
"JAWA TIMUR","BONDOWOSO","PRAJEKAN","3511","BPP Besuk","Besuk","134","0","0","2","7","0","9"
"JAWA TIMUR","BONDOWOSO","PUJER","3511","BPP Maskuning","Maskuning","159","18","7","4","11","0","40"
"JAWA TIMUR","BONDOWOSO","SEMPOL","3511","BPP Sumber wringin","Sumber wringin","51","0","0","4","6","0","10"
"JAWA TIMUR","BONDOWOSO","SUKOSARI","3511","BPP Sumber wringin","Sumber wringin","68","0","0","1","4","0","5"
"JAWA TIMUR","BONDOWOSO","SUMBER WRINGIN","3511","BPP Sumber wringin","Sumber wringin","128","9","2","1","6","0","18"
"JAWA TIMUR","BONDOWOSO","TAMAN KROCOK","3511","BPP Gunung Anyar","Gunung Anyar","111","0","0","0","7","0","7"
"JAWA TIMUR","BONDOWOSO","TAMANAN","3511","BPP Maskuning","Maskuning","133","2","0","1","9","0","12"
"JAWA TIMUR","BONDOWOSO","TAPEN","3511","BPP Gunung Anyar","Gunung Anyar","113","18","3","6","9","0","36"
"JAWA TIMUR","BONDOWOSO","TEGALAMPEL","3511","BPP Tangsil","Tangsil","107","0","0","1","16","0","17"
"JAWA TIMUR","BONDOWOSO","TENGGARANG","3511","BPP Tangsil","Tangsil","132","13","3","9","24","0","49"
"JAWA TIMUR","BONDOWOSO","TLOGOSARI","3511","BPP Maskuning","Maskuning","170","0","1","3","10","0","14"
"JAWA TIMUR","BONDOWOSO","WONOSARI","3511","BPP Gunung Anyar","Gunung Anyar","141","0","0","3","13","0","16"
"JAWA TIMUR","BONDOWOSO","WRINGIN","3511","BPP Pakem","Pakem","157","1","1","2","14","0","18"
"JAWA TIMUR","GRESIK","BALONGPANGGANG","3525","BPP Kecamatan Balongpanggang","Kecamatan Balongpanggang","102","0","6","0","8","0","14"
"JAWA TIMUR","GRESIK","BENJENG","3525","BPP Benjeng","Benjeng","81","1","4","0","7","0","12"
"JAWA TIMUR","GRESIK","BUNGAH","3525","BPP Bungah","Bungah","61","1","2","0","4","0","7"
"JAWA TIMUR","GRESIK","CERME","3525","BPP Cerme","Cerme","69","2","2","0","6","0","10"
"JAWA TIMUR","GRESIK","DRIYOREJO","3525","BPP Driyorejo","Driyorejo","48","1","2","0","3","0","6"
"JAWA TIMUR","GRESIK","DUDUKSAMPEYAN","3525","BPP DUDUKSAMPEYAN","Duduksampeyan","50","1","3","0","3","0","7"
"JAWA TIMUR","GRESIK","DUKUN","3525","BPP Dukun","Dukun","75","2","2","0","8","0","12"
"JAWA TIMUR","GRESIK","GRESIK","","","","","0","0","0","0","0","0"
"JAWA TIMUR","GRESIK","KEBOMAS","3525","BPP Kebomas","Kebomas","14","0","1","0","1","0","2"
"JAWA TIMUR","GRESIK","KEDAMEAN","3525","BPP Kedamean","Kedamean","64","1","3","0","5","0","9"
"JAWA TIMUR","GRESIK","MANYAR","3525","BPP Manyar","Manyar","39","1","1","0","2","0","4"
"JAWA TIMUR","GRESIK","MENGANTI","3525","BPP Menganti","Menganti","82","2","2","0","6","0","10"
"JAWA TIMUR","GRESIK","PANCENG","3525","BPP Panceng","Panceng","43","2","3","0","4","0","9"
"JAWA TIMUR","GRESIK","SANGKAPURA","3525","BPP BAWEAN","Bawean","118","0","0","0","0","0","0"
"JAWA TIMUR","GRESIK","SIDAYU","3525","BPP SIDAYU","Sidayu","63","1","2","0","4","0","7"
"JAWA TIMUR","GRESIK","TAMBAK","3525","BPP BAWEAN","Bawean","87","0","0","0","0","0","0"
"JAWA TIMUR","GRESIK","UJUNGPANGKAH","3525","BPP Ujungpangkah","Ujungpangkah","49","2","0","0","4","0","6"
"JAWA TIMUR","GRESIK","WRINGINANOM","3525","BPP Wringinanom","Wringinanom","67","2","2","0","5","0","9"
"JAWA TIMUR","JEMBER","AJUNG","3509","BP3K/UPTD PERTANIAN WILAYAH 5 AJUNG","/UPTD Pertanian Wilayah 5 Ajung","49","7","10","0","4","0","21"
"JAWA TIMUR","JEMBER","AMBULU","3509","BP3K/UPTD PERTANIAN WILAYAH 10 AMBULU","/UPTD Pertanian Wilayah 10 Ambulu","61","6","11","0","10","0","27"
"JAWA TIMUR","JEMBER","ARJASA","3509","BP3K/UPTD PERTANIAN WILAYAH 3 ARJASA","/UPTD Pertanian Wilayah 3 Arjasa","48","7","10","0","6","0","23"
"JAWA TIMUR","JEMBER","BALUNG","3509","BP3K/ UPTD PERTANIAN WILAYAH 9 BALUNG","/ Uptd Pertanian Wilayah 9 Balung","57","9","9","0","9","0","27"
"JAWA TIMUR","JEMBER","BANGSALSARI","3509","BP3K/ UPTD PERTANIAN WILAYAH 6 BANGSALSA","/ Uptd Pertanian Wilayah 6 Bangsalsa","87","7","8","0","4","0","19"
"JAWA TIMUR","JEMBER","GUMUK MAS","3509","BP3K/UPTD PERTANIAN WILAYAH 8 GUMUKMAS","/UPTD Pertanian Wilayah 8 Gumukmas","62","1","15","0","12","0","28"
"JAWA TIMUR","JEMBER","JELBUK","3509","BP3K/UPTD PERTANIAN WILAYAH 3 ARJASA","/UPTD Pertanian Wilayah 3 Arjasa","49","0","0","0","0","0","0"
"JAWA TIMUR","JEMBER","JENGGAWAH","3509","BP3K/UPTD PERTANIAN WILAYAH 5 AJUNG","/UPTD Pertanian Wilayah 5 Ajung","50","0","0","0","0","0","0"
"JAWA TIMUR","JEMBER","JOMBANG","3509","BP3K/UPTD PERTANIAN WILAYAH 8 GUMUKMAS","/UPTD Pertanian Wilayah 8 Gumukmas","47","0","0","0","0","0","0"
"JAWA TIMUR","JEMBER","KALISAT","3509","BPP SUMBERJAMBE","Sumberjambe","65","0","1","0","0","0","1"
"JAWA TIMUR","JEMBER","KALIWATES","3509","BP3K/UPTD PERTANIAN WILAYAH 4 SUMBERSARI","/UPTD Pertanian Wilayah 4 Sumbersari","18","0","1","0","0","0","1"
"JAWA TIMUR","JEMBER","KENCONG","3509","BP3K/UPTD PERTANIAN WILAYAH 8 GUMUKMAS","/UPTD Pertanian Wilayah 8 Gumukmas","49","0","1","0","0","0","1"
"JAWA TIMUR","JEMBER","LEDOKOMBO","3509","BP3K/ UPTD PERTANIAN WILAYAH 1 SILO","/ Uptd Pertanian Wilayah 1 Silo","65","0","0","0","0","0","0"
"JAWA TIMUR","JEMBER","MAYANG","3509","BP3K/ UPTD PERTANIAN WILAYAH 1 SILO","/ Uptd Pertanian Wilayah 1 Silo","47","0","0","0","0","0","0"
"JAWA TIMUR","JEMBER","MUMBULSARI","3509","BP3K/UPTD PERTANIAN WILAYAH 5 AJUNG","/UPTD Pertanian Wilayah 5 Ajung","48","0","0","0","0","0","0"
"JAWA TIMUR","JEMBER","PAKUSARI","3509","BP3K/UPTD PERTANIAN WILAYAH 3 ARJASA","/UPTD Pertanian Wilayah 3 Arjasa","45","0","0","0","0","0","0"
"JAWA TIMUR","JEMBER","PANTI","3509","BP3K/ UPTD PERTANIAN WILAYAH 6 BANGSALSA","/ Uptd Pertanian Wilayah 6 Bangsalsa","54","0","0","0","0","0","0"
"JAWA TIMUR","JEMBER","PATRANG","3509","BP3K/UPTD PERTANIAN WILAYAH 4 SUMBERSARI","/UPTD Pertanian Wilayah 4 Sumbersari","42","0","0","0","0","0","0"
"JAWA TIMUR","JEMBER","PUGER","3509","BP3K/ UPTD PERTANIAN WILAYAH 9 BALUNG","/ Uptd Pertanian Wilayah 9 Balung","67","0","1","0","0","0","1"
"JAWA TIMUR","JEMBER","RAMBIPUJI","3509","BP3K/ UPTD PERTANIAN WILAYAH 9 BALUNG","/ Uptd Pertanian Wilayah 9 Balung","51","0","1","0","0","0","1"
"JAWA TIMUR","JEMBER","SEMBORO","3509","BP3K/ UPTD PERTANIAN WILAYAH 7 TANGGUL","/ Uptd Pertanian Wilayah 7 Tanggul","63","0","1","0","0","0","1"
"JAWA TIMUR","JEMBER","SILO","3509","BP3K/ UPTD PERTANIAN WILAYAH 1 SILO","/ Uptd Pertanian Wilayah 1 Silo","65","10","8","0","1","0","19"
"JAWA TIMUR","JEMBER","SUKORAMBI","3509","BP3K/ UPTD PERTANIAN WILAYAH 6 BANGSALSA","/ Uptd Pertanian Wilayah 6 Bangsalsa","34","0","0","0","0","0","0"
"JAWA TIMUR","JEMBER","SUKOWONO","3509","BPP SUMBERJAMBE","Sumberjambe","66","0","1","0","0","0","1"
"JAWA TIMUR","JEMBER","SUMBER BARU","3509","BP3K/ UPTD PERTANIAN WILAYAH 7 TANGGUL","/ Uptd Pertanian Wilayah 7 Tanggul","70","0","1","0","0","0","1"
"JAWA TIMUR","JEMBER","SUMBERJAMBE","3509","BPP SUMBERJAMBE","Sumberjambe","66","11","9","0","3","0","23"
"JAWA TIMUR","JEMBER","SUMBERSARI","3509","BP3K/UPTD PERTANIAN WILAYAH 4 SUMBERSARI","/UPTD Pertanian Wilayah 4 Sumbersari","47","12","1","0","8","0","21"
"JAWA TIMUR","JEMBER","TANGGUL","3509","BP3K/ UPTD PERTANIAN WILAYAH 7 TANGGUL","/ Uptd Pertanian Wilayah 7 Tanggul","85","5","6","0","2","0","13"
"JAWA TIMUR","JEMBER","TEMPUREJO","3509","BP3K/UPTD PERTANIAN WILAYAH 10 AMBULU","/UPTD Pertanian Wilayah 10 Ambulu","61","0","0","0","0","0","0"
"JAWA TIMUR","JEMBER","UMBULSARI","3509","BP3K/UPTD PERTANIAN WILAYAH 8 GUMUKMAS","/UPTD Pertanian Wilayah 8 Gumukmas","81","1","0","0","0","0","1"
"JAWA TIMUR","JEMBER","WULUHAN","3509","BP3K/UPTD PERTANIAN WILAYAH 10 AMBULU","/UPTD Pertanian Wilayah 10 Ambulu","63","0","0","0","0","0","0"
"JAWA TIMUR","JOMBANG","BANDAR KEDUNG MULYO","3517","BPP Bandarkedungmulyo","Bandarkedungmulyo","68","3","2","0","11","0","16"
"JAWA TIMUR","JOMBANG","BARENG","3517","BPP Bareng","Bareng","84","3","2","0","13","0","18"
"JAWA TIMUR","JOMBANG","DIWEK","3517","BPP Diwek","Diwek","98","4","4","0","20","0","28"
"JAWA TIMUR","JOMBANG","GUDO","3517","BPP Gudo","Gudo","86","2","3","0","19","0","24"
"JAWA TIMUR","JOMBANG","JOGO ROTO","3517","BPP Jogoroto","Jogoroto","58","4","3","0","11","0","18"
"JAWA TIMUR","JOMBANG","JOMBANG","3517","BPP Jombang","Jombang","52","4","2","0","18","0","24"
"JAWA TIMUR","JOMBANG","KABUH","3517","BPP Kabuh","Kabuh","81","0","5","0","17","0","22"
"JAWA TIMUR","JOMBANG","KESAMBEN","3517","BPP Kesamben","Kesamben","95","1","4","0","13","0","18"
"JAWA TIMUR","JOMBANG","KUDU","3517","BPP Kudu","Kudu","60","1","3","0","11","0","15"
"JAWA TIMUR","JOMBANG","MEGALUH","3517","BPP Megaluh","Megaluh","49","2","3","0","13","0","18"
"JAWA TIMUR","JOMBANG","MOJOAGUNG","3517","BPP Mojoagung","Mojoagung","61","5","2","0","18","0","25"
"JAWA TIMUR","JOMBANG","MOJOWARNO","3517","BPP Mojowarno","Mojowarno","83","3","5","0","19","0","27"
"JAWA TIMUR","JOMBANG","NGORO","3517","BPP Ngoro","Ngoro","91","5","2","0","13","0","20"
"JAWA TIMUR","JOMBANG","NGUSIKAN","3517","BPP Ngusikan","Ngusikan","36","4","2","0","11","0","17"
"JAWA TIMUR","JOMBANG","PERAK","3517","BPP Perak","Perak","59","3","2","0","13","0","18"
"JAWA TIMUR","JOMBANG","PETERONGAN","3517","BPP PETERONGAN","Peterongan","54","2","4","0","15","0","21"
"JAWA TIMUR","JOMBANG","PLANDAAN","3517","BPP Plandaan","Plandaan","79","1","4","0","12","0","17"
"JAWA TIMUR","JOMBANG","PLOSO","3517","BPP Ploso","Ploso","56","2","2","0","13","0","17"
"JAWA TIMUR","JOMBANG","SUMOBITO","3517","BPP Sumobito","Sumobito","99","1","7","0","21","0","29"
"JAWA TIMUR","JOMBANG","TEMBELANG","3517","BPP Tembelang","Tembelang","71","2","3","0","15","0","20"
"JAWA TIMUR","JOMBANG","WONOSALAM","3517","BPP Wonosalam","Wonosalam","69","1","4","0","9","0","14"
"JAWA TIMUR","KEDIRI","BADAS","3506","BPP BADAS","Badas","49","3","5","0","10","0","18"
"JAWA TIMUR","KEDIRI","BANYAKAN","3506","BPP BANYAKAN","Banyakan","56","6","1","0","5","0","12"
"JAWA TIMUR","KEDIRI","GAMPENGREJO","3506","BPP GAMPENGREJO","Gampengrejo","29","2","3","0","4","0","9"
"JAWA TIMUR","KEDIRI","GROGOL","3506","BPP KEC. GROGOL","Kec. Grogol","48","4","2","0","9","0","15"
"JAWA TIMUR","KEDIRI","GURAH","3506","BPP GURAH","Gurah","67","4","1","0","7","0","12"
"JAWA TIMUR","KEDIRI","KANDANGAN","3506","BPP KANDANGAN","Kandangan","62","2","5","0","6","0","13"
"JAWA TIMUR","KEDIRI","KANDAT","3506","BPP KANDAT","Kandat","55","1","5","0","5","0","11"
"JAWA TIMUR","KEDIRI","KAYEN KIDUL","3506","BPP KAYEN KIDUL","Kayen Kidul","71","2","3","0","5","0","10"
"JAWA TIMUR","KEDIRI","KEPUNG","3506","BPP KEPUNG","Kepung","82","1","6","0","11","0","18"
"JAWA TIMUR","KEDIRI","KRAS","3506","BPP KRAS","Kras","70","2","3","0","8","0","13"
"JAWA TIMUR","KEDIRI","KUNJANG","3506","BPP KUNJANG","Kunjang","58","4","2","0","7","0","13"
"JAWA TIMUR","KEDIRI","MOJO","3506","BPP MOJO","Mojo","123","3","4","0","11","0","18"
"JAWA TIMUR","KEDIRI","NGADILUWIH","3506","BPP NGADILUWIH","Ngadiluwih","61","4","2","0","12","0","18"
"JAWA TIMUR","KEDIRI","NGANCAR","3506","BPP NGANCAR","Ngancar","62","1","4","0","10","0","15"
"JAWA TIMUR","KEDIRI","NGASEM","3506","BPP NGASEM","Ngasem","45","3","2","0","6","0","11"
"JAWA TIMUR","KEDIRI","PAGU","3506","BPP PAGU","Pagu","44","5","0","0","5","0","10"
"JAWA TIMUR","KEDIRI","PAPAR","3506","BPP PAPAR","Papar","77","2","5","0","6","0","13"
"JAWA TIMUR","KEDIRI","PARE","3506","BPP PARE","Pare","57","2","3","0","11","0","16"
"JAWA TIMUR","KEDIRI","PLEMAHAN","3506","BPP PLEMAHAN","Plemahan","96","2","7","0","7","0","16"
"JAWA TIMUR","KEDIRI","PLOSOKLATEN","3506","BPP PLOSOKLATEN","Plosoklaten","63","2","4","0","8","0","14"
"JAWA TIMUR","KEDIRI","PUNCU","3506","BPP PUNCU","Puncu","51","2","4","0","7","0","13"
"JAWA TIMUR","KEDIRI","PURWOASRI","3506","BPP PURWOASRI","Purwoasri","91","2","5","0","11","0","18"
"JAWA TIMUR","KEDIRI","RINGINREJO","3506","BPP RINGINREJO","Ringinrejo","51","4","1","0","7","0","12"
"JAWA TIMUR","KEDIRI","SEMEN","3506","BPP SEMEN","Semen","79","5","0","0","4","0","9"
"JAWA TIMUR","KEDIRI","TAROKAN","3506","BPP TAROKAN","Tarokan","51","3","2","0","6","0","11"
"JAWA TIMUR","KEDIRI","WATES","3506","BPP WATES","Wates","82","4","3","0","7","0","14"
"JAWA TIMUR","KOTA BATU","BATU","3579","BP3K Batu","Batu","66","5","3","0","1","0","9"
"JAWA TIMUR","KOTA BATU","BUMIAJI","3579","BPP Kecamatan Bumiaji","Kecamatan Bumiaji","146","8","1","0","4","0","13"
"JAWA TIMUR","KOTA BATU","JUNREJO","3579","BP3K Junrejo","Junrejo","72","5","2","0","3","0","10"
"JAWA TIMUR","KOTA BLITAR","KEPANJENKIDUL","3572","BPP Kepanjen Kidul","Kepanjen Kidul","66","4","2","0","0","0","6"
"JAWA TIMUR","KOTA BLITAR","SANANWETAN","3572","BPP Sananwetan","Sananwetan","72","3","2","0","0","0","5"
"JAWA TIMUR","KOTA BLITAR","SUKOREJO","3572","BPP Sukorejo","Sukorejo","52","4","2","0","0","0","6"
"JAWA TIMUR","KOTA KEDIRI","KOTA KEDIRI","3571","BPP KOTA","Kota","18","3","3","0","6","0","12"
"JAWA TIMUR","KOTA KEDIRI","MOJOROTO","3571","BPP MOJOROTO","Mojoroto","33","2","6","0","7","0","15"
"JAWA TIMUR","KOTA KEDIRI","PESANTREN","3571","BPP PESANTREN","Pesantren","35","2","5","0","6","0","13"
"JAWA TIMUR","KOTA MADIUN","KARTOHARJO","","","","","1","0","0","0","0","1"
"JAWA TIMUR","KOTA MADIUN","MANGU HARJO","","","","","0","0","0","0","0","0"
"JAWA TIMUR","KOTA MADIUN","TAMAN","","","","","0","0","0","0","0","0"
"JAWA TIMUR","KOTA MALANG","BLIMBING","3573","BPP Kecamatan Blimbing","Kecamatan Blimbing","33","4","1","0","0","0","5"
"JAWA TIMUR","KOTA MALANG","KEDUNGKANDANG","3573","BPP Kecamatan Kedungkandang","Kecamatan Kedungkandang","51","2","4","0","1","0","7"
"JAWA TIMUR","KOTA MALANG","KLOJEN","3573","BPP Kecamatan Klojen","Kecamatan Klojen","31","3","0","0","0","0","3"
"JAWA TIMUR","KOTA MALANG","LOWOKWARU","3573","BPP Kecamatan Lowokwaru","Kecamatan Lowokwaru","36","4","2","0","0","0","6"
"JAWA TIMUR","KOTA MALANG","SUKUN","3573","BPP Kecamatan Sukun","Kecamatan Sukun","36","3","2","0","0","0","5"
"JAWA TIMUR","KOTA MOJOKERTO","KRANGGAN","3576","BPP Kranggan","Kranggan","19","4","0","0","0","0","4"
"JAWA TIMUR","KOTA MOJOKERTO","MAGERSARI","3576","BPP Magersari","Magersari","24","4","0","0","1","0","5"
"JAWA TIMUR","KOTA MOJOKERTO","PRAJURIT KULON","3576","BPP Prajurit Kulon","Prajurit Kulon","34","3","0","1","1","0","5"
"JAWA TIMUR","KOTA PASURUAN","BUGULKIDUL","3575","BPP Bugul Kidul","Bugul Kidul","13","2","4","0","0","0","6"
"JAWA TIMUR","KOTA PASURUAN","GADINGREJO","3575","BPP Gadingrejo","Gadingrejo","12","2","3","0","0","0","5"
"JAWA TIMUR","KOTA PASURUAN","PANGGUNGREJO","3575","BPP Panggungrejo Kota Pasuruan","Panggungrejo Kota Pasuruan","4","1","3","0","0","0","4"
"JAWA TIMUR","KOTA PASURUAN","PURWOREJO","3575","BPP Purworejo","Purworejo","13","2","3","0","0","0","5"
"JAWA TIMUR","KOTA PROBOLINGGO","KADEMANGAN","3574","BPP Kademangan","Kademangan","40","3","0","0","6","2","11"
"JAWA TIMUR","KOTA PROBOLINGGO","KANIGARAN","3574","BPP Kanigaran","Kanigaran","20","2","0","0","5","1","8"
"JAWA TIMUR","KOTA PROBOLINGGO","KEDOPOK","3574","BPP Kedopok","Kedopok","43","2","1","0","6","0","9"
"JAWA TIMUR","KOTA PROBOLINGGO","MAYANGAN","3574","BPP Mayangan","Mayangan","18","1","1","0","5","0","7"
"JAWA TIMUR","KOTA PROBOLINGGO","WONOASIH","3574","BPP Wonoasih","Wonoasih","33","1","1","0","6","2","10"
"JAWA TIMUR","KOTA SURABAYA","ASEMROWO","","","","","0","0","0","0","0","0"
"JAWA TIMUR","KOTA SURABAYA","BENOWO","","","","","0","0","0","0","0","0"
"JAWA TIMUR","KOTA SURABAYA","BUBUTAN","3578","KRPL DAN HIDROPONIK","Krpl DAN Hidroponik","4","0","0","1","0","0","1"
"JAWA TIMUR","KOTA SURABAYA","BULAK","","","","","0","0","0","0","0","0"
"JAWA TIMUR","KOTA SURABAYA","DUKUH PAKIS","","","","","0","0","0","0","0","0"
"JAWA TIMUR","KOTA SURABAYA","GAYUNGAN","","","","","0","0","1","0","0","1"
"JAWA TIMUR","KOTA SURABAYA","GENTENG","","","","","0","0","0","0","0","0"
"JAWA TIMUR","KOTA SURABAYA","GUBENG","","","","","0","0","0","0","0","0"
"JAWA TIMUR","KOTA SURABAYA","GUNUNG ANYAR","","","","","0","0","0","0","0","0"
"JAWA TIMUR","KOTA SURABAYA","JAMBANGAN","3578","KRPL DAN HIDROPONIK","Krpl DAN Hidroponik","9","1","0","14","0","0","15"
"JAWA TIMUR","KOTA SURABAYA","KARANG PILANG","","","","","0","0","0","0","0","0"
"JAWA TIMUR","KOTA SURABAYA","KENJERAN","","","","","0","0","1","0","0","1"
"JAWA TIMUR","KOTA SURABAYA","KREMBANGAN","","","","","0","1","0","0","0","1"
"JAWA TIMUR","KOTA SURABAYA","LAKARSANTRI","","","","","0","0","0","0","0","0"
"JAWA TIMUR","KOTA SURABAYA","MULYOREJO","","","","","0","0","0","0","0","0"
"JAWA TIMUR","KOTA SURABAYA","PABEAN CANTIAN","","","","","0","0","0","0","0","0"
"JAWA TIMUR","KOTA SURABAYA","PAKAL","","","","","0","0","1","0","0","1"
"JAWA TIMUR","KOTA SURABAYA","RUNGKUT","","","","","1","1","0","0","0","2"
"JAWA TIMUR","KOTA SURABAYA","SAMBIKEREP","","","","","0","0","0","0","0","0"
"JAWA TIMUR","KOTA SURABAYA","SAWAHAN","","","","","0","1","0","0","0","1"
"JAWA TIMUR","KOTA SURABAYA","SEMAMPIR","","","","","0","1","0","0","0","1"
"JAWA TIMUR","KOTA SURABAYA","SIMOKERTO","3578","KRPL DAN HIDROPONIK","Krpl DAN Hidroponik","7","0","0","0","0","0","0"
"JAWA TIMUR","KOTA SURABAYA","SUKO MANUNGGAL","3578","KRPL DAN HIDROPONIK","Krpl DAN Hidroponik","6","0","0","0","0","0","0"
"JAWA TIMUR","KOTA SURABAYA","SUKOLILO","","","","","0","1","1","0","0","2"
"JAWA TIMUR","KOTA SURABAYA","TAMBAKSARI","","","","","0","1","0","0","0","1"
"JAWA TIMUR","KOTA SURABAYA","TANDES","3578","KRPL DAN HIDROPONIK","Krpl DAN Hidroponik","6","0","0","0","0","0","0"
"JAWA TIMUR","KOTA SURABAYA","TEGALSARI","","","","","0","0","0","0","0","0"
"JAWA TIMUR","KOTA SURABAYA","TENGGILIS MEJOYO","","","","","0","0","0","0","0","0"
"JAWA TIMUR","KOTA SURABAYA","WIYUNG","","","","","0","0","0","0","0","0"
"JAWA TIMUR","KOTA SURABAYA","WONOCOLO","3578","KRPL DAN HIDROPONIK","Krpl DAN Hidroponik","10","0","1","0","0","0","1"
"JAWA TIMUR","KOTA SURABAYA","WONOKROMO","","","","","0","0","0","0","0","0"
"JAWA TIMUR","LAMONGAN","BABAT","3524","BPP Babat","Babat","70","2","5","0","0","0","7"
"JAWA TIMUR","LAMONGAN","BLULUK","3524","BPP Bluluk","Bluluk","50","0","3","0","0","0","3"
"JAWA TIMUR","LAMONGAN","BRONDONG","3524","BPP Brondong","Brondong","77","2","1","0","4","0","7"
"JAWA TIMUR","LAMONGAN","DEKET","3524","BPP Deket","Deket","51","2","3","0","0","0","5"
"JAWA TIMUR","LAMONGAN","GLAGAH","3524","BPP Glagah","Glagah","84","2","1","0","0","0","3"
"JAWA TIMUR","LAMONGAN","KALITENGAH","3524","BPP Kalitengah","Kalitengah","70","2","2","0","0","0","4"
"JAWA TIMUR","LAMONGAN","KARANG GENENG","3524","BPP Karanggeneng","Karanggeneng","69","2","1","0","14","0","17"
"JAWA TIMUR","LAMONGAN","KARANGBINANGUN","3524","BPP Karangbinangun","Karangbinangun","52","1","2","0","2","0","5"
"JAWA TIMUR","LAMONGAN","KEDUNGPRING","3524","BPP Kedungpring","Kedungpring","127","0","8","0","13","0","21"
"JAWA TIMUR","LAMONGAN","KEMBANGBAHU","3524","BPP Kembangbahu","Kembangbahu","102","0","7","0","10","0","17"
"JAWA TIMUR","LAMONGAN","LAMONGAN","3524","BPP Lamongan","Lamongan","53","7","2","0","3","0","12"
"JAWA TIMUR","LAMONGAN","LAREN","3524","BPP Laren","Laren","66","1","3","0","7","0","11"
"JAWA TIMUR","LAMONGAN","MADURAN","3524","BPP Maduran","Maduran","74","1","3","0","0","0","4"
"JAWA TIMUR","LAMONGAN","MANTUP","3524","BPP Mantup","Mantup","130","4","3","0","15","0","22"
"JAWA TIMUR","LAMONGAN","MODO","3524","BPP Modo","Modo","84","1","9","0","17","0","27"
"JAWA TIMUR","LAMONGAN","NGIMBANG","3524","BPP Ngimbang","Ngimbang","108","0","7","0","10","0","17"
"JAWA TIMUR","LAMONGAN","PACIRAN","3524","BPP Paciran","Paciran","43","2","1","0","3","0","6"
"JAWA TIMUR","LAMONGAN","PUCUK","3524","BPP Pucuk","Pucuk","67","1","4","1","0","0","6"
"JAWA TIMUR","LAMONGAN","SAMBENG","3524","BPP Sambeng","Sambeng","173","1","7","0","0","0","8"
"JAWA TIMUR","LAMONGAN","SARIREJO","3524","BPP Sarirejo","Sarirejo","57","2","2","0","9","0","13"
"JAWA TIMUR","LAMONGAN","SEKARAN","3524","BPP Sekaran","Sekaran","57","2","3","0","2","0","7"
"JAWA TIMUR","LAMONGAN","SOLOKURO","3524","BPP Solokuro","Solokuro","71","1","3","0","2","0","6"
"JAWA TIMUR","LAMONGAN","SUGIO","3524","BPP Sugio","Sugio","104","3","6","0","4","0","13"
"JAWA TIMUR","LAMONGAN","SUKODADI","3524","BPP Sukodadi","Sukodadi","90","4","3","0","6","0","13"
"JAWA TIMUR","LAMONGAN","SUKORAME","3524","BPP Kecamatan Sukorame","Kecamatan Sukorame","67","2","2","0","2","0","6"
"JAWA TIMUR","LAMONGAN","TIKUNG","3524","BPP Tikung","Tikung","88","4","1","0","11","0","16"
"JAWA TIMUR","LAMONGAN","TURI","3524","BPP Turi","Turi","73","3","1","0","4","0","8"
"JAWA TIMUR","LUMAJANG","CANDIPURO","3508","BPP CANDIPURO","Candipuro","66","2","5","0","10","0","17"
"JAWA TIMUR","LUMAJANG","GUCIALIT","3508","BPP GUCIALIT","Gucialit","43","2","4","0","9","0","15"
"JAWA TIMUR","LUMAJANG","JATIROTO","3508","BPP JATIROTO","Jatiroto","43","3","1","0","6","0","10"
"JAWA TIMUR","LUMAJANG","KEDUNGJAJANG","3508","BPP KEDUNGJAJANG","Kedungjajang","50","2","5","0","12","0","19"
"JAWA TIMUR","LUMAJANG","KLAKAH","3508","BPP KLAKAH","Klakah","50","2","6","0","13","0","21"
"JAWA TIMUR","LUMAJANG","KUNIR","3508","BPP KUNIR","Kunir","55","3","4","0","11","0","18"
"JAWA TIMUR","LUMAJANG","LUMAJANG","3508","BPP LUMAJANG","Lumajang","43","3","2","0","12","0","17"
"JAWA TIMUR","LUMAJANG","PADANG","3508","BPP PADANG","Padang","40","1","4","0","9","0","14"
"JAWA TIMUR","LUMAJANG","PASIRIAN","3508","BPP PASIRIAN","Pasirian","62","2","5","0","11","0","18"
"JAWA TIMUR","LUMAJANG","PASRUJAMBE","3508","BPP PASRUJAMBE","Pasrujambe","57","2","3","0","7","0","12"
"JAWA TIMUR","LUMAJANG","PRONOJIWO","3508","BPP PRONOJIWO","Pronojiwo","46","2","2","0","6","0","10"
"JAWA TIMUR","LUMAJANG","RANDUAGUNG","3508","BPP RANDUAGUNG","Randuagung","61","2","4","0","13","0","19"
"JAWA TIMUR","LUMAJANG","RANUYOSO","3508","BPP RANUYOSO","Ranuyoso","57","1","2","0","11","0","14"
"JAWA TIMUR","LUMAJANG","ROWOKANGKUNG","3508","BPP ROWOKANGKUNG","Rowokangkung","61","2","3","0","9","0","14"
"JAWA TIMUR","LUMAJANG","SENDURO","3508","BPP SENDURO","Senduro","82","2","3","0","16","0","21"
"JAWA TIMUR","LUMAJANG","SUKODONO","3508","BPP SUKODONO","Sukodono","49","4","2","0","12","0","18"
"JAWA TIMUR","LUMAJANG","SUMBERSUKO","3508","BPP SUMBERSUKO","Sumbersuko","52","2","3","0","9","0","14"
"JAWA TIMUR","LUMAJANG","TEKUNG","3508","BPP TEKUNG","Tekung","46","3","3","0","12","0","18"
"JAWA TIMUR","LUMAJANG","TEMPEH","3508","BPP TEMPEH","Tempeh","69","3","4","0","13","0","20"
"JAWA TIMUR","LUMAJANG","TEMPURSARI","3508","BPP TEMPURSARI","Tempursari","48","1","5","0","7","0","13"
"JAWA TIMUR","LUMAJANG","YOSOWILANGUN","3508","BPP YOSOWILANGUN","Yosowilangun","76","2","6","0","12","0","20"
"JAWA TIMUR","MADIUN","BALEREJO","3519","BPP Balerejo","Balerejo","111","2","5","0","18","0","25"
"JAWA TIMUR","MADIUN","DAGANGAN","3519","BPP Dagangan","Dagangan","116","2","4","0","17","0","23"
"JAWA TIMUR","MADIUN","DOLOPO","3519","BPP DOLOPO","Dolopo","134","3","4","0","12","0","19"
"JAWA TIMUR","MADIUN","GEGER","3519","BPP Geger","Geger","124","2","4","0","19","0","25"
"JAWA TIMUR","MADIUN","GEMARANG","3519","BPP Gemarang","Gemarang","70","2","3","0","9","0","14"
"JAWA TIMUR","MADIUN","JIWAN","3519","BPP Jiwan","Jiwan","110","3","3","0","14","0","20"
"JAWA TIMUR","MADIUN","KARE","3519","BPP KARE","Kare","118","4","3","0","7","0","14"
"JAWA TIMUR","MADIUN","KEBONSARI","3519","BPP Kebonsari","Kebonsari","156","2","6","0","14","0","22"
"JAWA TIMUR","MADIUN","MADIUN","3519","BPP Madiun","Madiun","97","2","4","0","13","0","19"
"JAWA TIMUR","MADIUN","MEJAYAN","3519","BPP MEJAYAN","Mejayan","122","4","1","0","14","0","19"
"JAWA TIMUR","MADIUN","PILANGKENCENG","3519","BPP Pilangkenceng","Pilangkenceng","193","0","7","0","18","0","25"
"JAWA TIMUR","MADIUN","SARADAN","3519","BPP Saradan","Saradan","132","4","2","0","15","0","21"
"JAWA TIMUR","MADIUN","SAWAHAN","3519","BPP SAWAHAN","Sawahan","110","3","3","0","13","0","19"
"JAWA TIMUR","MADIUN","WONOASRI","3519","BPP Wonoasri","Wonoasri","73","2","2","0","8","0","12"
"JAWA TIMUR","MADIUN","WUNGU","3519","BPP Wungu","Wungu","94","2","5","0","14","0","21"
"JAWA TIMUR","MAGETAN","BARAT","3520","BPP Barat","Barat","50","2","2","0","5","0","9"
"JAWA TIMUR","MAGETAN","BENDO","3520","BPP Bendo","Bendo","55","2","4","0","6","0","12"
"JAWA TIMUR","MAGETAN","KARANGREJO","3520","BPP Karangrejo","Karangrejo","45","3","2","0","4","0","9"
"JAWA TIMUR","MAGETAN","KARAS","3520","BPP Karas","Karas","54","2","5","0","5","0","12"
"JAWA TIMUR","MAGETAN","KARTOHARJO","3520","BPP Kartoharjo","Kartoharjo","45","1","4","0","5","0","10"
"JAWA TIMUR","MAGETAN","KAWEDANAN","3520","BPP Kawedanan","Kawedanan","77","2","5","0","8","0","15"
"JAWA TIMUR","MAGETAN","LEMBEYAN","3520","BPP Lembeyan","Lembeyan","105","2","4","0","5","0","11"
"JAWA TIMUR","MAGETAN","MAGETAN","3520","BPP Magetan","Magetan","52","1","3","0","5","0","9"
"JAWA TIMUR","MAGETAN","MAOSPATI","3520","BPP Maospati","Maospati","50","3","4","0","6","0","13"
"JAWA TIMUR","MAGETAN","NGARIBOYO","3520","BPP Ngariboyo","Ngariboyo","70","1","6","1","5","0","13"
"JAWA TIMUR","MAGETAN","NGUNTORONADI","3520","BPP Nguntoronadi","Nguntoronadi","49","1","3","0","6","0","10"
"JAWA TIMUR","MAGETAN","PANEKAN","3520","BPP Panekan","Panekan","139","1","6","0","4","0","11"
"JAWA TIMUR","MAGETAN","PARANG","3520","BPP Parang","Parang","120","3","3","0","3","0","9"
"JAWA TIMUR","MAGETAN","PLAOSAN","3520","BPP Plaosan","Plaosan","114","3","5","0","7","0","15"
"JAWA TIMUR","MAGETAN","PONCOL","3520","BPP Poncol","Poncol","69","2","2","0","3","0","7"
"JAWA TIMUR","MAGETAN","SIDOREJO","3520","BPP Sidorejo","Sidorejo","95","2","3","0","4","0","9"
"JAWA TIMUR","MAGETAN","SUKOMORO","3520","BPP Sukomoro","Sukomoro","62","3","4","0","7","0","14"
"JAWA TIMUR","MAGETAN","TAKERAN","3520","BPP Takeran","Takeran","44","1","3","0","4","0","8"
"JAWA TIMUR","MALANG","","3507","BPP KALIPARE","Kalipare","10","","","","","",""
"JAWA TIMUR","MALANG","AMPELGADING","3507","BPP AMPELGADING","Ampelgading","56","2","3","0","6","0","11"
"JAWA TIMUR","MALANG","BANTUR","3507","BPP BANTUR","Bantur","95","1","5","0","1","0","7"
"JAWA TIMUR","MALANG","BULULAWANG","3507","BPP BULULAWANG","Bululawang","64","3","3","0","9","0","15"
"JAWA TIMUR","MALANG","DAMPIT","3507","BPP DAMPIT","Dampit","66","1","4","0","8","1","14"
"JAWA TIMUR","MALANG","DAU","3507","BPP DAU","DAU","34","1","3","0","1","0","5"
"JAWA TIMUR","MALANG","DONOMULYO","3507","BPP DONOMULYO","Donomulyo","121","2","3","0","10","0","15"
"JAWA TIMUR","MALANG","GEDANGAN","3507","BPP KECAMATAN GEDANGAN","Kecamatan Gedangan","90","1","4","0","7","0","12"
"JAWA TIMUR","MALANG","GONDANGLEGI","3507","BPP GONDANGLEGI","Gondanglegi","56","3","5","0","13","0","21"
"JAWA TIMUR","MALANG","JABUNG","3507","BPP JABUNG","Jabung","75","3","2","0","8","0","13"
"JAWA TIMUR","MALANG","KALIPARE","3507","BPP KALIPARE","Kalipare","68","3","5","0","16","0","24"
"JAWA TIMUR","MALANG","KARANGPLOSO","3507","BPP KARANGPLOSO","Karangploso","63","3","3","0","9","0","15"
"JAWA TIMUR","MALANG","KASEMBON","3507","BPP KASEMBON","Kasembon","39","0","3","0","7","0","10"
"JAWA TIMUR","MALANG","KEPANJEN","3507","BPP KEPANJEN","Kepanjen","58","1","5","0","12","0","18"
"JAWA TIMUR","MALANG","KROMENGAN","3507","BPP KROMENGAN","Kromengan","38","1","3","0","5","0","9"
"JAWA TIMUR","MALANG","LAWANG","3507","BPP LAWANG","Lawang","42","2","2","0","18","0","22"
"JAWA TIMUR","MALANG","NGAJUM","3507","BPP KECAMATAN NGAJUM","Kecamatan Ngajum","59","1","4","0","9","0","14"
"JAWA TIMUR","MALANG","NGANTANG","3507","BPP Ngantang","Ngantang","68","4","1","0","18","2","25"
"JAWA TIMUR","MALANG","PAGAK","3507","BPP PAGAK","Pagak","40","2","1","0","3","0","6"
"JAWA TIMUR","MALANG","PAGELARAN","3507","BPP PAGELARAN","Pagelaran","55","1","3","0","20","2","26"
"JAWA TIMUR","MALANG","PAKIS","3507","BPP PAKIS","Pakis","57","4","2","0","15","0","21"
"JAWA TIMUR","MALANG","PAKISAJI","3507","BPP PAKISAJI","Pakisaji","39","1","4","0","20","0","25"
"JAWA TIMUR","MALANG","PONCOKUSUMO","3507","BPP PONCOKUSUMO","Poncokusumo","60","5","2","0","13","0","20"
"JAWA TIMUR","MALANG","PUJON","3507","BPP PUJON","Pujon","64","4","2","0","12","0","18"
"JAWA TIMUR","MALANG","SINGOSARI","3507","BPP SINGOSARI","Singosari","100","3","4","0","12","0","19"
"JAWA TIMUR","MALANG","SUMBER PUCUNG","3507","BPP KECAMATAN SUMBERPUCUNG","Kecamatan Sumberpucung","50","2","2","0","9","0","13"
"JAWA TIMUR","MALANG","SUMBERMANJING","3507","BPP SUMBERMANJING WETAN","Sumbermanjing Wetan","84","2","4","0","18","0","24"
"JAWA TIMUR","MALANG","TAJINAN","3507","BPP TAJINAN","Tajinan","52","2","4","0","6","0","12"
"JAWA TIMUR","MALANG","TIRTO YUDO","3507","BPP TIRTOYUDO","Tirtoyudo","57","3","2","0","16","0","21"
"JAWA TIMUR","MALANG","TUMPANG","3507","BPP TUMPANG","Tumpang","60","1","4","0","19","0","24"
"JAWA TIMUR","MALANG","TUREN","3507","BPP TUREN","Turen","56","2","6","1","1","0","10"
"JAWA TIMUR","MALANG","WAGIR","3507","BPP WAGIR","Wagir","71","1","4","0","0","0","5"
"JAWA TIMUR","MALANG","WAJAK","3507","BPP WAJAK","Wajak","53","4","0","0","1","0","5"
"JAWA TIMUR","MALANG","WONOSARI","3507","BPP WONOSARI","Wonosari","64","1","4","0","7","0","12"
"JAWA TIMUR","MOJOKERTO","BANGSAL","3516","BPP BANGSAL","Bangsal","50","3","7","0","1","0","11"
"JAWA TIMUR","MOJOKERTO","DAWAR BLANDONG","3516","BPP Dawarblandong","Dawarblandong","82","1","10","0","5","0","16"
"JAWA TIMUR","MOJOKERTO","DLANGGU","3516","BPP Dlanggu","Dlanggu","69","1","7","0","1","0","9"
"JAWA TIMUR","MOJOKERTO","GEDEK","3516","BPP Gedeg","Gedeg","54","2","4","1","1","0","8"
"JAWA TIMUR","MOJOKERTO","GONDANG","3516","BPP Gondang","Gondang","68","2","4","0","6","0","12"
"JAWA TIMUR","MOJOKERTO","JATIREJO","3516","BPP Jatirejo","Jatirejo","69","2","6","0","0","0","8"
"JAWA TIMUR","MOJOKERTO","JETIS","3516","BPP JETIS","Jetis","64","2","7","0","0","0","9"
"JAWA TIMUR","MOJOKERTO","KEMLAGI","3516","BPP Kemlagi","Kemlagi","60","3","8","0","2","0","13"
"JAWA TIMUR","MOJOKERTO","KUTOREJO","3516","BPP Kutorejo","Kutorejo","92","2","5","0","7","0","14"
"JAWA TIMUR","MOJOKERTO","MOJOANYAR","3516","BPP Mojoanyar","Mojoanyar","40","3","3","0","1","0","7"
"JAWA TIMUR","MOJOKERTO","MOJOSARI","3516","BPP MOJOSARI","Mojosari","50","2","4","0","0","0","6"
"JAWA TIMUR","MOJOKERTO","NGORO","3516","BPP NGORO","Ngoro","65","2","3","0","2","0","7"
"JAWA TIMUR","MOJOKERTO","PACET","3516","BPP Pacet","Pacet","88","0","6","0","6","0","12"
"JAWA TIMUR","MOJOKERTO","PUNGGING","3516","BPP Pungging","Pungging","79","2","4","0","6","0","12"
"JAWA TIMUR","MOJOKERTO","PURI","3516","BPP PURI","Puri","61","2","6","0","0","0","8"
"JAWA TIMUR","MOJOKERTO","SOOKO","3516","BPP Sooko","Sooko","44","2","5","0","1","0","8"
"JAWA TIMUR","MOJOKERTO","TRAWAS","3516","BPP Trawas","Trawas","45","2","3","0","2","0","7"
"JAWA TIMUR","MOJOKERTO","TROWULAN","3516","BPP Trowulan","Trowulan","50","2","6","0","1","0","9"
"JAWA TIMUR","NGANJUK","BAGOR","3518","BPPK BAGOR","Bppk Bagor","117","7","4","0","3","0","14"
"JAWA TIMUR","NGANJUK","BARON","3518","Balai Penyuluhan Pertanian Kec. Baron","Kec. Baron","76","5","5","0","6","0","16"
"JAWA TIMUR","NGANJUK","BERBEK","3518","BPPK BERBEK","Bppk Berbek","117","5","3","0","3","0","11"
"JAWA TIMUR","NGANJUK","GONDANG","3518","BPPK GONDANG","Bppk Gondang","87","4","4","0","1","0","9"
"JAWA TIMUR","NGANJUK","JATIKALEN","3518","BPPK JATIKALEN","Bppk Jatikalen","54","3","1","0","1","0","5"
"JAWA TIMUR","NGANJUK","KERTOSONO","3518","BPPK Kertosono","Bppk Kertosono","63","4","2","0","0","0","6"
"JAWA TIMUR","NGANJUK","LENGKONG","3518","BPPK LENGKONG","Bppk Lengkong","77","4","2","0","4","0","10"
"JAWA TIMUR","NGANJUK","LOCERET","3518","BPPK Loceret","Bppk Loceret","106","6","5","0","3","0","14"
"JAWA TIMUR","NGANJUK","NGANJUK","3518","BPPK NGANJUK","Bppk Nganjuk","63","4","2","0","2","0","8"
"JAWA TIMUR","NGANJUK","NGETOS","3518","BPPK NGETOS","Bppk Ngetos","69","3","3","0","0","0","6"
"JAWA TIMUR","NGANJUK","NGLUYU","3518","BPPK NGLUYU","Bppk Ngluyu","40","1","3","0","2","0","6"
"JAWA TIMUR","NGANJUK","NGRONGGOT","3518","BPPK Ngronggot","Bppk Ngronggot","78","4","3","0","2","0","9"
"JAWA TIMUR","NGANJUK","PACE","3518","BPPK PACE","Bppk Pace","90","4","7","0","4","0","15"
"JAWA TIMUR","NGANJUK","PATIANROWO","3518","BPPK Patianrowo","Bppk Patianrowo","77","4","1","0","2","0","7"
"JAWA TIMUR","NGANJUK","PRAMBON","3518","BPPK Prambon","Bppk Prambon","97","6","3","0","3","0","12"
"JAWA TIMUR","NGANJUK","REJOSO","3518","BPPK REJOSO","Bppk Rejoso","122","6","5","0","11","0","22"
"JAWA TIMUR","NGANJUK","SAWAHAN","3518","BPPK Sawahan","Bppk Sawahan","89","3","3","0","0","0","6"
"JAWA TIMUR","NGANJUK","SUKOMORO","3518","BPPK SUKOMORO","Bppk Sukomoro","74","4","5","0","4","0","13"
"JAWA TIMUR","NGANJUK","TANJUNGANOM","3518","BPPK Tanjunganom","Bppk Tanjunganom","147","5","3","0","10","0","18"
"JAWA TIMUR","NGANJUK","WILANGAN","3518","BPPK WILANGAN","Bppk Wilangan","56","1","2","0","0","0","3"
"JAWA TIMUR","NGAWI","BRINGIN","3521","BPP Kecamatan Bringin","Kecamatan Bringin","52","3","3","0","6","0","12"
"JAWA TIMUR","NGAWI","GENENG","3521","BPP Kecamatan Geneng","Kecamatan Geneng","75","4","4","0","12","0","20"
"JAWA TIMUR","NGAWI","GERIH","3521","BPP Kecamatan Gerih","Kecamatan Gerih","35","2","1","0","7","0","10"
"JAWA TIMUR","NGAWI","JOGOROGO","3521","BPP Kecamatan Jogorogo","Kecamatan Jogorogo","44","3","3","0","2","0","8"
"JAWA TIMUR","NGAWI","KARANGANYAR","3521","BPP Kecamatan Karanganyar","Kecamatan Karanganyar","40","2","2","0","7","0","11"
"JAWA TIMUR","NGAWI","KARANGJATI","3521","BPP Kecamatan Karangjati","Kecamatan Karangjati","70","3","6","0","5","0","14"
"JAWA TIMUR","NGAWI","KASREMAN","3521","BPP Kecamatan Kasreman","Kecamatan Kasreman","42","3","2","0","6","0","11"
"JAWA TIMUR","NGAWI","KEDUNGGALAR","3521","BPP Kecamatan Kedunggalar","Kecamatan Kedunggalar","101","5","4","0","8","0","17"
"JAWA TIMUR","NGAWI","KENDAL","3521","BPP Kecamatan Kendal","Kecamatan Kendal","71","2","5","0","6","0","13"
"JAWA TIMUR","NGAWI","KWADUNGAN","3521","BPP Kecamatan Kwadungan","Kecamatan Kwadungan","48","5","3","0","6","0","14"
"JAWA TIMUR","NGAWI","MANTINGAN","3521","BPP Kecamatan Mantingan","Kecamatan Mantingan","53","3","2","0","5","0","10"
"JAWA TIMUR","NGAWI","NGAWI","3521","BPP Kecamatan Ngawi","Kecamatan Ngawi","73","7","4","0","3","0","14"
"JAWA TIMUR","NGAWI","NGRAMBE","3521","BPP Kecamatan Ngrambe","Kecamatan Ngrambe","71","3","3","0","3","0","9"
"JAWA TIMUR","NGAWI","PADAS","3521","BPP Kecamatan Padas","Kecamatan Padas","55","3","3","0","8","0","14"
"JAWA TIMUR","NGAWI","PANGKUR","3521","BPP Kecamatan Pangkur","Kecamatan Pangkur","40","3","2","0","5","0","10"
"JAWA TIMUR","NGAWI","PARON","3521","BPP Kecamatan Paron","Kecamatan Paron","78","5","2","0","13","0","20"
"JAWA TIMUR","NGAWI","PITU","3521","BPP Kecamatan Pitu","Kecamatan Pitu","46","4","1","0","6","0","11"
"JAWA TIMUR","NGAWI","SINE","3521","BPP Kecamatan Sine","Kecamatan Sine","63","4","3","0","8","0","15"
"JAWA TIMUR","NGAWI","WIDODAREN","3521","BPP Kecamatan Widodaren","Kecamatan Widodaren","65","1","5","0","12","0","18"
"JAWA TIMUR","PACITAN","ARJOSARI","3501","BPP ARJOSARI","Arjosari","124","3","4","0","5","0","12"
"JAWA TIMUR","PACITAN","BANDAR","3501","BPP BANDAR","Bandar","142","2","5","0","5","0","12"
"JAWA TIMUR","PACITAN","DONOROJO","3501","BPP Donorojo","Donorojo","141","1","5","0","2","0","8"
"JAWA TIMUR","PACITAN","KEBONAGUNG","3501","BPP KEBONAGUNG","Kebonagung","138","1","5","0","5","0","11"
"JAWA TIMUR","PACITAN","NAWANGAN","3501","BPP NAWANGAN","Nawangan","111","3","6","0","5","0","14"
"JAWA TIMUR","PACITAN","NGADIROJO","3501","BPP NGADIROJO","Ngadirojo","123","1","4","0","7","0","12"
"JAWA TIMUR","PACITAN","PACITAN","3501","BPP PACITAN","Pacitan","143","3","4","0","8","0","15"
"JAWA TIMUR","PACITAN","PRINGKUKU","3501","BPP PRINGKUKU","Pringkuku","143","4","1","1","5","0","11"
"JAWA TIMUR","PACITAN","PUNUNG","3501","BPP PUNUNG","Punung","116","2","5","0","4","0","11"
"JAWA TIMUR","PACITAN","SUDIMORO","3501","BPP SUDIMORO","Sudimoro","119","2","4","0","3","0","9"
"JAWA TIMUR","PACITAN","TEGALOMBO","3501","BPP TEGALOMBO","Tegalombo","91","3","4","0","3","0","10"
"JAWA TIMUR","PACITAN","TULAKAN","3501","BPP TULAKAN","Tulakan","110","2","5","0","2","0","9"
"JAWA TIMUR","PAMEKASAN","BATU MARMAR","3528","BPP Kecamatan Batu Marmar","Kecamatan Batu Marmar","94","6","3","0","13","0","22"
"JAWA TIMUR","PAMEKASAN","GALIS","3528","BPP Kecamatan Galis","Kecamatan Galis","42","2","2","1","10","0","15"
"JAWA TIMUR","PAMEKASAN","KADUR","3528","BPP Kecamatan Kadur","Kecamatan Kadur","90","2","6","0","10","0","18"
"JAWA TIMUR","PAMEKASAN","LARANGAN","3528","BPP Kecamatan Larangan","Kecamatan Larangan","81","4","5","0","14","0","23"
"JAWA TIMUR","PAMEKASAN","PADEMAWU","3528","BPP Kecamatan Pademawu","Kecamatan Pademawu","97","6","6","0","22","0","34"
"JAWA TIMUR","PAMEKASAN","PAKONG","3528","BPP Kecamatan Pakong","Kecamatan Pakong","52","3","4","0","12","0","19"
"JAWA TIMUR","PAMEKASAN","PALENGAAN","3528","BPP Kecamatan Palengaan","Kecamatan Palengaan","87","1","6","0","12","0","19"
"JAWA TIMUR","PAMEKASAN","PAMEKASAN","3528","BPP Kecamatan Pamekasan","Kecamatan Pamekasan","46","5","2","0","4","0","11"
"JAWA TIMUR","PAMEKASAN","PASEAN","3528","BPP Kecamatan Pasean","Kecamatan Pasean","83","4","3","0","9","0","16"
"JAWA TIMUR","PAMEKASAN","PEGANTENAN","3528","BPP Kecamatan Pegantenan","Kecamatan Pegantenan","89","3","6","0","11","0","20"
"JAWA TIMUR","PAMEKASAN","PROPPO","3528","BPP Kecamatan Proppo","Kecamatan Proppo","134","4","4","1","27","0","36"
"JAWA TIMUR","PAMEKASAN","TLANAKAN","3528","BPP Kecamatan Tlanakan","Kecamatan Tlanakan","67","6","1","0","16","0","23"
"JAWA TIMUR","PAMEKASAN","WARU","3528","BPP kecamatan Waru","kecamatan Waru","72","6","2","0","12","0","20"
"JAWA TIMUR","PASURUAN","","3514","BPP Kraton","Kraton","10","","","","","",""
"JAWA TIMUR","PASURUAN","BANGIL","3514","BPP Bangil","Bangil","33","2","1","0","2","0","5"
"JAWA TIMUR","PASURUAN","BEJI","3514","BPP Beji","Beji","78","2","1","0","4","0","7"
"JAWA TIMUR","PASURUAN","GEMPOL","3514","BPP Gempol","Gempol","101","2","2","0","2","0","6"
"JAWA TIMUR","PASURUAN","GONDANG WETAN","3514","BPP Gondangwetan","Gondangwetan","68","2","3","0","2","0","7"
"JAWA TIMUR","PASURUAN","GRATI","3514","BPP Grati","Grati","65","3","3","0","3","0","9"
"JAWA TIMUR","PASURUAN","KEJAYAN","3514","BPP Kejayan","Kejayan","88","2","1","0","3","0","6"
"JAWA TIMUR","PASURUAN","KRATON","3514","BPP Kraton","Kraton","82","1","5","0","3","0","9"
"JAWA TIMUR","PASURUAN","LEKOK","3514","BPP Lekok","Lekok","48","1","4","0","2","0","7"
"JAWA TIMUR","PASURUAN","LUMBANG","3514","BPP Lumbang","Lumbang","76","2","4","0","2","0","8"
"JAWA TIMUR","PASURUAN","NGULING","3514","BPP Nguling","Nguling","83","0","5","0","3","0","8"
"JAWA TIMUR","PASURUAN","PANDAAN","3514","BPP Pandaan","Pandaan","101","2","3","0","2","0","7"
"JAWA TIMUR","PASURUAN","PASREPAN","3514","BPP Pasrepan","Pasrepan","72","1","5","0","1","0","7"
"JAWA TIMUR","PASURUAN","POHJENTREK","3514","BPP Pohjentrek","Pohjentrek","33","2","1","0","2","0","5"
"JAWA TIMUR","PASURUAN","PRIGEN","3514","BPP Prigen","Prigen","104","3","1","0","3","0","7"
"JAWA TIMUR","PASURUAN","PURWODADI","3514","BPP Purwodadi","Purwodadi","98","2","2","0","3","0","7"
"JAWA TIMUR","PASURUAN","PURWOSARI","3514","BPP Purwosari","Purwosari","90","4","0","0","4","0","8"
"JAWA TIMUR","PASURUAN","PUSPO","3514","BPP Puspo","Puspo","55","0","2","0","2","0","4"
"JAWA TIMUR","PASURUAN","REJOSO","3514","BPP Rejoso","Rejoso","79","2","4","0","2","0","8"
"JAWA TIMUR","PASURUAN","REMBANG","3514","BPP Rembang","Rembang","85","4","2","0","2","0","8"
"JAWA TIMUR","PASURUAN","SUKOREJO","3514","BPP Sukorejo","Sukorejo","91","4","2","0","3","0","9"
"JAWA TIMUR","PASURUAN","TOSARI","3514","BPP Tosari","Tosari","59","2","1","0","2","0","5"
"JAWA TIMUR","PASURUAN","TUTUR","3514","BPP Tutur","Tutur","209","3","1","0","3","0","7"
"JAWA TIMUR","PASURUAN","WINONGAN","3514","BPP Winongan","Winongan","57","2","3","0","2","0","7"
"JAWA TIMUR","PASURUAN","WONOREJO","3514","BPP Wonorejo","Wonorejo","62","3","4","0","2","0","9"
"JAWA TIMUR","PONOROGO","BABADAN","3502","BPP BABADAN","Babadan","122","3","6","0","10","0","19"
"JAWA TIMUR","PONOROGO","BADEGAN","3502","BPP BADEGAN","Badegan","89","3","4","0","3","0","10"
"JAWA TIMUR","PONOROGO","BALONG","3502","BPP BALONG","Balong","101","4","6","0","20","0","30"
"JAWA TIMUR","PONOROGO","BUNGKAL","3502","BPP BUNGKAL","Bungkal","99","3","6","0","7","0","16"
"JAWA TIMUR","PONOROGO","JAMBON","3502","BPP JAMBON","Jambon","83","4","4","0","5","0","13"
"JAWA TIMUR","PONOROGO","JENANGAN","3502","BPP JENANGAN","Jenangan","121","6","3","0","6","0","15"
"JAWA TIMUR","PONOROGO","JETIS","3502","BPP JETIS","Jetis","64","3","3","0","10","0","16"
"JAWA TIMUR","PONOROGO","KAUMAN","3502","BPP KAUMAN","Kauman","95","3","4","0","8","0","15"
"JAWA TIMUR","PONOROGO","MLARAK","3502","BPP MLARAK","Mlarak","82","3","4","0","15","0","22"
"JAWA TIMUR","PONOROGO","NGEBEL","3502","BPP NGEBEL","Ngebel","116","3","5","0","8","0","16"
"JAWA TIMUR","PONOROGO","NGRAYUN","3502","BPP NGRAYUN","Ngrayun","131","2","4","0","2","0","8"
"JAWA TIMUR","PONOROGO","PONOROGO","3502","BPP PONOROGO","Ponorogo","64","8","0","0","5","0","13"
"JAWA TIMUR","PONOROGO","PUDAK","3502","BPP PUDAK","Pudak","30","3","2","0","6","0","11"
"JAWA TIMUR","PONOROGO","PULUNG","3502","BPP Pulung","Pulung","117","5","6","0","18","0","29"
"JAWA TIMUR","PONOROGO","SAMBIT","3502","BPP SAMBIT","Sambit","123","3","6","0","10","0","19"
"JAWA TIMUR","PONOROGO","SAMPUNG","3502","BPP SAMPUNG","Sampung","122","3","5","0","2","0","10"
"JAWA TIMUR","PONOROGO","SAWOO","3502","BPP SAWOO","Sawoo","177","3","7","0","3","0","13"
"JAWA TIMUR","PONOROGO","SIMAN","3502","BPP SIMAN","Siman","84","6","3","0","18","0","27"
"JAWA TIMUR","PONOROGO","SLAHUNG","3502","BPP Slahung","Slahung","135","6","4","0","3","0","13"
"JAWA TIMUR","PONOROGO","SOOKO","3502","BPP SOOKO","Sooko","82","3","3","0","6","0","12"
"JAWA TIMUR","PONOROGO","SUKOREJO","3502","BPP SUKOREJO","Sukorejo","120","4","5","0","2","0","11"
"JAWA TIMUR","PROBOLINGGO","","3513","BPP Gending","Gending","10","","","","","",""
"JAWA TIMUR","PROBOLINGGO","BANTARAN","3513","BPP Bantaran","Bantaran","49","1","2","0","10","0","13"
"JAWA TIMUR","PROBOLINGGO","BANYUANYAR","3513","BPP Banyuanyar","Banyuanyar","80","2","2","0","14","0","18"
"JAWA TIMUR","PROBOLINGGO","BESUK","3513","BPP. Besuk","Besuk","55","1","5","0","17","0","23"
"JAWA TIMUR","PROBOLINGGO","DRINGU","3513","BPP Dringu","Dringu","49","1","5","0","14","0","20"
"JAWA TIMUR","PROBOLINGGO","GADING","3513","BPP Gading","Gading","70","1","5","0","19","0","25"
"JAWA TIMUR","PROBOLINGGO","GENDING","3513","BPP Gending","Gending","47","1","4","0","13","0","18"
"JAWA TIMUR","PROBOLINGGO","KOTAANYAR","3513","BPP Kotaanyar","Kotaanyar","95","1","3","0","13","0","17"
"JAWA TIMUR","PROBOLINGGO","KRAKSAAN","3513","BPP KRAKSAAN","Kraksaan","54","2","3","0","18","0","23"
"JAWA TIMUR","PROBOLINGGO","KREJENGAN","3513","BPP Krejengan","Krejengan","49","1","4","0","17","0","22"
"JAWA TIMUR","PROBOLINGGO","KRUCIL","3513","BPP Krucil","Krucil","310","2","4","0","14","0","20"
"JAWA TIMUR","PROBOLINGGO","KURIPAN","3513","BPP Kuripan","Kuripan","40","1","2","0","7","0","10"
"JAWA TIMUR","PROBOLINGGO","LECES","3513","BPP LECES","Leces","39","1","3","0","10","0","14"
"JAWA TIMUR","PROBOLINGGO","LUMBANG","3513","BPP Lumbang","Lumbang","54","2","3","0","10","0","15"
"JAWA TIMUR","PROBOLINGGO","MARON","3513","BPP Maron","Maron","62","1","4","0","18","0","23"
"JAWA TIMUR","PROBOLINGGO","PAITON","3513","BPP Kecamatan Paiton","Kecamatan Paiton","73","2","5","0","20","0","27"
"JAWA TIMUR","PROBOLINGGO","PAJARAKAN","3513","BPP Kecamatan Pajarakan","Kecamatan Pajarakan","34","2","2","0","12","0","16"
"JAWA TIMUR","PROBOLINGGO","PAKUNIRAN","3513","BPP Pakuniran","Pakuniran","88","1","6","0","17","0","24"
"JAWA TIMUR","PROBOLINGGO","SUKAPURA","3513","BPP Sukapura","Sukapura","36","2","2","0","12","0","16"
"JAWA TIMUR","PROBOLINGGO","SUMBER","3513","BPP Sumber","Sumber","57","1","2","0","9","0","12"
"JAWA TIMUR","PROBOLINGGO","SUMBERASIH","3513","BPP Sumberasih","Sumberasih","63","2","2","0","13","0","17"
"JAWA TIMUR","PROBOLINGGO","TEGALSIWALAN","3513","BPP Tegalsiwalan","Tegalsiwalan","50","1","3","0","12","0","16"
"JAWA TIMUR","PROBOLINGGO","TIRIS","3513","BPP Tiris","Tiris","81","1","5","0","16","0","22"
"JAWA TIMUR","PROBOLINGGO","TONGAS","3513","BPP Tongas","Tongas","65","2","3","0","14","0","19"
"JAWA TIMUR","PROBOLINGGO","WONOMERTO","3513","BPP Wonomerto","Wonomerto","59","1","2","0","11","0","14"
"JAWA TIMUR","SAMPANG","BANYUATES","3527","BPP Banyuates","Banyuates","156","3","2","0","8","0","13"
"JAWA TIMUR","SAMPANG","CAMPLONG","3527","BPP Camplong","Camplong","116","3","2","0","6","0","11"
"JAWA TIMUR","SAMPANG","JRENGIK","3527","BPP Jrengik","Jrengik","99","5","2","0","4","0","11"
"JAWA TIMUR","SAMPANG","KARANG PENANG","3527","BPP Karang Penang","Karang Penang","86","2","2","0","4","0","8"
"JAWA TIMUR","SAMPANG","KEDUNGDUNG","3527","BPP Kedungdung","Kedungdung","141","4","2","0","7","0","13"
"JAWA TIMUR","SAMPANG","KETAPANG","3527","BPP Ketapang","Ketapang","104","2","3","0","3","0","8"
"JAWA TIMUR","SAMPANG","OMBEN","3527","BPP Omben","Omben","155","4","2","0","2","0","8"
"JAWA TIMUR","SAMPANG","PANGARENGAN","3527","BPP Pangarengan","Pangarengan","41","2","3","0","3","0","8"
"JAWA TIMUR","SAMPANG","ROBATAL","3527","BPP Robatal","Robatal","68","4","1","0","4","0","9"
"JAWA TIMUR","SAMPANG","SAMPANG","3527","BPP Sampang","Sampang","138","6","0","0","5","0","11"
"JAWA TIMUR","SAMPANG","SOKOBANAH","3527","BPP Sokobanah","Sokobanah","98","3","3","0","2","0","8"
"JAWA TIMUR","SAMPANG","SRESEH","3527","BPP Sreseh","Sreseh","72","3","0","0","2","0","5"
"JAWA TIMUR","SAMPANG","TAMBELANGAN","3527","BPP Tambelangan","Tambelangan","53","3","1","0","3","0","7"
"JAWA TIMUR","SAMPANG","TORJUN","3527","BPP Torjun","Torjun","76","4","2","0","3","0","9"
"JAWA TIMUR","SIDOARJO","BALONG BENDO","3515","BPP Balongbendo","Balongbendo","52","2","2","0","2","0","6"
"JAWA TIMUR","SIDOARJO","BUDURAN","3515","BPP Buduran","Buduran","24","2","2","0","2","0","6"
"JAWA TIMUR","SIDOARJO","CANDI","3515","BPP Candi","Candi","42","2","3","0","7","0","12"
"JAWA TIMUR","SIDOARJO","GEDANGAN","3515","BPP Gedangan","Gedangan","27","2","2","0","1","0","5"
"JAWA TIMUR","SIDOARJO","JABON","3515","BPP Jabon","Jabon","34","2","2","0","2","0","6"
"JAWA TIMUR","SIDOARJO","KREMBUNG","3515","BPP Krembung","Krembung","47","2","2","0","2","0","6"
"JAWA TIMUR","SIDOARJO","KRIAN","3515","BPP Krian","Krian","34","2","5","0","12","0","19"
"JAWA TIMUR","SIDOARJO","PORONG","3515","BPP Porong","Porong","35","1","3","0","4","0","8"
"JAWA TIMUR","SIDOARJO","PRAMBON","3515","BPP Prambon","Prambon","52","1","3","0","0","0","4"
"JAWA TIMUR","SIDOARJO","SEDATI","3515","BPP Sedati","Sedati","23","3","2","0","5","0","10"
"JAWA TIMUR","SIDOARJO","SIDOARJO","3515","BPP Sidoarjo","Sidoarjo","34","2","3","0","1","0","6"
"JAWA TIMUR","SIDOARJO","SUKODONO","3515","BPP Sukodono","Sukodono","50","3","3","0","2","0","8"
"JAWA TIMUR","SIDOARJO","TAMAN","3515","BPP Taman","Taman","38","3","2","0","2","0","7"
"JAWA TIMUR","SIDOARJO","TANGGULANGIN","3515","BPP Tanggulangin","Tanggulangin","35","2","2","0","8","0","12"
"JAWA TIMUR","SIDOARJO","TARIK","3515","BPP Tarik","Tarik","38","2","2","0","2","0","6"
"JAWA TIMUR","SIDOARJO","TULANGAN","3515","BPP Tulangan","Tulangan","46","2","2","0","5","0","9"
"JAWA TIMUR","SIDOARJO","WARU","3515","BPP WARU","Waru","19","1","0","0","1","0","2"
"JAWA TIMUR","SIDOARJO","WONOAYU","3515","BPP Wonoayu","Wonoayu","55","2","3","0","4","0","9"
"JAWA TIMUR","SITUBONDO","ARJASA","3512","BPP Arjasa","Arjasa","90","3","2","0","1","1","7"
"JAWA TIMUR","SITUBONDO","ASEMBAGUS","3512","BPP Asembagus","Asembagus","76","2","2","1","0","0","5"
"JAWA TIMUR","SITUBONDO","BANYUGLUGUR","3512","BPP Banyuglugur","Banyuglugur","34","0","2","0","4","0","6"
"JAWA TIMUR","SITUBONDO","BANYUPUTIH","3512","BPP Banyuputih","Banyuputih","91","1","4","0","2","0","7"
"JAWA TIMUR","SITUBONDO","BESUKI","3512","BPP Besuki","Besuki","47","2","2","0","1","0","5"
"JAWA TIMUR","SITUBONDO","BUNGATAN","3512","BPP Bungatan","Bungatan","34","1","1","0","0","0","2"
"JAWA TIMUR","SITUBONDO","JANGKAR","3512","BPP Jangkar","Jangkar","94","1","2","0","0","0","3"
"JAWA TIMUR","SITUBONDO","JATIBANTENG","3512","BPP Jatibanteng","Jatibanteng","34","1","2","0","1","0","4"
"JAWA TIMUR","SITUBONDO","KAPONGAN","3512","BPP Kapongan","Kapongan","67","2","2","0","2","0","6"
"JAWA TIMUR","SITUBONDO","KENDIT","3512","BPP Kendit","Kendit","56","1","2","0","1","0","4"
"JAWA TIMUR","SITUBONDO","MANGARAN","3512","BPP Mangaran","Mangaran","48","2","1","0","2","0","5"
"JAWA TIMUR","SITUBONDO","MLANDINGAN","3512","BPP Mlandingan","Mlandingan","55","1","0","0","5","0","6"
"JAWA TIMUR","SITUBONDO","PANARUKAN","3512","BPP Panarukan","Panarukan","75","0","3","0","4","0","7"
"JAWA TIMUR","SITUBONDO","PANJI","3512","BPP Panji","Panji","78","3","1","0","4","0","8"
"JAWA TIMUR","SITUBONDO","SITUBONDO","3512","BPP Situbondo","Situbondo","48","2","2","0","4","0","8"
"JAWA TIMUR","SITUBONDO","SUBOH","3512","BPP Suboh","Suboh","37","1","2","0","0","0","3"
"JAWA TIMUR","SITUBONDO","SUMBERMALANG","3512","BPP Sumbermalang","Sumbermalang","34","3","0","0","1","0","4"
"JAWA TIMUR","SUMENEP","","3529","BPP DASUK","Dasuk","10","","","","","",""
"JAWA TIMUR","SUMENEP","AMBUNTEN","3529","BPP Ambunten","Ambunten","186","3","3","0","2","0","8"
"JAWA TIMUR","SUMENEP","ARJASA","3529","BPP Kostratani ARJASA","Kostratani Arjasa","408","2","1","0","0","0","3"
"JAWA TIMUR","SUMENEP","BATANG BATANG","3529","BPP BATANG BATANG","Batang Batang","175","2","4","0","2","0","8"
"JAWA TIMUR","SUMENEP","BATUAN","3529","BPP BATUAN","Batuan","97","2","2","0","3","0","7"
"JAWA TIMUR","SUMENEP","BATUPUTIH","3529","BPP BATUPUTIH","Batuputih","408","4","3","0","3","0","10"
"JAWA TIMUR","SUMENEP","BLUTO","3529","BPP Bluto","Bluto","308","5","4","0","3","0","12"
"JAWA TIMUR","SUMENEP","DASUK","3529","BPP DASUK","Dasuk","197","3","4","0","0","0","7"
"JAWA TIMUR","SUMENEP","DUNGKEK","3529","BPP DUNGKEK","Dungkek","227","2","3","0","3","0","8"
"JAWA TIMUR","SUMENEP","GANDING","3529","BPP Ganding","Ganding","221","5","3","0","11","0","19"
"JAWA TIMUR","SUMENEP","GAPURA","3529","BPP Gapura","Gapura","204","3","5","0","1","0","9"
"JAWA TIMUR","SUMENEP","GAYAM","3529","BPP Gayam","Gayam","152","1","1","0","0","0","2"
"JAWA TIMUR","SUMENEP","GILIGENTENG","3529","BPP GILIGENTENG","Giligenteng","82","1","4","0","0","0","5"
"JAWA TIMUR","SUMENEP","GULUK GULUK","3529","BPP KOSTRATANI GULUK-GULUK","Kostratani Guluk-guluk","234","3","4","0","0","0","7"
"JAWA TIMUR","SUMENEP","KALIANGET","3529","BPP KALIANGET","Kalianget","35","2","1","0","0","0","3"
"JAWA TIMUR","SUMENEP","KANGAYAN","3529","BPP KANGAYAN","Kangayan","165","0","3","0","0","0","3"
"JAWA TIMUR","SUMENEP","KOTA SUMENEP","3529","BPP KECAMATAN KOTA SUMENEP","Kecamatan Kota Sumenep","65","5","3","0","0","0","8"
"JAWA TIMUR","SUMENEP","LENTENG","3529","BPP LENTENG","Lenteng","425","5","10","1","0","0","16"
"JAWA TIMUR","SUMENEP","MANDING","3529","BPP MANDING","Manding","209","4","1","0","2","0","7"
"JAWA TIMUR","SUMENEP","MASALEMBU","3529","BPP MASALEMBU","Masalembu","55","0","0","0","0","0","0"
"JAWA TIMUR","SUMENEP","NONGGUNONG","3529","BPP NONGGUNONG","Nonggunong","85","1","2","1","0","0","4"
"JAWA TIMUR","SUMENEP","PASONGSONGAN","3529","BPP PASONGSONGAN","Pasongsongan","467","4","1","0","0","0","5"
"JAWA TIMUR","SUMENEP","PRAGAAN","3529","BPP PRAGAAN","Pragaan","204","3","4","0","1","0","8"
"JAWA TIMUR","SUMENEP","RAAS","3529","BPP RAAS","Raas","112","2","0","0","0","0","2"
"JAWA TIMUR","SUMENEP","RUBARU","3529","BPP KOSTRATANI RUBARU","Kostratani Rubaru","433","5","4","0","0","0","9"
"JAWA TIMUR","SUMENEP","SAPEKEN","3529","BPP SAPEKEN","Sapeken","126","0","1","0","0","0","1"
"JAWA TIMUR","SUMENEP","SARONGGI","3529","BPP SARONGGI","Saronggi","208","2","5","0","2","0","9"
"JAWA TIMUR","SUMENEP","TALANGO","3529","BPP TALANGO","Talango","82","1","2","0","0","0","3"
"JAWA TIMUR","TRENGGALEK","BENDUNGAN","3503","BPP BENDUNGAN","Bendungan","71","3","5","0","1","0","9"
"JAWA TIMUR","TRENGGALEK","DONGKO","3503","BPP DONGKO","Dongko","75","3","4","0","2","0","9"
"JAWA TIMUR","TRENGGALEK","DURENAN","3503","BPP DURENAN","Durenan","79","5","6","0","1","0","12"
"JAWA TIMUR","TRENGGALEK","GANDUSARI","3503","BPP GANDUSARI","Gandusari","73","5","6","0","8","0","19"
"JAWA TIMUR","TRENGGALEK","KAMPAK","3503","BPP KAMPAK","Kampak","71","2","5","0","0","0","7"
"JAWA TIMUR","TRENGGALEK","KARANGAN","3503","BPP KARANGAN","Karangan","68","5","5","0","10","0","20"
"JAWA TIMUR","TRENGGALEK","MUNJUNGAN","3503","BPP MUNJUNGAN","Munjungan","96","2","7","0","9","0","18"
"JAWA TIMUR","TRENGGALEK","PANGGUL","3503","BPP PANGGUL","Panggul","100","1","10","0","8","0","19"
"JAWA TIMUR","TRENGGALEK","POGALAN","3503","BPP POGALAN","Pogalan","62","3","7","0","1","0","11"
"JAWA TIMUR","TRENGGALEK","PULE","3503","BPP PULE","Pule","86","1","6","1","9","0","17"
"JAWA TIMUR","TRENGGALEK","SURUH","3503","BPP SURUH","Suruh","66","2","6","0","3","0","11"
"JAWA TIMUR","TRENGGALEK","TRENGGALEK","3503","BPP TRENGGALEK","Trenggalek","71","4","7","0","5","0","16"
"JAWA TIMUR","TRENGGALEK","TUGU","3503","BPP TUGU","Tugu","105","4","7","0","2","0","13"
"JAWA TIMUR","TRENGGALEK","WATULIMO","3503","BPP WATULIMO","Watulimo","119","3","6","0","3","0","12"
"JAWA TIMUR","TUBAN","BANCAR","3523","BPP Kec. Bancar","Kec. Bancar","84","2","4","0","16","0","22"
"JAWA TIMUR","TUBAN","BANGILAN","3523","BPP Kec. Bangilan","Kec. Bangilan","91","1","2","0","14","0","17"
"JAWA TIMUR","TUBAN","GRABAGAN","3523","BPP Kec. Grabagan","Kec. Grabagan","119","2","1","1","10","0","14"
"JAWA TIMUR","TUBAN","JATIROGO","3523","BPP Kec. Jatirogo","Kec. Jatirogo","105","1","2","1","8","0","12"
"JAWA TIMUR","TUBAN","JENU","3523","BPP Kec. Jenu","Kec. Jenu","94","1","4","0","9","0","14"
"JAWA TIMUR","TUBAN","KENDURUAN","3523","BPP Kec. Kenduruan","Kec. Kenduruan","71","1","2","0","8","0","11"
"JAWA TIMUR","TUBAN","KEREK","3523","BPP Kec. Kerek","Kec. Kerek","132","1","4","0","11","0","16"
"JAWA TIMUR","TUBAN","MERAKURAK","3523","BPP Kec. Merakurak","Kec. Merakurak","103","2","6","0","13","0","21"
"JAWA TIMUR","TUBAN","MONTONG","3523","BPP Kec. Montong","Kec. Montong","123","1","2","0","13","0","16"
"JAWA TIMUR","TUBAN","PALANG","3523","BPP Kec. Palang","Kec. Palang","78","1","4","0","14","0","19"
"JAWA TIMUR","TUBAN","PARENGAN","3523","BPP Kec. Parengan","Kec. Parengan","126","0","5","0","16","0","21"
"JAWA TIMUR","TUBAN","PLUMPANG","3523","BPP Kec. Plumpang","Kec. Plumpang","100","1","4","0","8","0","13"
"JAWA TIMUR","TUBAN","RENGEL","3523","BPP Kec. Rengel","Kec. Rengel","153","1","4","0","32","0","37"
"JAWA TIMUR","TUBAN","SEMANDING","3523","BPP Kec. Semanding","Kec. Semanding","90","2","3","0","8","0","13"
"JAWA TIMUR","TUBAN","SENORI","3523","BPP Kec. Senori","Kec. Senori","142","0","3","0","20","0","23"
"JAWA TIMUR","TUBAN","SINGGAHAN","3523","BPP Kec. Singgahan","Kec. Singgahan","99","1","2","0","8","0","11"
"JAWA TIMUR","TUBAN","SOKO","3523","BPP Kec. Soko","Kec. Soko","118","1","4","0","41","0","46"
"JAWA TIMUR","TUBAN","TAMBAKBOYO","3523","BPP Kec. Tambakboyo","Kec. Tambakboyo","64","1","1","0","7","0","9"
"JAWA TIMUR","TUBAN","TUBAN","3523","BPP Kec. Tuban","Kec. Tuban","51","2","3","0","9","0","14"
"JAWA TIMUR","TUBAN","WIDANG","3523","BPP Kec. Widang","Kec. Widang","85","1","4","1","16","0","22"
"JAWA TIMUR","TULUNGAGUNG","BANDUNG","3504","BPP BANDUNG","Bandung","55","4","5","0","19","0","28"
"JAWA TIMUR","TULUNGAGUNG","BESUKI","3504","BPP BESUKI","Besuki","49","1","6","0","3","0","10"
"JAWA TIMUR","TULUNGAGUNG","BOYOLANGU","3504","BPP BOYOLANGU","Boyolangu","60","4","3","0","15","0","22"
"JAWA TIMUR","TULUNGAGUNG","CAMPUR DARAT","3504","BPP CAMPUR DARAT","Campur Darat","43","2","4","0","9","0","15"
"JAWA TIMUR","TULUNGAGUNG","GONDANG","3504","BPP GONDANG","Gondang","66","4","7","0","7","0","18"
"JAWA TIMUR","TULUNGAGUNG","KALIDAWIR","3504","BPP KALIDAWIR","Kalidawir","108","4","5","0","14","0","23"
"JAWA TIMUR","TULUNGAGUNG","KARANGREJO","3504","BPP KARANGREJO","Karangrejo","56","3","2","0","12","0","17"
"JAWA TIMUR","TULUNGAGUNG","KAUMAN","3504","BPP KAUMAN","Kauman","52","3","3","0","14","0","20"
"JAWA TIMUR","TULUNGAGUNG","KEDUNGWARU","3504","BPP KEDUNGWARU","Kedungwaru","74","4","4","0","17","0","25"
"JAWA TIMUR","TULUNGAGUNG","NGANTRU","3504","BPP NGANTRU","Ngantru","130","2","5","0","11","0","18"
"JAWA TIMUR","TULUNGAGUNG","NGUNUT","3504","BPP NGUNUT","Ngunut","88","3","6","0","17","0","26"
"JAWA TIMUR","TULUNGAGUNG","PAGER WOJO","3504","BPP PAGERWOJO","Pagerwojo","67","3","3","0","9","0","15"
"JAWA TIMUR","TULUNGAGUNG","PAKEL","3504","BPP PAKEL","Pakel","61","4","2","0","12","0","18"
"JAWA TIMUR","TULUNGAGUNG","PUCANG LABAN","3504","BPP PUCANGLABAN","Pucanglaban","58","2","3","0","5","0","10"
"JAWA TIMUR","TULUNGAGUNG","REJOTANGAN","3504","BPP REJOTANGAN","Rejotangan","77","4","6","0","14","0","24"
"JAWA TIMUR","TULUNGAGUNG","SENDANG","3504","BPP SENDANG","Sendang","75","5","1","0","11","0","17"
"JAWA TIMUR","TULUNGAGUNG","SUMBERGEMPOL","3504","BPP SUMBERGEMPOL","Sumbergempol","70","3","5","0","4","0","12"
"JAWA TIMUR","TULUNGAGUNG","TANGGUNG GUNUNG","3504","BPP TANGGUNGGUNUNG","Tanggunggunung","133","4","3","0","4","0","11"
"JAWA TIMUR","TULUNGAGUNG","TULUNGAGUNG","3504","BPP TULUNGAGUNG","Tulungagung","36","5","4","0","10","0","19"
"KALIMANTAN BARAT","BENGKAYANG","BENGKAYANG","6102","BPP Kec. Bengkayang","Kec. Bengkayang","128","5","1","3","2","0","11"
"KALIMANTAN BARAT","BENGKAYANG","CAPKALA","6102","BPP Kec. Capkala","Kec. Capkala","89","5","0","1","2","0","8"
"KALIMANTAN BARAT","BENGKAYANG","JAGOI BABANG","6102","BPP Kec. Jagoi Babang","Kec. Jagoi Babang","47","4","1","1","2","0","8"
"KALIMANTAN BARAT","BENGKAYANG","LEDO","6102","BPP Kec. Ledo","Kec. Ledo","122","6","4","0","2","0","12"
"KALIMANTAN BARAT","BENGKAYANG","LEMBAH BAWANG","6102","BPP Kec. Lembah Bawang","Kec. Lembah Bawang","55","2","4","1","2","0","9"
"KALIMANTAN BARAT","BENGKAYANG","LUMAR","6102","BPP Kec. Lumar","Kec. Lumar","92","2","3","0","2","0","7"
"KALIMANTAN BARAT","BENGKAYANG","MONTERADO","6102","BPP Kec. Monterado","Kec. Monterado","159","6","3","1","2","5","17"
"KALIMANTAN BARAT","BENGKAYANG","SAMALANTAN","6102","BPP Kec. Samalantan","Kec. Samalantan","182","5","4","1","2","0","12"
"KALIMANTAN BARAT","BENGKAYANG","SANGGAU LEDO","6102","BPP Kec. Sanggau Ledo","Kec. Sanggau Ledo","120","2","3","0","2","0","7"
"KALIMANTAN BARAT","BENGKAYANG","SELUAS","6102","BPP Kec. Seluas","Kec. Seluas","171","3","3","0","2","0","8"
"KALIMANTAN BARAT","BENGKAYANG","SIDING","6102","BPP Kec. Siding.","Kec. Siding.","83","4","2","0","2","0","8"
"KALIMANTAN BARAT","BENGKAYANG","SUNGAI BETUNG","6102","BPP Kec. Sungai Betung","Kec. Sungai Betung","128","4","3","0","2","0","9"
"KALIMANTAN BARAT","BENGKAYANG","SUNGAI RAYA","6102","BPP Kec. Sungai Raya","Kec. Sungai Raya","110","4","1","0","2","0","7"
"KALIMANTAN BARAT","BENGKAYANG","SUNGAI RAYA KEPULAUAN","6102","BPP Kec. Sungai Raya Kepulauan","Kec. Sungai Raya Kepulauan","79","5","2","0","2","1","10"
"KALIMANTAN BARAT","BENGKAYANG","SUTI SEMARANG","6102","BPP Kec. Suti Semarang","Kec. Suti Semarang","62","3","3","0","2","0","8"
"KALIMANTAN BARAT","BENGKAYANG","TERIAK","6102","BPP Kec. Teriak","Kec. Teriak","174","5","7","3","2","0","17"
"KALIMANTAN BARAT","BENGKAYANG","TUJUHBELAS","6102","BPP Kec. Tujuhbelas","Kec. Tujuhbelas","143","2","2","1","2","0","7"
"KALIMANTAN BARAT","KAPUAS HULU","BADAU","6108","BPP NANGA BADAU","Nanga Badau","32","2","1","0","0","0","3"
"KALIMANTAN BARAT","KAPUAS HULU","BATANG LUPAR","6108","BPP Lanjak","Lanjak","48","2","3","2","1","0","8"
"KALIMANTAN BARAT","KAPUAS HULU","BIKA","6108","BPP Kedamin","Kedamin","48","1","2","1","2","0","6"
"KALIMANTAN BARAT","KAPUAS HULU","BOYAN TANJUNG","6108","BPP Boyan Tanjung","Boyan Tanjung","94","4","3","0","8","0","15"
"KALIMANTAN BARAT","KAPUAS HULU","BUNUT HILIR","6108","BUNUT HILIR","Bunut Hilir","38","1","3","1","0","0","5"
"KALIMANTAN BARAT","KAPUAS HULU","BUNUT HULU","6108","BPP SUNGAI BESAR","Sungai Besar","99","5","3","0","6","0","14"
"KALIMANTAN BARAT","KAPUAS HULU","EMBALOH HILIR","6108","BUNUT HILIR","Bunut Hilir","38","0","0","0","0","0","0"
"KALIMANTAN BARAT","KAPUAS HULU","EMBALOH HULU","6108","BPP Lanjak","Lanjak","46","0","1","0","2","0","3"
"KALIMANTAN BARAT","KAPUAS HULU","EMPANANG","6108","BPP NANGA BADAU","Nanga Badau","12","0","0","0","0","0","0"
"KALIMANTAN BARAT","KAPUAS HULU","HULU GURUNG","6108","BPP Tepuai","Tepuai","100","6","3","0","4","0","13"
"KALIMANTAN BARAT","KAPUAS HULU","JONGKONG","6108","BPP Temenang","Temenang","85","2","2","4","2","0","10"
"KALIMANTAN BARAT","KAPUAS HULU","KALIS","6108","Mentebah","Mentebah","136","1","3","0","1","0","5"
"KALIMANTAN BARAT","KAPUAS HULU","MENTEBAH","6108","Mentebah","Mentebah","82","4","1","3","2","0","10"
"KALIMANTAN BARAT","KAPUAS HULU","PENGKADAN","6108","PENGKADAN","Pengkadan","106","2","3","0","4","0","9"
"KALIMANTAN BARAT","KAPUAS HULU","PURING KENCANA","6108","BPP NANGA BADAU","Nanga Badau","25","2","3","0","0","0","5"
"KALIMANTAN BARAT","KAPUAS HULU","PUTUSSIBAU SELATAN","6108","BPP Kedamin","Kedamin","126","11","2","1","3","0","17"
"KALIMANTAN BARAT","KAPUAS HULU","PUTUSSIBAU UTARA","6108","BPP Seluan","Seluan","106","9","4","1","1","0","15"
"KALIMANTAN BARAT","KAPUAS HULU","SEBERUANG","6108","Sejiram","Sejiram","113","5","2","1","1","0","9"
"KALIMANTAN BARAT","KAPUAS HULU","SELIMBAU","6108","Selimbau","Selimbau","36","5","4","0","1","0","10"
"KALIMANTAN BARAT","KAPUAS HULU","SEMITAU","6108","Sejiram","Sejiram","29","0","0","0","0","0","0"
"KALIMANTAN BARAT","KAPUAS HULU","SILAT HILIR","6108","Miau Merah","Miau Merah","89","3","3","0","0","0","6"
"KALIMANTAN BARAT","KAPUAS HULU","SILAT HULU","6108","Miau Merah","Miau Merah","84","0","0","0","0","0","0"
"KALIMANTAN BARAT","KAPUAS HULU","SUHAID","6108","Selimbau","Selimbau","25","0","0","0","0","0","0"
"KALIMANTAN BARAT","KAYONG UTARA","KEPULAUAN KARIMATA","6111","BP3K KEP KARIMATA","KEP Karimata","5","0","2","0","2","0","4"
"KALIMANTAN BARAT","KAYONG UTARA","PULAU MAYA","6111","PULAU MAYA","Pulau Maya","130","1","3","1","1","0","6"
"KALIMANTAN BARAT","KAYONG UTARA","SEPONTI","6111","Seponti","Seponti","96","1","3","0","2","0","6"
"KALIMANTAN BARAT","KAYONG UTARA","SIMPANG HILIR","6111","Simpang Hilir","Simpang Hilir","175","7","6","0","5","0","18"
"KALIMANTAN BARAT","KAYONG UTARA","SUKADANA","6111","Sukadana","Sukadana","154","4","8","0","10","0","22"
"KALIMANTAN BARAT","KAYONG UTARA","TELUK BATANG","6111","Teluk Batang","Teluk Batang","97","3","5","1","3","0","12"
"KALIMANTAN BARAT","KETAPANG","AIR UPAS","6106","BPP AIR UPAS","AIR Upas","64","1","2","0","0","0","3"
"KALIMANTAN BARAT","KETAPANG","BENUA KAYONG","6106","BPP Benua Kayong","Benua Kayong","116","6","1","6","0","0","13"
"KALIMANTAN BARAT","KETAPANG","DELTA PAWAN","6106","BPP Muara Pawan","Muara Pawan","35","1","0","0","0","0","1"
"KALIMANTAN BARAT","KETAPANG","HULU SUNGAI","6106","Bpp Hulu Sungai","Hulu Sungai","58","1","1","2","0","0","4"
"KALIMANTAN BARAT","KETAPANG","JELAI HULU","6106","BPP Jelai Hulu","Jelai Hulu","70","2","4","3","0","0","9"
"KALIMANTAN BARAT","KETAPANG","KENDAWANGAN","6106","BPP Kendawangan","Kendawangan","154","2","5","2","0","0","9"
"KALIMANTAN BARAT","KETAPANG","MANIS MATA","6106","BPP Manis Mata","Manis Mata","90","1","3","2","0","0","6"
"KALIMANTAN BARAT","KETAPANG","MARAU","6106","BPP Marau.","Marau.","57","2","3","5","0","0","10"
"KALIMANTAN BARAT","KETAPANG","MATAN HILIR SELATAN","6106","BPP Matan Hilir Selatan","Matan Hilir Selatan","260","7","3","5","9","0","24"
"KALIMANTAN BARAT","KETAPANG","MATAN HILIR UTARA","6106","BPP Matan Hilir Utara","Matan Hilir Utara","92","4","2","4","2","0","12"
"KALIMANTAN BARAT","KETAPANG","MUARA PAWAN","6106","BPP Muara Pawan","Muara Pawan","140","6","4","7","3","0","20"
"KALIMANTAN BARAT","KETAPANG","NANGA TAYAP","6106","BPP Nanga Tayap","Nanga Tayap","287","5","4","4","0","0","13"
"KALIMANTAN BARAT","KETAPANG","PEMAHAN","6106","BPP TUMBANG TITI","Tumbang Titi","36","0","0","0","0","0","0"
"KALIMANTAN BARAT","KETAPANG","SANDAI","6106","BPP Sandai","Sandai","113","3","3","1","0","0","7"
"KALIMANTAN BARAT","KETAPANG","SIMPANG DUA","6106","BPP Simpang Dua","Simpang Dua","75","0","3","4","0","0","7"
"KALIMANTAN BARAT","KETAPANG","SIMPANG HULU","6106","BPP Simpang Hulu","Simpang Hulu","170","1","1","9","0","0","11"
"KALIMANTAN BARAT","KETAPANG","SINGKUP","6106","BPP SINGKUP","Singkup","65","1","2","0","0","0","3"
"KALIMANTAN BARAT","KETAPANG","SUNGAI LAUR","6106","BPP Sungai Laur","Sungai Laur","105","3","1","4","0","0","8"
"KALIMANTAN BARAT","KETAPANG","SUNGAI MELAYU RAYAK","6106","BPP Sungai Melayu Rayak","Sungai Melayu Rayak","219","3","3","1","0","0","7"
"KALIMANTAN BARAT","KETAPANG","TUMBANG TITI","6106","BPP TUMBANG TITI","Tumbang Titi","149","2","7","6","0","0","15"
"KALIMANTAN BARAT","KOTA PONTIANAK","PONTIANAK BARAT","6171","BPP Pontianak Barat","Pontianak Barat","29","1","0","0","0","0","1"
"KALIMANTAN BARAT","KOTA PONTIANAK","PONTIANAK KOTA","6171","BPP Pontianak Barat","Pontianak Barat","23","0","0","0","9","0","9"
"KALIMANTAN BARAT","KOTA PONTIANAK","PONTIANAK SELATAN","6171","BPP Pontianak Barat","Pontianak Barat","22","0","0","0","0","0","0"
"KALIMANTAN BARAT","KOTA PONTIANAK","PONTIANAK TENGGARA","6171","BPP Pontianak Barat","Pontianak Barat","19","5","0","0","0","0","5"
"KALIMANTAN BARAT","KOTA PONTIANAK","PONTIANAK TIMUR","6171","BPP Pontianak Utara","Pontianak Utara","19","0","0","0","0","0","0"
"KALIMANTAN BARAT","KOTA PONTIANAK","PONTIANAK UTARA","6171","BPP Pontianak Utara","Pontianak Utara","105","5","1","0","2","0","8"
"KALIMANTAN BARAT","KOTA SINGKAWANG","SINGKAWANG BARAT","6172","Singkawang Selatan","Singkawang Selatan","20","0","0","0","0","0","0"
"KALIMANTAN BARAT","KOTA SINGKAWANG","SINGKAWANG SELATAN","6172","Singkawang Selatan","Singkawang Selatan","103","7","1","0","4","0","12"
"KALIMANTAN BARAT","KOTA SINGKAWANG","SINGKAWANG TENGAH","6172","Singkawang Timur","Singkawang Timur","69","0","0","0","0","0","0"
"KALIMANTAN BARAT","KOTA SINGKAWANG","SINGKAWANG TIMUR","6172","Singkawang Timur","Singkawang Timur","98","4","2","0","4","0","10"
"KALIMANTAN BARAT","KOTA SINGKAWANG","SINGKAWANG UTARA","6172","Singkawang Utara","Singkawang Utara","175","7","0","0","3","0","10"
"KALIMANTAN BARAT","KUBU RAYA","BATU AMPAR","6112","BPP Batu Ampar","Batu Ampar","205","5","2","0","9","0","16"
"KALIMANTAN BARAT","KUBU RAYA","KUALA MANDOR-B","6112","BPP Kuala Mandor-B","Kuala Mandor-B","86","4","1","0","7","0","12"
"KALIMANTAN BARAT","KUBU RAYA","KUBU","6112","BPP Kubu","Kubu","230","5","1","0","10","0","16"
"KALIMANTAN BARAT","KUBU RAYA","RASAU JAYA","6112","BPP Rasau Jaya","Rasau Jaya","129","3","2","0","7","0","12"
"KALIMANTAN BARAT","KUBU RAYA","SUNGAI AMBAWANG","6112","BPP Sungai Ambawang","Sungai Ambawang","331","3","2","0","17","0","22"
"KALIMANTAN BARAT","KUBU RAYA","SUNGAI KAKAP","6112","BPP Sungai Kakap","Sungai Kakap","363","7","1","0","14","0","22"
"KALIMANTAN BARAT","KUBU RAYA","SUNGAI RAYA","6112","BPP SUNGAI RAYA","Sungai Raya","347","7","4","0","19","0","30"
"KALIMANTAN BARAT","KUBU RAYA","TELOK PAKEDAI","6112","BPP Teluk Pakedai","Teluk Pakedai","104","4","2","0","8","0","14"
"KALIMANTAN BARAT","KUBU RAYA","TERENTANG","6112","BPP TERENTANG","Terentang","145","3","3","0","7","0","13"
"KALIMANTAN BARAT","LANDAK","AIR BESAR","6103","BPP Air Besar","Air Besar","264","11","2","3","0","0","16"
"KALIMANTAN BARAT","LANDAK","BANYUKE HULU","6103","BPP Banyuke Hulu","Banyuke Hulu","200","6","0","2","0","0","8"
"KALIMANTAN BARAT","LANDAK","JELIMPO","6103","BPP Jelimpo","Jelimpo","236","7","7","0","0","0","14"
"KALIMANTAN BARAT","LANDAK","KUALA BEHE","6103","BPP Kuala Behe","Kuala Behe","189","8","1","2","0","0","11"
"KALIMANTAN BARAT","LANDAK","MANDOR","6103","BPP Mandor","Mandor","319","8","7","1","0","0","16"
"KALIMANTAN BARAT","LANDAK","MEMPAWAH HULU","6103","BPP Mempawah Hulu","Mempawah Hulu","369","10","6","2","0","0","18"
"KALIMANTAN BARAT","LANDAK","MENJALIN","6103","BPP Menjalin","Menjalin","168","6","1","2","0","0","9"
"KALIMANTAN BARAT","LANDAK","MENYUKE","6103","BPP Menyuke","Menyuke","345","7","5","3","0","0","15"
"KALIMANTAN BARAT","LANDAK","MERANTI","6103","BPP Meranti","Meranti","123","3","1","3","0","0","7"
"KALIMANTAN BARAT","LANDAK","NGABANG","6103","BPP NGABANG","Ngabang","449","8","8","1","0","0","17"
"KALIMANTAN BARAT","LANDAK","SEBANGKI","6103","BPP Sebangki","Sebangki","130","5","0","2","0","0","7"
"KALIMANTAN BARAT","LANDAK","SENGAH TEMILA","6103","BPP Sengah Temila","Sengah Temila","623","13","2","4","0","0","19"
"KALIMANTAN BARAT","LANDAK","SOMPAK","6103","BPP Sompak","Sompak","161","5","3","1","0","0","9"
"KALIMANTAN BARAT","MELAWI","BELIMBING","6110","Beloyang","Beloyang","117","1","0","0","14","0","15"
"KALIMANTAN BARAT","MELAWI","BELIMBING HULU","6110","Beloyang","Beloyang","68","4","3","0","0","0","7"
"KALIMANTAN BARAT","MELAWI","ELLA HILIR","6110","Ella Hilir","Ella Hilir","117","2","2","0","3","0","7"
"KALIMANTAN BARAT","MELAWI","MENUKUNG","6110","BPP Menukung","Menukung","102","3","0","0","0","0","3"
"KALIMANTAN BARAT","MELAWI","NANGA PINOH","6110","Sidomulyo","Sidomulyo","241","10","3","0","1","0","14"
"KALIMANTAN BARAT","MELAWI","PINOH SELATAN","6110","Sidomulyo","Sidomulyo","115","2","0","0","0","0","2"
"KALIMANTAN BARAT","MELAWI","PINOH UTARA","6110","Sidomulyo","Sidomulyo","77","1","1","0","17","0","19"
"KALIMANTAN BARAT","MELAWI","SAYAN","6110","Sayan","Sayan","142","2","1","2","8","0","13"
"KALIMANTAN BARAT","MELAWI","SOKAN","6110","SOKAN","Sokan","70","2","1","2","0","0","5"
"KALIMANTAN BARAT","MELAWI","TANAH PINOH","6110","Kota Baru","Kota Baru","112","3","1","0","5","0","9"
"KALIMANTAN BARAT","MELAWI","TANAH PINOH BARAT","6110","Ulak Muid","Ulak Muid","39","2","0","1","2","0","5"
"KALIMANTAN BARAT","MEMPAWAH","ANJONGAN","6104","BPP Kecamatan Anjongan","Kecamatan Anjongan","66","4","0","0","2","0","6"
"KALIMANTAN BARAT","MEMPAWAH","JONGKAT","6104","BPP Kecamatan Siantan","Kecamatan Siantan","134","6","0","0","5","0","11"
"KALIMANTAN BARAT","MEMPAWAH","MEMPAWAH HILIR","6104","BPP Kecamatan Mempawah Hilir","Kecamatan Mempawah Hilir","80","6","0","0","7","0","13"
"KALIMANTAN BARAT","MEMPAWAH","MEMPAWAH TIMUR","6104","BPP kecamatan Mempawah Timur","kecamatan Mempawah Timur","68","6","1","0","1","0","8"
"KALIMANTAN BARAT","MEMPAWAH","SADANIANG","6104","BPP Kecamatan Sadaniang","Kecamatan Sadaniang","92","4","0","0","6","1","11"
"KALIMANTAN BARAT","MEMPAWAH","SEGEDONG","6104","BPP Kecamatan Segedong","Kecamatan Segedong","121","5","1","0","0","0","6"
"KALIMANTAN BARAT","MEMPAWAH","SUNGAI KUNYIT","6104","BPP Kecamatan Sungai Kunyit","Kecamatan Sungai Kunyit","101","7","0","0","7","0","14"
"KALIMANTAN BARAT","MEMPAWAH","SUNGAI PINYUH","6104","BPP Kecamatan Sungai Pinyuh","Kecamatan Sungai Pinyuh","108","6","0","0","6","0","12"
"KALIMANTAN BARAT","MEMPAWAH","TOHO","6104","BPP Kecamatan Toho","Kecamatan Toho","100","4","0","0","1","0","5"
"KALIMANTAN BARAT","SAMBAS","","6101","BPP Galing","Galing","10","","","","","",""
"KALIMANTAN BARAT","SAMBAS","GALING","6101","BPP Galing","Galing","148","2","2","0","0","0","4"
"KALIMANTAN BARAT","SAMBAS","JAWAI","6101","BPP Jawai","Jawai","304","1","3","0","0","0","4"
"KALIMANTAN BARAT","SAMBAS","JAWAI SELATAN","6101","BPP Jawai Selatan","Jawai Selatan","178","1","3","0","0","0","4"
"KALIMANTAN BARAT","SAMBAS","PALOH","6101","BPP Paloh","Paloh","212","6","0","0","0","0","6"
"KALIMANTAN BARAT","SAMBAS","PEMANGKAT","6101","BPP Pemangkat","Pemangkat","85","3","0","0","0","0","3"
"KALIMANTAN BARAT","SAMBAS","SAJAD","6101","BPP Sajad","Sajad","62","2","2","0","0","0","4"
"KALIMANTAN BARAT","SAMBAS","SAJINGAN BESAR","6101","BPP SAJINGAN BESAR","Sajingan Besar","69","1","1","0","0","0","2"
"KALIMANTAN BARAT","SAMBAS","SALATIGA","6101","BPP Salatiga","Salatiga","103","1","4","0","1","0","6"
"KALIMANTAN BARAT","SAMBAS","SAMBAS","6101","BPP Sambas","Sambas","89","4","1","0","0","0","5"
"KALIMANTAN BARAT","SAMBAS","SEBAWI","6101","BPP Sebawi","Sebawi","67","2","2","0","3","0","7"
"KALIMANTAN BARAT","SAMBAS","SEJANGKUNG","6101","BPP Sejangkung","Sejangkung","128","5","1","0","0","0","6"
"KALIMANTAN BARAT","SAMBAS","SELAKAU","6101","BPP Selakau","Selakau","171","7","1","0","0","0","8"
"KALIMANTAN BARAT","SAMBAS","SELAKAU TIMUR","6101","BPP Selakau Timur","Selakau Timur","96","3","0","0","0","0","3"
"KALIMANTAN BARAT","SAMBAS","SEMPARUK","6101","BPP Semparuk","Semparuk","96","3","1","0","0","0","4"
"KALIMANTAN BARAT","SAMBAS","SUBAH","6101","BPP Subah","Subah","226","2","1","0","0","0","3"
"KALIMANTAN BARAT","SAMBAS","TANGARAN","6101","BPP Tangaran","Tangaran","166","2","4","0","10","0","16"
"KALIMANTAN BARAT","SAMBAS","TEBAS","6101","BPP Tebas","Tebas","450","6","6","0","0","0","12"
"KALIMANTAN BARAT","SAMBAS","TEKARANG","6101","BPP TEKARANG","Tekarang","91","5","0","0","1","0","6"
"KALIMANTAN BARAT","SAMBAS","TELUK KERAMAT","6101","BPP Teluk Keramat","Teluk Keramat","304","2","7","0","0","0","9"
"KALIMANTAN BARAT","SANGGAU","BALAI","6105","Balai","Balai","178","4","4","3","12","0","23"
"KALIMANTAN BARAT","SANGGAU","BEDUAI","6105","Beduai","Beduai","107","4","2","0","6","0","12"
"KALIMANTAN BARAT","SANGGAU","BONTI","6105","BONTI","Bonti","174","7","1","4","1","0","13"
"KALIMANTAN BARAT","SANGGAU","ENTIKONG","6105","Balai Penyuluhan Pertanian kec. Entikong","kec. Entikong","177","3","0","2","7","0","12"
"KALIMANTAN BARAT","SANGGAU","JANGKANG","6105","Jangkang","Jangkang","283","8","3","4","2","0","17"
"KALIMANTAN BARAT","SANGGAU","KAPUAS","6105","Kapuas","Kapuas","391","15","2","3","2","0","22"
"KALIMANTAN BARAT","SANGGAU","KEMBAYAN","6105","Kembayan","Kembayan","174","6","2","1","24","0","33"
"KALIMANTAN BARAT","SANGGAU","MELIAU","6105","BPP Kecamatan Meliau","Kecamatan Meliau","281","4","1","7","0","0","12"
"KALIMANTAN BARAT","SANGGAU","MUKOK","6105","Mukok","Mukok","130","7","1","1","5","0","14"
"KALIMANTAN BARAT","SANGGAU","NOYAN","6105","Noyan","Noyan","111","5","0","0","4","0","9"
"KALIMANTAN BARAT","SANGGAU","PARINDU","6105","BPP Kecamatan Parindu","Kecamatan Parindu","289","7","2","4","3","0","16"
"KALIMANTAN BARAT","SANGGAU","SEKAYAM","6105","Sekayam","Sekayam","269","8","0","1","7","0","16"
"KALIMANTAN BARAT","SANGGAU","TAYAN HILIR","6105","Tayan Hilir","Tayan Hilir","163","4","0","7","0","0","11"
"KALIMANTAN BARAT","SANGGAU","TAYAN HULU","6105","Tayan Hulu","Tayan Hulu","209","6","2","4","1","0","13"
"KALIMANTAN BARAT","SANGGAU","TOBA","6105","Toba","Toba","69","2","1","3","0","0","6"
"KALIMANTAN BARAT","SEKADAU","BELITANG","6109","Belitang","Belitang","106","4","0","0","0","0","4"
"KALIMANTAN BARAT","SEKADAU","BELITANG HILIR","6109","Belitang Hilir","Belitang Hilir","162","4","1","0","0","0","5"
"KALIMANTAN BARAT","SEKADAU","BELITANG HULU","6109","Belitang Hulu","Belitang Hulu","275","5","1","0","0","0","6"
"KALIMANTAN BARAT","SEKADAU","NANGA MAHAP","6109","Nanga Mahap","Nanga Mahap","184","2","1","0","0","0","3"
"KALIMANTAN BARAT","SEKADAU","NANGA TAMAN","6109","Nanga Taman","Nanga Taman","212","6","5","0","0","0","11"
"KALIMANTAN BARAT","SEKADAU","SEKADAU HILIR","6109","Sekadau Hilir","Sekadau Hilir","452","10","6","0","0","0","16"
"KALIMANTAN BARAT","SEKADAU","SEKADAU HULU","6109","Sekadau Hulu","Sekadau Hulu","215","8","3","0","0","0","11"
"KALIMANTAN BARAT","SINTANG","AMBALAU","6107","BPP Ambalau","Ambalau","87","4","1","0","0","0","5"
"KALIMANTAN BARAT","SINTANG","BINJAI HULU","6107","Balai Penyuluh Pertanian Binjai","Balai Penyuluh Pertanian Binjai","110","2","2","0","1","0","5"
"KALIMANTAN BARAT","SINTANG","DEDAI","6107","Balai Penyuluhan Pertanian Dedai","Dedai","250","8","1","0","2","0","11"
"KALIMANTAN BARAT","SINTANG","KAYAN HILIR","6107","Balai Penyuluhan Pertanian Kayan Hilir","Kayan Hilir","307","5","2","0","3","0","10"
"KALIMANTAN BARAT","SINTANG","KAYAN HULU","6107","Balai Penyuluhan Pertanian Kayan Hulu","Kayan Hulu","112","3","2","0","2","0","7"
"KALIMANTAN BARAT","SINTANG","KELAM PERMAI","6107","Balai Penyuluh Pertanian Kelam","Balai Penyuluh Pertanian Kelam","217","5","1","0","15","0","21"
"KALIMANTAN BARAT","SINTANG","KETUNGAU HILIR","6107","Balai Penyuluhan Pertanian Ketungau Hil","Ketungau Hil","124","5","1","0","4","0","10"
"KALIMANTAN BARAT","SINTANG","KETUNGAU HULU","6107","Balai Penyuluhan Pertanian Ketungau Hulu","Ketungau Hulu","151","2","3","0","0","0","5"
"KALIMANTAN BARAT","SINTANG","KETUNGAU TENGAH","6107","BPP Ketungau Tengah","Ketungau Tengah","154","6","1","0","0","0","7"
"KALIMANTAN BARAT","SINTANG","SEPAUK","6107","Balai Penyuluhan Pertanian Sepauk","Sepauk","337","5","3","0","5","0","13"
"KALIMANTAN BARAT","SINTANG","SERAWAI","6107","BPP Serawai","Serawai","114","3","2","0","3","0","8"
"KALIMANTAN BARAT","SINTANG","SINTANG","6107","Balai Penyuluhan Pertanian Sintang","Sintang","113","3","1","0","2","0","6"
"KALIMANTAN BARAT","SINTANG","SUNGAI TEBELIAN","6107","Balai Penyuluhan Pertanian Tebelian","Tebelian","228","5","1","0","14","0","20"
"KALIMANTAN BARAT","SINTANG","TEMPUNAK","6107","Balai Penyuluh Pertanian Tempunak","Balai Penyuluh Pertanian Tempunak","261","6","0","0","4","0","10"
"KALIMANTAN SELATAN","BALANGAN","AWAYAN","6311","BPP Awayan","Awayan","194","3","1","22","2","0","28"
"KALIMANTAN SELATAN","BALANGAN","BATU MANDI","6311","BPP Batu Mandi","Batu Mandi","193","4","5","12","2","0","23"
"KALIMANTAN SELATAN","BALANGAN","HALONG","6311","BPP Halong","Halong","296","6","2","19","2","0","29"
"KALIMANTAN SELATAN","BALANGAN","JUAI","6311","BPP Juai","Juai","209","4","2","17","2","0","25"
"KALIMANTAN SELATAN","BALANGAN","LAMPIHONG","6311","Lampihong","Lampihong","190","4","7","19","4","0","34"
"KALIMANTAN SELATAN","BALANGAN","PARINGIN","6311","BPP Paringin","Paringin","145","5","4","9","3","0","21"
"KALIMANTAN SELATAN","BALANGAN","PARINGIN SELATAN","6311","BPP Paringin Selatan","Paringin Selatan","101","6","2","12","2","0","22"
"KALIMANTAN SELATAN","BALANGAN","TEBING TINGGI","6311","BPP Tebing Tinggi","Tebing Tinggi","101","4","3","6","2","0","15"
"KALIMANTAN SELATAN","BANJAR","ALUH - ALUH","6303","BPP Aluh-Aluh","Aluh-Aluh","153","5","5","0","9","0","19"
"KALIMANTAN SELATAN","BANJAR","ARANIO","6303","BPP Aranio","Aranio","83","4","7","0","12","0","23"
"KALIMANTAN SELATAN","BANJAR","ASTAMBUL","6303","BPP Astambul","Astambul","185","7","6","0","7","0","20"
"KALIMANTAN SELATAN","BANJAR","BERUNTUNG BARU","6303","BPP Beruntung Baru","Beruntung Baru","122","8","3","0","7","0","18"
"KALIMANTAN SELATAN","BANJAR","CINTAPURI DARUSSALAM","6303","BPP Cintapuri Darussalam","Cintapuri Darussalam","76","5","3","0","10","0","18"
"KALIMANTAN SELATAN","BANJAR","GAMBUT","6303","BPP Gambut","Gambut","159","5","7","1","7","0","20"
"KALIMANTAN SELATAN","BANJAR","KARANG INTAN","6303","BPP Karang Intan","Karang Intan","242","11","7","1","6","0","25"
"KALIMANTAN SELATAN","BANJAR","KERTAK HANYAR","6303","BPP Kertak Hanyar","Kertak Hanyar","73","5","1","0","4","0","10"
"KALIMANTAN SELATAN","BANJAR","MARTAPURA","6303","BPP Martapura","Martapura","106","7","2","0","3","0","12"
"KALIMANTAN SELATAN","BANJAR","MARTAPURA BARAT","6303","BPP Martapura Barat","Martapura Barat","134","4","8","0","6","0","18"
"KALIMANTAN SELATAN","BANJAR","MARTAPURA TIMUR","6303","BPP Martapura Timur","Martapura Timur","106","7","4","0","6","0","17"
"KALIMANTAN SELATAN","BANJAR","MATARAMAN","6303","BPP Mataraman","Mataraman","148","5","6","1","10","0","22"
"KALIMANTAN SELATAN","BANJAR","PARAMASAN","6303","BPP Paramasan","Paramasan","24","2","0","0","1","0","3"
"KALIMANTAN SELATAN","BANJAR","PENGARON","6303","BPP Pengaron","Pengaron","108","3","5","0","2","0","10"
"KALIMANTAN SELATAN","BANJAR","SAMBUNG MAKMUR","6303","BPP Sambung Makmur","Sambung Makmur","68","3","4","0","7","0","14"
"KALIMANTAN SELATAN","BANJAR","SIMPANG EMPAT","6303","BPP Simpang Empat","Simpang Empat","117","4","6","1","9","0","20"
"KALIMANTAN SELATAN","BANJAR","SUNGAI PINANG","6303","BPP Sei Pinang","Sei Pinang","102","5","2","0","3","0","10"
"KALIMANTAN SELATAN","BANJAR","SUNGAI TABUK","6303","BPP Sungai Tabuk","Sungai Tabuk","228","6","7","0","14","0","27"
"KALIMANTAN SELATAN","BANJAR","TATAH MAKMUR","6303","BPP Tatah Makmur","Tatah Makmur","89","3","6","0","2","0","11"
"KALIMANTAN SELATAN","BANJAR","TELAGA BAUNTUNG","6303","Telaga Bauntung","Telaga Bauntung","30","3","1","0","4","0","8"
"KALIMANTAN SELATAN","BARITO KUALA","ALALAK","6304","BPP Alalak","Alalak","155","6","1","0","2","0","9"
"KALIMANTAN SELATAN","BARITO KUALA","ANJIR MUARA","6304","Anjir Muara","Anjir Muara","149","7","1","0","6","0","14"
"KALIMANTAN SELATAN","BARITO KUALA","ANJIR PASAR","6304","Anjir Pasar","Anjir Pasar","137","4","2","1","6","0","13"
"KALIMANTAN SELATAN","BARITO KUALA","BAKUMPAI","6304","Bakumpai","Bakumpai","74","2","2","1","4","0","9"
"KALIMANTAN SELATAN","BARITO KUALA","BARAMBAI","6304","BPP Barambai","Barambai","145","4","0","1","4","0","9"
"KALIMANTAN SELATAN","BARITO KUALA","BELAWANG","6304","Belawang","Belawang","108","5","1","0","11","2","19"
"KALIMANTAN SELATAN","BARITO KUALA","CERBON","6304","Cerbon","Cerbon","85","3","3","0","6","0","12"
"KALIMANTAN SELATAN","BARITO KUALA","JEJANGKIT","6304","Jejangkit","Jejangkit","71","3","0","1","7","0","11"
"KALIMANTAN SELATAN","BARITO KUALA","KURIPAN","6304","Kuripan","Kuripan","40","1","0","0","0","0","1"
"KALIMANTAN SELATAN","BARITO KUALA","MANDASTANA","6304","Mandastana","Mandastana","112","7","1","0","10","0","18"
"KALIMANTAN SELATAN","BARITO KUALA","MARABAHAN","6304","Marabahan","Marabahan","115","5","1","0","4","0","10"
"KALIMANTAN SELATAN","BARITO KUALA","MEKAR SARI","6304","Mekar Sari","Mekar Sari","119","4","3","0","3","0","10"
"KALIMANTAN SELATAN","BARITO KUALA","RANTAU BADAUH","6304","Rantau Badauh","Rantau Badauh","141","6","2","0","6","0","14"
"KALIMANTAN SELATAN","BARITO KUALA","TABUKAN","6304","Tabukan","Tabukan","83","3","3","1","8","0","15"
"KALIMANTAN SELATAN","BARITO KUALA","TABUNGANEN","6304","Tabunganen","Tabunganen","151","3","3","0","2","0","8"
"KALIMANTAN SELATAN","BARITO KUALA","TAMBAN","6304","BPP Tamban","Tamban","188","4","4","0","5","0","13"
"KALIMANTAN SELATAN","BARITO KUALA","WANARAYA","6304","Wanaraya","Wanaraya","122","3","5","0","9","0","17"
"KALIMANTAN SELATAN","HULU SUNGAI SELATAN","ANGKINANG","6306","BPP Angkinang","Angkinang","117","6","1","0","2","0","9"
"KALIMANTAN SELATAN","HULU SUNGAI SELATAN","DAHA BARAT","6306","BPP Daha Barat","Daha Barat","52","6","0","0","4","0","10"
"KALIMANTAN SELATAN","HULU SUNGAI SELATAN","DAHA SELATAN","6306","BPP Daha Selatan","Daha Selatan","88","4","3","0","4","0","11"
"KALIMANTAN SELATAN","HULU SUNGAI SELATAN","DAHA UTARA","6306","BPP Daha Utara","Daha Utara","115","4","4","0","4","0","12"
"KALIMANTAN SELATAN","HULU SUNGAI SELATAN","KALUMPANG","6306","BPP Kalumpang","Kalumpang","65","4","4","0","1","0","9"
"KALIMANTAN SELATAN","HULU SUNGAI SELATAN","KANDANGAN","6306","BPP Kandangan","Kandangan","115","6","5","0","4","0","15"
"KALIMANTAN SELATAN","HULU SUNGAI SELATAN","LOKSADO","6306","BPP Loksado","Loksado","67","4","3","0","6","0","13"
"KALIMANTAN SELATAN","HULU SUNGAI SELATAN","PADANG BATUNG","6306","BPP Padang Batung","Padang Batung","116","4","2","0","5","0","11"
"KALIMANTAN SELATAN","HULU SUNGAI SELATAN","SIMPUR","6306","BPP Simpur","Simpur","104","6","4","0","1","0","11"
"KALIMANTAN SELATAN","HULU SUNGAI SELATAN","SUNGAI RAYA","6306","BPP Sungai Raya","Sungai Raya","102","10","1","0","3","0","14"
"KALIMANTAN SELATAN","HULU SUNGAI SELATAN","TELAGA LANGSAT","6306","BPP Telaga Langsat","Telaga Langsat","106","6","2","0","12","0","20"
"KALIMANTAN SELATAN","HULU SUNGAI TENGAH","BARABAI","6307","BPP Kecamatan Barabai","Kecamatan Barabai","130","4","5","2","14","0","25"
"KALIMANTAN SELATAN","HULU SUNGAI TENGAH","BATANG ALAI SELATAN","6307","BPP Kecamatan Batang Alai Selatan","Kecamatan Batang Alai Selatan","155","8","5","1","19","0","33"
"KALIMANTAN SELATAN","HULU SUNGAI TENGAH","BATANG ALAI TIMUR","6307","BPP Kecamatan Batang Alai Timur","Kecamatan Batang Alai Timur","61","2","3","3","7","0","15"
"KALIMANTAN SELATAN","HULU SUNGAI TENGAH","BATANG ALAI UTARA","6307","BPP Kecamatan Batang Alai Utara","Kecamatan Batang Alai Utara","111","7","2","1","14","0","24"
"KALIMANTAN SELATAN","HULU SUNGAI TENGAH","BATU BENAWA","6307","BPP Kecamatan Batu Benawa","Kecamatan Batu Benawa","95","6","3","1","14","0","24"
"KALIMANTAN SELATAN","HULU SUNGAI TENGAH","HANTAKAN","6307","BPP Kecamatan Hantakan","Kecamatan Hantakan","107","4","5","1","12","0","22"
"KALIMANTAN SELATAN","HULU SUNGAI TENGAH","HARUYAN","6307","BPP Kecamatan Haruyan","Kecamatan Haruyan","137","10","1","1","17","0","29"
"KALIMANTAN SELATAN","HULU SUNGAI TENGAH","LABUAN AMAS SELATAN","6307","BPP Kecamatan Labuan Amas Selatan","Kecamatan Labuan Amas Selatan","177","9","2","1","18","0","30"
"KALIMANTAN SELATAN","HULU SUNGAI TENGAH","LABUAN AMAS UTARA","6307","BPP Kecamatan Labuan Amas Utara","Kecamatan Labuan Amas Utara","159","7","3","2","23","2","37"
"KALIMANTAN SELATAN","HULU SUNGAI TENGAH","LIMPASU","6307","BPP Kecamatan Limpasu","Kecamatan Limpasu","98","6","2","2","9","0","19"
"KALIMANTAN SELATAN","HULU SUNGAI TENGAH","PANDAWAN","6307","BPP Kecamatan Pandawan","Kecamatan Pandawan","190","7","4","2","22","0","35"
"KALIMANTAN SELATAN","HULU SUNGAI UTARA","","6308","BPP Amuntai Selatan","Amuntai Selatan","0","","","","","",""
"KALIMANTAN SELATAN","HULU SUNGAI UTARA","AMUNTAI SELATAN","6308","BPP Amuntai Selatan","Amuntai Selatan","127","7","5","0","2","0","14"
"KALIMANTAN SELATAN","HULU SUNGAI UTARA","AMUNTAI TENGAH","6308","BPP Amuntai Tengah","Amuntai Tengah","109","4","7","0","5","0","16"
"KALIMANTAN SELATAN","HULU SUNGAI UTARA","AMUNTAI UTARA","6308","BPP Amuntai Utara","Amuntai Utara","122","8","3","0","12","0","23"
"KALIMANTAN SELATAN","HULU SUNGAI UTARA","BABIRIK","6308","BPP Babirik","Babirik","139","5","5","0","8","0","18"
"KALIMANTAN SELATAN","HULU SUNGAI UTARA","BANJANG","6308","BPP Banjang","Banjang","123","6","5","0","5","0","16"
"KALIMANTAN SELATAN","HULU SUNGAI UTARA","DANAU PANGGANG","6308","BPP Danau Panggang","Danau Panggang","111","4","5","0","6","0","15"
"KALIMANTAN SELATAN","HULU SUNGAI UTARA","HAUR GADING","6308","BPP Haur Gading","Haur Gading","90","3","6","0","2","0","11"
"KALIMANTAN SELATAN","HULU SUNGAI UTARA","PAMINGGIR","6308","BPP Danau Panggang","Danau Panggang","63","0","0","0","2","0","2"
"KALIMANTAN SELATAN","HULU SUNGAI UTARA","SUNGAI PANDAN","6308","BPP Sungai Pandan","Sungai Pandan","159","6","5","0","8","0","19"
"KALIMANTAN SELATAN","HULU SUNGAI UTARA","SUNGAI TABUKAN","6308","BPP SUNGAI TABUKAN","Sungai Tabukan","85","6","3","0","3","0","12"
"KALIMANTAN SELATAN","KOTA BANJAR BARU","BANJAR BARU SELATAN","6372","UPT BPP Banjarbaru","Banjarbaru","33","5","2","0","4","0","11"
"KALIMANTAN SELATAN","KOTA BANJAR BARU","BANJAR BARU UTARA","6372","UPT BPP Banjarbaru","Banjarbaru","53","1","0","0","11","0","12"
"KALIMANTAN SELATAN","KOTA BANJAR BARU","CEMPAKA","6372","UPT BPP Cempaka","Cempaka","81","5","3","0","14","0","22"
"KALIMANTAN SELATAN","KOTA BANJAR BARU","LANDASAN ULIN","6372","UPT BPP Landasan Ulin","Landasan Ulin","75","5","3","0","9","0","17"
"KALIMANTAN SELATAN","KOTA BANJAR BARU","LIANG ANGGANG","6372","UPT BPP Liang Anggang","Liang Anggang","62","5","3","0","7","0","15"
"KALIMANTAN SELATAN","KOTA BANJARMASIN","BANJARMASIN BARAT","6371","BPP Banjarmasin Barat","Banjarmasin Barat","30","2","2","0","2","0","6"
"KALIMANTAN SELATAN","KOTA BANJARMASIN","BANJARMASIN SELATAN","6371","BPP Banjarmasin Selatan","Banjarmasin Selatan","94","1","6","1","9","0","17"
"KALIMANTAN SELATAN","KOTA BANJARMASIN","BANJARMASIN TENGAH","6371","Banjarmasin Tengah","Banjarmasin Tengah","24","2","1","0","1","0","4"
"KALIMANTAN SELATAN","KOTA BANJARMASIN","BANJARMASIN TIMUR","6371","BPP Banjarmasin Timur","Banjarmasin Timur","54","3","2","0","3","0","8"
"KALIMANTAN SELATAN","KOTA BANJARMASIN","BANJARMASIN UTARA","6371","Banjarmasin Utara","Banjarmasin Utara","45","3","1","1","2","0","7"
"KALIMANTAN SELATAN","KOTA BARU","HAMPANG","6302","BPP Kecamatan Kelumpang Hilir","Kecamatan Kelumpang Hilir","98","0","0","0","1","0","1"
"KALIMANTAN SELATAN","KOTA BARU","KELUMPANG BARAT","6302","BPP Kecamatan Kelumpang Hilir","Kecamatan Kelumpang Hilir","71","0","0","0","0","0","0"
"KALIMANTAN SELATAN","KOTA BARU","KELUMPANG HILIR","6302","BPP Kecamatan Kelumpang Hilir","Kecamatan Kelumpang Hilir","88","7","3","1","2","0","13"
"KALIMANTAN SELATAN","KOTA BARU","KELUMPANG HULU","6302","BPP Kecamatan Kelumpang Hilir","Kecamatan Kelumpang Hilir","134","0","0","0","0","0","0"
"KALIMANTAN SELATAN","KOTA BARU","KELUMPANG SELATAN","6302","BPP Kecamatan Kelumpang Hilir","Kecamatan Kelumpang Hilir","116","0","0","0","1","0","1"
"KALIMANTAN SELATAN","KOTA BARU","KELUMPANG TENGAH","6302","BPP Kecamatan Kelumpang Tengah","Kecamatan Kelumpang Tengah","94","5","2","1","2","0","10"
"KALIMANTAN SELATAN","KOTA BARU","KELUMPANG UTARA","6302","BPP Kecamatan Kelumpang Tengah","Kecamatan Kelumpang Tengah","50","0","0","0","0","0","0"
"KALIMANTAN SELATAN","KOTA BARU","PAMUKAN BARAT","6302","BPP Kecamatan Pamukan Barat","Kecamatan Pamukan Barat","49","1","2","0","2","0","5"
"KALIMANTAN SELATAN","KOTA BARU","PAMUKAN SELATAN","6302","BPP Kecamatan Kelumpang Tengah","Kecamatan Kelumpang Tengah","69","0","0","0","1","0","1"
"KALIMANTAN SELATAN","KOTA BARU","PAMUKAN UTARA","6302","BPP Kecamatan Pamukan Barat","Kecamatan Pamukan Barat","67","1","0","0","0","0","1"
"KALIMANTAN SELATAN","KOTA BARU","PULAU LAUT BARAT","6302","BPP Kecamatan Pulaulaut Barat","Kecamatan Pulaulaut Barat","80","4","2","0","1","0","7"
"KALIMANTAN SELATAN","KOTA BARU","PULAU LAUT KEPULAUAN","6302","BPP Kecamatan Pulaulaut Tanjung Selayar","Kecamatan Pulaulaut Tanjung Selayar","66","0","0","0","1","0","1"
"KALIMANTAN SELATAN","KOTA BARU","PULAU LAUT SELATAN","6302","BPP Kecamatan Pulaulaut Barat","Kecamatan Pulaulaut Barat","76","0","0","0","0","0","0"
"KALIMANTAN SELATAN","KOTA BARU","PULAU LAUT TANJUNG SELAYAR","6302","BPP Kecamatan Pulaulaut Tanjung Selayar","Kecamatan Pulaulaut Tanjung Selayar","72","1","3","2","0","0","6"
"KALIMANTAN SELATAN","KOTA BARU","PULAU LAUT TENGAH","6302","BPP Kecamatan Pulaulaut Utara","Kecamatan Pulaulaut Utara","75","0","0","0","0","0","0"
"KALIMANTAN SELATAN","KOTA BARU","PULAU LAUT TIMUR","6302","BPP Kecamatan Pulaulaut timur","Kecamatan Pulaulaut timur","83","7","0","0","0","0","7"
"KALIMANTAN SELATAN","KOTA BARU","PULAU LAUT UTARA","6302","BPP Kecamatan Pulaulaut Utara","Kecamatan Pulaulaut Utara","72","6","1","0","0","0","7"
"KALIMANTAN SELATAN","KOTA BARU","PULAU SEBUKU","6302","BPP Kecamatan Pulaulaut timur","Kecamatan Pulaulaut timur","10","0","0","0","0","0","0"
"KALIMANTAN SELATAN","KOTA BARU","PULAU SEMBILAN","6302","BPP Kecamatan Pulaulaut Tanjung Selayar","Kecamatan Pulaulaut Tanjung Selayar","3","0","0","0","0","0","0"
"KALIMANTAN SELATAN","KOTA BARU","SAMPANAHAN","6302","BPP Kecamatan Kelumpang Tengah","Kecamatan Kelumpang Tengah","96","0","0","0","1","0","1"
"KALIMANTAN SELATAN","KOTA BARU","SUNGAI DURIAN","6302","BPP Kecamatan Pamukan Barat","Kecamatan Pamukan Barat","65","0","0","0","0","0","0"
"KALIMANTAN SELATAN","TABALONG","BANUA LAWAS","6309","BPP Banua Lawas","Banua Lawas","111","6","4","0","15","0","25"
"KALIMANTAN SELATAN","TABALONG","BINTANG ARA","6309","BPP Bintang Ara","Bintang Ara","54","4","1","1","4","0","10"
"KALIMANTAN SELATAN","TABALONG","HARUAI","6309","BPP Kembang Kuning","Kembang Kuning","113","5","6","0","13","0","24"
"KALIMANTAN SELATAN","TABALONG","JARO","6309","BPP Jaro","Jaro","58","6","1","2","7","0","16"
"KALIMANTAN SELATAN","TABALONG","KELUA","6309","BPP Kelua","Kelua","70","5","4","0","14","0","23"
"KALIMANTAN SELATAN","TABALONG","MUARA HARUS","6309","BPP Tanta","Tanta","38","2","2","0","4","0","8"
"KALIMANTAN SELATAN","TABALONG","MUARA UYA","6309","BPP Muara Uya","Muara Uya","140","4","3","1","12","0","20"
"KALIMANTAN SELATAN","TABALONG","MURUNG PUDAK","6309","BPP Tanjung","Tanjung","41","2","1","0","5","0","8"
"KALIMANTAN SELATAN","TABALONG","PUGAAN","6309","BPP Kelua","Kelua","39","1","0","0","0","0","1"
"KALIMANTAN SELATAN","TABALONG","TANJUNG","6309","BPP Tanjung","Tanjung","86","6","3","0","5","0","14"
"KALIMANTAN SELATAN","TABALONG","TANTA","6309","BPP Tanta","Tanta","82","5","4","0","9","0","18"
"KALIMANTAN SELATAN","TABALONG","UPAU","6309","BPP Kembang Kuning","Kembang Kuning","49","1","0","0","6","0","7"
"KALIMANTAN SELATAN","TANAH BUMBU","ANGSANA","6310","BPP Angsana","Angsana","86","4","1","1","1","0","7"
"KALIMANTAN SELATAN","TANAH BUMBU","BATU LICIN","6310","BPP BATULICIN","Batulicin","82","6","6","0","1","0","13"
"KALIMANTAN SELATAN","TANAH BUMBU","KARANG BINTANG","6310","BPP Karang Bintang","Karang Bintang","141","6","3","0","2","0","11"
"KALIMANTAN SELATAN","TANAH BUMBU","KURANJI","6310","BPP Kuranji","Kuranji","67","3","3","0","2","0","8"
"KALIMANTAN SELATAN","TANAH BUMBU","KUSAN HILIR","6310","BPP Kusan Hilir","Kusan Hilir","77","13","1","4","9","0","27"
"KALIMANTAN SELATAN","TANAH BUMBU","KUSAN HULU","6310","BPP Kusan Hulu","Kusan Hulu","115","8","0","3","5","0","16"
"KALIMANTAN SELATAN","TANAH BUMBU","KUSAN TENGAH","6310","BPP Kusan Hilir","Kusan Hilir","190","0","3","0","0","0","3"
"KALIMANTAN SELATAN","TANAH BUMBU","MANTEWE","6310","BPP Mantewe","Mantewe","163","6","3","1","4","0","14"
"KALIMANTAN SELATAN","TANAH BUMBU","SATUI","6310","BPP Satui","Satui","193","7","1","0","4","0","12"
"KALIMANTAN SELATAN","TANAH BUMBU","SIMPANG EMPAT","6310","BPP BATULICIN","Batulicin","42","0","1","0","1","0","2"
"KALIMANTAN SELATAN","TANAH BUMBU","SUNGAI LOBAN","6310","BPP Sungai Loban","Sungai Loban","122","3","4","1","2","0","10"
"KALIMANTAN SELATAN","TANAH BUMBU","TELUK KEPAYANG","6310","BPP Kusan Hulu","Kusan Hulu","68","0","1","0","0","0","1"
"KALIMANTAN SELATAN","TANAH LAUT","BAJUIN","6301","UPT. Balai Penyuluhan Pertanian. Bajuin","Upt. Balai Penyuluhan Pertanian. Bajuin","140","7","1","0","4","0","12"
"KALIMANTAN SELATAN","TANAH LAUT","BATI - BATI","6301","UPT BPP Kecamatan Bati-Bati","Kecamatan Bati-Bati","177","7","3","0","10","0","20"
"KALIMANTAN SELATAN","TANAH LAUT","BATU AMPAR","6301","BPP Batu Ampar","Batu Ampar","159","8","2","0","7","0","17"
"KALIMANTAN SELATAN","TANAH LAUT","BUMI MAKMUR","6301","UPT BPP Bumi Makmur","Bumi Makmur","167","5","1","0","7","0","13"
"KALIMANTAN SELATAN","TANAH LAUT","JORONG","6301","UPT. BPP KECAMATAN JORONG","Kecamatan Jorong","145","4","2","0","6","0","12"
"KALIMANTAN SELATAN","TANAH LAUT","KINTAP","6301","UPT BPP Kecamatan Kintap Tanah Laut","Kecamatan Kintap Tanah Laut","118","2","1","0","9","0","12"
"KALIMANTAN SELATAN","TANAH LAUT","KURAU","6301","UPT BPP KURAU","Kurau","184","5","2","0","20","0","27"
"KALIMANTAN SELATAN","TANAH LAUT","PANYIPATAN","6301","UPT.BPP KEC. PANYIPATAN","Kec. Panyipatan","259","6","3","0","15","0","24"
"KALIMANTAN SELATAN","TANAH LAUT","PELAIHARI","6301","UPT BPP Kecamatan Pelaihari","Kecamatan Pelaihari","258","13","1","0","23","0","37"
"KALIMANTAN SELATAN","TANAH LAUT","TAKISUNG","6301","UPT BPP KECAMATAN TAKISUNG","Kecamatan Takisung","293","6","1","0","11","0","18"
"KALIMANTAN SELATAN","TANAH LAUT","TAMBANG ULANG","6301","UPT BPP Kecamatan Tambang Ulang","Kecamatan Tambang Ulang","158","6","2","0","11","0","19"
"KALIMANTAN SELATAN","TAPIN","","6305","BPP Kecamatan Candi Laras Selatan","Kecamatan Candi Laras Selatan","10","","","","","",""
"KALIMANTAN SELATAN","TAPIN","BAKARANGAN","6305","BPP Kecamatan Bakarangan","Kecamatan Bakarangan","121","4","2","1","12","0","19"
"KALIMANTAN SELATAN","TAPIN","BINUANG","6305","BPP Kecamatan Binuang","Kecamatan Binuang","91","4","2","0","9","0","15"
"KALIMANTAN SELATAN","TAPIN","BUNGUR","6305","BPP Kecamatan Bungur","Kecamatan Bungur","82","7","1","1","13","0","22"
"KALIMANTAN SELATAN","TAPIN","CANDI LARAS SELATAN","6305","BPP Kecamatan Candi Laras Selatan","Kecamatan Candi Laras Selatan","130","6","1","1","12","0","20"
"KALIMANTAN SELATAN","TAPIN","CANDI LARAS UTARA","6305","BPP Kecamatan Candi Laras Utara","Kecamatan Candi Laras Utara","187","4","3","1","13","0","21"
"KALIMANTAN SELATAN","TAPIN","HATUNGUN","6305","BPP Kecamatan Hatungun","Kecamatan Hatungun","82","2","2","0","11","0","15"
"KALIMANTAN SELATAN","TAPIN","LOKPAIKAT","6305","BPP Kecamatan Lokpaikat","Kecamatan Lokpaikat","79","5","3","0","12","0","20"
"KALIMANTAN SELATAN","TAPIN","PIANI","6305","BPP Kecamatan Piani","Kecamatan Piani","62","2","1","0","8","0","11"
"KALIMANTAN SELATAN","TAPIN","SALAM BABARIS","6305","BPP Kecamatan Salam Babaris","Kecamatan Salam Babaris","98","3","2","1","8","0","14"
"KALIMANTAN SELATAN","TAPIN","TAPIN SELATAN","6305","BPP Kecamatan Tapin Selatan","Kecamatan Tapin Selatan","149","3","4","0","21","0","28"
"KALIMANTAN SELATAN","TAPIN","TAPIN TENGAH","6305","BPP Kecamatan Tapin Tengah","Kecamatan Tapin Tengah","182","3","6","1","19","3","32"
"KALIMANTAN SELATAN","TAPIN","TAPIN UTARA","6305","BPP Kecamatan Tapin Utara","Kecamatan Tapin Utara","104","5","2","0","17","0","24"
"KALIMANTAN TENGAH","BARITO SELATAN","DUSUN HILIR","6204","UPT BPP Kecamatan Dusun Hilir","Kecamatan Dusun Hilir","96","2","0","5","0","0","7"
"KALIMANTAN TENGAH","BARITO SELATAN","DUSUN SELATAN","6204","UPT BPP Kecamatan Dusun Selatan","Kecamatan Dusun Selatan","169","15","7","9","7","0","38"
"KALIMANTAN TENGAH","BARITO SELATAN","DUSUN UTARA","6204","UPT BPP Kecamatan Dusun Utara","Kecamatan Dusun Utara","126","4","7","10","0","0","21"
"KALIMANTAN TENGAH","BARITO SELATAN","GUNUNG BINTANG AWAI","6204","UPT BPP Kecamatan Gunung Bintang Awai","Kecamatan Gunung Bintang Awai","189","7","10","7","0","0","24"
"KALIMANTAN TENGAH","BARITO SELATAN","JENAMAS","6204","UPT BPP Kecamatan Jenamas","Kecamatan Jenamas","38","0","0","3","0","0","3"
"KALIMANTAN TENGAH","BARITO SELATAN","KARAU KUALA","6204","UPT BPP Kecamatan Karau Kuala","Kecamatan Karau Kuala","69","5","3","3","2","0","13"
"KALIMANTAN TENGAH","BARITO TIMUR","","6212","BPP Raren Batuah","Raren Batuah","10","","","","","",""
"KALIMANTAN TENGAH","BARITO TIMUR","AWANG","6212","BPP Awang","Awang","84","5","3","0","0","0","8"
"KALIMANTAN TENGAH","BARITO TIMUR","BENUA LIMA","6212","BPP Benua Lima","Benua Lima","51","6","1","1","0","0","8"
"KALIMANTAN TENGAH","BARITO TIMUR","DUSUN TENGAH","6212","BPP Dusun Tengah","Dusun Tengah","169","6","4","5","1","0","16"
"KALIMANTAN TENGAH","BARITO TIMUR","DUSUN TIMUR","6212","BPP Dusun Timur","Dusun Timur","80","6","3","5","0","0","14"
"KALIMANTAN TENGAH","BARITO TIMUR","KARUSEN JANANG","6212","BPP Karusen Janang","Karusen Janang","44","5","3","1","0","0","9"
"KALIMANTAN TENGAH","BARITO TIMUR","PAJU EPAT","6212","BPP Paju Epat","Paju Epat","29","5","2","1","1","0","9"
"KALIMANTAN TENGAH","BARITO TIMUR","PAKU","6212","BPP Paku","Paku","93","8","3","3","3","0","17"
"KALIMANTAN TENGAH","BARITO TIMUR","PATANGKEP TUTUI","6212","BPP Kecamatan Patangkep Tutui","Kecamatan Patangkep Tutui","56","8","0","0","0","0","8"
"KALIMANTAN TENGAH","BARITO TIMUR","PEMATANG KARAU","6212","BPP Pematang Karau","Pematang Karau","118","11","1","3","0","0","15"
"KALIMANTAN TENGAH","BARITO TIMUR","RAREN BATUAH","6212","BPP Raren Batuah","Raren Batuah","43","7","1","1","0","0","9"
"KALIMANTAN TENGAH","BARITO UTARA","","6205","Bp3K Teweh Selatan","Teweh Selatan","10","","","","","",""
"KALIMANTAN TENGAH","BARITO UTARA","GUNUNG PUREI","6205","BP3K Lampeong","Lampeong","31","2","1","0","1","0","4"
"KALIMANTAN TENGAH","BARITO UTARA","GUNUNG TIMANG","6205","BP3K Gunung Timang","Gunung Timang","103","11","7","1","5","0","24"
"KALIMANTAN TENGAH","BARITO UTARA","LAHEI","6205","BP3K Muara Teweh","Muara Teweh","40","0","0","0","0","0","0"
"KALIMANTAN TENGAH","BARITO UTARA","LAHEI BARAT","6205","BP3K Muara Teweh","Muara Teweh","23","1","3","0","1","0","5"
"KALIMANTAN TENGAH","BARITO UTARA","MONTALAT","6205","BP3K Montallat","Montallat","57","3","6","0","3","1","13"
"KALIMANTAN TENGAH","BARITO UTARA","TEWEH BARU","6205","Bp3K Teweh Selatan","Teweh Selatan","71","1","0","0","0","0","1"
"KALIMANTAN TENGAH","BARITO UTARA","TEWEH SELATAN","6205","Bp3K Teweh Selatan","Teweh Selatan","128","14","9","0","5","0","28"
"KALIMANTAN TENGAH","BARITO UTARA","TEWEH TENGAH","6205","BP3K Muara Teweh","Muara Teweh","89","12","9","0","5","1","27"
"KALIMANTAN TENGAH","BARITO UTARA","TEWEH TIMUR","6205","BPP TEWEH TIMUR","Teweh Timur","72","3","4","0","5","0","12"
"KALIMANTAN TENGAH","GUNUNG MAS","DAMANG BATU","6211","BPP Kahayan Hulu Utara","Kahayan Hulu Utara","18","0","1","0","0","0","1"
"KALIMANTAN TENGAH","GUNUNG MAS","KAHAYAN HULU UTARA","6211","BPP Kahayan Hulu Utara","Kahayan Hulu Utara","34","0","3","0","0","0","3"
"KALIMANTAN TENGAH","GUNUNG MAS","KURUN","6211","BP3K Kurun","Kurun","155","8","3","0","0","0","11"
"KALIMANTAN TENGAH","GUNUNG MAS","MANUHING","6211","BP3K Manuhing","Manuhing","82","3","3","0","0","0","6"
"KALIMANTAN TENGAH","GUNUNG MAS","MANUHING RAYA","6211","BP3K Manuhing","Manuhing","34","0","1","0","0","0","1"
"KALIMANTAN TENGAH","GUNUNG MAS","MIHING RAYA","6211","BP3K MIHING RAYA","Mihing Raya","66","2","3","4","0","0","9"
"KALIMANTAN TENGAH","GUNUNG MAS","MIRI MANASA","6211","BPP Kahayan Hulu Utara","Kahayan Hulu Utara","39","0","0","0","0","0","0"
"KALIMANTAN TENGAH","GUNUNG MAS","RUNGAN","6211","BP3K Rungan","Rungan","48","0","3","2","0","0","5"
"KALIMANTAN TENGAH","GUNUNG MAS","RUNGAN BARAT","6211","BP3K Rungan","Rungan","25","1","1","0","0","0","2"
"KALIMANTAN TENGAH","GUNUNG MAS","RUNGAN HULU","6211","BP3K Rungan","Rungan","20","1","0","0","0","0","1"
"KALIMANTAN TENGAH","GUNUNG MAS","SEPANG","6211","BP3K MIHING RAYA","Mihing Raya","76","0","1","0","0","0","1"
"KALIMANTAN TENGAH","GUNUNG MAS","TEWAH","6211","BP3K Tewah","Tewah","83","2","4","1","0","0","7"
"KALIMANTAN TENGAH","KAPUAS","BASARANG","6203","BPP Kecamatan Basarang","Kecamatan Basarang","172","8","2","1","12","0","23"
"KALIMANTAN TENGAH","KAPUAS","BATAGUH","6203","BPP Kecamatan Bataguh","Kecamatan Bataguh","310","9","6","0","13","0","28"
"KALIMANTAN TENGAH","KAPUAS","DADAHUP","6203","BPP Kecamatan Dadahup","Kecamatan Dadahup","145","5","3","2","7","0","17"
"KALIMANTAN TENGAH","KAPUAS","KAPUAS BARAT","6203","BPP Kecamatan Kapuas Barat","Kecamatan Kapuas Barat","155","8","3","0","11","0","22"
"KALIMANTAN TENGAH","KAPUAS","KAPUAS HILIR","6203","BPP Kecamatan Selat","Kecamatan Selat","83","0","1","1","8","0","10"
"KALIMANTAN TENGAH","KAPUAS","KAPUAS HULU","6203","BPP Kecamatan Kapuas Hulu","Kecamatan Kapuas Hulu","13","1","1","2","0","0","4"
"KALIMANTAN TENGAH","KAPUAS","KAPUAS KUALA","6203","BPP Kecamatan Kapuas Kuala","Kecamatan Kapuas Kuala","186","6","4","2","9","0","21"
"KALIMANTAN TENGAH","KAPUAS","KAPUAS MURUNG","6203","BPP Kecamatan Kapuas Murung","Kecamatan Kapuas Murung","172","4","5","3","11","0","23"
"KALIMANTAN TENGAH","KAPUAS","KAPUAS TENGAH","6203","BPP Kecamatan Kapuas Tengah","Kecamatan Kapuas Tengah","30","6","0","0","3","0","9"
"KALIMANTAN TENGAH","KAPUAS","KAPUAS TIMUR","6203","BPP Kecamatan Kapuas Timur","Kecamatan Kapuas Timur","148","7","0","1","7","0","15"
"KALIMANTAN TENGAH","KAPUAS","MANDAU TALAWANG","6203","BPP Kecamatan Kapuas Hulu","Kecamatan Kapuas Hulu","14","0","0","0","0","0","0"
"KALIMANTAN TENGAH","KAPUAS","MANTANGAI","6203","BPP Kecamatan Mantangai","Kecamatan Mantangai","246","6","3","2","10","0","21"
"KALIMANTAN TENGAH","KAPUAS","PASAK TALAWANG","6203","BPP Kecamatan Kapuas Tengah","Kecamatan Kapuas Tengah","5","0","0","0","0","0","0"
"KALIMANTAN TENGAH","KAPUAS","PULAU PETAK","6203","BPP Kecamatan Pulau Petak","Kecamatan Pulau Petak","137","7","2","2","12","0","23"
"KALIMANTAN TENGAH","KAPUAS","SELAT","6203","BPP Kecamatan Selat","Kecamatan Selat","83","5","4","1","9","0","19"
"KALIMANTAN TENGAH","KAPUAS","TAMBAN CATUR","6203","BPP Tamban Catur","Tamban Catur","131","5","4","1","10","0","20"
"KALIMANTAN TENGAH","KAPUAS","TIMPAH","6203","BPP Kecamatan Kapuas Tengah","Kecamatan Kapuas Tengah","22","0","0","0","2","0","2"
"KALIMANTAN TENGAH","KATINGAN","BUKIT RAYA","6209","BPP Tumbang Kajamei","Tumbang Kajamei","6","0","0","0","0","0","0"
"KALIMANTAN TENGAH","KATINGAN","KAMIPANG","6209","BPP BAUN BANGO","Baun Bango","41","4","0","0","0","0","4"
"KALIMANTAN TENGAH","KATINGAN","KATINGAN HILIR","6209","BPP KASONGAN","Kasongan","116","9","0","0","0","0","9"
"KALIMANTAN TENGAH","KATINGAN","KATINGAN HULU","6209","BPP Tumbang Sanamang","Tumbang Sanamang","23","0","0","0","0","0","0"
"KALIMANTAN TENGAH","KATINGAN","KATINGAN KUALA","6209","BPP PEGATAN","Pegatan","307","2","2","0","10","0","14"
"KALIMANTAN TENGAH","KATINGAN","KATINGAN TENGAH","6209","BPP Tumbang Samba","Tumbang Samba","100","4","4","0","0","0","8"
"KALIMANTAN TENGAH","KATINGAN","MARIKIT","6209","BPP Tumbang Hiran","Tumbang Hiran","27","0","0","0","0","0","0"
"KALIMANTAN TENGAH","KATINGAN","MENDAWAI","6209","BPP Mendawai","Mendawai","50","2","1","0","0","0","3"
"KALIMANTAN TENGAH","KATINGAN","PETAK MALAI","6209","BPP Tumbang Baraoi","Tumbang Baraoi","0","0","0","0","0","0","0"
"KALIMANTAN TENGAH","KATINGAN","PULAU MALAN","6209","BPP Buntut Bali","Buntut Bali","120","10","5","0","0","0","15"
"KALIMANTAN TENGAH","KATINGAN","SANAMAN MANTIKEI","6209","BPP Tumbang Kaman","Tumbang Kaman","14","3","1","0","0","0","4"
"KALIMANTAN TENGAH","KATINGAN","TASIK PAYAWAN","6209","BPP Petak Bahandang","Petak Bahandang","96","5","3","0","0","0","8"
"KALIMANTAN TENGAH","KATINGAN","TEWANG SANGALANG GARING","6209","BPP Pendahara","Pendahara","143","6","3","0","0","0","9"
"KALIMANTAN TENGAH","KOTA PALANGKA RAYA","BUKIT BATU","6271","Tangkiling","Tangkiling","61","3","1","1","5","0","10"
"KALIMANTAN TENGAH","KOTA PALANGKA RAYA","JEKAN RAYA","6271","Kalampangan","Kalampangan","75","0","0","0","0","0","0"
"KALIMANTAN TENGAH","KOTA PALANGKA RAYA","PAHANDUT","6271","Kalampangan","Kalampangan","26","0","0","0","0","0","0"
"KALIMANTAN TENGAH","KOTA PALANGKA RAYA","RAKUMPIT","6271","Rakumpit","Rakumpit","37","3","1","0","8","0","12"
"KALIMANTAN TENGAH","KOTA PALANGKA RAYA","SEBANGAU","6271","Kalampangan","Kalampangan","59","7","0","0","9","0","16"
"KALIMANTAN TENGAH","KOTAWARINGIN BARAT","ARUT SELATAN","6201","BPP Kecamatan Arut Selatan","Kecamatan Arut Selatan","260","14","0","0","1","0","15"
"KALIMANTAN TENGAH","KOTAWARINGIN BARAT","ARUT UTARA","6201","BPP Kecamatan Arut Utara","Kecamatan Arut Utara","68","3","6","0","0","0","9"
"KALIMANTAN TENGAH","KOTAWARINGIN BARAT","KOTAWARINGIN LAMA","6201","BPP Kecamatan Kotawaringin Lama","Kecamatan Kotawaringin Lama","122","6","4","1","7","0","18"
"KALIMANTAN TENGAH","KOTAWARINGIN BARAT","KUMAI","6201","BPP Kecamatan Kumai","Kecamatan Kumai","212","10","4","0","7","0","21"
"KALIMANTAN TENGAH","KOTAWARINGIN BARAT","PANGKALAN BANTENG","6201","BPP Kecamatan Pangkalan Banteng","Kecamatan Pangkalan Banteng","178","9","3","0","17","0","29"
"KALIMANTAN TENGAH","KOTAWARINGIN BARAT","PANGKALAN LADA","6201","BPP Kecamatan Pangkalan Lada","Kecamatan Pangkalan Lada","195","6","4","0","4","0","14"
"KALIMANTAN TENGAH","KOTAWARINGIN TIMUR","ANTANG KALANG","6202","BPP Beringin Jaya","Beringin Jaya","42","0","1","0","1","0","2"
"KALIMANTAN TENGAH","KOTAWARINGIN TIMUR","BAAMANG","6202","BPP Baamang","Baamang","58","6","0","2","2","0","10"
"KALIMANTAN TENGAH","KOTAWARINGIN TIMUR","BUKIT SANTUAI","6202","BPP Kuala Kuayan","Kuala Kuayan","47","0","0","0","1","0","1"
"KALIMANTAN TENGAH","KOTAWARINGIN TIMUR","CEMPAGA","6202","BPP Cempaga","Cempaga","73","3","2","0","2","0","7"
"KALIMANTAN TENGAH","KOTAWARINGIN TIMUR","CEMPAGA HULU","6202","BPP Cempaga Hulu","Cempaga Hulu","55","0","3","0","1","0","4"
"KALIMANTAN TENGAH","KOTAWARINGIN TIMUR","KOTA BESI","6202","BPP Kota Besi","Kota Besi","40","5","0","4","2","0","11"
"KALIMANTAN TENGAH","KOTAWARINGIN TIMUR","MENTAWA BARU/KETAPANG","6202","BPP Pelangsian","Pelangsian","127","7","3","1","8","0","19"
"KALIMANTAN TENGAH","KOTAWARINGIN TIMUR","MENTAYA HILIR SELATAN","6202","BPP Samuda","Samuda","97","5","0","0","2","0","7"
"KALIMANTAN TENGAH","KOTAWARINGIN TIMUR","MENTAYA HILIR UTARA","6202","BPP Bagendang","Bagendang","63","2","2","0","1","0","5"
"KALIMANTAN TENGAH","KOTAWARINGIN TIMUR","MENTAYA HULU","6202","BPP Kuala Kuayan","Kuala Kuayan","96","4","1","2","5","0","12"
"KALIMANTAN TENGAH","KOTAWARINGIN TIMUR","PARENGGEAN","6202","BPP Parenggean","Parenggean","133","3","3","3","7","0","16"
"KALIMANTAN TENGAH","KOTAWARINGIN TIMUR","PULAU HANAUT","6202","BPP Bapinang","Bapinang","101","4","1","0","2","0","7"
"KALIMANTAN TENGAH","KOTAWARINGIN TIMUR","SERANAU","6202","BPP Seranau","Seranau","49","5","2","2","3","0","12"
"KALIMANTAN TENGAH","KOTAWARINGIN TIMUR","TELAGA ANTANG","6202","BPP Telawang","Telawang","79","3","2","0","0","0","5"
"KALIMANTAN TENGAH","KOTAWARINGIN TIMUR","TELAWANG","6202","BPP Telawang","Telawang","33","1","0","0","2","0","3"
"KALIMANTAN TENGAH","KOTAWARINGIN TIMUR","TELUK SAMPIT","6202","BPP Ujung Pandaran","Ujung Pandaran","156","4","1","0","2","0","7"
"KALIMANTAN TENGAH","KOTAWARINGIN TIMUR","TUALAN HULU","6202","BPP Parenggean","Parenggean","62","0","0","0","1","0","1"
"KALIMANTAN TENGAH","LAMANDAU","","6207","BPP Batang Kawa","Batang Kawa","10","","","","","",""
"KALIMANTAN TENGAH","LAMANDAU","BATANGKAWA","6207","BPP Batang Kawa","Batang Kawa","44","3","0","0","0","0","3"
"KALIMANTAN TENGAH","LAMANDAU","BELANTIKAN RAYA","6207","BPP Belantikan Raya","Belantikan Raya","76","3","2","0","0","0","5"
"KALIMANTAN TENGAH","LAMANDAU","BULIK","6207","BPP BULIK","Bulik","165","4","2","0","0","0","6"
"KALIMANTAN TENGAH","LAMANDAU","BULIK TIMUR","6207","BPP Bulik Timur","Bulik Timur","54","2","0","0","0","0","2"
"KALIMANTAN TENGAH","LAMANDAU","DELANG","6207","BPP Delang","Delang","65","3","0","0","0","0","3"
"KALIMANTAN TENGAH","LAMANDAU","LAMANDAU","6207","BPP Lamandau","Lamandau","64","3","0","0","0","0","3"
"KALIMANTAN TENGAH","LAMANDAU","MENTHOBI RAYA","6207","BPP Menthobi Raya","Menthobi Raya","105","4","0","0","0","0","4"
"KALIMANTAN TENGAH","LAMANDAU","SEMATU JAYA","6207","BPP Sematu Jaya","Sematu Jaya","132","3","1","0","0","0","4"
"KALIMANTAN TENGAH","MURUNG RAYA","","6213","BPP Laung Tuhup","Laung Tuhup","10","","","","","",""
"KALIMANTAN TENGAH","MURUNG RAYA","BARITO TUHUP RAYA","6213","BPP Barito Tuhup Raya","Barito Tuhup Raya","30","2","2","1","0","0","5"
"KALIMANTAN TENGAH","MURUNG RAYA","LAUNG TUHUP","6213","BPP Laung Tuhup","Laung Tuhup","104","6","1","0","0","0","7"
"KALIMANTAN TENGAH","MURUNG RAYA","MURUNG","6213","BPK Murung","BPK Murung","283","9","0","0","2","0","11"
"KALIMANTAN TENGAH","MURUNG RAYA","PERMATA INTAN","6213","BPP Permata Intan","Permata Intan","87","1","0","2","0","0","3"
"KALIMANTAN TENGAH","MURUNG RAYA","SERIBU RIAM","","","","","0","0","0","0","0","0"
"KALIMANTAN TENGAH","MURUNG RAYA","SUMBER BARITO","6213","BPP Sumber Barito","Sumber Barito","50","1","0","1","0","0","2"
"KALIMANTAN TENGAH","MURUNG RAYA","SUNGAI BABUAT","6213","BPP Tanah Siang Selatan","Tanah Siang Selatan","10","0","0","0","0","0","0"
"KALIMANTAN TENGAH","MURUNG RAYA","TANAH SIANG","6213","BPP Tanah Siang","Tanah Siang","81","3","1","5","0","0","9"
"KALIMANTAN TENGAH","MURUNG RAYA","TANAH SIANG SELATAN","6213","BPP Tanah Siang Selatan","Tanah Siang Selatan","42","1","3","2","0","0","6"
"KALIMANTAN TENGAH","MURUNG RAYA","UUT MURUNG","6213","BPP Uut Murung","Uut Murung","26","1","1","0","0","0","2"
"KALIMANTAN TENGAH","PULANG PISAU","BANAMA TINGANG","6210","BPP Bawan","Bawan","92","6","0","6","3","0","15"
"KALIMANTAN TENGAH","PULANG PISAU","JABIREN RAYA","6210","BPP Jabiren","Jabiren","131","4","1","4","5","0","14"
"KALIMANTAN TENGAH","PULANG PISAU","KAHAYAN HILIR","6210","BPP Pulang Pisau","Pulang Pisau","151","5","3","2","3","0","13"
"KALIMANTAN TENGAH","PULANG PISAU","KAHAYAN KUALA","6210","BPP Bahaur","Bahaur","107","4","0","4","0","0","8"
"KALIMANTAN TENGAH","PULANG PISAU","KAHAYAN TENGAH","6210","BPP Bukit Rawi","Bukit Rawi","62","10","1","3","2","0","16"
"KALIMANTAN TENGAH","PULANG PISAU","MALIKU","6210","BPP Maliku","Maliku","222","3","5","5","3","0","16"
"KALIMANTAN TENGAH","PULANG PISAU","PANDIH BATU","6210","BPP Pangkoh","Pangkoh","244","7","3","3","3","0","16"
"KALIMANTAN TENGAH","PULANG PISAU","SEBANGAU KUALA","6210","BPP Sebangau","Sebangau","71","2","2","0","5","0","9"
"KALIMANTAN TENGAH","SERUYAN","BATU AMPAR","6208","BPP Batu Ampar","Batu Ampar","33","0","1","7","0","0","8"
"KALIMANTAN TENGAH","SERUYAN","DANAU SELULUK","6208","BPP Danau Seluluk","Danau Seluluk","41","1","1","4","0","0","6"
"KALIMANTAN TENGAH","SERUYAN","DANAU SEMBULUH","6208","BPP Danau Sembuluh","Danau Sembuluh","36","3","1","1","0","0","5"
"KALIMANTAN TENGAH","SERUYAN","HANAU","6208","BPP Hanau","Hanau","42","2","1","5","0","0","8"
"KALIMANTAN TENGAH","SERUYAN","SERUYAN HILIR","6208","BPP Seruyan Hilir","Seruyan Hilir","226","3","3","4","0","0","10"
"KALIMANTAN TENGAH","SERUYAN","SERUYAN HILIR TIMUR","6208","BPP Seruyan Hilir Timur","Seruyan Hilir Timur","124","1","3","2","1","0","7"
"KALIMANTAN TENGAH","SERUYAN","SERUYAN HULU","6208","BPP Seruyan Hulu","Seruyan Hulu","49","1","3","7","0","0","11"
"KALIMANTAN TENGAH","SERUYAN","SERUYAN RAYA","6208","BPP Seruyan Raya","Seruyan Raya","42","1","1","4","1","0","7"
"KALIMANTAN TENGAH","SERUYAN","SERUYAN TENGAH","6208","BPP Rantau Pulut","Rantau Pulut","144","2","2","6","0","0","10"
"KALIMANTAN TENGAH","SERUYAN","SULING TAMBUN","6208","BPP Suling Tambun","Suling Tambun","25","1","0","6","0","0","7"
"KALIMANTAN TENGAH","SUKAMARA","BALAI RIAM","6206","BPP Balai Riam","Balai Riam","70","1","2","6","0","0","9"
"KALIMANTAN TENGAH","SUKAMARA","JELAI","6206","BPP Jelai","Jelai","44","2","1","3","0","0","6"
"KALIMANTAN TENGAH","SUKAMARA","PANTAI LUNCI","6206","BPP Kecamatan Pantai Lunci","Kecamatan Pantai Lunci","59","2","0","1","0","0","3"
"KALIMANTAN TENGAH","SUKAMARA","PERMATA KECUBUNG","6206","BPP Permata Kecubung","Permata Kecubung","64","2","3","4","0","0","9"
"KALIMANTAN TENGAH","SUKAMARA","SUKAMARA","6206","BPP Sukamara","Sukamara","103","8","0","0","0","0","8"
"KALIMANTAN TIMUR","BERAU","BATU PUTIH","6405","Balai Penyuluhan Pertanian Batu putih","Batu putih","42","1","2","0","2","0","5"
"KALIMANTAN TIMUR","BERAU","BIATAN","6405","Balai Penyuluhan Pertanian Biatan","Biatan","64","1","1","0","0","0","2"
"KALIMANTAN TIMUR","BERAU","BIDUK BIDUK","6405","Balai Penyuluhan Pertanian Batu putih","Batu putih","31","0","0","0","0","0","0"
"KALIMANTAN TIMUR","BERAU","GUNUNG TABUR","6405","Balai Penyuluhan Pertanian Gunung Tabur","Gunung Tabur","152","5","1","0","12","0","18"
"KALIMANTAN TIMUR","BERAU","KELAY","6405","Balai Penyuluhan Pertanian Kelay","Kelay","38","2","0","0","2","0","4"
"KALIMANTAN TIMUR","BERAU","MARATUA","6405","Balai Penyuluhan Pertanian Pulau Derawan","Pulau Derawan","0","0","0","0","0","0","0"
"KALIMANTAN TIMUR","BERAU","PULAU DERAWAN","6405","Balai Penyuluhan Pertanian Pulau Derawan","Pulau Derawan","31","1","1","0","3","0","5"
"KALIMANTAN TIMUR","BERAU","SAMBALIUNG","6405","Balai Penyuluhan Pertanian Sambaliung","Sambaliung","202","5","5","0","8","0","18"
"KALIMANTAN TIMUR","BERAU","SEGAH","6405","Balai Penyuluhan Pertanian Segah","Segah","75","4","2","0","1","0","7"
"KALIMANTAN TIMUR","BERAU","TABALAR","6405","Balai Penyuluhan Pertanian Tabalar","Tabalar","73","2","2","0","4","0","8"
"KALIMANTAN TIMUR","BERAU","TALISAYAN","6405","Balai Penyuluhan Pertanian Talisayan","Talisayan","74","1","3","0","10","0","14"
"KALIMANTAN TIMUR","BERAU","TANJUNG REDEB","6405","Balai Penyuluhan Pertanian Teluk Bayur","Teluk Bayur","13","0","0","0","4","0","4"
"KALIMANTAN TIMUR","BERAU","TELUK BAYUR","6405","Balai Penyuluhan Pertanian Teluk Bayur","Teluk Bayur","78","5","0","0","4","0","9"
"KALIMANTAN TIMUR","KOTA BALIKPAPAN","BALIKPAPAN BARAT","6471","BPP Karang Joang","Karang Joang","18","1","0","0","0","0","1"
"KALIMANTAN TIMUR","KOTA BALIKPAPAN","BALIKPAPAN KOTA","6471","BPP Teritip","Teritip","3","0","0","0","0","0","0"
"KALIMANTAN TIMUR","KOTA BALIKPAPAN","BALIKPAPAN SELATAN","6471","BPP Teritip","Teritip","21","1","0","0","0","0","1"
"KALIMANTAN TIMUR","KOTA BALIKPAPAN","BALIKPAPAN TENGAH","6471","BPP Karang Joang","Karang Joang","10","0","0","0","0","0","0"
"KALIMANTAN TIMUR","KOTA BALIKPAPAN","BALIKPAPAN TIMUR","6471","BPP Teritip","Teritip","112","3","3","0","4","0","10"
"KALIMANTAN TIMUR","KOTA BALIKPAPAN","BALIKPAPAN UTARA","6471","BPP Karang Joang","Karang Joang","54","2","2","1","2","0","7"
"KALIMANTAN TIMUR","KOTA BONTANG","BONTANG BARAT","6474","Bontang Lestari","Bontang Lestari","51","0","0","0","0","0","0"
"KALIMANTAN TIMUR","KOTA BONTANG","BONTANG SELATAN","6474","Bontang Lestari","Bontang Lestari","57","4","2","0","0","0","6"
"KALIMANTAN TIMUR","KOTA BONTANG","BONTANG UTARA","6474","Bontang Lestari","Bontang Lestari","49","0","0","0","0","0","0"
"KALIMANTAN TIMUR","KOTA SAMARINDA","LOA JANAN ILIR","6472","Suluh Sejahtera","Suluh Sejahtera","33","0","2","0","0","0","2"
"KALIMANTAN TIMUR","KOTA SAMARINDA","PALARAN","6472","Suluh Tani Abadi","Suluh Tani Abadi","48","7","0","0","4","0","11"
"KALIMANTAN TIMUR","KOTA SAMARINDA","SAMARINDA ILIR","6472","Mitra Tani","Mitra Tani","2","0","0","0","0","0","0"
"KALIMANTAN TIMUR","KOTA SAMARINDA","SAMARINDA KOTA","","","","","0","0","0","0","0","0"
"KALIMANTAN TIMUR","KOTA SAMARINDA","SAMARINDA SEBERANG","6472","Suluh Sejahtera","Suluh Sejahtera","1","0","0","0","0","0","0"
"KALIMANTAN TIMUR","KOTA SAMARINDA","SAMARINDA ULU","6472","Suluh Sejahtera","Suluh Sejahtera","10","0","0","0","0","0","0"
"KALIMANTAN TIMUR","KOTA SAMARINDA","SAMARINDA UTARA","6472","Suluh Manuntung Lempake","Suluh Manuntung Lempake","130","8","1","0","7","0","16"
"KALIMANTAN TIMUR","KOTA SAMARINDA","SAMBUTAN","6472","Mitra Tani","Mitra Tani","46","4","2","0","4","0","10"
"KALIMANTAN TIMUR","KOTA SAMARINDA","SUNGAI KUNJANG","6472","Suluh Sejahtera","Suluh Sejahtera","16","4","0","0","4","0","8"
"KALIMANTAN TIMUR","KOTA SAMARINDA","SUNGAI PINANG","6472","Suluh Manuntung Lempake","Suluh Manuntung Lempake","16","0","0","0","0","0","0"
"KALIMANTAN TIMUR","KUTAI BARAT","BARONG TONGKOK","6402","Barong Tongkok","Barong Tongkok","154","7","3","7","0","0","17"
"KALIMANTAN TIMUR","KUTAI BARAT","BENTIAN BESAR","6402","Bentian Besar","Bentian Besar","36","2","3","1","0","0","6"
"KALIMANTAN TIMUR","KUTAI BARAT","BONGAN","6402","Bongan","Bongan","112","8","0","5","0","0","13"
"KALIMANTAN TIMUR","KUTAI BARAT","DAMAI","6402","Damai","Damai","59","2","1","9","0","0","12"
"KALIMANTAN TIMUR","KUTAI BARAT","JEMPANG","6402","Jempang","Jempang","62","3","0","4","0","0","7"
"KALIMANTAN TIMUR","KUTAI BARAT","LINGGANG BIGUNG","6402","Linggang Bigung","Linggang Bigung","123","6","1","5","0","0","12"
"KALIMANTAN TIMUR","KUTAI BARAT","LONG IRAM","6402","Long Iram","Long Iram","66","5","0","6","0","0","11"
"KALIMANTAN TIMUR","KUTAI BARAT","MANOR BULATN","6402","Mook Manor Bulatn","Mook Manor Bulatn","68","4","2","9","0","0","15"
"KALIMANTAN TIMUR","KUTAI BARAT","MELAK","6402","Melak","Melak","39","3","2","0","0","0","5"
"KALIMANTAN TIMUR","KUTAI BARAT","MUARA LAWA","6402","Muara Lawa","Muara Lawa","30","3","1","3","0","0","7"
"KALIMANTAN TIMUR","KUTAI BARAT","MUARA PAHU","6402","Muara Pahu","Muara Pahu","37","3","1","5","0","0","9"
"KALIMANTAN TIMUR","KUTAI BARAT","NYUATAN","6402","Nyuatan","Nyuatan","49","2","0","7","0","0","9"
"KALIMANTAN TIMUR","KUTAI BARAT","PENYINGGAHAN","6402","Penyinggahan","Penyinggahan","44","3","0","2","0","0","5"
"KALIMANTAN TIMUR","KUTAI BARAT","SEKOLAQ DARAT","6402","Sekolaq Darat","Sekolaq Darat","77","5","2","1","0","0","8"
"KALIMANTAN TIMUR","KUTAI BARAT","SILUQ NGURAI","6402","Siluq Ngurai","Siluq Ngurai","31","2","0","4","0","0","6"
"KALIMANTAN TIMUR","KUTAI BARAT","TERING","6402","BPP Tering","Tering","50","3","2","7","0","0","12"
"KALIMANTAN TIMUR","KUTAI KARTANEGARA","ANGGANA","6403","BPP Anggana","Anggana","140","3","0","0","10","0","13"
"KALIMANTAN TIMUR","KUTAI KARTANEGARA","KEMBANG JANGGUT","6403","BPP Kembang Janggut","Kembang Janggut","112","3","0","0","2","0","5"
"KALIMANTAN TIMUR","KUTAI KARTANEGARA","KENOHAN","6403","BPP Kenohan","Kenohan","52","4","2","0","2","0","8"
"KALIMANTAN TIMUR","KUTAI KARTANEGARA","KOTABANGUN","6403","BPP Kota Bangun","Kota Bangun","216","11","2","0","6","0","19"
"KALIMANTAN TIMUR","KUTAI KARTANEGARA","LOA JANAN","6403","BPP Loa Janan","Loa Janan","213","9","0","0","8","0","17"
"KALIMANTAN TIMUR","KUTAI KARTANEGARA","LOA KULU","6403","BPP Loa Kulu","Loa Kulu","277","16","1","0","13","0","30"
"KALIMANTAN TIMUR","KUTAI KARTANEGARA","MARANG KAYU","6403","BPP Marangkayu","Marangkayu","220","1","5","0","5","0","11"
"KALIMANTAN TIMUR","KUTAI KARTANEGARA","MUARA BADAK","6403","BPP Muara Badak","Muara Badak","291","5","0","0","14","0","19"
"KALIMANTAN TIMUR","KUTAI KARTANEGARA","MUARA JAWA","6403","BPP Muara Jawa","Muara Jawa","117","3","0","0","10","0","13"
"KALIMANTAN TIMUR","KUTAI KARTANEGARA","MUARA KAMAN","6403","BPP Muara Kaman","Muara Kaman","205","7","1","0","7","0","15"
"KALIMANTAN TIMUR","KUTAI KARTANEGARA","MUARA MUNTAI","6403","BPP Muara Muntai","Muara Muntai","98","4","0","0","2","0","6"
"KALIMANTAN TIMUR","KUTAI KARTANEGARA","MUARA WIS","6403","BPP Muara Wis","Muara Wis","82","2","5","0","11","0","18"
"KALIMANTAN TIMUR","KUTAI KARTANEGARA","SANGA-SANGA","6403","BPP SANGA SANGA","Sanga Sanga","55","4","0","0","2","0","6"
"KALIMANTAN TIMUR","KUTAI KARTANEGARA","SEBULU","6403","BPP Kecamatan Sebulu","Kecamatan Sebulu","154","5","2","0","5","0","12"
"KALIMANTAN TIMUR","KUTAI KARTANEGARA","SEMBOJA","6403","BPP Samboja","Samboja","301","3","6","0","4","0","13"
"KALIMANTAN TIMUR","KUTAI KARTANEGARA","TABANG","6403","BPP Tabang","Tabang","79","3","1","0","3","0","7"
"KALIMANTAN TIMUR","KUTAI KARTANEGARA","TENGGARONG","6403","BPP Tenggarong","Tenggarong","186","9","1","0","12","0","22"
"KALIMANTAN TIMUR","KUTAI KARTANEGARA","TENGGARONG SEBERANG","6403","Separi","Separi","418","14","2","0","22","0","38"
"KALIMANTAN TIMUR","KUTAI TIMUR","BATU AMPAR","6404","UPT-PPPP Batu Ampar","Upt-pppp Batu Ampar","96","2","2","4","0","0","8"
"KALIMANTAN TIMUR","KUTAI TIMUR","BENGALON","6404","UPT-PPPP Bengalon","Upt-pppp Bengalon","221","9","1","6","1","0","17"
"KALIMANTAN TIMUR","KUTAI TIMUR","BUSANG","6404","UPT-PPPP Busang","Upt-pppp Busang","63","2","3","3","0","0","8"
"KALIMANTAN TIMUR","KUTAI TIMUR","KALIORANG","6404","UPT. PPPP Kaliorang","Upt. Pppp Kaliorang","132","9","3","2","0","0","14"
"KALIMANTAN TIMUR","KUTAI TIMUR","KARANGAN","6404","UPT-PPPP Karangan","Upt-pppp Karangan","112","2","1","2","0","0","5"
"KALIMANTAN TIMUR","KUTAI TIMUR","KAUBUN","6404","UPT-PPPP Kaubun","Upt-pppp Kaubun","114","7","3","5","1","0","16"
"KALIMANTAN TIMUR","KUTAI TIMUR","KONGBENG","6404","UPT-PPPP Kongbeng","Upt-pppp Kongbeng","156","9","3","7","1","0","20"
"KALIMANTAN TIMUR","KUTAI TIMUR","LONG MESANGAT","6404","UPT-PPPP Long Mesangat","Upt-pppp Long Mesangat","52","3","3","6","0","0","12"
"KALIMANTAN TIMUR","KUTAI TIMUR","MUARA ANCALONG","6404","BPP Muara Ancalong","Muara Ancalong","76","3","4","11","0","0","18"
"KALIMANTAN TIMUR","KUTAI TIMUR","MUARA BENGKAL","6404","UPT-PPPP Muara Bengkal","Upt-pppp Muara Bengkal","119","7","6","13","0","0","26"
"KALIMANTAN TIMUR","KUTAI TIMUR","MUARA WAHAU","6404","UPT-PPPP Muara Wahau","Upt-pppp Muara Wahau","132","8","2","15","2","0","27"
"KALIMANTAN TIMUR","KUTAI TIMUR","RANTAU PULUNG","6404","UPT-PPPP Rantau Pulung","Upt-pppp Rantau Pulung","160","8","1","3","0","0","12"
"KALIMANTAN TIMUR","KUTAI TIMUR","SANDARAN","6404","UPT PPPP Sandaran","UPT Pppp Sandaran","70","3","1","0","0","0","4"
"KALIMANTAN TIMUR","KUTAI TIMUR","SANGATTA SELATAN","6404","UPT-PPPP Sangata Selatan","Upt-pppp Sangata Selatan","250","12","2","0","1","0","15"
"KALIMANTAN TIMUR","KUTAI TIMUR","SANGATTA UTARA","6404","UPT-PPPP Sangatta Utara","Upt-pppp Sangatta Utara","107","14","3","5","0","0","22"
"KALIMANTAN TIMUR","KUTAI TIMUR","SANGKULIRANG","6404","UPT-PPPP Sangkulirang","Upt-pppp Sangkulirang","148","6","3","4","0","0","13"
"KALIMANTAN TIMUR","KUTAI TIMUR","TELEN","6404","UPT-PPPP Telen","Upt-pppp Telen","80","5","2","10","0","0","17"
"KALIMANTAN TIMUR","KUTAI TIMUR","TELUK PANDAN","6404","UPT-PPPP Teluk Pandan","Upt-pppp Teluk Pandan","160","11","4","3","0","0","18"
"KALIMANTAN TIMUR","MAHAKAM HULU","LAHAM","6411","BPP Kec Laham","Kec Laham","30","1","0","4","0","0","5"
"KALIMANTAN TIMUR","MAHAKAM HULU","LONG APARI","6411","BPP Kecamatan Long Apari","Kecamatan Long Apari","55","1","0","4","0","0","5"
"KALIMANTAN TIMUR","MAHAKAM HULU","LONG BAGUN","6411","BPP Long Bagun","Long Bagun","112","3","0","9","0","0","12"
"KALIMANTAN TIMUR","MAHAKAM HULU","LONG HUBUNG","6411","BPP Kec. Long Hubung","Kec. Long Hubung","111","2","0","8","0","0","10"
"KALIMANTAN TIMUR","MAHAKAM HULU","LONG PAHANGAI","6411","BPP Long Pahangai","Long Pahangai","63","4","0","9","0","0","13"
"KALIMANTAN TIMUR","PASER","BATU ENGAU","6401","BPP Batu Engau","Batu Engau","146","6","5","0","7","0","18"
"KALIMANTAN TIMUR","PASER","BATU SOPANG","6401","BPP Batu Sopang","Batu Sopang","49","6","2","1","2","0","11"
"KALIMANTAN TIMUR","PASER","KUARO","6401","BPP Kuaro","Kuaro","281","7","3","1","12","0","23"
"KALIMANTAN TIMUR","PASER","LONG IKIS","6401","BPP Long Ikis","Long Ikis","527","8","6","0","22","0","36"
"KALIMANTAN TIMUR","PASER","LONG KALI","6401","BPP Long Kali","Long Kali","232","9","6","0","18","0","33"
"KALIMANTAN TIMUR","PASER","MUARA KOMAM","6401","BPP Batu Sopang","Batu Sopang","87","0","0","0","0","0","0"
"KALIMANTAN TIMUR","PASER","MUARA SAMU","6401","BPP Kuaro","Kuaro","36","0","0","0","0","0","0"
"KALIMANTAN TIMUR","PASER","PASIR BELENGKONG","6401","BPP Pasir Balengkong","Pasir Balengkong","227","6","8","1","5","0","20"
"KALIMANTAN TIMUR","PASER","TANAH GROGOT","6401","BPP Tanah Grogot","Tanah Grogot","135","8","3","1","10","0","22"
"KALIMANTAN TIMUR","PASER","TANJUNG HARAPAN","6401","BPP Batu Engau","Batu Engau","61","0","0","0","0","0","0"
"KALIMANTAN TIMUR","PENAJAM PASER UTARA","BABULU","6409","Babulu Darat","Babulu Darat","272","11","7","0","12","0","30"
"KALIMANTAN TIMUR","PENAJAM PASER UTARA","PENAJAM","6409","Petung","Petung","213","13","15","1","24","0","53"
"KALIMANTAN TIMUR","PENAJAM PASER UTARA","SEPAKU","6409","Sepaku","Sepaku","211","11","0","5","14","0","30"
"KALIMANTAN TIMUR","PENAJAM PASER UTARA","WARU","6409","Petung","Petung","64","0","2","1","3","0","6"
"KALIMANTAN UTARA","BULUNGAN","BUNYU","6502","Tanjung Palas Tengah","Tanjung Palas Tengah","18","0","0","0","0","0","0"
"KALIMANTAN UTARA","BULUNGAN","PESO","6502","BPP Tanjung Palas Barat","Tanjung Palas Barat","32","0","2","0","0","0","2"
"KALIMANTAN UTARA","BULUNGAN","PESO HILIR","6502","BPP Tanjung Palas Barat","Tanjung Palas Barat","30","0","0","0","0","0","0"
"KALIMANTAN UTARA","BULUNGAN","SEKATAK","6502","Sekatak","Sekatak","70","5","1","0","3","0","9"
"KALIMANTAN UTARA","BULUNGAN","TANJUNG PALAS","6502","BPP Tanjung Palas","Tanjung Palas","114","6","2","0","2","1","11"
"KALIMANTAN UTARA","BULUNGAN","TANJUNG PALAS BARAT","6502","BPP Tanjung Palas Barat","Tanjung Palas Barat","47","3","2","0","0","0","5"
"KALIMANTAN UTARA","BULUNGAN","TANJUNG PALAS TENGAH","6502","Tanjung Palas Tengah","Tanjung Palas Tengah","148","5","1","0","5","0","11"
"KALIMANTAN UTARA","BULUNGAN","TANJUNG PALAS TIMUR","6502","BPP Tanjung Palas Timur","Tanjung Palas Timur","177","5","2","0","2","0","9"
"KALIMANTAN UTARA","BULUNGAN","TANJUNG PALAS UTARA","6502","BPP Tanjung Palas Utara","Tanjung Palas Utara","75","5","0","0","3","0","8"
"KALIMANTAN UTARA","BULUNGAN","TANJUNG SELOR","6502","Tanjung Selor","Tanjung Selor","165","7","1","0","7","0","15"
"KALIMANTAN UTARA","KOTA TARAKAN","TARAKAN BARAT","6571","BPP Kota Tarakan","Kota Tarakan","36","3","0","1","0","0","4"
"KALIMANTAN UTARA","KOTA TARAKAN","TARAKAN TENGAH","6571","BPP Kota Tarakan","Kota Tarakan","24","0","0","1","0","0","1"
"KALIMANTAN UTARA","KOTA TARAKAN","TARAKAN TIMUR","6571","BPP Kota Tarakan","Kota Tarakan","44","1","0","1","0","0","2"
"KALIMANTAN UTARA","KOTA TARAKAN","TARAKAN UTARA","6571","BPP Kota Tarakan","Kota Tarakan","51","1","0","0","0","0","1"
"KALIMANTAN UTARA","MALINAU","BAHAU HULU","6501","Malinau Kota","Malinau Kota","5","0","0","1","0","0","1"
"KALIMANTAN UTARA","MALINAU","KAYAN HILIR","6501","Mentarang","Mentarang","1","0","0","0","0","0","0"
"KALIMANTAN UTARA","MALINAU","KAYAN HULU","6501","Malinau Utara","Malinau Utara","26","0","0","0","0","0","0"
"KALIMANTAN UTARA","MALINAU","KAYAN SELATAN","6501","Malinau Utara","Malinau Utara","17","0","0","2","0","0","2"
"KALIMANTAN UTARA","MALINAU","MALINAU BARAT","6501","Malinau Barat","Malinau Barat","115","7","2","5","0","0","14"
"KALIMANTAN UTARA","MALINAU","MALINAU KOTA","6501","Malinau Kota","Malinau Kota","65","6","1","5","0","0","12"
"KALIMANTAN UTARA","MALINAU","MALINAU SELATAN","6501","Malinau Barat","Malinau Barat","10","2","0","2","0","0","4"
"KALIMANTAN UTARA","MALINAU","MALINAU SELATAN HILIR","6501","Malinau Barat","Malinau Barat","31","0","0","0","0","0","0"
"KALIMANTAN UTARA","MALINAU","MALINAU SELATAN HULU","6501","Malinau Barat","Malinau Barat","7","0","1","0","0","0","1"
"KALIMANTAN UTARA","MALINAU","MALINAU UTARA","6501","Malinau Utara","Malinau Utara","118","7","1","6","0","0","14"
"KALIMANTAN UTARA","MALINAU","MENTARANG","6501","Mentarang","Mentarang","73","5","1","4","0","0","10"
"KALIMANTAN UTARA","MALINAU","MENTARANG HULU","6501","Mentarang","Mentarang","17","0","2","0","0","0","2"
"KALIMANTAN UTARA","MALINAU","PUJUNGAN","6501","Malinau Kota","Malinau Kota","7","0","0","0","0","0","0"
"KALIMANTAN UTARA","MALINAU","SUNGAI BOH","6501","Malinau Kota","Malinau Kota","13","0","0","0","0","0","0"
"KALIMANTAN UTARA","MALINAU","SUNGAI TUBU","6501","Mentarang","Mentarang","4","0","0","0","0","0","0"
"KALIMANTAN UTARA","NUNUKAN","","6504","Tulin Onsoi","Tulin Onsoi","10","","","","","",""
"KALIMANTAN UTARA","NUNUKAN","KRAYAN","6504","Bpp Krayan","Krayan","28","4","1","1","1","0","7"
"KALIMANTAN UTARA","NUNUKAN","KRAYAN BARAT","6504","Bpp Krayan","Krayan","33","0","0","0","0","0","0"
"KALIMANTAN UTARA","NUNUKAN","KRAYAN SELATAN","6504","Bpp Krayan","Krayan","25","0","1","0","0","0","1"
"KALIMANTAN UTARA","NUNUKAN","KRAYAN TENGAH","6504","Bpp Krayan","Krayan","12","0","0","0","0","0","0"
"KALIMANTAN UTARA","NUNUKAN","KRAYAN TIMUR","6504","Bpp Krayan","Krayan","30","0","0","0","0","0","0"
"KALIMANTAN UTARA","NUNUKAN","LUMBIS","6504","BPP Lumbis","Lumbis","60","3","1","0","4","0","8"
"KALIMANTAN UTARA","NUNUKAN","LUMBIS OGONG","6504","BPP Lumbis","Lumbis","26","0","0","0","0","0","0"
"KALIMANTAN UTARA","NUNUKAN","NUNUKAN","6504","BPP Kecamatan Nunukan","Kecamatan Nunukan","115","11","0","1","8","0","20"
"KALIMANTAN UTARA","NUNUKAN","NUNUKAN SELATAN","6504","Nunukan Selatan","Nunukan Selatan","78","5","1","1","7","0","14"
"KALIMANTAN UTARA","NUNUKAN","SEBATIK","6504","BPP Sebatik","Sebatik","47","9","0","1","6","0","16"
"KALIMANTAN UTARA","NUNUKAN","SEBATIK BARAT","6504","Sebatik Barat","Sebatik Barat","52","8","0","0","7","0","15"
"KALIMANTAN UTARA","NUNUKAN","SEBATIK TENGAH","6504","Sebatik Barat","Sebatik Barat","43","1","1","0","0","0","2"
"KALIMANTAN UTARA","NUNUKAN","SEBATIK TIMUR","6504","BPP Sebatik","Sebatik","44","0","0","0","0","0","0"
"KALIMANTAN UTARA","NUNUKAN","SEBATIK UTARA","6504","BPP Sebatik","Sebatik","25","0","0","0","0","0","0"
"KALIMANTAN UTARA","NUNUKAN","SEBUKU","6504","BPP Sebuku","Sebuku","52","4","0","1","4","0","9"
"KALIMANTAN UTARA","NUNUKAN","SEI MENGGARIS","6504","BPP Kec Seimenggaris","Kec Seimenggaris","107","3","0","1","6","0","10"
"KALIMANTAN UTARA","NUNUKAN","SEMBAKUNG","6504","Sembakung","Sembakung","44","5","0","1","11","0","17"
"KALIMANTAN UTARA","NUNUKAN","SEMBAKUNG ATULAI","6504","Sembakung","Sembakung","19","0","1","0","0","0","1"
"KALIMANTAN UTARA","NUNUKAN","TULIN ONSOI","6504","Tulin Onsoi","Tulin Onsoi","47","5","1","0","6","0","12"
"KALIMANTAN UTARA","TANA TIDUNG","BETAYAU","6503","BPP Kecamatan Sesayap","Kecamatan Sesayap","22","2","0","2","0","0","4"
"KALIMANTAN UTARA","TANA TIDUNG","MURUK RIAN","6503","BPP Kecamatan Sesayap","Kecamatan Sesayap","18","0","0","3","0","0","3"
"KALIMANTAN UTARA","TANA TIDUNG","SESAYAP","6503","BPP Kecamatan Sesayap","Kecamatan Sesayap","32","7","0","5","0","0","12"
"KALIMANTAN UTARA","TANA TIDUNG","SESAYAP HILIR","6503","BPP Kecamatan Sesayap","Kecamatan Sesayap","30","0","0","4","0","0","4"
"KALIMANTAN UTARA","TANA TIDUNG","TANA LIA","6503","BPP TANA LIA","Tana LIA","26","1","0","3","0","0","4"
"KEPULAUAN BANGKA BELITUNG","BANGKA","BAKAM","1901","BPP Bakam","Bakam","154","3","1","5","3","0","12"
"KEPULAUAN BANGKA BELITUNG","BANGKA","BELINYU","1901","BPP BELINYU","Belinyu","141","3","0","9","3","0","15"
"KEPULAUAN BANGKA BELITUNG","BANGKA","MENDO BARAT","1901","BPP Mendobarat/Petaling","Mendobarat/Petaling","249","9","1","6","4","0","20"
"KEPULAUAN BANGKA BELITUNG","BANGKA","MERAWANG","1901","BPP Merawang","Merawang","149","5","3","3","3","0","14"
"KEPULAUAN BANGKA BELITUNG","BANGKA","PEMALI","1901","BPP Pemali","Pemali","100","2","1","4","2","0","9"
"KEPULAUAN BANGKA BELITUNG","BANGKA","PUDING BESAR","1901","BPP Puding Besar","Puding Besar","160","3","2","5","2","0","12"
"KEPULAUAN BANGKA BELITUNG","BANGKA","RIAU SILIP","1901","BPP Riau Silip","Riau Silip","144","3","2","5","1","0","11"
"KEPULAUAN BANGKA BELITUNG","BANGKA","SUNGAI LIAT","1901","BPP SUNGAILIAT","Sungailiat","127","9","0","7","2","0","18"
"KEPULAUAN BANGKA BELITUNG","BANGKA BARAT","JEBUS","1903","BPP Jebus","Jebus","199","5","0","1","0","0","6"
"KEPULAUAN BANGKA BELITUNG","BANGKA BARAT","KELAPA","1903","BPP Kelapa","Kelapa","338","8","5","4","0","0","17"
"KEPULAUAN BANGKA BELITUNG","BANGKA BARAT","MENTOK","1903","BPP Muntok","Muntok","156","5","2","4","0","0","11"
"KEPULAUAN BANGKA BELITUNG","BANGKA BARAT","PARITTIGA","1903","BPP Paritiga","Paritiga","159","5","2","3","0","0","10"
"KEPULAUAN BANGKA BELITUNG","BANGKA BARAT","SIMPANG TERITIP","1903","BPP Simpang Teritip","Simpang Teritip","354","8","4","5","0","0","17"
"KEPULAUAN BANGKA BELITUNG","BANGKA BARAT","TEMPILANG","1903","BPP Tempilang","Tempilang","169","11","0","1","0","0","12"
"KEPULAUAN BANGKA BELITUNG","BANGKA SELATAN","AIR GEGAS","1905","BPP Airgegas","Airgegas","249","3","2","6","0","0","11"
"KEPULAUAN BANGKA BELITUNG","BANGKA SELATAN","KEPULAUAN PONGOK","1905","BPP TUKAK SADAI","Tukak Sadai","18","0","0","1","0","0","1"
"KEPULAUAN BANGKA BELITUNG","BANGKA SELATAN","LEPAR PONGOK","1905","BPP TUKAK SADAI","Tukak Sadai","61","0","0","3","0","0","3"
"KEPULAUAN BANGKA BELITUNG","BANGKA SELATAN","PAYUNG","1905","BPP Payung","Payung","176","4","2","4","0","0","10"
"KEPULAUAN BANGKA BELITUNG","BANGKA SELATAN","PULAU BESAR","1905","BPP PULAU BESAR","Pulau Besar","141","2","1","4","0","0","7"
"KEPULAUAN BANGKA BELITUNG","BANGKA SELATAN","SIMPANG RIMBA","1905","BPP Payung","Payung","158","0","0","6","0","0","6"
"KEPULAUAN BANGKA BELITUNG","BANGKA SELATAN","TOBOALI","1905","BPP RIAS","Rias","272","5","2","5","0","0","12"
"KEPULAUAN BANGKA BELITUNG","BANGKA SELATAN","TUKAK SADAI","1905","BPP TUKAK SADAI","Tukak Sadai","74","4","2","3","0","0","9"
"KEPULAUAN BANGKA BELITUNG","BANGKA TENGAH","KOBA","1904","BPP Koba","Koba","278","8","1","3","2","0","14"
"KEPULAUAN BANGKA BELITUNG","BANGKA TENGAH","LUBUK BESAR","1904","BPP Lubuk Besar","Lubuk Besar","444","6","1","3","1","0","11"
"KEPULAUAN BANGKA BELITUNG","BANGKA TENGAH","NAMANG","1904","BPP Namang","Namang","147","3","3","2","2","0","10"
"KEPULAUAN BANGKA BELITUNG","BANGKA TENGAH","PANGKALAN BARU","1904","BPP Pangkalanbaru","Pangkalanbaru","163","6","3","2","0","0","11"
"KEPULAUAN BANGKA BELITUNG","BANGKA TENGAH","SIMPANG KATIS","1904","BPP Simpang Katis","Simpang Katis","197","4","3","4","1","0","12"
"KEPULAUAN BANGKA BELITUNG","BANGKA TENGAH","SUNGAI SELAN","1904","BPP Sungaiselan","Sungaiselan","181","6","5","2","1","0","14"
"KEPULAUAN BANGKA BELITUNG","BELITUNG","BADAU","1902","BPP BADAU","Badau","67","5","1","0","0","0","6"
"KEPULAUAN BANGKA BELITUNG","BELITUNG","MEMBALONG","1902","BPP Tanjung Rusa","Tanjung Rusa","123","6","3","0","4","0","13"
"KEPULAUAN BANGKA BELITUNG","BELITUNG","SELAT NASIK","1902","BPP Perawas","Perawas","26","1","2","0","0","0","3"
"KEPULAUAN BANGKA BELITUNG","BELITUNG","SIJUK","1902","BPP SIJUK","Sijuk","114","6","5","0","1","0","12"
"KEPULAUAN BANGKA BELITUNG","BELITUNG","TANJUNG PANDAN","1902","BPP Perawas","Perawas","83","5","5","0","2","0","12"
"KEPULAUAN BANGKA BELITUNG","BELITUNG TIMUR","DAMAR","1906","BPP Mengkubang","Mengkubang","42","2","4","0","0","0","6"
"KEPULAUAN BANGKA BELITUNG","BELITUNG TIMUR","DENDANG","1906","BPP Dendang","Dendang","56","2","3","0","0","0","5"
"KEPULAUAN BANGKA BELITUNG","BELITUNG TIMUR","GANTUNG","1906","BPP Gantung","Gantung","115","3","3","0","4","0","10"
"KEPULAUAN BANGKA BELITUNG","BELITUNG TIMUR","KELAPA KAMPIT","1906","BPP Kelapa Kampit","Kelapa Kampit","59","1","5","0","0","0","6"
"KEPULAUAN BANGKA BELITUNG","BELITUNG TIMUR","MANGGAR","1906","BPP Manggar","Manggar","88","5","0","0","0","0","5"
"KEPULAUAN BANGKA BELITUNG","BELITUNG TIMUR","SIMPANG PESAK","1906","BPP Simpang Pesak","Simpang Pesak","52","3","1","0","0","0","4"
"KEPULAUAN BANGKA BELITUNG","BELITUNG TIMUR","SIMPANG RENGGIANG","1906","BPP Lintang","Lintang","54","2","2","0","0","0","4"
"KEPULAUAN BANGKA BELITUNG","KOTA PANGKAL PINANG","BUKIT INTAN","1971","Air Anyut","Air Anyut","23","1","2","0","0","0","3"
"KEPULAUAN BANGKA BELITUNG","KOTA PANGKAL PINANG","GABEK","1971","Air Anyut","Air Anyut","24","2","2","0","0","0","4"
"KEPULAUAN BANGKA BELITUNG","KOTA PANGKAL PINANG","GERUNGGANG","1971","Air Anyut","Air Anyut","29","1","1","0","0","0","2"
"KEPULAUAN BANGKA BELITUNG","KOTA PANGKAL PINANG","GIRIMAYA","1971","Air Anyut","Air Anyut","13","0","1","0","0","0","1"
"KEPULAUAN BANGKA BELITUNG","KOTA PANGKAL PINANG","PANGKAL BALAM","1971","Air Anyut","Air Anyut","8","0","1","0","0","0","1"
"KEPULAUAN BANGKA BELITUNG","KOTA PANGKAL PINANG","RANGKUI","1971","Air Anyut","Air Anyut","7","1","0","0","0","0","1"
"KEPULAUAN BANGKA BELITUNG","KOTA PANGKAL PINANG","TAMAN SARI","1971","Air Anyut","Air Anyut","4","0","0","0","0","0","0"
"KEPULAUAN RIAU","BINTAN","BINTAN PESISIR","2102","BPP Bintan Timur","Bintan Timur","19","0","0","0","0","0","0"
"KEPULAUAN RIAU","BINTAN","BINTAN TIMUR","2102","BPP Bintan Timur","Bintan Timur","60","1","2","1","6","0","10"
"KEPULAUAN RIAU","BINTAN","BINTAN UTARA","2102","BPP Bintan Utara","Bintan Utara","31","2","1","0","1","0","4"
"KEPULAUAN RIAU","BINTAN","GUNUNG KIJANG","2102","BPP Gunung Kijang","Gunung Kijang","38","2","2","0","8","0","12"
"KEPULAUAN RIAU","BINTAN","MANTANG","2102","BPP Bintan Timur","Bintan Timur","15","0","0","1","0","0","1"
"KEPULAUAN RIAU","BINTAN","SERI KUALA LOBAM","2102","BPP Bintan Utara","Bintan Utara","41","0","0","0","0","0","0"
"KEPULAUAN RIAU","BINTAN","TAMBELAN","2102","BPP Tambelan","Tambelan","18","0","1","0","1","0","2"
"KEPULAUAN RIAU","BINTAN","TELUK BINTAN","2102","BPP Teluk Bintan","Teluk Bintan","59","5","1","1","5","0","12"
"KEPULAUAN RIAU","BINTAN","TELUK SEBONG","2102","BPP Teluk Sebong","Teluk Sebong","85","0","0","0","6","0","6"
"KEPULAUAN RIAU","BINTAN","TOAPAYA","2102","BPP Gunung Kijang","Gunung Kijang","74","1","0","0","0","0","1"
"KEPULAUAN RIAU","KARIMUN","BELAT","2101","BPP Kundur Utara","Kundur Utara","19","0","0","0","0","0","0"
"KEPULAUAN RIAU","KARIMUN","BURU","2101","Buru","Buru","50","0","3","1","0","0","4"
"KEPULAUAN RIAU","KARIMUN","DURAI","2101","Moro","Moro","29","0","0","0","0","0","0"
"KEPULAUAN RIAU","KARIMUN","KARIMUN","2101","BPP MERAL","Meral","20","0","0","0","0","0","0"
"KEPULAUAN RIAU","KARIMUN","KUNDUR","2101","Kundur","Kundur","66","2","2","3","0","0","7"
"KEPULAUAN RIAU","KARIMUN","KUNDUR BARAT","2101","Kundur Barat","Kundur Barat","73","3","0","2","0","0","5"
"KEPULAUAN RIAU","KARIMUN","KUNDUR UTARA","2101","BPP Kundur Utara","Kundur Utara","56","4","1","1","0","0","6"
"KEPULAUAN RIAU","KARIMUN","MERAL","2101","BPP MERAL","Meral","30","5","3","2","2","0","12"
"KEPULAUAN RIAU","KARIMUN","MERAL BARAT","2101","BPP MERAL","Meral","54","0","0","0","0","0","0"
"KEPULAUAN RIAU","KARIMUN","MORO","2101","Moro","Moro","21","1","2","0","0","0","3"
"KEPULAUAN RIAU","KARIMUN","TEBING","2101","BPP MERAL","Meral","42","0","1","0","0","0","1"
"KEPULAUAN RIAU","KARIMUN","UNGAR","2101","Kundur","Kundur","22","0","0","0","0","0","0"
"KEPULAUAN RIAU","KEPULAUAN ANAMBAS","JEMAJA","2105","BPP Kecamatan Jemaja Timur","Kecamatan Jemaja Timur","21","0","0","0","0","0","0"
"KEPULAUAN RIAU","KEPULAUAN ANAMBAS","JEMAJA BARAT","2105","BPP Kecamatan Jemaja Timur","Kecamatan Jemaja Timur","0","0","0","0","0","0","0"
"KEPULAUAN RIAU","KEPULAUAN ANAMBAS","JEMAJA TIMUR","2105","BPP Kecamatan Jemaja Timur","Kecamatan Jemaja Timur","19","0","0","6","0","0","6"
"KEPULAUAN RIAU","KEPULAUAN ANAMBAS","KUTE SIANTAN","2105","BPP Kecamatan Palmatak","Kecamatan Palmatak","7","0","0","0","0","0","0"
"KEPULAUAN RIAU","KEPULAUAN ANAMBAS","PALMATAK","2105","BPP Kecamatan Palmatak","Kecamatan Palmatak","18","2","1","2","0","0","5"
"KEPULAUAN RIAU","KEPULAUAN ANAMBAS","SIANTAN","2105","BPP Kecamatan Siantan Selatan","Kecamatan Siantan Selatan","14","0","0","0","0","0","0"
"KEPULAUAN RIAU","KEPULAUAN ANAMBAS","SIANTAN SELATAN","2105","BPP Kecamatan Siantan Selatan","Kecamatan Siantan Selatan","9","1","0","2","0","0","3"
"KEPULAUAN RIAU","KEPULAUAN ANAMBAS","SIANTAN TENGAH","2105","BPP Kecamatan Palmatak","Kecamatan Palmatak","6","0","0","0","0","0","0"
"KEPULAUAN RIAU","KEPULAUAN ANAMBAS","SIANTAN TIMUR","2105","BPP Kecamatan Siantan Selatan","Kecamatan Siantan Selatan","5","0","0","0","0","0","0"
"KEPULAUAN RIAU","KEPULAUAN ANAMBAS","SIANTAN UTARA","2105","BPP Kecamatan Palmatak","Kecamatan Palmatak","2","0","0","0","0","0","0"
"KEPULAUAN RIAU","KOTA BATAM","BATAM KOTA","2171","Belakang Padang","Belakang Padang","16","0","0","0","0","0","0"
"KEPULAUAN RIAU","KOTA BATAM","BATU AJI","2171","Belakang Padang","Belakang Padang","16","1","0","0","0","0","1"
"KEPULAUAN RIAU","KOTA BATAM","BATU AMPAR","2171","Belakang Padang","Belakang Padang","11","1","0","0","0","0","1"
"KEPULAUAN RIAU","KOTA BATAM","BELAKANG PADANG","2171","Belakang Padang","Belakang Padang","15","1","4","0","0","0","5"
"KEPULAUAN RIAU","KOTA BATAM","BENGKONG","2171","Belakang Padang","Belakang Padang","10","0","0","0","0","0","0"
"KEPULAUAN RIAU","KOTA BATAM","BULANG","2171","Belakang Padang","Belakang Padang","18","0","0","0","0","0","0"
"KEPULAUAN RIAU","KOTA BATAM","GALANG","2171","Belakang Padang","Belakang Padang","67","0","0","1","0","0","1"
"KEPULAUAN RIAU","KOTA BATAM","LUBUK BAJA","2171","Belakang Padang","Belakang Padang","4","0","0","0","0","0","0"
"KEPULAUAN RIAU","KOTA BATAM","NONGSA","2171","Belakang Padang","Belakang Padang","8","0","0","0","0","0","0"
"KEPULAUAN RIAU","KOTA BATAM","SAGULUNG","2171","Belakang Padang","Belakang Padang","30","0","0","0","0","0","0"
"KEPULAUAN RIAU","KOTA BATAM","SEI BEDUK","2171","Belakang Padang","Belakang Padang","40","0","0","0","0","0","0"
"KEPULAUAN RIAU","KOTA BATAM","SEKUPANG","2171","Belakang Padang","Belakang Padang","18","1","0","0","0","0","1"
"KEPULAUAN RIAU","KOTA TANJUNG PINANG","BUKIT BESTARI","","","","","0","0","2","0","0","2"
"KEPULAUAN RIAU","KOTA TANJUNG PINANG","TANJUNGPINANG BARAT","","","","","0","0","0","0","0","0"
"KEPULAUAN RIAU","KOTA TANJUNG PINANG","TANJUNGPINANG KOTA","","","","","0","0","1","0","0","1"
"KEPULAUAN RIAU","KOTA TANJUNG PINANG","TANJUNGPINANG TIMUR","","","","","0","0","1","1","0","2"
"KEPULAUAN RIAU","LINGGA","BAKUNG SERUMPUN","","","","","0","0","0","0","0","0"
"KEPULAUAN RIAU","LINGGA","KATANG BIDARE","","","","","0","0","0","0","0","0"
"KEPULAUAN RIAU","LINGGA","KEPULAUAN POSEK","","","","","0","0","0","0","0","0"
"KEPULAUAN RIAU","LINGGA","LINGGA","","","","","0","0","1","0","0","1"
"KEPULAUAN RIAU","LINGGA","LINGGA TIMUR","","","","","0","0","1","0","0","1"
"KEPULAUAN RIAU","LINGGA","LINGGA UTARA","","","","","0","0","1","0","0","1"
"KEPULAUAN RIAU","LINGGA","SELAYAR","","","","","0","0","1","0","0","1"
"KEPULAUAN RIAU","LINGGA","SENAYANG","","","","","0","0","0","0","0","0"
"KEPULAUAN RIAU","LINGGA","SINGKEP","","","","","0","0","1","0","0","1"
"KEPULAUAN RIAU","LINGGA","SINGKEP BARAT","","","","","0","0","2","0","0","2"
"KEPULAUAN RIAU","LINGGA","SINGKEP PESISIR","","","","","0","0","2","0","0","2"
"KEPULAUAN RIAU","LINGGA","SINGKEP SELATAN","","","","","0","0","1","0","0","1"
"KEPULAUAN RIAU","LINGGA","TEMIANG PESISIR","","","","","0","0","0","0","0","0"
"KEPULAUAN RIAU","NATUNA","BUNGURAN BARAT","2103","BPP BUNGURAN BATUBI","Bunguran Batubi","10","1","0","0","3","0","4"
"KEPULAUAN RIAU","NATUNA","BUNGURAN BATUBI","2103","BPP BUNGURAN BATUBI","Bunguran Batubi","43","1","0","2","0","0","3"
"KEPULAUAN RIAU","NATUNA","BUNGURAN SELATAN","2103","BPP BUNGURAN TIMUR","Bunguran Timur","56","1","0","0","0","0","1"
"KEPULAUAN RIAU","NATUNA","BUNGURAN TENGAH","2103","BPP BUNGURAN TIMUR","Bunguran Timur","62","0","1","1","0","0","2"
"KEPULAUAN RIAU","NATUNA","BUNGURAN TIMUR","2103","BPP BUNGURAN TIMUR","Bunguran Timur","45","3","0","0","3","0","6"
"KEPULAUAN RIAU","NATUNA","BUNGURAN TIMUR LAUT","2103","BPP BUNGURAN TIMUR","Bunguran Timur","47","1","0","0","0","0","1"
"KEPULAUAN RIAU","NATUNA","BUNGURAN UTARA","2103","BPP BUNGURAN UTARA","Bunguran Utara","22","1","0","2","1","0","4"
"KEPULAUAN RIAU","NATUNA","MIDAI","2103","BPP SERASAN","Serasan","17","0","0","0","0","0","0"
"KEPULAUAN RIAU","NATUNA","PULAU LAUT","2103","BPP PULAU LAUT","Pulau Laut","18","1","0","1","0","0","2"
"KEPULAUAN RIAU","NATUNA","PULAU TIGA","2103","BPP BUNGURAN BATUBI","Bunguran Batubi","9","0","0","0","0","0","0"
"KEPULAUAN RIAU","NATUNA","PULAU TIGA BARAT","2103","BPP BUNGURAN BATUBI","Bunguran Batubi","3","0","0","0","0","0","0"
"KEPULAUAN RIAU","NATUNA","SERASAN","2103","BPP SERASAN","Serasan","23","1","0","0","0","0","1"
"KEPULAUAN RIAU","NATUNA","SERASAN TIMUR","2103","BPP SERASAN","Serasan","26","0","1","0","0","0","1"
"KEPULAUAN RIAU","NATUNA","SUAK MIDAI","2103","BPP SERASAN","Serasan","24","0","0","0","0","0","0"
"KEPULAUAN RIAU","NATUNA","SUBI","2103","BPP SERASAN","Serasan","21","0","0","0","0","0","0"
"LAMPUNG","KOTA BANDAR LAMPUNG","","1871","Kemiling","Kemiling","10","","","","","",""
"LAMPUNG","KOTA BANDAR LAMPUNG","BUMI WARAS","1871","Sukabumi","Sukabumi","3","0","0","0","0","0","0"
"LAMPUNG","KOTA BANDAR LAMPUNG","ENGGAL","1871","Kemiling","Kemiling","1","0","0","0","0","0","0"
"LAMPUNG","KOTA BANDAR LAMPUNG","KEDAMAIAN","1871","Sukabumi","Sukabumi","10","0","0","0","0","0","0"
"LAMPUNG","KOTA BANDAR LAMPUNG","KEDATON","1871","Tanjung Senang","Tanjung Senang","15","0","0","0","0","0","0"
"LAMPUNG","KOTA BANDAR LAMPUNG","KEMILING","1871","Kemiling","Kemiling","43","4","6","0","2","0","12"
"LAMPUNG","KOTA BANDAR LAMPUNG","LABUHAN RATU","1871","Tanjung Senang","Tanjung Senang","12","0","0","0","0","0","0"
"LAMPUNG","KOTA BANDAR LAMPUNG","LANGKAPURA","1871","Kemiling","Kemiling","9","0","0","0","0","0","0"
"LAMPUNG","KOTA BANDAR LAMPUNG","PANJANG","1871","Sukabumi","Sukabumi","9","2","0","0","0","0","2"
"LAMPUNG","KOTA BANDAR LAMPUNG","RAJABASA","1871","Kemiling","Kemiling","20","0","0","0","2","0","2"
"LAMPUNG","KOTA BANDAR LAMPUNG","SUKABUMI","1871","Sukabumi","Sukabumi","24","5","1","0","1","0","7"
"LAMPUNG","KOTA BANDAR LAMPUNG","SUKARAME","1871","Tanjung Senang","Tanjung Senang","19","0","0","0","0","0","0"
"LAMPUNG","KOTA BANDAR LAMPUNG","TANJUNG KARANG BARAT","1871","Kemiling","Kemiling","10","0","0","0","1","0","1"
"LAMPUNG","KOTA BANDAR LAMPUNG","TANJUNG KARANG PUSAT","1871","Kemiling","Kemiling","6","1","0","0","0","0","1"
"LAMPUNG","KOTA BANDAR LAMPUNG","TANJUNG KARANG TIMUR","1871","Sukabumi","Sukabumi","11","1","0","0","0","0","1"
"LAMPUNG","KOTA BANDAR LAMPUNG","TANJUNG SENANG","1871","Tanjung Senang","Tanjung Senang","22","3","4","0","1","0","8"
"LAMPUNG","KOTA BANDAR LAMPUNG","TELUK BETUNG BARAT","1871","Kemiling","Kemiling","25","0","0","0","1","0","1"
"LAMPUNG","KOTA BANDAR LAMPUNG","TELUK BETUNG SELATAN","1871","Sukabumi","Sukabumi","9","0","0","0","0","0","0"
"LAMPUNG","KOTA BANDAR LAMPUNG","TELUK BETUNG UTARA","1871","Kemiling","Kemiling","4","0","0","0","0","0","0"
"LAMPUNG","KOTA BANDAR LAMPUNG","TELUKBETUNG TIMUR","1871","Kemiling","Kemiling","8","0","0","0","0","0","0"
"LAMPUNG","KOTA BANDAR LAMPUNG","WAY HALIM","1871","Tanjung Senang","Tanjung Senang","7","0","0","0","0","0","0"
"LAMPUNG","KOTA METRO","METRO BARAT","1872","BPP Kecamatan Metro Barat","Kecamatan Metro Barat","53","4","1","0","6","0","11"
"LAMPUNG","KOTA METRO","METRO PUSAT","1872","BPP Kecamatan Metro Pusat","Kecamatan Metro Pusat","53","1","4","0","3","0","8"
"LAMPUNG","KOTA METRO","METRO SELATAN","1872","BPP Kecamatan Metro Selatan","Kecamatan Metro Selatan","65","5","0","0","6","0","11"
"LAMPUNG","KOTA METRO","METRO TIMUR","1872","BPP Kecamatan Metro Timur","Kecamatan Metro Timur","84","4","1","0","7","0","12"
"LAMPUNG","KOTA METRO","METRO UTARA","1872","BPP Kecamatan Metro Utara","Kecamatan Metro Utara","97","3","2","0","7","0","12"
"LAMPUNG","LAMPUNG BARAT","AIR HITAM","1801","BPP AIR HITAM","AIR Hitam","121","5","0","0","1","0","6"
"LAMPUNG","LAMPUNG BARAT","BALIK BUKIT","1801","BPP Balik Bukit","Balik Bukit","197","4","2","0","12","0","18"
"LAMPUNG","LAMPUNG BARAT","BANDAR NEGERI SUOH","1801","BPP Bandar Negeri Suoh","Bandar Negeri Suoh","211","1","3","0","9","0","13"
"LAMPUNG","LAMPUNG BARAT","BATU BRAK","1801","BPP BATU BRAK","Batu Brak","134","1","5","0","0","0","6"
"LAMPUNG","LAMPUNG BARAT","BATU KETULIS","1801","BPP Batu Ketulis","Batu Ketulis","106","4","0","0","0","0","4"
"LAMPUNG","LAMPUNG BARAT","BELALAU","1801","BPP Belalau","Belalau","96","3","2","0","0","0","5"
"LAMPUNG","LAMPUNG BARAT","GEDUNG SURIAN","1801","BPP Gedung Surian","Gedung Surian","107","2","3","0","1","0","6"
"LAMPUNG","LAMPUNG BARAT","KEBUN TEBU","1801","BPP Kebun Tebu","Kebun Tebu","134","1","5","0","15","0","21"
"LAMPUNG","LAMPUNG BARAT","LUMBOK SEMINUNG","1801","BPP Lumbok Seminung","Lumbok Seminung","102","2","1","0","2","0","5"
"LAMPUNG","LAMPUNG BARAT","PAGAR DEWA","1801","BPP PAGAR DEWA","Pagar Dewa","152","3","3","0","0","0","6"
"LAMPUNG","LAMPUNG BARAT","SEKINCAU","1801","BPP Sekincau","Sekincau","124","3","1","0","5","0","9"
"LAMPUNG","LAMPUNG BARAT","SUKAU","1801","BPP Sukau","Sukau","151","4","2","0","2","0","8"
"LAMPUNG","LAMPUNG BARAT","SUMBER JAYA","1801","BPP Sumber Jaya","Sumber Jaya","98","2","3","0","6","0","11"
"LAMPUNG","LAMPUNG BARAT","SUOH","1801","BPP SUOH","Suoh","153","1","3","0","4","0","8"
"LAMPUNG","LAMPUNG BARAT","WAY TENONG","1801","BPP Way Tenong","Way Tenong","186","1","4","0","5","0","10"
"LAMPUNG","LAMPUNG SELATAN","","1803","BPP Kecamatan Way Sulan","Kecamatan Way Sulan","10","","","","","",""
"LAMPUNG","LAMPUNG SELATAN","BAKAUHENI","1803","BPP Kecamatan Bakauheni","Kecamatan Bakauheni","104","1","1","1","1","0","4"
"LAMPUNG","LAMPUNG SELATAN","CANDIPURO","1803","BPP Kecamatan Candipuro","Kecamatan Candipuro","337","3","2","2","1","0","8"
"LAMPUNG","LAMPUNG SELATAN","JATI AGUNG","1803","BPP Jati Agung","Jati Agung","360","4","6","2","2","0","14"
"LAMPUNG","LAMPUNG SELATAN","KALIANDA","1803","BPP Kalianda","Kalianda","382","4","4","1","1","0","10"
"LAMPUNG","LAMPUNG SELATAN","KATIBUNG","1803","BPP Kecamatan Katibung","Kecamatan Katibung","236","5","1","3","0","0","9"
"LAMPUNG","LAMPUNG SELATAN","KETAPANG","1803","BPP Kecamatan Ketapang","Kecamatan Ketapang","344","2","0","5","1","0","8"
"LAMPUNG","LAMPUNG SELATAN","MERBAU MATARAM","1803","BPP Merbau Mataram","Merbau Mataram","297","4","5","0","1","0","10"
"LAMPUNG","LAMPUNG SELATAN","NATAR","1803","BPP Kecamatan Natar","Kecamatan Natar","491","4","3","5","4","0","16"
"LAMPUNG","LAMPUNG SELATAN","PALAS","1803","BPP Kecamatan Palas","Kecamatan Palas","467","3","3","5","4","0","15"
"LAMPUNG","LAMPUNG SELATAN","PENENGAHAN","1803","BPP Kecamatan Penengahan","Kecamatan Penengahan","280","5","1","2","1","0","9"
"LAMPUNG","LAMPUNG SELATAN","RAJABASA","1803","BPP Kecamatan Raja Basa","Kecamatan Raja Basa","87","2","1","1","1","0","5"
"LAMPUNG","LAMPUNG SELATAN","SIDOMULYO","1803","BPP Kecamatan Sidomulyo","Kecamatan Sidomulyo","304","3","3","2","1","0","9"
"LAMPUNG","LAMPUNG SELATAN","SRAGI","1803","BPP Kecamatan Sragi","Kecamatan Sragi","220","5","1","1","2","0","9"
"LAMPUNG","LAMPUNG SELATAN","TANJUNG BINTANG","1803","BPP Kecamatan Tanjung Bintang","Kecamatan Tanjung Bintang","236","5","2","1","1","0","9"
"LAMPUNG","LAMPUNG SELATAN","TANJUNG SARI","1803","BPP Kecamatan Tanjung Sari","Kecamatan Tanjung Sari","153","2","3","2","3","0","10"
"LAMPUNG","LAMPUNG SELATAN","WAY PANJI","1803","BPP Kecamatan Way Panji","Kecamatan Way Panji","141","1","2","0","1","0","4"
"LAMPUNG","LAMPUNG SELATAN","WAY SULAN","1803","BPP Kecamatan Way Sulan","Kecamatan Way Sulan","151","3","2","1","1","0","7"
"LAMPUNG","LAMPUNG TENGAH","ANAK RATU AJI","1805","BPP Anak Ratu Aji","Anak Ratu Aji","153","3","4","0","2","0","9"
"LAMPUNG","LAMPUNG TENGAH","ANAK TUHA","1805","BPP Anak Tuha","Anak Tuha","285","3","4","0","4","0","11"
"LAMPUNG","LAMPUNG TENGAH","BANDAR MATARAM","1805","BPP Bandar Mataram","Bandar Mataram","303","4","4","4","6","0","18"
"LAMPUNG","LAMPUNG TENGAH","BANDAR SURABAYA","1805","BPP Bandar Surabaya","Bandar Surabaya","243","3","2","2","6","0","13"
"LAMPUNG","LAMPUNG TENGAH","BANGUNREJO","1805","BPP Bangun Rejo","Bangun Rejo","255","7","5","2","1","0","15"
"LAMPUNG","LAMPUNG TENGAH","BEKRI","1805","BPP Bekri","Bekri","160","3","7","1","8","0","19"
"LAMPUNG","LAMPUNG TENGAH","BUMI NABUNG","1805","BPP Bumi Nabung","Bumi Nabung","206","2","4","0","7","0","13"
"LAMPUNG","LAMPUNG TENGAH","BUMI RATU NUBAN","1805","BPP Bumi Ratu Nuban","Bumi Ratu Nuban","196","2","7","2","7","0","18"
"LAMPUNG","LAMPUNG TENGAH","GUNUNG SUGIH","1805","BPP Gunung Sugih","Gunung Sugih","399","5","8","2","15","0","30"
"LAMPUNG","LAMPUNG TENGAH","KALIREJO","1805","BPP Kalirejo","Kalirejo","246","6","6","1","7","0","20"
"LAMPUNG","LAMPUNG TENGAH","KOTA GAJAH","1805","BPP Kota Gajah","Kota Gajah","129","0","7","0","7","0","14"
"LAMPUNG","LAMPUNG TENGAH","PADANG RATU","1805","BPP Padang Ratu","Padang Ratu","292","7","5","0","3","0","15"
"LAMPUNG","LAMPUNG TENGAH","PUBIAN","1805","BPP Pubian","Pubian","211","8","3","2","5","0","18"
"LAMPUNG","LAMPUNG TENGAH","PUNGGUR","1805","BPP Punggur","Punggur","189","4","8","0","9","0","21"
"LAMPUNG","LAMPUNG TENGAH","PUTRA RUMBIA","1805","BPP Putra Rumbia","Putra Rumbia","168","3","5","1","6","0","15"
"LAMPUNG","LAMPUNG TENGAH","RUMBIA","1805","BPP Rumbia","Rumbia","263","4","4","4","4","0","16"
"LAMPUNG","LAMPUNG TENGAH","SELAGAI LINGGA","1805","BPP Selagai Lingga","Selagai Lingga","202","4","2","1","6","0","13"
"LAMPUNG","LAMPUNG TENGAH","SENDANG AGUNG","1805","BPP Sendang Agung","Sendang Agung","210","3","4","1","9","0","17"
"LAMPUNG","LAMPUNG TENGAH","SEPUTIH AGUNG","1805","BPP Seputih Agung","Seputih Agung","244","5","2","0","1","0","8"
"LAMPUNG","LAMPUNG TENGAH","SEPUTIH BANYAK","1805","BPP Seputih Banyak","Seputih Banyak","308","5","7","3","3","0","18"
"LAMPUNG","LAMPUNG TENGAH","SEPUTIH MATARAM","1805","BPP Seputih Mataram","Seputih Mataram","292","4","6","0","1","0","11"
"LAMPUNG","LAMPUNG TENGAH","SEPUTIH RAMAN","1805","BPP Seputih Raman","Seputih Raman","294","4","5","3","10","0","22"
"LAMPUNG","LAMPUNG TENGAH","SEPUTIH SURABAYA","1805","BPP Seputih Surabaya","Seputih Surabaya","294","4","4","2","4","0","14"
"LAMPUNG","LAMPUNG TENGAH","TERBANGGI BESAR","1805","BPP Terbanggi Besar","Terbanggi Besar","278","4","7","1","0","0","12"
"LAMPUNG","LAMPUNG TENGAH","TERUSAN NUNYAI","1805","BPP Terusan Nunyai","Terusan Nunyai","124","2","4","0","5","0","11"
"LAMPUNG","LAMPUNG TENGAH","TRIMURJO","1805","BPP Trimurjo","Trimurjo","209","3","11","1","14","0","29"
"LAMPUNG","LAMPUNG TENGAH","WAY PENGUBUAN","1805","BPP Way Pengubuan","Way Pengubuan","133","3","3","0","3","0","9"
"LAMPUNG","LAMPUNG TENGAH","WAY SEPUTIH","1805","BPP Way Seputih","Way Seputih","150","3","3","2","4","0","12"
"LAMPUNG","LAMPUNG TIMUR","BANDAR SRIBAWONO","1804","UPTD BPP Bandar Sribhawono","Bandar Sribhawono","345","1","1","0","10","0","12"
"LAMPUNG","LAMPUNG TIMUR","BATANGHARI","1804","UPTD BPP BATANGHARI","Batanghari","388","4","2","0","11","0","17"
"LAMPUNG","LAMPUNG TIMUR","BATANGHARI NUBAN","1804","UPTD BPP Batanghari Nuban","Batanghari Nuban","309","3","1","0","3","0","7"
"LAMPUNG","LAMPUNG TIMUR","BRAJA SLEBAH","1804","UPTD BPP Braja Selebah","Braja Selebah","148","3","2","0","8","0","13"
"LAMPUNG","LAMPUNG TIMUR","BUMI AGUNG","1804","UPTD BPP Bumi Agung","Bumi Agung","155","2","2","0","2","0","6"
"LAMPUNG","LAMPUNG TIMUR","GUNUNG PELINDUNG","1804","UPTD BPP Gunung Pelindung","Gunung Pelindung","81","0","1","0","5","0","6"
"LAMPUNG","LAMPUNG TIMUR","JABUNG","1804","UPTD BPP Jabung","Jabung","426","3","0","0","15","0","18"
"LAMPUNG","LAMPUNG TIMUR","LABUHAN MARINGGAI","1804","UPTD BPP LABUHAN MARINGGAI","Labuhan Maringgai","149","1","1","0","6","0","8"
"LAMPUNG","LAMPUNG TIMUR","LABUHAN RATU","1804","UPTD BPP Labuhan Ratu","Labuhan Ratu","272","1","2","0","4","0","7"
"LAMPUNG","LAMPUNG TIMUR","MARGA SEKAMPUNG","1804","UPTD BPP Marga Sekampung","Marga Sekampung","234","3","0","0","5","0","8"
"LAMPUNG","LAMPUNG TIMUR","MARGATIGA","1804","UPTD BPP Margatiga","Margatiga","314","3","3","0","13","0","19"
"LAMPUNG","LAMPUNG TIMUR","MATARAM BARU","1804","UPTD BPP Mataram Baru","Mataram Baru","147","2","1","0","8","0","11"
"LAMPUNG","LAMPUNG TIMUR","MELINTING","1804","UPTD BPP Melinting","Melinting","142","2","1","0","4","0","7"
"LAMPUNG","LAMPUNG TIMUR","METRO KIBANG","1804","UPTD BPP Metro Kibang","Metro Kibang","215","4","0","0","7","0","11"
"LAMPUNG","LAMPUNG TIMUR","PASIR SAKTI","1804","UPTD BPP Pasir Sakti","Pasir Sakti","190","3","0","0","9","0","12"
"LAMPUNG","LAMPUNG TIMUR","PEKALONGAN","1804","UPTD BPP Pekalongan","Pekalongan","366","3","1","0","6","0","10"
"LAMPUNG","LAMPUNG TIMUR","PURBOLINGGO","1804","UPTD BPP Purbolinggo","Purbolinggo","232","3","1","0","14","0","18"
"LAMPUNG","LAMPUNG TIMUR","RAMAN UTARA","1804","UPTD BPP Raman Utara","Raman Utara","309","3","1","0","10","0","14"
"LAMPUNG","LAMPUNG TIMUR","SEKAMPUNG","1804","UPTD BPP Sekampung","Sekampung","419","3","3","0","7","0","13"
"LAMPUNG","LAMPUNG TIMUR","SEKAMPUNG UDIK","1804","UPTD BPP Sekampung Udik","Sekampung Udik","453","3","1","0","8","0","12"
"LAMPUNG","LAMPUNG TIMUR","SUKADANA","1804","UPTD BPP Sukadana","Sukadana","459","4","1","0","2","0","7"
"LAMPUNG","LAMPUNG TIMUR","WAWAY KARYA","1804","UPTD BPP Waway Karya","Waway Karya","315","3","0","0","5","0","8"
"LAMPUNG","LAMPUNG TIMUR","WAY BUNGUR","1804","UPTD BPP Way Bungur","Way Bungur","184","3","0","0","8","0","11"
"LAMPUNG","LAMPUNG TIMUR","WAY JEPARA","1804","UPTD BPP Way Jepara","Way Jepara","294","0","3","1","6","0","10"
"LAMPUNG","LAMPUNG UTARA","ABUNG BARAT","1806","BPP Kecamatan Abung Barat","Kecamatan Abung Barat","107","5","2","0","6","0","13"
"LAMPUNG","LAMPUNG UTARA","ABUNG KUNANG","1806","BPP Kecamatan Abung Kunang","Kecamatan Abung Kunang","57","5","1","0","0","0","6"
"LAMPUNG","LAMPUNG UTARA","ABUNG PEKURUN","1806","BPP Kecamatan Abung Pekurun","Kecamatan Abung Pekurun","66","8","0","0","0","0","8"
"LAMPUNG","LAMPUNG UTARA","ABUNG SELATAN","1806","BPP Kecamatan Abung Selatan","Kecamatan Abung Selatan","238","8","3","0","1","0","12"
"LAMPUNG","LAMPUNG UTARA","ABUNG SEMULI","1806","BPP Kecamatan Abung Semuli","Kecamatan Abung Semuli","177","4","3","0","2","0","9"
"LAMPUNG","LAMPUNG UTARA","ABUNG SURAKARTA","1806","BPP Kecamatan Abung Surakarta","Kecamatan Abung Surakarta","212","5","5","0","2","0","12"
"LAMPUNG","LAMPUNG UTARA","ABUNG TENGAH","1806","BPP Kecamatan Abung Tengah","Kecamatan Abung Tengah","130","5","2","0","2","0","9"
"LAMPUNG","LAMPUNG UTARA","ABUNG TIMUR","1806","BPP Kecamatan Abung Timur","Kecamatan Abung Timur","293","5","7","0","6","0","18"
"LAMPUNG","LAMPUNG UTARA","ABUNG TINGGI","1806","BPP Kecamatan Abung Tinggi","Kecamatan Abung Tinggi","107","6","1","0","2","1","10"
"LAMPUNG","LAMPUNG UTARA","BLAMBANGAN PAGAR","1806","BPP Kecamatan Blambangan Pagar","Kecamatan Blambangan Pagar","124","6","4","0","2","0","12"
"LAMPUNG","LAMPUNG UTARA","BUKIT KEMUNING","1806","BPP Kecamatan Bukit Kemuning","Kecamatan Bukit Kemuning","91","5","2","0","2","0","9"
"LAMPUNG","LAMPUNG UTARA","BUNGA MAYANG","1806","BPP Kecamatan Bunga Mayang","Kecamatan Bunga Mayang","122","6","2","0","1","0","9"
"LAMPUNG","LAMPUNG UTARA","HULUSUNGKAI","1806","BPP Kecamatan Hulu Sungkai","Kecamatan Hulu Sungkai","80","4","3","0","1","0","8"
"LAMPUNG","LAMPUNG UTARA","KOTABUMI","1806","BPP Kecamatan Kotabumi","Kecamatan Kotabumi","89","7","4","0","3","0","14"
"LAMPUNG","LAMPUNG UTARA","KOTABUMI SELATAN","1806","BPP Kecamatan Kotabumi Selatan","Kecamatan Kotabumi Selatan","136","8","3","0","3","0","14"
"LAMPUNG","LAMPUNG UTARA","KOTABUMI UTARA","1806","BPP Kecamatan Kotabumi Utara","Kecamatan Kotabumi Utara","201","6","2","0","1","0","9"
"LAMPUNG","LAMPUNG UTARA","MUARA SUNGKAI","1806","BPP Kecamatan Muara Sungkai","Kecamatan Muara Sungkai","109","4","1","0","1","0","6"
"LAMPUNG","LAMPUNG UTARA","SUNGKAI BARAT","1806","BPP Kecamatan Sungkai Barat","Kecamatan Sungkai Barat","95","5","2","0","0","0","7"
"LAMPUNG","LAMPUNG UTARA","SUNGKAI JAYA","1806","BPP Kecamatan Sungkai Jaya","Kecamatan Sungkai Jaya","70","6","2","0","1","0","9"
"LAMPUNG","LAMPUNG UTARA","SUNGKAI SELATAN","1806","BPP Kecamatan Sungkai Selatan","Kecamatan Sungkai Selatan","87","9","1","0","2","0","12"
"LAMPUNG","LAMPUNG UTARA","SUNGKAI TENGAH","1806","BPP Kecamatan Sungkai Tengah","Kecamatan Sungkai Tengah","89","5","3","0","4","0","12"
"LAMPUNG","LAMPUNG UTARA","SUNGKAI UTARA","1806","BPP Kecamatan Sungkai Utara","Kecamatan Sungkai Utara","160","5","3","0","1","0","9"
"LAMPUNG","LAMPUNG UTARA","TANJUNG RAJA","1806","BPP Kecamatan Tanjung Raja","Kecamatan Tanjung Raja","194","6","3","0","2","0","11"
"LAMPUNG","MESUJI","MESUJI","1811","BPP Mesuji","Mesuji","219","1","3","1","3","0","8"
"LAMPUNG","MESUJI","MESUJI TIMUR","1811","BPP Mesuji Timur","Mesuji Timur","325","2","4","0","4","0","10"
"LAMPUNG","MESUJI","PANCA JAYA","1811","BPP Panca Jaya","Panca Jaya","101","1","0","1","2","0","4"
"LAMPUNG","MESUJI","RAWAJITU UTARA","1811","BPP Rawajitu Utara","Rawajitu Utara","266","1","1","2","7","0","11"
"LAMPUNG","MESUJI","SIMPANG PEMATANG","1811","BPP Simpang Pematang","Simpang Pematang","144","1","2","1","3","0","7"
"LAMPUNG","MESUJI","TANJUNG RAYA","1811","BPP Tanjung Raya","Tanjung Raya","258","2","3","0","3","0","8"
"LAMPUNG","MESUJI","WAY SERDANG","1811","BPP Way Serdang","Way Serdang","227","2","3","0","3","0","8"
"LAMPUNG","PESAWARAN","GEDUNG TATAAN","1809","UPTD BPPP Kecamatan Gedung Tataan","Uptd Bppp Kecamatan Gedung Tataan","299","7","6","8","0","0","21"
"LAMPUNG","PESAWARAN","KEDONDONG","1809","UPTD BPPP Kedondong","Uptd Bppp Kedondong","148","4","3","3","0","0","10"
"LAMPUNG","PESAWARAN","MARGA PUNDUH","1809","UPTD BPPP Kecamatan Marga Punduh","Uptd Bppp Kecamatan Marga Punduh","90","3","1","4","1","0","9"
"LAMPUNG","PESAWARAN","NEGERI KATON","1809","UPTD BPPP Negerikaton","Uptd Bppp Negerikaton","348","2","7","7","0","0","16"
"LAMPUNG","PESAWARAN","PADANG CERMIN","1809","UPTD BPPP PADANG CERMIN","Uptd Bppp Padang Cermin","102","4","3","5","0","0","12"
"LAMPUNG","PESAWARAN","PUNDUH PIDADA","1809","UPTD BPPP Kecamatan Punduh Pedada","Uptd Bppp Kecamatan Punduh Pedada","63","2","2","3","2","0","9"
"LAMPUNG","PESAWARAN","TEGINENENG","1809","UPTD BPPP Kecamatan Tegineneng","Uptd Bppp Kecamatan Tegineneng","355","5","7","6","0","0","18"
"LAMPUNG","PESAWARAN","TELUK PANDAN","1809","UPTD BPPP TELUK PANDAN","Uptd Bppp Teluk Pandan","68","5","1","6","0","0","12"
"LAMPUNG","PESAWARAN","WAY KHILAU","1809","UPTD BPP Wilayah V Kecamatan Way Khilau","Wilayah V Kecamatan Way Khilau","174","4","2","6","2","0","14"
"LAMPUNG","PESAWARAN","WAY LIMA","1809","UPTD BPPP Way Lima","Uptd Bppp Way Lima","211","4","1","6","0","0","11"
"LAMPUNG","PESAWARAN","WAY RATAI","1809","UPTD BPPP Kec. Way Ratai","Uptd Bppp Kec. Way Ratai","110","2","3","4","0","0","9"
"LAMPUNG","PESISIR BARAT","","1813","BPP Bangkunat","Bangkunat","10","","","","","",""
"LAMPUNG","PESISIR BARAT","BANGKUNAT","1813","BPP Bangkunat","Bangkunat","191","1","2","0","5","0","8"
"LAMPUNG","PESISIR BARAT","KARYA PENGGAWA","1813","Karya Penggawa","Karya Penggawa","74","2","1","1","2","0","6"
"LAMPUNG","PESISIR BARAT","KRUI SELATAN","1813","Krui Selatan","Krui Selatan","53","1","2","0","1","0","4"
"LAMPUNG","PESISIR BARAT","LEMONG","1813","BPP Lemong","Lemong","78","1","0","1","1","0","3"
"LAMPUNG","PESISIR BARAT","NGAMBUR","1813","BPP Ngambur","Ngambur","162","1","2","0","2","0","5"
"LAMPUNG","PESISIR BARAT","NGARAS","1813","BPP Ngaras","Ngaras","107","2","0","1","2","0","5"
"LAMPUNG","PESISIR BARAT","PESISIR SELATAN","1813","Pesisir Selatan","Pesisir Selatan","156","1","3","1","2","0","7"
"LAMPUNG","PESISIR BARAT","PESISIR TENGAH","1813","Pesisir Tengah","Pesisir Tengah","45","3","1","0","0","0","4"
"LAMPUNG","PESISIR BARAT","PESISIR UTARA","1813","Pesisir Utara","Pesisir Utara","73","2","0","0","6","0","8"
"LAMPUNG","PESISIR BARAT","PULAU PISANG","1813","Pulau Pisang","Pulau Pisang","15","1","0","0","1","0","2"
"LAMPUNG","PESISIR BARAT","WAY KRUI","1813","Way Krui","Way Krui","31","1","1","1","1","0","4"
"LAMPUNG","PRINGSEWU","ADI LUWIH","1810","BPP Adiluwih","Adiluwih","134","2","5","0","0","0","7"
"LAMPUNG","PRINGSEWU","AMBARAWA","1810","AMBARAWA","Ambarawa","110","2","4","0","9","0","15"
"LAMPUNG","PRINGSEWU","BANYUMAS","1810","BPP Banyumas","Banyumas","96","2","3","0","1","0","6"
"LAMPUNG","PRINGSEWU","GADING REJO","1810","BPP Gadingrejo","Gadingrejo","147","6","3","0","10","0","19"
"LAMPUNG","PRINGSEWU","PAGELARAN","1810","Pagelaran","Pagelaran","143","5","3","0","9","0","17"
"LAMPUNG","PRINGSEWU","PAGELARAN UTARA","1810","Pagelaran Utara","Pagelaran Utara","70","1","4","0","6","0","11"
"LAMPUNG","PRINGSEWU","PARDASUKA","1810","Pardasuka","Pardasuka","121","2","5","0","6","0","13"
"LAMPUNG","PRINGSEWU","PRINGSEWU","1810","Pringsewu","Pringsewu","88","3","3","0","9","0","15"
"LAMPUNG","PRINGSEWU","SUKOHARJO","1810","Sukoharjo","Sukoharjo","135","4","2","0","2","0","8"
"LAMPUNG","TANGGAMUS","AIR NANINGAN","1802","BPP Air Naningan","Air Naningan","130","1","4","0","8","0","13"
"LAMPUNG","TANGGAMUS","BANDAR NEGERI SEMUONG","1802","BPP Bandar Negeri Semuong","Bandar Negeri Semuong","95","1","3","0","3","0","7"
"LAMPUNG","TANGGAMUS","BULOK","1802","BPP Kecamatan Bulok","Kecamatan Bulok","118","1","4","0","9","0","14"
"LAMPUNG","TANGGAMUS","CUKUH BALAK","1802","BPP Cukuh Balak","Cukuh Balak","134","2","2","1","11","0","16"
"LAMPUNG","TANGGAMUS","GISTING","1802","BPP Gisting","Gisting","137","1","3","0","2","0","6"
"LAMPUNG","TANGGAMUS","GUNUNG ALIP","1802","BPP Gunung Alip","Gunung Alip","89","1","4","0","2","0","7"
"LAMPUNG","TANGGAMUS","KELUMBAYAN","1802","BPP Kelumbayan","Kelumbayan","66","0","4","0","6","0","10"
"LAMPUNG","TANGGAMUS","KELUMBAYAN BARAT","1802","BPP Kelumbayan Barat","Kelumbayan Barat","71","2","4","0","4","0","10"
"LAMPUNG","TANGGAMUS","KOTA AGUNG","1802","BPP Kota Agung","Kota Agung","86","1","5","0","8","0","14"
"LAMPUNG","TANGGAMUS","KOTA AGUNG BARAT","1802","BPP Kota Agung Barat","Kota Agung Barat","133","2","4","0","5","0","11"
"LAMPUNG","TANGGAMUS","KOTA AGUNG TIMUR","1802","BPP Kota Agung Timur","Kota Agung Timur","156","2","2","0","6","0","10"
"LAMPUNG","TANGGAMUS","LIMAU","1802","BPP Limau","Limau","84","1","3","0","5","0","9"
"LAMPUNG","TANGGAMUS","PEMATANG SAWA","1802","BPP Pematang Sawa","Pematang Sawa","100","0","4","0","7","0","11"
"LAMPUNG","TANGGAMUS","PUGUNG","1802","BPP PUGUNG","Pugung","200","1","6","0","12","0","19"
"LAMPUNG","TANGGAMUS","PULAU PANGGUNG","1802","BPP Pulau Panggung","Pulau Panggung","163","1","6","0","7","0","14"
"LAMPUNG","TANGGAMUS","SEMAKA","1802","BPP Semaka","Semaka","190","0","5","0","4","0","9"
"LAMPUNG","TANGGAMUS","SUMBEREJO","1802","BPP Sumberejo","Sumberejo","156","2","4","0","3","0","9"
"LAMPUNG","TANGGAMUS","TALANG PADANG","1802","BPP Talang Padang","Talang Padang","86","3","4","0","4","0","11"
"LAMPUNG","TANGGAMUS","ULUBELU","1802","BPP Ulu Belu","Ulu Belu","249","1","5","0","17","0","23"
"LAMPUNG","TANGGAMUS","WONOSOBO","1802","BPP Wonosobo","Wonosobo","140","1","4","0","0","0","5"
"LAMPUNG","TULANG BAWANG","BANJAR AGUNG","1808","BPP Banjar Agung","Banjar Agung","150","4","0","0","3","0","7"
"LAMPUNG","TULANG BAWANG","BANJAR BARU","1808","BPP Banjar Baru","Banjar Baru","125","4","1","0","3","0","8"
"LAMPUNG","TULANG BAWANG","BANJAR MARGO","1808","BPP Banjar Margo","Banjar Margo","134","4","0","0","1","0","5"
"LAMPUNG","TULANG BAWANG","DENTE TELADAS","1808","BPP Dente Teladas","Dente Teladas","338","2","2","0","2","0","6"
"LAMPUNG","TULANG BAWANG","GEDUNG AJI","1808","BPP Gedung Aji","Gedung Aji","106","1","4","0","1","0","6"
"LAMPUNG","TULANG BAWANG","GEDUNG AJI BARU","1808","BPP Gedung Aji Baru","Gedung Aji Baru","93","1","2","0","4","0","7"
"LAMPUNG","TULANG BAWANG","GEDUNG MENENG","1808","BPP Gedung Meneng","Gedung Meneng","227","2","1","0","5","0","8"
"LAMPUNG","TULANG BAWANG","MENGGALA","1808","BPP Menggala","Menggala","132","3","1","0","4","0","8"
"LAMPUNG","TULANG BAWANG","MENGGALA TIMUR","1808","BPP Menggala Timur","Menggala Timur","148","4","0","0","4","0","8"
"LAMPUNG","TULANG BAWANG","MERAKSA AJI","1808","BPP Meraksa Aji","Meraksa Aji","76","3","0","0","1","0","4"
"LAMPUNG","TULANG BAWANG","PENAWAR AJI","1808","BPP Penawar Aji","Penawar Aji","95","0","4","0","6","0","10"
"LAMPUNG","TULANG BAWANG","PENAWAR TAMA","1808","BPP Penawar Tama","Penawar Tama","175","3","2","0","5","0","10"
"LAMPUNG","TULANG BAWANG","RAWA PITU","1808","BPP Rawa Pitu","Rawa Pitu","211","1","2","0","2","0","5"
"LAMPUNG","TULANG BAWANG","RAWAJITU SELATAN","1808","BPP Rawa Jitu Selatan","Rawa Jitu Selatan","164","1","1","0","4","0","6"
"LAMPUNG","TULANG BAWANG","RAWAJITU TIMUR","1808","BPP Rawa Jitu Timur","Rawa Jitu Timur","10","0","1","0","0","0","1"
"LAMPUNG","TULANG BAWANG BARAT","BATU PUTIH","1812","Batu Putih","Batu Putih","80","1","0","2","0","0","3"
"LAMPUNG","TULANG BAWANG BARAT","GUNUNG AGUNG","1812","BPP Gunung Agung","Gunung Agung","119","0","0","2","0","0","2"
"LAMPUNG","TULANG BAWANG BARAT","GUNUNG TERANG","1812","BPP GUNUNG TERANG","Gunung Terang","75","1","0","1","0","0","2"
"LAMPUNG","TULANG BAWANG BARAT","LAMBU KIBANG","1812","BPP Lambu Kibang","Lambu Kibang","141","1","0","3","0","0","4"
"LAMPUNG","TULANG BAWANG BARAT","PAGAR DEWA","1812","Pagar Dewa","Pagar Dewa","56","1","0","3","0","0","4"
"LAMPUNG","TULANG BAWANG BARAT","TULANG BAWANG TENGAH","1812","BPP Kecamatan Tulang Bawang Tengah","Kecamatan Tulang Bawang Tengah","250","3","0","6","0","0","9"
"LAMPUNG","TULANG BAWANG BARAT","TULANG BAWANG UDIK","1812","Tulang Bawang Udik","Tulang Bawang Udik","115","3","0","5","0","0","8"
"LAMPUNG","TULANG BAWANG BARAT","TUMI JAJAR","1812","BPP TUMIJAJAR","Tumijajar","207","4","0","3","0","0","7"
"LAMPUNG","TULANG BAWANG BARAT","WAY KENANGA","1812","Way Kenanga","Way Kenanga","96","1","0","2","0","0","3"
"LAMPUNG","WAY KANAN","BAHUGA","1807","BPP Kecamatan Bahuga","Kecamatan Bahuga","127","1","3","1","2","0","7"
"LAMPUNG","WAY KANAN","BANJIT","1807","BPP Kecamatan Banjit","Kecamatan Banjit","340","3","7","6","2","0","18"
"LAMPUNG","WAY KANAN","BARADATU","1807","BPP Kecamatan Baradatu","Kecamatan Baradatu","210","2","6","7","4","0","19"
"LAMPUNG","WAY KANAN","BLAMBANGAN UMPU","1807","BPP Kecamatan Blambangan Umpu","Kecamatan Blambangan Umpu","252","3","6","5","3","0","17"
"LAMPUNG","WAY KANAN","BUAY BAHUGA","1807","BPP Kecamatan Buay Bahuga","Kecamatan Buay Bahuga","149","3","0","1","2","0","6"
"LAMPUNG","WAY KANAN","BUMI AGUNG","1807","BPP Kecamatan Bumi Agung","Kecamatan Bumi Agung","156","4","1","0","3","0","8"
"LAMPUNG","WAY KANAN","GUNUNG LABUHAN","1807","BPP Kecamatan Gunung Labuhan","Kecamatan Gunung Labuhan","266","3","5","6","1","0","15"
"LAMPUNG","WAY KANAN","KASUI","1807","BPP Kecamatan Kasui","Kecamatan Kasui","216","2","2","3","1","0","8"
"LAMPUNG","WAY KANAN","NEGARA BATIN","1807","BPP Kecamatan Negara Batin","Kecamatan Negara Batin","329","2","6","6","3","0","17"
"LAMPUNG","WAY KANAN","NEGERI AGUNG","1807","BPP Kecamatan Negeri Agung","Kecamatan Negeri Agung","199","2","3","3","2","0","10"
"LAMPUNG","WAY KANAN","NEGERI BESAR","1807","BPP Kecamatan Negeri Besar","Kecamatan Negeri Besar","141","1","2","6","1","0","10"
"LAMPUNG","WAY KANAN","PAKUAN RATU","1807","BPP Kecamatan Pakuan Ratu","Kecamatan Pakuan Ratu","306","2","4","3","3","0","12"
"LAMPUNG","WAY KANAN","REBANG TANGKAS","1807","BPP Kecamatan Rebang Tangkas","Kecamatan Rebang Tangkas","116","1","1","2","1","0","5"
"LAMPUNG","WAY KANAN","UMPU SEMUNGGUK","1807","BPP Kecamatan Blambangan Umpu","Kecamatan Blambangan Umpu","173","2","1","1","0","0","4"
"LAMPUNG","WAY KANAN","WAY TUBA","1807","BPP Kecamatan Way Tuba","Kecamatan Way Tuba","143","3","1","0","2","0","6"
"MALUKU","BURU","AIR BUAYA","8104","BPP Awilinan","Awilinan","111","7","2","1","0","0","10"
"MALUKU","BURU","BATA BUAL","8104","BPP Pela","Pela","88","4","0","0","0","0","4"
"MALUKU","BURU","FENA LEISELA","8104","BPP Awilinan","Awilinan","80","0","0","0","0","0","0"
"MALUKU","BURU","LILIALY","8104","BPP Wae Perang","Wae Perang","67","4","0","0","0","0","4"
"MALUKU","BURU","LOLONG GUBA","8104","BPP Lolong Guba","Lolong Guba","110","8","2","9","6","0","25"
"MALUKU","BURU","NAMLEA","8104","BPP Namlea","Namlea","44","9","1","0","2","0","12"
"MALUKU","BURU","TELUK KAIELY","8104","BPP Pela","Pela","18","0","0","0","0","0","0"
"MALUKU","BURU","WAEAPO","8104","BPP Savanajaya","Savanajaya","153","12","2","1","9","0","24"
"MALUKU","BURU","WAELATA","8104","BPP WAELATA","Waelata","171","7","2","2","4","0","15"
"MALUKU","BURU","WAPLAU","8104","BPP Waplau","Waplau","132","5","0","0","0","0","5"
"MALUKU","BURU SELATAN","","8109","Balai Penyuluhan Pertanian Kecamatan Kep","Kecamatan Kep","0","","","","","",""
"MALUKU","BURU SELATAN","AMBALAU","","","","","0","0","0","0","0","0"
"MALUKU","BURU SELATAN","FENA FAFAN","8109","Balai Penyuluhan Pertanian Fenafafan","Fenafafan","37","1","2","0","0","0","3"
"MALUKU","BURU SELATAN","KEPALA MADAN","","","","","1","2","0","0","0","3"
"MALUKU","BURU SELATAN","LEKSULA","8109","Balai Penyuluhan Pertanian Leksula","Leksula","102","3","2","0","0","0","5"
"MALUKU","BURU SELATAN","NAMROLE","8109","Balai Penyuluhan Pertanian Namrole","Namrole","136","4","0","7","4","0","15"
"MALUKU","BURU SELATAN","WAISAMA","8109","Balai Penyuluhan Pertanian Waisama","Waisama","149","4","0","2","1","0","7"
"MALUKU","KEPULAUAN ARU","ARU SELATAN","8105","BALAI PENYULUHAN PERTANIAN KECAMATAN ARU","Kecamatan ARU","98","13","0","4","1","0","18"
"MALUKU","KEPULAUAN ARU","ARU SELATAN TIMUR","8105","BPP Aru Selatan Timur","Aru Selatan Timur","48","7","0","2","0","0","9"
"MALUKU","KEPULAUAN ARU","ARU SELATAN UTARA","8105","BPP Aru Selatan Utara","Aru Selatan Utara","43","6","0","10","0","0","16"
"MALUKU","KEPULAUAN ARU","ARU TENGAH","8105","BPP Aru Tengah","Aru Tengah","71","14","1","7","0","0","22"
"MALUKU","KEPULAUAN ARU","ARU TENGAH SELATAN","8105","BPP Aru Tengah Selatan","Aru Tengah Selatan","33","3","0","2","0","0","5"
"MALUKU","KEPULAUAN ARU","ARU TENGAH TIMUR","8105","BPP Aru Tengah Timur","Aru Tengah Timur","30","6","2","1","0","0","9"
"MALUKU","KEPULAUAN ARU","ARU UTARA","8105","BPP Aru Utara","Aru Utara","34","5","0","3","0","0","8"
"MALUKU","KEPULAUAN ARU","ARU UTARA TIMUR BATULEY","8105","BPP Aru Utara Timur","Aru Utara Timur","22","5","0","0","0","0","5"
"MALUKU","KEPULAUAN ARU","PULAU-PULAU ARU","8105","BPP Pulau-Pulau Aru","Pulau-Pulau Aru","259","18","2","15","8","0","43"
"MALUKU","KEPULAUAN ARU","SIR-SIR","8105","BPP Aru Utara Selatan Sir Sir","Aru Utara Selatan Sir Sir","39","3","0","1","0","0","4"
"MALUKU","KEPULAUAN TANIMBAR","KORMOMOLIN","8101","BPP Kec. KORMOMOLIN","Kec. Kormomolin","89","1","1","0","0","0","2"
"MALUKU","KEPULAUAN TANIMBAR","MOLU MARU","","","","","0","0","0","0","0","0"
"MALUKU","KEPULAUAN TANIMBAR","NIRUNMAS","8101","BPP NIRUNMAS","Nirunmas","75","1","0","0","0","0","1"
"MALUKU","KEPULAUAN TANIMBAR","SELARU","8101","Kecamatan Selaru","Kecamatan Selaru","257","1","1","0","0","0","2"
"MALUKU","KEPULAUAN TANIMBAR","TANIMBAR SELATAN","8101","Tanimbar Selatan","Tanimbar Selatan","231","1","3","0","6","0","10"
"MALUKU","KEPULAUAN TANIMBAR","TANIMBAR UTARA","","","","","0","0","0","1","0","1"
"MALUKU","KEPULAUAN TANIMBAR","WER MAKTIAN","8101","Wermaktian","Wermaktian","65","1","0","0","0","0","1"
"MALUKU","KEPULAUAN TANIMBAR","WER TAMRIAN","8101","Wer Tamrian","Wer Tamrian","184","1","3","0","5","0","9"
"MALUKU","KEPULAUAN TANIMBAR","WUAR LABOBAR","","","","","0","0","0","0","0","0"
"MALUKU","KEPULAUAN TANIMBAR","YARU","8101","Yaru","Yaru","60","0","1","0","0","0","1"
"MALUKU","KOTA AMBON","LEITIMUR SELATAN","8171","UPTD Balai Penyuluhan Pertanian Nania","Uptd Balai Penyuluhan Pertanian Nania","28","1","1","0","0","0","2"
"MALUKU","KOTA AMBON","NUSANIWE","8171","UPTD Balai Penyuluhan Pertanian Airlouw","Uptd Balai Penyuluhan Pertanian Airlouw","21","5","4","0","1","0","10"
"MALUKU","KOTA AMBON","SIRIMAU","8171","UPTD Balai Penyuluhan Pertanian Airlouw","Uptd Balai Penyuluhan Pertanian Airlouw","35","0","1","0","0","0","1"
"MALUKU","KOTA AMBON","TELUK AMBON","8171","UPTD Balai Penyuluhan Pertanian Nania","Uptd Balai Penyuluhan Pertanian Nania","75","0","0","0","0","0","0"
"MALUKU","KOTA AMBON","TELUK AMBON BAGUALA","8171","UPTD Balai Penyuluhan Pertanian Nania","Uptd Balai Penyuluhan Pertanian Nania","56","12","7","0","4","0","23"
"MALUKU","KOTA TUAL","KUR SELATAN","8172","BPP. Kanara","Kanara","27","1","1","0","0","0","2"
"MALUKU","KOTA TUAL","PP. KUR","8172","BPP. Kanara","Kanara","10","1","1","3","1","0","6"
"MALUKU","KOTA TUAL","PULAU DULLAH SELATAN","8172","BPP Ohoitel","Ohoitel","40","2","2","1","0","0","5"
"MALUKU","KOTA TUAL","PULAU DULLAH UTARA","8172","BPP Ohoitel","Ohoitel","119","4","1","3","12","0","20"
"MALUKU","KOTA TUAL","TAYANDO TAM","8172","BPP Tayando","Tayando","28","3","0","0","0","0","3"
"MALUKU","MALUKU BARAT DAYA","BABAR BARAT","8108","BPP Tepa","Tepa","96","0","1","5","2","0","8"
"MALUKU","MALUKU BARAT DAYA","DAMER","8108","BPP Damer","Damer","39","0","1","4","0","0","5"
"MALUKU","MALUKU BARAT DAYA","DAWELOR DAWERA","8108","BPP Dawelor Dawera","Dawelor Dawera","17","1","1","0","0","0","2"
"MALUKU","MALUKU BARAT DAYA","KEPULAUAN ROMA","8108","BPP Romang","Romang","50","0","1","1","0","0","2"
"MALUKU","MALUKU BARAT DAYA","KISAR SELATAN","8108","BPP Kisar","Kisar","90","0","1","0","5","0","6"
"MALUKU","MALUKU BARAT DAYA","KISAR UTARA","8108","BPP Kisar Utara","Kisar Utara","38","1","0","2","0","0","3"
"MALUKU","MALUKU BARAT DAYA","LAKOR","8108","BPP Lakor","Lakor","47","0","1","2","0","0","3"
"MALUKU","MALUKU BARAT DAYA","MDONA HYERA","8108","BPP Mdona Hyera","Mdona Hyera","51","0","1","5","0","0","6"
"MALUKU","MALUKU BARAT DAYA","MOA","8108","BPP Moa","Moa","115","5","0","1","1","0","7"
"MALUKU","MALUKU BARAT DAYA","PULAU LETTI","8108","BPP Letti","Letti","52","1","0","0","5","0","6"
"MALUKU","MALUKU BARAT DAYA","PULAU MASELA","8108","BPP Masela","Masela","8","0","1","0","0","0","1"
"MALUKU","MALUKU BARAT DAYA","PULAU WETANG","8108","BPP Wetang","Wetang","23","0","0","1","0","0","1"
"MALUKU","MALUKU BARAT DAYA","PULAU-PULAU BABAR TIMUR","8108","BPP Babar Timur","Babar Timur","88","2","0","0","0","0","2"
"MALUKU","MALUKU BARAT DAYA","WETAR BARAT","8108","BPP Wetar Barat","Wetar Barat","35","1","0","2","0","0","3"
"MALUKU","MALUKU BARAT DAYA","WETAR SELATAN","8108","BPP Wetar","Wetar","32","0","0","1","0","0","1"
"MALUKU","MALUKU BARAT DAYA","WETAR TIMUR","8108","BPP Wetar Timur","Wetar Timur","33","1","1","0","0","0","2"
"MALUKU","MALUKU BARAT DAYA","WETAR UTARA","8108","BPP Wetar Utara","Wetar Utara","51","0","2","3","0","0","5"
"MALUKU","MALUKU TENGAH","","8103","Saparua","Saparua","10","","","","","",""
"MALUKU","MALUKU TENGAH","AMAHAI","8103","BPP AMAHAI","Amahai","218","4","1","5","6","0","16"
"MALUKU","MALUKU TENGAH","BANDA","8103","Banda","Banda","74","1","0","1","2","0","4"
"MALUKU","MALUKU TENGAH","KOTA MASOHI","8103","Kota Masohi","Kota Masohi","68","7","1","1","6","0","15"
"MALUKU","MALUKU TENGAH","LEIHITU","8103","Leihitu","Leihitu","131","6","3","2","4","0","15"
"MALUKU","MALUKU TENGAH","LEIHITU BARAT","8103","LEIHITU BARAT","Leihitu Barat","67","8","4","4","2","0","18"
"MALUKU","MALUKU TENGAH","NUSALAUT","8103","Nusalaut","Nusalaut","34","2","0","1","0","0","3"
"MALUKU","MALUKU TENGAH","P. HARUKU","8103","Pulau Haruku","Pulau Haruku","138","8","0","3","2","0","13"
"MALUKU","MALUKU TENGAH","SALAHUTU","8103","Salahutu","Salahutu","136","8","5","5","4","0","22"
"MALUKU","MALUKU TENGAH","SAPARUA","8103","Saparua","Saparua","24","4","2","1","0","0","7"
"MALUKU","MALUKU TENGAH","SAPARUA TIMUR","8103","BPP Saparua Timur","Saparua Timur","22","3","0","1","0","0","4"
"MALUKU","MALUKU TENGAH","SERAM UTARA","8103","Seram Utara","Seram Utara","41","0","0","1","6","0","7"
"MALUKU","MALUKU TENGAH","SERAM UTARA BARAT","8103","Seram Utara Barat","Seram Utara Barat","40","2","2","3","3","0","10"
"MALUKU","MALUKU TENGAH","SERAM UTARA TIMUR KOBI","8103","Seram Utara Timur Kobi","Seram Utara Timur Kobi","214","2","0","8","17","0","27"
"MALUKU","MALUKU TENGAH","SERAM UTARA TIMUR SETI","8103","Seram Utara Timur Seti","Seram Utara Timur Seti","164","0","0","8","11","0","19"
"MALUKU","MALUKU TENGAH","TEHORU","8103","Tehoru","Tehoru","100","4","2","2","5","0","13"
"MALUKU","MALUKU TENGAH","TELUK ELPAPUTIH","8103","Teluk Elpaputih","Teluk Elpaputih","61","4","0","2","2","0","8"
"MALUKU","MALUKU TENGAH","TELUTIH","8103","TELUTIH","Telutih","53","1","0","2","0","0","3"
"MALUKU","MALUKU TENGAH","TEON NILA SERUA","8103","Teon Nila Serua","Teon Nila Serua","101","9","0","1","3","0","13"
"MALUKU","MALUKU TENGGARA","HOAT SORBAY","8102","Hoat Sorbay","Hoat Sorbay","56","1","2","0","1","0","4"
"MALUKU","MALUKU TENGGARA","KEI BESAR","8102","Fangamas","Fangamas","66","1","0","0","3","0","4"
"MALUKU","MALUKU TENGGARA","KEI BESAR SELATAN","8102","Tamangil","Tamangil","23","1","0","0","3","0","4"
"MALUKU","MALUKU TENGGARA","KEI BESAR SELATAN BARAT","8102","Kei Besar Selatan Barat","Kei Besar Selatan Barat","19","1","0","0","3","0","4"
"MALUKU","MALUKU TENGGARA","KEI BESAR UTARA BARAT","8102","Kei Besar Utara Barat","Kei Besar Utara Barat","36","1","0","0","2","0","3"
"MALUKU","MALUKU TENGGARA","KEI BESAR UTARA TIMUR","8102","Ohoiwirin","Ohoiwirin","36","1","0","0","3","0","4"
"MALUKU","MALUKU TENGGARA","KEI KECIL","8102","Kei Kecil","Kei Kecil","59","2","0","0","1","0","3"
"MALUKU","MALUKU TENGGARA","KEI KECIL BARAT","8102","Ohoira","Ohoira","43","1","0","0","1","0","2"
"MALUKU","MALUKU TENGGARA","KEI KECIL TIMUR","8102","Yafawun","Yafawun","170","1","0","0","1","0","2"
"MALUKU","MALUKU TENGGARA","KEI KECIL TIMUR SELATAN","8102","Danar","Danar","51","1","0","0","1","0","2"
"MALUKU","MALUKU TENGGARA","MANYEUW","8102","Manyeuw","Manyeuw","43","2","0","0","1","0","3"
"MALUKU","SERAM BAGIAN BARAT","","8106","BPP Kecamatan Seram Barat","Kecamatan Seram Barat","10","","","","","",""
"MALUKU","SERAM BAGIAN BARAT","AMALATU","8106","BPP Kecamatan Amalatu","Kecamatan Amalatu","61","2","2","0","0","0","4"
"MALUKU","SERAM BAGIAN BARAT","ELPAPUTIH","8106","BPP Kecamatan Elpaputih","Kecamatan Elpaputih","47","2","3","0","2","0","7"
"MALUKU","SERAM BAGIAN BARAT","HUAMUAL","8106","BPP Kecamatan Huamual","Kecamatan Huamual","130","3","2","0","0","0","5"
"MALUKU","SERAM BAGIAN BARAT","HUAMUAL BELAKANG","8106","BPP Kecamatan Huamual Belakang","Kecamatan Huamual Belakang","24","2","3","0","0","0","5"
"MALUKU","SERAM BAGIAN BARAT","INAMOSOL","8106","BPP Kecamatan Inamosol","Kecamatan Inamosol","39","2","4","0","1","0","7"
"MALUKU","SERAM BAGIAN BARAT","KAIRATU","8106","BPP Kecamatan Kairatu","Kecamatan Kairatu","99","3","5","0","3","0","11"
"MALUKU","SERAM BAGIAN BARAT","KAIRATU BARAT","8106","BPP Kecamatan Kairatu Barat","Kecamatan Kairatu Barat","68","3","1","0","2","0","6"
"MALUKU","SERAM BAGIAN BARAT","KEPULAUAN MANIPA","8106","BPP Kecamatan Kepulauan Manipa","Kecamatan Kepulauan Manipa","70","2","3","0","0","0","5"
"MALUKU","SERAM BAGIAN BARAT","SERAM BARAT","8106","BPP Kecamatan Seram Barat","Kecamatan Seram Barat","87","5","2","0","0","0","7"
"MALUKU","SERAM BAGIAN BARAT","TANIWEL","8106","BPP Kecamatan Taniwel","Kecamatan Taniwel","58","0","5","0","1","0","6"
"MALUKU","SERAM BAGIAN BARAT","TANIWEL TIMUR","8106","BPP Kecamatan Taniwel Timur","Kecamatan Taniwel Timur","50","2","4","0","0","0","6"
"MALUKU","SERAM BAGIAN TIMUR","BULA","8107","BP3K BULA","Bula","44","3","4","10","4","0","21"
"MALUKU","SERAM BAGIAN TIMUR","BULA BARAT","8107","BP3K BULA BARAT","Bula Barat","158","6","0","6","15","0","27"
"MALUKU","SERAM BAGIAN TIMUR","GOROM TIMUR","8107","BP3K GOROM TIMUR","Gorom Timur","74","0","0","1","0","0","1"
"MALUKU","SERAM BAGIAN TIMUR","KIAN DARAT","8107","BP3K KIAN DARAT","Kian Darat","84","0","1","5","0","0","6"
"MALUKU","SERAM BAGIAN TIMUR","KILMURY","8107","BP3K KILMURY","Kilmury","97","0","0","1","0","0","1"
"MALUKU","SERAM BAGIAN TIMUR","PULAU GOROM","8107","BP3K PULAU GOROM","Pulau Gorom","83","1","0","3","0","0","4"
"MALUKU","SERAM BAGIAN TIMUR","PULAU PANJANG","8107","BP3K PULAU PANJANG","Pulau Panjang","22","0","0","2","0","0","2"
"MALUKU","SERAM BAGIAN TIMUR","SERAM TIMUR","8107","BP3K SERAM TIMUR","Seram Timur","79","1","0","3","1","0","5"
"MALUKU","SERAM BAGIAN TIMUR","SIRITAN WIDA TIMUR","8107","BP3K SIRITAUN WIDATIMUR","Siritaun Widatimur","58","0","0","2","0","0","2"
"MALUKU","SERAM BAGIAN TIMUR","SIWALALAT","8107","BP3K SIWALALAT","Siwalalat","40","0","0","0","0","0","0"
"MALUKU","SERAM BAGIAN TIMUR","TELUK WARU","8107","BP3K TELUK WARU","Teluk Waru","43","1","0","3","0","0","4"
"MALUKU","SERAM BAGIAN TIMUR","TEOR","8107","BP3K TEOR","Teor","24","0","0","1","0","0","1"
"MALUKU","SERAM BAGIAN TIMUR","TUTUK TOLU","8107","BP3K TUTUK TOLU","Tutuk Tolu","82","0","0","4","0","0","4"
"MALUKU","SERAM BAGIAN TIMUR","WAKATE","8107","BP3K KESUI WATUBELA","Kesui Watubela","70","0","0","1","0","0","1"
"MALUKU","SERAM BAGIAN TIMUR","WERINAMA","8107","BP3K WERINAMA","Werinama","76","1","1","6","0","0","8"
"MALUKU UTARA","HALMAHERA BARAT","","8201","BPP JAILOLO TIMUR","Jailolo Timur","10","","","","","",""
"MALUKU UTARA","HALMAHERA BARAT","IBU","8201","BPP IBU","IBU","85","5","0","5","3","0","13"
"MALUKU UTARA","HALMAHERA BARAT","IBU SELATAN","8201","BPP Ibu Selatan","Ibu Selatan","55","4","0","7","2","0","13"
"MALUKU UTARA","HALMAHERA BARAT","JAILOLO","8201","BPP JAILOLO","Jailolo","117","19","2","14","2","0","37"
"MALUKU UTARA","HALMAHERA BARAT","JAILOLO SELATAN","8201","BPP Jailolo Selatan","Jailolo Selatan","118","12","0","8","2","0","22"
"MALUKU UTARA","HALMAHERA BARAT","LOLODA","8201","BPP Loloda","Loloda","53","2","0","4","0","0","6"
"MALUKU UTARA","HALMAHERA BARAT","SAHU","8201","BPP SAHU","Sahu","98","9","2","6","0","0","17"
"MALUKU UTARA","HALMAHERA BARAT","SAHU TIMUR","8201","BPP Sahu Timur","Sahu Timur","112","11","0","8","0","0","19"
"MALUKU UTARA","HALMAHERA BARAT","TABARU","8201","BPP Tabaru","Tabaru","102","4","0","7","1","0","12"
"MALUKU UTARA","HALMAHERA SELATAN","","8204","BPP Gane Timur","Gane Timur","10","","","","","",""
"MALUKU UTARA","HALMAHERA SELATAN","BACAN","8204","BPP Bacan","Bacan","119","3","1","3","0","0","7"
"MALUKU UTARA","HALMAHERA SELATAN","BACAN BARAT","8204","BPP Kec. Bacan Barat","Kec. Bacan Barat","37","2","0","0","0","0","2"
"MALUKU UTARA","HALMAHERA SELATAN","BACAN BARAT UTARA","8204","BPP Bacan Barat Utara","Bacan Barat Utara","57","1","0","0","0","0","1"
"MALUKU UTARA","HALMAHERA SELATAN","BACAN SELATAN","8204","UPTD-BPP Bacan Selatan","Uptd-bpp Bacan Selatan","54","1","2","2","1","0","6"
"MALUKU UTARA","HALMAHERA SELATAN","BACAN TIMUR","8204","BPP Bacan Timur","Bacan Timur","194","4","2","2","0","0","8"
"MALUKU UTARA","HALMAHERA SELATAN","BACAN TIMUR SELATAN","8204","BPP Bacan Timur Selatan","Bacan Timur Selatan","73","2","0","0","0","0","2"
"MALUKU UTARA","HALMAHERA SELATAN","BACAN TIMUR TENGAH","8204","BPP Bacan Timur Tengah","Bacan Timur Tengah","73","2","0","0","0","0","2"
"MALUKU UTARA","HALMAHERA SELATAN","BATANG LOMANG","8204","BPP Bacan","Bacan","47","0","0","0","0","0","0"
"MALUKU UTARA","HALMAHERA SELATAN","GANE BARAT","8204","BPP Gane Barat","Gane Barat","96","1","0","3","0","0","4"
"MALUKU UTARA","HALMAHERA SELATAN","GANE BARAT SELATAN","8204","BPP Gane Barat","Gane Barat","21","0","0","0","0","0","0"
"MALUKU UTARA","HALMAHERA SELATAN","GANE BARAT UTARA","8204","BPP Gane Barat","Gane Barat","50","0","0","0","0","0","0"
"MALUKU UTARA","HALMAHERA SELATAN","GANE TIMUR","8204","BPP Gane Timur","Gane Timur","88","2","1","1","0","0","4"
"MALUKU UTARA","HALMAHERA SELATAN","GANE TIMUR SELATAN","8204","BPP Gane Timur","Gane Timur","14","0","0","0","0","0","0"
"MALUKU UTARA","HALMAHERA SELATAN","GANE TIMUR TENGAH","8204","BPP Gane Timur","Gane Timur","32","0","0","0","0","0","0"
"MALUKU UTARA","HALMAHERA SELATAN","KASIRUTA BARAT","8204","BPP Kasiruta Timur","Kasiruta Timur","57","0","0","0","0","0","0"
"MALUKU UTARA","HALMAHERA SELATAN","KASIRUTA TIMUR","8204","BPP Kasiruta Timur","Kasiruta Timur","39","1","1","0","0","0","2"
"MALUKU UTARA","HALMAHERA SELATAN","KAYOA","8204","BPP Kec Kayoa","Kec Kayoa","58","1","0","1","0","0","2"
"MALUKU UTARA","HALMAHERA SELATAN","KAYOA BARAT","8204","BPP Kec Kayoa","Kec Kayoa","29","0","0","0","0","0","0"
"MALUKU UTARA","HALMAHERA SELATAN","KAYOA SELATAN","8204","BPP Kec Kayoa","Kec Kayoa","18","0","0","0","0","0","0"
"MALUKU UTARA","HALMAHERA SELATAN","KAYOA UTARA","8204","BPP Kec Kayoa","Kec Kayoa","15","0","0","0","0","0","0"
"MALUKU UTARA","HALMAHERA SELATAN","KEPULAUAN JORONGA","8204","BPP Gane Barat","Gane Barat","31","0","0","0","0","0","0"
"MALUKU UTARA","HALMAHERA SELATAN","MAKIAN BARAT","8204","BPP Makian Barat","Makian Barat","33","0","0","1","0","0","1"
"MALUKU UTARA","HALMAHERA SELATAN","MANDIOLI SELATAN","8204","BPP Mandioli Utara","Mandioli Utara","58","0","0","0","0","0","0"
"MALUKU UTARA","HALMAHERA SELATAN","MANDIOLI UTARA","8204","BPP Mandioli Utara","Mandioli Utara","35","2","0","0","0","0","2"
"MALUKU UTARA","HALMAHERA SELATAN","OBI","8204","BPP Obi","Obi","13","5","1","1","0","0","7"
"MALUKU UTARA","HALMAHERA SELATAN","OBI BARAT","8204","BPP Obi","Obi","16","0","0","0","0","0","0"
"MALUKU UTARA","HALMAHERA SELATAN","OBI SELATAN","8204","BPP Obi Selatan","Obi Selatan","38","2","0","0","0","0","2"
"MALUKU UTARA","HALMAHERA SELATAN","OBI TIMUR","8204","BPP Obi Selatan","Obi Selatan","14","0","0","0","0","0","0"
"MALUKU UTARA","HALMAHERA SELATAN","OBI UTARA","8204","BPP Obi","Obi","38","0","0","0","0","0","0"
"MALUKU UTARA","HALMAHERA SELATAN","PULAU MAKIAN","8204","BPP Makian","Makian","50","1","0","2","0","0","3"
"MALUKU UTARA","HALMAHERA TENGAH","","8202","BPP WEDA TIMUR","Weda Timur","0","","","","","",""
"MALUKU UTARA","HALMAHERA TENGAH","PATANI","8202","BPP Patani","Patani","66","0","0","4","0","0","4"
"MALUKU UTARA","HALMAHERA TENGAH","PATANI BARAT","8202","BPP Patani Barat","Patani Barat","30","4","0","3","0","0","7"
"MALUKU UTARA","HALMAHERA TENGAH","PATANI TIMUR","8202","BPP Patani Timur","Patani Timur","19","1","0","3","0","0","4"
"MALUKU UTARA","HALMAHERA TENGAH","PATANI UTARA","8202","Patani Utara","Patani Utara","107","1","0","7","0","0","8"
"MALUKU UTARA","HALMAHERA TENGAH","PULAU GEBE","8202","BPP Pulau Gebe","Pulau Gebe","51","1","0","1","0","0","2"
"MALUKU UTARA","HALMAHERA TENGAH","WEDA","8202","BPP Weda","Weda","49","1","0","4","0","0","5"
"MALUKU UTARA","HALMAHERA TENGAH","WEDA SELATAN","8202","BPP Weda Selatan","Weda Selatan","96","3","0","1","4","0","8"
"MALUKU UTARA","HALMAHERA TENGAH","WEDA TENGAH","8202","Weda Tengah","Weda Tengah","53","3","0","2","0","0","5"
"MALUKU UTARA","HALMAHERA TENGAH","WEDA TIMUR","","","","","1","0","0","0","0","1"
"MALUKU UTARA","HALMAHERA TENGAH","WEDA UTARA","8202","Weda Utara","Weda Utara","103","2","0","4","0","0","6"
"MALUKU UTARA","HALMAHERA TIMUR","","8206","BPP Maba Utara","Maba Utara","0","","","","","",""
"MALUKU UTARA","HALMAHERA TIMUR","KOTA MABA","8206","BPP KOTA MABA","Kota Maba","22","6","4","0","0","0","10"
"MALUKU UTARA","HALMAHERA TIMUR","MABA","8206","BPP Kecamatan Maba","Kecamatan Maba","19","5","0","0","3","0","8"
"MALUKU UTARA","HALMAHERA TIMUR","MABA SELATAN","8206","Maba Selatan","Maba Selatan","18","2","0","0","0","0","2"
"MALUKU UTARA","HALMAHERA TIMUR","MABA TENGAH","8206","Maba Tengah","Maba Tengah","26","4","0","0","0","0","4"
"MALUKU UTARA","HALMAHERA TIMUR","MABA UTARA","","","","","2","0","0","0","0","2"
"MALUKU UTARA","HALMAHERA TIMUR","WASILE","8206","Wasile","Wasile","76","4","0","1","4","0","9"
"MALUKU UTARA","HALMAHERA TIMUR","WASILE SELATAN","8206","Wasile Selatan","Wasile Selatan","59","4","0","0","3","0","7"
"MALUKU UTARA","HALMAHERA TIMUR","WASILE TENGAH","8206","Wasile Tengah","Wasile Tengah","20","2","0","0","0","0","2"
"MALUKU UTARA","HALMAHERA TIMUR","WASILE TIMUR","8206","BPP Wasile Timur","Wasile Timur","89","6","0","1","3","0","10"
"MALUKU UTARA","HALMAHERA TIMUR","WASILE UTARA","8206","Wasile Utara","Wasile Utara","16","1","0","0","0","0","1"
"MALUKU UTARA","HALMAHERA UTARA","","8205","balai penyuluhan pertanian tobelo selata","tobelo selata","0","","","","","",""
"MALUKU UTARA","HALMAHERA UTARA","GALELA","8205","Balai Penyuluhan Pertanian Galela","Galela","38","5","1","0","0","0","6"
"MALUKU UTARA","HALMAHERA UTARA","GALELA BARAT","8205","Balai Penyuluhan Pertanian Galela Selata","Galela Selata","83","0","0","0","0","0","0"
"MALUKU UTARA","HALMAHERA UTARA","GALELA SELATAN","8205","Balai Penyuluhan Pertanian Galela Selata","Galela Selata","47","4","4","2","0","0","10"
"MALUKU UTARA","HALMAHERA UTARA","GALELA UTARA","8205","Balai Penyuluhan Pertanian Galela Utara","Galela Utara","41","3","1","0","0","0","4"
"MALUKU UTARA","HALMAHERA UTARA","KAO","8205","Balai Penyuluhan Pertanian Kao","Kao","68","8","6","1","5","0","20"
"MALUKU UTARA","HALMAHERA UTARA","KAO BARAT","8205","Balai Penyuluhan Pertanian Kao Barat","Kao Barat","93","3","4","0","0","0","7"
"MALUKU UTARA","HALMAHERA UTARA","KAO TELUK","8205","Balai Penyuluhan Pertanian Kao Teluk","Kao Teluk","36","5","5","0","0","0","10"
"MALUKU UTARA","HALMAHERA UTARA","KAO UTARA","8205","Balai Penyuluhan Pertanian Kao Utara","Kao Utara","54","3","6","0","0","0","9"
"MALUKU UTARA","HALMAHERA UTARA","LOLODA KEPULAUAN","8205","Balai Penyuluhan Pertanian Loloda Utara","Loloda Utara","14","0","0","0","0","0","0"
"MALUKU UTARA","HALMAHERA UTARA","LOLODA UTARA","","","","","4","0","0","0","0","4"
"MALUKU UTARA","HALMAHERA UTARA","MALIFUT","8205","Balai Penyuluhan Pertanian Malifut","Malifut","61","3","10","2","1","0","16"
"MALUKU UTARA","HALMAHERA UTARA","TOBELO","","","","","10","8","0","0","0","18"
"MALUKU UTARA","HALMAHERA UTARA","TOBELO BARAT","8205","Balai Penyuluhan Pertanian Tobelo Barat","Tobelo Barat","55","2","3","0","0","0","5"
"MALUKU UTARA","HALMAHERA UTARA","TOBELO SELATAN","8205","Balai Penyuluhan Pertanian Tobelo Selat","Tobelo Selat","65","6","2","0","0","0","8"
"MALUKU UTARA","HALMAHERA UTARA","TOBELO TENGAH","8205","Balai Penyuluhan Pertanian Tobelo","Tobelo","49","0","0","0","0","0","0"
"MALUKU UTARA","HALMAHERA UTARA","TOBELO TIMUR","8205","Balai Penyuluhan Pertanian Tobelo Selat","Tobelo Selat","20","0","0","0","0","0","0"
"MALUKU UTARA","HALMAHERA UTARA","TOBELO UTARA","8205","Balai Penyuluhan Pertanian Tobelo","Tobelo","43","0","0","0","0","0","0"
"MALUKU UTARA","KEPULAUAN SULA","MANGOLI BARAT","8203","BPP Mangoli Barat","Mangoli Barat","40","1","0","0","1","0","2"
"MALUKU UTARA","KEPULAUAN SULA","MANGOLI SELATAN","8203","BPP Mangoli Selatan","Mangoli Selatan","33","1","0","0","0","0","1"
"MALUKU UTARA","KEPULAUAN SULA","MANGOLI TENGAH","8203","Mangoli Tengah","Mangoli Tengah","102","3","0","0","0","0","3"
"MALUKU UTARA","KEPULAUAN SULA","MANGOLI TIMUR","8203","BPP Mangoli Timur","Mangoli Timur","51","2","0","0","0","0","2"
"MALUKU UTARA","KEPULAUAN SULA","MANGOLI UTARA","8203","BPP Mangoli Utara","Mangoli Utara","66","4","0","0","0","0","4"
"MALUKU UTARA","KEPULAUAN SULA","MANGOLI UTARA TIMUR","8203","BPP Mangoli Utara Timur","Mangoli Utara Timur","34","2","0","0","0","0","2"
"MALUKU UTARA","KEPULAUAN SULA","SANANA","8203","BPP Sanana","Sanana","85","4","0","0","3","0","7"
"MALUKU UTARA","KEPULAUAN SULA","SANANA UTARA","8203","BPP Sanana Utara","Sanana Utara","81","2","2","0","0","0","4"
"MALUKU UTARA","KEPULAUAN SULA","SULA BESI BARAT","8203","BPP Sulabesi Barat","Sulabesi Barat","57","2","0","0","1","0","3"
"MALUKU UTARA","KEPULAUAN SULA","SULA BESI TENGAH","8203","BPP Sulabesi Tengah","Sulabesi Tengah","46","3","0","0","1","0","4"
"MALUKU UTARA","KEPULAUAN SULA","SULABESI SELATAN","8203","BPP Sulabesi Selatan","Sulabesi Selatan","26","2","1","0","0","0","3"
"MALUKU UTARA","KEPULAUAN SULA","SULABESI TIMUR","8203","BPP Sulabesi Timur","Sulabesi Timur","22","2","1","0","2","0","5"
"MALUKU UTARA","KOTA TERNATE","","8271","BPP Kec. Pulau Moti","Kec. Pulau Moti","0","","","","","",""
"MALUKU UTARA","KOTA TERNATE","MOTI","","","","","2","3","0","0","0","5"
"MALUKU UTARA","KOTA TERNATE","PULAU BATANG DUA","8271","Pulau Batang Dua","Pulau Batang Dua","32","3","4","0","0","0","7"
"MALUKU UTARA","KOTA TERNATE","PULAU HIRI","8271","BPP Kec.Pulau Hiri","Kec.Pulau Hiri","21","2","3","0","0","0","5"
"MALUKU UTARA","KOTA TERNATE","PULAU TERNATE","8271","BPP Kec. Pulau Ternate","Kec. Pulau Ternate","33","5","2","0","3","0","10"
"MALUKU UTARA","KOTA TERNATE","TERNATE BARAT","8271","BPP Kec. Ternate Barat","Kec. Ternate Barat","46","4","4","0","1","0","9"
"MALUKU UTARA","KOTA TERNATE","TERNATE SELATAN","8271","BPP Ternate Selatan","Ternate Selatan","42","6","1","0","2","0","9"
"MALUKU UTARA","KOTA TERNATE","TERNATE TENGAH","8271","BPP Kec. Ternate Tengah","Kec. Ternate Tengah","46","4","1","1","2","0","8"
"MALUKU UTARA","KOTA TERNATE","TERNATE UTARA","8271","BPP Kec Ternate Utara","Kec Ternate Utara","57","6","2","0","4","0","12"
"MALUKU UTARA","KOTA TIDORE KEPULAUAN","OBA","8272","BPP Kec. Oba","Kec. Oba","58","4","0","5","6","0","15"
"MALUKU UTARA","KOTA TIDORE KEPULAUAN","OBA SELATAN","8272","BPP Oba Selatan","Oba Selatan","77","2","0","6","3","0","11"
"MALUKU UTARA","KOTA TIDORE KEPULAUAN","OBA TENGAH","8272","BPP Oba Tengah","Oba Tengah","54","4","0","2","2","0","8"
"MALUKU UTARA","KOTA TIDORE KEPULAUAN","OBA UTARA","8272","Oba Utara","Oba Utara","55","9","0","1","3","0","13"
"MALUKU UTARA","KOTA TIDORE KEPULAUAN","TIDORE","8272","BPP TIDORE","Tidore","48","13","0","10","3","0","26"
"MALUKU UTARA","KOTA TIDORE KEPULAUAN","TIDORE SELATAN","8272","Tidore Selatan","Tidore Selatan","27","9","0","5","2","0","16"
"MALUKU UTARA","KOTA TIDORE KEPULAUAN","TIDORE TIMUR","8272","Tidore Timur","Tidore Timur","61","8","0","2","7","0","17"
"MALUKU UTARA","KOTA TIDORE KEPULAUAN","TIDORE UTARA","8272","BPP Tidore Utara","Tidore Utara","91","9","0","9","4","0","22"
"MALUKU UTARA","PULAU MOROTAI","MOROTAI JAYA","8207","BPP Kec Morotai Jaya","Kec Morotai Jaya","75","0","0","0","0","0","0"
"MALUKU UTARA","PULAU MOROTAI","MOROTAI SELATAN","8207","BPP Kec Morotai Selatan","Kec Morotai Selatan","230","8","5","1","0","0","14"
"MALUKU UTARA","PULAU MOROTAI","MOROTAI SELATAN BARAT","8207","BPP Kec. Morotai Selatan Barat","Kec. Morotai Selatan Barat","110","4","1","1","0","0","6"
"MALUKU UTARA","PULAU MOROTAI","MOROTAI TIMUR","8207","BPP Kec Morotai Timur","Kec Morotai Timur","129","3","2","0","0","0","5"
"MALUKU UTARA","PULAU MOROTAI","MOROTAI UTARA","8207","BPP Kec.Morotai Utata","Kec.Morotai Utata","108","3","0","0","0","0","3"
"MALUKU UTARA","PULAU MOROTAI","PULAU RAO","8207","BPP Pulau Rao","Pulau Rao","57","1","0","0","0","0","1"
"MALUKU UTARA","PULAU TALIABU","LEDE","8208","BPP Kecamatan Tabona","Kecamatan Tabona","77","1","0","0","0","0","1"
"MALUKU UTARA","PULAU TALIABU","TABONA","","","","","0","0","0","0","0","0"
"MALUKU UTARA","PULAU TALIABU","TALIABU BARAT","8208","BPP Kecamatan Taliabu Barat","Kecamatan Taliabu Barat","137","1","0","6","0","0","7"
"MALUKU UTARA","PULAU TALIABU","TALIABU BARAT LAUT","8208","BPP Kecamatan Lede","Kecamatan Lede","79","0","0","0","0","0","0"
"MALUKU UTARA","PULAU TALIABU","TALIABU SELATAN","","","","","1","0","0","0","0","1"
"MALUKU UTARA","PULAU TALIABU","TALIABU TIMUR","8208","BPP Kecamatan Taliabu Selatan","Kecamatan Taliabu Selatan","5","0","0","0","0","0","0"
"MALUKU UTARA","PULAU TALIABU","TALIABU TIMUR SELATAN","8208","BPP Kecamatan Taliabu Timur Selatan","Kecamatan Taliabu Timur Selatan","29","1","0","1","0","0","2"
"MALUKU UTARA","PULAU TALIABU","TALIABU UTARA","8208","BPP Kecamatan Taliabu Utara","Kecamatan Taliabu Utara","101","1","0","2","0","0","3"
"NUSA TENGGARA BARAT","BIMA","","5206","BPP Kecamatan Palibelo","Kecamatan Palibelo","10","","","","","",""
"NUSA TENGGARA BARAT","BIMA","AMBALAWI","5206","BPP Kecamatan Ambalawi","Kecamatan Ambalawi","335","8","1","1","1","0","11"
"NUSA TENGGARA BARAT","BIMA","BELO","5206","BPP Kecamatan Belo","Kecamatan Belo","183","5","6","0","0","0","11"
"NUSA TENGGARA BARAT","BIMA","BOLO","5206","BPP Kecamatan Bolo","Kecamatan Bolo","304","10","6","0","2","0","18"
"NUSA TENGGARA BARAT","BIMA","DONGGO","5206","BPP Kecamatan Donggo","Kecamatan Donggo","393","4","8","1","1","0","14"
"NUSA TENGGARA BARAT","BIMA","LAMBITU","5206","BPP Kecamatan Lambitu","Kecamatan Lambitu","122","5","2","0","3","0","10"
"NUSA TENGGARA BARAT","BIMA","LAMBU","5206","BPP Kecamatan Lambu","Kecamatan Lambu","411","4","4","4","6","0","18"
"NUSA TENGGARA BARAT","BIMA","LANGGUDU","5206","BPP Kecamatan Langgudu","Kecamatan Langgudu","322","2","8","0","1","0","11"
"NUSA TENGGARA BARAT","BIMA","MADA PANGGA","5206","BPP Kecamatan Madapangga","Kecamatan Madapangga","500","8","5","1","3","0","17"
"NUSA TENGGARA BARAT","BIMA","MONTA","5206","BPP Kecamatan Monta","Kecamatan Monta","402","8","10","0","2","0","20"
"NUSA TENGGARA BARAT","BIMA","PALIBELO","5206","BPP Kecamatan Palibelo","Kecamatan Palibelo","255","9","8","1","15","0","33"
"NUSA TENGGARA BARAT","BIMA","PARADO","5206","BPP Kecamatan Parado","Kecamatan Parado","194","3","2","0","0","0","5"
"NUSA TENGGARA BARAT","BIMA","SANGGAR","5206","BPP Kecamatan Sanggar","Kecamatan Sanggar","353","3","2","0","1","0","6"
"NUSA TENGGARA BARAT","BIMA","SAPE","5206","BPP Kecamatan Sape","Kecamatan Sape","279","6","10","1","12","0","29"
"NUSA TENGGARA BARAT","BIMA","SOROMANDI","5206","Balai Penyuluh Pertanian Kecamatan Sor","Balai Penyuluh Pertanian Kecamatan Sor","375","2","7","0","3","0","12"
"NUSA TENGGARA BARAT","BIMA","TAMBORA","5206","BPP Kecamatan Tambora","Kecamatan Tambora","319","3","2","0","4","0","9"
"NUSA TENGGARA BARAT","BIMA","WAWO","5206","BPP Kecamatan Wawo","Kecamatan Wawo","269","6","5","1","1","0","13"
"NUSA TENGGARA BARAT","BIMA","WERA","5206","BPP Kecamatan Wera","Kecamatan Wera","328","5","8","1","2","0","16"
"NUSA TENGGARA BARAT","BIMA","WOHA","5206","BPP Kecamatan Woha","Kecamatan Woha","241","11","7","0","3","0","21"
"NUSA TENGGARA BARAT","DOMPU","","5205","BPP Kecamatan Dompu","Kecamatan Dompu","10","","","","","",""
"NUSA TENGGARA BARAT","DOMPU","DOMPU","5205","BPP Kecamatan Dompu","Kecamatan Dompu","424","19","7","0","19","0","45"
"NUSA TENGGARA BARAT","DOMPU","HU U","5205","BPP Kecamatan Hu","Kecamatan Hu","197","2","5","0","8","0","15"
"NUSA TENGGARA BARAT","DOMPU","KEMPO","5205","BPP Kecamatan Kempo kab. Dompu","Kecamatan Kempo kab. Dompu","243","7","5","0","7","0","19"
"NUSA TENGGARA BARAT","DOMPU","KILO","5205","BPP Kecamatan Kilo","Kecamatan Kilo","192","4","3","0","6","0","13"
"NUSA TENGGARA BARAT","DOMPU","MANGGALEWA","5205","BPP Kecamatan Manggelewa","Kecamatan Manggelewa","455","12","6","0","9","0","27"
"NUSA TENGGARA BARAT","DOMPU","PAJO","5205","BPP Kecamatan Pajo","Kecamatan Pajo","248","8","3","0","6","0","17"
"NUSA TENGGARA BARAT","DOMPU","PEKAT","5205","BPP Kecamatan Pekat","Kecamatan Pekat","453","8","3","0","10","0","21"
"NUSA TENGGARA BARAT","DOMPU","WOJA","5205","BPP Kecamatan Woja","Kecamatan Woja","386","18","4","0","16","0","38"
"NUSA TENGGARA BARAT","KOTA BIMA","ASAKOTA","5272","UPT.BPPP Asakota","Upt.bppp Asakota","154","6","2","1","6","0","15"
"NUSA TENGGARA BARAT","KOTA BIMA","MPUNDA","5272","UPT.BPPP Mpunda","Upt.bppp Mpunda","129","9","3","0","2","0","14"
"NUSA TENGGARA BARAT","KOTA BIMA","RABA","5272","UPT.BPPP Raba","Upt.bppp Raba","201","8","3","0","10","0","21"
"NUSA TENGGARA BARAT","KOTA BIMA","RASANAE BARAT","5272","UPT.BPPP Rasanae Timur","Upt.bppp Rasanae Timur","51","1","0","0","14","0","15"
"NUSA TENGGARA BARAT","KOTA BIMA","RASANAE TIMUR","5272","UPT.BPPP Rasanae Timur","Upt.bppp Rasanae Timur","182","5","5","0","8","0","18"
"NUSA TENGGARA BARAT","KOTA MATARAM","AMPENAN","5271","BPP Ampenan","Ampenan","59","5","1","0","10","0","16"
"NUSA TENGGARA BARAT","KOTA MATARAM","CAKRANEGARA","5271","BPP Cakranegara","Cakranegara","37","5","1","0","10","0","16"
"NUSA TENGGARA BARAT","KOTA MATARAM","MATARAM","5271","BPP Kecamatan Mataram","Kecamatan Mataram","48","4","2","0","9","0","15"
"NUSA TENGGARA BARAT","KOTA MATARAM","SANDUBAYA","5271","BPP Sandubaya","Sandubaya","58","6","2","0","7","0","15"
"NUSA TENGGARA BARAT","KOTA MATARAM","SEKARBELA","5271","BPP Sekarbela","Sekarbela","54","5","1","0","5","0","11"
"NUSA TENGGARA BARAT","KOTA MATARAM","SELAPARANG","5271","BPP Selaparang","Selaparang","54","7","0","0","9","0","16"
"NUSA TENGGARA BARAT","LOMBOK BARAT","BATU LAYAR","5201","BPP Kecamatan Batu Layar","Kecamatan Batu Layar","108","2","6","0","9","0","17"
"NUSA TENGGARA BARAT","LOMBOK BARAT","GERUNG","5201","BPP Kecamatan Gerung","Kecamatan Gerung","270","11","7","0","14","0","32"
"NUSA TENGGARA BARAT","LOMBOK BARAT","GUNUNG SARI","5201","BPP Kecamatan Gunungsari","Kecamatan Gunungsari","220","8","3","0","17","0","28"
"NUSA TENGGARA BARAT","LOMBOK BARAT","KEDIRI","5201","BPP Kecamatan Kediri","Kecamatan Kediri","145","7","3","0","10","0","20"
"NUSA TENGGARA BARAT","LOMBOK BARAT","KURIPAN","5201","BPP Kecamatan Kuripan","Kecamatan Kuripan","115","9","2","0","6","1","18"
"NUSA TENGGARA BARAT","LOMBOK BARAT","LABU API","5201","BPP Kecamatan Labuapi","Kecamatan Labuapi","140","5","3","0","12","0","20"
"NUSA TENGGARA BARAT","LOMBOK BARAT","LEMBAR","5201","BPP Kecamatan Lembar","Kecamatan Lembar","266","8","6","0","11","0","25"
"NUSA TENGGARA BARAT","LOMBOK BARAT","LINGSAR","5201","BPP Kecamatan Lingsar","Kecamatan Lingsar","222","8","6","0","16","0","30"
"NUSA TENGGARA BARAT","LOMBOK BARAT","NARMADA","5201","BPP Kecamatan Narmada","Kecamatan Narmada","266","11","6","0","21","0","38"
"NUSA TENGGARA BARAT","LOMBOK BARAT","SEKOTONG","5201","BPP Sekotong","Sekotong","335","8","6","0","8","0","22"
"NUSA TENGGARA BARAT","LOMBOK TENGAH","BATUKLIANG","5202","UPTD. Penyuluhan HPT dan Keswan Kec. Bat","Uptd. Penyuluhan HPT dan Keswan Kec. Bat","149","9","1","1","8","0","19"
"NUSA TENGGARA BARAT","LOMBOK TENGAH","BATUKLIANG UTARA","5202","UPT HPT dan Keswan Batukliang Utara","UPT HPT dan Keswan Batukliang Utara","171","7","3","0","5","0","15"
"NUSA TENGGARA BARAT","LOMBOK TENGAH","JANAPRIA","5202","UPT HPT dan Keswan Kecamatan Janapria","UPT HPT dan Keswan Kecamatan Janapria","331","12","5","0","8","0","25"
"NUSA TENGGARA BARAT","LOMBOK TENGAH","JONGGAT","5202","UPTD HPT dan Keswan Kecamatan Jonggat","Uptd HPT dan Keswan Kecamatan Jonggat","221","7","7","0","4","0","18"
"NUSA TENGGARA BARAT","LOMBOK TENGAH","KOPANG","5202","UPTD HPT dan Keswan Kecamatan Kopang","Uptd HPT dan Keswan Kecamatan Kopang","256","9","6","0","8","0","23"
"NUSA TENGGARA BARAT","LOMBOK TENGAH","PRAYA","5202","UPT Penyuluhan HPT dan Keswan Praya","UPT Penyuluhan HPT dan Keswan Praya","225","11","3","0","9","0","23"
"NUSA TENGGARA BARAT","LOMBOK TENGAH","PRAYA BARAT","5202","UPT PENYULUHAN,HPT dan KESWAN KEC. PRAYA","UPT PENYULUHAN,HPT dan Keswan Kec. Praya","275","5","5","0","11","1","22"
"NUSA TENGGARA BARAT","LOMBOK TENGAH","PRAYA BARAT DAYA","5202","BPP Praya Barat Daya","Praya Barat Daya","241","6","6","0","6","0","18"
"NUSA TENGGARA BARAT","LOMBOK TENGAH","PRAYA TENGAH","5202","UPT HPT DAN KESWAN KEC. PRAYA TENGAH","UPT HPT DAN Keswan Kec. Praya Tengah","239","10","5","0","9","0","24"
"NUSA TENGGARA BARAT","LOMBOK TENGAH","PRAYA TIMUR","5202","UPT PENYULUHAN, HPT DAN KESWAN KEC. PRAY","UPT PENYULUHAN, HPT DAN Keswan Kec. Pray","267","5","6","0","16","0","27"
"NUSA TENGGARA BARAT","LOMBOK TENGAH","PRINGGARATA","5202","UPTD HPT DAN KESWAN KECAMATAN PRINGGARAT","Uptd HPT DAN Keswan Kecamatan Pringgarat","161","10","3","0","11","0","24"
"NUSA TENGGARA BARAT","LOMBOK TENGAH","PUJUT","5202","UPTD HPT DAN KESWAN KECAMATAN","Uptd HPT DAN Keswan Kecamatan","542","9","9","0","11","0","29"
"NUSA TENGGARA BARAT","LOMBOK TIMUR","","5203","UPTPP Kecamatan Suela","Uptpp Kecamatan Suela","10","","","","","",""
"NUSA TENGGARA BARAT","LOMBOK TIMUR","AIKMEL","5203","UPTPP KECAMATAN AIKMEL","Uptpp Kecamatan Aikmel","189","7","4","0","1","0","12"
"NUSA TENGGARA BARAT","LOMBOK TIMUR","JEROWARU","5203","UPTPP Kecamatan Jerowaru","Uptpp Kecamatan Jerowaru","490","9","5","0","10","0","24"
"NUSA TENGGARA BARAT","LOMBOK TIMUR","KERUAK","5203","UPTPP Kecamatan Keruak","Uptpp Kecamatan Keruak","227","3","8","0","8","0","19"
"NUSA TENGGARA BARAT","LOMBOK TIMUR","LABUHAN HAJI","5203","UPTPP Kecamatan Labuhan Haji","Uptpp Kecamatan Labuhan Haji","169","8","1","0","5","0","14"
"NUSA TENGGARA BARAT","LOMBOK TIMUR","LENEK","5203","UPTPP Kecamatan Lenek","Uptpp Kecamatan Lenek","146","4","3","0","0","0","7"
"NUSA TENGGARA BARAT","LOMBOK TIMUR","MASBAGIK","5203","UPTPP Kecamatan Masbagik","Uptpp Kecamatan Masbagik","119","6","1","0","8","0","15"
"NUSA TENGGARA BARAT","LOMBOK TIMUR","MONTONG GADING","5203","UPTPP Kec. Montong Gading","Uptpp Kec. Montong Gading","184","5","2","0","1","0","8"
"NUSA TENGGARA BARAT","LOMBOK TIMUR","PRINGGABAYA","5203","UPTPP Kecamatan Pringgabaya","Uptpp Kecamatan Pringgabaya","206","5","5","0","3","0","13"
"NUSA TENGGARA BARAT","LOMBOK TIMUR","PRINGGASELA","5203","UPTPP Kecamatan Pringgasela","Uptpp Kecamatan Pringgasela","116","3","4","0","7","0","14"
"NUSA TENGGARA BARAT","LOMBOK TIMUR","SAKRA","5203","UPTPP Kecamatan Sakra","Uptpp Kecamatan Sakra","130","3","4","0","6","0","13"
"NUSA TENGGARA BARAT","LOMBOK TIMUR","SAKRA BARAT","5203","UPTPP Kecamatan Sakra Barat","Uptpp Kecamatan Sakra Barat","241","4","4","0","7","0","15"
"NUSA TENGGARA BARAT","LOMBOK TIMUR","SAKRA TIMUR","5203","UPT-PP Kecamatan Sakra Timur","Upt-pp Kecamatan Sakra Timur","175","4","3","0","4","0","11"
"NUSA TENGGARA BARAT","LOMBOK TIMUR","SAMBELIA","5203","UPTPP Kecamatan Sambelia","Uptpp Kecamatan Sambelia","167","4","3","0","4","0","11"
"NUSA TENGGARA BARAT","LOMBOK TIMUR","SELONG","5203","UPTPP Kecamatan Selong","Uptpp Kecamatan Selong","137","7","1","0","3","0","11"
"NUSA TENGGARA BARAT","LOMBOK TIMUR","SEMBALUN","5203","UPTPP Kecamatan Sembalun","Uptpp Kecamatan Sembalun","191","1","4","0","6","0","11"
"NUSA TENGGARA BARAT","LOMBOK TIMUR","SIKUR","5203","UPTPP Kecamatan Sikur","Uptpp Kecamatan Sikur","152","6","3","0","2","0","11"
"NUSA TENGGARA BARAT","LOMBOK TIMUR","SUELA","5203","UPTPP Kecamatan Suela","Uptpp Kecamatan Suela","203","5","2","0","6","0","13"
"NUSA TENGGARA BARAT","LOMBOK TIMUR","SUKAMULIA","5203","UPTPP Kecamatan Sukamulia","Uptpp Kecamatan Sukamulia","120","3","2","0","5","0","10"
"NUSA TENGGARA BARAT","LOMBOK TIMUR","SURALAGA","5203","UPTPP Kecamatan Suralaga","Uptpp Kecamatan Suralaga","180","7","3","0","7","0","17"
"NUSA TENGGARA BARAT","LOMBOK TIMUR","TERARA","5203","UPTPP Kecamatan Terara","Uptpp Kecamatan Terara","221","6","3","0","3","0","12"
"NUSA TENGGARA BARAT","LOMBOK TIMUR","WANASABA","5203","UPTPP Kecamata Wanasaba","Uptpp Kecamata Wanasaba","317","4","5","0","9","0","18"
"NUSA TENGGARA BARAT","LOMBOK UTARA","BAYAN","5208","UPTD-KPPP Kecamatan Bayan","Uptd-kppp Kecamatan Bayan","412","6","6","0","8","0","20"
"NUSA TENGGARA BARAT","LOMBOK UTARA","GANGGA","5208","UPTD KPPP Kecamatan Gangga","Uptd Kppp Kecamatan Gangga","330","2","5","0","9","0","16"
"NUSA TENGGARA BARAT","LOMBOK UTARA","KAYANGAN","5208","UPTD-KPPP Kecamatan Kayangan","Uptd-kppp Kecamatan Kayangan","263","6","5","0","11","0","22"
"NUSA TENGGARA BARAT","LOMBOK UTARA","PEMENANG","5208","UPTD-KPPP Kecamatan Pemenang","Uptd-kppp Kecamatan Pemenang","68","2","3","0","3","0","8"
"NUSA TENGGARA BARAT","LOMBOK UTARA","TANJUNG","5208","UPTD KPPP Kecamatan Tanjung","Uptd Kppp Kecamatan Tanjung","170","6","2","0","9","0","17"
"NUSA TENGGARA BARAT","SUMBAWA","ALAS","5204","BPP Kecamatan Alas","Kecamatan Alas","131","6","2","0","11","0","19"
"NUSA TENGGARA BARAT","SUMBAWA","ALAS BARAT","5204","BPP Kecamatan Alas Barat","Kecamatan Alas Barat","185","5","3","0","8","0","16"
"NUSA TENGGARA BARAT","SUMBAWA","BATULANTEH","5204","BPP Kecamatan Batulanteh","Kecamatan Batulanteh","162","2","4","0","6","0","12"
"NUSA TENGGARA BARAT","SUMBAWA","BUER","5204","BPP Kecamatan Buer","Kecamatan Buer","120","2","1","0","5","0","8"
"NUSA TENGGARA BARAT","SUMBAWA","EMPANG","5204","BPP Kecamatan Empang","Kecamatan Empang","454","4","4","0","9","0","17"
"NUSA TENGGARA BARAT","SUMBAWA","LABANGKA","5204","BPP Kecamatan Labangka","Kecamatan Labangka","142","4","1","0","5","0","10"
"NUSA TENGGARA BARAT","SUMBAWA","LABUHAN BADAS","5204","BPP Kecamatan Labuhan Badas","Kecamatan Labuhan Badas","163","3","2","0","2","0","7"
"NUSA TENGGARA BARAT","SUMBAWA","LANTUNG","5204","BPP Kecamatan Lantung","Kecamatan Lantung","70","2","1","0","0","0","3"
"NUSA TENGGARA BARAT","SUMBAWA","LAPE","5204","BPP Kecamatan Lape","Kecamatan Lape","224","4","3","0","7","0","14"
"NUSA TENGGARA BARAT","SUMBAWA","LENANGGUAR","5204","BPP Kecamatan Lenangguar","Kecamatan Lenangguar","160","2","1","0","5","0","8"
"NUSA TENGGARA BARAT","SUMBAWA","LOPOK","5204","BPP Kecamatan Lopok","Kecamatan Lopok","286","5","2","0","4","0","11"
"NUSA TENGGARA BARAT","SUMBAWA","LUNYUK","5204","BPP Kecamatan Lunyuk","Kecamatan Lunyuk","390","4","3","0","7","0","14"
"NUSA TENGGARA BARAT","SUMBAWA","MARONGE","5204","BPP Kecamatan Maronge","Kecamatan Maronge","207","1","3","0","5","0","9"
"NUSA TENGGARA BARAT","SUMBAWA","MOYO UTARA","5204","BPP Kecamatan Moyo Utara","Kecamatan Moyo Utara","285","6","1","0","6","0","13"
"NUSA TENGGARA BARAT","SUMBAWA","MOYOHILIR","5204","BPP Kecamatan Moyo Hilir","Kecamatan Moyo Hilir","475","8","3","0","7","0","18"
"NUSA TENGGARA BARAT","SUMBAWA","MOYOHULU","5204","BPP Kecamatan Moyo Hulu","Kecamatan Moyo Hulu","446","6","7","0","15","0","28"
"NUSA TENGGARA BARAT","SUMBAWA","ORONG TELU","5204","BPP Kecamatan Orong Telu","Kecamatan Orong Telu","129","3","1","0","0","0","4"
"NUSA TENGGARA BARAT","SUMBAWA","PLAMPANG","5204","BPP Kecamatan Plampang","Kecamatan Plampang","561","8","2","0","11","0","21"
"NUSA TENGGARA BARAT","SUMBAWA","RHEE","5204","BPP Kecamatan Rhee","Kecamatan Rhee","100","3","2","0","4","0","9"
"NUSA TENGGARA BARAT","SUMBAWA","ROPANG","5204","BPP Kecamatan Ropang","Kecamatan Ropang","128","0","1","0","4","0","5"
"NUSA TENGGARA BARAT","SUMBAWA","SUMBAWA","5204","BPP Kecamatan Sumbawa","Kecamatan Sumbawa","123","4","1","0","7","0","12"
"NUSA TENGGARA BARAT","SUMBAWA","TARANO","5204","BPP Kecamatan Tarano","Kecamatan Tarano","257","4","0","0","7","0","11"
"NUSA TENGGARA BARAT","SUMBAWA","UNTER IWES","5204","BPP Kecamatan Unter Iwes","Kecamatan Unter Iwes","191","9","1","0","8","0","18"
"NUSA TENGGARA BARAT","SUMBAWA","UTAN","5204","BPP Kecamatan Utan","Kecamatan Utan","221","4","2","0","8","0","14"
"NUSA TENGGARA BARAT","SUMBAWA BARAT","BRANG ENE","5207","BPP Brang Ene","Brang Ene","140","5","0","0","6","0","11"
"NUSA TENGGARA BARAT","SUMBAWA BARAT","BRANG REA","5207","BPP Kecamatan Brang Rea","Kecamatan Brang Rea","201","7","2","2","3","0","14"
"NUSA TENGGARA BARAT","SUMBAWA BARAT","JEREWEH","5207","BPP Kecamatan Jereweh","Kecamatan Jereweh","150","2","2","1","8","0","13"
"NUSA TENGGARA BARAT","SUMBAWA BARAT","MALUK","5207","BPP Kecamatan Maluk","Kecamatan Maluk","50","1","3","0","6","0","10"
"NUSA TENGGARA BARAT","SUMBAWA BARAT","POTO TANO","5207","BPP Kecamatan Poto Tano","Kecamatan Poto Tano","172","4","3","2","12","0","21"
"NUSA TENGGARA BARAT","SUMBAWA BARAT","SEKONGKANG","5207","BPP Sekongkang","Sekongkang","85","2","0","2","13","0","17"
"NUSA TENGGARA BARAT","SUMBAWA BARAT","SETELUK","5207","BPP Kecamatan Seteluk","Kecamatan Seteluk","298","5","4","2","0","0","11"
"NUSA TENGGARA BARAT","SUMBAWA BARAT","TALIWANG","5207","BPP Taliwang","Taliwang","360","8","3","6","22","0","39"
"NUSA TENGGARA TIMUR","ALOR","","5307","BPP Kecamatan ABAD Selatan","Kecamatan Abad Selatan","0","","","","","",""
"NUSA TENGGARA TIMUR","ALOR","ABAD SELATAN","","","","","3","0","0","0","0","3"
"NUSA TENGGARA TIMUR","ALOR","ALOR BARAT DAYA","5307","BPP Kecamatan Alor Barat Daya","Kecamatan Alor Barat Daya","68","9","0","0","0","0","9"
"NUSA TENGGARA TIMUR","ALOR","ALOR BARAT LAUT","5307","BPP Kecamatan Alor Barat Laut","Kecamatan Alor Barat Laut","81","13","0","2","0","0","15"
"NUSA TENGGARA TIMUR","ALOR","ALOR SELATAN","5307","BPP Kecamatan Alor Selatan","Kecamatan Alor Selatan","70","6","2","0","0","0","8"
"NUSA TENGGARA TIMUR","ALOR","ALOR TENGAH UTARA","5307","BPP Kecamatan Alor Tengah Utara","Kecamatan Alor Tengah Utara","89","6","0","1","0","0","7"
"NUSA TENGGARA TIMUR","ALOR","ALOR TIMUR","5307","BPP Kecamatan Alor Timur","Kecamatan Alor Timur","45","5","1","0","0","0","6"
"NUSA TENGGARA TIMUR","ALOR","ALOR TIMUR LAUT","5307","BPP Kecamatan Alor Timur Laut","Kecamatan Alor Timur Laut","64","5","1","1","0","0","7"
"NUSA TENGGARA TIMUR","ALOR","KABOLA","5307","BPP Kecamatan Kabola","Kecamatan Kabola","42","4","0","0","0","0","4"
"NUSA TENGGARA TIMUR","ALOR","LEMBUR","5307","BPP Kecamatan Lembur","Kecamatan Lembur","39","4","0","1","0","0","5"
"NUSA TENGGARA TIMUR","ALOR","MATARU","5307","BPP Kecamatan Mataru","Kecamatan Mataru","40","3","0","1","0","0","4"
"NUSA TENGGARA TIMUR","ALOR","PANTAR","5307","BPP Kecamatan Pantar","Kecamatan Pantar","55","5","1","0","0","0","6"
"NUSA TENGGARA TIMUR","ALOR","PANTAR BARAT","5307","BPP Kecamatan Pantar Barat","Kecamatan Pantar Barat","34","5","0","0","0","0","5"
"NUSA TENGGARA TIMUR","ALOR","PANTAR BARAT LAUT","5307","BPP Kecamatan Pantar Barat Laut","Kecamatan Pantar Barat Laut","30","4","1","1","0","0","6"
"NUSA TENGGARA TIMUR","ALOR","PANTAR TENGAH","5307","BPP Kecamatan Pantar Tengah","Kecamatan Pantar Tengah","57","5","2","0","0","0","7"
"NUSA TENGGARA TIMUR","ALOR","PANTAR TIMUR","5307","BPP Kecamatan Pantar Timur","Kecamatan Pantar Timur","52","4","1","0","0","0","5"
"NUSA TENGGARA TIMUR","ALOR","PULAU PURA","5307","BPP Kecamatan Pulau Pura","Kecamatan Pulau Pura","26","2","0","1","0","0","3"
"NUSA TENGGARA TIMUR","ALOR","PUREMAN","5307","BPP Kecamatan Pureman","Kecamatan Pureman","25","2","0","1","0","0","3"
"NUSA TENGGARA TIMUR","ALOR","TELUK MUTIARA","5307","BPP Kecamatan Teluk Mutiara","Kecamatan Teluk Mutiara","60","5","1","0","0","0","6"
"NUSA TENGGARA TIMUR","BELU","ATAMBUA","5306","Kota Atambua","Kota Atambua","57","3","1","0","0","0","4"
"NUSA TENGGARA TIMUR","BELU","ATAMBUA BARAT","5306","BPP Fohomean","Fohomean","45","2","0","0","0","0","2"
"NUSA TENGGARA TIMUR","BELU","ATAMBUA SELATAN","5306","BPP Asuulun","Asuulun","74","3","0","0","0","0","3"
"NUSA TENGGARA TIMUR","BELU","KAKULUK MESAK","5306","BPP Ainiba","Ainiba","190","4","1","0","0","0","5"
"NUSA TENGGARA TIMUR","BELU","LAMAKNEN","5306","BPP Weluli","Weluli","173","1","4","0","0","0","5"
"NUSA TENGGARA TIMUR","BELU","LAMAKNEN SELATAN","5306","BPP Piebulak","Piebulak","122","2","3","0","0","0","5"
"NUSA TENGGARA TIMUR","BELU","LASIOLAT","5306","BPP Asunatar","Asunatar","67","3","1","0","0","0","4"
"NUSA TENGGARA TIMUR","BELU","NANAET DUBESI","5306","BPP Laktutus","Laktutus","45","3","2","0","0","0","5"
"NUSA TENGGARA TIMUR","BELU","RAI MANUK","5306","BPP Raimanuk","Raimanuk","198","4","3","0","0","0","7"
"NUSA TENGGARA TIMUR","BELU","RAIHAT","5306","BPP Haekesak","Haekesak","131","3","3","0","0","0","6"
"NUSA TENGGARA TIMUR","BELU","TASIFETO BARAT","5306","BPP Buitasik","Buitasik","376","2","5","0","0","0","7"
"NUSA TENGGARA TIMUR","BELU","TASIFETO TIMUR","5306","BPP Debuklaran","Debuklaran","248","4","6","0","0","0","10"
"NUSA TENGGARA TIMUR","ENDE","DETUKELI","5311","Detukeli","Detukeli","71","3","2","0","2","0","7"
"NUSA TENGGARA TIMUR","ENDE","DETUSOKO","5311","Detusoko","Detusoko","153","8","5","0","6","0","19"
"NUSA TENGGARA TIMUR","ENDE","ENDE","5311","Riaraja","Riaraja","180","10","6","0","15","0","31"
"NUSA TENGGARA TIMUR","ENDE","ENDE SELATAN","5311","Ende Selatan","Ende Selatan","30","3","0","0","2","0","5"
"NUSA TENGGARA TIMUR","ENDE","ENDE TENGAH","5311","Ende Tengah","Ende Tengah","20","3","0","0","2","0","5"
"NUSA TENGGARA TIMUR","ENDE","ENDE TIMUR","5311","Ende Timur","Ende Timur","51","1","3","0","6","0","10"
"NUSA TENGGARA TIMUR","ENDE","ENDE UTARA","5311","Ende Utara","Ende Utara","68","5","0","0","1","0","6"
"NUSA TENGGARA TIMUR","ENDE","KELIMUTU","5311","Kelimutu","Kelimutu","84","5","2","0","0","0","7"
"NUSA TENGGARA TIMUR","ENDE","KOTABARU","5311","Kota Baru","Kota Baru","149","3","3","0","0","0","6"
"NUSA TENGGARA TIMUR","ENDE","LEPEMBUSU KELISOKE","5311","Lepembusu Kelisoke","Lepembusu Kelisoke","76","3","2","0","0","0","5"
"NUSA TENGGARA TIMUR","ENDE","LIO TIMUR","5311","Lio Timur","Lio Timur","88","1","3","0","9","0","13"
"NUSA TENGGARA TIMUR","ENDE","MAUKARO","5311","Maukaro","Maukaro","82","4","3","0","9","0","16"
"NUSA TENGGARA TIMUR","ENDE","MAUROLE","5311","Maurole","Maurole","125","4","4","0","5","0","13"
"NUSA TENGGARA TIMUR","ENDE","NANGAPANDA","5311","Nangapanda","Nangapanda","203","5","6","0","0","0","11"
"NUSA TENGGARA TIMUR","ENDE","NDONA","5311","BPP Ndona","Ndona","115","4","5","0","0","0","9"
"NUSA TENGGARA TIMUR","ENDE","NDONA TIMUR","5311","Balai Penyuluhan Pertanian","Balai Penyuluhan Pertanian","69","3","0","0","3","0","6"
"NUSA TENGGARA TIMUR","ENDE","NDORI","5311","NDORI","Ndori","63","2","1","0","0","0","3"
"NUSA TENGGARA TIMUR","ENDE","PULAU ENDE","5311","Pulau Ende","Pulau Ende","83","2","0","0","2","0","4"
"NUSA TENGGARA TIMUR","ENDE","WEWARIA","5311","BPP Welamosa","Welamosa","172","10","4","0","6","0","20"
"NUSA TENGGARA TIMUR","ENDE","WOLOJITA","5311","Wolojita","Wolojita","86","2","1","0","0","0","3"
"NUSA TENGGARA TIMUR","ENDE","WOLOWARU","5311","Wolowaru","Wolowaru","155","6","2","0","0","0","8"
"NUSA TENGGARA TIMUR","FLORES TIMUR","ADONARA","5309","BPP WAIBOLENG","Waiboleng","38","0","1","2","4","0","7"
"NUSA TENGGARA TIMUR","FLORES TIMUR","ADONARA BARAT","5309","BPP WAI BELEN","WAI Belen","76","2","2","2","2","0","8"
"NUSA TENGGARA TIMUR","FLORES TIMUR","ADONARA TENGAH","5309","BPP LITE","Lite","98","0","2","2","4","0","8"
"NUSA TENGGARA TIMUR","FLORES TIMUR","ADONARA TIMUR","5309","BPP WAIWERANG","Waiwerang","116","3","1","3","16","0","23"
"NUSA TENGGARA TIMUR","FLORES TIMUR","DEMON PAGONG","5309","BPP PATI BEDA","Pati Beda","32","4","3","0","3","0","10"
"NUSA TENGGARA TIMUR","FLORES TIMUR","ILE BOLENG","5309","BPP DUA BLOLONG","DUA Blolong","125","5","0","1","1","0","7"
"NUSA TENGGARA TIMUR","FLORES TIMUR","ILE MANDIRI","5309","BPP BAIPITO","Baipito","76","5","0","2","10","0","17"
"NUSA TENGGARA TIMUR","FLORES TIMUR","ILEBURA","5309","BPP LEWOTOBI","Lewotobi","63","2","2","1","7","0","12"
"NUSA TENGGARA TIMUR","FLORES TIMUR","KELUBAGOLIT","5309","BPP NUSA TADON","Nusa Tadon","52","2","0","2","2","0","6"
"NUSA TENGGARA TIMUR","FLORES TIMUR","LARANTUKA","5309","BPP GONZALU","Gonzalu","94","7","2","0","17","0","26"
"NUSA TENGGARA TIMUR","FLORES TIMUR","LEWO LEMA","5309","BPP RIN LEMA","RIN Lema","70","3","3","0","12","0","18"
"NUSA TENGGARA TIMUR","FLORES TIMUR","SOLOR BARAT","5309","BPP NUSA CENDANA","Nusa Cendana","97","2","2","1","2","0","7"
"NUSA TENGGARA TIMUR","FLORES TIMUR","SOLOR SELATAN","5309","BPP WAIPUKEN","Waipuken","55","2","3","0","2","0","7"
"NUSA TENGGARA TIMUR","FLORES TIMUR","SOLOR TIMUR","5309","BPP ILE NAPO","ILE Napo","54","1","3","1","3","0","8"
"NUSA TENGGARA TIMUR","FLORES TIMUR","TANJUNG BUNGA","5309","BPP CABODA FLORA","Caboda Flora","114","2","7","0","6","0","15"
"NUSA TENGGARA TIMUR","FLORES TIMUR","TITEHENA","5309","BPP KONGA","Konga","94","3","2","0","14","0","19"
"NUSA TENGGARA TIMUR","FLORES TIMUR","WITIHAMA","5309","BPP SINAR TIMUR","Sinar Timur","67","1","3","2","2","0","8"
"NUSA TENGGARA TIMUR","FLORES TIMUR","WOTAN ULU MADO","5309","BPP BANIONA","Baniona","58","4","0","2","6","0","12"
"NUSA TENGGARA TIMUR","FLORES TIMUR","WULANGGITANG","5309","BPP BORU","Boru","81","4","0","1","6","0","11"
"NUSA TENGGARA TIMUR","KOTA KUPANG","ALAK","5371","Alak","Alak","83","6","0","1","0","0","7"
"NUSA TENGGARA TIMUR","KOTA KUPANG","KELAPA LIMA","5371","Kelapa Lima","Kelapa Lima","16","1","0","1","0","0","2"
"NUSA TENGGARA TIMUR","KOTA KUPANG","KOTA LAMA","5371","Kota Lama","Kota Lama","12","1","0","1","0","0","2"
"NUSA TENGGARA TIMUR","KOTA KUPANG","KOTA RAJA","5371","BPP Kota Raja","Kota Raja","25","2","0","1","0","0","3"
"NUSA TENGGARA TIMUR","KOTA KUPANG","MAULAFA","5371","Maulafa","Maulafa","157","7","0","5","0","0","12"
"NUSA TENGGARA TIMUR","KOTA KUPANG","OEBOBO","5371","Oebobo","Oebobo","47","3","0","1","0","0","4"
"NUSA TENGGARA TIMUR","KUPANG","AMABI OEFETO","5303","Fatukanutu","Fatukanutu","77","3","1","1","0","0","5"
"NUSA TENGGARA TIMUR","KUPANG","AMABI OEFETO TIMUR","5303","Oemofa","Oemofa","69","0","3","0","0","0","3"
"NUSA TENGGARA TIMUR","KUPANG","AMARASI","5303","Tesbatan","Tesbatan","113","3","1","0","0","0","4"
"NUSA TENGGARA TIMUR","KUPANG","AMARASI BARAT","5303","Baun","Baun","108","5","0","0","0","0","5"
"NUSA TENGGARA TIMUR","KUPANG","AMARASI SELATAN","5303","BPP Buraen","Buraen","61","2","0","0","0","0","2"
"NUSA TENGGARA TIMUR","KUPANG","AMARASI TIMUR","5303","Oebesi","Oebesi","52","0","2","0","0","0","2"
"NUSA TENGGARA TIMUR","KUPANG","AMFOANG BARAT DAYA","5303","Manubelon","Manubelon","35","2","0","0","0","0","2"
"NUSA TENGGARA TIMUR","KUPANG","AMFOANG BARAT LAUT","5303","Saukibe","Saukibe","61","1","0","1","0","0","2"
"NUSA TENGGARA TIMUR","KUPANG","AMFOANG SELATAN","5303","Lelogama","Lelogama","58","2","1","0","0","0","3"
"NUSA TENGGARA TIMUR","KUPANG","AMFOANG TENGAH","5303","Fatu monas","Fatu monas","48","1","0","1","0","0","2"
"NUSA TENGGARA TIMUR","KUPANG","AMFOANG TIMUR","5303","BPP FATUKNUTU","Fatuknutu","94","2","0","1","0","0","3"
"NUSA TENGGARA TIMUR","KUPANG","AMFOANG UTARA","5303","BPP NAIKLIU","Naikliu","57","1","0","1","0","0","2"
"NUSA TENGGARA TIMUR","KUPANG","FATULEU","5303","Kuimasi","Kuimasi","125","5","1","0","0","0","6"
"NUSA TENGGARA TIMUR","KUPANG","FATULEU BARAT","5303","BPP Poto","Poto","98","1","0","1","0","0","2"
"NUSA TENGGARA TIMUR","KUPANG","FATULEU TENGAH","5303","BPP Oelbiteno","Oelbiteno","45","2","1","1","0","0","4"
"NUSA TENGGARA TIMUR","KUPANG","KUPANG BARAT","5303","Oenesu","Oenesu","91","3","1","1","0","0","5"
"NUSA TENGGARA TIMUR","KUPANG","KUPANG TENGAH","5303","Oelnasi","Oelnasi","103","5","0","1","0","0","6"
"NUSA TENGGARA TIMUR","KUPANG","KUPANG TIMUR","5303","Naibonat","Naibonat","603","2","5","1","2","0","10"
"NUSA TENGGARA TIMUR","KUPANG","NEKAMESE","5303","BPP Nekamese","Nekamese","70","2","3","0","0","0","5"
"NUSA TENGGARA TIMUR","KUPANG","SEMAU","5303","BPP Uitao","Uitao","98","2","1","1","0","0","4"
"NUSA TENGGARA TIMUR","KUPANG","SEMAU SELATAN","5303","AKLE","Akle","86","1","1","0","0","0","2"
"NUSA TENGGARA TIMUR","KUPANG","SULAMU","5303","BPP Oeteta","Oeteta","154","1","1","1","0","0","3"
"NUSA TENGGARA TIMUR","KUPANG","TAEBENU","5303","Taebenu","Taebenu","133","3","1","0","0","0","4"
"NUSA TENGGARA TIMUR","KUPANG","TAKARI","5303","Takari","Takari","112","3","2","2","0","0","7"
"NUSA TENGGARA TIMUR","LEMBATA","ATADEI","5308","BPP Hobal","Hobal","70","7","1","0","3","0","11"
"NUSA TENGGARA TIMUR","LEMBATA","BUYASARI","5308","BPP Leur Lewang","Leur Lewang","150","9","2","0","0","0","11"
"NUSA TENGGARA TIMUR","LEMBATA","ILE APE","5308","BPP Ile Ape","Ile Ape","135","6","3","2","0","0","11"
"NUSA TENGGARA TIMUR","LEMBATA","ILE APE TIMUR","5308","BPP Honimaga","Honimaga","47","7","0","1","0","0","8"
"NUSA TENGGARA TIMUR","LEMBATA","LEBATUKAN","5308","BPP Lepan Batan","Lepan Batan","85","9","3","0","1","0","13"
"NUSA TENGGARA TIMUR","LEMBATA","NAGAWUTUNG","5308","BPP Loang","Loang","95","10","1","1","1","0","13"
"NUSA TENGGARA TIMUR","LEMBATA","NUBATUKAN","5308","BPP Lewoleba","Lewoleba","155","9","1","1","0","0","11"
"NUSA TENGGARA TIMUR","LEMBATA","OMESURI","5308","BPP Uyelewun","Uyelewun","134","7","0","0","0","0","7"
"NUSA TENGGARA TIMUR","LEMBATA","WULANDONI","5308","BPP Doni Nusa Lela","Doni Nusa Lela","71","5","1","1","4","0","11"
"NUSA TENGGARA TIMUR","MALAKA","BOTIN LEOBELE","5321","Sarinah","Sarinah","59","2","1","0","0","0","3"
"NUSA TENGGARA TIMUR","MALAKA","IO KUFEU","5321","Tunabesi","Tunabesi","77","0","4","0","0","0","4"
"NUSA TENGGARA TIMUR","MALAKA","KOBALIMA","5321","Kobalima","Kobalima","133","3","4","0","1","0","8"
"NUSA TENGGARA TIMUR","MALAKA","KOBALIMA TIMUR","5321","Alas","Alas","39","2","1","0","0","0","3"
"NUSA TENGGARA TIMUR","MALAKA","LAEN MANEN","5321","Tniumanu","Tniumanu","86","3","4","0","1","3","11"
"NUSA TENGGARA TIMUR","MALAKA","MALAKA BARAT","5321","Besikama","Besikama","507","6","5","1","0","0","12"
"NUSA TENGGARA TIMUR","MALAKA","MALAKA TENGAH","5321","Tolok","Tolok","566","10","8","0","1","0","19"
"NUSA TENGGARA TIMUR","MALAKA","MALAKA TIMUR","5321","Boas","Boas","82","3","0","0","1","0","4"
"NUSA TENGGARA TIMUR","MALAKA","RINHAT","5321","Biudokfoho","Biudokfoho","198","1","7","0","1","0","9"
"NUSA TENGGARA TIMUR","MALAKA","SASITA MEAN","5321","Liurai","Liurai","53","2","3","0","0","0","5"
"NUSA TENGGARA TIMUR","MALAKA","WELIMAN","5321","Laleten","Laleten","343","3","5","1","2","0","11"
"NUSA TENGGARA TIMUR","MALAKA","WEWIKU","5321","BP3K Lamea","Lamea","257","1","6","0","0","0","7"
"NUSA TENGGARA TIMUR","MANGGARAI","CIBAL","5313","Cibal","Cibal","169","4","3","0","17","0","24"
"NUSA TENGGARA TIMUR","MANGGARAI","CIBAL BARAT","5313","Cibal Barat","Cibal Barat","98","4","5","0","9","0","18"
"NUSA TENGGARA TIMUR","MANGGARAI","LANGKE REMBONG","5313","Balai Penyuluhan Pertanian Langke Rembon","Langke Rembon","193","6","1","1","39","0","47"
"NUSA TENGGARA TIMUR","MANGGARAI","LELAK","5313","BPP Kecamatan Lelak","Kecamatan Lelak","99","3","2","0","10","0","15"
"NUSA TENGGARA TIMUR","MANGGARAI","RAHONG UTARA","5313","Rahong Utara","Rahong Utara","163","3","5","0","6","0","14"
"NUSA TENGGARA TIMUR","MANGGARAI","REOK","5313","Balai Penyuluhan Pertanian Kec. Reok","Kec. Reok","88","1","3","1","5","0","10"
"NUSA TENGGARA TIMUR","MANGGARAI","REOK BARAT","5313","Reok Barat","Reok Barat","117","1","4","1","13","0","19"
"NUSA TENGGARA TIMUR","MANGGARAI","RUTENG","5313","BPP Ruteng","Ruteng","321","5","6","0","29","0","40"
"NUSA TENGGARA TIMUR","MANGGARAI","SATAR MESE","5313","Satar Mese","Satar Mese","238","3","3","1","20","0","27"
"NUSA TENGGARA TIMUR","MANGGARAI","SATAR MESE BARAT","5313","BPP Satar Mese Barat","Satar Mese Barat","171","3","4","0","9","0","16"
"NUSA TENGGARA TIMUR","MANGGARAI","SATAR MESE UTARA","5313","Satar Mese Utara","Satar Mese Utara","98","4","2","0","9","0","15"
"NUSA TENGGARA TIMUR","MANGGARAI","WAE RII","5313","Wae Rii","Wae Rii","250","8","2","0","23","0","33"
"NUSA TENGGARA TIMUR","MANGGARAI BARAT","BOLENG","5315","BPP Boleng","Boleng","166","2","5","2","1","0","10"
"NUSA TENGGARA TIMUR","MANGGARAI BARAT","KOMODO","5315","BPP Komodo","Komodo","176","4","10","2","1","0","17"
"NUSA TENGGARA TIMUR","MANGGARAI BARAT","KUWUS","5315","BPP Kuwus","Kuwus","110","3","4","0","5","0","12"
"NUSA TENGGARA TIMUR","MANGGARAI BARAT","KUWUS BARAT","5315","BPP Kuwus Barat","Kuwus Barat","96","3","4","1","1","0","9"
"NUSA TENGGARA TIMUR","MANGGARAI BARAT","LEMBOR","5315","BPP Lembor","Lembor","233","1","10","1","2","0","14"
"NUSA TENGGARA TIMUR","MANGGARAI BARAT","LEMBOR SELATAN","5315","BPP Lembor Selatan","Lembor Selatan","181","2","4","3","0","0","9"
"NUSA TENGGARA TIMUR","MANGGARAI BARAT","MACANG PACAR","5315","Macang Pacar","Macang Pacar","140","2","1","2","0","0","5"
"NUSA TENGGARA TIMUR","MANGGARAI BARAT","MBELILING","5315","BPP Mbeliling","Mbeliling","150","2","11","3","2","0","18"
"NUSA TENGGARA TIMUR","MANGGARAI BARAT","NDOSO","5315","BPP Ndoso","Ndoso","181","2","2","1","0","0","5"
"NUSA TENGGARA TIMUR","MANGGARAI BARAT","PACAR","5315","BPP Pacar","Pacar","179","2","4","1","0","0","7"
"NUSA TENGGARA TIMUR","MANGGARAI BARAT","SANO NGGOANG","5315","BPP Sano Nggoang","Sano Nggoang","164","1","6","3","1","0","11"
"NUSA TENGGARA TIMUR","MANGGARAI BARAT","WELAK","5315","BPP Welak","Welak","146","5","4","2","0","0","11"
"NUSA TENGGARA TIMUR","MANGGARAI TIMUR","BORONG","5319","Borong","Borong","198","4","7","7","1","0","19"
"NUSA TENGGARA TIMUR","MANGGARAI TIMUR","CONGKAR","5319","BPP Congkar","Congkar","103","2","0","0","0","0","2"
"NUSA TENGGARA TIMUR","MANGGARAI TIMUR","ELAR","5319","BPP Elar","Elar","165","1","0","7","1","0","9"
"NUSA TENGGARA TIMUR","MANGGARAI TIMUR","ELAR SELATAN","5319","Elar Selatan","Elar Selatan","241","2","6","7","0","0","15"
"NUSA TENGGARA TIMUR","MANGGARAI TIMUR","KOTA KOMBA","5319","Kota Komba","Kota Komba","242","5","8","10","6","0","29"
"NUSA TENGGARA TIMUR","MANGGARAI TIMUR","KOTA KOMBA UTARA","5319","BPP Kota Komba Utara","Kota Komba Utara","191","1","1","2","0","0","4"
"NUSA TENGGARA TIMUR","MANGGARAI TIMUR","LAMBA LEDA","5319","Lamba Leda","Lamba Leda","158","5","1","11","0","0","17"
"NUSA TENGGARA TIMUR","MANGGARAI TIMUR","LAMBA LEDA UTARA","5319","Lamba Leda Utara","Lamba Leda Utara","104","2","2","1","0","0","5"
"NUSA TENGGARA TIMUR","MANGGARAI TIMUR","POCO RANAKA","5319","Poco Ranaka","Poco Ranaka","213","5","5","13","4","0","27"
"NUSA TENGGARA TIMUR","MANGGARAI TIMUR","POCO RANAKA TIMUR","5319","Poco Ranaka Timur","Poco Ranaka Timur","168","3","2","6","8","0","19"
"NUSA TENGGARA TIMUR","MANGGARAI TIMUR","RANA MESE","5319","Rana Mese","Rana Mese","190","6","5","9","0","0","20"
"NUSA TENGGARA TIMUR","MANGGARAI TIMUR","SAMBI RAMPAS","5319","Sambi Rampas","Sambi Rampas","155","1","4","5","14","0","24"
"NUSA TENGGARA TIMUR","NAGEKEO","AESESA","5318","BPP Danga","Danga","403","21","6","0","18","0","45"
"NUSA TENGGARA TIMUR","NAGEKEO","AESESA SELATAN","5318","BPP Rendu","Rendu","57","5","2","0","7","0","14"
"NUSA TENGGARA TIMUR","NAGEKEO","BOAWAE","5318","BPP Natanage","Natanage","439","17","2","0","27","0","46"
"NUSA TENGGARA TIMUR","NAGEKEO","KEO TENGAH","5318","BPP Iru Ety","Iru Ety","118","9","2","1","16","0","28"
"NUSA TENGGARA TIMUR","NAGEKEO","MAUPONGGO","5318","BPP Aetoro","Aetoro","201","10","5","0","21","0","36"
"NUSA TENGGARA TIMUR","NAGEKEO","NANGARORO","5318","BPP Ndora","Ndora","173","9","3","0","19","0","31"
"NUSA TENGGARA TIMUR","NAGEKEO","WOLOWAE","5318","BPP Marilewa","Marilewa","100","5","3","0","5","0","13"
"NUSA TENGGARA TIMUR","NGADA","AIMERE","5312","BPP AIMERE","Aimere","69","3","1","10","0","0","14"
"NUSA TENGGARA TIMUR","NGADA","BAJAWA","5312","Bajawa","Bajawa","225","4","6","28","0","0","38"
"NUSA TENGGARA TIMUR","NGADA","BAJAWA UTARA","5312","BPP Watukapu","Watukapu","157","1","2","11","0","0","14"
"NUSA TENGGARA TIMUR","NGADA","GOLEWA","5312","Golewa","Golewa","174","5","4","15","0","0","24"
"NUSA TENGGARA TIMUR","NGADA","GOLEWA BARAT","5312","GOLEWA BARAT","Golewa Barat","132","2","4","12","0","0","18"
"NUSA TENGGARA TIMUR","NGADA","GOLEWA SELATAN","5312","BPP GOLEWA SELATAN","Golewa Selatan","126","3","1","15","0","0","19"
"NUSA TENGGARA TIMUR","NGADA","INERIE","5312","INERIE","Inerie","57","3","0","11","0","0","14"
"NUSA TENGGARA TIMUR","NGADA","JEREBUU","5312","BPP JEREBUU","Jerebuu","101","1","1","12","0","0","14"
"NUSA TENGGARA TIMUR","NGADA","RIUNG","5312","Wangka","Wangka","161","3","2","18","0","0","23"
"NUSA TENGGARA TIMUR","NGADA","RIUNG BARAT","5312","BPP Riung Barat","Riung Barat","186","3","0","9","0","0","12"
"NUSA TENGGARA TIMUR","NGADA","SOA","5312","Turewuda","Turewuda","197","3","4","18","0","0","25"
"NUSA TENGGARA TIMUR","NGADA","WOLOMEZE","5312","Wolomeze","Wolomeze","81","2","2","7","0","0","11"
"NUSA TENGGARA TIMUR","ROTE NDAO","LANDU LEKO","5314","BPP Daiama","Daiama","48","1","1","0","6","0","8"
"NUSA TENGGARA TIMUR","ROTE NDAO","LOAHULU","5314","BPP Oelua","Oelua","47","3","0","0","0","0","3"
"NUSA TENGGARA TIMUR","ROTE NDAO","LOBALAIN","5314","BPP Holoama","Holoama","182","3","3","0","19","0","25"
"NUSA TENGGARA TIMUR","ROTE NDAO","NDAO NUSE","5314","BPP Anarae","Anarae","21","1","0","0","5","0","6"
"NUSA TENGGARA TIMUR","ROTE NDAO","PANTAI BARU","5314","BPP OLAFULIHAA","Olafulihaa","94","2","2","0","15","0","19"
"NUSA TENGGARA TIMUR","ROTE NDAO","ROTE BARAT","5314","BPP Oenitas","Oenitas","49","1","1","0","7","0","9"
"NUSA TENGGARA TIMUR","ROTE NDAO","ROTE BARAT DAYA","5314","BPP Lalukoen","Lalukoen","186","6","1","0","18","0","25"
"NUSA TENGGARA TIMUR","ROTE NDAO","ROTE BARAT LAUT","5314","BPP Oemilan","Oemilan","133","6","0","0","22","0","28"
"NUSA TENGGARA TIMUR","ROTE NDAO","ROTE SELATAN","5314","BPP Daleholu","Daleholu","35","3","0","0","7","0","10"
"NUSA TENGGARA TIMUR","ROTE NDAO","ROTE TENGAH","5314","BPP Nggodimeda","Nggodimeda","82","5","1","0","8","0","14"
"NUSA TENGGARA TIMUR","ROTE NDAO","ROTE TIMUR","5314","BPP Serubeba","Serubeba","127","3","1","0","11","0","15"
"NUSA TENGGARA TIMUR","SABU RAIJUA","HAWU MEHARA","5320","BP3K Lobohede","Lobohede","81","1","4","6","0","0","11"
"NUSA TENGGARA TIMUR","SABU RAIJUA","RAIJUA","5320","BPP Kolorae","Kolorae","36","0","4","1","0","0","5"
"NUSA TENGGARA TIMUR","SABU RAIJUA","SABU BARAT","5320","BPP Raeloro","Raeloro","317","2","13","8","0","0","23"
"NUSA TENGGARA TIMUR","SABU RAIJUA","SABU LIAE","5320","BP3K Halapadji","Halapadji","121","1","5","7","0","0","13"
"NUSA TENGGARA TIMUR","SABU RAIJUA","SABU TENGAH","5320","BP3K Eimadake","Eimadake","118","2","4","3","0","0","9"
"NUSA TENGGARA TIMUR","SABU RAIJUA","SABU TIMUR","5320","BP3K Lobodei","Lobodei","88","2","5","4","0","0","11"
"NUSA TENGGARA TIMUR","SIKKA","ALOK","5310","BPP Alok","Alok","85","4","2","0","2","0","8"
"NUSA TENGGARA TIMUR","SIKKA","ALOK BARAT","5310","BPP Alok Barat","Alok Barat","56","3","2","0","1","0","6"
"NUSA TENGGARA TIMUR","SIKKA","ALOK TIMUR","5310","BPP Alok Timur","Alok Timur","103","5","4","0","2","0","11"
"NUSA TENGGARA TIMUR","SIKKA","BOLA","5310","BPP Bola","Bola","87","2","1","0","4","0","7"
"NUSA TENGGARA TIMUR","SIKKA","DORENG","5310","BPP Doreng","Doreng","105","0","4","0","3","0","7"
"NUSA TENGGARA TIMUR","SIKKA","HEWOKLOANG","5310","BPP Hewokloang","Hewokloang","99","5","5","0","1","0","11"
"NUSA TENGGARA TIMUR","SIKKA","KANGAE","5310","BPP Kangae","Kangae","164","4","3","0","3","0","10"
"NUSA TENGGARA TIMUR","SIKKA","KEWAPANTE","5310","BPP Kewapante","Kewapante","103","5","3","0","1","0","9"
"NUSA TENGGARA TIMUR","SIKKA","KOTING","5310","BPP Koting","Koting","91","1","2","0","3","0","6"
"NUSA TENGGARA TIMUR","SIKKA","LELA","5310","BPP Lela","Lela","103","2","3","0","5","0","10"
"NUSA TENGGARA TIMUR","SIKKA","MAGEPANDA","5310","BPP Magepanda","Magepanda","184","4","1","0","2","0","7"
"NUSA TENGGARA TIMUR","SIKKA","MAPITARA","5310","BPP Mapitara","Mapitara","62","2","2","0","0","0","4"
"NUSA TENGGARA TIMUR","SIKKA","MEGO","5310","BPP Mego","Mego","157","1","5","0","3","0","9"
"NUSA TENGGARA TIMUR","SIKKA","NELLE","5310","BPP Nelle","Nelle","69","2","2","0","2","0","6"
"NUSA TENGGARA TIMUR","SIKKA","NITA","5310","BPP Nita","Nita","214","3","5","0","3","0","11"
"NUSA TENGGARA TIMUR","SIKKA","PAGA","5310","BPP Paga","Paga","135","3","3","0","3","0","9"
"NUSA TENGGARA TIMUR","SIKKA","PALUE","5310","BPP Palue","Palue","101","0","1","0","4","0","5"
"NUSA TENGGARA TIMUR","SIKKA","TALIBURA","5310","BPP Talibura","Talibura","204","2","5","0","3","0","10"
"NUSA TENGGARA TIMUR","SIKKA","TANA WAWO","5310","BPP Tana Wawo","Tana Wawo","117","1","3","0","5","0","9"
"NUSA TENGGARA TIMUR","SIKKA","WAIBLAMA","5310","BPP Waiblama","Waiblama","91","1","4","0","1","0","6"
"NUSA TENGGARA TIMUR","SIKKA","WAIGETE","5310","BPP WAIGETE","Waigete","165","3","3","0","3","0","9"
"NUSA TENGGARA TIMUR","SUMBA BARAT","KOTA WAIKABUBAK","5301","Kalimbu Kuni","Kalimbu Kuni","165","5","3","2","0","0","10"
"NUSA TENGGARA TIMUR","SUMBA BARAT","LABOYA BARAT","5301","Laboya Barat","Laboya Barat","83","4","0","0","0","0","4"
"NUSA TENGGARA TIMUR","SUMBA BARAT","LAMBOYA","5301","Lamboya","Lamboya","160","2","6","0","0","0","8"
"NUSA TENGGARA TIMUR","SUMBA BARAT","LOLI","5301","Wee Karou","Wee Karou","218","10","3","2","0","0","15"
"NUSA TENGGARA TIMUR","SUMBA BARAT","TANA RIGHU","5301","Lokory","Lokory","179","7","6","3","0","0","16"
"NUSA TENGGARA TIMUR","SUMBA BARAT","WANOKAKA","5301","Wanukaka","Wanukaka","168","3","4","2","0","0","9"
"NUSA TENGGARA TIMUR","SUMBA BARAT DAYA","KODI","5317","Kodi","Kodi","246","6","4","1","19","0","30"
"NUSA TENGGARA TIMUR","SUMBA BARAT DAYA","KODI BALAGHAR","5317","Kodi Balaghar","Kodi Balaghar","160","3","2","2","14","0","21"
"NUSA TENGGARA TIMUR","SUMBA BARAT DAYA","KODI BANGEDO","5317","Kodi Bangedo","Kodi Bangedo","165","4","4","1","14","0","23"
"NUSA TENGGARA TIMUR","SUMBA BARAT DAYA","KODI UTARA","5317","Kodi Utara","Kodi Utara","382","6","8","1","21","0","36"
"NUSA TENGGARA TIMUR","SUMBA BARAT DAYA","KOTA TAMBOLAKA","5317","Kota Tambolaka","Kota Tambolaka","212","4","3","2","10","0","19"
"NUSA TENGGARA TIMUR","SUMBA BARAT DAYA","LOURA","5317","Loura","Loura","220","6","5","2","10","0","23"
"NUSA TENGGARA TIMUR","SUMBA BARAT DAYA","WEWEWA BARAT","5317","Wewewa Barat","Wewewa Barat","409","5","4","3","20","0","32"
"NUSA TENGGARA TIMUR","SUMBA BARAT DAYA","WEWEWA SELATAN","5317","Wewewa Selatan","Wewewa Selatan","255","3","3","2","12","0","20"
"NUSA TENGGARA TIMUR","SUMBA BARAT DAYA","WEWEWA TENGAH","5317","Wewewa Tengah","Wewewa Tengah","341","4","9","1","6","0","20"
"NUSA TENGGARA TIMUR","SUMBA BARAT DAYA","WEWEWA TIMUR","5317","Wewewa Timur","Wewewa Timur","378","5","5","2","12","0","24"
"NUSA TENGGARA TIMUR","SUMBA BARAT DAYA","WEWEWA UTARA","5317","Wewewa Utara","Wewewa Utara","85","4","4","2","12","0","22"
"NUSA TENGGARA TIMUR","SUMBA TENGAH","KATIKUTANA","5316","Waimamongu","Waimamongu","155","11","5","1","6","0","23"
"NUSA TENGGARA TIMUR","SUMBA TENGAH","KATIKUTANA SELATAN","5316","Prai Au","Prai Au","168","10","4","6","11","0","31"
"NUSA TENGGARA TIMUR","SUMBA TENGAH","MAMBORO","5316","Mananga","Mananga","173","10","10","2","0","0","22"
"NUSA TENGGARA TIMUR","SUMBA TENGAH","UMBU RATU NGGAY","5316","Lakoka","Lakoka","155","7","9","3","2","0","21"
"NUSA TENGGARA TIMUR","SUMBA TENGAH","UMBU RATU NGGAY BARAT","5316","Lawonda","Lawonda","208","14","9","4","0","0","27"
"NUSA TENGGARA TIMUR","SUMBA TENGAH","UMBU RATU NGGAY TENGAH","5316","Waikambila","Waikambila","105","8","5","1","0","0","14"
"NUSA TENGGARA TIMUR","SUMBA TIMUR","HAHARU","5302","HAHARU","Haharu","97","3","3","0","0","0","6"
"NUSA TENGGARA TIMUR","SUMBA TIMUR","KAHAUNGU ETI","5302","Kamanggih","Kamanggih","108","3","4","0","0","0","7"
"NUSA TENGGARA TIMUR","SUMBA TIMUR","KAMBATA MAPAMBUHANG","5302","Lukuwingir","Lukuwingir","79","3","2","1","0","0","6"
"NUSA TENGGARA TIMUR","SUMBA TIMUR","KAMBERA","5302","Lambanapu","Lambanapu","201","5","4","1","0","0","10"
"NUSA TENGGARA TIMUR","SUMBA TIMUR","KANATANG","5302","BPP Kanatang","Kanatang","84","2","2","2","0","0","6"
"NUSA TENGGARA TIMUR","SUMBA TIMUR","KARERA","5302","Nggongi","Nggongi","119","1","5","2","0","0","8"
"NUSA TENGGARA TIMUR","SUMBA TIMUR","KATALA HAMU LINGU","5302","Katala Hamu Lingu","Katala Hamu Lingu","80","4","4","0","0","0","8"
"NUSA TENGGARA TIMUR","SUMBA TIMUR","KOTA WAINGAPU","5302","KOTA WAINGAPU","Kota Waingapu","68","4","4","0","0","0","8"
"NUSA TENGGARA TIMUR","SUMBA TIMUR","LEWA","5302","LEWA","Lewa","258","5","5","1","0","0","11"
"NUSA TENGGARA TIMUR","SUMBA TIMUR","LEWA TIDAHU","5302","Lewa Tidahu","Lewa Tidahu","130","4","3","1","0","0","8"
"NUSA TENGGARA TIMUR","SUMBA TIMUR","MAHU","5302","Mahu","Mahu","67","1","1","4","0","0","6"
"NUSA TENGGARA TIMUR","SUMBA TIMUR","MATAWAI LA PAWU","5302","Tanarara","Tanarara","64","3","0","2","0","0","5"
"NUSA TENGGARA TIMUR","SUMBA TIMUR","NGADU NGALA","5302","Ngadu Ngala","Ngadu Ngala","52","2","1","0","0","0","3"
"NUSA TENGGARA TIMUR","SUMBA TIMUR","NGGAHA ORIANGU","5302","Makamenggit","Makamenggit","137","4","2","3","0","0","9"
"NUSA TENGGARA TIMUR","SUMBA TIMUR","PABERIWAI","5302","Kananggar","Kananggar","66","4","0","2","0","0","6"
"NUSA TENGGARA TIMUR","SUMBA TIMUR","PAHUNGA LODU","5302","PAHUNGA LODU","Pahunga Lodu","198","2","3","1","0","0","6"
"NUSA TENGGARA TIMUR","SUMBA TIMUR","PANDAWAI","5302","PANDAWAI","Pandawai","148","4","3","1","0","0","8"
"NUSA TENGGARA TIMUR","SUMBA TIMUR","PINUPAHAR","5302","Tawui","Tawui","73","1","1","1","0","0","3"
"NUSA TENGGARA TIMUR","SUMBA TIMUR","RINDI","5302","Rindi","Rindi","153","3","1","1","0","0","5"
"NUSA TENGGARA TIMUR","SUMBA TIMUR","TABUNDUNG","5302","TABUNDUNG","Tabundung","100","2","2","3","0","0","7"
"NUSA TENGGARA TIMUR","SUMBA TIMUR","UMALULU","5302","UMALULU","Umalulu","118","2","3","2","0","0","7"
"NUSA TENGGARA TIMUR","SUMBA TIMUR","WULA WAIJELU","5302","WULLA WAIJILU","Wulla Waijilu","92","3","5","0","0","0","8"
"NUSA TENGGARA TIMUR","TIMOR TENGAH SELATAN","AMANATUN SELATAN","5304","BPP Oinlasi","Oinlasi","115","2","1","0","4","0","7"
"NUSA TENGGARA TIMUR","TIMOR TENGAH SELATAN","AMANATUN UTARA","5304","BPP AMANATUN UTARA","Amanatun Utara","88","1","2","0","0","0","3"
"NUSA TENGGARA TIMUR","TIMOR TENGAH SELATAN","AMANUBAN BARAT","5304","BPP AMANUBAN BARAT","Amanuban Barat","166","3","2","1","1","0","7"
"NUSA TENGGARA TIMUR","TIMOR TENGAH SELATAN","AMANUBAN SELATAN","5304","BPP PANITE","Panite","334","4","2","1","7","0","14"
"NUSA TENGGARA TIMUR","TIMOR TENGAH SELATAN","AMANUBAN TENGAH","5304","BPP AMANUBAN TENGAH","Amanuban Tengah","128","4","0","2","9","0","15"
"NUSA TENGGARA TIMUR","TIMOR TENGAH SELATAN","AMANUBAN TIMUR","5304","BPP AMANUBAN TIMUR","Amanuban Timur","109","2","0","0","9","0","11"
"NUSA TENGGARA TIMUR","TIMOR TENGAH SELATAN","BATU PUTIH","5304","BPP Batu Putih","Batu Putih","179","5","3","0","3","0","11"
"NUSA TENGGARA TIMUR","TIMOR TENGAH SELATAN","BOKING","5304","BPP Boking","Boking","82","2","0","0","0","0","2"
"NUSA TENGGARA TIMUR","TIMOR TENGAH SELATAN","FATUKOPA","5304","BPP Fatukopa","Fatukopa","49","1","1","0","0","0","2"
"NUSA TENGGARA TIMUR","TIMOR TENGAH SELATAN","FATUMNASI","5304","BPP Fatumnasi","Fatumnasi","50","2","0","0","1","0","3"
"NUSA TENGGARA TIMUR","TIMOR TENGAH SELATAN","FAUTMOLO","5304","BPP Fautmolo","Fautmolo","41","1","1","0","0","0","2"
"NUSA TENGGARA TIMUR","TIMOR TENGAH SELATAN","KIE","5304","BPP KIE","KIE","196","2","0","0","7","0","9"
"NUSA TENGGARA TIMUR","TIMOR TENGAH SELATAN","KOKBAUN","5304","BPP KOKBAUN","Kokbaun","25","0","1","0","0","0","1"
"NUSA TENGGARA TIMUR","TIMOR TENGAH SELATAN","KOLBANO","5304","BPP KOLBANO","Kolbano","97","3","1","0","6","0","10"
"NUSA TENGGARA TIMUR","TIMOR TENGAH SELATAN","KOT OLIN","5304","BPP KECAMATAN KOTOLIN","Kecamatan Kotolin","96","2","0","0","5","0","7"
"NUSA TENGGARA TIMUR","TIMOR TENGAH SELATAN","KOTA SOE","5304","BPP KOTA SOE","Kota SOE","109","4","2","0","5","0","11"
"NUSA TENGGARA TIMUR","TIMOR TENGAH SELATAN","KUALIN","5304","BPP KUALIN","Kualin","135","2","1","0","3","0","6"
"NUSA TENGGARA TIMUR","TIMOR TENGAH SELATAN","KUAN FATU","5304","BPP KUANFATU","Kuanfatu","129","2","1","0","1","0","4"
"NUSA TENGGARA TIMUR","TIMOR TENGAH SELATAN","KUATNANA","5304","BPP KUATNANA","Kuatnana","142","2","0","0","2","0","4"
"NUSA TENGGARA TIMUR","TIMOR TENGAH SELATAN","MOLLO BARAT","5304","BPP MOLLO BARAT","Mollo Barat","112","1","0","0","0","0","1"
"NUSA TENGGARA TIMUR","TIMOR TENGAH SELATAN","MOLLO SELATAN","5304","BPP SISO","Siso","106","3","2","0","2","0","7"
"NUSA TENGGARA TIMUR","TIMOR TENGAH SELATAN","MOLLO TENGAH","5304","BPP BINAUS","Binaus","69","2","2","0","3","0","7"
"NUSA TENGGARA TIMUR","TIMOR TENGAH SELATAN","MOLLO UTARA","5304","BPP Mollo Utara","Mollo Utara","217","5","1","0","1","0","7"
"NUSA TENGGARA TIMUR","TIMOR TENGAH SELATAN","NOEBANA","5304","BPP NOEBANA","Noebana","52","1","2","0","3","0","6"
"NUSA TENGGARA TIMUR","TIMOR TENGAH SELATAN","NOEBEBA","5304","BPP NOEBEBA","Noebeba","109","1","1","2","8","0","12"
"NUSA TENGGARA TIMUR","TIMOR TENGAH SELATAN","NUNBENA","5304","BPP NUNBENA","Nunbena","60","1","1","0","3","0","5"
"NUSA TENGGARA TIMUR","TIMOR TENGAH SELATAN","NUNKOLO","5304","BPP NUNKOLO","Nunkolo","123","1","1","0","4","0","6"
"NUSA TENGGARA TIMUR","TIMOR TENGAH SELATAN","OENINO","5304","BPP OENINO","Oenino","82","3","0","0","3","0","6"
"NUSA TENGGARA TIMUR","TIMOR TENGAH SELATAN","POLEN","5304","BPP POLEN","Polen","107","2","1","0","10","0","13"
"NUSA TENGGARA TIMUR","TIMOR TENGAH SELATAN","SANTIAN","5304","BPP Santian","Santian","69","1","1","0","2","0","4"
"NUSA TENGGARA TIMUR","TIMOR TENGAH SELATAN","TOBU","5304","BPP Tobu","Tobu","62","1","1","0","2","0","4"
"NUSA TENGGARA TIMUR","TIMOR TENGAH SELATAN","TOIANAS","5304","BPP Toianas","Toianas","73","0","2","0","0","0","2"
"NUSA TENGGARA TIMUR","TIMOR TENGAH UTARA","BIBOKI ANLEU","5305","BPP BIBOKI ANLEU","Biboki Anleu","134","4","0","0","3","0","7"
"NUSA TENGGARA TIMUR","TIMOR TENGAH UTARA","BIBOKI FEOTLEU","5305","BPP Biboki Feotleu","Biboki Feotleu","31","2","1","0","1","0","4"
"NUSA TENGGARA TIMUR","TIMOR TENGAH UTARA","BIBOKI MOENLEU","5305","BPP Biboki Moenleu","Biboki Moenleu","75","1","3","0","0","0","4"
"NUSA TENGGARA TIMUR","TIMOR TENGAH UTARA","BIBOKI SELATAN","5305","BPP Biboki Selatan","Biboki Selatan","45","2","2","0","0","0","4"
"NUSA TENGGARA TIMUR","TIMOR TENGAH UTARA","BIBOKI TANPAH","5305","BPP Biboki Tanpah","Biboki Tanpah","62","3","2","0","0","0","5"
"NUSA TENGGARA TIMUR","TIMOR TENGAH UTARA","BIBOKI UTARA","5305","BPP. BIBOKI UTARA","Biboki Utara","104","2","4","0","1","0","7"
"NUSA TENGGARA TIMUR","TIMOR TENGAH UTARA","BIKOMI NILULAT","5305","BPP Bikomi Nilulat","Bikomi Nilulat","37","2","1","0","0","0","3"
"NUSA TENGGARA TIMUR","TIMOR TENGAH UTARA","BIKOMI SELATAN","5305","BPP BIKOMI SELATAN","Bikomi Selatan","77","3","1","0","4","0","8"
"NUSA TENGGARA TIMUR","TIMOR TENGAH UTARA","BIKOMI TENGAH","5305","BPP Bikomi Tengah","Bikomi Tengah","50","2","3","0","0","0","5"
"NUSA TENGGARA TIMUR","TIMOR TENGAH UTARA","BIKOMI UTARA","5305","BPP Bikomi Utara","Bikomi Utara","40","3","1","0","2","0","6"
"NUSA TENGGARA TIMUR","TIMOR TENGAH UTARA","INSANA","","","","","3","3","0","1","0","7"
"NUSA TENGGARA TIMUR","TIMOR TENGAH UTARA","INSANA BARAT","5305","BPP Insana","Insana","85","3","3","0","3","0","9"
"NUSA TENGGARA TIMUR","TIMOR TENGAH UTARA","INSANA FAFINESU","5305","BPP Insana Fafinesu","Insana Fafinesu","57","2","0","0","0","0","2"
"NUSA TENGGARA TIMUR","TIMOR TENGAH UTARA","INSANA TENGAH","5305","BPP Insana Tengah","Insana Tengah","101","5","1","0","3","0","9"
"NUSA TENGGARA TIMUR","TIMOR TENGAH UTARA","INSANA UTARA","5305","BPP Insana Utara","Insana Utara","46","2","1","0","2","0","5"
"NUSA TENGGARA TIMUR","TIMOR TENGAH UTARA","KOTA KEFAMENANU","5305","BPP Kota Kefamenanu","Kota Kefamenanu","97","8","1","0","1","0","10"
"NUSA TENGGARA TIMUR","TIMOR TENGAH UTARA","MIOMAFFO BARAT","5305","BPP Miomaffo Barat","Miomaffo Barat","93","3","3","0","2","0","8"
"NUSA TENGGARA TIMUR","TIMOR TENGAH UTARA","MIOMAFFO TENGAH","5305","BPP Miomaffo Tengah","Miomaffo Tengah","45","1","3","0","0","0","4"
"NUSA TENGGARA TIMUR","TIMOR TENGAH UTARA","MIOMAFFO TIMUR","5305","BPP Miomaffo Timur","Miomaffo Timur","120","4","4","0","2","0","10"
"NUSA TENGGARA TIMUR","TIMOR TENGAH UTARA","MUSI","5305","BPP Musi","Musi","50","2","1","0","0","0","3"
"NUSA TENGGARA TIMUR","TIMOR TENGAH UTARA","MUTIS","5305","BPP Mutis","Mutis","40","1","3","0","0","0","4"
"NUSA TENGGARA TIMUR","TIMOR TENGAH UTARA","NAIBENU","5305","BPP Naibenu","Naibenu","53","3","1","0","0","0","4"
"NUSA TENGGARA TIMUR","TIMOR TENGAH UTARA","NOEMUTI","5305","BPP Noemuti","Noemuti","126","5","3","0","2","0","10"
"NUSA TENGGARA TIMUR","TIMOR TENGAH UTARA","NOEMUTI TIMUR","5305","BPP Haekto","Haekto","47","2","1","0","1","0","4"
"PAPUA","ASMAT","AGATS","9415","BPP Agats","Agats","8","12","0","0","0","0","12"
"PAPUA","ASMAT","AKAT","9415","BPP Agats","Agats","3","0","0","0","0","0","0"
"PAPUA","ASMAT","ASWI","","","","","0","0","0","0","0","0"
"PAPUA","ASMAT","ATSY","9415","BPP Atsj","Atsj","6","0","0","0","0","0","0"
"PAPUA","ASMAT","AWYU","9415","BPP Sagare","Sagare","1","0","0","1","0","0","1"
"PAPUA","ASMAT","AYIP","9415","BPP Sagare","Sagare","0","0","0","0","0","0","0"
"PAPUA","ASMAT","BECTBAMU","9415","BPP Atsj","Atsj","1","0","0","0","0","0","0"
"PAPUA","ASMAT","DER KOUMUR","9415","BPP Kamur","Kamur","0","0","0","0","0","0","0"
"PAPUA","ASMAT","FAYIT","9415","BPP Kamur","Kamur","3","0","0","0","0","0","0"
"PAPUA","ASMAT","JETSY","9415","BPP Agats","Agats","4","0","0","0","0","0","0"
"PAPUA","ASMAT","JOERAT","","","","","0","0","0","0","0","0"
"PAPUA","ASMAT","JOUTU","","","","","0","0","0","0","0","0"
"PAPUA","ASMAT","KOLF BRAZA","9415","BPP Binam","Binam","0","0","0","0","0","0","0"
"PAPUA","ASMAT","KOPAY","9415","BPP Kamur","Kamur","0","0","0","0","0","0","0"
"PAPUA","ASMAT","KOROWAY BULUANOP","","","","","0","0","0","0","0","0"
"PAPUA","ASMAT","PANTAI KASUARI","9415","BPP Kamur","Kamur","3","0","0","0","0","0","0"
"PAPUA","ASMAT","PULAU TIGA","9415","BPP Nakai","Nakai","9","0","0","0","0","0","0"
"PAPUA","ASMAT","SAFAN","9415","BPP Kamur","Kamur","2","0","0","0","0","0","0"
"PAPUA","ASMAT","SAWA ERMA","9415","BPP Sauti","Sauti","5","0","0","0","0","0","0"
"PAPUA","ASMAT","SIRETS","9415","BPP Atsj","Atsj","2","0","0","0","0","0","0"
"PAPUA","ASMAT","SOR EP","","","","","0","0","0","0","0","0"
"PAPUA","ASMAT","SUATOR","9415","BPP Binam","Binam","0","0","0","1","0","0","1"
"PAPUA","ASMAT","SURU-SURU","","","","","0","0","0","0","0","0"
"PAPUA","ASMAT","TOMOR BIRIP","","","","","0","0","0","0","0","0"
"PAPUA","ASMAT","UNIR SIRAU","","","","","0","0","0","0","0","0"
"PAPUA","BIAK NUMFOR","AIMANDO PADAIDO","9409","BPP Kajasbo","Kajasbo","24","0","0","0","0","0","0"
"PAPUA","BIAK NUMFOR","ANDEY","9409","BPP Meneru","Meneru","50","0","0","0","0","0","0"
"PAPUA","BIAK NUMFOR","BIAK BARAT","9409","BPP Yomdori","Yomdori","91","6","0","1","1","0","8"
"PAPUA","BIAK NUMFOR","BIAK KOTA","9409","BPP Sorido","Sorido","96","5","0","0","0","0","5"
"PAPUA","BIAK NUMFOR","BIAK TIMUR","9409","BPP Sepse","Sepse","115","6","0","1","2","0","9"
"PAPUA","BIAK NUMFOR","BIAK UTARA","9409","BPP Meneru","Meneru","163","7","0","2","2","0","11"
"PAPUA","BIAK NUMFOR","BONDIFUAR","9409","BPP Inyobi","Inyobi","12","0","0","0","0","0","0"
"PAPUA","BIAK NUMFOR","BRUYADORI","9409","BPP Saribi","Saribi","5","0","0","0","0","0","0"
"PAPUA","BIAK NUMFOR","NUMFOR BARAT","9409","BPP Saribi","Saribi","10","1","0","0","0","0","1"
"PAPUA","BIAK NUMFOR","NUMFOR TIMUR","9409","BPP Saribi","Saribi","5","0","0","0","0","0","0"
"PAPUA","BIAK NUMFOR","ORIDEK","9409","BPP Sauri","Sauri","41","6","0","0","0","0","6"
"PAPUA","BIAK NUMFOR","ORKERI","9409","BPP Saribi","Saribi","9","3","0","0","1","0","4"
"PAPUA","BIAK NUMFOR","PADAIDO","9409","BPP Kajasbo","Kajasbo","8","1","0","0","0","0","1"
"PAPUA","BIAK NUMFOR","POIRU","9409","BPP Saribi","Saribi","8","0","0","0","0","0","0"
"PAPUA","BIAK NUMFOR","SAMOFA","9409","BPP Maryendi","Maryendi","69","9","0","1","1","0","11"
"PAPUA","BIAK NUMFOR","SWANDIWE","9409","BPP Swandiwe","Swandiwe","20","3","0","1","0","0","4"
"PAPUA","BIAK NUMFOR","WARSA","9409","BPP Inyobi","Inyobi","44","7","0","1","0","0","8"
"PAPUA","BIAK NUMFOR","YAWOSI","9409","BPP Meneru","Meneru","20","0","0","0","0","0","0"
"PAPUA","BIAK NUMFOR","YENDIDORI","9409","BPP Maryendi","Maryendi","86","0","0","0","0","0","0"
"PAPUA","BOVEN DIGOEL","AMBATKWI","9413","BPP MINDIPTANA","Mindiptana","6","0","0","0","0","0","0"
"PAPUA","BOVEN DIGOEL","ARIMOP","9413","BPP MANDOBO","Mandobo","31","0","0","0","0","0","0"
"PAPUA","BOVEN DIGOEL","BOMAKIA","9413","BPP BOMAKIA","Bomakia","25","4","0","0","0","0","4"
"PAPUA","BOVEN DIGOEL","FIRIWAGE","9413","BPP KOUH","Kouh","16","0","0","0","0","0","0"
"PAPUA","BOVEN DIGOEL","FOFI","9413","BPP FOFI","Fofi","12","1","0","0","0","0","1"
"PAPUA","BOVEN DIGOEL","INIYANDIT","9413","BPP MINDIPTANA","Mindiptana","23","0","0","0","0","0","0"
"PAPUA","BOVEN DIGOEL","JAIR","9413","BPP JAIR","Jair","48","3","0","1","0","0","4"
"PAPUA","BOVEN DIGOEL","KAWAGIT","9413","BPP KOUH","Kouh","33","0","0","0","0","0","0"
"PAPUA","BOVEN DIGOEL","KIA","9413","BPP JAIR","Jair","18","0","0","0","0","0","0"
"PAPUA","BOVEN DIGOEL","KOMBAY","9413","BPP BOMAKIA","Bomakia","19","0","0","0","0","0","0"
"PAPUA","BOVEN DIGOEL","KOMBUT","9413","BPP MINDIPTANA","Mindiptana","23","0","0","0","0","0","0"
"PAPUA","BOVEN DIGOEL","KOUH","9413","BPP KOUH","Kouh","20","11","0","0","0","0","11"
"PAPUA","BOVEN DIGOEL","MANDOBO","9413","BPP MANDOBO","Mandobo","96","13","0","1","0","0","14"
"PAPUA","BOVEN DIGOEL","MANGGELUM","9413","BPP KOUH","Kouh","11","0","0","0","0","0","0"
"PAPUA","BOVEN DIGOEL","MINDIPTANA","9413","BPP MINDIPTANA","Mindiptana","47","12","0","3","0","0","15"
"PAPUA","BOVEN DIGOEL","NINATI","9413","BPP MINDIPTANA","Mindiptana","16","0","0","0","0","0","0"
"PAPUA","BOVEN DIGOEL","SESNUK","9413","BPP MINDIPTANA","Mindiptana","9","0","0","0","0","0","0"
"PAPUA","BOVEN DIGOEL","SUBUR","9413","BPP SUBUR","Subur","16","2","0","0","0","0","2"
"PAPUA","BOVEN DIGOEL","WAROPKO","9413","BPP MINDIPTANA","Mindiptana","41","0","0","0","0","0","0"
"PAPUA","BOVEN DIGOEL","YANIRUMA","9413","BPP BOMAKIA","Bomakia","11","0","0","0","0","0","0"
"PAPUA","DEIYAI","BOWOBADO","","","","","0","0","0","0","0","0"
"PAPUA","DEIYAI","KAPIRAYA","9436","BPP TIGI TIMUR","Tigi Timur","2","0","0","0","0","0","0"
"PAPUA","DEIYAI","TIGI","9436","BPP TIGI","Tigi","22","1","0","0","0","0","1"
"PAPUA","DEIYAI","TIGI BARAT","9436","BPP TIGI","Tigi","13","0","0","0","0","0","0"
"PAPUA","DEIYAI","TIGI TIMUR","9436","BPP TIGI TIMUR","Tigi Timur","5","4","0","0","0","0","4"
"PAPUA","DOGIYAI","DOGIYAI","9434","BPP KIGAMANI","Kigamani","7","3","0","1","0","0","4"
"PAPUA","DOGIYAI","KAMU","9434","BPP KAMUU","Kamuu","24","4","0","2","0","0","6"
"PAPUA","DOGIYAI","KAMU SELATAN","","","","","0","0","0","0","0","0"
"PAPUA","DOGIYAI","KAMU TIMUR","","","","","0","0","0","0","0","0"
"PAPUA","DOGIYAI","KAMU UTARA","","","","","0","0","0","0","0","0"
"PAPUA","DOGIYAI","MAPIA","9434","BPP MAPIA","Mapia","12","2","0","1","0","0","3"
"PAPUA","DOGIYAI","MAPIA BARAT","","","","","0","0","0","0","0","0"
"PAPUA","DOGIYAI","MAPIA TENGAH","9434","BPP Modio","Modio","14","2","0","4","0","0","6"
"PAPUA","DOGIYAI","PIYAIYE","","","","","0","0","0","0","0","0"
"PAPUA","DOGIYAI","SUKIKAI SELATAN","","","","","0","0","0","0","0","0"
"PAPUA","INTAN JAYA","AGISIGA","9435","SUGAPA","Sugapa","0","0","0","0","0","0","0"
"PAPUA","INTAN JAYA","BIANDOGA","9435","SUGAPA","Sugapa","0","0","0","0","0","0","0"
"PAPUA","INTAN JAYA","HITADIPA","9435","SUGAPA","Sugapa","4","0","0","0","0","0","0"
"PAPUA","INTAN JAYA","HOMEYO","9435","SUGAPA","Sugapa","11","0","0","0","0","0","0"
"PAPUA","INTAN JAYA","SUGAPA","9435","SUGAPA","Sugapa","32","0","0","14","0","0","14"
"PAPUA","INTAN JAYA","TOMOSIGA","9435","SUGAPA","Sugapa","0","0","0","0","0","0","0"
"PAPUA","INTAN JAYA","UGIMBA","9435","SUGAPA","Sugapa","0","0","0","0","0","0","0"
"PAPUA","INTAN JAYA","WANDAI","9435","SUGAPA","Sugapa","4","0","0","0","0","0","0"
"PAPUA","JAYAPURA","AIRU","","","","","0","0","0","0","0","0"
"PAPUA","JAYAPURA","DEMTA","9403","BPP Demta","Demta","18","2","0","0","0","0","2"
"PAPUA","JAYAPURA","DEPAPRE","9403","BPP Depapre","Depapre","21","2","0","0","0","0","2"
"PAPUA","JAYAPURA","EBUNGFAU","9403","BPP Toware","Toware","16","1","0","0","0","0","1"
"PAPUA","JAYAPURA","GRESI SELATAN","9403","BPP Besum","Besum","13","1","1","0","0","0","2"
"PAPUA","JAYAPURA","KAUREH","9403","BPP Kaureh","Kaureh","9","1","0","0","0","0","1"
"PAPUA","JAYAPURA","KEMTUK","9403","BPP Besum","Besum","33","2","0","0","0","0","2"
"PAPUA","JAYAPURA","KEMTUK GRESI","9403","BPP Besum","Besum","18","7","1","0","0","0","8"
"PAPUA","JAYAPURA","NIMBOKRANG","9403","BPP Nimbokrang","Nimbokrang","51","2","0","0","0","0","2"
"PAPUA","JAYAPURA","NIMBORAN","9403","BPP Nimbokrang","Nimbokrang","32","0","0","0","0","0","0"
"PAPUA","JAYAPURA","NIMBORAN TIMUR / NAMBLONG","9403","BPP Besum","Besum","30","0","0","0","0","0","0"
"PAPUA","JAYAPURA","RAVENIRARA","9403","BPP Depapre","Depapre","14","0","0","0","0","0","0"
"PAPUA","JAYAPURA","SENTANI","9403","BPP Toware","Toware","65","1","1","0","0","0","2"
"PAPUA","JAYAPURA","SENTANI BARAT","9403","BPP Toware","Toware","25","0","1","0","0","0","1"
"PAPUA","JAYAPURA","SENTANI TIMUR","9403","BPP Toware","Toware","14","2","1","1","0","0","4"
"PAPUA","JAYAPURA","UNURUM GUAY","9403","BPP Nimbokrang","Nimbokrang","17","1","1","0","0","0","2"
"PAPUA","JAYAPURA","WAIBU","9403","BPP Toware","Toware","28","4","1","1","0","0","6"
"PAPUA","JAYAPURA","YAPSI","9403","BPP Yapsi","Yapsi","47","2","0","1","0","0","3"
"PAPUA","JAYAPURA","YOKARI","9403","BPP Depapre","Depapre","14","0","0","0","0","0","0"
"PAPUA","JAYAWIJAYA","ASOLOGAIMA","9402","Asologaima","Asologaima","21","6","0","1","0","0","7"
"PAPUA","JAYAWIJAYA","ASOLOKOBAL","9402","Asolokobal","Asolokobal","16","3","0","1","0","0","4"
"PAPUA","JAYAWIJAYA","ASOTIPO","","","","","0","0","0","0","0","0"
"PAPUA","JAYAWIJAYA","BOLAKME","9402","Bolakme","Bolakme","8","1","0","0","0","0","1"
"PAPUA","JAYAWIJAYA","BPIRI","","","","","0","0","0","0","0","0"
"PAPUA","JAYAWIJAYA","BUGI","","","","","0","0","0","0","0","0"
"PAPUA","JAYAWIJAYA","HUBIKIAK","","","","","0","0","0","0","0","0"
"PAPUA","JAYAWIJAYA","HUBIKOSI","9402","Hubikosi","Hubikosi","28","4","0","3","0","0","7"
"PAPUA","JAYAWIJAYA","IBELE","","","","","0","0","0","0","0","0"
"PAPUA","JAYAWIJAYA","ITLAY HISAGE","","","","","0","0","0","0","0","0"
"PAPUA","JAYAWIJAYA","KORAGI","","","","","0","0","0","0","0","0"
"PAPUA","JAYAWIJAYA","KURULU","9402","Kurulu","Kurulu","16","7","0","3","0","0","10"
"PAPUA","JAYAWIJAYA","LIBAREK","","","","","0","0","0","0","0","0"
"PAPUA","JAYAWIJAYA","MAIMA","","","","","0","0","0","0","0","0"
"PAPUA","JAYAWIJAYA","MOLAGALOME","","","","","0","0","0","0","0","0"
"PAPUA","JAYAWIJAYA","MULIAMA","","","","","0","0","0","0","0","0"
"PAPUA","JAYAWIJAYA","MUSATFAK","9402","Musatfak","Musatfak","18","1","0","1","0","0","2"
"PAPUA","JAYAWIJAYA","NAPUA","","","","","0","0","0","0","0","0"
"PAPUA","JAYAWIJAYA","PELEBAGA","9402","Pelebaga","Pelebaga","8","1","0","2","0","0","3"
"PAPUA","JAYAWIJAYA","PIRAMID","","","","","1","0","0","0","0","1"
"PAPUA","JAYAWIJAYA","PISUGI","","","","","0","0","0","0","0","0"
"PAPUA","JAYAWIJAYA","POPUGOBA","","","","","0","0","0","0","0","0"
"PAPUA","JAYAWIJAYA","SIEPKOSI","","","","","0","0","0","0","0","0"
"PAPUA","JAYAWIJAYA","SILO KARNO DOGA","","","","","0","0","0","0","0","0"
"PAPUA","JAYAWIJAYA","TAGIME","","","","","0","0","0","0","0","0"
"PAPUA","JAYAWIJAYA","TAGINERI","","","","","0","0","0","0","0","0"
"PAPUA","JAYAWIJAYA","TAILAREK","","","","","0","0","0","0","0","0"
"PAPUA","JAYAWIJAYA","TRIKORA","","","","","0","0","0","0","0","0"
"PAPUA","JAYAWIJAYA","USILIMO","","","","","0","0","0","0","0","0"
"PAPUA","JAYAWIJAYA","WADANGKU","","","","","0","0","0","0","0","0"
"PAPUA","JAYAWIJAYA","WALAIK","","","","","0","0","0","0","0","0"
"PAPUA","JAYAWIJAYA","WALELAGAMA","9402","Walelagama","Walelagama","12","4","0","2","0","0","6"
"PAPUA","JAYAWIJAYA","WALESI","","","","","0","0","0","0","0","0"
"PAPUA","JAYAWIJAYA","WAME","","","","","0","0","0","0","0","0"
"PAPUA","JAYAWIJAYA","WAMENA","9402","Baliem","Baliem","10","2","0","1","0","0","3"
"PAPUA","JAYAWIJAYA","WESAPUT","","","","","2","0","0","0","0","2"
"PAPUA","JAYAWIJAYA","WITA WAYA","","","","","1","0","0","0","0","1"
"PAPUA","JAYAWIJAYA","WOLLO","9402","Wolo","Wolo","17","1","0","3","0","0","4"
"PAPUA","JAYAWIJAYA","WOUMA","9402","Wesakin","Wesakin","7","3","0","0","0","0","3"
"PAPUA","JAYAWIJAYA","YALENGGA","9402","Yalengga","Yalengga","10","3","0","0","0","0","3"
"PAPUA","KEEROM","ARSO","9420","BPP ARSO","Arso","121","10","1","0","0","0","11"
"PAPUA","KEEROM","ARSO BARAT","9420","BPP ARSO","Arso","151","15","0","0","0","0","15"
"PAPUA","KEEROM","ARSO TIMUR","9420","BPP Arso Timur","Arso Timur","14","18","0","0","0","0","18"
"PAPUA","KEEROM","KAISENAR","9420","Senggi","Senggi","0","1","0","0","0","0","1"
"PAPUA","KEEROM","MANNEM","9420","BPP Arso Timur","Arso Timur","43","2","0","0","0","0","2"
"PAPUA","KEEROM","SENGGI","9420","Senggi","Senggi","24","17","0","0","0","0","17"
"PAPUA","KEEROM","SKANTO","9420","BPP Skanto","Skanto","221","12","0","0","0","0","12"
"PAPUA","KEEROM","TOWE","9420","Towe Hitam","Towe Hitam","11","3","0","0","0","0","3"
"PAPUA","KEEROM","WARIS","9420","Waris","Waris","20","11","0","0","0","0","11"
"PAPUA","KEEROM","WEB","9420","Web","Web","16","9","0","2","0","0","11"
"PAPUA","KEEROM","YAFFI","9420","Web","Web","13","0","0","0","0","0","0"
"PAPUA","KEPULAUAN YAPEN","ANATAUREI","","","","","0","0","0","0","0","0"
"PAPUA","KEPULAUAN YAPEN","ANGKAISERA","9408","BPP Menawi","Menawi","40","13","0","1","0","0","14"
"PAPUA","KEPULAUAN YAPEN","KEP. AMBAI","9408","BPP Menawi","Menawi","2","0","0","0","0","0","0"
"PAPUA","KEPULAUAN YAPEN","KOSIWO","9408","Kamanap","Kamanap","51","10","0","0","1","0","11"
"PAPUA","KEPULAUAN YAPEN","PANTURA YAPEN","9408","BBP SAMBRAWAI","BBP Sambrawai","5","2","0","0","0","0","2"
"PAPUA","KEPULAUAN YAPEN","POOM","9408","Poom","Poom","5","2","0","0","0","0","2"
"PAPUA","KEPULAUAN YAPEN","PULAU KURUDU","9408","BPP Dawai","Dawai","0","0","0","0","0","0","0"
"PAPUA","KEPULAUAN YAPEN","PULAU YERUI","","","","","0","0","0","0","0","0"
"PAPUA","KEPULAUAN YAPEN","RAIMBAWI","9408","BPP Dawai","Dawai","8","0","0","0","0","0","0"
"PAPUA","KEPULAUAN YAPEN","TELUK AMPIMOI","9408","BPP Menawi","Menawi","10","0","0","0","0","0","0"
"PAPUA","KEPULAUAN YAPEN","WINDESI","9408","BPP Windesi","Windesi","11","1","0","0","0","0","1"
"PAPUA","KEPULAUAN YAPEN","WONAWA","9408","Kamanap","Kamanap","0","0","0","0","0","0","0"
"PAPUA","KEPULAUAN YAPEN","YAPEN BARAT","9408","Kamanap","Kamanap","18","0","0","0","0","0","0"
"PAPUA","KEPULAUAN YAPEN","YAPEN SELATAN","9408","Indanda","Indanda","32","7","0","1","3","0","11"
"PAPUA","KEPULAUAN YAPEN","YAPEN TIMUR","9408","BPP Dawai","Dawai","13","7","0","0","0","0","7"
"PAPUA","KEPULAUAN YAPEN","YAWAKUKAT","9408","BPP Menawi","Menawi","21","0","0","0","0","0","0"
"PAPUA","KOTA JAYAPURA","ABEPURA","9471","BPP Abepura","Abepura","58","5","0","0","0","0","5"
"PAPUA","KOTA JAYAPURA","HERAM","9471","BPP Abepura","Abepura","26","0","0","0","0","0","0"
"PAPUA","KOTA JAYAPURA","JAYAPURA SELATAN","9471","BPP Abepura","Abepura","6","0","0","0","0","0","0"
"PAPUA","KOTA JAYAPURA","JAYAPURA UTARA","9471","BPP Abepura","Abepura","11","0","0","0","0","0","0"
"PAPUA","KOTA JAYAPURA","MUARA TAMI","9471","BPP Muara Tami","Muara Tami","92","6","0","0","0","0","6"
"PAPUA","LANNY JAYA","","9430","BPP NOGI","Nogi","10","","","","","",""
"PAPUA","LANNY JAYA","AWINA","","","","","0","0","0","0","0","0"
"PAPUA","LANNY JAYA","AYUMNATI","","","","","0","0","0","0","0","0"
"PAPUA","LANNY JAYA","BALINGGA","9430","BPP PIRIME","Pirime","1","0","0","0","0","0","0"
"PAPUA","LANNY JAYA","BALINGGA BARAT","","","","","0","0","0","0","0","0"
"PAPUA","LANNY JAYA","BRUWA","","","","","0","0","0","0","0","0"
"PAPUA","LANNY JAYA","BUGUK GONA","","","","","0","0","0","0","0","0"
"PAPUA","LANNY JAYA","DIMBA","9430","BPP DIMBA","Dimba","2","0","0","0","0","0","0"
"PAPUA","LANNY JAYA","GAMELIA","9430","BPP Gamelia","Gamelia","1","0","0","0","0","0","0"
"PAPUA","LANNY JAYA","GELOK BEAM","","","","","0","0","0","0","0","0"
"PAPUA","LANNY JAYA","GOA BALIM","","","","","0","0","0","0","0","0"
"PAPUA","LANNY JAYA","GOLLO","","","","","0","0","0","0","0","0"
"PAPUA","LANNY JAYA","GUNA","","","","","0","0","0","0","0","0"
"PAPUA","LANNY JAYA","GUPURA","","","","","0","0","0","0","0","0"
"PAPUA","LANNY JAYA","KARU","","","","","0","0","0","0","0","0"
"PAPUA","LANNY JAYA","KELULOME","","","","","0","0","0","0","0","0"
"PAPUA","LANNY JAYA","KOLAWA","","","","","0","0","0","0","0","0"
"PAPUA","LANNY JAYA","KULLY LANNY","","","","","0","0","0","0","0","0"
"PAPUA","LANNY JAYA","KUYAWAGE","9430","BPP Milimbo","Milimbo","2","0","0","0","0","0","0"
"PAPUA","LANNY JAYA","LANNYNA","","","","","0","0","0","0","0","0"
"PAPUA","LANNY JAYA","MAKKI","9430","BPP MAKKI","Makki","1","0","0","0","0","0","0"
"PAPUA","LANNY JAYA","MALAGAINERI","","","","","0","0","0","0","0","0"
"PAPUA","LANNY JAYA","MELAGAI","","","","","0","0","0","0","0","0"
"PAPUA","LANNY JAYA","MILIMBO","9430","BPP Milimbo","Milimbo","0","0","0","0","0","0","0"
"PAPUA","LANNY JAYA","MOKONI","","","","","0","0","0","0","0","0"
"PAPUA","LANNY JAYA","MUARA","","","","","0","0","0","0","0","0"
"PAPUA","LANNY JAYA","NIKOGWE","","","","","0","0","0","0","0","0"
"PAPUA","LANNY JAYA","NINAME","","","","","0","0","0","0","0","0"
"PAPUA","LANNY JAYA","NOGI","9430","BPP NOGI","Nogi","1","0","0","0","0","0","0"
"PAPUA","LANNY JAYA","PIRIME","9430","BPP PIRIME","Pirime","1","0","0","0","0","0","0"
"PAPUA","LANNY JAYA","POGA","9430","BPP Poga","Poga","1","0","0","0","0","0","0"
"PAPUA","LANNY JAYA","TIOM","","","","","0","0","0","0","0","0"
"PAPUA","LANNY JAYA","TIOM OLLO","","","","","0","0","0","0","0","0"
"PAPUA","LANNY JAYA","TIOMNERI","9430","BPP Tiomneri","Tiomneri","7","0","0","0","0","0","0"
"PAPUA","LANNY JAYA","WANO BARAT","","","","","0","0","0","0","0","0"
"PAPUA","LANNY JAYA","WEREKA","","","","","0","0","0","0","0","0"
"PAPUA","LANNY JAYA","WIRINGGABUT","","","","","0","0","0","0","0","0"
"PAPUA","LANNY JAYA","YIGINUA","","","","","0","0","0","0","0","0"
"PAPUA","LANNY JAYA","YILUK","","","","","0","0","0","0","0","0"
"PAPUA","LANNY JAYA","YUGUNGWI","","","","","0","0","0","0","0","0"
"PAPUA","MAMBERAMO RAYA","BENUKI","9428","BPP BURMESO","Burmeso","5","1","0","0","0","0","1"
"PAPUA","MAMBERAMO RAYA","IWASO","9428","BPP DABRA","Dabra","0","0","0","0","0","0","0"
"PAPUA","MAMBERAMO RAYA","MAMBERAMO ILIR","9428","BPP BURMESO","Burmeso","3","1","0","0","0","0","1"
"PAPUA","MAMBERAMO RAYA","MAMBERAMO TENGAH","9428","BPP DABRA","Dabra","15","10","0","0","0","0","10"
"PAPUA","MAMBERAMO RAYA","MAMBERAMO TENGAH TIMUR","9428","BPP DABRA","Dabra","12","0","0","0","0","0","0"
"PAPUA","MAMBERAMO RAYA","MAMBERAMO ULU","","","","","6","0","0","0","0","6"
"PAPUA","MAMBERAMO RAYA","ROFAER","9428","BPP DABRA","Dabra","5","2","0","0","0","0","2"
"PAPUA","MAMBERAMO RAYA","SAWAI","9428","BPP BURMESO","Burmeso","8","3","0","0","0","0","3"
"PAPUA","MAMBERAMO RAYA","WAROPEN ATAS","9428","BPP BURMESO","Burmeso","3","0","0","0","0","0","0"
"PAPUA","MAMBERAMO TENGAH","ERAGAYAM","","","","","0","0","0","0","0","0"
"PAPUA","MAMBERAMO TENGAH","ILUGWA","","","","","0","0","0","0","0","0"
"PAPUA","MAMBERAMO TENGAH","KELILA","","","","","0","0","0","0","0","0"
"PAPUA","MAMBERAMO TENGAH","KOBAKMA","","","","","0","0","0","0","0","0"
"PAPUA","MAMBERAMO TENGAH","MEGAMBILIS","","","","","0","0","0","0","0","0"
"PAPUA","MAPPI","ASSUE","9414","BPP ASSUE","Assue","49","2","0","5","0","0","7"
"PAPUA","MAPPI","BAMGI","9414","BPP BADE","Bade","7","0","0","0","0","0","0"
"PAPUA","MAPPI","CITAKMITAK","9414","BPP CITAKMITAK","Citakmitak","32","1","0","3","0","0","4"
"PAPUA","MAPPI","EDERA","9414","BPP BADE","Bade","35","4","0","5","0","0","9"
"PAPUA","MAPPI","HAJU","9414","BPP ASSUE","Assue","36","0","0","0","0","0","0"
"PAPUA","MAPPI","KAIBAR","9414","BPP CITAKMITAK","Citakmitak","22","1","0","0","0","0","1"
"PAPUA","MAPPI","MINYAMUR","9414","BPP Obaa","Obaa","6","1","0","0","0","0","1"
"PAPUA","MAPPI","NAMBIOMAN BAPAI","9414","BPP Obaa","Obaa","63","0","0","1","0","0","1"
"PAPUA","MAPPI","OBAA","9414","BPP Obaa","Obaa","99","7","0","5","0","0","12"
"PAPUA","MAPPI","PASSUE","9414","BPP Obaa","Obaa","21","1","0","0","0","0","1"
"PAPUA","MAPPI","PASSUE BAWAH","9414","BPP CITAKMITAK","Citakmitak","8","0","0","1","0","0","1"
"PAPUA","MAPPI","SYAHCAME","9414","BPP BADE","Bade","9","0","0","0","0","0","0"
"PAPUA","MAPPI","TIZAIN","9414","BPP CITAKMITAK","Citakmitak","13","0","0","0","0","0","0"
"PAPUA","MAPPI","VENAHA","9414","BPP BADE","Bade","8","2","0","2","0","0","4"
"PAPUA","MAPPI","YAKOMI","9414","BPP BADE","Bade","16","0","0","0","0","0","0"
"PAPUA","MERAUKE","ANIMHA","9401","BPP PAYA ANIM SAI","Paya Anim SAI","9","0","0","0","0","0","0"
"PAPUA","MERAUKE","ELIGOBEL","9401","BPP ULILIN","Ulilin","43","2","0","0","0","0","2"
"PAPUA","MERAUKE","ILWAYAB","9401","BPP KIMAAM","Kimaam","0","1","0","0","0","0","1"
"PAPUA","MERAUKE","JAGEBOB","9401","BPP EDEN PERMEGI","Eden Permegi","127","4","0","3","0","0","7"
"PAPUA","MERAUKE","KAPTEL","9401","BPP Makan Ehon","Makan Ehon","1","0","0","0","0","0","0"
"PAPUA","MERAUKE","KIMAAM","9401","BPP KIMAAM","Kimaam","21","1","0","1","0","0","2"
"PAPUA","MERAUKE","KURIK","9401","BPP PAYA ANIM SAI","Paya Anim SAI","207","9","0","5","0","0","14"
"PAPUA","MERAUKE","MALIND","9401","BPP PAYA ANIM SAI","Paya Anim SAI","134","0","0","0","0","0","0"
"PAPUA","MERAUKE","MERAUKE","9401","BPP WASUR","Wasur","133","13","0","0","3","0","16"
"PAPUA","MERAUKE","MUTING","9401","BPP ULILIN","Ulilin","17","1","0","0","0","0","1"
"PAPUA","MERAUKE","NAUKENJERAI","9401","BPP WASUR","Wasur","30","1","0","0","0","0","1"
"PAPUA","MERAUKE","NGGUTI","9401","BPP Makan Ehon","Makan Ehon","7","0","0","0","0","0","0"
"PAPUA","MERAUKE","OKABA","9401","BPP Makan Ehon","Makan Ehon","24","5","0","2","0","0","7"
"PAPUA","MERAUKE","SEMANGGA","9401","BPP PAYA ANIM SAI NANGGO","Paya Anim SAI Nanggo","174","8","0","1","0","0","9"
"PAPUA","MERAUKE","SOTA","9401","BPP PARSAVI","Parsavi","24","6","0","0","0","0","6"
"PAPUA","MERAUKE","TABONJI","9401","BPP KIMAAM","Kimaam","3","0","0","0","0","0","0"
"PAPUA","MERAUKE","TANAH MIRING","9401","BPP Anim Waninggap Sai Malu Amam","Anim Waninggap Sai Malu Amam","279","6","0","1","0","0","7"
"PAPUA","MERAUKE","TUBANG","9401","BPP Makan Ehon","Makan Ehon","5","0","0","0","0","0","0"
"PAPUA","MERAUKE","ULILIN","9401","BPP ULILIN","Ulilin","36","3","0","0","0","0","3"
"PAPUA","MERAUKE","WAAN","9401","BPP KIMAAM","Kimaam","6","0","0","0","0","0","0"
"PAPUA","MIMIKA","AGIMUGA","","","","","0","0","0","0","0","0"
"PAPUA","MIMIKA","ALAMA","","","","","0","0","0","0","0","0"
"PAPUA","MIMIKA","AMAR","","","","","0","0","0","0","0","0"
"PAPUA","MIMIKA","HOYA","","","","","0","0","0","0","0","0"
"PAPUA","MIMIKA","IWAKA","9412","BPP KUALA KENCANA","Kuala Kencana","114","2","0","2","0","0","4"
"PAPUA","MIMIKA","JILA","","","","","0","0","0","0","0","0"
"PAPUA","MIMIKA","JITA","","","","","0","0","0","0","0","0"
"PAPUA","MIMIKA","KUALA KENCANA","9412","BPP KUALA KENCANA","Kuala Kencana","60","6","0","2","0","0","8"
"PAPUA","MIMIKA","KWAMKI NARAMA","","","","","3","0","0","0","0","3"
"PAPUA","MIMIKA","MIMIKA BARAT","","","","","1","0","0","0","0","1"
"PAPUA","MIMIKA","MIMIKA BARAT JAUH","","","","","0","0","0","0","0","0"
"PAPUA","MIMIKA","MIMIKA BARAT TENGAH","","","","","1","0","0","0","0","1"
"PAPUA","MIMIKA","MIMIKA BARU","9412","BPP MIMIKA BARU","Mimika Baru","95","4","0","3","0","0","7"
"PAPUA","MIMIKA","MIMIKA TENGAH","","","","","0","0","0","0","0","0"
"PAPUA","MIMIKA","MIMIKA TIMUR","9412","BPP Mimika Timur","Mimika Timur","56","4","0","2","0","0","6"
"PAPUA","MIMIKA","MIMIKA TIMUR JAUH","","","","","0","0","0","0","0","0"
"PAPUA","MIMIKA","TEMBAGAPURA","","","","","0","0","0","0","0","0"
"PAPUA","MIMIKA","WANIA","9412","BPP WANIA","Wania","106","6","0","0","0","0","6"
"PAPUA","NABIRE","DIPA","","","","","0","0","0","0","0","0"
"PAPUA","NABIRE","KEPULAUAN MOORA","","","","","0","0","0","0","0","0"
"PAPUA","NABIRE","MAKIMI","","","","","5","0","0","0","0","5"
"PAPUA","NABIRE","MENOU","","","","","0","0","0","0","0","0"
"PAPUA","NABIRE","NABIRE","9404","Nabire","Nabire","47","4","0","0","0","0","4"
"PAPUA","NABIRE","NABIRE BARAT","9404","Nabire Barat","Nabire Barat","94","8","0","0","0","0","8"
"PAPUA","NABIRE","NAPAN","","","","","0","0","0","0","0","0"
"PAPUA","NABIRE","SIRIWO","","","","","0","0","0","0","0","0"
"PAPUA","NABIRE","TELUK KIMI","9404","Teluk Kimi","Teluk Kimi","60","7","0","0","0","0","7"
"PAPUA","NABIRE","TELUK UMAR","","","","","0","0","0","0","0","0"
"PAPUA","NABIRE","UWAPA","9404","Uwapa","Uwapa","22","3","0","0","0","0","3"
"PAPUA","NABIRE","WANGGAR","9404","Wanggar","Wanggar","44","8","0","0","0","0","8"
"PAPUA","NABIRE","WAPOGA","","","","","0","0","0","0","0","0"
"PAPUA","NABIRE","YARO","9404","Yaro","Yaro","86","4","0","0","0","0","4"
"PAPUA","NABIRE","YAUR","9404","YAUR","Yaur","7","7","0","0","0","0","7"
"PAPUA","NDUGA","GEAREK","9429","BPP GEAREK","Gearek","0","0","0","0","0","0","0"
"PAPUA","NDUGA","GESELMA","","","","","0","0","0","0","0","0"
"PAPUA","NDUGA","KENYAM","9429","BPP KENYAM","Kenyam","24","3","0","0","0","0","3"
"PAPUA","NDUGA","MAPENDUMA","","","","","0","0","0","0","0","0"
"PAPUA","NDUGA","MBUWA","","","","","0","0","0","0","0","0"
"PAPUA","NDUGA","MUGI","","","","","0","0","0","0","0","0"
"PAPUA","NDUGA","WOSAK","9429","BPP GEAREK","Gearek","0","0","0","0","0","0","0"
"PAPUA","NDUGA","YIGI","","","","","0","0","0","0","0","0"
"PAPUA","PANIAI","ARADIDE","9410","BPP MADI","Madi","2","0","0","0","0","0","0"
"PAPUA","PANIAI","AWEIDA","9410","BPP MADI","Madi","1","0","0","0","0","0","0"
"PAPUA","PANIAI","BAYA BIRU","9410","BPP MADI","Madi","1","0","0","0","0","0","0"
"PAPUA","PANIAI","BIBIDA","9410","BPP MADI","Madi","5","1","0","0","0","0","1"
"PAPUA","PANIAI","BOGOBAIDA","9410","BPP MADI","Madi","1","1","0","0","0","0","1"
"PAPUA","PANIAI","DEIYAI MIYO","9410","BPP KOTOPOO","Kotopoo","1","0","0","0","0","0","0"
"PAPUA","PANIAI","DOGOMO","9410","BPP MADI","Madi","0","0","0","0","0","0","0"
"PAPUA","PANIAI","DUMADAMA","9410","BPP MADI","Madi","0","0","0","0","0","0","0"
"PAPUA","PANIAI","EKADIDE","9410","BPP MADI","Madi","0","1","0","0","0","0","1"
"PAPUA","PANIAI","FAJAR TIMUR","9410","BPP MADI","Madi","1","1","0","0","0","0","1"
"PAPUA","PANIAI","KEBO","9410","BPP KOTOPOO","Kotopoo","22","0","0","0","0","0","0"
"PAPUA","PANIAI","MUYE","9410","BPP KOTOPOO","Kotopoo","0","1","0","0","0","0","1"
"PAPUA","PANIAI","NAKAMA","9410","BPP KOTOPOO","Kotopoo","5","1","0","0","0","0","1"
"PAPUA","PANIAI","PANIAI BARAT","9410","BPP KOTOPOO","Kotopoo","8","6","0","3","36","0","45"
"PAPUA","PANIAI","PANIAI TIMUR","9410","BPP MADI","Madi","6","10","0","2","50","0","62"
"PAPUA","PANIAI","PUGO DAGI","9410","BPP MADI","Madi","0","2","0","0","0","0","2"
"PAPUA","PANIAI","SIRIWO","9410","BPP KOTOPOO","Kotopoo","0","1","0","0","0","0","1"
"PAPUA","PANIAI","TELUK DEYA","9410","BPP KOTOPOO","Kotopoo","4","0","0","0","0","0","0"
"PAPUA","PANIAI","TOPIYAI","9410","BPP MADI","Madi","5","1","0","0","0","0","1"
"PAPUA","PANIAI","WEGE MUKA","9410","BPP MADI","Madi","8","1","0","0","0","0","1"
"PAPUA","PANIAI","WEGEE BINO","9410","BPP MADI","Madi","3","0","0","0","0","0","0"
"PAPUA","PANIAI","YAGAI","9410","BPP KOTOPOO","Kotopoo","8","0","0","0","0","1","1"
"PAPUA","PANIAI","YATAMO","9410","BPP KOTOPOO","Kotopoo","2","0","0","0","0","0","0"
"PAPUA","PANIAI","YOUTADI","9410","BPP MADI","Madi","0","0","0","0","0","0","0"
"PAPUA","PEGUNUNGAN BINTANG","ABOY","9417","BPP ABOY","Aboy","7","1","0","0","1","0","2"
"PAPUA","PEGUNUNGAN BINTANG","ALEMSOM","9417","BPP SERAMBAKON","Serambakon","8","0","0","0","0","0","0"
"PAPUA","PEGUNUNGAN BINTANG","AWINBON","9417","BPP SERAMBAKON","Serambakon","0","0","0","0","0","0","0"
"PAPUA","PEGUNUNGAN BINTANG","BATANI","","","","","0","0","0","0","0","0"
"PAPUA","PEGUNUNGAN BINTANG","BATOM","9417","BPP BATOM","Batom","18","1","0","2","4","0","7"
"PAPUA","PEGUNUNGAN BINTANG","BIME","9417","BPP BIME","Bime","18","3","0","0","0","0","3"
"PAPUA","PEGUNUNGAN BINTANG","BORME","9417","BPP BORME","Borme","7","0","0","0","1","0","1"
"PAPUA","PEGUNUNGAN BINTANG","EPUMEK","9417","EIPUMEK","Eipumek","19","0","0","3","1","0","4"
"PAPUA","PEGUNUNGAN BINTANG","IWUR","9417","BPP IWUR","Iwur","8","1","0","1","5","0","7"
"PAPUA","PEGUNUNGAN BINTANG","KAWOR","9417","BPP IWUR","Iwur","0","1","0","0","0","0","1"
"PAPUA","PEGUNUNGAN BINTANG","KIWIROK","9417","BPP Kiwirok","Kiwirok","6","1","0","2","5","0","8"
"PAPUA","PEGUNUNGAN BINTANG","KIWIROK TIMUR","9417","BPP Kiwirok","Kiwirok","6","0","0","0","0","0","0"
"PAPUA","PEGUNUNGAN BINTANG","KOLOMDOL","9417","BPP OKSIBIL","Oksibil","23","1","0","0","1","0","2"
"PAPUA","PEGUNUNGAN BINTANG","MOFINOP","9417","BPP BATOM","Batom","6","0","0","0","0","0","0"
"PAPUA","PEGUNUNGAN BINTANG","MURKIM","9417","BPP BATOM","Batom","0","0","0","0","0","0","0"
"PAPUA","PEGUNUNGAN BINTANG","NONGME","","","","","0","0","0","0","0","0"
"PAPUA","PEGUNUNGAN BINTANG","OK AON","9417","OKAOM","Okaom","10","3","0","1","1","0","5"
"PAPUA","PEGUNUNGAN BINTANG","OK BAPE","9417","BPP SERAMBAKON","Serambakon","12","1","0","0","0","0","1"
"PAPUA","PEGUNUNGAN BINTANG","OKBAB","9417","BPP Okbibab","Okbibab","6","1","0","2","6","0","9"
"PAPUA","PEGUNUNGAN BINTANG","OKBEMTA","9417","BPP BATOM","Batom","1","0","0","0","0","0","0"
"PAPUA","PEGUNUNGAN BINTANG","OKBI","","","","","0","0","0","0","0","0"
"PAPUA","PEGUNUNGAN BINTANG","OKHIKA","9417","BPP Kiwirok","Kiwirok","6","0","0","0","0","0","0"
"PAPUA","PEGUNUNGAN BINTANG","OKLIP","9417","BPP Kiwirok","Kiwirok","3","0","0","0","0","0","0"
"PAPUA","PEGUNUNGAN BINTANG","OKSAMOL","9417","BPP Kiwirok","Kiwirok","0","0","0","0","0","0","0"
"PAPUA","PEGUNUNGAN BINTANG","OKSEBANG","9417","OKAOM","Okaom","6","1","0","0","0","0","1"
"PAPUA","PEGUNUNGAN BINTANG","OKSIBIL","9417","BPP OKSIBIL","Oksibil","16","3","0","1","4","0","8"
"PAPUA","PEGUNUNGAN BINTANG","OKSOP","","","","","0","0","0","0","0","0"
"PAPUA","PEGUNUNGAN BINTANG","PAMEK","9417","EIPUMEK","Eipumek","7","0","0","0","0","0","0"
"PAPUA","PEGUNUNGAN BINTANG","PEPERA","9417","OKAOM","Okaom","13","1","0","0","0","0","1"
"PAPUA","PEGUNUNGAN BINTANG","SERAMBAKON","9417","BPP SERAMBAKON","Serambakon","12","2","0","1","3","0","6"
"PAPUA","PEGUNUNGAN BINTANG","TARUP","9417","BPP IWUR","Iwur","6","0","0","0","0","0","0"
"PAPUA","PEGUNUNGAN BINTANG","TEIRAPLU","9417","BPP ABOY","Aboy","6","0","0","0","0","0","0"
"PAPUA","PEGUNUNGAN BINTANG","WEIME","9417","BPP BIME","Bime","0","0","0","0","0","0","0"
"PAPUA","PEGUNUNGAN BINTANG","YEFTA","9417","BPP ABOY","Aboy","0","0","0","0","0","0","0"
"PAPUA","PUNCAK","AGADUGUME","","","","","0","0","0","0","0","0"
"PAPUA","PUNCAK","BEOGA","","","","","0","0","0","0","0","0"
"PAPUA","PUNCAK","DOUFO","","","","","0","0","0","0","0","0"
"PAPUA","PUNCAK","GOME","","","","","0","0","0","0","0","0"
"PAPUA","PUNCAK","ILAGA","","","","","0","0","0","0","0","0"
"PAPUA","PUNCAK","POGOMA","","","","","0","0","0","0","0","0"
"PAPUA","PUNCAK","SINAK","","","","","0","0","0","0","0","0"
"PAPUA","PUNCAK","WANGBE","","","","","0","0","0","0","0","0"
"PAPUA","PUNCAK JAYA","","9411","BPP Muara","Muara","10","","","","","",""
"PAPUA","PUNCAK JAYA","DAGAI","9411","BPP Muara","Muara","11","0","0","0","0","0","0"
"PAPUA","PUNCAK JAYA","DOKOME","9411","BPP Muara","Muara","8","0","0","0","0","0","0"
"PAPUA","PUNCAK JAYA","FAWI","9411","BPP Muara","Muara","14","0","0","0","0","0","0"
"PAPUA","PUNCAK JAYA","GUBUME","9411","BPP TINGGINAMBUT","Tingginambut","16","0","0","0","0","0","0"
"PAPUA","PUNCAK JAYA","GURAGE","9411","BPP TINGGINAMBUT","Tingginambut","13","0","0","0","0","0","0"
"PAPUA","PUNCAK JAYA","ILAMBURAWI","9411","BPP Muara","Muara","2","0","0","0","0","0","0"
"PAPUA","PUNCAK JAYA","ILU","9411","BPP Muara","Muara","11","0","0","0","0","0","0"
"PAPUA","PUNCAK JAYA","IRIMULI","9411","BPP Muara","Muara","11","0","0","0","0","0","0"
"PAPUA","PUNCAK JAYA","JIGONIKME","","","","","0","0","0","0","0","0"
"PAPUA","PUNCAK JAYA","KALOME","9411","BPP TINGGINAMBUT","Tingginambut","5","0","0","0","0","0","0"
"PAPUA","PUNCAK JAYA","KIYAGE","9411","BPP Muara","Muara","2","0","0","0","0","0","0"
"PAPUA","PUNCAK JAYA","LUMO","9411","BPP Muara","Muara","1","0","0","0","0","0","0"
"PAPUA","PUNCAK JAYA","MEWOLUK","9411","BPP Muara","Muara","7","0","0","0","0","0","0"
"PAPUA","PUNCAK JAYA","MOLANIKIME","","","","","0","0","0","0","0","0"
"PAPUA","PUNCAK JAYA","MUARA","9411","BPP Muara","Muara","9","0","0","0","0","0","0"
"PAPUA","PUNCAK JAYA","MULIA","9411","BPP Muara","Muara","15","0","0","0","0","0","0"
"PAPUA","PUNCAK JAYA","NIOGA","9411","BPP TINGGINAMBUT","Tingginambut","9","0","0","0","0","0","0"
"PAPUA","PUNCAK JAYA","NUME","9411","BPP TINGGINAMBUT","Tingginambut","1","0","0","0","0","0","0"
"PAPUA","PUNCAK JAYA","PAGALEME","9411","BPP Muara","Muara","11","0","0","0","0","0","0"
"PAPUA","PUNCAK JAYA","TAGANOMBAK","9411","BPP TINGGINAMBUT","Tingginambut","0","0","0","0","0","0","0"
"PAPUA","PUNCAK JAYA","TINGGINAMBUT","9411","BPP TINGGINAMBUT","Tingginambut","28","3","0","0","0","0","3"
"PAPUA","PUNCAK JAYA","TORERE","9411","BPP TINGGINAMBUT","Tingginambut","4","0","0","0","0","0","0"
"PAPUA","PUNCAK JAYA","WAEGI","9411","BPP TINGGINAMBUT","Tingginambut","7","0","0","0","0","0","0"
"PAPUA","PUNCAK JAYA","WANWI","9411","BPP TINGGINAMBUT","Tingginambut","3","0","0","0","0","0","0"
"PAPUA","PUNCAK JAYA","YAMBI","9411","BPP Muara","Muara","1","0","0","0","0","0","0"
"PAPUA","PUNCAK JAYA","YAMO","","","","","0","0","0","0","0","0"
"PAPUA","PUNCAK JAYA","YAMONERI","9411","BPP TINGGINAMBUT","Tingginambut","8","0","0","0","0","0","0"
"PAPUA","SARMI","APAWER HILIR","9419","BPP Pantai Barat","Pantai Barat","0","0","0","0","0","0","0"
"PAPUA","SARMI","APAWER HULU","9419","BPP Pantai Barat","Pantai Barat","4","0","0","0","0","0","0"
"PAPUA","SARMI","APAWER TENGAH","9419","BPP Pantai Barat","Pantai Barat","0","0","0","0","0","0","0"
"PAPUA","SARMI","BONGGO","9419","BPP Bonggo","Bonggo","16","1","0","3","0","0","4"
"PAPUA","SARMI","BONGGO BARAT","9419","BPP Bonggo","Bonggo","5","0","0","0","0","0","0"
"PAPUA","SARMI","BONGGO TIMUR","9419","BPP Bonggo Timur","Bonggo Timur","11","2","0","0","0","0","2"
"PAPUA","SARMI","ISMARI","9419","BPP Tor Atas","Tor Atas","1","0","0","0","0","0","0"
"PAPUA","SARMI","MUARA TOR","9419","BPP Sarmi","Sarmi","3","1","0","1","0","0","2"
"PAPUA","SARMI","PANTAI BARAT","9419","BPP Pantai Barat","Pantai Barat","4","3","0","1","0","0","4"
"PAPUA","SARMI","PANTAI TIMUR","9419","BPP Burtin","Burtin","16","0","0","0","0","0","0"
"PAPUA","SARMI","PANTAI TIMUR BAGIAN BARAT","9419","BPP Burtin","Burtin","14","1","0","7","0","0","8"
"PAPUA","SARMI","SARMI","9419","BPP Sarmi","Sarmi","4","2","0","3","0","0","5"
"PAPUA","SARMI","SARMI SELATAN","9419","BPP Sarmi","Sarmi","7","1","0","1","0","0","2"
"PAPUA","SARMI","SARMI TIMUR","9419","BPP Sarmi","Sarmi","5","1","0","2","0","0","3"
"PAPUA","SARMI","SOBEY","9419","BPP Sarmi","Sarmi","3","1","0","0","0","0","1"
"PAPUA","SARMI","SUNGAI BIRI","9419","BPP Burtin","Burtin","2","0","0","0","0","0","0"
"PAPUA","SARMI","TOR ATAS","9419","BPP Tor Atas","Tor Atas","1","1","0","2","0","0","3"
"PAPUA","SARMI","VEEN","9419","BPP Burtin","Burtin","11","0","0","0","0","0","0"
"PAPUA","SARMI","VERKAM","9419","BPP Pantai Barat","Pantai Barat","3","2","0","0","0","0","2"
"PAPUA","SUPIORI","KEPULAUAN ARURI","9427","BPP Mbrurwandi","Mbrurwandi","19","2","0","1","0","0","3"
"PAPUA","SUPIORI","SUPIORI BARAT","9427","BPK. Rusweri Supiori Barat","Bpk. Rusweri Supiori Barat","36","3","0","0","0","0","3"
"PAPUA","SUPIORI","SUPIORI SELATAN","9427","BPP. Kunef Supiori Selatan","Kunef Supiori Selatan","23","3","0","0","0","0","3"
"PAPUA","SUPIORI","SUPIORI TIMUR","9427","BPP Wakre Supiori Timur","Wakre Supiori Timur","52","10","0","0","0","0","10"
"PAPUA","SUPIORI","SUPIORI UTARA","9427","BPK. Nyeundi","Bpk. Nyeundi","22","7","0","0","0","0","7"
"PAPUA","TOLIKARA","AIR GARAM","","","","","0","0","0","0","0","0"
"PAPUA","TOLIKARA","AWEKU","","","","","0","0","0","0","0","0"
"PAPUA","TOLIKARA","BEWANI","","","","","0","0","0","0","0","0"
"PAPUA","TOLIKARA","BOGONUK","","","","","0","0","0","0","0","0"
"PAPUA","TOLIKARA","BOKONDINI","","","","","0","0","0","0","0","0"
"PAPUA","TOLIKARA","BOKONERI","","","","","0","0","0","0","0","0"
"PAPUA","TOLIKARA","DORMAN","","","","","0","0","0","0","0","0"
"PAPUA","TOLIKARA","DOW","","","","","0","0","0","0","0","0"
"PAPUA","TOLIKARA","DUNDU","","","","","0","0","0","0","0","0"
"PAPUA","TOLIKARA","EGIAM","","","","","0","0","0","0","0","0"
"PAPUA","TOLIKARA","GEYA","","","","","0","0","0","0","0","0"
"PAPUA","TOLIKARA","GILUBANDU","","","","","0","0","0","0","0","0"
"PAPUA","TOLIKARA","GOYAGE","","","","","0","0","0","0","0","0"
"PAPUA","TOLIKARA","GUNDAGI","","","","","0","0","0","0","0","0"
"PAPUA","TOLIKARA","KAMBONERI","","","","","0","0","0","0","0","0"
"PAPUA","TOLIKARA","KANGGIME","","","","","0","0","0","0","0","0"
"PAPUA","TOLIKARA","KARUBAGA","","","","","0","0","0","0","0","0"
"PAPUA","TOLIKARA","KEMBU","","","","","0","0","0","0","0","0"
"PAPUA","TOLIKARA","KONDAGA","","","","","0","0","0","0","0","0"
"PAPUA","TOLIKARA","KUARI","","","","","0","0","0","0","0","0"
"PAPUA","TOLIKARA","KUBU","","","","","0","0","0","0","0","0"
"PAPUA","TOLIKARA","NABUNAGE","","","","","0","0","0","0","0","0"
"PAPUA","TOLIKARA","NELAWI","","","","","0","0","0","0","0","0"
"PAPUA","TOLIKARA","NUMBA","","","","","0","0","0","0","0","0"
"PAPUA","TOLIKARA","NUNGGAWI","","","","","0","0","0","0","0","0"
"PAPUA","TOLIKARA","PANAGA","","","","","0","0","0","0","0","0"
"PAPUA","TOLIKARA","POGANERI","","","","","0","0","0","0","0","0"
"PAPUA","TOLIKARA","SBEY","","","","","0","0","0","0","0","0"
"PAPUA","TOLIKARA","TAGINERI","","","","","0","0","0","0","0","0"
"PAPUA","TOLIKARA","TIMORI","","","","","0","0","0","0","0","0"
"PAPUA","TOLIKARA","UMAGI","","","","","0","0","0","0","0","0"
"PAPUA","TOLIKARA","WAKUO","","","","","0","0","0","0","0","0"
"PAPUA","TOLIKARA","WARI / TAIYEVE","","","","","0","0","0","0","0","0"
"PAPUA","TOLIKARA","WINA","","","","","0","0","0","0","0","0"
"PAPUA","TOLIKARA","WONIKI","","","","","0","0","0","0","0","0"
"PAPUA","TOLIKARA","WUNIN","","","","","0","0","0","0","0","0"
"PAPUA","TOLIKARA","YUNERI","","","","","0","0","0","0","0","0"
"PAPUA","WAROPEN","DEMBA","9426","Demba","Demba","2","3","0","0","0","0","3"
"PAPUA","WAROPEN","INGGERUS","9426","Harapan Jaya","Harapan Jaya","64","4","0","0","0","0","4"
"PAPUA","WAROPEN","KIRIHI","","","","","0","0","0","0","0","0"
"PAPUA","WAROPEN","MASIREI","9426","Koweda","Koweda","18","3","0","0","0","0","3"
"PAPUA","WAROPEN","OUDATE","9426","Baino Jaya","Baino Jaya","39","6","0","0","0","0","6"
"PAPUA","WAROPEN","RISEI SAYATI","9426","Risei Sayati","Risei Sayati","10","3","0","0","0","0","3"
"PAPUA","WAROPEN","SOYOI MAMBAI","9426","Mambai","Mambai","9","5","0","0","0","0","5"
"PAPUA","WAROPEN","UREI FAISEI","9426","Urei Faisei","Urei Faisei","80","7","0","0","0","0","7"
"PAPUA","WAROPEN","WALANI","","","","","0","0","0","0","0","0"
"PAPUA","WAROPEN","WAPOGA","9426","Persiapan Pirare","Persiapan Pirare","28","3","0","0","0","0","3"
"PAPUA","WAROPEN","WAROPEN BAWAH","9426","Sawara Jaya","Sawara Jaya","40","10","0","0","0","0","10"
"PAPUA","WAROPEN","WONTI","9426","Wonti","Wonti","7","2","0","0","0","0","2"
"PAPUA","YAHUKIMO","AMUMA","9416","BPP Tangma","Tangma","2","0","0","0","0","0","0"
"PAPUA","YAHUKIMO","ANGGRUK","9416","BPP UBALIHI","Ubalihi","1","0","0","0","0","0","0"
"PAPUA","YAHUKIMO","BOMELA","9416","BPP SERADALA","Seradala","17","0","0","0","0","0","0"
"PAPUA","YAHUKIMO","DEKAI","9416","BPP DEKAI","Dekai","95","2","0","1","0","0","3"
"PAPUA","YAHUKIMO","DIRWEMNA","","","","","0","0","0","0","0","0"
"PAPUA","YAHUKIMO","DURAM","","","","","0","0","0","0","0","0"
"PAPUA","YAHUKIMO","ENDOMEN","","","","","0","0","0","0","0","0"
"PAPUA","YAHUKIMO","HEREAPINI","9416","BPP UBALIHI","Ubalihi","4","0","0","0","0","0","0"
"PAPUA","YAHUKIMO","HILIPUK","","","","","0","0","0","0","0","0"
"PAPUA","YAHUKIMO","HOGIO","9416","BPP Tangma","Tangma","1","0","0","0","0","0","0"
"PAPUA","YAHUKIMO","HOLUWON","9416","BPP Soba","Soba","4","0","0","0","0","0","0"
"PAPUA","YAHUKIMO","KABIANGGAMA","9416","BPP Soba","Soba","1","0","0","0","0","0","0"
"PAPUA","YAHUKIMO","KAYO","9416","BPP Soba","Soba","1","0","0","0","0","0","0"
"PAPUA","YAHUKIMO","KONA","9416","BPP UBALIHI","Ubalihi","0","0","0","0","0","0","0"
"PAPUA","YAHUKIMO","KORUPUN","9416","BPP DEKAI","Dekai","35","0","0","0","0","0","0"
"PAPUA","YAHUKIMO","KOSAREK","9416","BPP UBALIHI","Ubalihi","2","0","0","0","0","0","0"
"PAPUA","YAHUKIMO","KURIMA","9416","BPP KURIMA","Kurima","24","3","0","3","0","0","6"
"PAPUA","YAHUKIMO","KWELAMDUA","","","","","0","0","0","0","0","0"
"PAPUA","YAHUKIMO","KWIKMA","9416","BPP Soba","Soba","3","0","0","0","0","0","0"
"PAPUA","YAHUKIMO","LANGDA","9416","BPP SERADALA","Seradala","6","0","0","0","0","0","0"
"PAPUA","YAHUKIMO","LOLAT","","","","","0","0","0","0","0","0"
"PAPUA","YAHUKIMO","MUGI","9416","BPP KURIMA","Kurima","2","0","0","0","0","0","0"
"PAPUA","YAHUKIMO","MUSAIK","9416","BPP Tangma","Tangma","6","0","0","0","0","0","0"
"PAPUA","YAHUKIMO","NALCA","9416","BPP UBALIHI","Ubalihi","2","0","0","0","0","0","0"
"PAPUA","YAHUKIMO","NINIA","9416","BPP Soba","Soba","2","2","0","0","0","0","2"
"PAPUA","YAHUKIMO","NIPSAN","","","","","0","0","0","0","0","0"
"PAPUA","YAHUKIMO","OBIO","","","","","0","0","0","0","0","0"
"PAPUA","YAHUKIMO","PANGGEMA","","","","","0","0","0","0","0","0"
"PAPUA","YAHUKIMO","PASEMA","9416","BPP Tangma","Tangma","3","0","0","0","0","0","0"
"PAPUA","YAHUKIMO","PRONGGOLI","","","","","0","0","0","0","0","0"
"PAPUA","YAHUKIMO","PULDAMA","","","","","0","0","0","0","0","0"
"PAPUA","YAHUKIMO","SAMENAGE","9416","BPP Tangma","Tangma","1","0","0","0","0","0","0"
"PAPUA","YAHUKIMO","SELA","9416","BPP DEKAI","Dekai","8","0","0","0","0","0","0"
"PAPUA","YAHUKIMO","SERADALA","9416","BPP SERADALA","Seradala","7","1","0","1","0","0","2"
"PAPUA","YAHUKIMO","SILIMO","9416","BPP Tangma","Tangma","1","0","0","0","0","0","0"
"PAPUA","YAHUKIMO","SOBA","9416","BPP Soba","Soba","1","0","0","0","0","0","0"
"PAPUA","YAHUKIMO","SOBAHAM","","","","","0","0","0","0","0","0"
"PAPUA","YAHUKIMO","SOLOIKMA","","","","","0","0","0","0","0","0"
"PAPUA","YAHUKIMO","SUMO","","","","","0","0","0","0","0","0"
"PAPUA","YAHUKIMO","SUNTAMON","","","","","0","0","0","0","0","0"
"PAPUA","YAHUKIMO","SURU-SURU","9416","BPP Tangma","Tangma","0","0","0","0","0","0","0"
"PAPUA","YAHUKIMO","TALAMBO","","","","","0","0","0","0","0","0"
"PAPUA","YAHUKIMO","TANGMA","9416","BPP Tangma","Tangma","11","1","0","0","0","0","1"
"PAPUA","YAHUKIMO","UBAHAK","","","","","0","0","0","0","0","0"
"PAPUA","YAHUKIMO","UBALIHI","9416","BPP UBALIHI","Ubalihi","14","1","0","1","0","0","2"
"PAPUA","YAHUKIMO","UKHA","9416","BPP Tangma","Tangma","4","0","0","0","0","0","0"
"PAPUA","YAHUKIMO","WALMA","","","","","0","0","0","0","0","0"
"PAPUA","YAHUKIMO","WERIMA","","","","","0","0","0","0","0","0"
"PAPUA","YAHUKIMO","WUSAMA","9416","BPP Tangma","Tangma","0","0","0","0","0","0","0"
"PAPUA","YAHUKIMO","YAHULIAMBUT","","","","","0","0","0","0","0","0"
"PAPUA","YAHUKIMO","YOGOSEM","9416","BPP KURIMA","Kurima","1","0","0","0","0","0","0"
"PAPUA","YALIMO","ABENAHO","9432","BPP ABENAHO","Abenaho","21","0","0","0","0","0","0"
"PAPUA","YALIMO","APALAPSILI","9432","BPP APALAPSILI","Apalapsili","0","0","0","0","0","0","0"
"PAPUA","YALIMO","BENAWA","9432","BPP BENAWA","Benawa","0","0","0","0","0","0","0"
"PAPUA","YALIMO","ELELIM","9432","BPP BENAWA","Benawa","9","0","0","0","0","0","0"
"PAPUA","YALIMO","WELAREK","9432","BPP WELAREK","Welarek","4","0","0","0","0","0","0"
"PAPUA BARAT","FAKFAK","ARGUNI","9101","KOKAS","Kokas","2","0","0","0","0","0","0"
"PAPUA BARAT","FAKFAK","BOMBERAY","9101","BOMBERAI-TOMAGE","Bomberai-tomage","29","5","0","0","1","0","6"
"PAPUA BARAT","FAKFAK","FAKFAK","9101","BPP MOHENGHENGGI","Mohenghenggi","39","8","0","0","0","0","8"
"PAPUA BARAT","FAKFAK","FAKFAK BARAT","9101","HIRIET WRIA","Hiriet Wria","19","4","0","0","0","0","4"
"PAPUA BARAT","FAKFAK","FAKFAK TENGAH","9101","OPARWRIA","Oparwria","62","10","0","0","0","0","10"
"PAPUA BARAT","FAKFAK","FAKFAK TIMUR","9101","OPARWRIA","Oparwria","11","0","0","0","0","0","0"
"PAPUA BARAT","FAKFAK","FAKFAK TIMUR TENGAH","9101","OPARWRIA","Oparwria","11","0","0","0","0","0","0"
"PAPUA BARAT","FAKFAK","FURWAGI","9101","TELUK PATIPI-FURWAGI","Teluk Patipi-furwagi","11","0","0","0","0","0","0"
"PAPUA BARAT","FAKFAK","KARAS","9101","BPP MALAKULI","Malakuli","27","1","0","0","0","0","1"
"PAPUA BARAT","FAKFAK","KAYAUNI","9101","KRAMONGMONGGA-KAYAUNI","Kramongmongga-kayauni","8","0","0","0","0","0","0"
"PAPUA BARAT","FAKFAK","KOKAS","9101","KOKAS","Kokas","23","4","0","0","0","0","4"
"PAPUA BARAT","FAKFAK","KRAMONGMONGGA","9101","KRAMONGMONGGA-KAYAUNI","Kramongmongga-kayauni","10","4","0","0","0","0","4"
"PAPUA BARAT","FAKFAK","MBAHAMDANDARA","9101","KOKAS","Kokas","1","0","0","0","0","0","0"
"PAPUA BARAT","FAKFAK","PARIWARI","9101","BPP MOHENGHENGGI","Mohenghenggi","48","0","0","0","0","0","0"
"PAPUA BARAT","FAKFAK","TELUK PATIPI","9101","TELUK PATIPI-FURWAGI","Teluk Patipi-furwagi","31","6","0","0","0","0","6"
"PAPUA BARAT","FAKFAK","TOMAGE","9101","BOMBERAI-TOMAGE","Bomberai-tomage","28","0","0","0","0","0","0"
"PAPUA BARAT","FAKFAK","WARTUTIN","9101","HIRIET WRIA","Hiriet Wria","7","0","0","0","0","0","0"
"PAPUA BARAT","KAIMANA","","9102","Kambrauw","Kambrauw","0","","","","","",""
"PAPUA BARAT","KAIMANA","BURUWAY","9102","BPP Kambala","Kambala","20","1","1","3","0","0","5"
"PAPUA BARAT","KAIMANA","KAIMANA","9102","BPP Krooy","Krooy","70","4","1","14","0","0","19"
"PAPUA BARAT","KAIMANA","KAMBRAU","","","","","0","0","0","0","0","0"
"PAPUA BARAT","KAIMANA","TELUK ARGUNI ATAS","9102","BPP Funiara","Funiara","24","2","0","6","0","0","8"
"PAPUA BARAT","KAIMANA","TELUK ARGUNI BAWAH","9102","BPP Tanusan","Tanusan","33","2","0","0","0","0","2"
"PAPUA BARAT","KAIMANA","TELUK ETNA","","","","","0","0","0","0","0","0"
"PAPUA BARAT","KAIMANA","YAMOR","9102","BPP Urubika","Urubika","6","0","0","4","0","0","4"
"PAPUA BARAT","KOTA SORONG","KLAURUNG","9171","BPP KLASAMAN","Klasaman","15","5","0","2","5","0","12"
"PAPUA BARAT","KOTA SORONG","MALADUMES","","","","","0","0","0","0","0","0"
"PAPUA BARAT","KOTA SORONG","MALAISIMSA","","","","","0","0","0","0","0","0"
"PAPUA BARAT","KOTA SORONG","SORONG","","","","","0","0","0","0","0","0"
"PAPUA BARAT","KOTA SORONG","SORONG BARAT","","","","","1","0","0","0","0","1"
"PAPUA BARAT","KOTA SORONG","SORONG KEPULAUAN","","","","","0","0","0","0","0","0"
"PAPUA BARAT","KOTA SORONG","SORONG KOTA","","","","","1","0","0","0","0","1"
"PAPUA BARAT","KOTA SORONG","SORONG MANOI","","","","","0","0","0","0","0","0"
"PAPUA BARAT","KOTA SORONG","SORONG TIMUR","","","","","3","0","0","0","0","3"
"PAPUA BARAT","KOTA SORONG","SORONG UTARA","","","","","3","0","0","0","0","3"
"PAPUA BARAT","MANOKWARI","ANGGI","","","","","0","0","0","0","0","0"
"PAPUA BARAT","MANOKWARI","ANGGI GIDA","","","","","0","0","0","0","0","0"
"PAPUA BARAT","MANOKWARI","CATUBOUW","","","","","0","0","0","0","0","0"
"PAPUA BARAT","MANOKWARI","DATARAN ISIM","","","","","0","0","0","0","0","0"
"PAPUA BARAT","MANOKWARI","DIDOHU","","","","","0","0","0","0","0","0"
"PAPUA BARAT","MANOKWARI","HINGK","","","","","0","0","0","0","0","0"
"PAPUA BARAT","MANOKWARI","MANOKWARI BARAT","9105","BPP Manokwari Barat","Manokwari Barat","27","9","0","2","4","0","15"
"PAPUA BARAT","MANOKWARI","MANOKWARI SELATAN","9105","BPP Manokwari Selatan","Manokwari Selatan","36","7","0","2","4","0","13"
"PAPUA BARAT","MANOKWARI","MANOKWARI TIMUR","9105","BPP Manokwari Timur","Manokwari Timur","25","5","0","3","4","0","12"
"PAPUA BARAT","MANOKWARI","MANOKWARI UTARA","9105","BPP Manokwari Utara","Manokwari Utara","40","6","4","3","8","0","21"
"PAPUA BARAT","MANOKWARI","MASNI","9105","BPP Masni","Masni","112","7","1","3","17","0","28"
"PAPUA BARAT","MANOKWARI","MEMBEY","","","","","0","0","0","0","0","0"
"PAPUA BARAT","MANOKWARI","MENYAMBOUW","","","","","0","0","0","0","0","0"
"PAPUA BARAT","MANOKWARI","MOMI WAREN","","","","","0","0","0","0","0","0"
"PAPUA BARAT","MANOKWARI","NENEI","","","","","0","0","0","0","0","0"
"PAPUA BARAT","MANOKWARI","ORANSBARI","","","","","0","0","0","0","0","0"
"PAPUA BARAT","MANOKWARI","PRAFI","9105","BPP Prafi","Prafi","131","3","4","4","14","0","25"
"PAPUA BARAT","MANOKWARI","RANSIKI","","","","","0","0","0","0","0","0"
"PAPUA BARAT","MANOKWARI","SIDEY","9105","BPP Sidey","Sidey","78","5","1","0","11","0","17"
"PAPUA BARAT","MANOKWARI","SURUREY","","","","","0","0","0","0","0","0"
"PAPUA BARAT","MANOKWARI","TAHOSTA","","","","","0","0","0","0","0","0"
"PAPUA BARAT","MANOKWARI","TAIGE","","","","","0","0","0","0","0","0"
"PAPUA BARAT","MANOKWARI","TANAH RUBU","9105","BPP Tanah Rubuh","Tanah Rubuh","15","4","0","1","0","0","5"
"PAPUA BARAT","MANOKWARI","TESTEGA","","","","","0","0","0","0","0","0"
"PAPUA BARAT","MANOKWARI","WARMARE","9105","BPP Warmare","Warmare","66","6","2","4","4","0","16"
"PAPUA BARAT","MANOKWARI SELATAN","DATARAN ISIM","9191","BP3K RANSIKI","Ransiki","20","0","0","0","0","0","0"
"PAPUA BARAT","MANOKWARI SELATAN","MOMI WAREN","9191","BP3K RANSIKI","Ransiki","16","0","0","0","0","0","0"
"PAPUA BARAT","MANOKWARI SELATAN","NENEI","9191","BP3K RANSIKI","Ransiki","14","0","0","0","0","0","0"
"PAPUA BARAT","MANOKWARI SELATAN","ORANSBARI","9191","BP3K ORANSBARI","Oransbari","59","1","0","9","0","0","10"
"PAPUA BARAT","MANOKWARI SELATAN","RANSIKI","9191","BP3K RANSIKI","Ransiki","49","3","0","3","0","0","6"
"PAPUA BARAT","MANOKWARI SELATAN","TAHOSTA","9191","BP3K RANSIKI","Ransiki","9","0","0","0","0","0","0"
"PAPUA BARAT","MAYBRAT","AIFAT","","","","","0","0","0","0","0","0"
"PAPUA BARAT","MAYBRAT","AIFAT SELATAN","","","","","0","0","0","0","0","0"
"PAPUA BARAT","MAYBRAT","AIFAT TIMUR","","","","","0","0","0","0","0","0"
"PAPUA BARAT","MAYBRAT","AIFAT TIMUR JAUH","","","","","0","0","0","0","0","0"
"PAPUA BARAT","MAYBRAT","AIFAT TIMUR SELATAN","","","","","0","0","0","0","0","0"
"PAPUA BARAT","MAYBRAT","AIFAT TIMUR TENGAH","","","","","0","0","0","0","0","0"
"PAPUA BARAT","MAYBRAT","AIFAT UTARA","","","","","0","0","0","0","0","0"
"PAPUA BARAT","MAYBRAT","AITINYO","9110","DINAS PERTANIAN DAN PERKEBUNAN","Dinas Pertanian DAN Perkebunan","1","0","0","0","0","0","0"
"PAPUA BARAT","MAYBRAT","AITINYO BARAT/ATHABU","","","","","0","0","0","0","0","0"
"PAPUA BARAT","MAYBRAT","AITINYO RAYA","","","","","0","0","0","0","0","0"
"PAPUA BARAT","MAYBRAT","AITINYO TENGAH","9110","DINAS PERTANIAN DAN PERKEBUNAN","Dinas Pertanian DAN Perkebunan","5","0","0","0","0","0","0"
"PAPUA BARAT","MAYBRAT","AITINYO UTARA","","","","","0","0","0","0","0","0"
"PAPUA BARAT","MAYBRAT","AYAMARU","9110","DINAS PERTANIAN DAN PERKEBUNAN","Dinas Pertanian DAN Perkebunan","7","0","0","0","0","0","0"
"PAPUA BARAT","MAYBRAT","AYAMARU BARAT","","","","","0","0","0","0","0","0"
"PAPUA BARAT","MAYBRAT","AYAMARU JAYA","","","","","0","0","0","0","0","0"
"PAPUA BARAT","MAYBRAT","AYAMARU SELATAN","9110","DINAS PERTANIAN DAN PERKEBUNAN","Dinas Pertanian DAN Perkebunan","6","0","0","0","0","0","0"
"PAPUA BARAT","MAYBRAT","AYAMARU SELATAN JAYA","","","","","0","0","0","0","0","0"
"PAPUA BARAT","MAYBRAT","AYAMARU TENGAH","","","","","0","0","0","0","0","0"
"PAPUA BARAT","MAYBRAT","AYAMARU TIMUR","9110","DINAS PERTANIAN DAN PERKEBUNAN","Dinas Pertanian DAN Perkebunan","6","0","0","0","0","0","0"
"PAPUA BARAT","MAYBRAT","AYAMARU TIMUR SELATAN","","","","","0","0","0","0","0","0"
"PAPUA BARAT","MAYBRAT","AYAMARU UTARA","","","","","0","0","0","0","0","0"
"PAPUA BARAT","MAYBRAT","AYAMARU UTARA TIMUR","","","","","0","0","0","0","0","0"
"PAPUA BARAT","MAYBRAT","MARE","","","","","0","0","0","0","0","0"
"PAPUA BARAT","MAYBRAT","MARE SELATAN","","","","","0","0","0","0","0","0"
"PAPUA BARAT","PEGUNUNGAN ARFAK","","9112","BPP MINYAMBOUW","Minyambouw","0","","","","","",""
"PAPUA BARAT","PEGUNUNGAN ARFAK","ANGGI","","","","","3","0","1","0","0","4"
"PAPUA BARAT","PEGUNUNGAN ARFAK","ANGGI GIDA","","","","","0","0","0","0","0","0"
"PAPUA BARAT","PEGUNUNGAN ARFAK","CATUBOUW","","","","","0","0","0","0","0","0"
"PAPUA BARAT","PEGUNUNGAN ARFAK","DIDOHU","","","","","0","0","0","0","0","0"
"PAPUA BARAT","PEGUNUNGAN ARFAK","HINGK","","","","","0","0","0","0","0","0"
"PAPUA BARAT","PEGUNUNGAN ARFAK","MEMBEY","","","","","0","0","0","0","0","0"
"PAPUA BARAT","PEGUNUNGAN ARFAK","MENYAMBOUW","","","","","4","0","0","0","0","4"
"PAPUA BARAT","PEGUNUNGAN ARFAK","SURUREY","","","","","0","0","0","0","0","0"
"PAPUA BARAT","PEGUNUNGAN ARFAK","TAIGE","","","","","0","0","0","0","0","0"
"PAPUA BARAT","PEGUNUNGAN ARFAK","TESTEGA","","","","","0","0","0","0","0","0"
"PAPUA BARAT","RAJA AMPAT","AYAU","","","","","0","0","0","0","0","0"
"PAPUA BARAT","RAJA AMPAT","BATANTA SELATAN","","","","","0","0","0","0","0","0"
"PAPUA BARAT","RAJA AMPAT","BATANTA UTARA","","","","","0","0","0","0","0","0"
"PAPUA BARAT","RAJA AMPAT","KEPULAUAN AYAU","","","","","0","0","0","0","0","0"
"PAPUA BARAT","RAJA AMPAT","KEPULAUAN SEMBILAN","","","","","0","0","0","0","0","0"
"PAPUA BARAT","RAJA AMPAT","KOFIAU","","","","","0","0","0","0","0","0"
"PAPUA BARAT","RAJA AMPAT","KOTA WAISAI","9108","BPP Waisai","Waisai","30","2","0","0","0","0","2"
"PAPUA BARAT","RAJA AMPAT","MEOS MANSAR","","","","","0","0","0","0","0","0"
"PAPUA BARAT","RAJA AMPAT","MISOOL","","","","","0","0","0","0","0","0"
"PAPUA BARAT","RAJA AMPAT","MISOOL BARAT","","","","","0","0","0","0","0","0"
"PAPUA BARAT","RAJA AMPAT","MISOOL SELATAN","","","","","0","0","0","0","0","0"
"PAPUA BARAT","RAJA AMPAT","MISOOL TIMUR","","","","","0","0","0","0","0","0"
"PAPUA BARAT","RAJA AMPAT","SALAWATI BARAT","","","","","0","0","0","0","0","0"
"PAPUA BARAT","RAJA AMPAT","SALAWATI TENGAH","9108","SALAWATI TENGAH","Salawati Tengah","36","3","0","0","0","0","3"
"PAPUA BARAT","RAJA AMPAT","SALAWATI UTARA","","","","","0","0","0","0","0","0"
"PAPUA BARAT","RAJA AMPAT","SUPNIN","","","","","0","0","0","0","0","0"
"PAPUA BARAT","RAJA AMPAT","TELUK MAYALIBIT","","","","","0","0","0","0","0","0"
"PAPUA BARAT","RAJA AMPAT","TIPLOL MAYALIBIT","","","","","0","0","0","0","0","0"
"PAPUA BARAT","RAJA AMPAT","WAIGEO BARAT","","","","","0","0","0","0","0","0"
"PAPUA BARAT","RAJA AMPAT","WAIGEO BARAT KEPULAUAN","","","","","0","0","0","0","0","0"
"PAPUA BARAT","RAJA AMPAT","WAIGEO SELATAN","","","","","0","0","0","0","0","0"
"PAPUA BARAT","RAJA AMPAT","WAIGEO TIMUR","","","","","0","0","0","0","0","0"
"PAPUA BARAT","RAJA AMPAT","WAIGEO UTARA","","","","","1","0","0","0","0","1"
"PAPUA BARAT","RAJA AMPAT","WARWARBOMI","","","","","1","0","0","0","0","1"
"PAPUA BARAT","SORONG","AIMAS","9107","BPP Aimas","Aimas","125","16","0","0","2","0","18"
"PAPUA BARAT","SORONG","BERAUR","","","","","0","0","0","0","0","0"
"PAPUA BARAT","SORONG","KLABOT","9107","BPP KLABRA RAYA","Klabra Raya","7","2","0","0","0","0","2"
"PAPUA BARAT","SORONG","KLAMONO","9107","BPP Klamono","Klamono","38","6","0","0","1","0","7"
"PAPUA BARAT","SORONG","KLASO","","","","","0","0","0","0","0","0"
"PAPUA BARAT","SORONG","KLAWAK","9107","BPP Klawak","Klawak","17","1","0","0","0","0","1"
"PAPUA BARAT","SORONG","KLAYILI","9107","BPP Makbon","Makbon","9","0","0","0","0","0","0"
"PAPUA BARAT","SORONG","MAKBON","9107","BPP Makbon","Makbon","25","7","0","0","2","0","9"
"PAPUA BARAT","SORONG","MARIAT","9107","BPP Mariat","Mariat","129","7","0","0","1","0","8"
"PAPUA BARAT","SORONG","MAUDUS","9107","BPP Sayosa Raya","Sayosa Raya","2","0","0","0","0","0","0"
"PAPUA BARAT","SORONG","MAYAMUK","9107","BPP Mayamuk","Mayamuk","104","9","0","0","3","0","12"
"PAPUA BARAT","SORONG","MORAID","","","","","0","0","0","0","0","0"
"PAPUA BARAT","SORONG","SALAWATI","9107","BPP Salawati","Salawati","74","6","0","0","2","0","8"
"PAPUA BARAT","SORONG","SALAWATI SELATAN","","","","","1","0","0","0","0","1"
"PAPUA BARAT","SORONG","SALAWATI TIMUR","9107","BPP Moisigen","Moisigen","29","5","0","0","0","0","5"
"PAPUA BARAT","SORONG","SAYOSA","9107","BPP Sayosa Raya","Sayosa Raya","12","3","0","0","0","0","3"
"PAPUA BARAT","SORONG","SEGET","9107","BPP Moisigen","Moisigen","10","0","0","0","1","0","1"
"PAPUA BARAT","SORONG","SEGUN","","","","","0","0","0","0","0","0"
"PAPUA BARAT","SORONG","SORONG","9107","BPP Aimas","Aimas","6","0","0","0","0","0","0"
"PAPUA BARAT","SORONG SELATAN","FOKOUR","9106","BPP Moswaren","Moswaren","1","0","0","0","0","0","0"
"PAPUA BARAT","SORONG SELATAN","INANWATAN","","","","","0","0","0","0","0","0"
"PAPUA BARAT","SORONG SELATAN","KAIS","","","","","0","0","0","0","0","0"
"PAPUA BARAT","SORONG SELATAN","KOKODA","","","","","0","0","0","0","0","0"
"PAPUA BARAT","SORONG SELATAN","KOKODA UTARA","","","","","0","0","0","0","0","0"
"PAPUA BARAT","SORONG SELATAN","KONDA","9106","BPP Moswaren","Moswaren","5","0","0","0","0","0","0"
"PAPUA BARAT","SORONG SELATAN","METEMANI","","","","","0","0","0","0","0","0"
"PAPUA BARAT","SORONG SELATAN","MOSWAREN","9106","BPP Moswaren","Moswaren","22","0","0","0","0","0","0"
"PAPUA BARAT","SORONG SELATAN","SAIFI","9106","BPP Moswaren","Moswaren","1","0","0","0","0","0","0"
"PAPUA BARAT","SORONG SELATAN","SAWIAT","9106","BPP Moswaren","Moswaren","6","0","0","0","0","0","0"
"PAPUA BARAT","SORONG SELATAN","SEREMUK","9106","BPP Moswaren","Moswaren","4","0","0","0","0","0","0"
"PAPUA BARAT","SORONG SELATAN","TEMINABUAN","9106","BPP Moswaren","Moswaren","13","0","0","0","0","0","0"
"PAPUA BARAT","SORONG SELATAN","WAYER","9106","BPP Moswaren","Moswaren","7","0","0","0","0","0","0"
"PAPUA BARAT","TAMBRAUW","ABUN","9109","BPP Kebar","Kebar","10","0","0","0","0","0","0"
"PAPUA BARAT","TAMBRAUW","AMBERBAKEN","","","","","0","0","0","0","0","0"
"PAPUA BARAT","TAMBRAUW","FEF","9109","BPP Fef","Fef","12","0","0","0","0","0","0"
"PAPUA BARAT","TAMBRAUW","KEBAR","9109","BPP Kebar","Kebar","13","0","0","0","0","0","0"
"PAPUA BARAT","TAMBRAUW","KWOOR","9109","BPP Senopi","Senopi","15","0","0","0","0","0","0"
"PAPUA BARAT","TAMBRAUW","MIYAH","9109","BPP Fef","Fef","16","0","0","0","0","0","0"
"PAPUA BARAT","TAMBRAUW","MUBARNI / ARFU","","","","","0","0","0","0","0","0"
"PAPUA BARAT","TAMBRAUW","SAUSAPOR","9109","BPP Sausapor","Sausapor","21","0","0","0","0","0","0"
"PAPUA BARAT","TAMBRAUW","SENOPI","9109","BPP Senopi","Senopi","7","0","0","0","0","0","0"
"PAPUA BARAT","TAMBRAUW","SYUJAK","9109","BPP Yembun","Yembun","6","0","0","0","0","0","0"
"PAPUA BARAT","TAMBRAUW","YEMBUN","9109","BPP Yembun","Yembun","8","0","0","0","0","0","0"
"PAPUA BARAT","TELUK BINTUNI","ARANDAY","","","","","0","0","0","0","0","0"
"PAPUA BARAT","TELUK BINTUNI","AROBA","9104","BPP Sumuri","Sumuri","5","0","0","0","0","0","0"
"PAPUA BARAT","TELUK BINTUNI","BABO","9104","BPP Sumuri","Sumuri","22","3","0","1","0","0","4"
"PAPUA BARAT","TELUK BINTUNI","BINTUNI","9104","BPP Manimeri","Manimeri","41","6","0","5","0","0","11"
"PAPUA BARAT","TELUK BINTUNI","BISCOOP","","","","","0","0","0","0","0","0"
"PAPUA BARAT","TELUK BINTUNI","DATARAN BEIMES","9104","BPP Manimeri","Manimeri","6","0","0","0","0","0","0"
"PAPUA BARAT","TELUK BINTUNI","FAFURWAR","","","","","0","0","1","0","0","1"
"PAPUA BARAT","TELUK BINTUNI","KAITARO","","","","","0","0","2","0","0","2"
"PAPUA BARAT","TELUK BINTUNI","KAMUNDAN","","","","","0","0","0","0","0","0"
"PAPUA BARAT","TELUK BINTUNI","KURI","9104","BPP Manimeri","Manimeri","6","0","0","2","0","0","2"
"PAPUA BARAT","TELUK BINTUNI","MANIMERI","9104","BPP Manimeri","Manimeri","46","21","0","2","0","0","23"
"PAPUA BARAT","TELUK BINTUNI","MASYETA","","","","","0","0","0","0","0","0"
"PAPUA BARAT","TELUK BINTUNI","MERDEY","","","","","0","0","0","0","0","0"
"PAPUA BARAT","TELUK BINTUNI","MEYADO","9104","BPP Tembuni","Tembuni","5","0","0","2","0","0","2"
"PAPUA BARAT","TELUK BINTUNI","MOSKONA BARAT","","","","","0","0","2","0","0","2"
"PAPUA BARAT","TELUK BINTUNI","MOSKONA SELATAN","9104","BPP Sumuri","Sumuri","3","0","0","2","0","0","2"
"PAPUA BARAT","TELUK BINTUNI","MOSKONA TIMUR","","","","","0","0","0","0","0","0"
"PAPUA BARAT","TELUK BINTUNI","MOSKONA UTARA","","","","","0","0","0","0","0","0"
"PAPUA BARAT","TELUK BINTUNI","SUMURI","9104","BPP Sumuri","Sumuri","19","5","0","4","0","0","9"
"PAPUA BARAT","TELUK BINTUNI","TEMBUNI","9104","BPP Tembuni","Tembuni","6","10","0","1","0","0","11"
"PAPUA BARAT","TELUK BINTUNI","TOMU","","","","","0","0","0","0","0","0"
"PAPUA BARAT","TELUK BINTUNI","TUHIBA","9104","BPP Manimeri","Manimeri","13","2","0","3","0","0","5"
"PAPUA BARAT","TELUK BINTUNI","WAMESA","9104","BPP Manimeri","Manimeri","8","1","0","2","0","0","3"
"PAPUA BARAT","TELUK BINTUNI","WERIAGAR","","","","","0","0","1","0","0","1"
"PAPUA BARAT","TELUK WONDAMA","DUAIRI","9103","BPP TELUK DUARI","Teluk Duari","38","5","0","0","0","0","5"
"PAPUA BARAT","TELUK WONDAMA","KURI WAMESA","9103","BPP KURI WAMESA","Kuri Wamesa","22","3","0","0","0","0","3"
"PAPUA BARAT","TELUK WONDAMA","NAIKERE","9103","BPP NAIKERE","Naikere","13","2","0","0","0","0","2"
"PAPUA BARAT","TELUK WONDAMA","NIKIWAR","9103","BPP NIKIWAR","Nikiwar","28","6","0","0","0","0","6"
"PAPUA BARAT","TELUK WONDAMA","RASIEY","9103","BPP RASIEY","Rasiey","64","11","0","0","0","0","11"
"PAPUA BARAT","TELUK WONDAMA","ROON","9103","BPP ROON","Roon","25","3","0","0","0","0","3"
"PAPUA BARAT","TELUK WONDAMA","ROSWAR","9103","BPP ROSWAR","Roswar","17","2","0","0","0","0","2"
"PAPUA BARAT","TELUK WONDAMA","RUMBERPON","9103","BPP RUMBERPON","Rumberpon","32","1","0","0","0","0","1"
"PAPUA BARAT","TELUK WONDAMA","SOUG JAYA","9103","BPP SOUGH WEPU","Sough Wepu","20","2","0","0","0","0","2"
"PAPUA BARAT","TELUK WONDAMA","WAMESA","9103","BPP WAMESA","Wamesa","11","2","0","0","0","0","2"
"PAPUA BARAT","TELUK WONDAMA","WASIOR","9103","BPP WASIOR","Wasior","81","9","0","0","0","0","9"
"PAPUA BARAT","TELUK WONDAMA","WINDESI","9103","BPP WINDESI","Windesi","24","3","0","0","0","0","3"
"PAPUA BARAT","TELUK WONDAMA","WONDIBOY","9103","BPP WONDIBOY","Wondiboy","25","5","0","0","0","0","5"
"RIAU","BENGKALIS","BANDAR LAKSAMANA","1408","UPT PP Kec Bandar laksamana","UPT PP Kec Bandar laksamana","103","0","4","1","2","0","7"
"RIAU","BENGKALIS","BANTAN","1408","UPT BPP KECAMATAN BANTAN","Kecamatan Bantan","283","2","4","4","4","0","14"
"RIAU","BENGKALIS","BATHIN SOLAPAN","1408","UPT BPP Kec Bathin Solapan","Kec Bathin Solapan","191","0","4","0","3","0","7"
"RIAU","BENGKALIS","BENGKALIS","1408","UPT. BPP KEC. BENGKALIS","Kec. Bengkalis","204","6","6","0","3","0","15"
"RIAU","BENGKALIS","BUKIT BATU","1408","UPT BPP Kec Bukit Batu","Kec Bukit Batu","78","1","4","1","1","0","7"
"RIAU","BENGKALIS","MANDAU","1408","UPT BPP KEC. Mandau","Kec. Mandau","126","1","2","0","2","0","5"
"RIAU","BENGKALIS","PINGGIR","1408","UPT BPP KEC. PInggir","Kec. PInggir","226","3","2","0","2","0","7"
"RIAU","BENGKALIS","RUPAT","1408","UPT BPP KEC. RUPAT","Kec. Rupat","129","1","2","2","3","0","8"
"RIAU","BENGKALIS","RUPAT UTARA","1408","UPT BPP KEC.Rupat Utara","KEC.Rupat Utara","44","0","1","2","1","0","4"
"RIAU","BENGKALIS","SIAK KECIL","1408","UPT BPP Kec. Siak Kecil","Kec. Siak Kecil","216","2","5","1","2","0","10"
"RIAU","BENGKALIS","TALANG MUANDAU","1408","UPT. BPP Kecamatan Talang Muandau","Kecamatan Talang Muandau","111","0","3","0","2","0","5"
"RIAU","INDRAGIRI HILIR","BATANG TUAKA","1403","BPP Sungai Piring","Sungai Piring","131","8","2","8","0","0","18"
"RIAU","INDRAGIRI HILIR","CONCONG","1403","BPP Sapat","Sapat","36","0","0","0","0","0","0"
"RIAU","INDRAGIRI HILIR","ENOK","1403","BPP Kempas","Kempas","193","0","0","1","0","0","1"
"RIAU","INDRAGIRI HILIR","GAUNG","1403","BPP Sungai Piring","Sungai Piring","92","0","0","0","0","0","0"
"RIAU","INDRAGIRI HILIR","GAUNG ANAK SERKA","1403","BPP Sungai Piring","Sungai Piring","85","0","0","0","0","0","0"
"RIAU","INDRAGIRI HILIR","KATEMAN","1403","BPP Guntung","Guntung","100","0","1","3","0","0","4"
"RIAU","INDRAGIRI HILIR","KEMPAS","1403","BPP Kempas","Kempas","143","7","3","9","0","0","19"
"RIAU","INDRAGIRI HILIR","KEMUNING","1403","BPP Kotabaru","Kotabaru","168","0","0","0","0","0","0"
"RIAU","INDRAGIRI HILIR","KERITANG","1403","BPP Kotabaru","Kotabaru","217","8","0","9","0","0","17"
"RIAU","INDRAGIRI HILIR","KUALA INDRAGIRI","1403","BPP Sapat","Sapat","51","1","0","5","0","0","6"
"RIAU","INDRAGIRI HILIR","MANDAH","1403","BPP Pelangiran","Pelangiran","86","0","0","0","0","0","0"
"RIAU","INDRAGIRI HILIR","PELANGIRAN","1403","BPP Pelangiran","Pelangiran","146","0","0","3","0","0","3"
"RIAU","INDRAGIRI HILIR","PULAU BURUNG","1403","BPP Guntung","Guntung","105","0","0","0","0","0","0"
"RIAU","INDRAGIRI HILIR","RETEH","1403","BPP Pulau Kijang","Pulau Kijang","125","3","3","6","0","0","12"
"RIAU","INDRAGIRI HILIR","SUNGAI BATANG","1403","BPP Pulau Kijang","Pulau Kijang","82","0","0","0","0","0","0"
"RIAU","INDRAGIRI HILIR","TANAH MERAH","1403","BPP Sapat","Sapat","102","0","0","1","0","0","1"
"RIAU","INDRAGIRI HILIR","TELUK BELENGKONG","1403","BPP Guntung","Guntung","132","0","0","0","0","0","0"
"RIAU","INDRAGIRI HILIR","TEMBILAHAN","1403","BPP Tembilahan","Tembilahan","73","5","3","4","4","0","16"
"RIAU","INDRAGIRI HILIR","TEMBILAHAN HULU","1403","BPP Tembilahan","Tembilahan","69","0","0","0","0","0","0"
"RIAU","INDRAGIRI HILIR","TEMPULING","1403","BPP Kempas","Kempas","172","3","0","0","0","0","3"
"RIAU","INDRAGIRI HULU","BATANG CENAKU","1402","BP3 Kecamatan Batang Cenaku","BP3 Kecamatan Batang Cenaku","251","2","2","3","7","0","14"
"RIAU","INDRAGIRI HULU","BATANG GANSAL","1402","BPP dan Perikanan Batang Gansal","dan Perikanan Batang Gansal","156","3","0","3","4","0","10"
"RIAU","INDRAGIRI HULU","BATANG PERANAP","1402","BPP BATANG PERANAP","Batang Peranap","94","4","0","1","8","0","13"
"RIAU","INDRAGIRI HULU","KELAYANG","1402","BP3 Kelayang","BP3 Kelayang","148","2","3","2","9","0","16"
"RIAU","INDRAGIRI HULU","KUALA CENAKU","1402","Kuala Cenaku","Kuala Cenaku","121","5","0","3","10","0","18"
"RIAU","INDRAGIRI HULU","LIRIK","1402","Lirik","Lirik","86","1","1","2","6","0","10"
"RIAU","INDRAGIRI HULU","LUBUK BATU JAYA","1402","BPPP Lubuk Batu Jaya","Bppp Lubuk Batu Jaya","183","1","3","2","9","0","15"
"RIAU","INDRAGIRI HULU","PASIR PENYU","1402","Pasir Penyu","Pasir Penyu","98","3","0","4","8","0","15"
"RIAU","INDRAGIRI HULU","PERANAP","1402","Peranap","Peranap","142","2","0","3","8","0","13"
"RIAU","INDRAGIRI HULU","RAKIT KULIM","1402","BPP Rakit Kulim","Rakit Kulim","137","3","1","3","9","0","16"
"RIAU","INDRAGIRI HULU","RENGAT","1402","Rengat","Rengat","111","5","0","3","7","0","15"
"RIAU","INDRAGIRI HULU","RENGAT BARAT","1402","BPP Rengat Barat","Rengat Barat","148","3","3","2","0","0","8"
"RIAU","INDRAGIRI HULU","SEBERIDA","1402","Siberida","Siberida","172","2","2","2","4","0","10"
"RIAU","INDRAGIRI HULU","SUNGAI LALA","1402","BPP Sungai Lala","Sungai Lala","66","3","0","2","5","0","10"
"RIAU","KAMPAR","BANGKINANG","1406","BPP BANGKINANG KOTA","Bangkinang Kota","75","2","1","0","2","0","5"
"RIAU","KAMPAR","BANGKINANG SEBERANG","1406","Bangkinang","Bangkinang","187","2","4","0","4","0","10"
"RIAU","KAMPAR","GUNUNG SAHILAN","1406","Gunung Sahilan","Gunung Sahilan","133","3","0","0","5","0","8"
"RIAU","KAMPAR","KAMPA","1406","BPP KEC.KAMPA","Kec.kampa","66","3","3","0","4","0","10"
"RIAU","KAMPAR","KAMPAR","1406","BPP Kampar","Kampar","146","6","1","0","7","0","14"
"RIAU","KAMPAR","KAMPAR KIRI","1406","Kampar Kiri","Kampar Kiri","109","3","3","0","7","0","13"
"RIAU","KAMPAR","KAMPAR KIRI HILIR","1406","BPP Kampar Kiri Hilir","Kampar Kiri Hilir","75","0","3","0","6","0","9"
"RIAU","KAMPAR","KAMPAR KIRI HULU","1406","Kampar Kiri Hulu","Kampar Kiri Hulu","92","4","0","0","5","0","9"
"RIAU","KAMPAR","KAMPAR KIRI TENGAH","1406","Kampar Kiri Tengah","Kampar Kiri Tengah","124","3","0","0","4","0","7"
"RIAU","KAMPAR","KAMPAR UTARA","1406","Kampar Utara","Kampar Utara","116","3","2","0","5","0","10"
"RIAU","KAMPAR","KOTO KAMPAR HULU","1406","Koto Kampar Hulu","Koto Kampar Hulu","83","2","0","1","4","0","7"
"RIAU","KAMPAR","KUOK","1406","Kuok","Kuok","98","2","3","0","5","0","10"
"RIAU","KAMPAR","PERHENTIAN RAJA","1406","Perhentian Raja","Perhentian Raja","104","3","0","0","2","0","5"
"RIAU","KAMPAR","RUMBIO JAYA","1406","Rumbio Jaya","Rumbio Jaya","119","3","2","0","4","0","9"
"RIAU","KAMPAR","SALO","1406","Salo","Salo","85","2","5","0","5","0","12"
"RIAU","KAMPAR","SIAK HULU","1406","Siak Hulu","Siak Hulu","120","2","2","0","4","0","8"
"RIAU","KAMPAR","TAMBANG","1406","Tambang","Tambang","112","7","1","0","7","0","15"
"RIAU","KAMPAR","TAPUNG","1406","Tapung","Tapung","491","2","2","0","6","0","10"
"RIAU","KAMPAR","TAPUNG HILIR","1406","( BPP) Tapung Hilir","( BPP) Tapung Hilir","340","1","3","0","5","0","9"
"RIAU","KAMPAR","TAPUNG HULU","1406","Tapung Hulu","Tapung Hulu","289","1","2","1","5","0","9"
"RIAU","KAMPAR","XIII KOTO KAMPAR","1406","XIII Koto Kampar","Xiii Koto Kampar","151","2","1","0","5","0","8"
"RIAU","KEPULAUAN MERANTI","MERBAU","1410","BPP Kecamatan Merbau","Kecamatan Merbau","177","0","1","4","0","0","5"
"RIAU","KEPULAUAN MERANTI","PULAU MERBAU","1410","BPP Kecamatan Pulau Merbau","Kecamatan Pulau Merbau","162","0","1","4","0","0","5"
"RIAU","KEPULAUAN MERANTI","PUTRI PUYU","1410","BPP Kecamatan Tasik Putri Puyu","Kecamatan Tasik Putri Puyu","120","0","0","6","0","0","6"
"RIAU","KEPULAUAN MERANTI","RANGSANG","1410","BPP Kecamatan Rangsang","Kecamatan Rangsang","197","0","1","5","0","0","6"
"RIAU","KEPULAUAN MERANTI","RANGSANG BARAT","1410","BPP Melai","Melai","172","0","3","3","0","0","6"
"RIAU","KEPULAUAN MERANTI","RANGSANG PESISIR","1410","BPP Kecamatan Rangsang Pesisir","Kecamatan Rangsang Pesisir","219","0","1","4","0","0","5"
"RIAU","KEPULAUAN MERANTI","TEBING TINGGI","1410","BPP Kecamatan Tebing Tinggi","Kecamatan Tebing Tinggi","217","0","4","1","0","0","5"
"RIAU","KEPULAUAN MERANTI","TEBING TINGGI BARAT","1410","BPP Kecamatan Tebing Tinggi Barat","Kecamatan Tebing Tinggi Barat","277","0","3","2","0","0","5"
"RIAU","KEPULAUAN MERANTI","TEBING TINGGI TIMUR","1410","BPP Kecamatan Tebing Tinggi Timur","Kecamatan Tebing Tinggi Timur","139","0","3","1","0","0","4"
"RIAU","KOTA DUMAI","BUKIT KAPUR","1473","Bukit Kapur","Bukit Kapur","146","1","3","2","4","0","10"
"RIAU","KOTA DUMAI","DUMAI BARAT","1473","Dumai Barat","Dumai Barat","43","5","0","1","3","0","9"
"RIAU","KOTA DUMAI","DUMAI KOTA","1473","BPP Dumai Timur/ Dumai Kota","Dumai Timur/ Dumai Kota","11","2","1","1","1","0","5"
"RIAU","KOTA DUMAI","DUMAI SELATAN","1473","Dumai Selatan","Dumai Selatan","37","3","0","0","5","0","8"
"RIAU","KOTA DUMAI","DUMAI TIMUR","1473","BPP Dumai Timur/ Dumai Kota","Dumai Timur/ Dumai Kota","59","0","0","0","3","0","3"
"RIAU","KOTA DUMAI","MEDANG KAMPAI","1473","Medang Kampai","Medang Kampai","54","2","0","1","4","0","7"
"RIAU","KOTA DUMAI","SUNGAI SEMBILAN","1473","Sungai Sembilan","Sungai Sembilan","194","2","3","2","6","0","13"
"RIAU","KOTA PEKANBARU","BINA WIDYA.","1471","BPP TAMPAN","Tampan","20","0","0","0","0","0","0"
"RIAU","KOTA PEKANBARU","BUKIT RAYA","1471","BPP KULIM","Kulim","21","0","1","0","0","0","1"
"RIAU","KOTA PEKANBARU","KULIM.","1471","BPP KULIM","Kulim","61","1","4","0","0","0","5"
"RIAU","KOTA PEKANBARU","LIMAPULUH","1471","BPP RUMBAI","Rumbai","4","0","1","0","0","0","1"
"RIAU","KOTA PEKANBARU","MARPOYAN DAMAI","1471","BPP TAMPAN","Tampan","41","1","0","0","0","0","1"
"RIAU","KOTA PEKANBARU","PAYUNG SEKAKI","1471","BPP TAMPAN","Tampan","41","1","0","0","0","0","1"
"RIAU","KOTA PEKANBARU","PEKANBARU KOTA","1471","BPP KULIM","Kulim","6","1","0","0","0","0","1"
"RIAU","KOTA PEKANBARU","RUMBAI","1471","BPP RUMBAI","Rumbai","28","0","0","0","12","0","12"
"RIAU","KOTA PEKANBARU","RUMBAI BARAT.","1471","BPP RUMBAI","Rumbai","39","0","0","0","0","0","0"
"RIAU","KOTA PEKANBARU","RUMBAI PESISIR (X)","","","","","0","0","0","0","0","0"
"RIAU","KOTA PEKANBARU","RUMBAI TIMUR.","1471","BPP RUMBAI","Rumbai","47","5","2","0","0","0","7"
"RIAU","KOTA PEKANBARU","SAIL","1471","BPP KULIM","Kulim","8","1","0","0","0","0","1"
"RIAU","KOTA PEKANBARU","SENAPELAN","1471","BPP RUMBAI","Rumbai","5","0","1","0","0","0","1"
"RIAU","KOTA PEKANBARU","SUKAJADI","1471","BPP TAMPAN","Tampan","6","1","0","0","0","0","1"
"RIAU","KOTA PEKANBARU","TAMPAN (X)","","","","","2","2","0","10","0","14"
"RIAU","KOTA PEKANBARU","TENAYAN RAYA","1471","BPP KULIM","Kulim","54","0","0","0","9","0","9"
"RIAU","KOTA PEKANBARU","TUAH MADANI.","1471","BPP TAMPAN","Tampan","42","0","1","0","0","0","1"
"RIAU","KUANTAN SINGINGI","BENAI","1401","BPP Kecamatan Benai","Kecamatan Benai","117","5","4","3","2","0","14"
"RIAU","KUANTAN SINGINGI","CERENTI","1401","BPP Kecamatan Cerenti","Kecamatan Cerenti","143","6","2","2","4","0","14"
"RIAU","KUANTAN SINGINGI","GUNUNG TOAR","1401","BPP Kecamatan Gunung Toar","Kecamatan Gunung Toar","116","4","4","4","3","0","15"
"RIAU","KUANTAN SINGINGI","HULU KUANTAN","1401","BPP Kecamatan Hulu Kuantan","Kecamatan Hulu Kuantan","92","5","2","5","2","0","14"
"RIAU","KUANTAN SINGINGI","INUMAN","1401","BPP KECAMATAN INUMAN","Kecamatan Inuman","131","2","6","2","2","0","12"
"RIAU","KUANTAN SINGINGI","KUANTAN HILIR","1401","BPP Kecamatan Kuantan Hilir","Kecamatan Kuantan Hilir","116","2","4","4","3","0","13"
"RIAU","KUANTAN SINGINGI","KUANTAN HILIR SEBERANG","1401","BPP Kecamatan Kuantan Hilir Seberang","Kecamatan Kuantan Hilir Seberang","119","2","4","1","3","0","10"
"RIAU","KUANTAN SINGINGI","KUANTAN MUDIK","1401","BPP Kecamatan Kuantan Mudik","Kecamatan Kuantan Mudik","199","8","0","5","2","0","15"
"RIAU","KUANTAN SINGINGI","KUANTAN TENGAH","1401","BPP KECAMATAN KUANTAN TENGAH","Kecamatan Kuantan Tengah","231","9","3","3","7","0","22"
"RIAU","KUANTAN SINGINGI","LOGAS TANAH DARAT","1401","BPP Kecamatan Logas Tanah Darat","Kecamatan Logas Tanah Darat","131","2","3","4","3","0","12"
"RIAU","KUANTAN SINGINGI","PANGEAN","1401","BPP Kecamatan Pangean","Kecamatan Pangean","153","5","2","6","2","0","15"
"RIAU","KUANTAN SINGINGI","PUCUK RANTAU","1401","BPP Kecamatan Pucuk Rantau","Kecamatan Pucuk Rantau","47","2","2","1","1","0","6"
"RIAU","KUANTAN SINGINGI","SENTAJO RAYA","1401","BPP Kecamatan Sentajo Raya","Kecamatan Sentajo Raya","221","3","4","4","6","0","17"
"RIAU","KUANTAN SINGINGI","SINGINGI","1401","BPP Kecamatan Singingi","Kecamatan Singingi","265","2","2","3","2","0","9"
"RIAU","KUANTAN SINGINGI","SINGINGI HILIR","1401","BPP Kecamatan Singingi Hilir","Kecamatan Singingi Hilir","181","3","0","2","2","0","7"
"RIAU","PELALAWAN","BANDAR PETALANGAN","1404","Bandar Petalangan","Bandar Petalangan","98","4","1","2","0","0","7"
"RIAU","PELALAWAN","BANDAR SEIKIJANG","1404","Bandar Seikijang","Bandar Seikijang","73","3","2","2","0","0","7"
"RIAU","PELALAWAN","BUNUT","1404","BUNUT","Bunut","73","6","0","3","0","0","9"
"RIAU","PELALAWAN","KERUMUTAN","1404","Kerumutan","Kerumutan","232","8","0","0","0","0","8"
"RIAU","PELALAWAN","KUALA KAMPAR","1404","Kuala Kampar","Kuala Kampar","244","5","0","6","0","0","11"
"RIAU","PELALAWAN","LANGGAM","1404","LANGGAM","Langgam","172","3","0","5","1","0","9"
"RIAU","PELALAWAN","PANGKALAN KERINCI","1404","PANGKALAN KERINCI","Pangkalan Kerinci","112","5","1","4","0","0","10"
"RIAU","PELALAWAN","PANGKALAN KURAS","1404","PANGKALAN KURAS","Pangkalan Kuras","320","8","1","0","0","0","9"
"RIAU","PELALAWAN","PANGKALAN LESUNG","1404","PANGKALAN LESUNG","Pangkalan Lesung","296","2","0","4","0","0","6"
"RIAU","PELALAWAN","PELALAWAN","1404","PELALAWAN","Pelalawan","78","3","0","2","0","0","5"
"RIAU","PELALAWAN","TELUK MERANTI","1404","TELUK MERANTI","Teluk Meranti","75","2","0","4","0","0","6"
"RIAU","PELALAWAN","UKUI","1404","UKUI","Ukui","262","6","0","1","0","0","7"
"RIAU","ROKAN HILIR","BAGAN SINEMBAH","1409","BPP Bagan Sinembah","Bagan Sinembah","202","2","8","14","1","0","25"
"RIAU","ROKAN HILIR","BAGAN SINEMBAH RAYA","1409","BPP Bagan Sinembah","Bagan Sinembah","153","0","0","1","0","0","1"
"RIAU","ROKAN HILIR","BALAI JAYA","1409","BPP Bagan Sinembah","Bagan Sinembah","195","0","0","0","0","0","0"
"RIAU","ROKAN HILIR","BANGKO","1409","Bangko","Bangko","226","0","4","7","2","0","13"
"RIAU","ROKAN HILIR","BANGKO PUSAKO","1409","Rimba Melintang","Rimba Melintang","148","0","1","10","0","0","11"
"RIAU","ROKAN HILIR","BATU HAMPAR","1409","Bangko","Bangko","74","0","1","1","0","0","2"
"RIAU","ROKAN HILIR","KUBU","1409","Kubu","Kubu","111","3","4","10","0","0","17"
"RIAU","ROKAN HILIR","KUBU BABUSSALAM","1409","Kubu","Kubu","136","1","0","4","0","0","5"
"RIAU","ROKAN HILIR","PASIR LIMAU KAPAS","1409","Kubu","Kubu","67","0","0","2","0","0","2"
"RIAU","ROKAN HILIR","PEKAITAN","1409","Bangko","Bangko","183","0","1","1","0","0","2"
"RIAU","ROKAN HILIR","PUJUD","1409","Tanah Putih","Tanah Putih","170","0","0","3","0","0","3"
"RIAU","ROKAN HILIR","RANTAU KOPAR","1409","Tanah Putih","Tanah Putih","27","0","2","0","0","0","2"
"RIAU","ROKAN HILIR","RIMBA MELINTANG","1409","Rimba Melintang","Rimba Melintang","131","3","4","17","4","0","28"
"RIAU","ROKAN HILIR","SIMPANG KANAN","1409","BPP Bagan Sinembah","Bagan Sinembah","107","0","0","1","0","0","1"
"RIAU","ROKAN HILIR","SINABOI","1409","Bangko","Bangko","105","5","16","1","0","0","22"
"RIAU","ROKAN HILIR","TANAH PUTIH","1409","Tanah Putih","Tanah Putih","189","4","9","11","0","0","24"
"RIAU","ROKAN HILIR","TANAH PUTIH TANJUNG MELAWAN","1409","Tanah Putih","Tanah Putih","68","0","1","3","0","0","4"
"RIAU","ROKAN HILIR","TANJUNG MEDAN","1409","Tanah Putih","Tanah Putih","160","0","0","0","0","0","0"
"RIAU","ROKAN HULU","BANGUN PURBA","1407","BPP Bangun Purba","Bangun Purba","151","2","4","0","2","0","8"
"RIAU","ROKAN HULU","BONAI DARUSSALAM","1407","BPP Kunto Darussalam dan Bonai Darussala","Kunto Darussalam dan Bonai Darussala","72","0","0","0","0","0","0"
"RIAU","ROKAN HULU","KABUN","1407","BPP Tandun","Tandun","126","0","2","0","0","0","2"
"RIAU","ROKAN HULU","KEPENUHAN","1407","BPP Kepenuhan dan Kepenuhan Hulu","Kepenuhan dan Kepenuhan Hulu","125","5","4","0","3","0","12"
"RIAU","ROKAN HULU","KEPENUHAN HULU","1407","BPP Kepenuhan dan Kepenuhan Hulu","Kepenuhan dan Kepenuhan Hulu","86","0","0","0","0","0","0"
"RIAU","ROKAN HULU","KUNTO DARUSSALAM","1407","BPP Kunto Darussalam dan Bonai Darussala","Kunto Darussalam dan Bonai Darussala","247","6","5","0","0","0","11"
"RIAU","ROKAN HULU","PAGARAN TAPAH DARUSSALAM","1407","BPP Ujungbatu dan Pagaran Tapah","Ujungbatu dan Pagaran Tapah","109","0","0","0","0","0","0"
"RIAU","ROKAN HULU","PENDALIAN IV KOTO","1407","BPP Rokan IV Koto dan Pendalian IV Koto","Rokan IV Koto dan Pendalian IV Koto","91","0","2","0","0","0","2"
"RIAU","ROKAN HULU","RAMBAH","1407","BPP Rambah","Rambah","150","6","4","0","0","0","10"
"RIAU","ROKAN HULU","RAMBAH HILIR","1407","BPP Rambah Hilir","Rambah Hilir","216","2","5","0","9","0","16"
"RIAU","ROKAN HULU","RAMBAH SAMO","1407","BPP Rambah Samo","Rambah Samo","177","2","8","0","0","0","10"
"RIAU","ROKAN HULU","ROKAN IV KOTO","1407","BPP Rokan IV Koto dan Pendalian IV Koto","Rokan IV Koto dan Pendalian IV Koto","192","4","6","0","5","0","15"
"RIAU","ROKAN HULU","TAMBUSAI","1407","BPP Tambusai","Tambusai","193","1","7","0","0","0","8"
"RIAU","ROKAN HULU","TAMBUSAI UTARA","1407","BPP Tambusai Utara","Tambusai Utara","141","4","4","0","5","0","13"
"RIAU","ROKAN HULU","TANDUN","1407","BPP Tandun","Tandun","230","2","5","0","0","0","7"
"RIAU","ROKAN HULU","UJUNG BATU","1407","BPP Ujungbatu dan Pagaran Tapah","Ujungbatu dan Pagaran Tapah","129","3","3","0","3","0","9"
"RIAU","SIAK","BUNGA RAYA","1405","Balai Penyuluhan Pertanian Bunga Raya","Bunga Raya","127","3","5","2","2","0","12"
"RIAU","SIAK","DAYUN","1405","Balai Penyuluhan Pertanian Dayun","Dayun","292","2","3","4","2","0","11"
"RIAU","SIAK","KANDIS","1405","Balai Penyuluhan Pertanian Kandis","Kandis","152","2","2","3","1","0","8"
"RIAU","SIAK","KERINCI KANAN","1405","Balai Penyuluhan Pertanian Kerinci Kana","Kerinci Kana","278","3","5","0","2","0","10"
"RIAU","SIAK","KOTO GASIB","1405","Balai Penyuluhan Pertanian Koto Gasib","Koto Gasib","168","3","3","3","2","0","11"
"RIAU","SIAK","LUBUK DALAM","1405","Balai Penyuluhan Pertanian Lubuk Dalam","Lubuk Dalam","138","1","4","2","2","0","9"
"RIAU","SIAK","MEMPURA","1405","Balai Penyuluhan Pertanian Mempura","Mempura","81","2","4","1","3","0","10"
"RIAU","SIAK","MINAS","1405","Balai Penyuluhan Pertanian Minas","Minas","94","1","0","4","2","0","7"
"RIAU","SIAK","PUSAKO","1405","Balai Penyuluhan Pertanian Pusako","Pusako","80","2","4","1","2","0","9"
"RIAU","SIAK","SABAK AUH","1405","Balai Penyuluhan Pertanian Sabak Auh","Sabak Auh","94","3","3","0","2","0","8"
"RIAU","SIAK","SIAK","1405","Balai Penyuluhan Pertanian Siak","Siak","64","3","2","3","2","0","10"
"RIAU","SIAK","SUNGAI APIT","1405","Balai Penyuluhan Pertanian Sungai Apit","Sungai Apit","138","3","7","1","2","0","13"
"RIAU","SIAK","SUNGAI MANDAU","1405","Balai Penyuluhan Pertanian Sungai Mandau","Sungai Mandau","81","1","4","4","2","0","11"
"RIAU","SIAK","TUALANG","1405","Balai Penyuluhan Pertanian Tualang","Tualang","122","4","2","2","2","0","10"
"SULAWESI BARAT","MAJENE","BANGGAE","7601","Banggae","Banggae","86","6","3","0","6","0","15"
"SULAWESI BARAT","MAJENE","BANGGAE TIMUR","7601","Banggae Timur","Banggae Timur","106","8","0","0","7","0","15"
"SULAWESI BARAT","MAJENE","MALUNDA","7601","Malunda","Malunda","154","7","1","1","8","0","17"
"SULAWESI BARAT","MAJENE","PAMBOANG","7601","BPP Pamboang","Pamboang","157","12","2","0","7","0","21"
"SULAWESI BARAT","MAJENE","SENDANA","7601","Sendana","Sendana","200","8","2","2","5","0","17"
"SULAWESI BARAT","MAJENE","TAMMERODO","7601","BPP Kecamatan Tammerodo Sendana","Kecamatan Tammerodo Sendana","183","4","3","1","5","0","13"
"SULAWESI BARAT","MAJENE","TUBO SENDANA","7601","Tubo Sendana","Tubo Sendana","79","5","2","0","6","0","13"
"SULAWESI BARAT","MAJENE","ULUMANDA","7601","Ulumanda","Ulumanda","180","4","3","0","7","0","14"
"SULAWESI BARAT","MAMASA","","7603","BPP KEC MEHALAAN","KEC Mehalaan","10","","","","","",""
"SULAWESI BARAT","MAMASA","ARALLE","7603","BPP KEC ARALLE","KEC Aralle","133","11","0","0","0","0","11"
"SULAWESI BARAT","MAMASA","BALLA","7603","BPP KEC BALLA","KEC Balla","96","12","0","3","0","0","15"
"SULAWESI BARAT","MAMASA","BAMBANG","7603","BPP KEC BAMBANG","KEC Bambang","177","15","0","0","0","0","15"
"SULAWESI BARAT","MAMASA","BUNTU MALANGKA","7603","BPP BUNTU MALANGKA","Buntu Malangka","112","9","0","0","0","0","9"
"SULAWESI BARAT","MAMASA","MAMASA","7603","BPP MAMASA","Mamasa","283","15","0","1","0","0","16"
"SULAWESI BARAT","MAMASA","MAMBI","7603","BPP MAMBI","Mambi","156","11","0","1","0","0","12"
"SULAWESI BARAT","MAMASA","MEHALAAN","7603","BPP KEC MEHALAAN","KEC Mehalaan","109","6","0","1","0","0","7"
"SULAWESI BARAT","MAMASA","MESSAWA","7603","BPP KEC MESSAWA","KEC Messawa","92","6","0","0","0","0","6"
"SULAWESI BARAT","MAMASA","NOSU","7603","BPP KEC NOSU","KEC Nosu","52","3","0","1","0","0","4"
"SULAWESI BARAT","MAMASA","PANA","7603","BPP KEC PANA","KEC Pana","105","5","0","0","0","0","5"
"SULAWESI BARAT","MAMASA","RANTEBULAHAN TIMUR","7603","BPP RANTEBULAHAN TIMUR","Rantebulahan Timur","144","6","0","0","0","0","6"
"SULAWESI BARAT","MAMASA","SESENAPADANG","7603","BPP KEC SESENA PADANG","KEC Sesena Padang","140","11","0","0","0","0","11"
"SULAWESI BARAT","MAMASA","SUMARORONG","7603","BPP SUMARORONG","Sumarorong","108","10","0","1","0","0","11"
"SULAWESI BARAT","MAMASA","TABANG","7603","BPP KEC TABANG","KEC Tabang","84","6","0","0","0","0","6"
"SULAWESI BARAT","MAMASA","TABULAHAN","7603","BPP KEC TABULAHAN","KEC Tabulahan","194","9","0","0","0","0","9"
"SULAWESI BARAT","MAMASA","TANDUK KALUA","7603","BPP KEC TANDUK KALUA","KEC Tanduk Kalua","158","12","0","1","0","0","13"
"SULAWESI BARAT","MAMASA","TAWALIAN","7603","BPP TAWALIAN","Tawalian","91","5","0","0","0","0","5"
"SULAWESI BARAT","MAMUJU","BALABALAKANG","","","","","0","0","0","0","0","0"
"SULAWESI BARAT","MAMUJU","BONEHAU","7604","BPP BONEHAU","Bonehau","222","5","0","1","0","0","6"
"SULAWESI BARAT","MAMUJU","KALUKKU","7604","BPP KALUKKU","Kalukku","543","14","0","0","1","0","15"
"SULAWESI BARAT","MAMUJU","KALUMPANG","7604","BPP KALUMPANG","Kalumpang","135","8","0","0","1","0","9"
"SULAWESI BARAT","MAMUJU","MAMUJU","7604","BP3K Mamuju","Mamuju","240","11","0","0","0","0","11"
"SULAWESI BARAT","MAMUJU","PAPALANG","7604","BPP Kec. Papalang","Kec. Papalang","420","9","0","1","10","0","20"
"SULAWESI BARAT","MAMUJU","SAMPAGA","7604","BPP SAMPAGA","Sampaga","284","7","0","0","1","0","8"
"SULAWESI BARAT","MAMUJU","SIMBORO","7604","BP3K SIMBORO","Simboro","308","12","0","1","2","0","15"
"SULAWESI BARAT","MAMUJU","TAPALANG","7604","BPP KEC. TAPALANG","Kec. Tapalang","207","9","0","1","3","0","13"
"SULAWESI BARAT","MAMUJU","TAPALANG BARAT","7604","BPP KEC. TAPALANG BARAT","Kec. Tapalang Barat","168","7","0","0","0","0","7"
"SULAWESI BARAT","MAMUJU","TOMMO","7604","BPP TOMMO","Tommo","426","11","0","0","2","0","13"
"SULAWESI BARAT","MAMUJU TENGAH","BUDONG-BUDONG","7606","BPP Budong-budong","Budong-budong","316","4","0","8","1","0","13"
"SULAWESI BARAT","MAMUJU TENGAH","KAROSSA","7606","BPP Karossa","Karossa","259","4","0","7","1","0","12"
"SULAWESI BARAT","MAMUJU TENGAH","PANGALE","7606","BPP Pangale","Pangale","205","2","0","7","2","0","11"
"SULAWESI BARAT","MAMUJU TENGAH","TOBADAK","7606","BPP Tobadak","Tobadak","218","4","0","8","1","0","13"
"SULAWESI BARAT","MAMUJU TENGAH","TOPOYO","7606","BPP Topoyo","Topoyo","245","6","0","11","5","0","22"
"SULAWESI BARAT","PASANGKAYU","BAMBAIRA","7605","Randomayang","Randomayang","119","0","0","0","1","0","1"
"SULAWESI BARAT","PASANGKAYU","BAMBALAMOTU","7605","Randomayang","Randomayang","176","1","0","0","3","0","4"
"SULAWESI BARAT","PASANGKAYU","BARAS","7605","BPP Baras","Baras","267","9","0","0","4","0","13"
"SULAWESI BARAT","PASANGKAYU","BULU TABA","7605","BPP Baras","Baras","193","0","0","0","4","0","4"
"SULAWESI BARAT","PASANGKAYU","DAPURANG","7605","Dapurang","Dapurang","236","4","0","0","3","0","7"
"SULAWESI BARAT","PASANGKAYU","DURIPOKU","7605","Dapurang","Dapurang","111","1","0","0","2","0","3"
"SULAWESI BARAT","PASANGKAYU","LARIANG","7605","BPP Baras","Baras","137","1","0","0","5","0","6"
"SULAWESI BARAT","PASANGKAYU","PASANGKAYU","7605","Martajaya","Martajaya","155","7","0","0","3","0","10"
"SULAWESI BARAT","PASANGKAYU","PEDONGGA","7605","Martajaya","Martajaya","66","1","0","0","3","0","4"
"SULAWESI BARAT","PASANGKAYU","SARJO","7605","Randomayang","Randomayang","94","11","0","0","2","0","13"
"SULAWESI BARAT","PASANGKAYU","SARUDU","7605","Dapurang","Dapurang","183","1","0","0","3","0","4"
"SULAWESI BARAT","PASANGKAYU","TIKKE RAYA","7605","Tikke Raya","Tikke Raya","97","5","0","0","3","0","8"
"SULAWESI BARAT","POLEWALI MANDAR","ALU","7602","Alu","Alu","137","4","1","0","0","0","5"
"SULAWESI BARAT","POLEWALI MANDAR","ANREAPI","7602","Anreapi","Anreapi","99","4","0","0","0","0","4"
"SULAWESI BARAT","POLEWALI MANDAR","B U L O","7602","Bulo","Bulo","161","2","6","0","0","0","8"
"SULAWESI BARAT","POLEWALI MANDAR","BALANIPA","7602","Balanipa","Balanipa","97","4","3","0","0","0","7"
"SULAWESI BARAT","POLEWALI MANDAR","BINUANG","7602","Tonyaman","Tonyaman","244","5","2","0","6","0","13"
"SULAWESI BARAT","POLEWALI MANDAR","CAMPALAGIAN","7602","Campalagian","Campalagian","304","6","4","0","2","0","12"
"SULAWESI BARAT","POLEWALI MANDAR","LIMBORO","7602","Limboro","Limboro","121","5","3","0","0","0","8"
"SULAWESI BARAT","POLEWALI MANDAR","LUYO","7602","Luyo","Luyo","229","4","2","0","0","0","6"
"SULAWESI BARAT","POLEWALI MANDAR","MAPILLI","7602","Mapilli","Mapilli","242","7","5","0","0","0","12"
"SULAWESI BARAT","POLEWALI MANDAR","MATAKALI","7602","Matakali","Matakali","174","5","2","0","0","0","7"
"SULAWESI BARAT","POLEWALI MANDAR","MATANGNGA","7602","Matangnga","Matangnga","114","2","5","0","0","0","7"
"SULAWESI BARAT","POLEWALI MANDAR","POLEWALI","7602","Polewali","Polewali","85","5","2","0","0","0","7"
"SULAWESI BARAT","POLEWALI MANDAR","TAPANGO","7602","Tapango","Tapango","198","8","3","0","0","0","11"
"SULAWESI BARAT","POLEWALI MANDAR","TINAMBUNG","7602","Tinambung","Tinambung","104","3","0","0","0","0","3"
"SULAWESI BARAT","POLEWALI MANDAR","TUBBI TARAMANU","7602","TUTAR","Tutar","227","7","5","0","0","0","12"
"SULAWESI BARAT","POLEWALI MANDAR","WONOMULYO","7602","Wonomulyo","Wonomulyo","261","10","1","0","0","0","11"
"SULAWESI SELATAN","BANTAENG","BANTAENG","7303","BPP LAMALAKA","Lamalaka","122","7","0","2","8","0","17"
"SULAWESI SELATAN","BANTAENG","BISSAPPU","7303","BPP CAMPAGALOE","Campagaloe","167","8","0","3","11","0","22"
"SULAWESI SELATAN","BANTAENG","EREMERASA","7303","BPP EREMERASA","Eremerasa","168","6","0","3","10","0","19"
"SULAWESI SELATAN","BANTAENG","GANTARANGKEKE","7303","BPP DAMPANG","Dampang","128","5","1","2","6","0","14"
"SULAWESI SELATAN","BANTAENG","PA JUKUKANG","7303","BPP PAJUKUKANG","Pajukukang","174","7","1","1","10","0","19"
"SULAWESI SELATAN","BANTAENG","SINOA","7303","BPP SINOA","Sinoa","109","6","0","0","6","0","12"
"SULAWESI SELATAN","BANTAENG","TOMPOBULU","7303","BPP TOMPOBULU","Tompobulu","214","5","2","4","14","0","25"
"SULAWESI SELATAN","BANTAENG","ULUERE","7303","BPP LOKA","Loka","134","5","0","3","6","0","14"
"SULAWESI SELATAN","BARRU","BALUSU","7310","BPP Kec. Balusu","Kec. Balusu","109","5","1","0","6","0","12"
"SULAWESI SELATAN","BARRU","BARRU","7310","BPP Kec. Barru","Kec. Barru","125","8","2","1","12","0","23"
"SULAWESI SELATAN","BARRU","MALLUSETASI","7310","BPP Kec. Mallusetasi","Kec. Mallusetasi","97","5","2","0","10","0","17"
"SULAWESI SELATAN","BARRU","PUJANANTING","7310","BPP Kec. Pujananting","Kec. Pujananting","140","4","3","0","7","0","14"
"SULAWESI SELATAN","BARRU","SOPPENG RIAJA","7310","BPP Kec. Soppeng Riaja","Kec. Soppeng Riaja","78","5","1","0","6","0","12"
"SULAWESI SELATAN","BARRU","TANETE RIAJA","7310","BPP Kec. Tanete Riaja","Kec. Tanete Riaja","135","6","0","0","6","0","12"
"SULAWESI SELATAN","BARRU","TANETE RILAU","7310","BPP Kec. Tanete Rilau","Kec. Tanete Rilau","135","9","0","0","10","0","19"
"SULAWESI SELATAN","BONE","","7311","BPP Tanete Riattang Barat","Tanete Riattang Barat","10","","","","","",""
"SULAWESI SELATAN","BONE","AJANGALE","7311","BPP Ajangale","Ajangale","392","4","0","1","5","0","10"
"SULAWESI SELATAN","BONE","AMALI","7311","BPP Amali","Amali","260","4","1","1","7","0","13"
"SULAWESI SELATAN","BONE","AWANGPONE","7311","BPP Awangpone","Awangpone","234","2","4","1","18","0","25"
"SULAWESI SELATAN","BONE","BAREBBO","7311","BPP Barebbo","Barebbo","278","2","4","7","5","0","18"
"SULAWESI SELATAN","BONE","BENGO","7311","BPP Bengo","Bengo","276","1","5","0","5","0","11"
"SULAWESI SELATAN","BONE","BONTOCANI","7311","BPP Bontocani","Bontocani","118","0","6","0","8","0","14"
"SULAWESI SELATAN","BONE","CENRANA","7311","BPP Cenrana","Cenrana","280","0","2","1","2","0","5"
"SULAWESI SELATAN","BONE","CINA","7311","BPP Cina","Cina","199","2","3","2","3","0","10"
"SULAWESI SELATAN","BONE","DUA BOCCOE","7311","BPP Dua Boccoe","Dua Boccoe","516","2","2","3","4","0","11"
"SULAWESI SELATAN","BONE","KAHU","7311","BPP Kahu","Kahu","378","2","10","0","11","0","23"
"SULAWESI SELATAN","BONE","KAJUARA","7311","BPP Kajuara","Kajuara","239","0","5","2","4","0","11"
"SULAWESI SELATAN","BONE","LAMURU","7311","BPP Lamuru","Lamuru","188","3","2","2","3","0","10"
"SULAWESI SELATAN","BONE","LAPPARIAJA","7311","BPP Lappariaja","Lappariaja","252","3","3","2","3","0","11"
"SULAWESI SELATAN","BONE","LIBURENG","7311","BPP Libureng","Libureng","455","1","9","2","8","0","20"
"SULAWESI SELATAN","BONE","MARE","7311","BPP Mare","Mare","336","2","4","2","3","0","11"
"SULAWESI SELATAN","BONE","PALAKKA","7311","BPP Palakka","Palakka","237","4","1","2","5","0","12"
"SULAWESI SELATAN","BONE","PATIMPENG","7311","BPP PATIMPENG","Patimpeng","230","2","6","3","6","0","17"
"SULAWESI SELATAN","BONE","PONRE","7311","BPP PONRE","Ponre","182","1","2","4","1","0","8"
"SULAWESI SELATAN","BONE","SALOMEKKO","7311","BPP Salomekko","Salomekko","208","2","2","0","2","0","6"
"SULAWESI SELATAN","BONE","SIBULUE","7311","BPP Sibulue","Sibulue","308","3","2","3","2","0","10"
"SULAWESI SELATAN","BONE","TANETE RIATTANG","7311","BPP Tanete Riattang","Tanete Riattang","68","4","2","3","3","0","12"
"SULAWESI SELATAN","BONE","TANETE RIATTANG BARAT","7311","BPP Tanete Riattang Barat","Tanete Riattang Barat","96","3","3","1","5","0","12"
"SULAWESI SELATAN","BONE","TANETE RIATTANG TIMUR","7311","BPP Tanete Riattang Timur","Tanete Riattang Timur","119","6","1","2","4","0","13"
"SULAWESI SELATAN","BONE","TELLU LIMPOE","7311","BPP Tellu Limpoe","Tellu Limpoe","139","2","3","1","6","0","12"
"SULAWESI SELATAN","BONE","TELLU SIATTINGE","7311","BPP Tellu Siattinge","Tellu Siattinge","377","2","1","1","8","0","12"
"SULAWESI SELATAN","BONE","TONRA","7311","BPP TONRA","Tonra","148","2","1","2","3","0","8"
"SULAWESI SELATAN","BONE","ULAWENG","7311","BPP Ulaweng","Ulaweng","209","3","1","2","6","0","12"
"SULAWESI SELATAN","BULUKUMBA","BONTO BAHARI","7302","BPP Kecamatan Bonto Bahari","Kecamatan Bonto Bahari","140","4","0","3","6","0","13"
"SULAWESI SELATAN","BULUKUMBA","BONTOTIRO","7302","BPP Kec. Bonto Tiro","Kec. Bonto Tiro","242","5","0","6","9","0","20"
"SULAWESI SELATAN","BULUKUMBA","BULUKUMPA","7302","BPP Bulukumpa","Bulukumpa","473","6","0","8","18","0","32"
"SULAWESI SELATAN","BULUKUMBA","GANTARANG","7302","BPP Kec. Gantarang","Kec. Gantarang","846","15","0","6","21","0","42"
"SULAWESI SELATAN","BULUKUMBA","HERO LANGE-LANGE","7302","BPP Kec. Herlang","Kec. Herlang","199","4","0","4","10","0","18"
"SULAWESI SELATAN","BULUKUMBA","KAJANG","7302","BPP Kec. Kajang","Kec. Kajang","455","10","0","9","7","0","26"
"SULAWESI SELATAN","BULUKUMBA","KINDANG","7302","Kindang","Kindang","320","7","0","6","13","0","26"
"SULAWESI SELATAN","BULUKUMBA","RILAU ALE","7302","BPP Kec. Rilau Ale","Kec. Rilau Ale","313","9","0","6","14","0","29"
"SULAWESI SELATAN","BULUKUMBA","UJUNG BULU","7302","BPP Kec. Ujung Bulu","Kec. Ujung Bulu","63","4","0","1","4","0","9"
"SULAWESI SELATAN","BULUKUMBA","UJUNG LOE","7302","BPP Ujung Loe","Ujung Loe","337","7","0","6","13","0","26"
"SULAWESI SELATAN","ENREKANG","ALLA","7316","BPP ALLA","Alla","189","8","0","1","3","0","12"
"SULAWESI SELATAN","ENREKANG","ANGGERAJA","7316","BPP Anggeraja","Anggeraja","373","11","1","2","15","0","29"
"SULAWESI SELATAN","ENREKANG","BARAKA","7316","BPP Baraka","Baraka","350","6","6","0","13","0","25"
"SULAWESI SELATAN","ENREKANG","BAROKO","7316","BPP BAROKO","Baroko","131","4","1","1","5","0","11"
"SULAWESI SELATAN","ENREKANG","BUNGIN","7316","BPP KEC. BUNGIN","Kec. Bungin","93","6","0","0","2","0","8"
"SULAWESI SELATAN","ENREKANG","BUNTU BATU","7316","BPP Buntu Batu","Buntu Batu","246","6","1","0","8","0","15"
"SULAWESI SELATAN","ENREKANG","CENDANA","7316","BPP CENDANA","Cendana","119","7","1","1","3","0","12"
"SULAWESI SELATAN","ENREKANG","CURIO","7316","BPP CURIO","Curio","274","4","3","3","13","0","23"
"SULAWESI SELATAN","ENREKANG","ENREKANG","7316","BPP ENREKANG","Enrekang","338","10","4","1","18","0","33"
"SULAWESI SELATAN","ENREKANG","MAIWA","7316","BPP MAIWA","Maiwa","375","12","4","7","23","0","46"
"SULAWESI SELATAN","ENREKANG","MALUA","7316","BPP Malua","Malua","157","8","1","0","18","0","27"
"SULAWESI SELATAN","ENREKANG","MASALLE","7316","BPP Masalle","Masalle","181","4","1","1","7","0","13"
"SULAWESI SELATAN","GOWA","BAJENG","7306","BPP Limbung","Limbung","318","1","5","2","6","0","14"
"SULAWESI SELATAN","GOWA","BAJENG BARAT","7306","Bajeng Barat","Bajeng Barat","144","3","2","2","6","0","13"
"SULAWESI SELATAN","GOWA","BAROMBONG","7306","Barombong","Barombong","139","5","2","0","6","0","13"
"SULAWESI SELATAN","GOWA","BIRINGBULU","7306","Biringbulu","Biringbulu","784","2","4","2","4","0","12"
"SULAWESI SELATAN","GOWA","BONTOLEMPANGAN","7306","Bontolempangang","Bontolempangang","180","1","4","3","6","0","14"
"SULAWESI SELATAN","GOWA","BONTOMARANNU","7306","Bonto-Bonto","Bonto-Bonto","174","2","5","0","9","0","16"
"SULAWESI SELATAN","GOWA","BONTONOMPO","7306","Barembeng","Barembeng","276","6","1","5","5","0","17"
"SULAWESI SELATAN","GOWA","BONTONOMPO SELATAN","7306","Bontonompo Selatan","Bontonompo Selatan","227","3","1","3","6","0","13"
"SULAWESI SELATAN","GOWA","BUNGAYA","7306","Bungaya","Bungaya","208","5","2","0","6","0","13"
"SULAWESI SELATAN","GOWA","MANUJU","7306","Manuju","Manuju","136","6","1","1","6","0","14"
"SULAWESI SELATAN","GOWA","PALLANGGA","7306","Palangga","Palangga","270","6","4","1","4","0","15"
"SULAWESI SELATAN","GOWA","PARANGLOE","7306","Parangloe","Parangloe","88","3","3","0","4","0","10"
"SULAWESI SELATAN","GOWA","PARIGI","7306","Parigi","Parigi","141","2","3","0","6","0","11"
"SULAWESI SELATAN","GOWA","PATTALLASSANG","7306","Pattallassang","Pattallassang","170","1","5","0","5","0","11"
"SULAWESI SELATAN","GOWA","SOMBA OPU","7306","Somba Opu","Somba Opu","55","1","1","1","1","0","4"
"SULAWESI SELATAN","GOWA","TINGGIMONCONG","7306","Tinggimoncong","Tinggimoncong","189","3","2","1","6","0","12"
"SULAWESI SELATAN","GOWA","TOMBOLO PAO","7306","Buluballea","Buluballea","257","3","4","2","7","0","16"
"SULAWESI SELATAN","GOWA","TOMPOBULU","7306","Malakaji","Malakaji","346","3","4","0","8","0","15"
"SULAWESI SELATAN","JENEPONTO","ARUNGKEKE","7304","BPP Arungkeke","Arungkeke","201","6","2","7","8","0","23"
"SULAWESI SELATAN","JENEPONTO","BANGKALA","7304","BPP Bangkala","Bangkala","625","9","2","22","6","0","39"
"SULAWESI SELATAN","JENEPONTO","BANGKALA BARAT","7304","BPP Bangkala Barat","Bangkala Barat","491","5","1","21","14","0","41"
"SULAWESI SELATAN","JENEPONTO","BATANG","7304","BPP Batang","Batang","225","5","1","7","5","0","18"
"SULAWESI SELATAN","JENEPONTO","BINAMU","7304","BPP Binamu","Binamu","360","11","3","15","5","0","34"
"SULAWESI SELATAN","JENEPONTO","BONTORAMBA","7304","BPP Bontoramba","Bontoramba","627","7","3","10","11","0","31"
"SULAWESI SELATAN","JENEPONTO","KELARA","7304","BPP Kelara","Kelara","312","4","1","10","10","0","25"
"SULAWESI SELATAN","JENEPONTO","RUMBIA","7304","BPP Rumbia","Rumbia","336","5","0","19","11","0","35"
"SULAWESI SELATAN","JENEPONTO","TAMALATEA","7304","BPP Tamalatea","Tamalatea","438","10","1","11","17","0","39"
"SULAWESI SELATAN","JENEPONTO","TAROWANG","7304","BPP TAROWANG","Tarowang","223","7","2","6","9","0","24"
"SULAWESI SELATAN","JENEPONTO","TURATEA","7304","BPP Turatea","Turatea","415","10","1","15","6","0","32"
"SULAWESI SELATAN","KEPULAUAN SELAYAR","BENTENG","7301","Bontoharu","Bontoharu","28","0","0","0","0","0","0"
"SULAWESI SELATAN","KEPULAUAN SELAYAR","BONTOHARU","7301","Bontoharu","Bontoharu","106","15","0","5","6","0","26"
"SULAWESI SELATAN","KEPULAUAN SELAYAR","BONTOMANAI","7301","Bontomanai","Bontomanai","110","12","1","5","10","0","28"
"SULAWESI SELATAN","KEPULAUAN SELAYAR","BONTOMATENE","7301","Bontomatene","Bontomatene","129","12","1","5","15","0","33"
"SULAWESI SELATAN","KEPULAUAN SELAYAR","BONTOSIKUYU","7301","Bontosikuyu","Bontosikuyu","123","9","2","3","10","0","24"
"SULAWESI SELATAN","KEPULAUAN SELAYAR","BUKI","7301","Buki","Buki","79","10","0","5","11","0","26"
"SULAWESI SELATAN","KEPULAUAN SELAYAR","PASILAMBENA","7301","Pasilambena","Pasilambena","42","3","1","2","0","0","6"
"SULAWESI SELATAN","KEPULAUAN SELAYAR","PASIMARANNU","7301","BPP PASIMARANNU","Pasimarannu","64","1","0","3","0","0","4"
"SULAWESI SELATAN","KEPULAUAN SELAYAR","PASIMASSUNGGU","7301","Pasimasunggu","Pasimasunggu","87","4","3","3","7","0","17"
"SULAWESI SELATAN","KEPULAUAN SELAYAR","PASIMASSUNGGU TIMUR","7301","BPP Pasimasunggu Timur","Pasimasunggu Timur","98","4","1","8","6","0","19"
"SULAWESI SELATAN","KEPULAUAN SELAYAR","TAKABONERATE","7301","Taka Bonerate","Taka Bonerate","25","2","1","0","2","0","5"
"SULAWESI SELATAN","KOTA MAKASSAR","BIRING KANAYA","7371","BPP Sudiang","Sudiang","74","13","12","0","0","0","25"
"SULAWESI SELATAN","KOTA MAKASSAR","BONTOALA","7371","BPP Sudiang","Sudiang","5","0","0","0","0","0","0"
"SULAWESI SELATAN","KOTA MAKASSAR","KEPULAUAN SANGKARRANG","7371","BPP Sudiang","Sudiang","1","0","0","0","0","0","0"
"SULAWESI SELATAN","KOTA MAKASSAR","MAKASSAR","7371","BPP Sudiang","Sudiang","17","0","0","0","0","0","0"
"SULAWESI SELATAN","KOTA MAKASSAR","MAMAJANG","7371","BPP Barombong","Barombong","1","0","0","0","0","0","0"
"SULAWESI SELATAN","KOTA MAKASSAR","MANGGALA","7371","BPP Barombong","Barombong","63","0","1","0","0","0","1"
"SULAWESI SELATAN","KOTA MAKASSAR","MARISO","7371","BPP Barombong","Barombong","5","0","0","0","0","0","0"
"SULAWESI SELATAN","KOTA MAKASSAR","PANAKKUKANG","7371","BPP Barombong","Barombong","27","0","0","0","0","0","0"
"SULAWESI SELATAN","KOTA MAKASSAR","RAPPOCINI","7371","BPP Barombong","Barombong","22","0","0","0","0","0","0"
"SULAWESI SELATAN","KOTA MAKASSAR","TALLO","7371","BPP Sudiang","Sudiang","17","0","0","0","0","0","0"
"SULAWESI SELATAN","KOTA MAKASSAR","TAMALANREA","7371","BPP Sudiang","Sudiang","70","1","2","0","0","0","3"
"SULAWESI SELATAN","KOTA MAKASSAR","TAMALATE","7371","BPP Barombong","Barombong","48","18","13","0","2","0","33"
"SULAWESI SELATAN","KOTA MAKASSAR","UJUNG PANDANG","7371","BPP Barombong","Barombong","8","0","0","0","0","0","0"
"SULAWESI SELATAN","KOTA MAKASSAR","UJUNG TANAH","7371","BPP Sudiang","Sudiang","6","0","0","0","0","0","0"
"SULAWESI SELATAN","KOTA MAKASSAR","WAJO","7371","BPP Sudiang","Sudiang","10","0","0","0","0","0","0"
"SULAWESI SELATAN","KOTA PALOPO","BARA","7373","BPP BARA","Bara","47","6","0","0","4","0","10"
"SULAWESI SELATAN","KOTA PALOPO","MUNGKAJANG","7373","BPP MUNGKAJANG","Mungkajang","58","6","0","0","1","0","7"
"SULAWESI SELATAN","KOTA PALOPO","SENDANA","7373","BPP SENDANA","Sendana","80","5","0","0","7","0","12"
"SULAWESI SELATAN","KOTA PALOPO","TELLUWANUA","7373","BPP TELLUWANUA","Telluwanua","205","8","0","0","7","0","15"
"SULAWESI SELATAN","KOTA PALOPO","WARA","7373","BPP WARA","Wara","28","5","0","0","1","0","6"
"SULAWESI SELATAN","KOTA PALOPO","WARA BARAT","7373","BPP WARA BARAT","Wara Barat","67","5","0","0","3","0","8"
"SULAWESI SELATAN","KOTA PALOPO","WARA SELATAN","7373","BPP WARA SELATAN","Wara Selatan","50","5","0","0","2","0","7"
"SULAWESI SELATAN","KOTA PALOPO","WARA TIMUR","7373","BPP WARA TIMUR","Wara Timur","37","5","0","0","0","0","5"
"SULAWESI SELATAN","KOTA PALOPO","WARA UTARA","7373","BPP WARA UTARA","Wara Utara","35","6","0","0","0","0","6"
"SULAWESI SELATAN","KOTA PAREPARE","BACUKIKI","7372","BPP Bacukiki","Bacukiki","77","7","2","1","12","0","22"
"SULAWESI SELATAN","KOTA PAREPARE","BACUKIKI BARAT","7372","BPP Bacukiki Barat","Bacukiki Barat","28","4","0","0","6","0","10"
"SULAWESI SELATAN","KOTA PAREPARE","SOREANG","7372","BPP Soreang","Soreang","18","3","0","0","6","0","9"
"SULAWESI SELATAN","KOTA PAREPARE","UJUNG","7372","BPP Ujung","Ujung","27","4","0","0","6","0","10"
"SULAWESI SELATAN","LUWU","BAJO","7317","BPP Bajo","Bajo","158","6","3","4","11","0","24"
"SULAWESI SELATAN","LUWU","BAJO BARAT","7317","BPP Bajo Barat","Bajo Barat","115","4","2","3","7","0","16"
"SULAWESI SELATAN","LUWU","BASSESANGTEMPE","7317","BPP Kec. Bastem","Kec. Bastem","81","2","0","5","9","0","16"
"SULAWESI SELATAN","LUWU","BASSESANGTEMPE UTARA","7317","BPP Kec. Bastem Utara","Kec. Bastem Utara","84","2","0","6","11","0","19"
"SULAWESI SELATAN","LUWU","BELOPA","7317","BPP Belopa","Belopa","101","5","2","2","0","0","9"
"SULAWESI SELATAN","LUWU","BELOPA UTARA","7317","BPP kec. Belopa Utara","kec. Belopa Utara","130","5","1","1","3","0","10"
"SULAWESI SELATAN","LUWU","BUA","7317","BPP Kec. Bua","Kec. Bua","219","10","1","2","0","0","13"
"SULAWESI SELATAN","LUWU","BUPON","7317","BPP Kec. Bua Ponrang","Kec. Bua Ponrang","219","4","3","4","7","0","18"
"SULAWESI SELATAN","LUWU","KAMANRE","7317","BPP Kec. Kamanre","Kec. Kamanre","203","5","1","2","7","0","15"
"SULAWESI SELATAN","LUWU","LAMASI","7317","BPP Kec. Lamasi","Kec. Lamasi","128","6","0","2","3","0","11"
"SULAWESI SELATAN","LUWU","LAMASI TIMUR","7317","BPP Kec. Lamasi Timur","Kec. Lamasi Timur","127","4","3","0","4","0","11"
"SULAWESI SELATAN","LUWU","LAROMPONG","7317","BPP Larompong","Larompong","210","3","2","3","3","0","11"
"SULAWESI SELATAN","LUWU","LAROMPONG SELATAN","7317","BPP Kec. Larompong Selatan","Kec. Larompong Selatan","159","3","1","1","2","0","7"
"SULAWESI SELATAN","LUWU","LATIMOJONG","7317","BPP Kec. Latimojong","Kec. Latimojong","74","5","2","2","6","0","15"
"SULAWESI SELATAN","LUWU","PONRANG","7317","BPP Kec. Ponrang","Kec. Ponrang","195","6","1","3","1","0","11"
"SULAWESI SELATAN","LUWU","PONRANG SELATAN","7317","BPP Kec. Ponrang Selatan","Kec. Ponrang Selatan","384","2","3","5","3","0","13"
"SULAWESI SELATAN","LUWU","SULI","7317","BPP Kec. Suli","Kec. Suli","135","5","1","4","0","0","10"
"SULAWESI SELATAN","LUWU","SULI BARAT","7317","BPP Kec. Suli Barat","Kec. Suli Barat","249","2","2","2","0","0","6"
"SULAWESI SELATAN","LUWU","WALENRANG","7317","BPP Kec.Walenrang","Kec.Walenrang","126","5","3","0","8","0","16"
"SULAWESI SELATAN","LUWU","WALENRANG BARAT","7317","BPP Kec. Walenrang Barat","Kec. Walenrang Barat","63","3","0","0","4","0","7"
"SULAWESI SELATAN","LUWU","WALENRANG TIMUR","7317","BPP KEC. WALENRANG TIMUR","Kec. Walenrang Timur","174","6","1","0","9","0","16"
"SULAWESI SELATAN","LUWU","WALENRANG UTARA","7317","BPP Walenrang Utara","Walenrang Utara","203","4","6","1","7","0","18"
"SULAWESI SELATAN","LUWU TIMUR","ANGKONA","7325","BPP Angkona","Angkona","330","12","0","0","2","0","14"
"SULAWESI SELATAN","LUWU TIMUR","BURAU","7325","BPP Kecamatan Burau","Kecamatan Burau","361","17","0","0","4","0","21"
"SULAWESI SELATAN","LUWU TIMUR","KALAENA","7325","BPP Kalaena","Kalaena","128","10","0","0","4","0","14"
"SULAWESI SELATAN","LUWU TIMUR","MALILI","7325","BPP Malili","Malili","244","12","1","1","1","0","15"
"SULAWESI SELATAN","LUWU TIMUR","MANGKUTANA","7325","BPP Mangkutana","Mangkutana","234","12","1","0","1","0","14"
"SULAWESI SELATAN","LUWU TIMUR","NUHA","7325","BPP Nuha","Nuha","91","4","0","1","1","0","6"
"SULAWESI SELATAN","LUWU TIMUR","TOMONI","7325","BPP TOMONI","Tomoni","188","14","0","0","6","0","20"
"SULAWESI SELATAN","LUWU TIMUR","TOMONI TIMUR","7325","BPP Tomoni Timur","Tomoni Timur","162","9","0","0","3","0","12"
"SULAWESI SELATAN","LUWU TIMUR","TOWUTI","7325","BPP Towuti","Towuti","681","10","6","3","1","0","20"
"SULAWESI SELATAN","LUWU TIMUR","WASUPONDA","7325","BPP Wasuponda","Wasuponda","207","3","4","2","6","0","15"
"SULAWESI SELATAN","LUWU TIMUR","WOTU","7325","BPP Wotu","Wotu","338","14","2","0","1","0","17"
"SULAWESI SELATAN","LUWU UTARA","BAEBUNTA","7322","BPP Kec.Baebunta","Kec.Baebunta","377","10","0","10","0","0","20"
"SULAWESI SELATAN","LUWU UTARA","BAEBUNTA SELATAN","7322","BPP Kec. Baebunta Selatan","Kec. Baebunta Selatan","265","6","0","9","0","0","15"
"SULAWESI SELATAN","LUWU UTARA","BONE-BONE","7322","BPP Kec. Bone Bone","Kec. Bone Bone","163","10","0","11","7","0","28"
"SULAWESI SELATAN","LUWU UTARA","MALANGKE","7322","BPP Kec. Malangke","Kec. Malangke","375","8","1","5","1","0","15"
"SULAWESI SELATAN","LUWU UTARA","MALANGKE BARAT","7322","BPP Kec. Malangke Barat","Kec. Malangke Barat","369","6","0","6","2","0","14"
"SULAWESI SELATAN","LUWU UTARA","MAPPEDECENG","7322","BPP Kec. Mappedeceng","Kec. Mappedeceng","190","15","0","7","6","0","28"
"SULAWESI SELATAN","LUWU UTARA","MASAMBA","7322","BPP Kec. Masamba","Kec. Masamba","246","14","0","5","1","0","20"
"SULAWESI SELATAN","LUWU UTARA","RAMPI","7322","BPP Kec. Rampi","Kec. Rampi","61","3","0","4","0","0","7"
"SULAWESI SELATAN","LUWU UTARA","RONGKONG","7322","BPP Kec. Rongkong","Kec. Rongkong","65","6","0","11","1","0","18"
"SULAWESI SELATAN","LUWU UTARA","SABBANG","7322","BPP Kec. Sabbang","Kec. Sabbang","182","6","1","10","0","0","17"
"SULAWESI SELATAN","LUWU UTARA","SABBANG SELATAN","7322","BPP Kec. Sabbang Selatan","Kec. Sabbang Selatan","387","7","2","11","0","0","20"
"SULAWESI SELATAN","LUWU UTARA","SEKO","7322","BPP Kec. Seko","Kec. Seko","271","5","0","12","0","0","17"
"SULAWESI SELATAN","LUWU UTARA","SUKAMAJU","7322","BPP Kec. Sukamaju","Kec. Sukamaju","203","12","0","10","3","0","25"
"SULAWESI SELATAN","LUWU UTARA","SUKAMAJU SELATAN","7322","BPP Kec. Sukamaju Selatan","Kec. Sukamaju Selatan","148","9","0","9","0","0","18"
"SULAWESI SELATAN","LUWU UTARA","TANA LILI","7322","BPP Kec.Tana Lili","Kec.Tana Lili","194","9","1","9","3","0","22"
"SULAWESI SELATAN","MAROS","BANTIMURUNG","7308","BPP Bantimurung","Bantimurung","160","8","2","0","18","0","28"
"SULAWESI SELATAN","MAROS","BONTOA","7308","BPP Bontoa","Bontoa","100","11","2","0","16","0","29"
"SULAWESI SELATAN","MAROS","CAMBA","7308","BPP. Kecamatan Camba","Kecamatan Camba","80","7","1","0","20","0","28"
"SULAWESI SELATAN","MAROS","CENRANA","7308","BPP Cenrana","Cenrana","130","6","2","0","11","0","19"
"SULAWESI SELATAN","MAROS","LAU","7308","BPP Lau","Lau","97","6","1","0","18","0","25"
"SULAWESI SELATAN","MAROS","MALLAWA","7308","BPP Mallawa","Mallawa","67","8","1","0","15","0","24"
"SULAWESI SELATAN","MAROS","MANDAI","7308","BPP. Mandai","Mandai","70","7","0","0","12","0","19"
"SULAWESI SELATAN","MAROS","MAROS BARU","7308","BPP Maros Baru","Maros Baru","65","7","2","0","15","0","24"
"SULAWESI SELATAN","MAROS","MARUSU","7308","BPP. Marusu","Marusu","83","5","4","0","14","0","23"
"SULAWESI SELATAN","MAROS","MONCONGLOE","7308","BPP. Moncong Loe","Moncong Loe","77","6","1","0","11","0","18"
"SULAWESI SELATAN","MAROS","SIMBANG","7308","BPP. SIMBANG","Simbang","101","4","3","0","11","0","18"
"SULAWESI SELATAN","MAROS","TANRALILI","7308","BPP Tanralili","Tanralili","108","7","3","0","20","0","30"
"SULAWESI SELATAN","MAROS","TOMPU BULU","7308","BPP. Tompobulu","Tompobulu","183","8","1","0","15","0","24"
"SULAWESI SELATAN","MAROS","TURIKALE","7308","BPP. Turikale","Turikale","58","6","2","1","13","0","22"
"SULAWESI SELATAN","PANGKAJENE DAN KEPULAUAN","BALOCCI","7309","BPP SENGGERANG","Senggerang","139","4","2","1","2","0","9"
"SULAWESI SELATAN","PANGKAJENE DAN KEPULAUAN","BUNGORO","7309","BPP Bungoro","Bungoro","189","6","2","0","8","0","16"
"SULAWESI SELATAN","PANGKAJENE DAN KEPULAUAN","LABAKKANG","7309","BPP Labakkang","Labakkang","353","13","1","0","3","0","17"
"SULAWESI SELATAN","PANGKAJENE DAN KEPULAUAN","LIUKANG KALMAS","7309","BPP Bungoro","Bungoro","15","0","0","0","0","0","0"
"SULAWESI SELATAN","PANGKAJENE DAN KEPULAUAN","LIUKANG TANGAYA","7309","BPP Bungoro","Bungoro","33","0","0","0","0","0","0"
"SULAWESI SELATAN","PANGKAJENE DAN KEPULAUAN","LIUKANG TUPABBIRING","7309","BPP Kec. Pangkajene","Kec. Pangkajene","4","0","0","0","0","0","0"
"SULAWESI SELATAN","PANGKAJENE DAN KEPULAUAN","LIUKANG TUPABBIRING UTARA","","","","","1","0","0","0","0","1"
"SULAWESI SELATAN","PANGKAJENE DAN KEPULAUAN","MA RANG","7309","Marang","Marang","162","5","4","1","4","0","14"
"SULAWESI SELATAN","PANGKAJENE DAN KEPULAUAN","MANDALLE","7309","BPP MANGGALUNG","Manggalung","155","5","2","1","6","0","14"
"SULAWESI SELATAN","PANGKAJENE DAN KEPULAUAN","MINASATENE","7309","BPP Minasa Tene","Minasa Tene","151","9","1","0","5","0","15"
"SULAWESI SELATAN","PANGKAJENE DAN KEPULAUAN","PANGKAJENE","7309","BPP Kec. Pangkajene","Kec. Pangkajene","169","8","1","2","3","0","14"
"SULAWESI SELATAN","PANGKAJENE DAN KEPULAUAN","SEGERI","7309","BPP Segeri","Segeri","159","5","1","0","8","0","14"
"SULAWESI SELATAN","PANGKAJENE DAN KEPULAUAN","TONDONG TALLASA","7309","BPP Tondong Tallasa","Tondong Tallasa","139","4","2","0","4","0","10"
"SULAWESI SELATAN","PINRANG","BATULAPPA","7315","BPP Batulappa","Batulappa","184","5","0","0","2","0","7"
"SULAWESI SELATAN","PINRANG","CEMPA","7315","BPP Cempa","Cempa","156","3","1","3","0","0","7"
"SULAWESI SELATAN","PINRANG","DUAMPANUA","7315","BPP Kecamatan Duampanua","Kecamatan Duampanua","444","4","2","3","14","0","23"
"SULAWESI SELATAN","PINRANG","LANRISANG","7315","BPP Lansirang","Lansirang","198","6","2","1","21","0","30"
"SULAWESI SELATAN","PINRANG","LEMBANG","7315","BPP Lembang","Lembang","506","4","1","9","12","0","26"
"SULAWESI SELATAN","PINRANG","MATTIRO BULU","7315","BPP Mattiro Bulu","Mattiro Bulu","257","8","0","1","10","0","19"
"SULAWESI SELATAN","PINRANG","MATTIROSOMPE","7315","BPP Matirro Sompe","Matirro Sompe","218","5","1","0","13","0","19"
"SULAWESI SELATAN","PINRANG","PALETEANG","7315","BPP Paleteang","Paleteang","125","7","0","0","7","0","14"
"SULAWESI SELATAN","PINRANG","PATAMPANUA","7315","BPP Patampanua","Patampanua","353","4","1","5","9","0","19"
"SULAWESI SELATAN","PINRANG","SUPPA","7315","BPP Suppa","Suppa","65","2","1","2","0","0","5"
"SULAWESI SELATAN","PINRANG","TIROANG","7315","BPP Tiroang","Tiroang","198","8","0","0","21","0","29"
"SULAWESI SELATAN","PINRANG","WATANG SAWITTO","7315","BPP Sawito","Sawito","146","14","0","0","7","0","21"
"SULAWESI SELATAN","SIDENRENG RAPPANG","BARANTI","7314","BPP Baranti","Baranti","208","6","3","5","14","0","28"
"SULAWESI SELATAN","SIDENRENG RAPPANG","DUAPITUE","7314","BPP Dua Pitue","Dua Pitue","165","4","6","6","10","0","26"
"SULAWESI SELATAN","SIDENRENG RAPPANG","KULO","7314","BPP Kulo","Kulo","221","5","4","7","13","0","29"
"SULAWESI SELATAN","SIDENRENG RAPPANG","MARITENGNGAE","7314","BPP Maritengngae","Maritengngae","271","11","2","8","12","0","33"
"SULAWESI SELATAN","SIDENRENG RAPPANG","PANCA LAUTANG","7314","BPP Panca Lautang","Panca Lautang","276","7","0","6","10","0","23"
"SULAWESI SELATAN","SIDENRENG RAPPANG","PANCA RIJANG","7314","BPP Panca Rijang","Panca Rijang","231","9","4","3","10","0","26"
"SULAWESI SELATAN","SIDENRENG RAPPANG","PITU RIASE","7314","BPP Pitu Riase","Pitu Riase","292","4","2","5","13","0","24"
"SULAWESI SELATAN","SIDENRENG RAPPANG","PITU RIAWA","7314","BPP Pitu Riawa","Pitu Riawa","319","6","3","8","11","0","28"
"SULAWESI SELATAN","SIDENRENG RAPPANG","TELLULIMPO E","7314","BPP Tellu Limpoe","Tellu Limpoe","204","6","2","5","10","0","23"
"SULAWESI SELATAN","SIDENRENG RAPPANG","WATANG PULU","7314","BPP Watang Pulu","Watang Pulu","309","8","1","7","12","0","28"
"SULAWESI SELATAN","SIDENRENG RAPPANG","WATANG SIDENRENG","7314","BPP Watang Sidenreng","Watang Sidenreng","300","7","4","2","9","0","22"
"SULAWESI SELATAN","SINJAI","BULUPODDO","7307","BPP Bulupoddo","Bulupoddo","191","6","3","2","7","0","18"
"SULAWESI SELATAN","SINJAI","PULAU SEMBILAN","7307","BPP SINJAI UTARA","Sinjai Utara","5","0","0","0","4","0","4"
"SULAWESI SELATAN","SINJAI","SINJAI BARAT","7307","BPP Kecamatan Sinjai Barat","Kecamatan Sinjai Barat","216","6","4","1","10","0","21"
"SULAWESI SELATAN","SINJAI","SINJAI BORONG","7307","BPP Sinjai Borong","Sinjai Borong","160","5","4","1","8","0","18"
"SULAWESI SELATAN","SINJAI","SINJAI SELATAN","7307","BPP Sinjai Selatan","Sinjai Selatan","251","4","7","1","11","0","23"
"SULAWESI SELATAN","SINJAI","SINJAI TENGAH","7307","BPP Sinjai Tengah","Sinjai Tengah","175","5","9","1","11","0","26"
"SULAWESI SELATAN","SINJAI","SINJAI TIMUR","7307","BPP Kec.Sinjai Timur","Kec.Sinjai Timur","182","10","8","2","13","0","33"
"SULAWESI SELATAN","SINJAI","SINJAI UTARA","7307","BPP SINJAI UTARA","Sinjai Utara","58","6","2","1","7","0","16"
"SULAWESI SELATAN","SINJAI","TELLU LIMPOE","7307","BPP Kecamatan Tellulimpoe","Kecamatan Tellulimpoe","325","6","6","2","11","0","25"
"SULAWESI SELATAN","SOPPENG","CITTA","7312","BPP KEC.CITTA","Kec.citta","52","5","0","9","6","0","20"
"SULAWESI SELATAN","SOPPENG","DONRI DONRI","7312","BPP KEC. DONRI-DONRI","Kec. Donri-donri","178","7","4","10","7","0","28"
"SULAWESI SELATAN","SOPPENG","GANRA","7312","BPP KEC. GANRA","Kec. Ganra","104","4","3","3","5","0","15"
"SULAWESI SELATAN","SOPPENG","LALABATA","7312","BPP KEC. LALABATA","Kec. Lalabata","133","10","5","9","7","0","31"
"SULAWESI SELATAN","SOPPENG","LILI RIAJA","7312","BPP KEC. LILIRIAJA","Kec. Liliriaja","113","7","3","11","6","0","27"
"SULAWESI SELATAN","SOPPENG","LILI RILAU","7312","BPP KEC. LILIRILAU","Kec. Lilirilau","226","8","5","7","6","0","26"
"SULAWESI SELATAN","SOPPENG","MARIO RIAWA","7312","BPP KEC. MARIORIAWA","Kec. Marioriawa","196","5","10","11","7","0","33"
"SULAWESI SELATAN","SOPPENG","MARIO RIWAWO","7312","BPP KEC. MARIORIWAWO","Kec. Marioriwawo","223","5","9","8","6","0","28"
"SULAWESI SELATAN","TAKALAR","GALESONG","7305","BPP GALESONG","Galesong","169","6","0","7","0","0","13"
"SULAWESI SELATAN","TAKALAR","GALESONG SELATAN","7305","GALESONG SELATAN","Galesong Selatan","208","3","0","6","14","0","23"
"SULAWESI SELATAN","TAKALAR","GALESONG UTARA","7305","BPP GALESONG UTARA","Galesong Utara","106","2","0","8","2","0","12"
"SULAWESI SELATAN","TAKALAR","KEPULAUAN TANAKEKE","7305","BPP KEPULAUAN TANAKEKE","Kepulauan Tanakeke","37","1","0","2","3","0","6"
"SULAWESI SELATAN","TAKALAR","MANGARA BOMBANG","7305","MANGARA BOMBANG","Mangara Bombang","372","3","0","5","3","0","11"
"SULAWESI SELATAN","TAKALAR","MAPPAKASUNGGU","7305","MAPPAKASUNGGU","Mappakasunggu","34","1","0","2","4","0","7"
"SULAWESI SELATAN","TAKALAR","PATTALLASSANG","7305","BPP PATTALLASSANG","Pattallassang","142","2","0","5","6","0","13"
"SULAWESI SELATAN","TAKALAR","POLOMBANGKENG SELATAN","7305","POLONGBANGKENG SELATAN","Polongbangkeng Selatan","380","1","0","9","19","0","29"
"SULAWESI SELATAN","TAKALAR","POLOMBANGKENG UTARA","7305","POLOMBANGKENG UTARA","Polombangkeng Utara","520","1","0","11","14","0","26"
"SULAWESI SELATAN","TAKALAR","SANROBONE","7305","Sanrobone","Sanrobone","103","2","0","4","3","0","9"
"SULAWESI SELATAN","TANA TORAJA","BITTUANG","7318","BPP BITTUANG","Bittuang","243","1","3","0","1","0","5"
"SULAWESI SELATAN","TANA TORAJA","BONGGAKARADENG","7318","BPP BONGGAKARADENG","Bonggakaradeng","86","1","2","0","0","0","3"
"SULAWESI SELATAN","TANA TORAJA","GANDANG BATU SILANAN","7318","BPP GANDANGBATU SILLANAN","Gandangbatu Sillanan","282","4","2","0","0","0","6"
"SULAWESI SELATAN","TANA TORAJA","KURRA","7318","BPP KURRA","Kurra","106","2","2","0","1","0","5"
"SULAWESI SELATAN","TANA TORAJA","MAKALE","7318","BPP MAKALE","Makale","266","4","4","0","1","0","9"
"SULAWESI SELATAN","TANA TORAJA","MAKALE SELATAN","7318","BPP MAKALE SELATAN","Makale Selatan","152","1","3","0","4","0","8"
"SULAWESI SELATAN","TANA TORAJA","MAKALE UTARA","7318","BPP MAKALE UTARA","Makale Utara","161","3","0","0","4","0","7"
"SULAWESI SELATAN","TANA TORAJA","MALIMBONG BALEPE","7318","BPP MALIMBONG BALEPE","Malimbong Balepe","86","3","1","0","4","0","8"
"SULAWESI SELATAN","TANA TORAJA","MAPPAK","7318","BPP MAPPAK","Mappak","103","2","0","0","1","0","3"
"SULAWESI SELATAN","TANA TORAJA","MASANDA","7318","BPP MASANDA","Masanda","96","3","0","0","3","0","6"
"SULAWESI SELATAN","TANA TORAJA","MENGKENDEK","7318","BPP MENGKENDEK","Mengkendek","363","3","5","0","8","1","17"
"SULAWESI SELATAN","TANA TORAJA","RANO","7318","BPP RANO","Rano","105","1","2","0","2","0","5"
"SULAWESI SELATAN","TANA TORAJA","RANTETAYO","7318","BPP RANTETAYO","Rantetayo","157","2","1","0","4","0","7"
"SULAWESI SELATAN","TANA TORAJA","REMBON","7318","BPP REMBON","Rembon","242","4","1","1","4","0","10"
"SULAWESI SELATAN","TANA TORAJA","SALUPUTTI","7318","BPP SALUPUTTI","Saluputti","146","1","3","0","3","0","7"
"SULAWESI SELATAN","TANA TORAJA","SANGALA SELATAN","7318","BPP SANGALLA SELATAN","Sangalla Selatan","94","1","2","0","3","0","6"
"SULAWESI SELATAN","TANA TORAJA","SANGALLA","7318","BPP SANGALLA","Sangalla","93","3","1","0","1","0","5"
"SULAWESI SELATAN","TANA TORAJA","SANGALLA UTARA","7318","BPP SANGALLA UTARA","Sangalla Utara","97","1","1","0","1","0","3"
"SULAWESI SELATAN","TANA TORAJA","SIMBUANG","7318","BPP SIMBUANG","Simbuang","91","2","0","0","2","0","4"
"SULAWESI SELATAN","TORAJA UTARA","","7326","BPP Baruppu","Baruppu","0","","","","","",""
"SULAWESI SELATAN","TORAJA UTARA","AWAN RANTE KARUA","7326","BPP Awan Rante Karua","Awan Rante Karua","76","0","1","0","0","0","1"
"SULAWESI SELATAN","TORAJA UTARA","BALUSU","7326","BPP Balusu","Balusu","117","1","0","1","1","0","3"
"SULAWESI SELATAN","TORAJA UTARA","BARUPPU","","","","","0","1","1","0","0","2"
"SULAWESI SELATAN","TORAJA UTARA","BENGKELEKILA","7326","BPP Bangkelekila","Bangkelekila","81","1","0","0","6","0","7"
"SULAWESI SELATAN","TORAJA UTARA","BUNTAO","7326","BPP Buntao","Buntao","154","2","1","0","0","0","3"
"SULAWESI SELATAN","TORAJA UTARA","BUNTU PEPASAN","7326","BPP Buntu Pepasan","Buntu Pepasan","179","1","0","2","1","0","4"
"SULAWESI SELATAN","TORAJA UTARA","DENDE PIONGAN NAPO","7326","BPP Denpina","Denpina","131","1","0","2","4","0","7"
"SULAWESI SELATAN","TORAJA UTARA","KAPALA PITU","7326","BPP Kapalapitu","Kapalapitu","70","0","1","2","3","0","6"
"SULAWESI SELATAN","TORAJA UTARA","KESU","7326","BPP Kesu","Kesu","143","1","0","2","6","0","9"
"SULAWESI SELATAN","TORAJA UTARA","NANGGALA","7326","BPP Nanggala","Nanggala","106","1","0","1","2","0","4"
"SULAWESI SELATAN","TORAJA UTARA","RANTEBUA","7326","BPP Rantebua","Rantebua","97","1","1","1","2","0","5"
"SULAWESI SELATAN","TORAJA UTARA","RANTEPAO","7326","BPP Rantepao","Rantepao","140","2","0","0","2","0","4"
"SULAWESI SELATAN","TORAJA UTARA","RINDINGALO","7326","BPP Rindingallo","Rindingallo","96","1","0","1","2","0","4"
"SULAWESI SELATAN","TORAJA UTARA","SA DAN","7326","BPP Sa dan","Sa dan","148","2","1","0","1","0","4"
"SULAWESI SELATAN","TORAJA UTARA","SANGGALANGI","7326","BPP Sanggalangi","Sanggalangi","166","1","1","1","1","0","4"
"SULAWESI SELATAN","TORAJA UTARA","SESEAN","7326","BPP Sesean","Sesean","128","2","1","0","2","0","5"
"SULAWESI SELATAN","TORAJA UTARA","SESEAN SULOARA","7326","BPP Sesean Suloara","Sesean Suloara","85","1","0","1","2","0","4"
"SULAWESI SELATAN","TORAJA UTARA","SOPAI","7326","BPP Sopai","Sopai","133","0","1","2","2","0","5"
"SULAWESI SELATAN","TORAJA UTARA","TALLUNGLIPU","7326","BPP Tallunglipu","Tallunglipu","96","2","0","0","3","0","5"
"SULAWESI SELATAN","TORAJA UTARA","TIKALA","7326","BPP Tikala","Tikala","112","2","1","0","1","0","4"
"SULAWESI SELATAN","TORAJA UTARA","TONDON","7326","BPP Tondon","Tondon","167","1","1","1","1","0","4"
"SULAWESI SELATAN","WAJO","BELAWA","7313","BPP Belawa","Belawa","394","6","0","0","2","0","8"
"SULAWESI SELATAN","WAJO","BOLA","7313","BPP BOLA","Bola","296","7","0","0","3","0","10"
"SULAWESI SELATAN","WAJO","GILIRENG","7313","BPP Gilireng","Gilireng","188","5","1","0","5","0","11"
"SULAWESI SELATAN","WAJO","KEERA","7313","BPP Keera","Keera","218","6","2","0","0","0","8"
"SULAWESI SELATAN","WAJO","MAJAULENG","7313","BPP Majauleng","Majauleng","463","12","1","0","1","0","14"
"SULAWESI SELATAN","WAJO","MANIANG PAJO","7313","BPP Anabanua","Anabanua","258","4","1","0","3","0","8"
"SULAWESI SELATAN","WAJO","PAMMANA","7313","BPP Palaguna","Palaguna","326","10","3","1","3","0","17"
"SULAWESI SELATAN","WAJO","PENRANG","7313","BPP Doping","Doping","332","5","1","0","1","0","7"
"SULAWESI SELATAN","WAJO","PITUMPANUA","7313","BPP Siwa","Siwa","384","12","3","0","1","0","16"
"SULAWESI SELATAN","WAJO","SABBANG PARU","7313","BPP SABBANGPARU","Sabbangparu","356","10","5","0","2","0","17"
"SULAWESI SELATAN","WAJO","SAJOANGING","7313","BPP Sakkoli","Sakkoli","258","5","1","0","3","0","9"
"SULAWESI SELATAN","WAJO","TAKKALALLA","7313","BPP Manyili","Manyili","233","4","2","0","3","0","9"
"SULAWESI SELATAN","WAJO","TANA SITOLO","7313","BPP Tancung","Tancung","292","9","4","0","2","0","15"
"SULAWESI SELATAN","WAJO","TEMPE","7313","BPP Tempe","Tempe","61","5","0","0","2","0","7"
"SULAWESI TENGAH","BANGGAI","BALANTAK","7202","BPP BALANTAK","Balantak","86","4","0","0","2","0","6"
"SULAWESI TENGAH","BANGGAI","BALANTAK SELATAN","7202","BPP BALANTAK SELATAN","Balantak Selatan","67","5","0","0","3","0","8"
"SULAWESI TENGAH","BANGGAI","BALANTAK UTARA","7202","BPP BALANTAK UTARA","Balantak Utara","71","2","1","0","3","0","6"
"SULAWESI TENGAH","BANGGAI","BATUI","7202","BPP BATUI","Batui","176","7","2","1","3","0","13"
"SULAWESI TENGAH","BANGGAI","BATUI SELATAN","7202","BPP BATUI SELATAN","Batui Selatan","277","6","1","0","1","0","8"
"SULAWESI TENGAH","BANGGAI","BUALEMO","7202","BPP BUALEMO","Bualemo","371","14","0","0","5","0","19"
"SULAWESI TENGAH","BANGGAI","BUNTA","7202","BPP BUNTA","Bunta","158","4","0","1","14","0","19"
"SULAWESI TENGAH","BANGGAI","KINTOM","7202","BPP KINTOM","Kintom","132","6","0","0","8","0","14"
"SULAWESI TENGAH","BANGGAI","LAMALA","7202","BPP LAMALA","Lamala","118","5","2","1","3","0","11"
"SULAWESI TENGAH","BANGGAI","LOBU","7202","BPP LOBU","Lobu","72","5","0","0","2","0","7"
"SULAWESI TENGAH","BANGGAI","LUWUK","7202","BPP LUWUK","Luwuk","79","6","1","0","3","0","10"
"SULAWESI TENGAH","BANGGAI","LUWUK SELATAN","7202","BPP LUWUK SELATAN","Luwuk Selatan","87","5","2","0","3","0","10"
"SULAWESI TENGAH","BANGGAI","LUWUK TIMUR","7202","BPP LUWUK TIMUR","Luwuk Timur","160","8","0","0","10","0","18"
"SULAWESI TENGAH","BANGGAI","LUWUK UTARA","7202","BPP LUWUK UTARA","Luwuk Utara","119","3","2","1","3","0","9"
"SULAWESI TENGAH","BANGGAI","MANTOH","7202","BPP MANTOH","Mantoh","116","2","1","0","3","0","6"
"SULAWESI TENGAH","BANGGAI","MASAMA","7202","BPP MASAMA","Masama","484","8","0","1","3","0","12"
"SULAWESI TENGAH","BANGGAI","MOILONG","7202","BPP MOILONG","Moilong","401","8","1","0","10","0","19"
"SULAWESI TENGAH","BANGGAI","NAMBO","7202","BPP NAMBO","Nambo","147","4","1","0","4","0","9"
"SULAWESI TENGAH","BANGGAI","NUHON","7202","BPP NUHON","Nuhon","267","5","3","0","13","0","21"
"SULAWESI TENGAH","BANGGAI","PAGIMANA","7202","BPP PAGIMANA","Pagimana","233","9","1","0","3","0","13"
"SULAWESI TENGAH","BANGGAI","SIMPANG RAYA","7202","BPP SIMPANG RAYA","Simpang Raya","268","6","0","0","7","0","13"
"SULAWESI TENGAH","BANGGAI","TOILI","7202","BPP TOILI","Toili","678","9","1","0","6","0","16"
"SULAWESI TENGAH","BANGGAI","TOILI BARAT","7202","BPP TOILI BARAT","Toili Barat","495","9","1","0","4","0","14"
"SULAWESI TENGAH","BANGGAI KEPULAUAN","BUKO","7201","BPP Buko","Buko","105","4","1","2","13","0","20"
"SULAWESI TENGAH","BANGGAI KEPULAUAN","BUKO SELATAN","7201","BPP Buko Selatan","Buko Selatan","77","2","2","1","11","0","16"
"SULAWESI TENGAH","BANGGAI KEPULAUAN","BULAGI","7201","BPP Bulagi","Bulagi","98","2","4","0","6","0","12"
"SULAWESI TENGAH","BANGGAI KEPULAUAN","BULAGI SELATAN","7201","BPP Bulagi Selatan","Bulagi Selatan","102","4","1","2","1","0","8"
"SULAWESI TENGAH","BANGGAI KEPULAUAN","BULAGI UTARA","7201","BPP Bulagi Utara","Bulagi Utara","60","2","2","0","0","0","4"
"SULAWESI TENGAH","BANGGAI KEPULAUAN","LIANG","7201","BPP LIANG","Liang","67","4","2","0","0","0","6"
"SULAWESI TENGAH","BANGGAI KEPULAUAN","PELING TENGAH","7201","BPP Peling Tengah","Peling Tengah","84","3","1","1","0","0","5"
"SULAWESI TENGAH","BANGGAI KEPULAUAN","TINANGKUNG","7201","BPP TINANGKUNG","Tinangkung","69","3","3","1","0","0","7"
"SULAWESI TENGAH","BANGGAI KEPULAUAN","TINANGKUNG SELATAN","7201","BPP Tinangkung Selatan","Tinangkung Selatan","81","2","2","1","3","0","8"
"SULAWESI TENGAH","BANGGAI KEPULAUAN","TINANGKUNG UTARA","7201","BPP Tinangkung Utara","Tinangkung Utara","75","6","0","0","0","0","6"
"SULAWESI TENGAH","BANGGAI KEPULAUAN","TOTIKUM","7201","BPP Totikum","Totikum","92","3","4","0","0","0","7"
"SULAWESI TENGAH","BANGGAI KEPULAUAN","TOTIKUM SELATAN","7201","BPP Totikum Selatan","Totikum Selatan","41","2","2","0","2","0","6"
"SULAWESI TENGAH","BANGGAI LAUT","BANGGAI","7211","BPP KECAMATAN BANGGAI","Kecamatan Banggai","73","6","3","1","2","0","12"
"SULAWESI TENGAH","BANGGAI LAUT","BANGGAI SELATAN","7211","BPP KECAMATAN BANGGAI SELATAN","Kecamatan Banggai Selatan","49","4","3","1","4","0","12"
"SULAWESI TENGAH","BANGGAI LAUT","BANGGAI TENGAH","7211","BPP KECAMATAN BANGGAI TENGAH","Kecamatan Banggai Tengah","58","4","4","1","4","0","13"
"SULAWESI TENGAH","BANGGAI LAUT","BANGGAI UTARA","7211","BPP KECAMATAN BANGGAI UTARA","Kecamatan Banggai Utara","56","3","4","1","1","0","9"
"SULAWESI TENGAH","BANGGAI LAUT","BANGKURUNG","7211","BPP KECAMATAN BANGKURUNG","Kecamatan Bangkurung","48","1","2","3","0","0","6"
"SULAWESI TENGAH","BANGGAI LAUT","BOKAN KEPULAUAN","7211","BPP KECAMATAN BOKAN KEPULAUAN","Kecamatan Bokan Kepulauan","30","1","0","4","1","0","6"
"SULAWESI TENGAH","BANGGAI LAUT","LABOBO","7211","BPP KECAMATAN LABOBO","Kecamatan Labobo","45","2","1","1","2","0","6"
"SULAWESI TENGAH","BUOL","BIAU","7207","Kali","Kali","119","3","2","3","1","0","9"
"SULAWESI TENGAH","BUOL","BOKAT","7207","Bokat","Bokat","181","7","0","10","4","0","21"
"SULAWESI TENGAH","BUOL","BUKAL","7207","Modo","Modo","235","4","2","8","1","0","15"
"SULAWESI TENGAH","BUOL","BUNOBOGU","7207","BPP Lonu","Lonu","120","3","0","6","0","0","9"
"SULAWESI TENGAH","BUOL","GADUNG","7207","Nandu","Nandu","189","2","2","6","4","0","14"
"SULAWESI TENGAH","BUOL","KARAMAT","7207","Karamat","Karamat","181","2","0","4","0","0","6"
"SULAWESI TENGAH","BUOL","LAKEA","7207","Lakea","Lakea","183","4","0","3","4","0","11"
"SULAWESI TENGAH","BUOL","MOMUNU","7207","Momunu","Momunu","387","6","0","11","3","0","20"
"SULAWESI TENGAH","BUOL","PALELEH","7207","Talaki","Talaki","165","6","0","4","3","0","13"
"SULAWESI TENGAH","BUOL","PALELEH BARAT","7207","Timbolon","Timbolon","84","3","1","2","5","0","11"
"SULAWESI TENGAH","BUOL","TILOAN","7207","Boilan","Boilan","130","3","0","5","0","0","8"
"SULAWESI TENGAH","DONGGALA","BALAESANG","7205","BPP SIWELI","Siweli","210","7","3","5","1","0","16"
"SULAWESI TENGAH","DONGGALA","BALAESANG TANJUNG","7205","BPP KAMONJI","Kamonji","99","5","1","5","6","0","17"
"SULAWESI TENGAH","DONGGALA","BANAWA","7205","BPP BANAWA","Banawa","71","1","3","2","1","0","7"
"SULAWESI TENGAH","DONGGALA","BANAWA SELATAN","7205","BPP TANAH MEA","Tanah MEA","196","6","1","7","2","0","16"
"SULAWESI TENGAH","DONGGALA","BANAWA TENGAH","7205","BPP BANAWA","Banawa","80","0","0","0","0","0","0"
"SULAWESI TENGAH","DONGGALA","DAMPELAS","7205","BPP KARYA MUKTI","Karya Mukti","319","5","0","9","6","0","20"
"SULAWESI TENGAH","DONGGALA","LABUAN","7205","BPP SIMOU","Simou","136","7","1","19","6","1","34"
"SULAWESI TENGAH","DONGGALA","PINEMBANI","7205","BPP PINEMBANI","Pinembani","53","5","0","2","2","0","9"
"SULAWESI TENGAH","DONGGALA","RIO PAKAVA","7205","BPP RIO LALUNDU","RIO Lalundu","178","5","0","5","0","0","10"
"SULAWESI TENGAH","DONGGALA","SINDUE","7205","BPP LERO","Lero","174","8","0","22","13","0","43"
"SULAWESI TENGAH","DONGGALA","SINDUE TOBATA","7205","BPP ALINDAU","Alindau","89","7","0","14","2","0","23"
"SULAWESI TENGAH","DONGGALA","SINDUE TOMBUSABORA","7205","BPP TIVOO","Tivoo","99","5","1","7","0","0","13"
"SULAWESI TENGAH","DONGGALA","SIRENJA","7205","BPP LOMPIO","Lompio","241","11","0","10","1","0","22"
"SULAWESI TENGAH","DONGGALA","SOJOL","7205","BPP SIBOANG","Siboang","241","6","0","8","1","0","15"
"SULAWESI TENGAH","DONGGALA","SOJOL UTARA","7205","BPP OGOAMAS","Ogoamas","119","3","0","7","5","0","15"
"SULAWESI TENGAH","DONGGALA","TANANTOVEA","7205","BPP NUPABOMBA","Nupabomba","120","4","3","10","0","0","17"
"SULAWESI TENGAH","KOTA PALU","MANTIKULORE","7271","BPP Layana Indah","Layana Indah","119","7","1","0","6","0","14"
"SULAWESI TENGAH","KOTA PALU","PALU BARAT","7271","BPP DUYU","Duyu","33","12","0","0","10","0","22"
"SULAWESI TENGAH","KOTA PALU","PALU SELATAN","7271","BPP Petobo","Petobo","92","7","0","0","4","0","11"
"SULAWESI TENGAH","KOTA PALU","PALU TIMUR","7271","BPP Petobo","Petobo","31","0","0","0","0","0","0"
"SULAWESI TENGAH","KOTA PALU","PALU UTARA","7271","BPP Kayumalue","Kayumalue","54","7","0","0","6","0","13"
"SULAWESI TENGAH","KOTA PALU","TATANGA","7271","BPP DUYU","Duyu","106","0","0","0","0","0","0"
"SULAWESI TENGAH","KOTA PALU","TAWAELI","7271","BPP BAIYA","Baiya","73","6","0","0","4","0","10"
"SULAWESI TENGAH","KOTA PALU","ULUJADI","7271","BPP DUYU","Duyu","70","0","0","0","0","0","0"
"SULAWESI TENGAH","MOROWALI","BAHODOPI","7203","BPP BAHODOPI","Bahodopi","73","4","2","5","0","0","11"
"SULAWESI TENGAH","MOROWALI","BUMI RAYA","7203","BPP Bumi Raya","Bumi Raya","418","7","5","3","1","0","16"
"SULAWESI TENGAH","MOROWALI","BUNGKU BARAT","7203","BPP Bungku Barat","Bungku Barat","423","4","5","4","2","0","15"
"SULAWESI TENGAH","MOROWALI","BUNGKU PESISIR","7203","BPP Bungku Pesisir","Bungku Pesisir","101","3","0","2","0","0","5"
"SULAWESI TENGAH","MOROWALI","BUNGKU SELATAN","7203","BPP Bungku Selatan","Bungku Selatan","43","1","2","3","0","0","6"
"SULAWESI TENGAH","MOROWALI","BUNGKU TENGAH","7203","BPP Bungku Tengah","Bungku Tengah","168","5","6","5","0","0","16"
"SULAWESI TENGAH","MOROWALI","BUNGKU TIMUR","7203","BPP Bungku Timur","Bungku Timur","135","4","4","4","0","0","12"
"SULAWESI TENGAH","MOROWALI","MENUI KEPULAUAN","7203","BPP Menui Kepulauan","Menui Kepulauan","61","3","1","4","0","0","8"
"SULAWESI TENGAH","MOROWALI","WITA PONDA","7203","BPP Wita Ponda","Wita Ponda","513","8","2","1","2","0","13"
"SULAWESI TENGAH","MOROWALI UTARA","BUNGKU UTARA","7212","BPP Bungku Utara","Bungku Utara","224","11","3","8","0","0","22"
"SULAWESI TENGAH","MOROWALI UTARA","LEMBO","7212","BPP Waraa","Waraa","174","9","3","2","0","0","14"
"SULAWESI TENGAH","MOROWALI UTARA","LEMBO RAYA","7212","BPP Lemboraya","Lemboraya","199","6","4","3","3","0","16"
"SULAWESI TENGAH","MOROWALI UTARA","MAMOSALATO","7212","BPP Mamosalato","Mamosalato","150","5","4","4","0","0","13"
"SULAWESI TENGAH","MOROWALI UTARA","MORI ATAS","7212","BPP Mori Atas","Mori Atas","202","9","3","4","4","0","20"
"SULAWESI TENGAH","MOROWALI UTARA","MORI UTARA","7212","BPP Mori Utara","Mori Utara","146","12","0","1","0","0","13"
"SULAWESI TENGAH","MOROWALI UTARA","PETASIA","7212","BPP Petasia","Petasia","100","7","2","1","2","0","12"
"SULAWESI TENGAH","MOROWALI UTARA","PETASIA BARAT","7212","BPP Petasia Barat","Petasia Barat","122","4","1","7","0","0","12"
"SULAWESI TENGAH","MOROWALI UTARA","PETASIA TIMUR","7212","BPP Petasia Timur","Petasia Timur","172","5","6","3","0","0","14"
"SULAWESI TENGAH","MOROWALI UTARA","SOYO JAYA","7212","BPP Soyojaya","Soyojaya","198","3","1","7","1","0","12"
"SULAWESI TENGAH","PARIGI MOUTONG","AMPIBABO","7208","UPTD KECAMATAN AMPIBABO","Uptd Kecamatan Ampibabo","254","7","0","4","1","0","12"
"SULAWESI TENGAH","PARIGI MOUTONG","BALINGGI","7208","UPTD PENYULUHAN, KECAMATAN BALINGGI","Uptd PENYULUHAN, Kecamatan Balinggi","195","3","0","6","0","0","9"
"SULAWESI TENGAH","PARIGI MOUTONG","BOLANO","7208","UPTD BOLANO","Uptd Bolano","214","2","0","3","0","0","5"
"SULAWESI TENGAH","PARIGI MOUTONG","BOLANO LAMBUNU","7208","UPTD PENYULUHAN BOLANO LAMBUNU","Uptd Penyuluhan Bolano Lambunu","267","2","0","9","0","0","11"
"SULAWESI TENGAH","PARIGI MOUTONG","KASIMBAR","7208","UPTD KASIMBAR","Uptd Kasimbar","208","1","0","5","0","0","6"
"SULAWESI TENGAH","PARIGI MOUTONG","MEPANGA","7208","UPTD MEPANGA","Uptd Mepanga","237","4","0","7","0","0","11"
"SULAWESI TENGAH","PARIGI MOUTONG","MOUTONG","7208","UPTD MOUTONG","Uptd Moutong","155","6","0","5","0","0","11"
"SULAWESI TENGAH","PARIGI MOUTONG","ONGKA MALINO","7208","UPTD ONGKA MALINO","Uptd Ongka Malino","284","2","0","11","0","0","13"
"SULAWESI TENGAH","PARIGI MOUTONG","PALASA","7208","UPTD PALASA","Uptd Palasa","128","1","0","6","0","0","7"
"SULAWESI TENGAH","PARIGI MOUTONG","PARIGI","7208","UPTD Penyuluhan Parigi","Uptd Penyuluhan Parigi","77","5","0","2","0","0","7"
"SULAWESI TENGAH","PARIGI MOUTONG","PARIGI BARAT","7208","BPP PARIGI BARAT","Parigi Barat","78","6","0","0","0","0","6"
"SULAWESI TENGAH","PARIGI MOUTONG","PARIGI SELATAN","7208","UPTD / BPP PARIGI SELATAN","Uptd / BPP Parigi Selatan","282","8","0","5","1","0","14"
"SULAWESI TENGAH","PARIGI MOUTONG","PARIGI TENGAH","7208","UPTD KEC. Parigi Tengah","Uptd Kec. Parigi Tengah","67","1","0","7","0","0","8"
"SULAWESI TENGAH","PARIGI MOUTONG","PARIGI UTARA","7208","UPTD PARIGI UTARA","Uptd Parigi Utara","97","3","0","4","0","0","7"
"SULAWESI TENGAH","PARIGI MOUTONG","SAUSU","7208","UPTD PENYULUHAN KECAMATAN SAUSU","Uptd Penyuluhan Kecamatan Sausu","224","4","0","6","1","0","11"
"SULAWESI TENGAH","PARIGI MOUTONG","SIDOAN","7208","UPTD / BPP SIDOAN","Uptd / BPP Sidoan","105","4","0","2","1","0","7"
"SULAWESI TENGAH","PARIGI MOUTONG","SINIU","7208","UPTD SINIU","Uptd Siniu","115","2","0","6","0","0","8"
"SULAWESI TENGAH","PARIGI MOUTONG","TAOPA","7208","UPTD TAOPA","Uptd Taopa","103","4","0","1","0","0","5"
"SULAWESI TENGAH","PARIGI MOUTONG","TINOMBO","7208","UPTD TINOMBO","Uptd Tinombo","89","3","0","4","0","0","7"
"SULAWESI TENGAH","PARIGI MOUTONG","TINOMBO SELATAN","7208","TPHP KEC. TINOMBO SELATAN","Tphp Kec. Tinombo Selatan","261","5","0","3","1","0","9"
"SULAWESI TENGAH","PARIGI MOUTONG","TOMINI","7208","UPTD TOMINI","Uptd Tomini","132","3","0","10","0","0","13"
"SULAWESI TENGAH","PARIGI MOUTONG","TORIBULU","7208","BPP TORIBULU","Toribulu","151","5","0","2","1","0","8"
"SULAWESI TENGAH","PARIGI MOUTONG","TORUE","7208","UPT/BPP KECAMATAN TORUE","UPT/BPP Kecamatan Torue","183","5","0","1","1","0","7"
"SULAWESI TENGAH","POSO","LAGE","7204","LAGE","Lage","189","10","0","1","1","0","12"
"SULAWESI TENGAH","POSO","LORE BARAT","7204","BPP Lore Barat","Lore Barat","41","7","0","2","1","0","10"
"SULAWESI TENGAH","POSO","LORE PEORE","7204","BPP Lore Peore","Lore Peore","68","6","0","0","1","0","7"
"SULAWESI TENGAH","POSO","LORE SELATAN","7204","BPP Lore Selatan","Lore Selatan","65","10","0","0","1","0","11"
"SULAWESI TENGAH","POSO","LORE TENGAH","7204","BPP Lore Tengah","Lore Tengah","107","10","0","0","0","0","10"
"SULAWESI TENGAH","POSO","LORE TIMUR","7204","BPP Lore Timur","Lore Timur","105","6","0","0","1","0","7"
"SULAWESI TENGAH","POSO","LORE UTARA","7204","BPP Lore Utara","Lore Utara","140","7","0","0","0","0","7"
"SULAWESI TENGAH","POSO","PAMONA BARAT","7204","BPP Pamona Barat","Pamona Barat","166","8","0","0","0","0","8"
"SULAWESI TENGAH","POSO","PAMONA PUSALEMBA","7204","BPP Pamona Puselemba","Pamona Puselemba","223","8","0","1","0","0","9"
"SULAWESI TENGAH","POSO","PAMONA SELATAN","7204","BPP Pamona Selatan","Pamona Selatan","237","9","0","1","0","0","10"
"SULAWESI TENGAH","POSO","PAMONA TENGGARA","7204","BPP Pamona Tenggara","Pamona Tenggara","142","6","0","1","1","0","8"
"SULAWESI TENGAH","POSO","PAMONA TIMUR","7204","BPP Pamona Timur","Pamona Timur","145","8","0","1","1","0","10"
"SULAWESI TENGAH","POSO","PAMONA UTARA","7204","BPP Pamona Utara","Pamona Utara","178","8","0","1","0","0","9"
"SULAWESI TENGAH","POSO","POSO KOTA","7204","BPP Poso Kota","Poso Kota","28","5","0","0","1","0","6"
"SULAWESI TENGAH","POSO","POSO KOTA SELATAN","7204","BPP Poso Kota Selatan","Poso Kota Selatan","32","4","0","0","0","0","4"
"SULAWESI TENGAH","POSO","POSO KOTA UTARA","7204","BPP Poso Kota Utara","Poso Kota Utara","52","4","0","0","1","0","5"
"SULAWESI TENGAH","POSO","POSO PESISIR","7204","BPP Poso Pesisir","Poso Pesisir","263","6","0","1","1","0","8"
"SULAWESI TENGAH","POSO","POSO PESISIR SELATAN","7204","BPP Poso Pesisir Selatan","Poso Pesisir Selatan","182","5","0","0","1","0","6"
"SULAWESI TENGAH","POSO","POSO PESISIR UTARA","7204","BPP POSO PESISIR UTARA","Poso Pesisir Utara","230","6","0","0","1","0","7"
"SULAWESI TENGAH","SIGI","DOLO","7210","BPP Dolo","Dolo","160","12","5","6","2","0","25"
"SULAWESI TENGAH","SIGI","DOLO BARAT","7210","Mantikole","Mantikole","105","11","4","2","4","0","21"
"SULAWESI TENGAH","SIGI","DOLO SELATAN","7210","Baluase","Baluase","131","10","5","5","2","0","22"
"SULAWESI TENGAH","SIGI","GUMBASA","7210","Gumbasa","Gumbasa","112","11","3","3","2","0","19"
"SULAWESI TENGAH","SIGI","KINOVARO","7210","Uwemanje","Uwemanje","94","8","6","5","1","0","20"
"SULAWESI TENGAH","SIGI","KULAWI","7210","BPP Kulawi","Kulawi","219","9","5","2","1","0","17"
"SULAWESI TENGAH","SIGI","KULAWI SELATAN","7210","Lawua","Lawua","148","4","4","4","3","0","15"
"SULAWESI TENGAH","SIGI","LINDU","7210","Lindu","Lindu","54","4","2","1","3","0","10"
"SULAWESI TENGAH","SIGI","MARAWOLA","7210","BPP Sunju","Sunju","102","15","6","1","0","0","22"
"SULAWESI TENGAH","SIGI","MARAWOLA BARAT","7210","Dombu","Dombu","58","6","6","2","2","0","16"
"SULAWESI TENGAH","SIGI","NOKILALAKI","7210","BPP Bahagia","Bahagia","64","1","0","1","0","0","2"
"SULAWESI TENGAH","SIGI","PALOLO","7210","BPP Bahagia","Bahagia","331","16","9","10","4","0","39"
"SULAWESI TENGAH","SIGI","PIPIKORO","7210","BPP Pipikoro","Pipikoro","120","3","3","5","1","0","12"
"SULAWESI TENGAH","SIGI","SIGI BIROMARU","7210","Biromaru","Biromaru","323","16","5","7","7","0","35"
"SULAWESI TENGAH","SIGI","TANAMBULAVA","7210","Gumbasa","Gumbasa","77","2","1","4","0","0","7"
"SULAWESI TENGAH","TOJO UNA-UNA","AMPANA KOTA","7209","BPP Ampana Kota","Ampana Kota","130","5","5","2","5","0","17"
"SULAWESI TENGAH","TOJO UNA-UNA","AMPANA TETE","7209","BPP Urundaka","Urundaka","302","4","4","7","6","0","21"
"SULAWESI TENGAH","TOJO UNA-UNA","BATUDAKA","7209","BPP Molowagu","Molowagu","40","2","1","3","0","0","6"
"SULAWESI TENGAH","TOJO UNA-UNA","RATOLINDO","7209","BPP Ratolindo","Ratolindo","108","2","4","0","0","0","6"
"SULAWESI TENGAH","TOJO UNA-UNA","TALATAKO","7209","BPP KALIA","Kalia","18","2","0","2","0","0","4"
"SULAWESI TENGAH","TOJO UNA-UNA","TOGEAN","7209","BPP Lebiti","Lebiti","79","4","1","8","1","0","14"
"SULAWESI TENGAH","TOJO UNA-UNA","TOJO","7209","BPP Tayawa","Tayawa","128","11","0","4","2","0","17"
"SULAWESI TENGAH","TOJO UNA-UNA","TOJO BARAT","7209","BPP Kabalo","Kabalo","169","7","2","6","2","0","17"
"SULAWESI TENGAH","TOJO UNA-UNA","ULUBONGKA","7209","BPP Bonebae II","Bonebae II","234","6","2","6","4","0","18"
"SULAWESI TENGAH","TOJO UNA-UNA","UNA - UNA","7209","BPP Una-una","Una-una","65","4","0","6","3","0","13"
"SULAWESI TENGAH","TOJO UNA-UNA","WALEA BESAR","7209","BPP Pasokan","Pasokan","35","3","0","5","1","0","9"
"SULAWESI TENGAH","TOJO UNA-UNA","WALEA KEPULAUAN","7209","BPP Popolii","Popolii","35","4","1","2","1","0","8"
"SULAWESI TENGAH","TOLI-TOLI","BAOLAN","7206","BPP Buntuna","Buntuna","172","5","1","1","1","0","8"
"SULAWESI TENGAH","TOLI-TOLI","BASIDONDO","7206","BPP Kayu Lompa","Kayu Lompa","130","6","3","0","0","0","9"
"SULAWESI TENGAH","TOLI-TOLI","DAKO PAMEAN","7206","BPP Dungingis","Dungingis","71","5","0","1","0","0","6"
"SULAWESI TENGAH","TOLI-TOLI","DAMPAL SELATAN","7206","BPP Lempe","Lempe","207","5","2","2","0","0","9"
"SULAWESI TENGAH","TOLI-TOLI","DAMPAL UTARA","7206","BPP Bambapula","Bambapula","136","4","3","1","1","0","9"
"SULAWESI TENGAH","TOLI-TOLI","DONDO","7206","BPP Lais","Lais","272","6","2","4","3","0","15"
"SULAWESI TENGAH","TOLI-TOLI","GALANG","7206","BPP Ginunggung","Ginunggung","344","11","3","1","0","0","15"
"SULAWESI TENGAH","TOLI-TOLI","LAMPASIO","7206","Tinading","Tinading","161","8","2","0","2","0","12"
"SULAWESI TENGAH","TOLI-TOLI","OGODEIDE","7206","BPP Bilo","Bilo","115","9","2","2","1","0","14"
"SULAWESI TENGAH","TOLI-TOLI","TOLITOLI UTARA","7206","BPP Salumpaga","Salumpaga","121","6","2","3","0","0","11"
"SULAWESI TENGGARA","BOMBANA","KABAENA","7406","BPP Kabaena","Kabaena","16","1","0","1","0","0","2"
"SULAWESI TENGGARA","BOMBANA","KABAENA BARAT","7406","BPP Kabaena Barat","Kabaena Barat","24","0","0","3","0","0","3"
"SULAWESI TENGGARA","BOMBANA","KABAENA SELATAN","7406","BPP Kabaena Selatan","Kabaena Selatan","16","1","0","0","0","0","1"
"SULAWESI TENGGARA","BOMBANA","KABAENA TENGAH","7406","BPP Kabaena Tengah","Kabaena Tengah","54","1","0","1","1","0","3"
"SULAWESI TENGGARA","BOMBANA","KABAENA TIMUR","7406","BPP Kabaena Timur","Kabaena Timur","43","0","1","3","0","0","4"
"SULAWESI TENGGARA","BOMBANA","KABAENA UTARA","7406","BPP Kabaena Utara","Kabaena Utara","29","1","0","1","0","0","2"
"SULAWESI TENGGARA","BOMBANA","KEP. MASALOKA RAYA","","","","","0","0","0","0","0","0"
"SULAWESI TENGGARA","BOMBANA","LANTARI JAYA","7406","BPP Lantari Jaya","Lantari Jaya","188","4","3","7","7","0","21"
"SULAWESI TENGGARA","BOMBANA","MATA OLEO","7406","BPP Mata Oleo","Mata Oleo","53","2","1","4","0","0","7"
"SULAWESI TENGGARA","BOMBANA","MATA USU","7406","BPP Matausu","Matausu","46","1","1","3","3","0","8"
"SULAWESI TENGGARA","BOMBANA","POLEANG","7406","BPP Kec. Poleang","Kec. Poleang","83","3","0","4","1","0","8"
"SULAWESI TENGGARA","BOMBANA","POLEANG BARAT","7406","BPP Poleang Barat","Poleang Barat","108","2","0","8","3","0","13"
"SULAWESI TENGGARA","BOMBANA","POLEANG SELATAN","7406","BPP Poleang Selatan","Poleang Selatan","95","1","0","3","2","0","6"
"SULAWESI TENGGARA","BOMBANA","POLEANG TENGAH","7406","BPP Poleang Tengah","Poleang Tengah","53","1","0","4","0","0","5"
"SULAWESI TENGGARA","BOMBANA","POLEANG TENGGARA","7406","BPP Poleang Tenggara","Poleang Tenggara","41","0","2","3","0","0","5"
"SULAWESI TENGGARA","BOMBANA","POLEANG TIMUR","7406","BPP Poleang Timur","Poleang Timur","125","3","0","4","4","0","11"
"SULAWESI TENGGARA","BOMBANA","POLEANG UTARA","7406","BPP Poleang Utara","Poleang Utara","149","4","0","2","3","0","9"
"SULAWESI TENGGARA","BOMBANA","RAROWATU","7406","BPP Rarowatu","Rarowatu","76","2","2","4","1","0","9"
"SULAWESI TENGGARA","BOMBANA","RAROWATU UTARA","7406","BPP Rarowatu Utara","Rarowatu Utara","117","3","4","4","2","0","13"
"SULAWESI TENGGARA","BOMBANA","RUMBIA","7406","BPP Rumbia","Rumbia","46","3","2","1","0","0","6"
"SULAWESI TENGGARA","BOMBANA","RUMBIA TENGAH","7406","BPP Rumbia Tengah","Rumbia Tengah","28","4","1","3","1","0","9"
"SULAWESI TENGGARA","BOMBANA","TONTONUNU","7406","BPP Tontonunu","Tontonunu","52","1","0","3","1","0","5"
"SULAWESI TENGGARA","BUTON","KAPONTORI","7401","BPP Kapontori","Kapontori","94","3","3","0","6","1","13"
"SULAWESI TENGGARA","BUTON","LASALIMU","7401","BPP Lasalimu","Lasalimu","62","2","3","0","4","0","9"
"SULAWESI TENGGARA","BUTON","LASALIMU SELATAN","7401","BPP Lasalimu Selatan","Lasalimu Selatan","98","1","3","0","5","0","9"
"SULAWESI TENGGARA","BUTON","PASAR WAJO","7401","BPP Pasarwajo","Pasarwajo","85","1","4","0","5","0","10"
"SULAWESI TENGGARA","BUTON","SIONTAPINA","7401","BPP Siotapina","Siotapina","69","2","2","0","8","1","13"
"SULAWESI TENGGARA","BUTON","WABULA","7401","BPP Wabula","Wabula","20","1","2","0","2","0","5"
"SULAWESI TENGGARA","BUTON","WOLOWA","7401","BPP Wolowa","Wolowa","24","2","2","0","2","0","6"
"SULAWESI TENGGARA","BUTON SELATAN","BATAUGA","7415","BPP Kecamatan Batauga","Kecamatan Batauga","76","2","0","6","0","0","8"
"SULAWESI TENGGARA","BUTON SELATAN","BATU ATAS","7415","BPP Kecamatan Batu Atas","Kecamatan Batu Atas","18","0","0","1","0","0","1"
"SULAWESI TENGGARA","BUTON SELATAN","KADATUA","7415","BPP Kecamatan Kadatua","Kecamatan Kadatua","46","1","0","1","12","0","14"
"SULAWESI TENGGARA","BUTON SELATAN","LAPANDEWA","7415","BPP Kecamatan Lapandewa","Kecamatan Lapandewa","63","1","0","2","0","0","3"
"SULAWESI TENGGARA","BUTON SELATAN","SAMPOLAWA","7415","BPP Kecamatan Sampolawa","Kecamatan Sampolawa","90","2","0","4","0","0","6"
"SULAWESI TENGGARA","BUTON SELATAN","SIOMPU","7415","BPP Kecamatan Siompu","Kecamatan Siompu","30","0","0","1","0","0","1"
"SULAWESI TENGGARA","BUTON SELATAN","SIOMPU BARAT","7415","BPP Kecamatan Siompu Barat","Kecamatan Siompu Barat","38","0","0","0","0","0","0"
"SULAWESI TENGGARA","BUTON TENGAH","GU","7414","BPP Kec. Gu","Kec. Gu","53","2","0","3","0","0","5"
"SULAWESI TENGGARA","BUTON TENGAH","LAKUDO","7414","BPP Kecamatan Lakudo","Kecamatan Lakudo","69","2","1","2","4","0","9"
"SULAWESI TENGGARA","BUTON TENGAH","MAWASANGKA","7414","BPP Kec. Mawasangka","Kec. Mawasangka","96","2","1","3","0","0","6"
"SULAWESI TENGGARA","BUTON TENGAH","MAWASANGKA TENGAH","7414","BPP Kecamatan Mawasangka Tengah","Kecamatan Mawasangka Tengah","42","1","0","2","0","0","3"
"SULAWESI TENGGARA","BUTON TENGAH","MAWASANGKA TIMUR","7414","BPP Kec. Mawasangka Timur","Kec. Mawasangka Timur","47","1","0","1","0","0","2"
"SULAWESI TENGGARA","BUTON TENGAH","SANGIA WAMBULU","7414","BPP Sangia Wambulu","Sangia Wambulu","18","1","0","1","2","0","4"
"SULAWESI TENGGARA","BUTON TENGAH","TALAGA RAYA","7414","BPP Talaga","Talaga","22","1","0","1","0","0","2"
"SULAWESI TENGGARA","BUTON UTARA","","7409","BPP Kecamatan Bonegunu","Kecamatan Bonegunu","0","","","","","",""
"SULAWESI TENGGARA","BUTON UTARA","BONEGUNU","","","","","3","3","2","0","0","8"
"SULAWESI TENGGARA","BUTON UTARA","KAMBOWA","7409","BPP Kec. Kambowa","Kec. Kambowa","38","1","2","5","0","0","8"
"SULAWESI TENGGARA","BUTON UTARA","KULISUSU","7409","BPP Kec. Kulisusu","Kec. Kulisusu","47","3","1","3","0","0","7"
"SULAWESI TENGGARA","BUTON UTARA","KULISUSU BARAT","7409","BPP Kec. Kulisusu Barat","Kec. Kulisusu Barat","62","1","2","2","0","0","5"
"SULAWESI TENGGARA","BUTON UTARA","KULISUSU UTARA","","","","","4","5","3","0","0","12"
"SULAWESI TENGGARA","BUTON UTARA","WAKORUMBA","7409","BPP Kec. Warokumba Utara","Kec. Warokumba Utara","57","2","0","9","1","0","12"
"SULAWESI TENGGARA","KOLAKA","","7404","BPP Samaturu","Samaturu","10","","","","","",""
"SULAWESI TENGGARA","KOLAKA","BAULA","7404","BPP Baula","Baula","87","4","3","0","1","0","8"
"SULAWESI TENGGARA","KOLAKA","IWOIMENDAA","7404","BPP Iwoimendaa","Iwoimendaa","75","2","2","0","1","0","5"
"SULAWESI TENGGARA","KOLAKA","KOLAKA","7404","BPP Kolaka","Kolaka","57","6","2","0","0","0","8"
"SULAWESI TENGGARA","KOLAKA","LATAMBAGA","7404","BPP Latambaga","Latambaga","74","3","4","0","1","0","8"
"SULAWESI TENGGARA","KOLAKA","POLINGGONA","7404","BPP Polinggona","Polinggona","46","1","5","0","0","0","6"
"SULAWESI TENGGARA","KOLAKA","POMALAA","7404","BPP Pomalaa","Pomalaa","86","4","3","0","10","0","17"
"SULAWESI TENGGARA","KOLAKA","SAMATURU","7404","BPP Samaturu","Samaturu","200","6","6","0","1","0","13"
"SULAWESI TENGGARA","KOLAKA","TANGGETADA","7404","BPP Tanggetada","Tanggetada","104","2","6","0","3","0","11"
"SULAWESI TENGGARA","KOLAKA","TOARI","7404","BPP Toari","Toari","83","1","4","0","2","0","7"
"SULAWESI TENGGARA","KOLAKA","WATUBANGGA","7404","BPP Watubangga","Watubangga","121","3","4","0","1","0","8"
"SULAWESI TENGGARA","KOLAKA","WOLO","7404","BPP Wolo","Wolo","110","2","7","0","1","0","10"
"SULAWESI TENGGARA","KOLAKA","WUNDULAKO","7404","BPP Wundulako","Wundulako","99","9","2","0","5","0","16"
"SULAWESI TENGGARA","KOLAKA TIMUR","AERE","7411","BPP Aere","Aere","96","2","3","1","4","0","10"
"SULAWESI TENGGARA","KOLAKA TIMUR","DANGIA","7411","BPP Dangia","Dangia","131","4","3","1","4","0","12"
"SULAWESI TENGGARA","KOLAKA TIMUR","LADONGI","7411","BPP Ladongi","Ladongi","185","5","2","1","6","0","14"
"SULAWESI TENGGARA","KOLAKA TIMUR","LALOLAE","7411","BPP Lalolae","Lalolae","46","2","2","1","5","0","10"
"SULAWESI TENGGARA","KOLAKA TIMUR","LAMBANDIA","7411","BPP Lambandia","Lambandia","274","2","2","5","2","0","11"
"SULAWESI TENGGARA","KOLAKA TIMUR","LOEA","7411","BPP Loea","Loea","106","4","1","2","2","0","9"
"SULAWESI TENGGARA","KOLAKA TIMUR","MOWEWE","7411","BPP Mowewe","Mowewe","105","6","1","2","8","0","17"
"SULAWESI TENGGARA","KOLAKA TIMUR","POLI-POLIA","7411","BPP POLI-POLIA","Poli-polia","127","1","6","2","2","0","11"
"SULAWESI TENGGARA","KOLAKA TIMUR","TINONDO","7411","BPP Tinondo","Tinondo","101","4","4","2","6","0","16"
"SULAWESI TENGGARA","KOLAKA TIMUR","TIRAWUTA","7411","BPP Tirawuta","Tirawuta","128","6","2","1","12","0","21"
"SULAWESI TENGGARA","KOLAKA TIMUR","UEESI","7411","BPP Uluiwoi","Uluiwoi","67","0","0","1","0","0","1"
"SULAWESI TENGGARA","KOLAKA TIMUR","ULUIWOI","7411","BPP Uluiwoi","Uluiwoi","37","1","0","1","0","0","2"
"SULAWESI TENGGARA","KOLAKA UTARA","BATU PUTIH","7408","BPP Batu Putih","Batu Putih","120","4","1","1","0","0","6"
"SULAWESI TENGGARA","KOLAKA UTARA","KATOI","7408","BPP Lasusua","Lasusua","69","0","0","1","0","0","1"
"SULAWESI TENGGARA","KOLAKA UTARA","KODEOHA","7408","BPP Kodeoha","Kodeoha","101","5","1","0","0","0","6"
"SULAWESI TENGGARA","KOLAKA UTARA","LAMBAI","7408","BPP Rante Angin","Rante Angin","72","2","0","0","0","0","2"
"SULAWESI TENGGARA","KOLAKA UTARA","LASUSUA","7408","BPP Lasusua","Lasusua","147","6","0","0","3","0","9"
"SULAWESI TENGGARA","KOLAKA UTARA","NGAPA","7408","BPP WATUNOHU","Watunohu","150","2","0","0","0","0","2"
"SULAWESI TENGGARA","KOLAKA UTARA","PAKUE","7408","BPP Pakue","Pakue","153","2","0","1","0","0","3"
"SULAWESI TENGGARA","KOLAKA UTARA","PAKUE TENGAH","7408","BPP Pakue Tengah","Pakue Tengah","95","3","0","3","0","0","6"
"SULAWESI TENGGARA","KOLAKA UTARA","PAKUE UTARA","7408","BPP Pakue Tengah","Pakue Tengah","101","0","0","0","0","0","0"
"SULAWESI TENGGARA","KOLAKA UTARA","POREHU","7408","BPP Porehu","Porehu","68","2","1","1","0","0","4"
"SULAWESI TENGGARA","KOLAKA UTARA","RANTEANGIN","7408","BPP Rante Angin","Rante Angin","85","2","0","0","2","0","4"
"SULAWESI TENGGARA","KOLAKA UTARA","TIWU","7408","BPP Kodeoha","Kodeoha","68","1","0","0","0","0","1"
"SULAWESI TENGGARA","KOLAKA UTARA","TOLALA","7408","BPP Batu Putih","Batu Putih","44","0","0","0","0","0","0"
"SULAWESI TENGGARA","KOLAKA UTARA","WATUNOHU","7408","BPP WATUNOHU","Watunohu","66","3","1","0","0","0","4"
"SULAWESI TENGGARA","KOLAKA UTARA","WAWO","7408","BPP Wawo","Wawo","66","3","1","0","1","0","5"
"SULAWESI TENGGARA","KONAWE","ABUKI","7403","BPP Abuki","Abuki","114","2","5","0","8","0","15"
"SULAWESI TENGGARA","KONAWE","AMONGGEDO","7403","BPP Amonggedo","Amonggedo","136","6","1","1","30","0","38"
"SULAWESI TENGGARA","KONAWE","ANGGABERI","7403","BPP Anggaberi","Anggaberi","73","3","5","0","25","0","33"
"SULAWESI TENGGARA","KONAWE","ANGGALOMOARE","7403","BPP ANGGALOMOARE","Anggalomoare","40","4","0","0","14","0","18"
"SULAWESI TENGGARA","KONAWE","ANGGOTOA","7403","BPP ANGGOTOA","Anggotoa","2","0","0","0","8","0","8"
"SULAWESI TENGGARA","KONAWE","ASINUA","7403","BPP ASINUA","Asinua","56","1","3","0","14","0","18"
"SULAWESI TENGGARA","KONAWE","BESULUTU","7403","BPP Besulutu","Besulutu","68","3","2","0","13","0","18"
"SULAWESI TENGGARA","KONAWE","BONDOALA","7403","BPP Bondoala","Bondoala","38","2","0","0","10","0","12"
"SULAWESI TENGGARA","KONAWE","KAPOIALA","7403","BPP KAPOIALA","Kapoiala","51","2","2","0","3","0","7"
"SULAWESI TENGGARA","KONAWE","KONAWE","7403","BPP KONAWE","Konawe","75","4","4","0","18","0","26"
"SULAWESI TENGGARA","KONAWE","LALONGGASUMEETO","7403","BPP Lalonggasumeeto","Lalonggasumeeto","26","2","1","0","16","0","19"
"SULAWESI TENGGARA","KONAWE","LAMBUYA","7403","BPP Lambuya","Lambuya","97","4","3","0","16","0","23"
"SULAWESI TENGGARA","KONAWE","LATOMA","7403","BPP Latoma","Latoma","52","1","2","0","8","0","11"
"SULAWESI TENGGARA","KONAWE","MELUHU","7403","BPP Meluhu","Meluhu","66","4","2","1","16","0","23"
"SULAWESI TENGGARA","KONAWE","MOROSI","7403","BPP MOROSI","Morosi","59","2","0","3","4","0","9"
"SULAWESI TENGGARA","KONAWE","ONEMBUTE","7403","BPP Onembute","Onembute","69","3","2","0","23","0","28"
"SULAWESI TENGGARA","KONAWE","PADUNGGUNI","7403","BPP Padangguni","Padangguni","124","2","3","0","7","0","12"
"SULAWESI TENGGARA","KONAWE","PONDIDAHA","7403","BPP Pondidaha","Pondidaha","139","6","3","0","20","0","29"
"SULAWESI TENGGARA","KONAWE","PURIALA","7403","BPP PURIALA","Puriala","89","2","2","0","6","0","10"
"SULAWESI TENGGARA","KONAWE","ROUTA","7403","BPP ROUTA","Routa","19","1","0","0","16","0","17"
"SULAWESI TENGGARA","KONAWE","SAMPARA","7403","BPP Sampara","Sampara","28","2","2","0","5","0","9"
"SULAWESI TENGGARA","KONAWE","SOROPIA","7403","BPP Soropia","Soropia","31","4","0","0","28","0","32"
"SULAWESI TENGGARA","KONAWE","TONGAUNA","7403","BPP TONGAUNA","Tongauna","112","5","2","0","21","0","28"
"SULAWESI TENGGARA","KONAWE","TONGAUNA UTARA","7403","BPP TONGAUNA UTARA","Tongauna Utara","133","2","3","1","11","0","17"
"SULAWESI TENGGARA","KONAWE","UEPAI","7403","BPP Uepai","Uepai","169","7","3","0","61","0","71"
"SULAWESI TENGGARA","KONAWE","UNAAHA","7403","BPP Unaaha","Unaaha","59","3","5","0","12","0","20"
"SULAWESI TENGGARA","KONAWE","WAWOTOBI","7403","BPP WAWOTOBI","Wawotobi","164","5","7","0","26","0","38"
"SULAWESI TENGGARA","KONAWE","WONGGEDUKU","7403","BPP Wonggeduku","Wonggeduku","167","5","3","1","22","0","31"
"SULAWESI TENGGARA","KONAWE","WONGGEDUKU BARAT","7403","BPP Wonggeduku Barat","Wonggeduku Barat","107","4","4","0","13","0","21"
"SULAWESI TENGGARA","KONAWE KEPULAUAN","WAWONII BARAT","7412","BPP Wawonii Barat","Wawonii Barat","55","1","0","6","0","0","7"
"SULAWESI TENGGARA","KONAWE KEPULAUAN","WAWONII SELATAN","7412","BPP Wawonii Selatan","Wawonii Selatan","60","0","0","4","0","0","4"
"SULAWESI TENGGARA","KONAWE KEPULAUAN","WAWONII TENGAH","7412","BPP Wawonii Tengah","Wawonii Tengah","33","0","1","4","0","0","5"
"SULAWESI TENGGARA","KONAWE KEPULAUAN","WAWONII TENGGARA","7412","BPP WAWONII TENGGARA","Wawonii Tenggara","46","0","1","1","0","0","2"
"SULAWESI TENGGARA","KONAWE KEPULAUAN","WAWONII TIMUR","7412","BPP Wawonii Timur","Wawonii Timur","60","0","0","4","0","0","4"
"SULAWESI TENGGARA","KONAWE KEPULAUAN","WAWONII TIMUR LAUT","7412","BPP Wawonii Timur Laut","Wawonii Timur Laut","42","0","1","3","0","0","4"
"SULAWESI TENGGARA","KONAWE KEPULAUAN","WAWONII UTARA","7412","BPP Wawonii Utara","Wawonii Utara","115","0","0","8","0","0","8"
"SULAWESI TENGGARA","KONAWE SELATAN","","7405","BPP Konda","Konda","10","","","","","",""
"SULAWESI TENGGARA","KONAWE SELATAN","ANDOOLO","7405","BPP Andoolo","Andoolo","67","5","2","0","5","0","12"
"SULAWESI TENGGARA","KONAWE SELATAN","ANDOOLO BARAT","7405","BPP Andoolo Barat","Andoolo Barat","53","3","1","1","7","0","12"
"SULAWESI TENGGARA","KONAWE SELATAN","ANGATA","7405","BPP Lamooso","Lamooso","182","8","0","0","6","0","14"
"SULAWESI TENGGARA","KONAWE SELATAN","BAITO","7405","BPP Baito","Baito","63","4","1","2","6","0","13"
"SULAWESI TENGGARA","KONAWE SELATAN","BASALA","7405","BPP Basala","Basala","90","2","1","1","6","0","10"
"SULAWESI TENGGARA","KONAWE SELATAN","BENUA","7405","BPP Benua","Benua","101","3","2","0","6","0","11"
"SULAWESI TENGGARA","KONAWE SELATAN","BUKE","7405","BPP Buke","Buke","143","5","1","2","8","0","16"
"SULAWESI TENGGARA","KONAWE SELATAN","KOLONO","7405","BPP Kolono","Kolono","50","1","1","1","7","0","10"
"SULAWESI TENGGARA","KONAWE SELATAN","KOLONO TIMUR","7405","BPP Kolono Timur","Kolono Timur","34","3","0","1","2","0","6"
"SULAWESI TENGGARA","KONAWE SELATAN","KONDA","7405","BPP Konda","Konda","171","8","2","1","11","0","22"
"SULAWESI TENGGARA","KONAWE SELATAN","LAEYA","7405","BPP Rambu-Rambu","Rambu-Rambu","142","8","2","1","1","0","12"
"SULAWESI TENGGARA","KONAWE SELATAN","LAINEA","7405","BPP Pamandati","Pamandati","90","6","1","0","5","0","12"
"SULAWESI TENGGARA","KONAWE SELATAN","LALEMBUU","7405","BPP Lalembuu","Lalembuu","140","1","4","1","6","0","12"
"SULAWESI TENGGARA","KONAWE SELATAN","LANDONO","7405","BPP Landono","Landono","77","4","2","1","2","0","9"
"SULAWESI TENGGARA","KONAWE SELATAN","LAONTI","7405","BPP Laonti","Laonti","62","2","0","0","0","0","2"
"SULAWESI TENGGARA","KONAWE SELATAN","MORAMO","7405","BPP Moramo","Moramo","132","3","5","0","6","0","14"
"SULAWESI TENGGARA","KONAWE SELATAN","MORAMO UTARA","7405","BPP Moramo Utara","Moramo Utara","57","3","1","1","5","0","10"
"SULAWESI TENGGARA","KONAWE SELATAN","MOWILA","7405","BPP Mowila","Mowila","132","5","0","3","7","0","15"
"SULAWESI TENGGARA","KONAWE SELATAN","PALANGGA","7405","BPP Palangga","Palangga","124","6","1","1","9","0","17"
"SULAWESI TENGGARA","KONAWE SELATAN","PALANGGA SELATAN","7405","BPP Palangga Selatan","Palangga Selatan","77","4","0","1","6","0","11"
"SULAWESI TENGGARA","KONAWE SELATAN","RANOMEETO","7405","BPP Ranomeeto","Ranomeeto","83","4","5","1","4","1","15"
"SULAWESI TENGGARA","KONAWE SELATAN","RANOMEETO BARAT","7405","BPP Ranomeeto Barat","Ranomeeto Barat","79","6","0","0","1","0","7"
"SULAWESI TENGGARA","KONAWE SELATAN","SABULAKOA","7405","BPP Sabulakoa","Sabulakoa","59","5","0","0","3","0","8"
"SULAWESI TENGGARA","KONAWE SELATAN","TINANGGEA","7405","BPP Ngapaaha","Ngapaaha","207","3","0","2","3","0","8"
"SULAWESI TENGGARA","KONAWE SELATAN","WOLASI","7405","BPP Wolasi","Wolasi","59","6","0","0","2","0","8"
"SULAWESI TENGGARA","KONAWE UTARA","ANDOWIA","7410","BPP Andowia","Andowia","47","0","2","2","0","0","4"
"SULAWESI TENGGARA","KONAWE UTARA","ASERA","7410","BPP Asera","Asera","46","2","0","3","0","0","5"
"SULAWESI TENGGARA","KONAWE UTARA","LANDAWE","7410","BPP Landawe","Landawe","28","2","1","3","0","0","6"
"SULAWESI TENGGARA","KONAWE UTARA","LANGGIKIMA","7410","BPP Langgikima","Langgikima","39","3","1","2","0","0","6"
"SULAWESI TENGGARA","KONAWE UTARA","LASOLO","7410","BPP Lasolo","Lasolo","23","1","1","4","0","0","6"
"SULAWESI TENGGARA","KONAWE UTARA","LASOLO KEPULAUAN","","","","","0","0","0","0","0","0"
"SULAWESI TENGGARA","KONAWE UTARA","LEMBO","7410","BPP Lembo","Lembo","32","1","0","2","0","0","3"
"SULAWESI TENGGARA","KONAWE UTARA","MOLAWE","7410","BPP Molawe","Molawe","28","2","2","1","0","0","5"
"SULAWESI TENGGARA","KONAWE UTARA","MOTUI","7410","BPP Motui","Motui","26","1","2","4","0","0","7"
"SULAWESI TENGGARA","KONAWE UTARA","OHEO","7410","BPP Oheo","Oheo","56","1","0","6","0","0","7"
"SULAWESI TENGGARA","KONAWE UTARA","SAWA","7410","BPP Sawa","Sawa","28","1","1","4","0","0","6"
"SULAWESI TENGGARA","KONAWE UTARA","WAWOLESEA","7410","BPP Wawolesea","Wawolesea","17","1","0","3","0","0","4"
"SULAWESI TENGGARA","KONAWE UTARA","WIWIRANO","7410","BPP Wiwirano","Wiwirano","29","1","0","3","0","0","4"
"SULAWESI TENGGARA","KOTA BAUBAU","","7472","Balai Penyuluhan Pertanian Bungi","Bungi","0","","","","","",""
"SULAWESI TENGGARA","KOTA BAUBAU","BATUPOARO","7472","BPP Betoambari","Betoambari","19","1","0","0","0","0","1"
"SULAWESI TENGGARA","KOTA BAUBAU","BETOAMBARI","7472","BPP Betoambari","Betoambari","34","3","0","0","0","0","3"
"SULAWESI TENGGARA","KOTA BAUBAU","BUNGI","7472","BPP Kecamatan Bungi","Kecamatan Bungi","68","6","1","0","0","0","7"
"SULAWESI TENGGARA","KOTA BAUBAU","KOKALUKUNA","7472","BPP Kokalukuna","Kokalukuna","34","4","0","0","0","0","4"
"SULAWESI TENGGARA","KOTA BAUBAU","LEA-LEA","7472","BPP Lea-Lea","Lea-Lea","48","1","2","0","0","0","3"
"SULAWESI TENGGARA","KOTA BAUBAU","MURHUM","7472","BPP Betoambari","Betoambari","19","2","0","0","0","0","2"
"SULAWESI TENGGARA","KOTA BAUBAU","SORAWOLIO","7472","BPP Sorawolio","Sorawolio","45","3","0","1","0","0","4"
"SULAWESI TENGGARA","KOTA BAUBAU","WOLIO","7472","BPP Kokalukuna","Kokalukuna","40","1","0","0","0","0","1"
"SULAWESI TENGGARA","KOTA KENDARI","ABELI","7471","BPP Abeli","Abeli","47","5","0","0","5","0","10"
"SULAWESI TENGGARA","KOTA KENDARI","BARUGA","7471","BPP Baruga","Baruga","70","7","0","0","5","0","12"
"SULAWESI TENGGARA","KOTA KENDARI","KADIA","7471","BPP Wua-Wua","Wua-Wua","33","1","0","0","1","0","2"
"SULAWESI TENGGARA","KOTA KENDARI","KAMBU","7471","BPP Kambu","Kambu","34","6","1","0","4","0","11"
"SULAWESI TENGGARA","KOTA KENDARI","KENDARI","7471","BPP Kendari","Kendari","50","5","0","0","1","0","6"
"SULAWESI TENGGARA","KOTA KENDARI","KENDARI BARAT","7471","BPP Kendari Barat","Kendari Barat","36","3","1","0","2","0","6"
"SULAWESI TENGGARA","KOTA KENDARI","MANDONGA","7471","BPP Mandonga","Mandonga","37","4","0","0","1","0","5"
"SULAWESI TENGGARA","KOTA KENDARI","NAMBO","7471","BPP Abeli","Abeli","38","3","0","0","0","0","3"
"SULAWESI TENGGARA","KOTA KENDARI","POASIA","7471","BPP Poasia","Poasia","55","5","1","0","8","0","14"
"SULAWESI TENGGARA","KOTA KENDARI","PUUWATU","7471","BPP PUUWATU","Puuwatu","60","4","1","1","3","0","9"
"SULAWESI TENGGARA","KOTA KENDARI","WUA-WUA","7471","BPP Wua-Wua","Wua-Wua","31","5","1","0","6","0","12"
"SULAWESI TENGGARA","MUNA","","7402","BPP Kabangka","Kabangka","10","","","","","",""
"SULAWESI TENGGARA","MUNA","BATALAIWORU","7402","BPP Batalaiworu","Batalaiworu","29","4","1","0","4","0","9"
"SULAWESI TENGGARA","MUNA","BATUKARA","7402","BPP Batukara","Batukara","18","2","1","0","3","0","6"
"SULAWESI TENGGARA","MUNA","BONE","7402","BPP Bone","Bone","21","4","0","0","5","0","9"
"SULAWESI TENGGARA","MUNA","DURUKA","7402","BPP Duruka","Duruka","21","6","1","0","6","0","13"
"SULAWESI TENGGARA","MUNA","KABANGKA","7402","BPP Kabangka","Kabangka","66","6","0","0","8","0","14"
"SULAWESI TENGGARA","MUNA","KABAWO","7402","BPP Kabawo","Kabawo","71","8","3","0","11","0","22"
"SULAWESI TENGGARA","MUNA","KATOBU","7402","BPP Katobu","Katobu","23","6","2","0","9","0","17"
"SULAWESI TENGGARA","MUNA","KONTUKOWUNA","7402","BPP Kontukowuna","Kontukowuna","31","5","1","1","3","0","10"
"SULAWESI TENGGARA","MUNA","KONTUNAGA","7402","BPP Kontunaga","Kontunaga","29","5","1","0","5","0","11"
"SULAWESI TENGGARA","MUNA","LASALEPA","7402","BPP Lasalepa","Lasalepa","55","8","1","0","6","0","15"
"SULAWESI TENGGARA","MUNA","LOHIA","7402","BPP Lohia","Lohia","53","8","0","0","6","0","14"
"SULAWESI TENGGARA","MUNA","MALIGANO","7402","BPP Maligano","Maligano","58","3","1","0","8","0","12"
"SULAWESI TENGGARA","MUNA","MAROBO","7402","BPP Marobo","Marobo","10","1","0","0","3","0","4"
"SULAWESI TENGGARA","MUNA","NAPABALANO","7402","BPP Napabalano","Napabalano","42","6","3","0","6","0","15"
"SULAWESI TENGGARA","MUNA","PARIGI","7402","BPP Parigi","Parigi","80","4","1","1","4","0","10"
"SULAWESI TENGGARA","MUNA","PASI KOLAGA","7402","BPP Pasikolaga","Pasikolaga","20","2","1","0","2","0","5"
"SULAWESI TENGGARA","MUNA","PASIR PUTIH","7402","BPP Pasir Putih","Pasir Putih","32","1","3","0","6","0","10"
"SULAWESI TENGGARA","MUNA","TONGKUNO","7402","BPP Tongkuno","Tongkuno","83","7","1","0","11","0","19"
"SULAWESI TENGGARA","MUNA","TONGKUNO SELATAN","7402","BPP Tongkuno Selatan","Tongkuno Selatan","47","2","2","0","5","0","9"
"SULAWESI TENGGARA","MUNA","TOWEA","7402","BPP TOWEA","Towea","11","2","0","0","2","0","4"
"SULAWESI TENGGARA","MUNA","WAKORUMBA SELATAN","7402","BPP Wokorumba Selatan","Wokorumba Selatan","39","2","1","0","5","0","8"
"SULAWESI TENGGARA","MUNA","WATOPUTE","7402","BPP Watopute","Watopute","76","9","1","0","8","0","18"
"SULAWESI TENGGARA","MUNA BARAT","BARANGKA","7413","BPP Barangka","Barangka","34","5","2","0","0","0","7"
"SULAWESI TENGGARA","MUNA BARAT","KUSAMBI","7413","BPP Kusambi","Kusambi","60","7","2","0","0","0","9"
"SULAWESI TENGGARA","MUNA BARAT","LAWA","7413","BPP Lawa","Lawa","50","6","2","0","6","0","14"
"SULAWESI TENGGARA","MUNA BARAT","MAGINTI","7413","BPP MAGINTI","Maginti","25","2","1","0","1","0","4"
"SULAWESI TENGGARA","MUNA BARAT","NAPANO KUSAMBI","7413","BPP NAPANO KUSAMBI","Napano Kusambi","37","2","4","0","0","0","6"
"SULAWESI TENGGARA","MUNA BARAT","SAWERIGADI","7413","BPP Sawerigadi","Sawerigadi","69","5","4","0","0","0","9"
"SULAWESI TENGGARA","MUNA BARAT","TIWORO KEPULAUAN","7413","BPP TIWORO KEPULAUAN","Tiworo Kepulauan","49","4","3","0","1","0","8"
"SULAWESI TENGGARA","MUNA BARAT","TIWORO SELATAN","7413","BPP Tiworo Selatan","Tiworo Selatan","40","5","0","0","10","0","15"
"SULAWESI TENGGARA","MUNA BARAT","TIWORO TENGAH","7413","BPP TIWORO TENGAH","Tiworo Tengah","61","4","4","0","0","0","8"
"SULAWESI TENGGARA","MUNA BARAT","TIWORO UTARA","7413","BPP Tondasi","Tondasi","5","3","0","0","8","0","11"
"SULAWESI TENGGARA","MUNA BARAT","WA DAGA","7413","BPP Wadaga","Wadaga","55","5","2","0","0","0","7"
"SULAWESI TENGGARA","WAKATOBI","BINONGKO","7407","BPP Binongko","Binongko","16","0","0","7","0","0","7"
"SULAWESI TENGGARA","WAKATOBI","KALEDUPA","7407","BPP Kaledupa","Kaledupa","62","0","3","10","0","0","13"
"SULAWESI TENGGARA","WAKATOBI","KALEDUPA SELATAN","7407","BPP Kaledupa Selatan","Kaledupa Selatan","25","0","1","11","0","0","12"
"SULAWESI TENGGARA","WAKATOBI","TOGO BINONGKO","7407","BPP Togo Binongko","Togo Binongko","15","0","0","4","0","0","4"
"SULAWESI TENGGARA","WAKATOBI","TOMIA","7407","BPP Tomia","Tomia","34","0","1","11","0","0","12"
"SULAWESI TENGGARA","WAKATOBI","TOMIA TIMUR","7407","Bpp Tomia Timur","Tomia Timur","49","0","1","8","0","0","9"
"SULAWESI TENGGARA","WAKATOBI","WANGI-WANGI","7407","BPP Wangi-Wangi","Wangi-Wangi","109","2","0","18","0","0","20"
"SULAWESI TENGGARA","WAKATOBI","WANGI-WANGI SELATAN","7407","BPP Wangi - Wangi Selatan","Wangi - Wangi Selatan","121","1","3","13","0","0","17"
"SULAWESI UTARA","BOLAANG MONGONDOW","BILALANG","7101","BPP Kecamatan Bilalang","Kecamatan Bilalang","61","5","0","0","2","0","7"
"SULAWESI UTARA","BOLAANG MONGONDOW","BOLAANG","7101","BPP Kecamatan Bolaang","Kecamatan Bolaang","256","2","0","0","10","0","12"
"SULAWESI UTARA","BOLAANG MONGONDOW","BOLAANG TIMUR","7101","BPP Bolaang Timur","Bolaang Timur","207","4","0","0","1","0","5"
"SULAWESI UTARA","BOLAANG MONGONDOW","DUMOGA","7101","BPP Kecamatan DUMOGA","Kecamatan Dumoga","493","3","3","0","2","0","8"
"SULAWESI UTARA","BOLAANG MONGONDOW","DUMOGA BARAT","7101","BPP Kecamatan Dumoga Barat","Kecamatan Dumoga Barat","299","4","0","0","4","0","8"
"SULAWESI UTARA","BOLAANG MONGONDOW","DUMOGA TENGAH","7101","BPP KECAMATAN DUMOGA TENGAH","Kecamatan Dumoga Tengah","123","2","1","0","2","3","8"
"SULAWESI UTARA","BOLAANG MONGONDOW","DUMOGA TENGGARA","7101","BPP KECAMATAN DUMOGA TENGGARA","Kecamatan Dumoga Tenggara","176","2","3","0","5","0","10"
"SULAWESI UTARA","BOLAANG MONGONDOW","DUMOGA TIMUR","7101","BPP Dumoga Timur","Dumoga Timur","398","2","3","0","1","2","8"
"SULAWESI UTARA","BOLAANG MONGONDOW","DUMOGA UTARA","7101","BPP KECAMATAN DUMOGA UTARA","Kecamatan Dumoga Utara","113","4","1","0","9","0","14"
"SULAWESI UTARA","BOLAANG MONGONDOW","LOLAK","7101","BPP Lolak","Lolak","318","9","0","0","4","0","13"
"SULAWESI UTARA","BOLAANG MONGONDOW","LOLAYAN","7101","BPP Kecamatan Lolayan","Kecamatan Lolayan","372","5","1","0","11","0","17"
"SULAWESI UTARA","BOLAANG MONGONDOW","PASSI BARAT","7101","BPP Kecamatan Passi Barat","Kecamatan Passi Barat","210","6","0","0","10","0","16"
"SULAWESI UTARA","BOLAANG MONGONDOW","PASSI TIMUR","7101","BPP Kecamatan Passi Timur","Kecamatan Passi Timur","158","6","1","0","0","0","7"
"SULAWESI UTARA","BOLAANG MONGONDOW","POIGAR","7101","BPP Kecamatan Poigar","Kecamatan Poigar","302","6","0","0","20","0","26"
"SULAWESI UTARA","BOLAANG MONGONDOW","SANGTOMBOLANG","7101","BPP Kecamatan Sang Tombolang","Kecamatan Sang Tombolang","155","4","0","1","5","0","10"
"SULAWESI UTARA","BOLAANG MONGONDOW SELATAN","BOLAANG UKI","7110","BPP Bolaang Uki","Bolaang Uki","177","4","8","4","0","0","16"
"SULAWESI UTARA","BOLAANG MONGONDOW SELATAN","HELUMO","7110","BPP HELUMO","Helumo","113","3","5","2","7","0","17"
"SULAWESI UTARA","BOLAANG MONGONDOW SELATAN","PINOLOSIAN","7110","BPP Pinolosian","Pinolosian","143","1","5","5","3","0","14"
"SULAWESI UTARA","BOLAANG MONGONDOW SELATAN","PINOLOSIAN TENGAH","7110","BPP Pinolosian Tengah","Pinolosian Tengah","101","1","2","5","0","0","8"
"SULAWESI UTARA","BOLAANG MONGONDOW SELATAN","PINOLOSIAN TIMUR","7110","BPP Pinolosian Timur","Pinolosian Timur","97","2","1","4","6","0","13"
"SULAWESI UTARA","BOLAANG MONGONDOW SELATAN","POSIGADAN","7110","BPP Posigadan","Posigadan","160","1","5","7","9","0","22"
"SULAWESI UTARA","BOLAANG MONGONDOW SELATAN","TOMINI","7110","BPP TOMINI","Tomini","89","1","4","6","3","0","14"
"SULAWESI UTARA","BOLAANG MONGONDOW TIMUR","KOTABUNAN","7111","BPP Kotabunan","Kotabunan","157","6","0","0","10","0","16"
"SULAWESI UTARA","BOLAANG MONGONDOW TIMUR","MODAYAG","7111","BPP Modayag","Modayag","99","6","2","0","26","0","34"
"SULAWESI UTARA","BOLAANG MONGONDOW TIMUR","MODAYAG BARAT","7111","BPP Modayag Barat","Modayag Barat","85","6","0","0","7","0","13"
"SULAWESI UTARA","BOLAANG MONGONDOW TIMUR","MOOAT","7111","BPP Mooat","Mooat","128","6","0","0","1","0","7"
"SULAWESI UTARA","BOLAANG MONGONDOW TIMUR","MOTONGKAD","7111","BPP Motongkad","Motongkad","80","4","0","0","0","0","4"
"SULAWESI UTARA","BOLAANG MONGONDOW TIMUR","NUANGAN","7111","BPP Nuangan.","Nuangan.","98","4","1","0","18","0","23"
"SULAWESI UTARA","BOLAANG MONGONDOW TIMUR","TUTUYAN","7111","BPP Tutuyan","Tutuyan","123","4","2","0","10","0","16"
"SULAWESI UTARA","BOLAANG MONGONDOW UTARA","BINTAUNA","7107","BPP Bintauna","Bintauna","141","13","0","1","8","0","22"
"SULAWESI UTARA","BOLAANG MONGONDOW UTARA","BOLANG ITANG BARAT","7107","BPP Bolangitang Barat","Bolangitang Barat","108","13","1","6","10","0","30"
"SULAWESI UTARA","BOLAANG MONGONDOW UTARA","BOLANG ITANG TIMUR","7107","BPP Bolangitang Timur","Bolangitang Timur","168","18","2","2","2","0","24"
"SULAWESI UTARA","BOLAANG MONGONDOW UTARA","KAIDIPANG","7107","BPP Kaidipang","Kaidipang","121","12","0","6","13","1","32"
"SULAWESI UTARA","BOLAANG MONGONDOW UTARA","PINOGALUMAN","7107","BPP Kecamatan Pinogaluman","Kecamatan Pinogaluman","110","21","4","1","3","0","29"
"SULAWESI UTARA","BOLAANG MONGONDOW UTARA","SANGKUB","7107","BPP Kecamatan Sangkub","Kecamatan Sangkub","158","13","1","0","9","0","23"
"SULAWESI UTARA","KEPULAUAN SANGIHE","KENDAHE","7103","Kendahe","Kendahe","38","1","0","0","12","0","13"
"SULAWESI UTARA","KEPULAUAN SANGIHE","KEPULAUAN MARORE","7103","Kawio","Kawio","8","1","0","0","6","0","7"
"SULAWESI UTARA","KEPULAUAN SANGIHE","MANGANITU (HIUNG)","7103","Hiung","Hiung","33","2","0","0","20","0","22"
"SULAWESI UTARA","KEPULAUAN SANGIHE","MANGANITU (KAUHIS)","7103","BPP Kauhis","Kauhis","31","1","1","0","0","0","2"
"SULAWESI UTARA","KEPULAUAN SANGIHE","MANGANITU SELATAN","7103","Laine","Laine","53","1","0","0","13","0","14"
"SULAWESI UTARA","KEPULAUAN SANGIHE","NUSA TABUKAN","7103","bukide","bukide","5","1","0","0","0","0","1"
"SULAWESI UTARA","KEPULAUAN SANGIHE","TABUKAN SELATAN","7103","BPP Birahi","Birahi","27","2","0","0","3","0","5"
"SULAWESI UTARA","KEPULAUAN SANGIHE","TABUKAN SELATAN TENGAH","7103","Salurang","Salurang","16","2","0","0","1","0","3"
"SULAWESI UTARA","KEPULAUAN SANGIHE","TABUKAN SELATAN TENGGARA","7103","Basauh","Basauh","24","2","0","0","0","0","2"
"SULAWESI UTARA","KEPULAUAN SANGIHE","TABUKAN TENGAH (BIRU)","7103","Biru","Biru","23","1","1","0","0","0","2"
"SULAWESI UTARA","KEPULAUAN SANGIHE","TABUKAN TENGAH (KUMA)","7103","Kuma","Kuma","31","3","0","0","5","0","8"
"SULAWESI UTARA","KEPULAUAN SANGIHE","TABUKAN UTARA (MALA)","7103","Mala","Mala","67","3","1","0","1","0","5"
"SULAWESI UTARA","KEPULAUAN SANGIHE","TABUKAN UTARA (TAROLANG)","7103","BPP Tarolang","Tarolang","45","1","1","0","1","0","3"
"SULAWESI UTARA","KEPULAUAN SANGIHE","TAHUNA","7103","Manente","Manente","60","2","0","0","0","0","2"
"SULAWESI UTARA","KEPULAUAN SANGIHE","TAHUNA BARAT","7103","Mitung","Mitung","66","3","0","0","5","0","8"
"SULAWESI UTARA","KEPULAUAN SANGIHE","TAHUNA TIMUR","7103","BPP Tona I","Tona I","10","1","0","0","7","0","8"
"SULAWESI UTARA","KEPULAUAN SANGIHE","TAMAKO (DAGHO)","7103","BPP Dagho","Dagho","17","2","0","0","0","0","2"
"SULAWESI UTARA","KEPULAUAN SANGIHE","TAMAKO (LELIPANG)","7103","Lelipang","Lelipang","40","2","0","0","2","0","4"
"SULAWESI UTARA","KEPULAUAN SANGIHE","TATOARENG","7103","Mahengetang","Mahengetang","11","1","0","0","0","0","1"
"SULAWESI UTARA","KEPULAUAN TALAUD","","7104","BPP","BPP","10","","","","","",""
"SULAWESI UTARA","KEPULAUAN TALAUD","BEO","7104","BPP Kecamatan Beo","Kecamatan Beo","81","2","0","21","2","0","25"
"SULAWESI UTARA","KEPULAUAN TALAUD","BEO SELATAN","7104","BPP Beo Selatan","Beo Selatan","88","4","1","13","1","0","19"
"SULAWESI UTARA","KEPULAUAN TALAUD","BEO UTARA","7104","BPP Beo Utara","Beo Utara","66","2","0","19","2","0","23"
"SULAWESI UTARA","KEPULAUAN TALAUD","DAMAU","7104","BPP Damau","Damau","84","3","0","4","1","0","8"
"SULAWESI UTARA","KEPULAUAN TALAUD","ESSANG","7104","BPP Essang","Essang","45","2","0","7","0","0","9"
"SULAWESI UTARA","KEPULAUAN TALAUD","ESSANG SELATAN","7104","BPP Kecamatan Essang Selatan","Kecamatan Essang Selatan","65","2","0","5","2","0","9"
"SULAWESI UTARA","KEPULAUAN TALAUD","GEMEH","7104","BPP Gemeh","Gemeh","78","3","0","3","1","0","7"
"SULAWESI UTARA","KEPULAUAN TALAUD","KABARUAN","7104","BPP Kabaruan","Kabaruan","58","3","0","9","8","0","20"
"SULAWESI UTARA","KEPULAUAN TALAUD","KALONGAN","7104","BPP Kalongan","Kalongan","64","0","0","4","0","0","4"
"SULAWESI UTARA","KEPULAUAN TALAUD","LIRUNG","7104","BPP Lirung","Lirung","55","2","0","2","0","0","4"
"SULAWESI UTARA","KEPULAUAN TALAUD","MELONGUANE","7104","BPP Melonguane","Melonguane","141","2","2","19","7","0","30"
"SULAWESI UTARA","KEPULAUAN TALAUD","MELONGUANE TIMUR","7104","BPP Melonguane Timur","Melonguane Timur","80","3","0","1","3","0","7"
"SULAWESI UTARA","KEPULAUAN TALAUD","MIANGAS","","","","","0","0","0","0","0","0"
"SULAWESI UTARA","KEPULAUAN TALAUD","MORONGE","7104","BPP Moronge","Moronge","31","1","1","2","2","0","6"
"SULAWESI UTARA","KEPULAUAN TALAUD","NANUSA","7104","BPP Nanusa","Nanusa","58","0","0","1","1","0","2"
"SULAWESI UTARA","KEPULAUAN TALAUD","PULUTAN","7104","BPP Pulutan","Pulutan","50","2","1","5","0","0","8"
"SULAWESI UTARA","KEPULAUAN TALAUD","RAINIS","7104","BPP Rainis","Rainis","63","3","1","11","0","0","15"
"SULAWESI UTARA","KEPULAUAN TALAUD","SALIBABU","7104","BPP Salibabu","Salibabu","35","1","0","5","1","0","7"
"SULAWESI UTARA","KEPULAUAN TALAUD","TAMPAN AMMA","7104","BPP Tampan Amma","Tampan Amma","61","1","0","4","1","0","6"
"SULAWESI UTARA","KOTA BITUNG","AERTEMBAGA","7172","Aertembaga","Aertembaga","74","2","1","0","7","0","10"
"SULAWESI UTARA","KOTA BITUNG","GIRIAN","7172","Girian","Girian","43","2","0","0","4","0","6"
"SULAWESI UTARA","KOTA BITUNG","LEMBEH SELATAN","7172","Lembeh Selatan","Lembeh Selatan","51","1","1","0","6","0","8"
"SULAWESI UTARA","KOTA BITUNG","LEMBEH UTARA","7172","Lembeh Utara","Lembeh Utara","57","2","0","0","3","0","5"
"SULAWESI UTARA","KOTA BITUNG","MADIDIR","7172","Madidir","Madidir","33","2","0","0","5","0","7"
"SULAWESI UTARA","KOTA BITUNG","MAESA","7172","Maesa","Maesa","42","2","0","0","3","0","5"
"SULAWESI UTARA","KOTA BITUNG","MATUARI","7172","Matuari","Matuari","111","2","1","0","8","0","11"
"SULAWESI UTARA","KOTA BITUNG","RANOWULU","7172","Ranowulu","Ranowulu","136","3","1","0","20","0","24"
"SULAWESI UTARA","KOTA KOTAMOBAGU","KOTAMOBAGU BARAT","7174","BPP Kotamobagu Barat","Kotamobagu Barat","64","4","0","0","6","0","10"
"SULAWESI UTARA","KOTA KOTAMOBAGU","KOTAMOBAGU SELATAN","7174","BPP Kotamobagu Selatan","Kotamobagu Selatan","220","5","1","0","7","0","13"
"SULAWESI UTARA","KOTA KOTAMOBAGU","KOTAMOBAGU TIMUR","7174","BPP Kotamobagu Timur","Kotamobagu Timur","166","6","1","0","10","0","17"
"SULAWESI UTARA","KOTA KOTAMOBAGU","KOTAMOBAGU UTARA","7174","BPP Kotamobagu Utara","Kotamobagu Utara","94","4","2","0","6","0","12"
"SULAWESI UTARA","KOTA MANADO","","7171","BPP Singkil-Tuminting","Singkil-Tuminting","0","","","","","",""
"SULAWESI UTARA","KOTA MANADO","BUNAKEN","7171","BPP Bunaken","Bunaken","53","4","1","0","1","0","6"
"SULAWESI UTARA","KOTA MANADO","BUNAKEN KEPULAUAN","7171","BPP Bunaken","Bunaken","9","0","0","0","0","0","0"
"SULAWESI UTARA","KOTA MANADO","MALALAYANG","7171","BPP Malalayang","Malalayang","38","1","4","0","1","0","6"
"SULAWESI UTARA","KOTA MANADO","MAPANGET","7171","BPP Kec Mapanget","Kec Mapanget","115","4","3","0","5","0","12"
"SULAWESI UTARA","KOTA MANADO","PAAL DUA","7171","BPP Kecamatan Tikala, Wenang, Paal-Dua","Kecamatan Tikala, Wenang, Paal-Dua","20","0","0","0","0","0","0"
"SULAWESI UTARA","KOTA MANADO","SARIO","7171","BPP Kecamatan Sario-Wanea","Kecamatan Sario-Wanea","8","2","0","0","0","0","2"
"SULAWESI UTARA","KOTA MANADO","SINGKIL","","","","","0","0","0","0","0","0"
"SULAWESI UTARA","KOTA MANADO","TIKALA","7171","BPP Kecamatan Tikala, Wenang, Paal-Dua","Kecamatan Tikala, Wenang, Paal-Dua","10","2","0","0","2","0","4"
"SULAWESI UTARA","KOTA MANADO","TUMINTING","","","","","3","0","0","0","0","3"
"SULAWESI UTARA","KOTA MANADO","WANEA","7171","BPP Kecamatan Sario-Wanea","Kecamatan Sario-Wanea","19","0","1","0","2","0","3"
"SULAWESI UTARA","KOTA MANADO","WENANG","7171","BPP Kecamatan Tikala, Wenang, Paal-Dua","Kecamatan Tikala, Wenang, Paal-Dua","8","2","0","0","0","0","2"
"SULAWESI UTARA","KOTA TOMOHON","TOMOHON BARAT","7173","Tomohon Barat","Tomohon Barat","152","9","1","0","8","0","18"
"SULAWESI UTARA","KOTA TOMOHON","TOMOHON SELATAN","7173","BPP Tomohon Selatan","Tomohon Selatan","114","12","2","0","12","0","26"
"SULAWESI UTARA","KOTA TOMOHON","TOMOHON TENGAH","7173","Tomohon Tengah","Tomohon Tengah","105","7","1","0","9","0","17"
"SULAWESI UTARA","KOTA TOMOHON","TOMOHON TIMUR","7173","Tomohon Timur","Tomohon Timur","101","8","0","0","5","0","13"
"SULAWESI UTARA","KOTA TOMOHON","TOMOHON UTARA","7173","Tomohon Utara","Tomohon Utara","181","8","1","0","9","0","18"
"SULAWESI UTARA","MINAHASA","ERIS","7102","BPP Eris","Eris","77","4","0","0","8","0","12"
"SULAWESI UTARA","MINAHASA","KAKAS","7102","BPP Kakas","Kakas","111","5","2","0","0","0","7"
"SULAWESI UTARA","MINAHASA","KAKAS BARAT","7102","BPP Kakas Barat","Kakas Barat","114","3","0","0","8","0","11"
"SULAWESI UTARA","MINAHASA","KAWANGKOAN","7102","BPP Kawangkoan","Kawangkoan","97","3","0","1","0","0","4"
"SULAWESI UTARA","MINAHASA","KAWANGKOAN BARAT","7102","Kawangkoan Barat","Kawangkoan Barat","99","3","0","0","7","0","10"
"SULAWESI UTARA","MINAHASA","KAWANGKOAN UTARA","7102","BPP Kawangkoan Utara","Kawangkoan Utara","41","3","0","0","9","0","12"
"SULAWESI UTARA","MINAHASA","KOMBI","7102","Kombi","Kombi","87","4","0","0","3","0","7"
"SULAWESI UTARA","MINAHASA","LANGOWAN BARAT","7102","Langowan Barat","Langowan Barat","235","2","2","0","9","0","13"
"SULAWESI UTARA","MINAHASA","LANGOWAN SELATAN","7102","Langowan Selatan","Langowan Selatan","64","5","0","0","10","0","15"
"SULAWESI UTARA","MINAHASA","LANGOWAN TIMUR","7102","BPP Langowan Timur","Langowan Timur","61","4","0","0","5","0","9"
"SULAWESI UTARA","MINAHASA","LANGOWAN UTARA","7102","BPP Langowan Utara","Langowan Utara","88","2","0","0","8","0","10"
"SULAWESI UTARA","MINAHASA","LEMBEAN TIMUR","7102","Lembean Timur","Lembean Timur","88","3","1","0","0","0","4"
"SULAWESI UTARA","MINAHASA","MANDOLANG","7102","BPP Mandolang","Mandolang","40","4","2","0","10","0","16"
"SULAWESI UTARA","MINAHASA","PINELENG","7102","Pineleng","Pineleng","36","3","2","0","5","0","10"
"SULAWESI UTARA","MINAHASA","REMBOKEN","7102","Remboken","Remboken","126","4","1","0","8","0","13"
"SULAWESI UTARA","MINAHASA","SONDER","7102","Sonder","Sonder","162","4","1","0","6","0","11"
"SULAWESI UTARA","MINAHASA","TOMBARIRI","7102","BPP Tombariri","Tombariri","77","3","2","0","9","0","14"
"SULAWESI UTARA","MINAHASA","TOMBARIRI TIMUR","7102","BPP Tombariri Timur","Tombariri Timur","64","2","2","0","6","0","10"
"SULAWESI UTARA","MINAHASA","TOMBULU","7102","Tombulu","Tombulu","70","5","1","0","11","0","17"
"SULAWESI UTARA","MINAHASA","TOMPASO","7102","Tompaso","Tompaso","83","3","0","1","7","0","11"
"SULAWESI UTARA","MINAHASA","TOMPASO BARAT","7102","Tompaso Barat","Tompaso Barat","94","3","1","1","6","0","11"
"SULAWESI UTARA","MINAHASA","TONDANO BARAT","7102","Tondano Barat","Tondano Barat","78","4","0","0","9","0","13"
"SULAWESI UTARA","MINAHASA","TONDANO SELATAN","7102","BPP Tondano Selatan","Tondano Selatan","83","4","1","0","7","0","12"
"SULAWESI UTARA","MINAHASA","TONDANO TIMUR","7102","Tondano Timur","Tondano Timur","146","4","0","0","0","0","4"
"SULAWESI UTARA","MINAHASA","TONDANO UTARA","7102","Tondano Utara","Tondano Utara","75","2","1","1","8","0","12"
"SULAWESI UTARA","MINAHASA SELATAN","","7105","BPP Sinonsayang","Sinonsayang","10","","","","","",""
"SULAWESI UTARA","MINAHASA SELATAN","AMURANG","7105","BPP Amurang","Amurang","140","2","1","0","0","0","3"
"SULAWESI UTARA","MINAHASA SELATAN","AMURANG BARAT","7105","BPP Amurang Barat","Amurang Barat","358","6","4","0","1","0","11"
"SULAWESI UTARA","MINAHASA SELATAN","AMURANG TIMUR","7105","BPP Amurang Timur","Amurang Timur","223","4","1","0","1","0","6"
"SULAWESI UTARA","MINAHASA SELATAN","KUMELEMBUAI","7105","BPP Kumelembuai","Kumelembuai","153","5","0","0","0","0","5"
"SULAWESI UTARA","MINAHASA SELATAN","MAESAAN","7105","BPP Maesaan","Maesaan","400","3","0","2","1","0","6"
"SULAWESI UTARA","MINAHASA SELATAN","MODOINDING","7105","BPP Modoinding","Modoinding","266","5","1","0","0","0","6"
"SULAWESI UTARA","MINAHASA SELATAN","MOTOLING","7105","BPP Motoling","Motoling","185","3","1","1","0","0","5"
"SULAWESI UTARA","MINAHASA SELATAN","MOTOLING BARAT","7105","BPP Motoling Barat","Motoling Barat","158","3","2","0","0","0","5"
"SULAWESI UTARA","MINAHASA SELATAN","MOTOLING TIMUR","7105","BPP Motoling Timur","Motoling Timur","128","2","2","0","0","0","4"
"SULAWESI UTARA","MINAHASA SELATAN","RANOYAPO","7105","BPP Ranoyapo","Ranoyapo","350","3","1","0","7","0","11"
"SULAWESI UTARA","MINAHASA SELATAN","SINONSAYANG","7105","BPP Sinonsayang","Sinonsayang","229","3","2","0","5","0","10"
"SULAWESI UTARA","MINAHASA SELATAN","SULTA","7105","BPP Suluun Tareran","Suluun Tareran","120","4","0","0","0","0","4"
"SULAWESI UTARA","MINAHASA SELATAN","TARERAN","7105","BPP Tareran","Tareran","202","3","4","0","0","0","7"
"SULAWESI UTARA","MINAHASA SELATAN","TATAPAAN","7105","BPP Tatapaan","Tatapaan","213","4","3","0","1","0","8"
"SULAWESI UTARA","MINAHASA SELATAN","TENGA","7105","BPP Tenga","Tenga","386","4","2","0","9","0","15"
"SULAWESI UTARA","MINAHASA SELATAN","TOMPASO BARU","7105","BPP Tompaso Baru","Tompaso Baru","361","3","0","2","5","0","10"
"SULAWESI UTARA","MINAHASA SELATAN","TUMPAAN","7105","BPP Tumpaan","Tumpaan","249","3","4","0","6","0","13"
"SULAWESI UTARA","MINAHASA TENGGARA","BELANG","7109","Belang","Belang","153","2","0","0","1","0","3"
"SULAWESI UTARA","MINAHASA TENGGARA","PASAN","7109","Pasan","Pasan","184","1","1","1","2","0","5"
"SULAWESI UTARA","MINAHASA TENGGARA","PUSOMAEN","7109","Pusomaen","Pusomaen","161","1","1","0","2","0","4"
"SULAWESI UTARA","MINAHASA TENGGARA","RATAHAN","7109","Ratahan","Ratahan","190","6","0","0","2","0","8"
"SULAWESI UTARA","MINAHASA TENGGARA","RATAHAN TIMUR","7109","Ratahan Timur","Ratahan Timur","113","3","0","0","2","0","5"
"SULAWESI UTARA","MINAHASA TENGGARA","RATATOTOK","7109","Ratatotok","Ratatotok","129","1","0","0","1","0","2"
"SULAWESI UTARA","MINAHASA TENGGARA","SILIAN RAYA","7109","Silian Raya","Silian Raya","111","2","0","0","2","0","4"
"SULAWESI UTARA","MINAHASA TENGGARA","TOMBATU","7109","Tombatu","Tombatu","102","1","1","0","2","0","4"
"SULAWESI UTARA","MINAHASA TENGGARA","TOMBATU TIMUR","7109","Tombatu Timur","Tombatu Timur","231","3","1","0","3","0","7"
"SULAWESI UTARA","MINAHASA TENGGARA","TOMBATU UTARA","7109","BPP Kecamatan Tombatu Utara","Kecamatan Tombatu Utara","163","2","1","1","2","0","6"
"SULAWESI UTARA","MINAHASA TENGGARA","TOULUAAN","7109","BPP Touluaan","Touluaan","135","2","1","1","3","0","7"
"SULAWESI UTARA","MINAHASA TENGGARA","TOULUAAN SELATAN","7109","Touluaan Selatan","Touluaan Selatan","72","2","0","0","1","0","3"
"SULAWESI UTARA","MINAHASA UTARA","AIRMADIDI","7106","BPP Kecamatan Airmadidi","Kecamatan Airmadidi","162","4","2","1","0","0","7"
"SULAWESI UTARA","MINAHASA UTARA","DIMEMBE","7106","BPP Kecamatan Dimembe","Kecamatan Dimembe","385","7","0","0","1","0","8"
"SULAWESI UTARA","MINAHASA UTARA","KALAWAT","7106","BPP Kecamatan Kalawat","Kecamatan Kalawat","133","5","0","0","0","0","5"
"SULAWESI UTARA","MINAHASA UTARA","KAUDITAN","7106","BPP Kecamatan Kauditan","Kecamatan Kauditan","423","3","3","0","1","0","7"
"SULAWESI UTARA","MINAHASA UTARA","KEMA","7106","BPP Kecamatan Kema","Kecamatan Kema","214","4","0","0","1","0","5"
"SULAWESI UTARA","MINAHASA UTARA","LIKUPANG BARAT","7106","BPP Kecamatan Likupang Barat","Kecamatan Likupang Barat","155","5","0","0","0","0","5"
"SULAWESI UTARA","MINAHASA UTARA","LIKUPANG SELATAN","7106","BPP Kecamatan Likupang Selatan","Kecamatan Likupang Selatan","203","6","2","0","0","0","8"
"SULAWESI UTARA","MINAHASA UTARA","LIKUPANG TIMUR","7106","BPP Kecamatan Likupang Timur","Kecamatan Likupang Timur","369","2","1","0","0","0","3"
"SULAWESI UTARA","MINAHASA UTARA","TALAWAAN","7106","BPP Kecamatan Talawaan","Kecamatan Talawaan","200","5","2","0","0","0","7"
"SULAWESI UTARA","MINAHASA UTARA","WORI","7106","BPP Kecamatan Wori","Kecamatan Wori","157","3","1","0","0","0","4"
"SULAWESI UTARA","SIAU TAGULANDANG BIARO","BIARO","7108","Biaro","Biaro","1","1","0","0","1","0","2"
"SULAWESI UTARA","SIAU TAGULANDANG BIARO","SIAU BARAT","7108","Siau Barat","Siau Barat","5","1","0","0","0","0","1"
"SULAWESI UTARA","SIAU TAGULANDANG BIARO","SIAU BARAT SELATAN","7108","Siau Barat Selatan","Siau Barat Selatan","9","1","0","0","1","0","2"
"SULAWESI UTARA","SIAU TAGULANDANG BIARO","SIAU BARAT UTARA","7108","Siau Barat Utara","Siau Barat Utara","1","2","0","0","0","0","2"
"SULAWESI UTARA","SIAU TAGULANDANG BIARO","SIAU TENGAH","7108","Siau Tengah","Siau Tengah","2","1","0","0","2","0","3"
"SULAWESI UTARA","SIAU TAGULANDANG BIARO","SIAU TIMUR","7108","Siau Timur","Siau Timur","13","0","0","1","1","0","2"
"SULAWESI UTARA","SIAU TAGULANDANG BIARO","SIAU TIMUR SELATAN","7108","Siau Timur Selatan","Siau Timur Selatan","9","1","0","0","1","0","2"
"SULAWESI UTARA","SIAU TAGULANDANG BIARO","TAGULANDANG","7108","Tagulandang","Tagulandang","24","1","0","0","0","0","1"
"SULAWESI UTARA","SIAU TAGULANDANG BIARO","TAGULANDANG SELATAN","7108","Tagulandang Selatan","Tagulandang Selatan","1","1","0","0","0","0","1"
"SULAWESI UTARA","SIAU TAGULANDANG BIARO","TAGULANDANG UTARA","7108","Tagulandang Utara","Tagulandang Utara","2","0","0","0","0","0","0"
"SUMATERA BARAT","AGAM","AMPEK ANGKEK","1307","BPP Kecamatan Ampek Angkek","Kecamatan Ampek Angkek","134","6","2","0","15","0","23"
"SUMATERA BARAT","AGAM","AMPEK NAGARI","1307","BPP Kecamatan Ampek Nagari","Kecamatan Ampek Nagari","129","2","2","0","10","0","14"
"SUMATERA BARAT","AGAM","BANUHAMPU","1307","BPP Kecamatan Banuhampu","Kecamatan Banuhampu","99","4","0","1","20","0","25"
"SUMATERA BARAT","AGAM","BASO","1307","BPP Kecamatan Baso","Kecamatan Baso","164","2","3","0","16","0","21"
"SUMATERA BARAT","AGAM","CANDUANG","1307","Bpp Kecamatan Candung","Kecamatan Candung","175","2","2","1","13","0","18"
"SUMATERA BARAT","AGAM","IV KOTO","1307","BPP Kecamatan IV Koto","Kecamatan IV Koto","139","4","0","1","14","0","19"
"SUMATERA BARAT","AGAM","KAMANG MAGEK","1307","BPP Kecamatan Kamang Magek","Kecamatan Kamang Magek","164","3","1","0","8","0","12"
"SUMATERA BARAT","AGAM","LUBUK BASUNG","1307","BPP Kecamatan Lubuk Basung","Kecamatan Lubuk Basung","283","7","1","1","19","0","28"
"SUMATERA BARAT","AGAM","MALALAK","1307","BPP Kecamatan Malalak","Kecamatan Malalak","91","2","2","1","10","0","15"
"SUMATERA BARAT","AGAM","MATUR","1307","BPP Kecamatan Matur","Kecamatan Matur","134","2","3","1","11","0","17"
"SUMATERA BARAT","AGAM","PALEMBAYAN","1307","BPP Kecamatan Palembayan","Kecamatan Palembayan","300","3","3","1","16","0","23"
"SUMATERA BARAT","AGAM","PALUPUH","1307","BPP Kecamatan Palupuh","Kecamatan Palupuh","164","2","2","0","11","0","15"
"SUMATERA BARAT","AGAM","SUNGAI PUA","1307","BPP Kecamatan Sungai Pua","Kecamatan Sungai Pua","110","3","2","0","11","0","16"
"SUMATERA BARAT","AGAM","TANJUNG MUTIARA","1307","BPP Kecamatan Tanjung Mutiara","Kecamatan Tanjung Mutiara","108","4","2","1","14","0","21"
"SUMATERA BARAT","AGAM","TANJUNG RAYA","1307","BPP Kecamatan Tanjung Raya","Kecamatan Tanjung Raya","160","4","0","1","14","0","19"
"SUMATERA BARAT","AGAM","TILATANG KAMANG","1307","BPP Kecamatan Tilatang Kamang","Kecamatan Tilatang Kamang","142","3","0","1","16","0","20"
"SUMATERA BARAT","DHARMASRAYA","ASAM JUJUHAN","1311","BPP Asam Jujuhan","Asam Jujuhan","66","3","1","0","5","0","9"
"SUMATERA BARAT","DHARMASRAYA","IX KOTO","1311","BPP Sembilan Koto","Sembilan Koto","103","0","4","0","7","0","11"
"SUMATERA BARAT","DHARMASRAYA","KOTO BARU","1311","BPP Koto Baru","Koto Baru","162","2","5","0","5","0","12"
"SUMATERA BARAT","DHARMASRAYA","KOTO BESAR","1311","BPP Koto Besar","Koto Besar","215","3","1","0","7","0","11"
"SUMATERA BARAT","DHARMASRAYA","KOTO SALAK","1311","BPP Koto Salak","Koto Salak","118","3","2","0","5","0","10"
"SUMATERA BARAT","DHARMASRAYA","PADANG LAWEH","1311","BPP Padang Laweh","Padang Laweh","64","4","2","0","1","0","7"
"SUMATERA BARAT","DHARMASRAYA","PULAU PUNJUNG","1311","BPP Pulau Punjung","Pulau Punjung","230","2","4","0","6","0","12"
"SUMATERA BARAT","DHARMASRAYA","SITIUNG","1311","BPP SITIUNG","Sitiung","201","2","4","0","4","0","10"
"SUMATERA BARAT","DHARMASRAYA","SUNGAI RUMBAI","1311","BPP Sungai Rumbai","Sungai Rumbai","102","3","1","0","4","0","8"
"SUMATERA BARAT","DHARMASRAYA","TIMPEH","1311","BPP Timpeh","Timpeh","127","3","3","0","4","0","10"
"SUMATERA BARAT","DHARMASRAYA","TIUMANG","1311","BPP Tiumang","Tiumang","168","5","0","0","4","0","9"
"SUMATERA BARAT","KEPULAUAN MENTAWAI","PAGAI SELATAN","1301","BPP Pagai Selatan","Pagai Selatan","40","2","0","7","0","0","9"
"SUMATERA BARAT","KEPULAUAN MENTAWAI","PAGAI UTARA","1301","BPP Sikakap","Sikakap","18","2","0","0","0","0","2"
"SUMATERA BARAT","KEPULAUAN MENTAWAI","SEBERUT BARAT DAYA","1301","BPP Siberut Selatan","Siberut Selatan","22","0","0","1","0","0","1"
"SUMATERA BARAT","KEPULAUAN MENTAWAI","SIBERUT BARAT","1301","BPP Siberut Selatan","Siberut Selatan","38","0","0","3","0","0","3"
"SUMATERA BARAT","KEPULAUAN MENTAWAI","SIBERUT SELATAN","1301","BPP Siberut Selatan","Siberut Selatan","33","9","0","6","0","0","15"
"SUMATERA BARAT","KEPULAUAN MENTAWAI","SIBERUT TENGAH","1301","BPP Siberut Tengah","Siberut Tengah","25","7","0","7","0","0","14"
"SUMATERA BARAT","KEPULAUAN MENTAWAI","SIBERUT UTARA","1301","BPP Siberut Tengah","Siberut Tengah","40","0","0","4","0","0","4"
"SUMATERA BARAT","KEPULAUAN MENTAWAI","SIKAKAP","1301","BPP Sikakap","Sikakap","31","4","0","6","0","0","10"
"SUMATERA BARAT","KEPULAUAN MENTAWAI","SIPORA SELATAN","1301","BPP Sipora Selatan","Sipora Selatan","71","6","0","8","0","0","14"
"SUMATERA BARAT","KEPULAUAN MENTAWAI","SIPORA UTARA","1301","BPP Sipora Utara","Sipora Utara","62","5","0","7","0","0","12"
"SUMATERA BARAT","KOTA BUKITTINGGI","AUR BIRUGO TIGO BALEH","1375","BPP Mandiangin Koto Selayan","Mandiangin Koto Selayan","40","0","0","0","0","0","0"
"SUMATERA BARAT","KOTA BUKITTINGGI","GUGUK PANJANG","1375","BPP Mandiangin Koto Selayan","Mandiangin Koto Selayan","33","0","0","0","0","0","0"
"SUMATERA BARAT","KOTA BUKITTINGGI","MANDIANGIN KOTO SELAYAN","1375","BPP Mandiangin Koto Selayan","Mandiangin Koto Selayan","78","6","2","0","10","0","18"
"SUMATERA BARAT","KOTA PADANG","BUNGUS TELUK KABUNG","1371","BPP Marapalam","Marapalam","54","0","0","0","0","0","0"
"SUMATERA BARAT","KOTA PADANG","KOTO TANGAH","1371","BPP Koto Tangah","Koto Tangah","172","3","5","0","6","0","14"
"SUMATERA BARAT","KOTA PADANG","KURANJI","1371","BPP Nanggalo","Nanggalo","161","1","1","0","0","0","2"
"SUMATERA BARAT","KOTA PADANG","LUBUK BEGALUNG","1371","BPP Marapalam","Marapalam","33","1","0","0","0","0","1"
"SUMATERA BARAT","KOTA PADANG","LUBUK KILANGAN","1371","BPP Marapalam","Marapalam","45","0","0","0","0","0","0"
"SUMATERA BARAT","KOTA PADANG","NANGGALO","1371","BPP Nanggalo","Nanggalo","40","6","1","0","14","0","21"
"SUMATERA BARAT","KOTA PADANG","PADANG BARAT","1371","BPP Nanggalo","Nanggalo","6","0","0","0","0","0","0"
"SUMATERA BARAT","KOTA PADANG","PADANG SELATAN","1371","BPP Marapalam","Marapalam","28","1","0","0","1","0","2"
"SUMATERA BARAT","KOTA PADANG","PADANG TIMUR","1371","BPP Marapalam","Marapalam","20","8","4","0","22","0","34"
"SUMATERA BARAT","KOTA PADANG","PADANG UTARA","1371","BPP Nanggalo","Nanggalo","9","0","0","0","0","0","0"
"SUMATERA BARAT","KOTA PADANG","PAUH","1371","BPP Marapalam","Marapalam","90","0","1","0","0","0","1"
"SUMATERA BARAT","KOTA PADANG PANJANG","PADANG PANJANG BARAT","1374","BPP Silaing","Silaing","50","4","3","0","4","0","11"
"SUMATERA BARAT","KOTA PADANG PANJANG","PADANG PANJANG TIMUR","1374","BPP Ganting","Ganting","100","6","3","0","12","0","21"
"SUMATERA BARAT","KOTA PARIAMAN","PARIAMAN SELATAN","1377","BPP Pariaman Selatan","Pariaman Selatan","60","4","5","0","7","0","16"
"SUMATERA BARAT","KOTA PARIAMAN","PARIAMAN TENGAH","1377","BPP Pariaman Tengah","Pariaman Tengah","72","6","3","0","7","0","16"
"SUMATERA BARAT","KOTA PARIAMAN","PARIAMAN TIMUR","1377","BPP Pariaman Timur","Pariaman Timur","60","5","3","0","6","0","14"
"SUMATERA BARAT","KOTA PARIAMAN","PARIAMAN UTARA","1377","BPP Pariaman Utara","Pariaman Utara","73","5","3","0","12","0","20"
"SUMATERA BARAT","KOTA PAYAKUMBUH","LAMPOSI TIGO NAGORI","1376","BPP Lamposi Tigo Nagori","Lamposi Tigo Nagori","40","3","3","0","1","0","7"
"SUMATERA BARAT","KOTA PAYAKUMBUH","PAYAKUMBUH BARAT","1376","BPP Payakumbuh Barat","Payakumbuh Barat","48","6","4","0","1","0","11"
"SUMATERA BARAT","KOTA PAYAKUMBUH","PAYAKUMBUH SELATAN","1376","BPP Payakumbuh Selatan","Payakumbuh Selatan","54","6","2","0","1","0","9"
"SUMATERA BARAT","KOTA PAYAKUMBUH","PAYAKUMBUH TIMUR","1376","BPP Payakumbuh Timur","Payakumbuh Timur","63","5","4","0","2","0","11"
"SUMATERA BARAT","KOTA PAYAKUMBUH","PAYAKUMBUH UTARA","1376","BPP Payakumbuh Utara","Payakumbuh Utara","55","3","6","0","1","0","10"
"SUMATERA BARAT","KOTA SAWAH LUNTO","BARANGIN","1373","BPP Kecamatan Barangin","Kecamatan Barangin","94","6","4","0","10","0","20"
"SUMATERA BARAT","KOTA SAWAH LUNTO","LEMBAH SEGAR","1373","BPP Lembah Segar","Lembah Segar","55","6","1","0","6","0","13"
"SUMATERA BARAT","KOTA SAWAH LUNTO","SILUNGKANG","1373","BPP Silungkang","Silungkang","56","5","1","0","4","0","10"
"SUMATERA BARAT","KOTA SAWAH LUNTO","TALAWI","1373","BPP Talawi","Talawi","129","7","2","0","11","0","20"
"SUMATERA BARAT","KOTA SOLOK","LUBUK SIKARAH","1372","BPP Kecamatan Lubuk Sikarah","Kecamatan Lubuk Sikarah","57","6","1","0","4","0","11"
"SUMATERA BARAT","KOTA SOLOK","TANJUNG HARAPAN","1372","BPP Kecamatan Tanjung Harapan","Kecamatan Tanjung Harapan","31","3","1","0","4","0","8"
"SUMATERA BARAT","LIMA PULUH KOTA","AKABILURU","1308","BPP Akabiluru","Akabiluru","158","4","5","0","9","0","18"
"SUMATERA BARAT","LIMA PULUH KOTA","BUKIK BARISAN","1308","BPP Bukik Barisan","Bukik Barisan","221","3","5","0","12","0","20"
"SUMATERA BARAT","LIMA PULUH KOTA","GUGUAK","1308","BPP Guguak","Guguak","162","6","2","0","12","0","20"
"SUMATERA BARAT","LIMA PULUH KOTA","GUNUANG OMEH","1308","BPP Gunuang Omeh","Gunuang Omeh","121","4","1","0","7","0","12"
"SUMATERA BARAT","LIMA PULUH KOTA","HARAU","1308","BPP Kecamatan Harau","Kecamatan Harau","259","13","6","0","17","0","36"
"SUMATERA BARAT","LIMA PULUH KOTA","KAPUR IX","1308","BPP Kapur IX","Kapur IX","191","2","18","1","7","0","28"
"SUMATERA BARAT","LIMA PULUH KOTA","LAREH SAGO HALABAN","1308","BPP Lareh Sago Halaban","Lareh Sago Halaban","223","9","4","0","16","0","29"
"SUMATERA BARAT","LIMA PULUH KOTA","LUAK","1308","BPP Luak","Luak","120","3","3","0","8","0","14"
"SUMATERA BARAT","LIMA PULUH KOTA","MUNGKA","1308","BPP Mungka","Mungka","92","4","3","0","9","0","16"
"SUMATERA BARAT","LIMA PULUH KOTA","PANGKALAN KOTO BARU","1308","BPP Pangkalan Koto Baru","Pangkalan Koto Baru","105","4","2","0","11","0","17"
"SUMATERA BARAT","LIMA PULUH KOTA","PAYAKUMBUH","1308","BPP Kecamatan Payakumbuh","Kecamatan Payakumbuh","144","9","3","0","14","0","26"
"SUMATERA BARAT","LIMA PULUH KOTA","SITUJUAH LIMO NAGARI","1308","BPP Situjuah Limo Nagari","Situjuah Limo Nagari","98","6","7","0","9","0","22"
"SUMATERA BARAT","LIMA PULUH KOTA","SULIKI","1308","BPP Suliki","Suliki","98","3","4","0","17","0","24"
"SUMATERA BARAT","PADANG PARIAMAN","2 X 11 ENAM LINGKUNG","1306","BPP 2 x 11 Enam Lingkung","2 x 11 Enam Lingkung","52","2","1","0","5","0","8"
"SUMATERA BARAT","PADANG PARIAMAN","2 X 11 KAYU TANAM","1306","BPP 2 x 11 Kayutanam","2 x 11 Kayutanam","85","3","2","0","7","0","12"
"SUMATERA BARAT","PADANG PARIAMAN","BATANG ANAI","1306","BPP Batang Anai","Batang Anai","113","2","2","0","6","0","10"
"SUMATERA BARAT","PADANG PARIAMAN","BATANG GASAN","1306","BPP Batang Gasan","Batang Gasan","49","2","2","0","2","0","6"
"SUMATERA BARAT","PADANG PARIAMAN","ENAM LINGKUNG","1306","BPP Enam Lingkung","Enam Lingkung","61","3","0","0","5","0","8"
"SUMATERA BARAT","PADANG PARIAMAN","IV KOTO AUR MALINTANG","1306","BPP Kecamatan IV Koto Aur Malintang","Kecamatan IV Koto Aur Malintang","88","3","1","0","6","0","10"
"SUMATERA BARAT","PADANG PARIAMAN","LUBUK ALUNG","1306","BPP Lubuk Alung","Lubuk Alung","133","5","1","0","9","0","15"
"SUMATERA BARAT","PADANG PARIAMAN","NAN SABARIS","1306","BPP Nan Sabaris","Nan Sabaris","105","0","6","0","14","0","20"
"SUMATERA BARAT","PADANG PARIAMAN","PADANG SAGO","1306","BPP Padang Sago","Padang Sago","41","0","3","0","7","0","10"
"SUMATERA BARAT","PADANG PARIAMAN","PATAMUAN","1306","BPP Kecamatan VII Koto Patamuan","Kecamatan VII Koto Patamuan","77","1","2","0","2","0","5"
"SUMATERA BARAT","PADANG PARIAMAN","SINTUK TOBOH GADANG","1306","BPP Sintuk Toboh Gadang","Sintuk Toboh Gadang","63","2","1","0","4","0","7"
"SUMATERA BARAT","PADANG PARIAMAN","SUNGAI GERINGGING","1306","BPP Sungai Geringging","Sungai Geringging","102","0","4","0","8","0","12"
"SUMATERA BARAT","PADANG PARIAMAN","SUNGAI LIMAU","1306","BPP Sungai Limau","Sungai Limau","90","2","2","0","8","0","12"
"SUMATERA BARAT","PADANG PARIAMAN","ULAKAN TAPAKIS","1306","BPP Ulakan Tapakis","Ulakan Tapakis","84","2","2","0","9","0","13"
"SUMATERA BARAT","PADANG PARIAMAN","V KOTO KP DALAM","1306","BPP V Koto Kampung Dalam","V Koto Kampung Dalam","83","1","3","0","4","0","8"
"SUMATERA BARAT","PADANG PARIAMAN","V KOTO TIMUR","1306","BPP V Koto Timur","V Koto Timur","64","2","1","0","4","0","7"
"SUMATERA BARAT","PADANG PARIAMAN","VII KOTO SUNGAI SARIAK","1306","BPP VII Koto Sungai Sarik","VII Koto Sungai Sarik","128","3","1","0","4","0","8"
"SUMATERA BARAT","PASAMAN","BONJOL","1309","BPP Bonjol","Bonjol","107","8","0","0","2","0","10"
"SUMATERA BARAT","PASAMAN","DUA KOTO","1309","BPP Duo Koto","Duo Koto","204","7","0","2","7","0","16"
"SUMATERA BARAT","PASAMAN","LUBUK SIKAPING","1309","BPP Lubuk Sikaping","Lubuk Sikaping","194","6","3","3","5","0","17"
"SUMATERA BARAT","PASAMAN","MAPAT TUNGGUL","1309","BPP Mapat Tunggul","Mapat Tunggul","81","3","0","1","1","0","5"
"SUMATERA BARAT","PASAMAN","MAPAT TUNGGUL SELATAN","1309","BPP Mapat Tunggul Selatan","Mapat Tunggul Selatan","86","2","0","3","0","0","5"
"SUMATERA BARAT","PASAMAN","PADANG GELUGUR","1309","BPP Padang Gelugur","Padang Gelugur","204","4","1","3","6","0","14"
"SUMATERA BARAT","PASAMAN","PANTI","1309","BPP Panti","Panti","233","5","2","3","5","0","15"
"SUMATERA BARAT","PASAMAN","RAO","1309","BPP Rao","Rao","116","3","1","2","5","0","11"
"SUMATERA BARAT","PASAMAN","RAO SELATAN","1309","BPP Rao Selatan","Rao Selatan","154","3","2","3","2","0","10"
"SUMATERA BARAT","PASAMAN","RAO UTARA","1309","BPP Rao Utara","Rao Utara","105","3","0","3","3","0","9"
"SUMATERA BARAT","PASAMAN","SIMPANG ALAHAN MATI","1309","BPP Simpang Alahan Mati","Simpang Alahan Mati","106","3","3","1","5","0","12"
"SUMATERA BARAT","PASAMAN","TIGO NAGARI","1309","BPP Tigo Nagari","Tigo Nagari","159","4","1","1","5","0","11"
"SUMATERA BARAT","PASAMAN BARAT","GUNUNG TULEH","1312","BPP Kecamatan Gunung Tuleh","Kecamatan Gunung Tuleh","115","2","5","2","2","0","11"
"SUMATERA BARAT","PASAMAN BARAT","KINALI","1312","BPP Kecamatan Kinali","Kecamatan Kinali","249","2","3","9","3","0","17"
"SUMATERA BARAT","PASAMAN BARAT","KOTO BALINGKA","1312","BPP Kecamatan Koto Balingka","Kecamatan Koto Balingka","172","1","3","6","4","0","14"
"SUMATERA BARAT","PASAMAN BARAT","LEMBAH MALINTANG","1312","BPP Kecamatan Lembah Melintang","Kecamatan Lembah Melintang","166","1","5","4","3","0","13"
"SUMATERA BARAT","PASAMAN BARAT","LUHAK NAN DUO","1312","BPP Kecamatan Luhak Nan Duo","Kecamatan Luhak Nan Duo","269","4","1","10","2","0","17"
"SUMATERA BARAT","PASAMAN BARAT","PASAMAN","1312","BPP Kecamatan Pasaman","Kecamatan Pasaman","271","8","1","7","4","0","20"
"SUMATERA BARAT","PASAMAN BARAT","RANAH BATAHAN","1312","BPP Kecamatan Ranah Batahan","Kecamatan Ranah Batahan","197","2","1","9","3","0","15"
"SUMATERA BARAT","PASAMAN BARAT","SASAK RANAH PASISIE","1312","BPP Kecamatan Sasak Ranah Pasisie","Kecamatan Sasak Ranah Pasisie","68","4","0","5","2","0","11"
"SUMATERA BARAT","PASAMAN BARAT","SUNGAI AUR","1312","BPP Kecamatan Sungai Aur","Kecamatan Sungai Aur","180","2","1","3","3","0","9"
"SUMATERA BARAT","PASAMAN BARAT","SUNGAI BEREMAS","1312","BPP Kecamatan Sungai Beremas","Kecamatan Sungai Beremas","60","1","2","5","2","0","10"
"SUMATERA BARAT","PASAMAN BARAT","TALAMAU","1312","BPP Kecamatan Talamau","Kecamatan Talamau","220","6","0","8","3","0","17"
"SUMATERA BARAT","PESISIR SELATAN","AIRPURA","1302","BPP Airpura","Airpura","157","1","6","0","7","0","14"
"SUMATERA BARAT","PESISIR SELATAN","BASA AMPEK BALAI TAPAN","1302","BPP Basa Ampek Balai Tapan","Basa Ampek Balai Tapan","79","2","1","0","8","0","11"
"SUMATERA BARAT","PESISIR SELATAN","BATANG KAPAS","1302","BPP BATANG KAPAS","Batang Kapas","120","1","3","0","12","0","16"
"SUMATERA BARAT","PESISIR SELATAN","BAYANG","1302","BPP Bayang","Bayang","138","3","4","0","15","0","22"
"SUMATERA BARAT","PESISIR SELATAN","IV JURAI","1302","BPP IV Jurai","IV Jurai","134","2","3","0","24","0","29"
"SUMATERA BARAT","PESISIR SELATAN","IV NAGARI BAYANG UTARA","1302","BPP Bayu","Bayu","52","3","1","0","5","0","9"
"SUMATERA BARAT","PESISIR SELATAN","KOTO XI TARUSAN","1302","BPP Koto XI Tarusan","Koto XI Tarusan","130","3","3","0","20","0","26"
"SUMATERA BARAT","PESISIR SELATAN","LENGAYANG","1302","BPP Lengayang","Lengayang","245","5","5","0","16","0","26"
"SUMATERA BARAT","PESISIR SELATAN","LINGGO SARI BAGANTI","1302","BPP Linggo Sari Baganti","Linggo Sari Baganti","271","2","10","0","22","0","34"
"SUMATERA BARAT","PESISIR SELATAN","LUNANG","1302","BPP Lunang","Lunang","129","2","2","0","4","0","8"
"SUMATERA BARAT","PESISIR SELATAN","PANCUNG SOAL","1302","BPP Kecamatan Pancung Soal","Kecamatan Pancung Soal","169","2","3","0","11","0","16"
"SUMATERA BARAT","PESISIR SELATAN","RANAH AMPEK HULU TAPAN","1302","BPP Ranah Ampek Hulu Tapan","Ranah Ampek Hulu Tapan","82","0","4","1","9","0","14"
"SUMATERA BARAT","PESISIR SELATAN","RANAH PESISIR","1302","BPP Ranah Pesisir","Ranah Pesisir","246","5","7","0","10","0","22"
"SUMATERA BARAT","PESISIR SELATAN","SILAUT","1302","BPP Silaut","Silaut","88","0","2","0","10","0","12"
"SUMATERA BARAT","PESISIR SELATAN","SUTERA","1302","BPP Sutera","Sutera","235","3","8","0","16","0","27"
"SUMATERA BARAT","SIJUNJUNG","IV NAGARI","1304","BPP IV Nagari","IV Nagari","104","4","2","5","4","0","15"
"SUMATERA BARAT","SIJUNJUNG","KAMANG BARU","1304","BPP Kamang Baru","Kamang Baru","311","6","1","6","11","0","24"
"SUMATERA BARAT","SIJUNJUNG","KOTO TUJUH","1304","BPP Koto VII","Koto VII","200","2","4","5","14","0","25"
"SUMATERA BARAT","SIJUNJUNG","KUPITAN","1304","BPP KUPITAN","Kupitan","81","2","2","3","4","0","11"
"SUMATERA BARAT","SIJUNJUNG","LUBUK TAROK","1304","BPP Lubuk Tarok","Lubuk Tarok","189","2","3","3","6","0","14"
"SUMATERA BARAT","SIJUNJUNG","SIJUNJUNG","1304","BPP Sijunjung","Sijunjung","235","4","4","8","9","0","25"
"SUMATERA BARAT","SIJUNJUNG","SUMPUR KUDUS","1304","BPP Sumpur Kudus","Sumpur Kudus","300","3","7","4","11","0","25"
"SUMATERA BARAT","SIJUNJUNG","TANJUNG GADANG","1304","BPP Tanjung Gadang","Tanjung Gadang","226","9","3","1","9","0","22"
"SUMATERA BARAT","SOLOK","BUKIT SUNDI","1303","BPP Bukit Sundi","Bukit Sundi","117","3","2","0","5","0","10"
"SUMATERA BARAT","SOLOK","DANAU KEMBAR","1303","BPP Danau Kembar","Danau Kembar","95","0","4","0","2","0","6"
"SUMATERA BARAT","SOLOK","GUNUNG TALANG","1303","BPP Gunung Talang","Gunung Talang","234","4","4","0","8","0","16"
"SUMATERA BARAT","SOLOK","HILIRAN GUMANTI","1303","BPP Hiliran Gumanti","Hiliran Gumanti","173","1","4","0","3","0","8"
"SUMATERA BARAT","SOLOK","IX KOTO SUNGAI LASI","1303","BPP IX Koto Sungai Lasi","IX Koto Sungai Lasi","82","3","2","0","9","0","14"
"SUMATERA BARAT","SOLOK","JUNJUNG SIRIH","1303","BPP Junjung Sirih","Junjung Sirih","49","2","1","0","2","0","5"
"SUMATERA BARAT","SOLOK","KUBUNG","1303","BPP Kubung","Kubung","224","6","1","0","9","0","16"
"SUMATERA BARAT","SOLOK","LEMBAH GUMANTI","1303","BPP Lembah Gumanti","Lembah Gumanti","170","2","6","0","4","0","12"
"SUMATERA BARAT","SOLOK","LEMBANG JAYA","1303","BPP Lembang Jaya","Lembang Jaya","157","3","3","0","6","0","12"
"SUMATERA BARAT","SOLOK","PANTAI CERMIN","1303","BPP Pantai Cermin","Pantai Cermin","115","1","4","0","2","0","7"
"SUMATERA BARAT","SOLOK","PAYUNG SEKAKI","1303","BPP Payung Sekaki","Payung Sekaki","76","3","1","0","3","0","7"
"SUMATERA BARAT","SOLOK","TIGO LURAH","1303","BPP Tigo Lurah","Tigo Lurah","96","2","1","1","5","0","9"
"SUMATERA BARAT","SOLOK","X KOTO DIATAS","1303","BPP X Koto Diatas","X Koto Diatas","126","4","2","0","9","0","15"
"SUMATERA BARAT","SOLOK","X KOTO SINGKARAK","1303","BPP X Koto Singkarak","X Koto Singkarak","135","3","5","0","9","0","17"
"SUMATERA BARAT","SOLOK SELATAN","KOTO PARIK GADANG DIATEH","1310","BPP Koto Parik Gadang Diateh","Koto Parik Gadang Diateh","278","5","5","0","15","0","25"
"SUMATERA BARAT","SOLOK SELATAN","PAUAH DUO","1310","BPP Pauh Duo","Pauh Duo","242","5","3","0","4","0","12"
"SUMATERA BARAT","SOLOK SELATAN","SANGIR","1310","Sangir","Sangir","513","6","6","0","4","0","16"
"SUMATERA BARAT","SOLOK SELATAN","SANGIR BALAI JANGGO","1310","BPP Sangir Balai Janggo","Sangir Balai Janggo","125","0","4","0","4","0","8"
"SUMATERA BARAT","SOLOK SELATAN","SANGIR BATANG HARI","1310","BPP Sangir Batang Hari","Sangir Batang Hari","138","4","3","0","10","0","17"
"SUMATERA BARAT","SOLOK SELATAN","SANGIR JUJUAN","1310","BPP Sangir Jujuan","Sangir Jujuan","213","4","3","0","5","0","12"
"SUMATERA BARAT","SOLOK SELATAN","SUNGAI PAGU","1310","Sungai Pagu","Sungai Pagu","263","5","6","0","12","0","23"
"SUMATERA BARAT","TANAH DATAR","BATIPUH","1305","BPP Batipuh","Batipuh","154","3","2","0","8","0","13"
"SUMATERA BARAT","TANAH DATAR","BATIPUH SELATAN","1305","BPP Batipuh Selatan","Batipuh Selatan","105","2","2","0","3","0","7"
"SUMATERA BARAT","TANAH DATAR","LIMA KAUM","1305","BPP Lima Kaum","Lima Kaum","136","2","3","0","6","0","11"
"SUMATERA BARAT","TANAH DATAR","LINTAU BUO","1305","BPP Lintau Buo","Lintau Buo","105","2","3","0","5","0","10"
"SUMATERA BARAT","TANAH DATAR","LINTAU BUO UTARA","1305","BPP Lintau Buo Utara","Lintau Buo Utara","211","1","7","0","6","0","14"
"SUMATERA BARAT","TANAH DATAR","PADANG GANTING","1305","BPP Padang Ganting","Padang Ganting","84","2","2","1","2","0","7"
"SUMATERA BARAT","TANAH DATAR","PARIANGAN","1305","BPP Pariangan","Pariangan","138","3","3","0","6","0","12"
"SUMATERA BARAT","TANAH DATAR","RAMBATAN","1305","BPP Rambatan","Rambatan","192","2","4","0","3","0","9"
"SUMATERA BARAT","TANAH DATAR","SALIMPAUNG","1305","BPP Salimpaung","Salimpaung","164","1","5","0","5","0","11"
"SUMATERA BARAT","TANAH DATAR","SEPULUH KOTO","1305","BPP X Koto","X Koto","226","3","3","0","2","0","8"
"SUMATERA BARAT","TANAH DATAR","SUNGAI TARAB","1305","BPP Sungai Tarab","Sungai Tarab","191","2","8","0","4","0","14"
"SUMATERA BARAT","TANAH DATAR","SUNGAYANG","1305","BPP Sungayang","Sungayang","94","1","6","0","2","0","9"
"SUMATERA BARAT","TANAH DATAR","TANJUNG BARU","1305","BPP Tanjung Baru","Tanjung Baru","120","3","2","0","1","0","6"
"SUMATERA BARAT","TANAH DATAR","TANJUNG EMAS","1305","BPP Tanjung Emas","Tanjung Emas","143","1","3","0","4","0","8"
"SUMATERA SELATAN","BANYUASIN","AIR KUMBANG","1607","BPP Air Kumbang","Air Kumbang","212","8","1","3","16","0","28"
"SUMATERA SELATAN","BANYUASIN","AIR SALEH","1607","BPP Air Salek","Air Salek","357","5","4","3","14","0","26"
"SUMATERA SELATAN","BANYUASIN","BANYUASIN I","1607","BPP Mariana","Mariana","166","7","1","5","0","0","13"
"SUMATERA SELATAN","BANYUASIN","BANYUASIN II","1607","BPP Banyusin II","Banyusin II","155","5","0","5","10","0","20"
"SUMATERA SELATAN","BANYUASIN","BANYUASIN III","1607","BPP Pangkalan Balai","Pangkalan Balai","339","7","4","11","26","0","48"
"SUMATERA SELATAN","BANYUASIN","BETUNG","1607","BPP Betung","Betung","184","5","2","4","10","0","21"
"SUMATERA SELATAN","BANYUASIN","KARANG AGUNG ILIR","1607","BPP Karang Agung Ilir","Karang Agung Ilir","183","3","0","3","0","0","6"
"SUMATERA SELATAN","BANYUASIN","MAKARTI JAYA","1607","BPP Makarti Jaya","Makarti Jaya","265","3","6","3","12","0","24"
"SUMATERA SELATAN","BANYUASIN","MUARA PADANG","1607","BPP Muara Padang","Muara Padang","266","5","1","11","14","0","31"
"SUMATERA SELATAN","BANYUASIN","MUARA SUGIHAN","1607","BPP Muara Sugihan","Muara Sugihan","322","4","3","14","20","0","41"
"SUMATERA SELATAN","BANYUASIN","MUARA TELANG","1607","BPP Muara Telang","Muara Telang","424","7","2","14","0","0","23"
"SUMATERA SELATAN","BANYUASIN","PULAU RIMAU","1607","BPP Pulau Rimau","Pulau Rimau","261","2","3","10","28","0","43"
"SUMATERA SELATAN","BANYUASIN","RAMBUTAN","1607","BPP Rambutan","Rambutan","249","7","3","8","6","0","24"
"SUMATERA SELATAN","BANYUASIN","RANTAU BAYUR","1607","BPP Rantau Bayur","Rantau Bayur","313","4","2","15","21","0","42"
"SUMATERA SELATAN","BANYUASIN","SELAT PENUGUAN","1607","BPP Selat Penuguan","Selat Penuguan","190","4","1","8","4","0","17"
"SUMATERA SELATAN","BANYUASIN","SEMBAWA","1607","BPP Sembawa","Sembawa","150","6","6","4","11","0","27"
"SUMATERA SELATAN","BANYUASIN","SUAK TAPEH","1607","BPP Suak Tapeh","Suak Tapeh","159","4","5","3","11","0","23"
"SUMATERA SELATAN","BANYUASIN","SUMBER MARGA TELANG","1607","BPP Sumber Marga Telang","Sumber Marga Telang","302","5","2","7","10","0","24"
"SUMATERA SELATAN","BANYUASIN","TALANG KELAPA","1607","BPP Air Batu","Air Batu","132","9","2","8","0","0","19"
"SUMATERA SELATAN","BANYUASIN","TANJUNG LAGO","1607","BPP Tanjung Lago","Tanjung Lago","224","5","3","5","6","0","19"
"SUMATERA SELATAN","BANYUASIN","TUNGKAL ILIR","1607","BPP Karang Agung Ulu","Karang Agung Ulu","229","6","1","5","14","0","26"
"SUMATERA SELATAN","EMPAT LAWANG","LINTANG KANAN","1611","Lintang Kanan","Lintang Kanan","173","2","2","3","1","0","8"
"SUMATERA SELATAN","EMPAT LAWANG","MUARA PINANG","1611","BPP PINANG EMAS KECAMATAN MUARA PINANG","Pinang Emas Kecamatan Muara Pinang","266","3","2","10","2","0","17"
"SUMATERA SELATAN","EMPAT LAWANG","PASEMAH AIR KERUH","1611","SUBAN AIR PANAS","Suban AIR Panas","327","1","5","5","2","0","13"
"SUMATERA SELATAN","EMPAT LAWANG","PENDOPO","1611","NANTI AGUNG","Nanti Agung","227","0","4","3","1","0","8"
"SUMATERA SELATAN","EMPAT LAWANG","PENDOPO BARAT","1611","Pobar Jaya","Pobar Jaya","38","1","0","5","0","0","6"
"SUMATERA SELATAN","EMPAT LAWANG","SALING","1611","Lubuk Tudung","Lubuk Tudung","64","4","0","2","1","0","7"
"SUMATERA SELATAN","EMPAT LAWANG","SIKAP DALAM","1611","BPP TUAH KAGEDE","Tuah Kagede","101","2","0","4","2","0","8"
"SUMATERA SELATAN","EMPAT LAWANG","TALANG PADANG","1611","Curug Batu Betiang","Curug Batu Betiang","109","3","2","4","1","0","10"
"SUMATERA SELATAN","EMPAT LAWANG","TEBING TINGGI","1611","Pancaran Musi","Pancaran Musi","167","7","4","5","2","0","18"
"SUMATERA SELATAN","EMPAT LAWANG","ULU MUSI","1611","Batu Lintang","Batu Lintang","147","2","1","6","3","0","12"
"SUMATERA SELATAN","KOTA LUBUKLINGGAU","LUBUK LINGGAU BARAT I","1674","BPP Kayu Ara","Kayu Ara","35","7","0","8","1","0","16"
"SUMATERA SELATAN","KOTA LUBUKLINGGAU","LUBUK LINGGAU BARAT II","1674","BPP Kayu Ara","Kayu Ara","11","0","0","0","0","0","0"
"SUMATERA SELATAN","KOTA LUBUKLINGGAU","LUBUK LINGGAU SELATAN I","1674","BPP Rahma","Rahma","74","10","0","10","2","0","22"
"SUMATERA SELATAN","KOTA LUBUKLINGGAU","LUBUK LINGGAU SELATAN II","1674","BPP Rahma","Rahma","58","0","0","0","0","0","0"
"SUMATERA SELATAN","KOTA LUBUKLINGGAU","LUBUK LINGGAU TIMUR I","1674","Taba Pingin","Taba Pingin","34","13","0","5","0","0","18"
"SUMATERA SELATAN","KOTA LUBUKLINGGAU","LUBUK LINGGAU TIMUR II","1674","Taba Pingin","Taba Pingin","35","0","0","2","0","0","2"
"SUMATERA SELATAN","KOTA LUBUKLINGGAU","LUBUK LINGGAU UTARA I","1674","BPP Petanang","Petanang","68","12","0","12","5","0","29"
"SUMATERA SELATAN","KOTA LUBUKLINGGAU","LUBUK LINGGAU UTARA II","1674","BPP Petanang","Petanang","42","1","0","1","0","0","2"
"SUMATERA SELATAN","KOTA PAGAR ALAM","DEMPO SELATAN","1673","ATUNG BUNGSU","Atung Bungsu","223","7","1","6","4","0","18"
"SUMATERA SELATAN","KOTA PAGAR ALAM","DEMPO TENGAH","1673","BPP Lembah Dempo","Lembah Dempo","158","6","0","7","3","0","16"
"SUMATERA SELATAN","KOTA PAGAR ALAM","DEMPO UTARA","1673","Mitra Tani","Mitra Tani","263","8","1","5","15","0","29"
"SUMATERA SELATAN","KOTA PAGAR ALAM","PAGAR ALAM SELATAN","1673","Tani Sejahtera","Tani Sejahtera","102","7","1","8","7","0","23"
"SUMATERA SELATAN","KOTA PAGAR ALAM","PAGAR ALAM UTARA","1673","Tani Makmur","Tani Makmur","154","9","1","9","4","0","23"
"SUMATERA SELATAN","KOTA PALEMBANG","ALANG ALANG LEBAR","1671","BPP Talang Betutu","Talang Betutu","20","1","1","1","0","0","3"
"SUMATERA SELATAN","KOTA PALEMBANG","BUKIT KECIL","1671","BPP Gandus","Gandus","4","1","0","0","0","0","1"
"SUMATERA SELATAN","KOTA PALEMBANG","GANDUS","1671","BPP Gandus","Gandus","62","6","1","7","2","0","16"
"SUMATERA SELATAN","KOTA PALEMBANG","ILIR BARAT I","1671","BPP Gandus","Gandus","25","2","0","2","0","0","4"
"SUMATERA SELATAN","KOTA PALEMBANG","ILIR BARAT II","1671","BPP Gandus","Gandus","5","0","0","0","0","0","0"
"SUMATERA SELATAN","KOTA PALEMBANG","ILIR TIMUR I","1671","BPP Talang Betutu","Talang Betutu","2","0","0","0","0","0","0"
"SUMATERA SELATAN","KOTA PALEMBANG","ILIR TIMUR II","1671","BPP Sekojo","Sekojo","15","0","0","0","0","0","0"
"SUMATERA SELATAN","KOTA PALEMBANG","ILIR TIMUR III","1671","BPP Sekojo","Sekojo","5","0","0","0","0","0","0"
"SUMATERA SELATAN","KOTA PALEMBANG","JAKABARING","1671","BPP SEBERANG ULU","Seberang ULU","3","0","0","1","0","0","1"
"SUMATERA SELATAN","KOTA PALEMBANG","KALIDONI","1671","BPP Sekojo","Sekojo","34","1","0","2","0","0","3"
"SUMATERA SELATAN","KOTA PALEMBANG","KEMUNING","1671","BPP Talang Betutu","Talang Betutu","6","0","0","1","0","0","1"
"SUMATERA SELATAN","KOTA PALEMBANG","KERTAPATI","1671","BPP SEBERANG ULU","Seberang ULU","46","2","1","6","0","0","9"
"SUMATERA SELATAN","KOTA PALEMBANG","PLAJU","1671","BPP SEBERANG ULU","Seberang ULU","17","4","0","3","2","0","9"
"SUMATERA SELATAN","KOTA PALEMBANG","SAKO","1671","BPP Sekojo","Sekojo","14","1","0","1","0","0","2"
"SUMATERA SELATAN","KOTA PALEMBANG","SEBERANG ULU I","1671","BPP SEBERANG ULU","Seberang ULU","10","0","0","0","0","0","0"
"SUMATERA SELATAN","KOTA PALEMBANG","SEBERANG ULU II","1671","BPP SEBERANG ULU","Seberang ULU","14","0","1","2","0","0","3"
"SUMATERA SELATAN","KOTA PALEMBANG","SEMATANG BORANG","1671","BPP Sekojo","Sekojo","15","9","0","3","1","0","13"
"SUMATERA SELATAN","KOTA PALEMBANG","SUKARAMI","1671","BPP Talang Betutu","Talang Betutu","50","6","2","7","6","0","21"
"SUMATERA SELATAN","KOTA PRABUMULIH","CAMBAI","1672","BPP CAMBAI","Cambai","64","3","1","4","2","0","10"
"SUMATERA SELATAN","KOTA PRABUMULIH","PRABUMULIH BARAT","1672","BPP PRABUMULIH BARAT","Prabumulih Barat","119","2","4","2","1","0","9"
"SUMATERA SELATAN","KOTA PRABUMULIH","PRABUMULIH SELATAN","1672","BPP Prabumulih Selatan","Prabumulih Selatan","62","3","1","1","1","0","6"
"SUMATERA SELATAN","KOTA PRABUMULIH","PRABUMULIH TIMUR","1672","BPP Prabumulih Timur","Prabumulih Timur","113","8","1","2","1","0","12"
"SUMATERA SELATAN","KOTA PRABUMULIH","PRABUMULIH UTARA","1672","BPP Prabumulih Utara","Prabumulih Utara","46","4","1","2","1","0","8"
"SUMATERA SELATAN","KOTA PRABUMULIH","RAMBANG KAPAK TENGAH","1672","BPP Rambang Kapak Tengah","Rambang Kapak Tengah","104","3","4","1","0","0","8"
"SUMATERA SELATAN","LAHAT","GUMAY TALANG","1604","Gumay Talang","Gumay Talang","114","7","3","8","2","0","20"
"SUMATERA SELATAN","LAHAT","GUMAY ULU","1604","Pulau Pinang","Pulau Pinang","70","0","1","2","1","0","4"
"SUMATERA SELATAN","LAHAT","JARAI","1604","Jarai","Jarai","200","6","0","6","6","0","18"
"SUMATERA SELATAN","LAHAT","KIKIM BARAT","1604","Kikim Tengah","Kikim Tengah","129","0","1","0","0","0","1"
"SUMATERA SELATAN","LAHAT","KIKIM SELATAN","1604","Kikim Selatan","Kikim Selatan","141","3","2","6","3","0","14"
"SUMATERA SELATAN","LAHAT","KIKIM TENGAH","1604","Kikim Tengah","Kikim Tengah","77","9","0","13","2","0","24"
"SUMATERA SELATAN","LAHAT","KIKIM TIMUR","1604","Kikim Timur","Kikim Timur","191","4","5","8","0","0","17"
"SUMATERA SELATAN","LAHAT","KOTA AGUNG","1604","Tanjung Tebat","Tanjung Tebat","196","1","4","0","0","0","5"
"SUMATERA SELATAN","LAHAT","LAHAT","1604","Gumay Talang","Gumay Talang","151","1","1","4","1","0","7"
"SUMATERA SELATAN","LAHAT","LAHAT SELATAN","1604","Gumay Talang","Gumay Talang","65","0","2","3","0","0","5"
"SUMATERA SELATAN","LAHAT","MERAPI BARAT","1604","Merapi Barat","Merapi Barat","110","5","5","11","5","0","26"
"SUMATERA SELATAN","LAHAT","MERAPI SELATAN","1604","Merapi Barat","Merapi Barat","54","0","0","2","0","0","2"
"SUMATERA SELATAN","LAHAT","MERAPI TIMUR","1604","Merapi Timur","Merapi Timur","94","4","3","9","0","0","16"
"SUMATERA SELATAN","LAHAT","MUARA PAYANG","1604","Jarai","Jarai","77","0","0","0","0","0","0"
"SUMATERA SELATAN","LAHAT","MULAK SEBINGKAI","1604","Mulak Ulu","Mulak Ulu","77","0","1","0","0","0","1"
"SUMATERA SELATAN","LAHAT","MULAK ULU","1604","Mulak Ulu","Mulak Ulu","126","5","1","7","6","0","19"
"SUMATERA SELATAN","LAHAT","PAGAR GUNUNG","1604","Pagar Gunung","Pagar Gunung","137","4","1","8","4","0","17"
"SUMATERA SELATAN","LAHAT","PAJAR BULAN","1604","Pajar Bulan","Pajar Bulan","123","3","4","6","6","0","19"
"SUMATERA SELATAN","LAHAT","PSEKSU","1604","Kikim Selatan","Kikim Selatan","74","0","1","1","2","0","4"
"SUMATERA SELATAN","LAHAT","PULAU PINANG","1604","Pulau Pinang","Pulau Pinang","74","7","2","11","1","0","21"
"SUMATERA SELATAN","LAHAT","SUKAMERINDU","1604","Pajar Bulan","Pajar Bulan","84","0","0","2","0","0","2"
"SUMATERA SELATAN","LAHAT","TANJUNG SAKTI PUMI","1604","BPP Tanjung Sakti PUMI","Tanjung Sakti Pumi","117","4","0","7","8","0","19"
"SUMATERA SELATAN","LAHAT","TANJUNG SAKTI PUMU","1604","Tanjung Sakti PUMU","Tanjung Sakti Pumu","75","1","2","8","4","0","15"
"SUMATERA SELATAN","LAHAT","TANJUNG TEBAT","1604","Tanjung Tebat","Tanjung Tebat","131","3","4","15","8","0","30"
"SUMATERA SELATAN","MUARA ENIM","BELIDA DARAT","1603","BPP TANJUNG BUNUT","Tanjung Bunut","89","6","1","4","10","0","21"
"SUMATERA SELATAN","MUARA ENIM","BELIMBING","1603","BPP CINTA KASIH","Cinta Kasih","110","4","4","5","1","0","14"
"SUMATERA SELATAN","MUARA ENIM","BENAKAT","1603","BPP PENANGGIRAN","Penanggiran","48","0","2","2","0","0","4"
"SUMATERA SELATAN","MUARA ENIM","EMPAT PETULAI DANGKU","1603","BPP Tebat Agung","Tebat Agung","77","1","2","1","0","0","4"
"SUMATERA SELATAN","MUARA ENIM","GELUMBANG","1603","BPP GELUMBANG","Gelumbang","213","9","4","5","4","0","22"
"SUMATERA SELATAN","MUARA ENIM","GUNUNG MEGANG","1603","BPP PENANGGIRAN","Penanggiran","173","7","2","7","8","0","24"
"SUMATERA SELATAN","MUARA ENIM","KELEKAR","1603","BPP GELUMBANG","Gelumbang","61","0","0","6","0","0","6"
"SUMATERA SELATAN","MUARA ENIM","LAWANG KIDUL","1603","BPP PANDAN ENIM","Pandan Enim","37","0","0","1","0","0","1"
"SUMATERA SELATAN","MUARA ENIM","LEMBAK","1603","BPP TANJUNG BUNUT","Tanjung Bunut","113","0","0","2","0","0","2"
"SUMATERA SELATAN","MUARA ENIM","LUBAI","1603","BPP BERINGIN","Beringin","111","2","3","6","5","0","16"
"SUMATERA SELATAN","MUARA ENIM","LUBAI ULU","1603","BPP BERINGIN","Beringin","108","0","0","4","0","0","4"
"SUMATERA SELATAN","MUARA ENIM","MUARA BELIDA","1603","BPP PATRATANI","Patratani","141","3","3","3","4","0","13"
"SUMATERA SELATAN","MUARA ENIM","MUARA ENIM","1603","BPP UJAN MAS","Ujan MAS","155","1","0","2","0","0","3"
"SUMATERA SELATAN","MUARA ENIM","PANANG ENIM","1603","BPP PANDAN ENIM","Pandan Enim","107","1","0","4","0","0","5"
"SUMATERA SELATAN","MUARA ENIM","RAMBANG","1603","BPP SUGIH WARAS","Sugih Waras","190","1","2","5","8","0","16"
"SUMATERA SELATAN","MUARA ENIM","RAMBANG NIRU","1603","BPP Tebat Agung","Tebat Agung","167","4","3","4","3","0","14"
"SUMATERA SELATAN","MUARA ENIM","SEMENDO DARAT LAUT","1603","BPP PULAU PANGGUNG","Pulau Panggung","102","4","4","8","6","0","22"
"SUMATERA SELATAN","MUARA ENIM","SEMENDO DARAT TENGAH","1603","BPP Sri Tanjung","Sri Tanjung","114","5","0","7","6","0","18"
"SUMATERA SELATAN","MUARA ENIM","SEMENDO DARAT ULU","1603","BPP Sri Tanjung","Sri Tanjung","121","1","1","2","1","0","5"
"SUMATERA SELATAN","MUARA ENIM","SUNGAI ROTAN","1603","BPP SUKARAMI","Sukarami","188","2","4","8","5","0","19"
"SUMATERA SELATAN","MUARA ENIM","TANJUNG AGUNG","1603","BPP PANDAN ENIM","Pandan Enim","139","14","5","7","12","0","38"
"SUMATERA SELATAN","MUARA ENIM","UJAN MAS","1603","BPP UJAN MAS","Ujan MAS","124","19","2","5","6","0","32"
"SUMATERA SELATAN","MUSI BANYUASIN","","1606","BPP Kecamatan Sungai Lilin","Kecamatan Sungai Lilin","10","","","","","",""
"SUMATERA SELATAN","MUSI BANYUASIN","BABAT SUPAT","1606","BPP Kecamatan Babat Supat","Kecamatan Babat Supat","264","4","2","4","0","0","10"
"SUMATERA SELATAN","MUSI BANYUASIN","BABAT TOMAN","1606","BPP Kecamatan Babat Toman","Kecamatan Babat Toman","164","2","0","13","10","0","25"
"SUMATERA SELATAN","MUSI BANYUASIN","BATANGHARI LEKO","1606","BPP Kecamatan Batanghari Leko","Kecamatan Batanghari Leko","191","4","1","8","11","0","24"
"SUMATERA SELATAN","MUSI BANYUASIN","BAYUNG LENCIR","1606","BPP Kecamatan Bayung Lencir","Kecamatan Bayung Lencir","344","6","3","8","34","0","51"
"SUMATERA SELATAN","MUSI BANYUASIN","JIRAK JAYA","1606","BPP Kecamatan Jirak Jaya","Kecamatan Jirak Jaya","112","1","1","8","0","0","10"
"SUMATERA SELATAN","MUSI BANYUASIN","KELUANG","1606","BPP Kecamatan Keluang","Kecamatan Keluang","222","1","4","10","0","0","15"
"SUMATERA SELATAN","MUSI BANYUASIN","LAIS","1606","BPP Kecamatan Lais","Kecamatan Lais","301","8","0","7","15","0","30"
"SUMATERA SELATAN","MUSI BANYUASIN","LALAN","1606","BPP Kecamatan Lalan","Kecamatan Lalan","633","7","1","16","0","0","24"
"SUMATERA SELATAN","MUSI BANYUASIN","LAWANG WETAN","1606","BPP Kecamatan Lawang Wetan","Kecamatan Lawang Wetan","153","6","2","15","15","0","38"
"SUMATERA SELATAN","MUSI BANYUASIN","PLAKAT TINGGI","1606","BPP Kecamatan Plakat Tinggi","Kecamatan Plakat Tinggi","225","4","2","9","15","0","30"
"SUMATERA SELATAN","MUSI BANYUASIN","SANGA DESA","1606","BPP Kecamatan Sanga Desa","Kecamatan Sanga Desa","198","3","1","17","15","0","36"
"SUMATERA SELATAN","MUSI BANYUASIN","SEKAYU","1606","BPP Kecamatan Sekayu","Kecamatan Sekayu","264","6","2","13","14","0","35"
"SUMATERA SELATAN","MUSI BANYUASIN","SUNGAI KERUH","1606","BPP Kecamatan Sungai Keruh","Kecamatan Sungai Keruh","114","1","2","7","0","0","10"
"SUMATERA SELATAN","MUSI BANYUASIN","SUNGAI LILIN","1606","BPP Kecamatan Sungai Lilin","Kecamatan Sungai Lilin","361","8","0","11","0","0","19"
"SUMATERA SELATAN","MUSI BANYUASIN","TUNGKAL JAYA","1606","BPP Kecamatan Tungkal Jaya","Kecamatan Tungkal Jaya","414","5","3","4","16","0","28"
"SUMATERA SELATAN","MUSI RAWAS","","1605","BPP Bulang Tengah Suku Ulu","Bulang Tengah Suku Ulu","10","","","","","",""
"SUMATERA SELATAN","MUSI RAWAS","BULANG TENGAH SUKU ULU","1605","BPP Bulang Tengah Suku Ulu","Bulang Tengah Suku Ulu","222","3","2","7","19","0","31"
"SUMATERA SELATAN","MUSI RAWAS","JAYALOKA","1605","BPP Jayaloka","Jayaloka","110","4","1","10","8","0","23"
"SUMATERA SELATAN","MUSI RAWAS","MEGANG SAKTI","1605","BPP Megang Sakti","Megang Sakti","282","5","5","13","38","0","61"
"SUMATERA SELATAN","MUSI RAWAS","MUARA BELITI","1605","BPP Muara Beliti","Muara Beliti","128","3","4","6","13","0","26"
"SUMATERA SELATAN","MUSI RAWAS","MUARA KELINGI","1605","BPP Muara Kelingi","Muara Kelingi","152","3","2","15","21","0","41"
"SUMATERA SELATAN","MUSI RAWAS","MUARA LAKITAN","1605","BPP Muara Lakitan","Muara Lakitan","229","4","2","8","21","0","35"
"SUMATERA SELATAN","MUSI RAWAS","PURWODADI","1605","BPP Purwodadi","Purwodadi","112","9","2","9","11","0","31"
"SUMATERA SELATAN","MUSI RAWAS","SELANGIT","1605","BPP Selangit","Selangit","95","3","4","8","23","0","38"
"SUMATERA SELATAN","MUSI RAWAS","SUKA KARYA","1605","BPP SUKAKARYA","Sukakarya","81","5","1","8","7","0","21"
"SUMATERA SELATAN","MUSI RAWAS","SUKU TENGAH LAKITAN ULU","1605","BPP STL Ulu Terawas","STL Ulu Terawas","190","5","5","10","21","0","41"
"SUMATERA SELATAN","MUSI RAWAS","SUMBER HARTA","1605","BPP Sumber Harta","Sumber Harta","105","9","1","7","18","0","35"
"SUMATERA SELATAN","MUSI RAWAS","TIANG PUMPUNG KEPUNGUT","1605","BPP Tiang Pumpung Kepungut","Tiang Pumpung Kepungut","75","3","2","9","7","0","21"
"SUMATERA SELATAN","MUSI RAWAS","TUAH NEGERI","1605","BPP Tuah Negeri","Tuah Negeri","95","4","3","8","11","0","26"
"SUMATERA SELATAN","MUSI RAWAS","TUGUMULYO","1605","BPP Tugumulyo","Tugumulyo","198","8","6","15","18","0","47"
"SUMATERA SELATAN","MUSI RAWAS UTARA","","1613","BPP Karang Dapo","Karang Dapo","10","","","","","",""
"SUMATERA SELATAN","MUSI RAWAS UTARA","KARANG DAPO","1613","BPP Karang Dapo","Karang Dapo","117","1","0","10","0","0","11"
"SUMATERA SELATAN","MUSI RAWAS UTARA","KARANG JAYA","1613","BPP Karang Jaya","Karang Jaya","157","0","2","17","0","0","19"
"SUMATERA SELATAN","MUSI RAWAS UTARA","NIBUNG","1613","BPP Nibung","Nibung","154","1","0","7","0","0","8"
"SUMATERA SELATAN","MUSI RAWAS UTARA","RAWAS ILIR","1613","BPP Rawas Ilir","Rawas Ilir","104","0","2","6","0","0","8"
"SUMATERA SELATAN","MUSI RAWAS UTARA","RAWAS ULU","1613","BPP Rawas Ulu","Rawas Ulu","147","0","0","18","0","0","18"
"SUMATERA SELATAN","MUSI RAWAS UTARA","RUPIT","1613","BPP Rupit","Rupit","153","1","0","17","0","0","18"
"SUMATERA SELATAN","MUSI RAWAS UTARA","ULU RAWAS","1613","BPP Ulu Rawas","Ulu Rawas","77","0","1","7","0","0","8"
"SUMATERA SELATAN","OGAN ILIR","INDRALAYA","1610","BPP Indralaya","Indralaya","164","6","3","9","6","0","24"
"SUMATERA SELATAN","OGAN ILIR","INDRALAYA SELATAN","1610","BPP Indralaya Selatan","Indralaya Selatan","113","5","4","11","8","0","28"
"SUMATERA SELATAN","OGAN ILIR","INDRALAYA UTARA","1610","Indralaya Utara","Indralaya Utara","175","6","5","5","6","0","22"
"SUMATERA SELATAN","OGAN ILIR","KANDIS","1610","BPP Kandis","Kandis","71","6","4","4","7","0","21"
"SUMATERA SELATAN","OGAN ILIR","LUBUK KELIAT","1610","BPP LUBUK KELIAT","Lubuk Keliat","108","3","2","7","5","0","17"
"SUMATERA SELATAN","OGAN ILIR","MUARA KUANG","1610","Muara Kuang","Muara Kuang","222","2","2","12","4","0","20"
"SUMATERA SELATAN","OGAN ILIR","PAYARAMAN","1610","BPP PAYARAMAN","Payaraman","126","4","0","10","4","0","18"
"SUMATERA SELATAN","OGAN ILIR","PEMULUTAN","1610","Pemulutan","Pemulutan","260","7","4","14","19","0","44"
"SUMATERA SELATAN","OGAN ILIR","PEMULUTAN BARAT","1610","Pemulutan Barat","Pemulutan Barat","116","5","2","6","6","0","19"
"SUMATERA SELATAN","OGAN ILIR","PEMULUTAN SELATAN","1610","Pemulutan Selatan","Pemulutan Selatan","216","1","4","8","6","0","19"
"SUMATERA SELATAN","OGAN ILIR","RAMBANG KUANG","1610","BPP Rambang Kuang","Rambang Kuang","112","1","1","9","4","0","15"
"SUMATERA SELATAN","OGAN ILIR","RANTAU ALAI","1610","Rantau Alai","Rantau Alai","133","5","2","6","4","0","17"
"SUMATERA SELATAN","OGAN ILIR","RANTAU PANJANG","1610","Rantau Panjang","Rantau Panjang","171","4","0","10","7","0","21"
"SUMATERA SELATAN","OGAN ILIR","SUNGAI PINANG","1610","Sungai Pinang","Sungai Pinang","122","3","3","7","6","0","19"
"SUMATERA SELATAN","OGAN ILIR","TANJUNG BATU","1610","Tanjung Batu","Tanjung Batu","187","7","2","13","11","0","33"
"SUMATERA SELATAN","OGAN ILIR","TANJUNG RAJA","1610","Tanjung Raja","Tanjung Raja","147","5","5","8","3","0","21"
"SUMATERA SELATAN","OGAN KOMERING ILIR","AIR SUGIHAN","1602","BPP Air Sugihan","Air Sugihan","399","3","5","8","0","0","16"
"SUMATERA SELATAN","OGAN KOMERING ILIR","CENGAL","1602","BPP Cengal","Cengal","225","3","1","6","0","0","10"
"SUMATERA SELATAN","OGAN KOMERING ILIR","JEJAWI","1602","BPP Jejawi","Jejawi","418","7","3","12","0","0","22"
"SUMATERA SELATAN","OGAN KOMERING ILIR","KOTA KAYU AGUNG","1602","BPP Celikah","Celikah","165","5","3","26","0","0","34"
"SUMATERA SELATAN","OGAN KOMERING ILIR","LEMPUING","1602","BPP Cahaya Maju","Cahaya Maju","363","6","0","16","0","0","22"
"SUMATERA SELATAN","OGAN KOMERING ILIR","LEMPUING JAYA","1602","BPP Lempuing Jaya","Lempuing Jaya","432","2","3","10","0","0","15"
"SUMATERA SELATAN","OGAN KOMERING ILIR","MESUJI","1602","BPP Pematang Panggang","Pematang Panggang","426","4","2","5","0","0","11"
"SUMATERA SELATAN","OGAN KOMERING ILIR","MESUJI MAKMUR","1602","BPP Mesuji Makmur","Mesuji Makmur","171","4","0","7","0","0","11"
"SUMATERA SELATAN","OGAN KOMERING ILIR","MESUJI RAYA","1602","BPP Dabuk Putih","Dabuk Putih","391","2","2","9","0","0","13"
"SUMATERA SELATAN","OGAN KOMERING ILIR","PAMPANGAN","1602","BPP Pampangan","Pampangan","266","3","3","15","0","0","21"
"SUMATERA SELATAN","OGAN KOMERING ILIR","PANGKALAN LAMPAM","1602","BPP Pangkalan Lampam","Pangkalan Lampam","169","2","2","23","0","0","27"
"SUMATERA SELATAN","OGAN KOMERING ILIR","PEDAMARAN","1602","BPP Pedamaran","Pedamaran","112","2","1","15","0","0","18"
"SUMATERA SELATAN","OGAN KOMERING ILIR","PEDAMARAN TIMUR","1602","BPP Kayu Labu","Kayu Labu","149","1","0","4","0","0","5"
"SUMATERA SELATAN","OGAN KOMERING ILIR","SIRAH PULAU PADANG","1602","BPP SP. Padang","SP. Padang","288","5","4","11","0","0","20"
"SUMATERA SELATAN","OGAN KOMERING ILIR","SUNGAI MENANG","1602","BPP Sungai Menang","Sungai Menang","405","5","1","3","0","0","9"
"SUMATERA SELATAN","OGAN KOMERING ILIR","TANJUNG LUBUK","1602","BPP Tanjung Lubuk","Tanjung Lubuk","246","3","5","14","0","0","22"
"SUMATERA SELATAN","OGAN KOMERING ILIR","TELUK GELAM","1602","BPP Sugih Waras","Sugih Waras","201","4","3","8","0","0","15"
"SUMATERA SELATAN","OGAN KOMERING ILIR","TULUNG SELAPAN","1602","BPP Tulung Selapan","Tulung Selapan","213","2","3","10","0","0","15"
"SUMATERA SELATAN","OGAN KOMERING ULU","BATU RAJA BARAT","1601","BPP Belatung","Belatung","56","1","0","5","0","0","6"
"SUMATERA SELATAN","OGAN KOMERING ULU","BATU RAJA TIMUR","1601","BPP Batu Marta I","Batu Marta I","99","3","0","5","0","0","8"
"SUMATERA SELATAN","OGAN KOMERING ULU","KEDATON PENINJAUAN RAYA","1601","BPP KEDATON","Kedaton","89","5","3","10","0","0","18"
"SUMATERA SELATAN","OGAN KOMERING ULU","LENGKITI","1601","BPP Karang Endah","Karang Endah","174","7","4","22","6","0","39"
"SUMATERA SELATAN","OGAN KOMERING ULU","LUBUK BATANG","1601","BPP Belatung","Belatung","149","7","2","15","9","0","33"
"SUMATERA SELATAN","OGAN KOMERING ULU","LUBUK RAJA","1601","BPP Batu Marta I","Batu Marta I","146","5","1","8","4","0","18"
"SUMATERA SELATAN","OGAN KOMERING ULU","MUARA JAYA","1601","BPP TANJUNGAN","Tanjungan","49","0","0","6","0","0","6"
"SUMATERA SELATAN","OGAN KOMERING ULU","PENGANDONAN","1601","BPP TANJUNGAN","Tanjungan","79","6","1","10","8","0","25"
"SUMATERA SELATAN","OGAN KOMERING ULU","PENINJAUAN","1601","BPP KEDATON","Kedaton","186","0","0","4","0","0","4"
"SUMATERA SELATAN","OGAN KOMERING ULU","SEMIDANG AJI","1601","BPP Raksa Jiwa","Raksa Jiwa","85","7","1","14","1","0","23"
"SUMATERA SELATAN","OGAN KOMERING ULU","SINAR PENINJAUAN","1601","BPP Karya Mukti","Karya Mukti","108","4","0","7","5","0","16"
"SUMATERA SELATAN","OGAN KOMERING ULU","SOSOH BUAY RAYAP","1601","BPP Karang Endah","Karang Endah","102","0","0","5","0","0","5"
"SUMATERA SELATAN","OGAN KOMERING ULU","ULU OGAN","1601","BPP TANJUNGAN","Tanjungan","45","0","0","5","0","0","5"
"SUMATERA SELATAN","OGAN KOMERING ULU SELATAN","BANDING AGUNG","1608","BPP Sipatuhu","Sipatuhu","187","3","1","8","3","0","15"
"SUMATERA SELATAN","OGAN KOMERING ULU SELATAN","BUANA PEMACA","1608","BPP Gemiung","Gemiung","288","5","1","4","7","0","17"
"SUMATERA SELATAN","OGAN KOMERING ULU SELATAN","BUAY PEMACA","1608","BPP Sipin","Sipin","367","5","1","13","2","0","21"
"SUMATERA SELATAN","OGAN KOMERING ULU SELATAN","BUAY PEMATANG RIBU RANAU TENGAH","1608","BPP Simpang Sender","Simpang Sender","149","1","2","13","0","0","16"
"SUMATERA SELATAN","OGAN KOMERING ULU SELATAN","BUAY RAWAN","1608","BPP Gunung Cahya","Gunung Cahya","127","7","0","6","0","0","13"
"SUMATERA SELATAN","OGAN KOMERING ULU SELATAN","BUAY RUNJUNG","1608","BPP Simpang Saga","Simpang Saga","143","0","1","7","0","0","8"
"SUMATERA SELATAN","OGAN KOMERING ULU SELATAN","BUAY SANDANG AJI","1608","BPP Gunung Terang","Gunung Terang","159","1","2","11","0","0","14"
"SUMATERA SELATAN","OGAN KOMERING ULU SELATAN","KISAM ILIR","1608","BPP Simpang Campang","Simpang Campang","77","0","1","7","3","0","11"
"SUMATERA SELATAN","OGAN KOMERING ULU SELATAN","KISAM TINGGI","1608","BPP Tebat Gabus","Tebat Gabus","148","1","1","9","0","0","11"
"SUMATERA SELATAN","OGAN KOMERING ULU SELATAN","MEKAKAU ILIR","1608","BPP Galang Tinggi","Galang Tinggi","169","2","1","9","2","0","14"
"SUMATERA SELATAN","OGAN KOMERING ULU SELATAN","MUARADUA","1608","BPP Sumber Jaya","Sumber Jaya","203","4","0","11","4","0","19"
"SUMATERA SELATAN","OGAN KOMERING ULU SELATAN","MUARADUA KISAM","1608","BPP Sukaraja","Sukaraja","207","4","2","11","1","0","18"
"SUMATERA SELATAN","OGAN KOMERING ULU SELATAN","PULAU BERINGIN","1608","BPP Tanjung Bulan","Tanjung Bulan","153","1","5","8","1","0","15"
"SUMATERA SELATAN","OGAN KOMERING ULU SELATAN","RUNJUNG AGUNG","1608","BPP Bumi Genap","Bumi Genap","115","0","2","3","0","0","5"
"SUMATERA SELATAN","OGAN KOMERING ULU SELATAN","SIMPANG","1608","BPP Karang Agung","Karang Agung","174","4","1","5","0","0","10"
"SUMATERA SELATAN","OGAN KOMERING ULU SELATAN","SINDANG DANAU","1608","BPP Ulu Danau","Ulu Danau","70","1","1","7","0","0","9"
"SUMATERA SELATAN","OGAN KOMERING ULU SELATAN","SUNGAI ARE","1608","BPP Pecah Pinggan","Pecah Pinggan","91","0","3","8","7","0","18"
"SUMATERA SELATAN","OGAN KOMERING ULU SELATAN","TIGA DIHAJI","1608","BPP Karang Pendeta","Karang Pendeta","116","3","0","7","2","0","12"
"SUMATERA SELATAN","OGAN KOMERING ULU SELATAN","WARKUK RANAU SELATAN","1608","BPP Pilla","Pilla","136","4","0","8","4","0","16"
"SUMATERA SELATAN","OGAN KOMERING ULU TIMUR","","1609","BPP BURNAI","Burnai","10","","","","","",""
"SUMATERA SELATAN","OGAN KOMERING ULU TIMUR","BELITANG","1609","BPP Sumber Suko","Sumber Suko","233","5","2","25","1","0","33"
"SUMATERA SELATAN","OGAN KOMERING ULU TIMUR","BELITANG II","1609","Sumber Jaya","Sumber Jaya","214","2","3","22","1","0","28"
"SUMATERA SELATAN","OGAN KOMERING ULU TIMUR","BELITANG III","1609","BPP Nusa Bakti","Nusa Bakti","210","3","2","20","2","0","27"
"SUMATERA SELATAN","OGAN KOMERING ULU TIMUR","BELITANG JAYA","1609","Margokoyo","Margokoyo","167","3","2","16","3","0","24"
"SUMATERA SELATAN","OGAN KOMERING ULU TIMUR","BELITANG MADANG RAYA","1609","BPP Belitang Madang Raya","Belitang Madang Raya","176","3","2","22","1","0","28"
"SUMATERA SELATAN","OGAN KOMERING ULU TIMUR","BELITANG MULYA","1609","BPP Purwodadi","Purwodadi","119","3","1","17","5","0","26"
"SUMATERA SELATAN","OGAN KOMERING ULU TIMUR","BUAY MADANG","1609","BPP Kurungan Nyawa","Kurungan Nyawa","202","4","2","19","3","0","28"
"SUMATERA SELATAN","OGAN KOMERING ULU TIMUR","BUAY MADANG TIMUR","1609","BPP Buay Madang Timur","Buay Madang Timur","291","3","2","35","1","0","41"
"SUMATERA SELATAN","OGAN KOMERING ULU TIMUR","BUAY PEMUKA BANGSA RAJA","1609","BPP BP Bangsa Raja","BP Bangsa Raja","142","3","1","15","3","0","22"
"SUMATERA SELATAN","OGAN KOMERING ULU TIMUR","BUAY PEMUKA PELIUNG","1609","BPP. BUAY PEMUKA PELIUNG","Buay Pemuka Peliung","170","2","1","16","4","0","23"
"SUMATERA SELATAN","OGAN KOMERING ULU TIMUR","BUNGA MAYANG","1609","Negeri Ratu","Negeri Ratu","152","5","0","10","1","0","16"
"SUMATERA SELATAN","OGAN KOMERING ULU TIMUR","CEMPAKA","1609","Campang Tiga","Campang Tiga","189","1","3","7","1","0","12"
"SUMATERA SELATAN","OGAN KOMERING ULU TIMUR","JAYA PURA","1609","BPP Condong","Condong","115","1","2","8","2","0","13"
"SUMATERA SELATAN","OGAN KOMERING ULU TIMUR","MADANG SUKU I","1609","BPP Jaya Bakti","Jaya Bakti","235","2","3","8","4","0","17"
"SUMATERA SELATAN","OGAN KOMERING ULU TIMUR","MADANG SUKU II","1609","BPP Sari Negara","Sari Negara","219","1","0","26","8","0","35"
"SUMATERA SELATAN","OGAN KOMERING ULU TIMUR","MADANG SUKU III","1609","Batumarta VI","Batumarta VI","212","1","1","14","4","0","20"
"SUMATERA SELATAN","OGAN KOMERING ULU TIMUR","MARTAPURA","1609","BPP Kecamatan Martapura","Kecamatan Martapura","120","2","3","19","3","0","27"
"SUMATERA SELATAN","OGAN KOMERING ULU TIMUR","SEMENDAWAI BARAT","1609","Betung","Betung","113","1","1","13","5","0","20"
"SUMATERA SELATAN","OGAN KOMERING ULU TIMUR","SEMENDAWAI SUKU III","1609","BPP Cahya Negeri","Cahya Negeri","168","3","2","24","1","0","30"
"SUMATERA SELATAN","OGAN KOMERING ULU TIMUR","SEMENDAWAI TIMUR","1609","BPP BURNAI","Burnai","152","5","0","12","3","0","20"
"SUMATERA SELATAN","PENUKAL ABAB LEMATANG ILIR","ABAB","1612","BPP TANAH ABANG","Tanah Abang","168","0","1","7","0","0","8"
"SUMATERA SELATAN","PENUKAL ABAB LEMATANG ILIR","PENUKAL","1612","BPP PENUKAL","Penukal","182","8","5","10","2","0","25"
"SUMATERA SELATAN","PENUKAL ABAB LEMATANG ILIR","PENUKAL UTARA","1612","BPP PENUKAL","Penukal","151","0","1","5","0","0","6"
"SUMATERA SELATAN","PENUKAL ABAB LEMATANG ILIR","TALANG UBI","1612","BPP TALANG UBI","Talang UBI","237","9","7","9","1","0","26"
"SUMATERA SELATAN","PENUKAL ABAB LEMATANG ILIR","TANAH ABANG","1612","BPP TANAH ABANG","Tanah Abang","173","8","6","13","5","0","32"
"SUMATERA UTARA","ASAHAN","AEK KUASAN","1208","BPP AEK KUASAN","AEK Kuasan","69","1","2","0","0","0","3"
"SUMATERA UTARA","ASAHAN","AEK LEDONG","1208","BPP LEDONG BARAT","Ledong Barat","52","2","2","0","0","0","4"
"SUMATERA UTARA","ASAHAN","AEK SONGSONGAN","1208","BPP AEK SONGSONGAN","AEK Songsongan","83","1","3","0","0","0","4"
"SUMATERA UTARA","ASAHAN","AIR BATU","1208","BPP SIPAKU","Sipaku","81","3","2","1","0","0","6"
"SUMATERA UTARA","ASAHAN","AIR JOMAN","1208","BPP AIR JOMAN","AIR Joman","103","3","1","1","0","0","5"
"SUMATERA UTARA","ASAHAN","BANDAR PASIR MANDOGE","1208","BPP SEI SILAU TIMUR","SEI Silau Timur","106","2","1","1","0","0","4"
"SUMATERA UTARA","ASAHAN","BANDAR PULAU","1208","BPP BANDAR PULAU","Bandar Pulau","129","0","5","0","0","0","5"
"SUMATERA UTARA","ASAHAN","BUNTU PANE","1208","BPP SEI SILAU TIMUR","SEI Silau Timur","79","1","2","0","0","0","3"
"SUMATERA UTARA","ASAHAN","KISARAN BARAT","1208","BPP SENTANG","Sentang","31","0","2","1","0","0","3"
"SUMATERA UTARA","ASAHAN","KISARAN TIMUR","1208","BPP SENTANG","Sentang","33","3","1","1","0","0","5"
"SUMATERA UTARA","ASAHAN","MERANTI","1208","BPP MERANTI","Meranti","104","2","3","1","0","0","6"
"SUMATERA UTARA","ASAHAN","PULAU RAKYAT","1208","BPP PULAU RAKYAT","Pulau Rakyat","124","1","4","0","0","0","5"
"SUMATERA UTARA","ASAHAN","PULO BANDRING","1208","BPP PULO BANDRING","Pulo Bandring","106","1","3","2","0","0","6"
"SUMATERA UTARA","ASAHAN","RAHUNING","1208","BPP PULAU RAKYAT","Pulau Rakyat","58","0","1","1","0","0","2"
"SUMATERA UTARA","ASAHAN","RAWANG PANCA ARGA","1208","BPP RAWANG BARU","Rawang Baru","133","2","4","1","0","0","7"
"SUMATERA UTARA","ASAHAN","SEI DADAP","1208","BPP SEI DADAP","SEI Dadap","112","3","3","0","0","0","6"
"SUMATERA UTARA","ASAHAN","SEI KEPAYANG","1208","BPP SEI KEPAYANG","SEI Kepayang","136","3","2","0","0","0","5"
"SUMATERA UTARA","ASAHAN","SEI KEPAYANG BARAT","1208","BPP SEI KEPAYANG TIMUR","SEI Kepayang Timur","55","1","1","0","0","0","2"
"SUMATERA UTARA","ASAHAN","SEI KEPAYANG TIMUR","1208","BPP SEI KEPAYANG TIMUR","SEI Kepayang Timur","58","0","2","0","0","0","2"
"SUMATERA UTARA","ASAHAN","SETIA JANJI","1208","BPP SEI SILAU TIMUR","SEI Silau Timur","66","3","2","0","0","0","5"
"SUMATERA UTARA","ASAHAN","SILAU LAUT","1208","BPP SILAU LAUT","Silau Laut","80","0","3","1","0","0","4"
"SUMATERA UTARA","ASAHAN","SIMPANG EMPAT","1208","BPP SIMPANG EMPAT","Simpang Empat","101","2","1","0","0","0","3"
"SUMATERA UTARA","ASAHAN","TANJUNG BALAI","1208","BPP TANJUNG BALAI","Tanjung Balai","86","0","3","1","0","0","4"
"SUMATERA UTARA","ASAHAN","TELUK DALAM","1208","BPP PULAU RAKYAT","Pulau Rakyat","50","2","1","0","0","0","3"
"SUMATERA UTARA","ASAHAN","TINGGI RAJA","1208","BPP TINGGI RAJA","Tinggi Raja","80","0","3","1","0","0","4"
"SUMATERA UTARA","BATU BARA","AIR PUTIH","1219","BPP Air Putih","Air Putih","188","10","7","2","5","0","24"
"SUMATERA UTARA","BATU BARA","DATUK LIMA PULUH","1219","BPP Lubuk Besar","Lubuk Besar","99","9","2","2","0","0","13"
"SUMATERA UTARA","BATU BARA","DATUK TANAH DATAR","1219","BPP Talawi","Talawi","74","0","4","0","0","0","4"
"SUMATERA UTARA","BATU BARA","LAUT TADOR","1219","BPP Sei Suka Deras","Sei Suka Deras","80","5","0","0","0","0","5"
"SUMATERA UTARA","BATU BARA","LIMA PULUH PESISIR","1219","BPP Lubuk Besar","Lubuk Besar","114","3","2","0","0","0","5"
"SUMATERA UTARA","BATU BARA","LIMAPULUH","1219","BPP Lubuk Besar","Lubuk Besar","88","5","2","0","3","0","10"
"SUMATERA UTARA","BATU BARA","MEDANG DERAS","1219","BPP Durian","Durian","154","7","7","1","3","0","18"
"SUMATERA UTARA","BATU BARA","NIBUNG HANGUS","1219","BPP. Tanjung Tiram","Tanjung Tiram","133","8","2","0","0","0","10"
"SUMATERA UTARA","BATU BARA","SEI BALAI","1219","BPP Sei Balai","Sei Balai","106","10","1","3","0","0","14"
"SUMATERA UTARA","BATU BARA","SEI SUKA","1219","BPP Sei Suka Deras","Sei Suka Deras","103","9","1","4","0","0","14"
"SUMATERA UTARA","BATU BARA","TALAWI","1219","BPP Talawi","Talawi","64","7","2","1","2","0","12"
"SUMATERA UTARA","BATU BARA","TANJUNG TIRAM","1219","BPP. Tanjung Tiram","Tanjung Tiram","16","3","1","1","0","0","5"
"SUMATERA UTARA","DAIRI","BERAMPU","1210","BPP Karing","Karing","66","5","1","1","0","0","7"
"SUMATERA UTARA","DAIRI","GUNUNG SITEMBER","1210","BPP Gunung Sayang","Gunung Sayang","103","0","1","1","0","0","2"
"SUMATERA UTARA","DAIRI","LAE PARIRA","1210","BPP Bantun Kerbo","Bantun Kerbo","117","7","5","3","0","0","15"
"SUMATERA UTARA","DAIRI","PARBULUAN","1210","Lae Hole","Lae Hole","185","5","4","2","0","0","11"
"SUMATERA UTARA","DAIRI","PEGAGAN HILIR","1210","BPP Paratusan","Paratusan","155","0","0","6","0","0","6"
"SUMATERA UTARA","DAIRI","SIDIKALANG","1210","BPP Sitinjo","Sitinjo","139","1","1","0","0","0","2"
"SUMATERA UTARA","DAIRI","SIEMPAT NEMPU","1210","BPP Adian Nangka","Adian Nangka","162","3","5","5","0","0","13"
"SUMATERA UTARA","DAIRI","SIEMPAT NEMPU HILIR","1210","BPP Sopo Butar","Sopo Butar","102","2","4","4","0","0","10"
"SUMATERA UTARA","DAIRI","SIEMPAT NEMPU HULU","1210","BPP SUNGAI RAYA","Sungai Raya","166","5","3","3","0","0","11"
"SUMATERA UTARA","DAIRI","SILAHI SABUNGAN","1210","BPP Paratusan","Paratusan","30","1","1","0","0","0","2"
"SUMATERA UTARA","DAIRI","SILIMA PUNGGA-PUNGGA","1210","BPP Bantun Kerbo","Bantun Kerbo","108","0","2","4","0","0","6"
"SUMATERA UTARA","DAIRI","SITINJO","1210","BPP Sitinjo","Sitinjo","56","4","8","1","0","0","13"
"SUMATERA UTARA","DAIRI","SUMBUL","1210","BPP Paratusan","Paratusan","341","8","3","11","0","0","22"
"SUMATERA UTARA","DAIRI","TANAH PINEM","1210","BPP Gunung Sayang","Gunung Sayang","255","0","0","7","0","0","7"
"SUMATERA UTARA","DAIRI","TIGA LINGGA","1210","BPP Gunung Sayang","Gunung Sayang","171","5","7","12","0","0","24"
"SUMATERA UTARA","DELI SERDANG","BANGUN PURBA","1212","BPP BANGUN PURBA","Bangun Purba","83","2","6","2","10","0","20"
"SUMATERA UTARA","DELI SERDANG","BATANG KUIS","1212","BPP BATANG KUIS","Batang Kuis","55","2","2","2","5","0","11"
"SUMATERA UTARA","DELI SERDANG","BERINGIN","1212","BPP BERINGIN","Beringin","102","2","4","3","6","0","15"
"SUMATERA UTARA","DELI SERDANG","BIRU-BIRU","1212","BPP BIRU BIRU","Biru Biru","82","2","5","3","13","0","23"
"SUMATERA UTARA","DELI SERDANG","DELI TUA","1212","BPP BIRU BIRU","Biru Biru","7","0","0","0","1","0","1"
"SUMATERA UTARA","DELI SERDANG","GALANG","1212","BPP JAHARUN","Jaharun","108","5","6","3","22","0","36"
"SUMATERA UTARA","DELI SERDANG","GUNUNG MERIAH","1212","BPP BANGUN PURBA","Bangun Purba","34","0","0","0","1","0","1"
"SUMATERA UTARA","DELI SERDANG","HAMPARAN PERAK","1212","BPP HAMPARAN PERAK","Hamparan Perak","250","5","1","2","16","0","24"
"SUMATERA UTARA","DELI SERDANG","KUTALIMBARU","1212","BPP MEDAN KRIO","Medan Krio","113","0","1","0","1","0","2"
"SUMATERA UTARA","DELI SERDANG","LABUHAN DELI","1212","BPP LABUHAN DELI","Labuhan Deli","62","3","2","1","11","0","17"
"SUMATERA UTARA","DELI SERDANG","LUBUK PAKAM","1212","BPP TANJUNG GARBUS","Tanjung Garbus","47","3","3","1","9","0","16"
"SUMATERA UTARA","DELI SERDANG","NAMO RAMBE","1212","BPP NAMORAMBE","Namorambe","95","5","2","1","10","0","18"
"SUMATERA UTARA","DELI SERDANG","PAGAR MERBAU","1212","BPP JAHARUN","Jaharun","101","1","0","0","0","0","1"
"SUMATERA UTARA","DELI SERDANG","PANCUR BATU","1212","BPP PANCUR BATU","Pancur Batu","99","4","3","1","4","0","12"
"SUMATERA UTARA","DELI SERDANG","PANTAI LABU","1212","BPP PANTAI LABU","Pantai Labu","148","4","4","2","9","0","19"
"SUMATERA UTARA","DELI SERDANG","PATUMBAK","1212","BPP TANJUNG MORAWA","Tanjung Morawa","38","0","0","0","2","0","2"
"SUMATERA UTARA","DELI SERDANG","PERCUT SEI TUAN","1212","BPP PERCUT SEI TUAN","Percut SEI Tuan","199","5","2","4","13","0","24"
"SUMATERA UTARA","DELI SERDANG","SIBOLANGIT","1212","BPP PANCUR BATU","Pancur Batu","83","0","0","0","3","0","3"
"SUMATERA UTARA","DELI SERDANG","SINEMBAH TANJUNG MUDA HILIR","1212","BPP BIRU BIRU","Biru Biru","95","2","0","0","5","0","7"
"SUMATERA UTARA","DELI SERDANG","SINEMBAH TANJUNG MUDA HULU","1212","BPP BANGUN PURBA","Bangun Purba","73","0","0","0","11","0","11"
"SUMATERA UTARA","DELI SERDANG","SUNGGAL","1212","BPP MEDAN KRIO","Medan Krio","96","2","5","2","13","0","22"
"SUMATERA UTARA","DELI SERDANG","TANJUNG MORAWA","1212","BPP TANJUNG MORAWA","Tanjung Morawa","143","3","6","4","12","0","25"
"SUMATERA UTARA","HUMBANG HASUNDUTAN","BAKTI RAJA","1215","BPP Baktiraja","Baktiraja","76","1","0","0","7","0","8"
"SUMATERA UTARA","HUMBANG HASUNDUTAN","DOLOK SANGGUL","1215","BPP Doloksanggul","Doloksanggul","336","3","2","0","27","0","32"
"SUMATERA UTARA","HUMBANG HASUNDUTAN","LINTONG NIHUTA","1215","BPP Lintongnihuta","Lintongnihuta","244","2","0","0","24","0","26"
"SUMATERA UTARA","HUMBANG HASUNDUTAN","ONAN GANJANG","1215","BPP Onan Ganjang","Onan Ganjang","97","1","0","0","12","0","13"
"SUMATERA UTARA","HUMBANG HASUNDUTAN","PAKKAT","1215","BPP pakkat","pakkat","213","1","2","0","22","0","25"
"SUMATERA UTARA","HUMBANG HASUNDUTAN","PARANGINAN","1215","BPP paranginan","paranginan","111","2","1","0","6","0","9"
"SUMATERA UTARA","HUMBANG HASUNDUTAN","PARLILITAN","1215","BPP Parlilitan","Parlilitan","201","1","0","0","20","0","21"
"SUMATERA UTARA","HUMBANG HASUNDUTAN","POLLUNG","1215","BPP Pollung","Pollung","175","1","3","0","11","0","15"
"SUMATERA UTARA","HUMBANG HASUNDUTAN","SIJAMA POLANG","1215","BPP SIJAMAPOLANG","Sijamapolang","64","2","0","0","10","0","12"
"SUMATERA UTARA","HUMBANG HASUNDUTAN","TARA BINTANG","1215","BPP Tarabintang","Tarabintang","70","0","1","0","9","0","10"
"SUMATERA UTARA","KARO","BARUSJAHE","1211","Barusjahe","Barusjahe","267","2","5","2","20","0","29"
"SUMATERA UTARA","KARO","BERASTAGI","1211","Kutagadung","Kutagadung","84","1","1","0","10","0","12"
"SUMATERA UTARA","KARO","DOLAT RAYAT","1211","Dolat Rayat","Dolat Rayat","102","2","1","2","7","0","12"
"SUMATERA UTARA","KARO","JUHAR","1211","Juhar","Juhar","239","1","4","3","21","0","29"
"SUMATERA UTARA","KARO","KABANJAHE","1211","Kabanjahe","Kabanjahe","96","0","4","1","9","0","14"
"SUMATERA UTARA","KARO","KUTA BULUH","1211","Kutabuluh","Kutabuluh","141","0","6","1","17","0","24"
"SUMATERA UTARA","KARO","LAUBALENG","1211","Sumber Jaya","Sumber Jaya","299","0","3","2","12","0","17"
"SUMATERA UTARA","KARO","MARDINGDING","1211","Mardingding","Mardingding","220","1","2","0","11","0","14"
"SUMATERA UTARA","KARO","MERDEKA","1211","Merdeka","Merdeka","111","1","4","2","10","0","17"
"SUMATERA UTARA","KARO","MEREK","1211","Merek","Merek","158","1","5","1","19","0","26"
"SUMATERA UTARA","KARO","MUNTE","1211","Pancar Jaya","Pancar Jaya","236","1","5","2","25","0","33"
"SUMATERA UTARA","KARO","NAMAN TERAN","1211","Naman Teran","Naman Teran","104","2","3","0","12","0","17"
"SUMATERA UTARA","KARO","PAYUNG","1211","Payung","Payung","109","1","3","1","9","0","14"
"SUMATERA UTARA","KARO","SIMPANG EMPAT","1211","Tiga Pancur","Tiga Pancur","231","2","6","0","16","0","24"
"SUMATERA UTARA","KARO","TIGA BINANGA","1211","BPP SIMOLAP","Simolap","202","1","5","3","21","0","30"
"SUMATERA UTARA","KARO","TIGANDERKET","1211","Sinabung","Sinabung","150","1","4","3","14","0","22"
"SUMATERA UTARA","KARO","TIGAPANAH","1211","Tigapanah","Tigapanah","386","1","8","0","27","0","36"
"SUMATERA UTARA","KOTA BINJAI","BINJAI BARAT","1276","BPP Mekar","Mekar","37","4","1","0","0","0","5"
"SUMATERA UTARA","KOTA BINJAI","BINJAI KOTA","1276","BPP Kota","Kota","15","2","2","1","0","0","5"
"SUMATERA UTARA","KOTA BINJAI","BINJAI SELATAN","1276","BPP Mulia","Mulia","90","5","2","0","0","0","7"
"SUMATERA UTARA","KOTA BINJAI","BINJAI TIMUR","1276","BPP Tunas","Tunas","57","5","1","2","0","0","8"
"SUMATERA UTARA","KOTA BINJAI","BINJAI UTARA","1276","BPP Nangka","Nangka","70","6","3","0","0","0","9"
"SUMATERA UTARA","KOTA GUNUNGSITOLI","GUNUNG SITOLI","1278","BPPK GUNUNGSITOLI","Bppk Gunungsitoli","167","3","4","10","0","0","17"
"SUMATERA UTARA","KOTA GUNUNGSITOLI","GUNUNGSITOLI ALO OA","1278","BPP KECAMATAN GUNUNGSITOLI ALOOA","Kecamatan Gunungsitoli Alooa","77","1","2","3","0","0","6"
"SUMATERA UTARA","KOTA GUNUNGSITOLI","GUNUNGSITOLI BARAT","1278","BPP KEC. GUNUNGSITOLI BARAT","Kec. Gunungsitoli Barat","67","3","1","1","0","0","5"
"SUMATERA UTARA","KOTA GUNUNGSITOLI","GUNUNGSITOLI IDANOI","1278","BPPK GN SITOLI IDANOI & GN SITOLI SLATAN","Bppk GN Sitoli Idanoi & GN Sitoli Slatan","228","0","2","0","0","0","2"
"SUMATERA UTARA","KOTA GUNUNGSITOLI","GUNUNGSITOLI SELATAN","1278","BPPK GN SITOLI IDANOI & GN SITOLI SLATAN","Bppk GN Sitoli Idanoi & GN Sitoli Slatan","133","1","3","6","0","0","10"
"SUMATERA UTARA","KOTA GUNUNGSITOLI","GUNUNGSITOLI UTARA","1278","BPPK GUNUNGSITOLI UTARA","Bppk Gunungsitoli Utara","139","1","5","3","0","0","9"
"SUMATERA UTARA","KOTA MEDAN","MEDAN AMPLAS","1275","BPP AMPLAS","Amplas","23","7","0","4","4","0","15"
"SUMATERA UTARA","KOTA MEDAN","MEDAN AREA","1275","BPP AMPLAS","Amplas","15","0","1","0","0","0","1"
"SUMATERA UTARA","KOTA MEDAN","MEDAN BARAT","1275","BPP Tanjung Gusta","Tanjung Gusta","8","0","0","0","0","0","0"
"SUMATERA UTARA","KOTA MEDAN","MEDAN BARU","1275","BPP AMPLAS","Amplas","9","0","1","0","0","0","1"
"SUMATERA UTARA","KOTA MEDAN","MEDAN BELAWAN","1275","BPP Tanjung Gusta","Tanjung Gusta","11","0","1","0","0","0","1"
"SUMATERA UTARA","KOTA MEDAN","MEDAN DELI","1275","BPP Tanjung Gusta","Tanjung Gusta","19","0","1","0","0","0","1"
"SUMATERA UTARA","KOTA MEDAN","MEDAN DENAI","1275","BPP AMPLAS","Amplas","12","0","1","0","0","0","1"
"SUMATERA UTARA","KOTA MEDAN","MEDAN HELVETIA","1275","BPP Tanjung Gusta","Tanjung Gusta","19","6","1","3","3","0","13"
"SUMATERA UTARA","KOTA MEDAN","MEDAN JOHOR","1275","BPP AMPLAS","Amplas","31","0","0","1","0","0","1"
"SUMATERA UTARA","KOTA MEDAN","MEDAN KOTA","1275","BPP AMPLAS","Amplas","12","0","0","0","0","0","0"
"SUMATERA UTARA","KOTA MEDAN","MEDAN LABUHAN","1275","BPP Tanjung Gusta","Tanjung Gusta","24","0","2","0","0","0","2"
"SUMATERA UTARA","KOTA MEDAN","MEDAN MAIMUN","1275","BPP AMPLAS","Amplas","8","1","0","0","0","0","1"
"SUMATERA UTARA","KOTA MEDAN","MEDAN MARELAN","1275","BPP Tanjung Gusta","Tanjung Gusta","37","0","1","1","0","0","2"
"SUMATERA UTARA","KOTA MEDAN","MEDAN PERJUANGAN","1275","BPP Tanjung Gusta","Tanjung Gusta","10","0","0","0","0","0","0"
"SUMATERA UTARA","KOTA MEDAN","MEDAN PETISAH","1275","BPP Tanjung Gusta","Tanjung Gusta","9","0","1","0","0","0","1"
"SUMATERA UTARA","KOTA MEDAN","MEDAN POLONIA","1275","BPP AMPLAS","Amplas","20","0","0","1","0","0","1"
"SUMATERA UTARA","KOTA MEDAN","MEDAN SELAYANG","1275","BPP AMPLAS","Amplas","37","0","1","0","0","0","1"
"SUMATERA UTARA","KOTA MEDAN","MEDAN SUNGGAL","1275","BPP Tanjung Gusta","Tanjung Gusta","28","0","0","1","0","0","1"
"SUMATERA UTARA","KOTA MEDAN","MEDAN TEMBUNG","1275","BPP AMPLAS","Amplas","17","0","1","0","0","0","1"
"SUMATERA UTARA","KOTA MEDAN","MEDAN TIMUR","1275","BPP Tanjung Gusta","Tanjung Gusta","10","0","1","0","0","0","1"
"SUMATERA UTARA","KOTA MEDAN","MEDAN TUNTUNGAN","1275","BPP AMPLAS","Amplas","36","0","2","0","0","0","2"
"SUMATERA UTARA","KOTA PADANGSIDIMPUAN","PADANGSIDIMPUAN ANGKOLA JULU","1277","Padangsidimpuan Angkola Julu","Padangsidimpuan Angkola Julu","67","6","1","1","0","0","8"
"SUMATERA UTARA","KOTA PADANGSIDIMPUAN","PADANGSIDIMPUAN BATUNADUA","1277","Padangsidimpuan Batunadua","Padangsidimpuan Batunadua","65","4","4","2","0","0","10"
"SUMATERA UTARA","KOTA PADANGSIDIMPUAN","PADANGSIDIMPUAN HUTAIMBARU","1277","Padangsidimpuan Hutaimbaru","Padangsidimpuan Hutaimbaru","68","0","6","1","0","0","7"
"SUMATERA UTARA","KOTA PADANGSIDIMPUAN","PADANGSIDIMPUAN SELATAN","1277","Padangsidimpuan Selatan","Padangsidimpuan Selatan","30","4","2","0","0","0","6"
"SUMATERA UTARA","KOTA PADANGSIDIMPUAN","PADANGSIDIMPUAN TENGGARA","1277","Padangsidimpuan Tenggara","Padangsidimpuan Tenggara","63","7","5","0","0","0","12"
"SUMATERA UTARA","KOTA PADANGSIDIMPUAN","PADANGSIDIMPUAN UTARA","1277","Padangsidimpuan Utara","Padangsidimpuan Utara","29","1","4","1","0","0","6"
"SUMATERA UTARA","KOTA PEMATANG SIANTAR","SIANTAR BARAT","1273","BPP Sitalasari","Sitalasari","12","0","1","0","0","0","1"
"SUMATERA UTARA","KOTA PEMATANG SIANTAR","SIANTAR MARIHAT","1273","BPP Marihat","Marihat","34","1","4","0","0","0","5"
"SUMATERA UTARA","KOTA PEMATANG SIANTAR","SIANTAR MARIMBUN","1273","BPP Marimbun","Marimbun","52","1","5","0","0","0","6"
"SUMATERA UTARA","KOTA PEMATANG SIANTAR","SIANTAR MARTOBA","1273","BPP Martoba","Martoba","41","0","4","0","0","0","4"
"SUMATERA UTARA","KOTA PEMATANG SIANTAR","SIANTAR SELATAN","1273","BPP Marimbun","Marimbun","1","0","0","0","0","0","0"
"SUMATERA UTARA","KOTA PEMATANG SIANTAR","SIANTAR SITALASARI","1273","BPP Sitalasari","Sitalasari","50","1","3","0","0","0","4"
"SUMATERA UTARA","KOTA PEMATANG SIANTAR","SIANTAR TIMUR","1273","BPP Marihat","Marihat","17","0","0","0","0","0","0"
"SUMATERA UTARA","KOTA PEMATANG SIANTAR","SIANTAR UTARA","1273","BPP Martoba","Martoba","5","1","0","0","0","0","1"
"SUMATERA UTARA","KOTA SIBOLGA","SIBOLGA KOTA","","","","","0","0","0","0","0","0"
"SUMATERA UTARA","KOTA SIBOLGA","SIBOLGA SAMBAS","","","","","0","0","0","0","0","0"
"SUMATERA UTARA","KOTA SIBOLGA","SIBOLGA SELATAN","","","","","0","0","0","0","0","0"
"SUMATERA UTARA","KOTA SIBOLGA","SIBOLGA UTARA","","","","","0","0","0","0","0","0"
"SUMATERA UTARA","KOTA TANJUNG BALAI","DATUK BANDAR","1272","Sijambi","Sijambi","66","1","6","0","0","0","7"
"SUMATERA UTARA","KOTA TANJUNG BALAI","DATUK BANDAR TIMUR","1272","Sijambi","Sijambi","29","0","0","0","0","0","0"
"SUMATERA UTARA","KOTA TANJUNG BALAI","SEI TUALANG RASO","1272","Sijambi","Sijambi","31","0","0","0","0","0","0"
"SUMATERA UTARA","KOTA TANJUNG BALAI","TANJUNG BALAI SELATAN","1272","Sijambi","Sijambi","8","0","0","0","0","0","0"
"SUMATERA UTARA","KOTA TANJUNG BALAI","TANJUNG BALAI UTARA","1272","Sijambi","Sijambi","6","0","0","0","0","0","0"
"SUMATERA UTARA","KOTA TANJUNG BALAI","TELUK NIBUNG","1272","Sijambi","Sijambi","21","0","0","0","0","0","0"
"SUMATERA UTARA","KOTA TEBING TINGGI","BAJENIS","1274","BPP RANTAU LABAN","Rantau Laban","72","0","0","1","0","0","1"
"SUMATERA UTARA","KOTA TEBING TINGGI","PADANG HILIR","1274","BPP RANTAU LABAN","Rantau Laban","82","1","0","1","0","0","2"
"SUMATERA UTARA","KOTA TEBING TINGGI","PADANG HULU","1274","BPP RANTAU LABAN","Rantau Laban","64","1","0","0","0","0","1"
"SUMATERA UTARA","KOTA TEBING TINGGI","RAMBUTAN","1274","BPP RANTAU LABAN","Rantau Laban","96","11","5","22","0","0","38"
"SUMATERA UTARA","KOTA TEBING TINGGI","TEBING TINGGI KOTA","1274","BPP RANTAU LABAN","Rantau Laban","13","0","0","0","0","0","0"
"SUMATERA UTARA","LABUHAN BATU","BILAH BARAT","1207","Bilah Barat","Bilah Barat","129","6","2","0","0","0","8"
"SUMATERA UTARA","LABUHAN BATU","BILAH HILIR","1207","Bilah Hilir","Bilah Hilir","138","4","1","2","1","0","8"
"SUMATERA UTARA","LABUHAN BATU","BILAH HULU","1207","BPP Bilah Hulu","Bilah Hulu","162","7","2","1","0","0","10"
"SUMATERA UTARA","LABUHAN BATU","PANAI HILIR","1207","Panai Hilir","Panai Hilir","124","3","1","0","0","0","4"
"SUMATERA UTARA","LABUHAN BATU","PANAI HULU","1207","Panai Hulu","Panai Hulu","96","3","2","0","0","0","5"
"SUMATERA UTARA","LABUHAN BATU","PANAI TENGAH","1207","PANAI TENGAH","Panai Tengah","136","5","0","0","0","0","5"
"SUMATERA UTARA","LABUHAN BATU","PANGKATAN","1207","Pangkatan","Pangkatan","99","3","3","0","1","0","7"
"SUMATERA UTARA","LABUHAN BATU","RANTAU SELATAN","1207","Rantau Selatan","Rantau Selatan","116","8","0","0","0","0","8"
"SUMATERA UTARA","LABUHAN BATU","RANTAU UTARA","1207","Rantau Utara","Rantau Utara","76","4","1","0","0","0","5"
"SUMATERA UTARA","LABUHAN BATU SELATAN","KAMPUNG RAKYAT","1222","BPP Kec. Kampung Rakyat","Kec. Kampung Rakyat","185","2","2","1","0","0","5"
"SUMATERA UTARA","LABUHAN BATU SELATAN","KOTA PINANG","1222","BPP Kec.Kotapinang","Kec.Kotapinang","99","2","2","0","0","0","4"
"SUMATERA UTARA","LABUHAN BATU SELATAN","SILANGKITANG","1222","BPP Kec. Silangkitang","Kec. Silangkitang","110","5","1","1","0","0","7"
"SUMATERA UTARA","LABUHAN BATU SELATAN","SUNGAI KANAN","1222","BPP Kec. Sungai Kanan","Kec. Sungai Kanan","138","5","1","0","0","0","6"
"SUMATERA UTARA","LABUHAN BATU SELATAN","TORGAMBA","1222","BPP Kec.Torgamba","Kec.Torgamba","221","3","3","1","0","0","7"
"SUMATERA UTARA","LABUHAN BATU UTARA","AEK KUO","1223","Aek Kuo","Aek Kuo","98","5","1","2","0","0","8"
"SUMATERA UTARA","LABUHAN BATU UTARA","AEK NATAS","1223","Aek Natas","Aek Natas","150","5","0","5","0","0","10"
"SUMATERA UTARA","LABUHAN BATU UTARA","KUALUH HILIR","1223","BPP Kualuh Hilir","Kualuh Hilir","121","1","3","4","0","0","8"
"SUMATERA UTARA","LABUHAN BATU UTARA","KUALUH HULU","1223","Kualuh Hulu","Kualuh Hulu","155","5","5","2","0","0","12"
"SUMATERA UTARA","LABUHAN BATU UTARA","KUALUH LEIDONG","1223","BPP KUALUH LEIDONG","Kualuh Leidong","68","2","1","2","0","0","5"
"SUMATERA UTARA","LABUHAN BATU UTARA","KUALUH SELATAN","1223","Kualuh Selatan","Kualuh Selatan","175","5","4","3","0","0","12"
"SUMATERA UTARA","LABUHAN BATU UTARA","MARBAU","1223","Marbau","Marbau","113","2","4","4","0","0","10"
"SUMATERA UTARA","LABUHAN BATU UTARA","NA IX-X","1223","NA IX-X","NA Ix-x","173","6","1","6","0","0","13"
"SUMATERA UTARA","LANGKAT","BABALAN","1213","BPP Babalan","Babalan","84","3","3","0","0","0","6"
"SUMATERA UTARA","LANGKAT","BATANG SERANGAN","1213","BPP Batang Serangan","Batang Serangan","74","3","1","0","0","0","4"
"SUMATERA UTARA","LANGKAT","BESITANG","1213","BPP Besitang","Besitang","127","2","2","0","0","0","4"
"SUMATERA UTARA","LANGKAT","BINJAI","1213","BPP Kecamatan Binjai","Kecamatan Binjai","140","4","2","1","0","0","7"
"SUMATERA UTARA","LANGKAT","BOHOROK","1213","Bahorok","Bahorok","116","3","4","0","0","0","7"
"SUMATERA UTARA","LANGKAT","BRANDAN BARAT","1213","BPP Brandan Barat","Brandan Barat","110","2","0","1","0","0","3"
"SUMATERA UTARA","LANGKAT","GEBANG","1213","BPP Gebang","Gebang","124","3","2","0","0","0","5"
"SUMATERA UTARA","LANGKAT","HINAI","1213","BPP Hinai","Hinai","122","5","1","0","0","0","6"
"SUMATERA UTARA","LANGKAT","KUALA","1213","Kuala","Kuala","115","2","1","1","0","0","4"
"SUMATERA UTARA","LANGKAT","KUTAMBARU","1213","BP3K Kutambaru","Kutambaru","57","1","2","0","0","0","3"
"SUMATERA UTARA","LANGKAT","PADANG TUALANG","1213","Padang Tualang","Padang Tualang","94","2","0","2","0","0","4"
"SUMATERA UTARA","LANGKAT","PANGKALAN SUSU","1213","BPP Pangkalan Susu","Pangkalan Susu","119","4","1","0","0","0","5"
"SUMATERA UTARA","LANGKAT","PEMATANG JAYA","1213","BPP Pematang Jaya","Pematang Jaya","42","2","3","0","0","0","5"
"SUMATERA UTARA","LANGKAT","SALAPIAN","1213","BPP Salapian","Salapian","88","2","1","1","0","0","4"
"SUMATERA UTARA","LANGKAT","SAWIT SEBERANG","1213","BPP Sawit Seberang","Sawit Seberang","36","2","2","0","0","0","4"
"SUMATERA UTARA","LANGKAT","SECANGGANG","1213","BPP Secanggang","Secanggang","225","4","7","0","0","0","11"
"SUMATERA UTARA","LANGKAT","SEI BINGAI","1213","Sei Bingai","Sei Bingai","217","2","5","0","0","0","7"
"SUMATERA UTARA","LANGKAT","SEI LEPAN","1213","BPP Sei Lepan","Sei Lepan","91","1","3","0","0","0","4"
"SUMATERA UTARA","LANGKAT","SELESAI","1213","BPP Selesai","Selesai","219","3","3","1","0","0","7"
"SUMATERA UTARA","LANGKAT","SIRAPIT","1213","Serapit","Serapit","107","1","5","1","0","0","7"
"SUMATERA UTARA","LANGKAT","STABAT","1213","Stabat","Stabat","118","3","3","0","0","0","6"
"SUMATERA UTARA","LANGKAT","TANJUNG PURA","1213","BPP Tanjung Pura","Tanjung Pura","114","3","3","2","0","0","8"
"SUMATERA UTARA","LANGKAT","WAMPU","1213","Wampu","Wampu","109","5","1","1","0","0","7"
"SUMATERA UTARA","MANDAILING NATAL","BATAHAN","1202","BPP Batahan","Batahan","128","2","0","8","0","0","10"
"SUMATERA UTARA","MANDAILING NATAL","BATANG NATAL","1202","BPP Torsanduduk","Torsanduduk","174","5","1","17","1","0","24"
"SUMATERA UTARA","MANDAILING NATAL","BUKIT MALINTANG","1202","BPP Bange","Bange","104","3","2","7","1","0","13"
"SUMATERA UTARA","MANDAILING NATAL","HUTA BARGOT","1202","BPP Hutabargot","Hutabargot","134","5","3","8","0","0","16"
"SUMATERA UTARA","MANDAILING NATAL","KOTANOPAN","1202","BPP Hutaimbaru","Hutaimbaru","419","2","2","15","0","0","19"
"SUMATERA UTARA","MANDAILING NATAL","LEMBAH SORIK MARAPI","1202","BPP Pasar Maga","Pasar Maga","145","4","0","7","0","0","11"
"SUMATERA UTARA","MANDAILING NATAL","LINGGA BAYU","1202","BPP Simpang Gambir","Simpang Gambir","87","2","0","8","0","0","10"
"SUMATERA UTARA","MANDAILING NATAL","MUARA BATANG GADIS","1202","BPP Muara Batang Gadis","Muara Batang Gadis","108","1","0","12","0","0","13"
"SUMATERA UTARA","MANDAILING NATAL","MUARA SIPONGI","1202","BPP Muara Sipongi","Muara Sipongi","86","2","0","5","0","0","7"
"SUMATERA UTARA","MANDAILING NATAL","NAGA JUANG","1202","BPP Naga Juang","Naga Juang","82","2","2","3","0","0","7"
"SUMATERA UTARA","MANDAILING NATAL","NATAL","1202","BPP Patiluban","Patiluban","151","2","1","13","3","0","19"
"SUMATERA UTARA","MANDAILING NATAL","PAKANTAN","1202","BPP Pakantan","Pakantan","57","2","0","6","0","0","8"
"SUMATERA UTARA","MANDAILING NATAL","PANYABUNGAN","1202","BPP Darussalam","Darussalam","385","7","4","17","0","0","28"
"SUMATERA UTARA","MANDAILING NATAL","PANYABUNGAN BARAT","1202","BPP Sirambas","Sirambas","179","1","2","9","0","0","12"
"SUMATERA UTARA","MANDAILING NATAL","PANYABUNGAN SELATAN","1202","BPP Kayu Laut","Kayu Laut","105","1","0","8","0","0","9"
"SUMATERA UTARA","MANDAILING NATAL","PANYABUNGAN TIMUR","1202","BPP Gunung Baringin","Gunung Baringin","146","1","2","10","1","0","14"
"SUMATERA UTARA","MANDAILING NATAL","PANYABUNGAN UTARA","1202","BPP Mompang","Mompang","242","2","4","8","2","0","16"
"SUMATERA UTARA","MANDAILING NATAL","PUNCAK SORIK MARAPI","1202","BPP Sibanggor","Sibanggor","135","2","1","7","1","0","11"
"SUMATERA UTARA","MANDAILING NATAL","RANTO BAEK","1202","BPP Manisak","Manisak","100","2","2","5","0","0","9"
"SUMATERA UTARA","MANDAILING NATAL","SIABU","1202","BPP Siabu","Siabu","468","4","4","24","3","0","35"
"SUMATERA UTARA","MANDAILING NATAL","SINUNUKAN","1202","BPP Sinunukan","Sinunukan","138","2","0","6","1","0","9"
"SUMATERA UTARA","MANDAILING NATAL","TAMBANGAN","1202","BPP Tambangan","Tambangan","214","2","0","10","1","0","13"
"SUMATERA UTARA","MANDAILING NATAL","ULU PUNGKUT","1202","BPP Habincaran","Habincaran","73","2","0","7","1","0","10"
"SUMATERA UTARA","NIAS","BAWOLATO","1201","BPP Kec. Bawolato","Kec. Bawolato","217","9","0","0","13","0","22"
"SUMATERA UTARA","NIAS","BOTOMUZOI","1201","BPP Kec. Botomuzoi","Kec. Botomuzoi","55","5","0","0","3","0","8"
"SUMATERA UTARA","NIAS","GIDO","1201","BPP Kecamatan Gido","Kecamatan Gido","194","10","0","0","5","0","15"
"SUMATERA UTARA","NIAS","HILI SERANGKAI","1201","BPP Kec. Hiliserangkai","Kec. Hiliserangkai","114","3","1","1","5","0","10"
"SUMATERA UTARA","NIAS","HILIDUHO","1201","BPP Kec. Hiliduho","Kec. Hiliduho","79","2","1","1","3","0","7"
"SUMATERA UTARA","NIAS","IDANO GAWO","1201","BPP KECAMATAN IDANOGAWO","Kecamatan Idanogawo","180","6","0","2","6","0","14"
"SUMATERA UTARA","NIAS","MA U","1201","BPP Kec. Mau","Kec. Mau","85","3","0","0","1","0","4"
"SUMATERA UTARA","NIAS","SOGAEADU","1201","BPP Kec. Sogaeadu","Kec. Sogaeadu","118","5","1","0","4","0","10"
"SUMATERA UTARA","NIAS","SOMOLO - MOLO","1201","BPP Kec. Somolo-molo","Kec. Somolo-molo","58","3","0","0","2","0","5"
"SUMATERA UTARA","NIAS","ULUGAWO","1201","BPP Kec. Ulugawo","Kec. Ulugawo","56","3","0","1","1","0","5"
"SUMATERA UTARA","NIAS BARAT","LAHOMI","1225","LAHOMI","Lahomi","86","0","2","0","0","0","2"
"SUMATERA UTARA","NIAS BARAT","LOLOFITU MOI","1225","LOLOFITU MOI","Lolofitu MOI","79","0","1","0","0","0","1"
"SUMATERA UTARA","NIAS BARAT","MANDREHE","1225","MANDREHE","Mandrehe","192","1","1","1","0","0","3"
"SUMATERA UTARA","NIAS BARAT","MANDREHE BARAT","1225","MANDREHE BARAT","Mandrehe Barat","98","1","0","2","0","0","3"
"SUMATERA UTARA","NIAS BARAT","MANDREHE UTARA","1225","MANDREHE UTARA","Mandrehe Utara","89","0","0","3","0","0","3"
"SUMATERA UTARA","NIAS BARAT","MORO O","1225","BPP MOROO","Moroo","116","0","1","1","0","0","2"
"SUMATERA UTARA","NIAS BARAT","SIROMBU","1225","SIROMBU","Sirombu","98","0","1","1","0","0","2"
"SUMATERA UTARA","NIAS BARAT","ULU MORO O","1225","ULU MORO O","ULU Moro O","42","0","0","1","0","0","1"
"SUMATERA UTARA","NIAS SELATAN","AMANDRAYA","1214","BPP Amandraya","Amandraya","66","1","0","0","0","0","1"
"SUMATERA UTARA","NIAS SELATAN","ARAMO","1214","BPP Aramo","Aramo","54","0","0","1","0","0","1"
"SUMATERA UTARA","NIAS SELATAN","BORONADU","1214","BPP Gomo","Gomo","19","0","0","0","0","0","0"
"SUMATERA UTARA","NIAS SELATAN","FANAYAMA","1214","BPP Fanayama","Fanayama","130","1","0","1","0","0","2"
"SUMATERA UTARA","NIAS SELATAN","GOMO","1214","BPP Gomo","Gomo","85","5","0","1","0","0","6"
"SUMATERA UTARA","NIAS SELATAN","HIBALA","1214","BPP Pulau-Pulau Batu","Pulau-Pulau Batu","5","0","0","0","0","0","0"
"SUMATERA UTARA","NIAS SELATAN","HILI SALAWA AHE","1214","BPP Hilisalawa Ahe","Hilisalawa Ahe","33","1","0","0","0","0","1"
"SUMATERA UTARA","NIAS SELATAN","HILIMEGAI","1214","BPP Hilimegai","Hilimegai","36","1","0","2","0","0","3"
"SUMATERA UTARA","NIAS SELATAN","HURUNA","1214","BPP Lolomatua","Lolomatua","15","0","0","0","0","0","0"
"SUMATERA UTARA","NIAS SELATAN","IDANO TAE","1214","BPP Gomo","Gomo","42","0","0","0","0","0","0"
"SUMATERA UTARA","NIAS SELATAN","LAHUSA","1214","BPP Lahusa","Lahusa","78","2","0","0","0","0","2"
"SUMATERA UTARA","NIAS SELATAN","LOLOMATUA","1214","BPP Lolomatua","Lolomatua","32","1","0","2","0","0","3"
"SUMATERA UTARA","NIAS SELATAN","LOLOWA U","1214","BPP Lolowau","Lolowau","60","3","0","0","0","0","3"
"SUMATERA UTARA","NIAS SELATAN","LUAHAGUNDRE MANIAMOLO","1214","BPP Luahagundre Maniamolo","Luahagundre Maniamolo","84","1","0","0","0","0","1"
"SUMATERA UTARA","NIAS SELATAN","MANIAMOLO","1214","BPP Maniamolo","Maniamolo","173","1","0","0","0","0","1"
"SUMATERA UTARA","NIAS SELATAN","MAZINO","1214","BPP Mazino","Mazino","69","1","0","0","0","0","1"
"SUMATERA UTARA","NIAS SELATAN","MAZO","1214","BPP Mazo","Mazo","66","1","0","1","0","0","2"
"SUMATERA UTARA","NIAS SELATAN","ONOHAZUMBA","1214","BPP Hilimegai","Hilimegai","7","0","0","0","0","0","0"
"SUMATERA UTARA","NIAS SELATAN","ONOLALU","1214","BPP Onolalu","Onolalu","27","0","0","1","0","0","1"
"SUMATERA UTARA","NIAS SELATAN","OOU","1214","BPP Oou","Oou","43","1","0","2","0","0","3"
"SUMATERA UTARA","NIAS SELATAN","PULAU-PULAU BATU","1214","BPP Pulau-Pulau Batu","Pulau-Pulau Batu","9","0","0","2","0","0","2"
"SUMATERA UTARA","NIAS SELATAN","PULAU-PULAU BATU BARAT","1214","BPP Pulau-Pulau Batu","Pulau-Pulau Batu","5","0","0","0","0","0","0"
"SUMATERA UTARA","NIAS SELATAN","PULAU-PULAU BATU TIMUR","1214","BPP Pulau-Pulau Batu","Pulau-Pulau Batu","2","0","0","0","0","0","0"
"SUMATERA UTARA","NIAS SELATAN","PULAU-PULAU BATU UTARA","1214","BPP Pulau-Pulau Batu","Pulau-Pulau Batu","3","0","0","0","0","0","0"
"SUMATERA UTARA","NIAS SELATAN","SIDUA ORI","1214","BPP Siduaori","Siduaori","31","1","0","1","0","0","2"
"SUMATERA UTARA","NIAS SELATAN","SIMUK","1214","BPP Pulau-Pulau Batu","Pulau-Pulau Batu","0","0","0","0","0","0","0"
"SUMATERA UTARA","NIAS SELATAN","SOMAMBAWA","1214","BPP Somambawa","Somambawa","97","2","0","1","0","0","3"
"SUMATERA UTARA","NIAS SELATAN","SUSUA","1214","BPP Mazo","Mazo","17","0","0","0","0","0","0"
"SUMATERA UTARA","NIAS SELATAN","TANAH MASA","1214","BPP Pulau-Pulau Batu","Pulau-Pulau Batu","10","0","0","0","0","0","0"
"SUMATERA UTARA","NIAS SELATAN","TELUK DALAM","1214","BPP Teluk Dalam","Teluk Dalam","89","1","0","1","0","0","2"
"SUMATERA UTARA","NIAS SELATAN","TOMA","1214","BPP Toma","Toma","77","1","0","1","0","0","2"
"SUMATERA UTARA","NIAS SELATAN","ULU IDANO TAE","1214","BPP Gomo","Gomo","25","0","0","0","0","0","0"
"SUMATERA UTARA","NIAS SELATAN","ULU NOYO","1214","BPP Lolomatua","Lolomatua","29","0","0","0","0","0","0"
"SUMATERA UTARA","NIAS SELATAN","ULU SUSUA","1214","BPP Oou","Oou","68","0","0","0","0","0","0"
"SUMATERA UTARA","NIAS SELATAN","UMBUNASI","1214","BPP Gomo","Gomo","17","0","0","0","0","0","0"
"SUMATERA UTARA","NIAS UTARA","AFULU","1224","BPP Afulu","Afulu","89","0","0","11","0","0","11"
"SUMATERA UTARA","NIAS UTARA","ALASA","1224","Ombolata","Ombolata","179","0","0","16","0","0","16"
"SUMATERA UTARA","NIAS UTARA","ALASA TALU MUZOI","1224","Alasa Talumuzoi","Alasa Talumuzoi","64","0","1","7","0","0","8"
"SUMATERA UTARA","NIAS UTARA","LAHEWA","1224","BPP Lahewa","Lahewa","137","0","0","13","0","0","13"
"SUMATERA UTARA","NIAS UTARA","LAHEWA TIMUR","1224","Lahewa Timur","Lahewa Timur","113","0","0","14","1","0","15"
"SUMATERA UTARA","NIAS UTARA","LOTU","1224","Lotu","Lotu","122","0","0","11","0","0","11"
"SUMATERA UTARA","NIAS UTARA","NAMOHALU ESIWA","1224","BPP NAMOHALU ESIWA","Namohalu Esiwa","121","0","0","14","0","0","14"
"SUMATERA UTARA","NIAS UTARA","SAWO","1224","SAWO","Sawo","106","0","0","12","1","0","13"
"SUMATERA UTARA","NIAS UTARA","SITOLU ORI","1224","Awaai","Awaai","51","0","1","5","1","0","7"
"SUMATERA UTARA","NIAS UTARA","TUGALA OYO","1224","TUGALA OYO","Tugala OYO","61","0","0","8","0","0","8"
"SUMATERA UTARA","NIAS UTARA","TUHEMBERUA","1224","Tuhemberua","Tuhemberua","84","0","1","11","0","0","12"
"SUMATERA UTARA","PADANG LAWAS","AEK NABARA BARUMUN","1221","BPP Aek Nabara Barumun","Aek Nabara Barumun","84","5","6","1","2","0","14"
"SUMATERA UTARA","PADANG LAWAS","BARUMUN","1221","BPP Barumun","Barumun","74","3","4","3","1","0","11"
"SUMATERA UTARA","PADANG LAWAS","BARUMUN BARAT","1221","BPP BARUMUN BARAT","Barumun Barat","44","2","2","1","0","0","5"
"SUMATERA UTARA","PADANG LAWAS","BARUMUN BARU","1221","BPP Barumun Baru","Barumun Baru","72","4","3","2","1","0","10"
"SUMATERA UTARA","PADANG LAWAS","BARUMUN SELATAN","1221","BPP Barumun Selatan","Barumun Selatan","56","5","1","1","2","0","9"
"SUMATERA UTARA","PADANG LAWAS","BARUMUN TENGAH","1221","BARUMUN TENGAH","Barumun Tengah","138","6","5","0","2","0","13"
"SUMATERA UTARA","PADANG LAWAS","BATANG LUBU SUTAM","1221","Batang Lubu Sutam","Batang Lubu Sutam","40","2","3","0","2","0","7"
"SUMATERA UTARA","PADANG LAWAS","HURISTAK","1221","BPP Huristak","Huristak","135","7","3","0","3","0","13"
"SUMATERA UTARA","PADANG LAWAS","HUTA RAJA TINGGI","1221","BPP Hutaraja Tinggi","Hutaraja Tinggi","103","5","1","0","2","0","8"
"SUMATERA UTARA","PADANG LAWAS","LUBUK BARUMUN","1221","BPP Lubuk Barumun","Lubuk Barumun","116","9","1","2","2","0","14"
"SUMATERA UTARA","PADANG LAWAS","SIHAPAS BARUMUN","1221","BPP Sihapas Barumun","Sihapas Barumun","56","4","5","1","2","0","12"
"SUMATERA UTARA","PADANG LAWAS","SOSA","1221","BPP SOSA","Sosa","57","7","2","0","2","0","11"
"SUMATERA UTARA","PADANG LAWAS","SOSA JULU","1221","BPP Sosa Julu","Sosa Julu","42","3","1","0","0","0","4"
"SUMATERA UTARA","PADANG LAWAS","SOSA TIMUR","1221","BPP Sosa Timur","Sosa Timur","43","4","2","0","0","0","6"
"SUMATERA UTARA","PADANG LAWAS","SOSOPAN","1221","BPP Sosopan","Sosopan","105","7","1","2","2","0","12"
"SUMATERA UTARA","PADANG LAWAS","ULU BARUMUN","1221","BPP Ulu Barumun","Ulu Barumun","111","7","4","2","2","0","15"
"SUMATERA UTARA","PADANG LAWAS","ULU SOSA","1221","BPP Ulu sosa","Ulu sosa","47","3","2","1","0","0","6"
"SUMATERA UTARA","PADANG LAWAS UTARA","BATANG ONANG","1220","BPP Batang Onang Kec. Batang Onang","Batang Onang Kec. Batang Onang","87","5","1","7","8","0","21"
"SUMATERA UTARA","PADANG LAWAS UTARA","DOLOK","1220","BPP Dolok","Dolok","135","4","1","2","3","0","10"
"SUMATERA UTARA","PADANG LAWAS UTARA","DOLOK SIGOMPULON","1220","BPP Dolok Sigompulon","Dolok Sigompulon","55","5","2","1","0","0","8"
"SUMATERA UTARA","PADANG LAWAS UTARA","HALONGONAN","1220","BPP Halongonan","Halongonan","127","4","0","6","3","0","13"
"SUMATERA UTARA","PADANG LAWAS UTARA","HALONGONAN TIMUR","1220","BPP Halongonan Timur","Halongonan Timur","52","2","1","2","2","0","7"
"SUMATERA UTARA","PADANG LAWAS UTARA","HULU SIHAPAS","1220","BPP Hulusihapas","Hulusihapas","53","6","1","1","3","0","11"
"SUMATERA UTARA","PADANG LAWAS UTARA","PADANG BOLAK","1220","BPP Padang Bolak","Padang Bolak","254","7","1","8","5","0","21"
"SUMATERA UTARA","PADANG LAWAS UTARA","PADANG BOLAK JULU","1220","BPP Padang Bolak Julu","Padang Bolak Julu","97","4","0","8","5","0","17"
"SUMATERA UTARA","PADANG LAWAS UTARA","PADANG BOLAK TENGGARA","1220","BPP Padang Bolak Tenggara","Padang Bolak Tenggara","90","7","3","5","3","0","18"
"SUMATERA UTARA","PADANG LAWAS UTARA","PORTIBI","1220","BPP Portibi","Portibi","222","10","1","9","4","0","24"
"SUMATERA UTARA","PADANG LAWAS UTARA","SIMANGAMBAT","1220","BPP Simangambat","Simangambat","112","2","1","2","3","0","8"
"SUMATERA UTARA","PADANG LAWAS UTARA","UJUNG BATU","1220","BPP Ujung Batu","Ujung Batu","38","1","0","1","2","0","4"
"SUMATERA UTARA","PAKPAK BHARAT","KERAJAAN","1216","Kerajaan","Kerajaan","112","8","2","0","0","0","10"
"SUMATERA UTARA","PAKPAK BHARAT","PAGINDAR","1216","Pagindar","Pagindar","18","3","0","0","0","0","3"
"SUMATERA UTARA","PAKPAK BHARAT","PERGETTENG-GETTENG SENGKUT","1216","Pergetteng Getteng Sengkut","Pergetteng Getteng Sengkut","62","6","0","0","0","0","6"
"SUMATERA UTARA","PAKPAK BHARAT","SALAK","1216","Salak","Salak","94","4","3","0","0","0","7"
"SUMATERA UTARA","PAKPAK BHARAT","SIEMPAT RUBE","1216","Siempat Rube","Siempat Rube","66","4","1","0","0","0","5"
"SUMATERA UTARA","PAKPAK BHARAT","SITELLU TALI URANG JEHE","1216","Sitelu Tali Urang Jehe","Sitelu Tali Urang Jehe","96","7","2","0","0","0","9"
"SUMATERA UTARA","PAKPAK BHARAT","SITELLU TALI URANG JULU","1216","Sitellu Tali Urang Julu","Sitellu Tali Urang Julu","67","7","0","0","0","0","7"
"SUMATERA UTARA","PAKPAK BHARAT","TINADA","1216","Tinada","Tinada","65","5","4","0","0","0","9"
"SUMATERA UTARA","SAMOSIR","HARIAN","1217","BPP Kecamatan Harian","Kecamatan Harian","123","3","4","0","0","0","7"
"SUMATERA UTARA","SAMOSIR","NAINGGOLAN","1217","BPP Kecamatan Nainggolan","Kecamatan Nainggolan","132","5","4","0","0","0","9"
"SUMATERA UTARA","SAMOSIR","ONAN RUNGGU","1217","BPP Kecamatan Onan Runggu","Kecamatan Onan Runggu","137","2","3","1","0","0","6"
"SUMATERA UTARA","SAMOSIR","PALIPI","1217","BPP Kecamatan Palipi","Kecamatan Palipi","211","2","6","0","0","0","8"
"SUMATERA UTARA","SAMOSIR","PANGURURAN","1217","BPP Kecamatan Pangururan","Kecamatan Pangururan","265","6","7","0","0","0","13"
"SUMATERA UTARA","SAMOSIR","RONGGUR NIHUTA","1217","BPP Kecamatan Ronggur Nihuta","Kecamatan Ronggur Nihuta","116","2","4","0","0","0","6"
"SUMATERA UTARA","SAMOSIR","SIANJUR MULA MULA","1217","BPP Kecamatan Sianjur Mulamula","Kecamatan Sianjur Mulamula","113","3","3","0","0","0","6"
"SUMATERA UTARA","SAMOSIR","SIMANINDO","1217","BPP Kecamatan Simanindo","Kecamatan Simanindo","219","4","7","0","0","0","11"
"SUMATERA UTARA","SAMOSIR","SITIO-TIO","1217","BPP Kecamatan Sitiotio","Kecamatan Sitiotio","91","2","2","0","0","0","4"
"SUMATERA UTARA","SERDANG BEDAGAI","BANDAR KHALIPAH","1218","Tanjung Beringin","Tanjung Beringin","75","1","4","0","5","0","10"
"SUMATERA UTARA","SERDANG BEDAGAI","BINTANG BAYU","1218","BPP Dolok Masihul","Dolok Masihul","59","1","2","0","2","0","5"
"SUMATERA UTARA","SERDANG BEDAGAI","DOLOK MASIHUL","1218","BPP Dolok Masihul","Dolok Masihul","269","1","12","0","7","0","20"
"SUMATERA UTARA","SERDANG BEDAGAI","DOLOK MERAWAN","1218","Berohol","Berohol","53","0","2","0","0","0","2"
"SUMATERA UTARA","SERDANG BEDAGAI","KOTARIH","1218","BPP Serba Jadi","Serba Jadi","76","1","2","0","1","0","4"
"SUMATERA UTARA","SERDANG BEDAGAI","PANTAI CERMIN","1218","Pematang Sijonam","Pematang Sijonam","145","3","3","0","0","0","6"
"SUMATERA UTARA","SERDANG BEDAGAI","PEGAJAHAN","1218","Pematang Sijonam","Pematang Sijonam","137","1","4","0","2","0","7"
"SUMATERA UTARA","SERDANG BEDAGAI","PERBAUNGAN","1218","Pematang Sijonam","Pematang Sijonam","202","10","9","0","10","0","29"
"SUMATERA UTARA","SERDANG BEDAGAI","SEI BAMBAN","1218","BPP Sei Rejo","Sei Rejo","156","0","7","1","8","0","16"
"SUMATERA UTARA","SERDANG BEDAGAI","SEI RAMPAH","1218","BPP Sei Rejo","Sei Rejo","151","3","5","2","9","0","19"
"SUMATERA UTARA","SERDANG BEDAGAI","SERBAJADI","1218","BPP Serba Jadi","Serba Jadi","128","1","7","0","9","0","17"
"SUMATERA UTARA","SERDANG BEDAGAI","SILINDA","1218","BPP Serba Jadi","Serba Jadi","50","2","1","0","1","0","4"
"SUMATERA UTARA","SERDANG BEDAGAI","SIPISPIS","1218","Berohol","Berohol","100","1","3","0","1","0","5"
"SUMATERA UTARA","SERDANG BEDAGAI","TANJUNG BERINGIN","1218","Tanjung Beringin","Tanjung Beringin","113","3","4","0","11","0","18"
"SUMATERA UTARA","SERDANG BEDAGAI","TEBING SYAHBANDAR","1218","Berohol","Berohol","76","0","2","0","1","0","3"
"SUMATERA UTARA","SERDANG BEDAGAI","TEBINGTINGGI","1218","Berohol","Berohol","164","7","3","0","17","0","27"
"SUMATERA UTARA","SERDANG BEDAGAI","TELUK MENGKUDU","1218","BPP Sei Rejo","Sei Rejo","133","0","7","0","7","0","14"
"SUMATERA UTARA","SIMALUNGUN","BANDAR","1209","BPP BANDAR","Bandar","172","1","3","1","14","0","19"
"SUMATERA UTARA","SIMALUNGUN","BANDAR HULUAN","1209","BPP BANDAR HULUAN","Bandar Huluan","90","1","3","0","4","0","8"
"SUMATERA UTARA","SIMALUNGUN","BANDAR MASILAM","1209","BPP BANDAR MASILAM","Bandar Masilam","131","1","2","0","5","0","8"
"SUMATERA UTARA","SIMALUNGUN","BOSAR MALIGAS","1209","BPP BOSAR MALIGAS","Bosar Maligas","109","0","2","0","7","0","9"
"SUMATERA UTARA","SIMALUNGUN","DOLOG MASAGAL","1209","BPP DOLOG MASAGAL","Dolog Masagal","145","1","3","0","6","0","10"
"SUMATERA UTARA","SIMALUNGUN","DOLOK BATU NANGGAR","1209","BPP DOLOK BATU NANGGAR","Dolok Batu Nanggar","116","1","3","0","1","0","5"
"SUMATERA UTARA","SIMALUNGUN","DOLOK PANRIBUAN","1209","BPP DOLOK PANRIBUAN","Dolok Panribuan","190","0","3","0","11","0","14"
"SUMATERA UTARA","SIMALUNGUN","DOLOK PARDAMEAN","1209","BPP DOLOK PARDAMEAN","Dolok Pardamean","148","1","4","0","13","0","18"
"SUMATERA UTARA","SIMALUNGUN","DOLOK SILAU","1209","BPP DOLOK SILAU","Dolok Silau","191","4","3","1","7","0","15"
"SUMATERA UTARA","SIMALUNGUN","GIRSANG SIPANGAN BOLON","1209","BPP GIRSANG SIPANGAN BOLON","Girsang Sipangan Bolon","63","1","2","0","4","0","7"
"SUMATERA UTARA","SIMALUNGUN","GUNUNG MALELA","1209","BPP GUNUNG MALELA","Gunung Malela","106","1","6","0","8","0","15"
"SUMATERA UTARA","SIMALUNGUN","GUNUNG MALIGAS","1209","BPP GUNUNG MALIGAS","Gunung Maligas","124","2","4","1","1","0","8"
"SUMATERA UTARA","SIMALUNGUN","HARANGGAOL HORISON","1209","BPP HARANGGAOL HORISON","Haranggaol Horison","81","1","3","0","5","0","9"
"SUMATERA UTARA","SIMALUNGUN","HATONDUHAN","1209","BPP HATONDUHAN","Hatonduhan","151","4","1","0","9","0","14"
"SUMATERA UTARA","SIMALUNGUN","HUTABAYU RAJA","1209","BPP HUTABAYU RAJA","Hutabayu Raja","218","1","2","0","9","0","12"
"SUMATERA UTARA","SIMALUNGUN","JAWA MARAJA BAH JAMBI","1209","BPP JAWA MARAJA BAHJAMBI","Jawa Maraja Bahjambi","106","1","4","0","10","0","15"
"SUMATERA UTARA","SIMALUNGUN","JORLANG HATARAN","1209","BPP JORLANG HATARAN","Jorlang Hataran","134","2","3","0","7","0","12"
"SUMATERA UTARA","SIMALUNGUN","PANEI","1209","BPP PANEI","Panei","209","1","6","0","10","0","17"
"SUMATERA UTARA","SIMALUNGUN","PANOMBEAN PANEI","1209","BPP PANOMBEAN PANEI","Panombean Panei","154","3","2","0","9","0","14"
"SUMATERA UTARA","SIMALUNGUN","PEMATANG BANDAR","1209","BPP PEMATANG BANDAR","Pematang Bandar","296","2","5","1","10","0","18"
"SUMATERA UTARA","SIMALUNGUN","PEMATANG SIDAMANIK","1209","BPP PEMATANG SIDAMANIK","Pematang Sidamanik","142","1","7","0","7","0","15"
"SUMATERA UTARA","SIMALUNGUN","PEMATANG SILIMAHUTA","1209","BPP PAMATANG SILIMAHUTA","Pamatang Silimahuta","96","2","0","0","6","0","8"
"SUMATERA UTARA","SIMALUNGUN","PURBA","1209","BPP PURBA","Purba","243","2","2","0","11","0","15"
"SUMATERA UTARA","SIMALUNGUN","RAYA","1209","BPP RAYA","Raya","233","6","4","0","10","0","20"
"SUMATERA UTARA","SIMALUNGUN","RAYA KAHEAN","1209","BPP RAYA KAHEAN","Raya Kahean","127","3","6","1","4","0","14"
"SUMATERA UTARA","SIMALUNGUN","SIANTAR","1209","BPP SIANTAR","Siantar","131","1","6","0","12","0","19"
"SUMATERA UTARA","SIMALUNGUN","SIDAMANIK","1209","BPP SIDAMANIK","Sidamanik","192","1","7","1","10","0","19"
"SUMATERA UTARA","SIMALUNGUN","SILAU KAHEAN","1209","BPP SILAU KAHEAN","Silau Kahean","189","1","9","1","2","0","13"
"SUMATERA UTARA","SIMALUNGUN","SILIMAKUTA","1209","BPP SILIMAKUTA","Silimakuta","128","1","1","0","6","0","8"
"SUMATERA UTARA","SIMALUNGUN","TANAH JAWA","1209","BPP TANAH JAWA","Tanah Jawa","260","2","6","1","19","0","28"
"SUMATERA UTARA","SIMALUNGUN","TAPIAN DOLOK","1209","BPP TAPIAN DOLOK","Tapian Dolok","92","1","4","0","7","0","12"
"SUMATERA UTARA","SIMALUNGUN","UJUNG PADANG","1209","BPP UJUNG PADANG","Ujung Padang","125","0","2","0","12","0","14"
"SUMATERA UTARA","TAPANULI SELATAN","AEK BILAH","1203","BPP BIRU","Biru","59","2","1","3","1","0","7"
"SUMATERA UTARA","TAPANULI SELATAN","ANGKOLA BARAT","1203","BPP Tobotan","Tobotan","79","10","3","2","4","0","19"
"SUMATERA UTARA","TAPANULI SELATAN","ANGKOLA MUARA TAIS","1203","BPP Angkola Muara Tais","Angkola Muara Tais","71","7","4","3","4","0","18"
"SUMATERA UTARA","TAPANULI SELATAN","ANGKOLA SANGKUNUR","1203","BPP Simataniari","Simataniari","48","3","0","4","0","0","7"
"SUMATERA UTARA","TAPANULI SELATAN","ANGKOLA SELATAN","1203","BPP Sihuik-kuik","Sihuik-kuik","117","7","4","2","1","0","14"
"SUMATERA UTARA","TAPANULI SELATAN","ANGKOLA TIMUR","1203","BPP Pargarutan","Pargarutan","189","11","7","2","2","0","22"
"SUMATERA UTARA","TAPANULI SELATAN","ARSE","1203","BPP Arse","Arse","94","9","0","1","4","0","14"
"SUMATERA UTARA","TAPANULI SELATAN","BATANG ANGKOLA","1203","BPP BATANG ANGKOLA","Batang Angkola","101","5","6","7","4","0","22"
"SUMATERA UTARA","TAPANULI SELATAN","BATANG TORU","1203","BPP NAPA","Napa","66","6","2","4","3","0","15"
"SUMATERA UTARA","TAPANULI SELATAN","MARANCAR","1203","BPP MARANCAR","Marancar","68","2","5","5","1","0","13"
"SUMATERA UTARA","TAPANULI SELATAN","MUARA BATANG TORU","1203","BPP Manoppas","Manoppas","57","4","1","2","5","0","12"
"SUMATERA UTARA","TAPANULI SELATAN","SAIPAR DOLOK HOLE","1203","BPP Sipagimbar","Sipagimbar","100","5","3","2","3","0","13"
"SUMATERA UTARA","TAPANULI SELATAN","SAYUR MATINGGI","1203","BPP Batu Godang","Batu Godang","116","4","11","3","3","0","21"
"SUMATERA UTARA","TAPANULI SELATAN","SIPIROK","1203","BPP SIMAGO MAGO","Simago Mago","211","5","6","24","4","0","39"
"SUMATERA UTARA","TAPANULI SELATAN","TANO TOMBANGAN ANGKOLA","1203","BPP Panabari","Panabari","124","7","7","4","5","0","23"
"SUMATERA UTARA","TAPANULI TENGAH","ANDAM DEWI","1204","Andamdewi","Andamdewi","61","0","3","0","1","0","4"
"SUMATERA UTARA","TAPANULI TENGAH","BADIRI","1204","Hutabalang","Hutabalang","48","0","7","1","2","0","10"
"SUMATERA UTARA","TAPANULI TENGAH","BARUS","1204","Sipodang","Sipodang","36","0","0","1","0","0","1"
"SUMATERA UTARA","TAPANULI TENGAH","BARUS UTARA","1204","Andamdewi","Andamdewi","17","1","1","0","0","0","2"
"SUMATERA UTARA","TAPANULI TENGAH","KOLANG","1204","Hutaimbaru","Hutaimbaru","63","1","0","0","0","0","1"
"SUMATERA UTARA","TAPANULI TENGAH","LUMUT","1204","Rawa Genjer","Rawa Genjer","20","0","1","0","0","0","1"
"SUMATERA UTARA","TAPANULI TENGAH","MANDUAMAS","1204","Manduamas","Manduamas","45","0","1","1","1","0","3"
"SUMATERA UTARA","TAPANULI TENGAH","PANDAN","1204","BPP Pandan","Pandan","9","2","5","0","3","0","10"
"SUMATERA UTARA","TAPANULI TENGAH","PASARIBU TOBING","1204","Hiteurat","Hiteurat","29","0","0","0","0","0","0"
"SUMATERA UTARA","TAPANULI TENGAH","PINANG SORI","1204","Hutabalang","Hutabalang","56","0","1","0","0","0","1"
"SUMATERA UTARA","TAPANULI TENGAH","SARUDIK","1204","BPP Pandan","Pandan","9","0","0","0","0","0","0"
"SUMATERA UTARA","TAPANULI TENGAH","SIBABANGUN","1204","Rawa Genjer","Rawa Genjer","50","0","4","0","0","0","4"
"SUMATERA UTARA","TAPANULI TENGAH","SIRANDORUNG","1204","Sirandorung","Sirandorung","47","0","2","0","0","0","2"
"SUMATERA UTARA","TAPANULI TENGAH","SITAHUIS","1204","Hutaimbaru","Hutaimbaru","14","0","0","0","0","0","0"
"SUMATERA UTARA","TAPANULI TENGAH","SORKAM","1204","Hiteurat","Hiteurat","75","1","10","1","1","0","13"
"SUMATERA UTARA","TAPANULI TENGAH","SORKAM BARAT","1204","Hiteurat","Hiteurat","69","0","0","0","0","0","0"
"SUMATERA UTARA","TAPANULI TENGAH","SOSOR GADONG","1204","Sipodang","Sipodang","49","0","6","0","2","0","8"
"SUMATERA UTARA","TAPANULI TENGAH","SUKABANGUN","1204","Rawa Genjer","Rawa Genjer","14","0","0","0","0","0","0"
"SUMATERA UTARA","TAPANULI TENGAH","TAPIAN NAULI","1204","Hutaimbaru","Hutaimbaru","30","2","10","0","1","0","13"
"SUMATERA UTARA","TAPANULI TENGAH","TUKKA","1204","BPP Pandan","Pandan","30","0","1","0","0","0","1"
"SUMATERA UTARA","TAPANULI UTARA","ADIAN KOTING","1205","BPP Kec. ADIAN KOTING","Kec. Adian Koting","127","2","5","4","0","0","11"
"SUMATERA UTARA","TAPANULI UTARA","GAROGA","1205","BPP Kec. GAROGA","Kec. Garoga","164","3","2","4","0","0","9"
"SUMATERA UTARA","TAPANULI UTARA","MUARA","1205","BPP Kec. MUARA","Kec. Muara","141","5","6","2","0","0","13"
"SUMATERA UTARA","TAPANULI UTARA","PAGARAN","1205","BPP Kec. PAGARAN","Kec. Pagaran","166","7","5","2","0","0","14"
"SUMATERA UTARA","TAPANULI UTARA","PAHAE JAE","1205","BPP Kec. PAHAE JAE","Kec. Pahae JAE","110","2","2","3","0","0","7"
"SUMATERA UTARA","TAPANULI UTARA","PAHAE JULU","1205","BPP Kec. PAHAE JULU","Kec. Pahae Julu","142","4","5","4","0","0","13"
"SUMATERA UTARA","TAPANULI UTARA","PANGARIBUAN","1205","BPP Kec. PANGARIBUAN","Kec. Pangaribuan","384","8","3","2","0","0","13"
"SUMATERA UTARA","TAPANULI UTARA","PARMONANGAN","1205","BPP Kec. PARMONANGAN","Kec. Parmonangan","134","3","4","0","0","0","7"
"SUMATERA UTARA","TAPANULI UTARA","PURBATUA","1205","BPP Kec. PURBATUA","Kec. Purbatua","88","4","3","1","0","0","8"
"SUMATERA UTARA","TAPANULI UTARA","SIATAS BARITA","1205","BPP Kec. SIATAS BARITA","Kec. Siatas Barita","144","1","8","2","0","0","11"
"SUMATERA UTARA","TAPANULI UTARA","SIBORONG-BORONG","1205","BPP Kec. SIBORONG-BORONG","Kec. Siborong-borong","333","8","11","3","0","0","22"
"SUMATERA UTARA","TAPANULI UTARA","SIMANGUMBAN","1205","BPP KECAMATAN SIMANGUMBAN","Kecamatan Simangumban","74","3","2","2","0","0","7"
"SUMATERA UTARA","TAPANULI UTARA","SIPAHUTAR","1205","BPP Kec. SIPAHUTAR","Kec. Sipahutar","284","11","5","2","0","0","18"
"SUMATERA UTARA","TAPANULI UTARA","SIPOHOLON","1205","BPP Kec. SIPOHOLON","Kec. Sipoholon","174","6","6","2","0","0","14"
"SUMATERA UTARA","TAPANULI UTARA","TARUTUNG","1205","BPP Kec. TARUTUNG","Kec. Tarutung","242","7","11","2","0","0","20"
"SUMATERA UTARA","TOBA","AJIBATA","1206","Ajibata","Ajibata","42","2","0","0","0","0","2"
"SUMATERA UTARA","TOBA","BALIGE","1206","BPP Balige","Balige","126","2","3","1","1","0","7"
"SUMATERA UTARA","TOBA","BONATUA LUNASI","1206","Bonatua Lunasi","Bonatua Lunasi","52","2","0","0","1","0","3"
"SUMATERA UTARA","TOBA","BORBOR","1206","Borbor","Borbor","46","2","0","0","1","0","3"
"SUMATERA UTARA","TOBA","HABINSARAN","1206","Habinsaran","Habinsaran","127","0","1","1","1","0","3"
"SUMATERA UTARA","TOBA","LAGUBOTI","1206","Laguboti","Laguboti","100","1","2","0","1","0","4"
"SUMATERA UTARA","TOBA","LUMBAN JULU","1206","Lumban Julu","Lumban Julu","59","1","1","1","1","0","4"
"SUMATERA UTARA","TOBA","NASSAU","1206","Nassau","Nassau","49","1","1","0","1","0","3"
"SUMATERA UTARA","TOBA","PARMAKSIAN","1206","Parmaksian","Parmaksian","38","1","1","0","1","0","3"
"SUMATERA UTARA","TOBA","PINTU POHAN MERANTI","1206","Pintu Pohan Meranti","Pintu Pohan Meranti","25","1","1","0","1","0","3"
"SUMATERA UTARA","TOBA","PORSEA","1206","Porsea","Porsea","66","1","2","0","1","0","4"
"SUMATERA UTARA","TOBA","SIANTAR NARUMONDA","1206","Siantar Narumonda","Siantar Narumonda","47","2","1","0","1","0","4"
"SUMATERA UTARA","TOBA","SIGUMPAR","1206","Sigumpar","Sigumpar","52","1","1","1","1","0","4"
"SUMATERA UTARA","TOBA","SILAEN","1206","Silaen","Silaen","86","2","2","1","1","0","6"
"SUMATERA UTARA","TOBA","TAMPAHAN","1206","Tampahan","Tampahan","40","1","0","1","1","0","3"
"SUMATERA UTARA","TOBA","ULUAN","1206","Uluan","Uluan","85","2","1","0","1","0","4"
