nama_asli,nama_kanonik,pendaftaran,sumber
PT. CENTA BRASINDO ABADI CHEMICAL INDUSTRY,PT. CENTA BRASINDO ABADI CHEMICAL INDUSTRY,216,pestisida
PT. RAINBOW AGROSCIENCES,PT. RAINBOW AGROSCIENCES,182,pestisida
PT. SARI KRESNA KIMIA,PT. SARI KRESNA KIMIA,162,pestisida+pupuk-legacy
PT. TIGA MUARA EMAS MAKMUR,PT. TIGA MUARA EMAS MAKMUR,149,pestisida
PT. SINAR GENERAL INDUSTRIES,PT. SINAR GENERAL INDUSTRIES,146,pestisida+pupuk-legacy
PT. GODREJ CONSUMER PRODUCTS INDONESIA,PT. GODREJ CONSUMER PRODUCTS INDONESIA,144,pestisida
PT. INTI EVERSPRING INDONESIA,PT. INTI EVERSPRING INDONESIA,143,pestisida
PT. FUMAKILLA INDONESIA,PT. FUMAKILLA INDONESIA,142,pestisida
PT. MULTI SARANA INDOTANI,PT. MULTI SARANA INDOTANI,138,pestisida
PT. DALZON CHEMICALS INDONESIA,PT. DALZON CHEMICALS INDONESIA,132,pestisida
PT. DELTA GIRI WACANA,PT. DELTA GIRI WACANA,129,pestisida
PT. BASF INDONESIA,PT. BASF INDONESIA,106,pestisida
PT. SOLO LOGO INDONESIA,PT. SOLO LOGO INDONESIA,104,pestisida
PT. PRIMA KARYA BERJAYA,PT. PRIMA KARYA BERJAYA,102,pestisida
MEST INDONESIY,PT. MEST INDONESIY,100,pupuk
PT. NUFARM INDONESIA,PT. NUFARM INDONESIA,96,pestisida
PT. DELTAGRO MULIA SEJATI,PT. DELTAGRO MULIA SEJATI,91,pestisida
PT. SYNGENTA INDONESIA,PT. SYNGENTA INDONESIA,89,pestisida
CV. SAPROTAN UTAMA,CV. SAPROTAN UTAMA,87,pestisida+pupuk-legacy
PT. ADVANSIA INDOTANI,PT. ADVANSIA INDOTANI,86,pestisida
PT. AGRO JAYA INDUSTRI,PT. AGRO JAYA INDUSTRI,83,pestisida
BEHN MEYER AGRICARE,PT. BEHN MEYER AGRICARE,83,pupuk
PT. PETROSIDA GRESIK,PT. Petrosida Gresik,81,pestisida
PT. PETROKIMIA KAYAKU,PT Petrokimia Kayaku,80,pestisida
PT. UPL INDONESIA,PT. UPL INDONESIA,78,pestisida
PT. Multi Mas Chemindo,PT. Multi Mas Chemindo,77,pupuk+pupuk-legacy
PT.MEROKE TETAP JAYA,PT.MEROKE TETAP JAYA,77,pupuk-legacy
PT. MAXXI AGRI INDONESIA,PT. MAXXI AGRI INDONESIA,74,pestisida
PT. KENSO INDONESIA,PT. KENSO INDONESIA,71,pestisida
PT. REJEKI INDO AGROTEC,PT. REJEKI INDO AGROTEC,70,pestisida
PT. INDO-SINO AGROCHEMICAL,PT. INDO-SINO AGROCHEMICAL,70,pestisida
PETROKIMIA GRESIK,PT Petrokimia Gresik,70,pupuk
CV. AGRO JAYA INDONESIA,CV. AGRO JAYA INDONESIA,69,pestisida
PT. CORTEVA AGRISCIENCE MANUFACTURING INDONESIA,PT. CORTEVA AGRISCIENCE MANUFACTURING INDONESIA,66,pestisida
SAPROTAN UTAMA,CV. SAPROTAN UTAMA,66,pupuk
PT. BIOTIS AGRINDO,PT. BIOTIS AGRINDO,65,pestisida
PT. INDOIN BUSINESS GROUP,PT. INDOIN BUSINESS GROUP,65,pestisida
PT. Agro Bumi Timur,PT. Agro Bumi Timur,64,pestisida
PT. DHARMA GUNA WIBAWA,PT. DHARMA GUNA WIBAWA,64,pestisida
PT. SANLEX MALINDO,PT. SANLEX MALINDO,64,pupuk+pupuk-legacy
MEROKE TETAP JAYA,PT.MEROKE TETAP JAYA,64,pupuk
PT. BLUE CUBE INDONESIA,PT. BLUE CUBE INDONESIA,63,pestisida
PT. BAYER INDONESIA,PT. Bayer Indonesia,63,pestisida
PT. BINA GUNA KIMIA,PT. BINA GUNA KIMIA,63,pestisida
PT. MAJU MAKMUR UTOMO,PT. Maju Makmur Utomo,58,pestisida
MULTI NIAGA NUSANTARA INDONESIA,PT. MULTI NIAGA NUSANTARA INDONESIA,57,pupuk
PT. AGRICULTURE CONSTRUCTION,PT. AGRICULTURE CONSTRUCTION,56,pestisida
PT. ETONG CHEMICAL INDONESIA,PT. ETONG CHEMICAL INDONESIA,56,pestisida
PT. CATUR AGRODAYA MANDIRI,PT. CATUR AGRODAYA MANDIRI,54,pestisida+pupuk-legacy
PERMATA AGRO PERSADA,PT. Permata Agro Persada,53,pupuk
MAJU MAKMUR UTOMO,PT. Maju Makmur Utomo,52,pupuk
PT. ROYAL AGRO INDONESIA,PT. ROYAL AGRO INDONESIA,51,pestisida
PT. DA MING INDONESIA,PT. DA MING INDONESIA,51,pestisida
PT. BEHN MEYER AGRICARE,PT. BEHN MEYER AGRICARE,51,pestisida+pupuk-legacy
SANTANI SEJAHTERA,PT. SANTANI SEJAHTERA,51,pupuk
DGW PUPUK INDONESIA,DGW PUPUK INDONESIA,51,pupuk
PT. DANKEN INDONESIA,PT. DANKEN INDONESIA,49,pestisida
SENTANA ADIDAYA PRATAMA,PT. SENTANA ADIDAYA PRATAMA,49,pupuk
PT. Asia Pupuk Guna Lestari,PT. Asia Pupuk Guna Lestari,49,pupuk+pupuk-legacy
SASCO INDONESIA,PT. Sasco Indonesia,48,pupuk
FERTILIZER INTI TECHNOLOGY,FERTILIZER INTI TECHNOLOGY,48,pupuk
PT. SAMUDRA UTAMA NARAPATI,PT. SAMUDRA UTAMA NARAPATI,47,pestisida
PT. YANNO AGRO SCIENCE INDONESIA,PT. YANNO AGRO SCIENCE INDONESIA,47,pestisida
CV. MULTI AGRO JAYA UTAMA,CV. Multi Agro Jaya Utama,46,pestisida
PT. KINGAGROOT BIOTECHNOLOGY INDONESIA,PT. KINGAGROOT BIOTECHNOLOGY INDONESIA,46,pestisida
PT. SANTANI AGRO PERKASA,PT. SANTANI AGRO PERKASA,46,pestisida
SAPROTAN UTAMA NUSANTARA,PT. SAPROTAN UTAMA NUSANTARA,45,pupuk
DHARMA AYU TANI,PT. Dharma Ayu Tani,45,pupuk
PT. ALBAUGH AGRO INDONESIA,PT. ALBAUGH AGRO INDONESIA,43,pestisida
RAJA GROUP INDONESIA,PT. RAJA GROUP INDONESIA,43,pupuk
PT. Hextar Fertilizer Indonesia,PT. Hextar Fertilizer Indonesia,43,pupuk-legacy
PT. ADIL MAKMUR FAJAR,PT. ADIL MAKMUR FAJAR,41,pestisida
CIPTA MAKMUR PERTIWI,PT. Cipta Makmur Pertiwi,41,pupuk
PT. TRIDA KIMIA SAKTI,PT. TRIDA KIMIA SAKTI,40,pestisida
MULTI SARANA INDOTANI,PT. MULTI SARANA INDOTANI,40,pupuk
PT. INDAGRO,PT. INDAGRO,40,pestisida
PT. AGRORISEN INDOMAKMUR CEMERLANG,PT. AGRORISEN INDOMAKMUR CEMERLANG,40,pestisida
WILMAR CHEMICAL INDONESIA,PT. WILMAR CHEMICAL INDONESIA,40,pupuk
JADI MAS,PT JADI MAS,40,pupuk
PT. BERBAK AGRO SEJATI,PT. BERBAK AGRO SEJATI,39,pestisida
PT. JAYA WARINDO ABADI,PT. JAYA WARINDO ABADI,39,pestisida
PT. FORAGRO MITRA SEJATI,PT. FORAGRO MITRA SEJATI,38,pestisida
PT. PERSADA AGRO SUKSES,PT. PERSADA AGRO SUKSES,38,pestisida
KERTOPATEN KENCANA,PT Kertopaten Kencana,38,pupuk
PT. GLOBAL AGROTECH,PT. GLOBAL AGROTECH,37,pestisida
PT. AGRO SENTOSA RAYA,PT. AGRO SENTOSA RAYA,37,pestisida
PT. MITRA KREASIDHARMA,PT. MITRA KREASIDHARMA,37,pestisida
AGROFARM NUSA RAYA,PT. Agrofarm Nusa Raya,37,pupuk
PT. MASCO AGRI GENETICS,PT. MASCO AGRI GENETICS,36,pestisida
PT. TIARA BUANA MANDIRI,PT. TIARA BUANA MANDIRI,35,pestisida+pupuk-legacy
PT. FUMAKILLA NOMOS,PT. FUMAKILLA NOMOS,35,pestisida
PT. SINAMYANG INDONESIA,PT. SINAMYANG INDONESIA,35,pestisida
SARASWANTI ANUGERAH MAKMUR,SARASWANTI ANUGERAH MAKMUR,35,pupuk
PT. AGRO SEJAHTERA INDONESIA,PT. AGRO SEJAHTERA INDONESIA,34,pestisida
PT. MEST INDONESIY,PT. MEST INDONESIY,34,pupuk-legacy
PT. EXCEL MEG INDO,PT. EXCEL MEG INDO,33,pestisida
PT. KRISTALINDO KARUNIA INTERNASIONAL,PT. Kristalindo Karunia Internasional,33,pestisida
CV. KHARISMA AGRI WIJAYA,CV. KHARISMA AGRI WIJAYA,33,pestisida
PT. JIRONA AGRITAMA,PT. JIRONA AGRITAMA,32,pestisida
PT. PILARQUIM AGROSCIENCE INDONESIA,PT. PILARQUIM AGROSCIENCE INDONESIA,32,pestisida
AGROTAMA TUNAS SARANA,PT. Agrotama Tunas Sarana,32,pupuk
PT. TANAMAN MAKMUR MANDIRI,PT. TANAMAN MAKMUR MANDIRI,31,pestisida
PT. ROLIMEX KIMIA NUSAMAS,PT. Rolimex Kimia Nusamas,31,pestisida
PT. ARTHA MAKMUR ABADI,PT. ARTHA MAKMUR ABADI,31,pestisida+pupuk-legacy
PUPUK KALIMANTAN TIMUR,PT Pupuk Kalimantan Timur,31,pupuk
PT. TRITUNGGAL ARTHAMAKMUR,PT. TRITUNGGAL ARTHAMAKMUR,30,pestisida
PT. AGROMANNA JAYA LESTARI,PT. AGROMANNA JAYA LESTARI,30,pestisida
CV. SARAREA PANEN RAYA,CV. SARAREA PANEN RAYA,30,pestisida+pupuk-legacy
PT. TRIBINA TANIKARYA,PT. TRIBINA TANIKARYA,30,pestisida
PT. SATYA AGRO INDONESIA,PT. SATYA AGRO INDONESIA,29,pestisida
CV. SURYA AGROKEMINDO PERKASA,CV. SURYA AGROKEMINDO PERKASA,29,pestisida
PUPUT TANI MANDIRI,PT. PUPUT TANI MANDIRI,29,pupuk
UD Primagro,UD Primagro,29,pupuk
ANTARIKSA NUSANTARA INDONESIA GROUP,PT.Antariksa Nusantara Indonesia Group,29,pupuk
PT. SAPROTAN UTAMA NUSANTARA,PT. SAPROTAN UTAMA NUSANTARA,28,pestisida
PT AGRI HIKAY INDONESIA,PT AGRI HIKAY INDONESIA,28,pupuk+pupuk-legacy
PT. CROP CARE INDONESIA,PT. CROP CARE INDONESIA,27,pestisida
PT. AGROTECH PESTICIDE INDUSTRY,PT. AGROTECH PESTICIDE INDUSTRY,27,pestisida
TUNASHARAPAN MURNI,TUNASHARAPAN MURNI,27,pestisida
CV. ARTHA BUANA MANDIRI,CV. ARTHA BUANA MANDIRI,27,pestisida
PT. AGROKIMINDO KURNIABUANA,PT. AGROKIMINDO KURNIABUANA,27,pestisida
ABADI AGROSINDO PERSADA,ABADI AGROSINDO PERSADA,27,pupuk
PT.TANINDO INTERTRACO,PT.TANINDO INTERTRACO,27,pupuk-legacy
PT. ASIA GALA KIMIA,PT. ASIA GALA KIMIA,26,pestisida
PT. SANTANI AGRO MANDIRI,PT. SANTANI AGRO MANDIRI,26,pestisida
PT. HERLINA INDAH,PT. HERLINA INDAH,26,pestisida
DUPAN ANUGERAH LESTARI,PT. Dupan Anugerah Lestari,26,pupuk
NUSA PALAPA GEMILANG,PT. NUSA PALAPA GEMILANG,26,pupuk
PRIMA AGRO TECH,PT. PRIMA AGRO TECH,25,pupuk
PETROSIDA GRESIK,PT. Petrosida Gresik,25,pupuk
DITYA CHEMINDO,PT. DITYA CHEMINDO,25,pupuk
PT. ARXADA CHEMICALS INDONESIA,PT. ARXADA CHEMICALS INDONESIA,25,pestisida
PT. BAHTERA BONIAGA LESTARI,PT. BAHTERA BONIAGA LESTARI,25,pestisida
PT. SARI KIMIA UNGGUL,PT. SARI KIMIA UNGGUL,25,pestisida
PUPUK KUJANG,PT Pupuk Kujang,25,pupuk
DYRIZ INDONESIA,PT. DYRIZ INDONESIA,25,pupuk
PT. Permata Agro Persada,PT. Permata Agro Persada,25,pupuk-legacy
INDO ACIDATAMA,INDO ACIDATAMA,25,pupuk
CV. Raja Grafika,CV. Raja Grafika,24,pestisida+pupuk
PT. EASTCHEM AGROSCIENCE INDONESIA,PT. EASTCHEM AGROSCIENCE INDONESIA,24,pestisida
JAVAMAS AGROPHOS,CV. Javamas Agrophos,24,pupuk
CV. AGRO CHEMICA,CV. AGRO CHEMICA,24,pestisida
PT. HANAMPI SEJAHTERA KAHURIPAN,PT. HANAMPI SEJAHTERA KAHURIPAN,24,pupuk+pupuk-legacy
AGRO TRADISI,PT. AGRO TRADISI,24,pupuk
CV. GRAHA AGRO,CV. GRAHA AGRO,23,pestisida
PT. QILU CROP SCIENCE,PT. QILU CROP SCIENCE,23,pestisida
GREENLIFE BIOSCIENCE,PT Greenlife Bioscience,23,pupuk
PT. SENTANA ADIDAYA PRATAMA,PT. SENTANA ADIDAYA PRATAMA,23,pupuk-legacy
AGRI TANIMAS SELARAS,AGRI TANIMAS SELARAS,23,pupuk
PT. Sasco Indonesia,PT. Sasco Indonesia,22,pupuk-legacy
HANAMPI SEJAHTERA KAHURIPAN,PT. HANAMPI SEJAHTERA KAHURIPAN,22,pupuk
PT. TANI MAS SUBUR,PT. TANI MAS SUBUR,21,pestisida
CV. UNI AGRO CHEMICA,CV. UNI AGRO CHEMICA,21,pestisida
PT. AGRO TERRUM INDONESIA,PT. AGRO TERRUM INDONESIA,21,pestisida
PT. HANEARL SCIENCE INDONESIA,PT. HANEARL SCIENCE INDONESIA,21,pestisida
CV. GRAHA AGRITECH PRIMA,CV. GRAHA AGRITECH PRIMA,21,pestisida+pupuk-legacy
PT. MUTIARA AGRO SEJATI,PT. MUTIARA AGRO SEJATI,21,pestisida
MULYO TANI MAKMUR,CV. Mulyo Tani Makmur,21,pupuk
PT. EXINDO RAHARJA PRATAMA,PT Exindo Raharja Pratama,20,pestisida
AGRO JAYA INDONESIA,CV. AGRO JAYA INDONESIA,20,pupuk
PT. SUMANS MANDIRI SEJAHTERA,PT. SUMANS MANDIRI SEJAHTERA,20,pestisida
PT. Agritek Tani Indonesia,PT. Agritek Tani Indonesia,20,pestisida+pupuk+pupuk-legacy
PT. ZHENGBANG CROP PROTECTION INDONESIA,PT. ZHENGBANG CROP PROTECTION INDONESIA,20,pestisida
KALATHAM,PT Kalatham,20,pupuk
TRUBUS PRIMA,CV. TRUBUS PRIMA,20,pupuk
PT. MESTIKA NUSANTARA AGROKIMIA,PT. MESTIKA NUSANTARA AGROKIMIA,20,pestisida
PT. WILMAR CHEMICAL INDONESIA,PT. WILMAR CHEMICAL INDONESIA,20,pupuk+pupuk-legacy
ANUGERAH PUPUK MAKMUR,PT ANUGERAH PUPUK MAKMUR,20,pupuk
Perusahaan Perseroan (Persero) PT. Pupuk Indonesia,PT Pupuk Indonesia (Persero),20,pupuk
YARA INDONESIA,YARA INDONESIA,20,pupuk
PT. SUNJOY AGRO INDONESIA,PT. SUNJOY AGRO INDONESIA,19,pestisida
SARI KRESNA KIMIA,PT. SARI KRESNA KIMIA,19,pupuk
PT. AGRO GUNA MAKMUR,PT. AGRO GUNA MAKMUR,19,pestisida
KRISTALINDO KARUNIA INTERNASIONAL,PT. Kristalindo Karunia Internasional,19,pupuk
MAXXI AGRI INDONESIA,PT. MAXXI AGRI INDONESIA,19,pupuk
PT. JAWA AGRINDO INTERNASIONAL,PT. JAWA AGRINDO INTERNASIONAL,19,pestisida
PT. DOUTA UTAMAN INDONESIA,PT. DOUTA UTAMAN INDONESIA,19,pestisida
PT. SATYA ALAM SEMESTA,PT. SATYA ALAM SEMESTA,19,pestisida
PT. Gemilang Eka Dharma,PT. Gemilang Eka Dharma,19,pupuk+pupuk-legacy
PT. CHINA JIANGSU INTERNATIONAL INDONESIA,PT. CHINA JIANGSU INTERNATIONAL INDONESIA,18,pestisida
PT. BIOTEK SARANATAMA,PT. BIOTEK SARANATAMA,18,pestisida
PT. INDO HOECHST,PT. INDO HOECHST,18,pestisida
PT. TANGGUH AGRO NUSA INDONESIA,PT. TANGGUH AGRO NUSA INDONESIA,18,pestisida
PT. RABANA AGRO RESOURCES,PT. RABANA AGRO RESOURCES,18,pestisida
PT. MSR HIJAU LESTARI,PT. MSR HIJAU LESTARI,18,pestisida
PRIMAGRO PRIMA INDONESIA,PRIMAGRO PRIMA INDONESIA,18,pupuk
ARTHA PRIMA HUMATINDO,PT. Artha Prima Humatindo,18,pupuk
ANUGERAH PUPUK LESTARI,PT. Anugerah Pupuk Lestari,18,pupuk
PT Bumi Indo Raharja,PT Bumi Indo Raharja,18,pupuk+pupuk-legacy
AGRO BERJAYA NUSANTARA,PT. Agro Berjaya Nusantara,18,pupuk
PT. ZENITH CROPSCIENCES INDONESIA,PT. ZENITH CROPSCIENCES INDONESIA,17,pestisida
PT. BIOWORLD BIOSCIENCES MANUFACTURING INDUSTRIES,PT. BIOWORLD BIOSCIENCES MANUFACTURING INDUSTRIES,17,pestisida
PT. MITRA INDOTANI ABADI,PT. MITRA INDOTANI ABADI,17,pestisida
PT. FOCUSINDO ASIA PACIFIC,PT. FOCUSINDO ASIA PACIFIC,17,pestisida
PT. AGX ASIA INDONESIA,PT. AGX ASIA INDONESIA,17,pestisida
MUTIARA KERATON JIMMY&CO TRANS BISNIS INDONESIA,CV. MUTIARA KERATON JIMMY&CO TRANS BISNIS INDONESIA,17,pupuk
PT Petrokimia Gresik,PT Petrokimia Gresik,17,pupuk-legacy
LAKU AGUNG BAHAGIA INDONESIA,PT. Laku Agung Bahagia Indonesia,17,pupuk
GOAUTAMA SINARBATUAH,PT. GOAUTAMA SINARBATUAH,17,pupuk
PT. AGRO TRADISI,PT. AGRO TRADISI,17,pupuk-legacy
AGINDA RIAU ABADI,AGINDA RIAU ABADI,17,pupuk
PT. AGRO NATURAL TECHNOLOGY,PT. AGRO NATURAL TECHNOLOGY,16,pestisida
PETROKIMIA KAYAKU,PT Petrokimia Kayaku,16,pupuk
PT. JOHNSON HOME HYGIENE PRODUCTS,PT. JOHNSON HOME HYGIENE PRODUCTS,16,pestisida
PT. AGRO DYNAMICS INDO,PT. AGRO DYNAMICS INDO,16,pestisida
PT. NATHANI CHEMICALS,PT. NATHANI CHEMICALS,16,pestisida
CV. INDO TANI UTAMA,CV. INDO TANI UTAMA,16,pestisida
PT. DISCOVERY ENVIRONMENTAL SCIENCE INDONESIA,PT. DISCOVERY ENVIRONMENTAL SCIENCE INDONESIA,16,pestisida
NUSA NUR AGRO,CV. Nusa Nur Agro,16,pupuk
PT. ARYSTA LIFESCIENCE TIRTA,PT. ARYSTA LIFESCIENCE TIRTA,16,pestisida
MESTIKA KARUNIA UTAMA,PT. MESTIKA KARUNIA UTAMA,16,pupuk
ECO AGRO MANDIRI,PT. ECO AGRO MANDIRI,16,pupuk
TAZAR GUNA MANDIRI,TAZAR GUNA MANDIRI,16,pupuk
PT. PRIMA AGRO TECH,PT. PRIMA AGRO TECH,15,pestisida
CV. DELTA CHEMICA,CV. DELTA CHEMICA,15,pestisida
PT. FMC AGRICULTURAL MANUFACTURING,PT. FMC AGRICULTURAL MANUFACTURING,15,pestisida
PT. JIVA AGRICULTURE INDONESIA,PT. JIVA AGRICULTURE INDONESIA,15,pestisida
PT. TRUSTCHEM AGRO INDONESIA,PT. TRUSTCHEM AGRO INDONESIA,15,pestisida
ROLIMEX KIMIA NUSAMAS,PT. Rolimex Kimia Nusamas,15,pupuk
PT. WINHONOR CONSULTING INDONESIA,PT. WINHONOR CONSULTING INDONESIA,15,pestisida
PT. IMCD INDONESIA,PT. IMCD INDONESIA,15,pestisida
CARLINDO SERASI ABADI,PT Carlindo Serasi Abadi,15,pupuk
PT JADI MAS,PT JADI MAS,15,pupuk-legacy
PT. SAFE CHEMICAL INDONESIA,PT. SAFE CHEMICAL INDONESIA,14,pestisida+pupuk-legacy
PT. KEMINDO ARTHA JAYA,PT. KEMINDO ARTHA JAYA,14,pestisida
SARAREA PANEN RAYA,CV. SARAREA PANEN RAYA,14,pupuk
PT. BIOTEK SARANA INDUSTRI,PT. BIOTEK SARANA INDUSTRI,14,pestisida
PT. INTER AGRO INDONESIA,PT. INTER AGRO INDONESIA,14,pestisida
PT. MAKMUR JAYA AGRO,PT. MAKMUR JAYA AGRO,14,pestisida
PT. Parama Agroindustri Danapati,PT. Parama Agroindustri Danapati,14,pupuk-legacy
CENTRA BIOTECH INDONESIA,PT. CENTRA BIOTECH INDONESIA,14,pupuk
PT Pupuk Kalimantan Timur,PT Pupuk Kalimantan Timur,14,pupuk-legacy
ADIDAYA NIRBATAS,ADIDAYA NIRBATAS,14,pupuk
SINAR SURYA,CV. Sinar Surya,14,pupuk
AGRO NUSANTARA INDONESIA,PT. Agro Nusantara Indonesia,14,pupuk
CV. Varia Chemika,CV. Varia Chemika,14,pupuk+pupuk-legacy
CV. BOMA SAKTI TANI,CV. BOMA SAKTI TANI,13,pestisida+pupuk-legacy
PT. NUSA MANDIRI UTAMA,PT. Nusa Mandiri Utama,13,pestisida
CV. AGRO MULIA,CV. AGRO MULIA,13,pestisida
PT. NUSANTARA AGRO SUKSES,PT. NUSANTARA AGRO SUKSES,13,pestisida
SANTANI AGRO LESTARI,PT. SANTANI AGRO LESTARI,13,pupuk
PT. SANTANI SEJAHTERA,PT. SANTANI SEJAHTERA,13,pestisida+pupuk-legacy
PT. Dharma Ayu Tani,PT. Dharma Ayu Tani,13,pupuk-legacy
CIPTO LANGGENG JOYO,CIPTO LANGGENG JOYO,13,pupuk
PT. ECO AGRO MANDIRI,PT. ECO AGRO MANDIRI,13,pupuk+pupuk-legacy
SAFA AGROTEK INDONESIA,PT SAFA AGROTEK INDONESIA,13,pupuk
PT. Cipta Makmur Pertiwi,PT. Cipta Makmur Pertiwi,13,pupuk-legacy
POLOWIJO GOSARI,PT. Polowijo Gosari,13,pupuk
BUMI SUBUR SENTOSA,PT. Bumi Subur Sentosa,13,pupuk
AGRI MANDIRI SEJAHTERA,AGRI MANDIRI SEJAHTERA,13,pupuk
AGRO NUSA INDAH,CV. Agro Nusa Indah,13,pupuk
PT. ENFARM CROP SCIENCE,PT. ENFARM CROP SCIENCE,12,pestisida
PT. GONGCHENG BIOTECH INDONESIA,PT. GONGCHENG BIOTECH INDONESIA,12,pestisida
PRIMA KARYA BERJAYA,PT. PRIMA KARYA BERJAYA,12,pupuk
PT. TAPAL KOEDA INDONESIA,PT. TAPAL KOEDA INDONESIA,12,pestisida
PT. Rolimex Kimia Nusamas,PT. Rolimex Kimia Nusamas,12,pupuk-legacy
CV. CV. SAKASAKI INDONESIA,CV. CV. SAKASAKI INDONESIA,12,pestisida
CV PLANET AGRONUSA,CV PLANET AGRONUSA,12,pestisida+pupuk
PT. TRITAMA WIRAKARSA,PT. TRITAMA WIRAKARSA,12,pestisida
PT. AGRO BERJAYA CITRA TANI,PT. AGRO BERJAYA CITRA TANI,12,pestisida
PT. AGRO AFIAT NUSANTARA,PT. AGRO AFIAT NUSANTARA,12,pupuk
MANO AGRI NUSANTARA,MANO AGRI NUSANTARA,12,pupuk
SABANG MAKMUR SENTOSA,SABANG MAKMUR SENTOSA,12,pupuk
HAMAS PANDJI INDONESIA,HAMAS PANDJI INDONESIA,12,pupuk
ASIA KIMINDO PRIMA,PT. ASIA KIMINDO PRIMA,12,pupuk
ANJARI ATHA TANAYA,ANJARI ATHA TANAYA,12,pupuk
MITRA MERDEKA TANI,UD. Mitra Merdeka Tani,12,pupuk
MAKMUR JAYA ABADI,MAKMUR JAYA ABADI,12,pupuk
WAHANA PUNDIKARSA ABADI,PT. WAHANA PUNDIKARSA ABADI,11,pupuk
WINNER AGROCHEM INTERNUSA,WINNER AGROCHEM INTERNUSA,11,pestisida
PT. Maju Makmur Utomo,PT. Maju Makmur Utomo,11,pupuk-legacy
SINAR GENERAL INDUSTRIES,PT. SINAR GENERAL INDUSTRIES,11,pupuk
CV. KUNIMA JAYA SELARAS,CV. KUNIMA JAYA SELARAS,11,pestisida
PT. FARMCO KIMIA,PT. FARMCO KIMIA,11,pestisida
PROSPER BIOTECH INDONESIA,PT Prosper Biotech Indonesia,11,pupuk
PT. Agrotama Tunas Sarana,PT. Agrotama Tunas Sarana,11,pupuk-legacy
MITRA TANI ABADI JAYA,CV.MITRA TANI ABADI JAYA,11,pupuk
ARINDAMA NAWASENA AMERTA,ARINDAMA NAWASENA AMERTA,11,pupuk
PT. KARISMA INDOAGRO UNIVERSAL,PT. KARISMA INDOAGRO UNIVERSAL,11,pupuk+pupuk-legacy
CHEIL JEDANG INDONESIA,PT CHEIL JEDANG INDONESIA,11,pupuk
UD. PRIMAGRO,UD Primagro,11,pupuk-legacy
MULTIDAYA PUTRA SEJAHTERA,PT. Multidaya Putra Sejahtera,11,pupuk
PT. SOJITZ INDONESIA,PT. SOJITZ INDONESIA,11,pupuk
TANAMAN MAKMUR MANDIRI,PT. TANAMAN MAKMUR MANDIRI,10,pupuk
PT. MENARA LAUT BERSATU,PT. MENARA LAUT BERSATU,10,pestisida
PT. Nusa Mandiri Utama,PT. Nusa Mandiri Utama,10,pupuk-legacy
PT. SARANA TANI INDONESIA MAKMUR,PT. SARANA TANI INDONESIA MAKMUR,10,pestisida
PT. JJM INDONESIA,PT. JJM INDONESIA,10,pestisida
PT. AZELIS INDONESIA DISTRIBUSI,PT. AZELIS INDONESIA DISTRIBUSI,10,pestisida
PT. CORTEVA AGRISCIENCE INDONESIA,PT. CORTEVA AGRISCIENCE INDONESIA,10,pestisida
CV. ABADI JAYA,CV. ABADI JAYA,10,pestisida
PT. RECKITT BENCKISER INDONESIA,PT. RECKITT BENCKISER INDONESIA,10,pestisida
PT. ORCHID GLOBAL MAKMUR,PT. ORCHID GLOBAL MAKMUR,10,pestisida+pupuk-legacy
UTOMO UTOMO,PT. UTOMO UTOMO,10,pupuk
AGRIVERE TRANSFORMA INTERNASIONAL,AGRIVERE TRANSFORMA INTERNASIONAL,10,pupuk
LABA INDOAGRO NUSANTARA,LABA INDOAGRO NUSANTARA,10,pupuk
YAN UTAMA CORPORATION,YAN UTAMA CORPORATION,10,pupuk
GALATTA LESTARINDO,PT. GALATTA LESTARINDO,10,pupuk
INDORAYA MITRA PERSADA SERATUS ENAM PULUH DELAPAN,PT. INDORAYA MITRA PERSADA SERATUS ENAM PULUH DELAPAN,10,pupuk
TRIAGRO HIJRAH JAYA,TRIAGRO HIJRAH JAYA,10,pupuk
SUMBER AGUNG JAYA,CV. Sumber Agung Jaya,10,pupuk
ANUGERAH MUSTIKA OSTINDO,ANUGERAH MUSTIKA OSTINDO,10,pupuk
AGRO MULYA LESTARI,AGRO MULYA LESTARI,10,pupuk
GREEN PLANET INDONESIA,PT GREEN PLANET INDONESIA,10,pupuk
BUMI INDO RAHARJA,PT Bumi Indo Raharja,10,pupuk
ECA TANI BAROKAH,ECA TANI BAROKAH,10,pupuk
LOTUS AGROKIMIA INDONESIA,LOTUS AGROKIMIA INDONESIA,10,pupuk
MITRA TANI ABADI,CV.Mitra Tani Abadi,10,pupuk
PUPUK SRIWIDJAJA PALEMBANG,PT PUPUK SRIWIDJAJA PALEMBANG,10,pupuk
PT Pupuk Iskandar Muda,PT Pupuk Iskandar Muda,10,pupuk-legacy
DRAGON DISTRIBUSI INDONESIA,DRAGON DISTRIBUSI INDONESIA,10,pupuk
SCORLETS,SCORLETS,10,pupuk
KAYUAN INFARM INDONESIA,KAYUAN INFARM INDONESIA,10,pupuk
ADVANSIA INDOTANI,PT. ADVANSIA INDOTANI,9,pupuk
PT. SINERGI CHEM INDONESIA,PT. SINERGI CHEM INDONESIA,9,pestisida
PT. FORAGRO MAJU SEJAHTERA,PT. FORAGRO MAJU SEJAHTERA,9,pestisida
BINA GUNA KIMIA,PT. BINA GUNA KIMIA,9,pupuk
PT. NUGROHO PRATAMA CHEMICA ASIA,PT. NUGROHO PRATAMA CHEMICA ASIA,9,pestisida
PT. MIO LIFE SCIENCES INDONESIA,PT. MIO LIFE SCIENCES INDONESIA,9,pestisida
PT. AGRO INSANI SEMESTA,PT. AGRO INSANI SEMESTA,9,pestisida
PT. BYTER AGRICULTURE INDONESIA,PT. BYTER AGRICULTURE INDONESIA,9,pestisida
JATI EMAS UNGGUL,CV. JATI EMAS UNGGUL,9,pupuk
PT. NOVINDO AGRITECH HUTAMA,PT. NOVINDO AGRITECH HUTAMA,9,pestisida
PT. EUREEKAGREAT NUSANTARA,PT. EUREEKAGREAT NUSANTARA,9,pestisida
PT. GLOBAL AGROTAMA INDONESIA,PT. GLOBAL AGROTAMA INDONESIA,9,pestisida
PT. BENTZ JAZ INDONESIA,PT. BENTZ JAZ INDONESIA,9,pestisida
CV. TANI MEDIA,CV. TANI MEDIA,9,pestisida
NATURAL NUSANTARA,NATURAL NUSANTARA,9,pupuk
BIO ENERGI RIMBA,BIO ENERGI RIMBA,9,pupuk
PT Carlindo Serasi Abadi,PT Carlindo Serasi Abadi,9,pupuk-legacy
PT. Sido Muncul Pupuk Nusantara,PT. Sido Muncul Pupuk Nusantara,9,pupuk+pupuk-legacy
SMARTSOFT DIGITAL TEKNOLOGI,SMARTSOFT DIGITAL TEKNOLOGI,9,pupuk
WELLS PRIMA GLOBAL,WELLS PRIMA GLOBAL,9,pupuk
EVERCHEM RESOURCES INDONESIA,EVERCHEM RESOURCES INDONESIA,9,pupuk
AGRO PASTI INDONESIA,AGRO PASTI INDONESIA,9,pupuk
WASTEK AGRO INDONESIA,WASTEK AGRO INDONESIA,9,pupuk
GEMAH RIPAH LOH JINAWI INDUSTRI,PT. Gemah Ripah Loh Jinawi Industri,9,pupuk
BINA AGROSIWI MANDIRI,BINA AGROSIWI MANDIRI,9,pupuk
FORMULA TOP INDONESIA,FORMULA TOP INDONESIA,9,pupuk
BIOSINDO MITRA JAYA,PT. Biosindo Mitra Jaya,9,pupuk
PT. FERTA INDONESIA PERSADA,PT. FERTA INDONESIA PERSADA,9,pupuk+pupuk-legacy
PT. Winon International,PT. Winon International,9,pupuk+pupuk-legacy
PT. SEMESTA JAYA ABADI,PT. SEMESTA JAYA ABADI,9,pupuk+pupuk-legacy
PT Gresik Cipta Sejahtera,PT Gresik Cipta Sejahtera,9,pupuk-legacy
PT. INDO ACIDATAMA Tbk,PT. INDO ACIDATAMA Tbk,9,pupuk-legacy
Agro Bumi Timur,PT. Agro Bumi Timur,8,pupuk
CV. GOLDEN FARM INDONESIA,CV. GOLDEN FARM INDONESIA,8,pestisida
AGRO GUNA MAKMUR,PT. AGRO GUNA MAKMUR,8,pupuk
PT. BENIH BERKAH BERSERI,PT. BENIH BERKAH BERSERI,8,pestisida
SAFEEKO BIO INDONESIA,PT. SAFEEKO BIO INDONESIA,8,pupuk
PT. RAJA GROUP INDONESIA,PT. RAJA GROUP INDONESIA,8,pestisida
PT. HARINA CHEMICALS INDUSTRI,PT. HARINA CHEMICALS INDUSTRI,8,pestisida
PT. DWIAGRI MAKMUR INTERTRADE,PT. DWIAGRI MAKMUR INTERTRADE,8,pestisida+pupuk-legacy
PT. MONAGRO KIMIA,PT. MONAGRO KIMIA,8,pestisida
PT. ANDAFA AGRO INDO,PT. ANDAFA AGRO INDO,8,pestisida
ANDAFA AGRO INDO,PT. ANDAFA AGRO INDO,8,pupuk
CV. DUTA TANI,CV. DUTA TANI,8,pestisida
PT. CROPLINK AGRIKULTUR TEKNOLOGI,PT. CROPLINK AGRIKULTUR TEKNOLOGI,8,pestisida
PT. BIO SARANA INDONESIA,PT Bio Sarana Indonesia,8,pestisida
AGRINDO PERSADATAMA,CV. AGRINDO PERSADATAMA,8,pupuk
AGRI HIKAY INDONESIA,PT AGRI HIKAY INDONESIA,8,pupuk
SERUNIANDAL CITRA MANDIRI,SERUNIANDAL CITRA MANDIRI,8,pupuk
CIPTA GUNA MUKTI,CIPTA GUNA MUKTI,8,pupuk
SURYA CIPTA PERKASA YOGYAKARTA,PT. SURYA CIPTA PERKASA YOGYAKARTA,8,pupuk
PT.Antariksa Nusantara Indonesia Group,PT.Antariksa Nusantara Indonesia Group,8,pupuk+pupuk-legacy
MEGA ORGANOFERTILISER,MEGA ORGANOFERTILISER,8,pupuk
MULIA SUKSES BAHAGIA,MULIA SUKSES BAHAGIA,8,pupuk
MITRA FINEX ANTARNUSA,PT. MITRA FINEX ANTARNUSA,8,pupuk
PT. MITRA FINEX ANTARNUSA,PT. MITRA FINEX ANTARNUSA,8,pupuk-legacy
BIO INDUSTRI NUSANTARA,BIO INDUSTRI NUSANTARA,8,pupuk
PT SRI REJEKI FERTILIZER,PT SRI REJEKI FERTILIZER,8,pupuk-legacy
SARASWANTI ANUGERAH INDONESIA,SARASWANTI ANUGERAH INDONESIA,8,pupuk
TUNAS AGRO PERSADA,PT Tunas Agro Persada,8,pupuk
MEGA PRIMATANI LESTARI,MEGA PRIMATANI LESTARI,8,pupuk
CV.TABITA JAYA,CV.TABITA JAYA,8,pupuk+pupuk-legacy
IMEXINDO NUSANTARA,CV IMEXINDO NUSANTARA,8,pupuk
MULTI HARA AGRO,MULTI HARA AGRO,8,pupuk
CV.BUNGA TANI,CV.BUNGA TANI,8,pupuk+pupuk-legacy
MITRA TANI INDONESIA,MITRA TANI INDONESIA,8,pupuk
PERMATA NEGERI INDONESIA,PT. PERMATA NEGERI INDONESIA,8,pupuk
PT.GEMILANG ANDALAN PRATAMA,PT.GEMILANG ANDALAN PRATAMA,8,pupuk+pupuk-legacy
PT. DAMAI AGRO MANUNGGAL,PT. DAMAI AGRO MANUNGGAL,8,pupuk
FERTA INDONESIA PERSADA,PT. FERTA INDONESIA PERSADA,8,pupuk
ULTI GROW NUSANTARA,ULTI GROW NUSANTARA,8,pupuk
POMAL BEKA MANDIRI,PT. POMAL BEKA MANDIRI,8,pupuk
UD. Makmur Jaya,UD. Makmur Jaya,8,pupuk+pupuk-legacy
Alwi Konsultan - TEST,Alwi Konsultan - TEST,8,pupuk-legacy
PT. Kingenta Pupuk Indonesia,PT. Kingenta Pupuk Indonesia,8,pupuk-legacy
EXINDO RAHARJA PRATAMA,PT Exindo Raharja Pratama,7,pupuk
AGRICULTURE CONSTRUCTION,PT. AGRICULTURE CONSTRUCTION,7,pupuk
PT.ASIANA CHEMICALINDO LESTARI,PT.ASIANA CHEMICALINDO LESTARI,7,pestisida
INDOIN BUSINESS GROUP,PT. INDOIN BUSINESS GROUP,7,pupuk
PT. SANBRAND AGRO SEJAHTERA,PT. SANBRAND AGRO SEJAHTERA,7,pestisida
PT. BERSAMA SATU TEGUH,PT. BERSAMA SATU TEGUH,7,pestisida
TAPAL KOEDA INDONESIA,PT. TAPAL KOEDA INDONESIA,7,pupuk
PT. FORTUNA MULIA SEJATI,PT. FORTUNA MULIA SEJATI,7,pestisida
PT. MAHKOTA AGRO INDUSTRI,PT. MAHKOTA AGRO INDUSTRI,7,pestisida
PT. SAFEEKO BIO INDONESIA,PT. SAFEEKO BIO INDONESIA,7,pestisida
PT. MARGA DWI KENCANA,PT. MARGA DWI KENCANA,7,pestisida
PT. GELPI KURNIALESTARI,PT. GELPI KURNIALESTARI,7,pestisida
PT. VISION CROP PROTECTION,PT. VISION CROP PROTECTION,7,pestisida
PT. BUMI MAKMUR LESTARI UTAMA,PT. BUMI MAKMUR LESTARI UTAMA,7,pestisida
PT. MC TRADING INDONESIA,PT. MC TRADING INDONESIA,7,pestisida
PT. PUSRI AGRO LESTARI,PT. PUSRI AGRO LESTARI,7,pestisida
MESTIKA NUSANTARA AGROKIMIA,PT. MESTIKA NUSANTARA AGROKIMIA,7,pupuk
PT. ALISHAN NUSA INDAH,PT. ALISHAN NUSA INDAH,7,pestisida
CV. Nusa Nur Agro,CV. Nusa Nur Agro,7,pupuk-legacy
PT Pupuk Kujang,PT Pupuk Kujang,7,pupuk-legacy
POLARCHEM,PT POLARCHEM,7,pupuk
CAHAYA ABADI,CV. Cahaya Abadi,7,pupuk
TANIKAYA MULTI AGRO,TANIKAYA MULTI AGRO,7,pupuk
DANA INDO AGRI,CV. DANA INDO AGRI,7,pupuk
RUINS SARANA TANI,RUINS SARANA TANI,7,pupuk
GRAHA SIRTU,GRAHA SIRTU,7,pupuk
LAUTAN LUAS,LAUTAN LUAS,7,pupuk
SAYAP EMAS CITRA PERSADA,SAYAP EMAS CITRA PERSADA,7,pupuk
AZZA MULIA RAHMAN,AZZA MULIA RAHMAN,7,pupuk
BULINDO AGRO TEKNOLOGI,BULINDO AGRO TEKNOLOGI,7,pupuk
AGRO TANI MARISI,PT. Agro Tani Marisi,7,pupuk
PT. Bumi Subur Sentosa,PT. Bumi Subur Sentosa,7,pupuk+pupuk-legacy
PT. Agro Indah Permata,PT. Agro Indah Permata,7,pupuk+pupuk-legacy
WEHA AGRO SEJAHTERA,WEHA AGRO SEJAHTERA,7,pupuk
SARI BUMI KEDU,SARI BUMI KEDU,7,pupuk
PT Alam Makmur Anuri,PT Alam Makmur Anuri,7,pupuk
FORMITRA MULTI PRAKARSA,PT. Formitra Multi Prakarsa,7,pupuk
PT PUPUK SRIWIDJAJA PALEMBANG,PT PUPUK SRIWIDJAJA PALEMBANG,7,pupuk-legacy
ENPEKA AGROKIMIA,ENPEKA AGROKIMIA,7,pupuk
PT. Pemohon (DUMMY),PT. Pemohon (DUMMY),7,pupuk
PANCAPUTRA AGRO NIAGA,PANCAPUTRA AGRO NIAGA,7,pupuk
SURYA ARTHA SENTOSA,SURYA ARTHA SENTOSA,7,pupuk
SARASWANTI AGRO MAKMUR,SARASWANTI AGRO MAKMUR,7,pupuk
PT. Sumber Agrindo Sejahtera,PT. Sumber Agrindo Sejahtera,7,pupuk+pupuk-legacy
cv.nusatani,cv.nusatani,7,pupuk-legacy
PT. SOLUSI TANI INDONESIA,PT. SOLUSI TANI INDONESIA,6,pestisida
CV. Multi Agro Jaya Utama,CV. Multi Agro Jaya Utama,6,pupuk-legacy
PT. BELIRANG KALISARI,PT. BELIRANG KALISARI,6,pestisida
AGROTECH PESTICIDE INDUSTRY,PT. AGROTECH PESTICIDE INDUSTRY,6,pupuk
BOMA SAKTI TANI,CV. BOMA SAKTI TANI,6,pupuk
PT. FADJARPURNAMA PRATAMA INTI,PT. FADJARPURNAMA PRATAMA INTI,6,pestisida
PT. ANDALL HASA PRIMA,PT. ANDALL HASA PRIMA,6,pestisida
CV. PRIMA AGRO PERKASA,CV. PRIMA AGRO PERKASA,6,pestisida
PT. MULTIKIMIA AGRO SEJAHTERA,PT. MULTIKIMIA AGRO SEJAHTERA,6,pestisida+pupuk-legacy
PT. SUMBER AGRO PERKASA,PT. SUMBER AGRO PERKASA,6,pestisida
PT. TRI AGRO CHEMICALS,PT. TRI AGRO CHEMICALS,6,pestisida
PT. SUPRA TUSAMAN ABADI,PT. SUPRA TUSAMAN ABADI,6,pestisida
PT. AGROLAND INDO SYNERGY,PT. AGROLAND INDO SYNERGY,6,pestisida
PT. ALFA BETA AGROCHEMICAL,PT. ALFA BETA AGROCHEMICAL,6,pestisida
PT. ARENA HORMON INDONUSA,PT. ARENA HORMON INDONUSA,6,pestisida
PT. MEKAR WARNA SARI,PT. MEKAR WARNA SARI,6,pestisida
CV. JATI EMAS UNGGUL,CV. JATI EMAS UNGGUL,6,pestisida
PT. INDONESIA BENXING INDUSTRIAL,PT. INDONESIA BENXING INDUSTRIAL,6,pestisida
PT. Agspec Indonesia,PT. Agspec Indonesia,6,pupuk-legacy
BESTANI AGRO SEJAHTERA,PT. BESTANI AGRO SEJAHTERA,6,pupuk
PT. AMPUH PERKASA JAYA,PT. AMPUH PERKASA JAYA,6,pestisida
EUREEKAGREAT NUSANTARA,PT. EUREEKAGREAT NUSANTARA,6,pupuk
PT. SENTRAL TANI NUSANTARA,PT. SENTRAL TANI NUSANTARA,6,pestisida
CV. BINANGUN AGRO LESTARI,CV. BINANGUN AGRO LESTARI,6,pestisida
PT. BINTANG RAPESTRA ABADI,PT. BINTANG RAPESTRA ABADI,6,pestisida
PT. SURAT TANI,PT. SURAT TANI,6,pestisida
PT. AGRINDO SANDARAN MAS,PT. AGRINDO SANDARAN MAS,6,pestisida
PT. UTOMO UTOMO,PT. UTOMO UTOMO,6,pestisida+pupuk-legacy
BROMO INDAH LESTARI,BROMO INDAH LESTARI,6,pupuk
SINERGI INTI PANEN,SINERGI INTI PANEN,6,pupuk
KARYA TANI INDONESIA,CV. Karya Tani Indonesia,6,pupuk
PT Kertopaten Kencana,PT Kertopaten Kencana,6,pupuk-legacy
NOUSINDO NUSANTARA AGRI,NOUSINDO NUSANTARA AGRI,6,pupuk
PT. MULTI NIAGA NUSANTARA INDONESIA,PT. MULTI NIAGA NUSANTARA INDONESIA,6,pupuk-legacy
PT Agrimas Utama Indonesia,PT Agrimas Utama Indonesia,6,pupuk+pupuk-legacy
CV. Bima Agung Sejahtera,CV. Bima Agung Sejahtera,6,pupuk+pupuk-legacy
FARMINDO ANN CHEMICAL,FARMINDO ANN CHEMICAL,6,pupuk
BANDUNG INOVASI ORGANIK,PT. Bandung Inovasi Organik,6,pupuk
BANGKIT TANI NUSANTARA,BANGKIT TANI NUSANTARA,6,pupuk
CV. Sumber Buana Perkasa,CV. Sumber Buana Perkasa,6,pupuk+pupuk-legacy
CEMPAKA BUMI NUSANTARA,CEMPAKA BUMI NUSANTARA,6,pupuk
MANUNGGAL AGRO TANI,MANUNGGAL AGRO TANI,6,pupuk
STANLEY AGRO NUSANTARA,STANLEY AGRO NUSANTARA,6,pupuk
ADITYA TANI PERKASA,ADITYA TANI PERKASA,6,pupuk
SUMBER SUBUR SEJATI,SUMBER SUBUR SEJATI,6,pupuk
ARSISTHA KIMIA CITRA LESTARI,ARSISTHA KIMIA CITRA LESTARI,6,pupuk
PT. ASIA KIMINDO PRIMA,PT. ASIA KIMINDO PRIMA,6,pupuk-legacy
TOYA INDO MANUNGGAL,PT TOYA INDO MANUNGGAL,6,pupuk
REDSTONE INDONESIA MAKMUR,REDSTONE INDONESIA MAKMUR,6,pupuk
RAJAWALI BUANA KREASI,RAJAWALI BUANA KREASI,6,pupuk
CENTRA AGRO PRATAMA,PT. Centra Agro Pratama,6,pupuk
NOVIE AGRO INDUSTRI,CV. NOVIE AGRO INDUSTRI,6,pupuk
BUMI TANI SUBUR,PT. BUMI TANI SUBUR,6,pupuk
MULTIFARM INTI SEJAHTERA,MULTIFARM INTI SEJAHTERA,6,pupuk
PT. CIPTA AGRIFARMERINDO,CV. Cipta Agrifarmerindo,6,pupuk
INDUSTRI KEBUN NUSANTARA,INDUSTRI KEBUN NUSANTARA,6,pupuk
SENTRA TANI SEJAHTERA,SENTRA TANI SEJAHTERA,6,pupuk
GREAT GIANT PINEAPPLE,GREAT GIANT PINEAPPLE,6,pupuk
SUMBER MURNI GRUP,SUMBER MURNI GRUP,6,pupuk
ALIF RAYA,ALIF RAYA,6,pupuk
SINKA SINYE AGROTAMA,SINKA SINYE AGROTAMA,6,pupuk
SUMBER ALAM BAROKAH,SUMBER ALAM BAROKAH,6,pupuk
PT. KUSUMA DIPA NUGRAHA,PT. KUSUMA DIPA NUGRAHA,6,pupuk+pupuk-legacy
AJINOMOTO INDONESIA,PT AJINOMOTO INDONESIA,6,pupuk
PT. Agro Nusantara Indonesia,PT. Agro Nusantara Indonesia,6,pupuk-legacy
WINNERS AVENUE SURABAYA,WINNERS AVENUE SURABAYA,6,pupuk
PT. SHADANI INSAN MULIA ABADI,PT. SHADANI INSAN MULIA ABADI,6,pupuk
MZ MEDICAL,MZ MEDICAL,6,pupuk
STEFES INDONESIA,STEFES INDONESIA,6,pupuk
ALL COSMOS INDONESIA,PT.ALL COSMOS INDONESIA,6,pupuk
CV. Bintang Asri Arthauly,CV. Bintang Asri Arthauly,6,pupuk-legacy
PT. AGROINDO,PT. AGROINDO,6,pupuk-legacy
PT. Graha Inti Jaya,PT. Graha Inti Jaya,6,pupuk-legacy
CV Makmur Jaya Bekasi,CV Makmur Jaya Bekasi,6,pupuk-legacy
PT. AGRITANI MAKMUR MANDIRI,PT. AGRITANI MAKMUR MANDIRI,6,pupuk-legacy
PT. ARENA AGRO UTAMA,PT. ARENA AGRO UTAMA,5,pestisida+pupuk
PT Petrokimia Kayaku,PT Petrokimia Kayaku,5,pupuk-legacy
DHARMA GUNA WIBAWA,PT. DHARMA GUNA WIBAWA,5,pupuk
PT. PANEN AGRO PERKASA INDONESIA,PT. PANEN AGRO PERKASA INDONESIA,5,pestisida
PT. BERKAH SUMBER SUKSES,PT. BERKAH SUMBER SUKSES,5,pestisida
AGRO INSANI SEMESTA,PT. AGRO INSANI SEMESTA,5,pupuk
PT. OSIMO INDONESIA,PT. OSIMO INDONESIA,5,pestisida
PT. ANKEWA CHEMICAL INDONESIA,PT. ANKEWA CHEMICAL INDONESIA,5,pestisida
PT. PUTRA TIMUR AGRO NUSANTARA,PT. PUTRA TIMUR AGRO NUSANTARA,5,pestisida
DWIAGRI MAKMUR INTERTRADE,PT. DWIAGRI MAKMUR INTERTRADE,5,pupuk
RABANA AGRO RESOURCES,PT. RABANA AGRO RESOURCES,5,pupuk
CV. Javamas Agrophos,CV. Javamas Agrophos,5,pupuk-legacy
PT. BINGEI AGUNG,PT. BINGEI AGUNG,5,pestisida
AGSPEC INDONESIA,PT. Agspec Indonesia,5,pupuk
PT. ENSYSTEX INTERNATIONAL INDONESIA,PT. ENSYSTEX INTERNATIONAL INDONESIA,5,pestisida
PT. PRIMA LESTARI AGROSCIENCES INDONESIA,PT. PRIMA LESTARI AGROSCIENCES INDONESIA,5,pestisida
PT Indo Pest Biochem,PT Indo Pest Biochem,5,pestisida
PT. SEGORO INTERNASIONAL,PT. SEGORO INTERNASIONAL,5,pestisida
CV. NUSA NUR AGRO,CV. Nusa Nur Agro,5,pestisida
CV. TUNAS SUBUR,CV. TUNAS SUBUR,5,pestisida
PT. INDO GLOBAL TRADE,PT. INDO GLOBAL TRADE,5,pestisida
PT. TEXCHEM INDONESIA,PT. TEXCHEM INDONESIA,5,pestisida
PT. KIMIKA USAHA PRIMA,PT. KIMIKA USAHA PRIMA,5,pestisida
PT. TAKBIR SUKMA TRADA INDONESIA,PT. TAKBIR SUKMA TRADA INDONESIA,5,pestisida
PT. INTER AGRO TECHNOLOGY INDONESIA,PT. INTER AGRO TECHNOLOGY INDONESIA,5,pestisida
PT. PERDANA AGRO MANDIRI,PT. PERDANA AGRO MANDIRI,5,pestisida
PT. BRILLIANCE AGROSCIENCES INDONESIA,PT. BRILLIANCE AGROSCIENCES INDONESIA,5,pestisida
PT. NUSAMAS KIMIA PERSADA,PT Nusamas Kimia Persada,5,pestisida
PT. CATUR MANUNGGAL JAYA ABADI,PT. CATUR MANUNGGAL JAYA ABADI,5,pestisida
PT. ACE BIOCHEM INDONESIA,PT. ACE BIOCHEM INDONESIA,5,pestisida
PROPADU KONAIR TARAHUBUN,PT. PROPADU KONAIR TARAHUBUN,5,pupuk
PRADIPTA PARAMITA,CV. PRADIPTA PARAMITA,5,pupuk
PT. NIROGA SUMBER SEJAHTERA,PT. NIROGA SUMBER SEJAHTERA,5,pestisida
PT Belirang Perkasa Agro,PT Belirang Perkasa Agro,5,pestisida
PT. Dupan Anugerah Lestari,PT. Dupan Anugerah Lestari,5,pupuk-legacy
PT. GOAUTAMA SINARBATUAH,PT. GOAUTAMA SINARBATUAH,5,pupuk+pupuk-legacy
GATEWAY INTERNUSA,GATEWAY INTERNUSA,5,pupuk
GREEN AGRI INDONESIA,GREEN AGRI INDONESIA,5,pupuk
AGRITAMA TUMBUH PERKASA,AGRITAMA TUMBUH PERKASA,5,pupuk
RAJA ARTHA AGRO,RAJA ARTHA AGRO,5,pupuk
MON LEON INDONESIA,MON LEON INDONESIA,5,pupuk
WONDERINDO PHARMATAMA,PT.WONDERINDO PHARMATAMA,5,pupuk
AGRO MAKMUR MANDIRI,AGRO MAKMUR MANDIRI,5,pupuk
PUPUK SWADAYA PURIMAS,PUPUK SWADAYA PURIMAS,5,pupuk
PT. Agro Berjaya Nusantara,PT. Agro Berjaya Nusantara,5,pupuk-legacy
BINTANG TIMUR PASIFIK,BINTANG TIMUR PASIFIK,5,pupuk
ALL COSMOS BIOTEK,ALL COSMOS BIOTEK,5,pupuk
ATS INTI SAMPOERNA,ATS INTI SAMPOERNA,5,pupuk
ELIT SOLUSI NIAGA,ELIT SOLUSI NIAGA,5,pupuk
MITRA AGUNG SAWITA SEJATI,MITRA AGUNG SAWITA SEJATI,5,pupuk
PT. IRQ MAKMUR JAYA,PT. IRQ MAKMUR JAYA,5,pupuk
BUMI NUSANTARA,CV. BUMI NUSANTARA,5,pupuk
AGRO NUSANTARA INTERNASIONAL,AGRO NUSANTARA INTERNASIONAL,5,pupuk
PT. Andalan Chemist Indonesia,PT. Andalan Chemist Indonesia,5,pupuk
BAKTI ALAM NUSANTARA,CV. Bakti Alam Nusantara,5,pupuk
CV. Tiga Tunas Bangsa,CV. Tiga Tunas Bangsa,5,pupuk
PUPUK ISKANDAR MUDA,PT Pupuk Iskandar Muda,5,pupuk
CV IMEXINDO NUSANTARA,CV IMEXINDO NUSANTARA,5,pupuk-legacy
PT ARIGOLD YOOHA CORP,PT ARIGOLD YOOHA CORP,5,pupuk+pupuk-legacy
MOLINDO RAYA INDUSTRIAL,PT. Molindo Raya Industrial,5,pupuk
ANDI JAYA INDUSTRI,ANDI JAYA INDUSTRI,5,pupuk
PT. Tranquerah Nusantara Cerah,PT. Tranquerah Nusantara Cerah,5,pupuk+pupuk-legacy
MILLENIS MITRA INDONESIA,MILLENIS MITRA INDONESIA,5,pupuk
PUTERA RAYA ABADI,PUTERA RAYA ABADI,5,pupuk
BINTANG ASRI ARTHAULI,BINTANG ASRI ARTHAULI,5,pupuk
DWI JAYA EKAPRIMA,DWI JAYA EKAPRIMA,5,pupuk
BUMIKITA MAKMUR,CV. BUMIKITA MAKMUR,5,pupuk
DMG PHARMA LABORATORIES,DMG PHARMA LABORATORIES,5,pupuk
WIKA JAYA MANDIRI,WIKA JAYA MANDIRI,5,pupuk
CV. KUJANG MAS AGRO KENCANA,CV. KUJANG MAS AGRO KENCANA,5,pupuk+pupuk-legacy
FEMU ENVIRO RISORINDO,FEMU ENVIRO RISORINDO,5,pupuk
GRESIK CIPTA SEJAHTERA,PT Gresik Cipta Sejahtera,5,pupuk
BERKAT MITRA MAKMUR,BERKAT MITRA MAKMUR,5,pupuk
PT. Triasindo Subur Prima,PT. Triasindo Subur Prima,5,pupuk
AGROLAND MANDIRI UTAMA,AGROLAND MANDIRI UTAMA,5,pupuk
AGRO NATURAL TECHNOLOGY,PT. AGRO NATURAL TECHNOLOGY,4,pupuk
PT. KATAYA ABADI,PT. KATAYA ABADI,4,pestisida
PT. WAHANA PUNDIKARSA ABADI,PT. WAHANA PUNDIKARSA ABADI,4,pestisida+pupuk-legacy
UPL INDONESIA,PT. UPL INDONESIA,4,pupuk
DELTA GIRI WACANA,PT. DELTA GIRI WACANA,4,pupuk
ZENITH CROPSCIENCES INDONESIA,PT. ZENITH CROPSCIENCES INDONESIA,4,pupuk
PT. WIRAJAYA MITRA SUKSESTAMA,PT. WIRAJAYA MITRA SUKSESTAMA,4,pestisida
PT. DITYA CHEMINDO,PT. DITYA CHEMINDO,4,pestisida
PT. SOLUSI MAJU AGRO TANI,PT. SOLUSI MAJU AGRO TANI,4,pestisida
PT. FAJAR BUANA CHEMICAL,PT. FAJAR BUANA CHEMICAL,4,pestisida
JAWA AGRINDO INTERNASIONAL,PT. JAWA AGRINDO INTERNASIONAL,4,pupuk
PT. MULTI GLOBAL CENTRO,PT. MULTI GLOBAL CENTRO,4,pestisida
PT. LUMBUNG AGRO MAKMUR,PT. LUMBUNG AGRO MAKMUR,4,pestisida
ALFA BETA AGROCHEMICAL,PT. ALFA BETA AGROCHEMICAL,4,pupuk
PT. Spektra Global Intiagro,PT. Spektra Global Intiagro,4,pestisida
PT. MEDION FARMA JAYA,PT. MEDION FARMA JAYA,4,pestisida
CV. TRUBUS PRIMA,CV. TRUBUS PRIMA,4,pestisida+pupuk-legacy
PT. BESTANI AGRO SEJAHTERA,PT. BESTANI AGRO SEJAHTERA,4,pestisida
CV. CENTRAL BUKIT MORIA,CV. CENTRAL BUKIT MORIA,4,pestisida
CV. MUTIARA KERATON JIMMY&CO TRANS BISNIS INDONESIA,CV. MUTIARA KERATON JIMMY&CO TRANS BISNIS INDONESIA,4,pestisida
PT. SINGA KIMIA INDONESIA,PT. SINGA KIMIA INDONESIA,4,pestisida
PT. LANGGENG MUSTIKA CHEMINDO,PT. LANGGENG MUSTIKA CHEMINDO,4,pestisida
SEJUK ALAM LESTARI,PT. SEJUK ALAM LESTARI,4,pupuk
PT. PARAMA AGROINDUSTRI DANAPATI,PT. Parama Agroindustri Danapati,4,pestisida
CV. SINAR AGRO KIMIA INDONESIA,CV. SINAR AGRO KIMIA INDONESIA,4,pestisida
PT. EKA SALA ALFAINDO,PT. EKA SALA ALFAINDO,4,pestisida
PT. TIENYEN INTERNATIONAL,PT. TIENYEN INTERNATIONAL,4,pestisida
TUNAS HARMONI ABADI,PT. TUNAS HARMONI ABADI,4,pupuk
PT. KUDA RAYA KARYANUSA,PT. KUDA RAYA KARYANUSA,4,pestisida
PT. SEJAHTERA AGRONUSA LESTARI,PT. SEJAHTERA AGRONUSA LESTARI,4,pestisida
PT. MULTIGUNA GEMILANG,PT. MULTIGUNA GEMILANG,4,pestisida
PT. BRAVO DINAMIKA,PT. BRAVO DINAMIKA,4,pestisida
PT. SPEKTRUM GEO INAGRO,PT. SPEKTRUM GEO INAGRO,4,pestisida
PT. SUMITOMO INDONESIA,PT. SUMITOMO INDONESIA,4,pestisida
PT. PT. Perusahaan Perdagangan Indonesia (Persero),PT. PT. Perusahaan Perdagangan Indonesia (Persero),4,pestisida
PT. PT.BARU TOTAL SOLUSINDO,PT. PT.BARU TOTAL SOLUSINDO,4,pestisida
OAT MITOKU AGRIO,PT.OAT MITOKU AGRIO,4,pupuk
PT. AVEL PESTINDO,PT. AVEL PESTINDO,4,pestisida
CV. SUBUR TANI AGRO RAYA SEJAHTERA,CV. SUBUR TANI AGRO RAYA SEJAHTERA,4,pestisida
PT. INDO ASIA TIRTA MANUNGGAL,PT. INDO ASIA TIRTA MANUNGGAL,4,pestisida
PT. SANJAYA SEJAHTERA LESTARI,PT. SANJAYA SEJAHTERA LESTARI,4,pestisida
PT. CAKRA AGRO INDONESIA,PT. CAKRA AGRO INDONESIA,4,pestisida
CV. JOYO MAKMUR SUKSES,CV. JOYO MAKMUR SUKSES,4,pestisida
CV. BUMINDO ABADI MAKMUR,CV. BUMINDO ABADI MAKMUR,4,pestisida
PRIMA AGRO NETWORK,PT. PRIMA AGRO NETWORK,4,pupuk
SEMESTA AGRO MAKMUR,CV. SEMESTA AGRO MAKMUR,4,pupuk
UNITED ALACRITY INDONESIA,PT. UNITED ALACRITY INDONESIA,4,pupuk
PT. Laku Agung Bahagia Indonesia,PT. Laku Agung Bahagia Indonesia,4,pupuk-legacy
SINAR EMPAT PILAR UTAMA,SINAR EMPAT PILAR UTAMA,4,pupuk
LINTANG MAS AGRO,LINTANG MAS AGRO,4,pupuk
PT SAFA AGROTEK INDONESIA,PT SAFA AGROTEK INDONESIA,4,pupuk-legacy
CV. Sumber Agung Jaya,CV. Sumber Agung Jaya,4,pupuk
PT. Tani Karya Makmur Sejahtera,PT. Tani Karya Makmur Sejahtera,4,pupuk+pupuk-legacy
GEMA TANI ETAM,GEMA TANI ETAM,4,pupuk
SEA SIX ENERGY INDONESIA,SEA SIX ENERGY INDONESIA,4,pupuk
NUSA TANI,NUSA TANI,4,pupuk
RISET PERKEBUNAN NUSANTARA,RISET PERKEBUNAN NUSANTARA,4,pupuk
CV. Mulyo Tani Makmur,CV. Mulyo Tani Makmur,4,pupuk-legacy
NICO MANDIRI SEJAHTERA,NICO MANDIRI SEJAHTERA,4,pupuk
PT. Super Tani Indonesia,PT. Super Tani Indonesia,4,pupuk
GLOBAL MANTEP LESTARI,GLOBAL MANTEP LESTARI,4,pupuk
GREENTECH INTERNATIONAL,GREENTECH INTERNATIONAL,4,pupuk
TANINDO TETAP JAYA,TANINDO TETAP JAYA,4,pupuk
KERTO KENCANA ABADI,KERTO KENCANA ABADI,4,pupuk
MISSION TANI,MISSION TANI,4,pupuk
PT INDMIRA,PT INDMIRA,4,pupuk
MANDIRI DUASATU,MANDIRI DUASATU,4,pupuk
SAKURA FISHERIES,SAKURA FISHERIES,4,pupuk
ESTU SEBA AGRINUSA,ESTU SEBA AGRINUSA,4,pupuk
CEVE SINAR ARAS,PT. CEVE SINAR ARAS,4,pupuk
PT. CEVE SINAR ARAS,PT. CEVE SINAR ARAS,4,pupuk
ALAM HIJAU,CV Alam Hijau,4,pupuk
PT Tunas Agro Persada,PT Tunas Agro Persada,4,pupuk-legacy
REZEKI BERSAMA INDONESIA,REZEKI BERSAMA INDONESIA,4,pupuk
HABDHI NEGORO MANDIRI,HABDHI NEGORO MANDIRI,4,pupuk
PT. Formitra Multi Prakarsa,PT. Formitra Multi Prakarsa,4,pupuk-legacy
SOBAT TANI,SOBAT TANI,4,pupuk
PT.CENTRAL ALAM RESOURCES LESTARI,PT.CENTRAL ALAM RESOURCES LESTARI,4,pupuk
PT TRIASINDO ROYAL AGRO,PT TRIASINDO ROYAL AGRO,4,pupuk+pupuk-legacy
UD. MITRA MERDEKA TANI,UD. Mitra Merdeka Tani,4,pupuk-legacy
SINAR MAS MALAKA,SINAR MAS MALAKA,4,pupuk
CV. MITRA AGRO SENTOSA,CV. MITRA AGRO SENTOSA,4,pupuk-legacy
SURYA NUSANTARA SEJATI,SURYA NUSANTARA SEJATI,4,pupuk
PT. Molindo Raya Industrial,PT. Molindo Raya Industrial,4,pupuk-legacy
TUNAS FOREST GEMILANG,TUNAS FOREST GEMILANG,4,pupuk
POSPORINDO NUSANTARA,POSPORINDO NUSANTARA,4,pupuk
DUTA LIMAS,CV DUTA LIMAS,4,pupuk
ALAM SEMESTA INDONESIA,ALAM SEMESTA INDONESIA,4,pupuk
JAYA TANI,CV. Jaya Tani,4,pupuk
CV. Jaya Tani,CV. Jaya Tani,4,pupuk-legacy
PT AJINOMOTO INDONESIA,PT AJINOMOTO INDONESIA,4,pupuk-legacy
CV. Agro Nusa Indah,CV. Agro Nusa Indah,4,pupuk-legacy
PUTRA HAKA PERKASA,PUTRA HAKA PERKASA,4,pupuk
AGRO UNGGUL JAYAMAKMUR,AGRO UNGGUL JAYAMAKMUR,4,pupuk
CV MAKMUR ABADI,CV MAKMUR ABADI,4,pupuk
SARIMAKMUR SULTAN NUSANTARA,SARIMAKMUR SULTAN NUSANTARA,4,pupuk
MANUNGGAL MERDEKA MAKMUR,MANUNGGAL MERDEKA MAKMUR,4,pupuk
BHADRA CEMERLANG,PT. Bhadra Cemerlang,4,pupuk
PT. DELAPAN ENAM BERLIAN,PT. DELAPAN ENAM BERLIAN,4,pupuk
AGRO ZYM JAYA,AGRO ZYM JAYA,4,pupuk
PT.MITRA CIPTA AGRO,PT.MITRA CIPTA AGRO,4,pupuk+pupuk-legacy
MANDIRI PALMERA AGRINDO,MANDIRI PALMERA AGRINDO,4,pupuk
CV. INTI TANI MAKMUR,CV. INTI TANI MAKMUR,4,pupuk
SUBUR PERKASA NUSANTARA,SUBUR PERKASA NUSANTARA,4,pupuk
CV. Cahaya Agro Persada,CV. Cahaya Agro Persada,4,pupuk
CV. TUMBUH BERKEMBANG SEJAHTERA,CV. TUMBUH BERKEMBANG SEJAHTERA,4,pupuk
DELIMA MANDALA SURYA,DELIMA MANDALA SURYA,4,pupuk
KARUNIA NIAGA SEJAHTERA,KARUNIA NIAGA SEJAHTERA,4,pupuk
BIO KONVERSI INDONESIA,BIO KONVERSI INDONESIA,4,pupuk
UTAMA KARYA TANI,CV.UTAMA KARYA TANI,4,pupuk
KERINA MARGA PLANTATION,KERINA MARGA PLANTATION,4,pupuk
NITIS PUSAKA KUSUMA,NITIS PUSAKA KUSUMA,4,pupuk
BISATANI SUKSES UTAMA,BISATANI SUKSES UTAMA,4,pupuk
PT TRI TUNGGAL ABADI MULIA,PT TRI TUNGGAL ABADI MULIA,4,pupuk
NIVIDIA PRATAMA KHATULISTIWA,NIVIDIA PRATAMA KHATULISTIWA,4,pupuk
TIMURAYA TUNGGAL,TIMURAYA TUNGGAL,4,pupuk
AGRO INDAH PERMATA 21,AGRO INDAH PERMATA 21,4,pupuk
PT.ALL COSMOS INDONESIA,PT.ALL COSMOS INDONESIA,4,pupuk-legacy
BUMI GEMILANG ARTHA,BUMI GEMILANG ARTHA,4,pupuk
PT. PLANTSAFE FERTILIZER INDONESIA,PT. PLANTSAFE FERTILIZER INDONESIA,4,pupuk-legacy
CV. Anugerah Tani Makmur,CV. Anugerah Tani Makmur,4,pupuk-legacy
PT Pupuk Indonesia (Persero),PT Pupuk Indonesia (Persero),4,pupuk-legacy
PT. RIZKY FAJAR AGRO,PT. RIZKY FAJAR AGRO,4,pupuk-legacy
PT HARVESTMORE MULTITRADE INDONESIA,PT HARVESTMORE MULTITRADE INDONESIA,4,pupuk-legacy
PT Lamandau Subur Sejahtera,PT Lamandau Subur Sejahtera,4,pupuk-legacy
PT. Indevco Internusa,PT. Indevco Internusa,4,pupuk-legacy
PT. Setia Bersama,PT. Setia Bersama,4,pupuk-legacy
CV. Ruthani Mandiri,CV. Ruthani Mandiri,4,pupuk-legacy
PT PRIMA AGRO TECH,PT. PRIMA AGRO TECH,3,pupuk-legacy
PT Exindo Raharja Pratama,PT Exindo Raharja Pratama,3,pupuk-legacy
CATUR AGRODAYA MANDIRI,PT. CATUR AGRODAYA MANDIRI,3,pupuk
DELTA CHEMICA,CV. DELTA CHEMICA,3,pupuk
GOLDEN FARM INDONESIA,CV. GOLDEN FARM INDONESIA,3,pupuk
PT BIOTIS AGRINDO,PT. BIOTIS AGRINDO,3,pupuk-legacy
CV. SARANA TANI MAKMUR,CV. SARANA TANI MAKMUR,3,pestisida
KENSO INDONESIA,PT. KENSO INDONESIA,3,pupuk
PT. RIA INDO AGRI,PT. Ria Indo Agri,3,pestisida
PT. SYNAGRO PERKASA,PT. SYNAGRO PERKASA,3,pestisida
PT. CIPTA KARYA UNGGULAN,PT. CIPTA KARYA UNGGULAN,3,pestisida
PT. SURYA KARYA ANDALAN,PT. SURYA KARYA ANDALAN,3,pestisida
ARTHA MAKMUR ABADI,PT. ARTHA MAKMUR ABADI,3,pupuk
ANKEWA CHEMICAL INDONESIA,PT. ANKEWA CHEMICAL INDONESIA,3,pupuk
PT. GLOBAL AGRO MANDIRI,PT. GLOBAL AGRO MANDIRI,3,pestisida
TANGGUH AGRO NUSA INDONESIA,PT. TANGGUH AGRO NUSA INDONESIA,3,pupuk
PT. ZAMRUD LINTAS KATULISTIWA,PT. ZAMRUD LINTAS KATULISTIWA,3,pestisida
PT. KALATHAM,PT Kalatham,3,pestisida
PT Kalatham,PT Kalatham,3,pupuk-legacy
PT. Duta Alam Prima,PT. Duta Alam Prima,3,pestisida
BINGEI AGUNG,PT. BINGEI AGUNG,3,pupuk
CV. PRIMA BERKAH NUSANTARA,CV. PRIMA BERKAH NUSANTARA,3,pestisida
PRIMA BERKAH NUSANTARA,CV. PRIMA BERKAH NUSANTARA,3,pupuk
ARENA HORMON INDONUSA,PT. ARENA HORMON INDONUSA,3,pupuk
CV. SUGI TEKNIK PANGAN,CV. SUGI TEKNIK PANGAN,3,pestisida
PT. Guthrie Agri Bio,PT. Guthrie Agri Bio,3,pestisida
CV. FLORA DAN FAUNA,CV. FLORA DAN FAUNA,3,pestisida
PT. PUTRISARI KIMIANUSA,PT. PUTRISARI KIMIANUSA,3,pestisida
PT. RAGAM MANDIRI,PT. RAGAM MANDIRI,3,pestisida
PT. PHOSPHINDO JAYA UTAMA,PT. PHOSPHINDO JAYA UTAMA,3,pestisida
CV. DMA,CV. DMA,3,pestisida
CV. BIMAGRO INDONESIA,CV. BIMAGRO INDONESIA,3,pestisida
BIMAGRO INDONESIA,CV. BIMAGRO INDONESIA,3,pupuk
PT. AGROW USAHA TANI INDONESIA,PT. AGROW USAHA TANI INDONESIA,3,pestisida
PT. AGRI KIMIA NUSANTARA,PT. AGRI KIMIA NUSANTARA,3,pestisida
PT. AGROSID MANUNGGAL SENTOSA,PT. Agrosid Manunggal Sentosa,3,pestisida
AGROSID MANUNGGAL SENTOSA,PT. Agrosid Manunggal Sentosa,3,pupuk
PT. RAWWA ROUNDTEC INDONESIA,PT. RAWWA ROUNDTEC INDONESIA,3,pestisida
PT. GOLDEN MAKMUR AGRI,PT. GOLDEN MAKMUR AGRI,3,pestisida
CV. ASRITANI UTAMA,CV. ASRITANI UTAMA,3,pestisida
PT. TOYOTA TSUSHO INDONESIA,PT. TOYOTA TSUSHO INDONESIA,3,pestisida
PT. ZAINI MAKMUR SENTOSA,PT. ZAINI MAKMUR SENTOSA,3,pestisida
PT. AGRICULTURE CONSTRUCTION INDONESIA,PT. AGRICULTURE CONSTRUCTION INDONESIA,3,pestisida
PT. VADEL KSATRIA SAMUDRA INDONESIA,PT. VADEL KSATRIA SAMUDRA INDONESIA,3,pestisida
PT. AGRI KEMIA NATURA,PT. AGRI KEMIA NATURA,3,pestisida
BIO SARANA INDONESIA,PT Bio Sarana Indonesia,3,pupuk
PT Bio Sarana Indonesia,PT Bio Sarana Indonesia,3,pupuk-legacy
CV. CULTURE AGRITECH INTERZONA,CV. CULTURE AGRITECH INTERZONA,3,pestisida
PT. PESTINDO SOLUTION,PT. PESTINDO SOLUTION,3,pestisida
PT. AGRIVA CROPSCIENCE INDONESIA,PT. AGRIVA CROPSCIENCE INDONESIA,3,pestisida
PT Greenlife Bioscience,PT Greenlife Bioscience,3,pupuk-legacy
PT. AGROSIDA SELARAS BERSAMA,PT. AGROSIDA SELARAS BERSAMA,3,pestisida
PT Nusamas Kimia Persada,PT Nusamas Kimia Persada,3,pupuk-legacy
PT. GOODFARM CHEMICAL INDONESIA,PT. GOODFARM CHEMICAL INDONESIA,3,pestisida
PT. JUBARO AGRO INDONESIA,PT. JUBARO AGRO INDONESIA,3,pestisida
PT. MODERN AGRICULTURE INDONESIA,PT. MODERN AGRICULTURE INDONESIA,3,pestisida
PT. BIO AGRITECH NUSANTARA,PT. BIO AGRITECH NUSANTARA,3,pestisida
PT. NUSANTARA SURYA BENIH,PT. NUSANTARA SURYA BENIH,3,pestisida
NATHANI INDONESIA,PT. NATHANI INDONESIA,3,pupuk
JOYO MAKMUR SUKSES,CV. JOYO MAKMUR SUKSES,3,pupuk
CV. SEMESTA AGRO MAKMUR,CV. SEMESTA AGRO MAKMUR,3,pestisida
PUPUK LAPAN HARSA,PUPUK LAPAN HARSA,3,pupuk
DUA POHON BESAR,DUA POHON BESAR,3,pupuk
CV. Karya Tani Indonesia,CV. Karya Tani Indonesia,3,pupuk
CV.MITRA TANI ABADI JAYA,CV.MITRA TANI ABADI JAYA,3,pupuk-legacy
HYDRO FARM INDONESIA,HYDRO FARM INDONESIA,3,pupuk
PT. PUPUT TANI MANDIRI,PT. PUPUT TANI MANDIRI,3,pupuk-legacy
PUPUK PARIT KITANG,PUPUK PARIT KITANG,3,pupuk
PT. SOLUSI LINGKUNGAN INDUSTRI NUSANTARA,PT. SOLUSI LINGKUNGAN INDUSTRI NUSANTARA,3,pupuk
AGROMAX MAKMUR SEKAWAN,AGROMAX MAKMUR SEKAWAN,3,pupuk
PT. Polowijo Gosari,PT. Polowijo Gosari,3,pupuk-legacy
NOVACHEM ADAMANTINA,PT.NOVACHEM ADAMANTINA,3,pupuk
INDOFAST AGRO NUSANTARA,INDOFAST AGRO NUSANTARA,3,pupuk
NUGEN CROP INDONESIA,NUGEN CROP INDONESIA,3,pupuk
PT. PERINTIS NIAGA INDONESIA,PT. PERINTIS NIAGA INDONESIA,3,pupuk
RUCI TANI JAYA ABADI,RUCI TANI JAYA ABADI,3,pupuk
FERTILINDO AGROLESTARI,FERTILINDO AGROLESTARI,3,pupuk
SUBUR MAKMUR SEJAHTERA,CV. Subur Makmur Sejahtera,3,pupuk
ANARD BUMI SENTOSA,ANARD BUMI SENTOSA,3,pupuk
JASA TAMBANG ACEH,JASA TAMBANG ACEH,3,pupuk
BERKAH TANI LESTARI,BERKAH TANI LESTARI,3,pupuk
PT RENER INTI INTERNASIONAL,PT RENER INTI INTERNASIONAL,3,pupuk
GUNUNG BERKAT SEJAHTERA,PT.GUNUNG BERKAT SEJAHTERA,3,pupuk
CV. Makmur Sembada,CV. Makmur Sembada,3,pupuk
SURYA MENTARI SAKTINDO,SURYA MENTARI SAKTINDO,3,pupuk
ANGPUTRA GLOBAL ORGANIK,PT. Angputra Global Organik,3,pupuk
PT. Angputra Global Organik,PT. Angputra Global Organik,3,pupuk-legacy
INDO BAY BIO,INDO BAY BIO,3,pupuk
PT. SERA AGRO NUTRINDO,PT. SERA AGRO NUTRINDO,3,pupuk
REKATANI INDONESIA,REKATANI INDONESIA,3,pupuk
BUMI IMPERIUM INDONESIA,BUMI IMPERIUM INDONESIA,3,pupuk
PRIMA TANI MANDIRI,CV. PRIMA TANI MANDIRI,3,pupuk
SARANA GLOBAL PHOSPHORINDO,SARANA GLOBAL PHOSPHORINDO,3,pupuk
KURNIA MAS,KURNIA MAS,3,pupuk
CV Alam Hijau,CV Alam Hijau,3,pupuk-legacy
CV. Tani Subur Perkasa,CV. Tani Subur Perkasa,3,pupuk+pupuk-legacy
PT TOYA INDO MANUNGGAL,PT TOYA INDO MANUNGGAL,3,pupuk-legacy
AGRI PRIME INTERNATIONAL,AGRI PRIME INTERNATIONAL,3,pupuk
PT. Centra Agro Pratama,PT. Centra Agro Pratama,3,pupuk-legacy
BUMI REKAYASA PERSADA,BUMI REKAYASA PERSADA,3,pupuk
MAGNESIUM GOSARI INTERNASIONAL,MAGNESIUM GOSARI INTERNASIONAL,3,pupuk
HIKMAH TANI,HIKMAH TANI,3,pupuk
PT. Gemah Ripah Loh Jinawi Industri,PT. Gemah Ripah Loh Jinawi Industri,3,pupuk+pupuk-legacy
JENAWI SUBURINDO REJEKI,JENAWI SUBURINDO REJEKI,3,pupuk
RAJAWALI CITRA ALAM,RAJAWALI CITRA ALAM,3,pupuk
CHEMSTAR AGRO INDONESIA,CHEMSTAR AGRO INDONESIA,3,pupuk
SULTAN ISKANDAR MUDA,SULTAN ISKANDAR MUDA,3,pupuk
RUHISA PERSADA,RUHISA PERSADA,3,pupuk
TIGA UNGGUL SEJAHTERA,TIGA UNGGUL SEJAHTERA,3,pupuk
LAMPOKO TERNAK INDONESIA,LAMPOKO TERNAK INDONESIA,3,pupuk
NEO SINAR MEDAN,NEO SINAR MEDAN,3,pupuk
NEO CROP SOLUTIONS,NEO CROP SOLUTIONS,3,pupuk
KAKIMAS PRIMA PERKASA,KAKIMAS PRIMA PERKASA,3,pupuk
MULTI ALAM RAYA SEJAHTERAA,MULTI ALAM RAYA SEJAHTERAA,3,pupuk
MITRA AGRO SENTOSA,CV. MITRA AGRO SENTOSA,3,pupuk
AGRIBISNIS TECHNOLOGY INDONESIA,AGRIBISNIS TECHNOLOGY INDONESIA,3,pupuk
PT. NUSANTARA AGRO TAMA,PT. NUSANTARA AGRO TAMA,3,pupuk
SELARAS ALAM SEJAHTERA,PT. Selaras Alam Sejahtera,3,pupuk
BAROKAH PRIMA TANI,BAROKAH PRIMA TANI,3,pupuk
SUMBER ALAM UNGGUL,SUMBER ALAM UNGGUL,3,pupuk
CV AGRO PERSADA,CV AGRO PERSADA,3,pupuk
BUNGA TANI,CV.BUNGA TANI,3,pupuk
BUMI PERSADA SIDAYU,BUMI PERSADA SIDAYU,3,pupuk
ASIA MIKRO PUPUK,ASIA MIKRO PUPUK,3,pupuk
KUSUMA DIPA NUGRAHA,PT. KUSUMA DIPA NUGRAHA,3,pupuk
SUTERA AGRINDO UTAMA,SUTERA AGRINDO UTAMA,3,pupuk
PT. PERMATA NEGERI INDONESIA,PT. PERMATA NEGERI INDONESIA,3,pupuk+pupuk-legacy
CV Arisna Jaya,CV Arisna Jaya,3,pupuk
PT. JASINDO KREASI MANDIRI,PT. JASINDO KREASI MANDIRI,3,pupuk
SANG HYANG SERI,SANG HYANG SERI,3,pupuk
SARI BUMI SIDAYU,SARI BUMI SIDAYU,3,pupuk
ARICTON EXIM INDONESIA,ARICTON EXIM INDONESIA,3,pupuk
PT. PRIMA MULIA ABADI,PT. PRIMA MULIA ABADI,3,pupuk-legacy
WIRAPUTRA AGRO MANDIRI,WIRAPUTRA AGRO MANDIRI,3,pupuk
CV. Sumber Rejeki,CV. Sumber Rejeki,3,pupuk-legacy
AGRITAMA PRIMA MANDIRI,AGRITAMA PRIMA MANDIRI,3,pupuk
INTI MIKRO INDONESIA,INTI MIKRO INDONESIA,3,pupuk
BASISCROP INDONESIA,BASISCROP INDONESIA,3,pupuk
REJEKI INDAH MANDIRI,REJEKI INDAH MANDIRI,3,pupuk
PT. POMAL BEKA MANDIRI,PT. POMAL BEKA MANDIRI,3,pupuk-legacy
PINAGO UTAMA,PINAGO UTAMA,3,pupuk
NUSANTARA GREEN LAND,NUSANTARA GREEN LAND,3,pupuk
AGRO RAYA TIMUR GROUP,AGRO RAYA TIMUR GROUP,3,pupuk
DEWI SRI RAMA I,DEWI SRI RAMA I,3,pupuk
PT. DWI AGRO HAYATI,PT. DWI AGRO HAYATI,3,pupuk
AGRO LESTARI JAYA,AGRO LESTARI JAYA,3,pupuk
CV.UTAMA KARYA TANI,CV.UTAMA KARYA TANI,3,pupuk-legacy
SIGMA KARYA BUANA,SIGMA KARYA BUANA,3,pupuk
PT AGRI MULTI LESTARI,PT AGRI MULTI LESTARI,3,pupuk
ARTHA CHRISTA,ARTHA CHRISTA,3,pupuk
SUKINDO SUPRASEMESTA,SUKINDO SUPRASEMESTA,3,pupuk
DELTA GREEN ZONE,DELTA GREEN ZONE,3,pupuk
CV. GHANDI PUTRA,CV. GHANDI PUTRA,3,pupuk+pupuk-legacy
AGRO FARMERY INDONESIA,AGRO FARMERY INDONESIA,3,pupuk
PRATAMA AGRO SENTOSA,PRATAMA AGRO SENTOSA,3,pupuk
DUNIA KIMIA JAYA,PT Dunia Kimia Jaya,3,pupuk
ARTHA BUANA,ARTHA BUANA,3,pupuk
"""CAHYA SEJATI""","""CAHYA SEJATI""",3,pupuk
CIPTA AGRO NUSANTARA,CIPTA AGRO NUSANTARA,3,pupuk
PANEN AGRO NIAGA,PANEN AGRO NIAGA,3,pupuk
PERMANA AGRO LESTARI,PERMANA AGRO LESTARI,3,pupuk
BURSATANI GLOBAL NIAGA,PT Bursatani Global Niaga,3,pupuk
NELAYAN INDONESIA JAYA,NELAYAN INDONESIA JAYA,3,pupuk
MABARFEED INDONESIA,MABARFEED INDONESIA,3,pupuk
RAHMA JAYA BERSAMA,RAHMA JAYA BERSAMA,3,pupuk
SAF AGRO JAYA,SAF AGRO JAYA,3,pupuk
JENGGONG MAGTASIDA GRUP,JENGGONG MAGTASIDA GRUP,3,pupuk
BUMI SUBUR RIZQUNA,BUMI SUBUR RIZQUNA,3,pupuk
CIPTA SARANA INDOTANI,CIPTA SARANA INDOTANI,3,pupuk
CV AGRO PETANI MAJU,CV AGRO PETANI MAJU,3,pupuk+pupuk-legacy
PT. Perdagangan Indo Mandiri Sejati,PT. Perdagangan Indo Mandiri Sejati,3,pupuk+pupuk-legacy
CV. Agronusa Mandiri,CV. Agronusa Mandiri,3,pupuk-legacy
CV. Duta Surya Alam,CV. Duta Surya Alam,3,pupuk-legacy
CENTA BRASINDO ABADI CHEMICAL INDUSTRY,PT. CENTA BRASINDO ABADI CHEMICAL INDUSTRY,2,pupuk
TIGA MUARA EMAS MAKMUR,PT. TIGA MUARA EMAS MAKMUR,2,pupuk
CV. SAKASAKI,CV. SAKASAKI,2,pestisida
BAYER INDONESIA,PT. Bayer Indonesia,2,pupuk
PT. Bayer Indonesia,PT. Bayer Indonesia,2,pupuk-legacy
SOLUSI TANI INDONESIA,PT. SOLUSI TANI INDONESIA,2,pupuk
PD. GARUDA,PD. GARUDA,2,pestisida
PT. Petrosida Gresik,PT. Petrosida Gresik,2,pupuk-legacy
PT.MULTI SARANA INDOTANI,PT. MULTI SARANA INDOTANI,2,pupuk-legacy
BELIRANG KALISARI,PT. BELIRANG KALISARI,2,pupuk
SAFE CHEMICAL INDONESIA,PT. SAFE CHEMICAL INDONESIA,2,pupuk
GRAHA AGRO,CV. GRAHA AGRO,2,pupuk
SUMANS MANDIRI SEJAHTERA,PT. SUMANS MANDIRI SEJAHTERA,2,pupuk
TANI MAS SUBUR,PT. TANI MAS SUBUR,2,pupuk
BIOTIS AGRINDO,PT. BIOTIS AGRINDO,2,pupuk
PT FAJAR BUANA CHEMICAL,PT. FAJAR BUANA CHEMICAL,2,pupuk-legacy
BENIH BERKAH BERSERI,PT. BENIH BERKAH BERSERI,2,pupuk
HANEARL SCIENCE INDONESIA,PT. HANEARL SCIENCE INDONESIA,2,pupuk
PT. Ria Indo Agri,PT. Ria Indo Agri,2,pupuk-legacy
PT. FLORA FAUNA MANGGALA,PT. FLORA FAUNA MANGGALA,2,pestisida
INTER AGRO INDONESIA,PT. INTER AGRO INDONESIA,2,pupuk
PT. PANCA AGRO NIAGA LESTARI,PT. PANCA AGRO NIAGA LESTARI,2,pestisida
GRAHA AGRITECH PRIMA,CV. GRAHA AGRITECH PRIMA,2,pupuk
MULTIKIMIA AGRO SEJAHTERA,PT. MULTIKIMIA AGRO SEJAHTERA,2,pupuk
CV. AGRO MANDIRI SEJAHTERA,CV. AGRO MANDIRI SEJAHTERA,2,pestisida
CV. JAVAMAS AGROPHOS,CV. Javamas Agrophos,2,pestisida
SUMBER AGRO PERKASA,PT. SUMBER AGRO PERKASA,2,pupuk
TRITAMA WIRAKARSA,PT. TRITAMA WIRAKARSA,2,pupuk
LUMBUNG AGRO MAKMUR,PT. LUMBUNG AGRO MAKMUR,2,pupuk
CV. BANGKIT JAYA,CV. BANGKIT JAYA,2,pestisida
CV. MULTIGRO MAKMUR ABADI,CV. MULTIGRO MAKMUR ABADI,2,pestisida
AZELIS INDONESIA DISTRIBUSI,PT. AZELIS INDONESIA DISTRIBUSI,2,pupuk
PT. INTISUBUR KIMINDO RAYA,PT. INTISUBUR KIMINDO RAYA,2,pestisida
PT. AGSPEC INDONESIA,PT. Agspec Indonesia,2,pestisida
MITRA SUKSES AGRINDO,PT Mitra Sukses Agrindo,2,pupuk
PRIMA AGRO LANCAR,CV. PRIMA AGRO LANCAR,2,pupuk
CV. PRIMA AGRO LANCAR,CV. PRIMA AGRO LANCAR,2,pupuk-legacy
PT. MENARA BERLIAN,PT. MENARA BERLIAN,2,pestisida
ALISHAN NUSA INDAH,PT. ALISHAN NUSA INDAH,2,pupuk
PT. SANITAS,PT. SANITAS,2,pestisida
PT. GEKA MITRA NIAGA,PT. GEKA MITRA NIAGA,2,pestisida
PT. SEJUK ALAM LESTARI,PT. SEJUK ALAM LESTARI,2,pestisida
PT. KENCANA AGRO GOLDENSIDA,PT. KENCANA AGRO GOLDENSIDA,2,pestisida
PT. PT BESTAGRO INDO SUKSES,PT. PT BESTAGRO INDO SUKSES,2,pestisida
CV. MASTERGREEN AGROCHEMICAL INDONESIA,CV. MASTERGREEN AGROCHEMICAL INDONESIA,2,pestisida
PT. GRAHA AGRO MAKMUR,PT. GRAHA AGRO MAKMUR,2,pestisida
PT. PERTIWI INTERTRADE,PT. PERTIWI INTERTRADE,2,pestisida
PT LION WINGS,PT LION WINGS,2,pestisida
PT. FLORA FAUNA AGRO,PT. FLORA FAUNA AGRO,2,pestisida
DEWARI AGRO SAKTI,PT. DEWARI AGRO SAKTI,2,pupuk
PT. TUNAS HARMONI ABADI,PT. TUNAS HARMONI ABADI,2,pestisida
PT. BINTANG CAHAYA AGRO PLANET,PT. BINTANG CAHAYA AGRO PLANET,2,pestisida
PT. MASTRA INDOKORPORA,PT. MASTRA INDOKORPORA,2,pestisida
CV. BINTANG TANI SEJAHTERA,CV. BINTANG TANI SEJAHTERA,2,pestisida
PT. AGRO SENTOSA INDAH KARUNIA,PT. AGRO SENTOSA INDAH KARUNIA,2,pestisida
CV. SURYA AGRO PERKASA,CV. SURYA AGRO PERKASA,2,pestisida
PT. TRI AYUMON TERPADU,PT. TRI AYUMON TERPADU,2,pestisida
PT. WIHADIL,PT. WIHADIL,2,pestisida
PT. GREEN ORGANIC DAILY,PT. GREEN ORGANIC DAILY,2,pestisida
PT. INTI TANI NIAGA,PT. INTI TANI NIAGA,2,pestisida
PT. YASIDA MAKMUR ABADI,PT. YASIDA MAKMUR ABADI,2,pestisida
PT. CHEMIFIN JAYA UTAMA,PT. CHEMIFIN JAYA UTAMA,2,pestisida
PT. FAJAR NASIONAL CIPTA,PT. FAJAR NASIONAL CIPTA,2,pestisida
AGRI KEMIA NATURA,PT. AGRI KEMIA NATURA,2,pupuk
PT. DAYA MUDA AGUNG,PT. DAYA MUDA AGUNG,2,pestisida
PT. V MAX ASIA TANI,PT. V MAX ASIA TANI,2,pestisida
PT.OAT MITOKU AGRIO,PT.OAT MITOKU AGRIO,2,pupuk-legacy
PT. SEMESTA HARAPAN INDONESIA,PT. SEMESTA HARAPAN INDONESIA,2,pestisida
PT. FABINDO SEJAHTERA,PT. FABINDO SEJAHTERA,2,pestisida
PT BIO AGRITECH NUSANTARA,PT. BIO AGRITECH NUSANTARA,2,pestisida
BIO AGRITECH NUSANTARA,PT. BIO AGRITECH NUSANTARA,2,pupuk
NUSANTARA SURYA BENIH,PT. NUSANTARA SURYA BENIH,2,pupuk
CINDE LARAS,CV. CINDE LARAS,2,pupuk
PT. DYRIZ INDONESIA,PT. DYRIZ INDONESIA,2,pestisida
PATIH GAJAHMADA,PATIH GAJAHMADA,2,pestisida+pupuk
PT. PROPADU KONAIR TARAHUBUN,PT. PROPADU KONAIR TARAHUBUN,2,pestisida
PT. POLARCHEM,PT POLARCHEM,2,pestisida
PT POLARCHEM,PT POLARCHEM,2,pupuk-legacy
PT. CENTRA BIOTECH INDONESIA,PT. CENTRA BIOTECH INDONESIA,2,pestisida
PT. NATHANI INDONESIA,PT. NATHANI INDONESIA,2,pestisida
PT. AGROCHEM JAYA,PT. AGROCHEM JAYA,2,pestisida
PT. LOTUS GLOBALINDO SENTOSA,PT. LOTUS GLOBALINDO SENTOSA,2,pestisida
PT. ESSENCE AGRO CHEMICAL,PT. ESSENCE AGRO CHEMICAL,2,pestisida
PT. INTITANI AGROKIMINDO,PT. INTITANI AGROKIMINDO,2,pestisida
CV. PRADIPTA PARAMITA,CV. PRADIPTA PARAMITA,2,pestisida
PT. TURRIMA AGRO MASS BORNEO,PT. TURRIMA AGRO MASS BORNEO,2,pestisida
PT. ANUGRAH SENTANA AGRO,PT. ANUGRAH SENTANA AGRO,2,pestisida
PT. MAKUTA AGRO SEJATI,PT. MAKUTA AGRO SEJATI,2,pestisida
CV. TANI LESTARI,CV. TANI LESTARI,2,pestisida
BARU INDONESIA,CV. BARU INDONESIA,2,pupuk
PT. NOPOSION AGROCHEMICALS INDONESIA,PT. NOPOSION AGROCHEMICALS INDONESIA,2,pestisida
CV. DITAMA RAYA,CV. DITAMA RAYA,2,pestisida+pupuk
PT. REJEKI AGRO INDONESIA,PT. REJEKI AGRO INDONESIA,2,pestisida
PT. PRIMA AGRO NETWORK,PT. PRIMA AGRO NETWORK,2,pestisida
CV. ANGKASA DIGITAL NIAGA,CV. ANGKASA DIGITAL NIAGA,2,pestisida
PT. TRIKA SAKA JAYA,PT. TRIKA SAKA JAYA,2,pestisida
PT. DOVER CHEMICAL,PT. DOVER CHEMICAL,2,pestisida
PT. DHARMA AYU TANI,PT. Dharma Ayu Tani,2,pestisida
PT. SANOVA,PT. SANOVA,2,pestisida
BERKAT MANNA MAJU,CV. BERKAT MANNA MAJU,2,pupuk
PT. GIGA PUTRA TANI,PT. GIGA PUTRA TANI,2,pestisida
PT. OGINESIA MULTI TANI,PT. OGINESIA MULTI TANI,2,pestisida
RAJA BENUA MAS,CV. RAJA BENUA MAS,2,pupuk
MAHITALA MIRA INDONESIA,MAHITALA MIRA INDONESIA,2,pupuk
BASF DISTRIBUTION INDONESIA,BASF DISTRIBUTION INDONESIA,2,pupuk
MANIS SPORTIF,MANIS SPORTIF,2,pupuk
KURNIA AGRO,KURNIA AGRO,2,pupuk
CV. Cahaya Abadi,CV. Cahaya Abadi,2,pupuk-legacy
SAWIT CENTER INDONESIA,SAWIT CENTER INDONESIA,2,pupuk
SELLA SANGIANG ASRI,SELLA SANGIANG ASRI,2,pupuk
PT.Alas Metuah Perdana,PT.Alas Metuah Perdana,2,pupuk
BIO NUSANTARA ALAMI,BIO NUSANTARA ALAMI,2,pupuk
ROJO KOYO MANUNGGAL GROUP,PT. ROJO KOYO MANUNGGAL GROUP,2,pupuk
BIOTECH FERTILIZER INDONESIA,BIOTECH FERTILIZER INDONESIA,2,pupuk
TUNAS JAVA MANDIRI,TUNAS JAVA MANDIRI,2,pupuk
PANDAWA AGRI INDONESIA,PANDAWA AGRI INDONESIA,2,pupuk
PT. Pakar Pupuk Nusantara,PT. Pakar Pupuk Nusantara,2,pupuk
BENE PYTO TANI JAYA,BENE PYTO TANI JAYA,2,pupuk
CV. SUMBER MULYO SEJAHTERA,CV. SUMBER MULYO SEJAHTERA,2,pupuk
PT.NOVACHEM ADAMANTINA,PT.NOVACHEM ADAMANTINA,2,pupuk
PT ANUGERAH PUPUK MAKMUR,PT ANUGERAH PUPUK MAKMUR,2,pupuk-legacy
PT. Bandung Inovasi Organik,PT. Bandung Inovasi Organik,2,pupuk-legacy
CV. Intan Permata Dunia,CV. Intan Permata Dunia,2,pupuk
SURYA DUTA GREENINDO,SURYA DUTA GREENINDO,2,pupuk
CV. Sinar Surya,CV. Sinar Surya,2,pupuk
RAYON UTAMA KHATULISTIWA,RAYON UTAMA KHATULISTIWA,2,pupuk
GLOBALINDO INTI PERSADA,GLOBALINDO INTI PERSADA,2,pupuk
PT. Anugerah Pupuk Lestari,PT. Anugerah Pupuk Lestari,2,pupuk-legacy
KIRANI AGRINUSANTARA,KIRANI AGRINUSANTARA,2,pupuk
PT. SURYA CIPTA PERKASA YOGYAKARTA,PT. SURYA CIPTA PERKASA YOGYAKARTA,2,pupuk-legacy
DWI KENCANA ABADI,DWI KENCANA ABADI,2,pupuk
SUMATERA MINERAL SEJAHTERA,SUMATERA MINERAL SEJAHTERA,2,pupuk
ADITYA MANDIRI UTAMA,ADITYA MANDIRI UTAMA,2,pupuk
PT. Tri Mukti Nusantara Indonesia,PT. Tri Mukti Nusantara Indonesia,2,pupuk
PT. SINAR PERSADA JAYA,PT. SINAR PERSADA JAYA,2,pupuk
WIRA TANI MAKMUR,WIRA TANI MAKMUR,2,pupuk
CV. BUMI INDO RAHARJA,PT Bumi Indo Raharja,2,pupuk-legacy
AGRO SANTANINDO,CV. Agro Santanindo,2,pupuk
SAGARA PRIMA PERKASA,SAGARA PRIMA PERKASA,2,pupuk
PT.GUNUNG BERKAT SEJAHTERA,PT.GUNUNG BERKAT SEJAHTERA,2,pupuk-legacy
ELEVASI AGRI INDONESIA,ELEVASI AGRI INDONESIA,2,pupuk
PT. VERONA MULTIKIMIA ABADI,PT. VERONA MULTIKIMIA ABADI,2,pupuk
AGUNG PRATAMA INDONESIA,AGUNG PRATAMA INDONESIA,2,pupuk
PT. Balohan Jaya Utama,PT. Balohan Jaya Utama,2,pupuk
MUSTIKA AGRO TANI,MUSTIKA AGRO TANI,2,pupuk
BAHAGIA ALAM SEJATI,BAHAGIA ALAM SEJATI,2,pupuk
DIAMOND INTEREST INTERNATIONAL,DIAMOND INTEREST INTERNATIONAL,2,pupuk
SUMBER AGUNG PUTRA JAYA,SUMBER AGUNG PUTRA JAYA,2,pupuk
PUNDI NUSANTARA RAYA,PUNDI NUSANTARA RAYA,2,pupuk
MESUNJA PRIMA TECH,MESUNJA PRIMA TECH,2,pupuk
PT. REJOSO MANIS INDO,PT. REJOSO MANIS INDO,2,pupuk
JAYA SRI BERSAMA,CV JAYA SRI BERSAMA,2,pupuk
GEMOLONG SUCI,GEMOLONG SUCI,2,pupuk
SAHABAT TANI MANDIRI,CV. SAHABAT TANI MANDIRI,2,pupuk
CV. SAHABAT TANI MANDIRI,CV. SAHABAT TANI MANDIRI,2,pupuk
CV. PRIMA TANI MANDIRI,CV. PRIMA TANI MANDIRI,2,pupuk
KHARISMA MUTIARA AGRO,KHARISMA MUTIARA AGRO,2,pupuk
SRI REJEKI FERTILIZER,PT SRI REJEKI FERTILIZER,2,pupuk
PUTRA NUSA,PUTRA NUSA,2,pupuk
KARFOS,KARFOS,2,pupuk
CV. SAMI JAYA AGRO,CV. SAMI JAYA AGRO,2,pupuk
ANUGRAH CEMERLANG INDONESIA,ANUGRAH CEMERLANG INDONESIA,2,pupuk
CV.Mitra Tani Abadi,CV.Mitra Tani Abadi,2,pupuk-legacy
GRAHA BIOFARM SOLUSI,GRAHA BIOFARM SOLUSI,2,pupuk
CV. BUMI AGRO FERTILIZER,CV. BUMI AGRO FERTILIZER,2,pupuk
BUMI AGRO FERTILIZER,CV. BUMI AGRO FERTILIZER,2,pupuk
BIO AGRO REVOLUTIONARY UTILITY,BIO AGRO REVOLUTIONARY UTILITY,2,pupuk
MEDIA BUANA PERSADA,MEDIA BUANA PERSADA,2,pupuk
CIBADAK AGRI,CIBADAK AGRI,2,pupuk
PENTA AGROCHEM MULIA,PENTA AGROCHEM MULIA,2,pupuk
DASTRA KARYA SEMESTA,DASTRA KARYA SEMESTA,2,pupuk
PT. BUMI TANI SUBUR,PT. BUMI TANI SUBUR,2,pupuk-legacy
BERJAYA INTI PERKASA,BERJAYA INTI PERKASA,2,pupuk
NUSANTARA SEJAHTERA MEDICA,NUSANTARA SEJAHTERA MEDICA,2,pupuk
CV. PARI MAS,CV. PARI MAS,2,pupuk
SUAKABUMI,SUAKABUMI,2,pupuk
PT. Inovasi Natural Bio Organik,PT. Inovasi Natural Bio Organik,2,pupuk
REZEKI UTAMA JAYA,REZEKI UTAMA JAYA,2,pupuk
PT. Menara Dwikarya Prima,PT. Menara Dwikarya Prima,2,pupuk
ADAMAS MAKMUR SEJAHTERA,ADAMAS MAKMUR SEJAHTERA,2,pupuk
WINDU KENCANA MULYA,WINDU KENCANA MULYA,2,pupuk
AMANAH JAYA TANI,AMANAH JAYA TANI,2,pupuk
UD. Mitra Merdeka Tani,UD. Mitra Merdeka Tani,2,pupuk
CV. BRISH WATE,CV. BRISH WATE,2,pupuk
CV. SABAR BERSAUDARA,CV. SABAR BERSAUDARA,2,pupuk
CV.PETRO INTI PERKASA,CV.PETRO INTI PERKASA,2,pupuk+pupuk-legacy
GADASAKTI AGRITEK PRATAMA,GADASAKTI AGRITEK PRATAMA,2,pupuk
PT.SUBUR ALAM SEJAHTERA,PT.SUBUR ALAM SEJAHTERA,2,pupuk
BUMI SUBUR KHATULISTIWA,BUMI SUBUR KHATULISTIWA,2,pupuk
BUMI PARIGI,BUMI PARIGI,2,pupuk
PROFARM FERTILINDO,PROFARM FERTILINDO,2,pupuk
GAUDY BARCA PUTRA,GAUDY BARCA PUTRA,2,pupuk
AGRO JAYA OKTAVIANT,AGRO JAYA OKTAVIANT,2,pupuk
CV. Randu Aji,CV. Randu Aji,2,pupuk
CV DUTA LIMAS,CV DUTA LIMAS,2,pupuk-legacy
TRIDI AGENG GEMILANG,TRIDI AGENG GEMILANG,2,pupuk
HASYA JAYA SHAFADILA,PT. Hasya Jaya Shafadila,2,pupuk
PT. Hasya Jaya Shafadila,PT. Hasya Jaya Shafadila,2,pupuk
CV REZKI UTAMA MANDIRI,CV REZKI UTAMA MANDIRI,2,pupuk
PESANGGEM MITRA ABADI,CV. PESANGGEM MITRA ABADI,2,pupuk
INDONESIA GREEN INNOVATION,INDONESIA GREEN INNOVATION,2,pupuk
SETIA USAHA TANI MANDIRI,SETIA USAHA TANI MANDIRI,2,pupuk
AGRO LESTARI MAKMUR NUSANTARA,AGRO LESTARI MAKMUR NUSANTARA,2,pupuk
GOLDEN SUMMIT JAYA,GOLDEN SUMMIT JAYA,2,pupuk
MAHESA PANTURA GRESIK,MAHESA PANTURA GRESIK,2,pupuk
PT. AGRO NIAGA GLOBALINDO,PT. AGRO NIAGA GLOBALINDO,2,pupuk
BIOMINO INDONESIA PERSADA,BIOMINO INDONESIA PERSADA,2,pupuk
AWM ELITE INTERNATIONAL,AWM ELITE INTERNATIONAL,2,pupuk
PRIMA MULIA ABADI,PT. PRIMA MULIA ABADI,2,pupuk
WISH INDONESIA,WISH INDONESIA,2,pupuk
DIRA LIMINDO PUTRA,DIRA LIMINDO PUTRA,2,pupuk
JOS AGRO MANDIRI,JOS AGRO MANDIRI,2,pupuk
SUMBER REJEKI,CV. Sumber Rejeki,2,pupuk
AGRO BIO MAHLIGAI,CV. AGRO BIO MAHLIGAI,2,pupuk
CV. AGRO BIO MAHLIGAI,CV. AGRO BIO MAHLIGAI,2,pupuk-legacy
ANUGERAH DOLOMIT INDONESIA,ANUGERAH DOLOMIT INDONESIA,2,pupuk
SAMUDERA ATLANTIK JAYA ABADI,SAMUDERA ATLANTIK JAYA ABADI,2,pupuk
SUKSES ABADI TANI INDONESIA,SUKSES ABADI TANI INDONESIA,2,pupuk
MANUVERE EGLORY CHEMAGRI,MANUVERE EGLORY CHEMAGRI,2,pupuk
EKARAYA,EKARAYA,2,pupuk
FERTINDO AGRONUSA PERSADA,FERTINDO AGRONUSA PERSADA,2,pupuk
CV. Pilar Fasa Mandiri,CV. Pilar Fasa Mandiri,2,pupuk
PT. Bhadra Cemerlang,PT. Bhadra Cemerlang,2,pupuk-legacy
ESA DISTRIBUSI NUSANTARA,ESA DISTRIBUSI NUSANTARA,2,pupuk
JAVA KARLOS INDONESIA,JAVA KARLOS INDONESIA,2,pupuk
PT. Satya Agrindo Perkasa,PT. Satya Agrindo Perkasa,2,pupuk
PRIMA AGRO ORGANIC,PRIMA AGRO ORGANIC,2,pupuk
EKA TIMUR RAYA,EKA TIMUR RAYA,2,pupuk
PT.PRATAMA SUBUR AGRITAMA,PT.PRATAMA SUBUR AGRITAMA,2,pupuk
GRHA FERRY INDUSTRI,GRHA FERRY INDUSTRI,2,pupuk
SIDENRENG AGRO INNO TECH,SIDENRENG AGRO INNO TECH,2,pupuk
YIH SHENNINDO MAKMUR JAYA,YIH SHENNINDO MAKMUR JAYA,2,pupuk
CV Agro Niaga Sejati,CV Agro Niaga Sejati,2,pupuk-legacy
CV. Bumi Agro Indonesia,CV. Bumi Agro Indonesia,2,pupuk
AGRO TANI MAJU SEJAHTERA,PT. AGRO TANI MAJU SEJAHTERA,2,pupuk
CV. PUSAKA ALAM,CV. PUSAKA ALAM,2,pupuk+pupuk-legacy
BORNEO INTECH,BORNEO INTECH,2,pupuk
KHANSA CITRA BUANA,KHANSA CITRA BUANA,2,pupuk
AGRI MAKMUR MEGA PERKASA INDO,AGRI MAKMUR MEGA PERKASA INDO,2,pupuk
DHARMA GUNA,DHARMA GUNA,2,pupuk
GRESIK NUSANTARA FERTILIZER,PT. GRESIK NUSANTARA FERTILIZER,2,pupuk
PT SATYA PADMA AGRISOL,PT SATYA PADMA AGRISOL,2,pupuk
CV. Sinar Sejahtera,CV. Sinar Sejahtera,2,pupuk
PT.MITRA UTAMA MAKMUR,PT.MITRA UTAMA MAKMUR,2,pupuk
CV SURYA CITRA PERKASA,CV SURYA CITRA PERKASA,2,pupuk
WIBAWA MUKTI,WIBAWA MUKTI,2,pupuk
MITRA TANI GROUP INDONESIA,MITRA TANI GROUP INDONESIA,2,pupuk
MEGARHIZO EGA PERSADA,MEGARHIZO EGA PERSADA,2,pupuk
MEGAH AGRI MEDIA BAROKAH,MEGAH AGRI MEDIA BAROKAH,2,pupuk
CV. Bambu Emas,CV. Bambu Emas,2,pupuk
CV. PUPUK AGRI MANDIRI,CV. PUPUK AGRI MANDIRI,2,pupuk
BEKTI JOYO SAMPURNO,BEKTI JOYO SAMPURNO,2,pupuk
AGRO GEMILANG INDONESIA,AGRO GEMILANG INDONESIA,2,pupuk
MULTI AGRINDO NUSANTARA,MULTI AGRINDO NUSANTARA,2,pupuk
GUANO BERKAH SEJAHTERA,GUANO BERKAH SEJAHTERA,2,pupuk
MENTHOBI HIJAU LESTARI,MENTHOBI HIJAU LESTARI,2,pupuk
TECHNER INDO RAYA,TECHNER INDO RAYA,2,pupuk
HUMAN LIFE INDONESIA,HUMAN LIFE INDONESIA,2,pupuk
HIMALAYA AGRO INVESTAMA,HIMALAYA AGRO INVESTAMA,2,pupuk
NAKULA AGRI JAYA,NAKULA AGRI JAYA,2,pupuk
DEKA AGRO PRODUCT,CV. Deka Agro Product,2,pupuk
ANUGERAH DOLOMIT LESTARI,ANUGERAH DOLOMIT LESTARI,2,pupuk
MARZUQ,CV MARZUQ,2,pupuk
PT.BUMI PERKASA AGRINDO,PT.BUMI PERKASA AGRINDO,2,pupuk
GREENTRACK TECHNOLOGY INDONESIA,GREENTRACK TECHNOLOGY INDONESIA,2,pupuk
MERDEKA BAHARI INDONESIA,MERDEKA BAHARI INDONESIA,2,pupuk
INOVASI FERTILIZER GROWPLANT,INOVASI FERTILIZER GROWPLANT,2,pupuk
ANSELL AGRO INDONESIA,ANSELL AGRO INDONESIA,2,pupuk
AGAPE SINAR NUSANTARA,AGAPE SINAR NUSANTARA,2,pupuk
CV. BUMIKITA MAKMUR,CV. BUMIKITA MAKMUR,2,pupuk-legacy
TIGA DARA JAYA,TIGA DARA JAYA,2,pupuk
INTER ALL,INTER ALL,2,pupuk
PILAR LIMA,PILAR LIMA,2,pupuk
MAKRO CHEMINDO,PT. Makro Chemindo,2,pupuk
PT. Makro Chemindo,PT. Makro Chemindo,2,pupuk-legacy
RILIS,RILIS,2,pupuk
PT. MITRA CHEMICAL WISESA,PT. MITRA CHEMICAL WISESA,2,pupuk
PT. AGROABADI MAKMUR PERSADA,PT. AGROABADI MAKMUR PERSADA,2,pupuk-legacy
MAMORA MARTUA JAYA,MAMORA MARTUA JAYA,2,pupuk
"Tiara Kurnia, PT","Tiara Kurnia, PT",2,pupuk
TANATANI,TANATANI,2,pupuk
KANANITORA,KANANITORA,2,pupuk
PT.MYCO AGRO LESTARI,PT.MYCO AGRO LESTARI,2,pupuk
PT. BIOGREEN AGRO NUSA,PT. BIOGREEN AGRO NUSA,2,pupuk
PROSPER MEGA NUSANTARA,PROSPER MEGA NUSANTARA,2,pupuk
CV. Rahma Jaya,CV. Rahma Jaya,2,pupuk-legacy
CV. AGRO MITRA BERJAYA,CV. AGRO MITRA BERJAYA,2,pupuk
HABIBI PUTRA TANI,HABIBI PUTRA TANI,2,pupuk
PT. INDOGAL AGRO TRADING,PT. INDOGAL AGRO TRADING,2,pupuk
CV. BAROKAH ZA,CV. BAROKAH ZA,2,pupuk
PT. Catur HIdayah Lestari,PT. Catur HIdayah Lestari,2,pupuk
EMPAT LIMA NUSWANTORO,EMPAT LIMA NUSWANTORO,2,pupuk
DHARMA KARTAPURA,DHARMA KARTAPURA,2,pupuk
ALAM MANFAAT BERKAH,ALAM MANFAAT BERKAH,2,pupuk
PT. Sarana Agro Panata,PT. Sarana Agro Panata,2,pupuk
BINTANG MARGOMULYA ORGANIK,BINTANG MARGOMULYA ORGANIK,2,pupuk
PETROKIMIA KEBOMAS GRESIK,PETROKIMIA KEBOMAS GRESIK,2,pupuk
LINTANG BORNEO MANDIRI INDONESIA,LINTANG BORNEO MANDIRI INDONESIA,2,pupuk
KUTAI AGROLESTARI MAKMUR,KUTAI AGROLESTARI MAKMUR,2,pupuk
PUTRA KIMIA GRESIK,PUTRA KIMIA GRESIK,2,pupuk
PT. Bio Takemi Global,PT. Bio Takemi Global,2,pupuk
AGRO MARITIM NUSANTARA,AGRO MARITIM NUSANTARA,2,pupuk
CV. Jaya Makmur Sentausa,CV. Jaya Makmur Sentausa,2,pupuk-legacy
EKO SUNGKONO,EKO SUNGKONO,2,pupuk
CV ALAM MAKMUR TANI AGRO,CV ALAM MAKMUR TANI AGRO,2,pupuk
AGRONIKO NUSANTARA,AGRONIKO NUSANTARA,2,pupuk
PUTRA BARAGE RAYA,PUTRA BARAGE RAYA,2,pupuk
PT. BINTANG CHEMICAL ABADI,PT. BINTANG CHEMICAL ABADI,2,pupuk
JAKE AGRO JAYA,JAKE AGRO JAYA,2,pupuk
CV. CENTRA AGRINUSA,CV. CENTRA AGRINUSA,2,pupuk
BIO CYCLE INDO,BIO CYCLE INDO,2,pupuk
SUBUR MAKMUR ORGANIK,SUBUR MAKMUR ORGANIK,2,pupuk
PT Mycotech Agro Asia,PT Mycotech Agro Asia,2,pupuk
KKI NUSANTARA SUKSES,KKI NUSANTARA SUKSES,2,pupuk
AGRI JAYA MANGGALA,PT. Agri Jaya Manggala,2,pupuk
PT. TIMUR ALAM RAYA,PT. TIMUR ALAM RAYA,2,pupuk
CV. Rachma Farm Sejahtera,CV. Rachma Farm Sejahtera,2,pupuk
TRI MITRA AGRO UTAMA,TRI MITRA AGRO UTAMA,2,pupuk
MEREK INDAH LESTARI,MEREK INDAH LESTARI,2,pupuk
SEHAT CEMERLANG SEJAHTERA,SEHAT CEMERLANG SEJAHTERA,2,pupuk
CV Pandu Pratama Karya,CV Pandu Pratama Karya,2,pupuk
PRIMA AGRO LESTARI,PRIMA AGRO LESTARI,2,pupuk
BAKAPINDO,BAKAPINDO,2,pupuk
PT. SURYA PRATAMA ALAM,PT. SURYA PRATAMA ALAM,2,pupuk
SONGGOLANGIT PERSADA,SONGGOLANGIT PERSADA,2,pupuk
SARI MAHAPHALA INDONESIA,SARI MAHAPHALA INDONESIA,2,pupuk
INDOSOL MAKMUR,INDOSOL MAKMUR,2,pupuk
PT. Saribumi Dewatalestari,PT. Saribumi Dewatalestari,2,pupuk
SHINAMJAYA ABADI,SHINAMJAYA ABADI,2,pupuk
KRISNA CAKRA CYRILLA,KRISNA CAKRA CYRILLA,2,pupuk
AGROCHEM MEGA GLOBALINDO,AGROCHEM MEGA GLOBALINDO,2,pupuk
SATRIA JAYA,CV. Satria Jaya,2,pupuk
CV. Satria Jaya,CV. Satria Jaya,2,pupuk-legacy
NUSA BERKAT ALAM,PT. NUSA BERKAT ALAM,2,pupuk
KARUNIA ROTORINDO TANI,KARUNIA ROTORINDO TANI,2,pupuk
CV. Bulaksari Farm,CV. Bulaksari Farm,2,pupuk+pupuk-legacy
GEMA MITRA ANDALAN,GEMA MITRA ANDALAN,2,pupuk
HUSNA AGRO PERKASA,HUSNA AGRO PERKASA,2,pupuk
ANEKA NUTRISI GLOBAL INDONESIA,PT. Aneka Nutrisi Global Indonesia,2,pupuk
LOH JINAWI AKSHAYA,LOH JINAWI AKSHAYA,2,pupuk
PT ISARU TEKNOLOGI NUSANTARA,PT ISARU TEKNOLOGI NUSANTARA,2,pupuk
CV. BUMI AGRO MANDIRI,CV. BUMI AGRO MANDIRI,2,pupuk
META JAYA,META JAYA,2,pupuk
TRUBUS MITRA SWADAYA,PT. Trubus Mitra Swadaya,2,pupuk
SEMERU 23 GROUP,SEMERU 23 GROUP,2,pupuk
PT. Soko Tani Sejagad,PT. Soko Tani Sejagad,2,pupuk
PT. YUDHA PERDANA ANGESTI,PT. YUDHA PERDANA ANGESTI,2,pupuk-legacy
PT. AGROMAX ALAMI SUKSES,PT. AGROMAX ALAMI SUKSES,2,pupuk
SARANA UTAMA LESTARI ALAM,PT. Sarana Utama Lestari Alam,2,pupuk
PT. Sarana Utama Lestari Alam,PT. Sarana Utama Lestari Alam,2,pupuk-legacy
CV. Casa Farm Hidroponik,CV. Casa Farm Hidroponik,2,pupuk
AGRO BEN INDONESIA,AGRO BEN INDONESIA,2,pupuk
BUKIT RAYA,BUKIT RAYA,2,pupuk
MERPORIZAD BERKAH ABADI,MERPORIZAD BERKAH ABADI,2,pupuk
RESTU MANDIRI INDONESIA,RESTU MANDIRI INDONESIA,2,pupuk
KARUNIA PERMATA UTAMA,KARUNIA PERMATA UTAMA,2,pupuk
PT DIC Graphics,PT DIC Graphics,2,pupuk+pupuk-legacy
Koperasi Puspa Kencana,Koperasi Puspa Kencana,2,pupuk
HSP CITRA GLOBAL,HSP CITRA GLOBAL,2,pupuk
CV. PERSADA MAKMUR TANI SENTOSA,CV. PERSADA MAKMUR TANI SENTOSA,2,pupuk-legacy
PT. BUKIT PRIMA NIAGA,PT. BUKIT PRIMA NIAGA,2,pupuk-legacy
PT. Andalan Usaha Indonesia,PT. Andalan Usaha Indonesia,2,pupuk-legacy
PT. Dwi Mitra,PT. Dwi Mitra,2,pupuk-legacy
PT. Cahaya Inti Tunggal,PT. Cahaya Inti Tunggal,2,pupuk-legacy
CV PALUGADA SUKSES BERSAMA,CV PALUGADA SUKSES BERSAMA,2,pupuk-legacy
CV.Sekar Sari,CV.Sekar Sari,2,pupuk-legacy
C.V. Berkat Eya Pratama,C.V. Berkat Eya Pratama,2,pupuk-legacy
CV. Yoland Tani Indonesia,CV. Yoland Tani Indonesia,2,pupuk-legacy
CV AGRO JAYA OCTAVIANT,CV AGRO JAYA OCTAVIANT,2,pupuk-legacy
Koperasi Karyawan Puspa Kencana,Koperasi Karyawan Puspa Kencana,2,pupuk-legacy
PT. SUBUR INDAH SUKSES GEMILANG,PT. SUBUR INDAH SUKSES GEMILANG,2,pupuk-legacy
CV. Empat Serangkai,CV. Empat Serangkai,2,pupuk-legacy
PT Agri Maju Perkasa,PT Agri Maju Perkasa,2,pupuk-legacy
CV. Rejeki Lumintu Makmur,CV. Rejeki Lumintu Makmur,2,pupuk-legacy
PT. Tiara Kurnia,PT. Tiara Kurnia,2,pupuk-legacy
CV. Blessindo Maju Bersama,CV. Blessindo Maju Bersama,2,pupuk-legacy
PT. Alam Lestari Maju Indonesia,PT. Alam Lestari Maju Indonesia,2,pupuk-legacy
PT .PLANETBIRU INDONESIA,PT .PLANETBIRU INDONESIA,2,pupuk-legacy
PT PRIMASID ANDALAN UTAMA,PT PRIMASID ANDALAN UTAMA,2,pupuk-legacy
DELTAGRO MULIA SEJATI,PT. DELTAGRO MULIA SEJATI,1,pupuk
SYNGENTA INDONESIA,PT. SYNGENTA INDONESIA,1,pupuk
ROYAL AGRO INDONESIA,PT. ROYAL AGRO INDONESIA,1,pupuk
ASIA GALA KIMIA,PT. ASIA GALA KIMIA,1,pupuk
SUNJOY AGRO INDONESIA,PT. SUNJOY AGRO INDONESIA,1,pupuk
RAINBOW AGROSCIENCES,PT. RAINBOW AGROSCIENCES,1,pupuk
INDAGRO,PT. INDAGRO,1,pupuk
MITRA KREASIDHARMA,PT. MITRA KREASIDHARMA,1,pupuk
CV. TANI ABADI,CV. TANI ABADI,1,pestisida
PT. Kristalindo Karunia Internasional,PT. Kristalindo Karunia Internasional,1,pupuk-legacy
BERSAMA SATU TEGUH,PT. BERSAMA SATU TEGUH,1,pupuk
SANTANI AGRO MANDIRI,PT. SANTANI AGRO MANDIRI,1,pupuk
ARTHA BUANA MANDIRI,CV. ARTHA BUANA MANDIRI,1,pupuk
JIVA AGRICULTURE INDONESIA,PT. JIVA AGRICULTURE INDONESIA,1,pupuk
PT. NUTRI AGRO INDONESIA,PT. NUTRI AGRO INDONESIA,1,pestisida
REJEKI INDO AGROTEC,PT. REJEKI INDO AGROTEC,1,pupuk
CV INDO AGRO CHEMICAL,CV INDO AGRO CHEMICAL,1,pestisida
PT. BRENNTAG,PT. BRENNTAG,1,pestisida
PT. KAO INDONESIA DISTRIBUTION,PT. KAO INDONESIA DISTRIBUTION,1,pestisida
CV. ALAM NABATI ANACARDIUM,CV. ALAM NABATI ANACARDIUM,1,pestisida
BYTER AGRICULTURE INDONESIA,PT. BYTER AGRICULTURE INDONESIA,1,pupuk
AGROLAND INDO SYNERGY,PT. AGROLAND INDO SYNERGY,1,pupuk
PT. BAHANA HANNELA MASSIMA,PT. BAHANA HANNELA MASSIMA,1,pestisida
ETONG CHEMICAL INDONESIA,PT. ETONG CHEMICAL INDONESIA,1,pupuk
MAKMUR JAYA AGRO,PT. MAKMUR JAYA AGRO,1,pupuk
SUGI TEKNIK PANGAN,CV. SUGI TEKNIK PANGAN,1,pupuk
CV. INDO TANI,CV. INDO TANI,1,pestisida
PT. MITRA SUKSES AGRINDO,PT Mitra Sukses Agrindo,1,pestisida
PT Mitra Sukses Agrindo,PT Mitra Sukses Agrindo,1,pupuk-legacy
PT. PRIMA AGRO LANCAR,CV. PRIMA AGRO LANCAR,1,pestisida
CV. AMARTA BUANA SEJAHTERA,CV. AMARTA BUANA SEJAHTERA,1,pestisida
PT. PELITA AGUNG,PT. PELITA AGUNG,1,pestisida
PT. GALENIUM PHARMASIA LABORATORIES,PT. GALENIUM PHARMASIA LABORATORIES,1,pestisida
PT. HALIM SAKTI PRATAMA,PT. HALIM SAKTI PRATAMA,1,pestisida
ARYSTA LIFESCIENCE TIRTA,PT. ARYSTA LIFESCIENCE TIRTA,1,pupuk
PT. BINTANG ANUGERAH CAHAYA ABADI,PT. BINTANG ANUGERAH CAHAYA ABADI,1,pestisida
PARAMA AGROINDUSTRI DANAPATI,PT. Parama Agroindustri Danapati,1,pupuk
PT. SMARTZ AGRO LESTARI,PT. SMARTZ AGRO LESTARI,1,pestisida
SARAYA.LF.MANDIRI,SARAYA.LF.MANDIRI,1,pestisida
CV. INDAH TANI SEJAHTERA,CV. INDAH TANI SEJAHTERA,1,pestisida
PT. GOLDEN STEP INDONESIA,PT. GOLDEN STEP INDONESIA,1,pestisida
PT. Agrosid Manunggal Sentosa,PT. Agrosid Manunggal Sentosa,1,pupuk-legacy
RAWWA ROUNDTEC INDONESIA,PT. RAWWA ROUNDTEC INDONESIA,1,pupuk
PT. DEWARI AGRO SAKTI,PT. DEWARI AGRO SAKTI,1,pestisida
PT. SANTANI AGRO LESTARI,PT. SANTANI AGRO LESTARI,1,pestisida
PT. PUPUK KUJANG,PT Pupuk Kujang,1,pestisida
PT. DWI PRIMA REZEKY,PT. DWI PRIMA REZEKY,1,pestisida
PT. KINGLAB INDONESIA,PT. KINGLAB INDONESIA,1,pestisida
SUMITOMO INDONESIA,PT. SUMITOMO INDONESIA,1,pupuk
PT. DELITAL LEEFREN AGROINDUSTRI,PT. DELITAL LEEFREN AGROINDUSTRI,1,pestisida
PT. GOENA WAHANA AGRO NIAGA,PT. GOENA WAHANA AGRO NIAGA,1,pestisida
PT. ASTORIA PRIMA,PT. ASTORIA PRIMA,1,pestisida
PT. Joenoes Ikamulya,PT. Joenoes Ikamulya,1,pestisida
PT. MALINDO AGROTEK PERKASA,PT. MALINDO AGROTEK PERKASA,1,pestisida
ORCHID GLOBAL MAKMUR,PT. ORCHID GLOBAL MAKMUR,1,pupuk
PT. Hamka Multi Karya,PT. Hamka Multi Karya,1,pestisida
PT. UPI CROPSCIENCE INDONESIA,PT. UPI CROPSCIENCE INDONESIA,1,pestisida
CV. AGRIJAYA,CV. AGRIJAYA,1,pestisida
PT. PROVIVI PHEROMONES INDONESIA,PT. PROVIVI PHEROMONES INDONESIA,1,pestisida
PT. DERAS KARET PRIMA,PT. DERAS KARET PRIMA,1,pestisida
INTI TANI NIAGA,PT. INTI TANI NIAGA,1,pupuk
PT. BIO AGRI LINK,PT. BIO AGRI LINK,1,pestisida
BIO AGRI LINK,PT. BIO AGRI LINK,1,pupuk
PT. Kiagus Syaiful Anwar,PT. Kiagus Syaiful Anwar,1,pestisida
CV. TANI ABADI BORNEO,CV. TANI ABADI BORNEO,1,pestisida
CV. H.C.S. POWERINDO,CV. H.C.S. POWERINDO,1,pestisida
H.C.S. POWERINDO,CV. H.C.S. POWERINDO,1,pupuk
PT. PUTRA SWADAYA PERKASA,PT. PUTRA SWADAYA PERKASA,1,pestisida
PT. GREENLIFE BIOSCIENCE,PT Greenlife Bioscience,1,pestisida
PT. OAT MITOKU AGRIO,PT.OAT MITOKU AGRIO,1,pestisida
PT. BINTANG KENCANA ANUGRAH,PT. BINTANG KENCANA ANUGRAH,1,pestisida
CV. BUMI LESTARI KINTAMANI,CV. BUMI LESTARI KINTAMANI,1,pestisida
PT. MEDPHOS CITRA MANDIRI,PT. MEDPHOS CITRA MANDIRI,1,pestisida
CV. CINDE LARAS,CV. CINDE LARAS,1,pestisida
PT. LADANG SUBUR SENTOSA,PT. LADANG SUBUR SENTOSA,1,pestisida
PT. AGRO TUNAS RAYA,PT. AGRO TUNAS RAYA,1,pestisida
PT. SARI SARANA KIMIATAMA,PT. SARI SARANA KIMIATAMA,1,pestisida
PT. CATUR KARTIKA JAYA,PT. CATUR KARTIKA JAYA,1,pestisida
CATUR KARTIKA JAYA,PT. CATUR KARTIKA JAYA,1,pupuk
PT.PROPADU KONAIR TARAHUBUN,PT. PROPADU KONAIR TARAHUBUN,1,pupuk-legacy
AROMA,AROMA,1,pestisida
PT. INTER ANEKA LESTARI KIMIA,PT. INTER ANEKA LESTARI KIMIA,1,pestisida
CV. TANI MUJUR,CV. TANI MUJUR,1,pestisida
PT. SIFA SAUDARA ABADI,PT. SIFA SAUDARA ABADI,1,pestisida
PT. MENARA JAYA LESTARI,PT. MENARA JAYA LESTARI,1,pestisida
CV. AGRINDO PERSADATAMA,CV. AGRINDO PERSADATAMA,1,pestisida
PT. SEJAHTERA EKOLOGIKA DUTA QUEMIKA,PT. SEJAHTERA EKOLOGIKA DUTA QUEMIKA,1,pestisida
PT. SML AGRO INDONESIA,PT. SML AGRO INDONESIA,1,pestisida
PT. SURYAMAS MENTARI,PT. SURYAMAS MENTARI,1,pestisida
PT. SINAR MAS AGRO RESOURCES AND TECHNOLOGY,PT. SINAR MAS AGRO RESOURCES AND TECHNOLOGY,1,pestisida
SINAR MAS AGRO RESOURCES AND TECHNOLOGY,PT. SINAR MAS AGRO RESOURCES AND TECHNOLOGY,1,pupuk
PT. SINAR HIDUP SATWA,PT. SINAR HIDUP SATWA,1,pestisida
PT. TEJA UTAMA INDOPAMENANG,PT. TEJA UTAMA INDOPAMENANG,1,pestisida
PT. PANCA TALENTAMAS,PT. PANCA TALENTAMAS,1,pestisida
PT. BUANA NATURA KIRANA,PT. BUANA NATURA KIRANA,1,pestisida
CV. SAHABAT AGRI SEJATI,CV. SAHABAT AGRI SEJATI,1,pestisida
CV. BARU INDONESIA,CV. BARU INDONESIA,1,pestisida
CV. SURYA UTAMA NIAGA TANI,CV. SURYA UTAMA NIAGA TANI,1,pestisida
PT. MESTIKA KARUNIA UTAMA,PT. MESTIKA KARUNIA UTAMA,1,pestisida
PT. NORVUS INDONESIA,PT. NORVUS INDONESIA,1,pestisida
REJEKI AGRO INDONESIA,PT. REJEKI AGRO INDONESIA,1,pupuk
PT. FARM HANNONG INDONESIA,PT. FARM HANNONG INDONESIA,1,pestisida
CV. AZKIA BINTANG NUSANTARA,CV. AZKIA BINTANG NUSANTARA,1,pestisida
PT. MITRA BIOSEKURITI SOLUSI,PT. MITRA BIOSEKURITI SOLUSI,1,pestisida
MEGAN GALUS KINANTAN,MEGAN GALUS KINANTAN,1,pestisida
PT. PRIMASID ANDALANUTAMA,PT. PRIMASID ANDALANUTAMA,1,pestisida
PRIMASID ANDALANUTAMA,PT. PRIMASID ANDALANUTAMA,1,pupuk
CV. KOLEKTIF SURYA CEMERLANG,CV. KOLEKTIF SURYA CEMERLANG,1,pestisida
PT. AVIA AVIAN,PT. AVIA AVIAN,1,pestisida
PT. MULTIKRIDA JAYA UTAMA,PT. MULTIKRIDA JAYA UTAMA,1,pestisida
CV. BERKAT MANNA MAJU,CV. BERKAT MANNA MAJU,1,pestisida
PT. LABEZAR UTAMA INDONESIA,PT. LABEZAR UTAMA INDONESIA,1,pestisida
LABEZAR UTAMA INDONESIA,PT. LABEZAR UTAMA INDONESIA,1,pupuk
PT. SINAR RAFLESIA SELATAN,PT. SINAR RAFLESIA SELATAN,1,pestisida
PT. LUAS BIRUS UTAMA,PT. LUAS BIRUS UTAMA,1,pestisida
PT. FADJAR PURNASARANA,PT. FADJAR PURNASARANA,1,pestisida
PT. PT. Anugerah Sarana Hayati,PT. PT. Anugerah Sarana Hayati,1,pestisida
PT. SURYA AGROCHEM MITRA ABADI,PT. SURYA AGROCHEM MITRA ABADI,1,pestisida
CV. AGRO MIFTAHUL KHISBA,CV. AGRO MIFTAHUL KHISBA,1,pestisida
PT. DAYA MERRY PERSADA,PT. DAYA MERRY PERSADA,1,pestisida
DAYA MERRY PERSADA,PT. DAYA MERRY PERSADA,1,pupuk
PT. WAHANA MAS,PT. WAHANA MAS,1,pestisida
PT. GERBANG CAHAYA UTAMA,PT. GERBANG CAHAYA UTAMA,1,pestisida
CV. EUREEKA INDONESIA,CV. EUREEKA INDONESIA,1,pestisida
EUREEKA INDONESIA,CV. EUREEKA INDONESIA,1,pupuk
CV. MANDIRI ANUGERAH ABADI,CV. MANDIRI ANUGERAH ABADI,1,pestisida
PT. CITA AGUNG JAYA,PT. CITA AGUNG JAYA,1,pestisida
PT. INDESSO AROMA,PT. INDESSO AROMA,1,pestisida
CV. NUSAGRI,CV. NUSAGRI,1,pestisida
PT. MEDION ARDHIKA BHAKTI,PT. MEDION ARDHIKA BHAKTI,1,pestisida
CV. RAJA BENUA MAS,CV. RAJA BENUA MAS,1,pestisida
PT. UNITED ALACRITY INDONESIA,PT. UNITED ALACRITY INDONESIA,1,pestisida
PT. BUDI MUTU PRIMA,PT. BUDI MUTU PRIMA,1,pestisida
PT. DWIJAYA PERKASA ABADI,PT. DWIJAYA PERKASA ABADI,1,pestisida
PT. GRAHA ESA,PT. GRAHA ESA,1,pestisida
CV. NAZA AGRO'S,CV. NAZA AGRO'S,1,pestisida
NAZA AGRO'S,CV. NAZA AGRO'S,1,pupuk
PT. BIOJOYO TEKNOLOGI INDUSTRI,PT. BIOJOYO TEKNOLOGI INDUSTRI,1,pestisida
CV. LIVE ANGKASA,CV. LIVE ANGKASA,1,pestisida
PT. KOIN TUNGGAL JAYA,PT. KOIN TUNGGAL JAYA,1,pestisida
PT. ETOS INDONUSA,PT. ETOS INDONUSA,1,pestisida
CV. GRAHA FERTICON PERKASA,CV. GRAHA FERTICON PERKASA,1,pestisida
PT. SINAR ANTJOL,PT. SINAR ANTJOL,1,pestisida
PT. NATUR AGRI TANI,PT. NATUR AGRI TANI,1,pestisida
PT. FADJAR AGRO SARANA,PT. FADJAR AGRO SARANA,1,pestisida
PT. WAHANA KENCANA INDONESIA,PT. WAHANA KENCANA INDONESIA,1,pestisida
PT. TANI PERKASA KIMINDO,PT. TANI PERKASA KIMINDO,1,pestisida
PT. SANDAR INTERNATIONAL,PT. SANDAR INTERNATIONAL,1,pestisida
SUMBER UTAMA TANI,SUMBER UTAMA TANI,1,pupuk
PT Prosper Biotech Indonesia,PT Prosper Biotech Indonesia,1,pupuk-legacy
DAMAI SINERGI NUSANTARA,DAMAI SINERGI NUSANTARA,1,pupuk
HATTARA CITRA ARGO,CV. Hattara Citra Argo,1,pupuk
CV. Hattara Citra Argo,CV. Hattara Citra Argo,1,pupuk
SAMAWA AGRO PERSADA,SAMAWA AGRO PERSADA,1,pupuk
STELLAR AGRI INDONESIA,STELLAR AGRI INDONESIA,1,pupuk
SAWONGGALING NUSANTARA,SAWONGGALING NUSANTARA,1,pupuk
CV. SURYA PETANI,CV. SURYA PETANI,1,pupuk
FAJAR RIZQY TANI,FAJAR RIZQY TANI,1,pupuk
GEMILANG BERKAH USAHA,GEMILANG BERKAH USAHA,1,pupuk
PUTRA SHB SEJAHTERA,PUTRA SHB SEJAHTERA,1,pupuk
BERKATINDO NUSANTARA BERSINAR,BERKATINDO NUSANTARA BERSINAR,1,pupuk
CV.KWADRAN JAYA MANDIRI,CV.KWADRAN JAYA MANDIRI,1,pupuk
PT. Sitosu Agro Cemerlang,PT. Sitosu Agro Cemerlang,1,pupuk
SITOSU AGRO CEMERLANG,PT. Sitosu Agro Cemerlang,1,pupuk
BENIH ROMAN AGRO,BENIH ROMAN AGRO,1,pupuk
PT. GALATTA LESTARINDO,PT. GALATTA LESTARINDO,1,pupuk-legacy
PT. ROJO KOYO MANUNGGAL GROUP,PT. ROJO KOYO MANUNGGAL GROUP,1,pupuk
PT. INDORAYA MITRA PERSADA SERATUS ENAM PULUH DELAPAN,PT. INDORAYA MITRA PERSADA SERATUS ENAM PULUH DELAPAN,1,pupuk-legacy
CV. SAKINA AGRO INDUSTRI,CV. SAKINA AGRO INDUSTRI,1,pupuk
PT.AGRITEK SUKSES INDONESIA,PT.AGRITEK SUKSES INDONESIA,1,pupuk
CV. DANA INDO AGRI,CV. DANA INDO AGRI,1,pupuk-legacy
PT. NUSA PALAPA GEMILANG,PT. NUSA PALAPA GEMILANG,1,pupuk-legacy
BUMI MAKMUR WIDYADHANA,BUMI MAKMUR WIDYADHANA,1,pupuk
RATAMA ELON PERKASA,RATAMA ELON PERKASA,1,pupuk
HIDUP TUMBUH BERJAYA,HIDUP TUMBUH BERJAYA,1,pupuk
ULIE HOPE SO,ULIE HOPE SO,1,pupuk
PT.MANDIRI DASAR UTAMA,PT.MANDIRI DASAR UTAMA,1,pupuk
MANDIRI DASAR UTAMA,PT.MANDIRI DASAR UTAMA,1,pupuk
BIOTEK AGRO NUSANTARA,BIOTEK AGRO NUSANTARA,1,pupuk
ASTINA MEGAH ABADI,ASTINA MEGAH ABADI,1,pupuk
ANAYA GLOBAL INDONESIA,ANAYA GLOBAL INDONESIA,1,pupuk
SINAR ADHIKARI ARYASATYA,SINAR ADHIKARI ARYASATYA,1,pupuk
BERKAH ALAM NUSANTARA FERTILIZER,BERKAH ALAM NUSANTARA FERTILIZER,1,pupuk
JANTHO MAJU TANI,JANTHO MAJU TANI,1,pupuk
ORGANIK KARYA INDONESIA,ORGANIK KARYA INDONESIA,1,pupuk
PT GREEN PLANET INDONESIA,PT GREEN PLANET INDONESIA,1,pupuk-legacy
HARMONI INCORPORATION,HARMONI INCORPORATION,1,pupuk
PT. Agrofarm Nusa Raya,PT. Agrofarm Nusa Raya,1,pupuk-legacy
POSCO INTERNATIONAL INDONESIA,POSCO INTERNATIONAL INDONESIA,1,pupuk
PT CHEIL JEDANG INDONESIA,PT CHEIL JEDANG INDONESIA,1,pupuk-legacy
PT. Artha Prima Humatindo,PT. Artha Prima Humatindo,1,pupuk-legacy
TOGA CIPTA FLORA,TOGA CIPTA FLORA,1,pupuk
CV. DARMAPURI AGRO SEMESTA,CV. DARMAPURI AGRO SEMESTA,1,pupuk
PT. MULYO TANI MAKMUR,CV. Mulyo Tani Makmur,1,pupuk
CV. Agroxplore Indonesia,CV. Agroxplore Indonesia,1,pupuk
WILDO NATURAL INDONESIA,WILDO NATURAL INDONESIA,1,pupuk
RIZKY AGRO MAKMUR,RIZKY AGRO MAKMUR,1,pupuk
PT.WONDERINDO PHARMATAMA,PT.WONDERINDO PHARMATAMA,1,pupuk-legacy
MESS JAYA INDONESIA,MESS JAYA INDONESIA,1,pupuk
BIOCARE INDONESIA LANGGENG,BIOCARE INDONESIA LANGGENG,1,pupuk
JENGGONG MULYA JAYA SENTOSA,JENGGONG MULYA JAYA SENTOSA,1,pupuk
PANEN INTI NUSANTARA,PANEN INTI NUSANTARA,1,pupuk
GUNUNG MAS MAHRAJA GURAH,GUNUNG MAS MAHRAJA GURAH,1,pupuk
SINERGI CATALIS INDONESIA,SINERGI CATALIS INDONESIA,1,pupuk
SOIL AGRO SOLUTION,SOIL AGRO SOLUTION,1,pupuk
PELITA SAWIT NUSANTARA,PELITA SAWIT NUSANTARA,1,pupuk
TANAHMERAH BERKAT BESTARI,TANAHMERAH BERKAT BESTARI,1,pupuk
CV. Subur Makmur Sejahtera,CV. Subur Makmur Sejahtera,1,pupuk-legacy
JAL SANI,JAL SANI,1,pupuk
MANDIRI SAPROTAN JAYA,MANDIRI SAPROTAN JAYA,1,pupuk
PT. Agro Tani Marisi,PT. Agro Tani Marisi,1,pupuk-legacy
MINARET CROWN ENERGY INTERNATIONAL,MINARET CROWN ENERGY INTERNATIONAL,1,pupuk
BULAN BINTANG JAYA,BULAN BINTANG JAYA,1,pupuk
COKRO JOYO MITRA TANI,COKRO JOYO MITRA TANI,1,pupuk
PT. Barokah Pinilih Agrotama,PT. Barokah Pinilih Agrotama,1,pupuk
FITRIINDO LITE,FITRIINDO LITE,1,pupuk
SUPRANUSA INDOGITA,SUPRANUSA INDOGITA,1,pupuk
JAVANICA AGROSCIENCE INDONESIA,JAVANICA AGROSCIENCE INDONESIA,1,pupuk
KAYA ALAM INDUSTRI,KAYA ALAM INDUSTRI,1,pupuk
PRIMA PANCA AGRO,PRIMA PANCA AGRO,1,pupuk
PUPUK INDONESIA NIAGA,PUPUK INDONESIA NIAGA,1,pupuk
PUTRA KEMBAR BINJAI,PUTRA KEMBAR BINJAI,1,pupuk
CV. Agro Santanindo,CV. Agro Santanindo,1,pupuk-legacy
CV. MAKMUR SEMBADA,CV. Makmur Sembada,1,pupuk-legacy
DANGIANG SRI,DANGIANG SRI,1,pupuk
PT HIJAU BUMI INDONESIA,PT HIJAU BUMI INDONESIA,1,pupuk
PABRIK GULA RAJAWALI II,PABRIK GULA RAJAWALI II,1,pupuk
RIZQI SEMESTA,RIZQI SEMESTA,1,pupuk
MAYANGKARA INDO TANAM,MAYANGKARA INDO TANAM,1,pupuk
CAHAYA AGROLEV KENCANA,CAHAYA AGROLEV KENCANA,1,pupuk
MUTU AGROBIOCHEM NUSANTARA,MUTU AGROBIOCHEM NUSANTARA,1,pupuk
GAHENDRA ABADI JAYA,GAHENDRA ABADI JAYA,1,pupuk
PEKEBUN SWADAYA KELAPA SAWIT LABUHANBATU,PEKEBUN SWADAYA KELAPA SAWIT LABUHANBATU,1,pupuk
TAKA SARANA TEKNO,TAKA SARANA TEKNO,1,pupuk
BIO AGRO LESTARI INDONESIA,BIO AGRO LESTARI INDONESIA,1,pupuk
MUTIARA BENIH NUSANTARA,MUTIARA BENIH NUSANTARA,1,pupuk
PETRO BUMI HIJAU GRESIK,PETRO BUMI HIJAU GRESIK,1,pupuk
BARDLIN PRAWARA LOKA,BARDLIN PRAWARA LOKA,1,pupuk
TATA TANI INDONESIA,TATA TANI INDONESIA,1,pupuk
IRQ MAKMUR JAYA,PT. IRQ MAKMUR JAYA,1,pupuk
CV. BUMI NUSANTARA,CV. BUMI NUSANTARA,1,pupuk-legacy
CV JAYA SRI BERSAMA,CV JAYA SRI BERSAMA,1,pupuk-legacy
MAHAMERU ASTANA SRIYA,MAHAMERU ASTANA SRIYA,1,pupuk
BERKAH AUTO SUKSES SEJAHTERA,BERKAH AUTO SUKSES SEJAHTERA,1,pupuk
VIETINDO AGRO LESTARI,PT.Vietindo Agro Lestari,1,pupuk
PT.Vietindo Agro Lestari,PT.Vietindo Agro Lestari,1,pupuk-legacy
SEHAT BUMI SEMESTA,SEHAT BUMI SEMESTA,1,pupuk
CV. BIR ALI JAYA,CV. BIR ALI JAYA,1,pupuk
SUMBER MAKMUR AGROINDO,SUMBER MAKMUR AGROINDO,1,pupuk
PT. FORMULA DISTRIBUSI KIMIA,PT. FORMULA DISTRIBUSI KIMIA,1,pupuk
FORMULA DISTRIBUSI KIMIA,PT. FORMULA DISTRIBUSI KIMIA,1,pupuk
PRATAMA BUANA RAYA,PRATAMA BUANA RAYA,1,pupuk
IRSYAM BINA FLORA,IRSYAM BINA FLORA,1,pupuk
SHANI PURA,SHANI PURA,1,pupuk
AGRO CULTURE,AGRO CULTURE,1,pupuk
MTW LAM BLANG,MTW LAM BLANG,1,pupuk
BUNAYYA AGRI,BUNAYYA AGRI,1,pupuk
BINTANG WARNA,BINTANG WARNA,1,pupuk
SASA INTI,PT SASA INTI,1,pupuk
PT SASA INTI,PT SASA INTI,1,pupuk-legacy
CV. Bintang Berlian,CV. Bintang Berlian,1,pupuk
BINTANG BERLIAN,CV. Bintang Berlian,1,pupuk
ZPT NATURE INDONESIA,ZPT NATURE INDONESIA,1,pupuk
PUTRA KRUENG JREU,PUTRA KRUENG JREU,1,pupuk
JAYA ABADI JAYA,JAYA ABADI JAYA,1,pupuk
PT. BIO MARAJA NUSANTARA,PT. BIO MARAJA NUSANTARA,1,pupuk
KRT GREEN INDONESIA,KRT GREEN INDONESIA,1,pupuk
CV. Bakti Alam Nusantara,CV. Bakti Alam Nusantara,1,pupuk-legacy
CV.MITRA FARM MAJU BERSAMA,CV.MITRA FARM MAJU BERSAMA,1,pupuk
ZEE LORA GLOBAL INTERNASIONAL,ZEE LORA GLOBAL INTERNASIONAL,1,pupuk
WASKITA INTI NUSANTARA,WASKITA INTI NUSANTARA,1,pupuk
CV. Flow Utama Nusantara,CV. Flow Utama Nusantara,1,pupuk
GEMILANG AGRO AGRAMIN,GEMILANG AGRO AGRAMIN,1,pupuk
SOMPOAN SULAWESI SEJAHTERA,SOMPOAN SULAWESI SEJAHTERA,1,pupuk
CV. NOVIE AGRO INDUSTRI,CV. NOVIE AGRO INDUSTRI,1,pupuk-legacy
PETRO BUMI HIJAU,PETRO BUMI HIJAU,1,pupuk
LAWOY BUMI ANUGERAH,LAWOY BUMI ANUGERAH,1,pupuk
CAHAYA BUANA ASIA,CAHAYA BUANA ASIA,1,pupuk
ETHAN GROUP,ETHAN GROUP,1,pupuk
PT. AWAL TIGA MANDIRI,PT. AWAL TIGA MANDIRI,1,pupuk
BIO SAMURAI JAPKORI,BIO SAMURAI JAPKORI,1,pupuk
SUNAN DRAJAT LAMONGAN,SUNAN DRAJAT LAMONGAN,1,pupuk
CEPOGO AGRO LESTARI,CEPOGO AGRO LESTARI,1,pupuk
KARYA BIRU INOVASI,KARYA BIRU INOVASI,1,pupuk
HAYATI MAKMUR INDONESIA,HAYATI MAKMUR INDONESIA,1,pupuk
CV. GAZALA SEJAHTERA MADANI,CV. GAZALA SEJAHTERA MADANI,1,pupuk
CIN KOREA NUSANTARA INDONESIA,CIN KOREA NUSANTARA INDONESIA,1,pupuk
CV JAYA FARMINDO,CV JAYA FARMINDO,1,pupuk
CV. HMS GLOBAL,CV. HMS GLOBAL,1,pupuk
CV. Cipta Agrifarmerindo,CV. Cipta Agrifarmerindo,1,pupuk
WIJAYA SAKTI ABADI AGRIKULTUR,WIJAYA SAKTI ABADI AGRIKULTUR,1,pupuk
BUANA HIJAU PRATAMA,PT Buana Hijau Pratama,1,pupuk
PT Buana Hijau Pratama,PT Buana Hijau Pratama,1,pupuk
BAROKAH TANI JAYA BERSAMA,BAROKAH TANI JAYA BERSAMA,1,pupuk
DAKSA YEKTI PRATAMA,DAKSA YEKTI PRATAMA,1,pupuk
DAVIANDRA NIAGA NUSANTARA,DAVIANDRA NIAGA NUSANTARA,1,pupuk
AGRIMAS CITRA MANDIRI,AGRIMAS CITRA MANDIRI,1,pupuk
KARUNIA AGRI UTAMA,KARUNIA AGRI UTAMA,1,pupuk
MATAHARI AGRI BERSAMA,MATAHARI AGRI BERSAMA,1,pupuk
PT Agri Timur Mas,PT Agri Timur Mas,1,pupuk
AL HADID DUA PULUH,AL HADID DUA PULUH,1,pupuk
MAULANA WIJAYA MANDIRI,MAULANA WIJAYA MANDIRI,1,pupuk
PRODUKSI TERNAK MAJU SEJAHTERA,PRODUKSI TERNAK MAJU SEJAHTERA,1,pupuk
AGRO TANI PERTIWI,AGRO TANI PERTIWI,1,pupuk
POLARIS ORBIT INDONESIA,POLARIS ORBIT INDONESIA,1,pupuk
MEKAR TANI SUKSES,MEKAR TANI SUKSES,1,pupuk
HIDAYAH AGRO MULYA,HIDAYAH AGRO MULYA,1,pupuk
PT. KK Indonesia,PT. KK Indonesia,1,pupuk
KK INDONESIA,PT. KK Indonesia,1,pupuk
PT KREASI SADAWIRA UTAMA,PT KREASI SADAWIRA UTAMA,1,pupuk
GEMA FAJAR NUSANTARA,GEMA FAJAR NUSANTARA,1,pupuk
CV. SUMBER USAHA ABADI,CV. SUMBER USAHA ABADI,1,pupuk
BIOCHEM INTI GLOBAL,BIOCHEM INTI GLOBAL,1,pupuk
PT. Biosindo Mitra Jaya,PT. Biosindo Mitra Jaya,1,pupuk-legacy
ZAHRA INDO GREEN FARMERS,ZAHRA INDO GREEN FARMERS,1,pupuk
WASTEX TECHNOLOGY INDONESIA,WASTEX TECHNOLOGY INDONESIA,1,pupuk
TANI AGRI SUKSES,TANI AGRI SUKSES,1,pupuk
ANUGRAH LESTARI INDONESIA,ANUGRAH LESTARI INDONESIA,1,pupuk
PT. Zamrud Bumi Indonesia,PT. Zamrud Bumi Indonesia,1,pupuk
UD. KASIHAN JAYA,UD. KASIHAN JAYA,1,pupuk
BINA ZHINOFA INDUSTRI,BINA ZHINOFA INDUSTRI,1,pupuk
AUMA MAJU JAYA,AUMA MAJU JAYA,1,pupuk
ANEKA FLORA INDONESIA,ANEKA FLORA INDONESIA,1,pupuk
AGRO BERKAH MANDIRI JAYA,AGRO BERKAH MANDIRI JAYA,1,pupuk
CV ANANTA WINANGUN,CV ANANTA WINANGUN,1,pupuk
CV TOYOPAMA,CV TOYOPAMA,1,pupuk
SATRIA GUNUNG SAKTI,SATRIA GUNUNG SAKTI,1,pupuk
ZEO BENT AGRO,ZEO BENT AGRO,1,pupuk
YORIYUSAKIFA YUKI KOMPOS,YORIYUSAKIFA YUKI KOMPOS,1,pupuk
LEMBAH NUSA ALAM,LEMBAH NUSA ALAM,1,pupuk
SURYA BAHARI PERSADA,SURYA BAHARI PERSADA,1,pupuk
MAKASSAR AGRO MANDIRI,MAKASSAR AGRO MANDIRI,1,pupuk
TELSAP UTAMA,CV. Telsap Utama,1,pupuk
CV. Telsap Utama,CV. Telsap Utama,1,pupuk-legacy
TERRA BARU INDONESIA,TERRA BARU INDONESIA,1,pupuk
CIPTA ALAM MUKTI,CIPTA ALAM MUKTI,1,pupuk
PT. Selaras Alam Sejahtera,PT. Selaras Alam Sejahtera,1,pupuk-legacy
JEMBATAN MERAH INDAH,JEMBATAN MERAH INDAH,1,pupuk
ASRI JAYA RAYA,ASRI JAYA RAYA,1,pupuk
PT. ARTHASIDDHI SUKSES ANUGERAH,PT. ARTHASIDDHI SUKSES ANUGERAH,1,pupuk
ARTHASIDDHI SUKSES ANUGERAH,PT. ARTHASIDDHI SUKSES ANUGERAH,1,pupuk
SEKAR SARI JAYA,SEKAR SARI JAYA,1,pupuk
SRI DIPO NUSWANTORO,PT. Sri Dipo Nuswantoro,1,pupuk
PT. Sri Dipo Nuswantoro,PT. Sri Dipo Nuswantoro,1,pupuk-legacy
MENARA AGRO PRIMA,MENARA AGRO PRIMA,1,pupuk
AGRO MUJIZAT INTEGRASI NUSANTARA,AGRO MUJIZAT INTEGRASI NUSANTARA,1,pupuk
LENTERA KENCANA ABADI,LENTERA KENCANA ABADI,1,pupuk
CV. Bunga Agro Lestari,CV. Bunga Agro Lestari,1,pupuk
BUNGA AGRO LESTARI,CV. Bunga Agro Lestari,1,pupuk
SAMUDRA PUTRA SEJAHTERA,SAMUDRA PUTRA SEJAHTERA,1,pupuk
SARI TANI,SARI TANI,1,pupuk
BUMI MAKMUR SEJAHTERA LAMONGAN,BUMI MAKMUR SEJAHTERA LAMONGAN,1,pupuk
CV. PESANGGEM MITRA ABADI,CV. PESANGGEM MITRA ABADI,1,pupuk-legacy
CHRISTDO TITIAN JAYA,CV. Christdo Titian Jaya,1,pupuk
CV. Christdo Titian Jaya,CV. Christdo Titian Jaya,1,pupuk-legacy
BLANG RAYA INDO,BLANG RAYA INDO,1,pupuk
SINAR BUKIT SIAUR,SINAR BUKIT SIAUR,1,pupuk
AGRI NUSA TANI,AGRI NUSA TANI,1,pupuk
PUTRA MAKMUR BERJAYA,PUTRA MAKMUR BERJAYA,1,pupuk
TRASH FORMER INDONESIA,TRASH FORMER INDONESIA,1,pupuk
PETERNAKAN MAJU BERSAMA,PETERNAKAN MAJU BERSAMA,1,pupuk
SUSIANTO TANUDJAJA,SUSIANTO TANUDJAJA,1,pupuk
ARPINDO PERKASA,ARPINDO PERKASA,1,pupuk
AGROJAYA LESTARI,AGROJAYA LESTARI,1,pupuk
SUWARNI GLOBAL PERSADA,SUWARNI GLOBAL PERSADA,1,pupuk
JAVA INDAH,CV. JAVA INDAH,1,pupuk
CV. JAVA INDAH,CV. JAVA INDAH,1,pupuk-legacy
GHM FARM TECH,GHM FARM TECH,1,pupuk
NAGAMAS ARIF SEJATI,NAGAMAS ARIF SEJATI,1,pupuk
FERTILE ECOGREEN INDONESIA,FERTILE ECOGREEN INDONESIA,1,pupuk
SARI SUBUR LANGGENG JAYA,SARI SUBUR LANGGENG JAYA,1,pupuk
J.J TIGA PUTRI AGRICA,J.J TIGA PUTRI AGRICA,1,pupuk
MEGA KARYA GRESIK,MEGA KARYA GRESIK,1,pupuk
KOPERASI PRODUSEN KARYA NUGRAHA JAYA KUNINGAN,KOPERASI PRODUSEN KARYA NUGRAHA JAYA KUNINGAN,1,pupuk
RIAU TANI BERSATU,RIAU TANI BERSATU,1,pupuk
KEMINDO INTERNATIONAL,KEMINDO INTERNATIONAL,1,pupuk
PETROKIMIA GRESIK INDONESIA,PETROKIMIA GRESIK INDONESIA,1,pupuk
PT FIRDAUS BERJAYA INDAH,PT FIRDAUS BERJAYA INDAH,1,pupuk
FIDEC CIRCLE INDONESIA,FIDEC CIRCLE INDONESIA,1,pupuk
DUA RODA AGRO TERPADU,DUA RODA AGRO TERPADU,1,pupuk
DJUARA TANI NUSANTARA,DJUARA TANI NUSANTARA,1,pupuk
PUTRA SIHOBON JAYA,PUTRA SIHOBON JAYA,1,pupuk
CV. KIAT AGRO MANDIRI,CV. KIAT AGRO MANDIRI,1,pupuk
HARVANITA AGRO NUSA,HARVANITA AGRO NUSA,1,pupuk
ANTASENA TAMBANG MAKMUR,ANTASENA TAMBANG MAKMUR,1,pupuk
DUA POETRA JAYA AGROLINK,DUA POETRA JAYA AGROLINK,1,pupuk
BERKAH SUKSES TEKNOLOGI,BERKAH SUKSES TEKNOLOGI,1,pupuk
WILMA RAGAM INFOPEN,WILMA RAGAM INFOPEN,1,pupuk
RIAU PRIMA ENERGI,RIAU PRIMA ENERGI,1,pupuk
DUPA WANGI FERTILINDO,DUPA WANGI FERTILINDO,1,pupuk
SUMBER BERKAH AGRO SANTOSA,SUMBER BERKAH AGRO SANTOSA,1,pupuk
TERRA AGRO PERSADA,TERRA AGRO PERSADA,1,pupuk
CV. Mino Tangguh Mandiri,CV. Mino Tangguh Mandiri,1,pupuk
DELTA ANUGRAH SUBUR SEJAHTERA,DELTA ANUGRAH SUBUR SEJAHTERA,1,pupuk
ZHEN TIAN WANG SOUTH EAST ASIA BIOLOGICAL TECHNOLOGY,ZHEN TIAN WANG SOUTH EAST ASIA BIOLOGICAL TECHNOLOGY,1,pupuk
SATYALOKA PARAMA SIDHI,SATYALOKA PARAMA SIDHI,1,pupuk
BIO POLLEN INDONESIA,BIO POLLEN INDONESIA,1,pupuk
YUKI MINERALINDO PERSADA,YUKI MINERALINDO PERSADA,1,pupuk
WIDAYA AGROKIMIA NUSANTARA,WIDAYA AGROKIMIA NUSANTARA,1,pupuk
KENCANA BHUMI SELARAS,KENCANA BHUMI SELARAS,1,pupuk
TRION GENI UTAMA NUSANTARA,TRION GENI UTAMA NUSANTARA,1,pupuk
CV. Anugerah Prima Lestari,CV. Anugerah Prima Lestari,1,pupuk
ARIF FIZAH FERTILIZER,ARIF FIZAH FERTILIZER,1,pupuk
AGROSMART,AGROSMART,1,pupuk
HUMUS AGRO LESTARI,HUMUS AGRO LESTARI,1,pupuk
NIAGA RAYA,NIAGA RAYA,1,pupuk
SANG SURYA INDAH,SANG SURYA INDAH,1,pupuk
PETROTECH INDO ENGINEERING,PETROTECH INDO ENGINEERING,1,pupuk
ALGATROPIA INDONESIA RAYA,ALGATROPIA INDONESIA RAYA,1,pupuk
MITRA CIPTA AGRO,PT.MITRA CIPTA AGRO,1,pupuk
WIJIMAS AGRI LESTARI,WIJIMAS AGRI LESTARI,1,pupuk
PASAROA KREASI ANAK NEGERI,PASAROA KREASI ANAK NEGERI,1,pupuk
EMJ AGRO NUSANTARA,EMJ AGRO NUSANTARA,1,pupuk
GLOBAL ALAM PERKASA GRUP,GLOBAL ALAM PERKASA GRUP,1,pupuk
CV. APDIL APDILAH SUPER BUAH,CV. APDIL APDILAH SUPER BUAH,1,pupuk
APDIL APDILAH SUPER BUAH,CV. APDIL APDILAH SUPER BUAH,1,pupuk
KELAPA NUSANTARA GROP,KELAPA NUSANTARA GROP,1,pupuk
PERFEKTA LINTAS SEMESTA,PERFEKTA LINTAS SEMESTA,1,pupuk
SERASI MAHARAYA INDONESIA,SERASI MAHARAYA INDONESIA,1,pupuk
SEMESTA ALAM INDO,SEMESTA ALAM INDO,1,pupuk
ST UNGGUL JAYA,ST UNGGUL JAYA,1,pupuk
AGRANAS KARYA MANDIRI,AGRANAS KARYA MANDIRI,1,pupuk
AGRO NIAGA SEJATI,CV Agro Niaga Sejati,1,pupuk
SULTAN AGRO NUSANTARA,SULTAN AGRO NUSANTARA,1,pupuk
PT. AGRO TANI MAJU SEJAHTERA,PT. AGRO TANI MAJU SEJAHTERA,1,pupuk-legacy
PUTRA ABIMANYU UTAMA,PUTRA ABIMANYU UTAMA,1,pupuk
LIM KOEI HOCK/UD SALIM JAYA,LIM KOEI HOCK/UD SALIM JAYA,1,pupuk
PT CENTRANUSA INTI PRIMA INDUSTRY,PT CENTRANUSA INTI PRIMA INDUSTRY,1,pupuk
SANG SURYA BERSINAR,SANG SURYA BERSINAR,1,pupuk
SARANA DAUN HIJAU,SARANA DAUN HIJAU,1,pupuk
PT. GRESIK NUSANTARA FERTILIZER,PT. GRESIK NUSANTARA FERTILIZER,1,pupuk
PT. HARAKU JAYA SINERGY,PT. HARAKU JAYA SINERGY,1,pupuk
ABU NAWAS MEU ADAB,ABU NAWAS MEU ADAB,1,pupuk
TEKNO ORGANIK PAPUA,TEKNO ORGANIK PAPUA,1,pupuk
CATUR INTI PERSADA,CATUR INTI PERSADA,1,pupuk
TIRTA MITRA PRATAMA,TIRTA MITRA PRATAMA,1,pupuk
GAPOKTAN SUKA MAKMUR,GAPOKTAN SUKA MAKMUR,1,pupuk
MPS ORGANIK SUPER,MPS ORGANIK SUPER,1,pupuk
SUMBER RAYA,SUMBER RAYA,1,pupuk
CLAREXINDO MAKMUR SEJAHTERA,CLAREXINDO MAKMUR SEJAHTERA,1,pupuk
NUANSA INDORAYA PERKASA,PT. NUANSA INDORAYA PERKASA,1,pupuk
PT. NUANSA INDORAYA PERKASA,PT. NUANSA INDORAYA PERKASA,1,pupuk
PT. Multidaya Putra Sejahtera,PT. Multidaya Putra Sejahtera,1,pupuk-legacy
ALAM KIMIA BLITZ PERKASA,ALAM KIMIA BLITZ PERKASA,1,pupuk
NIAGA BERKAH ANUGRAH,NIAGA BERKAH ANUGRAH,1,pupuk
CV. Subur Makmur Nusantara,CV. Subur Makmur Nusantara,1,pupuk
QL AGROFOOD,PT. QL Agrofood,1,pupuk
PT. QL Agrofood,PT. QL Agrofood,1,pupuk-legacy
INTI MINERAL INDUSTRI,INTI MINERAL INDUSTRI,1,pupuk
BATARAGENI KARYA MANDIRI,BATARAGENI KARYA MANDIRI,1,pupuk
PERDANA AGRO PERSADA,PERDANA AGRO PERSADA,1,pupuk
AGRO INDO MANDIRI,AGRO INDO MANDIRI,1,pupuk
TRI HARMONI ABADI,TRI HARMONI ABADI,1,pupuk
CV.BERNAS ANDALAN SEJATI,CV.BERNAS ANDALAN SEJATI,1,pupuk
PANCA MULYA TANIMAS LESTARI,PANCA MULYA TANIMAS LESTARI,1,pupuk
AGRO LESTARINDO,AGRO LESTARINDO,1,pupuk
CV. Deka Agro Product,CV. Deka Agro Product,1,pupuk-legacy
BAROKAH ABADI TANI,BAROKAH ABADI TANI,1,pupuk
DNA TECHNOLOGY INDUSTRI,DNA TECHNOLOGY INDUSTRI,1,pupuk
CV AGRO SENTOSA ABADI,CV AGRO SENTOSA ABADI,1,pupuk
CV. LESTARI INTI AGRO,CV. LESTARI INTI AGRO,1,pupuk
CV MARZUQ,CV MARZUQ,1,pupuk-legacy
HIDAYAT BINTANG ASIA,HIDAYAT BINTANG ASIA,1,pupuk
MORAWA ORGANIK,MORAWA ORGANIK,1,pupuk
PT Biodiversitas Bioteknologi Indonesia,PT Biodiversitas Bioteknologi Indonesia,1,pupuk
TIGA KREASI BERSAMA,TIGA KREASI BERSAMA,1,pupuk
PT. BERKAT KARUNIA DAMAI,PT. BERKAT KARUNIA DAMAI,1,pupuk
SAHABAT TANI TV,SAHABAT TANI TV,1,pupuk
MEKAR SARI JAYA,MEKAR SARI JAYA,1,pupuk
ASPA SEMBILAN TUJUH FARMER INDUSTRY,ASPA SEMBILAN TUJUH FARMER INDUSTRY,1,pupuk
CV. ZEO BENT INDONESIA,CV. ZEO BENT INDONESIA,1,pupuk
BHETOCHAR ENERGI NUSANTARA,BHETOCHAR ENERGI NUSANTARA,1,pupuk
YKB MERAH PUTIH,YKB MERAH PUTIH,1,pupuk
BATARA SUBUR TANI,BATARA SUBUR TANI,1,pupuk
MONTREAL JAYA INDO,MONTREAL JAYA INDO,1,pupuk
KUR AGRO LESTARI,KUR AGRO LESTARI,1,pupuk
SURYAPRATAMA CITRALESTARI,SURYAPRATAMA CITRALESTARI,1,pupuk
MUKTI GRAHA PERKASA,MUKTI GRAHA PERKASA,1,pupuk
INDO FERT CORP,INDO FERT CORP,1,pupuk
CV. Rimba Jaya,CV. Rimba Jaya,1,pupuk
GRESIK GOLD BLESSING,GRESIK GOLD BLESSING,1,pupuk
LAHAN MAS MEKAR,LAHAN MAS MEKAR,1,pupuk
SEMBILAN JAYA ABADI RESOURCES,SEMBILAN JAYA ABADI RESOURCES,1,pupuk
ARTA PUTRI,CV. Arta Putri,1,pupuk
CV. Arta Putri,CV. Arta Putri,1,pupuk-legacy
CV. PRIMA SAKTI,CV. PRIMA SAKTI,1,pupuk
BUKIT MAS MURTI PERSADA,PT Bukit Mas Murti Persada,1,pupuk
PT Bukit Mas Murti Persada,PT Bukit Mas Murti Persada,1,pupuk-legacy
BERKAH BUMI BARU,BERKAH BUMI BARU,1,pupuk
NS CROPS ORGANIC,NS CROPS ORGANIC,1,pupuk
ALOVE BALI IND,ALOVE BALI IND,1,pupuk
JASARESI MANDIRI,JASARESI MANDIRI,1,pupuk
PT. SETIA ALAM SINERGI,PT. SETIA ALAM SINERGI,1,pupuk
TRIASPUTRA AGRO MAJU SEJAHTERA,TRIASPUTRA AGRO MAJU SEJAHTERA,1,pupuk
BUMI SRIWIJAYA INDONESIA,BUMI SRIWIJAYA INDONESIA,1,pupuk
BERSAMA AGRI MAKMUR,BERSAMA AGRI MAKMUR,1,pupuk
PT Cipta Ulang Sumberdaya Indonesia,PT Cipta Ulang Sumberdaya Indonesia,1,pupuk
DEWI MURNI SAMPURNA,DEWI MURNI SAMPURNA,1,pupuk
TRANS BUMI SUBUR SEJAHTERA,TRANS BUMI SUBUR SEJAHTERA,1,pupuk
WINON INTERNATIONAL,PT. Winon International,1,pupuk
UD Jonhson,UD Jonhson,1,pupuk
MAJJAMA AGRO INDUSTRI,MAJJAMA AGRO INDUSTRI,1,pupuk
MEGA KIMIA INDUSTRI,MEGA KIMIA INDUSTRI,1,pupuk
TUNAS MAKMUR JAYA ABADI,PT Tunas Makmur Jaya Abadi,1,pupuk
PT Tunas Makmur Jaya Abadi,PT Tunas Makmur Jaya Abadi,1,pupuk-legacy
AGROABADI MAKMUR PERSADA,PT. AGROABADI MAKMUR PERSADA,1,pupuk
MITRA TANINDO,MITRA TANINDO,1,pupuk
DEWADARU KARYAUTAMA JAYA,DEWADARU KARYAUTAMA JAYA,1,pupuk
INFINITI SUMBER ALAM,INFINITI SUMBER ALAM,1,pupuk
TUNAS LESTARI ALAM INDAH,TUNAS LESTARI ALAM INDAH,1,pupuk
PRAMUDITA DARYA PARMA,PT.PRAMUDITA DARYA PARMA,1,pupuk
PT.PRAMUDITA DARYA PARMA,PT.PRAMUDITA DARYA PARMA,1,pupuk-legacy
LIBO FARMING,LIBO FARMING,1,pupuk
PT DYNAPHARM NUSANTARA GEMILANG,PT DYNAPHARM NUSANTARA GEMILANG,1,pupuk
SAMOR ARGA MAKMUR,SAMOR ARGA MAKMUR,1,pupuk
INTIDAYA AGROLESTARI,PT. Intidaya Agrolestari,1,pupuk
PT. Intidaya Agrolestari,PT. Intidaya Agrolestari,1,pupuk-legacy
CV.JABAL REZKI,CV.JABAL REZKI,1,pupuk
ZENTIDE BIOTEKNOLOGI GLOBAL,ZENTIDE BIOTEKNOLOGI GLOBAL,1,pupuk
CIWANGI NUTRISI TANAMAN,CIWANGI NUTRISI TANAMAN,1,pupuk
ARJUNA GRESIK BUMI PERKASA,ARJUNA GRESIK BUMI PERKASA,1,pupuk
PT. NUSANTARA AGRO FARMA,PT. NUSANTARA AGRO FARMA,1,pupuk
NUSANTARA AGRO FARMA,PT. NUSANTARA AGRO FARMA,1,pupuk
CANTIGA,CANTIGA,1,pupuk
MANDIRI CEMERLANG ABADI,MANDIRI CEMERLANG ABADI,1,pupuk
SEDAYA AGRO,SEDAYA AGRO,1,pupuk
PT UNGGUL SEJAHTERA PERTANIAN,PT UNGGUL SEJAHTERA PERTANIAN,1,pupuk
PELITA SUSUN BENTANG ORGANIK,PELITA SUSUN BENTANG ORGANIK,1,pupuk
PT GLOBAL GROWTH,PT GLOBAL GROWTH,1,pupuk
PRINALTIA JUNTA PERKASA,PRINALTIA JUNTA PERKASA,1,pupuk
BELERANG GUNUNG KAWAH IJEN,BELERANG GUNUNG KAWAH IJEN,1,pupuk
INSAN LESTARI,INSAN LESTARI,1,pupuk
MUNCUL BERKAH TANI,MUNCUL BERKAH TANI,1,pupuk
UD. HARAPAN ABADI,UD. HARAPAN ABADI,1,pupuk
PABRIK GULA RAJAWALI I,PABRIK GULA RAJAWALI I,1,pupuk
ZAQ INDONESIA,ZAQ INDONESIA,1,pupuk
SURYA SEMI SENTOSA,SURYA SEMI SENTOSA,1,pupuk
BIOKLANTEK NUSANTARA,BIOKLANTEK NUSANTARA,1,pupuk
GEUSAN WIRA PERKASA,GEUSAN WIRA PERKASA,1,pupuk
DAVARI ANUGERAH SEJAHTERA,DAVARI ANUGERAH SEJAHTERA,1,pupuk
PT. Kemoza Mandiri Grup,PT. Kemoza Mandiri Grup,1,pupuk
PT Dunia Kimia Jaya,PT Dunia Kimia Jaya,1,pupuk-legacy
WIRA ADHI SATYA PERTIWI,WIRA ADHI SATYA PERTIWI,1,pupuk
BUMI LAVANAA AGRO INDUSTRI,BUMI LAVANAA AGRO INDUSTRI,1,pupuk
BIO BATARA JAYA,BIO BATARA JAYA,1,pupuk
WILIS MULYO NUSWANTORO JOYO,WILIS MULYO NUSWANTORO JOYO,1,pupuk
INDOHAYATI AGRO SEJAHTERA,INDOHAYATI AGRO SEJAHTERA,1,pupuk
RAHMA JAYA,CV. Rahma Jaya,1,pupuk
PT. BLANG THOEI LUAH,PT. BLANG THOEI LUAH,1,pupuk
CV. Marson Syah,CV. Marson Syah,1,pupuk
HAFISA ANUGERAH MAKMUR,HAFISA ANUGERAH MAKMUR,1,pupuk
TRUBUS MAS LESTARI,CV Trubus Mas Lestari,1,pupuk
CV Trubus Mas Lestari,CV Trubus Mas Lestari,1,pupuk
IKASHI SABDA AGUNG,IKASHI SABDA AGUNG,1,pupuk
NAVATI GEMILANG MANDIRI,NAVATI GEMILANG MANDIRI,1,pupuk
TATANAN ALAM SEGAR,TATANAN ALAM SEGAR,1,pupuk
ARGO WIRA BUANA,ARGO WIRA BUANA,1,pupuk
IJO,IJO,1,pupuk
SINAR JAYA SAE,SINAR JAYA SAE,1,pupuk
BIO NUSA LESTARI,BIO NUSA LESTARI,1,pupuk
MUTIARA ZIOSOVIQ,MUTIARA ZIOSOVIQ,1,pupuk
RAMBATE RATAHAYU,RAMBATE RATAHAYU,1,pupuk
DEWI,CV. Dewi,1,pupuk
CV. Dewi,CV. Dewi,1,pupuk-legacy
SUMBER PANGAN GRESIK,SUMBER PANGAN GRESIK,1,pupuk
KUDJANG PUTRA PRATAMA,KUDJANG PUTRA PRATAMA,1,pupuk
ADHI MANGGALA,ADHI MANGGALA,1,pupuk
FAN JAYA MANUNGGAL,FAN JAYA MANUNGGAL,1,pupuk
AGROTANI,CV.AGROTANI,1,pupuk
CV.AGROTANI,CV.AGROTANI,1,pupuk-legacy
NAWASENA UNGGUL SANTOSA,NAWASENA UNGGUL SANTOSA,1,pupuk
KARYA ALAM SUKSES,PT. KARYA ALAM SUKSES,1,pupuk
PT. KARYA ALAM SUKSES,PT. KARYA ALAM SUKSES,1,pupuk
MADUBARU,MADUBARU,1,pupuk
PUTRA JAYA RAHARJA,PUTRA JAYA RAHARJA,1,pupuk
SURYA NUSA PERKASA,SURYA NUSA PERKASA,1,pupuk
HERKREASI,HERKREASI,1,pupuk
VALENTA JAYA BERSAMA,VALENTA JAYA BERSAMA,1,pupuk
PT. LAJU PERSADA UTAMA,PT. LAJU PERSADA UTAMA,1,pupuk
CV. RIAU AGROFERT,CV. RIAU AGROFERT,1,pupuk
ANAGATA AGRO ABADI,ANAGATA AGRO ABADI,1,pupuk
ARINAKI MULIA BERSAMA,ARINAKI MULIA BERSAMA,1,pupuk
RIMBA ALAM NUSANTARA,RIMBA ALAM NUSANTARA,1,pupuk
CLEAN AND WELL PACK INDONESIA,CLEAN AND WELL PACK INDONESIA,1,pupuk
PT. DAHLIAH DUTA UTAMA,PT. DAHLIAH DUTA UTAMA,1,pupuk
DAHLIAH DUTA UTAMA,PT. DAHLIAH DUTA UTAMA,1,pupuk
BIN ZEIN AGRICULTURE,BIN ZEIN AGRICULTURE,1,pupuk
BERLIAN ANUGERAH JAYA,BERLIAN ANUGERAH JAYA,1,pupuk
HUMACARE INDONESIA ABADI,HUMACARE INDONESIA ABADI,1,pupuk
CV. MANUNGGAL ABADI SENTOSA,CV MANUNGGAL ABADI SENTOSA,1,pupuk
CV MANUNGGAL ABADI SENTOSA,CV MANUNGGAL ABADI SENTOSA,1,pupuk-legacy
HERDANIC AFDA DIHESA,HERDANIC AFDA DIHESA,1,pupuk
CV. INDAH PRATAMA SARI,CV. INDAH PRATAMA SARI,1,pupuk
SEMANGAT BERSAMA ENTREPRENEURSHIP,SEMANGAT BERSAMA ENTREPRENEURSHIP,1,pupuk
ARMAFAN BAKTI SESAMA,ARMAFAN BAKTI SESAMA,1,pupuk
LEGASI ALAM INDONESIA,LEGASI ALAM INDONESIA,1,pupuk
"TANI JAYA, UD","TANI JAYA, UD",1,pupuk
GUNUNG DONO PUTRA,CV. Gunung Dono Putra,1,pupuk
CV. Gunung Dono Putra,CV. Gunung Dono Putra,1,pupuk-legacy
DELTA FORTUNA,CV. DELTA FORTUNA,1,pupuk
CV. DELTA FORTUNA,CV. DELTA FORTUNA,1,pupuk-legacy
ALAM SEMESTA TEKHNOVASI,ALAM SEMESTA TEKHNOVASI,1,pupuk
BENATA,BENATA,1,pupuk
ANDALAS DOLOMIT SEJAHTERA,ANDALAS DOLOMIT SEJAHTERA,1,pupuk
NUSANTARA TETAP JAYA,NUSANTARA TETAP JAYA,1,pupuk
BASIMBAH TANI SYAHDILATA,BASIMBAH TANI SYAHDILATA,1,pupuk
SUMBER MULYA GRAND ORGANIK,SUMBER MULYA GRAND ORGANIK,1,pupuk
MITRA GRESIK INDONESIA,PT. Mitra Gresik Indonesia,1,pupuk
PT. Mitra Gresik Indonesia,PT. Mitra Gresik Indonesia,1,pupuk-legacy
EMIRA AGRITANI,EMIRA AGRITANI,1,pupuk
ASIA PACIFIC MARKETING INTERNATIONAL,ASIA PACIFIC MARKETING INTERNATIONAL,1,pupuk
ASIA PACIFIC RAYON,ASIA PACIFIC RAYON,1,pupuk
CV. PONDANGI,CV. PONDANGI,1,pupuk
DUTA AGRO LESTARI,DUTA AGRO LESTARI,1,pupuk
PUPUK KELAPA SAWIT JAYA,PT PUPUK KELAPA SAWIT JAYA,1,pupuk
PT PUPUK KELAPA SAWIT JAYA,PT PUPUK KELAPA SAWIT JAYA,1,pupuk-legacy
PT Bursatani Global Niaga,PT Bursatani Global Niaga,1,pupuk-legacy
CV. Argo Pundi Lestari,CV. Argo Pundi Lestari,1,pupuk
MAHKOTA JAYA RAYA,MAHKOTA JAYA RAYA,1,pupuk
JAYA MAKMUR SENTAUSA,CV. Jaya Makmur Sentausa,1,pupuk
PUTRO JOYO GROUP,PUTRO JOYO GROUP,1,pupuk
PT. POLOWIJO GRAHA NIAGA,PT. POLOWIJO GRAHA NIAGA,1,pupuk
TASMA PUJA,TASMA PUJA,1,pupuk
CV. BINA AGRO PACIFIC,CV. BINA AGRO PACIFIC,1,pupuk
BUMI MAKMUR,BUMI MAKMUR,1,pupuk
EKOTANI SINAR ANUGERAH,EKOTANI SINAR ANUGERAH,1,pupuk
LAMPOH LADA,LAMPOH LADA,1,pupuk
GROWING PLANTS INTERNASIONAL,GROWING PLANTS INTERNASIONAL,1,pupuk
ALAMI ORION AGROTAMA,ALAMI ORION AGROTAMA,1,pupuk
CV. Sinar Agro Sejati,CV. Sinar Agro Sejati,1,pupuk
ENERGI AGRO NUSANTARA,ENERGI AGRO NUSANTARA,1,pupuk
DASA VAYU ALAM SARI,DASA VAYU ALAM SARI,1,pupuk
NETA AGRINDO SANTOSA,NETA AGRINDO SANTOSA,1,pupuk
BIMA JAYA FARM,BIMA JAYA FARM,1,pupuk
BANGBARA SADULUR MAKMUR,BANGBARA SADULUR MAKMUR,1,pupuk
KOPERASI PRODUSEN BRAHMAN SEJAHTERA SUBANG,KOPERASI PRODUSEN BRAHMAN SEJAHTERA SUBANG,1,pupuk
JAYA PERKASA,JAYA PERKASA,1,pupuk
EVA SUKSES MAKMUR,EVA SUKSES MAKMUR,1,pupuk
DARMAWANGSA PUTRA,DARMAWANGSA PUTRA,1,pupuk
RIZKI FERTILA SEJAHTERA,RIZKI FERTILA SEJAHTERA,1,pupuk
PT Tri Dharma Internasional,PT Tri Dharma Internasional,1,pupuk
CV. Putri Gresik,CV. Putri Gresik,1,pupuk
RODAME INDONESIA,RODAME INDONESIA,1,pupuk
PESONA HERBAL INDONESIA,PESONA HERBAL INDONESIA,1,pupuk
KARYA MANUNGGAL JAYA,KARYA MANUNGGAL JAYA,1,pupuk
CV. AL HADID 20,CV. AL HADID 20,1,pupuk
BERKAH ALAM GEMILANG,BERKAH ALAM GEMILANG,1,pupuk
HAYATI MAKMUR NUSANTARA,HAYATI MAKMUR NUSANTARA,1,pupuk
SEJAHTERA ABADI,CV. Sejahtera Abadi,1,pupuk
CV. Sejahtera Abadi,CV. Sejahtera Abadi,1,pupuk-legacy
BIOTEK AGRI LESTARI,BIOTEK AGRI LESTARI,1,pupuk
ARWANA TANI MAKMUR,ARWANA TANI MAKMUR,1,pupuk
TIRTA UTAMA GLOBAL,TIRTA UTAMA GLOBAL,1,pupuk
OMTEC PRIMA MANDIRI,OMTEC PRIMA MANDIRI,1,pupuk
MULIA REZEKI ABADI,MULIA REZEKI ABADI,1,pupuk
PT. Agri Jaya Manggala,PT. Agri Jaya Manggala,1,pupuk-legacy
NUTRISI INDONESIA RAYA,NUTRISI INDONESIA RAYA,1,pupuk
TRIJAYA ANUGRAH SENTOSA,TRIJAYA ANUGRAH SENTOSA,1,pupuk
Yayasan Pemilahan Sampah Temesi,Yayasan Pemilahan Sampah Temesi,1,pupuk
DHARMA PERTIWI,DHARMA PERTIWI,1,pupuk
PT.LINTAS INDO SEJAHTERA,PT.LINTAS INDO SEJAHTERA,1,pupuk
BIO DITA ORGANIK,BIO DITA ORGANIK,1,pupuk
GREEN PHOSKA SEJAHTERA,GREEN PHOSKA SEJAHTERA,1,pupuk
CV. CEMIKA OPTIMA,CV. CEMIKA OPTIMA,1,pupuk
PT. BIO INOVASINDO HAYATI,PT. BIO INOVASINDO HAYATI,1,pupuk
PT.Madura Guano,PT.Madura Guano,1,pupuk
KELOMPOK USAHA BERSAMA SIDO TENTREM,KELOMPOK USAHA BERSAMA SIDO TENTREM,1,pupuk
KUMISIK BERKAH SEJAHTERA,KUMISIK BERKAH SEJAHTERA,1,pupuk
SUPER GRADE ROSINDO,SUPER GRADE ROSINDO,1,pupuk
MAHAJAYA MULTI SINERGI,MAHAJAYA MULTI SINERGI,1,pupuk
PT. Hikari Agro Indonesia,PT. Hikari Agro Indonesia,1,pupuk
PT DIANATA ADIKARYA SENTOSA,PT DIANATA ADIKARYA SENTOSA,1,pupuk
COKRO JOYO PASTI CUAN,COKRO JOYO PASTI CUAN,1,pupuk
SOLUSI AGRONUSA PRATAMA,SOLUSI AGRONUSA PRATAMA,1,pupuk
MINERAL JAYA ALAM NUSANTARA,MINERAL JAYA ALAM NUSANTARA,1,pupuk
BAHAGIA JAYA SINERGY,PT. Bahagia Jaya Sinergy,1,pupuk
PT. Bahagia Jaya Sinergy,PT. Bahagia Jaya Sinergy,1,pupuk-legacy
SURYA BUMI ADILMAKMUR,SURYA BUMI ADILMAKMUR,1,pupuk
SIMAR ALAM BERKAH,SIMAR ALAM BERKAH,1,pupuk
CV BIO SENTRATAMA,CV BIO SENTRATAMA,1,pupuk
ANUGRAHA ALAM SENTOSA,PT. ANUGRAHA ALAM SENTOSA,1,pupuk
PT. ANUGRAHA ALAM SENTOSA,PT. ANUGRAHA ALAM SENTOSA,1,pupuk
ESA ILHAM PERSADA,ESA ILHAM PERSADA,1,pupuk
MARCO JAYA SEJAHTERA,MARCO JAYA SEJAHTERA,1,pupuk
MITRA TEMASEK NUSANTARA,MITRA TEMASEK NUSANTARA,1,pupuk
AURORA SABANGSATIA,AURORA SABANGSATIA,1,pupuk
CIPTA MAKMUR BERSAMA,CIPTA MAKMUR BERSAMA,1,pupuk
PT.BINTANG ANANDA MANDIRI,PT.BINTANG ANANDA MANDIRI,1,pupuk
EMINEN GLOBALINDO RAYA,EMINEN GLOBALINDO RAYA,1,pupuk
ADAMAS ASABHUMI,PT. ADAMAS ASABHUMI,1,pupuk
PT. ADAMAS ASABHUMI,PT. ADAMAS ASABHUMI,1,pupuk-legacy
SENTRA PETERNAKAN RAKYAT (SPR),SENTRA PETERNAKAN RAKYAT (SPR),1,pupuk
ORGANIC FARMING INDONESIA,CV. Organic Farming Indonesia,1,pupuk
CV. Organic Farming Indonesia,CV. Organic Farming Indonesia,1,pupuk-legacy
MADA PUTRA NUSANTARA,MADA PUTRA NUSANTARA,1,pupuk
AGROTIS GAIA INDONESIA,AGROTIS GAIA INDONESIA,1,pupuk
ULI AGRO MAKMUR,ULI AGRO MAKMUR,1,pupuk
EBISU GLOBALTRADING INDONESIA,EBISU GLOBALTRADING INDONESIA,1,pupuk
CAKRA DHARMA USAHA,CAKRA DHARMA USAHA,1,pupuk
SAUNG AGRO NUSANTARA,SAUNG AGRO NUSANTARA,1,pupuk
BIAN JAYA MAKMUR,BIAN JAYA MAKMUR,1,pupuk
MAJU JAYA,MAJU JAYA,1,pupuk
REGENERASI KEHIDUPAN NUSANTARA,REGENERASI KEHIDUPAN NUSANTARA,1,pupuk
PT BANDUNG ECO SINERGI TEKNOLOGI,PT BANDUNG ECO SINERGI TEKNOLOGI,1,pupuk
NAZRAH AGRO MANDIRI,NAZRAH AGRO MANDIRI,1,pupuk
TIARA AGRO HITA KENCANA,TIARA AGRO HITA KENCANA,1,pupuk
PALAPA GRESIK,PALAPA GRESIK,1,pupuk
PANGAN INDO MAJU ABADI,PANGAN INDO MAJU ABADI,1,pupuk
PT. Anugerah Sarana Hayati,PT. Anugerah Sarana Hayati,1,pupuk
PT. Sri Munarti Supakat Indoputra,PT. Sri Munarti Supakat Indoputra,1,pupuk
BUKIT KAPUR ALAM RAYA,BUKIT KAPUR ALAM RAYA,1,pupuk
CV. ANUGERAH BERSAMA,CV. ANUGERAH BERSAMA,1,pupuk
INOVASI ANAK INDONESIA,INOVASI ANAK INDONESIA,1,pupuk
CITRA ANUGRAH MALINOTAMA,CITRA ANUGRAH MALINOTAMA,1,pupuk
AGRO GALBA RABUKA,AGRO GALBA RABUKA,1,pupuk
PT. BIOTEK AGRO INDONESIA,PT. BIOTEK AGRO INDONESIA,1,pupuk
PERSADA HIJAU,PERSADA HIJAU,1,pupuk
SUMINDO,SUMINDO,1,pupuk
HARVEST BERKAH ABADI,HARVEST BERKAH ABADI,1,pupuk
AGRO INVESTAMA LESTARI,AGRO INVESTAMA LESTARI,1,pupuk
PUPUK AGRO JAYA,PUPUK AGRO JAYA,1,pupuk
PUTRA KURNIA MAS,PUTRA KURNIA MAS,1,pupuk
PT KIBO AGRI JAYA,PT KIBO AGRI JAYA,1,pupuk
MAHA DWIPA NUSANTARA,MAHA DWIPA NUSANTARA,1,pupuk
SEPAKAT GLOBAL,SEPAKAT GLOBAL,1,pupuk
MAKMUR BUMI ABADI,MAKMUR BUMI ABADI,1,pupuk
NIRANKARA MAKMUR AGRO,NIRANKARA MAKMUR AGRO,1,pupuk
TAWANG AGRO FARM,TAWANG AGRO FARM,1,pupuk
PT. NUSA BERKAT ALAM,PT. NUSA BERKAT ALAM,1,pupuk-legacy
PESONA PETANI NUSANTARA,PESONA PETANI NUSANTARA,1,pupuk
GALIH JATI,GALIH JATI,1,pupuk
TIMAN AGUNG,TIMAN AGUNG,1,pupuk
BANGKIT SOLUSI AGRINDO,BANGKIT SOLUSI AGRINDO,1,pupuk
HARI AGRO HAYATI,HARI AGRO HAYATI,1,pupuk
LOBO KRIS UNIKKA,LOBO KRIS UNIKKA,1,pupuk
ASA MANDIRI SEJAHTERA,ASA MANDIRI SEJAHTERA,1,pupuk
TARUM SINERGI INDONESIA,TARUM SINERGI INDONESIA,1,pupuk
MULIA AGRO SEJAHTERA,MULIA AGRO SEJAHTERA,1,pupuk
CIPTA USAHA SANTOSA,CIPTA USAHA SANTOSA,1,pupuk
SUBURI PUTRA MANDIRI,CV. SUBURI PUTRA MANDIRI,1,pupuk
CV. SUBURI PUTRA MANDIRI,CV. SUBURI PUTRA MANDIRI,1,pupuk-legacy
CV. HANGSON,CV. HANGSON,1,pupuk
CIHURIP AGRO NUSA,CIHURIP AGRO NUSA,1,pupuk
TANIKITA BERKAH,TANIKITA BERKAH,1,pupuk
MITRA TERBAIK NUSANTARA,MITRA TERBAIK NUSANTARA,1,pupuk
PT. Aneka Nutrisi Global Indonesia,PT. Aneka Nutrisi Global Indonesia,1,pupuk-legacy
CV.PRATAMA LESTARI,CV.PRATAMA LESTARI,1,pupuk
BARATAYUDA AGRO TANI,BARATAYUDA AGRO TANI,1,pupuk
SUMBER ALAM REJEKI,SUMBER ALAM REJEKI,1,pupuk
RJ MANDIRI,RJ MANDIRI,1,pupuk
PT PERSADA PUPUK INDONESIA,PT. Persada Pupuk Indonesia,1,pupuk
PT. Persada Pupuk Indonesia,PT. Persada Pupuk Indonesia,1,pupuk-legacy
TAN TJUN HOA/UD. NAGA MAS SAKTI,TAN TJUN HOA/UD. NAGA MAS SAKTI,1,pupuk
CV. Wahana Putra Mandiri,CV. Wahana Putra Mandiri,1,pupuk
AGRO RIZVIK PRADANA,AGRO RIZVIK PRADANA,1,pupuk
ULTRAMIC INDONESIA,ULTRAMIC INDONESIA,1,pupuk
SEMULUR JAYA MAKMUR,SEMULUR JAYA MAKMUR,1,pupuk
CV. INDO SAMADA,CV. INDO SAMADA,1,pupuk
BIO HARUN INDONESIA,BIO HARUN INDONESIA,1,pupuk
INAMAS ANUGERAH SEMESTA,INAMAS ANUGERAH SEMESTA,1,pupuk
TOKYO DELAPAN INDONESIA,TOKYO DELAPAN INDONESIA,1,pupuk
PLANTSAFE FERTILIZER INDONESIA,PT. PLANTSAFE FERTILIZER INDONESIA,1,pupuk
ALAMO GREENLIFE INTERNATIONAL,ALAMO GREENLIFE INTERNATIONAL,1,pupuk
INOVASI NAGA LAUT BIRU,INOVASI NAGA LAUT BIRU,1,pupuk
RICH DIGITAL NATURE,RICH DIGITAL NATURE,1,pupuk
MOZAIKS JAYA MAKMUR,MOZAIKS JAYA MAKMUR,1,pupuk
BERKAH FIQRI KERINCI,BERKAH FIQRI KERINCI,1,pupuk
AGRO MUSTIKA ABADI,AGRO MUSTIKA ABADI,1,pupuk
DAESANG INGREDIENTS INDONESIA,DAESANG INGREDIENTS INDONESIA,1,pupuk
DEDANDU UTAMA,DEDANDU UTAMA,1,pupuk
PADI DAMAI BALI,PADI DAMAI BALI,1,pupuk
INOVASI TANI ALHIDAYAH GORONTALO,INOVASI TANI ALHIDAYAH GORONTALO,1,pupuk
OMYA DISTRIBUTION INDONESIA,OMYA DISTRIBUTION INDONESIA,1,pupuk
SARI JAYA AGRO,SARI JAYA AGRO,1,pupuk
BADAN USAHA MILIK PETANI (BUMP) PT. PENGAYOM TANI SEJAGAD,BADAN USAHA MILIK PETANI (BUMP) PT. PENGAYOM TANI SEJAGAD,1,pupuk
IJO INOVASI INDONESIA,IJO INOVASI INDONESIA,1,pupuk
MITRA SABDA,MITRA SABDA,1,pupuk
AKHTARINDO CHEMICAL SPECIALIST,AKHTARINDO CHEMICAL SPECIALIST,1,pupuk
GLOBAL NUTRI AGRINUSA,GLOBAL NUTRI AGRINUSA,1,pupuk
CV. BERKAH MAKMUR NUSANTARA,CV. BERKAH MAKMUR NUSANTARA,1,pupuk
BUMI ASIH LELUHUR,BUMI ASIH LELUHUR,1,pupuk
PT. TANCIMAS WISIN JAYA,PT. TANCIMAS WISIN JAYA,1,pupuk
AGRO UNGGUL,AGRO UNGGUL,1,pupuk
AGAR SARI JAYA,AGAR SARI JAYA,1,pupuk
KOPERASI KONSUMEN KSM SEHAT SEJAHTERA,KOPERASI KONSUMEN KSM SEHAT SEJAHTERA,1,pupuk
TOMATEC INDONESIA,TOMATEC INDONESIA,1,pupuk
TRINITY MULTI,TRINITY MULTI,1,pupuk
BUMI NOTO ROGO,BUMI NOTO ROGO,1,pupuk
CV BINA AGRO JAYA MAKMUR,CV BINA AGRO JAYA MAKMUR,1,pupuk
SINAR MUTIARA GRESIK,SINAR MUTIARA GRESIK,1,pupuk
SUMBER INTI CEMERLANG,SUMBER INTI CEMERLANG,1,pupuk
ALAM PERKASA JAYA,ALAM PERKASA JAYA,1,pupuk
PT.CITRA GIZEL MANDIRI,PT.CITRA GIZEL MANDIRI,1,pupuk
JASA TANI SUBUR,JASA TANI SUBUR,1,pupuk
CAHAYA BARU,CAHAYA BARU,1,pupuk
PT. Trubus Mitra Swadaya,PT. Trubus Mitra Swadaya,1,pupuk-legacy
BUMI ALAM JATI,BUMI ALAM JATI,1,pupuk
ADHIESTA NUGRAHA,ADHIESTA NUGRAHA,1,pupuk
CV. Maju Dua Sahabat,CV. Maju Dua Sahabat,1,pupuk
NUVALA MAKMUR SEJAHTERA,NUVALA MAKMUR SEJAHTERA,1,pupuk
ARTHA MUARA FERTILIZER,ARTHA MUARA FERTILIZER,1,pupuk
CV. Mandiri Massadidu,CV. Mandiri Massadidu,1,pupuk
ANUGERAH TANI MAKMUR,CV. Anugerah Tani Makmur,1,pupuk
PLANET CHEMICALS,PLANET CHEMICALS,1,pupuk
ANUGRAH TUNAS MANDIRI,ANUGRAH TUNAS MANDIRI,1,pupuk
INSAN TANI MANDIRI,INSAN TANI MANDIRI,1,pupuk
NOGYO ALAM SWASTIKA,NOGYO ALAM SWASTIKA,1,pupuk
PT. DUWIPA AGRO PERSADA,PT. DUWIPA AGRO PERSADA,1,pupuk
KARYA KOMPOS ORGANIK,KARYA KOMPOS ORGANIK,1,pupuk
MANDALA AGRO MAKMUR,MANDALA AGRO MAKMUR,1,pupuk
CV. INDOZEZAR,CV. INDOZEZAR,1,pupuk
MUTIARA TIMUR GRESIK,MUTIARA TIMUR GRESIK,1,pupuk
PT Pupuk Agung Sentosa,PT Pupuk Agung Sentosa,1,pupuk
SAMRSAR,SAMRSAR,1,pupuk
THIA ORGANIK,THIA ORGANIK,1,pupuk
KARWALIP ROCHIS INDONESIA,KARWALIP ROCHIS INDONESIA,1,pupuk
BINANGUN GEMILANG SEMBADA,BINANGUN GEMILANG SEMBADA,1,pupuk
SAMBONG PUTRA MARGO UTOMO,SAMBONG PUTRA MARGO UTOMO,1,pupuk
NUSANTARA AGRO HAYATI,NUSANTARA AGRO HAYATI,1,pupuk
MAS LESTARI INDONESIA,MAS LESTARI INDONESIA,1,pupuk
TANIRA YASA UTAMA,TANIRA YASA UTAMA,1,pupuk
AGRO MAKMUR BERSAMA,AGRO MAKMUR BERSAMA,1,pupuk
WULAN PUPUK INDONESIA,WULAN PUPUK INDONESIA,1,pupuk
YUDHA PERDANA ANGESTI,PT. YUDHA PERDANA ANGESTI,1,pupuk
ENNO CORPORATION,ENNO CORPORATION,1,pupuk
ARGA TANI MANDIRI,ARGA TANI MANDIRI,1,pupuk
CARIU AGRO NATURA,CARIU AGRO NATURA,1,pupuk
RAJA BORNEO FARM,RAJA BORNEO FARM,1,pupuk
MINERINDO TRIFABUANA,MINERINDO TRIFABUANA,1,pupuk
LUAS ARUNG SEJAHTERA,LUAS ARUNG SEJAHTERA,1,pupuk
MITRA TANI MAKMUR,MITRA TANI MAKMUR,1,pupuk
PT SURYA JAYA PRAKARSA SELARAS,PT SURYA JAYA PRAKARSA SELARAS,1,pupuk
WAHANA ALAM INDONESIA,WAHANA ALAM INDONESIA,1,pupuk
CV. MEISA ADELIA PRIMA PRO,CV. MEISA ADELIA PRIMA PRO,1,pupuk
SUKA BUMI LESTARI,SUKA BUMI LESTARI,1,pupuk
PATAQU USAHA EXELEN,PATAQU USAHA EXELEN,1,pupuk
ANISA AGRO LESTARI,ANISA AGRO LESTARI,1,pupuk
KITA TUMBUH SUBUR,KITA TUMBUH SUBUR,1,pupuk
PT. Bahra Eco Semesta Tani,PT. Bahra Eco Semesta Tani,1,pupuk
UNIVERSAL BIOGRO AGRO,UNIVERSAL BIOGRO AGRO,1,pupuk
DIENG AGRO VANJAVA,DIENG AGRO VANJAVA,1,pupuk
BUMI SUBUR UTAMA,BUMI SUBUR UTAMA,1,pupuk
RAHMAD JAYA SANTOSO,RAHMAD JAYA SANTOSO,1,pupuk
CV. Baraya Maju Bersama,CV. Baraya Maju Bersama,1,pupuk
PANCARAN DARMA FARMINDO,PANCARAN DARMA FARMINDO,1,pupuk
MARGO UTOMO MULYO,MARGO UTOMO MULYO,1,pupuk
PT. LINGGA HSB ABADI,PT. LINGGA HSB ABADI,1,pupuk
PT. KAPUR PUTIH LAMPUNG,PT. KAPUR PUTIH LAMPUNG,1,pupuk
KERAMBITAN AGRO,KERAMBITAN AGRO,1,pupuk
SORIK ANGKOLA SINERGI,SORIK ANGKOLA SINERGI,1,pupuk
SUWARNADWIPA GREEN FERTILIZER,SUWARNADWIPA GREEN FERTILIZER,1,pupuk
MULIA SUKSES ABADI SENTOSA,MULIA SUKSES ABADI SENTOSA,1,pupuk
PT. ARYA SUPRA NUGRAHA,PT. ARYA SUPRA NUGRAHA,1,pupuk
EKADWI SELO UNGGUL,EKADWI SELO UNGGUL,1,pupuk
CV. KANA MAKMUR,CV. KANA MAKMUR,1,pupuk
AGROBION SEJAHTERA,AGROBION SEJAHTERA,1,pupuk
SEKAWAN JAYA BESTINDO,SEKAWAN JAYA BESTINDO,1,pupuk
NATURAL EVERGREEN ORGANIK,NATURAL EVERGREEN ORGANIK,1,pupuk
DINAR MULIA LESTARI,DINAR MULIA LESTARI,1,pupuk
PT. Amory Multi Quality,PT. Amory Multi Quality,1,pupuk
PT JAVA MINING FERTILIZO,PT JAVA MINING FERTILIZO,1,pupuk
TUMBUH SUBUR MAKMUR,TUMBUH SUBUR MAKMUR,1,pupuk
SUBUR INDO AMERTA,SUBUR INDO AMERTA,1,pupuk
BENGKEL MIMPI NUSANTARA,BENGKEL MIMPI NUSANTARA,1,pupuk
PT. SEKAWAN MAJU BERSAMA PRIMA,PT. SEKAWAN MAJU BERSAMA PRIMA,1,pupuk
SAKTI BERJAYA,SAKTI BERJAYA,1,pupuk
PT. Pupor Sejahtera Makmur,PT. Pupor Sejahtera Makmur,1,pupuk
MANDRAGUNA PUSAKA INDONESIA,MANDRAGUNA PUSAKA INDONESIA,1,pupuk
CV. AGRO BIO ORGANIK,CV. AGRO BIO ORGANIK,1,pupuk
ANTARES MULTI ENERGI,ANTARES MULTI ENERGI,1,pupuk
REZKY BERSAUDARA,REZKY BERSAUDARA,1,pupuk
KAMPAR SYNERGI ABADI,KAMPAR SYNERGI ABADI,1,pupuk
SINAR AGRI UTAMA,SINAR AGRI UTAMA,1,pupuk
PT. Berkah Indonesiaraya Sukses,PT. Berkah Indonesiaraya Sukses,1,pupuk
TOBA AGRO CHEMICAL,TOBA AGRO CHEMICAL,1,pupuk
AGRIVEST ALAM ASIA,AGRIVEST ALAM ASIA,1,pupuk
LAKSMANA MULIA SENTOSA,LAKSMANA MULIA SENTOSA,1,pupuk
PT. VIBEST SUKSES ABADI,PT. VIBEST SUKSES ABADI,1,pupuk
MUSTIKA TANAH NUSANTARA,MUSTIKA TANAH NUSANTARA,1,pupuk
AJE PRATAMA GEMILANG,AJE PRATAMA GEMILANG,1,pupuk
AGROSINDO UTAMA,AGROSINDO UTAMA,1,pupuk
CV. DUTA MAS PADJADJARAN,CV. DUTA MAS PADJADJARAN,1,pupuk
RESEP MAKMUR JAYA,RESEP MAKMUR JAYA,1,pupuk
CAHYA TANI INDONESIA,CAHYA TANI INDONESIA,1,pupuk
PUTRA PATIKALA MAJU,PUTRA PATIKALA MAJU,1,pupuk
PETRO PUPUK KIMIA,PETRO PUPUK KIMIA,1,pupuk
ANGSA MAS JAYA,ANGSA MAS JAYA,1,pupuk
PT. MANDALA PRATAMA NUSANTARA,PT. MANDALA PRATAMA NUSANTARA,1,pupuk
TRUBUS SWADAYA,TRUBUS SWADAYA,1,pupuk
ARFADA TIGAPUTRA BUDIWIBOWO,ARFADA TIGAPUTRA BUDIWIBOWO,1,pupuk
AZKA MANDIRI,AZKA MANDIRI,1,pupuk
ST. MANDIRI,ST. MANDIRI,1,pupuk
CV. SURYA INDAH MULIA,CV. SURYA INDAH MULIA,1,pupuk
CV . Berkah Tani Mandiri,CV . Berkah Tani Mandiri,1,pupuk
TRIJAVA MAJU BERSAMA,TRIJAVA MAJU BERSAMA,1,pupuk
BINA TANI MULIA,BINA TANI MULIA,1,pupuk
BERKAH TANI PERKASA,BERKAH TANI PERKASA,1,pupuk
GOPIN TEGAR ABADI,GOPIN TEGAR ABADI,1,pupuk
BAWANA INDO UNIVERSAL,BAWANA INDO UNIVERSAL,1,pupuk
PT. Bilquis Jaya Perkasa,PT. Bilquis Jaya Perkasa,1,pupuk
ECONOVA PRIMA INTERNATIONAL,ECONOVA PRIMA INTERNATIONAL,1,pupuk
GLORIENTA MINERAL PERKASA,GLORIENTA MINERAL PERKASA,1,pupuk
MARIO MARAJA,MARIO MARAJA,1,pupuk
AGRARIA SENTOSA NUSANTARA,AGRARIA SENTOSA NUSANTARA,1,pupuk
ERAKARYA PUPUK LESTARI,ERAKARYA PUPUK LESTARI,1,pupuk
BIO DEMETER SUBUR BERKAH,BIO DEMETER SUBUR BERKAH,1,pupuk
AMINDOWAY JAYA,AMINDOWAY JAYA,1,pupuk
PT. TEKNO INOVASI ASIA,PT. TEKNO INOVASI ASIA,1,pupuk
MAJULAH SOLUSI PARAGON,MAJULAH SOLUSI PARAGON,1,pupuk
PASCAL BIOTECH INDONESIA,PASCAL BIOTECH INDONESIA,1,pupuk
PT. Dewi Samudra Bumi Makmur,PT. Dewi Samudra Bumi Makmur,1,pupuk
GANCARGEMILANG JAYASAKTI,GANCARGEMILANG JAYASAKTI,1,pupuk
INOVASI JAYA ORGANIK,INOVASI JAYA ORGANIK,1,pupuk
LESAFFRE SARI NUSA,LESAFFRE SARI NUSA,1,pupuk
PUTRA ANANDIRI,PUTRA ANANDIRI,1,pupuk
MITRA AGRONIAGA NUSANTARA,MITRA AGRONIAGA NUSANTARA,1,pupuk
TION AGRO NUSANTARA,TION AGRO NUSANTARA,1,pupuk
ARTHA TANI UNGGUL,ARTHA TANI UNGGUL,1,pupuk
POESRI RAYA,POESRI RAYA,1,pupuk
PT. SINAR MAKMUR ORGANIK,PT. SINAR MAKMUR ORGANIK,1,pupuk
SETIA AGUNG SINERGI,SETIA AGUNG SINERGI,1,pupuk
KIMIA KARYANUSA CARAKA,KIMIA KARYANUSA CARAKA,1,pupuk
PT. WAHANA MAKMUR BERSAMA,PT. WAHANA MAKMUR BERSAMA,1,pupuk
ENVITEC MULTI INDONESIA,PT. ENVITEC MULTI INDONESIA,1,pupuk
PT. ENVITEC MULTI INDONESIA,PT. ENVITEC MULTI INDONESIA,1,pupuk-legacy
BERNIAGA SINERGI NUSANTARA,BERNIAGA SINERGI NUSANTARA,1,pupuk
BERDI ORGANIK INTERNASIONAL,BERDI ORGANIK INTERNASIONAL,1,pupuk
GOLDEN PLANTER INDONESIA,GOLDEN PLANTER INDONESIA,1,pupuk
MASARO SENTRA MAKMUR,MASARO SENTRA MAKMUR,1,pupuk
TUAH INDATU,TUAH INDATU,1,pupuk
LENTERA WIJAYA,LENTERA WIJAYA,1,pupuk
PONDOK PESANTREN ASSALAFIE,PONDOK PESANTREN ASSALAFIE,1,pupuk
CENTRAL INDO PRIMA GROUP,CENTRAL INDO PRIMA GROUP,1,pupuk
MULIA AGRO HAYATI,MULIA AGRO HAYATI,1,pupuk
CV. AGRO MITRA SEJAHTERA,CV. AGRO MITRA SEJAHTERA,1,pupuk
HAYATI FORTUNA INDONESIA,HAYATI FORTUNA INDONESIA,1,pupuk
PUPUK SUBURKAN NEGERI,PUPUK SUBURKAN NEGERI,1,pupuk
CV SUNDAG AGRO FERTILIZER,CV SUNDAG AGRO FERTILIZER,1,pupuk
KSM SEHAT SEJAHTERA,KSM SEHAT SEJAHTERA,1,pupuk
MUTIARA MAS,MUTIARA MAS,1,pupuk
DWI AGRO MANUNGGAL,DWI AGRO MANUNGGAL,1,pupuk
WAHANA ORGANIK MULIAJAYA,WAHANA ORGANIK MULIAJAYA,1,pupuk
ORSINIL INDO MITRA PATEN,ORSINIL INDO MITRA PATEN,1,pupuk
JAVA AGRO SEMESTA,JAVA AGRO SEMESTA,1,pupuk
BIOPOR SINERGY NUSANTARA,BIOPOR SINERGY NUSANTARA,1,pupuk
UDKHABI BUN NAJAR,UDKHABI BUN NAJAR,1,pupuk
KOPERASI JASA PUSLIT KELAPA SAWIT,KOPERASI JASA PUSLIT KELAPA SAWIT,1,pupuk
KURNIA AGRO LESTARI,KURNIA AGRO LESTARI,1,pupuk
RASYA RIZKI PRATAMA PHD,RASYA RIZKI PRATAMA PHD,1,pupuk
RAMIN MINERAL JAYA,RAMIN MINERAL JAYA,1,pupuk
ACE BIO CARE,ACE BIO CARE,1,pupuk
SALIMAS CITRA KENCANA,SALIMAS CITRA KENCANA,1,pupuk
PT. BAHAGIA JAYA INDO,PT. BAHAGIA JAYA INDO,1,pupuk
PT. Sinar Deli Mandiri,PT. Sinar Deli Mandiri,1,pupuk
JAGAD SUMBER MAKMUR,JAGAD SUMBER MAKMUR,1,pupuk
GERDU GENENG SIDAYU,GERDU GENENG SIDAYU,1,pupuk
POWER NIAGA SUKSES,POWER NIAGA SUKSES,1,pupuk
MITRA TANI SEMESTA,MITRA TANI SEMESTA,1,pupuk
PT. SEMERU JAYA GEMILANG,PT. SEMERU JAYA GEMILANG,1,pupuk
CV. Semangat Baru Agro,CV. Semangat Baru Agro,1,pupuk
SINAR AGRO MULTIHARA,SINAR AGRO MULTIHARA,1,pupuk
MIKHA TANINDO MAKMUR,MIKHA TANINDO MAKMUR,1,pupuk
PUPUK KARYA POLOWIJO,PUPUK KARYA POLOWIJO,1,pupuk
BERKAT HIJAU SUBUR MELIMPAH,BERKAT HIJAU SUBUR MELIMPAH,1,pupuk
SANYO TRADING INDONESIA,SANYO TRADING INDONESIA,1,pupuk
MAKMUR AGRISARANA,MAKMUR AGRISARANA,1,pupuk
AGRO ANDALAS JAYA,AGRO ANDALAS JAYA,1,pupuk
PT BERKAH MANDIRI SEJATI,PT BERKAH MANDIRI SEJATI,1,pupuk
SUBU GREEN INDONESIA,SUBU GREEN INDONESIA,1,pupuk
CV. MANDIRI PANGAN SEJAHTERA,CV. MANDIRI PANGAN SEJAHTERA,1,pupuk-legacy
CV.TRI MULTI DAYA.,CV.TRI MULTI DAYA.,1,pupuk-legacy
PT. AGRO BIO KEMINDO,PT. AGRO BIO KEMINDO,1,pupuk-legacy
PT PALMARIN AGRO INDONESIA,PT PALMARIN AGRO INDONESIA,1,pupuk-legacy
PT Kertopaten Agro Sejahtera,PT Kertopaten Agro Sejahtera,1,pupuk-legacy
PT BIOZYM PRATAMA,PT BIOZYM PRATAMA,1,pupuk-legacy
PT. Mega Tri Utama,PT. Mega Tri Utama,1,pupuk-legacy
PT. Agro Max Asia,PT. Agro Max Asia,1,pupuk-legacy
PT BIO PLANMATE INDONESIA,PT BIO PLANMATE INDONESIA,1,pupuk-legacy
CV. AGRO BISNIS INDONESIA,CV. AGRO BISNIS INDONESIA,1,pupuk-legacy
PT Ambagiri Nusantara,PT Ambagiri Nusantara,1,pupuk-legacy
PT. DRAGON PUPUK INDONESIA,PT. DRAGON PUPUK INDONESIA,1,pupuk-legacy
PT.Sumberaya Kendimasindo,PT.Sumberaya Kendimasindo,1,pupuk-legacy
CV. Sinar Agung,CV. Sinar Agung,1,pupuk-legacy
PT. MITOKU SUKSES MAKMUR,PT. MITOKU SUKSES MAKMUR,1,pupuk-legacy
PT Lautan Luas Tbk,PT Lautan Luas Tbk,1,pupuk-legacy
PT. Biotrack Technology Indonesia,PT. Biotrack Technology Indonesia,1,pupuk-legacy
PT PRIMA AGRO MANDIRI,PT PRIMA AGRO MANDIRI,1,pupuk-legacy
PT DOBEL F JAYA,PT DOBEL F JAYA,1,pupuk-legacy
CV. HERBASARI,CV. HERBASARI,1,pupuk-legacy
CV. Tani Hijau LestariI,CV. Tani Hijau LestariI,1,pupuk-legacy
PT.NOVELVAR,PT.NOVELVAR,1,pupuk-legacy
CV. Rahayu,CV. Rahayu,1,pupuk-legacy
PT. Kamar Maeso Harapan,PT. Kamar Maeso Harapan,1,pupuk-legacy
PT NUTRIMAS AGRO INDONESIA,PT NUTRIMAS AGRO INDONESIA,1,pupuk-legacy
CV. SURYA TANI TIMUR SANTOSA,CV. SURYA TANI TIMUR SANTOSA,1,pupuk-legacy
UD. Primaagro,UD. Primaagro,1,pupuk-legacy
Ud.sarana tani utama,Ud.sarana tani utama,1,pupuk-legacy
PT Arindo Utama Perkasa,PT Arindo Utama Perkasa,1,pupuk-legacy
CV. Tresno Bumi Lestari,CV. Tresno Bumi Lestari,1,pupuk-legacy
CV. Mega Organofertlizer,CV. Mega Organofertlizer,1,pupuk-legacy
PT. JNS Sejahtera Bersama,PT. JNS Sejahtera Bersama,1,pupuk-legacy
CV MULTIAGRO SARANA CEMERLANG,CV MULTIAGRO SARANA CEMERLANG,1,pupuk-legacy
CV. SASANDO,CV. SASANDO,1,pupuk-legacy
PT. DAMAI AGRO MANDIRI,PT. DAMAI AGRO MANDIRI,1,pupuk-legacy
PT. ENDRA TANI MAKMUR,PT. ENDRA TANI MAKMUR,1,pupuk-legacy
CV. Tunggal Tri Panca,CV. Tunggal Tri Panca,1,pupuk-legacy
CV SUKA AYU BIONITRAT,CV SUKA AYU BIONITRAT,1,pupuk-legacy
CV. Jago Jasa,CV. Jago Jasa,1,pupuk-legacy
PT. Harvest Ariake Indonesia,PT. Harvest Ariake Indonesia,1,pupuk-legacy
PT PUPUK NUTRIFIT INDONESIA,PT PUPUK NUTRIFIT INDONESIA,1,pupuk-legacy
U.D Daun Mas,U.D Daun Mas,1,pupuk-legacy
PT.Silva Tropika Kultura,PT.Silva Tropika Kultura,1,pupuk-legacy
PT. PERKEBUNAN NUSANTARA XI,PT. PERKEBUNAN NUSANTARA XI,1,pupuk-legacy
PT.BUMI TANI INDONESIA SEJAHTERA,PT.BUMI TANI INDONESIA SEJAHTERA,1,pupuk-legacy
PT Dwitama Agro Makmur,PT Dwitama Agro Makmur,1,pupuk-legacy
PT.Surya Agung Unggul,PT.Surya Agung Unggul,1,pupuk-legacy
PT. UMG INDONESIA,PT. UMG INDONESIA,1,pupuk-legacy
CV. CIPTO LANGGENG,CV. CIPTO LANGGENG,1,pupuk-legacy
CV MEGAH JAYA SEVENTIES,CV MEGAH JAYA SEVENTIES,1,pupuk-legacy
PT ELKABE BIOTEK INDONESIA,PT ELKABE BIOTEK INDONESIA,1,pupuk-legacy
CV. Mutiara Agro Persada,CV. Mutiara Agro Persada,1,pupuk-legacy
PT.Greenland Agrotech Industries,PT.Greenland Agrotech Industries,1,pupuk-legacy
PT CROP CHECK INDONESIA,PT CROP CHECK INDONESIA,1,pupuk-legacy
CV. Agro Lestari,CV. Agro Lestari,1,pupuk-legacy
CV. PANTRAS AGROLESTRI,CV. PANTRAS AGROLESTRI,1,pupuk-legacy
KOPERASI KARYAWAN RISPA MEDAN,KOPERASI KARYAWAN RISPA MEDAN,1,pupuk-legacy
CV. Duta Oreza Indonesia,CV. Duta Oreza Indonesia,1,pupuk-legacy
PT. AGRO PARKIM INDONESIA,PT. AGRO PARKIM INDONESIA,1,pupuk-legacy
CV. Agro Sumber Subur,CV. Agro Sumber Subur,1,pupuk-legacy
PT. INDUSTRI JAMU DAN FARMASI SIDO MUNCUL,PT. INDUSTRI JAMU DAN FARMASI SIDO MUNCUL,1,pupuk-legacy
CV RAJAWALI USAHA NABATI,CV RAJAWALI USAHA NABATI,1,pupuk-legacy
CV. TERUS JAYA PUTRA,CV. TERUS JAYA PUTRA,1,pupuk-legacy
CV Karsa Jaya,CV Karsa Jaya,1,pupuk-legacy
PT. Shiraishi Calcium Indonesia,PT. Shiraishi Calcium Indonesia,1,pupuk-legacy
CV. Citra Berlian,CV. Citra Berlian,1,pupuk-legacy
CV. PATIH GAJAH MADA,CV. PATIH GAJAH MADA,1,pupuk-legacy
CV. CONS PRIMA SENTOSA,CV. CONS PRIMA SENTOSA,1,pupuk-legacy
PT. INDOBAY BIO,PT. INDOBAY BIO,1,pupuk-legacy
CV. TUNAS HARAPAN,CV. TUNAS HARAPAN,1,pupuk-legacy
CV. Multi Guna,CV. Multi Guna,1,pupuk-legacy
CV. Fian Agro Industri,CV. Fian Agro Industri,1,pupuk-legacy
