principal,sektor,jml_produk_pupuk,jml_produk_pestisida,jml_produk_total,rincian_jenis_pestisida,nama_varian_lain
PT. CENTA BRASINDO ABADI CHEMICAL INDUSTRY,Pupuk+Pestisida,2,216,218,Herbisida:109; Insektisida:74; Fungisida:21; Zat Pengatur Tumbuh Tanaman:5; Moluskisida:4; Rodentisida:3,CENTA BRASINDO ABADI CHEMICAL INDUSTRY
PT. RAINBOW AGROSCIENCES,Pupuk+Pestisida,1,182,183,Herbisida:77; Insektisida:62; Fungisida:34; Zat Pengatur Tumbuh Tanaman:5; Moluskisida:1; Akarisida:1; Nematisida:1; Bakterisida:1,RAINBOW AGROSCIENCES
PT. SARI KRESNA KIMIA,Pupuk+Pestisida,20,161,181,Herbisida:63; Insektisida:63; Fungisida:24; Zat Pengatur Tumbuh Tanaman:4; Rodentisida:3; Moluskisida:2; Pestisida lain-lain:1; Bakterisida:1,SARI KRESNA KIMIA
PT. MULTI SARANA INDOTANI,Pupuk+Pestisida,42,138,180,Herbisida:55; Insektisida:43; Fungisida:29; Zat Pengatur Tumbuh Tanaman:7; Rodentisida:2; Akarisida:2,MULTI SARANA INDOTANI; PT.MULTI SARANA INDOTANI
PT. SINAR  GENERAL INDUSTRIES,Pupuk+Pestisida,16,141,157,Herbisida:59; Insektisida:43; Fungisida:26; Pestisida Pengendalian Vektor Penyakit Pada Manusia:4; Moluskisida:4; Rodentisida:2; Zat Pengatur Tumbuh Tanaman:2; Bahan pengawet kayu:1,PT. SINAR GENERAL INDUSTRIES; SINAR GENERAL INDUSTRIES
CV. SAPROTAN UTAMA,Pupuk+Pestisida,122,31,153,Insektisida:10; Herbisida:9; Fungisida:6; Zat Pengatur Tumbuh Tanaman:4; Moluskisida:2,SAPROTAN UTAMA
PT. TIGA MUARA EMAS MAKMUR,Pupuk+Pestisida,2,149,151,Herbisida:90; Insektisida:41; Fungisida:10; Moluskisida:3; Zat Pengatur Tumbuh Tanaman:3; Rodentisida:2,TIGA MUARA EMAS MAKMUR
PT. GODREJ CONSUMER PRODUCTS INDONESIA,Pestisida,0,144,144,Pestisida Rumah Tangga:138; Repelen:2; Rodentisida:2; Insektisida:2,
PT. INTI EVERSPRING INDONESIA,Pestisida,0,143,143,Insektisida:99; Herbisida:31; Fungisida:12; Moluskisida:1,
PT. FUMAKILLA INDONESIA,Pestisida,0,142,142,Pestisida Rumah Tangga:117; Insektisida:10; Repelen:9; Pestisida Pengendalian Vektor Penyakit Pada Manusia:3; Rodentisida:3,
PT.MEROKE TETAP JAYA,Pupuk,141,0,141,,MEROKE TETAP JAYA
PT. BEHN MEYER AGRICARE,Pupuk+Pestisida,97,37,134,Insektisida:16; Herbisida:13; Fungisida:6; Rodentisida:1; Nematisida:1,BEHN MEYER AGRICARE
PT. MEST INDONESIY,Pupuk,134,0,134,,MEST INDONESIY
PT. DELTA GIRI WACANA,Pupuk+Pestisida,4,129,133,Insektisida:50; Herbisida:46; Fungisida:21; Moluskisida:5; Rodentisida:3; Zat Pengatur Tumbuh Tanaman:2; Bakterisida:1; Pestisida Pengendalian Vektor Penyakit Pada Manusia:1,DELTA GIRI WACANA
PT. DALZON CHEMICALS INDONESIA,Pestisida,0,132,132,Insektisida:56; Herbisida:53; Fungisida:17; Zat Pengatur Tumbuh Tanaman:4; Rodentisida:1; Moluskisida:1,
PT. MAJU MAKMUR UTOMO,Pupuk+Pestisida,63,58,121,Insektisida:24; Herbisida:8; Fungisida:8; Zat Pengatur Tumbuh Tanaman:6; Pestisida Pengendalian Vektor Penyakit Pada Manusia:5; Moluskisida:3; Bahan pengawet kayu:2; Bakterisida:1; Pestisida Rumah Tangga:1,MAJU MAKMUR UTOMO; PT. Maju Makmur Utomo
PT. PRIMA KARYA BERJAYA,Pupuk+Pestisida,12,102,114,Herbisida:51; Insektisida:26; Fungisida:12; Zat Pengatur Tumbuh Tanaman:4; Moluskisida:4; Rodentisida:4; Nematisida:1,PRIMA KARYA BERJAYA
PT. PETROSIDA GRESIK,Pupuk+Pestisida,27,81,108,Herbisida:32; Insektisida:29; Fungisida:13; Zat Pengatur Tumbuh Tanaman:4; Rodentisida:1; Moluskisida:1; Akarisida:1,PETROSIDA GRESIK; PT. Petrosida Gresik
PT. BASF INDONESIA,Pestisida,0,106,106,Herbisida:36; Insektisida:30; Fungisida:27; Pestisida Pengendalian Vektor Penyakit Pada Manusia:8; Rodentisida:3; Bahan pengawet kayu:1; Pestisida Rumah Tangga:1,
PT. SOLO LOGO INDONESIA,Pestisida,0,104,104,Herbisida:39; Insektisida:36; Fungisida:19; Zat Pengatur Tumbuh Tanaman:5; Moluskisida:4; Akarisida:1,
PT. PETROKIMIA KAYAKU,Pupuk+Pestisida,21,80,101,Insektisida:30; Herbisida:28; Fungisida:13; Rodentisida:3; Bahan pengawet kayu:2; Zat Pengatur Tumbuh Tanaman:2; Atraktan / Feromon:1; Moluskisida:1,PETROKIMIA KAYAKU; PT Petrokimia Kayaku
PT. NUFARM INDONESIA,Pestisida,0,96,96,Herbisida:36; Insektisida:35; Fungisida:12; Zat Pengatur Tumbuh Tanaman:11; Bakterisida:1; Pestisida Rumah Tangga:1,
PT. ADVANSIA INDOTANI,Pupuk+Pestisida,9,86,95,Insektisida:33; Herbisida:28; Fungisida:20; Bakterisida:2; Akarisida:1; Moluskisida:1; Rodentisida:1,ADVANSIA INDOTANI
PT. MAXXI AGRI INDONESIA,Pupuk+Pestisida,19,74,93,Herbisida:40; Insektisida:17; Fungisida:14; Zat Pengatur Tumbuh Tanaman:2; Akarisida:1,MAXXI AGRI INDONESIA
PT. DELTAGRO MULIA SEJATI,Pupuk+Pestisida,1,91,92,Insektisida:43; Herbisida:19; Fungisida:18; Zat Pengatur Tumbuh Tanaman:7; Moluskisida:3; Rodentisida:1,DELTAGRO MULIA SEJATI
PT. SYNGENTA INDONESIA,Pupuk+Pestisida,1,89,90,Insektisida:31; Fungisida:27; Herbisida:16; Pestisida Pengendalian Vektor Penyakit Pada Manusia:5; Pestisida Rumah Tangga:4; Rodentisida:3; Zat Pengatur Tumbuh Tanaman:2; Bahan pengawet kayu:1,SYNGENTA INDONESIA
CV. AGRO JAYA INDONESIA,Pupuk+Pestisida,20,69,89,Herbisida:30; Insektisida:23; Fungisida:11; Zat Pengatur Tumbuh Tanaman:3; Bakterisida:2,AGRO JAYA INDONESIA
PT Petrokimia Gresik,Pupuk,87,0,87,,PETROKIMIA GRESIK
PT. AGRO JAYA INDUSTRI,Pestisida,0,83,83,Herbisida:39; Insektisida:31; Fungisida:8; Pestisida Pengendalian Vektor Penyakit Pada Manusia:4; Pestisida untuk peternakan:1,
PT. UPL INDONESIA,Pupuk+Pestisida,4,78,82,Herbisida:26; Insektisida:25; Fungisida:20; Fumigan:4; Pestisida Pengendalian Vektor Penyakit Pada Manusia:1; Moluskisida:1; Pestisida Rumah Tangga:1,UPL INDONESIA
PT. Permata Agro Persada,Pupuk,78,0,78,,PERMATA AGRO PERSADA
PT. Multi Mas Chemindo,Pupuk,77,0,77,,
PT. KENSO INDONESIA,Pupuk+Pestisida,3,71,74,Insektisida:28; Herbisida:27; Fungisida:13; Moluskisida:2; Zat Pengatur Tumbuh Tanaman:1,KENSO INDONESIA
PT. SAPROTAN UTAMA NUSANTARA,Pupuk+Pestisida,45,28,73,Herbisida:15; Insektisida:7; Fungisida:4; Zat Pengatur Tumbuh Tanaman:1; Rodentisida:1,SAPROTAN UTAMA NUSANTARA
PT. Agro Bumi Timur,Pupuk+Pestisida,8,64,72,Insektisida:27; Fungisida:19; Herbisida:12; Zat Pengatur Tumbuh Tanaman:5; Pestisida lain-lain:1,Agro Bumi Timur
PT. BINA GUNA KIMIA,Pupuk+Pestisida,9,63,72,Insektisida:36; Herbisida:13; Fungisida:11; Akarisida:1; Pestisida Pengendalian Vektor Penyakit Pada Manusia:1; Bahan pengawet kayu:1,BINA GUNA KIMIA
PT. INDOIN BUSINESS GROUP,Pupuk+Pestisida,7,65,72,Insektisida:25; Herbisida:19; Fungisida:12; Zat Pengatur Tumbuh Tanaman:4; Akarisida:1; Moluskisida:1; Fumigan:1; Rodentisida:1; Bakterisida:1,INDOIN BUSINESS GROUP
PT. SENTANA ADIDAYA PRATAMA,Pupuk,72,0,72,,SENTANA ADIDAYA PRATAMA
PT. REJEKI INDO AGROTEC,Pupuk+Pestisida,1,70,71,Herbisida:36; Insektisida:21; Fungisida:6; Zat Pengatur Tumbuh Tanaman:3; Rodentisida:2; Moluskisida:2,REJEKI INDO AGROTEC
PT. BIOTIS AGRINDO,Pupuk+Pestisida,5,65,70,Insektisida:29; Herbisida:22; Fungisida:11; Rodentisida:1; Zat Pengatur Tumbuh Tanaman:1; Moluskisida:1,BIOTIS AGRINDO; PT BIOTIS AGRINDO
PT. INDO-SINO AGROCHEMICAL,Pestisida,0,70,70,Insektisida:32; Herbisida:28; Fungisida:8; Zat Pengatur Tumbuh Tanaman:2,
PT. Sasco Indonesia,Pupuk,70,0,70,,SASCO INDONESIA
PT. DHARMA GUNA WIBAWA,Pupuk+Pestisida,5,64,69,Herbisida:22; Insektisida:20; Fungisida:10; Pestisida Pengendalian Vektor Penyakit Pada Manusia:5; Moluskisida:3; Bahan pengawet kayu:2; Zat Pengatur Tumbuh Tanaman:1; Rodentisida:1,DHARMA GUNA WIBAWA
PT. BAYER INDONESIA,Pupuk+Pestisida,4,63,67,Insektisida:19; Fungisida:18; Herbisida:15; Zat Pengatur Tumbuh Tanaman:4; Pestisida Pengendalian Vektor Penyakit Pada Manusia:4; Moluskisida:1; Nematisida:1; Akarisida:1,BAYER INDONESIA; PT. Bayer Indonesia
PT. CORTEVA AGRISCIENCE MANUFACTURING INDONESIA,Pestisida,0,66,66,Herbisida:31; Insektisida:19; Fungisida:14; Bahan pengawet kayu:1; Nematisida:1,
PT. SANLEX MALINDO,Pupuk,64,0,64,,
PT. SANTANI SEJAHTERA,Pupuk+Pestisida,57,7,64,Herbisida:4; Moluskisida:1; Insektisida:1; Fungisida:1,SANTANI SEJAHTERA
PT. AGRICULTURE CONSTRUCTION,Pupuk+Pestisida,7,56,63,Insektisida:18; Herbisida:16; Fungisida:9; Zat Pengatur Tumbuh Tanaman:5; Rodentisida:3; Bahan pengawet kayu:2; Bakterisida:1; Pestisida Pengendalian Vektor Penyakit Pada Manusia:1; Moluskisida:1,AGRICULTURE CONSTRUCTION
PT. BLUE CUBE INDONESIA,Pestisida,0,63,63,Pestisida lain-lain:39; Bakterisida:24,
PT. MULTI NIAGA NUSANTARA INDONESIA,Pupuk,63,0,63,,MULTI NIAGA NUSANTARA INDONESIA
PT. Dharma Ayu Tani,Pupuk+Pestisida,58,2,60,Insektisida:2,DHARMA AYU TANI; PT. DHARMA AYU TANI
PT. WILMAR CHEMICAL INDONESIA,Pupuk,60,0,60,,WILMAR CHEMICAL INDONESIA
PT. ROLIMEX KIMIA NUSAMAS,Pupuk+Pestisida,27,31,58,Herbisida:16; Insektisida:8; Fungisida:3; Rodentisida:3; Nematisida:1,PT. Rolimex Kimia Nusamas; ROLIMEX KIMIA NUSAMAS
PT. CATUR AGRODAYA MANDIRI,Pupuk+Pestisida,14,43,57,Insektisida:16; Fungisida:14; Herbisida:10; Fumigan:1; Zat Pengatur Tumbuh Tanaman:1; Bahan pengawet kayu:1,CATUR AGRODAYA MANDIRI
PT. ETONG CHEMICAL INDONESIA,Pupuk+Pestisida,1,56,57,Insektisida:21; Herbisida:20; Fungisida:10; Zat Pengatur Tumbuh Tanaman:2; Rodentisida:1; Akarisida:1; Moluskisida:1,ETONG CHEMICAL INDONESIA
PT JADI MAS,Pupuk,55,0,55,,JADI MAS
PT. Cipta Makmur Pertiwi,Pupuk,54,0,54,,CIPTA MAKMUR PERTIWI
PT. KRISTALINDO KARUNIA INTERNASIONAL,Pupuk+Pestisida,20,33,53,Insektisida:11; Herbisida:8; Pestisida Rumah Tangga:4; Bahan pengawet kayu:3; Pestisida Pengendalian Vektor Penyakit Pada Manusia:2; Moluskisida:2; Fumigan:1; Zat Pengatur Tumbuh Tanaman:1; Repelen:1,KRISTALINDO KARUNIA INTERNASIONAL; PT. Kristalindo Karunia Internasional
CV. MULTI AGRO JAYA UTAMA,Pupuk+Pestisida,6,46,52,Herbisida:38; Fungisida:4; Insektisida:2; Zat Pengatur Tumbuh Tanaman:2,CV. Multi Agro Jaya Utama
PT. ROYAL AGRO INDONESIA,Pupuk+Pestisida,1,51,52,Herbisida:16; Insektisida:15; Fungisida:15; Zat Pengatur Tumbuh Tanaman:2; Pestisida Pengendalian Vektor Penyakit Pada Manusia:1; Akarisida:1; Rodentisida:1,ROYAL AGRO INDONESIA
DGW PUPUK INDONESIA,Pupuk,51,0,51,,
PT. DA MING INDONESIA,Pestisida,0,51,51,Herbisida:23; Insektisida:17; Fungisida:5; Zat Pengatur Tumbuh Tanaman:4; Moluskisida:2,
PT. RAJA GROUP INDONESIA,Pupuk+Pestisida,43,8,51,Insektisida:5; Zat Pengatur Tumbuh Tanaman:2; Herbisida:1,RAJA GROUP INDONESIA
PT. Asia Pupuk Guna Lestari,Pupuk,49,0,49,,
PT. DANKEN INDONESIA,Pestisida,0,49,49,Insektisida:17; Herbisida:14; Fungisida:14; Zat Pengatur Tumbuh Tanaman:2; Pestisida lain-lain:1; Moluskisida:1,
FERTILIZER INTI TECHNOLOGY,Pupuk,48,0,48,,
PT. SAMUDRA UTAMA NARAPATI,Pestisida,0,47,47,Herbisida:24; Insektisida:15; Fungisida:5; Zat Pengatur Tumbuh Tanaman:2; Moluskisida:1,
PT. YANNO AGRO SCIENCE INDONESIA,Pestisida,0,47,47,Insektisida:19; Herbisida:13; Fumigan:5; Fungisida:4; Moluskisida:4; Zat Pengatur Tumbuh Tanaman:1; Nematisida:1,
PT. HANAMPI SEJAHTERA KAHURIPAN,Pupuk,46,0,46,,HANAMPI SEJAHTERA KAHURIPAN
PT. KINGAGROOT BIOTECHNOLOGY INDONESIA,Pestisida,0,46,46,Herbisida:39; Insektisida:6; Fungisida:1,
PT. SANTANI AGRO PERKASA,Pestisida,0,46,46,Insektisida:18; Herbisida:16; Fungisida:5; Zat Pengatur Tumbuh Tanaman:3; Moluskisida:2; Rodentisida:1; Akarisida:1,
PT Pupuk Kalimantan Timur,Pupuk,45,0,45,,PUPUK KALIMANTAN TIMUR
CV. SARAREA PANEN RAYA,Pupuk+Pestisida,20,24,44,Insektisida:11; Fungisida:9; Zat Pengatur Tumbuh Tanaman:3; Moluskisida:1,SARAREA PANEN RAYA
PT Kertopaten Kencana,Pupuk,44,0,44,,KERTOPATEN KENCANA
PT. ALBAUGH AGRO INDONESIA,Pestisida,0,43,43,Insektisida:19; Fungisida:14; Herbisida:10,
PT. Agrotama Tunas Sarana,Pupuk,43,0,43,,AGROTAMA TUNAS SARANA
PT. Hextar Fertilizer Indonesia,Pupuk,43,0,43,,
PT. PRIMA AGRO TECH,Pupuk+Pestisida,28,15,43,Insektisida:8; Fungisida:5; Nematisida:1; Bakterisida:1,PRIMA AGRO TECH; PT PRIMA AGRO TECH
PT. ADIL MAKMUR FAJAR,Pestisida,0,41,41,Herbisida:27; Insektisida:8; Fungisida:3; Akarisida:1; Zat Pengatur Tumbuh Tanaman:1; Moluskisida:1,
PT. AGRO TRADISI,Pupuk,41,0,41,,AGRO TRADISI
PT. INDAGRO,Pupuk+Pestisida,1,40,41,Insektisida:22; Fungisida:9; Herbisida:6; Zat Pengatur Tumbuh Tanaman:2; Akarisida:1,INDAGRO
PT. TANAMAN MAKMUR MANDIRI,Pupuk+Pestisida,10,31,41,Herbisida:14; Fungisida:5; Insektisida:5; Zat Pengatur Tumbuh Tanaman:5; Nematisida:1; Rodentisida:1,TANAMAN MAKMUR MANDIRI
PT. AGRORISEN INDOMAKMUR CEMERLANG,Pestisida,0,40,40,Herbisida:17; Insektisida:11; Fungisida:10; Zat Pengatur Tumbuh Tanaman:2,
PT. TRIDA KIMIA SAKTI,Pestisida,0,40,40,Insektisida:19; Fungisida:10; Herbisida:7; Moluskisida:4,
UD. PRIMAGRO,Pupuk,40,0,40,,UD Primagro
PT. BERBAK AGRO SEJATI,Pestisida,0,39,39,Herbisida:24; Insektisida:13; Fungisida:1; Zat Pengatur Tumbuh Tanaman:1,
PT. JAYA WARINDO ABADI,Pestisida,0,39,39,Fungisida:38; Pestisida lain-lain:1,
PT. Agrofarm Nusa Raya,Pupuk,38,0,38,,AGROFARM NUSA RAYA
PT. FORAGRO MITRA SEJATI,Pestisida,0,38,38,Herbisida:23; Insektisida:9; Fungisida:4; Zat Pengatur Tumbuh Tanaman:1; Moluskisida:1,
PT. MITRA KREASIDHARMA,Pupuk+Pestisida,1,37,38,Insektisida:26; Herbisida:6; Fungisida:5,MITRA KREASIDHARMA
PT. PERSADA AGRO SUKSES,Pestisida,0,38,38,Insektisida:20; Fungisida:16; Herbisida:2,
PT. AGRO SENTOSA RAYA,Pestisida,0,37,37,Herbisida:14; Insektisida:13; Fungisida:7; Zat Pengatur Tumbuh Tanaman:1; Bakterisida:1; Moluskisida:1,
PT. GLOBAL AGROTECH,Pestisida,0,37,37,Insektisida:16; Fungisida:13; Herbisida:5; Zat Pengatur Tumbuh Tanaman:2; Akarisida:1,
PT.Antariksa Nusantara Indonesia Group,Pupuk,37,0,37,,ANTARIKSA NUSANTARA INDONESIA GROUP
PT AGRI HIKAY INDONESIA,Pupuk,36,0,36,,AGRI HIKAY INDONESIA
PT. MASCO AGRI GENETICS,Pestisida,0,36,36,Insektisida:20; Fungisida:11; Herbisida:5,
PT. FUMAKILLA NOMOS,Pestisida,0,35,35,Pestisida Rumah Tangga:35,
PT. SINAMYANG INDONESIA,Pestisida,0,35,35,Herbisida:10; Insektisida:10; Fungisida:8; Zat Pengatur Tumbuh Tanaman:4; Moluskisida:2; Bakterisida:1,
PT. TIARA BUANA MANDIRI,Pupuk+Pestisida,10,25,35,Insektisida:13; Herbisida:6; Fungisida:4; Moluskisida:2,
SARASWANTI ANUGERAH MAKMUR,Pupuk,35,0,35,,
PT. AGRO SEJAHTERA INDONESIA,Pestisida,0,34,34,Insektisida:17; Fungisida:10; Herbisida:5; Zat Pengatur Tumbuh Tanaman:2,
PT. ARTHA MAKMUR ABADI,Pupuk+Pestisida,4,30,34,Herbisida:20; Insektisida:8; Fungisida:2,ARTHA MAKMUR ABADI
CV. KHARISMA AGRI WIJAYA,Pestisida,0,33,33,Insektisida:11; Herbisida:9; Fungisida:8; Akarisida:3; Rodentisida:1; Zat Pengatur Tumbuh Tanaman:1,
PT. AGROTECH PESTICIDE INDUSTRY,Pupuk+Pestisida,6,27,33,Herbisida:13; Insektisida:10; Fungisida:3; Zat Pengatur Tumbuh Tanaman:1,AGROTECH PESTICIDE INDUSTRY
PT. EXCEL MEG INDO,Pestisida,0,33,33,Insektisida:22; Fungisida:8; Herbisida:2; Rodentisida:1,
PT. PUPUK KUJANG,Pupuk+Pestisida,32,1,33,Fungisida:1,PT Pupuk Kujang; PUPUK KUJANG
PT. JIRONA AGRITAMA,Pestisida,0,32,32,Insektisida:20; Fungisida:7; Bahan pengawet kayu:2; Herbisida:2; Fumigan:1,
PT. PILARQUIM AGROSCIENCE INDONESIA,Pestisida,0,32,32,Insektisida:13; Fungisida:10; Herbisida:7; Zat Pengatur Tumbuh Tanaman:1; Bakterisida:1,
PT. PUPUT TANI MANDIRI,Pupuk,32,0,32,,PUPUT TANI MANDIRI
CV. Javamas Agrophos,Pupuk+Pestisida,29,2,31,Fungisida:1; Zat Pengatur Tumbuh Tanaman:1,CV. JAVAMAS AGROPHOS; JAVAMAS AGROPHOS
PT. Dupan Anugerah Lestari,Pupuk,31,0,31,,DUPAN ANUGERAH LESTARI
CV. BUMI INDO RAHARJA,Pupuk,30,0,30,,BUMI INDO RAHARJA; PT Bumi Indo Raharja
PT. AGROMANNA JAYA LESTARI,Pestisida,0,30,30,Insektisida:13; Fungisida:8; Herbisida:8; Zat Pengatur Tumbuh Tanaman:1,
PT. EXINDO RAHARJA PRATAMA,Pupuk+Pestisida,10,20,30,Insektisida:7; Fungisida:7; Zat Pengatur Tumbuh Tanaman:4; Herbisida:2,EXINDO RAHARJA PRATAMA; PT Exindo Raharja Pratama
PT. TRIBINA TANIKARYA,Pestisida,0,30,30,Herbisida:20; Insektisida:6; Fungisida:3; Rodentisida:1,
PT. TRITUNGGAL ARTHAMAKMUR,Pestisida,0,30,30,Bakterisida:29; Fungisida:1,
CV. SURYA AGROKEMINDO PERKASA,Pestisida,0,29,29,Herbisida:15; Insektisida:9; Fungisida:4; Moluskisida:1,
PT. DITYA CHEMINDO,Pupuk+Pestisida,25,4,29,Zat Pengatur Tumbuh Tanaman:2; Fungisida:1; Herbisida:1,DITYA CHEMINDO
PT. ECO AGRO MANDIRI,Pupuk,29,0,29,,ECO AGRO MANDIRI
PT. SATYA AGRO INDONESIA,Pestisida,0,29,29,Insektisida:13; Fungisida:10; Herbisida:4; Moluskisida:1; Zat Pengatur Tumbuh Tanaman:1,
CV. ARTHA BUANA MANDIRI,Pupuk+Pestisida,1,27,28,Insektisida:14; Zat Pengatur Tumbuh Tanaman:6; Fungisida:5; Herbisida:2,ARTHA BUANA MANDIRI
CV. Nusa Nur Agro,Pupuk+Pestisida,23,5,28,Zat Pengatur Tumbuh Tanaman:4; Insektisida:1,CV. NUSA NUR AGRO; NUSA NUR AGRO
ABADI AGROSINDO PERSADA,Pupuk,27,0,27,,
PT. AGRO GUNA MAKMUR,Pupuk+Pestisida,8,19,27,Insektisida:7; Herbisida:4; Fungisida:3; Bahan pengawet kayu:3; Pestisida Pengendalian Vektor Penyakit Pada Manusia:2,AGRO GUNA MAKMUR
PT. AGROKIMINDO KURNIABUANA,Pestisida,0,27,27,Insektisida:18; Fungisida:4; Herbisida:3; Zat Pengatur Tumbuh Tanaman:2,
PT. ASIA GALA KIMIA,Pupuk+Pestisida,1,26,27,Herbisida:14; Insektisida:9; Fungisida:2; Akarisida:1,ASIA GALA KIMIA
PT. CROP CARE INDONESIA,Pestisida,0,27,27,Fungisida:13; Herbisida:9; Insektisida:5,
PT. DYRIZ INDONESIA,Pupuk+Pestisida,25,2,27,Zat Pengatur Tumbuh Tanaman:2,DYRIZ INDONESIA
PT. GREENLIFE BIOSCIENCE,Pupuk+Pestisida,26,1,27,Insektisida:1,GREENLIFE BIOSCIENCE; PT Greenlife Bioscience
PT. MESTIKA NUSANTARA AGROKIMIA,Pupuk+Pestisida,7,20,27,Herbisida:14; Insektisida:4; Moluskisida:1; Fungisida:1,MESTIKA NUSANTARA AGROKIMIA
PT. NUSA PALAPA GEMILANG,Pupuk,27,0,27,,NUSA PALAPA GEMILANG
PT. SANTANI AGRO MANDIRI,Pupuk+Pestisida,1,26,27,Herbisida:12; Insektisida:11; Fungisida:2; Bakterisida:1,SANTANI AGRO MANDIRI
PT.TANINDO INTERTRACO,Pupuk,27,0,27,,
TUNASHARAPAN MURNI,Pestisida,0,27,27,Insektisida:15; Fungisida:8; Herbisida:3; Pestisida Pengendalian Vektor Penyakit Pada Manusia:1,
CV. Mulyo Tani Makmur,Pupuk,26,0,26,,MULYO TANI MAKMUR; PT. MULYO TANI MAKMUR
PT. HERLINA INDAH,Pestisida,0,26,26,Repelen:16; Pestisida Rumah Tangga:10,
PT. KALATHAM,Pupuk+Pestisida,23,3,26,Zat Pengatur Tumbuh Tanaman:2; Insektisida:1,KALATHAM; PT Kalatham
CV. GRAHA AGRO,Pupuk+Pestisida,2,23,25,Herbisida:8; Insektisida:6; Zat Pengatur Tumbuh Tanaman:5; Fungisida:2; Rodentisida:1; Moluskisida:1,GRAHA AGRO
INDO ACIDATAMA,Pupuk,25,0,25,,
PT. ARXADA CHEMICALS INDONESIA,Pestisida,0,25,25,Pestisida lain-lain:20; Fungisida:2; Bakterisida:2; Bahan pengawet kayu:1,
PT. BAHTERA BONIAGA LESTARI,Pestisida,0,25,25,Insektisida:14; Herbisida:6; Fungisida:4; Moluskisida:1,
PT. SARI KIMIA UNGGUL,Pestisida,0,25,25,Insektisida:15; Fungisida:4; Herbisida:4; Moluskisida:1; Bahan pengawet kayu:1,
CV. AGRO CHEMICA,Pestisida,0,24,24,Insektisida:11; Fungisida:4; Zat Pengatur Tumbuh Tanaman:4; Herbisida:3; Rodentisida:1; Moluskisida:1,
CV. Raja Grafika,Pupuk+Pestisida,15,9,24,Insektisida:5; Herbisida:2; Fungisida:2,
CV. TRUBUS PRIMA,Pupuk+Pestisida,21,3,24,Insektisida:2; Fungisida:1,TRUBUS PRIMA
PT Carlindo Serasi Abadi,Pupuk,24,0,24,,CARLINDO SERASI ABADI
PT. EASTCHEM AGROSCIENCE INDONESIA,Pestisida,0,24,24,Insektisida:10; Herbisida:9; Fungisida:3; Rodentisida:1; Bakterisida:1,
AGRI TANIMAS SELARAS,Pupuk,23,0,23,,
CV. GRAHA AGRITECH PRIMA,Pupuk+Pestisida,4,19,23,Insektisida:8; Fungisida:6; Zat Pengatur Tumbuh Tanaman:5,GRAHA AGRITECH PRIMA
PT. Agro Berjaya Nusantara,Pupuk,23,0,23,,AGRO BERJAYA NUSANTARA
PT. HANEARL SCIENCE INDONESIA,Pupuk+Pestisida,2,21,23,Insektisida:11; Fungisida:6; Herbisida:3; Moluskisida:1,HANEARL SCIENCE INDONESIA
PT. JAWA AGRINDO INTERNASIONAL,Pupuk+Pestisida,4,19,23,Herbisida:7; Insektisida:7; Fungisida:3; Zat Pengatur Tumbuh Tanaman:2,JAWA AGRINDO INTERNASIONAL
PT. NUSA MANDIRI UTAMA,Pupuk+Pestisida,10,13,23,Herbisida:8; Insektisida:4; Moluskisida:1,PT. Nusa Mandiri Utama
PT. QILU CROP SCIENCE,Pestisida,0,23,23,Insektisida:14; Herbisida:9,
PT. RABANA AGRO RESOURCES,Pupuk+Pestisida,5,18,23,Herbisida:7; Insektisida:6; Fungisida:2; Bahan pengawet kayu:1; Zat Pengatur Tumbuh Tanaman:1; Moluskisida:1,RABANA AGRO RESOURCES
PT. TANI MAS SUBUR,Pupuk+Pestisida,2,21,23,Insektisida:6; Fungisida:6; Herbisida:4; Rodentisida:2; Moluskisida:2; Zat Pengatur Tumbuh Tanaman:1,TANI MAS SUBUR
PT ANUGERAH PUPUK MAKMUR,Pupuk,22,0,22,,ANUGERAH PUPUK MAKMUR
PT. GOAUTAMA SINARBATUAH,Pupuk,22,0,22,,GOAUTAMA SINARBATUAH
PT. SUMANS MANDIRI SEJAHTERA,Pupuk+Pestisida,2,20,22,Herbisida:6; Insektisida:5; Moluskisida:3; Zat Pengatur Tumbuh Tanaman:3; Fungisida:2; Rodentisida:1,SUMANS MANDIRI SEJAHTERA
CV. MUTIARA KERATON JIMMY&CO TRANS BISNIS INDONESIA,Pupuk+Pestisida,17,4,21,Insektisida:3; Herbisida:1,MUTIARA KERATON JIMMY&CO TRANS BISNIS INDONESIA
CV. UNI AGRO CHEMICA,Pestisida,0,21,21,Insektisida:14; Moluskisida:2; Fungisida:2; Herbisida:1; Bahan pengawet kayu:1; Pestisida untuk peternakan:1,
PT. AGRO TERRUM INDONESIA,Pestisida,0,21,21,Herbisida:13; Insektisida:4; Fungisida:3; Moluskisida:1,
PT. Laku Agung Bahagia Indonesia,Pupuk,21,0,21,,LAKU AGUNG BAHAGIA INDONESIA
PT. MUTIARA AGRO SEJATI,Pestisida,0,21,21,Herbisida:13; Insektisida:7; Fungisida:1,
PT. TANGGUH AGRO NUSA INDONESIA,Pupuk+Pestisida,3,18,21,Insektisida:8; Herbisida:5; Fungisida:2; Moluskisida:1; Rodentisida:1; Zat Pengatur Tumbuh Tanaman:1,TANGGUH AGRO NUSA INDONESIA
PT. ZENITH CROPSCIENCES INDONESIA,Pupuk+Pestisida,4,17,21,Fungisida:8; Insektisida:3; Bahan pengawet kayu:2; Rodentisida:1; Herbisida:1; Pestisida Pengendalian Vektor Penyakit Pada Manusia:1; Zat Pengatur Tumbuh Tanaman:1,ZENITH CROPSCIENCES INDONESIA
PT. AGRO NATURAL TECHNOLOGY,Pupuk+Pestisida,4,16,20,Insektisida:7; Herbisida:5; Fungisida:2; Zat Pengatur Tumbuh Tanaman:1; Moluskisida:1,AGRO NATURAL TECHNOLOGY
PT. Agritek Tani Indonesia,Pupuk+Pestisida,10,10,20,Atraktan / Feromon:6; Insektisida:3; Fungisida:1,
PT. Agro Nusantara Indonesia,Pupuk,20,0,20,,AGRO NUSANTARA INDONESIA
PT. Anugerah Pupuk Lestari,Pupuk,20,0,20,,ANUGERAH PUPUK LESTARI
PT. Bumi Subur Sentosa,Pupuk,20,0,20,,BUMI SUBUR SENTOSA
PT. SUNJOY AGRO INDONESIA,Pupuk+Pestisida,1,19,20,Insektisida:9; Fungisida:6; Herbisida:2; Bakterisida:2,SUNJOY AGRO INDONESIA
PT. ZHENGBANG CROP PROTECTION INDONESIA,Pestisida,0,20,20,Insektisida:11; Fungisida:5; Herbisida:4,
Perusahaan Perseroan (Persero) PT. Pupuk Indonesia,Pupuk,20,0,20,,
YARA INDONESIA,Pupuk,20,0,20,,
CV. BOMA SAKTI TANI,Pupuk+Pestisida,7,12,19,Insektisida:11; Zat Pengatur Tumbuh Tanaman:1,BOMA SAKTI TANI
PT. Artha Prima Humatindo,Pupuk,19,0,19,,ARTHA PRIMA HUMATINDO
PT. DOUTA UTAMAN INDONESIA,Pestisida,0,19,19,Herbisida:14; Insektisida:3; Fungisida:2,
PT. Gemilang Eka Dharma,Pupuk,19,0,19,,
PT. Parama Agroindustri Danapati,Pupuk+Pestisida,15,4,19,Herbisida:3; Insektisida:1,PARAMA AGROINDUSTRI DANAPATI; PT. PARAMA AGROINDUSTRI DANAPATI
PT. SATYA ALAM SEMESTA,Pestisida,0,19,19,Insektisida:12; Fungisida:4; Herbisida:3,
PT. TAPAL KOEDA INDONESIA,Pupuk+Pestisida,7,12,19,Insektisida:5; Fungisida:5; Herbisida:2,TAPAL KOEDA INDONESIA
CV. DELTA CHEMICA,Pupuk+Pestisida,3,15,18,Insektisida:7; Fungisida:4; Zat Pengatur Tumbuh Tanaman:4,DELTA CHEMICA
PRIMAGRO PRIMA INDONESIA,Pupuk,18,0,18,,
PT. ASIA KIMINDO PRIMA,Pupuk,18,0,18,,ASIA KIMINDO PRIMA
PT. BIOTEK SARANATAMA,Pestisida,0,18,18,Pestisida Pengendalian Vektor Penyakit Pada Manusia:4; Insektisida:4; Fumigan:3; Fungisida:2; Herbisida:2; Moluskisida:2; Rodentisida:1,
PT. CHINA JIANGSU INTERNATIONAL INDONESIA,Pestisida,0,18,18,Herbisida:11; Insektisida:6; Fungisida:1,
PT. INDO HOECHST,Pestisida,0,18,18,Herbisida:12; Insektisida:5; Fungisida:1,
PT. MSR HIJAU LESTARI,Pestisida,0,18,18,Insektisida:17; Fumigan:1,
UD. MITRA MERDEKA TANI,Pupuk,18,0,18,,MITRA MERDEKA TANI; UD. Mitra Merdeka Tani
AGINDA RIAU ABADI,Pupuk,17,0,17,,
CV. Agro Nusa Indah,Pupuk,17,0,17,,AGRO NUSA INDAH
PT PUPUK SRIWIDJAJA PALEMBANG,Pupuk,17,0,17,,PUPUK SRIWIDJAJA PALEMBANG
PT SAFA AGROTEK INDONESIA,Pupuk,17,0,17,,SAFA AGROTEK INDONESIA
PT. AGX ASIA INDONESIA,Pestisida,0,17,17,Herbisida:9; Fungisida:6; Insektisida:2,
PT. ARYSTA LIFESCIENCE TIRTA,Pupuk+Pestisida,1,16,17,Fungisida:10; Insektisida:4; Herbisida:2,ARYSTA LIFESCIENCE TIRTA
PT. BIOWORLD BIOSCIENCES MANUFACTURING INDUSTRIES,Pestisida,0,17,17,Fungisida:6; Herbisida:5; Insektisida:3; Zat Pengatur Tumbuh Tanaman:2; Moluskisida:1,
PT. FERTA INDONESIA PERSADA,Pupuk,17,0,17,,FERTA INDONESIA PERSADA
PT. FOCUSINDO ASIA PACIFIC,Pestisida,0,17,17,Insektisida:10; Herbisida:5; Fungisida:2,
PT. MESTIKA KARUNIA UTAMA,Pupuk+Pestisida,16,1,17,Herbisida:1,MESTIKA KARUNIA UTAMA
PT. MITRA INDOTANI ABADI,Pestisida,0,17,17,Insektisida:8; Herbisida:4; Fungisida:3; Zat Pengatur Tumbuh Tanaman:1; Moluskisida:1,
CV. INDO TANI UTAMA,Pestisida,0,16,16,Insektisida:10; Fungisida:5; Moluskisida:1,
CV. Sinar Surya,Pupuk,16,0,16,,SINAR SURYA
PT. AGRO DYNAMICS INDO,Pestisida,0,16,16,Zat Pengatur Tumbuh Tanaman:9; Herbisida:5; Fungisida:1; Insektisida:1,
PT. ANDAFA AGRO INDO,Pupuk+Pestisida,8,8,16,Insektisida:4; Herbisida:2; Zat Pengatur Tumbuh Tanaman:1; Fungisida:1,ANDAFA AGRO INDO
PT. CENTRA BIOTECH INDONESIA,Pupuk+Pestisida,14,2,16,Fungisida:1; Insektisida:1,CENTRA BIOTECH INDONESIA
PT. DISCOVERY ENVIRONMENTAL SCIENCE INDONESIA,Pestisida,0,16,16,Pestisida Pengendalian Vektor Penyakit Pada Manusia:9; Bahan pengawet kayu:3; Rodentisida:2; Herbisida:1; Insektisida:1,
PT. INTER AGRO INDONESIA,Pupuk+Pestisida,2,14,16,Insektisida:5; Fungisida:5; Herbisida:4,INTER AGRO INDONESIA
PT. JIVA AGRICULTURE INDONESIA,Pupuk+Pestisida,1,15,16,Insektisida:8; Herbisida:5; Fungisida:2,JIVA AGRICULTURE INDONESIA
PT. JOHNSON HOME HYGIENE PRODUCTS,Pestisida,0,16,16,Pestisida Rumah Tangga:12; Repelen:4,
PT. MITRA FINEX ANTARNUSA,Pupuk,16,0,16,,MITRA FINEX ANTARNUSA
PT. NATHANI CHEMICALS,Pestisida,0,16,16,Herbisida:9; Insektisida:4; Zat Pengatur Tumbuh Tanaman:1; Fungisida:1; Moluskisida:1,
PT. Polowijo Gosari,Pupuk,16,0,16,,POLOWIJO GOSARI
PT. SAFE CHEMICAL INDONESIA,Pupuk+Pestisida,3,13,16,Insektisida:6; Fungisida:2; Moluskisida:1; Rodentisida:1; Zat Pengatur Tumbuh Tanaman:1; Herbisida:1; Bakterisida:1,SAFE CHEMICAL INDONESIA
PT. UTOMO UTOMO,Pupuk+Pestisida,14,2,16,Insektisida:1; Pestisida Rumah Tangga:1,UTOMO UTOMO
TAZAR GUNA MANDIRI,Pupuk,16,0,16,,
CV. JATI EMAS UNGGUL,Pupuk+Pestisida,9,6,15,Insektisida:3; Fungisida:2; Zat Pengatur Tumbuh Tanaman:1,JATI EMAS UNGGUL
PT Pupuk Iskandar Muda,Pupuk,15,0,15,,PUPUK ISKANDAR MUDA
PT. EUREEKAGREAT NUSANTARA,Pupuk+Pestisida,6,9,15,Insektisida:4; Zat Pengatur Tumbuh Tanaman:3; Fungisida:1; Herbisida:1,EUREEKAGREAT NUSANTARA
PT. FMC AGRICULTURAL MANUFACTURING,Pestisida,0,15,15,Insektisida:14; Herbisida:1,
PT. IMCD INDONESIA,Pestisida,0,15,15,Bakterisida:10; Fungisida:4; Pestisida lain-lain:1,
PT. MAKMUR JAYA AGRO,Pupuk+Pestisida,1,14,15,Insektisida:6; Zat Pengatur Tumbuh Tanaman:3; Herbisida:3; Fungisida:1; Moluskisida:1,MAKMUR JAYA AGRO
PT. SAFEEKO BIO INDONESIA,Pupuk+Pestisida,8,7,15,Insektisida:5; Fungisida:2,SAFEEKO BIO INDONESIA
PT. TRUSTCHEM AGRO INDONESIA,Pestisida,0,15,15,Herbisida:6; Fungisida:3; Insektisida:3; Zat Pengatur Tumbuh Tanaman:2; Akarisida:1,
PT. WAHANA PUNDIKARSA ABADI,Pupuk+Pestisida,14,1,15,Zat Pengatur Tumbuh Tanaman:1,WAHANA PUNDIKARSA ABADI
PT. WINHONOR CONSULTING INDONESIA,Pestisida,0,15,15,Herbisida:8; Insektisida:5; Zat Pengatur Tumbuh Tanaman:1; Fungisida:1,
ADIDAYA NIRBATAS,Pupuk,14,0,14,,
CV. Sumber Agung Jaya,Pupuk,14,0,14,,SUMBER AGUNG JAYA
CV. Varia Chemika,Pupuk,14,0,14,,
CV.MITRA TANI ABADI JAYA,Pupuk,14,0,14,,MITRA TANI ABADI JAYA
PT Gresik Cipta Sejahtera,Pupuk,14,0,14,,GRESIK CIPTA SEJAHTERA
PT. AGRO INSANI SEMESTA,Pupuk+Pestisida,5,9,14,Fungisida:5; Insektisida:4,AGRO INSANI SEMESTA
PT. BIO SARANA INDONESIA,Pupuk+Pestisida,6,8,14,Fungisida:2; Rodentisida:2; Insektisida:2; Atraktan / Feromon:1; Herbisida:1,BIO SARANA INDONESIA; PT Bio Sarana Indonesia
PT. BIOTEK SARANA INDUSTRI,Pestisida,0,14,14,Insektisida:8; Fungisida:2; Pestisida Pengendalian Vektor Penyakit Pada Manusia:1; Herbisida:1; Zat Pengatur Tumbuh Tanaman:1; Bahan pengawet kayu:1,
PT. KEMINDO ARTHA JAYA,Pestisida,0,14,14,Fungisida:6; Bakterisida:6; Insektisida:2,
PT. SANTANI AGRO LESTARI,Pupuk+Pestisida,13,1,14,Herbisida:1,SANTANI AGRO LESTARI
PT. TRITAMA WIRAKARSA,Pupuk+Pestisida,2,12,14,Insektisida:5; Fungisida:3; Herbisida:2; Pestisida Pengendalian Vektor Penyakit Pada Manusia:2,TRITAMA WIRAKARSA
AGRI MANDIRI SEJAHTERA,Pupuk,13,0,13,,
CIPTO LANGGENG JOYO,Pupuk,13,0,13,,
CV IMEXINDO NUSANTARA,Pupuk,13,0,13,,IMEXINDO NUSANTARA
CV. AGRO MULIA,Pestisida,0,13,13,Insektisida:8; Fungisida:3; Moluskisida:1; Herbisida:1,
PT. Agspec Indonesia,Pupuk+Pestisida,11,2,13,Insektisida:2,AGSPEC INDONESIA; PT. AGSPEC INDONESIA
PT. DWIAGRI MAKMUR INTERTRADE,Pupuk+Pestisida,8,5,13,Herbisida:4; Zat Pengatur Tumbuh Tanaman:1,DWIAGRI MAKMUR INTERTRADE
PT. NUSANTARA AGRO SUKSES,Pestisida,0,13,13,Herbisida:6; Insektisida:3; Zat Pengatur Tumbuh Tanaman:2; Fungisida:2,
ANJARI ATHA TANAYA,Pupuk,12,0,12,,
CV PLANET AGRONUSA,Pupuk+Pestisida,9,3,12,Zat Pengatur Tumbuh Tanaman:3,
CV. CV. SAKASAKI INDONESIA,Pestisida,0,12,12,Insektisida:11; Fungisida:1,
CV.Mitra Tani Abadi,Pupuk,12,0,12,,MITRA TANI ABADI
HAMAS PANDJI INDONESIA,Pupuk,12,0,12,,
MAKMUR JAYA ABADI,Pupuk,12,0,12,,
MANO AGRI NUSANTARA,Pupuk,12,0,12,,
PT CHEIL JEDANG INDONESIA,Pupuk,12,0,12,,CHEIL JEDANG INDONESIA
PT Prosper Biotech Indonesia,Pupuk,12,0,12,,PROSPER BIOTECH INDONESIA
PT Tunas Agro Persada,Pupuk,12,0,12,,TUNAS AGRO PERSADA
PT. AGRO AFIAT NUSANTARA,Pupuk,12,0,12,,
PT. AGRO BERJAYA CITRA TANI,Pestisida,0,12,12,Insektisida:8; Herbisida:2; Fungisida:1; Moluskisida:1,
PT. AZELIS INDONESIA DISTRIBUSI,Pupuk+Pestisida,2,10,12,Pestisida lain-lain:9; Insektisida:1,AZELIS INDONESIA DISTRIBUSI
PT. ENFARM CROP SCIENCE,Pestisida,0,12,12,Herbisida:6; Insektisida:3; Fungisida:2; Akarisida:1,
PT. GONGCHENG BIOTECH INDONESIA,Pestisida,0,12,12,Pestisida Rumah Tangga:7; Bahan pengawet kayu:2; Rodentisida:2; Repelen:1,
PT. Gemah Ripah Loh Jinawi Industri,Pupuk,12,0,12,,GEMAH RIPAH LOH JINAWI INDUSTRI
PT. Multidaya Putra Sejahtera,Pupuk,12,0,12,,MULTIDAYA PUTRA SEJAHTERA
SABANG MAKMUR SENTOSA,Pupuk,12,0,12,,
ARINDAMA NAWASENA AMERTA,Pupuk,11,0,11,,
CV. GOLDEN FARM INDONESIA,Pupuk+Pestisida,3,8,11,Insektisida:7; Zat Pengatur Tumbuh Tanaman:1,GOLDEN FARM INDONESIA
CV. KUNIMA JAYA SELARAS,Pestisida,0,11,11,Fungisida:7; Insektisida:4,
CV.BUNGA TANI,Pupuk,11,0,11,,BUNGA TANI
PT GREEN PLANET INDONESIA,Pupuk,11,0,11,,GREEN PLANET INDONESIA
PT. FARMCO KIMIA,Pestisida,0,11,11,Herbisida:5; Insektisida:5; Fungisida:1,
PT. Formitra Multi Prakarsa,Pupuk,11,0,11,,FORMITRA MULTI PRAKARSA
PT. GALATTA LESTARINDO,Pupuk,11,0,11,,GALATTA LESTARINDO
PT. INDORAYA MITRA PERSADA SERATUS ENAM PULUH DELAPAN,Pupuk,11,0,11,,INDORAYA MITRA PERSADA SERATUS ENAM PULUH DELAPAN
PT. KARISMA INDOAGRO UNIVERSAL,Pupuk,11,0,11,,
PT. ORCHID GLOBAL MAKMUR,Pupuk+Pestisida,2,9,11,Insektisida:4; Fungisida:2; Herbisida:1; Moluskisida:1; Akarisida:1,ORCHID GLOBAL MAKMUR
PT. PERMATA NEGERI INDONESIA,Pupuk,11,0,11,,PERMATA NEGERI INDONESIA
PT. POLARCHEM,Pupuk+Pestisida,9,2,11,Herbisida:1; Insektisida:1,POLARCHEM; PT POLARCHEM
PT. POMAL BEKA MANDIRI,Pupuk,11,0,11,,POMAL BEKA MANDIRI
PT. SOJITZ INDONESIA,Pupuk,11,0,11,,
WINNER AGROCHEM INTERNUSA,Pestisida,0,11,11,Herbisida:7; Insektisida:2; Zat Pengatur Tumbuh Tanaman:1; Fungisida:1,
AGRIVERE TRANSFORMA INTERNASIONAL,Pupuk,10,0,10,,
AGRO MULYA LESTARI,Pupuk,10,0,10,,
ANUGERAH MUSTIKA OSTINDO,Pupuk,10,0,10,,
CV. ABADI JAYA,Pestisida,0,10,10,Insektisida:8; Fungisida:1; Rodentisida:1,
DRAGON DISTRIBUSI INDONESIA,Pupuk,10,0,10,,
ECA TANI BAROKAH,Pupuk,10,0,10,,
KAYUAN INFARM INDONESIA,Pupuk,10,0,10,,
LABA INDOAGRO NUSANTARA,Pupuk,10,0,10,,
LOTUS AGROKIMIA INDONESIA,Pupuk,10,0,10,,
PT AJINOMOTO INDONESIA,Pupuk,10,0,10,,AJINOMOTO INDONESIA
PT SRI REJEKI FERTILIZER,Pupuk,10,0,10,,SRI REJEKI FERTILIZER
PT. ALFA BETA AGROCHEMICAL,Pupuk+Pestisida,4,6,10,Insektisida:5; Fungisida:1,ALFA BETA AGROCHEMICAL
PT. BENIH BERKAH BERSERI,Pupuk+Pestisida,2,8,10,Insektisida:6; Herbisida:2,BENIH BERKAH BERSERI
PT. BESTANI AGRO SEJAHTERA,Pupuk+Pestisida,6,4,10,Herbisida:4,BESTANI AGRO SEJAHTERA
PT. BYTER AGRICULTURE INDONESIA,Pupuk+Pestisida,1,9,10,Herbisida:5; Fungisida:2; Insektisida:2,BYTER AGRICULTURE INDONESIA
PT. Biosindo Mitra Jaya,Pupuk,10,0,10,,BIOSINDO MITRA JAYA
PT. CORTEVA AGRISCIENCE INDONESIA,Pestisida,0,10,10,Fungisida:5; Herbisida:3; Insektisida:2,
PT. JJM INDONESIA,Pestisida,0,10,10,Fungisida:4; Herbisida:3; Insektisida:2; Pestisida Pengendalian Vektor Penyakit Pada Manusia:1,
PT. MENARA LAUT BERSATU,Pestisida,0,10,10,Pestisida Rumah Tangga:10,
PT. RECKITT BENCKISER INDONESIA,Pestisida,0,10,10,Pestisida Rumah Tangga:10,
PT. SARANA TANI INDONESIA MAKMUR,Pestisida,0,10,10,Insektisida:5; Herbisida:3; Fungisida:2,
PT. SURYA CIPTA PERKASA YOGYAKARTA,Pupuk,10,0,10,,SURYA CIPTA PERKASA YOGYAKARTA
PT. Winon International,Pupuk,10,0,10,,WINON INTERNATIONAL
PT.ALL COSMOS INDONESIA,Pupuk,10,0,10,,ALL COSMOS INDONESIA
SCORLETS,Pupuk,10,0,10,,
TRIAGRO HIJRAH JAYA,Pupuk,10,0,10,,
YAN UTAMA CORPORATION,Pupuk,10,0,10,,
AGRO PASTI INDONESIA,Pupuk,9,0,9,,
BINA AGROSIWI MANDIRI,Pupuk,9,0,9,,
BIO ENERGI RIMBA,Pupuk,9,0,9,,
CV. AGRINDO PERSADATAMA,Pupuk+Pestisida,8,1,9,Fungisida:1,AGRINDO PERSADATAMA
CV. Cahaya Abadi,Pupuk,9,0,9,,CAHAYA ABADI
CV. Karya Tani Indonesia,Pupuk,9,0,9,,KARYA TANI INDONESIA
CV. TANI MEDIA,Pestisida,0,9,9,Herbisida:5; Insektisida:3; Moluskisida:1,
EVERCHEM RESOURCES INDONESIA,Pupuk,9,0,9,,
FORMULA TOP INDONESIA,Pupuk,9,0,9,,
NATURAL NUSANTARA,Pupuk,9,0,9,,
PT TOYA INDO MANUNGGAL,Pupuk,9,0,9,,TOYA INDO MANUNGGAL
PT. ALISHAN NUSA INDAH,Pupuk+Pestisida,2,7,9,Insektisida:4; Herbisida:2; Fungisida:1,ALISHAN NUSA INDAH
PT. ARENA HORMON INDONUSA,Pupuk+Pestisida,3,6,9,Zat Pengatur Tumbuh Tanaman:6,ARENA HORMON INDONUSA
PT. BENTZ JAZ INDONESIA,Pestisida,0,9,9,Pestisida Pengendalian Vektor Penyakit Pada Manusia:5; Bahan pengawet kayu:2; Rodentisida:1; Pestisida Rumah Tangga:1,
PT. Centra Agro Pratama,Pupuk,9,0,9,,CENTRA AGRO PRATAMA
PT. FORAGRO MAJU SEJAHTERA,Pestisida,0,9,9,Herbisida:9,
PT. GLOBAL AGROTAMA INDONESIA,Pestisida,0,9,9,Insektisida:4; Herbisida:3; Zat Pengatur Tumbuh Tanaman:1; Fungisida:1,
PT. INDO ACIDATAMA Tbk,Pupuk,9,0,9,,
PT. KUSUMA DIPA NUGRAHA,Pupuk,9,0,9,,KUSUMA DIPA NUGRAHA
PT. MIO LIFE SCIENCES INDONESIA,Pestisida,0,9,9,Fungisida:4; Insektisida:3; Herbisida:2,
PT. Molindo Raya Industrial,Pupuk,9,0,9,,MOLINDO RAYA INDUSTRIAL
PT. NOVINDO AGRITECH HUTAMA,Pestisida,0,9,9,Pestisida Pengendalian Vektor Penyakit Pada Manusia:4; Insektisida:3; Pestisida lain-lain:1; Rodentisida:1,
PT. NUGROHO PRATAMA CHEMICA ASIA,Pestisida,0,9,9,Fumigan:3; Pestisida Pengendalian Vektor Penyakit Pada Manusia:3; Bahan pengawet kayu:2; Rodentisida:1,
PT. SEMESTA JAYA ABADI,Pupuk,9,0,9,,
PT. SINERGI CHEM INDONESIA,Pestisida,0,9,9,Insektisida:4; Herbisida:3; Fungisida:2,
PT. Sido Muncul Pupuk Nusantara,Pupuk,9,0,9,,
SMARTSOFT DIGITAL TEKNOLOGI,Pupuk,9,0,9,,
WASTEK AGRO INDONESIA,Pupuk,9,0,9,,
WELLS PRIMA GLOBAL,Pupuk,9,0,9,,
Alwi Konsultan - TEST,Pupuk,8,0,8,,
BIO INDUSTRI NUSANTARA,Pupuk,8,0,8,,
CIPTA GUNA MUKTI,Pupuk,8,0,8,,
CV. DANA INDO AGRI,Pupuk,8,0,8,,DANA INDO AGRI
CV. DUTA TANI,Pestisida,0,8,8,Fungisida:4; Insektisida:3; Herbisida:1,
CV. Jaya Tani,Pupuk,8,0,8,,JAYA TANI
CV.TABITA JAYA,Pupuk,8,0,8,,
MEGA ORGANOFERTILISER,Pupuk,8,0,8,,
MEGA PRIMATANI LESTARI,Pupuk,8,0,8,,
MITRA TANI INDONESIA,Pupuk,8,0,8,,
MULIA SUKSES BAHAGIA,Pupuk,8,0,8,,
MULTI HARA AGRO,Pupuk,8,0,8,,
PT. ANKEWA CHEMICAL INDONESIA,Pupuk+Pestisida,3,5,8,Herbisida:3; Insektisida:2,ANKEWA CHEMICAL INDONESIA
PT. Agro Tani Marisi,Pupuk,8,0,8,,AGRO TANI MARISI
PT. BELIRANG KALISARI,Pupuk+Pestisida,2,6,8,Insektisida:4; Zat Pengatur Tumbuh Tanaman:1; Herbisida:1,BELIRANG KALISARI
PT. BERSAMA SATU TEGUH,Pupuk+Pestisida,1,7,8,Herbisida:5; Fungisida:1; Insektisida:1,BERSAMA SATU TEGUH
PT. BINGEI AGUNG,Pupuk+Pestisida,3,5,8,Herbisida:2; Fungisida:1; Insektisida:1; Zat Pengatur Tumbuh Tanaman:1,BINGEI AGUNG
PT. BUMI TANI SUBUR,Pupuk,8,0,8,,BUMI TANI SUBUR
PT. Bandung Inovasi Organik,Pupuk,8,0,8,,BANDUNG INOVASI ORGANIK
PT. CEVE SINAR ARAS,Pupuk,8,0,8,,CEVE SINAR ARAS
PT. CROPLINK AGRIKULTUR TEKNOLOGI,Pestisida,0,8,8,Herbisida:4; Zat Pengatur Tumbuh Tanaman:3; Insektisida:1,
PT. DAMAI AGRO MANUNGGAL,Pupuk,8,0,8,,
PT. HARINA CHEMICALS INDUSTRI,Pestisida,0,8,8,Zat Pengatur Tumbuh Tanaman:4; Insektisida:2; Fungisida:2,
PT. Kingenta Pupuk Indonesia,Pupuk,8,0,8,,
PT. MONAGRO KIMIA,Pestisida,0,8,8,Herbisida:8,
PT. MULTIKIMIA AGRO SEJAHTERA,Pupuk+Pestisida,5,3,8,Herbisida:2; Zat Pengatur Tumbuh Tanaman:1,MULTIKIMIA AGRO SEJAHTERA
PT. NUSAMAS KIMIA PERSADA,Pupuk+Pestisida,3,5,8,Herbisida:4; Insektisida:1,PT Nusamas Kimia Persada
PT. PROPADU KONAIR TARAHUBUN,Pupuk+Pestisida,6,2,8,Fungisida:2,PROPADU KONAIR TARAHUBUN; PT.PROPADU KONAIR TARAHUBUN
PT. SOLUSI TANI INDONESIA,Pupuk+Pestisida,2,6,8,Fungisida:3; Insektisida:2; Herbisida:1,SOLUSI TANI INDONESIA
PT. SUMBER AGRO PERKASA,Pupuk+Pestisida,2,6,8,Herbisida:6,SUMBER AGRO PERKASA
PT.GEMILANG ANDALAN PRATAMA,Pupuk,8,0,8,,
SARASWANTI ANUGERAH INDONESIA,Pupuk,8,0,8,,
SERUNIANDAL CITRA MANDIRI,Pupuk,8,0,8,,
UD. Makmur Jaya,Pupuk,8,0,8,,
ULTI GROW NUSANTARA,Pupuk,8,0,8,,
AZZA MULIA RAHMAN,Pupuk,7,0,7,,
BULINDO AGRO TEKNOLOGI,Pupuk,7,0,7,,
CV Alam Hijau,Pupuk,7,0,7,,ALAM HIJAU
CV. BUMIKITA MAKMUR,Pupuk,7,0,7,,BUMIKITA MAKMUR
CV. JOYO MAKMUR SUKSES,Pupuk+Pestisida,3,4,7,Insektisida:2; Fungisida:1; Zat Pengatur Tumbuh Tanaman:1,JOYO MAKMUR SUKSES
CV. MITRA AGRO SENTOSA,Pupuk,7,0,7,,MITRA AGRO SENTOSA
CV. NOVIE AGRO INDUSTRI,Pupuk,7,0,7,,NOVIE AGRO INDUSTRI
CV. PRADIPTA PARAMITA,Pupuk+Pestisida,5,2,7,Pestisida Rumah Tangga:1; Fungisida:1,PRADIPTA PARAMITA
CV. SEMESTA AGRO MAKMUR,Pupuk+Pestisida,4,3,7,Rodentisida:1; Zat Pengatur Tumbuh Tanaman:1; Insektisida:1,SEMESTA AGRO MAKMUR
CV.UTAMA KARYA TANI,Pupuk,7,0,7,,UTAMA KARYA TANI
ENPEKA AGROKIMIA,Pupuk,7,0,7,,
GRAHA SIRTU,Pupuk,7,0,7,,
LAUTAN LUAS,Pupuk,7,0,7,,
PANCAPUTRA AGRO NIAGA,Pupuk,7,0,7,,
PT Alam Makmur Anuri,Pupuk,7,0,7,,
PT. AGROLAND INDO SYNERGY,Pupuk+Pestisida,1,6,7,Herbisida:3; Insektisida:2; Moluskisida:1,AGROLAND INDO SYNERGY
PT. AGROSID MANUNGGAL SENTOSA,Pupuk+Pestisida,4,3,7,Atraktan / Feromon:1; Fungisida:1; Bakterisida:1,AGROSID MANUNGGAL SENTOSA; PT. Agrosid Manunggal Sentosa
PT. Agro Indah Permata,Pupuk,7,0,7,,
PT. BIO AGRITECH NUSANTARA,Pupuk+Pestisida,2,5,7,Bahan pengawet kayu:2; Insektisida:2; Moluskisida:1,BIO AGRITECH NUSANTARA; PT BIO AGRITECH NUSANTARA
PT. BUMI MAKMUR LESTARI UTAMA,Pestisida,0,7,7,Insektisida:4; Moluskisida:1; Rodentisida:1; Bahan pengawet kayu:1,
PT. CIPTA AGRIFARMERINDO,Pupuk,7,0,7,,CV. Cipta Agrifarmerindo
PT. FORTUNA MULIA SEJATI,Pestisida,0,7,7,Insektisida:3; Herbisida:3; Fungisida:1,
PT. GELPI KURNIALESTARI,Pestisida,0,7,7,Insektisida:7,
PT. MAHKOTA AGRO INDUSTRI,Pestisida,0,7,7,Herbisida:5; Insektisida:2,
PT. MARGA DWI KENCANA,Pestisida,0,7,7,Pestisida lain-lain:7,
PT. MC TRADING INDONESIA,Pestisida,0,7,7,Insektisida:4; Fungisida:2; Herbisida:1,
PT. OAT MITOKU AGRIO,Pupuk+Pestisida,6,1,7,Zat Pengatur Tumbuh Tanaman:1,OAT MITOKU AGRIO; PT.OAT MITOKU AGRIO
PT. PUSRI AGRO LESTARI,Pestisida,0,7,7,Insektisida:4; Herbisida:2; Fungisida:1,
PT. Pemohon (DUMMY),Pupuk,7,0,7,,
PT. SANBRAND AGRO SEJAHTERA,Pestisida,0,7,7,Insektisida:4; Herbisida:3,
PT. Sumber Agrindo Sejahtera,Pupuk,7,0,7,,
PT. VISION CROP PROTECTION,Pestisida,0,7,7,Pestisida Rumah Tangga:3; Insektisida:1; Pestisida Pengendalian Vektor Penyakit Pada Manusia:1; Zat Pengatur Tumbuh Tanaman:1; Herbisida:1,
PT.ASIANA CHEMICALINDO LESTARI,Pestisida,0,7,7,Herbisida:6; Insektisida:1,
RUINS SARANA TANI,Pupuk,7,0,7,,
SARASWANTI AGRO MAKMUR,Pupuk,7,0,7,,
SARI BUMI KEDU,Pupuk,7,0,7,,
SAYAP EMAS CITRA PERSADA,Pupuk,7,0,7,,
SURYA ARTHA SENTOSA,Pupuk,7,0,7,,
TANIKAYA MULTI AGRO,Pupuk,7,0,7,,
WEHA AGRO SEJAHTERA,Pupuk,7,0,7,,
cv.nusatani,Pupuk,7,0,7,,
ADITYA TANI PERKASA,Pupuk,6,0,6,,
ALIF RAYA,Pupuk,6,0,6,,
ARSISTHA KIMIA CITRA LESTARI,Pupuk,6,0,6,,
BANGKIT TANI NUSANTARA,Pupuk,6,0,6,,
BROMO INDAH LESTARI,Pupuk,6,0,6,,
CEMPAKA BUMI NUSANTARA,Pupuk,6,0,6,,
CV DUTA LIMAS,Pupuk,6,0,6,,DUTA LIMAS
CV Makmur Jaya Bekasi,Pupuk,6,0,6,,
CV. BIMAGRO INDONESIA,Pupuk+Pestisida,3,3,6,Herbisida:3,BIMAGRO INDONESIA
CV. BINANGUN AGRO LESTARI,Pestisida,0,6,6,Insektisida:2; Herbisida:2; Moluskisida:1; Zat Pengatur Tumbuh Tanaman:1,
CV. BUMI NUSANTARA,Pupuk,6,0,6,,BUMI NUSANTARA
CV. Bakti Alam Nusantara,Pupuk,6,0,6,,BAKTI ALAM NUSANTARA
CV. Bima Agung Sejahtera,Pupuk,6,0,6,,
CV. Bintang Asri Arthauly,Pupuk,6,0,6,,
CV. PRIMA AGRO PERKASA,Pestisida,0,6,6,Insektisida:4; Herbisida:2,
CV. PRIMA BERKAH NUSANTARA,Pupuk+Pestisida,3,3,6,Fungisida:2; Insektisida:1,PRIMA BERKAH NUSANTARA
CV. Sumber Buana Perkasa,Pupuk,6,0,6,,
FARMINDO ANN CHEMICAL,Pupuk,6,0,6,,
GREAT GIANT PINEAPPLE,Pupuk,6,0,6,,
INDUSTRI KEBUN NUSANTARA,Pupuk,6,0,6,,
MANUNGGAL AGRO TANI,Pupuk,6,0,6,,
MULTIFARM INTI SEJAHTERA,Pupuk,6,0,6,,
MZ MEDICAL,Pupuk,6,0,6,,
NOUSINDO NUSANTARA AGRI,Pupuk,6,0,6,,
PT Agrimas Utama Indonesia,Pupuk,6,0,6,,
PT. AGRINDO SANDARAN MAS,Pestisida,0,6,6,Insektisida:4; Zat Pengatur Tumbuh Tanaman:1; Herbisida:1,
PT. AGRITANI MAKMUR MANDIRI,Pupuk,6,0,6,,
PT. AGROINDO,Pupuk,6,0,6,,
PT. AMPUH PERKASA JAYA,Pestisida,0,6,6,Pestisida Rumah Tangga:6,
PT. ANDALL HASA PRIMA,Pestisida,0,6,6,Herbisida:6,
PT. Angputra Global Organik,Pupuk,6,0,6,,ANGPUTRA GLOBAL ORGANIK
PT. BINTANG RAPESTRA ABADI,Pestisida,0,6,6,Insektisida:3; Fungisida:2; Moluskisida:1,
PT. Bhadra Cemerlang,Pupuk,6,0,6,,BHADRA CEMERLANG
PT. FADJARPURNAMA PRATAMA INTI,Pestisida,0,6,6,Herbisida:4; Insektisida:1; Zat Pengatur Tumbuh Tanaman:1,
PT. FAJAR BUANA CHEMICAL,Pupuk+Pestisida,2,4,6,Herbisida:4,PT FAJAR BUANA CHEMICAL
PT. Graha Inti Jaya,Pupuk,6,0,6,,
PT. INDONESIA BENXING INDUSTRIAL,Pestisida,0,6,6,Herbisida:6,
PT. IRQ MAKMUR JAYA,Pupuk,6,0,6,,IRQ MAKMUR JAYA
PT. LUMBUNG AGRO MAKMUR,Pupuk+Pestisida,2,4,6,Insektisida:2; Zat Pengatur Tumbuh Tanaman:1; Herbisida:1,LUMBUNG AGRO MAKMUR
PT. MEKAR WARNA SARI,Pestisida,0,6,6,Insektisida:4; Fungisida:1; Zat Pengatur Tumbuh Tanaman:1,
PT. PRIMA AGRO NETWORK,Pupuk+Pestisida,4,2,6,Herbisida:2,PRIMA AGRO NETWORK
PT. SEJUK ALAM LESTARI,Pupuk+Pestisida,4,2,6,Herbisida:2,SEJUK ALAM LESTARI
PT. SENTRAL TANI NUSANTARA,Pestisida,0,6,6,Herbisida:4; Insektisida:2,
PT. SHADANI INSAN MULIA ABADI,Pupuk,6,0,6,,
PT. SUPRA TUSAMAN ABADI,Pestisida,0,6,6,Pestisida Rumah Tangga:4; Repelen:2,
PT. SURAT TANI,Pestisida,0,6,6,Herbisida:5; Fungisida:1,
PT. TRI AGRO CHEMICALS,Pestisida,0,6,6,Insektisida:4; Moluskisida:1; Herbisida:1,
PT. TUNAS HARMONI ABADI,Pupuk+Pestisida,4,2,6,Fungisida:1; Insektisida:1,TUNAS HARMONI ABADI
PT.WONDERINDO PHARMATAMA,Pupuk,6,0,6,,WONDERINDO PHARMATAMA
RAJAWALI BUANA KREASI,Pupuk,6,0,6,,
REDSTONE INDONESIA MAKMUR,Pupuk,6,0,6,,
SENTRA TANI SEJAHTERA,Pupuk,6,0,6,,
SINERGI INTI PANEN,Pupuk,6,0,6,,
SINKA SINYE AGROTAMA,Pupuk,6,0,6,,
STANLEY AGRO NUSANTARA,Pupuk,6,0,6,,
STEFES INDONESIA,Pupuk,6,0,6,,
SUMBER ALAM BAROKAH,Pupuk,6,0,6,,
SUMBER MURNI GRUP,Pupuk,6,0,6,,
SUMBER SUBUR SEJATI,Pupuk,6,0,6,,
WINNERS AVENUE SURABAYA,Pupuk,6,0,6,,
AGRITAMA TUMBUH PERKASA,Pupuk,5,0,5,,
AGRO MAKMUR MANDIRI,Pupuk,5,0,5,,
AGRO NUSANTARA INTERNASIONAL,Pupuk,5,0,5,,
AGROLAND MANDIRI UTAMA,Pupuk,5,0,5,,
ALL COSMOS BIOTEK,Pupuk,5,0,5,,
ANDI JAYA INDUSTRI,Pupuk,5,0,5,,
ATS INTI SAMPOERNA,Pupuk,5,0,5,,
BERKAT MITRA MAKMUR,Pupuk,5,0,5,,
BINTANG ASRI ARTHAULI,Pupuk,5,0,5,,
BINTANG TIMUR PASIFIK,Pupuk,5,0,5,,
CV. Anugerah Tani Makmur,Pupuk,5,0,5,,ANUGERAH TANI MAKMUR
CV. KUJANG MAS AGRO KENCANA,Pupuk,5,0,5,,
CV. PRIMA AGRO LANCAR,Pupuk+Pestisida,4,1,5,Insektisida:1,PRIMA AGRO LANCAR; PT. PRIMA AGRO LANCAR
CV. PRIMA TANI MANDIRI,Pupuk,5,0,5,,PRIMA TANI MANDIRI
CV. Sumber Rejeki,Pupuk,5,0,5,,SUMBER REJEKI
CV. TUNAS SUBUR,Pestisida,0,5,5,Insektisida:4; Fungisida:1,
CV. Tiga Tunas Bangsa,Pupuk,5,0,5,,
DMG PHARMA LABORATORIES,Pupuk,5,0,5,,
DWI JAYA EKAPRIMA,Pupuk,5,0,5,,
ELIT SOLUSI NIAGA,Pupuk,5,0,5,,
FEMU ENVIRO RISORINDO,Pupuk,5,0,5,,
GATEWAY INTERNUSA,Pupuk,5,0,5,,
GREEN AGRI INDONESIA,Pupuk,5,0,5,,
MILLENIS MITRA INDONESIA,Pupuk,5,0,5,,
MITRA AGUNG SAWITA SEJATI,Pupuk,5,0,5,,
MON LEON INDONESIA,Pupuk,5,0,5,,
PT ARIGOLD YOOHA CORP,Pupuk,5,0,5,,
PT Belirang Perkasa Agro,Pestisida,0,5,5,Insektisida:4; Fungisida:1,
PT Indo Pest Biochem,Pestisida,0,5,5,Pestisida Pengendalian Vektor Penyakit Pada Manusia:3; Insektisida:1; Bahan pengawet kayu:1,
PT. ACE BIOCHEM INDONESIA,Pestisida,0,5,5,Insektisida:2; Fungisida:2; Zat Pengatur Tumbuh Tanaman:1,
PT. AGRI KEMIA NATURA,Pupuk+Pestisida,2,3,5,Herbisida:2; Fumigan:1,AGRI KEMIA NATURA
PT. ARENA AGRO UTAMA,Pupuk+Pestisida,1,4,5,Fungisida:2; Zat Pengatur Tumbuh Tanaman:2,
PT. Andalan Chemist Indonesia,Pupuk,5,0,5,,
PT. BERKAH SUMBER SUKSES,Pestisida,0,5,5,Insektisida:2; Fungisida:2; Moluskisida:1,
PT. BRILLIANCE AGROSCIENCES INDONESIA,Pestisida,0,5,5,Herbisida:5,
PT. CATUR MANUNGGAL JAYA ABADI,Pestisida,0,5,5,Herbisida:2; Insektisida:2; Fungisida:1,
PT. ENSYSTEX INTERNATIONAL INDONESIA,Pestisida,0,5,5,Pestisida Pengendalian Vektor Penyakit Pada Manusia:3; Bahan pengawet kayu:2,
PT. INDO GLOBAL TRADE,Pestisida,0,5,5,Fumigan:5,
PT. INTER AGRO TECHNOLOGY INDONESIA,Pestisida,0,5,5,Rodentisida:2; Insektisida:2; Repelen:1,
PT. KIMIKA USAHA PRIMA,Pestisida,0,5,5,Insektisida:2; Fungisida:2; Herbisida:1,
PT. NATHANI INDONESIA,Pupuk+Pestisida,3,2,5,Fungisida:2,NATHANI INDONESIA
PT. NIROGA SUMBER SEJAHTERA,Pestisida,0,5,5,Pestisida Pengendalian Vektor Penyakit Pada Manusia:4; Insektisida:1,
PT. NUSANTARA SURYA BENIH,Pupuk+Pestisida,2,3,5,Bahan pengawet kayu:3,NUSANTARA SURYA BENIH
PT. OSIMO INDONESIA,Pestisida,0,5,5,Pestisida Rumah Tangga:5,
PT. PANEN AGRO PERKASA INDONESIA,Pestisida,0,5,5,Herbisida:4; Insektisida:1,
PT. PERDANA AGRO MANDIRI,Pestisida,0,5,5,Insektisida:3; Herbisida:1; Moluskisida:1,
PT. PLANTSAFE FERTILIZER INDONESIA,Pupuk,5,0,5,,PLANTSAFE FERTILIZER INDONESIA
PT. PRIMA LESTARI AGROSCIENCES INDONESIA,Pestisida,0,5,5,Fungisida:2; Herbisida:2; Insektisida:1,
PT. PRIMA MULIA ABADI,Pupuk,5,0,5,,PRIMA MULIA ABADI
PT. PUTRA TIMUR AGRO NUSANTARA,Pestisida,0,5,5,Herbisida:3; Insektisida:2,
PT. RIA INDO AGRI,Pupuk+Pestisida,2,3,5,Insektisida:3,PT. Ria Indo Agri
PT. SEGORO INTERNASIONAL,Pestisida,0,5,5,Pestisida Pengendalian Vektor Penyakit Pada Manusia:3; Bahan pengawet kayu:1; Insektisida:1,
PT. SUMITOMO INDONESIA,Pupuk+Pestisida,1,4,5,Fungisida:3; Herbisida:1,SUMITOMO INDONESIA
PT. TAKBIR SUKMA TRADA INDONESIA,Pestisida,0,5,5,Insektisida:3; Pestisida lain-lain:1; Pestisida Rumah Tangga:1,
PT. TEXCHEM INDONESIA,Pestisida,0,5,5,Insektisida:5,
PT. Tranquerah Nusantara Cerah,Pupuk,5,0,5,,
PT. Triasindo Subur Prima,Pupuk,5,0,5,,
PT. UNITED ALACRITY INDONESIA,Pupuk+Pestisida,4,1,5,Insektisida:1,UNITED ALACRITY INDONESIA
PT.GUNUNG BERKAT SEJAHTERA,Pupuk,5,0,5,,GUNUNG BERKAT SEJAHTERA
PT.MITRA CIPTA AGRO,Pupuk,5,0,5,,MITRA CIPTA AGRO
PT.NOVACHEM ADAMANTINA,Pupuk,5,0,5,,NOVACHEM ADAMANTINA
PUPUK SWADAYA PURIMAS,Pupuk,5,0,5,,
PUTERA RAYA ABADI,Pupuk,5,0,5,,
RAJA ARTHA AGRO,Pupuk,5,0,5,,
WIKA JAYA MANDIRI,Pupuk,5,0,5,,
AGRO INDAH PERMATA 21,Pupuk,4,0,4,,
AGRO UNGGUL JAYAMAKMUR,Pupuk,4,0,4,,
AGRO ZYM JAYA,Pupuk,4,0,4,,
ALAM SEMESTA INDONESIA,Pupuk,4,0,4,,
BIO KONVERSI INDONESIA,Pupuk,4,0,4,,
BISATANI SUKSES UTAMA,Pupuk,4,0,4,,
BUMI GEMILANG ARTHA,Pupuk,4,0,4,,
CV MAKMUR ABADI,Pupuk,4,0,4,,
CV. AGRO BIO MAHLIGAI,Pupuk,4,0,4,,AGRO BIO MAHLIGAI
CV. BUMI AGRO FERTILIZER,Pupuk,4,0,4,,BUMI AGRO FERTILIZER
CV. BUMINDO ABADI MAKMUR,Pestisida,0,4,4,Fungisida:4,
CV. CENTRAL BUKIT MORIA,Pestisida,0,4,4,Pestisida Rumah Tangga:4,
CV. Cahaya Agro Persada,Pupuk,4,0,4,,
CV. INTI TANI MAKMUR,Pupuk,4,0,4,,
CV. Makmur Sembada,Pupuk,4,0,4,,CV. MAKMUR SEMBADA
CV. Ruthani Mandiri,Pupuk,4,0,4,,
CV. SAHABAT TANI MANDIRI,Pupuk,4,0,4,,SAHABAT TANI MANDIRI
CV. SINAR AGRO KIMIA INDONESIA,Pestisida,0,4,4,Insektisida:3; Fungisida:1,
CV. SUBUR TANI AGRO RAYA SEJAHTERA,Pestisida,0,4,4,Herbisida:4,
CV. SUGI TEKNIK PANGAN,Pupuk+Pestisida,1,3,4,Insektisida:3,SUGI TEKNIK PANGAN
CV. Satria Jaya,Pupuk,4,0,4,,SATRIA JAYA
CV. Subur Makmur Sejahtera,Pupuk,4,0,4,,SUBUR MAKMUR SEJAHTERA
CV. TUMBUH BERKEMBANG SEJAHTERA,Pupuk,4,0,4,,
DELIMA MANDALA SURYA,Pupuk,4,0,4,,
ESTU SEBA AGRINUSA,Pupuk,4,0,4,,
GEMA TANI ETAM,Pupuk,4,0,4,,
GLOBAL MANTEP LESTARI,Pupuk,4,0,4,,
GREENTECH INTERNATIONAL,Pupuk,4,0,4,,
HABDHI NEGORO MANDIRI,Pupuk,4,0,4,,
KARUNIA NIAGA SEJAHTERA,Pupuk,4,0,4,,
KERINA MARGA PLANTATION,Pupuk,4,0,4,,
KERTO KENCANA ABADI,Pupuk,4,0,4,,
LINTANG MAS AGRO,Pupuk,4,0,4,,
MANDIRI DUASATU,Pupuk,4,0,4,,
MANDIRI PALMERA AGRINDO,Pupuk,4,0,4,,
MANUNGGAL MERDEKA MAKMUR,Pupuk,4,0,4,,
MISSION TANI,Pupuk,4,0,4,,
NICO MANDIRI SEJAHTERA,Pupuk,4,0,4,,
NITIS PUSAKA KUSUMA,Pupuk,4,0,4,,
NIVIDIA PRATAMA KHATULISTIWA,Pupuk,4,0,4,,
NUSA TANI,Pupuk,4,0,4,,
POSPORINDO NUSANTARA,Pupuk,4,0,4,,
PT Bursatani Global Niaga,Pupuk,4,0,4,,BURSATANI GLOBAL NIAGA
PT Dunia Kimia Jaya,Pupuk,4,0,4,,DUNIA KIMIA JAYA
PT HARVESTMORE MULTITRADE INDONESIA,Pupuk,4,0,4,,
PT INDMIRA,Pupuk,4,0,4,,
PT Lamandau Subur Sejahtera,Pupuk,4,0,4,,
PT Pupuk Indonesia (Persero),Pupuk,4,0,4,,
PT TRI TUNGGAL ABADI MULIA,Pupuk,4,0,4,,
PT TRIASINDO ROYAL AGRO,Pupuk,4,0,4,,
PT. AVEL PESTINDO,Pestisida,0,4,4,Zat Pengatur Tumbuh Tanaman:3; Herbisida:1,
PT. BRAVO DINAMIKA,Pestisida,0,4,4,Insektisida:2; Herbisida:1; Moluskisida:1,
PT. CAKRA AGRO INDONESIA,Pestisida,0,4,4,Insektisida:2; Fungisida:1; Zat Pengatur Tumbuh Tanaman:1,
PT. DELAPAN ENAM BERLIAN,Pupuk,4,0,4,,
PT. EKA SALA ALFAINDO,Pestisida,0,4,4,Herbisida:4,
PT. Hasya Jaya Shafadila,Pupuk,4,0,4,,HASYA JAYA SHAFADILA
PT. INDO ASIA TIRTA MANUNGGAL,Pestisida,0,4,4,Bakterisida:3; Fungisida:1,
PT. Indevco Internusa,Pupuk,4,0,4,,
PT. KATAYA ABADI,Pestisida,0,4,4,Pestisida Pengendalian Vektor Penyakit Pada Manusia:4,
PT. KUDA RAYA KARYANUSA,Pestisida,0,4,4,Pestisida Rumah Tangga:4,
PT. LANGGENG MUSTIKA CHEMINDO,Pestisida,0,4,4,Herbisida:4,
PT. MEDION FARMA JAYA,Pestisida,0,4,4,Insektisida:2; Pestisida Rumah Tangga:1; Pestisida lain-lain:1,
PT. MITRA SUKSES AGRINDO,Pupuk+Pestisida,3,1,4,Fungisida:1,MITRA SUKSES AGRINDO; PT Mitra Sukses Agrindo
PT. MULTI GLOBAL CENTRO,Pestisida,0,4,4,Fumigan:3; Insektisida:1,
PT. MULTIGUNA GEMILANG,Pestisida,0,4,4,Fumigan:4,
PT. Makro Chemindo,Pupuk,4,0,4,,MAKRO CHEMINDO
PT. PT. Perusahaan Perdagangan Indonesia (Persero),Pestisida,0,4,4,Insektisida:4,
PT. PT.BARU TOTAL SOLUSINDO,Pestisida,0,4,4,Herbisida:2; Rodentisida:2,
PT. RAWWA ROUNDTEC INDONESIA,Pupuk+Pestisida,1,3,4,Insektisida:2; Zat Pengatur Tumbuh Tanaman:1,RAWWA ROUNDTEC INDONESIA
PT. RIZKY FAJAR AGRO,Pupuk,4,0,4,,
PT. SANJAYA SEJAHTERA LESTARI,Pestisida,0,4,4,Herbisida:4,
PT. SEJAHTERA AGRONUSA LESTARI,Pestisida,0,4,4,Herbisida:4,
PT. SINGA KIMIA INDONESIA,Pestisida,0,4,4,Pestisida Pengendalian Vektor Penyakit Pada Manusia:3; Pestisida Rumah Tangga:1,
PT. SOLUSI MAJU AGRO TANI,Pestisida,0,4,4,Insektisida:3; Fungisida:1,
PT. SPEKTRUM GEO INAGRO,Pestisida,0,4,4,Herbisida:4,
PT. Sarana Utama Lestari Alam,Pupuk,4,0,4,,SARANA UTAMA LESTARI ALAM
PT. Selaras Alam Sejahtera,Pupuk,4,0,4,,SELARAS ALAM SEJAHTERA
PT. Setia Bersama,Pupuk,4,0,4,,
PT. Spektra Global Intiagro,Pestisida,0,4,4,Herbisida:3; Insektisida:1,
PT. Super Tani Indonesia,Pupuk,4,0,4,,
PT. TIENYEN INTERNATIONAL,Pestisida,0,4,4,Insektisida:4,
PT. Tani Karya Makmur Sejahtera,Pupuk,4,0,4,,
PT. WIRAJAYA MITRA SUKSESTAMA,Pestisida,0,4,4,Pestisida Rumah Tangga:3; Moluskisida:1,
PT.CENTRAL ALAM RESOURCES LESTARI,Pupuk,4,0,4,,
PUTRA HAKA PERKASA,Pupuk,4,0,4,,
REZEKI BERSAMA INDONESIA,Pupuk,4,0,4,,
RISET PERKEBUNAN NUSANTARA,Pupuk,4,0,4,,
SAKURA FISHERIES,Pupuk,4,0,4,,
SARIMAKMUR SULTAN NUSANTARA,Pupuk,4,0,4,,
SEA SIX ENERGY INDONESIA,Pupuk,4,0,4,,
SINAR EMPAT PILAR UTAMA,Pupuk,4,0,4,,
SINAR MAS MALAKA,Pupuk,4,0,4,,
SOBAT TANI,Pupuk,4,0,4,,
SUBUR PERKASA NUSANTARA,Pupuk,4,0,4,,
SURYA NUSANTARA SEJATI,Pupuk,4,0,4,,
TANINDO TETAP JAYA,Pupuk,4,0,4,,
TIMURAYA TUNGGAL,Pupuk,4,0,4,,
TUNAS FOREST GEMILANG,Pupuk,4,0,4,,
"""CAHYA SEJATI""",Pupuk,3,0,3,,
AGRI PRIME INTERNATIONAL,Pupuk,3,0,3,,
AGRIBISNIS TECHNOLOGY INDONESIA,Pupuk,3,0,3,,
AGRITAMA PRIMA MANDIRI,Pupuk,3,0,3,,
AGRO FARMERY INDONESIA,Pupuk,3,0,3,,
AGRO LESTARI JAYA,Pupuk,3,0,3,,
AGRO RAYA TIMUR GROUP,Pupuk,3,0,3,,
AGROMAX MAKMUR SEKAWAN,Pupuk,3,0,3,,
ANARD BUMI SENTOSA,Pupuk,3,0,3,,
ARICTON EXIM INDONESIA,Pupuk,3,0,3,,
ARTHA BUANA,Pupuk,3,0,3,,
ARTHA CHRISTA,Pupuk,3,0,3,,
ASIA MIKRO PUPUK,Pupuk,3,0,3,,
BAROKAH PRIMA TANI,Pupuk,3,0,3,,
BASISCROP INDONESIA,Pupuk,3,0,3,,
BERKAH TANI LESTARI,Pupuk,3,0,3,,
BUMI IMPERIUM INDONESIA,Pupuk,3,0,3,,
BUMI PERSADA SIDAYU,Pupuk,3,0,3,,
BUMI REKAYASA PERSADA,Pupuk,3,0,3,,
BUMI SUBUR RIZQUNA,Pupuk,3,0,3,,
CHEMSTAR AGRO INDONESIA,Pupuk,3,0,3,,
CIPTA AGRO NUSANTARA,Pupuk,3,0,3,,
CIPTA SARANA INDOTANI,Pupuk,3,0,3,,
CV AGRO PERSADA,Pupuk,3,0,3,,
CV AGRO PETANI MAJU,Pupuk,3,0,3,,
CV Agro Niaga Sejati,Pupuk,3,0,3,,AGRO NIAGA SEJATI
CV Arisna Jaya,Pupuk,3,0,3,,
CV JAYA SRI BERSAMA,Pupuk,3,0,3,,JAYA SRI BERSAMA
CV MARZUQ,Pupuk,3,0,3,,MARZUQ
CV. ASRITANI UTAMA,Pestisida,0,3,3,Fungisida:2; Insektisida:1,
CV. Agro Santanindo,Pupuk,3,0,3,,AGRO SANTANINDO
CV. Agronusa Mandiri,Pupuk,3,0,3,,
CV. BARU INDONESIA,Pupuk+Pestisida,2,1,3,Rodentisida:1,BARU INDONESIA
CV. BERKAT MANNA MAJU,Pupuk+Pestisida,2,1,3,Fungisida:1,BERKAT MANNA MAJU
CV. CINDE LARAS,Pupuk+Pestisida,2,1,3,Insektisida:1,CINDE LARAS
CV. CULTURE AGRITECH INTERZONA,Pestisida,0,3,3,Insektisida:2; Fungisida:1,
CV. DMA,Pestisida,0,3,3,Insektisida:3,
CV. Deka Agro Product,Pupuk,3,0,3,,DEKA AGRO PRODUCT
CV. Duta Surya Alam,Pupuk,3,0,3,,
CV. FLORA DAN FAUNA,Pestisida,0,3,3,Herbisida:2; Zat Pengatur Tumbuh Tanaman:1,
CV. GHANDI PUTRA,Pupuk,3,0,3,,
CV. Jaya Makmur Sentausa,Pupuk,3,0,3,,JAYA MAKMUR SENTAUSA
CV. PESANGGEM MITRA ABADI,Pupuk,3,0,3,,PESANGGEM MITRA ABADI
CV. RAJA BENUA MAS,Pupuk+Pestisida,2,1,3,Fungisida:1,RAJA BENUA MAS
CV. Rahma Jaya,Pupuk,3,0,3,,RAHMA JAYA
CV. SARANA TANI MAKMUR,Pestisida,0,3,3,Insektisida:2; Fungisida:1,
CV. Tani Subur Perkasa,Pupuk,3,0,3,,
DELTA GREEN ZONE,Pupuk,3,0,3,,
DEWI SRI RAMA I,Pupuk,3,0,3,,
DUA POHON BESAR,Pupuk,3,0,3,,
FERTILINDO AGROLESTARI,Pupuk,3,0,3,,
HIKMAH TANI,Pupuk,3,0,3,,
HYDRO FARM INDONESIA,Pupuk,3,0,3,,
INDO BAY BIO,Pupuk,3,0,3,,
INDOFAST AGRO NUSANTARA,Pupuk,3,0,3,,
INTI MIKRO INDONESIA,Pupuk,3,0,3,,
JASA TAMBANG ACEH,Pupuk,3,0,3,,
JENAWI SUBURINDO REJEKI,Pupuk,3,0,3,,
JENGGONG MAGTASIDA GRUP,Pupuk,3,0,3,,
KAKIMAS PRIMA PERKASA,Pupuk,3,0,3,,
KURNIA MAS,Pupuk,3,0,3,,
LAMPOKO TERNAK INDONESIA,Pupuk,3,0,3,,
MABARFEED INDONESIA,Pupuk,3,0,3,,
MAGNESIUM GOSARI INTERNASIONAL,Pupuk,3,0,3,,
MULTI ALAM RAYA SEJAHTERAA,Pupuk,3,0,3,,
NELAYAN INDONESIA JAYA,Pupuk,3,0,3,,
NEO CROP SOLUTIONS,Pupuk,3,0,3,,
NEO SINAR MEDAN,Pupuk,3,0,3,,
NUGEN CROP INDONESIA,Pupuk,3,0,3,,
NUSANTARA GREEN LAND,Pupuk,3,0,3,,
PANEN AGRO NIAGA,Pupuk,3,0,3,,
PERMANA AGRO LESTARI,Pupuk,3,0,3,,
PINAGO UTAMA,Pupuk,3,0,3,,
PRATAMA AGRO SENTOSA,Pupuk,3,0,3,,
PT AGRI MULTI LESTARI,Pupuk,3,0,3,,
PT RENER INTI INTERNASIONAL,Pupuk,3,0,3,,
PT. AGRI KIMIA NUSANTARA,Pestisida,0,3,3,Herbisida:3,
PT. AGRICULTURE CONSTRUCTION INDONESIA,Pestisida,0,3,3,Insektisida:3,
PT. AGRIVA CROPSCIENCE INDONESIA,Pestisida,0,3,3,Insektisida:3,
PT. AGRO TANI MAJU SEJAHTERA,Pupuk,3,0,3,,AGRO TANI MAJU SEJAHTERA
PT. AGROABADI MAKMUR PERSADA,Pupuk,3,0,3,,AGROABADI MAKMUR PERSADA
PT. AGROSIDA SELARAS BERSAMA,Pestisida,0,3,3,Fungisida:2; Insektisida:1,
PT. AGROW USAHA TANI INDONESIA,Pestisida,0,3,3,Insektisida:2; Herbisida:1,
PT. Agri Jaya Manggala,Pupuk,3,0,3,,AGRI JAYA MANGGALA
PT. Aneka Nutrisi Global Indonesia,Pupuk,3,0,3,,ANEKA NUTRISI GLOBAL INDONESIA
PT. CIPTA KARYA UNGGULAN,Pestisida,0,3,3,Pestisida Rumah Tangga:2; Repelen:1,
PT. DEWARI AGRO SAKTI,Pupuk+Pestisida,2,1,3,Insektisida:1,DEWARI AGRO SAKTI
PT. DWI AGRO HAYATI,Pupuk,3,0,3,,
PT. Duta Alam Prima,Pestisida,0,3,3,Insektisida:2; Fungisida:1,
PT. GLOBAL AGRO MANDIRI,Pestisida,0,3,3,Fungisida:1; Insektisida:1; Herbisida:1,
PT. GOLDEN MAKMUR AGRI,Pestisida,0,3,3,Herbisida:3,
PT. GOODFARM CHEMICAL INDONESIA,Pestisida,0,3,3,Insektisida:1; Fungisida:1; Herbisida:1,
PT. GRESIK NUSANTARA FERTILIZER,Pupuk,3,0,3,,GRESIK NUSANTARA FERTILIZER
PT. Guthrie Agri Bio,Pestisida,0,3,3,Rodentisida:2; Atraktan / Feromon:1,
PT. INTI TANI NIAGA,Pupuk+Pestisida,1,2,3,Herbisida:2,INTI TANI NIAGA
PT. JASINDO KREASI MANDIRI,Pupuk,3,0,3,,
PT. JUBARO AGRO INDONESIA,Pestisida,0,3,3,Insektisida:2; Fungisida:1,
PT. MODERN AGRICULTURE INDONESIA,Pestisida,0,3,3,Insektisida:3,
PT. NUSA BERKAT ALAM,Pupuk,3,0,3,,NUSA BERKAT ALAM
PT. NUSANTARA AGRO TAMA,Pupuk,3,0,3,,
PT. PERINTIS NIAGA INDONESIA,Pupuk,3,0,3,,
PT. PESTINDO SOLUTION,Pestisida,0,3,3,Rodentisida:2; Pestisida Rumah Tangga:1,
PT. PHOSPHINDO JAYA UTAMA,Pestisida,0,3,3,Fumigan:2; Insektisida:1,
PT. PUTRISARI KIMIANUSA,Pestisida,0,3,3,Herbisida:3,
PT. Perdagangan Indo Mandiri Sejati,Pupuk,3,0,3,,
PT. RAGAM MANDIRI,Pestisida,0,3,3,Herbisida:3,
PT. REJEKI AGRO INDONESIA,Pupuk+Pestisida,1,2,3,Insektisida:1; Herbisida:1,REJEKI AGRO INDONESIA
PT. ROJO KOYO MANUNGGAL GROUP,Pupuk,3,0,3,,ROJO KOYO MANUNGGAL GROUP
PT. SERA AGRO NUTRINDO,Pupuk,3,0,3,,
PT. SOLUSI LINGKUNGAN INDUSTRI NUSANTARA,Pupuk,3,0,3,,
PT. SURYA KARYA ANDALAN,Pestisida,0,3,3,Herbisida:3,
PT. SYNAGRO PERKASA,Pestisida,0,3,3,Herbisida:3,
PT. TOYOTA TSUSHO INDONESIA,Pestisida,0,3,3,Fungisida:3,
PT. Trubus Mitra Swadaya,Pupuk,3,0,3,,TRUBUS MITRA SWADAYA
PT. VADEL KSATRIA SAMUDRA INDONESIA,Pestisida,0,3,3,Pestisida Pengendalian Vektor Penyakit Pada Manusia:2; Pestisida Rumah Tangga:1,
PT. YUDHA PERDANA ANGESTI,Pupuk,3,0,3,,YUDHA PERDANA ANGESTI
PT. ZAINI MAKMUR SENTOSA,Pestisida,0,3,3,Insektisida:1; Fungisida:1; Herbisida:1,
PT. ZAMRUD LINTAS KATULISTIWA,Pestisida,0,3,3,Pestisida Pengendalian Vektor Penyakit Pada Manusia:2; Insektisida:1,
PUPUK LAPAN HARSA,Pupuk,3,0,3,,
PUPUK PARIT KITANG,Pupuk,3,0,3,,
RAHMA JAYA BERSAMA,Pupuk,3,0,3,,
RAJAWALI CITRA ALAM,Pupuk,3,0,3,,
REJEKI INDAH MANDIRI,Pupuk,3,0,3,,
REKATANI INDONESIA,Pupuk,3,0,3,,
RUCI TANI JAYA ABADI,Pupuk,3,0,3,,
RUHISA PERSADA,Pupuk,3,0,3,,
SAF AGRO JAYA,Pupuk,3,0,3,,
SANG HYANG SERI,Pupuk,3,0,3,,
SARANA GLOBAL PHOSPHORINDO,Pupuk,3,0,3,,
SARI BUMI SIDAYU,Pupuk,3,0,3,,
SIGMA KARYA BUANA,Pupuk,3,0,3,,
SUKINDO SUPRASEMESTA,Pupuk,3,0,3,,
SULTAN ISKANDAR MUDA,Pupuk,3,0,3,,
SUMBER ALAM UNGGUL,Pupuk,3,0,3,,
SURYA MENTARI SAKTINDO,Pupuk,3,0,3,,
SUTERA AGRINDO UTAMA,Pupuk,3,0,3,,
TIGA UNGGUL SEJAHTERA,Pupuk,3,0,3,,
WIRAPUTRA AGRO MANDIRI,Pupuk,3,0,3,,
ADAMAS MAKMUR SEJAHTERA,Pupuk,2,0,2,,
ADITYA MANDIRI UTAMA,Pupuk,2,0,2,,
AGAPE SINAR NUSANTARA,Pupuk,2,0,2,,
AGRI MAKMUR MEGA PERKASA INDO,Pupuk,2,0,2,,
AGRO BEN INDONESIA,Pupuk,2,0,2,,
AGRO GEMILANG INDONESIA,Pupuk,2,0,2,,
AGRO JAYA OKTAVIANT,Pupuk,2,0,2,,
AGRO LESTARI MAKMUR NUSANTARA,Pupuk,2,0,2,,
AGRO MARITIM NUSANTARA,Pupuk,2,0,2,,
AGROCHEM MEGA GLOBALINDO,Pupuk,2,0,2,,
AGRONIKO NUSANTARA,Pupuk,2,0,2,,
AGUNG PRATAMA INDONESIA,Pupuk,2,0,2,,
ALAM MANFAAT BERKAH,Pupuk,2,0,2,,
AMANAH JAYA TANI,Pupuk,2,0,2,,
ANSELL AGRO INDONESIA,Pupuk,2,0,2,,
ANUGERAH DOLOMIT INDONESIA,Pupuk,2,0,2,,
ANUGERAH DOLOMIT LESTARI,Pupuk,2,0,2,,
ANUGRAH CEMERLANG INDONESIA,Pupuk,2,0,2,,
AWM ELITE INTERNATIONAL,Pupuk,2,0,2,,
BAHAGIA ALAM SEJATI,Pupuk,2,0,2,,
BAKAPINDO,Pupuk,2,0,2,,
BASF DISTRIBUTION INDONESIA,Pupuk,2,0,2,,
BEKTI JOYO SAMPURNO,Pupuk,2,0,2,,
BENE PYTO TANI JAYA,Pupuk,2,0,2,,
BERJAYA INTI PERKASA,Pupuk,2,0,2,,
BINTANG MARGOMULYA ORGANIK,Pupuk,2,0,2,,
BIO AGRO REVOLUTIONARY UTILITY,Pupuk,2,0,2,,
BIO CYCLE INDO,Pupuk,2,0,2,,
BIO NUSANTARA ALAMI,Pupuk,2,0,2,,
BIOMINO INDONESIA PERSADA,Pupuk,2,0,2,,
BIOTECH FERTILIZER INDONESIA,Pupuk,2,0,2,,
BORNEO INTECH,Pupuk,2,0,2,,
BUKIT RAYA,Pupuk,2,0,2,,
BUMI PARIGI,Pupuk,2,0,2,,
BUMI SUBUR KHATULISTIWA,Pupuk,2,0,2,,
C.V. Berkat Eya Pratama,Pupuk,2,0,2,,
CIBADAK AGRI,Pupuk,2,0,2,,
CV AGRO JAYA OCTAVIANT,Pupuk,2,0,2,,
CV ALAM MAKMUR TANI AGRO,Pupuk,2,0,2,,
CV PALUGADA SUKSES BERSAMA,Pupuk,2,0,2,,
CV Pandu Pratama Karya,Pupuk,2,0,2,,
CV REZKI UTAMA MANDIRI,Pupuk,2,0,2,,
CV SURYA CITRA PERKASA,Pupuk,2,0,2,,
CV Trubus Mas Lestari,Pupuk,2,0,2,,TRUBUS MAS LESTARI
CV. AGRO MANDIRI SEJAHTERA,Pestisida,0,2,2,Insektisida:1; Fungisida:1,
CV. AGRO MITRA BERJAYA,Pupuk,2,0,2,,
CV. ANGKASA DIGITAL NIAGA,Pestisida,0,2,2,Rodentisida:2,
CV. APDIL APDILAH SUPER BUAH,Pupuk,2,0,2,,APDIL APDILAH SUPER BUAH
CV. Arta Putri,Pupuk,2,0,2,,ARTA PUTRI
CV. BANGKIT JAYA,Pestisida,0,2,2,Insektisida:2,
CV. BAROKAH ZA,Pupuk,2,0,2,,
CV. BINTANG TANI SEJAHTERA,Pestisida,0,2,2,Herbisida:2,
CV. BRISH WATE,Pupuk,2,0,2,,
CV. BUMI AGRO MANDIRI,Pupuk,2,0,2,,
CV. Bambu Emas,Pupuk,2,0,2,,
CV. Bintang Berlian,Pupuk,2,0,2,,BINTANG BERLIAN
CV. Blessindo Maju Bersama,Pupuk,2,0,2,,
CV. Bulaksari Farm,Pupuk,2,0,2,,
CV. Bumi Agro Indonesia,Pupuk,2,0,2,,
CV. Bunga Agro Lestari,Pupuk,2,0,2,,BUNGA AGRO LESTARI
CV. CENTRA AGRINUSA,Pupuk,2,0,2,,
CV. Casa Farm Hidroponik,Pupuk,2,0,2,,
CV. Christdo Titian Jaya,Pupuk,2,0,2,,CHRISTDO TITIAN JAYA
CV. DELTA FORTUNA,Pupuk,2,0,2,,DELTA FORTUNA
CV. DITAMA RAYA,Pupuk+Pestisida,1,1,2,Zat Pengatur Tumbuh Tanaman:1,
CV. Dewi,Pupuk,2,0,2,,DEWI
CV. EUREEKA INDONESIA,Pupuk+Pestisida,1,1,2,Insektisida:1,EUREEKA INDONESIA
CV. Empat Serangkai,Pupuk,2,0,2,,
CV. Gunung Dono Putra,Pupuk,2,0,2,,GUNUNG DONO PUTRA
CV. H.C.S. POWERINDO,Pupuk+Pestisida,1,1,2,Insektisida:1,H.C.S. POWERINDO
CV. Hattara Citra Argo,Pupuk,2,0,2,,HATTARA CITRA ARGO
CV. Intan Permata Dunia,Pupuk,2,0,2,,
CV. JAVA INDAH,Pupuk,2,0,2,,JAVA INDAH
CV. MANUNGGAL ABADI SENTOSA,Pupuk,2,0,2,,CV MANUNGGAL ABADI SENTOSA
CV. MASTERGREEN AGROCHEMICAL INDONESIA,Pestisida,0,2,2,Insektisida:1; Zat Pengatur Tumbuh Tanaman:1,
CV. MULTIGRO MAKMUR ABADI,Pestisida,0,2,2,Herbisida:2,
CV. NAZA AGRO'S,Pupuk+Pestisida,1,1,2,Fungisida:1,NAZA AGRO'S
CV. Organic Farming Indonesia,Pupuk,2,0,2,,ORGANIC FARMING INDONESIA
CV. PARI MAS,Pupuk,2,0,2,,
CV. PERSADA MAKMUR TANI SENTOSA,Pupuk,2,0,2,,
CV. PUPUK AGRI MANDIRI,Pupuk,2,0,2,,
CV. PUSAKA ALAM,Pupuk,2,0,2,,
CV. Pilar Fasa Mandiri,Pupuk,2,0,2,,
CV. Rachma Farm Sejahtera,Pupuk,2,0,2,,
CV. Randu Aji,Pupuk,2,0,2,,
CV. Rejeki Lumintu Makmur,Pupuk,2,0,2,,
CV. SABAR BERSAUDARA,Pupuk,2,0,2,,
CV. SAKASAKI,Pestisida,0,2,2,Fungisida:1; Insektisida:1,
CV. SAMI JAYA AGRO,Pupuk,2,0,2,,
CV. SUBURI PUTRA MANDIRI,Pupuk,2,0,2,,SUBURI PUTRA MANDIRI
CV. SUMBER MULYO SEJAHTERA,Pupuk,2,0,2,,
CV. SURYA AGRO PERKASA,Pestisida,0,2,2,Herbisida:2,
CV. Sejahtera Abadi,Pupuk,2,0,2,,SEJAHTERA ABADI
CV. Sinar Sejahtera,Pupuk,2,0,2,,
CV. TANI LESTARI,Pestisida,0,2,2,Herbisida:2,
CV. Telsap Utama,Pupuk,2,0,2,,TELSAP UTAMA
CV. Yoland Tani Indonesia,Pupuk,2,0,2,,
CV.AGROTANI,Pupuk,2,0,2,,AGROTANI
CV.PETRO INTI PERKASA,Pupuk,2,0,2,,
CV.Sekar Sari,Pupuk,2,0,2,,
DASTRA KARYA SEMESTA,Pupuk,2,0,2,,
DHARMA GUNA,Pupuk,2,0,2,,
DHARMA KARTAPURA,Pupuk,2,0,2,,
DIAMOND INTEREST INTERNATIONAL,Pupuk,2,0,2,,
DIRA LIMINDO PUTRA,Pupuk,2,0,2,,
DWI KENCANA ABADI,Pupuk,2,0,2,,
EKA TIMUR RAYA,Pupuk,2,0,2,,
EKARAYA,Pupuk,2,0,2,,
EKO SUNGKONO,Pupuk,2,0,2,,
ELEVASI AGRI INDONESIA,Pupuk,2,0,2,,
EMPAT LIMA NUSWANTORO,Pupuk,2,0,2,,
ESA DISTRIBUSI NUSANTARA,Pupuk,2,0,2,,
FERTINDO AGRONUSA PERSADA,Pupuk,2,0,2,,
GADASAKTI AGRITEK PRATAMA,Pupuk,2,0,2,,
GAUDY BARCA PUTRA,Pupuk,2,0,2,,
GEMA MITRA ANDALAN,Pupuk,2,0,2,,
GEMOLONG SUCI,Pupuk,2,0,2,,
GLOBALINDO INTI PERSADA,Pupuk,2,0,2,,
GOLDEN SUMMIT JAYA,Pupuk,2,0,2,,
GRAHA BIOFARM SOLUSI,Pupuk,2,0,2,,
GREENTRACK TECHNOLOGY INDONESIA,Pupuk,2,0,2,,
GRHA FERRY INDUSTRI,Pupuk,2,0,2,,
GUANO BERKAH SEJAHTERA,Pupuk,2,0,2,,
HABIBI PUTRA TANI,Pupuk,2,0,2,,
HIMALAYA AGRO INVESTAMA,Pupuk,2,0,2,,
HSP CITRA GLOBAL,Pupuk,2,0,2,,
HUMAN LIFE INDONESIA,Pupuk,2,0,2,,
HUSNA AGRO PERKASA,Pupuk,2,0,2,,
INDONESIA GREEN INNOVATION,Pupuk,2,0,2,,
INDOSOL MAKMUR,Pupuk,2,0,2,,
INOVASI FERTILIZER GROWPLANT,Pupuk,2,0,2,,
INTER ALL,Pupuk,2,0,2,,
JAKE AGRO JAYA,Pupuk,2,0,2,,
JAVA KARLOS INDONESIA,Pupuk,2,0,2,,
JOS AGRO MANDIRI,Pupuk,2,0,2,,
KANANITORA,Pupuk,2,0,2,,
KARFOS,Pupuk,2,0,2,,
KARUNIA PERMATA UTAMA,Pupuk,2,0,2,,
KARUNIA ROTORINDO TANI,Pupuk,2,0,2,,
KHANSA CITRA BUANA,Pupuk,2,0,2,,
KHARISMA MUTIARA AGRO,Pupuk,2,0,2,,
KIRANI AGRINUSANTARA,Pupuk,2,0,2,,
KKI NUSANTARA SUKSES,Pupuk,2,0,2,,
KRISNA CAKRA CYRILLA,Pupuk,2,0,2,,
KURNIA AGRO,Pupuk,2,0,2,,
KUTAI AGROLESTARI MAKMUR,Pupuk,2,0,2,,
Koperasi Karyawan Puspa Kencana,Pupuk,2,0,2,,
Koperasi Puspa Kencana,Pupuk,2,0,2,,
LINTANG BORNEO MANDIRI INDONESIA,Pupuk,2,0,2,,
LOH JINAWI AKSHAYA,Pupuk,2,0,2,,
MAHESA PANTURA GRESIK,Pupuk,2,0,2,,
MAHITALA MIRA INDONESIA,Pupuk,2,0,2,,
MAMORA MARTUA JAYA,Pupuk,2,0,2,,
MANIS SPORTIF,Pupuk,2,0,2,,
MANUVERE EGLORY CHEMAGRI,Pupuk,2,0,2,,
MEDIA BUANA PERSADA,Pupuk,2,0,2,,
MEGAH AGRI MEDIA BAROKAH,Pupuk,2,0,2,,
MEGARHIZO EGA PERSADA,Pupuk,2,0,2,,
MENTHOBI HIJAU LESTARI,Pupuk,2,0,2,,
MERDEKA BAHARI INDONESIA,Pupuk,2,0,2,,
MEREK INDAH LESTARI,Pupuk,2,0,2,,
MERPORIZAD BERKAH ABADI,Pupuk,2,0,2,,
MESUNJA PRIMA TECH,Pupuk,2,0,2,,
META JAYA,Pupuk,2,0,2,,
MITRA TANI GROUP INDONESIA,Pupuk,2,0,2,,
MULTI AGRINDO NUSANTARA,Pupuk,2,0,2,,
MUSTIKA AGRO TANI,Pupuk,2,0,2,,
NAKULA AGRI JAYA,Pupuk,2,0,2,,
NUSANTARA SEJAHTERA MEDICA,Pupuk,2,0,2,,
PANDAWA AGRI INDONESIA,Pupuk,2,0,2,,
PATIH GAJAHMADA,Pupuk+Pestisida,1,1,2,Fungisida:1,
PD. GARUDA,Pestisida,0,2,2,Moluskisida:2,
PENTA AGROCHEM MULIA,Pupuk,2,0,2,,
PETROKIMIA KEBOMAS GRESIK,Pupuk,2,0,2,,
PILAR LIMA,Pupuk,2,0,2,,
PRIMA AGRO LESTARI,Pupuk,2,0,2,,
PRIMA AGRO ORGANIC,Pupuk,2,0,2,,
PROFARM FERTILINDO,Pupuk,2,0,2,,
PROSPER MEGA NUSANTARA,Pupuk,2,0,2,,
PT .PLANETBIRU INDONESIA,Pupuk,2,0,2,,
PT Agri Maju Perkasa,Pupuk,2,0,2,,
PT Buana Hijau Pratama,Pupuk,2,0,2,,BUANA HIJAU PRATAMA
PT Bukit Mas Murti Persada,Pupuk,2,0,2,,BUKIT MAS MURTI PERSADA
PT DIC Graphics,Pupuk,2,0,2,,
PT ISARU TEKNOLOGI NUSANTARA,Pupuk,2,0,2,,
PT LION WINGS,Pestisida,0,2,2,Repelen:2,
PT Mycotech Agro Asia,Pupuk,2,0,2,,
PT PRIMASID ANDALAN UTAMA,Pupuk,2,0,2,,
PT PUPUK KELAPA SAWIT JAYA,Pupuk,2,0,2,,PUPUK KELAPA SAWIT JAYA
PT SASA INTI,Pupuk,2,0,2,,SASA INTI
PT SATYA PADMA AGRISOL,Pupuk,2,0,2,,
PT Tunas Makmur Jaya Abadi,Pupuk,2,0,2,,TUNAS MAKMUR JAYA ABADI
PT. ADAMAS ASABHUMI,Pupuk,2,0,2,,ADAMAS ASABHUMI
PT. AGRO NIAGA GLOBALINDO,Pupuk,2,0,2,,
PT. AGRO SENTOSA INDAH KARUNIA,Pestisida,0,2,2,Herbisida:2,
PT. AGROCHEM JAYA,Pestisida,0,2,2,Insektisida:1; Fungisida:1,
PT. AGROMAX ALAMI SUKSES,Pupuk,2,0,2,,
PT. ANUGRAH SENTANA AGRO,Pestisida,0,2,2,Zat Pengatur Tumbuh Tanaman:2,
PT. ANUGRAHA ALAM SENTOSA,Pupuk,2,0,2,,ANUGRAHA ALAM SENTOSA
PT. ARTHASIDDHI SUKSES ANUGERAH,Pupuk,2,0,2,,ARTHASIDDHI SUKSES ANUGERAH
PT. Alam Lestari Maju Indonesia,Pupuk,2,0,2,,
PT. Andalan Usaha Indonesia,Pupuk,2,0,2,,
PT. BINTANG CAHAYA AGRO PLANET,Pestisida,0,2,2,Herbisida:2,
PT. BINTANG CHEMICAL ABADI,Pupuk,2,0,2,,
PT. BIO AGRI LINK,Pupuk+Pestisida,1,1,2,Insektisida:1,BIO AGRI LINK
PT. BIOGREEN AGRO NUSA,Pupuk,2,0,2,,
PT. BUKIT PRIMA NIAGA,Pupuk,2,0,2,,
PT. Bahagia Jaya Sinergy,Pupuk,2,0,2,,BAHAGIA JAYA SINERGY
PT. Balohan Jaya Utama,Pupuk,2,0,2,,
PT. Bio Takemi Global,Pupuk,2,0,2,,
PT. CATUR KARTIKA JAYA,Pupuk+Pestisida,1,1,2,Pestisida Pengendalian Vektor Penyakit Pada Manusia:1,CATUR KARTIKA JAYA
PT. CHEMIFIN JAYA UTAMA,Pestisida,0,2,2,Pestisida lain-lain:2,
PT. Cahaya Inti Tunggal,Pupuk,2,0,2,,
PT. Catur HIdayah Lestari,Pupuk,2,0,2,,
PT. DAHLIAH DUTA UTAMA,Pupuk,2,0,2,,DAHLIAH DUTA UTAMA
PT. DAYA MERRY PERSADA,Pupuk+Pestisida,1,1,2,Herbisida:1,DAYA MERRY PERSADA
PT. DAYA MUDA AGUNG,Pestisida,0,2,2,Insektisida:1; Pestisida Pengendalian Vektor Penyakit Pada Manusia:1,
PT. DOVER CHEMICAL,Pestisida,0,2,2,Fungisida:2,
PT. Dwi Mitra,Pupuk,2,0,2,,
PT. ENVITEC MULTI INDONESIA,Pupuk,2,0,2,,ENVITEC MULTI INDONESIA
PT. ESSENCE AGRO CHEMICAL,Pestisida,0,2,2,Insektisida:1; Fungisida:1,
PT. FABINDO SEJAHTERA,Pestisida,0,2,2,Repelen:1; Pestisida Rumah Tangga:1,
PT. FAJAR NASIONAL CIPTA,Pestisida,0,2,2,Insektisida:2,
PT. FLORA FAUNA AGRO,Pestisida,0,2,2,Herbisida:2,
PT. FLORA FAUNA MANGGALA,Pestisida,0,2,2,Herbisida:2,
PT. FORMULA DISTRIBUSI KIMIA,Pupuk,2,0,2,,FORMULA DISTRIBUSI KIMIA
PT. GEKA MITRA NIAGA,Pestisida,0,2,2,Fungisida:1; Herbisida:1,
PT. GIGA PUTRA TANI,Pestisida,0,2,2,Pestisida Pengendalian Vektor Penyakit Pada Manusia:2,
PT. GRAHA AGRO MAKMUR,Pestisida,0,2,2,Herbisida:2,
PT. GREEN ORGANIC DAILY,Pestisida,0,2,2,Pestisida Rumah Tangga:2,
PT. INDOGAL AGRO TRADING,Pupuk,2,0,2,,
PT. INTISUBUR KIMINDO RAYA,Pestisida,0,2,2,Herbisida:2,
PT. INTITANI AGROKIMINDO,Pestisida,0,2,2,Herbisida:2,
PT. Inovasi Natural Bio Organik,Pupuk,2,0,2,,
PT. Intidaya Agrolestari,Pupuk,2,0,2,,INTIDAYA AGROLESTARI
PT. KARYA ALAM SUKSES,Pupuk,2,0,2,,KARYA ALAM SUKSES
PT. KENCANA AGRO GOLDENSIDA,Pestisida,0,2,2,Insektisida:2,
PT. KK Indonesia,Pupuk,2,0,2,,KK INDONESIA
PT. LABEZAR UTAMA INDONESIA,Pupuk+Pestisida,1,1,2,Insektisida:1,LABEZAR UTAMA INDONESIA
PT. LOTUS GLOBALINDO SENTOSA,Pestisida,0,2,2,Bahan pengawet kayu:2,
PT. MAKUTA AGRO SEJATI,Pestisida,0,2,2,Zat Pengatur Tumbuh Tanaman:2,
PT. MASTRA INDOKORPORA,Pestisida,0,2,2,Herbisida:2,
PT. MENARA BERLIAN,Pestisida,0,2,2,Zat Pengatur Tumbuh Tanaman:2,
PT. MITRA CHEMICAL WISESA,Pupuk,2,0,2,,
PT. Menara Dwikarya Prima,Pupuk,2,0,2,,
PT. Mitra Gresik Indonesia,Pupuk,2,0,2,,MITRA GRESIK INDONESIA
PT. NOPOSION AGROCHEMICALS INDONESIA,Pestisida,0,2,2,Moluskisida:1; Herbisida:1,
PT. NUANSA INDORAYA PERKASA,Pupuk,2,0,2,,NUANSA INDORAYA PERKASA
PT. NUSANTARA AGRO FARMA,Pupuk,2,0,2,,NUSANTARA AGRO FARMA
PT. OGINESIA MULTI TANI,Pestisida,0,2,2,Herbisida:1; Insektisida:1,
PT. PANCA AGRO NIAGA LESTARI,Pestisida,0,2,2,Atraktan / Feromon:1; Herbisida:1,
PT. PERTIWI INTERTRADE,Pestisida,0,2,2,Fungisida:2,
PT. PRIMASID ANDALANUTAMA,Pupuk+Pestisida,1,1,2,Zat Pengatur Tumbuh Tanaman:1,PRIMASID ANDALANUTAMA
PT. PT BESTAGRO INDO SUKSES,Pestisida,0,2,2,Rodentisida:1; Insektisida:1,
PT. PT. Anugerah Sarana Hayati,Pupuk+Pestisida,1,1,2,Atraktan / Feromon:1,PT. Anugerah Sarana Hayati
PT. Pakar Pupuk Nusantara,Pupuk,2,0,2,,
PT. Persada Pupuk Indonesia,Pupuk,2,0,2,,PT PERSADA PUPUK INDONESIA
PT. QL Agrofood,Pupuk,2,0,2,,QL AGROFOOD
PT. REJOSO MANIS INDO,Pupuk,2,0,2,,
PT. SANITAS,Pestisida,0,2,2,Zat Pengatur Tumbuh Tanaman:1; Insektisida:1,
PT. SANOVA,Pestisida,0,2,2,Fungisida:1; Herbisida:1,
PT. SEMESTA HARAPAN INDONESIA,Pestisida,0,2,2,Herbisida:2,
PT. SINAR MAS AGRO RESOURCES AND TECHNOLOGY,Pupuk+Pestisida,1,1,2,Atraktan / Feromon:1,SINAR MAS AGRO RESOURCES AND TECHNOLOGY
PT. SINAR PERSADA JAYA,Pupuk,2,0,2,,
PT. SUBUR INDAH SUKSES GEMILANG,Pupuk,2,0,2,,
PT. SURYA PRATAMA ALAM,Pupuk,2,0,2,,
PT. Sarana Agro Panata,Pupuk,2,0,2,,
PT. Saribumi Dewatalestari,Pupuk,2,0,2,,
PT. Satya Agrindo Perkasa,Pupuk,2,0,2,,
PT. Sitosu Agro Cemerlang,Pupuk,2,0,2,,SITOSU AGRO CEMERLANG
PT. Soko Tani Sejagad,Pupuk,2,0,2,,
PT. Sri Dipo Nuswantoro,Pupuk,2,0,2,,SRI DIPO NUSWANTORO
PT. TIMUR ALAM RAYA,Pupuk,2,0,2,,
PT. TRI AYUMON TERPADU,Pestisida,0,2,2,Fumigan:2,
PT. TRIKA SAKA JAYA,Pestisida,0,2,2,Bahan pengawet kayu:2,
PT. TURRIMA AGRO MASS BORNEO,Pestisida,0,2,2,Herbisida:2,
PT. Tiara Kurnia,Pupuk,2,0,2,,
PT. Tri Mukti Nusantara Indonesia,Pupuk,2,0,2,,
PT. V MAX ASIA TANI,Pestisida,0,2,2,Herbisida:2,
PT. VERONA MULTIKIMIA ABADI,Pupuk,2,0,2,,
PT. WIHADIL,Pestisida,0,2,2,Herbisida:2,
PT. YASIDA MAKMUR ABADI,Pestisida,0,2,2,Herbisida:1; Insektisida:1,
PT.Alas Metuah Perdana,Pupuk,2,0,2,,
PT.BUMI PERKASA AGRINDO,Pupuk,2,0,2,,
PT.MANDIRI DASAR UTAMA,Pupuk,2,0,2,,MANDIRI DASAR UTAMA
PT.MITRA UTAMA MAKMUR,Pupuk,2,0,2,,
PT.MYCO AGRO LESTARI,Pupuk,2,0,2,,
PT.PRAMUDITA DARYA PARMA,Pupuk,2,0,2,,PRAMUDITA DARYA PARMA
PT.PRATAMA SUBUR AGRITAMA,Pupuk,2,0,2,,
PT.SUBUR ALAM SEJAHTERA,Pupuk,2,0,2,,
PT.Vietindo Agro Lestari,Pupuk,2,0,2,,VIETINDO AGRO LESTARI
PUNDI NUSANTARA RAYA,Pupuk,2,0,2,,
PUTRA BARAGE RAYA,Pupuk,2,0,2,,
PUTRA KIMIA GRESIK,Pupuk,2,0,2,,
PUTRA NUSA,Pupuk,2,0,2,,
RAYON UTAMA KHATULISTIWA,Pupuk,2,0,2,,
RESTU MANDIRI INDONESIA,Pupuk,2,0,2,,
REZEKI UTAMA JAYA,Pupuk,2,0,2,,
RILIS,Pupuk,2,0,2,,
SAGARA PRIMA PERKASA,Pupuk,2,0,2,,
SAMUDERA ATLANTIK JAYA ABADI,Pupuk,2,0,2,,
SARI MAHAPHALA INDONESIA,Pupuk,2,0,2,,
SAWIT CENTER INDONESIA,Pupuk,2,0,2,,
SEHAT CEMERLANG SEJAHTERA,Pupuk,2,0,2,,
SELLA SANGIANG ASRI,Pupuk,2,0,2,,
SEMERU 23 GROUP,Pupuk,2,0,2,,
SETIA USAHA TANI MANDIRI,Pupuk,2,0,2,,
SHINAMJAYA ABADI,Pupuk,2,0,2,,
SIDENRENG AGRO INNO TECH,Pupuk,2,0,2,,
SONGGOLANGIT PERSADA,Pupuk,2,0,2,,
SUAKABUMI,Pupuk,2,0,2,,
SUBUR MAKMUR ORGANIK,Pupuk,2,0,2,,
SUKSES ABADI TANI INDONESIA,Pupuk,2,0,2,,
SUMATERA MINERAL SEJAHTERA,Pupuk,2,0,2,,
SUMBER AGUNG PUTRA JAYA,Pupuk,2,0,2,,
SURYA DUTA GREENINDO,Pupuk,2,0,2,,
TANATANI,Pupuk,2,0,2,,
TECHNER INDO RAYA,Pupuk,2,0,2,,
TIGA DARA JAYA,Pupuk,2,0,2,,
TRI MITRA AGRO UTAMA,Pupuk,2,0,2,,
TRIDI AGENG GEMILANG,Pupuk,2,0,2,,
TUNAS JAVA MANDIRI,Pupuk,2,0,2,,
"Tiara Kurnia, PT",Pupuk,2,0,2,,
WIBAWA MUKTI,Pupuk,2,0,2,,
WINDU KENCANA MULYA,Pupuk,2,0,2,,
WIRA TANI MAKMUR,Pupuk,2,0,2,,
WISH INDONESIA,Pupuk,2,0,2,,
YIH SHENNINDO MAKMUR JAYA,Pupuk,2,0,2,,
ABU NAWAS MEU ADAB,Pupuk,1,0,1,,
ACE BIO CARE,Pupuk,1,0,1,,
ADHI MANGGALA,Pupuk,1,0,1,,
ADHIESTA NUGRAHA,Pupuk,1,0,1,,
AGAR SARI JAYA,Pupuk,1,0,1,,
AGRANAS KARYA MANDIRI,Pupuk,1,0,1,,
AGRARIA SENTOSA NUSANTARA,Pupuk,1,0,1,,
AGRI NUSA TANI,Pupuk,1,0,1,,
AGRIMAS CITRA MANDIRI,Pupuk,1,0,1,,
AGRIVEST ALAM ASIA,Pupuk,1,0,1,,
AGRO ANDALAS JAYA,Pupuk,1,0,1,,
AGRO BERKAH MANDIRI JAYA,Pupuk,1,0,1,,
AGRO CULTURE,Pupuk,1,0,1,,
AGRO GALBA RABUKA,Pupuk,1,0,1,,
AGRO INDO MANDIRI,Pupuk,1,0,1,,
AGRO INVESTAMA LESTARI,Pupuk,1,0,1,,
AGRO LESTARINDO,Pupuk,1,0,1,,
AGRO MAKMUR BERSAMA,Pupuk,1,0,1,,
AGRO MUJIZAT INTEGRASI NUSANTARA,Pupuk,1,0,1,,
AGRO MUSTIKA ABADI,Pupuk,1,0,1,,
AGRO RIZVIK PRADANA,Pupuk,1,0,1,,
AGRO TANI PERTIWI,Pupuk,1,0,1,,
AGRO UNGGUL,Pupuk,1,0,1,,
AGROBION SEJAHTERA,Pupuk,1,0,1,,
AGROJAYA LESTARI,Pupuk,1,0,1,,
AGROSINDO UTAMA,Pupuk,1,0,1,,
AGROSMART,Pupuk,1,0,1,,
AGROTIS GAIA INDONESIA,Pupuk,1,0,1,,
AJE PRATAMA GEMILANG,Pupuk,1,0,1,,
AKHTARINDO CHEMICAL SPECIALIST,Pupuk,1,0,1,,
AL HADID DUA PULUH,Pupuk,1,0,1,,
ALAM KIMIA BLITZ PERKASA,Pupuk,1,0,1,,
ALAM PERKASA JAYA,Pupuk,1,0,1,,
ALAM SEMESTA TEKHNOVASI,Pupuk,1,0,1,,
ALAMI ORION AGROTAMA,Pupuk,1,0,1,,
ALAMO GREENLIFE INTERNATIONAL,Pupuk,1,0,1,,
ALGATROPIA INDONESIA RAYA,Pupuk,1,0,1,,
ALOVE BALI IND,Pupuk,1,0,1,,
AMINDOWAY JAYA,Pupuk,1,0,1,,
ANAGATA AGRO ABADI,Pupuk,1,0,1,,
ANAYA GLOBAL INDONESIA,Pupuk,1,0,1,,
ANDALAS DOLOMIT SEJAHTERA,Pupuk,1,0,1,,
ANEKA FLORA INDONESIA,Pupuk,1,0,1,,
ANGSA MAS JAYA,Pupuk,1,0,1,,
ANISA AGRO LESTARI,Pupuk,1,0,1,,
ANTARES MULTI ENERGI,Pupuk,1,0,1,,
ANTASENA TAMBANG MAKMUR,Pupuk,1,0,1,,
ANUGRAH LESTARI INDONESIA,Pupuk,1,0,1,,
ANUGRAH TUNAS MANDIRI,Pupuk,1,0,1,,
ARFADA TIGAPUTRA BUDIWIBOWO,Pupuk,1,0,1,,
ARGA TANI MANDIRI,Pupuk,1,0,1,,
ARGO WIRA BUANA,Pupuk,1,0,1,,
ARIF FIZAH FERTILIZER,Pupuk,1,0,1,,
ARINAKI MULIA BERSAMA,Pupuk,1,0,1,,
ARJUNA GRESIK BUMI PERKASA,Pupuk,1,0,1,,
ARMAFAN BAKTI SESAMA,Pupuk,1,0,1,,
AROMA,Pestisida,0,1,1,Fungisida:1,
ARPINDO PERKASA,Pupuk,1,0,1,,
ARTHA MUARA FERTILIZER,Pupuk,1,0,1,,
ARTHA TANI UNGGUL,Pupuk,1,0,1,,
ARWANA TANI MAKMUR,Pupuk,1,0,1,,
ASA MANDIRI SEJAHTERA,Pupuk,1,0,1,,
ASIA PACIFIC MARKETING INTERNATIONAL,Pupuk,1,0,1,,
ASIA PACIFIC RAYON,Pupuk,1,0,1,,
ASPA SEMBILAN TUJUH FARMER INDUSTRY,Pupuk,1,0,1,,
ASRI JAYA RAYA,Pupuk,1,0,1,,
ASTINA MEGAH ABADI,Pupuk,1,0,1,,
AUMA MAJU JAYA,Pupuk,1,0,1,,
AURORA SABANGSATIA,Pupuk,1,0,1,,
AZKA MANDIRI,Pupuk,1,0,1,,
BADAN USAHA MILIK PETANI (BUMP) PT. PENGAYOM TANI SEJAGAD,Pupuk,1,0,1,,
BANGBARA SADULUR MAKMUR,Pupuk,1,0,1,,
BANGKIT SOLUSI AGRINDO,Pupuk,1,0,1,,
BARATAYUDA AGRO TANI,Pupuk,1,0,1,,
BARDLIN PRAWARA LOKA,Pupuk,1,0,1,,
BAROKAH ABADI TANI,Pupuk,1,0,1,,
BAROKAH TANI JAYA BERSAMA,Pupuk,1,0,1,,
BASIMBAH TANI SYAHDILATA,Pupuk,1,0,1,,
BATARA SUBUR TANI,Pupuk,1,0,1,,
BATARAGENI KARYA MANDIRI,Pupuk,1,0,1,,
BAWANA INDO UNIVERSAL,Pupuk,1,0,1,,
BELERANG GUNUNG KAWAH IJEN,Pupuk,1,0,1,,
BENATA,Pupuk,1,0,1,,
BENGKEL MIMPI NUSANTARA,Pupuk,1,0,1,,
BENIH ROMAN AGRO,Pupuk,1,0,1,,
BERDI ORGANIK INTERNASIONAL,Pupuk,1,0,1,,
BERKAH ALAM GEMILANG,Pupuk,1,0,1,,
BERKAH ALAM NUSANTARA FERTILIZER,Pupuk,1,0,1,,
BERKAH AUTO SUKSES SEJAHTERA,Pupuk,1,0,1,,
BERKAH BUMI BARU,Pupuk,1,0,1,,
BERKAH FIQRI KERINCI,Pupuk,1,0,1,,
BERKAH SUKSES TEKNOLOGI,Pupuk,1,0,1,,
BERKAH TANI PERKASA,Pupuk,1,0,1,,
BERKAT HIJAU SUBUR MELIMPAH,Pupuk,1,0,1,,
BERKATINDO NUSANTARA BERSINAR,Pupuk,1,0,1,,
BERLIAN ANUGERAH JAYA,Pupuk,1,0,1,,
BERNIAGA SINERGI NUSANTARA,Pupuk,1,0,1,,
BERSAMA AGRI MAKMUR,Pupuk,1,0,1,,
BHETOCHAR ENERGI NUSANTARA,Pupuk,1,0,1,,
BIAN JAYA MAKMUR,Pupuk,1,0,1,,
BIMA JAYA FARM,Pupuk,1,0,1,,
BIN ZEIN AGRICULTURE,Pupuk,1,0,1,,
BINA TANI MULIA,Pupuk,1,0,1,,
BINA ZHINOFA INDUSTRI,Pupuk,1,0,1,,
BINANGUN GEMILANG SEMBADA,Pupuk,1,0,1,,
BINTANG WARNA,Pupuk,1,0,1,,
BIO AGRO LESTARI INDONESIA,Pupuk,1,0,1,,
BIO BATARA JAYA,Pupuk,1,0,1,,
BIO DEMETER SUBUR BERKAH,Pupuk,1,0,1,,
BIO DITA ORGANIK,Pupuk,1,0,1,,
BIO HARUN INDONESIA,Pupuk,1,0,1,,
BIO NUSA LESTARI,Pupuk,1,0,1,,
BIO POLLEN INDONESIA,Pupuk,1,0,1,,
BIO SAMURAI JAPKORI,Pupuk,1,0,1,,
BIOCARE INDONESIA LANGGENG,Pupuk,1,0,1,,
BIOCHEM INTI GLOBAL,Pupuk,1,0,1,,
BIOKLANTEK NUSANTARA,Pupuk,1,0,1,,
BIOPOR SINERGY NUSANTARA,Pupuk,1,0,1,,
BIOTEK AGRI LESTARI,Pupuk,1,0,1,,
BIOTEK AGRO NUSANTARA,Pupuk,1,0,1,,
BLANG RAYA INDO,Pupuk,1,0,1,,
BUKIT KAPUR ALAM RAYA,Pupuk,1,0,1,,
BULAN BINTANG JAYA,Pupuk,1,0,1,,
BUMI ALAM JATI,Pupuk,1,0,1,,
BUMI ASIH LELUHUR,Pupuk,1,0,1,,
BUMI LAVANAA AGRO INDUSTRI,Pupuk,1,0,1,,
BUMI MAKMUR,Pupuk,1,0,1,,
BUMI MAKMUR SEJAHTERA LAMONGAN,Pupuk,1,0,1,,
BUMI MAKMUR WIDYADHANA,Pupuk,1,0,1,,
BUMI NOTO ROGO,Pupuk,1,0,1,,
BUMI SRIWIJAYA INDONESIA,Pupuk,1,0,1,,
BUMI SUBUR UTAMA,Pupuk,1,0,1,,
BUNAYYA AGRI,Pupuk,1,0,1,,
CAHAYA AGROLEV KENCANA,Pupuk,1,0,1,,
CAHAYA BARU,Pupuk,1,0,1,,
CAHAYA BUANA ASIA,Pupuk,1,0,1,,
CAHYA TANI INDONESIA,Pupuk,1,0,1,,
CAKRA DHARMA USAHA,Pupuk,1,0,1,,
CANTIGA,Pupuk,1,0,1,,
CARIU AGRO NATURA,Pupuk,1,0,1,,
CATUR INTI PERSADA,Pupuk,1,0,1,,
CENTRAL INDO PRIMA GROUP,Pupuk,1,0,1,,
CEPOGO AGRO LESTARI,Pupuk,1,0,1,,
CIHURIP AGRO NUSA,Pupuk,1,0,1,,
CIN KOREA NUSANTARA INDONESIA,Pupuk,1,0,1,,
CIPTA ALAM MUKTI,Pupuk,1,0,1,,
CIPTA MAKMUR BERSAMA,Pupuk,1,0,1,,
CIPTA USAHA SANTOSA,Pupuk,1,0,1,,
CITRA ANUGRAH MALINOTAMA,Pupuk,1,0,1,,
CIWANGI NUTRISI TANAMAN,Pupuk,1,0,1,,
CLAREXINDO MAKMUR SEJAHTERA,Pupuk,1,0,1,,
CLEAN AND WELL PACK INDONESIA,Pupuk,1,0,1,,
COKRO JOYO MITRA TANI,Pupuk,1,0,1,,
COKRO JOYO PASTI CUAN,Pupuk,1,0,1,,
CV . Berkah Tani Mandiri,Pupuk,1,0,1,,
CV AGRO SENTOSA ABADI,Pupuk,1,0,1,,
CV ANANTA WINANGUN,Pupuk,1,0,1,,
CV BINA AGRO JAYA MAKMUR,Pupuk,1,0,1,,
CV BIO SENTRATAMA,Pupuk,1,0,1,,
CV INDO AGRO CHEMICAL,Pestisida,0,1,1,Insektisida:1,
CV JAYA FARMINDO,Pupuk,1,0,1,,
CV Karsa Jaya,Pupuk,1,0,1,,
CV MEGAH JAYA SEVENTIES,Pupuk,1,0,1,,
CV MULTIAGRO SARANA CEMERLANG,Pupuk,1,0,1,,
CV RAJAWALI USAHA NABATI,Pupuk,1,0,1,,
CV SUKA AYU BIONITRAT,Pupuk,1,0,1,,
CV SUNDAG AGRO FERTILIZER,Pupuk,1,0,1,,
CV TOYOPAMA,Pupuk,1,0,1,,
CV. AGRIJAYA,Pestisida,0,1,1,Fumigan:1,
CV. AGRO BIO ORGANIK,Pupuk,1,0,1,,
CV. AGRO BISNIS INDONESIA,Pupuk,1,0,1,,
CV. AGRO MIFTAHUL KHISBA,Pestisida,0,1,1,Fungisida:1,
CV. AGRO MITRA SEJAHTERA,Pupuk,1,0,1,,
CV. AL HADID 20,Pupuk,1,0,1,,
CV. ALAM NABATI ANACARDIUM,Pestisida,0,1,1,Fungisida:1,
CV. AMARTA BUANA SEJAHTERA,Pestisida,0,1,1,Herbisida:1,
CV. ANUGERAH BERSAMA,Pupuk,1,0,1,,
CV. AZKIA BINTANG NUSANTARA,Pestisida,0,1,1,Zat Pengatur Tumbuh Tanaman:1,
CV. Agro Lestari,Pupuk,1,0,1,,
CV. Agro Sumber Subur,Pupuk,1,0,1,,
CV. Agroxplore Indonesia,Pupuk,1,0,1,,
CV. Anugerah Prima Lestari,Pupuk,1,0,1,,
CV. Argo Pundi Lestari,Pupuk,1,0,1,,
CV. BERKAH MAKMUR NUSANTARA,Pupuk,1,0,1,,
CV. BINA AGRO PACIFIC,Pupuk,1,0,1,,
CV. BIR ALI JAYA,Pupuk,1,0,1,,
CV. BUMI LESTARI KINTAMANI,Pestisida,0,1,1,Insektisida:1,
CV. Baraya Maju Bersama,Pupuk,1,0,1,,
CV. CEMIKA OPTIMA,Pupuk,1,0,1,,
CV. CIPTO LANGGENG,Pupuk,1,0,1,,
CV. CONS PRIMA SENTOSA,Pupuk,1,0,1,,
CV. Citra Berlian,Pupuk,1,0,1,,
CV. DARMAPURI AGRO SEMESTA,Pupuk,1,0,1,,
CV. DUTA MAS PADJADJARAN,Pupuk,1,0,1,,
CV. Duta Oreza Indonesia,Pupuk,1,0,1,,
CV. Fian Agro Industri,Pupuk,1,0,1,,
CV. Flow Utama Nusantara,Pupuk,1,0,1,,
CV. GAZALA SEJAHTERA MADANI,Pupuk,1,0,1,,
CV. GRAHA FERTICON PERKASA,Pestisida,0,1,1,Zat Pengatur Tumbuh Tanaman:1,
CV. HANGSON,Pupuk,1,0,1,,
CV. HERBASARI,Pupuk,1,0,1,,
CV. HMS GLOBAL,Pupuk,1,0,1,,
CV. INDAH PRATAMA SARI,Pupuk,1,0,1,,
CV. INDAH TANI SEJAHTERA,Pestisida,0,1,1,Insektisida:1,
CV. INDO SAMADA,Pupuk,1,0,1,,
CV. INDO TANI,Pestisida,0,1,1,Herbisida:1,
CV. INDOZEZAR,Pupuk,1,0,1,,
CV. Jago Jasa,Pupuk,1,0,1,,
CV. KANA MAKMUR,Pupuk,1,0,1,,
CV. KIAT AGRO MANDIRI,Pupuk,1,0,1,,
CV. KOLEKTIF SURYA CEMERLANG,Pestisida,0,1,1,Rodentisida:1,
CV. LESTARI INTI AGRO,Pupuk,1,0,1,,
CV. LIVE ANGKASA,Pestisida,0,1,1,Zat Pengatur Tumbuh Tanaman:1,
CV. MANDIRI ANUGERAH ABADI,Pestisida,0,1,1,Bahan pengawet kayu:1,
CV. MANDIRI PANGAN SEJAHTERA,Pupuk,1,0,1,,
CV. MEISA ADELIA PRIMA PRO,Pupuk,1,0,1,,
CV. Maju Dua Sahabat,Pupuk,1,0,1,,
CV. Mandiri Massadidu,Pupuk,1,0,1,,
CV. Marson Syah,Pupuk,1,0,1,,
CV. Mega Organofertlizer,Pupuk,1,0,1,,
CV. Mino Tangguh Mandiri,Pupuk,1,0,1,,
CV. Multi Guna,Pupuk,1,0,1,,
CV. Mutiara Agro Persada,Pupuk,1,0,1,,
CV. NUSAGRI,Pestisida,0,1,1,Atraktan / Feromon:1,
CV. PANTRAS AGROLESTRI,Pupuk,1,0,1,,
CV. PATIH GAJAH MADA,Pupuk,1,0,1,,
CV. PONDANGI,Pupuk,1,0,1,,
CV. PRIMA SAKTI,Pupuk,1,0,1,,
CV. Putri Gresik,Pupuk,1,0,1,,
CV. RIAU AGROFERT,Pupuk,1,0,1,,
CV. Rahayu,Pupuk,1,0,1,,
CV. Rimba Jaya,Pupuk,1,0,1,,
CV. SAHABAT AGRI SEJATI,Pestisida,0,1,1,Herbisida:1,
CV. SAKINA AGRO INDUSTRI,Pupuk,1,0,1,,
CV. SASANDO,Pupuk,1,0,1,,
CV. SUMBER USAHA ABADI,Pupuk,1,0,1,,
CV. SURYA INDAH MULIA,Pupuk,1,0,1,,
CV. SURYA PETANI,Pupuk,1,0,1,,
CV. SURYA TANI TIMUR SANTOSA,Pupuk,1,0,1,,
CV. SURYA UTAMA NIAGA TANI,Pestisida,0,1,1,Herbisida:1,
CV. Semangat Baru Agro,Pupuk,1,0,1,,
CV. Sinar Agro Sejati,Pupuk,1,0,1,,
CV. Sinar Agung,Pupuk,1,0,1,,
CV. Subur Makmur Nusantara,Pupuk,1,0,1,,
CV. TANI ABADI,Pestisida,0,1,1,Herbisida:1,
CV. TANI ABADI BORNEO,Pestisida,0,1,1,Insektisida:1,
CV. TANI MUJUR,Pestisida,0,1,1,Herbisida:1,
CV. TERUS JAYA PUTRA,Pupuk,1,0,1,,
CV. TUNAS HARAPAN,Pupuk,1,0,1,,
CV. Tani Hijau LestariI,Pupuk,1,0,1,,
CV. Tresno Bumi Lestari,Pupuk,1,0,1,,
CV. Tunggal Tri Panca,Pupuk,1,0,1,,
CV. Wahana Putra Mandiri,Pupuk,1,0,1,,
CV. ZEO BENT INDONESIA,Pupuk,1,0,1,,
CV.BERNAS ANDALAN SEJATI,Pupuk,1,0,1,,
CV.JABAL REZKI,Pupuk,1,0,1,,
CV.KWADRAN JAYA MANDIRI,Pupuk,1,0,1,,
CV.MITRA FARM MAJU BERSAMA,Pupuk,1,0,1,,
CV.PRATAMA LESTARI,Pupuk,1,0,1,,
CV.TRI MULTI DAYA.,Pupuk,1,0,1,,
DAESANG INGREDIENTS INDONESIA,Pupuk,1,0,1,,
DAKSA YEKTI PRATAMA,Pupuk,1,0,1,,
DAMAI SINERGI NUSANTARA,Pupuk,1,0,1,,
DANGIANG SRI,Pupuk,1,0,1,,
DARMAWANGSA PUTRA,Pupuk,1,0,1,,
DASA VAYU ALAM SARI,Pupuk,1,0,1,,
DAVARI ANUGERAH SEJAHTERA,Pupuk,1,0,1,,
DAVIANDRA NIAGA NUSANTARA,Pupuk,1,0,1,,
DEDANDU UTAMA,Pupuk,1,0,1,,
DELTA ANUGRAH SUBUR SEJAHTERA,Pupuk,1,0,1,,
DEWADARU KARYAUTAMA JAYA,Pupuk,1,0,1,,
DEWI MURNI SAMPURNA,Pupuk,1,0,1,,
DHARMA PERTIWI,Pupuk,1,0,1,,
DIENG AGRO VANJAVA,Pupuk,1,0,1,,
DINAR MULIA LESTARI,Pupuk,1,0,1,,
DJUARA TANI NUSANTARA,Pupuk,1,0,1,,
DNA TECHNOLOGY INDUSTRI,Pupuk,1,0,1,,
DUA POETRA JAYA AGROLINK,Pupuk,1,0,1,,
DUA RODA AGRO TERPADU,Pupuk,1,0,1,,
DUPA WANGI FERTILINDO,Pupuk,1,0,1,,
DUTA AGRO LESTARI,Pupuk,1,0,1,,
DWI AGRO MANUNGGAL,Pupuk,1,0,1,,
EBISU GLOBALTRADING INDONESIA,Pupuk,1,0,1,,
ECONOVA PRIMA INTERNATIONAL,Pupuk,1,0,1,,
EKADWI SELO UNGGUL,Pupuk,1,0,1,,
EKOTANI SINAR ANUGERAH,Pupuk,1,0,1,,
EMINEN GLOBALINDO RAYA,Pupuk,1,0,1,,
EMIRA AGRITANI,Pupuk,1,0,1,,
EMJ AGRO NUSANTARA,Pupuk,1,0,1,,
ENERGI AGRO NUSANTARA,Pupuk,1,0,1,,
ENNO CORPORATION,Pupuk,1,0,1,,
ERAKARYA PUPUK LESTARI,Pupuk,1,0,1,,
ESA ILHAM PERSADA,Pupuk,1,0,1,,
ETHAN GROUP,Pupuk,1,0,1,,
EVA SUKSES MAKMUR,Pupuk,1,0,1,,
FAJAR RIZQY TANI,Pupuk,1,0,1,,
FAN JAYA MANUNGGAL,Pupuk,1,0,1,,
FERTILE ECOGREEN INDONESIA,Pupuk,1,0,1,,
FIDEC CIRCLE INDONESIA,Pupuk,1,0,1,,
FITRIINDO LITE,Pupuk,1,0,1,,
GAHENDRA ABADI JAYA,Pupuk,1,0,1,,
GALIH JATI,Pupuk,1,0,1,,
GANCARGEMILANG JAYASAKTI,Pupuk,1,0,1,,
GAPOKTAN SUKA MAKMUR,Pupuk,1,0,1,,
GEMA FAJAR NUSANTARA,Pupuk,1,0,1,,
GEMILANG AGRO AGRAMIN,Pupuk,1,0,1,,
GEMILANG BERKAH USAHA,Pupuk,1,0,1,,
GERDU GENENG SIDAYU,Pupuk,1,0,1,,
GEUSAN WIRA PERKASA,Pupuk,1,0,1,,
GHM FARM TECH,Pupuk,1,0,1,,
GLOBAL ALAM PERKASA GRUP,Pupuk,1,0,1,,
GLOBAL NUTRI AGRINUSA,Pupuk,1,0,1,,
GLORIENTA MINERAL PERKASA,Pupuk,1,0,1,,
GOLDEN PLANTER INDONESIA,Pupuk,1,0,1,,
GOPIN TEGAR ABADI,Pupuk,1,0,1,,
GREEN PHOSKA SEJAHTERA,Pupuk,1,0,1,,
GRESIK GOLD BLESSING,Pupuk,1,0,1,,
GROWING PLANTS INTERNASIONAL,Pupuk,1,0,1,,
GUNUNG MAS MAHRAJA GURAH,Pupuk,1,0,1,,
HAFISA ANUGERAH MAKMUR,Pupuk,1,0,1,,
HARI AGRO HAYATI,Pupuk,1,0,1,,
HARMONI INCORPORATION,Pupuk,1,0,1,,
HARVANITA AGRO NUSA,Pupuk,1,0,1,,
HARVEST BERKAH ABADI,Pupuk,1,0,1,,
HAYATI FORTUNA INDONESIA,Pupuk,1,0,1,,
HAYATI MAKMUR INDONESIA,Pupuk,1,0,1,,
HAYATI MAKMUR NUSANTARA,Pupuk,1,0,1,,
HERDANIC AFDA DIHESA,Pupuk,1,0,1,,
HERKREASI,Pupuk,1,0,1,,
HIDAYAH AGRO MULYA,Pupuk,1,0,1,,
HIDAYAT BINTANG ASIA,Pupuk,1,0,1,,
HIDUP TUMBUH BERJAYA,Pupuk,1,0,1,,
HUMACARE INDONESIA ABADI,Pupuk,1,0,1,,
HUMUS AGRO LESTARI,Pupuk,1,0,1,,
IJO,Pupuk,1,0,1,,
IJO INOVASI INDONESIA,Pupuk,1,0,1,,
IKASHI SABDA AGUNG,Pupuk,1,0,1,,
INAMAS ANUGERAH SEMESTA,Pupuk,1,0,1,,
INDO FERT CORP,Pupuk,1,0,1,,
INDOHAYATI AGRO SEJAHTERA,Pupuk,1,0,1,,
INFINITI SUMBER ALAM,Pupuk,1,0,1,,
INOVASI ANAK INDONESIA,Pupuk,1,0,1,,
INOVASI JAYA ORGANIK,Pupuk,1,0,1,,
INOVASI NAGA LAUT BIRU,Pupuk,1,0,1,,
INOVASI TANI ALHIDAYAH GORONTALO,Pupuk,1,0,1,,
INSAN LESTARI,Pupuk,1,0,1,,
INSAN TANI MANDIRI,Pupuk,1,0,1,,
INTI MINERAL INDUSTRI,Pupuk,1,0,1,,
IRSYAM BINA FLORA,Pupuk,1,0,1,,
J.J TIGA PUTRI AGRICA,Pupuk,1,0,1,,
JAGAD SUMBER MAKMUR,Pupuk,1,0,1,,
JAL SANI,Pupuk,1,0,1,,
JANTHO MAJU TANI,Pupuk,1,0,1,,
JASA TANI SUBUR,Pupuk,1,0,1,,
JASARESI MANDIRI,Pupuk,1,0,1,,
JAVA AGRO SEMESTA,Pupuk,1,0,1,,
JAVANICA AGROSCIENCE INDONESIA,Pupuk,1,0,1,,
JAYA ABADI JAYA,Pupuk,1,0,1,,
JAYA PERKASA,Pupuk,1,0,1,,
JEMBATAN MERAH INDAH,Pupuk,1,0,1,,
JENGGONG MULYA JAYA SENTOSA,Pupuk,1,0,1,,
KAMPAR SYNERGI ABADI,Pupuk,1,0,1,,
KARUNIA AGRI UTAMA,Pupuk,1,0,1,,
KARWALIP ROCHIS INDONESIA,Pupuk,1,0,1,,
KARYA BIRU INOVASI,Pupuk,1,0,1,,
KARYA KOMPOS ORGANIK,Pupuk,1,0,1,,
KARYA MANUNGGAL JAYA,Pupuk,1,0,1,,
KAYA ALAM INDUSTRI,Pupuk,1,0,1,,
KELAPA NUSANTARA GROP,Pupuk,1,0,1,,
KELOMPOK USAHA BERSAMA SIDO TENTREM,Pupuk,1,0,1,,
KEMINDO INTERNATIONAL,Pupuk,1,0,1,,
KENCANA BHUMI SELARAS,Pupuk,1,0,1,,
KERAMBITAN AGRO,Pupuk,1,0,1,,
KIMIA KARYANUSA CARAKA,Pupuk,1,0,1,,
KITA TUMBUH SUBUR,Pupuk,1,0,1,,
KOPERASI JASA PUSLIT KELAPA SAWIT,Pupuk,1,0,1,,
KOPERASI KARYAWAN RISPA MEDAN,Pupuk,1,0,1,,
KOPERASI KONSUMEN KSM SEHAT SEJAHTERA,Pupuk,1,0,1,,
KOPERASI PRODUSEN BRAHMAN SEJAHTERA SUBANG,Pupuk,1,0,1,,
KOPERASI PRODUSEN KARYA NUGRAHA JAYA KUNINGAN,Pupuk,1,0,1,,
KRT GREEN INDONESIA,Pupuk,1,0,1,,
KSM SEHAT SEJAHTERA,Pupuk,1,0,1,,
KUDJANG PUTRA PRATAMA,Pupuk,1,0,1,,
KUMISIK BERKAH SEJAHTERA,Pupuk,1,0,1,,
KUR AGRO LESTARI,Pupuk,1,0,1,,
KURNIA AGRO LESTARI,Pupuk,1,0,1,,
LAHAN MAS MEKAR,Pupuk,1,0,1,,
LAKSMANA MULIA SENTOSA,Pupuk,1,0,1,,
LAMPOH LADA,Pupuk,1,0,1,,
LAWOY BUMI ANUGERAH,Pupuk,1,0,1,,
LEGASI ALAM INDONESIA,Pupuk,1,0,1,,
LEMBAH NUSA ALAM,Pupuk,1,0,1,,
LENTERA KENCANA ABADI,Pupuk,1,0,1,,
LENTERA WIJAYA,Pupuk,1,0,1,,
LESAFFRE SARI NUSA,Pupuk,1,0,1,,
LIBO FARMING,Pupuk,1,0,1,,
LIM KOEI HOCK/UD SALIM JAYA,Pupuk,1,0,1,,
LOBO KRIS UNIKKA,Pupuk,1,0,1,,
LUAS ARUNG SEJAHTERA,Pupuk,1,0,1,,
MADA PUTRA NUSANTARA,Pupuk,1,0,1,,
MADUBARU,Pupuk,1,0,1,,
MAHA DWIPA NUSANTARA,Pupuk,1,0,1,,
MAHAJAYA MULTI SINERGI,Pupuk,1,0,1,,
MAHAMERU ASTANA SRIYA,Pupuk,1,0,1,,
MAHKOTA JAYA RAYA,Pupuk,1,0,1,,
MAJJAMA AGRO INDUSTRI,Pupuk,1,0,1,,
MAJU JAYA,Pupuk,1,0,1,,
MAJULAH SOLUSI PARAGON,Pupuk,1,0,1,,
MAKASSAR AGRO MANDIRI,Pupuk,1,0,1,,
MAKMUR AGRISARANA,Pupuk,1,0,1,,
MAKMUR BUMI ABADI,Pupuk,1,0,1,,
MANDALA AGRO MAKMUR,Pupuk,1,0,1,,
MANDIRI CEMERLANG ABADI,Pupuk,1,0,1,,
MANDIRI SAPROTAN JAYA,Pupuk,1,0,1,,
MANDRAGUNA PUSAKA INDONESIA,Pupuk,1,0,1,,
MARCO JAYA SEJAHTERA,Pupuk,1,0,1,,
MARGO UTOMO MULYO,Pupuk,1,0,1,,
MARIO MARAJA,Pupuk,1,0,1,,
MAS LESTARI INDONESIA,Pupuk,1,0,1,,
MASARO SENTRA MAKMUR,Pupuk,1,0,1,,
MATAHARI AGRI BERSAMA,Pupuk,1,0,1,,
MAULANA WIJAYA MANDIRI,Pupuk,1,0,1,,
MAYANGKARA INDO TANAM,Pupuk,1,0,1,,
MEGA KARYA GRESIK,Pupuk,1,0,1,,
MEGA KIMIA INDUSTRI,Pupuk,1,0,1,,
MEGAN GALUS KINANTAN,Pestisida,0,1,1,Insektisida:1,
MEKAR SARI JAYA,Pupuk,1,0,1,,
MEKAR TANI SUKSES,Pupuk,1,0,1,,
MENARA AGRO PRIMA,Pupuk,1,0,1,,
MESS JAYA INDONESIA,Pupuk,1,0,1,,
MIKHA TANINDO MAKMUR,Pupuk,1,0,1,,
MINARET CROWN ENERGY INTERNATIONAL,Pupuk,1,0,1,,
MINERAL JAYA ALAM NUSANTARA,Pupuk,1,0,1,,
MINERINDO TRIFABUANA,Pupuk,1,0,1,,
MITRA AGRONIAGA NUSANTARA,Pupuk,1,0,1,,
MITRA SABDA,Pupuk,1,0,1,,
MITRA TANI MAKMUR,Pupuk,1,0,1,,
MITRA TANI SEMESTA,Pupuk,1,0,1,,
MITRA TANINDO,Pupuk,1,0,1,,
MITRA TEMASEK NUSANTARA,Pupuk,1,0,1,,
MITRA TERBAIK NUSANTARA,Pupuk,1,0,1,,
MONTREAL JAYA INDO,Pupuk,1,0,1,,
MORAWA ORGANIK,Pupuk,1,0,1,,
MOZAIKS JAYA MAKMUR,Pupuk,1,0,1,,
MPS ORGANIK SUPER,Pupuk,1,0,1,,
MTW LAM BLANG,Pupuk,1,0,1,,
MUKTI GRAHA PERKASA,Pupuk,1,0,1,,
MULIA AGRO HAYATI,Pupuk,1,0,1,,
MULIA AGRO SEJAHTERA,Pupuk,1,0,1,,
MULIA REZEKI ABADI,Pupuk,1,0,1,,
MULIA SUKSES ABADI SENTOSA,Pupuk,1,0,1,,
MUNCUL BERKAH TANI,Pupuk,1,0,1,,
MUSTIKA TANAH NUSANTARA,Pupuk,1,0,1,,
MUTIARA BENIH NUSANTARA,Pupuk,1,0,1,,
MUTIARA MAS,Pupuk,1,0,1,,
MUTIARA TIMUR GRESIK,Pupuk,1,0,1,,
MUTIARA ZIOSOVIQ,Pupuk,1,0,1,,
MUTU AGROBIOCHEM NUSANTARA,Pupuk,1,0,1,,
NAGAMAS ARIF SEJATI,Pupuk,1,0,1,,
NATURAL EVERGREEN ORGANIK,Pupuk,1,0,1,,
NAVATI GEMILANG MANDIRI,Pupuk,1,0,1,,
NAWASENA UNGGUL SANTOSA,Pupuk,1,0,1,,
NAZRAH AGRO MANDIRI,Pupuk,1,0,1,,
NETA AGRINDO SANTOSA,Pupuk,1,0,1,,
NIAGA BERKAH ANUGRAH,Pupuk,1,0,1,,
NIAGA RAYA,Pupuk,1,0,1,,
NIRANKARA MAKMUR AGRO,Pupuk,1,0,1,,
NOGYO ALAM SWASTIKA,Pupuk,1,0,1,,
NS CROPS ORGANIC,Pupuk,1,0,1,,
NUSANTARA AGRO HAYATI,Pupuk,1,0,1,,
NUSANTARA TETAP JAYA,Pupuk,1,0,1,,
NUTRISI INDONESIA RAYA,Pupuk,1,0,1,,
NUVALA MAKMUR SEJAHTERA,Pupuk,1,0,1,,
OMTEC PRIMA MANDIRI,Pupuk,1,0,1,,
OMYA DISTRIBUTION INDONESIA,Pupuk,1,0,1,,
ORGANIK KARYA INDONESIA,Pupuk,1,0,1,,
ORSINIL INDO MITRA PATEN,Pupuk,1,0,1,,
PABRIK GULA RAJAWALI I,Pupuk,1,0,1,,
PABRIK GULA RAJAWALI II,Pupuk,1,0,1,,
PADI DAMAI BALI,Pupuk,1,0,1,,
PALAPA GRESIK,Pupuk,1,0,1,,
PANCA MULYA TANIMAS LESTARI,Pupuk,1,0,1,,
PANCARAN DARMA FARMINDO,Pupuk,1,0,1,,
PANEN INTI NUSANTARA,Pupuk,1,0,1,,
PANGAN INDO MAJU ABADI,Pupuk,1,0,1,,
PASAROA KREASI ANAK NEGERI,Pupuk,1,0,1,,
PASCAL BIOTECH INDONESIA,Pupuk,1,0,1,,
PATAQU USAHA EXELEN,Pupuk,1,0,1,,
PEKEBUN SWADAYA KELAPA SAWIT LABUHANBATU,Pupuk,1,0,1,,
PELITA SAWIT NUSANTARA,Pupuk,1,0,1,,
PELITA SUSUN BENTANG ORGANIK,Pupuk,1,0,1,,
PERDANA AGRO PERSADA,Pupuk,1,0,1,,
PERFEKTA LINTAS SEMESTA,Pupuk,1,0,1,,
PERSADA HIJAU,Pupuk,1,0,1,,
PESONA HERBAL INDONESIA,Pupuk,1,0,1,,
PESONA PETANI NUSANTARA,Pupuk,1,0,1,,
PETERNAKAN MAJU BERSAMA,Pupuk,1,0,1,,
PETRO BUMI HIJAU,Pupuk,1,0,1,,
PETRO BUMI HIJAU GRESIK,Pupuk,1,0,1,,
PETRO PUPUK KIMIA,Pupuk,1,0,1,,
PETROKIMIA GRESIK INDONESIA,Pupuk,1,0,1,,
PETROTECH INDO ENGINEERING,Pupuk,1,0,1,,
PLANET CHEMICALS,Pupuk,1,0,1,,
POESRI RAYA,Pupuk,1,0,1,,
POLARIS ORBIT INDONESIA,Pupuk,1,0,1,,
PONDOK PESANTREN ASSALAFIE,Pupuk,1,0,1,,
POSCO INTERNATIONAL INDONESIA,Pupuk,1,0,1,,
POWER NIAGA SUKSES,Pupuk,1,0,1,,
PRATAMA BUANA RAYA,Pupuk,1,0,1,,
PRIMA PANCA AGRO,Pupuk,1,0,1,,
PRINALTIA JUNTA PERKASA,Pupuk,1,0,1,,
PRODUKSI TERNAK MAJU SEJAHTERA,Pupuk,1,0,1,,
PT Agri Timur Mas,Pupuk,1,0,1,,
PT Ambagiri Nusantara,Pupuk,1,0,1,,
PT Arindo Utama Perkasa,Pupuk,1,0,1,,
PT BANDUNG ECO SINERGI TEKNOLOGI,Pupuk,1,0,1,,
PT BERKAH MANDIRI SEJATI,Pupuk,1,0,1,,
PT BIO PLANMATE INDONESIA,Pupuk,1,0,1,,
PT BIOZYM PRATAMA,Pupuk,1,0,1,,
PT Biodiversitas Bioteknologi Indonesia,Pupuk,1,0,1,,
PT CENTRANUSA INTI PRIMA INDUSTRY,Pupuk,1,0,1,,
PT CROP CHECK INDONESIA,Pupuk,1,0,1,,
PT Cipta Ulang Sumberdaya Indonesia,Pupuk,1,0,1,,
PT DIANATA ADIKARYA SENTOSA,Pupuk,1,0,1,,
PT DOBEL F JAYA,Pupuk,1,0,1,,
PT DYNAPHARM NUSANTARA GEMILANG,Pupuk,1,0,1,,
PT Dwitama Agro Makmur,Pupuk,1,0,1,,
PT ELKABE BIOTEK INDONESIA,Pupuk,1,0,1,,
PT FIRDAUS BERJAYA INDAH,Pupuk,1,0,1,,
PT GLOBAL GROWTH,Pupuk,1,0,1,,
PT HIJAU BUMI INDONESIA,Pupuk,1,0,1,,
PT JAVA MINING FERTILIZO,Pupuk,1,0,1,,
PT KIBO AGRI JAYA,Pupuk,1,0,1,,
PT KREASI SADAWIRA UTAMA,Pupuk,1,0,1,,
PT Kertopaten Agro Sejahtera,Pupuk,1,0,1,,
PT Lautan Luas Tbk,Pupuk,1,0,1,,
PT NUTRIMAS AGRO INDONESIA,Pupuk,1,0,1,,
PT PALMARIN AGRO INDONESIA,Pupuk,1,0,1,,
PT PRIMA AGRO MANDIRI,Pupuk,1,0,1,,
PT PUPUK NUTRIFIT INDONESIA,Pupuk,1,0,1,,
PT Pupuk Agung Sentosa,Pupuk,1,0,1,,
PT SURYA JAYA PRAKARSA SELARAS,Pupuk,1,0,1,,
PT Tri Dharma Internasional,Pupuk,1,0,1,,
PT UNGGUL SEJAHTERA PERTANIAN,Pupuk,1,0,1,,
PT. AGRO BIO KEMINDO,Pupuk,1,0,1,,
PT. AGRO PARKIM INDONESIA,Pupuk,1,0,1,,
PT. AGRO TUNAS RAYA,Pestisida,0,1,1,Fungisida:1,
PT. ARYA SUPRA NUGRAHA,Pupuk,1,0,1,,
PT. ASTORIA PRIMA,Pestisida,0,1,1,Pestisida Rumah Tangga:1,
PT. AVIA AVIAN,Pestisida,0,1,1,Pestisida lain-lain:1,
PT. AWAL TIGA MANDIRI,Pupuk,1,0,1,,
PT. Agro Max Asia,Pupuk,1,0,1,,
PT. Amory Multi Quality,Pupuk,1,0,1,,
PT. BAHAGIA JAYA INDO,Pupuk,1,0,1,,
PT. BAHANA HANNELA MASSIMA,Pestisida,0,1,1,Pestisida Rumah Tangga:1,
PT. BERKAT KARUNIA DAMAI,Pupuk,1,0,1,,
PT. BINTANG ANUGERAH CAHAYA ABADI,Pestisida,0,1,1,Pestisida Pengendalian Vektor Penyakit Pada Manusia:1,
PT. BINTANG KENCANA ANUGRAH,Pestisida,0,1,1,Pestisida Rumah Tangga:1,
PT. BIO INOVASINDO HAYATI,Pupuk,1,0,1,,
PT. BIO MARAJA NUSANTARA,Pupuk,1,0,1,,
PT. BIOJOYO TEKNOLOGI INDUSTRI,Pestisida,0,1,1,Pestisida Pengendalian Vektor Penyakit Pada Manusia:1,
PT. BIOTEK AGRO INDONESIA,Pupuk,1,0,1,,
PT. BLANG THOEI LUAH,Pupuk,1,0,1,,
PT. BRENNTAG,Pestisida,0,1,1,Bakterisida:1,
PT. BUANA NATURA KIRANA,Pestisida,0,1,1,Pestisida Rumah Tangga:1,
PT. BUDI MUTU PRIMA,Pestisida,0,1,1,Pestisida Rumah Tangga:1,
PT. Bahra Eco Semesta Tani,Pupuk,1,0,1,,
PT. Barokah Pinilih Agrotama,Pupuk,1,0,1,,
PT. Berkah Indonesiaraya Sukses,Pupuk,1,0,1,,
PT. Bilquis Jaya Perkasa,Pupuk,1,0,1,,
PT. Biotrack Technology Indonesia,Pupuk,1,0,1,,
PT. CITA AGUNG JAYA,Pestisida,0,1,1,Herbisida:1,
PT. DAMAI AGRO MANDIRI,Pupuk,1,0,1,,
PT. DELITAL LEEFREN AGROINDUSTRI,Pestisida,0,1,1,Herbisida:1,
PT. DERAS KARET PRIMA,Pestisida,0,1,1,Zat Pengatur Tumbuh Tanaman:1,
PT. DRAGON PUPUK INDONESIA,Pupuk,1,0,1,,
PT. DUWIPA AGRO PERSADA,Pupuk,1,0,1,,
PT. DWI PRIMA REZEKY,Pestisida,0,1,1,Pestisida Rumah Tangga:1,
PT. DWIJAYA PERKASA ABADI,Pestisida,0,1,1,Moluskisida:1,
PT. Dewi Samudra Bumi Makmur,Pupuk,1,0,1,,
PT. ENDRA TANI MAKMUR,Pupuk,1,0,1,,
PT. ETOS INDONUSA,Pestisida,0,1,1,Pestisida Rumah Tangga:1,
PT. FADJAR AGRO SARANA,Pestisida,0,1,1,Herbisida:1,
PT. FADJAR PURNASARANA,Pestisida,0,1,1,Herbisida:1,
PT. FARM HANNONG INDONESIA,Pestisida,0,1,1,Herbisida:1,
PT. GALENIUM PHARMASIA LABORATORIES,Pestisida,0,1,1,Repelen:1,
PT. GERBANG CAHAYA UTAMA,Pestisida,0,1,1,Moluskisida:1,
PT. GOENA WAHANA AGRO NIAGA,Pestisida,0,1,1,Insektisida:1,
PT. GOLDEN STEP INDONESIA,Pestisida,0,1,1,Fungisida:1,
PT. GRAHA ESA,Pestisida,0,1,1,Pestisida Pengendalian Vektor Penyakit Pada Manusia:1,
PT. HALIM SAKTI PRATAMA,Pestisida,0,1,1,Fungisida:1,
PT. HARAKU JAYA SINERGY,Pupuk,1,0,1,,
PT. Hamka Multi Karya,Pestisida,0,1,1,Insektisida:1,
PT. Harvest Ariake Indonesia,Pupuk,1,0,1,,
PT. Hikari Agro Indonesia,Pupuk,1,0,1,,
PT. INDESSO AROMA,Pestisida,0,1,1,Repelen:1,
PT. INDOBAY BIO,Pupuk,1,0,1,,
PT. INDUSTRI JAMU DAN FARMASI SIDO MUNCUL,Pupuk,1,0,1,,
PT. INTER ANEKA LESTARI KIMIA,Pestisida,0,1,1,Bahan pengawet kayu:1,
PT. JNS Sejahtera Bersama,Pupuk,1,0,1,,
PT. Joenoes Ikamulya,Pestisida,0,1,1,Repelen:1,
PT. KAO INDONESIA DISTRIBUTION,Pestisida,0,1,1,Repelen:1,
PT. KAPUR PUTIH LAMPUNG,Pupuk,1,0,1,,
PT. KINGLAB INDONESIA,Pestisida,0,1,1,Pestisida Pengendalian Vektor Penyakit Pada Manusia:1,
PT. KOIN TUNGGAL JAYA,Pestisida,0,1,1,Zat Pengatur Tumbuh Tanaman:1,
PT. Kamar Maeso Harapan,Pupuk,1,0,1,,
PT. Kemoza Mandiri Grup,Pupuk,1,0,1,,
PT. Kiagus Syaiful Anwar,Pestisida,0,1,1,Pestisida Rumah Tangga:1,
PT. LADANG SUBUR SENTOSA,Pestisida,0,1,1,Herbisida:1,
PT. LAJU PERSADA UTAMA,Pupuk,1,0,1,,
PT. LINGGA HSB ABADI,Pupuk,1,0,1,,
PT. LUAS BIRUS UTAMA,Pestisida,0,1,1,Pestisida Rumah Tangga:1,
PT. MALINDO AGROTEK PERKASA,Pestisida,0,1,1,Herbisida:1,
PT. MANDALA PRATAMA NUSANTARA,Pupuk,1,0,1,,
PT. MEDION ARDHIKA BHAKTI,Pestisida,0,1,1,Fungisida:1,
PT. MEDPHOS CITRA MANDIRI,Pestisida,0,1,1,Fumigan:1,
PT. MENARA JAYA LESTARI,Pestisida,0,1,1,Pestisida Rumah Tangga:1,
PT. MITOKU SUKSES MAKMUR,Pupuk,1,0,1,,
PT. MITRA BIOSEKURITI SOLUSI,Pestisida,0,1,1,Fumigan:1,
PT. MULTIKRIDA JAYA UTAMA,Pestisida,0,1,1,Zat Pengatur Tumbuh Tanaman:1,
PT. Mega Tri Utama,Pupuk,1,0,1,,
PT. NATUR AGRI TANI,Pestisida,0,1,1,Akarisida:1,
PT. NORVUS INDONESIA,Pestisida,0,1,1,Pestisida Rumah Tangga:1,
PT. NUTRI AGRO INDONESIA,Pestisida,0,1,1,Insektisida:1,
PT. PANCA TALENTAMAS,Pestisida,0,1,1,Pestisida Rumah Tangga:1,
PT. PELITA AGUNG,Pestisida,0,1,1,Herbisida:1,
PT. PERKEBUNAN NUSANTARA XI,Pupuk,1,0,1,,
PT. POLOWIJO GRAHA NIAGA,Pupuk,1,0,1,,
PT. PROVIVI PHEROMONES INDONESIA,Pestisida,0,1,1,Atraktan / Feromon:1,
PT. PUTRA SWADAYA PERKASA,Pestisida,0,1,1,Bahan pengawet kayu:1,
PT. Pupor Sejahtera Makmur,Pupuk,1,0,1,,
PT. SANDAR INTERNATIONAL,Pestisida,0,1,1,Insektisida:1,
PT. SARI SARANA KIMIATAMA,Pestisida,0,1,1,Fungisida:1,
PT. SEJAHTERA EKOLOGIKA DUTA QUEMIKA,Pestisida,0,1,1,Atraktan / Feromon:1,
PT. SEKAWAN MAJU BERSAMA PRIMA,Pupuk,1,0,1,,
PT. SEMERU JAYA GEMILANG,Pupuk,1,0,1,,
PT. SETIA ALAM SINERGI,Pupuk,1,0,1,,
PT. SIFA SAUDARA ABADI,Pestisida,0,1,1,Herbisida:1,
PT. SINAR ANTJOL,Pestisida,0,1,1,Repelen:1,
PT. SINAR HIDUP SATWA,Pestisida,0,1,1,Zat Pengatur Tumbuh Tanaman:1,
PT. SINAR MAKMUR ORGANIK,Pupuk,1,0,1,,
PT. SINAR RAFLESIA SELATAN,Pestisida,0,1,1,Herbisida:1,
PT. SMARTZ AGRO LESTARI,Pestisida,0,1,1,Insektisida:1,
PT. SML AGRO INDONESIA,Pestisida,0,1,1,Insektisida:1,
PT. SURYA AGROCHEM MITRA ABADI,Pestisida,0,1,1,Bahan pengawet kayu:1,
PT. SURYAMAS MENTARI,Pestisida,0,1,1,Insektisida:1,
PT. Shiraishi Calcium Indonesia,Pupuk,1,0,1,,
PT. Sinar Deli Mandiri,Pupuk,1,0,1,,
PT. Sri Munarti Supakat Indoputra,Pupuk,1,0,1,,
PT. TANCIMAS WISIN JAYA,Pupuk,1,0,1,,
PT. TANI PERKASA KIMINDO,Pestisida,0,1,1,Moluskisida:1,
PT. TEJA UTAMA INDOPAMENANG,Pestisida,0,1,1,Pestisida Rumah Tangga:1,
PT. TEKNO INOVASI ASIA,Pupuk,1,0,1,,
PT. UMG INDONESIA,Pupuk,1,0,1,,
PT. UPI CROPSCIENCE INDONESIA,Pestisida,0,1,1,Fungisida:1,
PT. VIBEST SUKSES ABADI,Pupuk,1,0,1,,
PT. WAHANA KENCANA INDONESIA,Pestisida,0,1,1,Pestisida Rumah Tangga:1,
PT. WAHANA MAKMUR BERSAMA,Pupuk,1,0,1,,
PT. WAHANA MAS,Pestisida,0,1,1,Fungisida:1,
PT. Zamrud Bumi Indonesia,Pupuk,1,0,1,,
PT.AGRITEK SUKSES INDONESIA,Pupuk,1,0,1,,
PT.BINTANG ANANDA MANDIRI,Pupuk,1,0,1,,
PT.BUMI TANI INDONESIA SEJAHTERA,Pupuk,1,0,1,,
PT.CITRA GIZEL MANDIRI,Pupuk,1,0,1,,
PT.Greenland Agrotech Industries,Pupuk,1,0,1,,
PT.LINTAS INDO SEJAHTERA,Pupuk,1,0,1,,
PT.Madura Guano,Pupuk,1,0,1,,
PT.NOVELVAR,Pupuk,1,0,1,,
PT.Silva Tropika Kultura,Pupuk,1,0,1,,
PT.Sumberaya Kendimasindo,Pupuk,1,0,1,,
PT.Surya Agung Unggul,Pupuk,1,0,1,,
PUPUK AGRO JAYA,Pupuk,1,0,1,,
PUPUK INDONESIA NIAGA,Pupuk,1,0,1,,
PUPUK KARYA POLOWIJO,Pupuk,1,0,1,,
PUPUK SUBURKAN NEGERI,Pupuk,1,0,1,,
PUTRA ABIMANYU UTAMA,Pupuk,1,0,1,,
PUTRA ANANDIRI,Pupuk,1,0,1,,
PUTRA JAYA RAHARJA,Pupuk,1,0,1,,
PUTRA KEMBAR BINJAI,Pupuk,1,0,1,,
PUTRA KRUENG JREU,Pupuk,1,0,1,,
PUTRA KURNIA MAS,Pupuk,1,0,1,,
PUTRA MAKMUR BERJAYA,Pupuk,1,0,1,,
PUTRA PATIKALA MAJU,Pupuk,1,0,1,,
PUTRA SHB SEJAHTERA,Pupuk,1,0,1,,
PUTRA SIHOBON JAYA,Pupuk,1,0,1,,
PUTRO JOYO GROUP,Pupuk,1,0,1,,
RAHMAD JAYA SANTOSO,Pupuk,1,0,1,,
RAJA BORNEO FARM,Pupuk,1,0,1,,
RAMBATE RATAHAYU,Pupuk,1,0,1,,
RAMIN MINERAL JAYA,Pupuk,1,0,1,,
RASYA RIZKI PRATAMA PHD,Pupuk,1,0,1,,
RATAMA ELON PERKASA,Pupuk,1,0,1,,
REGENERASI KEHIDUPAN NUSANTARA,Pupuk,1,0,1,,
RESEP MAKMUR JAYA,Pupuk,1,0,1,,
REZKY BERSAUDARA,Pupuk,1,0,1,,
RIAU PRIMA ENERGI,Pupuk,1,0,1,,
RIAU TANI BERSATU,Pupuk,1,0,1,,
RICH DIGITAL NATURE,Pupuk,1,0,1,,
RIMBA ALAM NUSANTARA,Pupuk,1,0,1,,
RIZKI FERTILA SEJAHTERA,Pupuk,1,0,1,,
RIZKY AGRO MAKMUR,Pupuk,1,0,1,,
RIZQI SEMESTA,Pupuk,1,0,1,,
RJ MANDIRI,Pupuk,1,0,1,,
RODAME INDONESIA,Pupuk,1,0,1,,
SAHABAT TANI TV,Pupuk,1,0,1,,
SAKTI BERJAYA,Pupuk,1,0,1,,
SALIMAS CITRA KENCANA,Pupuk,1,0,1,,
SAMAWA AGRO PERSADA,Pupuk,1,0,1,,
SAMBONG PUTRA MARGO UTOMO,Pupuk,1,0,1,,
SAMOR ARGA MAKMUR,Pupuk,1,0,1,,
SAMRSAR,Pupuk,1,0,1,,
SAMUDRA PUTRA SEJAHTERA,Pupuk,1,0,1,,
SANG SURYA BERSINAR,Pupuk,1,0,1,,
SANG SURYA INDAH,Pupuk,1,0,1,,
SANYO TRADING INDONESIA,Pupuk,1,0,1,,
SARANA DAUN HIJAU,Pupuk,1,0,1,,
SARAYA.LF.MANDIRI,Pestisida,0,1,1,Insektisida:1,
SARI JAYA AGRO,Pupuk,1,0,1,,
SARI SUBUR LANGGENG JAYA,Pupuk,1,0,1,,
SARI TANI,Pupuk,1,0,1,,
SATRIA GUNUNG SAKTI,Pupuk,1,0,1,,
SATYALOKA PARAMA SIDHI,Pupuk,1,0,1,,
SAUNG AGRO NUSANTARA,Pupuk,1,0,1,,
SAWONGGALING NUSANTARA,Pupuk,1,0,1,,
SEDAYA AGRO,Pupuk,1,0,1,,
SEHAT BUMI SEMESTA,Pupuk,1,0,1,,
SEKAR SARI JAYA,Pupuk,1,0,1,,
SEKAWAN JAYA BESTINDO,Pupuk,1,0,1,,
SEMANGAT BERSAMA ENTREPRENEURSHIP,Pupuk,1,0,1,,
SEMBILAN JAYA ABADI RESOURCES,Pupuk,1,0,1,,
SEMESTA ALAM INDO,Pupuk,1,0,1,,
SEMULUR JAYA MAKMUR,Pupuk,1,0,1,,
SENTRA PETERNAKAN RAKYAT (SPR),Pupuk,1,0,1,,
SEPAKAT GLOBAL,Pupuk,1,0,1,,
SERASI MAHARAYA INDONESIA,Pupuk,1,0,1,,
SETIA AGUNG SINERGI,Pupuk,1,0,1,,
SHANI PURA,Pupuk,1,0,1,,
SIMAR ALAM BERKAH,Pupuk,1,0,1,,
SINAR ADHIKARI ARYASATYA,Pupuk,1,0,1,,
SINAR AGRI UTAMA,Pupuk,1,0,1,,
SINAR AGRO MULTIHARA,Pupuk,1,0,1,,
SINAR BUKIT SIAUR,Pupuk,1,0,1,,
SINAR JAYA SAE,Pupuk,1,0,1,,
SINAR MUTIARA GRESIK,Pupuk,1,0,1,,
SINERGI CATALIS INDONESIA,Pupuk,1,0,1,,
SOIL AGRO SOLUTION,Pupuk,1,0,1,,
SOLUSI AGRONUSA PRATAMA,Pupuk,1,0,1,,
SOMPOAN SULAWESI SEJAHTERA,Pupuk,1,0,1,,
SORIK ANGKOLA SINERGI,Pupuk,1,0,1,,
ST UNGGUL JAYA,Pupuk,1,0,1,,
ST. MANDIRI,Pupuk,1,0,1,,
STELLAR AGRI INDONESIA,Pupuk,1,0,1,,
SUBU GREEN INDONESIA,Pupuk,1,0,1,,
SUBUR INDO AMERTA,Pupuk,1,0,1,,
SUKA BUMI LESTARI,Pupuk,1,0,1,,
SULTAN AGRO NUSANTARA,Pupuk,1,0,1,,
SUMBER ALAM REJEKI,Pupuk,1,0,1,,
SUMBER BERKAH AGRO SANTOSA,Pupuk,1,0,1,,
SUMBER INTI CEMERLANG,Pupuk,1,0,1,,
SUMBER MAKMUR AGROINDO,Pupuk,1,0,1,,
SUMBER MULYA GRAND ORGANIK,Pupuk,1,0,1,,
SUMBER PANGAN GRESIK,Pupuk,1,0,1,,
SUMBER RAYA,Pupuk,1,0,1,,
SUMBER UTAMA TANI,Pupuk,1,0,1,,
SUMINDO,Pupuk,1,0,1,,
SUNAN DRAJAT LAMONGAN,Pupuk,1,0,1,,
SUPER GRADE ROSINDO,Pupuk,1,0,1,,
SUPRANUSA INDOGITA,Pupuk,1,0,1,,
SURYA BAHARI PERSADA,Pupuk,1,0,1,,
SURYA BUMI ADILMAKMUR,Pupuk,1,0,1,,
SURYA NUSA PERKASA,Pupuk,1,0,1,,
SURYA SEMI SENTOSA,Pupuk,1,0,1,,
SURYAPRATAMA CITRALESTARI,Pupuk,1,0,1,,
SUSIANTO TANUDJAJA,Pupuk,1,0,1,,
SUWARNADWIPA GREEN FERTILIZER,Pupuk,1,0,1,,
SUWARNI GLOBAL PERSADA,Pupuk,1,0,1,,
TAKA SARANA TEKNO,Pupuk,1,0,1,,
TAN TJUN HOA/UD. NAGA MAS SAKTI,Pupuk,1,0,1,,
TANAHMERAH BERKAT BESTARI,Pupuk,1,0,1,,
TANI AGRI SUKSES,Pupuk,1,0,1,,
"TANI JAYA, UD",Pupuk,1,0,1,,
TANIKITA BERKAH,Pupuk,1,0,1,,
TANIRA YASA UTAMA,Pupuk,1,0,1,,
TARUM SINERGI INDONESIA,Pupuk,1,0,1,,
TASMA PUJA,Pupuk,1,0,1,,
TATA TANI INDONESIA,Pupuk,1,0,1,,
TATANAN ALAM SEGAR,Pupuk,1,0,1,,
TAWANG AGRO FARM,Pupuk,1,0,1,,
TEKNO ORGANIK PAPUA,Pupuk,1,0,1,,
TERRA AGRO PERSADA,Pupuk,1,0,1,,
TERRA BARU INDONESIA,Pupuk,1,0,1,,
THIA ORGANIK,Pupuk,1,0,1,,
TIARA AGRO HITA KENCANA,Pupuk,1,0,1,,
TIGA KREASI BERSAMA,Pupuk,1,0,1,,
TIMAN AGUNG,Pupuk,1,0,1,,
TION AGRO NUSANTARA,Pupuk,1,0,1,,
TIRTA MITRA PRATAMA,Pupuk,1,0,1,,
TIRTA UTAMA GLOBAL,Pupuk,1,0,1,,
TOBA AGRO CHEMICAL,Pupuk,1,0,1,,
TOGA CIPTA FLORA,Pupuk,1,0,1,,
TOKYO DELAPAN INDONESIA,Pupuk,1,0,1,,
TOMATEC INDONESIA,Pupuk,1,0,1,,
TRANS BUMI SUBUR SEJAHTERA,Pupuk,1,0,1,,
TRASH FORMER INDONESIA,Pupuk,1,0,1,,
TRI HARMONI ABADI,Pupuk,1,0,1,,
TRIASPUTRA AGRO MAJU SEJAHTERA,Pupuk,1,0,1,,
TRIJAVA MAJU BERSAMA,Pupuk,1,0,1,,
TRIJAYA ANUGRAH SENTOSA,Pupuk,1,0,1,,
TRINITY MULTI,Pupuk,1,0,1,,
TRION GENI UTAMA NUSANTARA,Pupuk,1,0,1,,
TRUBUS SWADAYA,Pupuk,1,0,1,,
TUAH INDATU,Pupuk,1,0,1,,
TUMBUH SUBUR MAKMUR,Pupuk,1,0,1,,
TUNAS LESTARI ALAM INDAH,Pupuk,1,0,1,,
U.D Daun Mas,Pupuk,1,0,1,,
UD Jonhson,Pupuk,1,0,1,,
UD. HARAPAN ABADI,Pupuk,1,0,1,,
UD. KASIHAN JAYA,Pupuk,1,0,1,,
UD. Primaagro,Pupuk,1,0,1,,
UDKHABI BUN NAJAR,Pupuk,1,0,1,,
ULI AGRO MAKMUR,Pupuk,1,0,1,,
ULIE HOPE SO,Pupuk,1,0,1,,
ULTRAMIC INDONESIA,Pupuk,1,0,1,,
UNIVERSAL BIOGRO AGRO,Pupuk,1,0,1,,
Ud.sarana tani utama,Pupuk,1,0,1,,
VALENTA JAYA BERSAMA,Pupuk,1,0,1,,
WAHANA ALAM INDONESIA,Pupuk,1,0,1,,
WAHANA ORGANIK MULIAJAYA,Pupuk,1,0,1,,
WASKITA INTI NUSANTARA,Pupuk,1,0,1,,
WASTEX TECHNOLOGY INDONESIA,Pupuk,1,0,1,,
WIDAYA AGROKIMIA NUSANTARA,Pupuk,1,0,1,,
WIJAYA SAKTI ABADI AGRIKULTUR,Pupuk,1,0,1,,
WIJIMAS AGRI LESTARI,Pupuk,1,0,1,,
WILDO NATURAL INDONESIA,Pupuk,1,0,1,,
WILIS MULYO NUSWANTORO JOYO,Pupuk,1,0,1,,
WILMA RAGAM INFOPEN,Pupuk,1,0,1,,
WIRA ADHI SATYA PERTIWI,Pupuk,1,0,1,,
WULAN PUPUK INDONESIA,Pupuk,1,0,1,,
YKB MERAH PUTIH,Pupuk,1,0,1,,
YORIYUSAKIFA YUKI KOMPOS,Pupuk,1,0,1,,
YUKI MINERALINDO PERSADA,Pupuk,1,0,1,,
Yayasan Pemilahan Sampah Temesi,Pupuk,1,0,1,,
ZAHRA INDO GREEN FARMERS,Pupuk,1,0,1,,
ZAQ INDONESIA,Pupuk,1,0,1,,
ZEE LORA GLOBAL INTERNASIONAL,Pupuk,1,0,1,,
ZENTIDE BIOTEKNOLOGI GLOBAL,Pupuk,1,0,1,,
ZEO BENT AGRO,Pupuk,1,0,1,,
ZHEN TIAN WANG SOUTH EAST ASIA BIOLOGICAL TECHNOLOGY,Pupuk,1,0,1,,
ZPT NATURE INDONESIA,Pupuk,1,0,1,,
