merk_dagang,nomor_pendaftaran,pemegang_pendaftaran,jenis_formula,bentuk_formula,warna_pupuk,jenis_permohonan,tanggal_terbit,tanggal_berakhir,id_perusahaan
CAP DAUN MENGKUDU,,CV. PUSAKA ALAM,Magnesium (MgO),Butiran,Abu-Abu,An-organik - Pengantar Uji Untuk Pendaftaran Baru/Ulang Genap/Penambahan Pro,2018,2023,0e955a7f58cf4598c6e02bd012759f458917
COMPACTION DGW,01.01.2019.127,PT. Hextar Fertilizer Indonesia,an-organik,Butiran,Merah kecoklatan,An-organik - Pendaftaran Baru,2018,2023,c8a04f82-4325-438e-b9a9-fbd339f00068
MULTI K-Mg,,PT.TANINDO INTERTRACO,an-organik,,,An-organik - Pengalihan Nomor Pendaftaran,2018,2023,71f6ceda-37e5-4309-b02e-cf7eb6e4675c
KANO ,,PT. YUDHA PERDANA ANGESTI,KALIUM NITRAT (KNO3),Kristal,Putih,An-organik - Pengantar Uji Untuk Pendaftaran Baru/Ulang Genap/Penambahan Pro,2018,2023,6230daae-19b3-4c48-8711-b9bd22a34495
KANCIL EMAS,,PT. SANLEX MALINDO,NPK Padat (SNI),Padat Butiran,Merah / Pink,An-organik - Pengantar Uji Untuk Pendaftaran Baru/Ulang Genap/Penambahan Pro,2018,2023,46eccec8-2718-4ecf-82b0-d69f6c5a43e9
BAPAK IBU TANI,,CV. Mulyo Tani Makmur,an-organik,Butiran,Abu-Abu ,An-organik - Pendaftaran Ulang Ganjil,2018,2023,8be21e9c-b423-4467-bc20-d8b594535708
LOONGZOU,,PT. Sasco Indonesia,an-organik,Tepung,Putih,An-organik - Pendaftaran Ulang Ganjil,2019,2024,5f3559b5-945e-4d3a-9fe9-b4a089c200fa
RapiFlow CaB,01.02.2019.328,PT. Agspec Indonesia,Mikro Majemuk ,Cair,Biru muda,An-organik - Pendaftaran Baru (2018),2019,2024,038dbfa8-43ab-411a-b9ae-2a62c8f2d68d
Test Oke OCe,,Alwi Konsultan - TEST,NPK + TE,Butiran,Merah,An-organik - Pengantar Uji Untuk Pendaftaran Baru/Ulang Genap/Penambahan Pro,2018,2023,ff31b9bddd061e00851c3eeb82fccb867045
BIOCHEMS,02.02.2018.069,PT. WAHANA PUNDIKARSA ABADI,organik,Cair,Biru,Organik/Hayati/Pembenah Tanah - Pendaftaran Baru,2018,2023,609ab9e45e4119ac0dff043fc6e5da378162
EVERGREEN,02.02.2018.070,PT. WAHANA PUNDIKARSA ABADI,organik,Cair,Kuning,Organik/Hayati/Pembenah Tanah - Pendaftaran Baru,2018,2023,609ab9e45e4119ac0dff043fc6e5da378162
FOLIFLO DAUN,01.02.2019.062,PT. Hextar Fertilizer Indonesia,an-organik,Cair,Krem Transparan,An-organik - Pendaftaran Baru,2018,2023,c8a04f82-4325-438e-b9a9-fbd339f00068
CHENREZIG GROW,02.01.2018.019,CV. PERSADA MAKMUR TANI SENTOSA,organik,Butiran,Hitam Keabuan,Organik/Hayati/Pembenah Tanah - Pendaftaran Baru,2018,2023,42163164-78df-4b1f-9e44-fbf8431156b2
BINTANG NUTRISI BIOS,,CV. Bintang Asri Arthauly,hayati,Tepung,Coklat Kehitaman,Organik/Hayati/Pembenah Tanah - Pendaftaran Ulang Ganjil,2018,2023,cb13b604-e462-462a-90e0-80d76a2469c2
FARMPION,01.03.2018.411,CV IMEXINDO NUSANTARA,an-organik,Tepung,Merah,An-organik - Pendaftaran Baru,2018,2023,1cfcc010-05de-49a2-9b9f-e6b1c53aa2f2
PELANGI AGRO,,PT Pupuk Kalimantan Timur,an-organik,Butiran,Cokelat,An-organik - Pendaftaran Ulang Ganjil,2018,2023,3af996a5b19bf8ac5db58137d8d1afed4892
Complesal Boron,01.02.2019.329,PT. CATUR AGRODAYA MANDIRI,Makro Mikro Majemuk ,Cair,Hijau kebiru-biruan,An-organik - Pendaftaran Baru (2018),2019,2024,7e6a63e1-f1cd-49ae-baec-30120b2877f1
PELANGI,01.01.2018.342,PT Pupuk Kalimantan Timur,an-organik,Butiran,"Cokelat, Putih, Merah, Abu-abu, Hijau dan Hitam",An-organik - Pendaftaran Ulang Genap,2018,2023,3af996a5b19bf8ac5db58137d8d1afed4892
PELANGI,01.01.2018.421,PT Pupuk Kalimantan Timur,an-organik,Butiran,"Cokelat, Putih, Merah, Abu-abu, Hijau dan Hitam",An-organik - Pendaftaran Ulang Genap,2018,2023,3af996a5b19bf8ac5db58137d8d1afed4892
ZIRAEA,02.08.2018.136,CV Alam Hijau,organik,Remah,Cokelat Kehitaman,Organik/Hayati/Pembenah Tanah - Pendaftaran Baru,2018,2023,8c3a5caf-e323-4035-97c5-7ce3d4154c08
Vigorin,02.02.2019.066,UD. MITRA MERDEKA TANI,organik,Cair,Cokelat,Organik/Hayati/Pembenah Tanah - Pendaftaran Baru,2018,2023,860a3dd2-146b-4eb1-98e3-936035aa3cec
BAGITANI,,PT CHEIL JEDANG INDONESIA,organik,Cair,Coklat Kehitaman,Organik/Hayati/Pembenah Tanah - Pendaftaran Ulang Ganjil,2018,2023,96fe6da8-bb91-47c7-be25-e72c762789ef
NEO- KRISTALON PAK TANI,01.08.2019.031,CV. SAPROTAN UTAMA,an-organik,Kristal,Putih,An-organik - Pendaftaran Baru,2018,2023,32a5fc08-615e-4849-9010-dfc08eaec4e8
SEMESTA,01.01.2019.147,PT. SEMESTA JAYA ABADI,an-organik,Butiran,Abu-Abu ,An-organik - Pendaftaran Baru,2018,2023,370a20b1-9b92-4ff8-8c12-2d5c2e806f4d
Chelated Ferum,,PT. Sumber Agrindo Sejahtera,Ferum,Butiran,coklat,An-organik - Pengantar Uji Untuk Pendaftaran Baru/Ulang Genap/Penambahan Pro,2018,2023,b88628b5-7363-486a-a595-71f60f2f8fe0
Sapi Padi Kuning,04.01.2018.140,CV. MANDIRI PANGAN SEJAHTERA,Pembenah Tanah Dolomit,Butiran,"Merah, Biru atau Putih",Organik/Hayati/Pembenah Tanah - Pendaftaran Baru,2018,2023,6e399087-e15d-4aa3-a5ac-ee37d24a8d78
TANIVIT B,01.03.2019.077,PT.TANINDO INTERTRACO,an-organik,Tepung,Merah muda,An-organik - Pendaftaran Ulang Genap,2018,2023,71f6ceda-37e5-4309-b02e-cf7eb6e4675c
Cemara,02.01.2019.125,CV.TRI MULTI DAYA.,organik,Butiran,Coklat Kehitaman,Organik/Hayati/Pembenah Tanah - Pendaftaran Baru,2018,2023,a428fead-895a-4613-9007-ee1b395aada4
TRIOKALI,01.01.2018.391,PT. SANTANI SEJAHTERA,an-organik,Butiran,Putih bercampur merah,An-organik - Pendaftaran Baru,2018,2023,32a43c35-1ca5-4049-9b9a-d322ab71b496
MIKROHARA,01.02.2018.404,PT. Kristalindo Karunia Internasional,an-organik,Cair,Hijau Muda Kecoklatan,An-organik - Pendaftaran Baru,2018,2023,b89d74a9-2a30-4e97-8bc6-436af649095f
Mahkota,01.03.2018.413,PT. WILMAR CHEMICAL INDONESIA,an-organik,Tepung,Coklat Muda,An-organik - Pendaftaran Ulang Genap,2018,2023,f46679f0-5a47-4d85-97e4-cd22abc7bb79
CHENREZIG GROW,02.08.2018.020,CV. PERSADA MAKMUR TANI SENTOSA,organik,Remah,Coklat Kehitaman,Organik/Hayati/Pembenah Tanah - Pendaftaran Baru,2018,2023,42163164-78df-4b1f-9e44-fbf8431156b2
BM AZOMITE,01.03.2019.370,PT. BEHN MEYER AGRICARE,an-organik,Tepung,Coklat Kemerahan,An-organik - Pendaftaran Baru,2018,2023,3d48529b-97aa-48d6-b6ad-cbfa089183bc
MICROGANO,,PT. AGRO BIO KEMINDO,an-organik,,,An-organik - Pengalihan Nomor Pendaftaran,2018,2023,604e853f-c7f0-4135-9298-3cf940eb2351
FOLIFLO BUAH,01.02.2019.213,PT. Hextar Fertilizer Indonesia,an-organik,Cair,Putih krem,An-organik - Pendaftaran Baru,2018,2023,c8a04f82-4325-438e-b9a9-fbd339f00068
PROVIT MAXI,01.08.2019.063,PT.MEROKE TETAP JAYA,an-organik,Kristal,Putih Kekuningan,An-organik - Pendaftaran Baru,2018,2023,a5a2f54e-db06-45ca-acd3-bf7db4701956
nitrea,,PT Pupuk Kujang,an-organik,Prill,Putih,An-organik - Pendaftaran Ulang Ganjil,2018,2023,1a377f72-93aa-4c27-bee7-b414b234e1a0
Speedgro,,PT. Maju Makmur Utomo,an-organik,Butiran,Coklat Kehitaman,An-organik - Pendaftaran Ulang Ganjil,2018,2023,8ecd40c8-d272-453f-9337-1958de3d86f7
S-VIT,01.03.2019.216,CV.TABITA JAYA,an-organik,Tepung,Krem kecoklatan,An-organik - Pendaftaran Baru,2018,2023,c0929fba-de40-4dfa-8026-68efe4531836
Palmarin,01.02.2019.200,PT PALMARIN AGRO INDONESIA,an-organik,Cair,hijau gelap,An-organik - Pendaftaran Baru,2018,2023,672895db-0c81-4b36-8ecd-517eddf39356
JADI MAS,,PT JADI MAS,an-organik,Butiran,Natural,An-organik - Pendaftaran Ulang Ganjil,2018,2023,2004b629430939f680b316dd09563d4d3955
PetroBoost,03.03.2019.096,PT Petrokimia Kayaku,hayati,Tepung,Cokelat muda,Organik/Hayati/Pembenah Tanah - Pendaftaran Baru,2018,2023,a873131e-7133-440c-ba2f-bc80eefd69fd
KALINET,01.02.2018.355,UD. MITRA MERDEKA TANI,an-organik,Cair,Merah,An-organik - Pendaftaran Baru,2018,2023,860a3dd2-146b-4eb1-98e3-936035aa3cec
Kaya  Bio,03.03.2019.099,PT Petrokimia Kayaku,hayati,Tepung,Cokelat muda,Organik/Hayati/Pembenah Tanah - Pendaftaran Baru,2018,2023,a873131e-7133-440c-ba2f-bc80eefd69fd
FOCUS K,01.02.2019.260,CV. BUMIKITA MAKMUR,an-organik,Cair,Merah,An-organik - Pendaftaran Baru,2018,2023,5b7c29af-a838-43b4-970e-e98bf3db029d
PRONUM,01.02.2019.354,CV. BUMIKITA MAKMUR,an-organik,Cair,Biru ,An-organik - Pendaftaran Baru,2018,2023,5b7c29af-a838-43b4-970e-e98bf3db029d
MORDEN-FOL,01.02.2019.094,UD. MITRA MERDEKA TANI,an-organik,Cair,Kuning,An-organik - Pendaftaran Baru,2018,2023,860a3dd2-146b-4eb1-98e3-936035aa3cec
ADAMAS,,PT. ADAMAS ASABHUMI,organik,Butiran,"Campuran merah jambu, coklat, hitam dan abu-abu",Organik/Hayati/Pembenah Tanah - Pendaftaran Ulang Ganjil,2018,2023,fe365515-9a11-4f34-a9b7-eddf1f36aeb9
PETRO GLADIATOR,,PT Petrokimia Gresik,dekomposer,Cair,coklat kehitaman,Organik/Hayati/Pembenah Tanah - Pendaftaran Ulang Ganjil,2018,2023,8259c7aa7427a3aafbc56ffd00cff00e3021
NEO- KRISTALON PAK TANI,01.08.2019.036,CV. SAPROTAN UTAMA,an-organik,Kristal,Putih,An-organik - Pendaftaran Baru,2018,2023,32a5fc08-615e-4849-9010-dfc08eaec4e8
NEO- KRISTALON PAK TANI,01.08.2019.332,CV. SAPROTAN UTAMA,an-organik,Kristal,Putih,An-organik - Pendaftaran Baru,2018,2023,32a5fc08-615e-4849-9010-dfc08eaec4e8
ENDOHEVEA,,PT PRIMA AGRO TECH,hayati,Tablet,Abu-abu,Organik/Hayati/Pembenah Tanah - Pendaftaran Ulang Ganjil,2018,2023,2004b629430939f680b316dd09563d4d7065
DEKAMIKRO,01.01.2019.387,CV. Deka Agro Product,an-organik,Butiran,Abu-abu Kehitaman,An-organik - Pendaftaran Ulang Genap,2018,2023,cd651755-3d1e-42e8-9421-a250b026e69c
CAP TOPI,01.03.2018.359,PT. BUKIT PRIMA NIAGA,an-organik,Tepung,Coklat Muda,An-organik - Pendaftaran Baru,2018,2023,c8fb2d30-d1b5-4d1a-9440-d2bd5589fd6e
HIJAU ASRI,03.02.2019.174,PT. Maju Makmur Utomo,hayati,Cair,Hitam,Organik/Hayati/Pembenah Tanah - Pendaftaran Baru,2018,2023,8ecd40c8-d272-453f-9337-1958de3d86f7
HALIMUN,02.02.2018.176,CV. Multi Agro Jaya Utama,organik,Cair,Coklat Kehitaman,Organik/Hayati/Pembenah Tanah - Pendaftaran Baru,2018,2023,477034fe-aa39-472f-bb37-f542ee8bc109
CAP KUNCI,01.03.2019.256,PT Kertopaten Agro Sejahtera,an-organik,Tepung,Biru,An-organik - Pendaftaran Baru,2018,2023,a6e2f059-0c12-4193-bffc-b73112763f4c
BENEFIT PZ,01.02.2019.117,PT. Winon International,an-organik,Cair,Cokelat,An-organik - Pendaftaran Baru,2018,2023,6395efef-31f0-4019-acd2-84e790a7cd2a
BOF,,PT BIOZYM PRATAMA,organik,,,Organik/Hayati/Pembenah Tanah - Pengalihan Nomor Pendaftaran,2018,2023,0c496ac58b4898b510132b58728761679884
WANDA 17,01.04.2019.235,PT. Mega Tri Utama,an-organik,Tablet,Merah Bata,An-organik - Pendaftaran Baru,2018,2023,3e08d324-3261-4cba-a7d6-0dd5230f56c8
SOILMAX,03.02.2018.179,PT. Agro Max Asia,hayati,Cair,Coklat ,Organik/Hayati/Pembenah Tanah - Pendaftaran Baru,2018,2023,a35338e4-35ba-40b9-a3ca-cd0e2aadabe9
BOROPLUS,01.02.2019.103,PT. Winon International,an-organik,Cair,Kuning,An-organik - Pendaftaran Baru,2018,2023,6395efef-31f0-4019-acd2-84e790a7cd2a
ENKU,01.04.2020.067,PT. Bumi Subur Sentosa,an-organik,Tablet,Putih Masam ,An-organik - Pendaftaran Baru,2018,2023,2004b629430939f680b316dd09563d4d4723
Intel (Test),01/Test/2018,Alwi Konsultan - TEST,an-organik,Cair,test merah,An-organik - Pendaftaran Baru (2018),2018,2023,ff31b9bddd061e00851c3eeb82fccb867045
AKP,01.01.2019.044,PT. ASIA KIMINDO PRIMA,an-organik,Butiran,Coklat Muda,An-organik - Pendaftaran Baru,2018,2023,8215e259-e648-4363-a6e2-d376c19cf345
MICROLEEF,01.01.2018.296,PT. Agri Jaya Manggala,an-organik,Butiran,Abu - Abu Gelap,An-organik - Pendaftaran Baru,2018,2023,3a4e1461-56c5-4fb0-89ae-57157d037c83
CAP TOPI,01.03.2018.358,PT. BUKIT PRIMA NIAGA,an-organik,Tepung,Coklat,An-organik - Pendaftaran Baru,2018,2023,c8fb2d30-d1b5-4d1a-9440-d2bd5589fd6e
Mentari,01.03.2018.278,PT. Permata Agro Persada,an-organik,Tepung,Coklat,An-organik - Pendaftaran Baru,2018,2023,d6995698-8fd6-4d4e-81b6-f09a2d303f26
Mentari,01.03.2018.331,PT. Permata Agro Persada,an-organik,Tepung,Coklat Muda,An-organik - Pendaftaran Baru,2018,2023,d6995698-8fd6-4d4e-81b6-f09a2d303f26
Mentari,01.01.2018.318,PT. Permata Agro Persada,an-organik,Butiran,Merah,An-organik - Pendaftaran Baru,2018,2023,d6995698-8fd6-4d4e-81b6-f09a2d303f26
Mentari,01.01.2018.305,PT. Permata Agro Persada,an-organik,Butiran,Putih,An-organik - Pendaftaran Baru,2018,2023,d6995698-8fd6-4d4e-81b6-f09a2d303f26
Benmax,02.02.2018.126,PT. INDO ACIDATAMA Tbk,organik,Cair,Coklat tua,Organik/Hayati/Pembenah Tanah - Pendaftaran Baru,2018,2023,cb888ba5-4be8-4687-bb57-dc016697f2bd
JITU TANI,01.03.2018.248,PT. Sri Dipo Nuswantoro,an-organik,Tepung,Kecoklatan,An-organik - Pendaftaran Baru,2018,2023,80ffff3a-9c95-4700-a47c-8d071d5c2151
K-TOK,01.02.2018.280,CV. PRIMA AGRO LANCAR,an-organik,Cair,Merah,An-organik - Pendaftaran Baru,2018,2023,01b47be1-d6ee-4d01-9f9b-dc14c42ebcce
LOONGZOU,01.03.2019.072,PT. Sasco Indonesia,an-organik,Tepung,coklat muda,An-organik - Pendaftaran Baru,2018,2023,5f3559b5-945e-4d3a-9fe9-b4a089c200fa
AGRIMAS,01.01.2019.151,PT Agrimas Utama Indonesia,an-organik,Butiran,Merah Bata Kecoklatan,An-organik - Pendaftaran Baru,2018,2023,609ab9e45e4119ac0dff043fc6e5da373469
PLANMATE,,PT BIO PLANMATE INDONESIA,organik,Tepung,Coklat Tua,Organik/Hayati/Pembenah Tanah - Pendaftaran Ulang Ganjil,2018,2023,28b5bae1-9d52-4681-b389-7d7aae5f035e
FERTILUM,01.03.2019.391,CV. Agronusa Mandiri,an-organik,Tepung,Merah muda,An-organik - Pendaftaran Baru,2018,2023,f0a79aa1-3e4c-4135-a63a-71b1f5a7a601
JUMBO VEGETABLE,01.02.2020.090,CV. Agronusa Mandiri,an-organik,Cair,Biru,An-organik - Pendaftaran Baru,2018,2023,f0a79aa1-3e4c-4135-a63a-71b1f5a7a601
Humastro,02.03.2019.130,CV. Agronusa Mandiri,organik,Tepung,Hitam kecoklatan,Organik/Hayati/Pembenah Tanah - Pendaftaran Baru,2018,2023,f0a79aa1-3e4c-4135-a63a-71b1f5a7a601
EUROSOIL,01.01.2018.402,PT.MITRA CIPTA AGRO,an-organik,Butiran,Hijau (Green),An-organik - Pendaftaran Baru,2018,2023,0ed33db9-2a4d-4569-9eed-44db92f7a8af
BERLIAN,,PT. Andalan Usaha Indonesia,Pembenah Tanah Kapur Pertanian,,,Organik/Hayati/Pembenah Tanah - Pengalihan Nomor Pendaftaran,2018,2023,ee6a4138-bbc9-4a36-be73-16888c2d3b33
BOSTANI,,CV. BOMA SAKTI TANI,an-organik,Tepung,Merah,An-organik - Pendaftaran Ulang Ganjil,2018,2023,5fb2ddf1-86fb-4492-a0d3-a5b88646c00c
CAP TAWON,01.01.2019.255,PT Kertopaten Kencana,an-organik,Butiran,Biru,An-organik - Pendaftaran Baru,2018,2023,0c496ac58b4898b510132b58728761674087
MPS Multidaya,01.01.2019.188,PT. Multidaya Putra Sejahtera,an-organik,Butiran,Biru,An-organik - Pendaftaran Baru,2018,2023,ff31b9bddd061e00851c3eeb82fccb869505
Amina,,PT AJINOMOTO INDONESIA,organik,Cair,Coklat Kehitaman,Organik/Hayati/Pembenah Tanah - Pendaftaran Ulang Ganjil,2018,2023,e8f40095-3ba8-457e-8f5c-81d2ce9bb4e7
Powersoil,02.08.2019.011,UD. MITRA MERDEKA TANI,organik,Remah,Hitam,Organik/Hayati/Pembenah Tanah - Pendaftaran Baru,2018,2023,860a3dd2-146b-4eb1-98e3-936035aa3cec
CIRP PREMIUM - IKAN PAUS,,PT. Rolimex Kimia Nusamas,an-organik,Tepung,Coklat Muda,An-organik - Pendaftaran Ulang Ganjil,2018,2023,619f157d-3c34-4e2b-83be-9da23d69d8ec
ABI,02.02.2020.004,CV. AGRO BISNIS INDONESIA,organik,Cair,Coklat,Organik/Hayati/Pembenah Tanah - Pendaftaran Baru,2018,2023,6656f658-a415-44a0-a480-b6290de2264e
ELLVO HARA,02.03.2019.053,CV.PETRO INTI PERKASA,organik,Tepung,Coklat Kehitaman,Organik/Hayati/Pembenah Tanah - Pendaftaran Baru,2018,2023,b1ade489-5722-45f0-bb78-2661814a96f3
MANISKALI,01.01.2018.313,PT Carlindo Serasi Abadi,an-organik,Butiran,Hijau,An-organik - Pendaftaran Baru,2018,2023,1211d7a9-a798-422a-ab3d-f3cd12c6d19c
Palgreen,01.02.2018.310,CV. PRIMA AGRO LANCAR,an-organik,Cair,Hijau,An-organik - Pendaftaran Baru,2018,2023,01b47be1-d6ee-4d01-9f9b-dc14c42ebcce
Octabacter,,PT Ambagiri Nusantara,hayati,Cair,Coklat,Organik/Hayati/Pembenah Tanah - Pendaftaran Ulang Ganjil,2018,2023,94cacbdd-c423-423e-93d0-3365816ed506
FARMPION,01.03.2018.398,CV IMEXINDO NUSANTARA,an-organik,Tepung,Hijau,An-organik - Pendaftaran Baru,2018,2023,1cfcc010-05de-49a2-9b9f-e6b1c53aa2f2
Kelopak Dunia,04.03.2018.155,PT. Gemah Ripah Loh Jinawi Industri,Pembenah Tanah Dolomit,Tepung,Putih,Organik/Hayati/Pembenah Tanah - Pendaftaran Ulang Genap,2018,2023,a057a556-5102-49eb-babe-ca7ac54b65f1
Kelopak Dunia ,,PT. Gemah Ripah Loh Jinawi Industri,Pembenah Tanah Kapur Pertanian,Tepung,Putih,Organik/Hayati/Pembenah Tanah - Pendaftaran Ulang Ganjil,2018,2023,a057a556-5102-49eb-babe-ca7ac54b65f1
MAHKOTA,,PT. WILMAR CHEMICAL INDONESIA,Fosfat Alam untuk Pertanian (SNI),Butiran,Kuning Kecoklatan,An-organik - Pengantar Uji Untuk Pendaftaran Baru/Ulang Genap/Penambahan Pro,2018,2023,f46679f0-5a47-4d85-97e4-cd22abc7bb79
MENTARI,,PT. Permata Agro Persada,NPK Padat (SNI),Butiran,Coklat,An-organik - Pengantar Uji Untuk Pendaftaran Baru/Ulang Genap/Penambahan Pro,2018,2023,d6995698-8fd6-4d4e-81b6-f09a2d303f26
DRAGON FERTZ,,PT. DRAGON PUPUK INDONESIA,an-organik,Butiran,PUTIH,An-organik - Pendaftaran Ulang Ganjil,2018,2023,41add7ce-ac83-4cd3-ba90-37164aba126a
Rubi,04.01.2019.055,PT Bukit Mas Murti Persada,Pembenah Tanah Dolomit,Tepung,Putih,Organik/Hayati/Pembenah Tanah - Pendaftaran Baru,2018,2023,031b77d8-737d-4274-9e9b-26ff27daa34f
KENDIMAS,02.01.2019.109,PT.Sumberaya Kendimasindo,organik,Butiran,Coklat Kehitaman,Organik/Hayati/Pembenah Tanah - Pendaftaran Baru,2018,2023,81c08b08-b910-443b-a0fd-de7234644b1f
KEBOMAS,01.01.2018.263,PT Petrokimia Gresik,an-organik,Butiran,Coklat Keabuan,An-organik - Pendaftaran Ulang Genap,2018,2023,8259c7aa7427a3aafbc56ffd00cff00e3021
GH-GRANDHAMLET,,CV. Bintang Asri Arthauly,an-organik,Cair,Coklat kehitaman,An-organik - Pendaftaran Ulang Ganjil,2018,2023,cb13b604-e462-462a-90e0-80d76a2469c2
RealStrong,01.07.2018.306,PT.ALL COSMOS INDONESIA,an-organik,Pelet,keabu-abuan,An-organik - Pendaftaran Ulang Genap,2018,2023,1d9a4e40aa7e5af4d5884165c91fc64c1182
MekaGreen,,CV. Sinar Agung,Pembenah Tanah Kapur Pertanian,Butiran,Biru,Organik/Hayati/Pembenah Tanah - Pendaftaran Ulang Ganjil,2018,2023,63221ad0-8595-4bf2-aaf4-f1533630cc58
AGRIMAS,01.01.2019.029,PT Agrimas Utama Indonesia,an-organik,Butiran,Merah,An-organik - Pendaftaran Baru,2018,2023,609ab9e45e4119ac0dff043fc6e5da373469
PLANTAFOL,,PT. Winon International,an-organik,Butiran,Putih,An-organik - Pendaftaran Ulang Ganjil,2018,2023,6395efef-31f0-4019-acd2-84e790a7cd2a
PELANGI AGRO,,PT Pupuk Kalimantan Timur,an-organik,Butiran,Cokelat,An-organik - Pendaftaran Ulang Ganjil,2018,2023,3af996a5b19bf8ac5db58137d8d1afed4892
POWERGROW,01.02.2018.343,PT. Dharma Ayu Tani,an-organik,Cair,Hijau ,An-organik - Pendaftaran Ulang Genap,2018,2023,aa2bb24e-cbe8-47b9-a001-0ca9341ab847
TS,,PT. Andalan Usaha Indonesia,Pembenah Tanah Kapur Pertanian,,,Organik/Hayati/Pembenah Tanah - Pengalihan Nomor Pendaftaran,2018,2023,ee6a4138-bbc9-4a36-be73-16888c2d3b33
AGRIMAS,01.01.2019.150,PT Agrimas Utama Indonesia,an-organik,Butiran,Merah Bata Kecoklatan,An-organik - Pendaftaran Baru,2018,2023,609ab9e45e4119ac0dff043fc6e5da373469
FARMPION,01.03.2019.048,CV IMEXINDO NUSANTARA,an-organik,Tepung,Biru,An-organik - Pendaftaran Baru,2018,2023,1cfcc010-05de-49a2-9b9f-e6b1c53aa2f2
FARMPION,01.03.2019.153,CV IMEXINDO NUSANTARA,an-organik,Tepung,Hijau,An-organik - Pendaftaran Baru,2018,2023,1cfcc010-05de-49a2-9b9f-e6b1c53aa2f2
RealStrong,01.07.2018.307,PT.ALL COSMOS INDONESIA,an-organik,Pelet,keabu-abuan,An-organik - Pendaftaran Ulang Genap,2018,2023,1d9a4e40aa7e5af4d5884165c91fc64c1182
DINDAGROW,01.02.2018.357,PT. Dharma Ayu Tani,an-organik,Cair,Hijau dan Biru,An-organik - Pendaftaran Baru,2018,2023,aa2bb24e-cbe8-47b9-a001-0ca9341ab847
KALIMAX TOP,01.02.2018.323,PT. Dharma Ayu Tani,an-organik,Cair,Merah Tua,An-organik - Pendaftaran Baru,2018,2023,aa2bb24e-cbe8-47b9-a001-0ca9341ab847
RealStrong,01.07.2018.317,PT.ALL COSMOS INDONESIA,an-organik,Pelet,abu abu kehitaman,An-organik - Pendaftaran Baru,2018,2023,1d9a4e40aa7e5af4d5884165c91fc64c1182
BUAH SAWIT Plus,,CV. Tani Subur Perkasa,an-organik,Butiran,Merah,An-organik - Pendaftaran Ulang Ganjil,2018,2023,4c582f0c-aa90-468d-918d-733c02fe50da
INDOGREEN,01.02.2019.049,PT. ARTHA MAKMUR ABADI,an-organik,Cair,Biru,An-organik - Pendaftaran Baru,2018,2023,aed5344b-ed1c-4abc-96d3-752538c7c344
123 GANIC,03.02.2018.079,PT. Dwi Mitra,dekomposer,Cair,Cokelat Tua,Organik/Hayati/Pembenah Tanah - Pendaftaran Baru,2018,2023,48c09dbc-ae69-445d-971d-339f56c2dc2c
GENIUS,03.02.2018.134,CV. Multi Agro Jaya Utama,hayati,Cair,Coklat Kehitaman,Organik/Hayati/Pembenah Tanah - Pendaftaran Baru,2018,2023,477034fe-aa39-472f-bb37-f542ee8bc109
BIMASAKTI,03.02.2018.151,CV. Multi Agro Jaya Utama,dekomposer,Cair,Coklat Kehitaman,Organik/Hayati/Pembenah Tanah - Pendaftaran Baru,2018,2023,477034fe-aa39-472f-bb37-f542ee8bc109
P.PHOSKA,01.01.2018.294,CV. Cahaya Abadi,an-organik,Butiran,Merah dan Biru,An-organik - Pendaftaran Baru,2018,2023,9e6d4ef1-1932-4b1f-a44a-9ce6b4d3f870
METALIK,,PT. MITOKU SUKSES MAKMUR,an-organik,,,An-organik - Pengalihan Nomor Pendaftaran,2018,2023,f7181139-e1f8-4f55-9385-04070643ba75
TS-36,01.01.2018.244,CV. Cahaya Abadi,an-organik,Butiran,Abu-Abu ,An-organik - Pendaftaran Baru,2018,2023,9e6d4ef1-1932-4b1f-a44a-9ce6b4d3f870
SEMESTA,01.01.2018.425,PT. SEMESTA JAYA ABADI,an-organik,Butiran,Abu-Abu ,An-organik - Pendaftaran Baru,2018,2023,370a20b1-9b92-4ff8-8c12-2d5c2e806f4d
PETROFAST,03.02.2019.093,PT Petrokimia Kayaku,dekomposer,Cair,Cokelat,Organik/Hayati/Pembenah Tanah - Pendaftaran Ulang Genap,2018,2023,a873131e-7133-440c-ba2f-bc80eefd69fd
QLA,02.08.2018.180,PT. QL Agrofood,organik,Remah,Coklat Kehitaman,Organik/Hayati/Pembenah Tanah - Pendaftaran Baru,2018,2023,a06b2028-985a-4d1e-b9d1-27a5bb44d158
BINTANG NUTRISI BIOS,,CV. Bintang Asri Arthauly,organik,Cair,Coklat Kehitaman,Organik/Hayati/Pembenah Tanah - Pendaftaran Ulang Ganjil,2018,2023,cb13b604-e462-462a-90e0-80d76a2469c2
GH-GRANDHAMLET,,CV. Bintang Asri Arthauly,an-organik,Tablet,Abu-abu kemerahan,An-organik - Pendaftaran Ulang Ganjil,2018,2023,cb13b604-e462-462a-90e0-80d76a2469c2
BINTANG NUTRISI BIOS,,CV. Bintang Asri Arthauly,organik,Tepung,Coklat kehitaman,Organik/Hayati/Pembenah Tanah - Pendaftaran Ulang Ganjil,2018,2023,cb13b604-e462-462a-90e0-80d76a2469c2
BINTANG NUTRISI BIOS,,CV. Bintang Asri Arthauly,dekomposer,Tepung,Coklat Kehitaman,Organik/Hayati/Pembenah Tanah - Pendaftaran Ulang Ganjil,2018,2023,cb13b604-e462-462a-90e0-80d76a2469c2
MERAH PUTIH,01.01.2019.392,PT. Cipta Makmur Pertiwi,NPK Padat (SNI),Butiran,Merah; Biru,An-organik - Pendaftaran Baru (2018),2019,2024,3f95834b-f146-496b-b46a-f6bf85ce6e69
JADI MAS,,PT JADI MAS,an-organik,Tepung,Coklat,An-organik - Pendaftaran Ulang Ganjil,2018,2023,2004b629430939f680b316dd09563d4d3955
JADI MAS,,PT JADI MAS,an-organik,Tepung,Coklat,An-organik - Pendaftaran Ulang Ganjil,2018,2023,2004b629430939f680b316dd09563d4d3955
WINSOIL,,PT. DWIAGRI MAKMUR INTERTRADE,an-organik,Cair,Coklat kehitaman,An-organik - Pendaftaran Ulang Ganjil,2018,2023,43c8b8e0-a204-40f3-85c0-63a29552d28a
SEMESTA,01.01.2018.332,PT. SEMESTA JAYA ABADI,an-organik,Butiran,Putih,An-organik - Pendaftaran Baru,2018,2023,370a20b1-9b92-4ff8-8c12-2d5c2e806f4d
GARDENA C,01.02.2018.420,PT.TANINDO INTERTRACO,an-organik,Cair,Hijau,An-organik - Pendaftaran Ulang Genap,2018,2023,71f6ceda-37e5-4309-b02e-cf7eb6e4675c
FARMPION,01.03.2019.080,CV IMEXINDO NUSANTARA,an-organik,Tepung,Merah,An-organik - Pendaftaran Baru,2018,2023,1cfcc010-05de-49a2-9b9f-e6b1c53aa2f2
ECO FRESH,,PT. ECO AGRO MANDIRI,organik,Cair,Hitam,Organik/Hayati/Pembenah Tanah - Pendaftaran Ulang Ganjil,2018,2023,50f674f7-648f-4654-afbc-f6572bed957b
GARDENA B,01.03.2019.074,PT.TANINDO INTERTRACO,an-organik,Tepung,Merah muda,An-organik - Pendaftaran Ulang Genap,2018,2023,71f6ceda-37e5-4309-b02e-cf7eb6e4675c
Mahkota,01.01.2018.392,PT. SENTANA ADIDAYA PRATAMA,an-organik,Butiran,Kecoklatan ,An-organik - Pendaftaran Baru,2018,2023,36c5c4f2-e215-4d04-9948-8926fb16c0a5
MIKROMATE Cu  ,,PT. HANAMPI SEJAHTERA KAHURIPAN,an-organik,Butiran,Biru,An-organik - Pendaftaran Ulang Ganjil,2018,2023,ab602e40-08fa-483a-a5f6-66810d0530e3
PremioBlend,02.03.2018.141,CV. Sumber Buana Perkasa,organik,Tepung,Coklat Kehitaman ,Organik/Hayati/Pembenah Tanah - Pendaftaran Baru,2018,2023,4614c03f-205a-4063-ae35-93648d549f07
PELANGI,01.01.2018.350,PT Pupuk Kalimantan Timur,an-organik,Butiran,"Cokelat, Putih, Merah, Abu-abu, Hijau dan Hitam",An-organik - Pendaftaran Ulang Genap,2018,2023,3af996a5b19bf8ac5db58137d8d1afed4892
futura,02.03.2019.054,PT Bursatani Global Niaga,organik,Tepung,Hitam,Organik/Hayati/Pembenah Tanah - Pendaftaran Baru,2018,2023,e78daef8-a329-468b-bfb6-84597af62784
PELANGI,01.01.2019.025,PT Pupuk Kalimantan Timur,an-organik,Butiran,Warna-warni,An-organik - Pendaftaran Ulang Genap,2018,2023,3af996a5b19bf8ac5db58137d8d1afed4892
GREENWORLD,,PT. UTOMO UTOMO,hayati,Cair,Coklat Kehitaman,Organik/Hayati/Pembenah Tanah - Pendaftaran Ulang Ganjil,2018,2023,2004b629430939f680b316dd09563d4d3828
PHOSKA RAJA,01.01.2018.415,CV. Subur Makmur Sejahtera,an-organik,Butiran,Merah,An-organik - Pendaftaran Baru,2018,2023,29f0ca70-f67e-48f6-a403-7bad30445232
ANN REVOCAL,04.03.2019.030,CV. Nusa Nur Agro,Pembenah Tanah Kapur Pertanian,Tepung,Putih,Organik/Hayati/Pembenah Tanah - Pendaftaran Baru,2018,2023,d62bc1906cf27adf879f2983115b782c2679
FOLIFLO KUALITAS,01.02.2019.109,PT. Hextar Fertilizer Indonesia,an-organik,Cair,Krem,An-organik - Pendaftaran Baru,2018,2023,c8a04f82-4325-438e-b9a9-fbd339f00068
BUMI IJO ,,PT Lautan Luas Tbk,an-organik,Butiran,Coklat,An-organik - Pendaftaran Ulang Ganjil,2018,2023,9ab86cc7-3fbb-467c-9603-dd72eeeab797
HARACOAT,,PT. HANAMPI SEJAHTERA KAHURIPAN,NPK Padat (SNI),Butiran,"Ungu, Hijau, Biru, Coklat, Merah, Hitam, Putih",An-organik - Pengantar Uji Untuk Pendaftaran Baru/Ulang Genap/Penambahan Pro,2018,2023,ab602e40-08fa-483a-a5f6-66810d0530e3
WINNER SP,03.03.2018.177,CV. Nusa Nur Agro,hayati,Tepung,Coklat Kehitaman & Putih,Organik/Hayati/Pembenah Tanah - Pendaftaran Baru,2018,2023,d62bc1906cf27adf879f2983115b782c2679
GROPRINT,01.01.2019.030,UD. PRIMAGRO,an-organik,Butiran,Merah,An-organik - Pendaftaran Baru,2018,2023,baac0661-9be3-424a-bc02-ddb660bcb827
ERTAN,01.01.2018.334,UD. PRIMAGRO,an-organik,Butiran,Hijau,An-organik - Pendaftaran Baru,2018,2023,baac0661-9be3-424a-bc02-ddb660bcb827
DEWI,04.03.2018.172,CV. Dewi,Pembenah Tanah Dolomit,Tepung,Putih,Organik/Hayati/Pembenah Tanah - Pendaftaran Baru,2018,2023,916f2010-6344-4b86-84cb-f284f5d93372
AMINOTRI,02.02.2019.007,PT. Maju Makmur Utomo,organik,Cair,Bening,Organik/Hayati/Pembenah Tanah - Pendaftaran Baru,2018,2023,8ecd40c8-d272-453f-9337-1958de3d86f7
LOONGZOU,01.03.2019.088,PT. Sasco Indonesia,an-organik,Tepung,coklat muda,An-organik - Pendaftaran Baru,2018,2023,5f3559b5-945e-4d3a-9fe9-b4a089c200fa
FOLIMAC D,01.08.2019.198,PT. Hextar Fertilizer Indonesia,an-organik,Kristal,Putih,An-organik - Pendaftaran Baru,2018,2023,c8a04f82-4325-438e-b9a9-fbd339f00068
LOONGZOU,01.01.2019.228,PT. Sasco Indonesia,an-organik,Butiran,"kuning, coklat",An-organik - Pendaftaran Baru,2018,2023,5f3559b5-945e-4d3a-9fe9-b4a089c200fa
LOONGZOU,01.03.2019.097,PT. Sasco Indonesia,an-organik,Tepung,coklat muda,An-organik - Pendaftaran Baru,2018,2023,5f3559b5-945e-4d3a-9fe9-b4a089c200fa
PELANGI,01.01.2018.286,PT Pupuk Kalimantan Timur,an-organik,Butiran,"Cokelat, Putih, Merah, Abu-abu, Hijau dan Hitam",An-organik - Pendaftaran Ulang Genap,2018,2023,3af996a5b19bf8ac5db58137d8d1afed4892
Valdi's GROW,03.03.2018.186,PT Prosper Biotech Indonesia,hayati,Tepung,Abu,Organik/Hayati/Pembenah Tanah - Pendaftaran Baru,2018,2023,91170b63-3660-4045-943c-366d929b3462
CENDRAWASIH,04.03.2018.161,PT. Cipta Makmur Pertiwi,Pembenah Tanah Dolomit,Tepung,Putih,Organik/Hayati/Pembenah Tanah - Pendaftaran Baru,2018,2023,3f95834b-f146-496b-b46a-f6bf85ce6e69
BAHARI,,CV. Jaya Tani,Fosfat Alam untuk Pertanian (SNI),Butiran,"Merah, Abu-Abu, Coklat",An-organik - Pengantar Uji Untuk Pendaftaran Baru/Ulang Genap/Penambahan Pro,2018,2023,032ec707fb856da16d592b81bfb82c3b8011
d'DIANA,01.03.2020.088,CV.MITRA TANI ABADI JAYA,an-organik,Tepung,putih,An-organik - Pendaftaran Baru,2018,2023,5a16eeab-a266-47a6-9db2-60b6bbad7a23
RHIZAgold Plus,03.01.2019.050,PT. Biotrack Technology Indonesia,hayati,Butiran,Hitam,Organik/Hayati/Pembenah Tanah - Pendaftaran Baru,2018,2023,8d35d7dd-a472-4c31-b9e7-0e44a9fe0ffe
GOLDENSTAR,01.03.2019.091,CV. Bulaksari Farm,an-organik,Tepung,Hijau dan Biru,An-organik - Pendaftaran Baru,2018,2023,6beace9c-daec-458e-9b29-daddb4793d3e
JSB,01.08.2018.377,CV JAYA SRI BERSAMA,an-organik,Padat Kristal,Merah,An-organik - Pendaftaran Ulang Genap,2018,2023,ff31b9bddd061e00851c3eeb82fccb861602
Sun Bear,01.01.2018.123,PT PRIMA AGRO MANDIRI,an-organik,Butiran,Coklat,An-organik - Pendaftaran Baru,2018,2023,5ac6b9b5-911f-40d9-869c-3f928ce1b1ff
ENKU,01.01.2019.017,PT. Bumi Subur Sentosa,an-organik,Butiran,Putih,An-organik - Pendaftaran Baru,2018,2023,2004b629430939f680b316dd09563d4d4723
FORMITRA,01.01.2019.212,PT. Formitra Multi Prakarsa,an-organik,Butiran,Merah Bata,An-organik - Pendaftaran Baru,2018,2023,42288d58-ac7c-4cce-8a76-86664ebdf90c
STAR PHOS-B,,PT. Dharma Ayu Tani,an-organik,,,An-organik - Pengalihan Nomor Pendaftaran,2018,2023,aa2bb24e-cbe8-47b9-a001-0ca9341ab847
GARUDA MERAH Plus,,PT. Cahaya Inti Tunggal,organik,Butiran,Hitam / Coklat,Organik/Hayati/Pembenah Tanah - Pendaftaran Ulang Ganjil,2018,2023,e81bb712-3825-4271-a9d1-dd12e08064c3
PROTONMAXX,,PT DOBEL F JAYA,an-organik,,,An-organik - Pengalihan Nomor Pendaftaran,2018,2023,fe83eab5-6e4e-434d-9e37-1d3679e03a0e
RG,02.02.2019.146,PT. Maju Makmur Utomo,organik,Cair,Coklat,Organik/Hayati/Pembenah Tanah - Pendaftaran Baru,2018,2023,8ecd40c8-d272-453f-9337-1958de3d86f7
Kaya Bio,03.01.2019.148,PT Petrokimia Kayaku,hayati,Butiran,Kuning,Organik/Hayati/Pembenah Tanah - Pendaftaran Ulang Genap,2018,2023,a873131e-7133-440c-ba2f-bc80eefd69fd
DINOSAURUS,03.02.2018.171,PT.PRAMUDITA DARYA PARMA,hayati,Cair,Coklat Pekat,Organik/Hayati/Pembenah Tanah - Pendaftaran Baru,2018,2023,c231520a-3eda-4075-b04d-aebf0a7d3d3b
SEJAHTERA,01.03.2018.191,PT Gresik Cipta Sejahtera,an-organik,Tepung,Kecoklatan,An-organik - Pendaftaran Baru,2018,2023,2d76f9c0-5abc-4dec-8238-cdc7598356d1
PBMfertilizer,02.01.2019.013,PT. POMAL BEKA MANDIRI,organik,Butiran,Cokelat kehitaman,Organik/Hayati/Pembenah Tanah - Pendaftaran Baru,2018,2023,c66d9869-5e82-4d21-9fd2-5cdb5e27b4f9
Mutiara SAWIT,01.01.2019.073,PT.MEROKE TETAP JAYA,an-organik,Butiran,Coklat,An-organik - Pendaftaran Baru,2018,2023,a5a2f54e-db06-45ca-acd3-bf7db4701956
BIOFAST,02.02.2018.071,PT. WAHANA PUNDIKARSA ABADI,organik,Cair,Kecoklatan,Organik/Hayati/Pembenah Tanah - Pendaftaran Baru,2018,2023,609ab9e45e4119ac0dff043fc6e5da378162
FORMITRA,01.01.2019.211,PT. Formitra Multi Prakarsa,an-organik,Butiran,Merah Bata,An-organik - Pendaftaran Baru,2018,2023,42288d58-ac7c-4cce-8a76-86664ebdf90c
FORMITRA,01.01.209.353,PT. Formitra Multi Prakarsa,an-organik,Butiran,Merah Bata,An-organik - Pendaftaran Baru,2018,2023,42288d58-ac7c-4cce-8a76-86664ebdf90c
PHONSKA,,PT Petrokimia Gresik,an-organik,Butiran,Merah muda,An-organik - Pendaftaran Ulang Ganjil,2018,2023,8259c7aa7427a3aafbc56ffd00cff00e3021
DECKA,02.02.2018.107,CV. HERBASARI,organik,Cair,Coklat Kehitaman,Organik/Hayati/Pembenah Tanah - Pendaftaran Baru,2018,2023,27c7d7e9-6547-4db2-a2a8-51c0d34db5f6
Eco Land,02.01.2018.119,PT. ECO AGRO MANDIRI,organik,Butiran,Hitam,Organik/Hayati/Pembenah Tanah - Pendaftaran Baru,2018,2023,50f674f7-648f-4654-afbc-f6572bed957b
DGW,01.05.2019.010,PT. Hextar Fertilizer Indonesia,an-organik,Prill,Putih,An-organik - Pendaftaran Baru,2018,2023,c8a04f82-4325-438e-b9a9-fbd339f00068
NUSAMAS,,PT Nusamas Kimia Persada,an-organik,Butiran,Abu-abu,An-organik - Pendaftaran Ulang Ganjil,2018,2023,9ce948e7-ae1f-4479-b0e0-96d25b0cbf1e
WOKOZIM,02.02.2019.177,PT Petrokimia Kayaku,organik,Cair,Hitam,Organik/Hayati/Pembenah Tanah - Pendaftaran Baru,2018,2023,a873131e-7133-440c-ba2f-bc80eefd69fd
HARA GARUDA,01.03.2020.094,CV.MITRA TANI ABADI JAYA,an-organik,Tepung,putih,An-organik - Pendaftaran Baru,2018,2023,5a16eeab-a266-47a6-9db2-60b6bbad7a23
HARA GARUDA,01.03.2020.094,CV.MITRA TANI ABADI JAYA,an-organik,Tepung,putih,An-organik - Pendaftaran Baru,2018,2023,5a16eeab-a266-47a6-9db2-60b6bbad7a23
GREENWORLD,,PT. UTOMO UTOMO,hayati,Cair,Bening,Organik/Hayati/Pembenah Tanah - Pendaftaran Ulang Ganjil,2018,2023,2004b629430939f680b316dd09563d4d3828
GREENWORLD,,PT. UTOMO UTOMO,hayati,Cair,Coklat ,Organik/Hayati/Pembenah Tanah - Pendaftaran Ulang Ganjil,2018,2023,2004b629430939f680b316dd09563d4d3828
BELKO,01.02.2019.013,PT BIOTIS AGRINDO,an-organik,Cair,Kekuningan,An-organik - Pendaftaran Baru,2018,2023,eb662a37-d9e8-413f-b507-8ab3b7cf9e16
SUGIH TANI,02.02.2018.108,PT. ECO AGRO MANDIRI,organik,Cair,Coklat,Organik/Hayati/Pembenah Tanah - Pendaftaran Baru,2018,2023,50f674f7-648f-4654-afbc-f6572bed957b
Mutiara SAWIT,01.01.2019.295,PT.MEROKE TETAP JAYA,an-organik,Butiran,Coklat,An-organik - Pendaftaran Baru,2018,2023,a5a2f54e-db06-45ca-acd3-bf7db4701956
Mutiara SAWIT,01.01.2019.118,PT.MEROKE TETAP JAYA,an-organik,Butiran,Coklat,An-organik - Pendaftaran Baru,2018,2023,a5a2f54e-db06-45ca-acd3-bf7db4701956
Mutiara SAWIT,01.01.2019.089,PT.MEROKE TETAP JAYA,an-organik,Butiran,Coklat,An-organik - Pendaftaran Baru,2018,2023,a5a2f54e-db06-45ca-acd3-bf7db4701956
NUSAMAS,,PT Nusamas Kimia Persada,an-organik,Butiran,Putih,An-organik - Pendaftaran Ulang Ganjil,2018,2023,9ce948e7-ae1f-4479-b0e0-96d25b0cbf1e
CAP TAWON,01.03.2019.301,PT Kertopaten Kencana,an-organik,Tepung,Putih,An-organik - Pendaftaran Baru,2018,2023,0c496ac58b4898b510132b58728761674087
ANR-30 PLUS-TE,01.01.2019.205,PT. Agrofarm Nusa Raya,an-organik,Butiran,"Biru, Merah Bata",An-organik - Pendaftaran Baru,2018,2023,42aa8c88-cccb-41f4-8010-2dace3de5164
UNTA,,CV. BUMI INDO RAHARJA,an-organik,Butiran,Coklat,An-organik - Pendaftaran Ulang Ganjil,2018,2023,d7d213df-99de-4f96-a624-7bb42e9d56be
BIANGLALA,,CV. BUMI INDO RAHARJA,an-organik,Butiran,"Putih,Merah,Hitam, Coklat",An-organik - Pendaftaran Ulang Ganjil,2018,2023,d7d213df-99de-4f96-a624-7bb42e9d56be
WONDER NATURAL ENZYM,02.02.2020.036,PT.WONDERINDO PHARMATAMA,organik,Cair,Coklat,Organik/Hayati/Pembenah Tanah - Pendaftaran Ulang Genap,2018,2023,5c8e99a9-b1fb-4837-83c8-c96aa909e310
NUSAMAS,,PT Nusamas Kimia Persada,an-organik,Tepung,Putih,An-organik - Pendaftaran Ulang Ganjil,2018,2023,9ce948e7-ae1f-4479-b0e0-96d25b0cbf1e
SUSENO WINARTO ALAMI,01.02.2019.027,PT. Tani Karya Makmur Sejahtera,an-organik,Cair,Biru,An-organik - Pendaftaran Baru,2018,2023,bbba56cc-d758-4bc5-9737-1302641d3ff6
GREENER,01.02.2019.331,PT. Tani Karya Makmur Sejahtera,an-organik,Cair,Hijau,An-organik - Pendaftaran Baru,2018,2023,bbba56cc-d758-4bc5-9737-1302641d3ff6
GOLDEN WHEEL 20,01.01.2019.194,PT. Makro Chemindo,an-organik,Butiran,Putih,An-organik - Pendaftaran Ulang Genap,2018,2023,4eba0d16-0b53-4005-a167-e4d592e63860
MerokeVITAFLEX,01.03.2019.142,PT.MEROKE TETAP JAYA,an-organik,Tepung,Kuning,An-organik - Pendaftaran Baru,2018,2023,a5a2f54e-db06-45ca-acd3-bf7db4701956
Humagrow,02.02.2020.056,PT. MULTIKIMIA AGRO SEJAHTERA,organik,Cair,Putih dan Hijau,Organik/Hayati/Pembenah Tanah - Pendaftaran Ulang Genap,2018,2023,ccad9a76-cd57-4498-9d20-91b489aab6d1
 HUMATE,02.01.2020.062,PT. MULTIKIMIA AGRO SEJAHTERA,organik,Butiran,Kehitaman,Organik/Hayati/Pembenah Tanah - Pendaftaran Ulang Genap,2018,2023,ccad9a76-cd57-4498-9d20-91b489aab6d1
MAHKOTA FERTILIZER,,PT. SENTANA ADIDAYA PRATAMA,an-organik,Butiran,Coklat ,An-organik - Pendaftaran Ulang Ganjil,2018,2023,36c5c4f2-e215-4d04-9948-8926fb16c0a5
GOLDEN WHEEL 23,01.01.2019.046,PT. Makro Chemindo,an-organik,Butiran,Biru,An-organik - Pendaftaran Ulang Genap,2018,2023,4eba0d16-0b53-4005-a167-e4d592e63860
FERTILA,01.01.2019.045,CV. SAPROTAN UTAMA,an-organik,Butiran,putih,An-organik - Pendaftaran Baru,2018,2023,32a5fc08-615e-4849-9010-dfc08eaec4e8
SJ,02.01.2018.187,CV. Satria Jaya,organik,Butiran,Coklat Kehitaman,Organik/Hayati/Pembenah Tanah - Pendaftaran Baru,2018,2023,fdb67ffb-cd21-4bef-82a9-26050f4154d5
HARACOAT,01.01.2019.309,PT. HANAMPI SEJAHTERA KAHURIPAN,NPK Padat (SNI),Butiran," Ungu, Hijau, Biru,Coklat, Putih, Merah, Hitam",An-organik - Pendaftaran Baru (2018),2018,2023,ab602e40-08fa-483a-a5f6-66810d0530e3
Mutiara GROWER,01.05.2019.164,PT.MEROKE TETAP JAYA,an-organik,Prill,Hijau,An-organik - Pendaftaran Baru,2018,2023,a5a2f54e-db06-45ca-acd3-bf7db4701956
Mutiara GROWER,01.05.2019.143,PT.MEROKE TETAP JAYA,an-organik,Prill,Hijau,An-organik - Pendaftaran Baru,2018,2023,a5a2f54e-db06-45ca-acd3-bf7db4701956
Mutiara,01.05.2018.414,PT.MEROKE TETAP JAYA,an-organik,Prill,Biru,An-organik - Pendaftaran Baru,2018,2023,a5a2f54e-db06-45ca-acd3-bf7db4701956
DOREMI,01.01.2019.082,PT DIC Graphics,an-organik,Butiran,Putih,An-organik - Pendaftaran Baru,2018,2023,64fe783e-ed15-4474-a28c-c699714857ad
MOD,,CV. Tani Hijau LestariI,dekomposer,Cair,Kecoklatan,Organik/Hayati/Pembenah Tanah - Pendaftaran Ulang Ganjil,2018,2023,a7a7c671-886d-4d3d-b7e2-67ac1958b1c7
BIO NK,02.02.2019.056,CV PALUGADA SUKSES BERSAMA,organik,Cair,Coklat kemerahan,Organik/Hayati/Pembenah Tanah - Pendaftaran Baru,2018,2023,35ef8b98-2cf4-4d80-b897-2cf148fd0861
AGROS,02.01.2019.061,CV PALUGADA SUKSES BERSAMA,organik,Butiran,Hitam Kecoklatan,Organik/Hayati/Pembenah Tanah - Pendaftaran Baru,2018,2023,35ef8b98-2cf4-4d80-b897-2cf148fd0861
PLANTAFOL,01.01.2019.043,PT. Winon International,an-organik,Butiran,Putih,An-organik - Pendaftaran Baru,2018,2023,6395efef-31f0-4019-acd2-84e790a7cd2a
SJ,02.03.2019.002,CV. Satria Jaya,organik,Tepung,Coklat Kehitaman,Organik/Hayati/Pembenah Tanah - Pendaftaran Baru,2018,2023,fdb67ffb-cd21-4bef-82a9-26050f4154d5
SATO-KALI OP+B,01.01.2019.219,PT. BEHN MEYER AGRICARE,an-organik,Butiran,Putih Campur Abu-abu,An-organik - Pendaftaran Ulang Genap,2018,2023,3d48529b-97aa-48d6-b6ad-cbfa089183bc
MerokeCALNITBoost,01.08.2019.187,PT.MEROKE TETAP JAYA,an-organik,Bulat Pipih,Kuning kehijauan,An-organik - Pendaftaran Baru,2018,2023,a5a2f54e-db06-45ca-acd3-bf7db4701956
ACELE,02.02.2018.168,PT. AGRO TANI MAJU SEJAHTERA,organik,Cair,Coklat,Organik/Hayati/Pembenah Tanah - Pendaftaran Baru,2018,2023,4433aaf8-1dfd-4f58-8a79-1bfd7d5d1c0c
NutrimixGT,01.01.2019.165,PT. NUSA PALAPA GEMILANG,an-organik,Butiran,Hitam Keabu-abuan,An-organik - Pendaftaran Baru,2018,2023,48f248ee-8c81-4da1-868b-8351b17e06ef
SEMESTA ,01.08.2019.050,PT. SEMESTA JAYA ABADI,an-organik,Kristal,Putih,An-organik - Pendaftaran Baru,2018,2023,370a20b1-9b92-4ff8-8c12-2d5c2e806f4d
Injection,,PT.NOVELVAR,an-organik,Tepung,Kuning,An-organik - Pendaftaran Ulang Ganjil,2018,2023,432ba4ad-4d41-44b1-bea8-e42b248c1242
AGINTA,,PT. Agro Indah Permata,an-organik,Butiran,Merah bata,An-organik - Pendaftaran Ulang Ganjil,2018,2023,d128f89c-9240-4a9d-8c04-37e4c1cc8a63
CAP Anoa,02.01.2018.169,CV. Rahayu,organik,Butiran,Hitam ,Organik/Hayati/Pembenah Tanah - Pendaftaran Baru,2018,2023,7cc51233-527e-4b5d-8c81-0b42528e7cbe
Humagrow,,PT. MULTIKIMIA AGRO SEJAHTERA,an-organik,Butiran,Hitam,An-organik - Pendaftaran Ulang Ganjil,2018,2023,ccad9a76-cd57-4498-9d20-91b489aab6d1
MO PLUS,03.02.2020.006,CV. Organic Farming Indonesia,hayati,Cair,Kecoklat-coklatan,Organik/Hayati/Pembenah Tanah - Pendaftaran Ulang Genap,2018,2023,c9a78802-70ad-4608-83b9-bed9c997aeb0
LAKABA,01.01.2019.312,PT. Laku Agung Bahagia Indonesia,an-organik,Butiran,Abu - abu Natural,An-organik - Pendaftaran Baru,2018,2023,187b184d-36a5-4740-a0d8-17c1f80168ad
LAKABA,01.01.2019.313,PT. Laku Agung Bahagia Indonesia,an-organik,Butiran,Abu - abu Natural,An-organik - Pendaftaran Baru,2018,2023,187b184d-36a5-4740-a0d8-17c1f80168ad
Mutiara PARTNER,01.05.2019.299,PT.MEROKE TETAP JAYA,an-organik,Prill,Hijau,An-organik - Pendaftaran Baru,2018,2023,a5a2f54e-db06-45ca-acd3-bf7db4701956
Mutiara GROWER,01.05.2019.119,PT.MEROKE TETAP JAYA,an-organik,Prill,Hijau,An-organik - Pendaftaran Baru,2018,2023,a5a2f54e-db06-45ca-acd3-bf7db4701956
GREENWORLD,,PT. UTOMO UTOMO,hayati,Cair,Bening,Organik/Hayati/Pembenah Tanah - Pendaftaran Ulang Ganjil,2018,2023,2004b629430939f680b316dd09563d4d3828
LAKABA,01.01.2019.342,PT. Laku Agung Bahagia Indonesia,an-organik,Butiran,Abu - abu Natural,An-organik - Pendaftaran Baru,2018,2023,187b184d-36a5-4740-a0d8-17c1f80168ad
LAKABA,01.01.2019.343,PT. Laku Agung Bahagia Indonesia,an-organik,Butiran,Abu - abu Natural,An-organik - Pendaftaran Baru,2018,2023,187b184d-36a5-4740-a0d8-17c1f80168ad
BESGREEN,01.01.2019.166,PT. TIARA BUANA MANDIRI,an-organik,Butiran,Biru,An-organik - Pendaftaran Baru,2018,2023,36144a66-b620-4878-9b70-b492165f2ddf
JADI MAS,01.01.2019.101,PT JADI MAS,an-organik,Butiran,Natural,An-organik - Pendaftaran Baru,2018,2023,2004b629430939f680b316dd09563d4d3955
NUTRIVANT ,01.03.2019.098,PT. Agrotama Tunas Sarana,an-organik,Tepung,Putih,An-organik - Pendaftaran Baru,2018,2023,83c743cb-4ec1-4b82-ae85-3a1f26750e30
Dinamik,01.02.2020.089,PT. Kamar Maeso Harapan,an-organik,Cair,Hijau,An-organik - Pendaftaran Baru,2018,2023,7649e2c0-8f30-40b9-bf77-3312bb796a8e
HUMISOL,02.03.2019.020,PT Exindo Raharja Pratama,organik,Tepung,Hitam,Organik/Hayati/Pembenah Tanah - Pendaftaran Ulang Genap,2018,2023,2004b629430939f680b316dd09563d4d1027
MULTIERA 15-15-6,01.01.2018.395,PT. SINAR  GENERAL INDUSTRIES,an-organik,Butiran,Marun,An-organik - Pendaftaran Baru,2018,2023,becab482-ea9d-4106-9b22-7f4eb146c57c
MULTIERA 13-6-27,01.01.2018.314,PT. SINAR  GENERAL INDUSTRIES,an-organik,Butiran,Biru,An-organik - Pendaftaran Baru,2018,2023,becab482-ea9d-4106-9b22-7f4eb146c57c
MULTIERA 14-14-21,01.01.2018.315,PT. SINAR  GENERAL INDUSTRIES,an-organik,Butiran,Biru,An-organik - Pendaftaran Baru,2018,2023,becab482-ea9d-4106-9b22-7f4eb146c57c
MULTIERA 20-10-20,01.01.2018.394,PT. SINAR  GENERAL INDUSTRIES,an-organik,Butiran,Biru,An-organik - Pendaftaran Baru,2018,2023,becab482-ea9d-4106-9b22-7f4eb146c57c
Protecals,01.03.2019.033,PT. SURYA CIPTA PERKASA YOGYAKARTA,an-organik,Tepung,Putih,An-organik - Pendaftaran Baru,2018,2023,ecce99c4-56dc-4395-a88a-418c6e77d1a0
NUTRIMAS,,PT NUTRIMAS AGRO INDONESIA,organik,Cair,Bening sampai kekuningan muda bening,Organik/Hayati/Pembenah Tanah - Pendaftaran Ulang Ganjil,2018,2023,c03a73f9-3986-48f6-9752-c55246fb9f3a
ZIRAEA,04.03.2018.094,CV Alam Hijau,Pembenah Tanah Dolomit,Tepung,Putih,Organik/Hayati/Pembenah Tanah - Pendaftaran Baru,2018,2023,8c3a5caf-e323-4035-97c5-7ce3d4154c08
GLB,02.03.2019.008,PT Greenlife Bioscience,organik,Tepung,Hitam,Organik/Hayati/Pembenah Tanah - Pendaftaran Baru,2018,2023,2de0c443-bec5-4535-b71e-c2d933b778a7
MULTIERA 12-12-17,01.01.2018.393,PT. SINAR  GENERAL INDUSTRIES,an-organik,Butiran,biru,An-organik - Pendaftaran Baru,2018,2023,becab482-ea9d-4106-9b22-7f4eb146c57c
RACOON,,CV. SURYA TANI TIMUR SANTOSA,an-organik,,,An-organik - Pengalihan Nomor Pendaftaran,2018,2023,70a79262-a6cc-4057-8a83-a95b9f1f3de5
MAHKOTA,,PT. SENTANA ADIDAYA PRATAMA,an-organik,Tepung,Hijau Kebiruan ,An-organik - Pendaftaran Ulang Ganjil,2018,2023,36c5c4f2-e215-4d04-9948-8926fb16c0a5
MAHKOTA,,PT. SENTANA ADIDAYA PRATAMA,an-organik,Butiran,Coklat,An-organik - Pendaftaran Ulang Ganjil,2018,2023,36c5c4f2-e215-4d04-9948-8926fb16c0a5
MAHKOTA,,PT. SENTANA ADIDAYA PRATAMA,an-organik,Butiran,Coklat,An-organik - Pendaftaran Ulang Ganjil,2018,2023,36c5c4f2-e215-4d04-9948-8926fb16c0a5
MAHKOTA,,PT. SENTANA ADIDAYA PRATAMA,an-organik,Butiran,Coklat,An-organik - Pendaftaran Ulang Ganjil,2018,2023,36c5c4f2-e215-4d04-9948-8926fb16c0a5
MAHKOTA,,PT. SENTANA ADIDAYA PRATAMA,an-organik,Butiran,Coklat,An-organik - Pendaftaran Ulang Ganjil,2018,2023,36c5c4f2-e215-4d04-9948-8926fb16c0a5
SEMESTA ,01.01.2018.385,PT. SEMESTA JAYA ABADI,an-organik,Butiran,Putih dan Abu-Abu,An-organik - Pendaftaran Baru,2018,2023,370a20b1-9b92-4ff8-8c12-2d5c2e806f4d
MAHKOTA,01.03.2018.426,PT. SENTANA ADIDAYA PRATAMA,an-organik,Tepung,Putih,An-organik - Pendaftaran Baru,2018,2023,36c5c4f2-e215-4d04-9948-8926fb16c0a5
Mahkota,01.01.2019.024,PT. SENTANA ADIDAYA PRATAMA,an-organik,Butiran,Putih,An-organik - Pendaftaran Baru,2018,2023,36c5c4f2-e215-4d04-9948-8926fb16c0a5
JI Java Indah,01.03.2019.199,CV. JAVA INDAH,an-organik,Tepung,Abu-abu tua ,An-organik - Pendaftaran Baru,2018,2023,87e7ef40-4000-453e-9fa7-cfe6643725ec
PAK TANI,,CV. SAPROTAN UTAMA,an-organik,Butiran,coklat,An-organik - Pendaftaran Ulang Ganjil,2018,2023,32a5fc08-615e-4849-9010-dfc08eaec4e8
MS,,CV. MITRA AGRO SENTOSA,an-organik,,,An-organik - Pengalihan Nomor Pendaftaran,2018,2023,2004b629430939f680b316dd09563d4d5369
JADI MAS,01.01.2019.100,PT JADI MAS,an-organik,Butiran,Natural,An-organik - Pendaftaran Baru,2018,2023,2004b629430939f680b316dd09563d4d3955
JADI MAS,01.01.2018.037,PT JADI MAS,an-organik,Butiran,Natural,An-organik - Pendaftaran Baru,2018,2023,2004b629430939f680b316dd09563d4d3955
JADI MAS,01.01.2019.087,PT JADI MAS,an-organik,Butiran,Natural,An-organik - Pendaftaran Baru,2018,2023,2004b629430939f680b316dd09563d4d3955
MS,,CV. MITRA AGRO SENTOSA,an-organik,,,An-organik - Pengalihan Nomor Pendaftaran,2018,2023,2004b629430939f680b316dd09563d4d5369
PAK TANI,,CV. SAPROTAN UTAMA,an-organik,Butiran,coklat,An-organik - Pendaftaran Ulang Ganjil,2018,2023,32a5fc08-615e-4849-9010-dfc08eaec4e8
PAK TANI,,CV. SAPROTAN UTAMA,an-organik,Butiran,coklat,An-organik - Pendaftaran Ulang Ganjil,2018,2023,32a5fc08-615e-4849-9010-dfc08eaec4e8
testing 002,,Alwi Konsultan - TEST,NPK + TE,Butiran,merah,An-organik - Pengantar Uji Untuk Pendaftaran Baru/Ulang Genap/Penambahan Pro,2018,2023,ff31b9bddd061e00851c3eeb82fccb867045
tess,,Alwi Konsultan - TEST,NPK Padat (SNI),Butiran,"Merah, Putih",An-organik - Pengantar Uji Untuk Pendaftaran Baru/Ulang Genap/Penambahan Pro,2018,2023,ff31b9bddd061e00851c3eeb82fccb867045
testing 1,,Alwi Konsultan - TEST,NPK + TE,Butiran,Merah,An-organik - Pengantar Uji Untuk Pendaftaran Ulang Ganjil/Perubahan Warna (2,2018,2023,ff31b9bddd061e00851c3eeb82fccb867045
PKSJ Specialised Fertilizers,01.08.2019.012,PT PUPUK KELAPA SAWIT JAYA,an-organik,Naged Padat,Coklat  ke-abuan,An-organik - Pendaftaran Baru,2018,2023,21438ac2-992f-4362-adc8-d4fc348659be
BAPAK IBU TANI,02.03.2019.123,CV. Mulyo Tani Makmur,organik,Tepung,Hitam dan Coklat,Organik/Hayati/Pembenah Tanah - Pendaftaran Baru,2018,2023,8be21e9c-b423-4467-bc20-d8b594535708
FRENSOIL ,04.01.2019.163,PT Tunas Makmur Jaya Abadi,pembenah tanah,Butiran,Hitam,Organik/Hayati/Pembenah Tanah - Pendaftaran Baru,2018,2023,ae93e0ab-4065-4dff-9aed-af8fa0aa8099
JADI MAS,01.01.2018.038,PT JADI MAS,an-organik,Butiran,Natural,An-organik - Pendaftaran Baru,2018,2023,2004b629430939f680b316dd09563d4d3955
JADI MAS,01.01.2019.081,PT JADI MAS,an-organik,Butiran,Natural,An-organik - Pendaftaran Baru,2018,2023,2004b629430939f680b316dd09563d4d3955
MULTI JAGUNG,,PT.TANINDO INTERTRACO,an-organik,,,An-organik - Pengalihan Nomor Pendaftaran,2018,2023,71f6ceda-37e5-4309-b02e-cf7eb6e4675c
JADI MAS,01.01.2019.026,PT JADI MAS,an-organik,Butiran,Natural,An-organik - Pendaftaran Baru,2018,2023,2004b629430939f680b316dd09563d4d3955
JADI MAS,01.01.2019.061,PT JADI MAS,an-organik,Butiran,Natural,An-organik - Pendaftaran Baru,2018,2023,2004b629430939f680b316dd09563d4d3955
TYGRO UP,,CV MANUNGGAL ABADI SENTOSA,organik,Cair,Biru tua,Organik/Hayati/Pembenah Tanah - Pendaftaran Ulang Ganjil,2018,2023,db7b9e01b49dd526035182654b89be334775
GLB,03.02.2018.175,PT Greenlife Bioscience,dekomposer,Cair,Coklat,Organik/Hayati/Pembenah Tanah - Pendaftaran Baru,2018,2023,2de0c443-bec5-4535-b71e-c2d933b778a7
POWER-K,01.02.2019.137,PT. SURYA CIPTA PERKASA YOGYAKARTA,an-organik,Cair,Merah Muda,An-organik - Pendaftaran Baru,2018,2023,ecce99c4-56dc-4395-a88a-418c6e77d1a0
RexGrow,01.01.2019.102,PT. Nusa Mandiri Utama,an-organik,Butiran,Biru,An-organik - Pendaftaran Baru,2018,2023,6b1a7999-7515-4097-89f6-27a8069e8d46
HDR,,UD. Primaagro,organik,,,Organik/Hayati/Pembenah Tanah - Pengalihan Nomor Pendaftaran,2018,2023,31d36cb3-7bfa-443b-9fce-0c5113a77e73
ZIRAEA,02.01.2018.178,CV Alam Hijau,organik,Butiran,Hitam Keputihan/Abu-abu,Organik/Hayati/Pembenah Tanah - Pendaftaran Baru,2018,2023,8c3a5caf-e323-4035-97c5-7ce3d4154c08
GRO-MATE Ls,,PT Tunas Agro Persada,organik,Cair,Hitam,Organik/Hayati/Pembenah Tanah - Pendaftaran Ulang Ganjil,2018,2023,b2980a9b-fa49-4984-be77-0b6990cd50c8
FOSCANIKA,04.01.2019.084,PT. Cipta Makmur Pertiwi,Pembenah Tanah Dolomit,Butiran,Merah dan Biru,Organik/Hayati/Pembenah Tanah - Pendaftaran Baru,2018,2023,3f95834b-f146-496b-b46a-f6bf85ce6e69
YEASE+ ,,PT Tunas Agro Persada,organik,Cair,Coklat Tua,Organik/Hayati/Pembenah Tanah - Pendaftaran Ulang Ganjil,2018,2023,b2980a9b-fa49-4984-be77-0b6990cd50c8
BIOTOGROWTOP,03.02.2019.012,CV. Bakti Alam Nusantara,hayati,Cair,Coklat Tua,Organik/Hayati/Pembenah Tanah - Pendaftaran Baru,2018,2023,8bf8a523-4a6c-4d36-9401-f064e2a96f25
MOAF,02.03.2018.157,PT.PROPADU KONAIR TARAHUBUN,organik,Tepung,Coklat Abu Kehitaman,Organik/Hayati/Pembenah Tanah - Pendaftaran Baru,2018,2023,996a1523-6b3f-430b-96c6-1042c96d7dac
MASTOFOL TRISTAR,01.02.2019.055,PT Kalatham,an-organik,Cair,Coklat Tua,An-organik - Pendaftaran Baru,2018,2023,332c30f1-9d1a-455e-b156-b5a84b8816fc
Microgen Gold,,PT. AGROINDO,an-organik,Butiran,Coklat,An-organik - Pendaftaran Ulang Ganjil,2018,2023,025d90e3-62eb-4752-9e6c-40d080d9099c
AMINOAGE,,PT Tunas Agro Persada,organik,Cair,Coklat,Organik/Hayati/Pembenah Tanah - Pendaftaran Ulang Ganjil,2018,2023,b2980a9b-fa49-4984-be77-0b6990cd50c8
MZ2000,03.01.2019.111,PT. Intidaya Agrolestari,hayati,Butiran,Hijau,Organik/Hayati/Pembenah Tanah - Pendaftaran Baru,2018,2023,5cb84f6a-70f3-40b5-94d9-5f8b3a644b27
testing 02,,Alwi Konsultan - TEST,NPK + TE,Butiran,Merah,An-organik - Pengantar Uji Untuk Pendaftaran Ulang Ganjil/Perubahan Warna (2,2018,2023,ff31b9bddd061e00851c3eeb82fccb867045
testing 003,,Alwi Konsultan - TEST,NPK + TE,Butiran,Merah,An-organik - Pengantar Uji Untuk Pendaftaran Baru/Ulang Genap/Penambahan Pro,2018,2023,ff31b9bddd061e00851c3eeb82fccb867045
ROJO NUSANTORO,01.05.2019.028,CV. Agro Santanindo,an-organik,Prill,Merah Kecoklatan,An-organik - Pendaftaran Baru,2018,2023,5d951631-50a1-4912-832f-404ea7aa2bf2
Mahkota,,PT. SENTANA ADIDAYA PRATAMA,an-organik,,,An-organik - Pengalihan Nomor Pendaftaran,2018,2023,36c5c4f2-e215-4d04-9948-8926fb16c0a5
Mahkota,,PT. SENTANA ADIDAYA PRATAMA,an-organik,,,An-organik - Pengalihan Nomor Pendaftaran,2018,2023,36c5c4f2-e215-4d04-9948-8926fb16c0a5
PLUS,02.01.2019.168,Ud.sarana tani utama,organik,Butiran,Abu-Abu,Organik/Hayati/Pembenah Tanah - Pendaftaran Baru,2018,2023,e119c023-3f58-42ce-9d93-d5d91cfd435a
BEENSAE,03.03.2019.017,PT. Dharma Ayu Tani,hayati,Tepung,Putih,Organik/Hayati/Pembenah Tanah - Pendaftaran Baru,2018,2023,aa2bb24e-cbe8-47b9-a001-0ca9341ab847
SUMICOAT,,PT. Tranquerah Nusantara Cerah,an-organik,Butiran,Campuran Coklat dan Putih,An-organik - Pendaftaran Ulang Ganjil,2018,2023,a44110d1-20aa-43bd-ab61-0b72ec7f4b2e
Sumicoat Peat II,,PT. Tranquerah Nusantara Cerah,an-organik,Butiran,Campuran Coklat dan Putih,An-organik - Pendaftaran Ulang Ganjil,2018,2023,a44110d1-20aa-43bd-ab61-0b72ec7f4b2e
TIGERCOTE,,PT. Tranquerah Nusantara Cerah,an-organik,Butiran,"Campuran Hitam, Kuning Coklat dan Merah Jambu",An-organik - Pendaftaran Ulang Ganjil,2018,2023,a44110d1-20aa-43bd-ab61-0b72ec7f4b2e
BIO COMPOS,02.01.2019.059 ,PT. Angputra Global Organik,organik,Butiran,Coklat Keabu-abuan / Natural,Organik/Hayati/Pembenah Tanah - Pendaftaran Baru,2018,2023,422d53df-5d3b-40e2-b047-8234de979e26
HDR,02.02.2019.038,PT. Dharma Ayu Tani,organik,Cair,Coklat Kehitaman,Organik/Hayati/Pembenah Tanah - Pendaftaran Ulang Genap,2018,2023,aa2bb24e-cbe8-47b9-a001-0ca9341ab847
BUAMAX,,PT. HANAMPI SEJAHTERA KAHURIPAN,NPK Padat (SNI),Butiran,"Coklat, Ungu, Biru, Merah, Abu-Abu",An-organik - Pengantar Uji Untuk Pendaftaran Baru/Ulang Genap/Penambahan Pro,2018,2023,ab602e40-08fa-483a-a5f6-66810d0530e3
PELANGI,01.01.2019.196,PT Pupuk Kalimantan Timur,an-organik,Butiran,"Putih, Hitam, Merah, Abu-abu, Coklat, Hijau",An-organik - Pendaftaran Ulang Genap,2018,2023,3af996a5b19bf8ac5db58137d8d1afed4892
TRIPLE SEVEN ,,PT Arindo Utama Perkasa,dekomposer,Cair,Coklat Muda,Organik/Hayati/Pembenah Tanah - Pendaftaran Ulang Ganjil,2018,2023,416d0681-6484-411d-9388-f3027ed8ee02
KING LATEKS,02.03.2019.170,CV. Tresno Bumi Lestari,organik,Tepung,Hitam Kecoklatan,Organik/Hayati/Pembenah Tanah - Pendaftaran Baru,2018,2023,eae04bf8-8b6e-4dd2-8fb0-f014a7ab273b
Sunripe,,Alwi Konsultan - TEST,Urea (SNI),Butiran,Putih,An-organik - Pengantar Uji Untuk Pendaftaran Baru/Ulang Genap/Penambahan Pro,2018,2023,ff31b9bddd061e00851c3eeb82fccb867045
BAPAK IBU TANI,,CV. Mulyo Tani Makmur,Super Fosfat (SP-36) (SNI),Butiran,Abu-Abu,An-organik - Pengantar Uji Untuk Pendaftaran Ulang Ganjil/Perubahan Warna (2,2018,2023,8be21e9c-b423-4467-bc20-d8b594535708
Benmax,03.02.2018.162,PT. INDO ACIDATAMA Tbk,dekomposer,Cair,Coklat tua,Organik/Hayati/Pembenah Tanah - Pendaftaran Baru,2018,2023,cb888ba5-4be8-4687-bb57-dc016697f2bd
basser,03.02.2019.062,PT Bio Sarana Indonesia,hayati,Cair,Coklat tua ,Organik/Hayati/Pembenah Tanah - Pendaftaran Baru,2018,2023,78d3425127b884db94af363e9881326a3854
suburmandiri,,PT. Bhadra Cemerlang,NPK Padat (SNI),Butiran,"Coklat, Merah",An-organik - Pengantar Uji Untuk Pendaftaran Baru/Ulang Genap/Penambahan Pro,2018,2023,9661cc7e-1465-405d-80f7-6d5a52a26d3a
MAHKOTA,,PT. SENTANA ADIDAYA PRATAMA,Diammonium Phosphate,Butiran,Kuning Kecoklatan,An-organik - Pengantar Uji Untuk Pendaftaran Baru/Ulang Genap/Penambahan Pro,2018,2023,36c5c4f2-e215-4d04-9948-8926fb16c0a5
MAHKOTA,,PT. WILMAR CHEMICAL INDONESIA,Diammonium Phosphate,Butiran,Kuning Kecoklatan,An-organik - Pengantar Uji Untuk Pendaftaran Baru/Ulang Genap/Penambahan Pro,2018,2023,f46679f0-5a47-4d85-97e4-cd22abc7bb79
JAPPER,,CV.Sekar Sari,NPK Cair,Cair,Hijau,An-organik - Pengantar Uji Untuk Pendaftaran Baru/Ulang Genap/Penambahan Pro,2018,2023,80dfb013-3002-4b2f-a595-16b0efbb9269
RE-VIT GROW,,C.V. Berkat Eya Pratama,An-Organik Cair (Majemuk Makro),Cair,Hijau,An-organik - Pengantar Uji Untuk Pendaftaran Baru/Ulang Genap/Penambahan Pro,2018,2023,c07c9718-c214-4b66-afbf-7c2c8ca20266
Microgen,,PT. AGROINDO,Mikro Majemuk/ Padat Butiran,Butiran,Coklat,An-organik - Pengantar Uji Untuk Pendaftaran Baru/Ulang Genap/Penambahan Pro,2018,2023,025d90e3-62eb-4752-9e6c-40d080d9099c
ABABIL,04.03.2019.155,PT. Agro Nusantara Indonesia,Pembenah Tanah Kapur Pertanian,Tepung,Putih Kekuningan,Organik/Hayati/Pembenah Tanah - Pendaftaran Baru,2018,2023,bb37937f-0268-4c86-bfae-a7e67378958a
Sea Winner Alga 21 ST,02.03.2020.051,PT Exindo Raharja Pratama,organik,Tepung,Hitam,Organik/Hayati/Pembenah Tanah - Pendaftaran Ulang Genap,2019,2024,2004b629430939f680b316dd09563d4d1027
POLIVIT-PIM,01.03.2020.042,PT Pupuk Iskandar Muda,Potassium Magnesium Sulfate,Tepung,Abu-Abu,An-organik - Pendaftaran Baru (2018),2019,2024,44888217f0464d617d930bb0abffc3b12168
POLIVIT-PIM,,PT Pupuk Iskandar Muda,Potassium Magnesium Sulfate,Tepung,Abu-Abu,An-organik - Pengantar Uji Untuk Pendaftaran Baru/Ulang Genap/Penambahan Pro,2019,2024,44888217f0464d617d930bb0abffc3b12168
Elemento,,PT. AGROINDO,Mikro Majemuk/ Padat Butiran,Butiran,Coklat,An-organik - Pengantar Uji Untuk Pendaftaran Baru/Ulang Genap/Penambahan Pro,2018,2023,025d90e3-62eb-4752-9e6c-40d080d9099c
SINAR MATAHARI,,PT. Molindo Raya Industrial,,Butiran,Abu-abu kehitaman,An-organik - Pengantar Uji Untuk Pendaftaran Baru/Ulang Genap/Penambahan Pro,2019,2024,ab67c7fe-548a-4c2d-bd84-adbddc0745c5
BIO INTAN TANI,02.03.2019.144,CV. Varia Chemika,organik,Tepung,Coklat dan Hitam,Organik/Hayati/Pembenah Tanah - Pendaftaran Baru,2018,2023,da47b98e-6770-49fb-b35d-bacab553369c
PAMORGANIK MAS ,02.03.2019.077,CV.UTAMA KARYA TANI,organik,Tepung,Hitam keabu-abuan,Organik/Hayati/Pembenah Tanah - Pendaftaran Baru,2018,2023,50b852eb-8b33-4976-94f7-89275c5375a2
SEJAHTERA ABADI (SJA),02.03.2019.075,CV. Sejahtera Abadi,organik,Tepung,Coklat Kehitaman,Organik/Hayati/Pembenah Tanah - Pendaftaran Baru,2018,2023,3f7ffbc9-3e6c-47d3-b3fe-7ebe1fcd8614
BESGREEN,,PT. TIARA BUANA MANDIRI,Potassium Nitrat,Kristal,Putih,An-organik - Pengantar Uji Untuk Pendaftaran Baru/Ulang Genap/Penambahan Pro,2018,2023,36144a66-b620-4878-9b70-b492165f2ddf
BENASIL,,UD. PRIMAGRO,Nitrogen Phosphate,Butiran,Putih,An-organik - Pengantar Uji Untuk Pendaftaran Baru/Ulang Genap/Penambahan Pro,2018,2023,baac0661-9be3-424a-bc02-ddb660bcb827
LAO YING,,PT. MEST INDONESIY,ZnSO4,Padat Butiran,Putih,An-organik - Pengantar Uji Untuk Pendaftaran Baru/Ulang Genap/Penambahan Pro,2018,2023,bb03ab12-99e8-46cb-91a4-f237f3ce0ffd
PINKSKA,04.01.2020.058,PT. Cipta Makmur Pertiwi,Pembenah Tanah Dolomit,Butiran,Merah dan Biru,Organik/Hayati/Pembenah Tanah - Pendaftaran Baru,2018,2023,3f95834b-f146-496b-b46a-f6bf85ce6e69
MEGA _BIO K,02.01.2020.008,CV. Mega Organofertlizer,organik,Butiran,Coklat Tua /Hitam,Organik/Hayati/Pembenah Tanah - Pendaftaran Baru,2018,2023,0c496ac58b4898b510132b58728761671117
BUMI ANDALAN,,PT.GEMILANG ANDALAN PRATAMA,Fosfat Alam untuk Pertanian (SNI),Tepung,COKLAT KEKUNINGAN,An-organik - Pengantar Uji Untuk Pendaftaran Baru/Ulang Genap/Penambahan Pro,2018,2023,609ab9e45e4119ac0dff043fc6e5da379978
MIKROMATE Mag ,,PT. HANAMPI SEJAHTERA KAHURIPAN,an-organik,Butiran,Putih,An-organik - Pendaftaran Ulang Ganjil,2018,2023,ab602e40-08fa-483a-a5f6-66810d0530e3
MENTARI,,PT. Permata Agro Persada,Diammonium Phosphate,Butiran,Kuning Kecoklatan,An-organik - Pengantar Uji Untuk Pendaftaran Baru/Ulang Genap/Penambahan Pro,2018,2023,d6995698-8fd6-4d4e-81b6-f09a2d303f26
POLYSULPHATE,,PT. Agrotama Tunas Sarana,An-organik,Butiran,Putih Keabu abuan,An-organik - Pengantar Uji Untuk Pendaftaran Baru/Ulang Genap/Penambahan Pro,2018,2023,83c743cb-4ec1-4b82-ae85-3a1f26750e30
POLYSULPHATE,01.01.2019.180,PT. Agrotama Tunas Sarana,Makro Majemuk,Butiran,Putih Keabu-abuan,An-organik - Pendaftaran Baru (2018),2018,2023,83c743cb-4ec1-4b82-ae85-3a1f26750e30
Nitralite,,PT Pupuk Indonesia (Persero),Nitrogen sulfat,Butiran,"cokelat muda, ungu, keabuan",An-organik - Pengantar Uji Untuk Pendaftaran Baru/Ulang Genap/Penambahan Pro,2018,2023,4a4f695d-430d-417f-83d1-4895100ae731
MIKROKING,,PT Carlindo Serasi Abadi,Hara Mikro Padat,Butiran,Coklat muda,An-organik - Pengantar Uji Untuk Pendaftaran Baru/Ulang Genap/Penambahan Pro,2018,2023,1211d7a9-a798-422a-ab3d-f3cd12c6d19c
basser,03.02.2019.070,PT Bio Sarana Indonesia,dekomposer,Cair,Coklat tua,Organik/Hayati/Pembenah Tanah - Pendaftaran Baru,2018,2023,78d3425127b884db94af363e9881326a3854
Panen Gemilang,,PT GREEN PLANET INDONESIA,organik,Cair,Coklat Tua,Organik/Hayati/Pembenah Tanah - Pendaftaran Ulang Ganjil,2018,2023,6e954f56-4ff7-4a1e-ad11-9e3b303a59e1
NAFU,02.02.2019.082,PT Bio Sarana Indonesia,organik,Cair,Coklat tua,Organik/Hayati/Pembenah Tanah - Pendaftaran Baru,2018,2023,78d3425127b884db94af363e9881326a3854
Saritana,02.02.2020.069,PT SASA INTI,organik,Cair,Coklat kehitaman,Organik/Hayati/Pembenah Tanah - Pendaftaran Baru,2018,2023,9e6b53aa-6646-4603-a540-511ff386e894
Wonderfat,02.02.2019.044,PT Tunas Agro Persada,organik,Cair,Coklat Muda,Organik/Hayati/Pembenah Tanah - Pendaftaran Baru,2018,2023,b2980a9b-fa49-4984-be77-0b6990cd50c8
BASACOTE,,PT. BEHN MEYER AGRICARE,NPK Padat (SNI),Butiran,Hijau,An-organik - Pengantar Uji Untuk Pendaftaran Baru/Ulang Genap/Penambahan Pro,2018,2023,3d48529b-97aa-48d6-b6ad-cbfa089183bc
Long Fert,,PT. Graha Inti Jaya,Makro Tunggal MgO,Butiran,Coklat,An-organik - Pengantar Uji Untuk Pendaftaran Baru/Ulang Genap/Penambahan Pro,2018,2023,c50efd56-c373-4d84-9ade-e8af91cdd07a
BUAMAX,01.01.2018.349,PT. HANAMPI SEJAHTERA KAHURIPAN,NPK Padat (SNI),Butiran,"Coklat, Ungu, Biru, Merah, Abu-Abu",An-organik - Pendaftaran Baru (2018),2018,2023,ab602e40-08fa-483a-a5f6-66810d0530e3
Long Fert,,PT. Graha Inti Jaya,Makro Majemuk NP Granul,Butiran,Putih Abu,An-organik - Pengantar Uji Untuk Pendaftaran Baru/Ulang Genap/Penambahan Pro,2018,2023,c50efd56-c373-4d84-9ade-e8af91cdd07a
MENTARI,,PT. Permata Agro Persada,NPK Padat (SNI),Butiran,Kuning Kecoklatan,An-organik - Pengantar Uji Untuk Pendaftaran Baru/Ulang Genap/Penambahan Pro,2018,2023,d6995698-8fd6-4d4e-81b6-f09a2d303f26
MANISKALI,,PT Carlindo Serasi Abadi,Makro Majemuk,Butiran,Coklat Muda,An-organik - Pengantar Uji Untuk Pendaftaran Baru/Ulang Genap/Penambahan Pro,2018,2023,1211d7a9-a798-422a-ab3d-f3cd12c6d19c
GOLDEN GRO,02.02.2019.033,PT. Maju Makmur Utomo,organik,Cair,Coklat,Organik/Hayati/Pembenah Tanah - Pendaftaran Baru,2018,2023,8ecd40c8-d272-453f-9337-1958de3d86f7
LUKISAN BURUNG,,PT.MEROKE TETAP JAYA,Urea (SNI),Butiran,Putih,An-organik - Pengantar Uji Untuk Pendaftaran Baru/Ulang Genap/Penambahan Pro,2018,2023,a5a2f54e-db06-45ca-acd3-bf7db4701956
Mutiara PADI,,PT.MEROKE TETAP JAYA,NPK Padat (SNI),Prill,Beige,An-organik - Pengantar Uji Untuk Pendaftaran Baru/Ulang Genap/Penambahan Pro,2018,2023,a5a2f54e-db06-45ca-acd3-bf7db4701956
HH,02.02.2019.032,PT. Maju Makmur Utomo,organik,Cair,Bening,Organik/Hayati/Pembenah Tanah - Pendaftaran Baru,2018,2023,8ecd40c8-d272-453f-9337-1958de3d86f7
Black horse,,PT TOYA INDO MANUNGGAL,an-organik,kristal,Biru,An-organik - Pendaftaran Ulang Ganjil,2018,2023,5358b90b-153f-485d-8c08-10071338d0fe
MACARENA,,PT. CATUR AGRODAYA MANDIRI,Makro Mikro Campuran,Cair,Coklat,An-organik - Pengantar Uji Untuk Pendaftaran Baru/Ulang Genap/Penambahan Pro,2019,2024,7e6a63e1-f1cd-49ae-baec-30120b2877f1
WEATHER KING,02.02.2019.047,PT. Maju Makmur Utomo,organik,Cair,Bening,Organik/Hayati/Pembenah Tanah - Pendaftaran Baru,2018,2023,8ecd40c8-d272-453f-9337-1958de3d86f7
Bio Organic Synergist (BOS) ,03.03.2019.131,PT. JNS Sejahtera Bersama,hayati,Tepung,Putih sampai kekuningan,Organik/Hayati/Pembenah Tanah - Pendaftaran Baru,2018,2023,8bd30080-4ff6-4a74-89c6-a3eef5230d63
SEJAHTERA,,PT Gresik Cipta Sejahtera,Kieserite (Magnesium Sulphate Powder),Tepung,PUTIH,An-organik - Pengantar Uji Untuk Pendaftaran Baru/Ulang Genap/Penambahan Pro,2019,2024,2d76f9c0-5abc-4dec-8238-cdc7598356d1
NITRO LEVELING,02.02.2019.110,PT. Maju Makmur Utomo,organik,Cair,Bening,Organik/Hayati/Pembenah Tanah - Pendaftaran Baru,2018,2023,8ecd40c8-d272-453f-9337-1958de3d86f7
SPEEDGRO,02.02.2019.119,PT. Maju Makmur Utomo,organik,Cair,coklat,Organik/Hayati/Pembenah Tanah - Pendaftaran Baru,2018,2023,8ecd40c8-d272-453f-9337-1958de3d86f7
FELO,02.02.2019.088,PT. Maju Makmur Utomo,organik,Cair,Coklat,Organik/Hayati/Pembenah Tanah - Pendaftaran Baru,2018,2023,8ecd40c8-d272-453f-9337-1958de3d86f7
AGROBLEN ,,PT. Agrotama Tunas Sarana,NPK Padat (SNI),Butiran,Coklat,An-organik - Pengantar Uji Untuk Pendaftaran Baru/Ulang Genap/Penambahan Pro,2018,2023,83c743cb-4ec1-4b82-ae85-3a1f26750e30
ORISOSA ,02.08.2020.076,CV MULTIAGRO SARANA CEMERLANG,organik,Padat Serbuk,Coklat muda,Organik/Hayati/Pembenah Tanah - Pendaftaran Baru,2018,2023,01599250-07ef-48cf-90ee-1d3f6de0d0ee
SPEEDEXTRA,,CV Makmur Jaya Bekasi,an-organik,,,An-organik - Pengalihan Nomor Pendaftaran,2018,2023,d9455270-b268-414e-9b6c-c3545125eeb9
nutrizim,,CV. Bima Agung Sejahtera,organik,Remah (Diperkaya Mikroba),Coklat Kehitaman,Organik/Hayati/Pembenah Tanah - Pendaftaran Ulang Ganjil,2018,2023,d9f6effe-20d5-45d1-8081-40e2064c3d05
nutrizim,,CV. Bima Agung Sejahtera,organik,Butiran,Coklat Kehitaman,Organik/Hayati/Pembenah Tanah - Pendaftaran Ulang Ganjil,2018,2023,d9f6effe-20d5-45d1-8081-40e2064c3d05
STOUT,,PT. RIZKY FAJAR AGRO,NPK cair ( PPC),Cair,merah,An-organik - Pengantar Uji Untuk Pendaftaran Baru/Ulang Genap/Penambahan Pro,2018,2023,e48de99d-005d-43b8-89e6-2d174382adf4
RADAR,02.03.2019.079,CV. SASANDO,organik,Tepung,Kuning kecoklatan,Organik/Hayati/Pembenah Tanah - Pendaftaran Baru,2018,2023,6c0ff3e4-7c0f-4316-a59b-0b25080405a2
SoluMAG,,PT.MEROKE TETAP JAYA,Makro Sekunder Majemuk,Tepung,Putih,An-organik - Pengantar Uji Untuk Pendaftaran Baru/Ulang Genap/Penambahan Pro,2018,2023,a5a2f54e-db06-45ca-acd3-bf7db4701956
OSMOCOTE ,,PT. Agrotama Tunas Sarana,NPK Padat (SNI),Butiran,Coklat,An-organik - Pengantar Uji Untuk Pendaftaran Baru/Ulang Genap/Penambahan Pro,2018,2023,83c743cb-4ec1-4b82-ae85-3a1f26750e30
SoluMAG-G,,PT.MEROKE TETAP JAYA,Makro Sekunder Majemuk,Butiran,Putih,An-organik - Pengantar Uji Untuk Pendaftaran Baru/Ulang Genap/Penambahan Pro,2018,2023,a5a2f54e-db06-45ca-acd3-bf7db4701956
MerokeMAG-S,,PT.MEROKE TETAP JAYA,Makro Majemuk,Tepung,Putih,An-organik - Pengantar Uji Untuk Pendaftaran Baru/Ulang Genap/Penambahan Pro,2018,2023,a5a2f54e-db06-45ca-acd3-bf7db4701956
POHON SERAI,,UD. Makmur Jaya,Pembenah Tanah Dolomit,Tepung,Putih,Organik/Hayati/Pembenah Tanah - Pendaftaran Ulang Ganjil,2018,2023,65ac4d7ac5228ad185570fe2d39424639408
SOBU,,CV Makmur Jaya Bekasi,an-organik,,,An-organik - Pengalihan Nomor Pendaftaran,2018,2023,d9455270-b268-414e-9b6c-c3545125eeb9
TEMBUS,,PT. RIZKY FAJAR AGRO,NPK cair ( PPC),Cair,Hijau,An-organik - Pengantar Uji Untuk Pendaftaran Baru/Ulang Genap/Penambahan Pro,2018,2023,e48de99d-005d-43b8-89e6-2d174382adf4
VAKSINPLANT,,CV Makmur Jaya Bekasi,an-organik,,,An-organik - Pengalihan Nomor Pendaftaran,2018,2023,d9455270-b268-414e-9b6c-c3545125eeb9
VAKSINPLANT,,CV Makmur Jaya Bekasi,an-organik,,,An-organik - Pengalihan Nomor Pendaftaran,2018,2023,d9455270-b268-414e-9b6c-c3545125eeb9
SPEEDEXTRA,,CV Makmur Jaya Bekasi,an-organik,,,An-organik - Pengalihan Nomor Pendaftaran,2018,2023,d9455270-b268-414e-9b6c-c3545125eeb9
SOBU,,CV Makmur Jaya Bekasi,an-organik,,,An-organik - Pengalihan Nomor Pendaftaran,2018,2023,d9455270-b268-414e-9b6c-c3545125eeb9
Ajifol,,PT AJINOMOTO INDONESIA,an-organik,Cair,Coklat,An-organik - Pendaftaran Ulang Ganjil,2018,2023,e8f40095-3ba8-457e-8f5c-81d2ce9bb4e7
Lumbrico,,PT Mitra Sukses Agrindo,organik,Tepung,Abu - abu,Organik/Hayati/Pembenah Tanah - Pendaftaran Ulang Ganjil,2018,2023,c08cf796-e57f-4ce1-9292-5019bc1b3bc3
KANCIL EMAS,,PT. SANLEX MALINDO,Triple Super Fosfat (TSP) (SNI),Butiran,"Putih, Abu-Abu",An-organik - Pengantar Uji Untuk Pendaftaran Baru/Ulang Genap/Penambahan Pro,2019,2024,46eccec8-2718-4ecf-82b0-d69f6c5a43e9
HARACOAT,,PT. HANAMPI SEJAHTERA KAHURIPAN,NPK Padat (SNI),Butiran,"Ungu, Hijau, Biru, Coklat, Putih, Merah, Hitam",An-organik - Pengantar Uji Untuk Pendaftaran Baru/Ulang Genap/Penambahan Pro,2018,2023,ab602e40-08fa-483a-a5f6-66810d0530e3
FullGRO,02.07.2019.014,PT.Vietindo Agro Lestari,organik,Pelet,coklat kehitaman,Organik/Hayati/Pembenah Tanah - Pendaftaran Baru,2018,2023,eaa3249f-fab3-4e3e-bb35-baa31fdf9c4f
GFERT,,PT. Gemilang Eka Dharma,an-organik,Tepung,PUTIH KEABU-ABUAN,An-organik - Pendaftaran Ulang Ganjil,2018,2023,1fd3f6c3-e418-4bc1-8aa4-71d77c90198c
Ajifol,,PT AJINOMOTO INDONESIA,an-organik,Cair,Coklat,An-organik - Pendaftaran Ulang Ganjil,2018,2023,e8f40095-3ba8-457e-8f5c-81d2ce9bb4e7
HARACOAT,01.01.2019.135,PT. HANAMPI SEJAHTERA KAHURIPAN,NPK Padat (SNI),Butiran,"Ungu, Hijau, Biru, Coklat, Merah, Putih, Hitam.",An-organik - Pendaftaran Baru (2018),2018,2023,ab602e40-08fa-483a-a5f6-66810d0530e3
MAGRIMAX,,PT. Agrotama Tunas Sarana,an-organik,Butiran,Abu- Abu,An-organik - Pendaftaran Ulang Ganjil,2018,2023,83c743cb-4ec1-4b82-ae85-3a1f26750e30
MARVEL,,CV. GRAHA AGRITECH PRIMA,Potassium Nitrat,Prill,Putih,An-organik - Pengantar Uji Untuk Pendaftaran Baru/Ulang Genap/Penambahan Pro,2018,2023,797d955e-00f7-4e17-b1d9-e90627f8195d
NATURES,02.08.2019.043,PT. DAMAI AGRO MANDIRI,organik,Remah,Coklat Kehitaman,Organik/Hayati/Pembenah Tanah - Pendaftaran Baru,2018,2023,69310bcc-194b-4196-9eae-3e5d4bc569eb
DWIBOR,,PT. DWIAGRI MAKMUR INTERTRADE,mikro majemuk padat butiran,Butiran,Abu-abu,An-organik - Pengantar Uji Untuk Pendaftaran Baru/Ulang Genap/Penambahan Pro,2018,2023,43c8b8e0-a204-40f3-85c0-63a29552d28a
SS (AMMOPHOS) LUKISAN BURUNG,,PT.MEROKE TETAP JAYA,an-organik,Butiran,Putih,An-organik - Pendaftaran Ulang Ganjil,2018,2023,a5a2f54e-db06-45ca-acd3-bf7db4701956
TAMENG PLUS,,PT. Sarana Utama Lestari Alam,organik,Butiran,Abu-abu Kehitaman,Organik/Hayati/Pembenah Tanah - Pendaftaran Ulang Ganjil,2018,2023,eeb3f6a8-e9d2-4799-8b2b-015054952725
GLIOTRICO,03.03.2019.080,PT. Agrosid Manunggal Sentosa,hayati,Tepung,Coklat,Organik/Hayati/Pembenah Tanah - Pendaftaran Baru,2018,2023,4fb570a1-894f-4d01-a661-941e588dc023
MAHKOTA,,PT. WILMAR CHEMICAL INDONESIA,an-organik,Butiran,Merah Muda,An-organik - Pendaftaran Ulang Ganjil,2018,2023,f46679f0-5a47-4d85-97e4-cd22abc7bb79
ANGPUTRA FERTILIZER,,PT. Angputra Global Organik,Fosfat Alam untuk Pertanian (SNI),Butiran,Keabu-abuan/Natural,An-organik - Pengantar Uji Untuk Pendaftaran Baru/Ulang Genap/Penambahan Pro,2019,2024,422d53df-5d3b-40e2-b047-8234de979e26
NITROPHOSKA,,PT. SANTANI SEJAHTERA,an-organik,Butiran,Merah jambu,An-organik - Pendaftaran Ulang Ganjil,2019,2024,32a43c35-1ca5-4049-9b9a-d322ab71b496
GL Nutrition,,CV. Duta Surya Alam,Mikro Majemuk Padat,Tepung,Putih ,An-organik - Pengantar Uji Untuk Pendaftaran Baru/Ulang Genap/Penambahan Pro,2019,2024,289cc95f-1e25-4b05-bc88-4b4ccc97d1df
BINUS,,PT. KUSUMA DIPA NUGRAHA ,Fosfat Alam untuk Pertanian (SNI),Butiran,Merah Bata,An-organik - Pengantar Uji Untuk Pendaftaran Baru/Ulang Genap/Penambahan Pro,2018,2023,c681c9b3-7856-46b0-9bc8-bb8ee19c17f5
Tasamix,03.02.2019.126,PT. ENDRA TANI MAKMUR,hayati,Cair,Coklat,Organik/Hayati/Pembenah Tanah - Pendaftaran Baru,2018,2023,a0c36bb0-f7f5-46f4-a30f-61564d181698
INTAN TANI,,CV. Varia Chemika,an-organik,Butiran,Merah,An-organik - Pendaftaran Ulang Ganjil,2018,2023,da47b98e-6770-49fb-b35d-bacab553369c
CAP BUNGA MERAH,,PT AGRI HIKAY INDONESIA,Kalium Klorida (KCL) (SNI),Butiran,Putih Kemerahan,An-organik - Pengantar Uji Untuk Pendaftaran Baru/Ulang Genap/Penambahan Pro,2018,2023,75658255-78a9-4b9c-8b03-d0058ad4f61c
WILCHEM,,PT. WILMAR CHEMICAL INDONESIA,an-organik,Butiran,Biru,An-organik - Pendaftaran Ulang Ganjil,2018,2023,f46679f0-5a47-4d85-97e4-cd22abc7bb79
LAO YING,,PT. MEST INDONESIY,Ammonium chlorida,Padat Butiran,Putih,An-organik - Pengantar Uji Untuk Pendaftaran Baru/Ulang Genap/Penambahan Pro,2018,2023,bb03ab12-99e8-46cb-91a4-f237f3ce0ffd
WILCHEM,,PT. WILMAR CHEMICAL INDONESIA,an-organik,Butiran,Putih,An-organik - Pendaftaran Ulang Ganjil,2018,2023,f46679f0-5a47-4d85-97e4-cd22abc7bb79
INTER GREEN,01.02.2019.326,CV. Yoland Tani Indonesia,NPK Cair,Cair,Merah dan Biru ,An-organik - Pendaftaran Baru (2018),2018,2023,ef53fd90-311b-4e12-a7db-7619cf324a67
BIO POT,02.03.2019.164,PT. Agritek Tani Indonesia,organik,Tepung,Hitam,Organik/Hayati/Pembenah Tanah - Pendaftaran Baru,2018,2023,99ff28d1-9738-44b9-b9d2-d2e1e7f9ec57
TANI JAYA,,PT. BUMI TANI SUBUR,Kieserite,Butiran,Putih,An-organik - Pengantar Uji Untuk Pendaftaran Baru/Ulang Genap/Penambahan Pro,2018,2023,387a06a8-1438-40b9-a985-7a5799ebc9d7
KEBOMAS,,PT Petrokimia Gresik,NPK Padat (SNI),Butiran,Coklat keabuan,An-organik - Pengantar Uji Untuk Pendaftaran Baru/Ulang Genap/Penambahan Pro,2018,2023,8259c7aa7427a3aafbc56ffd00cff00e3021
MENTARI ,,PT. Permata Agro Persada,NPK Padat (SNI),Butiran,Kuning Kecoklatan,An-organik - Pengantar Uji Untuk Pendaftaran Baru/Ulang Genap/Penambahan Pro,2018,2023,d6995698-8fd6-4d4e-81b6-f09a2d303f26
PESANGGEM,,CV. TRUBUS PRIMA,organik,Tepung,Abu-Abu ,Organik/Hayati/Pembenah Tanah - Pendaftaran Ulang Ganjil,2018,2023,7255851d-c205-4cd9-b21b-6a94253204d3
QIUVITA,,PT. KARISMA INDOAGRO UNIVERSAL,an-organik,Kristal,Merah,An-organik - Pendaftaran Ulang Ganjil,2018,2023,2ec93ac4-1cdf-4511-a8c0-53f5c7c9cef8
ARTA BIO,02.02.2019.040,CV. Arta Putri,organik,Cair,Cokelat,Organik/Hayati/Pembenah Tanah - Pendaftaran Baru,2018,2023,a196e969-2013-407f-8805-5243bdd16c6f
MerokeMOP,,PT.MEROKE TETAP JAYA,Kalium Klorida (KCL) (SNI),Tepung,"Merah Muda, Putih",An-organik - Pengantar Uji Untuk Pendaftaran Baru/Ulang Genap/Penambahan Pro,2018,2023,a5a2f54e-db06-45ca-acd3-bf7db4701956
ABABIL,04.03.2019.117,PT. Agro Nusantara Indonesia,Pembenah Tanah Dolomit,Tepung,Abu-Abu Kecoklatan,Organik/Hayati/Pembenah Tanah - Pendaftaran Baru,2018,2023,bb37937f-0268-4c86-bfae-a7e67378958a
MENTARI,,PT. Permata Agro Persada,NPK Padat (SNI),Butiran,Kecoklatan,An-organik - Pengantar Uji Untuk Pendaftaran Baru/Ulang Genap/Penambahan Pro,2018,2023,d6995698-8fd6-4d4e-81b6-f09a2d303f26
MENTARI,,PT. Permata Agro Persada,NPK Padat (SNI),Butiran,Coklat,An-organik - Pengantar Uji Untuk Pendaftaran Baru/Ulang Genap/Penambahan Pro,2018,2023,d6995698-8fd6-4d4e-81b6-f09a2d303f26
BUNGA TULIP,,PT. FERTA INDONESIA PERSADA,Amonium Sulfat (ZA) (SNI) ,Butiran,Putih,An-organik - Pengantar Uji Untuk Pendaftaran Baru/Ulang Genap/Penambahan Pro,2018,2023,8e6adc29-176f-4aeb-bdca-56603eb7f8d9
PUSRI,,PT PUPUK SRIWIDJAJA PALEMBANG,NPK Padat (SNI),Butiran,Biru,An-organik - Pengantar Uji Untuk Pendaftaran Baru/Ulang Genap/Penambahan Pro,2018,2023,0c496ac58b4898b510132b58728761672643
Ajifol,01.02.2019.221,PT AJINOMOTO INDONESIA,an-organik,Cair,Coklat,An-organik - Pendaftaran Ulang Genap,2018,2023,e8f40095-3ba8-457e-8f5c-81d2ce9bb4e7
LOONGZOU,,PT. Sasco Indonesia,an-organik,Butiran,Putih,An-organik - Pendaftaran Ulang Ganjil,2018,2023,5f3559b5-945e-4d3a-9fe9-b4a089c200fa
GFERT,,PT. Gemilang Eka Dharma,Triple Super Fosfat (TSP) (SNI),Butiran,ABU-ABU,An-organik - Pengantar Uji Untuk Pendaftaran Baru/Ulang Genap/Penambahan Pro,2018,2023,1fd3f6c3-e418-4bc1-8aa4-71d77c90198c
ANSTROBOS,,CV Agro Niaga Sejati,NPK Cair,Cair,Hijau,An-organik - Pengantar Uji Untuk Pendaftaran Baru/Ulang Genap/Penambahan Pro,2018,2023,9c904837818647860f244e4c1580dbf84821
DOCTAH,03.02.2020.001,PT. POMAL BEKA MANDIRI,dekomposer,Cair,Hitam Kecokelatan,Organik/Hayati/Pembenah Tanah - Pendaftaran Baru,2018,2023,c66d9869-5e82-4d21-9fd2-5cdb5e27b4f9
PROFTAM,03.02.2019.151,PT. POMAL BEKA MANDIRI,hayati,Cair,Hitam Kecokelatan,Organik/Hayati/Pembenah Tanah - Pendaftaran Baru,2018,2023,c66d9869-5e82-4d21-9fd2-5cdb5e27b4f9
BIO-LUSH,02.02.2019.010,CV. Tunggal Tri Panca,organik,Cair,Coklat Kehitaman,Organik/Hayati/Pembenah Tanah - Pendaftaran Baru,2018,2023,8bf79dda-6906-4ce6-b1b6-d73c5d237922
KEBOMAS,,PT Petrokimia Gresik,an-organik,Butiran,Biru dan Coklat Keabuan,An-organik - Pendaftaran Ulang Ganjil,2018,2023,8259c7aa7427a3aafbc56ffd00cff00e3021
eco forest,04.01.2019.057,PT. ECO AGRO MANDIRI,pembenah tanah,Butiran,Hitam,Organik/Hayati/Pembenah Tanah - Pendaftaran Baru,2018,2023,50f674f7-648f-4654-afbc-f6572bed957b
KNOPLUS,,CV. SARAREA PANEN RAYA,Potassium Nitrat,Tepung,Putih,An-organik - Pengantar Uji Untuk Pendaftaran Baru/Ulang Genap/Penambahan Pro,2018,2023,65ac4d7ac5228ad185570fe2d39424634450
MKPPLUS,,CV. SARAREA PANEN RAYA,Mono Potassium Phosphate,Tepung,Putih,An-organik - Pengantar Uji Untuk Pendaftaran Baru/Ulang Genap/Penambahan Pro,2018,2023,65ac4d7ac5228ad185570fe2d39424634450
GFERT,,PT. Gemilang Eka Dharma,Fosfat Alam untuk Pertanian (SNI),Tepung,Coklat Muda,An-organik - Pengantar Uji Untuk Pendaftaran Baru/Ulang Genap/Penambahan Pro,2018,2023,1fd3f6c3-e418-4bc1-8aa4-71d77c90198c
JERANTI,,PT Pupuk Kujang,NPK Padat (SNI),Remah (Blending),"Putih, Merah, Abu-abu, Kuning",An-organik - Pengantar Uji Untuk Pendaftaran Baru/Ulang Genap/Penambahan Pro,2019,2024,1a377f72-93aa-4c27-bee7-b414b234e1a0
RealStrong,,PT.ALL COSMOS INDONESIA,organik,Tepung,Coklat  tua,Organik/Hayati/Pembenah Tanah - Pendaftaran Ulang Ganjil,2018,2023,1d9a4e40aa7e5af4d5884165c91fc64c1182
MIKROKING,01.01.2019.263,PT Carlindo Serasi Abadi,Hara Mikro Tunggal Boron,Butiran,Coklat muda,An-organik - Pendaftaran Baru (2018),2019,2024,1211d7a9-a798-422a-ab3d-f3cd12c6d19c
UNIFOS,,PT Carlindo Serasi Abadi,Makro Sekunder dan Makro Primer,Butiran,Coklat Muda,An-organik - Pengantar Uji Untuk Pendaftaran Baru/Ulang Genap/Penambahan Pro,2018,2023,1211d7a9-a798-422a-ab3d-f3cd12c6d19c
COCKHEAD (NPK 15-15-15),,PT. Hextar Fertilizer Indonesia,NPK Padat (SNI),Butiran,Coklat,An-organik - Pengantar Uji Untuk Pendaftaran Baru/Ulang Genap/Penambahan Pro,2018,2023,c8a04f82-4325-438e-b9a9-fbd339f00068
COCKHEAD (NPK 12-12-17+9MgO),,PT. Hextar Fertilizer Indonesia,NPK Padat (SNI),Butiran,Coklat,An-organik - Pengantar Uji Untuk Pendaftaran Baru/Ulang Genap/Penambahan Pro,2018,2023,c8a04f82-4325-438e-b9a9-fbd339f00068
COCKHEAD (NPK 15-15-6+9MgO),,PT. Hextar Fertilizer Indonesia,NPK Padat (SNI),Butiran,Coklat,An-organik - Pengantar Uji Untuk Pendaftaran Baru/Ulang Genap/Penambahan Pro,2018,2023,c8a04f82-4325-438e-b9a9-fbd339f00068
COCKHEAD (NPK 12-6-22),,PT. Hextar Fertilizer Indonesia,NPK Padat (SNI),Butiran,Coklat,An-organik - Pengantar Uji Untuk Pendaftaran Baru/Ulang Genap/Penambahan Pro,2018,2023,c8a04f82-4325-438e-b9a9-fbd339f00068
DGW (NPK 15-15-7-4MgO+TE),,PT. Hextar Fertilizer Indonesia,NPK Padat (SNI),Butiran,Biru Muda,An-organik - Pengantar Uji Untuk Pendaftaran Baru/Ulang Genap/Penambahan Pro,2018,2023,c8a04f82-4325-438e-b9a9-fbd339f00068
COCKHEAD (NPK 13-8-27+9MgO),,PT. Hextar Fertilizer Indonesia,NPK Padat (SNI),Butiran,Coklat,An-organik - Pengantar Uji Untuk Pendaftaran Baru/Ulang Genap/Penambahan Pro,2018,2023,c8a04f82-4325-438e-b9a9-fbd339f00068
COCKHEAD (NPK 13-6-27+9MgO),,PT. Hextar Fertilizer Indonesia,NPK Padat (SNI),Butiran,Coklat,An-organik - Pengantar Uji Untuk Pendaftaran Baru/Ulang Genap/Penambahan Pro,2018,2023,c8a04f82-4325-438e-b9a9-fbd339f00068
DGW (NPK 12-12-17-2+TE),,PT. Hextar Fertilizer Indonesia,NPK Padat (SNI),Butiran,"Blend Putih, Hitam, Kuning",An-organik - Pengantar Uji Untuk Pendaftaran Baru/Ulang Genap/Penambahan Pro,2018,2023,c8a04f82-4325-438e-b9a9-fbd339f00068
COMPACTION DGW,,PT. Hextar Fertilizer Indonesia,NPK Padat (SNI),Butiran,Biru Muda,An-organik - Pengantar Uji Untuk Pendaftaran Baru/Ulang Genap/Penambahan Pro,2018,2023,c8a04f82-4325-438e-b9a9-fbd339f00068
GOLD DGW,,PT. Hextar Fertilizer Indonesia,NPK Padat (SNI),Butiran,"Blend Putih, Hitam, Kuning, Merah",An-organik - Pengantar Uji Untuk Pendaftaran Baru/Ulang Genap/Penambahan Pro,2018,2023,c8a04f82-4325-438e-b9a9-fbd339f00068
BOOSTER DGW,,PT. Hextar Fertilizer Indonesia,NPK Padat (SNI),Butiran,Coklat,An-organik - Pengantar Uji Untuk Pendaftaran Baru/Ulang Genap/Penambahan Pro,2018,2023,c8a04f82-4325-438e-b9a9-fbd339f00068
BIOMAX,,PT BIOTIS AGRINDO,Silika Cair,Cair,bening,An-organik - Pengantar Uji Untuk Pendaftaran Baru/Ulang Genap/Penambahan Pro,2018,2023,eb662a37-d9e8-413f-b507-8ab3b7cf9e16
BIOFERT,,PT POLARCHEM,an-organik,,,An-organik - Pengalihan Nomor Pendaftaran,2018,2023,8d202e4d-2b77-409d-a196-014aacf30c4c
COPIO,02.02.2019.092,PT. CATUR AGRODAYA MANDIRI,organik,Butiran,Hitam,Organik/Hayati/Pembenah Tanah - Pendaftaran Baru,2018,2023,7e6a63e1-f1cd-49ae-baec-30120b2877f1
BIOSTICK,,PT POLARCHEM,an-organik,,,An-organik - Pengalihan Nomor Pendaftaran,2018,2023,8d202e4d-2b77-409d-a196-014aacf30c4c
GROFAST (NPK 16-16-16+TE),,PT. Hextar Fertilizer Indonesia,NPK Padat (SNI),Tepung kristal,Hijau Muda,An-organik - Pengantar Uji Untuk Pendaftaran Baru/Ulang Genap/Penambahan Pro,2018,2023,c8a04f82-4325-438e-b9a9-fbd339f00068
KING TONIK,,CV AGRO JAYA OCTAVIANT,NPK Caiir,Cair,Hijau,An-organik - Pengantar Uji Untuk Pendaftaran Baru/Ulang Genap/Penambahan Pro,2018,2023,0dc35fb2-5242-45c5-966d-c60252b3f7a5
suburmandiri,01.01.2018.325,PT. Bhadra Cemerlang,NPK Padat (SNI),Butiran,"Coklat, Merah",An-organik - Pendaftaran Baru (2018),2018,2023,9661cc7e-1465-405d-80f7-6d5a52a26d3a
BHUMI SUBUR TANI,02.02.2019.112  ,PT. ECO AGRO MANDIRI,organik,Cair,Hitam,Organik/Hayati/Pembenah Tanah - Pendaftaran Baru,2018,2023,50f674f7-648f-4654-afbc-f6572bed957b
MerokeMOP,,PT.MEROKE TETAP JAYA,an-organik,Butiran,Merah Muda,An-organik - Pendaftaran Ulang Ganjil,2018,2023,a5a2f54e-db06-45ca-acd3-bf7db4701956
MerokeROCK,,PT.MEROKE TETAP JAYA,Fosfat Alam untuk Pertanian (SNI),Tepung,"Coklat Muda, Coklat Kehitaman",An-organik - Pengantar Uji Untuk Pendaftaran Baru/Ulang Genap/Penambahan Pro,2018,2023,a5a2f54e-db06-45ca-acd3-bf7db4701956
SILITECH,03.03.2020.034,CV SUKA AYU BIONITRAT,hayati,Tepung,Hitam,Organik/Hayati/Pembenah Tanah - Pendaftaran Baru,2018,2023,fe9e717b-1c94-458e-8bfe-df6a70c83394
eco green,02.02.2019.086,PT. ECO AGRO MANDIRI,organik,Cair,Hitam,Organik/Hayati/Pembenah Tanah - Pendaftaran Baru,2018,2023,50f674f7-648f-4654-afbc-f6572bed957b
siti lohjinawe,04.03.2019.065,PT. ECO AGRO MANDIRI,pembenah tanah,Tepung,Hitam,Organik/Hayati/Pembenah Tanah - Pendaftaran Baru,2018,2023,50f674f7-648f-4654-afbc-f6572bed957b
FERTIZOOM,,CV. Jago Jasa,organik,Cair,Coklat,Organik/Hayati/Pembenah Tanah - Pendaftaran Ulang Ganjil,2018,2023,65b49961-ce4c-4742-bd07-d5c35964ff00
cap Bunga Merah,01.01.2016.048,PT AGRI HIKAY INDONESIA,an-organik,Butiran,Putih Kemerahan,An-organik - Pendaftaran Baru,2018,2023,75658255-78a9-4b9c-8b03-d0058ad4f61c
Mahkota,,PT. SENTANA ADIDAYA PRATAMA,an-organik,Butiran,Hitam,An-organik - Pendaftaran Ulang Ganjil,2020,2025,36c5c4f2-e215-4d04-9948-8926fb16c0a5
Benmax,03.02.2019.083,PT. INDO ACIDATAMA Tbk,hayati,Cair,Coklat tua,Organik/Hayati/Pembenah Tanah - Pendaftaran Baru,2018,2023,cb888ba5-4be8-4687-bb57-dc016697f2bd
Pomi 4in1,03.02.2019.076,PT. INDO ACIDATAMA Tbk,hayati,Cair,Coklat tua,Organik/Hayati/Pembenah Tanah - Pendaftaran Baru,2018,2023,cb888ba5-4be8-4687-bb57-dc016697f2bd
BT KENCANA,,PT HARVESTMORE MULTITRADE INDONESIA,NPK Padat (SNI),Butiran,Kuning,An-organik - Pengantar Uji Untuk Pendaftaran Baru/Ulang Genap/Penambahan Pro,2018,2023,d2b1a682-7ab6-4dbe-9024-f858017b8916
MITRA BUAH,,PT. MITRA FINEX ANTARNUSA,Potassium Nitrat,Butiran,putih crystal,An-organik - Pengantar Uji Untuk Pendaftaran Baru/Ulang Genap/Penambahan Pro,2018,2023,610af4e9-992e-4789-8c39-f4d61f2610d6
Pamafert,,PT SRI REJEKI FERTILIZER,NPK Padat (SNI),Granul,Coklat,An-organik - Pengantar Uji Untuk Pendaftaran Baru/Ulang Genap/Penambahan Pro,2018,2023,27cfeb4c6002d05cdab676e5d69c7aaa8820
CAP BUNGA MERAH,,PT AGRI HIKAY INDONESIA,an-organik,Butiran,Kecoklatan,An-organik - Pendaftaran Ulang Ganjil,2018,2023,75658255-78a9-4b9c-8b03-d0058ad4f61c
ASANDAH,04.03.2019.069,CV. Agro Nusa Indah,Pembenah Tanah Dolomit,Tepung,Putih,Organik/Hayati/Pembenah Tanah - Pendaftaran Baru,2018,2023,673e16e9-bbf0-4e76-86f2-0c3da479e048
DOPOS,02.03.2019.058,CV. Agro Nusa Indah,organik,Tepung,Hitam Abu-abu,Organik/Hayati/Pembenah Tanah - Pendaftaran Ulang Genap,2018,2023,673e16e9-bbf0-4e76-86f2-0c3da479e048
CALYX,,PT. BEHN MEYER AGRICARE,silika padat,Tepung,Coklat Kemerahan,An-organik - Pengantar Uji Untuk Pendaftaran Baru/Ulang Genap/Penambahan Pro,2018,2023,3d48529b-97aa-48d6-b6ad-cbfa089183bc
NITRALITE,01.01.2018.396,PT Pupuk Indonesia (Persero),Nitrogen Sulfur,Butiran,"Abu-abu, Coklat, Ungu",An-organik - Pendaftaran Baru (2018),2018,2023,4a4f695d-430d-417f-83d1-4895100ae731
LOONGZOU,,PT. Sasco Indonesia,Kalium Klorida (KCL) (SNI),Butiran,Merah Jambu,An-organik - Pengantar Uji Untuk Pendaftaran Baru/Ulang Genap/Penambahan Pro,2018,2023,5f3559b5-945e-4d3a-9fe9-b4a089c200fa
DAPPLUS,,CV. SARAREA PANEN RAYA,Nitrogen Phosphate,Tepung,Putih,An-organik - Pengantar Uji Untuk Pendaftaran Baru/Ulang Genap/Penambahan Pro,2018,2023,65ac4d7ac5228ad185570fe2d39424634450
PAMORGANIK MAS ,02.01.2019.072,CV.UTAMA KARYA TANI,organik,Butiran,Hitam keabu-abuan,Organik/Hayati/Pembenah Tanah - Pendaftaran Baru,2018,2023,50b852eb-8b33-4976-94f7-89275c5375a2
BT KENCANA,,PT HARVESTMORE MULTITRADE INDONESIA,NPK Padat (SNI),Butiran,Kuning,An-organik - Pengantar Uji Untuk Pendaftaran Baru/Ulang Genap/Penambahan Pro,2018,2023,d2b1a682-7ab6-4dbe-9024-f858017b8916
BT KENCANA,,PT HARVESTMORE MULTITRADE INDONESIA,NPK Padat (SNI),Butiran,Kuning,An-organik - Pengantar Uji Untuk Pendaftaran Baru/Ulang Genap/Penambahan Pro,2018,2023,d2b1a682-7ab6-4dbe-9024-f858017b8916
BM AZOMITE,,PT. BEHN MEYER AGRICARE,silika padat,Tepung,Coklat Kemerahan,An-organik - Pengantar Uji Untuk Pendaftaran Baru/Ulang Genap/Penambahan Pro,2018,2023,3d48529b-97aa-48d6-b6ad-cbfa089183bc
ANTERO,,PT. BEHN MEYER AGRICARE,silika padat,Tepung,Coklat Kemerahan,An-organik - Pengantar Uji Untuk Pendaftaran Baru/Ulang Genap/Penambahan Pro,2018,2023,3d48529b-97aa-48d6-b6ad-cbfa089183bc
Pamafert,,PT SRI REJEKI FERTILIZER,NPK Padat (SNI),Tablet,Merah muda,An-organik - Pengantar Uji Untuk Pendaftaran Baru/Ulang Genap/Penambahan Pro,2018,2023,27cfeb4c6002d05cdab676e5d69c7aaa8820
PETALIS,,PT. BEHN MEYER AGRICARE,silika padat,Tepung,Coklat Kemerahan,An-organik - Pengantar Uji Untuk Pendaftaran Baru/Ulang Genap/Penambahan Pro,2018,2023,3d48529b-97aa-48d6-b6ad-cbfa089183bc
PUPUK KUJANG,01.01.2019.379,PT Pupuk Kujang,NPK Padat (SNI),Butiran,ABU-ABU KEHITAMAN MERAH PUTIH,An-organik - Pendaftaran Baru (2018),2019,2024,1a377f72-93aa-4c27-bee7-b414b234e1a0
GROFAST (NPK 13-26-26),,PT. Hextar Fertilizer Indonesia,NPK Padat (SNI),Tepung kristal,Biru Muda,An-organik - Pengantar Uji Untuk Pendaftaran Baru/Ulang Genap/Penambahan Pro,2018,2023,c8a04f82-4325-438e-b9a9-fbd339f00068
DOSDET,,CV.BUNGA TANI,Nitrogen dan Kalium,Tepung,Biru,An-organik - Pengantar Uji Untuk Pendaftaran Baru/Ulang Genap/Penambahan Pro,2018,2023,3659c904-6826-4706-b1dc-ce1fa6f97f13
Nt.PHOSKA,,CV. Anugerah Tani Makmur,an-organik,Butiran,Merah,An-organik - Pendaftaran Ulang Ganjil,2018,2023,d6169a4e-a23d-4733-b132-83b2fcd2ef45
SEROJA SUBUR,,PT Lamandau Subur Sejahtera,NK 18-32,Butiran,Coklat,An-organik - Pengantar Uji Untuk Pendaftaran Baru/Ulang Genap/Penambahan Pro,2018,2023,39bc4782-0f6d-40b8-b83a-94b178dc81a1
GENIUS,,CV. Multi Agro Jaya Utama,hayati,,,Organik/Hayati/Pembenah Tanah - Pengalihan Nomor Pendaftaran,2018,2023,477034fe-aa39-472f-bb37-f542ee8bc109
INTER GREEN,,CV. Yoland Tani Indonesia,NPK Cair,Cair,"Merah, Biru",An-organik - Pengantar Uji Untuk Pendaftaran Baru/Ulang Genap/Penambahan Pro,2018,2023,ef53fd90-311b-4e12-a7db-7619cf324a67
PUTAGANIK,02.01.2019.140,PT. PUPUT TANI MANDIRI,organik,Butiran,Hitam Abu-Abu Kecoklatan,Organik/Hayati/Pembenah Tanah - Pendaftaran Baru,2018,2023,912fad15-eef9-4303-9ad3-5336e0fd468b
PUTAGANIK,02.08.2019.141,PT. PUPUT TANI MANDIRI,organik,Padat Remah,Coklat Hitam Keabu-abuan,Organik/Hayati/Pembenah Tanah - Pendaftaran Baru,2018,2023,912fad15-eef9-4303-9ad3-5336e0fd468b
Powercall,04.03.2019.108,PT. Dharma Ayu Tani,Pembenah Tanah Dolomit,Tepung,Putih,Organik/Hayati/Pembenah Tanah - Pendaftaran Ulang Genap,2018,2023,aa2bb24e-cbe8-47b9-a001-0ca9341ab847
Power Mikro,04.03.2019.106,PT. Dharma Ayu Tani,Pembenah Tanah Dolomit,Tepung,Putih,Organik/Hayati/Pembenah Tanah - Pendaftaran Ulang Genap,2018,2023,aa2bb24e-cbe8-47b9-a001-0ca9341ab847
MERAH PUTIH,,PT. Cipta Makmur Pertiwi,NPK Padat (SNI),Butiran,"Merah, Biru",An-organik - Pengantar Uji Untuk Pendaftaran Baru/Ulang Genap/Penambahan Pro,2018,2023,3f95834b-f146-496b-b46a-f6bf85ce6e69
DAP CAP PACUL,,PT. Rolimex Kimia Nusamas,Diammonium Phosphate,Butiran,"Abu-abu, kehijauan, biru",An-organik - Pengantar Uji Untuk Pendaftaran Baru/Ulang Genap/Penambahan Pro,2018,2023,619f157d-3c34-4e2b-83be-9da23d69d8ec
KANCIL EMAS,,PT. SANLEX MALINDO,NPK Padat (SNI),Padat Butiran,"Hijau, Pink",An-organik - Pengantar Uji Untuk Pendaftaran Baru/Ulang Genap/Penambahan Pro,2018,2023,46eccec8-2718-4ecf-82b0-d69f6c5a43e9
Pamafert,,PT SRI REJEKI FERTILIZER,NPK Padat (SNI),Granul,Coklat,An-organik - Pengantar Uji Untuk Pendaftaran Baru/Ulang Genap/Penambahan Pro,2018,2023,27cfeb4c6002d05cdab676e5d69c7aaa8820
DGW,,PT. Hextar Fertilizer Indonesia,an-organik,Butiran,Putih,An-organik - Pendaftaran Ulang Ganjil,2018,2023,c8a04f82-4325-438e-b9a9-fbd339f00068
INTAN TANI,,CV. Varia Chemika,an-organik,Butiran,Biru,An-organik - Pendaftaran Ulang Ganjil,2018,2023,da47b98e-6770-49fb-b35d-bacab553369c
Long Fert,01.01.2018.367,PT. Graha Inti Jaya,Nitrogen Phosphate,Butiran,Putih Abu,An-organik - Pendaftaran Baru (2018),2018,2023,c50efd56-c373-4d84-9ade-e8af91cdd07a
Long Fert,01.01.2018.367,PT. Graha Inti Jaya,Nitrogen Phosphate,Butiran,Putih Abu,An-organik - Pendaftaran Baru (2018),2018,2023,c50efd56-c373-4d84-9ade-e8af91cdd07a
Long Fert,01.01.2018.367,PT. Graha Inti Jaya,Nitrogen Phosphate,Butiran,Putih Abu,An-organik - Pendaftaran Baru (2018),2018,2023,c50efd56-c373-4d84-9ade-e8af91cdd07a
COMPACTION DGW,,PT. Hextar Fertilizer Indonesia,NK,Butiran,Coklat kemerahan,An-organik - Pengantar Uji Untuk Pendaftaran Baru/Ulang Genap/Penambahan Pro,2019,2024,c8a04f82-4325-438e-b9a9-fbd339f00068
GREENTOP,,PT. Dharma Ayu Tani,Makro Majemuk,Butiran,Merah,An-organik - Pengantar Uji Untuk Pendaftaran Baru/Ulang Genap/Penambahan Pro,2018,2023,aa2bb24e-cbe8-47b9-a001-0ca9341ab847
FERTWIN,02.07.2019.094,PT. MITRA FINEX ANTARNUSA,organik,Pelet,Coklat,Organik/Hayati/Pembenah Tanah - Pendaftaran Baru,2018,2023,610af4e9-992e-4789-8c39-f4d61f2610d6
HATAKE,,PT. Harvest Ariake Indonesia,hayati,,,Organik/Hayati/Pembenah Tanah - Pengalihan Nomor Pendaftaran,2018,2023,272ff358-a3fd-45bb-9f9d-e7b662e68533
CAP TAWON,,PT Kertopaten Kencana,an-organik,Butiran,Putih,An-organik - Pendaftaran Ulang Ganjil,2018,2023,0c496ac58b4898b510132b58728761674087
SAPI PERAH 3.6,04.01.2019.132 ,CV. Anugerah Tani Makmur,Pembenah Tanah Dolomit,Butiran,"Biru, Abu-Abu, Merah",Organik/Hayati/Pembenah Tanah - Pendaftaran Baru,2018,2023,d6169a4e-a23d-4733-b132-83b2fcd2ef45
Humi[K],04.03.2019.158,PT. MITRA FINEX ANTARNUSA,pembenah tanah,Tepung,Hitam,Organik/Hayati/Pembenah Tanah - Pendaftaran Baru,2018,2023,610af4e9-992e-4789-8c39-f4d61f2610d6
Solu-Sea,04.03.2019.159,PT. MITRA FINEX ANTARNUSA,pembenah tanah,Tepung,hitam,Organik/Hayati/Pembenah Tanah - Pendaftaran Baru,2018,2023,610af4e9-992e-4789-8c39-f4d61f2610d6
HOLLAND PAK TANI,,CV. SAPROTAN UTAMA,NPK Padat (SNI),Butiran,Merah Muda,An-organik - Pengantar Uji Untuk Pendaftaran Baru/Ulang Genap/Penambahan Pro,2018,2023,32a5fc08-615e-4849-9010-dfc08eaec4e8
MENTARI,,PT. Permata Agro Persada,,Butiran,Coklat,An-organik - Pengantar Uji Untuk Pendaftaran Baru/Ulang Genap/Penambahan Pro,2018,2023,d6995698-8fd6-4d4e-81b6-f09a2d303f26
Biosilac,,Koperasi Karyawan Puspa Kencana,Pupuk An-organik Silica,Tablet,Hitam keabu-abuan,An-organik - Pengantar Uji Untuk Pendaftaran Baru/Ulang Genap/Penambahan Pro,2018,2023,bb78e0c5-8560-4af6-bb29-c408df40ef53
Starnit-P,,PT. TIARA BUANA MANDIRI,Nitrogen Phosphate,Butiran,Putih Keabu-abuan,An-organik - Pengantar Uji Untuk Pendaftaran Baru/Ulang Genap/Penambahan Pro,2018,2023,36144a66-b620-4878-9b70-b492165f2ddf
CALSIGEN,,PT. TIARA BUANA MANDIRI,Calsium nitrat,Butiran,Putih,An-organik - Pengantar Uji Untuk Pendaftaran Baru/Ulang Genap/Penambahan Pro,2018,2023,36144a66-b620-4878-9b70-b492165f2ddf
RapiFlow CaB,,PT. Agspec Indonesia,Mikro Majemuk,Cair,Biru muda,An-organik - Pengantar Uji Untuk Pendaftaran Baru/Ulang Genap/Penambahan Pro,2018,2023,038dbfa8-43ab-411a-b9ae-2a62c8f2d68d
SERGOMIL,,PT. Agspec Indonesia,Mikro Majemuk Cair,Cair,Biru,An-organik - Pengantar Uji Untuk Pendaftaran Baru/Ulang Genap/Penambahan Pro,2018,2023,038dbfa8-43ab-411a-b9ae-2a62c8f2d68d
GAINEXA FC,,PT. CATUR AGRODAYA MANDIRI,An-organik Campuran,Cair,Kuning Bening,An-organik - Pengantar Uji Untuk Pendaftaran Baru/Ulang Genap/Penambahan Pro,2018,2023,7e6a63e1-f1cd-49ae-baec-30120b2877f1
Complesal Boron,,PT. CATUR AGRODAYA MANDIRI,Makro Mikro Majemuk ,Cair,"Hijau , Biru",An-organik - Pengantar Uji Untuk Pendaftaran Baru/Ulang Genap/Penambahan Pro,2018,2023,7e6a63e1-f1cd-49ae-baec-30120b2877f1
MAGNESIUM SULFAT PAK TANI,,CV. SAPROTAN UTAMA,Magnesium Sulphate,Kristal,Putih,An-organik - Pengantar Uji Untuk Pendaftaran Baru/Ulang Genap/Penambahan Pro,2018,2023,32a5fc08-615e-4849-9010-dfc08eaec4e8
CALNUXAN ,02.02.2019.029,PT. Perdagangan Indo Mandiri Sejati,organik,Cair,Hijau,Organik/Hayati/Pembenah Tanah - Pendaftaran Baru,2018,2023,60efe28b-ac2e-43df-aa10-922d21a62d20
BEENSAE,02.02.2019.098,PT. Dharma Ayu Tani,organik,Cair,Kecoklatan,Organik/Hayati/Pembenah Tanah - Pendaftaran Baru,2018,2023,aa2bb24e-cbe8-47b9-a001-0ca9341ab847
BEENSAE,02.01.2019.073,PT. Dharma Ayu Tani,organik,Butiran,Kecoklatan,Organik/Hayati/Pembenah Tanah - Pendaftaran Baru,2018,2023,aa2bb24e-cbe8-47b9-a001-0ca9341ab847
permataGANIK,,PT. PERMATA NEGERI INDONESIA,organik,Butiran,"Hitam, Merah, Biru",Organik/Hayati/Pembenah Tanah - Pendaftaran Ulang Ganjil,2018,2023,747e54a0-fe9c-49a6-b087-595564d86199
HIGH CAL,,UD. PRIMAGRO,Pembenah Tanah Dolomit,Tepung,Putih,Organik/Hayati/Pembenah Tanah - Pendaftaran Ulang Ganjil,2018,2023,baac0661-9be3-424a-bc02-ddb660bcb827
StarSil Liquid,,PT. Agrotama Tunas Sarana,Makro Majemuk cair,Cair,Coklat,An-organik - Pengantar Uji Untuk Pendaftaran Baru/Ulang Genap/Penambahan Pro,2018,2023,83c743cb-4ec1-4b82-ae85-3a1f26750e30
Pamafert,01.04.2019.034,PT SRI REJEKI FERTILIZER,NPK Padat (SNI),Tablet,Merah Muda,An-organik - Pendaftaran Baru (2018),2018,2023,27cfeb4c6002d05cdab676e5d69c7aaa8820
permataGANIK,02.08.2019.120,PT. PERMATA NEGERI INDONESIA,organik,Remah,Hitam Kecoklatan,Organik/Hayati/Pembenah Tanah - Pendaftaran Baru,2018,2023,747e54a0-fe9c-49a6-b087-595564d86199
Angputra Fertilizer,02.08.2020.014,PT. Angputra Global Organik,organik,REMAH,"coklat, keabu-abuan/kehitam-hitaman",Organik/Hayati/Pembenah Tanah - Pendaftaran Baru,2018,2023,422d53df-5d3b-40e2-b047-8234de979e26
SRPONSKAH,,CV. Sumber Rejeki,NPK Padat (SNI),Butiran,"Merah, Biru",An-organik - Pengantar Uji Untuk Pendaftaran Baru/Ulang Genap/Penambahan Pro,2019,2024,6e4f6563-c843-4327-a5cd-77004331079d
PLANTSAFE,,PT. PLANTSAFE FERTILIZER INDONESIA,an-organik,Butiran,Putih,An-organik - Pendaftaran Ulang Ganjil,2018,2023,bc6c564c-256d-461a-be20-770fa822c6c7
Prima Exs,,PT FAJAR BUANA CHEMICAL,Pupuk Mikro,Tepung,Putih,An-organik - Pengantar Uji Untuk Pendaftaran Baru/Ulang Genap/Penambahan Pro,2019,2024,4b6134c3-a080-43e8-9bf4-5069a6484c31
SANTAGROW,,PT. SANTANI SEJAHTERA,an-organik,Tepung,Putih,An-organik - Pendaftaran Ulang Ganjil,2019,2024,32a43c35-1ca5-4049-9b9a-d322ab71b496
PLANTSAFE,,PT. PLANTSAFE FERTILIZER INDONESIA,an-organik,Butiran,Kemerahan,An-organik - Pendaftaran Ulang Ganjil,2018,2023,bc6c564c-256d-461a-be20-770fa822c6c7
KONTAG,,CV. SAPROTAN UTAMA,an-organik,Cair,VIOLET,An-organik - Pendaftaran Ulang Ganjil,2018,2023,32a5fc08-615e-4849-9010-dfc08eaec4e8
GROFAST (NPK 21-21-21+TE),,PT. Hextar Fertilizer Indonesia,NPK Padat (SNI),Tepung kristal,Hijau,An-organik - Pengantar Uji Untuk Pendaftaran Baru/Ulang Genap/Penambahan Pro,2018,2023,c8a04f82-4325-438e-b9a9-fbd339f00068
HUMICRAFT,02.02.2019.152,PT. MITRA FINEX ANTARNUSA,organik,Cair,Hitam,Organik/Hayati/Pembenah Tanah - Pendaftaran Baru,2018,2023,610af4e9-992e-4789-8c39-f4d61f2610d6
LIQ HUMUS,02.02.2019.095,PT. MITRA FINEX ANTARNUSA,organik,Cair,Hitam,Organik/Hayati/Pembenah Tanah - Pendaftaran Baru,2018,2023,610af4e9-992e-4789-8c39-f4d61f2610d6
Nutrisen,02.08.2020.047,PT PUPUK NUTRIFIT INDONESIA,organik,Remah/Curah,Hijau Muda,Organik/Hayati/Pembenah Tanah - Pendaftaran Baru,2018,2023,a96a8447-df12-4dfd-a86d-3b514dffe641
CAP BUNGA MERAH,,PT AGRI HIKAY INDONESIA,Kalium Klorida (KCL) (SNI),Butiran,Putih Kemerahan,An-organik - Pengantar Uji Untuk Pendaftaran Baru/Ulang Genap/Penambahan Pro,2018,2023,75658255-78a9-4b9c-8b03-d0058ad4f61c
VITA-LONGAN,,CV. SAPROTAN UTAMA,an-organik,Cair,Coklat,An-organik - Pendaftaran Ulang Ganjil,2018,2023,32a5fc08-615e-4849-9010-dfc08eaec4e8
CALBIT - C,,PT. Winon International,organik,Cair,Cokelat,Organik/Hayati/Pembenah Tanah - Pendaftaran Ulang Ganjil,2018,2023,6395efef-31f0-4019-acd2-84e790a7cd2a
VIVA,,PT. Winon International,organik,Cair,Cokelat,Organik/Hayati/Pembenah Tanah - Pendaftaran Ulang Ganjil,2018,2023,6395efef-31f0-4019-acd2-84e790a7cd2a
INDOFERTIL,,CV. SAPROTAN UTAMA,an-organik,Cair,Hijau,An-organik - Pendaftaran Ulang Ganjil,2018,2023,32a5fc08-615e-4849-9010-dfc08eaec4e8
TANIGROW,,CV. SAPROTAN UTAMA,an-organik,Cair,Hijau,An-organik - Pendaftaran Ulang Ganjil,2018,2023,32a5fc08-615e-4849-9010-dfc08eaec4e8
LAO YING,,PT. MEST INDONESIY,NPK Padat (SNI),Padat Butiran,Pink/Hijau,An-organik - Pengantar Uji Untuk Pendaftaran Baru/Ulang Genap/Penambahan Pro,2018,2023,bb03ab12-99e8-46cb-91a4-f237f3ce0ffd
MANGOSTAR,,CV. SAPROTAN UTAMA,an-organik,Cair,Krem Kecoklatan,An-organik - Pendaftaran Ulang Ganjil,2018,2023,32a5fc08-615e-4849-9010-dfc08eaec4e8
CAHAYA GEMILANG,,PT. SUBUR INDAH SUKSES GEMILANG,NPK Padat (SNI),Pelet,COKLAT TUA,An-organik - Pengantar Uji Untuk Pendaftaran Baru/Ulang Genap/Penambahan Pro,2018,2023,9c904837818647860f244e4c1580dbf82316
OSMOCOTE (NPK 13-13-13),,PT Kalatham,an-organik,Butiran,coklat,An-organik - Pendaftaran Ulang Ganjil,2018,2023,332c30f1-9d1a-455e-b156-b5a84b8816fc
OSMOCOTE (NPK 6-13-25),,PT Kalatham,an-organik,Butiran,coklat,An-organik - Pendaftaran Ulang Ganjil,2018,2023,332c30f1-9d1a-455e-b156-b5a84b8816fc
LAO YING,,PT. MEST INDONESIY,NPK Padat (SNI),Padat Butiran,Putih,An-organik - Pengantar Uji Untuk Pendaftaran Baru/Ulang Genap/Penambahan Pro,2018,2023,bb03ab12-99e8-46cb-91a4-f237f3ce0ffd
FITOMIC,,PT.TANINDO INTERTRACO,an-organik,,,An-organik - Pengalihan Nomor Pendaftaran,2018,2023,71f6ceda-37e5-4309-b02e-cf7eb6e4675c
FITOMIC CR,,PT.TANINDO INTERTRACO,an-organik,,,An-organik - Pengalihan Nomor Pendaftaran,2018,2023,71f6ceda-37e5-4309-b02e-cf7eb6e4675c
FITOMIC PLUS,,PT.TANINDO INTERTRACO,an-organik,,,An-organik - Pengalihan Nomor Pendaftaran,2018,2023,71f6ceda-37e5-4309-b02e-cf7eb6e4675c
GARDENA D,,PT.TANINDO INTERTRACO,an-organik,,,An-organik - Pengalihan Nomor Pendaftaran,2018,2023,71f6ceda-37e5-4309-b02e-cf7eb6e4675c
GRAND-K MERAH,,PT.TANINDO INTERTRACO,an-organik,,,An-organik - Pengalihan Nomor Pendaftaran,2018,2023,71f6ceda-37e5-4309-b02e-cf7eb6e4675c
MAMIGRO,,PT.TANINDO INTERTRACO,an-organik,,,An-organik - Pengalihan Nomor Pendaftaran,2018,2023,71f6ceda-37e5-4309-b02e-cf7eb6e4675c
MAMIGRO,,PT.TANINDO INTERTRACO,an-organik,,,An-organik - Pengalihan Nomor Pendaftaran,2018,2023,71f6ceda-37e5-4309-b02e-cf7eb6e4675c
MAMIGRO,,PT.TANINDO INTERTRACO,an-organik,,,An-organik - Pengalihan Nomor Pendaftaran,2018,2023,71f6ceda-37e5-4309-b02e-cf7eb6e4675c
MAMIGRO ,,PT.TANINDO INTERTRACO,an-organik,,,An-organik - Pengalihan Nomor Pendaftaran,2018,2023,71f6ceda-37e5-4309-b02e-cf7eb6e4675c
CIRP IKAN PAUS,,PT. Rolimex Kimia Nusamas,an-organik,Tepung,Coklat muda,An-organik - Pendaftaran Ulang Ganjil,2018,2023,619f157d-3c34-4e2b-83be-9da23d69d8ec
CAP RESTU EMAK,,CV. Empat Serangkai,NPK Cair,Cair,Biru,An-organik - Pengantar Uji Untuk Pendaftaran Baru/Ulang Genap/Penambahan Pro,2018,2023,ace134a3-65f5-46bc-ab63-f46ee09b818e
CAP RESTU EMAK,01.02.2019.327,CV. Empat Serangkai,NPK cair,Cair,Biru,An-organik - Pendaftaran Baru (2018),2018,2023,ace134a3-65f5-46bc-ab63-f46ee09b818e
ANJING LAUT,,PT. Rolimex Kimia Nusamas,an-organik,Butiran,Abu-abu,An-organik - Pendaftaran Ulang Ganjil,2018,2023,619f157d-3c34-4e2b-83be-9da23d69d8ec
MULTI PADI,,PT.TANINDO INTERTRACO,an-organik,,,An-organik - Pengalihan Nomor Pendaftaran,2018,2023,71f6ceda-37e5-4309-b02e-cf7eb6e4675c
MULTI PADI PLUS,,PT.TANINDO INTERTRACO,an-organik,,,An-organik - Pengalihan Nomor Pendaftaran,2018,2023,71f6ceda-37e5-4309-b02e-cf7eb6e4675c
2 PANDA,,PT. Rolimex Kimia Nusamas,an-organik,Tepung,Putih,An-organik - Pendaftaran Ulang Ganjil,2018,2023,619f157d-3c34-4e2b-83be-9da23d69d8ec
KANCIL,,PT. Rolimex Kimia Nusamas,Kalium Klorida (KCL) (SNI),Butiran,Kemerahan,An-organik - Pengantar Uji Untuk Pendaftaran Baru/Ulang Genap/Penambahan Pro,2018,2023,619f157d-3c34-4e2b-83be-9da23d69d8ec
VITAFLORA,,PT.TANINDO INTERTRACO,an-organik,,,An-organik - Pengalihan Nomor Pendaftaran,2018,2023,71f6ceda-37e5-4309-b02e-cf7eb6e4675c
Fertitani,,PT. AGRITANI MAKMUR MANDIRI,organik,Cair,coklat ,Organik/Hayati/Pembenah Tanah - Pendaftaran Ulang Ganjil,2018,2023,deb573fa-72a4-4d11-ad7f-a8b13f179dee
BIOTAN45,,PT. Maju Makmur Utomo,hayati,Cair,Coklat,Organik/Hayati/Pembenah Tanah - Pendaftaran Ulang Ganjil,2019,2024,8ecd40c8-d272-453f-9337-1958de3d86f7
Long Fert,01.01.2018.409,PT. Graha Inti Jaya,Makro Tunggal MgO,Butiran,Coklat,An-organik - Pendaftaran Baru (2018),2018,2023,c50efd56-c373-4d84-9ade-e8af91cdd07a
DECOPRIMA,,PT PRIMA AGRO TECH,dekomposer,Tepung,Putih,Organik/Hayati/Pembenah Tanah - Pendaftaran Ulang Ganjil,2018,2023,2004b629430939f680b316dd09563d4d7065
BUBBLE TAB,,PT. BEHN MEYER AGRICARE,silika padat,Tablet,Putih,An-organik - Pengantar Uji Untuk Pendaftaran Baru/Ulang Genap/Penambahan Pro,2018,2023,3d48529b-97aa-48d6-b6ad-cbfa089183bc
SAMPI BIOGROW COMPLETE,02.02.2019.145,PT. ORCHID GLOBAL MAKMUR,organik,Cair,Coklat kehitaman,Organik/Hayati/Pembenah Tanah - Pendaftaran Baru,2018,2023,9a69fbf5-c1c3-4fc4-965e-b69dcf6cffd6
GARDENA C,,PT.TANINDO INTERTRACO,an-organik,,,An-organik - Pengalihan Nomor Pendaftaran,2019,2024,71f6ceda-37e5-4309-b02e-cf7eb6e4675c
FERTILA ,,CV. SAPROTAN UTAMA,an-organik,Butiran,Abu-abu,An-organik - Pendaftaran Ulang Ganjil,2018,2023,32a5fc08-615e-4849-9010-dfc08eaec4e8
BURUNG TERBANG,,CV AGRO PETANI MAJU,Pembenah Tanah Dolomit,Butiran,Biru,Organik/Hayati/Pembenah Tanah - Pendaftaran Ulang Ganjil,2019,2024,0f046af4-49a5-44ca-aa46-81cb1dcb94c9
QIUVITA,,PT. KARISMA INDOAGRO UNIVERSAL,an-organik,Kristal,Biru,An-organik - Pendaftaran Ulang Ganjil,2018,2023,2ec93ac4-1cdf-4511-a8c0-53f5c7c9cef8
QIUVITA,,PT. KARISMA INDOAGRO UNIVERSAL,an-organik,Kristal,Hijau,An-organik - Pendaftaran Ulang Ganjil,2018,2023,2ec93ac4-1cdf-4511-a8c0-53f5c7c9cef8
PLANTSAFE,,PT. PLANTSAFE FERTILIZER INDONESIA,an-organik,Tepung,Kuning,An-organik - Pendaftaran Ulang Ganjil,2018,2023,bc6c564c-256d-461a-be20-770fa822c6c7
PAK TANI,,CV. SAPROTAN UTAMA,an-organik,Butiran,Putih,An-organik - Pendaftaran Ulang Ganjil,2018,2023,32a5fc08-615e-4849-9010-dfc08eaec4e8
PLANTSAFE,,PT. PLANTSAFE FERTILIZER INDONESIA,an-organik,Butiran,Putih,An-organik - Pendaftaran Ulang Ganjil,2018,2023,bc6c564c-256d-461a-be20-770fa822c6c7
Pasjam Organik,,CV. GHANDI PUTRA,organik,Butiran,Coklat Kehitaman,Organik/Hayati/Pembenah Tanah - Pendaftaran Ulang Ganjil,2018,2023,4d90e2b6-7084-4384-abdc-efc68ca1688e
KCL KUJANG,,PT Pupuk Kujang,an-organik,Butiran,MERAH ATAU MERAH MUDA,An-organik - Pendaftaran Ulang Ganjil,2018,2023,1a377f72-93aa-4c27-bee7-b414b234e1a0
FERTI BEST,,PT. Agro Berjaya Nusantara,an-organik,Butiran,"Abu-abu, putih",An-organik - Pendaftaran Ulang Ganjil,2018,2023,02affaf0-6a1d-44d6-86cb-fca5d343fbe5
BAYFOLAN,,PT. Bayer Indonesia,NPK cair,Cair,Hijau,An-organik - Pengantar Uji Untuk Pendaftaran Baru/Ulang Genap/Penambahan Pro,2019,2024,dacde6cb-eeab-4fc5-9e4a-71374c47702e
BIMASAKTI,,CV. Multi Agro Jaya Utama,dekomposer,,,Organik/Hayati/Pembenah Tanah - Pengalihan Nomor Pendaftaran,2018,2023,477034fe-aa39-472f-bb37-f542ee8bc109
MITRA FLORA,,PT. SARI KRESNA KIMIA,organik,Cair,Coklat kemerah merahan,Organik/Hayati/Pembenah Tanah - Pendaftaran Ulang Ganjil,2019,2024,0c496ac58b4898b510132b58728761677229
Alfinase,03.02.2019.138,PT. INDO ACIDATAMA Tbk,hayati,Cair,Coklat tua,Organik/Hayati/Pembenah Tanah - Pendaftaran Baru,2019,2024,cb888ba5-4be8-4687-bb57-dc016697f2bd
Hi Gro Bio,,PT AGRI HIKAY INDONESIA,NK,Butiran,Putih Kemerahan,An-organik - Pengantar Uji Untuk Pendaftaran Baru/Ulang Genap/Penambahan Pro,2019,2024,75658255-78a9-4b9c-8b03-d0058ad4f61c
GREEN KINGROOT,02.02.2019.097,U.D Daun Mas,organik,Cair,Hijau,Organik/Hayati/Pembenah Tanah - Pendaftaran Baru,2018,2023,9fcde7ae-a2b7-4570-8a03-dcdad45a847e
LAO YING,,PT. MEST INDONESIY,CuSO4,Kristal,Biru,An-organik - Pengantar Uji Untuk Pendaftaran Baru/Ulang Genap/Penambahan Pro,2018,2023,bb03ab12-99e8-46cb-91a4-f237f3ce0ffd
KALIZER,,CV.Mitra Tani Abadi,Kalium,Cair,Merah Pekat,An-organik - Pengantar Uji Untuk Pendaftaran Baru/Ulang Genap/Penambahan Pro,2018,2023,f48ec535-0ddc-4b6a-aa14-0f035e5b9a5f
Mahkota,,PT. SENTANA ADIDAYA PRATAMA,an-organik,Butiran,Coklat,An-organik - Pendaftaran Ulang Ganjil,2018,2023,36c5c4f2-e215-4d04-9948-8926fb16c0a5
Mahkota,,PT. SENTANA ADIDAYA PRATAMA,an-organik,Butiran,Coklat,An-organik - Pendaftaran Ulang Ganjil,2018,2023,36c5c4f2-e215-4d04-9948-8926fb16c0a5
Alfinase,02.02.2019.147,PT. INDO ACIDATAMA Tbk,organik,Cair,Coklat tua,Organik/Hayati/Pembenah Tanah - Pendaftaran Baru,2019,2024,cb888ba5-4be8-4687-bb57-dc016697f2bd
KANCIL EMAS,,PT. SANLEX MALINDO,NPK Padat (SNI),Butiran,Pink,An-organik - Pengantar Uji Untuk Pendaftaran Baru/Ulang Genap/Penambahan Pro,2019,2024,46eccec8-2718-4ecf-82b0-d69f6c5a43e9
SEJAHTERA,,PT Gresik Cipta Sejahtera,Triple Super Fosfat (TSP) (SNI),Butiran,ABU-ABU,An-organik - Pengantar Uji Untuk Pendaftaran Baru/Ulang Genap/Penambahan Pro,2019,2024,2d76f9c0-5abc-4dec-8238-cdc7598356d1
King Tonik,01.02.2019.035,CV AGRO JAYA OCTAVIANT,NPK cair,Cair,Hijau,An-organik - Pendaftaran Baru (2018),2019,2024,0dc35fb2-5242-45c5-966d-c60252b3f7a5
zamrud VC,,CV. Varia Chemika,an-organik,Butiran,Merah,An-organik - Pendaftaran Ulang Ganjil,2019,2024,da47b98e-6770-49fb-b35d-bacab553369c
Selaras Alami,,PT. Selaras Alam Sejahtera,organik,Butiran,Coklat Keabu-abuan,Organik/Hayati/Pembenah Tanah - Pendaftaran Ulang Ganjil,2019,2024,fb0cd0be-8b5e-4b90-9c89-be84b9566d54
Oregon,,PT Agri Maju Perkasa,an-organik,Butiran,"Hijau, Abu - abu",An-organik - Pendaftaran Ulang Ganjil,2019,2024,7ef28b7a-bd45-4afd-bba2-cde8813c2eeb
BUNGA TULIP,,PT. FERTA INDONESIA PERSADA,NPK Padat (SNI),Butiran,Hijau ,An-organik - Pengantar Uji Untuk Pendaftaran Baru/Ulang Genap/Penambahan Pro,2019,2024,8e6adc29-176f-4aeb-bdca-56603eb7f8d9
LIMAS,04.03.2019.175,CV DUTA LIMAS,Pembenah Tanah Zeolit,Tepung,Putih Kehijauan,Organik/Hayati/Pembenah Tanah - Pendaftaran Baru,2019,2024,f9a4945f-13be-4703-b058-191e4f5b9ded
BESGREEN,,PT. TIARA BUANA MANDIRI,Mono Potassium Phosphate,Kristal,Putih,An-organik - Pengantar Uji Untuk Pendaftaran Baru/Ulang Genap/Penambahan Pro,2019,2024,36144a66-b620-4878-9b70-b492165f2ddf
MACARENA,,PT. CATUR AGRODAYA MANDIRI,Makro Mikro Campuran,Cair,Coklat,An-organik - Pengantar Uji Untuk Pendaftaran Baru/Ulang Genap/Penambahan Pro,2019,2024,7e6a63e1-f1cd-49ae-baec-30120b2877f1
Manjat,,PT.Silva Tropika Kultura,hayati,,,Organik/Hayati/Pembenah Tanah - Pengalihan Nomor Pendaftaran,2019,2024,c5853f8c-9439-405b-acc7-a869e187cfeb
SINAR MATAHARI,02.03.2020.075,PT. Molindo Raya Industrial,organik,Tepung,Abu-abu Kehitaman,Organik/Hayati/Pembenah Tanah - Pendaftaran Ulang Genap,2019,2024,ab67c7fe-548a-4c2d-bd84-adbddc0745c5
ANSTROBOS,01.02.2019.076,CV Agro Niaga Sejati,NPK Cair,Cair,Hijau,An-organik - Pendaftaran Baru (2018),2019,2024,9c904837818647860f244e4c1580dbf84821
Oregon,,PT Agri Maju Perkasa,an-organik,Butiran,"Hijau, Abu - abu",An-organik - Pendaftaran Ulang Ganjil,2019,2024,7ef28b7a-bd45-4afd-bba2-cde8813c2eeb
GRAND K-PRILL,,PT.TANINDO INTERTRACO,an-organik,,,An-organik - Pengalihan Nomor Pendaftaran,2019,2024,71f6ceda-37e5-4309-b02e-cf7eb6e4675c
GRAND K-KRISTAL,,PT.TANINDO INTERTRACO,an-organik,,,An-organik - Pengalihan Nomor Pendaftaran,2019,2024,71f6ceda-37e5-4309-b02e-cf7eb6e4675c
MULTI NP,,PT.TANINDO INTERTRACO,an-organik,,,An-organik - Pengalihan Nomor Pendaftaran,2019,2024,71f6ceda-37e5-4309-b02e-cf7eb6e4675c
MULTI KP,,PT.TANINDO INTERTRACO,an-organik,,,An-organik - Pengalihan Nomor Pendaftaran,2019,2024,71f6ceda-37e5-4309-b02e-cf7eb6e4675c
TANIVIT B,,PT.TANINDO INTERTRACO,an-organik,,,An-organik - Pengalihan Nomor Pendaftaran,2019,2024,71f6ceda-37e5-4309-b02e-cf7eb6e4675c
GARDENA B,,PT.TANINDO INTERTRACO,an-organik,,,An-organik - Pengalihan Nomor Pendaftaran,2019,2024,71f6ceda-37e5-4309-b02e-cf7eb6e4675c
TANIVIT D,,PT.TANINDO INTERTRACO,an-organik,,,An-organik - Pengalihan Nomor Pendaftaran,2019,2024,71f6ceda-37e5-4309-b02e-cf7eb6e4675c
BLACK HORSE,,PT TOYA INDO MANUNGGAL,Diammonium Phosphate,Butiran,ABU-ABU / HITAM KECOKLATAN,An-organik - Pengantar Uji Untuk Pendaftaran Baru/Ulang Genap/Penambahan Pro,2019,2024,5358b90b-153f-485d-8c08-10071338d0fe
LAO YING,,PT. MEST INDONESIY,Amonium Sulfat (ZA) (SNI) ,Tepung,Putih Kekuningan,An-organik - Pengantar Uji Untuk Pendaftaran Baru/Ulang Genap/Penambahan Pro,2019,2024,bb03ab12-99e8-46cb-91a4-f237f3ce0ffd
SEJAHTERA,,PT Gresik Cipta Sejahtera,Super Fosfat (SP-36) (SNI),Butiran,ABU-ABU,An-organik - Pengantar Uji Untuk Pendaftaran Baru/Ulang Genap/Penambahan Pro,2019,2024,2d76f9c0-5abc-4dec-8238-cdc7598356d1
PUPUK KUJANG,,PT Pupuk Kujang,NPK Padat (SNI),Butiran,Abu-abu kehitaman merah putih,An-organik - Pengantar Uji Untuk Pendaftaran Baru/Ulang Genap/Penambahan Pro,2019,2024,1a377f72-93aa-4c27-bee7-b414b234e1a0
DWIBOR,01.01.2019.247,PT. DWIAGRI MAKMUR INTERTRADE,mikro majemuk padat butiran,Butiran,Abu-abu,An-organik - Pendaftaran Baru (2018),2019,2024,43c8b8e0-a204-40f3-85c0-63a29552d28a
JERANTI,,PT Pupuk Kujang,NPK Padat (SNI),Butiran,"Putih, Keabu-abuan",An-organik - Pengantar Uji Untuk Pendaftaran Baru/Ulang Genap/Penambahan Pro,2019,2024,1a377f72-93aa-4c27-bee7-b414b234e1a0
LOONGZOU,01.01.2020.053,PT. Sasco Indonesia,Diammonium Phosphate,Butiran,Kuning/Coklat,An-organik - Pendaftaran Baru (2018),2020,2025,5f3559b5-945e-4d3a-9fe9-b4a089c200fa
BIO tR+,03.01.2020.007,PT. Trubus Mitra Swadaya,hayati,Butiran,Putih Keabuan,Organik/Hayati/Pembenah Tanah - Pendaftaran Baru,2019,2024,0870e614525ba331886f40255576d9d84141
CAP LANG MAS,01.01.2019.281,CV. Anugerah Tani Makmur,NPK Padat (SNI),Butiran,"Biru, Merah",An-organik - Pendaftaran Baru (2018),2019,2024,d6169a4e-a23d-4733-b132-83b2fcd2ef45
SEJAHTERA,,PT Gresik Cipta Sejahtera,Triple Super Fosfat (TSP) (SNI),Butiran,ABU-ABU,An-organik - Pengantar Uji Untuk Pendaftaran Baru/Ulang Genap/Penambahan Pro,2019,2024,2d76f9c0-5abc-4dec-8238-cdc7598356d1
AXY,,PT. Agritek Tani Indonesia,Potassium Nitrat,Tepung,Putih,An-organik - Pengantar Uji Untuk Pendaftaran Baru/Ulang Genap/Penambahan Pro,2019,2024,99ff28d1-9738-44b9-b9d2-d2e1e7f9ec57
ORGANOMAX,,PT. Formitra Multi Prakarsa,organik,,,Organik/Hayati/Pembenah Tanah - Pengalihan Nomor Pendaftaran,2019,2024,42288d58-ac7c-4cce-8a76-86664ebdf90c
CAP LANG MAS,,CV. Anugerah Tani Makmur,NPK Padat (SNI),Butiran,"Biru, Merah",An-organik - Pengantar Uji Untuk Pendaftaran Baru/Ulang Genap/Penambahan Pro,2019,2024,d6169a4e-a23d-4733-b132-83b2fcd2ef45
SAPRODAP PAK TANI,,CV. SAPROTAN UTAMA,Makro Majemuk NP,Butiran,Putih Kelabu,An-organik - Pengantar Uji Untuk Pendaftaran Baru/Ulang Genap/Penambahan Pro,2019,2024,32a5fc08-615e-4849-9010-dfc08eaec4e8
KARATE PLUS BORONI,,PT.MEROKE TETAP JAYA,Calsium nitrat,Butiran,Kuning,An-organik - Pengantar Uji Untuk Pendaftaran Baru/Ulang Genap/Penambahan Pro,2019,2024,a5a2f54e-db06-45ca-acd3-bf7db4701956
MerokeCPN,,PT.MEROKE TETAP JAYA,Makro Majemuk,Prill,Merah Muda,An-organik - Pengantar Uji Untuk Pendaftaran Baru/Ulang Genap/Penambahan Pro,2019,2024,a5a2f54e-db06-45ca-acd3-bf7db4701956
BIOPASTONIC,,PT. Bahagia Jaya Sinergy,hayati,Cair,Coklat Kekuningan ,Organik/Hayati/Pembenah Tanah - Pendaftaran Ulang Ganjil,2019,2024,52dcee2c-7c5c-43fc-bc64-3ce24a992390
S-VIT,,CV.TABITA JAYA,An-Organik Makro Majemuk Padat PK,Tepung,Krem Kecoklatan,An-organik - Pengantar Uji Untuk Pendaftaran Baru/Ulang Genap/Penambahan Pro,2019,2024,c0929fba-de40-4dfa-8026-68efe4531836
JADI MAS,,PT JADI MAS,NPK Padat (SNI),Butiran,Hijau,An-organik - Pengantar Uji Untuk Pendaftaran Baru/Ulang Genap/Penambahan Pro,2019,2024,2004b629430939f680b316dd09563d4d3955
JADI MAS,,PT JADI MAS,NPK Padat (SNI),Butiran,kuning,An-organik - Pengantar Uji Untuk Pendaftaran Baru/Ulang Genap/Penambahan Pro,2019,2024,2004b629430939f680b316dd09563d4d3955
LINTANG SONGO,,PT. PRIMA MULIA ABADI,NPK Padat (SNI),Briket,NATURAL,An-organik - Pengantar Uji Untuk Pendaftaran Baru/Ulang Genap/Penambahan Pro,2019,2024,ad885eca-4bb8-4ac5-80bf-e8f6e5c141cd
LUKISAN BURUNG,01.01.2019.265,PT.MEROKE TETAP JAYA,Urea (SNI),Butiran,Putih,An-organik - Pendaftaran Baru (2018),2019,2024,a5a2f54e-db06-45ca-acd3-bf7db4701956
BACTOHORTI,03.03.2019.154,PT PRIMA AGRO TECH,hayati,Tepung,hitam kekuningan,Organik/Hayati/Pembenah Tanah - Pendaftaran Baru,2019,2024,2004b629430939f680b316dd09563d4d7065
VINKRO,03.02.2020.031,PT. PERKEBUNAN NUSANTARA XI,hayati,Cair,Coklat,Organik/Hayati/Pembenah Tanah - Pendaftaran Baru,2019,2024,cb5313e685f339f266d87be0a8c7b2704525
NITRABIRU,,PT. Kingenta Pupuk Indonesia,NPK Padat (SNI),Butiran,Hijau,An-organik - Pengantar Uji Untuk Pendaftaran Baru/Ulang Genap/Penambahan Pro,2019,2024,5011aa1c-f0c9-42ab-bb97-8249eaecaa09
MerokeCALNIT,,PT.MEROKE TETAP JAYA,Calsium nitrat,Butiran,Putih,An-organik - Pengantar Uji Untuk Pendaftaran Baru/Ulang Genap/Penambahan Pro,2019,2024,a5a2f54e-db06-45ca-acd3-bf7db4701956
SKORTLEF,02.03.2020.020,PT.BUMI TANI INDONESIA SEJAHTERA,organik,Tepung,Coklat,Organik/Hayati/Pembenah Tanah - Pendaftaran Baru,2019,2024,85b6490f-5b06-4f27-9e83-4b21ad44d78c
Bontigro,,PT Dwitama Agro Makmur,"Kalsium, Mangan, Zinc, Magnesium, Boron",Tepung,putih,An-organik - Pengantar Uji Untuk Pendaftaran Baru/Ulang Genap/Penambahan Pro,2019,2024,e5342252-6dd1-4717-88f2-8600b0679c4d
SEJAHTERA,,PT Gresik Cipta Sejahtera,Fosfat Alam untuk Pertanian (SNI),Butiran,PUTIH,An-organik - Pengantar Uji Untuk Pendaftaran Baru/Ulang Genap/Penambahan Pro,2019,2024,2d76f9c0-5abc-4dec-8238-cdc7598356d1
BIOGANIK IJO ROYO-ROYO,02.01.2020.029,CV. BUMI NUSANTARA,organik,Butiran,Hitam Kecoklatan,Organik/Hayati/Pembenah Tanah - Pendaftaran Baru,2019,2024,7b3471b1-1fe4-4dbc-bb49-8d8432173d73
NITRABIRU,,PT. Kingenta Pupuk Indonesia,NPK Padat (SNI),Butiran,Biru,An-organik - Pengantar Uji Untuk Pendaftaran Baru/Ulang Genap/Penambahan Pro,2019,2024,5011aa1c-f0c9-42ab-bb97-8249eaecaa09
NITRABIRU,,PT. Kingenta Pupuk Indonesia,NPK Padat (SNI),Butiran,Hijau,An-organik - Pengantar Uji Untuk Pendaftaran Baru/Ulang Genap/Penambahan Pro,2019,2024,5011aa1c-f0c9-42ab-bb97-8249eaecaa09
HORTIPLUS ,,PT. Kingenta Pupuk Indonesia,Potassium Nitrat,Tepung,Putih,An-organik - Pengantar Uji Untuk Pendaftaran Baru/Ulang Genap/Penambahan Pro,2019,2024,5011aa1c-f0c9-42ab-bb97-8249eaecaa09
HALIMUN,,CV. Multi Agro Jaya Utama,organik,,,Organik/Hayati/Pembenah Tanah - Pengalihan Nomor Pendaftaran,2019,2024,477034fe-aa39-472f-bb37-f542ee8bc109
Agribor,,PT AGRI HIKAY INDONESIA,Pupuk Borat,Butiran,Putih,An-organik - Pengantar Uji Untuk Pendaftaran Baru/Ulang Genap/Penambahan Pro,2019,2024,75658255-78a9-4b9c-8b03-d0058ad4f61c
BIO-FERTRICH FORTE,03.02.2020.028,CV. AGRO BIO MAHLIGAI,hayati,Cair,Coklat,Organik/Hayati/Pembenah Tanah - Pendaftaran Baru,2019,2024,10bca611-1741-4d35-b97b-36b6a6b2ad85
SEROJA SUBUR,01.01.2019.085,PT Lamandau Subur Sejahtera,NK 18-32,Butiran,Coklat ,An-organik - Pendaftaran Baru (2018),2019,2024,39bc4782-0f6d-40b8-b83a-94b178dc81a1
KCPlus,,PT.Surya Agung Unggul,,Tepung,Merah dan biru,An-organik - Pengantar Uji Untuk Pendaftaran Baru/Ulang Genap/Penambahan Pro,2019,2024,279e3874-42d5-4e5a-ae4c-d34055589229
OSMOCOTE,01.01.2019.148,PT. Agrotama Tunas Sarana,NPK Padat (SNI),Butiran,Coklat,An-organik - Pendaftaran Baru (2018),2019,2024,83c743cb-4ec1-4b82-ae85-3a1f26750e30
Fertitani,,PT. AGRITANI MAKMUR MANDIRI,hayati,,,Organik/Hayati/Pembenah Tanah - Pengalihan Nomor Pendaftaran,2019,2024,deb573fa-72a4-4d11-ad7f-a8b13f179dee
UMG MATADOR GRO-MAXX,03.03.2020.039,PT. UMG INDONESIA,hayati,Tepung,Putih,Organik/Hayati/Pembenah Tanah - Pendaftaran Baru,2019,2024,7d5d0376-277c-40b0-a597-aefbc1cb3dc9
Fertitani,,PT. AGRITANI MAKMUR MANDIRI,hayati,,,Organik/Hayati/Pembenah Tanah - Pengalihan Nomor Pendaftaran,2019,2024,deb573fa-72a4-4d11-ad7f-a8b13f179dee
Fertitani,,PT. AGRITANI MAKMUR MANDIRI,hayati,,,Organik/Hayati/Pembenah Tanah - Pengalihan Nomor Pendaftaran,2019,2024,deb573fa-72a4-4d11-ad7f-a8b13f179dee
SIDAGREEN,,PT. Petrosida Gresik,an-organik,Cair,Hijau,An-organik - Pendaftaran Ulang Ganjil,2019,2024,34351c87-ca0f-4674-a8ea-71289155b047
Suburkali BUTIR,,PT.MEROKE TETAP JAYA,Makro Campuran,Butiran,Putih Abu-abu,An-organik - Pengantar Uji Untuk Pendaftaran Baru/Ulang Genap/Penambahan Pro,2019,2024,a5a2f54e-db06-45ca-acd3-bf7db4701956
SS (AMMOPHOS) LUKISAN BURUNG,,PT.MEROKE TETAP JAYA,Nitrogen Phosphate,Butiran,Putih ,An-organik - Pengantar Uji Untuk Pendaftaran Baru/Ulang Genap/Penambahan Pro,2019,2024,a5a2f54e-db06-45ca-acd3-bf7db4701956
Korn-Kali+B,,PT.MEROKE TETAP JAYA,Makro MIkro Majemuk,Butiran,Abu-abu kehitaman,An-organik - Pengantar Uji Untuk Pendaftaran Baru/Ulang Genap/Penambahan Pro,2019,2024,a5a2f54e-db06-45ca-acd3-bf7db4701956
 FerreSOIL,02.01.2019.160,PT. NUSA BERKAT ALAM,organik,Butiran,Coklat,Organik/Hayati/Pembenah Tanah - Pendaftaran Baru,2019,2024,8aee00d3-ff66-47b5-be7c-7b358222e126
MS,,CV. MITRA AGRO SENTOSA,an-organik,Butiran,Biru,An-organik - Pendaftaran Ulang Ganjil,2019,2024,2004b629430939f680b316dd09563d4d5369
SEJAHTERA,,PT Gresik Cipta Sejahtera,Amonium Sulfat (ZA) (SNI) ,Butiran,PUTIH,An-organik - Pengantar Uji Untuk Pendaftaran Baru/Ulang Genap/Penambahan Pro,2019,2024,2d76f9c0-5abc-4dec-8238-cdc7598356d1
SEJAHTERA,,PT Gresik Cipta Sejahtera,Super Fosfat (SP-36) (SNI),Butiran,ABU-ABU,An-organik - Pengantar Uji Untuk Pendaftaran Baru/Ulang Genap/Penambahan Pro,2019,2024,2d76f9c0-5abc-4dec-8238-cdc7598356d1
Mahkota,01.01.2019.093,PT. SENTANA ADIDAYA PRATAMA,Diammonium Phosphate,Butiran,Kuning Kecoklatan,An-organik - Pendaftaran Baru (2018),2019,2024,36c5c4f2-e215-4d04-9948-8926fb16c0a5
BIO-FERTRICH FORTE,03.08.2020.009,CV. AGRO BIO MAHLIGAI,hayati,Serbuk,Coklat,Organik/Hayati/Pembenah Tanah - Pendaftaran Baru,2019,2024,10bca611-1741-4d35-b97b-36b6a6b2ad85
CAP BUNGA MERAH,,PT AGRI HIKAY INDONESIA,Triple Super Fosfat (TSP) (SNI),Butiran,Abu - Abu,An-organik - Pengantar Uji Untuk Pendaftaran Baru/Ulang Genap/Penambahan Pro,2019,2024,75658255-78a9-4b9c-8b03-d0058ad4f61c
BINTANG TANI,04.03.2020.022,PT. PUPUT TANI MANDIRI,Pembenah Tanah Dolomit,Tepung,Putih,Organik/Hayati/Pembenah Tanah - Pendaftaran Baru,2019,2024,912fad15-eef9-4303-9ad3-5336e0fd468b
SEA WINNER SUPER ACTIVE FULVIC ACID +K,02.03.2019.142,PT Exindo Raharja Pratama,organik,Tepung,Hitam,Organik/Hayati/Pembenah Tanah - Pendaftaran Ulang Genap,2019,2024,2004b629430939f680b316dd09563d4d1027
Solvit ,02.08.2020.037,PT. ENVITEC MULTI INDONESIA,organik,Curah,Hitam,Organik/Hayati/Pembenah Tanah - Pendaftaran Baru,2019,2024,37c0e638-dece-4361-be1c-8e9e97e32f88
FOSMAG,,PT Carlindo Serasi Abadi,"Makro Primer, Makro Sekunder dan Silika (P2O5; CaO; Mg; Si)",Tepung,Abu-abu,An-organik - Pengantar Uji Untuk Pendaftaran Baru/Ulang Genap/Penambahan Pro,2019,2024,1211d7a9-a798-422a-ab3d-f3cd12c6d19c
JATI WANGI,,CV. CIPTO LANGGENG,an-organik,Butiran,MERAH,An-organik - Pendaftaran Ulang Ganjil,2019,2024,32312ed6-d092-49da-8419-317451664ff6
VITA4,,PT. Indevco Internusa,Potassium Magnesium Calcium Sulfate,Butiran,Abu abu,An-organik - Pengantar Uji Untuk Pendaftaran Baru/Ulang Genap/Penambahan Pro,2019,2024,d9aebb79-28f9-45b5-b2d8-6a4a567193f4
SAPRODAP PAK TANI,01.01.2019.268,CV. SAPROTAN UTAMA,Pupuk Makro Majemuk NP,Butiran,Putih Kelabu,An-organik - Pendaftaran Baru (2018),2019,2024,32a5fc08-615e-4849-9010-dfc08eaec4e8
Samppi,,PT.OAT MITOKU AGRIO,NPK Cair dan Mikro Nutrisi cair,Cair,Hijau Tua,An-organik - Pengantar Uji Untuk Pendaftaran Baru/Ulang Genap/Penambahan Pro,2019,2024,b820cc90-f0b6-4f63-9fa3-41aca7c684aa
RE-VIT GROW,01.02.2019.124,C.V. Berkat Eya Pratama,An-Organik Cair Majemuk NK,Cair,Hijau,An-organik - Pendaftaran Baru (2018),2019,2024,c07c9718-c214-4b66-afbf-7c2c8ca20266
Mentari,01.01.2019.107,PT. Permata Agro Persada,Diammonium Phosphate,Butiran,Kuning Kecoklatan,An-organik - Pendaftaran Baru (2018),2019,2024,d6995698-8fd6-4d4e-81b6-f09a2d303f26
A.O.A,,CV. PESANGGEM MITRA ABADI,hayati,Cair,Kecoklatan,Organik/Hayati/Pembenah Tanah - Pendaftaran Ulang Ganjil,2019,2024,0bf52028-a536-4547-ba1a-3d878007df09
PELANGI,,PT Pupuk Kalimantan Timur,NPK Padat (SNI),Butiran,Warna-warni,An-organik - Pengantar Uji Untuk Pendaftaran Baru/Ulang Genap/Penambahan Pro,2019,2024,3af996a5b19bf8ac5db58137d8d1afed4892
VITAFLORA B,,PT.TANINDO INTERTRACO,an-organik,,,An-organik - Pengalihan Nomor Pendaftaran,2019,2024,71f6ceda-37e5-4309-b02e-cf7eb6e4675c
VITAFLORA D,,PT.TANINDO INTERTRACO,an-organik,,,An-organik - Pengalihan Nomor Pendaftaran,2019,2024,71f6ceda-37e5-4309-b02e-cf7eb6e4675c
CSN SENDAWA PUTIH PAK TANI,01.05.2020.031,CV. SAPROTAN UTAMA,Pupuk Makro-Mikro Campuran,Prill,Putih,An-organik - Pendaftaran Baru (2018),2020,2025,32a5fc08-615e-4849-9010-dfc08eaec4e8
VITA4,,PT. Indevco Internusa,Potassium Magnesium Calcium Sulfate,Tepung,Abu - Abu,An-organik - Pengantar Uji Untuk Pendaftaran Baru/Ulang Genap/Penambahan Pro,2019,2024,d9aebb79-28f9-45b5-b2d8-6a4a567193f4
DGW,,PT. Hextar Fertilizer Indonesia,an-organik,Butiran,Hitam,An-organik - Pendaftaran Ulang Ganjil,2019,2024,c8a04f82-4325-438e-b9a9-fbd339f00068
BIO-rappa,,CV MEGAH JAYA SEVENTIES,organik,Cair,Coklat/Gelap Kehitaman,Organik/Hayati/Pembenah Tanah - Pendaftaran Ulang Ganjil,2019,2024,c2057eec-f590-4ea7-b920-0f22afd9aa73
COMPACTION DGW,,PT. Hextar Fertilizer Indonesia,NK,Butiran,Coklat kemerahan,An-organik - Pengantar Uji Untuk Pendaftaran Baru/Ulang Genap/Penambahan Pro,2019,2024,c8a04f82-4325-438e-b9a9-fbd339f00068
SUPERLAND,02.03.2020.071,PT ELKABE BIOTEK INDONESIA,organik,Tepung,Abu-abu,Organik/Hayati/Pembenah Tanah - Pendaftaran Baru,2019,2024,b4ab1ac15eb726b148e0611f799090fc8727
BT KENCANA,01.01.2019.108,PT HARVESTMORE MULTITRADE INDONESIA,NPK Padat (SNI),Butiran,Kuning,An-organik - Pendaftaran Baru (2018),2019,2024,d2b1a682-7ab6-4dbe-9024-f858017b8916
Ferti Best,,PT. Agro Berjaya Nusantara,NPK Padat (SNI),Butiran,"Coklat, Merah",An-organik - Pengantar Uji Untuk Pendaftaran Baru/Ulang Genap/Penambahan Pro,2019,2024,02affaf0-6a1d-44d6-86cb-fca5d343fbe5
PAK TANI,,CV. SAPROTAN UTAMA,an-organik,Butiran,Merah Muda dan Biru,An-organik - Pendaftaran Ulang Ganjil,2019,2024,32a5fc08-615e-4849-9010-dfc08eaec4e8
PUPINDO,,PT. Dupan Anugerah Lestari,NPK Padat (SNI),Butiran,Abu-abu,An-organik - Pengantar Uji Untuk Pendaftaran Baru/Ulang Genap/Penambahan Pro,2019,2024,8e9c7bdb-074f-49e2-8e4b-1ca4e945368c
MerokeMAP,,PT.MEROKE TETAP JAYA,an-organik,Tepung,Putih,An-organik - Pendaftaran Ulang Ganjil,2019,2024,a5a2f54e-db06-45ca-acd3-bf7db4701956
PELANGI,01.01.2019.272,PT Pupuk Kalimantan Timur,NPK Padat (SNI),Butiran,Warna-warni,An-organik - Pendaftaran Baru (2018),2019,2024,3af996a5b19bf8ac5db58137d8d1afed4892
PELANGI,,PT Pupuk Kalimantan Timur,NPK Padat (SNI),Butiran,Warna-warni,An-organik - Pengantar Uji Untuk Pendaftaran Baru/Ulang Genap/Penambahan Pro,2019,2024,3af996a5b19bf8ac5db58137d8d1afed4892
GAL-Xe ONE,,PT. AGROABADI MAKMUR PERSADA,NPK Padat (SNI),Padat Butiran,Coklat Keemasan,An-organik - Pengantar Uji Untuk Pendaftaran Baru/Ulang Genap/Penambahan Pro,2019,2024,a9b9428b-fb3a-4199-833e-5ab002a1be79
Pamafert,,PT SRI REJEKI FERTILIZER,NPK Padat (SNI),Tablet,Merah Muda,An-organik - Pengantar Uji Untuk Pendaftaran Baru/Ulang Genap/Penambahan Pro,2019,2024,27cfeb4c6002d05cdab676e5d69c7aaa8820
BESGREEN,01.08.2019.293,PT. TIARA BUANA MANDIRI,Potassium Nitrat,Kristal,Putih,An-organik - Pendaftaran Baru (2018),2019,2024,36144a66-b620-4878-9b70-b492165f2ddf
Starnit-P,01.01.2019.347,PT. TIARA BUANA MANDIRI,Nitrogen Phosphate,Butiran,Putih Keabu-abuan,An-organik - Pendaftaran Baru (2018),2019,2024,36144a66-b620-4878-9b70-b492165f2ddf
GAINEXA FC,01.02.2019.365,PT. CATUR AGRODAYA MANDIRI,Makro Mikro Campuran,Cair,Kuning Bening,An-organik - Pendaftaran Baru (2018),2019,2024,7e6a63e1-f1cd-49ae-baec-30120b2877f1
RapiFlow MAGNUM,01.02.2019.338,PT. Agspec Indonesia,Makro Mikro Campuran,Cair,Bening,An-organik - Pendaftaran Baru (2018),2019,2024,038dbfa8-43ab-411a-b9ae-2a62c8f2d68d
BUNGA TULIP,,PT. FERTA INDONESIA PERSADA,,Butiran,Merah Keputihan / Merah Keabuan,An-organik - Pengantar Uji Untuk Pendaftaran Baru/Ulang Genap/Penambahan Pro,2019,2024,8e6adc29-176f-4aeb-bdca-56603eb7f8d9
PROVIT MERAH,,PT.MEROKE TETAP JAYA,NPK Padat (SNI),Kristal,"Merah, Merah Muda",An-organik - Pengantar Uji Untuk Pendaftaran Baru/Ulang Genap/Penambahan Pro,2019,2024,a5a2f54e-db06-45ca-acd3-bf7db4701956
PROVIT HIJAU,,PT.MEROKE TETAP JAYA,NPK Padat (SNI),Kristal,Hijau,An-organik - Pengantar Uji Untuk Pendaftaran Baru/Ulang Genap/Penambahan Pro,2019,2024,a5a2f54e-db06-45ca-acd3-bf7db4701956
PROVIT ORANGE,,PT.MEROKE TETAP JAYA,NPK Padat (SNI),Kristal,Putih kekuningan,An-organik - Pengantar Uji Untuk Pendaftaran Baru/Ulang Genap/Penambahan Pro,2019,2024,a5a2f54e-db06-45ca-acd3-bf7db4701956
MerokeFITOFLEX,,PT.MEROKE TETAP JAYA, MIkro Majemuk,Tepung,Hijau,An-organik - Pengantar Uji Untuk Pendaftaran Baru/Ulang Genap/Penambahan Pro,2019,2024,a5a2f54e-db06-45ca-acd3-bf7db4701956
SoluMAG,,PT.MEROKE TETAP JAYA,Kieserite (Tepung),Tepung,Krem,An-organik - Pengantar Uji Untuk Pendaftaran Baru/Ulang Genap/Penambahan Pro,2019,2024,a5a2f54e-db06-45ca-acd3-bf7db4701956
NEO PROMESS,,UD. PRIMAGRO,Mikro Majemuk Cair,Cair,Biru,An-organik - Pengantar Uji Untuk Pendaftaran Baru/Ulang Genap/Penambahan Pro,2019,2024,baac0661-9be3-424a-bc02-ddb660bcb827
TIAHARA,04.03.2020.041,CV. Mutiara Agro Persada,Pembenah Tanah Kapur Pertanian,Tepung,Putih,Organik/Hayati/Pembenah Tanah - Pendaftaran Baru,2019,2024,b4ab1ac15eb726b148e0611f799090fc1715
PUPINDO,01.01.2020.095,PT. Dupan Anugerah Lestari,NPK Padat (SNI),Butiran,Abu-abu,An-organik - Pendaftaran Baru (2018),2020,2025,8e9c7bdb-074f-49e2-8e4b-1ca4e945368c
PUPINDO,01.01.2020.095,PT. Dupan Anugerah Lestari,NPK Padat (SNI),Butiran,Abu-abu,An-organik - Pendaftaran Baru (2018),2020,2025,8e9c7bdb-074f-49e2-8e4b-1ca4e945368c
maxgrow,01.01.2020.107,PT. Parama Agroindustri Danapati,Potassium Nitrat,Butiran,Merah,An-organik - Pendaftaran Baru (2018),2020,2025,8e2f672b-5bfd-462c-be7b-b188c1930e15
maxgrow,01.01.2020.107,PT. Parama Agroindustri Danapati,Potassium Nitrat,Butiran,Merah,An-organik - Pendaftaran Baru (2018),2020,2025,8e2f672b-5bfd-462c-be7b-b188c1930e15
maxgrow,01.08.2020.106,PT. Parama Agroindustri Danapati,Mono Potassium Phosphate,Kristal,Putih,An-organik - Pendaftaran Baru (2018),2020,2025,8e2f672b-5bfd-462c-be7b-b188c1930e15
maxgrow,01.08.2020.106,PT. Parama Agroindustri Danapati,Mono Potassium Phosphate,Kristal,Putih,An-organik - Pendaftaran Baru (2018),2020,2025,8e2f672b-5bfd-462c-be7b-b188c1930e15
MerokeMIKRO,01.03.2016.186,PT.MEROKE TETAP JAYA,Mikro Tunggal,Tepung,Putih,An-organik - Pendaftaran Baru (2018),2020,2025,a5a2f54e-db06-45ca-acd3-bf7db4701956
MerokeMIKRO,01.03.2016.186,PT.MEROKE TETAP JAYA,Mikro Tunggal,Tepung,Putih,An-organik - Pendaftaran Baru (2018),2020,2025,a5a2f54e-db06-45ca-acd3-bf7db4701956
COMPACTION DGW,01.01.2020.104,PT. Hextar Fertilizer Indonesia,Potassium Nitrat,Butiran,Coklat Kemerahan,An-organik - Pendaftaran Baru (2018),2020,2025,c8a04f82-4325-438e-b9a9-fbd339f00068
COMPACTION DGW,01.01.2020.104,PT. Hextar Fertilizer Indonesia,Potassium Nitrat,Butiran,Coklat Kemerahan,An-organik - Pendaftaran Baru (2018),2020,2025,c8a04f82-4325-438e-b9a9-fbd339f00068
MULYA,,PT. Setia Bersama,NPK Padat (SNI),Butiran,"Merah, Biru",An-organik - Pengantar Uji Untuk Pendaftaran Baru/Ulang Genap/Penambahan Pro,2019,2024,9ed5673d-0e54-4116-8568-9395ad7c1d96
Mahkota,01.03.2019.132,PT. WILMAR CHEMICAL INDONESIA,Fosfat Alam untuk Pertanian (SNI),Butiran,Kuning Kecoklatan ,An-organik - Pendaftaran Baru (2018),2019,2024,f46679f0-5a47-4d85-97e4-cd22abc7bb79
LOF Liquid Organic Farm,03.02.2019.127,CV. DELTA FORTUNA,hayati,Cair,Coklat kehitaman,Organik/Hayati/Pembenah Tanah - Pendaftaran Baru,2019,2024,24144672-08ad-4622-b629-9abdfad5f846
KEBOMAS,01.01.2019.155,PT Petrokimia Gresik,NPK Padat (SNI),Butiran,Coklat Keabuan,An-organik - Pendaftaran Baru (2018),2019,2024,8259c7aa7427a3aafbc56ffd00cff00e3021
FERTINDO,,PT. Anugerah Pupuk Lestari,NPK Padat (SNI),Butiran,Abu-Abu,An-organik - Pengantar Uji Untuk Pendaftaran Baru/Ulang Genap/Penambahan Pro,2019,2024,a800e216-70e6-46da-bfd0-ba425ecc775e
Mahkota,01.01.2019.126,PT. WILMAR CHEMICAL INDONESIA,Diammonium Phosphate,Butiran,Kuning Kecoklatan,An-organik - Pendaftaran Baru (2018),2019,2024,f46679f0-5a47-4d85-97e4-cd22abc7bb79
SEMESTA,,PT. SEMESTA JAYA ABADI,an-organik,Serbuk,Merah,An-organik - Pendaftaran Ulang Ganjil,2019,2024,370a20b1-9b92-4ff8-8c12-2d5c2e806f4d
PULLET,,PT. Polowijo Gosari,NPK Padat (SNI),Butiran,Abu-Abu Kehitaman,An-organik - Pengantar Uji Untuk Pendaftaran Baru/Ulang Genap/Penambahan Pro,2019,2024,a2f15a6c-10a0-4312-90e4-fc3075df8621
ENZYLAW,02.02.2020.018,CV. KUJANG MAS AGRO KENCANA,organik,Cair,Putih Susu,Organik/Hayati/Pembenah Tanah - Pendaftaran Baru,2019,2024,b4ab1ac15eb726b148e0611f799090fc2139
Pamafert,,PT SRI REJEKI FERTILIZER,NPK Padat (SNI),Tablet,Merah muda,An-organik - Pengantar Uji Untuk Pendaftaran Baru/Ulang Genap/Penambahan Pro,2019,2024,27cfeb4c6002d05cdab676e5d69c7aaa8820
MITRA BUAH,01.01.2019.130,PT. MITRA FINEX ANTARNUSA,Potassium Nitrat,Butiran,putiih crystal,An-organik - Pendaftaran Baru (2018),2019,2024,610af4e9-992e-4789-8c39-f4d61f2610d6
FERTIPHOS,,CV. SAPROTAN UTAMA,Fosfat Alam untuk Pertanian (SNI),Butiran,"Abu-abu, Hitam",An-organik - Pengantar Uji Untuk Pendaftaran Baru/Ulang Genap/Penambahan Pro,2019,2024,32a5fc08-615e-4849-9010-dfc08eaec4e8
MerokeSOP,,PT.MEROKE TETAP JAYA,Kalium Sulfat,Tepung,Krem,An-organik - Pengantar Uji Untuk Pendaftaran Baru/Ulang Genap/Penambahan Pro,2019,2024,a5a2f54e-db06-45ca-acd3-bf7db4701956
MerokeMKP,,PT.MEROKE TETAP JAYA,Mono Potassium Phosphate,Tepung,Putih,An-organik - Pengantar Uji Untuk Pendaftaran Baru/Ulang Genap/Penambahan Pro,2019,2024,a5a2f54e-db06-45ca-acd3-bf7db4701956
SIDO KAYA,02.02.2019.172,CV. Rejeki Lumintu Makmur,organik,Cair,Coklat Kehitam-hitaman,Organik/Hayati/Pembenah Tanah - Pendaftaran Baru,2019,2024,3e2f43c408ff7cb7d2d6ec3c1188558f4699
SIDO JAYA,02.01.2019.173,CV. Rejeki Lumintu Makmur,organik,Butiran,Hitam Keabu-abuan,Organik/Hayati/Pembenah Tanah - Pendaftaran Baru,2019,2024,3e2f43c408ff7cb7d2d6ec3c1188558f4699
Ferti Best,,PT. Agro Berjaya Nusantara,NPK Padat (SNI),Butiran,"Coklat, Merah",An-organik - Pengantar Uji Untuk Pendaftaran Baru/Ulang Genap/Penambahan Pro,2019,2024,02affaf0-6a1d-44d6-86cb-fca5d343fbe5
TEMBUS,01.02.2019.131,PT. RIZKY FAJAR AGRO,NPK Cair,Cair,Hijau,An-organik - Pendaftaran Baru (2018),2019,2024,e48de99d-005d-43b8-89e6-2d174382adf4
BASACOTE,01.01.2019.181,PT. BEHN MEYER AGRICARE,NPK Padat (SNI),Butiran,Hijau,An-organik - Pendaftaran Baru (2018),2019,2024,3d48529b-97aa-48d6-b6ad-cbfa089183bc
java ion+,,CV. Javamas Agrophos,NPK Padat (SNI),Butiran,Hitam,An-organik - Pengantar Uji Untuk Pendaftaran Baru/Ulang Genap/Penambahan Pro,2019,2024,d11b4e0a-abe0-4596-b690-29afc25e93c7
MAGNESIUM SULFATE PAK TANI,01.08.2019.372,CV. SAPROTAN UTAMA,Magnesium Sulphate,Kristal,Putih,An-organik - Pendaftaran Baru (2018),2019,2024,32a5fc08-615e-4849-9010-dfc08eaec4e8
Daun Sawit,,PT. Multi Mas Chemindo,an-organik,Butiran,Putih Keabu-abuan,An-organik - Pendaftaran Ulang Ganjil,2019,2024,fbdb0e81-027b-4762-b83e-25caf0314a73
FERTIBIO,02.01.2020.048,CV. SAPROTAN UTAMA,organik,Butiran,Abu-abu,Organik/Hayati/Pembenah Tanah - Pendaftaran Ulang Genap,2019,2024,32a5fc08-615e-4849-9010-dfc08eaec4e8
TRIPOSKAP,04.01.2019.169,PT. Mitra Gresik Indonesia,Pembenah Tanah Kapur Pertanian,Butiran,"Merah, Biru dan Putih",Organik/Hayati/Pembenah Tanah - Pendaftaran Baru,2019,2024,3e2f43c408ff7cb7d2d6ec3c1188558f1581
HENS,02.02.2019.149,PT. Aneka Nutrisi Global Indonesia,organik,Cair,Coklat,Organik/Hayati/Pembenah Tanah - Pendaftaran Baru,2019,2024,3e2f43c408ff7cb7d2d6ec3c1188558f3829
Cap Tani Jaya,01.01.2019.156,PT. BUMI TANI SUBUR,Pupuk Kieserite,Butiran,Putih,An-organik - Pendaftaran Baru (2018),2019,2024,387a06a8-1438-40b9-a985-7a5799ebc9d7
LOONGZOU,01.01.2019.141,PT. Sasco Indonesia,Kalium Klorida (KCL) (SNI),Butiran,Merah Jambu,An-organik - Pendaftaran Baru (2018),2019,2024,5f3559b5-945e-4d3a-9fe9-b4a089c200fa
Daun Sawit,,PT. Multi Mas Chemindo,an-organik,Butiran,Kecoklatan/kekuningan,An-organik - Pendaftaran Ulang Ganjil,2019,2024,fbdb0e81-027b-4762-b83e-25caf0314a73
Mahkota,,PT. WILMAR CHEMICAL INDONESIA,an-organik,Butiran,Putih,An-organik - Pendaftaran Ulang Ganjil,2019,2024,f46679f0-5a47-4d85-97e4-cd22abc7bb79
Fertitani,,PT. AGRITANI MAKMUR MANDIRI,organik,,,Organik/Hayati/Pembenah Tanah - Pengalihan Nomor Pendaftaran,2019,2024,deb573fa-72a4-4d11-ad7f-a8b13f179dee
Mentari,,PT. Permata Agro Persada,,Butiran,Abu-abu kehitaman,An-organik - Pengantar Uji Untuk Pendaftaran Baru/Ulang Genap/Penambahan Pro,2019,2024,d6995698-8fd6-4d4e-81b6-f09a2d303f26
BUNGA TULIP,,PT. FERTA INDONESIA PERSADA,,Butiran,Merah Keabuan,An-organik - Pengantar Uji Untuk Pendaftaran Baru/Ulang Genap/Penambahan Pro,2019,2024,8e6adc29-176f-4aeb-bdca-56603eb7f8d9
ECO FARMING,02.08.2020.005,PT. Bandung Inovasi Organik,organik,Briket,Coklat kehitaman,Organik/Hayati/Pembenah Tanah - Pendaftaran Baru,2019,2024,92072b54-e4a0-496a-be11-e79e9804997b
Chelated Ferum,01.01.2020.023,PT. Sumber Agrindo Sejahtera,Ferum (Fe) 25%,Butiran,Coklat ,An-organik - Pendaftaran Baru (2018),2019,2024,b88628b5-7363-486a-a595-71f60f2f8fe0
Fertitani,,PT. AGRITANI MAKMUR MANDIRI,organik,,,Organik/Hayati/Pembenah Tanah - Pengalihan Nomor Pendaftaran,2019,2024,deb573fa-72a4-4d11-ad7f-a8b13f179dee
MEKARINDO,,PT. Cipta Makmur Pertiwi,an-organik,,,An-organik - Pengalihan Nomor Pendaftaran,2019,2024,3f95834b-f146-496b-b46a-f6bf85ce6e69
LAO YING,01.01.2019.179,PT. MEST INDONESIY,NPK Padat (SNI),Padat Butiran,Merah/Pink,An-organik - Pendaftaran Baru (2018),2019,2024,bb03ab12-99e8-46cb-91a4-f237f3ce0ffd
Dunia Subur,,PT Dunia Kimia Jaya,an-organik,Tepung,Putih,An-organik - Pendaftaran Ulang Ganjil,2019,2024,c3df80ed-2fc2-4840-94c4-121220e22e86
PRIMAVIT,,UD. PRIMAGRO,NPK Padat (SNI),Butiran,Biru,An-organik - Pengantar Uji Untuk Pendaftaran Baru/Ulang Genap/Penambahan Pro,2019,2024,baac0661-9be3-424a-bc02-ddb660bcb827
JAPPER,01.02.2019.158,CV.Sekar Sari,NPK Cair,Cair,Hijau,An-organik - Pendaftaran Baru (2018),2019,2024,80dfb013-3002-4b2f-a595-16b0efbb9269
KURNIAGANIK,02.01.2020.054,PT. Tiara Kurnia,organik,Butiran,Coklat Kehitaman,Organik/Hayati/Pembenah Tanah - Pendaftaran Baru,2019,2024,3e2f43c408ff7cb7d2d6ec3c1188558f1735
Kemala,02.08.2019.165,PT. Persada Pupuk Indonesia,organik,Remah,Hitam Kecoklatan,Organik/Hayati/Pembenah Tanah - Pendaftaran Baru,2019,2024,22ddd2c0-d0f6-4161-bd90-fd140bc2ac32
MEKARINDO,,PT. Cipta Makmur Pertiwi,NPK Padat (SNI),Butiran,"Merah, Biru",An-organik - Pengantar Uji Untuk Pendaftaran Baru/Ulang Genap/Penambahan Pro,2019,2024,3f95834b-f146-496b-b46a-f6bf85ce6e69
MerokeMIKRO,,PT.MEROKE TETAP JAYA,Mikro Tunggal Zn,Tepung,Putih,An-organik - Pengantar Uji Untuk Pendaftaran Baru/Ulang Genap/Penambahan Pro,2019,2024,a5a2f54e-db06-45ca-acd3-bf7db4701956
Daun Sawit,,PT. Multi Mas Chemindo,Ammonium chlorida,Prill,Putih,An-organik - Pengantar Uji Untuk Pendaftaran Baru/Ulang Genap/Penambahan Pro,2019,2024,fbdb0e81-027b-4762-b83e-25caf0314a73
NPK PIM,,PT Pupuk Iskandar Muda,NPK Padat (SNI),Butiran,hijau,An-organik - Pengantar Uji Untuk Pendaftaran Baru/Ulang Genap/Penambahan Pro,2019,2024,44888217f0464d617d930bb0abffc3b12168
LAO YING,01.01.2019.193,PT. MEST INDONESIY,NPK Padat (SNI),Butiran,Pink / Hijau,An-organik - Pendaftaran Baru (2018),2019,2024,bb03ab12-99e8-46cb-91a4-f237f3ce0ffd
Mahkota,,PT. WILMAR CHEMICAL INDONESIA,NPK Padat (SNI),Butiran,Biru,An-organik - Pengantar Uji Untuk Pendaftaran Baru/Ulang Genap/Penambahan Pro,2019,2024,f46679f0-5a47-4d85-97e4-cd22abc7bb79
CAHAYA GEMILANG,01.07.2019.154,PT. SUBUR INDAH SUKSES GEMILANG,NPK Padat (SNI),Pelet,COKLAT TUA,An-organik - Pendaftaran Baru (2018),2019,2024,9c904837818647860f244e4c1580dbf82316
NPK PIM,,PT Pupuk Iskandar Muda,NPK Padat (SNI),Butiran,hijau,An-organik - Pengantar Uji Untuk Pendaftaran Baru/Ulang Genap/Penambahan Pro,2019,2024,44888217f0464d617d930bb0abffc3b12168
NPK PIM,,PT Pupuk Iskandar Muda,NPK Padat (SNI),Butiran,hijau,An-organik - Pengantar Uji Untuk Pendaftaran Baru/Ulang Genap/Penambahan Pro,2019,2024,44888217f0464d617d930bb0abffc3b12168
NPK PIM,,PT Pupuk Iskandar Muda,NPK Padat (SNI),Butiran,hijau,An-organik - Pengantar Uji Untuk Pendaftaran Baru/Ulang Genap/Penambahan Pro,2019,2024,44888217f0464d617d930bb0abffc3b12168
KANCIL EMAS,01.01.2019.189,PT. SANLEX MALINDO,NPK Padat (SNI),Padat Butiran,Merah / Pink,An-organik - Pendaftaran Baru (2018),2019,2024,46eccec8-2718-4ecf-82b0-d69f6c5a43e9
KANCIL EMAS,01.01.2019.178,PT. SANLEX MALINDO,NPK Padat (SNI),Padat Butiran,Hijau / Pink,An-organik - Pendaftaran Baru (2018),2019,2024,46eccec8-2718-4ecf-82b0-d69f6c5a43e9
KANCIL EMAS,,PT. SANLEX MALINDO,NPK Padat (SNI),Butiran,Coklat,An-organik - Pengantar Uji Untuk Pendaftaran Baru/Ulang Genap/Penambahan Pro,2019,2024,46eccec8-2718-4ecf-82b0-d69f6c5a43e9
MerokeZA,,PT.MEROKE TETAP JAYA,Amonium Sulfat (ZA) (SNI) ,Tepung,Putih,An-organik - Pengantar Uji Untuk Pendaftaran Baru/Ulang Genap/Penambahan Pro,2019,2024,a5a2f54e-db06-45ca-acd3-bf7db4701956
BUAMAX,,PT. HANAMPI SEJAHTERA KAHURIPAN,NPK Padat (SNI),Butiran,"Abu-abu, Merah, Coklat, Biru",An-organik - Pengantar Uji Untuk Pendaftaran Baru/Ulang Genap/Penambahan Pro,2019,2024,ab602e40-08fa-483a-a5f6-66810d0530e3
CAP DAUN,,PT. AGRO TRADISI,an-organik,Butiran,Merah/Putih,An-organik - Pendaftaran Ulang Ganjil,2019,2024,0c0eb372-bad4-47dc-b7e1-4fb2e186274c
KINCIR,,CV. Jaya Makmur Sentausa,NPK Cair,Cair,Merah Muda,An-organik - Pengantar Uji Untuk Pendaftaran Baru/Ulang Genap/Penambahan Pro,2019,2024,3e2f43c408ff7cb7d2d6ec3c1188558f6409
SEMESTA,,PT. SEMESTA JAYA ABADI,an-organik,Tepung,Putih,An-organik - Pendaftaran Ulang Ganjil,2019,2024,370a20b1-9b92-4ff8-8c12-2d5c2e806f4d
AGROBLEN,01.01.2019157,PT. Agrotama Tunas Sarana,NPK Padat (SNI),Butiran,Coklat,An-organik - Pendaftaran Baru (2018),2019,2024,83c743cb-4ec1-4b82-ae85-3a1f26750e30
LAO YING,,PT. MEST INDONESIY,NPK Padat (SNI),Kristal / Butiran,Hijau,An-organik - Pengantar Uji Untuk Pendaftaran Baru/Ulang Genap/Penambahan Pro,2019,2024,bb03ab12-99e8-46cb-91a4-f237f3ce0ffd
PELANGI,01.01.2019.238,PT Pupuk Kalimantan Timur,NPK Padat (SNI),Butiran,Warna-warni,An-organik - Pendaftaran Baru (2018),2019,2024,3af996a5b19bf8ac5db58137d8d1afed4892
MerokeKALINITRA,,PT.MEROKE TETAP JAYA,Potassium Nitrat,Kristal,Putih,An-organik - Pengantar Uji Untuk Pendaftaran Baru/Ulang Genap/Penambahan Pro,2019,2024,a5a2f54e-db06-45ca-acd3-bf7db4701956
MerokeMOP,,PT.MEROKE TETAP JAYA,Kalium Klorida (KCL) (SNI),Tepung,"Merah Muda, Putih",An-organik - Pengantar Uji Untuk Pendaftaran Baru/Ulang Genap/Penambahan Pro,2019,2024,a5a2f54e-db06-45ca-acd3-bf7db4701956
LAO YING,,PT. MEST INDONESIY,NPK Padat (SNI),Butiran,Merah,An-organik - Pengantar Uji Untuk Pendaftaran Baru/Ulang Genap/Penambahan Pro,2019,2024,bb03ab12-99e8-46cb-91a4-f237f3ce0ffd
LAO YING,,PT. MEST INDONESIY,NPK Padat (SNI),Butiran,Orange,An-organik - Pengantar Uji Untuk Pendaftaran Baru/Ulang Genap/Penambahan Pro,2019,2024,bb03ab12-99e8-46cb-91a4-f237f3ce0ffd
CAP DAUN,,PT. AGRO TRADISI,Amonium Sulfat (ZA) (SNI) ,Kristal,Putih,An-organik - Pengantar Uji Untuk Pendaftaran Baru/Ulang Genap/Penambahan Pro,2019,2024,0c0eb372-bad4-47dc-b7e1-4fb2e186274c
SoluMAG,01.03.2019.171,PT.MEROKE TETAP JAYA,Makro Sekunder Majemuk,Tepung,Putih,An-organik - Pendaftaran Baru (2018),2019,2024,a5a2f54e-db06-45ca-acd3-bf7db4701956
CAP DAUN,,PT. AGRO TRADISI,an-organik,Tepung,Merah/Putih,An-organik - Pendaftaran Ulang Ganjil,2019,2024,0c0eb372-bad4-47dc-b7e1-4fb2e186274c
LAO YING,,PT. MEST INDONESIY,NPK Padat (SNI),Butiran,Biru,An-organik - Pengantar Uji Untuk Pendaftaran Baru/Ulang Genap/Penambahan Pro,2019,2024,bb03ab12-99e8-46cb-91a4-f237f3ce0ffd
Agro Activa Compounds,,PT. AGRO TRADISI,NPK Padat (SNI),Butiran,Coklat,An-organik - Pengantar Uji Untuk Pendaftaran Baru/Ulang Genap/Penambahan Pro,2019,2024,0c0eb372-bad4-47dc-b7e1-4fb2e186274c
LAO YING,,PT. MEST INDONESIY,NPK Padat (SNI),Butiran,Hijau,An-organik - Pengantar Uji Untuk Pendaftaran Baru/Ulang Genap/Penambahan Pro,2019,2024,bb03ab12-99e8-46cb-91a4-f237f3ce0ffd
Agro Activa Compounds,,PT. AGRO TRADISI,NPK Padat (SNI),Butiran,Coklat,An-organik - Pengantar Uji Untuk Pendaftaran Baru/Ulang Genap/Penambahan Pro,2019,2024,0c0eb372-bad4-47dc-b7e1-4fb2e186274c
Agro Activa Compounds,,PT. AGRO TRADISI,NPK Padat (SNI),Butiran,Coklat,An-organik - Pengantar Uji Untuk Pendaftaran Baru/Ulang Genap/Penambahan Pro,2019,2024,0c0eb372-bad4-47dc-b7e1-4fb2e186274c
Mahkota,,PT. WILMAR CHEMICAL INDONESIA,an-organik,Butiran,Putih,An-organik - Pendaftaran Ulang Ganjil,2019,2024,f46679f0-5a47-4d85-97e4-cd22abc7bb79
ZEGROLIT - 2,04.01.2019.161,CV MARZUQ,Pembenah Tanah Zeolit,Butiran,Hijau - Abu abu,Organik/Hayati/Pembenah Tanah - Pendaftaran Ulang Genap,2019,2024,3e2f43c408ff7cb7d2d6ec3c1188558f5184
Mahkota,,PT. WILMAR CHEMICAL INDONESIA,Amonium Sulfat (ZA) (SNI) ,Butiran,Putih,An-organik - Pengantar Uji Untuk Pendaftaran Baru/Ulang Genap/Penambahan Pro,2019,2024,f46679f0-5a47-4d85-97e4-cd22abc7bb79
Bio Farming,02.08.2020.053,PT. Bandung Inovasi Organik,organik,Briket,Coklat kehitaman,Organik/Hayati/Pembenah Tanah - Pendaftaran Baru,2019,2024,92072b54-e4a0-496a-be11-e79e9804997b
CAPING TANI PLUS,,CV. Rahma Jaya,NPK Padat (SNI),Butiran,"Merah, Biru",An-organik - Pengantar Uji Untuk Pendaftaran Baru/Ulang Genap/Penambahan Pro,2019,2024,540a9037-4a70-48e7-a6f2-9e3de10a3f72
SUPER FARM,,PT.Greenland Agrotech Industries,an-organik,,,An-organik - Pengalihan Nomor Pendaftaran,2019,2024,51b2ca2e-9492-41b0-815b-f6b504a948fe
MerokeMIKRO,,PT.MEROKE TETAP JAYA,Mikro Tunggal ,Tepung,Merah Kehitaman,An-organik - Pengantar Uji Untuk Pendaftaran Baru/Ulang Genap/Penambahan Pro,2019,2024,a5a2f54e-db06-45ca-acd3-bf7db4701956
FENG SHOU,03.02.2020.063,PT Greenlife Bioscience,hayati,Cair,Coklat,Organik/Hayati/Pembenah Tanah - Pendaftaran Ulang Genap,2019,2024,2de0c443-bec5-4535-b71e-c2d933b778a7
KANCIL EMAS,,PT. SANLEX MALINDO,NPK Padat (SNI),Butiran,Coklat,An-organik - Pengantar Uji Untuk Pendaftaran Baru/Ulang Genap/Penambahan Pro,2019,2024,46eccec8-2718-4ecf-82b0-d69f6c5a43e9
KANCIL EMAS,,PT. SANLEX MALINDO,NPK Padat (SNI),Butiran,Coklat,An-organik - Pengantar Uji Untuk Pendaftaran Baru/Ulang Genap/Penambahan Pro,2019,2024,46eccec8-2718-4ecf-82b0-d69f6c5a43e9
KANCIL EMAS,,PT. SANLEX MALINDO,NPK Padat (SNI),Butiran,Coklat,An-organik - Pengantar Uji Untuk Pendaftaran Baru/Ulang Genap/Penambahan Pro,2019,2024,46eccec8-2718-4ecf-82b0-d69f6c5a43e9
MerokeMIKRO,,PT.MEROKE TETAP JAYA,Mikro Tunggal Fe,Tepung,Kuning,An-organik - Pengantar Uji Untuk Pendaftaran Baru/Ulang Genap/Penambahan Pro,2019,2024,a5a2f54e-db06-45ca-acd3-bf7db4701956
MerokeMIKRO,,PT.MEROKE TETAP JAYA,Mikro Tunggal Cu,Tepung,Biru,An-organik - Pengantar Uji Untuk Pendaftaran Baru/Ulang Genap/Penambahan Pro,2019,2024,a5a2f54e-db06-45ca-acd3-bf7db4701956
KANCIL EMAS,,PT. SANLEX MALINDO,NPK Padat (SNI),Butiran,Pink,An-organik - Pengantar Uji Untuk Pendaftaran Baru/Ulang Genap/Penambahan Pro,2019,2024,46eccec8-2718-4ecf-82b0-d69f6c5a43e9
KANCIL EMAS,,PT. SANLEX MALINDO,NPK Padat (SNI),Butiran,Pink / Putih,An-organik - Pengantar Uji Untuk Pendaftaran Baru/Ulang Genap/Penambahan Pro,2019,2024,46eccec8-2718-4ecf-82b0-d69f6c5a43e9
Hi Gro Bio,,PT AGRI HIKAY INDONESIA,NP ,Butiran,Putih Kemerahan,An-organik - Pengantar Uji Untuk Pendaftaran Baru/Ulang Genap/Penambahan Pro,2019,2024,75658255-78a9-4b9c-8b03-d0058ad4f61c
KANCIL EMAS,,PT. SANLEX MALINDO,NPK Padat (SNI),Butiran,Pink,An-organik - Pengantar Uji Untuk Pendaftaran Baru/Ulang Genap/Penambahan Pro,2019,2024,46eccec8-2718-4ecf-82b0-d69f6c5a43e9
KANCIL EMAS,,PT. SANLEX MALINDO,Amonium Sulfat (ZA) (SNI) ,Butiran,Putih / Kekuningan,An-organik - Pengantar Uji Untuk Pendaftaran Baru/Ulang Genap/Penambahan Pro,2019,2024,46eccec8-2718-4ecf-82b0-d69f6c5a43e9
CAP BUNGA MERAH,,PT AGRI HIKAY INDONESIA,NK,Butiran,Putih Kemerahan,An-organik - Pengantar Uji Untuk Pendaftaran Baru/Ulang Genap/Penambahan Pro,2019,2024,75658255-78a9-4b9c-8b03-d0058ad4f61c
CropCheck Coppergro,,PT CROP CHECK INDONESIA,,Cair,Biru-hijau,An-organik - Pengantar Uji Untuk Pendaftaran Baru/Ulang Genap/Penambahan Pro,2019,2024,6d30acb3-4780-4588-859c-dc59523412c4
PN PAK TANI,01.05.2019.172,CV. SAPROTAN UTAMA,KNO3,Prill,Putih,An-organik - Pendaftaran Baru (2018),2019,2024,32a5fc08-615e-4849-9010-dfc08eaec4e8
DAUN SAWIT,,PT. Multi Mas Chemindo,,Butiran,Merah,An-organik - Pengantar Uji Untuk Pendaftaran Baru/Ulang Genap/Penambahan Pro,2019,2024,fbdb0e81-027b-4762-b83e-25caf0314a73
PETROGANIK PREMIUM,,PT Petrokimia Gresik,organik,Butiran,Hitam Kecoklatan,Organik/Hayati/Pembenah Tanah - Pendaftaran Ulang Ganjil,2019,2024,8259c7aa7427a3aafbc56ffd00cff00e3021
LO VIRGINIA INDONESIA,,CV. SAPROTAN UTAMA,an-organik,Butiran,Putih Krem,An-organik - Pendaftaran Ulang Ganjil,2019,2024,32a5fc08-615e-4849-9010-dfc08eaec4e8
LO BURLEY INDONESIA,,CV. SAPROTAN UTAMA,an-organik,Butiran,Abu-abu,An-organik - Pendaftaran Ulang Ganjil,2019,2024,32a5fc08-615e-4849-9010-dfc08eaec4e8
SP-TRO 36,,PT. Centra Agro Pratama,Pembenah Tanah Dolomit,Butiran,Merah dan Biru,Organik/Hayati/Pembenah Tanah - Pendaftaran Ulang Ganjil,2019,2024,27cfeb4c6002d05cdab676e5d69c7aaa2410
ZAMRUD,,CV. Varia Chemika,an-organik,,,An-organik - Pengalihan Nomor Pendaftaran,2019,2024,da47b98e-6770-49fb-b35d-bacab553369c
SANTAGROW,,PT. SANTANI SEJAHTERA,an-organik,Tepung,Putih,An-organik - Pendaftaran Ulang Ganjil,2019,2024,32a43c35-1ca5-4049-9b9a-d322ab71b496
SamhumaT,02.03.2020.038,PT. Artha Prima Humatindo,organik,Tepung,Hitam,Organik/Hayati/Pembenah Tanah - Pendaftaran Baru,2019,2024,b59cc7bf-c872-4654-99a8-a56418f09065
PLANTAFOL,,PT. Winon International,an-organik,Tepung,Putih,An-organik - Pendaftaran Ulang Ganjil,2019,2024,6395efef-31f0-4019-acd2-84e790a7cd2a
PLANTAFOL,,PT. Winon International,an-organik,Butiran,Putih,An-organik - Pendaftaran Ulang Ganjil,2019,2024,6395efef-31f0-4019-acd2-84e790a7cd2a
ZAMRUD,,CV. Varia Chemika,an-organik,,,An-organik - Pengalihan Nomor Pendaftaran,2019,2024,da47b98e-6770-49fb-b35d-bacab553369c
Pusri,01.01.2019.229,PT PUPUK SRIWIDJAJA PALEMBANG,NPK Padat (SNI),Butiran,"Biru, Coklat Kemerahan, Coklat, Abu-Abu",An-organik - Pendaftaran Baru (2018),2019,2024,0c496ac58b4898b510132b58728761672643
BAPAK IBU TANI,,CV. Mulyo Tani Makmur,an-organik,Butiran,Biru,An-organik - Pendaftaran Ulang Ganjil,2019,2024,8be21e9c-b423-4467-bc20-d8b594535708
How Harvet,02.02.2020.045,PT. SAFE CHEMICAL INDONESIA,organik,Cair,Hijau tua,Organik/Hayati/Pembenah Tanah - Pendaftaran Ulang Genap,2019,2024,84a65a5e-7d8d-44ff-8b39-ed4cfc73c39b
MS-MUJI SYUKUR,,CV. MITRA AGRO SENTOSA,Super Fosfat (SP-36) (SNI),Butiran,Abu-Abu,An-organik - Pengantar Uji Untuk Pendaftaran Baru/Ulang Genap/Penambahan Pro,2019,2024,2004b629430939f680b316dd09563d4d5369
O-JIRO,02.02.2019.162,CV. Agro Lestari,organik,Cair,Coklat Kehitaman,Organik/Hayati/Pembenah Tanah - Pendaftaran Baru,2019,2024,5335168b024c72b9580fecb20d69820f3282
MerokeMOP,01.03.2018.254,PT.MEROKE TETAP JAYA,Kalium Klorida (KCL) (SNI),Tepung,"Merah Muda, Putih",An-organik - Pendaftaran Baru (2018),2019,2024,a5a2f54e-db06-45ca-acd3-bf7db4701956
KEPALA GUDEL,,CV. Sumber Rejeki,an-organik,Butiran,Abu-Abu,An-organik - Pendaftaran Ulang Ganjil,2019,2024,6e4f6563-c843-4327-a5cd-77004331079d
CAP DAUN,,PT. AGRO TRADISI,NK,Butiran,Orange,An-organik - Pengantar Uji Untuk Pendaftaran Baru/Ulang Genap/Penambahan Pro,2019,2024,0c0eb372-bad4-47dc-b7e1-4fb2e186274c
KEBOMAS,,PT Petrokimia Gresik,an-organik,Butiran,Biru dan Cokelat Keabuan,An-organik - Pendaftaran Ulang Ganjil,2020,2025,8259c7aa7427a3aafbc56ffd00cff00e3021
BASAL NPK,,CV. SAPROTAN UTAMA,an-organik,Butiran,Putih Krem,An-organik - Pendaftaran Ulang Ganjil,2019,2024,32a5fc08-615e-4849-9010-dfc08eaec4e8
BASAL NPK,,CV. SAPROTAN UTAMA,an-organik,Butiran,Abu-abu,An-organik - Pendaftaran Ulang Ganjil,2019,2024,32a5fc08-615e-4849-9010-dfc08eaec4e8
FERTILA,,CV. SAPROTAN UTAMA,an-organik,Butiran,Abu-abu,An-organik - Pendaftaran Ulang Ganjil,2019,2024,32a5fc08-615e-4849-9010-dfc08eaec4e8
FERTILA,,CV. SAPROTAN UTAMA,an-organik,Butiran,Abu-abu,An-organik - Pendaftaran Ulang Ganjil,2019,2024,32a5fc08-615e-4849-9010-dfc08eaec4e8
GEMBUR,02.03.2020.084,CV. PANTRAS AGROLESTRI,organik,Tepung,Cokelat,Organik/Hayati/Pembenah Tanah - Pendaftaran Baru,2019,2024,1b401ddb-046d-4732-ab67-6ff9fdc85a4f
LAO YING,,PT. MEST INDONESIY,Triple Super Fosfat (TSP) (SNI),Padat Butiran,"Putih Keabuan, Hitam",An-organik - Pengantar Uji Untuk Pendaftaran Baru/Ulang Genap/Penambahan Pro,2019,2024,bb03ab12-99e8-46cb-91a4-f237f3ce0ffd
MICROGEN,01.01.2020.092,PT. AGROINDO,Mikro Majemuk,Butiran,Coklat,An-organik - Pendaftaran Baru (2018),2019,2024,025d90e3-62eb-4752-9e6c-40d080d9099c
ELEMENTO,01.01.2020.093,PT. AGROINDO,Mikro Majemuk,Butiran,Coklat,An-organik - Pendaftaran Baru (2018),2019,2024,025d90e3-62eb-4752-9e6c-40d080d9099c
ELEMENTO,01.01.2020.093,PT. AGROINDO,Mikro Majemuk,Butiran,Coklat,An-organik - Pendaftaran Baru (2018),2019,2024,025d90e3-62eb-4752-9e6c-40d080d9099c
MerokeROCK,01.03.2019.224,PT.MEROKE TETAP JAYA,Fosfat Alam untuk Pertanian (SNI),Tepung,"Coklat Muda, Coklat Kehitaman",An-organik - Pendaftaran Baru (2018),2019,2024,a5a2f54e-db06-45ca-acd3-bf7db4701956
FT,,PT. Asia Pupuk Guna Lestari,,Butiran,Merah/Orange,An-organik - Pengantar Uji Untuk Pendaftaran Baru/Ulang Genap/Penambahan Pro,2019,2024,37c98db4-a78c-45e7-9bc0-8099103a695f
ASANDAH,04.03.2020.035,CV. Agro Nusa Indah,Pembenah Tanah Dolomit,Tepung,putih,Organik/Hayati/Pembenah Tanah - Pendaftaran Ulang Genap,2019,2024,673e16e9-bbf0-4e76-86f2-0c3da479e048
DOPOS,02.01.2020.044,CV. Agro Nusa Indah,organik,Butiran,HItam Keabu-abuan,Organik/Hayati/Pembenah Tanah - Pendaftaran Ulang Genap,2019,2024,673e16e9-bbf0-4e76-86f2-0c3da479e048
PHONSKA PUPUK INDONESIA HOLDING COMPANY,,PT Pupuk Indonesia (Persero),an-organik,Butiran,"Merah Muda, Merah Kecoklatan, Coklat, Coklat Kemerahan",An-organik - Pendaftaran Ulang Ganjil,2019,2024,4a4f695d-430d-417f-83d1-4895100ae731
RIA plus ,,PT. Ria Indo Agri,an-organik,,,An-organik - Pengalihan Nomor Pendaftaran,2019,2024,367bc248-a09b-4282-97e7-9bde55edfce7
FULVITAL PLUS LIQUID,04.02.2020.073,PT. MITRA FINEX ANTARNUSA,pembenah tanah,Cair,hitam,Organik/Hayati/Pembenah Tanah - Pendaftaran Baru,2019,2024,610af4e9-992e-4789-8c39-f4d61f2610d6
RIA plus,,PT. Ria Indo Agri,an-organik,,,An-organik - Pengalihan Nomor Pendaftaran,2019,2024,367bc248-a09b-4282-97e7-9bde55edfce7
DOSDET,01.03.2019.208,CV.BUNGA TANI,Nitrogen dan Kalium (N.K ),Tepung,Biru,An-organik - Pendaftaran Baru (2018),2019,2024,3659c904-6826-4706-b1dc-ce1fa6f97f13
BLESS,,CV. Blessindo Maju Bersama,organik,,,Organik/Hayati/Pembenah Tanah - Pengalihan Nomor Pendaftaran,2019,2024,5335168b024c72b9580fecb20d69820f7694
BLESS,,CV. Blessindo Maju Bersama,organik,,,Organik/Hayati/Pembenah Tanah - Pengalihan Nomor Pendaftaran,2019,2024,5335168b024c72b9580fecb20d69820f7694
BOOSTER DGW,01.01.2017.375,PT. Hextar Fertilizer Indonesia,NPK Padat (SNI),Butiran,Coklat,An-organik - Pendaftaran Baru (2018),2019,2024,c8a04f82-4325-438e-b9a9-fbd339f00068
SEPRINT,,CV.BUNGA TANI,"Nitrogen dan Kalium (N,K)",Cair,Biru,An-organik - Pengantar Uji Untuk Pendaftaran Baru/Ulang Genap/Penambahan Pro,2019,2024,3659c904-6826-4706-b1dc-ce1fa6f97f13
COMPACTION DGW,01.01.2017.036,PT. Hextar Fertilizer Indonesia,NPK Padat (SNI),Butiran,Biru muda,An-organik - Pendaftaran Baru (2018),2019,2024,c8a04f82-4325-438e-b9a9-fbd339f00068
GOLD DGW,01.01.2017.311,PT. Hextar Fertilizer Indonesia,NPK Padat (SNI),Butiran,"Blend Putih, Hitam, Kuning, Merah",An-organik - Pendaftaran Baru (2018),2019,2024,c8a04f82-4325-438e-b9a9-fbd339f00068
URIUM,,CV.BUNGA TANI,"Nitrogen dan Kalium (N,K)",Cair,Biru,An-organik - Pengantar Uji Untuk Pendaftaran Baru/Ulang Genap/Penambahan Pro,2019,2024,3659c904-6826-4706-b1dc-ce1fa6f97f13
FT,,PT. Asia Pupuk Guna Lestari,,Butiran,Merah/Orange,An-organik - Pengantar Uji Untuk Pendaftaran Baru/Ulang Genap/Penambahan Pro,2019,2024,37c98db4-a78c-45e7-9bc0-8099103a695f
LAO YING,01.01.2019.358,PT. MEST INDONESIY,NPK Padat (SNI),Kristal / Butiran,Merah,An-organik - Pendaftaran Baru (2018),2019,2024,bb03ab12-99e8-46cb-91a4-f237f3ce0ffd
BAHARI,01.01.2019.397,CV. Jaya Tani,Fosfat Alam untuk Pertanian (SNI),Butiran,Merah; Abu-abu; Coklat,An-organik - Pendaftaran Baru (2018),2019,2024,032ec707fb856da16d592b81bfb82c3b8011
BIOMAX,01.02.2019.222,PT BIOTIS AGRINDO,SILIKA CAIR,Cair,BENING,An-organik - Pendaftaran Baru (2018),2019,2024,eb662a37-d9e8-413f-b507-8ab3b7cf9e16
SoluMAG-G,01.01.2019.215,PT.MEROKE TETAP JAYA,Makro Sekunder Majemuk,Butiran,Putih,An-organik - Pendaftaran Baru (2018),2019,2024,a5a2f54e-db06-45ca-acd3-bf7db4701956
REXGROW,,PT. Nusa Mandiri Utama,Makro - Mikro NPK + Zn - B,Cair,Transparan bening,An-organik - Pengantar Uji Untuk Pendaftaran Baru/Ulang Genap/Penambahan Pro,2019,2024,6b1a7999-7515-4097-89f6-27a8069e8d46
PETRO,,PT Petrokimia Gresik,an-organik,Tepung,Kuning Keabu-abuan,An-organik - Pendaftaran Ulang Ganjil,2019,2024,8259c7aa7427a3aafbc56ffd00cff00e3021
NPK PIM,01.01.2019.266,PT Pupuk Iskandar Muda,NPK Padat (SNI),Butiran,Hijau,An-organik - Pendaftaran Baru (2018),2019,2024,44888217f0464d617d930bb0abffc3b12168
PETROGANIK PUPUK INDONESIA HOLDING COMPANY,,PT Pupuk Indonesia (Persero),organik,Butiran,Coklat Kehitaman,Organik/Hayati/Pembenah Tanah - Pendaftaran Ulang Ganjil,2019,2024,4a4f695d-430d-417f-83d1-4895100ae731
BIANGLALA,,PT Bumi Indo Raharja,NPK Padat (SNI),Butiran,"Campuran Putih, Merah, Hitam, Coklat (Blending)",An-organik - Pengantar Uji Untuk Pendaftaran Baru/Ulang Genap/Penambahan Pro,2019,2024,931cce2c-95d5-4fc9-b377-4f8d27df795f
JUHAR,,CV. Ruthani Mandiri,PK,Padat Tepung,Kuning Kecoklatan,An-organik - Pengantar Uji Untuk Pendaftaran Baru/Ulang Genap/Penambahan Pro,2019,2024,6e505fec-8df6-405d-84f7-aa7d6cf4c633
BIANGLALA,,PT Bumi Indo Raharja,NPK Padat (SNI),Butiran,"Campuran Putih, Merah, Hitam, Coklat (Blending)",An-organik - Pengantar Uji Untuk Pendaftaran Baru/Ulang Genap/Penambahan Pro,2019,2024,931cce2c-95d5-4fc9-b377-4f8d27df795f
BIANGLALA,,PT Bumi Indo Raharja,NPK Padat (SNI),Butiran,"Campuran Putih, Merah, Hitam, Coklat (Blending)",An-organik - Pengantar Uji Untuk Pendaftaran Baru/Ulang Genap/Penambahan Pro,2019,2024,931cce2c-95d5-4fc9-b377-4f8d27df795f
BIANGLALA,,PT Bumi Indo Raharja,NPK Padat (SNI),Butiran,"Campuran Putih, Merah, Hitam, Coklat (Blending)",An-organik - Pengantar Uji Untuk Pendaftaran Baru/Ulang Genap/Penambahan Pro,2019,2024,931cce2c-95d5-4fc9-b377-4f8d27df795f
BIANGLALA,,PT Bumi Indo Raharja,NPK Padat (SNI),Butiran,"Campuran Putih, Merah, Hitam, Coklat (Blending)",An-organik - Pengantar Uji Untuk Pendaftaran Baru/Ulang Genap/Penambahan Pro,2019,2024,931cce2c-95d5-4fc9-b377-4f8d27df795f
BIANGLALA,,PT Bumi Indo Raharja,NPK Padat (SNI),Butiran,"Campuran Putih, Merah, Hitam, Coklat (Blending)",An-organik - Pengantar Uji Untuk Pendaftaran Baru/Ulang Genap/Penambahan Pro,2019,2024,931cce2c-95d5-4fc9-b377-4f8d27df795f
BIANGLALA,,PT Bumi Indo Raharja,NPK Padat (SNI),Butiran,"Campuran Putih, Merah, Hitam, Coklat (Blending)",An-organik - Pengantar Uji Untuk Pendaftaran Baru/Ulang Genap/Penambahan Pro,2019,2024,931cce2c-95d5-4fc9-b377-4f8d27df795f
COCKHEAD ,01.01.2019.220,PT. Hextar Fertilizer Indonesia,NPK Padat (SNI),Butiran,Coklat kemerahan,An-organik - Pendaftaran Baru (2018),2019,2024,c8a04f82-4325-438e-b9a9-fbd339f00068
BIONEENSIS,03.01.2020.019,KOPERASI KARYAWAN RISPA MEDAN,hayati,Butiran,hitam kelabu,Organik/Hayati/Pembenah Tanah - Pendaftaran Baru,2019,2024,5335168b024c72b9580fecb20d69820f9903
PETRO,,PT Petrokimia Gresik,an-organik,Butiran,Putih dan Pink,An-organik - Pendaftaran Ulang Ganjil,2019,2024,8259c7aa7427a3aafbc56ffd00cff00e3021
Oreza,,CV. Duta Oreza Indonesia,organik,Cair,Coklat,Organik/Hayati/Pembenah Tanah - Pendaftaran Ulang Ganjil,2019,2024,5335168b024c72b9580fecb20d69820f6161
S-VIT,,CV.TABITA JAYA,An-Organik Cair NK,Cair,Cyan,An-organik - Pengantar Uji Untuk Pendaftaran Baru/Ulang Genap/Penambahan Pro,2019,2024,c0929fba-de40-4dfa-8026-68efe4531836
AXY,01.03.2019.223,PT. Agritek Tani Indonesia,Potassium Nitrat,Tepung,Putih,An-organik - Pendaftaran Baru (2018),2019,2024,99ff28d1-9738-44b9-b9d2-d2e1e7f9ec57
ABABIL,,PT. Agro Nusantara Indonesia,NPK Padat (SNI),Butiran,Biru,An-organik - Pengantar Uji Untuk Pendaftaran Baru/Ulang Genap/Penambahan Pro,2019,2024,bb37937f-0268-4c86-bfae-a7e67378958a
M-100,,PT. GALATTA LESTARINDO,Pembenah Tanah Dolomit,Tepung,Putih,Organik/Hayati/Pembenah Tanah - Pendaftaran Ulang Ganjil,2019,2024,46479068-f7a9-424a-bef7-e935264014f5
NITRABIRU,01.012019.230,PT. Kingenta Pupuk Indonesia,NPK Padat (SNI),Butiran,Biru,An-organik - Pendaftaran Baru (2018),2019,2024,5011aa1c-f0c9-42ab-bb97-8249eaecaa09
Seroja Subur,,PT Lamandau Subur Sejahtera,NK 15-35,Butiran,Merah Putih,An-organik - Pengantar Uji Untuk Pendaftaran Baru/Ulang Genap/Penambahan Pro,2019,2024,39bc4782-0f6d-40b8-b83a-94b178dc81a1
zamrud VC,,CV. Varia Chemika,NPK Padat (SNI),Butiran,"Merah, Biru",An-organik - Pengantar Uji Untuk Pendaftaran Baru/Ulang Genap/Penambahan Pro,2019,2024,da47b98e-6770-49fb-b35d-bacab553369c
Nutrisoil,,PT. AGRO PARKIM INDONESIA,organik,,,Organik/Hayati/Pembenah Tanah - Pengalihan Nomor Pendaftaran,2019,2024,7976a5be-6794-4fb0-a21a-def30a9cb147
HORTIPLUS,01.01.2019.232,PT. Kingenta Pupuk Indonesia,Potassium Nitrat,Tepung,Putih,An-organik - Pendaftaran Baru (2018),2019,2024,5011aa1c-f0c9-42ab-bb97-8249eaecaa09
Seroja Subur,,PT Lamandau Subur Sejahtera,NK 20-30,Butiran,Merah Putih,An-organik - Pengantar Uji Untuk Pendaftaran Baru/Ulang Genap/Penambahan Pro,2019,2024,39bc4782-0f6d-40b8-b83a-94b178dc81a1
BUMI ANDALAN,01.03.2019.269,PT.GEMILANG ANDALAN PRATAMA,KIESERITE,Tepung,PUTIH KE ABU-ABUAN,An-organik - Pendaftaran Baru (2018),2019,2024,609ab9e45e4119ac0dff043fc6e5da379978
MONSIS 2000,02.02.2020.079,CV. Agro Sumber Subur,organik,Cair,Kuning Kecoklatan,Organik/Hayati/Pembenah Tanah - Pendaftaran Baru,2019,2024,99501c67-ffd2-43cb-9f8f-b760cae13547
CSN SENDAWA PUTIH PAK TANI,,CV. SAPROTAN UTAMA,Mikro Makro Campuran,Prill,Putih,An-organik - Pengantar Uji Untuk Pendaftaran Baru/Ulang Genap/Penambahan Pro,2019,2024,32a5fc08-615e-4849-9010-dfc08eaec4e8
BUMI ANDALAN,01.03.2019.218,PT.GEMILANG ANDALAN PRATAMA,Fosfat Alam untuk Pertanian (SNI),Tepung,COKELAT KEKUNINGAN,An-organik - Pendaftaran Baru (2018),2019,2024,609ab9e45e4119ac0dff043fc6e5da379978
GFERT,01.01.2016.351,PT. Gemilang Eka Dharma,Triple Super Fosfat (TSP) (SNI),Butiran,ABU-ABU,An-organik - Pendaftaran Baru (2018),2019,2024,1fd3f6c3-e418-4bc1-8aa4-71d77c90198c
REXGROW,,PT. Nusa Mandiri Utama,MIKRO CAIR,Cair,Coklat kemerahan ,An-organik - Pengantar Uji Untuk Pendaftaran Baru/Ulang Genap/Penambahan Pro,2019,2024,6b1a7999-7515-4097-89f6-27a8069e8d46
S-VIT,01.03.2019.236,CV.TABITA JAYA,PK,Tepung,Krem Kecoklatan,An-organik - Pendaftaran Baru (2018),2019,2024,c0929fba-de40-4dfa-8026-68efe4531836
PN PAK TANI,,CV. SAPROTAN UTAMA,Kalium  Nitrat,Prill,Putih,An-organik - Pengantar Uji Untuk Pendaftaran Baru/Ulang Genap/Penambahan Pro,2019,2024,32a5fc08-615e-4849-9010-dfc08eaec4e8
MULYA,,PT. Setia Bersama,NPK Padat (SNI),Butiran,"Biru, Merah",An-organik - Pengantar Uji Untuk Pendaftaran Baru/Ulang Genap/Penambahan Pro,2019,2024,9ed5673d-0e54-4116-8568-9395ad7c1d96
BIO INTAN TANI,,CV. Varia Chemika,organik,Butiran,Hitam,Organik/Hayati/Pembenah Tanah - Pendaftaran Ulang Ganjil,2019,2024,da47b98e-6770-49fb-b35d-bacab553369c
TELSAP UTAMA,02.01.2020.003,CV. Telsap Utama,organik,Butiran,Coklat Kehitaman,Organik/Hayati/Pembenah Tanah - Pendaftaran Ulang Genap,2019,2024,9dd0cca3-5ca3-4091-8c91-32809045522b
Mentari,,PT. Permata Agro Persada,Potashplus,Butiran,Putih Kemerahan,An-organik - Pengantar Uji Untuk Pendaftaran Baru/Ulang Genap/Penambahan Pro,2019,2024,d6995698-8fd6-4d4e-81b6-f09a2d303f26
NITRABIRU,01.01.2019.231,PT. Kingenta Pupuk Indonesia,NPK Padat (SNI),Butiran,Hijau,An-organik - Pendaftaran Baru (2018),2019,2024,5011aa1c-f0c9-42ab-bb97-8249eaecaa09
PESTAGANIK,,PT. Dharma Ayu Tani,organik,,,Organik/Hayati/Pembenah Tanah - Pengalihan Nomor Pendaftaran,2019,2024,aa2bb24e-cbe8-47b9-a001-0ca9341ab847
NUTREND Herbafarm,,PT. INDUSTRI JAMU DAN FARMASI SIDO MUNCUL,organik,,,Organik/Hayati/Pembenah Tanah - Pengalihan Nomor Pendaftaran,2019,2024,2cb65cc1-8a66-44a3-9fac-89908fe0fd6c
LIMAS,02.01.2020.033,CV DUTA LIMAS,organik,Butiran,Putih Keabuan,Organik/Hayati/Pembenah Tanah - Pendaftaran Baru,2019,2024,f9a4945f-13be-4703-b058-191e4f5b9ded
KEBOMAS,,PT Petrokimia Gresik,,Butiran,Kecoklatan,An-organik - Pengantar Uji Untuk Pendaftaran Baru/Ulang Genap/Penambahan Pro,2019,2024,8259c7aa7427a3aafbc56ffd00cff00e3021
KANCIL,01.01.2019.252,PT. Rolimex Kimia Nusamas,Kalium Klorida (KCL) (SNI),Butiran,Kemerahan,An-organik - Pendaftaran Baru (2018),2019,2024,619f157d-3c34-4e2b-83be-9da23d69d8ec
JUHAR,,CV. Ruthani Mandiri,Pupuk An-Organik Cair ,Cair,Hijau,An-organik - Pengantar Uji Untuk Pendaftaran Baru/Ulang Genap/Penambahan Pro,2019,2024,6e505fec-8df6-405d-84f7-aa7d6cf4c633
Mentari,01.01.2019.244,PT. Permata Agro Persada,NPK Padat (SNI),Butiran,Kuning Kecoklatan,An-organik - Pendaftaran Baru (2018),2019,2024,d6995698-8fd6-4d4e-81b6-f09a2d303f26
CAP PACUL,01.01.2019.251,PT. Rolimex Kimia Nusamas,Diammonium Phosphate,Butiran,"Abu-abu, kehijauan, biru",An-organik - Pendaftaran Baru (2018),2019,2024,619f157d-3c34-4e2b-83be-9da23d69d8ec
PEOCE,,CV RAJAWALI USAHA NABATI,hayati,,,Organik/Hayati/Pembenah Tanah - Pengalihan Nomor Pendaftaran,2019,2024,5f134d00-b89b-4353-9887-e6fcc332666d
TJP,,CV. TERUS JAYA PUTRA,an-organik,,,An-organik - Pengalihan Nomor Pendaftaran,2019,2024,90a744b8-9396-46e4-b6a9-7f2010cbbcd1
PUSRI,,PT PUPUK SRIWIDJAJA PALEMBANG,NPK Padat (SNI),Butiran,"Coklat, Coklat Kemerahan, Biru, Abu-Abu, Hitam",An-organik - Pengantar Uji Untuk Pendaftaran Baru/Ulang Genap/Penambahan Pro,2019,2024,0c496ac58b4898b510132b58728761672643
AGRIBOR,01.01.2019.248,PT AGRI HIKAY INDONESIA,Pupuk Borat,Butiran,Putih,An-organik - Pendaftaran Baru (2018),2019,2024,75658255-78a9-4b9c-8b03-d0058ad4f61c
G,04.03.2020.091,PT. GOAUTAMA SINARBATUAH,Pembenah Tanah Dolomit,Tepung,Putih,Organik/Hayati/Pembenah Tanah - Pendaftaran Baru,2019,2024,71f25f6f-abd1-42a2-bb7c-69530c6be50c
LOONGZOU,,PT. Sasco Indonesia,Mono Ammonium Phosphate,Tepung,Putih/Coklat,An-organik - Pengantar Uji Untuk Pendaftaran Baru/Ulang Genap/Penambahan Pro,2019,2024,5f3559b5-945e-4d3a-9fe9-b4a089c200fa
LOONGZOU,,PT. Sasco Indonesia,Diammonium Phosphate,Butiran,Kuning/Coklat,An-organik - Pengantar Uji Untuk Pendaftaran Baru/Ulang Genap/Penambahan Pro,2019,2024,5f3559b5-945e-4d3a-9fe9-b4a089c200fa
BENASIL,01.01.2019.250,UD. PRIMAGRO,Nitrogen Phosphate,Butiran,Putih,An-organik - Pendaftaran Baru (2018),2019,2024,baac0661-9be3-424a-bc02-ddb660bcb827
PAK TANI,,CV. SAPROTAN UTAMA,Amonium Sulfat (ZA) (SNI) ,Butiran,Putih,An-organik - Pengantar Uji Untuk Pendaftaran Baru/Ulang Genap/Penambahan Pro,2019,2024,32a5fc08-615e-4849-9010-dfc08eaec4e8
GRAND TOMIKs,02.02.2020.050,CV. NOVIE AGRO INDUSTRI,organik,Cair,Coklat Kehitaman,Organik/Hayati/Pembenah Tanah - Pendaftaran Baru,2019,2024,b4e5baaae5a342caadf02d6a5a57496e8174
Ge Lite ,,PT ARIGOLD YOOHA CORP,,Tepung,Coklat dan Abu-abu,An-organik - Pengantar Uji Untuk Pendaftaran Baru/Ulang Genap/Penambahan Pro,2019,2024,670a54ab-985b-4473-a062-114e72312ed6
MARVEL,01.05.2019.287,CV. GRAHA AGRITECH PRIMA,Potassium Nitrat,Prill,Putih,An-organik - Pendaftaran Baru (2018),2019,2024,797d955e-00f7-4e17-b1d9-e90627f8195d
BeKa,04.02.2020.064,PT. INDO ACIDATAMA Tbk,pembenah tanah,Cair,Coklat tua,Organik/Hayati/Pembenah Tanah - Pendaftaran Baru,2019,2024,cb888ba5-4be8-4687-bb57-dc016697f2bd
NEO PROMESS,01.02.2019.249,UD. PRIMAGRO,Mikro Majemuk Cair,Cair,Biru,An-organik - Pendaftaran Baru (2018),2019,2024,baac0661-9be3-424a-bc02-ddb660bcb827
Mentari,01.01.2019.246,PT. Permata Agro Persada,NPK Padat (SNI),Butiran,Coklat,An-organik - Pendaftaran Baru (2018),2019,2024,d6995698-8fd6-4d4e-81b6-f09a2d303f26
VITA4,01.03.2019.284,PT. Indevco Internusa,Potassium Magnesium Calcium Sulfate,Tepung,Abu Abu,An-organik - Pendaftaran Baru (2018),2019,2024,d9aebb79-28f9-45b5-b2d8-6a4a567193f4
VITA4,01.01.2019.285,PT. Indevco Internusa,Potassium Magnesium Calcium Sulfate,Butiran,Abu - Abu,An-organik - Pendaftaran Baru (2018),2019,2024,d9aebb79-28f9-45b5-b2d8-6a4a567193f4
Mentari,01.01.2019.245,PT. Permata Agro Persada,NPK Padat (SNI),Butiran,Kuning Kecoklatan,An-organik - Pendaftaran Baru (2018),2019,2024,d6995698-8fd6-4d4e-81b6-f09a2d303f26
Mentari,01.01.2019.242,PT. Permata Agro Persada,NPK Padat (SNI),Butiran,Coklat,An-organik - Pendaftaran Baru (2018),2019,2024,d6995698-8fd6-4d4e-81b6-f09a2d303f26
Mentari,01.01.2019.243,PT. Permata Agro Persada,NPK Padat (SNI),Butiran,Kecoklatan,An-organik - Pendaftaran Baru (2018),2019,2024,d6995698-8fd6-4d4e-81b6-f09a2d303f26
Mentari,01.01.2019.241,PT. Permata Agro Persada,NPK Padat (SNI),Butiran,Coklat,An-organik - Pendaftaran Baru (2018),2019,2024,d6995698-8fd6-4d4e-81b6-f09a2d303f26
FT,,PT. Asia Pupuk Guna Lestari,,Butiran,Kemerahan/ Orange Putih,An-organik - Pengantar Uji Untuk Pendaftaran Baru/Ulang Genap/Penambahan Pro,2019,2024,37c98db4-a78c-45e7-9bc0-8099103a695f
Biosilac,01.04.2019.316,Koperasi Karyawan Puspa Kencana,Pupuk An-Organik Silica,Tablet,Hitam keabu-abuan,An-organik - Pendaftaran Baru (2018),2019,2024,bb78e0c5-8560-4af6-bb29-c408df40ef53
CALCITE,02.03.2020.065,PT. Perdagangan Indo Mandiri Sejati,organik,Tepung,Abu abu ,Organik/Hayati/Pembenah Tanah - Pendaftaran Baru,2019,2024,60efe28b-ac2e-43df-aa10-922d21a62d20
NITRABIRU,01.01.2019.382,PT. Kingenta Pupuk Indonesia,NPK Padat (SNI),Butiran,Hijau,An-organik - Pendaftaran Baru (2018),2019,2024,5011aa1c-f0c9-42ab-bb97-8249eaecaa09
PAK TANI,,CV. SAPROTAN UTAMA,NPK Padat (SNI),Butiran,Coklat,An-organik - Pengantar Uji Untuk Pendaftaran Baru/Ulang Genap/Penambahan Pro,2019,2024,32a5fc08-615e-4849-9010-dfc08eaec4e8
TRICHOTEC,03.03.2020.088,PT. Agritek Tani Indonesia,hayati,Tepung,Hijau,Organik/Hayati/Pembenah Tanah - Pendaftaran Baru,2019,2024,99ff28d1-9738-44b9-b9d2-d2e1e7f9ec57
PAK TANI,,CV. SAPROTAN UTAMA,Kalium  Sulfat (ZK),Tepung,Putih,An-organik - Pengantar Uji Untuk Pendaftaran Baru/Ulang Genap/Penambahan Pro,2019,2024,32a5fc08-615e-4849-9010-dfc08eaec4e8
MAGNESIUM SULFATE  PAK TANI ,,CV. SAPROTAN UTAMA,Magnesium Sulphate,Tepung,Putih,An-organik - Pengantar Uji Untuk Pendaftaran Baru/Ulang Genap/Penambahan Pro,2019,2024,32a5fc08-615e-4849-9010-dfc08eaec4e8
SEJAHTERA,01.01.2019.271,PT Gresik Cipta Sejahtera,Fosfat Alam untuk Pertanian (SNI),Butiran,KECOKLATAN,An-organik - Pendaftaran Baru (2018),2019,2024,2d76f9c0-5abc-4dec-8238-cdc7598356d1
MANISKALI,01.01.2019.262,PT Carlindo Serasi Abadi,Makro Majemuk,Butiran,putih,An-organik - Pendaftaran Baru (2018),2019,2024,1211d7a9-a798-422a-ab3d-f3cd12c6d19c
UNIFOS,01.01.2019. 283,PT Carlindo Serasi Abadi,Makro Majemuk Primer dan Makro Majemuk Sekunder,Butiran,coklat muda,An-organik - Pendaftaran Baru (2018),2019,2024,1211d7a9-a798-422a-ab3d-f3cd12c6d19c
FOSMAG,01.03.2019.286,PT Carlindo Serasi Abadi,"Makro Primer, Makro Sekunder dan Silika (P2O5; CaO; Mg; Si)",Tepung,Abu abu,An-organik - Pendaftaran Baru (2018),2019,2024,1211d7a9-a798-422a-ab3d-f3cd12c6d19c
MENTARI,,PT. Permata Agro Persada,Amonium Sulfat (ZA) (SNI) ,Butiran,Putih,An-organik - Pengantar Uji Untuk Pendaftaran Baru/Ulang Genap/Penambahan Pro,2019,2024,d6995698-8fd6-4d4e-81b6-f09a2d303f26
MENTARI,01.01.2019.381,PT. Permata Agro Persada,Polysulphate,Butiran,Abu-abu Kehitaman,An-organik - Pendaftaran Baru (2018),2019,2024,d6995698-8fd6-4d4e-81b6-f09a2d303f26
MULTIPRO,,PT. CATUR AGRODAYA MANDIRI,Mikro Majemuk Cair,Cair,Coklat,An-organik - Pengantar Uji Untuk Pendaftaran Baru/Ulang Genap/Penambahan Pro,2019,2024,7e6a63e1-f1cd-49ae-baec-30120b2877f1
Bio-Trent Organik,02.02.2020.046,PT. Biosindo Mitra Jaya,organik,Cair,Cokelat,Organik/Hayati/Pembenah Tanah - Pendaftaran Baru,2019,2024,22467575-da67-4185-ac25-95522add6acd
ExtraGEN,,PT. INDORAYA MITRA PERSADA SERATUS ENAM PULUH DELAPAN,hayati,Cair,Coklat,Organik/Hayati/Pembenah Tanah - Pendaftaran Ulang Ganjil,2019,2024,62e43c48-e167-4539-8fcf-e8d3976fecfc
SINAR MATAHARI,02.01.2020.074,PT. Molindo Raya Industrial,organik,Butiran,Coklat Abu Abu ( Natural ),Organik/Hayati/Pembenah Tanah - Pendaftaran Baru,2019,2024,ab67c7fe-548a-4c2d-bd84-adbddc0745c5
Mahkota,,PT. SENTANA ADIDAYA PRATAMA,an-organik,Butiran,Kuning Kecoklatan ,An-organik - Pendaftaran Ulang Ganjil,2019,2024,36c5c4f2-e215-4d04-9948-8926fb16c0a5
MerokeKALINITRA,,PT.MEROKE TETAP JAYA,Potassium Nitrat,Prill,Putih,An-organik - Pengantar Uji Untuk Pendaftaran Baru/Ulang Genap/Penambahan Pro,2019,2024,a5a2f54e-db06-45ca-acd3-bf7db4701956
Mahkota,,PT. SENTANA ADIDAYA PRATAMA,an-organik,Butiran,Kecoklatan,An-organik - Pendaftaran Ulang Ganjil,2019,2024,36c5c4f2-e215-4d04-9948-8926fb16c0a5
Mahkota,,PT. SENTANA ADIDAYA PRATAMA,an-organik,Butiran,Kecoklatan ,An-organik - Pendaftaran Ulang Ganjil,2019,2024,36c5c4f2-e215-4d04-9948-8926fb16c0a5
Mahkota,,PT. SENTANA ADIDAYA PRATAMA,an-organik,Butiran,Kuning Kecoklatan,An-organik - Pendaftaran Ulang Ganjil,2019,2024,36c5c4f2-e215-4d04-9948-8926fb16c0a5
CAP BUNGA MERAH,01.01.2019.264,PT AGRI HIKAY INDONESIA,Triple Super Fosfat (TSP) (SNI),Butiran,abu - abu,An-organik - Pendaftaran Baru (2018),2019,2024,75658255-78a9-4b9c-8b03-d0058ad4f61c
HIDROP A1,,PT.MULTI SARANA INDOTANI,"N, K2O , CaO",Tepung,hijau,An-organik - Pengantar Uji Untuk Pendaftaran Baru/Ulang Genap/Penambahan Pro,2019,2024,ede229bd-3395-4ac2-8120-908362db00d5
HIDROP A2,,PT.MULTI SARANA INDOTANI,"N, K2O, CaO",Tepung,kuning,An-organik - Pengantar Uji Untuk Pendaftaran Baru/Ulang Genap/Penambahan Pro,2019,2024,ede229bd-3395-4ac2-8120-908362db00d5
PETRO,,PT Petrokimia Gresik,an-organik,Butiran,Hitam dan Hitam Keabu-abuan,An-organik - Pendaftaran Ulang Ganjil,2019,2024,8259c7aa7427a3aafbc56ffd00cff00e3021
Suburi Liquid,02.02.2020.057,CV. SUBURI PUTRA MANDIRI,organik,Cair,Coklat Kehitaman,Organik/Hayati/Pembenah Tanah - Pendaftaran Baru,2019,2024,de1389e9cd3eaaf16fcbdbf7abf0766b2852
MerokeMAG-S,01.03.2016.086,PT.MEROKE TETAP JAYA,Makro Majemuk ,Tepung,Putih,An-organik - Pendaftaran Baru (2018),2019,2024,a5a2f54e-db06-45ca-acd3-bf7db4701956
LAO YING,01.01.2019.274,PT. MEST INDONESIY,Ammonium chlorida,Tepung / Butiran,Putih,An-organik - Pendaftaran Baru (2018),2019,2024,bb03ab12-99e8-46cb-91a4-f237f3ce0ffd
LAO YING,01.08.2019.380,PT. MEST INDONESIY,Zinc Sulphate Heptahydrate,Kristal,Putih,An-organik - Pendaftaran Baru (2018),2019,2024,bb03ab12-99e8-46cb-91a4-f237f3ce0ffd
Grow More,,cv.nusatani,NPK Padat (SNI),Butiran,Biru,An-organik - Pengantar Uji Untuk Pendaftaran Baru/Ulang Genap/Penambahan Pro,2019,2024,cb5313e685f339f266d87be0a8c7b2702109
Daun Sawit,,PT. Multi Mas Chemindo,NPK Padat (SNI),Butiran,Merah Kecoklatan,An-organik - Pengantar Uji Untuk Pendaftaran Baru/Ulang Genap/Penambahan Pro,2019,2024,fbdb0e81-027b-4762-b83e-25caf0314a73
maxgrow,,PT. Parama Agroindustri Danapati,Potassium Nitrat,Prill,Putih,An-organik - Pengantar Uji Untuk Pendaftaran Baru/Ulang Genap/Penambahan Pro,2019,2024,8e2f672b-5bfd-462c-be7b-b188c1930e15
ABABIL,,PT. Agro Nusantara Indonesia,Fosfat Alam untuk Pertanian (SNI),Butiran,Coklat kekuningan,An-organik - Pengantar Uji Untuk Pendaftaran Baru/Ulang Genap/Penambahan Pro,2019,2024,bb37937f-0268-4c86-bfae-a7e67378958a
PETRO,,PT Petrokimia Gresik,an-organik,Butiran,Putih dan Orange,An-organik - Pendaftaran Ulang Ganjil,2019,2024,8259c7aa7427a3aafbc56ffd00cff00e3021
Bio LK,03.03.2020.023,PT Pupuk Kalimantan Timur,hayati,Tepung,Cokelat Kehitaman,Organik/Hayati/Pembenah Tanah - Pendaftaran Baru,2019,2024,3af996a5b19bf8ac5db58137d8d1afed4892
PREMIUM 100,,PT. Polowijo Gosari,Pembenah Tanah Dolomit,Tepung,Putih,Organik/Hayati/Pembenah Tanah - Pendaftaran Ulang Ganjil,2019,2024,a2f15a6c-10a0-4312-90e4-fc3075df8621
2 PANDA,,PT. Rolimex Kimia Nusamas,an-organik,Butiran,Putih,An-organik - Pendaftaran Ulang Ganjil,2019,2024,619f157d-3c34-4e2b-83be-9da23d69d8ec
MAKMUR SEMBADA,02.02.2020.066,CV. MAKMUR SEMBADA,organik,Cair,Coklat,Organik/Hayati/Pembenah Tanah - Pendaftaran Baru,2019,2024,5c8c29a86251cdbdb3761b073ffa459e1550
MerokeKALINITRA,01.08.2018.273,PT.MEROKE TETAP JAYA,Potassium Nitrat,Kristal,Putih,An-organik - Pendaftaran Baru (2018),2020,2025,a5a2f54e-db06-45ca-acd3-bf7db4701956
MerokeKALINITRA,01.08.2018.073,PT.MEROKE TETAP JAYA,Potassium Nitrat,Kristal,Putih,An-organik - Pendaftaran Baru (2018),2020,2025,a5a2f54e-db06-45ca-acd3-bf7db4701956
MerokeKALINITRA,01.05.2017.314,PT.MEROKE TETAP JAYA,Potassium Nitrat,Prill,Putih,An-organik - Pendaftaran Baru (2018),2020,2025,a5a2f54e-db06-45ca-acd3-bf7db4701956
MerokeKALINITRA,01.05.2017.314,PT.MEROKE TETAP JAYA,Potassium Nitrat,Prill,Putih,An-organik - Pendaftaran Baru (2018),2020,2025,a5a2f54e-db06-45ca-acd3-bf7db4701956
COCKHEAD,01.01.2019.277,PT. Hextar Fertilizer Indonesia,NPK Padat (SNI),Butiran,Coklat kemerahan,An-organik - Pendaftaran Baru (2018),2019,2024,c8a04f82-4325-438e-b9a9-fbd339f00068
Mutiara PADI,01.05.2019.292,PT.MEROKE TETAP JAYA,NPK Padat (SNI),Prill,Beige,An-organik - Pendaftaran Baru (2018),2019,2024,a5a2f54e-db06-45ca-acd3-bf7db4701956
DAUN SAWIT,01.01.2020.004,PT. Multi Mas Chemindo,Pupuk NK (CPN-KNO3),Butiran,Merah,An-organik - Pendaftaran Baru (2018),2019,2024,fbdb0e81-027b-4762-b83e-25caf0314a73
LAO YING,01.08.2019.425,PT. MEST INDONESIY,Copper sulphate pentahydrate (CuSO4),Kristal,Biru,An-organik - Pendaftaran Baru (2018),2019,2024,bb03ab12-99e8-46cb-91a4-f237f3ce0ffd
NPK PIM,01.01.2019.267,PT Pupuk Iskandar Muda,NPK Padat (SNI),Butiran,Hijau,An-organik - Pendaftaran Baru (2018),2019,2024,44888217f0464d617d930bb0abffc3b12168
Mahkota,,PT. SENTANA ADIDAYA PRATAMA,an-organik,Butiran,Kuning Kecoklatan ,An-organik - Pendaftaran Ulang Ganjil,2019,2024,36c5c4f2-e215-4d04-9948-8926fb16c0a5
BIOCOStani,,CV Karsa Jaya,organik,Cair,Hitam ,Organik/Hayati/Pembenah Tanah - Pendaftaran Ulang Ganjil,2019,2024,5c8c29a86251cdbdb3761b073ffa459e3402
Grow More,,cv.nusatani,NPK Padat (SNI),Butiran,Biru,An-organik - Pengantar Uji Untuk Pendaftaran Baru/Ulang Genap/Penambahan Pro,2019,2024,cb5313e685f339f266d87be0a8c7b2702109
GAINEXA FC,,PT. CATUR AGRODAYA MANDIRI,An-organik Campuran,Cair,Kuning Bening,An-organik - Pengantar Uji Untuk Pendaftaran Baru/Ulang Genap/Penambahan Pro,2019,2024,7e6a63e1-f1cd-49ae-baec-30120b2877f1
Complesal Boron,,PT. CATUR AGRODAYA MANDIRI,Makro Mikro Majemuk ,Cair,"Hijau , Biru",An-organik - Pengantar Uji Untuk Pendaftaran Baru/Ulang Genap/Penambahan Pro,2019,2024,7e6a63e1-f1cd-49ae-baec-30120b2877f1
RapiFlow MAGNUM,,PT. Agspec Indonesia,Makro Mikro Campuran,Cair,Bening,An-organik - Pengantar Uji Untuk Pendaftaran Baru/Ulang Genap/Penambahan Pro,2019,2024,038dbfa8-43ab-411a-b9ae-2a62c8f2d68d
COCKHEAD,01.01.2019.275,PT. Hextar Fertilizer Indonesia,NPK Padat (SNI),Butiran,Coklat kemerahan,An-organik - Pendaftaran Baru (2018),2019,2024,c8a04f82-4325-438e-b9a9-fbd339f00068
COCKHEAD,01.01.2019.279,PT. Hextar Fertilizer Indonesia,NPK Padat (SNI),Butiran,Coklat kemerahan,An-organik - Pendaftaran Baru (2018),2019,2024,c8a04f82-4325-438e-b9a9-fbd339f00068
COCKHEAD,01.01.2019.280,PT. Hextar Fertilizer Indonesia,NPK Padat (SNI),Butiran,Coklat kemerahan,An-organik - Pendaftaran Baru (2018),2019,2024,c8a04f82-4325-438e-b9a9-fbd339f00068
PHONIKA,,PT ANUGERAH PUPUK MAKMUR,NPK Padat (SNI),Butiran,Abu-Abu,An-organik - Pengantar Uji Untuk Pendaftaran Baru/Ulang Genap/Penambahan Pro,2019,2024,9472abfc-79f0-4c33-a116-a9b6a4defe5b
maxgrow,,PT. Parama Agroindustri Danapati,Mono Potassium Phosphate,Kristal,Putih,An-organik - Pengantar Uji Untuk Pendaftaran Baru/Ulang Genap/Penambahan Pro,2019,2024,8e2f672b-5bfd-462c-be7b-b188c1930e15
 SERGOMIL,01.02.2019.348,PT. Agspec Indonesia,Mikro Majemuk Cair,Cair,Biru,An-organik - Pendaftaran Baru (2018),2019,2024,038dbfa8-43ab-411a-b9ae-2a62c8f2d68d
CIPMAPE,,PT. Cipta Makmur Pertiwi,Fosfat Alam untuk Pertanian (SNI),Butiran,"Abu-abu, Merah",An-organik - Pengantar Uji Untuk Pendaftaran Baru/Ulang Genap/Penambahan Pro,2019,2024,3f95834b-f146-496b-b46a-f6bf85ce6e69
CAP TAWON,,PT Kertopaten Kencana,an-organik,Kristal,Putih,An-organik - Pendaftaran Ulang Ganjil,2019,2024,0c496ac58b4898b510132b58728761674087
COCKHEAD,01.01.2019.278,PT. Hextar Fertilizer Indonesia,NPK Padat (SNI),Butiran,Coklat kemerahan,An-organik - Pendaftaran Baru (2018),2019,2024,c8a04f82-4325-438e-b9a9-fbd339f00068
PAK TANI,,CV. SAPROTAN UTAMA,an-organik,Butiran,Merah Muda,An-organik - Pendaftaran Ulang Ganjil,2019,2024,32a5fc08-615e-4849-9010-dfc08eaec4e8
BIO Salin,03.03.2020.024,PT Pupuk Kalimantan Timur,hayati,Tepung,Cokelat Kehitaman,Organik/Hayati/Pembenah Tanah - Pendaftaran Baru,2019,2024,3af996a5b19bf8ac5db58137d8d1afed4892
MKPPLUS,01.03.2019.296,CV. SARAREA PANEN RAYA,Mono Potassium Phosphate,Tepung,PUTIH,An-organik - Pendaftaran Baru (2018),2019,2024,65ac4d7ac5228ad185570fe2d39424634450
KNOPLUS,01.03.2019.297,CV. SARAREA PANEN RAYA,Potassium Nitrat,Tepung,PUTIH,An-organik - Pendaftaran Baru (2018),2019,2024,65ac4d7ac5228ad185570fe2d39424634450
DAPPLUS,01.03.2019.298,CV. SARAREA PANEN RAYA,Nitrogen Phosphate,Tepung,PUTIH,An-organik - Pendaftaran Baru (2018),2019,2024,65ac4d7ac5228ad185570fe2d39424634450
RexGrow,,PT. Nusa Mandiri Utama,MAKRO PADAT ,PADAT,Putih & Hijau,An-organik - Pengantar Uji Untuk Pendaftaran Baru/Ulang Genap/Penambahan Pro,2019,2024,6b1a7999-7515-4097-89f6-27a8069e8d46
EKOFOS,,PT. Rolimex Kimia Nusamas,Fosfat Alam untuk Pertanian (SNI),Butiran,Coklat tua,An-organik - Pengantar Uji Untuk Pendaftaran Baru/Ulang Genap/Penambahan Pro,2019,2024,619f157d-3c34-4e2b-83be-9da23d69d8ec
FERTILA,,CV. SAPROTAN UTAMA,an-organik,Granular,Merah Muda,An-organik - Pendaftaran Ulang Ganjil,2019,2024,32a5fc08-615e-4849-9010-dfc08eaec4e8
NUTREND Herbafarm,02.02.2020.061,PT. Sido Muncul Pupuk Nusantara,organik,Cair,Coklat,Organik/Hayati/Pembenah Tanah - Pendaftaran Ulang Genap,2019,2024,17fb60dc-1785-48e2-a3d3-d48efd3da6e6
BIO FOSFAT+++,,CV. Javamas Agrophos,Fosfat Alam untuk Pertanian (SNI),Butiran,Natural Coklat,An-organik - Pengantar Uji Untuk Pendaftaran Baru/Ulang Genap/Penambahan Pro,2019,2024,d11b4e0a-abe0-4596-b690-29afc25e93c7
MerokeMAG-S,,PT.MEROKE TETAP JAYA,Makro Majemuk,Tepung,Putih,An-organik - Pengantar Uji Untuk Pendaftaran Baru/Ulang Genap/Penambahan Pro,2019,2024,a5a2f54e-db06-45ca-acd3-bf7db4701956
MerokeCPN,01.05.2019.320,PT.MEROKE TETAP JAYA,Makro Majemuk,Prill,Merah Muda,An-organik - Pendaftaran Baru (2018),2019,2024,a5a2f54e-db06-45ca-acd3-bf7db4701956
BUBBLE TAB,01.04.2019.290,PT. BEHN MEYER AGRICARE,Silika padat ,Tablet,Putih,An-organik - Pendaftaran Baru (2018),2019,2024,3d48529b-97aa-48d6-b6ad-cbfa089183bc
EFBC Decomposer,03.02.2020.070,PT. INDO ACIDATAMA Tbk,dekomposer,Cair,Coklat tua,Organik/Hayati/Pembenah Tanah - Pendaftaran Baru,2019,2024,cb888ba5-4be8-4687-bb57-dc016697f2bd
CAP TAWON,,PT Kertopaten Kencana,an-organik,Butiran,Merah,An-organik - Pendaftaran Ulang Ganjil,2019,2024,0c496ac58b4898b510132b58728761674087
CAP TAWON,,PT Kertopaten Kencana,an-organik,Butiran,Biru,An-organik - Pendaftaran Ulang Ganjil,2019,2024,0c496ac58b4898b510132b58728761674087
Cap Bunga Merah,01.01.2016.048,PT AGRI HIKAY INDONESIA,Kalium Klorida (KCL) (SNI),Butiran,Putih Kemerahan,An-organik - Pendaftaran Baru (2018),2019,2024,75658255-78a9-4b9c-8b03-d0058ad4f61c
LOONGZOU,,PT. Sasco Indonesia,Fosfat Alam untuk Pertanian (SNI),Tepung,Coklat,An-organik - Pengantar Uji Untuk Pendaftaran Baru/Ulang Genap/Penambahan Pro,2019,2024,5f3559b5-945e-4d3a-9fe9-b4a089c200fa
LOONGZOU,,PT. Sasco Indonesia,Fosfat Alam untuk Pertanian (SNI),Tepung,Coklat,An-organik - Pengantar Uji Untuk Pendaftaran Baru/Ulang Genap/Penambahan Pro,2019,2024,5f3559b5-945e-4d3a-9fe9-b4a089c200fa
StarSil Liquid,01.02.2019.315,PT. Agrotama Tunas Sarana,Makro Majemuk Cair,Cair,Coklat,An-organik - Pendaftaran Baru (2018),2019,2024,83c743cb-4ec1-4b82-ae85-3a1f26750e30
LOONGZOU,,PT. Sasco Indonesia,Fosfat Alam untuk Pertanian (SNI),Tepung,Coklat,An-organik - Pengantar Uji Untuk Pendaftaran Baru/Ulang Genap/Penambahan Pro,2019,2024,5f3559b5-945e-4d3a-9fe9-b4a089c200fa
BESGREEN,01.08.2019.317,PT. TIARA BUANA MANDIRI,Mono Potassium Phosphate,Kristal,Putih,An-organik - Pendaftaran Baru (2018),2019,2024,36144a66-b620-4878-9b70-b492165f2ddf
Lintang Songo,,PT. PRIMA MULIA ABADI,an-organik,PADAT BRIKET,NATURAL,An-organik - Pendaftaran Ulang Ganjil,2019,2024,ad885eca-4bb8-4ac5-80bf-e8f6e5c141cd
AGINTA,,PT. Agro Indah Permata,an-organik,Butiran,Biru,An-organik - Pendaftaran Ulang Ganjil,2019,2024,d128f89c-9240-4a9d-8c04-37e4c1cc8a63
PETRO,,PT Petrokimia Gresik,an-organik,Tepung,putih,An-organik - Pendaftaran Ulang Ganjil,2019,2024,8259c7aa7427a3aafbc56ffd00cff00e3021
PETRO,,PT Petrokimia Gresik,an-organik,Butiran,Putih dan kuning,An-organik - Pendaftaran Ulang Ganjil,2019,2024,8259c7aa7427a3aafbc56ffd00cff00e3021
PAK TANI,,CV. SAPROTAN UTAMA,an-organik,Butiran,Biru dan Merah,An-organik - Pendaftaran Ulang Ganjil,2019,2024,32a5fc08-615e-4849-9010-dfc08eaec4e8
Beka,04.02.2020.055,PT. INDO ACIDATAMA Tbk,pembenah tanah,Cair,Coklat tua,Organik/Hayati/Pembenah Tanah - Pendaftaran Baru,2019,2024,cb888ba5-4be8-4687-bb57-dc016697f2bd
PAK TANI,,CV. SAPROTAN UTAMA,an-organik,Butiran,Merah,An-organik - Pendaftaran Ulang Ganjil,2019,2024,32a5fc08-615e-4849-9010-dfc08eaec4e8
FERTILA,,CV. SAPROTAN UTAMA,an-organik,Butiran,Merah,An-organik - Pendaftaran Ulang Ganjil,2019,2024,32a5fc08-615e-4849-9010-dfc08eaec4e8
VIO,,CV.AGROTANI,organik,Tepung,Putih ,Organik/Hayati/Pembenah Tanah - Pendaftaran Ulang Ganjil,2019,2024,8fd5a8cc-67f2-4fb4-aeb9-8a0a1ee542cf
Cell Bine,,PT. Shiraishi Calcium Indonesia,Kalsium,Tepung,Putih,An-organik - Pengantar Uji Untuk Pendaftaran Baru/Ulang Genap/Penambahan Pro,2019,2024,5c8c29a86251cdbdb3761b073ffa459e5361
GREENTOP,01.01.2019.325,PT. Dharma Ayu Tani,NK Butiran,Butiran,Merah,An-organik - Pendaftaran Baru (2018),2019,2024,aa2bb24e-cbe8-47b9-a001-0ca9341ab847
SINAR MATAHARI,,PT. Molindo Raya Industrial,,Tepung,Abu-abu kehitaman,An-organik - Pengantar Uji Untuk Pendaftaran Baru/Ulang Genap/Penambahan Pro,2019,2024,ab67c7fe-548a-4c2d-bd84-adbddc0745c5
CITRA ORGANIK GRO,02.08.2020.049,CV. Citra Berlian,organik,Remah,"Coklat, Hitam",Organik/Hayati/Pembenah Tanah - Pendaftaran Baru,2019,2024,5c8c29a86251cdbdb3761b073ffa459e6934
PAK TANI,,CV. SAPROTAN UTAMA,Amonium Sulfat (ZA) (SNI) ,Kristal,Putih,An-organik - Pengantar Uji Untuk Pendaftaran Baru/Ulang Genap/Penambahan Pro,2019,2024,32a5fc08-615e-4849-9010-dfc08eaec4e8
METALIK,,PT.OAT MITOKU AGRIO,an-organik,Cair,Hijau Muda,An-organik - Pendaftaran Ulang Ganjil,2019,2024,b820cc90-f0b6-4f63-9fa3-41aca7c684aa
FERTILA,,CV. SAPROTAN UTAMA,NPK Padat (SNI),Butiran,Merah,An-organik - Pengantar Uji Untuk Pendaftaran Baru/Ulang Genap/Penambahan Pro,2019,2024,32a5fc08-615e-4849-9010-dfc08eaec4e8
Promax,,CV. PATIH GAJAH MADA,hayati,Cair,Kuning kecoklatan,Organik/Hayati/Pembenah Tanah - Pendaftaran Ulang Ganjil,2019,2024,63f89f6b-665e-47b7-8f4c-0adb3787047a
LOONGZOU,,PT. Sasco Indonesia,Ammonium chlorida,Butiran,Putih,An-organik - Pengantar Uji Untuk Pendaftaran Baru/Ulang Genap/Penambahan Pro,2019,2024,5f3559b5-945e-4d3a-9fe9-b4a089c200fa
Cap Daun Segar,04.03.2020.085,PT.GUNUNG BERKAT SEJAHTERA,Pembenah Tanah Dolomit,Tepung,Abu-abu,Organik/Hayati/Pembenah Tanah - Pendaftaran Baru,2019,2024,5c8c29a86251cdbdb3761b073ffa459e2849
Cap Daun Segar,04.03.2020.086,PT.GUNUNG BERKAT SEJAHTERA,Pembenah Tanah Kapur Pertanian,Tepung,Putih,Organik/Hayati/Pembenah Tanah - Pendaftaran Baru,2019,2024,5c8c29a86251cdbdb3761b073ffa459e2849
G,,PT. GOAUTAMA SINARBATUAH,Ammonium chlorida,kristal,putih,An-organik - Pengantar Uji Untuk Pendaftaran Baru/Ulang Genap/Penambahan Pro,2019,2024,71f25f6f-abd1-42a2-bb7c-69530c6be50c
CALSIGEN,01.01.2020.103,PT. TIARA BUANA MANDIRI,Calsium nitrat,Butiran,Putih,An-organik - Pendaftaran Baru (2018),2020,2025,36144a66-b620-4878-9b70-b492165f2ddf
CALSIGEN,01.01.2020.103,PT. TIARA BUANA MANDIRI,Calsium nitrat,Butiran,Putih,An-organik - Pendaftaran Baru (2018),2020,2025,36144a66-b620-4878-9b70-b492165f2ddf
CAP BUNGA MERAH,01.01.2019.385,PT AGRI HIKAY INDONESIA,NK,Butiran,Putih Kemerahan,An-organik - Pendaftaran Baru (2018),2019,2024,75658255-78a9-4b9c-8b03-d0058ad4f61c
LOONGZOU,,PT. Sasco Indonesia,Kieserit,Butiran,"Putih,Coklat",An-organik - Pengantar Uji Untuk Pendaftaran Baru/Ulang Genap/Penambahan Pro,2019,2024,5f3559b5-945e-4d3a-9fe9-b4a089c200fa
4R-CINAL,,CV. Nusa Nur Agro,NPK Padat (SNI),Tepung,Merah Muda,An-organik - Pengantar Uji Untuk Pendaftaran Baru/Ulang Genap/Penambahan Pro,2019,2024,d62bc1906cf27adf879f2983115b782c2679
maxgrow,,PT. Parama Agroindustri Danapati,Potassium Nitrat,Butiran,Merah,An-organik - Pengantar Uji Untuk Pendaftaran Baru/Ulang Genap/Penambahan Pro,2019,2024,8e2f672b-5bfd-462c-be7b-b188c1930e15
Daun Sawit,,PT. Multi Mas Chemindo,NPK Padat (SNI),Butiran,Merah Kecoklatan,An-organik - Pengantar Uji Untuk Pendaftaran Baru/Ulang Genap/Penambahan Pro,2019,2024,fbdb0e81-027b-4762-b83e-25caf0314a73
Daun Sawit,,PT. Multi Mas Chemindo,NPK Padat (SNI),Butiran,Merah Kecoklatan,An-organik - Pengantar Uji Untuk Pendaftaran Baru/Ulang Genap/Penambahan Pro,2019,2024,fbdb0e81-027b-4762-b83e-25caf0314a73
Daun Sawit,,PT. Multi Mas Chemindo,NPK Padat (SNI),Butiran,Merah Kecoklatan,An-organik - Pengantar Uji Untuk Pendaftaran Baru/Ulang Genap/Penambahan Pro,2019,2024,fbdb0e81-027b-4762-b83e-25caf0314a73
Daun Sawit,,PT. Multi Mas Chemindo,NPK Padat (SNI),Butiran,Merah Kecoklatan,An-organik - Pengantar Uji Untuk Pendaftaran Baru/Ulang Genap/Penambahan Pro,2019,2024,fbdb0e81-027b-4762-b83e-25caf0314a73
Daun Sawit,,PT. Multi Mas Chemindo,NPK Padat (SNI),Butiran,Merah Muda,An-organik - Pengantar Uji Untuk Pendaftaran Baru/Ulang Genap/Penambahan Pro,2019,2024,fbdb0e81-027b-4762-b83e-25caf0314a73
Daun Sawit,,PT. Multi Mas Chemindo,NPK Padat (SNI),Butiran,Biru,An-organik - Pengantar Uji Untuk Pendaftaran Baru/Ulang Genap/Penambahan Pro,2019,2024,fbdb0e81-027b-4762-b83e-25caf0314a73
NPK PIM,01.01.2019.323,PT Pupuk Iskandar Muda,NPK Padat (SNI),Butiran,Hijau,An-organik - Pendaftaran Baru (2018),2019,2024,44888217f0464d617d930bb0abffc3b12168
TAMENG PLUS,02.03.2020.077,PT. Sarana Utama Lestari Alam,organik,Tepung,Coklat Kehitaman,Organik/Hayati/Pembenah Tanah - Pendaftaran Baru,2019,2024,eeb3f6a8-e9d2-4799-8b2b-015054952725
PUPINDO,,PT. Dupan Anugerah Lestari,NPK Padat (SNI),Butiran,Abu-abu,An-organik - Pengantar Uji Untuk Pendaftaran Baru/Ulang Genap/Penambahan Pro,2019,2024,8e9c7bdb-074f-49e2-8e4b-1ca4e945368c
Grow More,01.03.2019.417,cv.nusatani,NPK Padat (SNI),Tepung,Biru,An-organik - Pendaftaran Baru (2018),2019,2024,cb5313e685f339f266d87be0a8c7b2702109
SAFA,,PT SAFA AGROTEK INDONESIA,Mikro Majemuk,Butiran,Abu Abu,An-organik - Pengantar Uji Untuk Pendaftaran Baru/Ulang Genap/Penambahan Pro,2019,2024,88a64e70-d2f5-4738-9ccd-151a0b968e40
SAFA,,PT SAFA AGROTEK INDONESIA,Mikro Majemuk,Butiran,Abu Abu,An-organik - Pengantar Uji Untuk Pendaftaran Baru/Ulang Genap/Penambahan Pro,2019,2024,88a64e70-d2f5-4738-9ccd-151a0b968e40
SAFA,,PT SAFA AGROTEK INDONESIA,Mikro Majemuk,Butiran,Abu Abu,An-organik - Pengantar Uji Untuk Pendaftaran Baru/Ulang Genap/Penambahan Pro,2019,2024,88a64e70-d2f5-4738-9ccd-151a0b968e40
SEPRINT,01.02.2019.337,CV.BUNGA TANI,"Nitrogen dan Kalium (N,K)",Cair,Biru,An-organik - Pendaftaran Baru (2018),2019,2024,3659c904-6826-4706-b1dc-ce1fa6f97f13
NPK PIM,01.01.2019.346,PT Pupuk Iskandar Muda,NPK Padat (SNI),Butiran,Hijau,An-organik - Pendaftaran Baru (2018),2019,2024,44888217f0464d617d930bb0abffc3b12168
ANTERO,01.03.2019.345,PT. BEHN MEYER AGRICARE,Silika padat,Tepung,Coklat Kemerahan,An-organik - Pendaftaran Baru (2018),2019,2024,3d48529b-97aa-48d6-b6ad-cbfa089183bc
SRPONSKAH,01.01.2019.393,CV. Sumber Rejeki,NPK Padat (SNI),Butiran,Merah;  Biru,An-organik - Pendaftaran Baru (2018),2019,2024,6e4f6563-c843-4327-a5cd-77004331079d
BM AZOMITE,01.03.2019.351,PT. BEHN MEYER AGRICARE,Silika padat,Tepung,Coklat Kemerahan,An-organik - Pendaftaran Baru (2018),2019,2024,3d48529b-97aa-48d6-b6ad-cbfa089183bc
KALIZER,01.02.2019.364,CV.Mitra Tani Abadi,KALIUM,Cair,Merah pekat,An-organik - Pendaftaran Baru (2018),2019,2024,f48ec535-0ddc-4b6a-aa14-0f035e5b9a5f
CALYX,01.03.2019.350,PT. BEHN MEYER AGRICARE,Silika padat,Tepung,Coklat Kemerahan,An-organik - Pendaftaran Baru (2018),2019,2024,3d48529b-97aa-48d6-b6ad-cbfa089183bc
GDP,,CV. Gunung Dono Putra,Pembenah Tanah Dolomit,Tepung,Abu-abu,Organik/Hayati/Pembenah Tanah - Pendaftaran Ulang Ganjil,2019,2024,5c8c29a86251cdbdb3761b073ffa459e4176
PETELIS,01.03.2019.349,PT. BEHN MEYER AGRICARE,Silika padat,Tepung,Coklat Kemerahan,An-organik - Pendaftaran Baru (2018),2019,2024,3d48529b-97aa-48d6-b6ad-cbfa089183bc
FERTILA,,CV. SAPROTAN UTAMA,NPK Padat (SNI),Butiran,Putih Krem,An-organik - Pengantar Uji Untuk Pendaftaran Baru/Ulang Genap/Penambahan Pro,2019,2024,32a5fc08-615e-4849-9010-dfc08eaec4e8
Hi Gro Bio,01.03.2020.076,PT AGRI HIKAY INDONESIA,NK,Butiran,"Putih Kemerahan , Coklat Kemerahan",An-organik - Pendaftaran Baru (2018),2019,2024,75658255-78a9-4b9c-8b03-d0058ad4f61c
Lintang Songo,,PT. PRIMA MULIA ABADI,an-organik,PADAT BRIKET,NATURAL,An-organik - Pendaftaran Ulang Ganjil,2019,2024,ad885eca-4bb8-4ac5-80bf-e8f6e5c141cd
NITROPHOSKA,,PT. SANTANI SEJAHTERA,an-organik,Butiran,Merah maron,An-organik - Pendaftaran Ulang Ganjil,2019,2024,32a43c35-1ca5-4049-9b9a-d322ab71b496
JERANTI,01.01.2020.091,PT Pupuk Kujang,NPK Padat (SNI),Butiran,Putih Keabu-abuan,An-organik - Pendaftaran Baru (2018),2019,2024,1a377f72-93aa-4c27-bee7-b414b234e1a0
ProAm,02.02.2020.068,CV. CONS PRIMA SENTOSA,organik,Cair,Coklat Bening,Organik/Hayati/Pembenah Tanah - Pendaftaran Baru,2019,2024,5c8c29a86251cdbdb3761b073ffa459e4872
BUAMAX,,PT. HANAMPI SEJAHTERA KAHURIPAN,NPK Padat (SNI),Butiran,"Abu-Abu, Coklat, Hijau, Hitam, Biru, Putih",An-organik - Pengantar Uji Untuk Pendaftaran Baru/Ulang Genap/Penambahan Pro,2019,2024,ab602e40-08fa-483a-a5f6-66810d0530e3
Mahkota,,PT. SENTANA ADIDAYA PRATAMA,Poly 4,Serbuk,Putih Keabu-abuan,An-organik - Pengantar Uji Untuk Pendaftaran Baru/Ulang Genap/Penambahan Pro,2019,2024,36c5c4f2-e215-4d04-9948-8926fb16c0a5
AKP,,PT. ASIA KIMINDO PRIMA,Ammonium chlorida,Padat Butiran / Tepung,Putih,An-organik - Pengantar Uji Untuk Pendaftaran Baru/Ulang Genap/Penambahan Pro,2019,2024,8215e259-e648-4363-a6e2-d376c19cf345
LAO YING,01.01.2019.362,PT. MEST INDONESIY,NPK Padat (SNI),Kristal / Butiran,Hijau,An-organik - Pendaftaran Baru (2018),2019,2024,bb03ab12-99e8-46cb-91a4-f237f3ce0ffd
LAO YING,01.01.2019.361,PT. MEST INDONESIY,NPK Padat (SNI),Butiran,Orange,An-organik - Pendaftaran Baru (2018),2019,2024,bb03ab12-99e8-46cb-91a4-f237f3ce0ffd
LAO YING,01.01.2019.360,PT. MEST INDONESIY,NPK Padat (SNI),Butiran,Biru,An-organik - Pendaftaran Baru (2018),2019,2024,bb03ab12-99e8-46cb-91a4-f237f3ce0ffd
LAO YING,01.01.2019.359,PT. MEST INDONESIY,NPK Padat (SNI),Butiran,Hijau,An-organik - Pendaftaran Baru (2018),2019,2024,bb03ab12-99e8-46cb-91a4-f237f3ce0ffd
BELLRUSS,,PT. MULTI NIAGA NUSANTARA INDONESIA,Kalium Klorida (KCL) (SNI),Tepung,Merah,An-organik - Pengantar Uji Untuk Pendaftaran Baru/Ulang Genap/Penambahan Pro,2019,2024,2004b629430939f680b316dd09563d4d2182
SAPI LIAR NPK 15-15-15,,PT. Centra Agro Pratama,NPK Padat (SNI),Butiran,Merah,An-organik - Pengantar Uji Untuk Pendaftaran Baru/Ulang Genap/Penambahan Pro,2019,2024,27cfeb4c6002d05cdab676e5d69c7aaa2410
LAO YING,,PT. MEST INDONESIY,Magnesium Sulphate,Padat Tepung,Putih Keabuan,An-organik - Pengantar Uji Untuk Pendaftaran Baru/Ulang Genap/Penambahan Pro,2019,2024,bb03ab12-99e8-46cb-91a4-f237f3ce0ffd
AGN LTE,03.01.2020.030,PT. INDOBAY BIO,hayati,Butiran,HITAM,Organik/Hayati/Pembenah Tanah - Pendaftaran Baru,2019,2024,419b995f4e3f38fbeed3b59024d514d36971
MULYA,01.01.2019.357,PT. Setia Bersama,NPK Padat (SNI),Butiran,Biru dan Merah ,An-organik - Pendaftaran Baru (2018),2019,2024,9ed5673d-0e54-4116-8568-9395ad7c1d96
Nutree-UP,,PT. Alam Lestari Maju Indonesia,NPK Cair,Cair,Hijau kebiruan,An-organik - Pengantar Uji Untuk Pendaftaran Baru/Ulang Genap/Penambahan Pro,2019,2024,78d3425127b884db94af363e9881326a1580
LAO YING,,PT. MEST INDONESIY,NPK Padat (SNI),Padat Butiran,"Kebiru-biruan, Pink",An-organik - Pengantar Uji Untuk Pendaftaran Baru/Ulang Genap/Penambahan Pro,2019,2024,bb03ab12-99e8-46cb-91a4-f237f3ce0ffd
dsc,04.02.2020.080,PT TRIASINDO ROYAL AGRO,pembenah tanah,Cair,Hitam,Organik/Hayati/Pembenah Tanah - Pendaftaran Baru,2019,2024,c751ad39-a79c-41a5-ad05-7c531dd5e168
MerokeMOP,,PT.MEROKE TETAP JAYA,Kalium Klorida (KCL) (SNI),Butiran,Merah Muda,An-organik - Pengantar Uji Untuk Pendaftaran Baru/Ulang Genap/Penambahan Pro,2019,2024,a5a2f54e-db06-45ca-acd3-bf7db4701956
MULYA,01.01.2019.356,PT. Setia Bersama,NPK Padat (SNI),Butiran,Merah dan Biru ,An-organik - Pendaftaran Baru (2018),2019,2024,9ed5673d-0e54-4116-8568-9395ad7c1d96
BAHARI,,CV. Jaya Tani,NPK Padat (SNI),Butiran,Merah,An-organik - Pengantar Uji Untuk Pendaftaran Baru/Ulang Genap/Penambahan Pro,2019,2024,032ec707fb856da16d592b81bfb82c3b8011
PUSRI HYDRO,,PT PUPUK SRIWIDJAJA PALEMBANG,NPK Padat (SNI),Butiran,"Merah, Coklat Kekuningan, Putih",An-organik - Pengantar Uji Untuk Pendaftaran Baru/Ulang Genap/Penambahan Pro,2019,2024,0c496ac58b4898b510132b58728761672643
Agro Activa Compounds,01.01.2019.371,PT. AGRO TRADISI,NPK Padat (SNI),Butiran,Coklat,An-organik - Pendaftaran Baru (2018),2019,2024,0c0eb372-bad4-47dc-b7e1-4fb2e186274c
Korn-Kali+B,01.01.2018.126,PT.MEROKE TETAP JAYA,Makro Mikro Majemuk,Butiran,Abu-abu kehitaman,An-organik - Pendaftaran Baru (2018),2019,2024,a5a2f54e-db06-45ca-acd3-bf7db4701956
MerokeCALNIT,01.01.2018.033,PT.MEROKE TETAP JAYA,Calsium nitrat,Butiran,Putih,An-organik - Pendaftaran Baru (2018),2019,2024,a5a2f54e-db06-45ca-acd3-bf7db4701956
Prima Exs,01.03.2020.144,PT FAJAR BUANA CHEMICAL,Mikro,Tepung,Putih,An-organik - Pendaftaran Baru (2018),2019,2024,4b6134c3-a080-43e8-9bf4-5069a6484c31
Mahkota,01.01.2019.365,PT. WILMAR CHEMICAL INDONESIA,NPK Padat (SNI),Butiran,Biru,An-organik - Pendaftaran Baru (2018),2019,2024,f46679f0-5a47-4d85-97e4-cd22abc7bb79
POHON SERAI,,UD. Makmur Jaya,Hara Makro Sekunder MgO (Magnesium),Tepung,Abu-abu,An-organik - Pengantar Uji Untuk Pendaftaran Baru/Ulang Genap/Penambahan Pro,2019,2024,65ac4d7ac5228ad185570fe2d39424639408
PUSRI,,PT PUPUK SRIWIDJAJA PALEMBANG,NPK Padat (SNI),Butiran,"Coklat, Coklat Kemerahan, Biru, Abu-Abu, Hitam",An-organik - Pengantar Uji Untuk Pendaftaran Baru/Ulang Genap/Penambahan Pro,2019,2024,0c496ac58b4898b510132b58728761672643
PUSRI,,PT PUPUK SRIWIDJAJA PALEMBANG,NPK Padat (SNI),Butiran,"Coklat, Coklat Kemerahan, Biru, Abu-Abu, Hitam",An-organik - Pengantar Uji Untuk Pendaftaran Baru/Ulang Genap/Penambahan Pro,2019,2024,0c496ac58b4898b510132b58728761672643
URIUM,01.02.2019.373,CV.BUNGA TANI,Nitrogen dan kalium,Cair,Biru,An-organik - Pendaftaran Baru (2018),2019,2024,3659c904-6826-4706-b1dc-ce1fa6f97f13
Ferti Best,01.01.2020.001,PT. Agro Berjaya Nusantara,NPK Padat (SNI),Butiran,"Coklat, Merah",An-organik - Pendaftaran Baru (2018),2019,2024,02affaf0-6a1d-44d6-86cb-fca5d343fbe5
AMARI,,PT. Agrotama Tunas Sarana,an-organik,Cair,Coklat,An-organik - Pendaftaran Ulang Ganjil,2019,2024,83c743cb-4ec1-4b82-ae85-3a1f26750e30
PRIMATAN,,UD. PRIMAGRO,"Pupuk Mikro Majemuk (Zn, B dan Mn)",Tepung,Coklat kehitaman ,An-organik - Pengantar Uji Untuk Pendaftaran Baru/Ulang Genap/Penambahan Pro,2019,2024,baac0661-9be3-424a-bc02-ddb660bcb827
Daun Sawit,01.03.2019.378,PT. Multi Mas Chemindo,Ammonium chlorida,Tepung,Putih,An-organik - Pendaftaran Baru (2018),2019,2024,fbdb0e81-027b-4762-b83e-25caf0314a73
PUPINDO,01.01.2019.377,PT. Dupan Anugerah Lestari,NPK Padat (SNI),Butiran,Abu-abu,An-organik - Pendaftaran Baru (2018),2019,2024,8e9c7bdb-074f-49e2-8e4b-1ca4e945368c
KANO,01.08.2019.386,PT. YUDHA PERDANA ANGESTI,Potassium Nitrat,Kristal,Putih,An-organik - Pendaftaran Baru (2018),2019,2024,6230daae-19b3-4c48-8711-b9bd22a34495
PAMORGANIK MAS,03.02.2020.052,CV.UTAMA KARYA TANI,hayati,Cair,Coklat Kehitaman ,Organik/Hayati/Pembenah Tanah - Pendaftaran Baru,2019,2024,50b852eb-8b33-4976-94f7-89275c5375a2
FERTILA,01.01.2019.383,CV. SAPROTAN UTAMA,NPK Padat (SNI),Butiran,Merah,An-organik - Pendaftaran Baru (2018),2019,2024,32a5fc08-615e-4849-9010-dfc08eaec4e8
MENTARI,,PT. Permata Agro Persada,Ammonium chlorida,Tepung,off-white,An-organik - Pengantar Uji Untuk Pendaftaran Baru/Ulang Genap/Penambahan Pro,2019,2024,d6995698-8fd6-4d4e-81b6-f09a2d303f26
S-VIT,01.02.2020.005,CV.TABITA JAYA,An-Organik Cair NK Min 8%,Cair,Cyan,An-organik - Pendaftaran Baru (2018),2019,2024,c0929fba-de40-4dfa-8026-68efe4531836
Mahkota,01.01.2017.377,PT. WILMAR CHEMICAL INDONESIA,Amonium Sulfat (ZA) (SNI) ,Butiran,Putih,An-organik - Pendaftaran Baru (2018),2019,2024,f46679f0-5a47-4d85-97e4-cd22abc7bb79
AKASIA,,PT.Antariksa Nusantara Indonesia Group,NK,Tepung,"Merah, Coklat Natural, Putih",An-organik - Pengantar Uji Untuk Pendaftaran Baru/Ulang Genap/Penambahan Pro,2019,2024,9d630f68-47d6-427a-8b5a-b10ec7054bc6
Hi Gro Bio,01.01.2019.384,PT AGRI HIKAY INDONESIA,NP,Butiran,Putih Kemerahan,An-organik - Pendaftaran Baru (2018),2019,2024,75658255-78a9-4b9c-8b03-d0058ad4f61c
GRANDPHOSMAG,,PT. Agro Tani Marisi,an-organik,Butiran,Abu-abu Kehitaman,An-organik - Pendaftaran Ulang Ganjil,2019,2024,0c496ac58b4898b510132b58728761676928
ARJUNA,,PT. Hextar Fertilizer Indonesia,NPK Padat (SNI),Butiran,Hijau Tua,An-organik - Pengantar Uji Untuk Pendaftaran Baru/Ulang Genap/Penambahan Pro,2019,2024,c8a04f82-4325-438e-b9a9-fbd339f00068
Agro Activa Compounds,01.01.2019.386,PT. AGRO TRADISI,NPK Padat (SNI),Butiran,Coklat,An-organik - Pendaftaran Baru (2018),2019,2024,0c0eb372-bad4-47dc-b7e1-4fb2e186274c
CAP DAUN,01.03.2020.102,PT. AGRO TRADISI,Rock Phosphate,Tepung,Kuning Muda,An-organik - Pendaftaran Baru (2018),2020,2025,0c0eb372-bad4-47dc-b7e1-4fb2e186274c
CAP DAUN,01.03.2020.102,PT. AGRO TRADISI,Rock Phosphate,Tepung,Kuning Muda,An-organik - Pendaftaran Baru (2018),2020,2025,0c0eb372-bad4-47dc-b7e1-4fb2e186274c
CAP DAUN,,PT. AGRO TRADISI,Fosfat Alam untuk Pertanian (SNI),Tepung,Kuning Muda,An-organik - Pengantar Uji Untuk Pendaftaran Baru/Ulang Genap/Penambahan Pro,2019,2024,0c0eb372-bad4-47dc-b7e1-4fb2e186274c
NOS CROP,,CV. TUNAS HARAPAN,an-organik,,,An-organik - Pengalihan Nomor Pendaftaran,2019,2024,095f02d0-d0a5-4237-b12d-1bef01d3ae0f
NEO KRISTALON,,CV. SAPROTAN UTAMA,an-organik,Tepung,Kuning,An-organik - Pendaftaran Ulang Ganjil,2020,2025,32a5fc08-615e-4849-9010-dfc08eaec4e8
CAP DAUN,,PT. AGRO TRADISI,an-organik,Tepung,Putih Kemerahan,An-organik - Pendaftaran Ulang Ganjil,2019,2024,0c0eb372-bad4-47dc-b7e1-4fb2e186274c
DGW,01.01.2017.310,PT. Hextar Fertilizer Indonesia,NPK Padat (SNI),Butiran,Biru muda,An-organik - Pendaftaran Baru (2018),2019,2024,c8a04f82-4325-438e-b9a9-fbd339f00068
DGW,01.01.2016.248,PT. Hextar Fertilizer Indonesia,NPK Padat (SNI),Butiran,"Blend Putih, Hitam, Kuning",An-organik - Pendaftaran Baru (2018),2019,2024,c8a04f82-4325-438e-b9a9-fbd339f00068
BELLRUSS,,PT. MULTI NIAGA NUSANTARA INDONESIA,Fosfat Alam untuk Pertanian (SNI),Tepung,"Coklat, Coklat Muda, Coklat Tua",An-organik - Pengantar Uji Untuk Pendaftaran Baru/Ulang Genap/Penambahan Pro,2019,2024,2004b629430939f680b316dd09563d4d2182
123 GANIC,,PT. Dwi Mitra,hayati,Cair,Coklat Kehitaman,Organik/Hayati/Pembenah Tanah - Pendaftaran Ulang Ganjil,2019,2024,48c09dbc-ae69-445d-971d-339f56c2dc2c
Suburkali BUTIR,01.01.2016.106,PT.MEROKE TETAP JAYA,Makro Campuran,Butiran,Putih Abu-abu,An-organik - Pendaftaran Baru (2018),2019,2024,a5a2f54e-db06-45ca-acd3-bf7db4701956
dsc,04.03.2020.081,PT TRIASINDO ROYAL AGRO,pembenah tanah,Tepung,Hitam,Organik/Hayati/Pembenah Tanah - Pendaftaran Baru,2019,2024,c751ad39-a79c-41a5-ad05-7c531dd5e168
MENTARI,01.01.2019.416,PT. Permata Agro Persada,Potashplus,Butiran,Putih Kemerahan,An-organik - Pendaftaran Baru (2018),2019,2024,d6995698-8fd6-4d4e-81b6-f09a2d303f26
MEKARINDO,01.01.2019.398,PT. Cipta Makmur Pertiwi,NPK Padat (SNI),Butiran,"Merah, Biru",An-organik - Pendaftaran Baru (2018),2019,2024,3f95834b-f146-496b-b46a-f6bf85ce6e69
SoluMAG,01.03.2018.045,PT.MEROKE TETAP JAYA,Kieserite,Tepung,Krem,An-organik - Pendaftaran Baru (2018),2019,2024,a5a2f54e-db06-45ca-acd3-bf7db4701956
PULLET,01.01.2019.423,PT. Polowijo Gosari,NPK Padat (SNI),Butiran,Abu-Abu Kehitaman,An-organik - Pendaftaran Baru (2018),2019,2024,a2f15a6c-10a0-4312-90e4-fc3075df8621
AKP,,PT. ASIA KIMINDO PRIMA,Kalium Klorida (KCL) (SNI),Padat Butiran / Tepung,"Putih, Merah",An-organik - Pengantar Uji Untuk Pendaftaran Baru/Ulang Genap/Penambahan Pro,2019,2024,8215e259-e648-4363-a6e2-d376c19cf345
Grow More,01.01.2019.406,cv.nusatani,NPK Padat (SNI),Butiran,Biru,An-organik - Pendaftaran Baru (2018),2019,2024,cb5313e685f339f266d87be0a8c7b2702109
CAP DAUN,01.08.2019.422,PT. AGRO TRADISI,Amonium Sulfat (ZA) (SNI) ,KRISTAL,Putih,An-organik - Pendaftaran Baru (2018),2019,2024,0c0eb372-bad4-47dc-b7e1-4fb2e186274c
SS (AMMOPHOS) LUKISAN BURUNG,01.01.2018.424,PT.MEROKE TETAP JAYA,Nitrogen Phosphate,Butiran,Putih ,An-organik - Pendaftaran Baru (2018),2019,2024,a5a2f54e-db06-45ca-acd3-bf7db4701956
KURNIAGANIK,,PT. Tiara Kurnia,organik,Tepung,Coklat Kehitaman,Organik/Hayati/Pembenah Tanah - Pendaftaran Ulang Ganjil,2019,2024,3e2f43c408ff7cb7d2d6ec3c1188558f1735
Mahkota,,PT. SENTANA ADIDAYA PRATAMA,an-organik,Butiran,Hitam,An-organik - Pendaftaran Ulang Ganjil,2020,2025,36c5c4f2-e215-4d04-9948-8926fb16c0a5
Grow More,01.01.2019.405,cv.nusatani,NPK Padat (SNI),Butiran,Biru,An-organik - Pendaftaran Baru (2018),2019,2024,cb5313e685f339f266d87be0a8c7b2702109
KINCIR,01.02.2019.404,CV. Jaya Makmur Sentausa,NPK Cair,Cair,Merah Muda,An-organik - Pendaftaran Baru (2018),2019,2024,3e2f43c408ff7cb7d2d6ec3c1188558f6409
BOONTONIK,,CV. Nusa Nur Agro,an-organik,Cair,Hijau,An-organik - Pendaftaran Ulang Ganjil,2019,2024,d62bc1906cf27adf879f2983115b782c2679
LAO YING,,PT. MEST INDONESIY,Kalium Klorida (KCL) (SNI),Tepung,"Putih Keabuan, Merah",An-organik - Pengantar Uji Untuk Pendaftaran Baru/Ulang Genap/Penambahan Pro,2019,2024,bb03ab12-99e8-46cb-91a4-f237f3ce0ffd
Grow More,01.03.2019.424,cv.nusatani,NPK Padat (SNI),Tepung,Biru,An-organik - Pendaftaran Baru (2018),2019,2024,cb5313e685f339f266d87be0a8c7b2702109
Grow More,01.03.2019.418,cv.nusatani,NPK Padat (SNI),Tepung,Biru,An-organik - Pendaftaran Baru (2018),2019,2024,cb5313e685f339f266d87be0a8c7b2702109
NITROPHOSKA,,PT. SANTANI SEJAHTERA,an-organik,Butiran,Putih,An-organik - Pendaftaran Ulang Ganjil,2019,2024,32a43c35-1ca5-4049-9b9a-d322ab71b496
GROFAST,01.03.2019.420,PT. Hextar Fertilizer Indonesia,NPK Padat (SNI),Tepung kristal,Hijau Muda,An-organik - Pendaftaran Baru (2018),2019,2024,c8a04f82-4325-438e-b9a9-fbd339f00068
 GROFAST,01.03.2019.421,PT. Hextar Fertilizer Indonesia,NPK Padat (SNI),Tepung kristal,Hijau,An-organik - Pendaftaran Baru (2018),2019,2024,c8a04f82-4325-438e-b9a9-fbd339f00068
Agro Activa Compounds,01.01.2019.419,PT. AGRO TRADISI,NPK Padat (SNI),Butiran,Coklat,An-organik - Pendaftaran Baru (2018),2019,2024,0c0eb372-bad4-47dc-b7e1-4fb2e186274c
Quantum Growth ,,PT .PLANETBIRU INDONESIA,hayati,Cair,Ungu Dan Hitam ,Organik/Hayati/Pembenah Tanah - Pendaftaran Ulang Ganjil,2019,2024,c91e37a0-6571-4325-9cb0-b786e4c3fb78
Quantum Growth,,PT .PLANETBIRU INDONESIA,hayati,Cair,Ungu Dan Hitam,Organik/Hayati/Pembenah Tanah - Pendaftaran Ulang Ganjil,2019,2024,c91e37a0-6571-4325-9cb0-b786e4c3fb78
BIO BEST,03.01.2020.072,CV. Christdo Titian Jaya,hayati,Butiran,Biru,Organik/Hayati/Pembenah Tanah - Pendaftaran Baru,2019,2024,b47320701e7a92974ef86577f01842d58179
MerokeZA,01.03.2018.133,PT.MEROKE TETAP JAYA,Amonium Sulfat (ZA) (SNI) ,Tepung,Putih,An-organik - Pendaftaran Baru (2018),2020,2025,a5a2f54e-db06-45ca-acd3-bf7db4701956
GROFAST,01.03.2020.074,PT. Hextar Fertilizer Indonesia,NPK Padat (SNI),Serbuk,Biru Muda,An-organik - Pendaftaran Baru (2018),2020,2025,c8a04f82-4325-438e-b9a9-fbd339f00068
KANCIL EMAS,01.01.2020.066,PT. SANLEX MALINDO,NPK Padat (SNI),Butiran,Coklat,An-organik - Pendaftaran Baru (2018),2019,2024,46eccec8-2718-4ecf-82b0-d69f6c5a43e9
RioGen,,CV. Multi Guna,hayati,Cair,Coklat Kehitaman,Organik/Hayati/Pembenah Tanah - Pendaftaran Ulang Ganjil,2020,2025,b47320701e7a92974ef86577f01842d54058
Ferti Best,01.01.2020.032,PT. Agro Berjaya Nusantara,NPK Padat (SNI),Butiran,"Coklat, Merah",An-organik - Pendaftaran Baru (2018),2019,2024,02affaf0-6a1d-44d6-86cb-fca5d343fbe5
BIG MOST,,CV. Nusa Nur Agro,an-organik,Tepung,Putih Keunguan,An-organik - Pendaftaran Ulang Ganjil,2019,2024,d62bc1906cf27adf879f2983115b782c2679
CIPMAPE,,PT. Cipta Makmur Pertiwi,Fosfat Alam untuk Pertanian (SNI),Butiran,"Abu-abu , Hitam , Merah , Kecoklatan",An-organik - Pengantar Uji Untuk Pendaftaran Baru/Ulang Genap/Penambahan Pro,2019,2024,3f95834b-f146-496b-b46a-f6bf85ce6e69
BURUNG KENARI,,CV. Fian Agro Industri,organik,,,Organik/Hayati/Pembenah Tanah - Pengalihan Nomor Pendaftaran,2019,2024,b47320701e7a92974ef86577f01842d55618
FERTILA,,CV. SAPROTAN UTAMA,an-organik,Kristal,Putih,An-organik - Pendaftaran Ulang Ganjil,2019,2024,32a5fc08-615e-4849-9010-dfc08eaec4e8
MAGNUM PAK TANI,,CV. SAPROTAN UTAMA,an-organik,Butiran,Hijau,An-organik - Pendaftaran Ulang Ganjil,2019,2024,32a5fc08-615e-4849-9010-dfc08eaec4e8
LAO YING,,PT. MEST INDONESIY,an-organik,Padat Butiran,"Coklat, Kuning",An-organik - Pendaftaran Ulang Ganjil,2019,2024,bb03ab12-99e8-46cb-91a4-f237f3ce0ffd
BELLRUSS,04.01.2020.078,PT. MULTI NIAGA NUSANTARA INDONESIA,Pembenah Tanah Dolomit,Butiran,"Merah, Abu-abu, Biru",Organik/Hayati/Pembenah Tanah - Pendaftaran Baru,2019,2024,2004b629430939f680b316dd09563d4d2182
LAO YING,,PT. MEST INDONESIY,Fosfat Alam untuk Pertanian (SNI),Padat / Tepung,Putih Keabuan,An-organik - Pengantar Uji Untuk Pendaftaran Baru/Ulang Genap/Penambahan Pro,2019,2024,bb03ab12-99e8-46cb-91a4-f237f3ce0ffd
GAL-Xe ONE,01.01.2020.025,PT. AGROABADI MAKMUR PERSADA,NPK Padat (SNI),Padat Butiran,Coklat Keemasan,An-organik - Pendaftaran Baru (2018),2019,2024,a9b9428b-fb3a-4199-833e-5ab002a1be79
KANCIL EMAS,01.01.2020.024,PT. SANLEX MALINDO,NPK Padat (SNI),Butiran,Pink,An-organik - Pendaftaran Baru (2018),2019,2024,46eccec8-2718-4ecf-82b0-d69f6c5a43e9
ABABIL,01.01.2020.062,PT. Agro Nusantara Indonesia,NPK Padat (SNI),Butiran,"Pink/Merah Muda, Coklat Kemerahan",An-organik - Pendaftaran Baru (2018),2020,2025,bb37937f-0268-4c86-bfae-a7e67378958a
MerokeMKP,01.03.2018.366,PT.MEROKE TETAP JAYA,Makro Majemuk PK,Tepung,Putih,An-organik - Pendaftaran Baru (2018),2020,2025,a5a2f54e-db06-45ca-acd3-bf7db4701956
MerokeFITOFLEX,01.03.2018.252,PT.MEROKE TETAP JAYA,Mikro Majemuk,Tepung,Hijau,An-organik - Pendaftaran Baru (2018),2020,2025,a5a2f54e-db06-45ca-acd3-bf7db4701956
zamrud VC,01.01.2020.017,CV. Varia Chemika,NPK Padat (SNI),Butiran,Merah ; Biru,An-organik - Pendaftaran Baru (2018),2020,2025,da47b98e-6770-49fb-b35d-bacab553369c
BAYFOLAN ®,01.02.2020.015,PT. Bayer Indonesia,NPK cair,Cair,Hijau jernih,An-organik - Pendaftaran Baru (2018),2020,2025,dacde6cb-eeab-4fc5-9e4a-71374c47702e
SAFA,01.01.2020.146,PT SAFA AGROTEK INDONESIA,ZnCu,Butiran,Biru ke abu abuan,An-organik - Pendaftaran Baru (2018),2020,2025,88a64e70-d2f5-4738-9ccd-151a0b968e40
BIANGLALA,01.01.2020.013,PT Bumi Indo Raharja,NPK Padat (SNI),Butiran,"Campuran putih, merah, hitam, coklat (blending)",An-organik - Pendaftaran Baru (2018),2020,2025,931cce2c-95d5-4fc9-b377-4f8d27df795f
JUHAR,01.02.2020.010,CV. Ruthani Mandiri,An-Organik Cair NK Min 8%,Cair,Hijau Kecoklatan,An-organik - Pendaftaran Baru (2018),2020,2025,6e505fec-8df6-405d-84f7-aa7d6cf4c633
KANCIL EMAS,01.01.2020.016,PT. SANLEX MALINDO,NPK Padat (SNI),Butiran,"Putih, Pink",An-organik - Pendaftaran Baru (2018),2020,2025,46eccec8-2718-4ecf-82b0-d69f6c5a43e9
Daun Sawit,01.01.2020.012,PT. Multi Mas Chemindo,NPK Padat (SNI),Butiran,Merahj muda,An-organik - Pendaftaran Baru (2018),2020,2025,fbdb0e81-027b-4762-b83e-25caf0314a73
Daun Sawit,01.01.2020.011,PT. Multi Mas Chemindo,NPK Padat (SNI),Butiran,Biru,An-organik - Pendaftaran Baru (2018),2020,2025,fbdb0e81-027b-4762-b83e-25caf0314a73
Daun Sawit,01.01.2020.009,PT. Multi Mas Chemindo,NPK Padat (SNI),Butiran,Merah Kecoklatan,An-organik - Pendaftaran Baru (2018),2020,2025,fbdb0e81-027b-4762-b83e-25caf0314a73
LOONGZOU,01.03.2020.052,PT. Sasco Indonesia,Mono Ammonium Phosphate,Tepung,Putih/Coklat,An-organik - Pendaftaran Baru (2018),2020,2025,5f3559b5-945e-4d3a-9fe9-b4a089c200fa
LOONGZOU,01.01.2020.050,PT. Sasco Indonesia,Ammonium chlorida,Butiran,Putih,An-organik - Pendaftaran Baru (2018),2020,2025,5f3559b5-945e-4d3a-9fe9-b4a089c200fa
FOLIUM,,CV. Javamas Agrophos,an-organik,Butiran,Putih,An-organik - Pendaftaran Ulang Ganjil,2020,2025,d11b4e0a-abe0-4596-b690-29afc25e93c7
Daun Sawit,01.01.2020.018,PT. Multi Mas Chemindo,NPK Padat (SNI),Butiran,Merah Kecoklatan,An-organik - Pendaftaran Baru (2018),2020,2025,fbdb0e81-027b-4762-b83e-25caf0314a73
Daun Sawit,01.01.2020.048,PT. Multi Mas Chemindo,NPK Padat (SNI),Butiran,Merah Kecoklatan,An-organik - Pendaftaran Baru (2018),2020,2025,fbdb0e81-027b-4762-b83e-25caf0314a73
Daun Sawit,01.01.2020.047,PT. Multi Mas Chemindo,NPK Padat (SNI),Butiran,Merah Kecoklatan,An-organik - Pendaftaran Baru (2018),2020,2025,fbdb0e81-027b-4762-b83e-25caf0314a73
Daun Sawit,01.01.2020.040,PT. Multi Mas Chemindo,NPK Padat (SNI),Butiran,Merah Kecoklatan,An-organik - Pendaftaran Baru (2018),2020,2025,fbdb0e81-027b-4762-b83e-25caf0314a73
FT,01.01.2020.028,PT. Asia Pupuk Guna Lestari,,Butiran,Merah/Organge Putih,An-organik - Pendaftaran Baru (2018),2020,2025,37c98db4-a78c-45e7-9bc0-8099103a695f
X-PANDER,,CV. DANA INDO AGRI,organik,Cair,Coklat Kehitaman,Organik/Hayati/Pembenah Tanah - Pendaftaran Ulang Ganjil,2020,2025,8ad271b4-99ef-4b97-a689-2ae9e803e1e1
PROVIT ORANGE, 01.08.2017.213,PT.MEROKE TETAP JAYA,NPK Padat (SNI),Kristal,Putih Kekuningan,An-organik - Pendaftaran Baru (2018),2020,2025,a5a2f54e-db06-45ca-acd3-bf7db4701956
java ion+,01.01.2020.014,CV. Javamas Agrophos,NPK Padat (SNI),Butiran,Hitam,An-organik - Pendaftaran Baru (2018),2020,2025,d11b4e0a-abe0-4596-b690-29afc25e93c7
PROVIT HIJAU,01.08.2017.265,PT.MEROKE TETAP JAYA,NPK Padat (SNI),Kristal,Hijau,An-organik - Pendaftaran Baru (2018),2020,2025,a5a2f54e-db06-45ca-acd3-bf7db4701956
PROVIT MERAH,01.08.2017.201,PT.MEROKE TETAP JAYA,NPK Padat (SNI),Kristal,"Merah,  Merah Muda",An-organik - Pendaftaran Baru (2018),2020,2025,a5a2f54e-db06-45ca-acd3-bf7db4701956
BIANGLALA,01.01.2020.046,PT Bumi Indo Raharja,NPK Padat (SNI),Butiran,"Campuran putih, merah, hitam, coklat (blending)",An-organik - Pendaftaran Baru (2018),2020,2025,931cce2c-95d5-4fc9-b377-4f8d27df795f
FT,01.01.2020.029,PT. Asia Pupuk Guna Lestari,,Butiran,Merah/Organge Putih,An-organik - Pendaftaran Baru (2018),2020,2025,37c98db4-a78c-45e7-9bc0-8099103a695f
CAPING TANI PLUS,01.01.2020.045,CV. Rahma Jaya,NPK Padat (SNI),Butiran,"Biru, Merah",An-organik - Pendaftaran Baru (2018),2020,2025,540a9037-4a70-48e7-a6f2-9e3de10a3f72
FT,01.01.2020.027,PT. Asia Pupuk Guna Lestari,,Butiran,Merah/Organge Putih,An-organik - Pendaftaran Baru (2018),2020,2025,37c98db4-a78c-45e7-9bc0-8099103a695f
KARATE PLUS BORONI,01.01.2018.079,PT.MEROKE TETAP JAYA,Calsium nitrat,Butiran,Kuning,An-organik - Pendaftaran Baru (2018),2020,2025,a5a2f54e-db06-45ca-acd3-bf7db4701956
PAK TANI,01.08.2020.030,CV. SAPROTAN UTAMA,Amonium Sulfat (ZA) (SNI) ,Padat Kristal,Putih,An-organik - Pendaftaran Baru (2018),2020,2025,32a5fc08-615e-4849-9010-dfc08eaec4e8
FERTINDO,01.01.2020.044,PT. Anugerah Pupuk Lestari,NPK Padat (SNI),Butiran,Abu-abu,An-organik - Pendaftaran Baru (2018),2020,2025,a800e216-70e6-46da-bfd0-ba425ecc775e
BIO FOSFAT+++,01.01.2020.041,CV. Javamas Agrophos,Fosfat Alam untuk Pertanian (SNI),Butiran,Natural Coklat,An-organik - Pendaftaran Baru (2018),2020,2025,d11b4e0a-abe0-4596-b690-29afc25e93c7
PHONIKA,01.01.2020.043,PT ANUGERAH PUPUK MAKMUR,NPK Padat (SNI),Butiran,Abu-abu,An-organik - Pendaftaran Baru (2018),2020,2025,9472abfc-79f0-4c33-a116-a9b6a4defe5b
PETRO,,PT Petrokimia Gresik,an-organik,Kristal,Merah dan Putih,An-organik - Pendaftaran Ulang Ganjil,2020,2025,8259c7aa7427a3aafbc56ffd00cff00e3021
GARUDA MERAH Plus,,PT. Cahaya Inti Tunggal,organik,,,Organik/Hayati/Pembenah Tanah - Pengalihan Nomor Pendaftaran,2020,2025,e81bb712-3825-4271-a9d1-dd12e08064c3
KANCIL EMAS,01.08.2020.039,PT. SANLEX MALINDO,Amonium Sulfat (ZA) (SNI) ,Butiran Kristal,Putih Kekuningan,An-organik - Pendaftaran Baru (2018),2020,2025,46eccec8-2718-4ecf-82b0-d69f6c5a43e9
KANCIL EMAS,01.01.2020.038,PT. SANLEX MALINDO,Triple Super Fosfat (TSP) (SNI),Butiran,"Putih, Abu-abu",An-organik - Pendaftaran Baru (2018),2020,2025,46eccec8-2718-4ecf-82b0-d69f6c5a43e9
KANCIL EMAS,01.01.2020.037,PT. SANLEX MALINDO,NPK Padat (SNI),Butiran,Pink,An-organik - Pendaftaran Baru (2018),2020,2025,46eccec8-2718-4ecf-82b0-d69f6c5a43e9
KANCIL EMAS,01.01.2020.056,PT. SANLEX MALINDO,NPK Padat (SNI),Butiran,Pink,An-organik - Pendaftaran Baru (2018),2020,2025,46eccec8-2718-4ecf-82b0-d69f6c5a43e9
ZAMRUD,,CV. Varia Chemika,an-organik,,,An-organik - Pengalihan Nomor Pendaftaran,2020,2025,da47b98e-6770-49fb-b35d-bacab553369c
ZAMRUD,,CV. Varia Chemika,an-organik,,,An-organik - Pengalihan Nomor Pendaftaran,2020,2025,da47b98e-6770-49fb-b35d-bacab553369c
MACARENA,01.02.2020.054,PT. CATUR AGRODAYA MANDIRI,Makro Mikro Campuran,Cair,Coklat,An-organik - Pendaftaran Baru (2018),2020,2025,7e6a63e1-f1cd-49ae-baec-30120b2877f1
PRIMAVIT,01.01.2020.049,UD. PRIMAGRO,NPK Padat (SNI),Butiran,Biru,An-organik - Pendaftaran Baru (2018),2020,2025,baac0661-9be3-424a-bc02-ddb660bcb827
MerokeMIKRO,01.03.2016.054,PT.MEROKE TETAP JAYA,Mikro Tunggal,Tepung,Biru,An-organik - Pendaftaran Baru (2018),2020,2025,a5a2f54e-db06-45ca-acd3-bf7db4701956
MerokeMIKRO,01.03.2018.165,PT.MEROKE TETAP JAYA,Mikro Tunggal,Tepung,Merah Kehitaman,An-organik - Pendaftaran Baru (2018),2020,2025,a5a2f54e-db06-45ca-acd3-bf7db4701956
MerokeSOP,01.03.2018.077,PT.MEROKE TETAP JAYA,Kalium Sulfat,Tepung,Krem,An-organik - Pendaftaran Baru (2018),2020,2025,a5a2f54e-db06-45ca-acd3-bf7db4701956
maxgrow,01.05.2020.084,PT. Parama Agroindustri Danapati,Potassium Nitrat,Prill,Putih,An-organik - Pendaftaran Baru (2018),2020,2025,8e2f672b-5bfd-462c-be7b-b188c1930e15
KANCIL EMAS,01.01.2020.065,PT. SANLEX MALINDO,NPK Padat (SNI),Butiran,Coklat,An-organik - Pendaftaran Baru (2018),2020,2025,46eccec8-2718-4ecf-82b0-d69f6c5a43e9
KANCIL EMAS,01.01.2020.064,PT. SANLEX MALINDO,NPK Padat (SNI),Butiran,Coklat,An-organik - Pendaftaran Baru (2018),2020,2025,46eccec8-2718-4ecf-82b0-d69f6c5a43e9
KANCIL EMAS,01.01.2020.063,PT. SANLEX MALINDO,NPK Padat (SNI),Butiran,Coklat,An-organik - Pendaftaran Baru (2018),2020,2025,46eccec8-2718-4ecf-82b0-d69f6c5a43e9
EKOFOS,01.03.2020.098,PT. Rolimex Kimia Nusamas,Fosfat Alam untuk Pertanian (SNI),Tepung,Coklat Tua,An-organik - Pendaftaran Baru (2018),2020,2025,619f157d-3c34-4e2b-83be-9da23d69d8ec
EKOFOS,01.03.2020.098,PT. Rolimex Kimia Nusamas,Fosfat Alam untuk Pertanian (SNI),Tepung,Coklat Tua,An-organik - Pendaftaran Baru (2018),2020,2025,619f157d-3c34-4e2b-83be-9da23d69d8ec
KEBOMAS,01.01.2020.069,PT Petrokimia Gresik,,Butiran,Kecoklatan,An-organik - Pendaftaran Baru (2018),2020,2025,8259c7aa7427a3aafbc56ffd00cff00e3021
BUNGA TULIP,01.01.2020.079,PT. FERTA INDONESIA PERSADA,Hara Makro dan Mikro Campuran,Butiran,Merah Keputihan/Merah Keabuan,An-organik - Pendaftaran Baru (2018),2020,2025,8e6adc29-176f-4aeb-bdca-56603eb7f8d9
SIDANIK,,PT. Petrosida Gresik,organik,,,Organik/Hayati/Pembenah Tanah - Pengalihan Nomor Pendaftaran,2020,2025,34351c87-ca0f-4674-a8ea-71289155b047
BELLRUSS,01.03.2020.097,PT. MULTI NIAGA NUSANTARA INDONESIA,Kalium Klorida (KCL) (SNI),Tepung,Merah,An-organik - Pendaftaran Baru (2018),2020,2025,2004b629430939f680b316dd09563d4d2182
BELLRUSS,01.03.2020.097,PT. MULTI NIAGA NUSANTARA INDONESIA,Kalium Klorida (KCL) (SNI),Tepung,Merah,An-organik - Pendaftaran Baru (2018),2020,2025,2004b629430939f680b316dd09563d4d2182
FERTIPHOS,01.01.2020.161,CV. SAPROTAN UTAMA,Fosfat Alam untuk Pertanian (SNI),Butiran,"Abu-abu, Hitam",An-organik - Pendaftaran Baru (2018),2020,2025,32a5fc08-615e-4849-9010-dfc08eaec4e8
PN PAK TANI,01.05.2020.121,CV. SAPROTAN UTAMA,Potassium Nitrat,Prill,Putih,An-organik - Pendaftaran Baru (2018),2020,2025,32a5fc08-615e-4849-9010-dfc08eaec4e8
BUNGA TULIP,01.01.2020.080,PT. FERTA INDONESIA PERSADA,Pupuk NK ,Butiran,Merah Keabuan,An-organik - Pendaftaran Baru (2018),2020,2025,8e6adc29-176f-4aeb-bdca-56603eb7f8d9
CIPMAPE,01.01.2020.100,PT. Cipta Makmur Pertiwi,Fosfat Alam untuk Pertanian (SNI),Butiran,"Abu-abu, Hitam, Merah, Kecoklatan",An-organik - Pendaftaran Baru (2018),2020,2025,3f95834b-f146-496b-b46a-f6bf85ce6e69
BUNGA TULIP,01.01.2020.081,PT. FERTA INDONESIA PERSADA,NPK Padat (SNI),Butiran,Hijau,An-organik - Pendaftaran Baru (2018),2020,2025,8e6adc29-176f-4aeb-bdca-56603eb7f8d9
PAK TANI,01.03.2020.152,CV. SAPROTAN UTAMA,Kalium Sulfat (ZK),Tepung,Putih,An-organik - Pendaftaran Baru (2018),2020,2025,32a5fc08-615e-4849-9010-dfc08eaec4e8
RexGrow,01.02.2020.124,PT. Nusa Mandiri Utama,"hara mikro cair Fe: 0,5%, Mn: 3%, Zn: 6%, B: 0,5%",Cair,coklat kemerahan,An-organik - Pendaftaran Baru (2018),2020,2025,6b1a7999-7515-4097-89f6-27a8069e8d46
RexGrow,01.02.2020.124,PT. Nusa Mandiri Utama,"hara mikro cair Fe: 0,5%, Mn: 3%, Zn: 6%, B: 0,5%",Cair,coklat kemerahan,An-organik - Pendaftaran Baru (2018),2020,2025,6b1a7999-7515-4097-89f6-27a8069e8d46
RexGrow,01.01.2020.125,PT. Nusa Mandiri Utama,Nitrogen Phosphate,Butiran,putih dan hijau,An-organik - Pendaftaran Baru (2018),2020,2025,6b1a7999-7515-4097-89f6-27a8069e8d46
RexGrow,01.01.2020.125,PT. Nusa Mandiri Utama,Nitrogen Phosphate,Butiran,putih dan hijau,An-organik - Pendaftaran Baru (2018),2020,2025,6b1a7999-7515-4097-89f6-27a8069e8d46
MerokeMIKRO,01.03.2016.053,PT.MEROKE TETAP JAYA,Mikro Tunggal,Tepung,Kuning,An-organik - Pendaftaran Baru (2018),2020,2025,a5a2f54e-db06-45ca-acd3-bf7db4701956
MerokeMOP,01.03.2018.254,PT.MEROKE TETAP JAYA,Kalium Klorida (KCL) (SNI),Tepung,"Merah Muda, Putih",An-organik - Pendaftaran Baru (2018),2020,2025,a5a2f54e-db06-45ca-acd3-bf7db4701956
ABABIL,01.01.2020.073,PT. Agro Nusantara Indonesia,Fosfat Alam untuk Pertanian (SNI),Butiran,"Coklat Kekuningan, Abu-abu",An-organik - Pendaftaran Baru (2018),2020,2025,bb37937f-0268-4c86-bfae-a7e67378958a
BAHARI,01.01.2020.072,CV. Jaya Tani,NPK Padat (SNI),Butiran,Merah,An-organik - Pendaftaran Baru (2018),2020,2025,032ec707fb856da16d592b81bfb82c3b8011
PAK TANI,01.01.2017.104,CV. SAPROTAN UTAMA,Amonium Sulfat (ZA) (SNI) ,Butiran,Putih,An-organik - Pendaftaran Baru (2018),2020,2025,32a5fc08-615e-4849-9010-dfc08eaec4e8
HOLLAND PAK TANI,01.01.2015.169,CV. SAPROTAN UTAMA,NPK Padat (SNI),Butiran,Merah Muda,An-organik - Pendaftaran Baru (2018),2020,2025,32a5fc08-615e-4849-9010-dfc08eaec4e8
MAGNESIUM SULFATE PAK TANI,01.03.2020.112,CV. SAPROTAN UTAMA,Kiserit,Tepung,Putih,An-organik - Pendaftaran Baru (2018),2020,2025,32a5fc08-615e-4849-9010-dfc08eaec4e8
MENTARI,01.08.2020.082,PT. Permata Agro Persada,Amonium Sulfat (ZA) (SNI) ,Kristal,Putih,An-organik - Pendaftaran Baru (2018),2020,2025,d6995698-8fd6-4d4e-81b6-f09a2d303f26
JUHAR,01.03.2020.085,CV. Ruthani Mandiri,PK,Padat Tepung,Kuning Kecoklatan,An-organik - Pendaftaran Baru (2018),2020,2025,6e505fec-8df6-405d-84f7-aa7d6cf4c633
BLACK HORSE,01.01.2020.083,PT TOYA INDO MANUNGGAL,Diammonium Phosphate,Butiran,ABU-ABU/HITAM KECOKLATAN,An-organik - Pendaftaran Baru (2018),2020,2025,5358b90b-153f-485d-8c08-10071338d0fe
STOUT,01.02.2020.086,PT. RIZKY FAJAR AGRO,NPK Cair,Cair,Merah,An-organik - Pendaftaran Baru (2018),2020,2025,e48de99d-005d-43b8-89e6-2d174382adf4
CAP DAUN,01.01.2020.101,PT. AGRO TRADISI,NK  17 - 28,Butiran,Orange,An-organik - Pendaftaran Baru (2018),2020,2025,0c0eb372-bad4-47dc-b7e1-4fb2e186274c
CAP DAUN,01.01.2020.101,PT. AGRO TRADISI,NK  17 - 28,Butiran,Orange,An-organik - Pendaftaran Baru (2018),2020,2025,0c0eb372-bad4-47dc-b7e1-4fb2e186274c
PRIMASIL,01.02.2020.105,PT PRIMASID ANDALAN UTAMA,NPK Cair,Cair,Hijau,An-organik - Pendaftaran Baru (2018),2020,2025,b47320701e7a92974ef86577f01842d57272
PRIMASIL,01.02.2020.105,PT PRIMASID ANDALAN UTAMA,NPK Cair,Cair,Hijau,An-organik - Pendaftaran Baru (2018),2020,2025,b47320701e7a92974ef86577f01842d57272
BUAMAX,01.01.2020.099,PT. HANAMPI SEJAHTERA KAHURIPAN,NPK Padat (SNI),Butiran,"Abu-abu, Merah, Coklat, Biru",An-organik - Pendaftaran Baru (2018),2020,2025,ab602e40-08fa-483a-a5f6-66810d0530e3
BUAMAX,01.01.2020.099,PT. HANAMPI SEJAHTERA KAHURIPAN,NPK Padat (SNI),Butiran,"Abu-abu, Merah, Coklat, Biru",An-organik - Pendaftaran Baru (2018),2020,2025,ab602e40-08fa-483a-a5f6-66810d0530e3
SAPI LIAR,01.01.2020.096,PT. Centra Agro Pratama,NPK Padat (SNI),Butiran,MERAH,An-organik - Pendaftaran Baru (2018),2020,2025,27cfeb4c6002d05cdab676e5d69c7aaa2410
maxgrow,01.05.2020.120,PT. Parama Agroindustri Danapati,Potassium Nitrat,Prill,Putih,An-organik - Pendaftaran Baru (2018),2020,2025,8e2f672b-5bfd-462c-be7b-b188c1930e15
maxgrow,01.05.2020.120,PT. Parama Agroindustri Danapati,Potassium Nitrat,Prill,Putih,An-organik - Pendaftaran Baru (2018),2020,2025,8e2f672b-5bfd-462c-be7b-b188c1930e15
LAO YING,01.08.2020.113,PT. MEST INDONESIY,Amonium Sulfat (ZA) (SNI) ,Kristal,Putih Kekuningan,An-organik - Pendaftaran Baru (2018),2020,2025,bb03ab12-99e8-46cb-91a4-f237f3ce0ffd
GL Nutrition,01.03.2020.133,CV. Duta Surya Alam,Makro Mikro Campuran,Tepung,Putih ,An-organik - Pendaftaran Baru (2018),2020,2025,289cc95f-1e25-4b05-bc88-4b4ccc97d1df
GL Nutrition,01.03.2020.133,CV. Duta Surya Alam,Makro Mikro Campuran,Tepung,Putih ,An-organik - Pendaftaran Baru (2018),2020,2025,289cc95f-1e25-4b05-bc88-4b4ccc97d1df
LAO YING,01.01.2020.136,PT. MEST INDONESIY,NPK Padat (SNI),Butiran,"Kebiru-biruan, Pink",An-organik - Pendaftaran Baru (2018),2020,2025,bb03ab12-99e8-46cb-91a4-f237f3ce0ffd
LAO YING,01.01.2020.116,PT. MEST INDONESIY,Kalium Klorida (KCL) (SNI),Butiran,"Putih Keabuan, Merah",An-organik - Pendaftaran Baru (2018),2020,2025,bb03ab12-99e8-46cb-91a4-f237f3ce0ffd
LAO YING,01.03.2020.116,PT. MEST INDONESIY,Kalium Klorida (KCL) (SNI),Butiran,"Putih Keabuan, Merah",An-organik - Pendaftaran Baru (2018),2020,2025,bb03ab12-99e8-46cb-91a4-f237f3ce0ffd
LAO YING,01.01.2020.115,PT. MEST INDONESIY,Triple Super Fosfat (TSP) (SNI),Padat Butiran,"Putih Keabuan, Hitam",An-organik - Pendaftaran Baru (2018),2020,2025,bb03ab12-99e8-46cb-91a4-f237f3ce0ffd
LAO YING,01.03.2020.150,PT. MEST INDONESIY,Magnesium Sulphate,Padat Tepung,Putih Keabu-abuan,An-organik - Pendaftaran Baru (2018),2020,2025,bb03ab12-99e8-46cb-91a4-f237f3ce0ffd
LAO YING,01.03.2020.145,PT. MEST INDONESIY,Fosfat Alam untuk Pertanian (SNI),Padat Tepung,Putih Keabuan,An-organik - Pendaftaran Baru (2018),2020,2025,bb03ab12-99e8-46cb-91a4-f237f3ce0ffd
BIANGLALA,01.01.2020.114,PT Bumi Indo Raharja,NPK Padat (SNI),Butiran,"Campuran putih, merah, hitam, coklat (blending)",An-organik - Pendaftaran Baru (2018),2020,2025,931cce2c-95d5-4fc9-b377-4f8d27df795f
BIANGLALA,01.01.2020.117,PT Bumi Indo Raharja,NPK Padat (SNI),Butiran,"Campuran putih, merah, hitam, coklat (blending)",An-organik - Pendaftaran Baru (2018),2020,2025,931cce2c-95d5-4fc9-b377-4f8d27df795f
BIANGLALA,01.01.2020.117,PT Bumi Indo Raharja,NPK Padat (SNI),Butiran,"Campuran putih, merah, hitam, coklat (blending)",An-organik - Pendaftaran Baru (2018),2020,2025,931cce2c-95d5-4fc9-b377-4f8d27df795f
BIANGLALA,01.01.2020.118,PT Bumi Indo Raharja,NPK Padat (SNI),Butiran,"Campuran putih, merah, hitam, coklat (blending)",An-organik - Pendaftaran Baru (2018),2020,2025,931cce2c-95d5-4fc9-b377-4f8d27df795f
BIANGLALA,01.01.2020.118,PT Bumi Indo Raharja,NPK Padat (SNI),Butiran,"Campuran putih, merah, hitam, coklat (blending)",An-organik - Pendaftaran Baru (2018),2020,2025,931cce2c-95d5-4fc9-b377-4f8d27df795f
AKP,01.01.2020.119,PT. ASIA KIMINDO PRIMA,Ammonium chlorida,Butiran,Putih,An-organik - Pendaftaran Baru (2018),2020,2025,8215e259-e648-4363-a6e2-d376c19cf345
Ge Lite,01.01.2020.135,PT ARIGOLD YOOHA CORP,"Hara Makro Sekunder MgO, CaO",Butiran,Coklat dan Abu-abu,An-organik - Pendaftaran Baru (2018),2020,2025,670a54ab-985b-4473-a062-114e72312ed6
Ge Lite,01.01.2020.135,PT ARIGOLD YOOHA CORP,"Hara Makro Sekunder MgO, CaO",Butiran,Coklat dan Abu-abu,An-organik - Pendaftaran Baru (2018),2020,2025,670a54ab-985b-4473-a062-114e72312ed6
NuTree-Up,01.02.2020.122,PT. Alam Lestari Maju Indonesia,,Cair,Biru Muda,An-organik - Pendaftaran Baru (2018),2020,2025,78d3425127b884db94af363e9881326a1580
RexGrow,01.02.2020.123,PT. Nusa Mandiri Utama,NPK cair + Zn-B,Cair,bening,An-organik - Pendaftaran Baru (2018),2020,2025,6b1a7999-7515-4097-89f6-27a8069e8d46
RexGrow,01.02.2020.123,PT. Nusa Mandiri Utama,NPK cair + Zn-B,Cair,bening,An-organik - Pendaftaran Baru (2018),2020,2025,6b1a7999-7515-4097-89f6-27a8069e8d46
4R-CINAL,01.03.2020.131,CV. Nusa Nur Agro,NPK Padat (SNI),Tepung,Merah Muda,An-organik - Pendaftaran Baru (2018),2020,2025,d62bc1906cf27adf879f2983115b782c2679
4R-CINAL,01.03.2020.131,CV. Nusa Nur Agro,NPK Padat (SNI),Tepung,Merah Muda,An-organik - Pendaftaran Baru (2018),2020,2025,d62bc1906cf27adf879f2983115b782c2679
maxgrow,01.08.2020.130,PT. Parama Agroindustri Danapati,Mono Potassium Phosphate,Kristal,Putih,An-organik - Pendaftaran Baru (2018),2020,2025,8e2f672b-5bfd-462c-be7b-b188c1930e15
maxgrow,01.08.2020.130,PT. Parama Agroindustri Danapati,Mono Potassium Phosphate,Kristal,Putih,An-organik - Pendaftaran Baru (2018),2020,2025,8e2f672b-5bfd-462c-be7b-b188c1930e15
maxgrow,01.01.2020.129,PT. Parama Agroindustri Danapati,Potassium Nitrat,Butiran,Merah,An-organik - Pendaftaran Baru (2018),2020,2025,8e2f672b-5bfd-462c-be7b-b188c1930e15
maxgrow,01.01.2020.129,PT. Parama Agroindustri Danapati,Potassium Nitrat,Butiran,Merah,An-organik - Pendaftaran Baru (2018),2020,2025,8e2f672b-5bfd-462c-be7b-b188c1930e15
AKASIA,01.03.2020.127,PT.Antariksa Nusantara Indonesia Group,NK,Tepung,"Merah, Coklat Natural, Putih.",An-organik - Pendaftaran Baru (2018),2020,2025,9d630f68-47d6-427a-8b5a-b10ec7054bc6
AKASIA,01.03.2020.127,PT.Antariksa Nusantara Indonesia Group,NK,Tepung,"Merah, Coklat Natural, Putih.",An-organik - Pendaftaran Baru (2018),2020,2025,9d630f68-47d6-427a-8b5a-b10ec7054bc6
BUAMAX,01.01.2020.128,PT. HANAMPI SEJAHTERA KAHURIPAN,NPK Padat (SNI),Butiran,"Abu-Abu, Coklat, Hijau, Hitam, Biru, Putih",An-organik - Pendaftaran Baru (2018),2020,2025,ab602e40-08fa-483a-a5f6-66810d0530e3
AKP,01.01.2020.126,PT. ASIA KIMINDO PRIMA,Kalium Klorida (KCL) (SNI),Butiran,Putih dan Merah,An-organik - Pendaftaran Baru (2018),2020,2025,8215e259-e648-4363-a6e2-d376c19cf345
AKP,01.01.2020.126,PT. ASIA KIMINDO PRIMA,Kalium Klorida (KCL) (SNI),Butiran,Putih dan Merah,An-organik - Pendaftaran Baru (2018),2020,2025,8215e259-e648-4363-a6e2-d376c19cf345
BIANGLALA,01.01.2020.138,PT Bumi Indo Raharja,NPK Padat (SNI),Butiran,"Campuran putih, merah, hitam, coklat (blending)",An-organik - Pendaftaran Baru (2018),2020,2025,931cce2c-95d5-4fc9-b377-4f8d27df795f
COMPACTION DGW,01.01.2020.134,PT. Hextar Fertilizer Indonesia,Potassium Nitrat,Butiran,Coklat kemerahan,An-organik - Pendaftaran Baru (2018),2020,2025,c8a04f82-4325-438e-b9a9-fbd339f00068
COMPACTION DGW,01.01.2020.134,PT. Hextar Fertilizer Indonesia,Potassium Nitrat,Butiran,Coklat kemerahan,An-organik - Pendaftaran Baru (2018),2020,2025,c8a04f82-4325-438e-b9a9-fbd339f00068
POHON SERAI,01.03.2020.140,UD. Makmur Jaya,Hara Makro Sekunder MgO (Magnesium),Tepung,Abu-abu,An-organik - Pendaftaran Baru (2018),2020,2025,65ac4d7ac5228ad185570fe2d39424639408
BIANGLALA,01.01.2020.139,PT Bumi Indo Raharja,NPK Padat (SNI),Butiran,"Campuran putih, merah, hitam, coklat (blending)",An-organik - Pendaftaran Baru (2018),2020,2025,931cce2c-95d5-4fc9-b377-4f8d27df795f
Pamafert,01.04.2020.141,PT SRI REJEKI FERTILIZER,NPK Padat (SNI),Tablet,Merah Muda,An-organik - Pendaftaran Baru (2018),2020,2025,27cfeb4c6002d05cdab676e5d69c7aaa8820
LOONGZOU,01.03.2020.147,PT. Sasco Indonesia,Fosfat Alam untuk Pertanian (SNI),Tepung,Coklat,An-organik - Pendaftaran Baru (2018),2020,2025,5f3559b5-945e-4d3a-9fe9-b4a089c200fa
CIPMAPE,01.01.2020.156,PT. Cipta Makmur Pertiwi,Fosfat Alam untuk Pertanian (SNI),Butiran,"Abu-abu, Merah",An-organik - Pendaftaran Baru (2018),2020,2025,3f95834b-f146-496b-b46a-f6bf85ce6e69
CIPMAPE,01.01.2020.156,PT. Cipta Makmur Pertiwi,Fosfat Alam untuk Pertanian (SNI),Butiran,"Abu-abu, Merah",An-organik - Pendaftaran Baru (2018),2020,2025,3f95834b-f146-496b-b46a-f6bf85ce6e69
PAK TANI,01.01.2020.153,CV. SAPROTAN UTAMA,NPK Padat (SNI),Butiran,Coklat,An-organik - Pendaftaran Baru (2018),2020,2025,32a5fc08-615e-4849-9010-dfc08eaec4e8
BELLRUSS,01.03.2020.155,PT. MULTI NIAGA NUSANTARA INDONESIA,Fosfat Alam untuk Pertanian (SNI),Tepung,"Coklat, Coklat Muda, Coklat Tua",An-organik - Pendaftaran Baru (2018),2020,2025,2004b629430939f680b316dd09563d4d2182
PRIMATAN,01.03.2020.151,UD. PRIMAGRO,Mikro Majemuk Padat Tepung,Tepung,Coklat Kehitaman,An-organik - Pendaftaran Baru (2018),2020,2025,baac0661-9be3-424a-bc02-ddb660bcb827
Pamafert,01.04.2020.149,PT SRI REJEKI FERTILIZER,NPK Padat (SNI),Tablet,Merah Muda,An-organik - Pendaftaran Baru (2018),2020,2025,27cfeb4c6002d05cdab676e5d69c7aaa8820
MerokeMAG-S,01.03.2016.086,PT.MEROKE TETAP JAYA,Makro Majemuk ,Tepung,Putih,An-organik - Pendaftaran Baru (2018),2020,2025,a5a2f54e-db06-45ca-acd3-bf7db4701956
LOONGZOU,01.01.2020.154,PT. Sasco Indonesia,Kieserit,Butiran,"Putih,Coklat",An-organik - Pendaftaran Baru (2018),2020,2025,5f3559b5-945e-4d3a-9fe9-b4a089c200fa
LOONGZOU,01.03.2020.157,PT. Sasco Indonesia,Fosfat Alam untuk Pertanian (SNI),Tepung,Coklat,An-organik - Pendaftaran Baru (2018),2020,2025,5f3559b5-945e-4d3a-9fe9-b4a089c200fa
LOONGZOU,01.03.2020.157,PT. Sasco Indonesia,Fosfat Alam untuk Pertanian (SNI),Tepung,Coklat,An-organik - Pendaftaran Baru (2018),2020,2025,5f3559b5-945e-4d3a-9fe9-b4a089c200fa
JADI MAS,01.01.2020.160,PT JADI MAS,NPK Padat (SNI),Butiran,Kuning,An-organik - Pendaftaran Baru (2018),2020,2025,2004b629430939f680b316dd09563d4d3955
JADI MAS,01.01.2020.159,PT JADI MAS,NPK Padat (SNI),Butiran,Hijau,An-organik - Pendaftaran Baru (2018),2020,2025,2004b629430939f680b316dd09563d4d3955
PUSRI,01.01.2020.158,PT PUPUK SRIWIDJAJA PALEMBANG,NPK Padat (SNI),Butiran,"Coklat, Coklat Kemerahan, Biru, Abu-Abu, Hitam",An-organik - Pendaftaran Baru (2018),2020,2025,0c496ac58b4898b510132b58728761672643
