nomor_pendaftaran,nama_produk,jenis_anomali,teks,keterangan
01010120217194,BROFREYA 53 SC,rekaman-kembar-dibuang,id=453c3848-945e-4ac1-a904-95af8d6d92ee,"Salinan identik rekaman ke-2046; yang dipertahankan op:prd:00003046, yang dibuang rekaman ke-2047 = op:prd:00003047. Bersamanya ikut 2 entri bahan aktif dan 0 entri komoditas. Catatan: op:prd yang dibuang tetap ada di vocab/product/pestisida.ndjson — NDJSON itu dibangun dari tarikan yang belum didedup, jadi ia tidak akan punya baris di sini."
06080120165523,NOMOS 0.041MC,rekaman-kembar-dibuang,id=4d9a2451-38bf-4654-9494-8430d13ffe4f,"Salinan identik rekaman ke-2311; yang dipertahankan op:prd:00003311, yang dibuang rekaman ke-2312 = op:prd:00003312. Bersamanya ikut 11 entri bahan aktif dan 2 entri komoditas. Catatan: op:prd yang dibuang tetap ada di vocab/product/pestisida.ndjson — NDJSON itu dibangun dari tarikan yang belum didedup, jadi ia tidak akan punya baris di sini."
06080120165523,NOMOS 0.041MC,rekaman-kembar-dibuang,id=4d9a2451-38bf-4654-9494-8430d13ffe4f,"Salinan identik rekaman ke-2311; yang dipertahankan op:prd:00003311, yang dibuang rekaman ke-2313 = op:prd:00003313. Bersamanya ikut 11 entri bahan aktif dan 2 entri komoditas. Catatan: op:prd yang dibuang tetap ada di vocab/product/pestisida.ndjson — NDJSON itu dibangun dari tarikan yang belum didedup, jadi ia tidak akan punya baris di sini."
04199141,PROPOXUR 98 TC,rekaman-kembar-dibuang,id=5a8f5e0d-1ccc-4368-acef-c206a9cd0149,"Salinan identik rekaman ke-2683; yang dipertahankan op:prd:00003683, yang dibuang rekaman ke-2684 = op:prd:00003684. Bersamanya ikut 4 entri bahan aktif dan 1 entri komoditas. Catatan: op:prd yang dibuang tetap ada di vocab/product/pestisida.ndjson — NDJSON itu dibangun dari tarikan yang belum didedup, jadi ia tidak akan punya baris di sini."
01030120072722,BOM-UP 520 SL,rekaman-kembar-dibuang,id=70850c9d-56ac-4947-89e9-a042a000fb3d,"Salinan identik rekaman ke-3363; yang dipertahankan op:prd:00004363, yang dibuang rekaman ke-3364 = op:prd:00004364. Bersamanya ikut 1 entri bahan aktif dan 9 entri komoditas. Catatan: op:prd yang dibuang tetap ada di vocab/product/pestisida.ndjson — NDJSON itu dibangun dari tarikan yang belum didedup, jadi ia tidak akan punya baris di sini."
01020120124452,ESTRAGO 250 SC,rekaman-kembar-dibuang,id=ac4ff3d1-6580-4978-bd41-639c97c2483f,"Salinan identik rekaman ke-5115; yang dipertahankan op:prd:00006115, yang dibuang rekaman ke-5116 = op:prd:00006116. Bersamanya ikut 6 entri bahan aktif dan 1 entri komoditas. Catatan: op:prd yang dibuang tetap ada di vocab/product/pestisida.ndjson — NDJSON itu dibangun dari tarikan yang belum didedup, jadi ia tidak akan punya baris di sini."
01010120011637,SIDIN 50 EC,rekaman-kembar-dibuang,id=b19b54c9-74ba-47f1-9acc-f8fb057e37fb,"Salinan identik rekaman ke-5284; yang dipertahankan op:prd:00006284, yang dibuang rekaman ke-5285 = op:prd:00006285. Bersamanya ikut 3 entri bahan aktif dan 0 entri komoditas. Catatan: op:prd yang dibuang tetap ada di vocab/product/pestisida.ndjson — NDJSON itu dibangun dari tarikan yang belum didedup, jadi ia tidak akan punya baris di sini."
01010120165571,MANCO 80 WP,rekaman-kembar-dibuang,id=dccf6f05-abaf-4b86-999c-e57433f4a33b,"Salinan identik rekaman ke-6626; yang dipertahankan op:prd:00007626, yang dibuang rekaman ke-6627 = op:prd:00007627. Bersamanya ikut 1 entri bahan aktif dan 1 entri komoditas. Catatan: op:prd yang dibuang tetap ada di vocab/product/pestisida.ndjson — NDJSON itu dibangun dari tarikan yang belum didedup, jadi ia tidak akan punya baris di sini."
032012270,MILESTONE 240 SL,rekaman-kembar-dibuang,id=fc249508-cd1c-4c31-be4c-5e58871fdc17,"Salinan identik rekaman ke-7598; yang dipertahankan op:prd:00008598, yang dibuang rekaman ke-7599 = op:prd:00008599. Bersamanya ikut 3 entri bahan aktif dan 1 entri komoditas. Catatan: op:prd yang dibuang tetap ada di vocab/product/pestisida.ndjson — NDJSON itu dibangun dari tarikan yang belum didedup, jadi ia tidak akan punya baris di sini."
06090120093514,ALFA 30 EC,baris-bukan-nama-ilmiah,Kalimat peringatan:,Baris ke-2 pada latinHamaKomoditas; tidak dijadikan OPT.
06090120093514,ALFA 30 EC,baris-bukan-nama-ilmiah,"Tidak boleh digunakan oleh perorangan, hanya digunakan oleh petugas Dinas Kesehatan/pest control",Baris ke-3 pada latinHamaKomoditas; tidak dijadikan OPT.
042018527,ETEPHON 85 TC,entri-tanpa-sasaran,,Seluruh medan sasaran kosong — lazim pada bahan teknis (TC) yang didaftarkan tanpa penggunaan berlabel.
0420241350,PREVENTOL BO,entri-tanpa-sasaran,,Seluruh medan sasaran kosong — lazim pada bahan teknis (TC) yang didaftarkan tanpa penggunaan berlabel.
01030120134713,ROUNDUP POWERMAX 660 SL,kadar-kolom-bukan-angka,2 jam setelah semprot,"satuanPestisida=""-""; ditolak: satuan-bukan-satuan. Teksnya dipertahankan pada dosis_teks."
01030120134713,ROUNDUP POWERMAX 660 SL,kadar-kolom-bukan-angka,2 jam setelah semprot,"satuanPestisida=""-""; ditolak: satuan-bukan-satuan. Teksnya dipertahankan pada dosis_teks."
01030120134713,ROUNDUP POWERMAX 660 SL,kadar-kolom-bukan-angka,2 jam setelah semprot,"satuanPestisida=""-""; ditolak: satuan-bukan-satuan. Teksnya dipertahankan pada dosis_teks."
01030120134713,ROUNDUP POWERMAX 660 SL,kadar-kolom-bukan-angka,2 jam setelah semprot,"satuanPestisida=""-""; ditolak: satuan-bukan-satuan. Teksnya dipertahankan pada dosis_teks."
01030120134713,ROUNDUP POWERMAX 660 SL,kadar-kolom-bukan-angka,2 jam setelah semprot,"satuanPestisida=""-""; ditolak: satuan-bukan-satuan. Teksnya dipertahankan pada dosis_teks."
042001122,"2,4-D IPA 60 TC",kadar-kolom-bukan-angka,-,"satuanPestisida=""%""; ditolak: tidak-cocok-pola. Teksnya dipertahankan pada dosis_teks."
0420231140,Propiconazole 95% TC.,entri-tanpa-sasaran,,Seluruh medan sasaran kosong — lazim pada bahan teknis (TC) yang didaftarkan tanpa penggunaan berlabel.
0420231138,NIKOSULFURON 95 TC,entri-tanpa-sasaran,,Seluruh medan sasaran kosong — lazim pada bahan teknis (TC) yang didaftarkan tanpa penggunaan berlabel.
032025584,CARBOFURAN 3 GR,entri-tanpa-sasaran,,Seluruh medan sasaran kosong — lazim pada bahan teknis (TC) yang didaftarkan tanpa penggunaan berlabel.
0420231196,PARAQUAT DICHLORIDE 42 TC,entri-tanpa-sasaran,,Seluruh medan sasaran kosong — lazim pada bahan teknis (TC) yang didaftarkan tanpa penggunaan berlabel.
042021978,CHLOROTHALONIL 98 TC,entri-tanpa-sasaran,,Seluruh medan sasaran kosong — lazim pada bahan teknis (TC) yang didaftarkan tanpa penggunaan berlabel.
0420221118,Innosei ® PHMB,entri-tanpa-sasaran,,Seluruh medan sasaran kosong — lazim pada bahan teknis (TC) yang didaftarkan tanpa penggunaan berlabel.
0420231211,PREVENTOL WB PLUS-L,entri-tanpa-sasaran,,Seluruh medan sasaran kosong — lazim pada bahan teknis (TC) yang didaftarkan tanpa penggunaan berlabel.
032024568,"2,4-D 98 TC",entri-tanpa-sasaran,,Seluruh medan sasaran kosong — lazim pada bahan teknis (TC) yang didaftarkan tanpa penggunaan berlabel.
0420231158,INNOMAN ® BT 20,entri-tanpa-sasaran,,Seluruh medan sasaran kosong — lazim pada bahan teknis (TC) yang didaftarkan tanpa penggunaan berlabel.
0420231247,CARBOSULFAN 90 TC,entri-tanpa-sasaran,,Seluruh medan sasaran kosong — lazim pada bahan teknis (TC) yang didaftarkan tanpa penggunaan berlabel.
0420251465,S-METOLAKLOR 98 TC,entri-tanpa-sasaran,,Seluruh medan sasaran kosong — lazim pada bahan teknis (TC) yang didaftarkan tanpa penggunaan berlabel.
0420251470,Innosei ® QAC,entri-tanpa-sasaran,,Seluruh medan sasaran kosong — lazim pada bahan teknis (TC) yang didaftarkan tanpa penggunaan berlabel.
042012289,IPA GLYPHOSATE 62 TC,entri-tanpa-sasaran,,Seluruh medan sasaran kosong — lazim pada bahan teknis (TC) yang didaftarkan tanpa penggunaan berlabel.
0420241320,NITENPIRAM 95 TC,entri-tanpa-sasaran,,Seluruh medan sasaran kosong — lazim pada bahan teknis (TC) yang didaftarkan tanpa penggunaan berlabel.
032024550,AMFAST 200 SL,entri-tanpa-sasaran,,Seluruh medan sasaran kosong — lazim pada bahan teknis (TC) yang didaftarkan tanpa penggunaan berlabel.
0420231189,"KUMATETRALIL 0,75 TP",entri-tanpa-sasaran,,Seluruh medan sasaran kosong — lazim pada bahan teknis (TC) yang didaftarkan tanpa penggunaan berlabel.
042017458,BIOBAN™ BP-30 Preservative,entri-tanpa-sasaran,,Seluruh medan sasaran kosong — lazim pada bahan teknis (TC) yang didaftarkan tanpa penggunaan berlabel.
01010119951192,REGENT 50 SC,baris-bukan-nama-ilmiah,Perlakuan benih:,Baris ke-2 pada latinHamaKomoditas; tidak dijadikan OPT.
01010119951192,REGENT 50 SC,baris-bukan-nama-ilmiah,"12,5 ml/kg benih",Baris ke-3 pada latinHamaKomoditas; tidak dijadikan OPT.
01010119951192,REGENT 50 SC,baris-bukan-nama-ilmiah,Penyemprotan volume tinggi:,Baris ke-4 pada latinHamaKomoditas; tidak dijadikan OPT.
01010119951192,REGENT 50 SC,baris-bukan-nama-ilmiah,"0,25 - 0,5 l/ha",Baris ke-5 pada latinHamaKomoditas; tidak dijadikan OPT.
01010119951192,REGENT 50 SC,baris-bukan-nama-ilmiah,Perlakuan benih:,Baris ke-2 pada latinHamaKomoditas; tidak dijadikan OPT.
01010119951192,REGENT 50 SC,baris-bukan-nama-ilmiah,"18,75 -25 ml/kg benih",Baris ke-3 pada latinHamaKomoditas; tidak dijadikan OPT.
01010119951192,REGENT 50 SC,baris-bukan-nama-ilmiah,Penyemprotan volume tinggi:,Baris ke-4 pada latinHamaKomoditas; tidak dijadikan OPT.
01010119951192,REGENT 50 SC,baris-bukan-nama-ilmiah,3 ml/1,Baris ke-5 pada latinHamaKomoditas; tidak dijadikan OPT.
01030120134624,DAMISAT 620 SL,dosis-bentrok,"kolom=""1,125 - 2,25 l/ha"" kurung=""1,5 - 2,25 l/ha""","Komoditas ""Kelapa Sawit TBM"", OPT ""Paspalum conjugatum"". Kolom yang dipakai."
032022530,HIT 0.29 AE,entri-tanpa-sasaran,,Seluruh medan sasaran kosong — lazim pada bahan teknis (TC) yang didaftarkan tanpa penggunaan berlabel.
032019443,ACANTO 250 SC,kadar-kolom-bukan-angka,Kebutuhan Ekspor,"satuanPestisida=""""; ditolak: tidak-cocok-pola. Teksnya dipertahankan pada dosis_teks."
06090120124325,TENOPA 30/30 SC,kadar-kolom-bukan-angka,"Penyemprotan residual s/d 8 minggu: 2,5 ml/l","satuanPestisida=""-""; ditolak: tidak-cocok-pola. Teksnya dipertahankan pada dosis_teks."
06090120124325,TENOPA 30/30 SC,baris-bukan-nama-ilmiah,Kalimat peringatan:,Baris ke-2 pada latinHamaKomoditas; tidak dijadikan OPT.
06090120124325,TENOPA 30/30 SC,baris-bukan-nama-ilmiah,Tidak boleh digunakan oleh,Baris ke-3 pada latinHamaKomoditas; tidak dijadikan OPT.
06090120124325,TENOPA 30/30 SC,baris-bukan-nama-ilmiah,"perorangan, hanya digunakan",Baris ke-4 pada latinHamaKomoditas; tidak dijadikan OPT.
06090120124325,TENOPA 30/30 SC,baris-bukan-nama-ilmiah,oleh petugas Dinas Kesehatan/,Baris ke-5 pada latinHamaKomoditas; tidak dijadikan OPT.
06090120124325,TENOPA 30/30 SC,baris-bukan-nama-ilmiah,pest control,Baris ke-6 pada latinHamaKomoditas; tidak dijadikan OPT.
06090120124325,TENOPA 30/30 SC,kadar-kolom-bukan-angka,Penyemprotan residual s/d 8 minggu: 10 ml/l,"satuanPestisida=""-""; ditolak: tidak-cocok-pola. Teksnya dipertahankan pada dosis_teks."
06090120124325,TENOPA 30/30 SC,kadar-kolom-bukan-angka,"Penyemprotan residual s/d 8 minggu: 2,5 ml/l","satuanPestisida=""-""; ditolak: tidak-cocok-pola. Teksnya dipertahankan pada dosis_teks."
06090120124325,TENOPA 30/30 SC,kadar-kolom-bukan-angka,Penyemprotan residual s/d 8 minggu: 20 ml/l,"satuanPestisida=""-""; ditolak: tidak-cocok-pola. Teksnya dipertahankan pada dosis_teks."
06090120124325,TENOPA 30/30 SC,kadar-kolom-bukan-angka,Penyemprotan residual s/d 8 minggu: 20 ml/l,"satuanPestisida=""-""; ditolak: tidak-cocok-pola. Teksnya dipertahankan pada dosis_teks."
01040120042264,GIBGRO 10 SP,kadar-kolom-bukan-angka,10 ppm (50 g/ha) 20 HST dan 40 HST,"satuanPestisida=""-""; ditolak: satuan-terlalu-panjang. Teksnya dipertahankan pada dosis_teks."
042018664,TRICLOPYR BUTOTYL 95 TC,kadar-kolom-bukan-angka,-,"satuanPestisida=""%""; ditolak: tidak-cocok-pola. Teksnya dipertahankan pada dosis_teks."
01030120269624,PILARSTOP 450 CS,dosis-bentrok,"kolom=""0.9 - 1.8 l/ha"" kurung=""1,2 - 1,8 l/ha""","Komoditas ""Budidaya bawang merah"", OPT ""Axonopus compressus"". Kolom yang dipakai."
01030120269624,PILARSTOP 450 CS,dosis-bentrok,"kolom=""0.9 - 1.8 l/ha"" kurung=""1,2 - 1,8 l/ha""","Komoditas ""Budidaya bawang merah"", OPT ""Digitaria ciliaris"". Kolom yang dipakai."
01030120269624,PILARSTOP 450 CS,dosis-bentrok,"kolom=""0.9 - 1.8 l/ha"" kurung=""1,2 - 1,8 l/ha""","Komoditas ""Budidaya bawang merah"", OPT ""Cynodon dactylon"". Kolom yang dipakai."
06090120186047,JOLT 25 EC,kadar-kolom-bukan-angka,1 l/20 l air untuk 50 ml/m2 s.d. 4 minggu,"satuanPestisida=""-""; ditolak: satuan-terlalu-panjang. Teksnya dipertahankan pada dosis_teks."
06090120186047,JOLT 25 EC,kurung-bukan-dosis,1 l/20 l air untuk 50 ml/m2 s.d. 4 minggu,Ditolak: satuan-terlalu-panjang.
06090120186047,JOLT 25 EC,kadar-kolom-bukan-angka,1 l/20 l air untuk 50 ml/m2 s.d. 4 minggu,"satuanPestisida=""-""; ditolak: satuan-terlalu-panjang. Teksnya dipertahankan pada dosis_teks."
06090120186047,JOLT 25 EC,kurung-bukan-dosis,1 l/20 l air untuk 50 ml/m2 s.d. 4 minggu,Ditolak: satuan-terlalu-panjang.
06090120186047,JOLT 25 EC,kadar-kolom-bukan-angka,"2.5 2,5 ml/l air untuk 50 ml/m2 s.d 4 minggu","satuanPestisida=""-""; ditolak: satuan-diawali-bukan-huruf. Teksnya dipertahankan pada dosis_teks."
06090120186047,JOLT 25 EC,kurung-bukan-dosis,"2,5 ml/l air untuk 50 ml/m2 s.d. 4 minggu",Ditolak: satuan-terlalu-panjang.
06090120186047,JOLT 25 EC,kadar-kolom-bukan-angka,"2,5 ml/l air untuk 50 ml/m2 s.d. 4 minggu","satuanPestisida=""-""; ditolak: satuan-terlalu-panjang. Teksnya dipertahankan pada dosis_teks."
06090120186047,JOLT 25 EC,kurung-bukan-dosis,"2,5 ml/l air untuk 50 ml/m2 s.d. 4 minggu",Ditolak: satuan-terlalu-panjang.
06090120186047,JOLT 25 EC,kadar-kolom-bukan-angka,"2,5 ml/l air untuk 50 ml/m2 s.d. 4 minggu","satuanPestisida=""-""; ditolak: satuan-terlalu-panjang. Teksnya dipertahankan pada dosis_teks."
06090120186047,JOLT 25 EC,kurung-bukan-dosis,"2,5 ml/l air untuk 50 ml/m2 s.d. 4 minggu",Ditolak: satuan-terlalu-panjang.
0420251383,SAFLUFENACIL 95 TC,entri-tanpa-sasaran,,Seluruh medan sasaran kosong — lazim pada bahan teknis (TC) yang didaftarkan tanpa penggunaan berlabel.
0420241268,AZOKSISTROBIN 98 TC,entri-tanpa-sasaran,,Seluruh medan sasaran kosong — lazim pada bahan teknis (TC) yang didaftarkan tanpa penggunaan berlabel.
042021950,GLIFOSAT 95 TC,kadar-kolom-bukan-angka,Tidak Termasuk Salah Satu Persyaratan Pendaftaran Izin Tetap Baru Bahan Teknis,"satuanPestisida=""""; ditolak: tidak-cocok-pola. Teksnya dipertahankan pada dosis_teks."
0420251445,PREVENTOL P 91,entri-tanpa-sasaran,,Seluruh medan sasaran kosong — lazim pada bahan teknis (TC) yang didaftarkan tanpa penggunaan berlabel.
0420231148,ACTICIDE AGT2,entri-tanpa-sasaran,,Seluruh medan sasaran kosong — lazim pada bahan teknis (TC) yang didaftarkan tanpa penggunaan berlabel.
0420221115,Innosei ® PHE,entri-tanpa-sasaran,,Seluruh medan sasaran kosong — lazim pada bahan teknis (TC) yang didaftarkan tanpa penggunaan berlabel.
0420261501,Densil AF1,entri-tanpa-sasaran,,Seluruh medan sasaran kosong — lazim pada bahan teknis (TC) yang didaftarkan tanpa penggunaan berlabel.
01040120155381,POSTON 250 SC,baris-bukan-nama-ilmiah,"Meningkatkan banyaknya ranting, bunga",Baris ke-2 pada latinHamaKomoditas; tidak dijadikan OPT.
06080120227337,NOMOS 0.2MC,kadar-kolom-bukan-angka,siap pakai,"satuanPestisida=""-""; ditolak: tidak-cocok-pola. Teksnya dipertahankan pada dosis_teks."
06080120227337,NOMOS 0.2MC,kadar-kolom-bukan-angka,siap pakai,"satuanPestisida=""-""; ditolak: tidak-cocok-pola. Teksnya dipertahankan pada dosis_teks."
0420231136,LAMDA SIHALOTRIN 95 TC,entri-tanpa-sasaran,,Seluruh medan sasaran kosong — lazim pada bahan teknis (TC) yang didaftarkan tanpa penggunaan berlabel.
01120120124466,"HARAKA 0,005 BB",kadar-kolom-bukan-angka,Pengumpanan siap pakai,"satuanPestisida=""""; ditolak: tidak-cocok-pola. Teksnya dipertahankan pada dosis_teks."
0420221046,BISTAR 10 TK,entri-tanpa-sasaran,,Seluruh medan sasaran kosong — lazim pada bahan teknis (TC) yang didaftarkan tanpa penggunaan berlabel.
042018560,BRODIFACOUM 96 TC,entri-tanpa-sasaran,,Seluruh medan sasaran kosong — lazim pada bahan teknis (TC) yang didaftarkan tanpa penggunaan berlabel.
032009220,VAPE LIQUID e90 LV,kadar-kolom-bukan-angka,-,"satuanPestisida=""g/l""; ditolak: tidak-cocok-pola. Teksnya dipertahankan pada dosis_teks."
032009220,VAPE LIQUID e90 LV,kurung-bukan-dosis,Product export,Tidak berbentuk angka + satuan; dibiarkan sebagai keterangan.
06080120175694,HIT 7.5 LV,kadar-kolom-bukan-angka,siap pakai,"satuanPestisida=""-""; ditolak: tidak-cocok-pola. Teksnya dipertahankan pada dosis_teks."
06080120175694,HIT 7.5 LV,kadar-kolom-bukan-angka,siap pakai,"satuanPestisida=""-""; ditolak: tidak-cocok-pola. Teksnya dipertahankan pada dosis_teks."
0420231165,INNOMAN ® HQ,entri-tanpa-sasaran,,Seluruh medan sasaran kosong — lazim pada bahan teknis (TC) yang didaftarkan tanpa penggunaan berlabel.
01030120269626,PRIMA-GOAL 240 EC,dosis-bentrok,"kolom=""1,5 – 2 l/ha"" kurung=""1,5 - 3 l/ha""","Komoditas ""Bawang merah"", OPT ""Portulaca oleraceae"". Kolom yang dipakai."
042017468,GLIFOSAT 95 TC,kadar-kolom-bukan-angka,-,"satuanPestisida=""%""; ditolak: tidak-cocok-pola. Teksnya dipertahankan pada dosis_teks."
0420163,GLYPHOSATE 95 TC,kadar-kolom-bukan-angka,-,"satuanPestisida=""ml/l""; ditolak: tidak-cocok-pola. Teksnya dipertahankan pada dosis_teks."
0420261482,FLUFENAZOPYR 98 TC,entri-tanpa-sasaran,,Seluruh medan sasaran kosong — lazim pada bahan teknis (TC) yang didaftarkan tanpa penggunaan berlabel.
032025603,METHOMYL 40 SP,entri-tanpa-sasaran,,Seluruh medan sasaran kosong — lazim pada bahan teknis (TC) yang didaftarkan tanpa penggunaan berlabel.
042018602,GLYPHOSATE 95 TC,entri-tanpa-sasaran,,Seluruh medan sasaran kosong — lazim pada bahan teknis (TC) yang didaftarkan tanpa penggunaan berlabel.
0420241270,BRODIFACOUM 95 TC,entri-tanpa-sasaran,,Seluruh medan sasaran kosong — lazim pada bahan teknis (TC) yang didaftarkan tanpa penggunaan berlabel.
0420251438,Microcare IM,entri-tanpa-sasaran,,Seluruh medan sasaran kosong — lazim pada bahan teknis (TC) yang didaftarkan tanpa penggunaan berlabel.
0420231168,ABAMECTIN 95 % TC,entri-tanpa-sasaran,,Seluruh medan sasaran kosong — lazim pada bahan teknis (TC) yang didaftarkan tanpa penggunaan berlabel.
042021915,GLUFOSINATE AMMONIUM 95 TC,kadar-kolom-bukan-angka,-,"satuanPestisida=""%""; ditolak: tidak-cocok-pola. Teksnya dipertahankan pada dosis_teks."
032024580,ROVRAL 500 SC,entri-tanpa-sasaran,,Seluruh medan sasaran kosong — lazim pada bahan teknis (TC) yang didaftarkan tanpa penggunaan berlabel.
01040120258934,GAPLUS 40 SL,baris-bukan-nama-ilmiah,"panjang malai, hasil ubinan dan hasil per hektar",Baris ke-2 pada latinHamaKomoditas; tidak dijadikan OPT.
0420251473,N-2000 ANTIMICROBIAL,entri-tanpa-sasaran,,Seluruh medan sasaran kosong — lazim pada bahan teknis (TC) yang didaftarkan tanpa penggunaan berlabel.
0420221035,MICROCARE CHD,entri-tanpa-sasaran,,Seluruh medan sasaran kosong — lazim pada bahan teknis (TC) yang didaftarkan tanpa penggunaan berlabel.
0420231147,TIAMETOKSAM 98 TC,entri-tanpa-sasaran,,Seluruh medan sasaran kosong — lazim pada bahan teknis (TC) yang didaftarkan tanpa penggunaan berlabel.
042018582,NEOLONE™ PHCG Preservative,entri-tanpa-sasaran,,Seluruh medan sasaran kosong — lazim pada bahan teknis (TC) yang didaftarkan tanpa penggunaan berlabel.
042007206,ML-THION 95 TC,kadar-kolom-bukan-angka,-,"satuanPestisida=""%""; ditolak: tidak-cocok-pola. Teksnya dipertahankan pada dosis_teks."
042020868,ACTICIDE MBR 1,kurung-bukan-dosis,2H,Ditolak: satuan-tanpa-garis-miring.
042020868,ACTICIDE MBR 1,kurung-bukan-dosis,2H,Ditolak: satuan-tanpa-garis-miring.
01040120134756,BAYGEST 40 SL,kadar-kolom-bukan-angka,1 ml (3 HST dan 6 MST),"satuanPestisida=""-""; ditolak: satuan-bukan-satuan. Teksnya dipertahankan pada dosis_teks."
0420231134,IMIDAKLOPRID 97 TC,entri-tanpa-sasaran,,Seluruh medan sasaran kosong — lazim pada bahan teknis (TC) yang didaftarkan tanpa penggunaan berlabel.
0420241369,BIOX M248,entri-tanpa-sasaran,,Seluruh medan sasaran kosong — lazim pada bahan teknis (TC) yang didaftarkan tanpa penggunaan berlabel.
06080120248550,SOFFELL LEAF 137 AL,kadar-kolom-bukan-angka,siap pakai,"satuanPestisida=""-""; ditolak: tidak-cocok-pola. Teksnya dipertahankan pada dosis_teks."
06080120248550,SOFFELL LEAF 137 AL,kadar-kolom-bukan-angka,siap pakai,"satuanPestisida=""-""; ditolak: tidak-cocok-pola. Teksnya dipertahankan pada dosis_teks."
0420241267,Glufosinate-ammonium 95 TC,entri-tanpa-sasaran,,Seluruh medan sasaran kosong — lazim pada bahan teknis (TC) yang didaftarkan tanpa penggunaan berlabel.
0609011978355,ACTELLIC 500 EC,kurung-bukan-dosis,thermal fogging,Tidak berbentuk angka + satuan; dibiarkan sebagai keterangan.
0609011978355,ACTELLIC 500 EC,kurung-bukan-dosis,thermal fogging,Tidak berbentuk angka + satuan; dibiarkan sebagai keterangan.
0609011978355,ACTELLIC 500 EC,kurung-bukan-dosis,ULV,Tidak berbentuk angka + satuan; dibiarkan sebagai keterangan.
0609011978355,ACTELLIC 500 EC,kurung-bukan-dosis,ULV,Tidak berbentuk angka + satuan; dibiarkan sebagai keterangan.
0609011978355,ACTELLIC 500 EC,kurung-bukan-dosis,Penyemprotan residual : 9.25 ml/l,Tidak berbentuk angka + satuan; dibiarkan sebagai keterangan.
0420251385,ACTICIDE DCX 30,entri-tanpa-sasaran,,Seluruh medan sasaran kosong — lazim pada bahan teknis (TC) yang didaftarkan tanpa penggunaan berlabel.
032024563,MIRAI 200 DAYS,entri-tanpa-sasaran,,Seluruh medan sasaran kosong — lazim pada bahan teknis (TC) yang didaftarkan tanpa penggunaan berlabel.
042019796,PROFENOFOS 94 TC,kadar-kolom-bukan-angka,-,"satuanPestisida=""%""; ditolak: tidak-cocok-pola. Teksnya dipertahankan pada dosis_teks."
0420221020,FLUROKSIPIR MEPTIL 95 TC,entri-tanpa-sasaran,,Seluruh medan sasaran kosong — lazim pada bahan teknis (TC) yang didaftarkan tanpa penggunaan berlabel.
01010120011650,SPONTANKING 400 SL,kurung-bukan-dosis,sundep dan beluk,Tidak berbentuk angka + satuan; dibiarkan sebagai keterangan.
0411011990929,TERMIBAN 400 EC,kadar-kolom-bukan-angka,"0,125 ml/l, retensi: 0,678 kg/m3 Perendaman dingin: 0,06%","satuanPestisida=""-""; ditolak: satuan-terlalu-panjang. Teksnya dipertahankan pada dosis_teks."
0411011990929,TERMIBAN 400 EC,kadar-kolom-bukan-angka,"0,0625 ml/l, retensi: 0,035 kg/m3 Perendaman dingin: 0,0625%, retensi: 0,207 kg/m3","satuanPestisida=""-""; ditolak: satuan-terlalu-panjang. Teksnya dipertahankan pada dosis_teks."
0420221045,ATRAZINE 97 TC,entri-tanpa-sasaran,,Seluruh medan sasaran kosong — lazim pada bahan teknis (TC) yang didaftarkan tanpa penggunaan berlabel.
0420251407,Proxel K31G,entri-tanpa-sasaran,,Seluruh medan sasaran kosong — lazim pada bahan teknis (TC) yang didaftarkan tanpa penggunaan berlabel.
042021979,DELTAMETHRIN 98 TC,entri-tanpa-sasaran,,Seluruh medan sasaran kosong — lazim pada bahan teknis (TC) yang didaftarkan tanpa penggunaan berlabel.
0420251459,HEXYTHIAZOX 98 TC,entri-tanpa-sasaran,,Seluruh medan sasaran kosong — lazim pada bahan teknis (TC) yang didaftarkan tanpa penggunaan berlabel.
042018656,METSULFURON METHYL 96 TC,entri-tanpa-sasaran,,Seluruh medan sasaran kosong — lazim pada bahan teknis (TC) yang didaftarkan tanpa penggunaan berlabel.
032026643,PROSULFOCARB 800 EC,entri-tanpa-sasaran,,Seluruh medan sasaran kosong — lazim pada bahan teknis (TC) yang didaftarkan tanpa penggunaan berlabel.
0420221093,EPOKSIKONAZOL 97 TC,entri-tanpa-sasaran,,Seluruh medan sasaran kosong — lazim pada bahan teknis (TC) yang didaftarkan tanpa penggunaan berlabel.
032022531,HIT 12.13 LV,entri-tanpa-sasaran,,Seluruh medan sasaran kosong — lazim pada bahan teknis (TC) yang didaftarkan tanpa penggunaan berlabel.
06090120093466,LOVLAN 1220 UL,dosis-bentrok,"kolom=""468,5 ml/ha"" kurung=""468,75 ml/ha""","Komoditas ""Di dalam dan di luar ruangan"", OPT ""Aedes aegypti"". Kolom yang dipakai."
032022536,RELSION 200/6 SC,entri-tanpa-sasaran,,Seluruh medan sasaran kosong — lazim pada bahan teknis (TC) yang didaftarkan tanpa penggunaan berlabel.
042018593,DIMETHOATE 98 TC,entri-tanpa-sasaran,,Seluruh medan sasaran kosong — lazim pada bahan teknis (TC) yang didaftarkan tanpa penggunaan berlabel.
042018649,FIPRONIL 95 TC,entri-tanpa-sasaran,,Seluruh medan sasaran kosong — lazim pada bahan teknis (TC) yang didaftarkan tanpa penggunaan berlabel.
0420241328,CARBARYL 99 TC,entri-tanpa-sasaran,,Seluruh medan sasaran kosong — lazim pada bahan teknis (TC) yang didaftarkan tanpa penggunaan berlabel.
042018585,ACEPHATE 97 TC,entri-tanpa-sasaran,,Seluruh medan sasaran kosong — lazim pada bahan teknis (TC) yang didaftarkan tanpa penggunaan berlabel.
0420241319,NATRIUM 2.4-DINITROFENOL 98 TC,entri-tanpa-sasaran,,Seluruh medan sasaran kosong — lazim pada bahan teknis (TC) yang didaftarkan tanpa penggunaan berlabel.
042020843,ACTICIDE B 20,kurung-bukan-dosis,2H,Ditolak: satuan-tanpa-garis-miring.
032025598,VANTACOR 600 SC,entri-tanpa-sasaran,,Seluruh medan sasaran kosong — lazim pada bahan teknis (TC) yang didaftarkan tanpa penggunaan berlabel.
032016386,MATADOR 25 CS,kadar-kolom-bukan-angka,-,"satuanPestisida=""ml/l""; ditolak: tidak-cocok-pola. Teksnya dipertahankan pada dosis_teks."
01030120259284,Salufoste-p 106 SL,dosis-bentrok,"kolom=""1.5 - 3 l/ha"" kurung=""2 - 3 l/ha""","Komoditas ""Budidaya kelapa sawit (TM)"", OPT ""Ottochloa nodosa"". Kolom yang dipakai."
032017394,CLIPPER 25 OD,kadar-kolom-bukan-angka,Kebutuhan ekspor,"satuanPestisida=""ml/l""; ditolak: tidak-cocok-pola. Teksnya dipertahankan pada dosis_teks."
01030120238053,RAZIA 141 SL,dosis-bentrok,"kolom=""3 - 6 l/ha"" kurung=""4 - 5 l/ha""","Komoditas ""Budidaya padi sawah (TOT)"", OPT ""Leersia hexandra"". Kolom yang dipakai."
01030120238053,RAZIA 141 SL,dosis-bentrok,"kolom=""3 - 6 l/ha"" kurung=""4 - 5 l/ha""","Komoditas ""Budidaya padi sawah (TOT)"", OPT ""Paspalum disticum"". Kolom yang dipakai."
01030120238053,RAZIA 141 SL,dosis-bentrok,"kolom=""3 - 6 l/ha"" kurung=""3 - 5 l/ha""","Komoditas ""Budidaya kelapa sawit (TM)"", OPT ""Clidemia hirta"". Kolom yang dipakai."
01030120238053,RAZIA 141 SL,dosis-bentrok,"kolom=""3 - 6 l/ha"" kurung=""3 - 5 l/ha""","Komoditas ""Budidaya kelapa sawit (TM)"", OPT ""Praxelis clematidea"". Kolom yang dipakai."
01030120238053,RAZIA 141 SL,dosis-bentrok,"kolom=""3 - 6 l/ha"" kurung=""3 - 5 l/ha""","Komoditas ""Budidaya kelapa sawit (TM)"", OPT ""Asystasia gangetica"". Kolom yang dipakai."
01030120238053,RAZIA 141 SL,dosis-bentrok,"kolom=""3 - 6 l/ha"" kurung=""3 - 5 l/ha""","Komoditas ""Budidaya kelapa sawit (TM)"", OPT ""Melastoma affine"". Kolom yang dipakai."
01030120238053,RAZIA 141 SL,dosis-bentrok,"kolom=""3 - 6 l/ha"" kurung=""3 - 5 l/ha""","Komoditas ""Budidaya karet (TM)"", OPT ""Asystasia gangetica"". Kolom yang dipakai."
01030120238053,RAZIA 141 SL,dosis-bentrok,"kolom=""3 - 6 l/ha"" kurung=""3 - 5 l/ha""","Komoditas ""Budidaya karet (TM)"", OPT ""Mikania micrantha"". Kolom yang dipakai."
01030120238053,RAZIA 141 SL,dosis-bentrok,"kolom=""3 - 6 l/ha"" kurung=""3 - 5 l/ha""","Komoditas ""Budidaya karet (TM)"", OPT ""Praxelis clematidea"". Kolom yang dipakai."
01030120238053,RAZIA 141 SL,dosis-bentrok,"kolom=""4 - 6 l/ha"" kurung=""3 - 5 l/ha""","Komoditas ""Budidaya karet (TM)"", OPT ""Paspalum conjugatum"". Kolom yang dipakai."
01030120238053,RAZIA 141 SL,dosis-bentrok,"kolom=""3 - 6 l/ha"" kurung=""3 - 5 l/ha""","Komoditas ""Budidaya karet (TM)"", OPT ""Ottochloa nodosa"". Kolom yang dipakai."
01030120238053,RAZIA 141 SL,dosis-bentrok,"kolom=""3 - 6 l/ha"" kurung=""3 - 5 l/ha""","Komoditas ""Budidaya karet (TM)"", OPT ""Axonophus compressus"". Kolom yang dipakai."
032025632,METHOMYL 50 SP,entri-tanpa-sasaran,,Seluruh medan sasaran kosong — lazim pada bahan teknis (TC) yang didaftarkan tanpa penggunaan berlabel.
0420231212,Sanitized® CDO,entri-tanpa-sasaran,,Seluruh medan sasaran kosong — lazim pada bahan teknis (TC) yang didaftarkan tanpa penggunaan berlabel.
0420241345,MICROCARE DH,entri-tanpa-sasaran,,Seluruh medan sasaran kosong — lazim pada bahan teknis (TC) yang didaftarkan tanpa penggunaan berlabel.
042020888,PARAQUAT DICHLORIDE 42 TC,entri-tanpa-sasaran,,Seluruh medan sasaran kosong — lazim pada bahan teknis (TC) yang didaftarkan tanpa penggunaan berlabel.
032026658,PATHFINDER 100 OD,entri-tanpa-sasaran,,Seluruh medan sasaran kosong — lazim pada bahan teknis (TC) yang didaftarkan tanpa penggunaan berlabel.
0420221011,AMETRYN 98 TC,entri-tanpa-sasaran,,Seluruh medan sasaran kosong — lazim pada bahan teknis (TC) yang didaftarkan tanpa penggunaan berlabel.
06120120072969,"PROTECTSAFE 0,005 BB",kadar-kolom-bukan-angka,Pengumpanan,"satuanPestisida=""-""; ditolak: tidak-cocok-pola. Teksnya dipertahankan pada dosis_teks."
032023542,OXAMYL 310 SL,entri-tanpa-sasaran,,Seluruh medan sasaran kosong — lazim pada bahan teknis (TC) yang didaftarkan tanpa penggunaan berlabel.
0420221090,Zinc Omadine ZOE dispersion,entri-tanpa-sasaran,,Seluruh medan sasaran kosong — lazim pada bahan teknis (TC) yang didaftarkan tanpa penggunaan berlabel.
0420251416,Indoxacarb 95 TC,entri-tanpa-sasaran,,Seluruh medan sasaran kosong — lazim pada bahan teknis (TC) yang didaftarkan tanpa penggunaan berlabel.
0420241324,SIHALOFOP BUTIL 98 TC,entri-tanpa-sasaran,,Seluruh medan sasaran kosong — lazim pada bahan teknis (TC) yang didaftarkan tanpa penggunaan berlabel.
032022539,ROUNDUP RENEW 486 SL,entri-tanpa-sasaran,,Seluruh medan sasaran kosong — lazim pada bahan teknis (TC) yang didaftarkan tanpa penggunaan berlabel.
032024551,B-DA 250 SC,entri-tanpa-sasaran,,Seluruh medan sasaran kosong — lazim pada bahan teknis (TC) yang didaftarkan tanpa penggunaan berlabel.
032025623,PT-SANTAIS 25 WP,entri-tanpa-sasaran,,Seluruh medan sasaran kosong — lazim pada bahan teknis (TC) yang didaftarkan tanpa penggunaan berlabel.
042018673,Proxel 106 Preservative,kadar-kolom-bukan-angka,-,"satuanPestisida=""%""; ditolak: tidak-cocok-pola. Teksnya dipertahankan pada dosis_teks."
032016387,VAPE ULTRA 0.015 MC,kadar-kolom-bukan-angka,Siap Pakai,"satuanPestisida=""-""; ditolak: tidak-cocok-pola. Teksnya dipertahankan pada dosis_teks."
032016387,VAPE ULTRA 0.015 MC,kadar-kolom-bukan-angka,Siap Pakai,"satuanPestisida=""-""; ditolak: tidak-cocok-pola. Teksnya dipertahankan pada dosis_teks."
0420241351,PREVENTOL D 9 PLUS,entri-tanpa-sasaran,,Seluruh medan sasaran kosong — lazim pada bahan teknis (TC) yang didaftarkan tanpa penggunaan berlabel.
032021507,ALL COVER 75/450 EC,entri-tanpa-sasaran,,Seluruh medan sasaran kosong — lazim pada bahan teknis (TC) yang didaftarkan tanpa penggunaan berlabel.
0420231178,CYPERMETHRIN 92 % TC,entri-tanpa-sasaran,,Seluruh medan sasaran kosong — lazim pada bahan teknis (TC) yang didaftarkan tanpa penggunaan berlabel.
0420261493,Acticide MBS,entri-tanpa-sasaran,,Seluruh medan sasaran kosong — lazim pada bahan teknis (TC) yang didaftarkan tanpa penggunaan berlabel.
01020120042086,HEKSA 50 SC,kurung-bukan-dosis,Penyemprotan daun: 1 ml/l,Tidak berbentuk angka + satuan; dibiarkan sebagai keterangan.
01020120042086,HEKSA 50 SC,kurung-bukan-dosis,Penyiraman: 1 ml/l,Tidak berbentuk angka + satuan; dibiarkan sebagai keterangan.
042017447,MONOSULTAP 95 TC,kadar-kolom-bukan-angka,Tidak ada (Pendaftaran Bahan Teknis),"satuanPestisida=""%""; ditolak: tidak-cocok-pola. Teksnya dipertahankan pada dosis_teks."
042017447,MONOSULTAP 95 TC,kurung-bukan-dosis,Pendaftaran Bahan Teknis,Tidak berbentuk angka + satuan; dibiarkan sebagai keterangan.
032022526,VAPE MOSQUITO COIL Ma MC,entri-tanpa-sasaran,,Seluruh medan sasaran kosong — lazim pada bahan teknis (TC) yang didaftarkan tanpa penggunaan berlabel.
0420241312,INDOL-3-YLACETIC ACID 98 TC,entri-tanpa-sasaran,,Seluruh medan sasaran kosong — lazim pada bahan teknis (TC) yang didaftarkan tanpa penggunaan berlabel.
032025636,VAPE MOSQUITO COIL mg,entri-tanpa-sasaran,,Seluruh medan sasaran kosong — lazim pada bahan teknis (TC) yang didaftarkan tanpa penggunaan berlabel.
06080120227311,HIT 0.606 MV,kadar-kolom-bukan-angka,siap pakai,"satuanPestisida=""-""; ditolak: tidak-cocok-pola. Teksnya dipertahankan pada dosis_teks."
06080120227311,HIT 0.606 MV,kadar-kolom-bukan-angka,siap pakai,"satuanPestisida=""-""; ditolak: tidak-cocok-pola. Teksnya dipertahankan pada dosis_teks."
0420241370,BIOX AM133,entri-tanpa-sasaran,,Seluruh medan sasaran kosong — lazim pada bahan teknis (TC) yang didaftarkan tanpa penggunaan berlabel.
0420231176,CHLORPYRIFOS 97 TC,entri-tanpa-sasaran,,Seluruh medan sasaran kosong — lazim pada bahan teknis (TC) yang didaftarkan tanpa penggunaan berlabel.
032024573,F510 GO MIRAI,entri-tanpa-sasaran,,Seluruh medan sasaran kosong — lazim pada bahan teknis (TC) yang didaftarkan tanpa penggunaan berlabel.
0420241311,GLYPHOSATE IPA 60 TA,entri-tanpa-sasaran,,Seluruh medan sasaran kosong — lazim pada bahan teknis (TC) yang didaftarkan tanpa penggunaan berlabel.
032024581,VALEXIO 200 SC,entri-tanpa-sasaran,,Seluruh medan sasaran kosong — lazim pada bahan teknis (TC) yang didaftarkan tanpa penggunaan berlabel.
032022524,ENLAPIC 100 EC,entri-tanpa-sasaran,,Seluruh medan sasaran kosong — lazim pada bahan teknis (TC) yang didaftarkan tanpa penggunaan berlabel.
032021510,VERPIXO 100 SC,kadar-kolom-bukan-angka,Untuk keperluan ekspor,"satuanPestisida=""ml/l""; ditolak: tidak-cocok-pola. Teksnya dipertahankan pada dosis_teks."
042017437,BIOBAN™ BP-PLUS Preservative,entri-tanpa-sasaran,,Seluruh medan sasaran kosong — lazim pada bahan teknis (TC) yang didaftarkan tanpa penggunaan berlabel.
0420221101,ISOPROPILAMINA GLIFOSAT 62 TK,entri-tanpa-sasaran,,Seluruh medan sasaran kosong — lazim pada bahan teknis (TC) yang didaftarkan tanpa penggunaan berlabel.
042018611,BIOBAN™ 551 S Antimicrobial,entri-tanpa-sasaran,,Seluruh medan sasaran kosong — lazim pada bahan teknis (TC) yang didaftarkan tanpa penggunaan berlabel.
0420261487,PHOXIM 91 TC,entri-tanpa-sasaran,,Seluruh medan sasaran kosong — lazim pada bahan teknis (TC) yang didaftarkan tanpa penggunaan berlabel.
0420231218,"2,4-D Sodium Salt 95 TC",entri-tanpa-sasaran,,Seluruh medan sasaran kosong — lazim pada bahan teknis (TC) yang didaftarkan tanpa penggunaan berlabel.
0420221009,ABAMECTIN 95 TC,entri-tanpa-sasaran,,Seluruh medan sasaran kosong — lazim pada bahan teknis (TC) yang didaftarkan tanpa penggunaan berlabel.
0420251435,BIOX P 520W,entri-tanpa-sasaran,,Seluruh medan sasaran kosong — lazim pada bahan teknis (TC) yang didaftarkan tanpa penggunaan berlabel.
032025634,VAPE 15 MV,entri-tanpa-sasaran,,Seluruh medan sasaran kosong — lazim pada bahan teknis (TC) yang didaftarkan tanpa penggunaan berlabel.
0420241338,KLORFENAPIR 98 TC,entri-tanpa-sasaran,,Seluruh medan sasaran kosong — lazim pada bahan teknis (TC) yang didaftarkan tanpa penggunaan berlabel.
06090120217031,Bithor 56.7/46.5 SC,kadar-kolom-bukan-angka,125 ml/10 L (sampai dengan 4 minggu),"satuanPestisida=""""; ditolak: satuan-terlalu-panjang. Teksnya dipertahankan pada dosis_teks."
06090120217031,Bithor 56.7/46.5 SC,baris-bukan-nama-ilmiah,Peringatan:,Baris ke-2 pada latinHamaKomoditas; tidak dijadikan OPT.
06090120217031,Bithor 56.7/46.5 SC,baris-bukan-nama-ilmiah,Tidak boleh digunakan oleh,Baris ke-3 pada latinHamaKomoditas; tidak dijadikan OPT.
06090120217031,Bithor 56.7/46.5 SC,baris-bukan-nama-ilmiah,"perorangan, hanya digunakan",Baris ke-4 pada latinHamaKomoditas; tidak dijadikan OPT.
06090120217031,Bithor 56.7/46.5 SC,baris-bukan-nama-ilmiah,oleh petugas dinas kesehatan/,Baris ke-5 pada latinHamaKomoditas; tidak dijadikan OPT.
06090120217031,Bithor 56.7/46.5 SC,baris-bukan-nama-ilmiah,pest control,Baris ke-6 pada latinHamaKomoditas; tidak dijadikan OPT.
042018521,DIFENOCONAZOLE 96 TC,entri-tanpa-sasaran,,Seluruh medan sasaran kosong — lazim pada bahan teknis (TC) yang didaftarkan tanpa penggunaan berlabel.
032025614,KO-Snail 6 RB,entri-tanpa-sasaran,,Seluruh medan sasaran kosong — lazim pada bahan teknis (TC) yang didaftarkan tanpa penggunaan berlabel.
042021963,PARAQUAT DICHLORIDE 42 TC,entri-tanpa-sasaran,,Seluruh medan sasaran kosong — lazim pada bahan teknis (TC) yang didaftarkan tanpa penggunaan berlabel.
0420221096,GLIFOSAT 95 TC,entri-tanpa-sasaran,,Seluruh medan sasaran kosong — lazim pada bahan teknis (TC) yang didaftarkan tanpa penggunaan berlabel.
0420231172,AZOKSISTROBIN 98 TC,entri-tanpa-sasaran,,Seluruh medan sasaran kosong — lazim pada bahan teknis (TC) yang didaftarkan tanpa penggunaan berlabel.
032019472,LUMIVIA B 625 FS,kadar-kolom-bukan-angka,Untuk keperluan ekspor,"satuanPestisida=""""; ditolak: tidak-cocok-pola. Teksnya dipertahankan pada dosis_teks."
032025587,CARBOFURAN 10 GR,entri-tanpa-sasaran,,Seluruh medan sasaran kosong — lazim pada bahan teknis (TC) yang didaftarkan tanpa penggunaan berlabel.
032023541,ORONDIS VIP 30/180 DC,entri-tanpa-sasaran,,Seluruh medan sasaran kosong — lazim pada bahan teknis (TC) yang didaftarkan tanpa penggunaan berlabel.
042018642,CARBENDAZIM 98 TC,entri-tanpa-sasaran,,Seluruh medan sasaran kosong — lazim pada bahan teknis (TC) yang didaftarkan tanpa penggunaan berlabel.
0420261516,MICROCARE QT,entri-tanpa-sasaran,,Seluruh medan sasaran kosong — lazim pada bahan teknis (TC) yang didaftarkan tanpa penggunaan berlabel.
0420261492,MICROCARE CM,entri-tanpa-sasaran,,Seluruh medan sasaran kosong — lazim pada bahan teknis (TC) yang didaftarkan tanpa penggunaan berlabel.
0420251443,PREVENTOL IT 14 MV,entri-tanpa-sasaran,,Seluruh medan sasaran kosong — lazim pada bahan teknis (TC) yang didaftarkan tanpa penggunaan berlabel.
01040120227651,GIBERPAT 20 TB,baris-bukan-nama-ilmiah,"panjang malai, bobot 1000",Baris ke-2 pada latinHamaKomoditas; tidak dijadikan OPT.
01040120227651,GIBERPAT 20 TB,baris-bukan-nama-ilmiah,"butir, presentase gabah isi,",Baris ke-3 pada latinHamaKomoditas; tidak dijadikan OPT.
01040120227651,GIBERPAT 20 TB,baris-bukan-nama-ilmiah,"hasil ubinan, dan gabah per malai",Baris ke-4 pada latinHamaKomoditas; tidak dijadikan OPT.
01040120227651,GIBERPAT 20 TB,baris-bukan-nama-ilmiah,3 tablet/ha,Baris ke-5 pada latinHamaKomoditas; tidak dijadikan OPT.
042019687,DETRANS-1209 5 ME,entri-tanpa-sasaran,,Seluruh medan sasaran kosong — lazim pada bahan teknis (TC) yang didaftarkan tanpa penggunaan berlabel.
0420241318,METSULFURON METHYL 96 TC,entri-tanpa-sasaran,,Seluruh medan sasaran kosong — lazim pada bahan teknis (TC) yang didaftarkan tanpa penggunaan berlabel.
032026659,SINOLIGHTNING 33/15 SL,entri-tanpa-sasaran,,Seluruh medan sasaran kosong — lazim pada bahan teknis (TC) yang didaftarkan tanpa penggunaan berlabel.
042012292,TRANSFLUTRHIN 92 TC,entri-tanpa-sasaran,,Seluruh medan sasaran kosong — lazim pada bahan teknis (TC) yang didaftarkan tanpa penggunaan berlabel.
032025605,METHOMYL 98 TC,entri-tanpa-sasaran,,Seluruh medan sasaran kosong — lazim pada bahan teknis (TC) yang didaftarkan tanpa penggunaan berlabel.
032020495,CARBOFURAN 5 GR,entri-tanpa-sasaran,,Seluruh medan sasaran kosong — lazim pada bahan teknis (TC) yang didaftarkan tanpa penggunaan berlabel.
042018591,CYPERMETHRIN 92 TC,entri-tanpa-sasaran,,Seluruh medan sasaran kosong — lazim pada bahan teknis (TC) yang didaftarkan tanpa penggunaan berlabel.
01030120155319,ROUNDUP TRANSORB 440SL,kadar-kolom-bukan-angka,2.5 l/ha s.d 2 jam setelah semprot (JSS),"satuanPestisida=""-""; ditolak: satuan-terlalu-panjang. Teksnya dipertahankan pada dosis_teks."
01030120155319,ROUNDUP TRANSORB 440SL,kadar-kolom-bukan-angka,2.5 l/ha s.d 2 jam setelah semprot (JSS),"satuanPestisida=""-""; ditolak: satuan-terlalu-panjang. Teksnya dipertahankan pada dosis_teks."
01030120155319,ROUNDUP TRANSORB 440SL,kadar-kolom-bukan-angka,2.5 l/ha s.d 2 jam setelah semprot (JSS),"satuanPestisida=""-""; ditolak: satuan-terlalu-panjang. Teksnya dipertahankan pada dosis_teks."
01030120155319,ROUNDUP TRANSORB 440SL,kadar-kolom-bukan-angka,2.5 l/ha s.d 2 jam setelah semprot (JSS),"satuanPestisida=""-""; ditolak: satuan-terlalu-panjang. Teksnya dipertahankan pada dosis_teks."
01030120155319,ROUNDUP TRANSORB 440SL,kadar-kolom-bukan-angka,2.5 l/ha s.d 2 jam setelah semprot (JSS),"satuanPestisida=""-""; ditolak: satuan-terlalu-panjang. Teksnya dipertahankan pada dosis_teks."
01030120155319,ROUNDUP TRANSORB 440SL,kadar-kolom-bukan-angka,2.5 l/ha s.d 3 jam setelah semprot (JSS),"satuanPestisida=""-""; ditolak: satuan-terlalu-panjang. Teksnya dipertahankan pada dosis_teks."
0420251373,Baicao Biotech,entri-tanpa-sasaran,,Seluruh medan sasaran kosong — lazim pada bahan teknis (TC) yang didaftarkan tanpa penggunaan berlabel.
05100120103671,FUMITOXIN 56 PL*,kadar-kolom-bukan-angka,"1 kantung/11,3 ton (setara dengan 1 tablet/ton)","satuanPestisida=""-""; ditolak: satuan-terlalu-panjang. Teksnya dipertahankan pada dosis_teks."
0420241308,FIPRONIL 95 TC,entri-tanpa-sasaran,,Seluruh medan sasaran kosong — lazim pada bahan teknis (TC) yang didaftarkan tanpa penggunaan berlabel.
042021981,GLUFOSINATE-AMMONIUM 95 TC,kadar-kolom-bukan-angka,-,"satuanPestisida=""%""; ditolak: tidak-cocok-pola. Teksnya dipertahankan pada dosis_teks."
0420251414,GLUFOSINATE-AMMONIUM 95 TC,entri-tanpa-sasaran,,Seluruh medan sasaran kosong — lazim pada bahan teknis (TC) yang didaftarkan tanpa penggunaan berlabel.
0420221057,P-GLUFOSINAT 90 TC,entri-tanpa-sasaran,,Seluruh medan sasaran kosong — lazim pada bahan teknis (TC) yang didaftarkan tanpa penggunaan berlabel.
042018630,ROCIMA™ 640,entri-tanpa-sasaran,,Seluruh medan sasaran kosong — lazim pada bahan teknis (TC) yang didaftarkan tanpa penggunaan berlabel.
042018630,ROCIMA™ 640,entri-tanpa-sasaran,,Seluruh medan sasaran kosong — lazim pada bahan teknis (TC) yang didaftarkan tanpa penggunaan berlabel.
032025621,PT-Hello 250 EC,entri-tanpa-sasaran,,Seluruh medan sasaran kosong — lazim pada bahan teknis (TC) yang didaftarkan tanpa penggunaan berlabel.
042020857,GLYPHOSATE 95 TC,entri-tanpa-sasaran,,Seluruh medan sasaran kosong — lazim pada bahan teknis (TC) yang didaftarkan tanpa penggunaan berlabel.
0420251447,ABAMECTIN 92 TC,entri-tanpa-sasaran,,Seluruh medan sasaran kosong — lazim pada bahan teknis (TC) yang didaftarkan tanpa penggunaan berlabel.
042017492,FENTIN ASETAT 95 TC,entri-tanpa-sasaran,,Seluruh medan sasaran kosong — lazim pada bahan teknis (TC) yang didaftarkan tanpa penggunaan berlabel.
0420231143,SIHALOFOP BUTIL 97 TC,entri-tanpa-sasaran,,Seluruh medan sasaran kosong — lazim pada bahan teknis (TC) yang didaftarkan tanpa penggunaan berlabel.
01030120001560,ROUNDUP 486 SL,dosis-bentrok,"kolom=""3-4 l/ha"" kurung=""2-4 l/ha""","Komoditas ""Karet (TM)"", OPT ""Chromolaena odorata"". Kolom yang dipakai."
042018573,INTERCIDE DBF 10 DOTP,entri-tanpa-sasaran,,Seluruh medan sasaran kosong — lazim pada bahan teknis (TC) yang didaftarkan tanpa penggunaan berlabel.
0420241276,ETHION 95 TC,entri-tanpa-sasaran,,Seluruh medan sasaran kosong — lazim pada bahan teknis (TC) yang didaftarkan tanpa penggunaan berlabel.
0420251393,ACEPHATE 97 TC,entri-tanpa-sasaran,,Seluruh medan sasaran kosong — lazim pada bahan teknis (TC) yang didaftarkan tanpa penggunaan berlabel.
032024555,TERMIDOR 96 SC,entri-tanpa-sasaran,,Seluruh medan sasaran kosong — lazim pada bahan teknis (TC) yang didaftarkan tanpa penggunaan berlabel.
032025617,METHOMYL 225 SL,entri-tanpa-sasaran,,Seluruh medan sasaran kosong — lazim pada bahan teknis (TC) yang didaftarkan tanpa penggunaan berlabel.
01040120227653,GIBREL 10 SP,baris-bukan-nama-ilmiah,"per tanaman, diameter batang, bobot tongkol",Baris ke-2 pada latinHamaKomoditas; tidak dijadikan OPT.
01040120227653,GIBREL 10 SP,baris-bukan-nama-ilmiah,"per tanaman, indeks panen, dan bobot tongkol",Baris ke-3 pada latinHamaKomoditas; tidak dijadikan OPT.
0420261514,MICROCARE PM4,entri-tanpa-sasaran,,Seluruh medan sasaran kosong — lazim pada bahan teknis (TC) yang didaftarkan tanpa penggunaan berlabel.
06090120072806,SPAR 1 GR,baris-bukan-nama-ilmiah,Kalimat peringatan :,Baris ke-2 pada latinHamaKomoditas; tidak dijadikan OPT.
06090120072806,SPAR 1 GR,baris-bukan-nama-ilmiah,Tidak boleh digunakan oleh,Baris ke-3 pada latinHamaKomoditas; tidak dijadikan OPT.
06090120072806,SPAR 1 GR,baris-bukan-nama-ilmiah,"perorangan, hanya digunakan",Baris ke-4 pada latinHamaKomoditas; tidak dijadikan OPT.
06090120072806,SPAR 1 GR,baris-bukan-nama-ilmiah,oleh petugas Dinas Kesehatan/,Baris ke-5 pada latinHamaKomoditas; tidak dijadikan OPT.
06090120072806,SPAR 1 GR,baris-bukan-nama-ilmiah,pest control,Baris ke-6 pada latinHamaKomoditas; tidak dijadikan OPT.
0420241321,PARAQUAT DICHLORIDE 42 TC,entri-tanpa-sasaran,,Seluruh medan sasaran kosong — lazim pada bahan teknis (TC) yang didaftarkan tanpa penggunaan berlabel.
042019749,PROPICONAZOLE 95 TC,kadar-kolom-bukan-angka,-,"satuanPestisida=""ml/l""; ditolak: tidak-cocok-pola. Teksnya dipertahankan pada dosis_teks."
01040120134878,PROGIBB 40 SG,baris-bukan-nama-ilmiah,"(7,5 g/ha/aplikasi pada 30 & 40 HST)",Baris ke-2 pada latinHamaKomoditas; tidak dijadikan OPT.
01040120134878,PROGIBB 40 SG,kadar-kolom-bukan-angka,"8,4","satuanPestisida=""g/ha/aplikasi (50 s/d & 70 HST)""; ditolak: satuan-terlalu-panjang. Teksnya dipertahankan pada dosis_teks."
01040120134878,PROGIBB 40 SG,kurung-bukan-dosis,bobot 1000 bulir gabah dan persentase gabah isi,Tidak berbentuk angka + satuan; dibiarkan sebagai keterangan.
01040120134878,PROGIBB 40 SG,kurung-bukan-dosis,"8,4 g/ha/aplikasi pada 50 s/d 70 HST",Ditolak: satuan-terlalu-panjang.
01040120134878,PROGIBB 40 SG,baris-bukan-nama-ilmiah,(5 g/ha/aplikasi pada 30 & 40 HST),Baris ke-2 pada latinHamaKomoditas; tidak dijadikan OPT.
042017472,IMIDACLOPRID 95 TC,kadar-kolom-bukan-angka,-,"satuanPestisida=""%""; ditolak: tidak-cocok-pola. Teksnya dipertahankan pada dosis_teks."
0420231155,Acticide B20,entri-tanpa-sasaran,,Seluruh medan sasaran kosong — lazim pada bahan teknis (TC) yang didaftarkan tanpa penggunaan berlabel.
042018633,ROCIMA™ BT NV2,entri-tanpa-sasaran,,Seluruh medan sasaran kosong — lazim pada bahan teknis (TC) yang didaftarkan tanpa penggunaan berlabel.
042017425,DETRANS-1209 95 TC,entri-tanpa-sasaran,,Seluruh medan sasaran kosong — lazim pada bahan teknis (TC) yang didaftarkan tanpa penggunaan berlabel.
0420221110,Innosei ® CPO,entri-tanpa-sasaran,,Seluruh medan sasaran kosong — lazim pada bahan teknis (TC) yang didaftarkan tanpa penggunaan berlabel.
0420231164,Innosei ® DMP,entri-tanpa-sasaran,,Seluruh medan sasaran kosong — lazim pada bahan teknis (TC) yang didaftarkan tanpa penggunaan berlabel.
01040120206613,ET-TRAZOL 250 SC,baris-bukan-nama-ilmiah,meningkatkan jumlah cabang,Baris ke-2 pada latinHamaKomoditas; tidak dijadikan OPT.
01040120206613,ET-TRAZOL 250 SC,baris-bukan-nama-ilmiah,"berbunga, bobot buah",Baris ke-3 pada latinHamaKomoditas; tidak dijadikan OPT.
01040120206613,ET-TRAZOL 250 SC,baris-bukan-nama-ilmiah,"per tanaman, bobot buah per",Baris ke-4 pada latinHamaKomoditas; tidak dijadikan OPT.
01040120206613,ET-TRAZOL 250 SC,baris-bukan-nama-ilmiah,"luasan lahan, dan fruit set",Baris ke-5 pada latinHamaKomoditas; tidak dijadikan OPT.
06090120072874,Jentika 1 GR,baris-bukan-nama-ilmiah,Kalimat peringatan:,Baris ke-2 pada latinHamaKomoditas; tidak dijadikan OPT.
06090120072874,Jentika 1 GR,baris-bukan-nama-ilmiah,"Tidak boleh digunakan oleh perorangan, hanya digunakan oleh petugas Dinas Kesehatan/pest control",Baris ke-3 pada latinHamaKomoditas; tidak dijadikan OPT.
01030120185983,RUUM UP 500 SL,kadar-kolom-bukan-angka,"2.,35 - 3","satuanPestisida=""l/ha""; ditolak: satuan-diawali-bukan-huruf. Teksnya dipertahankan pada dosis_teks."
01030120185983,RUUM UP 500 SL,kadar-kolom-bukan-angka,"3.,75 - 4,5","satuanPestisida=""l/ha""; ditolak: satuan-diawali-bukan-huruf. Teksnya dipertahankan pada dosis_teks."
042001235,"2,4-D DIMETIL AMINA 75 TC",entri-tanpa-sasaran,,Seluruh medan sasaran kosong — lazim pada bahan teknis (TC) yang didaftarkan tanpa penggunaan berlabel.
0420241293,ACTICIDE CHR 0107,entri-tanpa-sasaran,,Seluruh medan sasaran kosong — lazim pada bahan teknis (TC) yang didaftarkan tanpa penggunaan berlabel.
01010120196436,GALAFOS 600/60 EC,kadar-kolom-bukan-angka,"0.,5","satuanPestisida=""ml/l""; ditolak: satuan-diawali-bukan-huruf. Teksnya dipertahankan pada dosis_teks."
042007212,METSULFURON METHYL 95 TC,entri-tanpa-sasaran,,Seluruh medan sasaran kosong — lazim pada bahan teknis (TC) yang didaftarkan tanpa penggunaan berlabel.
0420231177,CHLORPYRIFOS 97 TC,entri-tanpa-sasaran,,Seluruh medan sasaran kosong — lazim pada bahan teknis (TC) yang didaftarkan tanpa penggunaan berlabel.
0420251431,ACTICIDE MBS 2550,entri-tanpa-sasaran,,Seluruh medan sasaran kosong — lazim pada bahan teknis (TC) yang didaftarkan tanpa penggunaan berlabel.
042021951,Glyphosate 95 TC,kadar-kolom-bukan-angka,-,"satuanPestisida=""%""; ditolak: tidak-cocok-pola. Teksnya dipertahankan pada dosis_teks."
042018623,NEOLONE™ M-10 Industrial Microbiocide,entri-tanpa-sasaran,,Seluruh medan sasaran kosong — lazim pada bahan teknis (TC) yang didaftarkan tanpa penggunaan berlabel.
032025596,STANDAKTOP 250/25/225 FS,entri-tanpa-sasaran,,Seluruh medan sasaran kosong — lazim pada bahan teknis (TC) yang didaftarkan tanpa penggunaan berlabel.
0420251378,FLUCHLORAMINOPYR 98 TC,entri-tanpa-sasaran,,Seluruh medan sasaran kosong — lazim pada bahan teknis (TC) yang didaftarkan tanpa penggunaan berlabel.
042008227,DIMEHIPO 95 TC,kadar-kolom-bukan-angka,-,"satuanPestisida=""%""; ditolak: tidak-cocok-pola. Teksnya dipertahankan pada dosis_teks."
01030120259247,MODARD UP 155 SL,dosis-bentrok,"kolom=""1,5 - 3,5 l/ha"" kurung=""1,5 - 3 l/ha""","Komoditas ""Kelapa sawit (TBM)"", OPT ""Digitaria ciliaris"". Kolom yang dipakai."
042018637,SILVADUR™ 930 FLEX Antimicrobial,entri-tanpa-sasaran,,Seluruh medan sasaran kosong — lazim pada bahan teknis (TC) yang didaftarkan tanpa penggunaan berlabel.
01030120248410,NICO-WEEDER 40 OD,kurung-bukan-dosis,Brassicaceae,Tidak berbentuk angka + satuan; dibiarkan sebagai keterangan.
0420251380,GLYPHOSATE 95 TC,entri-tanpa-sasaran,,Seluruh medan sasaran kosong — lazim pada bahan teknis (TC) yang didaftarkan tanpa penggunaan berlabel.
06080120227565,ONE PUSH VAPE 4.8 AE,kadar-kolom-bukan-angka,Siap pakai,"satuanPestisida=""-""; ditolak: tidak-cocok-pola. Teksnya dipertahankan pada dosis_teks."
01030120248614,FLUSINATE PLUS 15/185 OD,dosis-bentrok,"kolom=""0.75 - 1 l/ha"" kurung=""0,75 - 1,5 l/ha""","Komoditas ""Budidaya kelapa sawit (TM):"", OPT ""Ageratum conyzoides"". Kolom yang dipakai."
01030120248614,FLUSINATE PLUS 15/185 OD,dosis-bentrok,"kolom=""0.75 - 1 l/ha"" kurung=""0,75 - 1,5 l/ha""","Komoditas ""Budidaya kelapa sawit (TM):"", OPT ""Borreria alata"". Kolom yang dipakai."
01030120248614,FLUSINATE PLUS 15/185 OD,dosis-bentrok,"kolom=""0.75 - 1 l/ha"" kurung=""0,75 - 1,5 l/ha""","Komoditas ""Budidaya kelapa sawit (TM):"", OPT ""Echinochloa colonum"". Kolom yang dipakai."
032026648,CARBOFURAN 3 GR,entri-tanpa-sasaran,,Seluruh medan sasaran kosong — lazim pada bahan teknis (TC) yang didaftarkan tanpa penggunaan berlabel.
0420231179,EMAMECTIN BENZOATE 70 % TC,entri-tanpa-sasaran,,Seluruh medan sasaran kosong — lazim pada bahan teknis (TC) yang didaftarkan tanpa penggunaan berlabel.
042016387,ABAMECTIN 95 TC,entri-tanpa-sasaran,,Seluruh medan sasaran kosong — lazim pada bahan teknis (TC) yang didaftarkan tanpa penggunaan berlabel.
032015374,VAPE 0.78 AE,kadar-kolom-bukan-angka,siap pakai,"satuanPestisida=""-""; ditolak: tidak-cocok-pola. Teksnya dipertahankan pada dosis_teks."
032015374,VAPE 0.78 AE,kadar-kolom-bukan-angka,siap pakai,"satuanPestisida=""-""; ditolak: tidak-cocok-pola. Teksnya dipertahankan pada dosis_teks."
032015374,VAPE 0.78 AE,kadar-kolom-bukan-angka,siap pakai,"satuanPestisida=""-""; ditolak: tidak-cocok-pola. Teksnya dipertahankan pada dosis_teks."
032015374,VAPE 0.78 AE,kadar-kolom-bukan-angka,siap pakai,"satuanPestisida=""-""; ditolak: tidak-cocok-pola. Teksnya dipertahankan pada dosis_teks."
032015374,VAPE 0.78 AE,kadar-kolom-bukan-angka,siap pakai,"satuanPestisida=""-""; ditolak: tidak-cocok-pola. Teksnya dipertahankan pada dosis_teks."
032015374,VAPE 0.78 AE,kadar-kolom-bukan-angka,siap pakai,"satuanPestisida=""-""; ditolak: tidak-cocok-pola. Teksnya dipertahankan pada dosis_teks."
0420251374,CARBOSULFAN 90 TC,entri-tanpa-sasaran,,Seluruh medan sasaran kosong — lazim pada bahan teknis (TC) yang didaftarkan tanpa penggunaan berlabel.
0420251437,Densil 2167,entri-tanpa-sasaran,,Seluruh medan sasaran kosong — lazim pada bahan teknis (TC) yang didaftarkan tanpa penggunaan berlabel.
032014344,ALIETTE 80 WP,kadar-kolom-bukan-angka,-,"satuanPestisida=""g/l""; ditolak: tidak-cocok-pola. Teksnya dipertahankan pada dosis_teks."
01040120113924,GIGANTIC 40 EC,kadar-kolom-bukan-angka,"62,5 (30, 50 dan 70 hst)","satuanPestisida=""ml/ha""; ditolak: satuan-diawali-bukan-huruf. Teksnya dipertahankan pada dosis_teks."
01040120113924,GIGANTIC 40 EC,baris-bukan-nama-ilmiah,"bobot biomasa, bobot gabah/rumpun,",Baris ke-2 pada latinHamaKomoditas; tidak dijadikan OPT.
01040120113924,GIGANTIC 40 EC,baris-bukan-nama-ilmiah,"bobot gabah ubinan, bobot 1000 butir dan",Baris ke-3 pada latinHamaKomoditas; tidak dijadikan OPT.
01040120113924,GIGANTIC 40 EC,baris-bukan-nama-ilmiah,"bobot gabah/ha (62,5 ml/ha (30, 50 dan 70 HST))",Baris ke-4 pada latinHamaKomoditas; tidak dijadikan OPT.
0420231127,DICAMBA 98 TC,entri-tanpa-sasaran,,Seluruh medan sasaran kosong — lazim pada bahan teknis (TC) yang didaftarkan tanpa penggunaan berlabel.
0420241319,Natrium para-nitrofenol 98 TC,entri-tanpa-sasaran,,Seluruh medan sasaran kosong — lazim pada bahan teknis (TC) yang didaftarkan tanpa penggunaan berlabel.
042019726,Proxel GL20 Preservative,kadar-kolom-bukan-angka,-,"satuanPestisida=""%""; ditolak: tidak-cocok-pola. Teksnya dipertahankan pada dosis_teks."
0420241289,PROFENOFOS 95 TC,entri-tanpa-sasaran,,Seluruh medan sasaran kosong — lazim pada bahan teknis (TC) yang didaftarkan tanpa penggunaan berlabel.
042017488,DELTAMETRIN 98 TC,kadar-kolom-bukan-angka,-,"satuanPestisida=""g/l""; ditolak: tidak-cocok-pola. Teksnya dipertahankan pada dosis_teks."
0420241334,Fenvalerate 93 TC,entri-tanpa-sasaran,,Seluruh medan sasaran kosong — lazim pada bahan teknis (TC) yang didaftarkan tanpa penggunaan berlabel.
0420231199,PENOKSULAM 98 TC,entri-tanpa-sasaran,,Seluruh medan sasaran kosong — lazim pada bahan teknis (TC) yang didaftarkan tanpa penggunaan berlabel.
0420221102,KLORFENAPIR 98 TC,entri-tanpa-sasaran,,Seluruh medan sasaran kosong — lazim pada bahan teknis (TC) yang didaftarkan tanpa penggunaan berlabel.
0420261522,SAFLUFENACIL 96 TC,entri-tanpa-sasaran,,Seluruh medan sasaran kosong — lazim pada bahan teknis (TC) yang didaftarkan tanpa penggunaan berlabel.
0420251448,"2,4-D 98 TC",entri-tanpa-sasaran,,Seluruh medan sasaran kosong — lazim pada bahan teknis (TC) yang didaftarkan tanpa penggunaan berlabel.
0420241300,CARBARYL 99 TC,entri-tanpa-sasaran,,Seluruh medan sasaran kosong — lazim pada bahan teknis (TC) yang didaftarkan tanpa penggunaan berlabel.
042020849,ACTICIDE MBS,dosis-bentrok,"kolom=""1-3 %"" kurung=""2""","Komoditas ""ACTICIDE MBS"", OPT ""2- methylisothiazol - 3 ( 2 ) - one"". Kolom yang dipakai."
032013331,VAPE 0.32 AE,kurung-bukan-dosis,Product export,Tidak berbentuk angka + satuan; dibiarkan sebagai keterangan.
0420231234,PARAKUAT DIKLORIDA 42 TC,entri-tanpa-sasaran,,Seluruh medan sasaran kosong — lazim pada bahan teknis (TC) yang didaftarkan tanpa penggunaan berlabel.
04.2022.127,GLYPHOSATE 95 TC,kadar-kolom-bukan-angka,-,"satuanPestisida=""%""; ditolak: tidak-cocok-pola. Teksnya dipertahankan pada dosis_teks."
01030120248523,ONSET 354/208/42 SE,dosis-bentrok,"kolom=""2,5-3 l/ha"" kurung=""1 - 3 l/ha""","Komoditas ""Budidaya jagung"", OPT ""Ageratum conyzoides"". Kolom yang dipakai."
032022535,BROADNET 160/12 EC,entri-tanpa-sasaran,,Seluruh medan sasaran kosong — lazim pada bahan teknis (TC) yang didaftarkan tanpa penggunaan berlabel.
0420251400,SynaDime 95 TC,entri-tanpa-sasaran,,Seluruh medan sasaran kosong — lazim pada bahan teknis (TC) yang didaftarkan tanpa penggunaan berlabel.
06080120165657,VAPE 0.03 MC,kadar-kolom-bukan-angka,Siap pakai,"satuanPestisida=""%""; ditolak: tidak-cocok-pola. Teksnya dipertahankan pada dosis_teks."
06080120165657,VAPE 0.03 MC,kadar-kolom-bukan-angka,Siap Pakai,"satuanPestisida=""%""; ditolak: tidak-cocok-pola. Teksnya dipertahankan pada dosis_teks."
032025624,ALVERDE 240 SC,entri-tanpa-sasaran,,Seluruh medan sasaran kosong — lazim pada bahan teknis (TC) yang didaftarkan tanpa penggunaan berlabel.
0420241281,KLORFENAPIR 98 TC,entri-tanpa-sasaran,,Seluruh medan sasaran kosong — lazim pada bahan teknis (TC) yang didaftarkan tanpa penggunaan berlabel.
01030120237731,BAKARON 532/45/118 SC,baris-bukan-nama-ilmiah,Kalimat Peringatan:,Baris ke-2 pada latinHamaKomoditas; tidak dijadikan OPT.
01030120237731,BAKARON 532/45/118 SC,baris-bukan-nama-ilmiah,sisa gulma dan jerami,Baris ke-3 pada latinHamaKomoditas; tidak dijadikan OPT.
01030120237731,BAKARON 532/45/118 SC,baris-bukan-nama-ilmiah,tidak boleh dibakar,Baris ke-4 pada latinHamaKomoditas; tidak dijadikan OPT.
0420231265,PREVENTOL A 14-D,entri-tanpa-sasaran,,Seluruh medan sasaran kosong — lazim pada bahan teknis (TC) yang didaftarkan tanpa penggunaan berlabel.
042006186,Permethrin 92 TC,kadar-kolom-bukan-angka,-,"satuanPestisida=""%""; ditolak: tidak-cocok-pola. Teksnya dipertahankan pada dosis_teks."
032022521,OPUS 125 SC,kadar-kolom-bukan-angka,tidak tersedia untuk ekspor,"satuanPestisida=""""; ditolak: tidak-cocok-pola. Teksnya dipertahankan pada dosis_teks."
032014355,BIFLEX 20 SC,kadar-kolom-bukan-angka,-,"satuanPestisida=""g/l""; ditolak: tidak-cocok-pola. Teksnya dipertahankan pada dosis_teks."
042020861,SIPERMETRIN 94 TC,kadar-kolom-bukan-angka,-,"satuanPestisida=""%""; ditolak: tidak-cocok-pola. Teksnya dipertahankan pada dosis_teks."
042018544,PRALLE 50 TK,entri-tanpa-sasaran,,Seluruh medan sasaran kosong — lazim pada bahan teknis (TC) yang didaftarkan tanpa penggunaan berlabel.
0420231242,Proxel MB Preservative,entri-tanpa-sasaran,,Seluruh medan sasaran kosong — lazim pada bahan teknis (TC) yang didaftarkan tanpa penggunaan berlabel.
0420241354,"2,4-D 98 TC",entri-tanpa-sasaran,,Seluruh medan sasaran kosong — lazim pada bahan teknis (TC) yang didaftarkan tanpa penggunaan berlabel.
0420221015,CHLOROTHALONIL 98.5 TC,entri-tanpa-sasaran,,Seluruh medan sasaran kosong — lazim pada bahan teknis (TC) yang didaftarkan tanpa penggunaan berlabel.
0420231132,Glyphosate IPA 62 TC,entri-tanpa-sasaran,,Seluruh medan sasaran kosong — lazim pada bahan teknis (TC) yang didaftarkan tanpa penggunaan berlabel.
032026638,"2,4-D ETHYLHEXYL 680 EC",entri-tanpa-sasaran,,Seluruh medan sasaran kosong — lazim pada bahan teknis (TC) yang didaftarkan tanpa penggunaan berlabel.
032024549,STELLAR PLUS 50/160 SL,entri-tanpa-sasaran,,Seluruh medan sasaran kosong — lazim pada bahan teknis (TC) yang didaftarkan tanpa penggunaan berlabel.
06090120093424,DELFOX 25 EC,kurung-bukan-dosis,Penyemprotan residual : 1 ml/m2 s.d. 4 minggu,Tidak berbentuk angka + satuan; dibiarkan sebagai keterangan.
06090120093424,DELFOX 25 EC,kurung-bukan-dosis,ULV,Tidak berbentuk angka + satuan; dibiarkan sebagai keterangan.
06090120093424,DELFOX 25 EC,kurung-bukan-dosis,ULV,Tidak berbentuk angka + satuan; dibiarkan sebagai keterangan.
06090120093424,DELFOX 25 EC,kurung-bukan-dosis,thermal fogging,Tidak berbentuk angka + satuan; dibiarkan sebagai keterangan.
06090120093424,DELFOX 25 EC,kurung-bukan-dosis,thermal fogging,Tidak berbentuk angka + satuan; dibiarkan sebagai keterangan.
06090120093424,DELFOX 25 EC,kurung-bukan-dosis,Penyemprotan residual : 1 ml/m2 s.d. 4 minggu,Tidak berbentuk angka + satuan; dibiarkan sebagai keterangan.
06090120093424,DELFOX 25 EC,kurung-bukan-dosis,thermal fogging,Tidak berbentuk angka + satuan; dibiarkan sebagai keterangan.
06090120093424,DELFOX 25 EC,kurung-bukan-dosis,thermal fogging,Tidak berbentuk angka + satuan; dibiarkan sebagai keterangan.
06090120093424,DELFOX 25 EC,kurung-bukan-dosis,ULV,Tidak berbentuk angka + satuan; dibiarkan sebagai keterangan.
06090120093424,DELFOX 25 EC,kurung-bukan-dosis,ULV,Tidak berbentuk angka + satuan; dibiarkan sebagai keterangan.
042016385,PROPOXUR 97 TC,entri-tanpa-sasaran,,Seluruh medan sasaran kosong — lazim pada bahan teknis (TC) yang didaftarkan tanpa penggunaan berlabel.
042019694,GLYPHOSATE ACID 95 TC,entri-tanpa-sasaran,,Seluruh medan sasaran kosong — lazim pada bahan teknis (TC) yang didaftarkan tanpa penggunaan berlabel.
032017421,GALLANT 108 EC,kadar-kolom-bukan-angka,Kebutuhan Export,"satuanPestisida=""""; ditolak: tidak-cocok-pola. Teksnya dipertahankan pada dosis_teks."
0420231139,PIROKSASULFON 98 TC,entri-tanpa-sasaran,,Seluruh medan sasaran kosong — lazim pada bahan teknis (TC) yang didaftarkan tanpa penggunaan berlabel.
01040120248379,FORAPHON 12.5 PA,baris-bukan-nama-ilmiah,jumlah malai/tanaman,Baris ke-2 pada latinHamaKomoditas; tidak dijadikan OPT.
0420221021,GLIFOSAT 95 TC,entri-tanpa-sasaran,,Seluruh medan sasaran kosong — lazim pada bahan teknis (TC) yang didaftarkan tanpa penggunaan berlabel.
03199877,CLINCHER 200 EC,kadar-kolom-bukan-angka,Kebutuhan Export,"satuanPestisida=""""; ditolak: tidak-cocok-pola. Teksnya dipertahankan pada dosis_teks."
042006195,MONOSULTAP 95 TC,kadar-kolom-bukan-angka,-,"satuanPestisida=""%""; ditolak: tidak-cocok-pola. Teksnya dipertahankan pada dosis_teks."
042019685,CYPERMETHRIN 94 TK,kadar-kolom-bukan-angka,-,"satuanPestisida=""%""; ditolak: tidak-cocok-pola. Teksnya dipertahankan pada dosis_teks."
032012308,MIPC 75 WP,kadar-kolom-bukan-angka,ekspor,"satuanPestisida=""g/l""; ditolak: tidak-cocok-pola. Teksnya dipertahankan pada dosis_teks."
032012282,Mortein 0.2 MC,kadar-kolom-bukan-angka,Tidak Ada Penggunaan Terdaftar (Pestisida Ekspor),"satuanPestisida=""""; ditolak: tidak-cocok-pola. Teksnya dipertahankan pada dosis_teks."
032012282,Mortein 0.2 MC,kurung-bukan-dosis,Pestisida Ekspor,Tidak berbentuk angka + satuan; dibiarkan sebagai keterangan.
032026639,KIFIX 17.5/52.5 WG,entri-tanpa-sasaran,,Seluruh medan sasaran kosong — lazim pada bahan teknis (TC) yang didaftarkan tanpa penggunaan berlabel.
0420261498,BIOX M188,entri-tanpa-sasaran,,Seluruh medan sasaran kosong — lazim pada bahan teknis (TC) yang didaftarkan tanpa penggunaan berlabel.
0420221095,FLUROKSIPIR MEPTIL 95 TC,entri-tanpa-sasaran,,Seluruh medan sasaran kosong — lazim pada bahan teknis (TC) yang didaftarkan tanpa penggunaan berlabel.
06080120238015,HIT Expert 0.251 AE,kadar-kolom-bukan-angka,Penyemprotan terbatas dan siap pakai,"satuanPestisida=""-""; ditolak: tidak-cocok-pola. Teksnya dipertahankan pada dosis_teks."
0420251401,Densil S89,entri-tanpa-sasaran,,Seluruh medan sasaran kosong — lazim pada bahan teknis (TC) yang didaftarkan tanpa penggunaan berlabel.
0420261515,MICROCARE PHC,entri-tanpa-sasaran,,Seluruh medan sasaran kosong — lazim pada bahan teknis (TC) yang didaftarkan tanpa penggunaan berlabel.
032020478,KEXOLIT 22 WG,kadar-kolom-bukan-angka,Untuk keperluan ekspor,"satuanPestisida=""""; ditolak: tidak-cocok-pola. Teksnya dipertahankan pada dosis_teks."
042019701,MANKOZEB 85 TC,entri-tanpa-sasaran,,Seluruh medan sasaran kosong — lazim pada bahan teknis (TC) yang didaftarkan tanpa penggunaan berlabel.
032025610,ARIKADAN FUNZAI,entri-tanpa-sasaran,,Seluruh medan sasaran kosong — lazim pada bahan teknis (TC) yang didaftarkan tanpa penggunaan berlabel.
0420231129,EMAMECTIN BENZOATE 96 TC,entri-tanpa-sasaran,,Seluruh medan sasaran kosong — lazim pada bahan teknis (TC) yang didaftarkan tanpa penggunaan berlabel.
042009238,PERMETHRIN 92 TC,entri-tanpa-sasaran,,Seluruh medan sasaran kosong — lazim pada bahan teknis (TC) yang didaftarkan tanpa penggunaan berlabel.
0420221017,DELTAMETHRIN 98.5 TC,entri-tanpa-sasaran,,Seluruh medan sasaran kosong — lazim pada bahan teknis (TC) yang didaftarkan tanpa penggunaan berlabel.
042019772,Parakuat Diklorida 42 TC,kadar-kolom-bukan-angka,-,"satuanPestisida=""%""; ditolak: tidak-cocok-pola. Teksnya dipertahankan pada dosis_teks."
0420221077,CleanBioTM-Zinc <MIT Free>,entri-tanpa-sasaran,,Seluruh medan sasaran kosong — lazim pada bahan teknis (TC) yang didaftarkan tanpa penggunaan berlabel.
042019782,BISPYRIBAC SODIUM 95 TC,entri-tanpa-sasaran,,Seluruh medan sasaran kosong — lazim pada bahan teknis (TC) yang didaftarkan tanpa penggunaan berlabel.
032025590,KEN-TEC 276 SL*,entri-tanpa-sasaran,,Seluruh medan sasaran kosong — lazim pada bahan teknis (TC) yang didaftarkan tanpa penggunaan berlabel.
032016384,NOVLECT 120 EC,kadar-kolom-bukan-angka,Untuk keperluan ekspor,"satuanPestisida=""""; ditolak: tidak-cocok-pola. Teksnya dipertahankan pada dosis_teks."
032026647,AMISTAR 250 SC,entri-tanpa-sasaran,,Seluruh medan sasaran kosong — lazim pada bahan teknis (TC) yang didaftarkan tanpa penggunaan berlabel.
0420231222,CHLOROTHALONIL 96 TC,entri-tanpa-sasaran,,Seluruh medan sasaran kosong — lazim pada bahan teknis (TC) yang didaftarkan tanpa penggunaan berlabel.
0420231236,TRANSFLUTHRIN 94 TC,entri-tanpa-sasaran,,Seluruh medan sasaran kosong — lazim pada bahan teknis (TC) yang didaftarkan tanpa penggunaan berlabel.
042019798,PYRAZOSULFURON ETHYL 98 TC,entri-tanpa-sasaran,,Seluruh medan sasaran kosong — lazim pada bahan teknis (TC) yang didaftarkan tanpa penggunaan berlabel.
042018671,Proxel BZ Plus,kadar-kolom-bukan-angka,-,"satuanPestisida=""%""; ditolak: tidak-cocok-pola. Teksnya dipertahankan pada dosis_teks."
0420241349,PREVENTOL BM 10,entri-tanpa-sasaran,,Seluruh medan sasaran kosong — lazim pada bahan teknis (TC) yang didaftarkan tanpa penggunaan berlabel.
04110120144890,AVENGER 50 SC,baris-bukan-nama-ilmiah,15 ml/l,Baris ke-2 pada latinHamaKomoditas; tidak dijadikan OPT.
04110120144890,AVENGER 50 SC,baris-bukan-nama-ilmiah,"Retensi: 4,84 kg/m3",Baris ke-3 pada latinHamaKomoditas; tidak dijadikan OPT.
04110120144890,AVENGER 50 SC,baris-bukan-nama-ilmiah,),Baris ke-4 pada latinHamaKomoditas; tidak dijadikan OPT.
0420241335,FLURALANER 99 TC,entri-tanpa-sasaran,,Seluruh medan sasaran kosong — lazim pada bahan teknis (TC) yang didaftarkan tanpa penggunaan berlabel.
042021980,GLIFOSAT 95 TC,kadar-kolom-bukan-angka,-,"satuanPestisida=""%""; ditolak: tidak-cocok-pola. Teksnya dipertahankan pada dosis_teks."
0420241336,GLYPHOSATE 95 TC,entri-tanpa-sasaran,,Seluruh medan sasaran kosong — lazim pada bahan teknis (TC) yang didaftarkan tanpa penggunaan berlabel.
042020876,"2,4-D 98 TC",entri-tanpa-sasaran,,Seluruh medan sasaran kosong — lazim pada bahan teknis (TC) yang didaftarkan tanpa penggunaan berlabel.
032018425,FACET 250 SC,kadar-kolom-bukan-angka,tidak tersedia untuk ekspor,"satuanPestisida=""ml/ha""; ditolak: tidak-cocok-pola. Teksnya dipertahankan pada dosis_teks."
0420221069,P-GLUFOSINAT 90 TC,entri-tanpa-sasaran,,Seluruh medan sasaran kosong — lazim pada bahan teknis (TC) yang didaftarkan tanpa penggunaan berlabel.
0420221053,KLORFENAPIR 96 TC,entri-tanpa-sasaran,,Seluruh medan sasaran kosong — lazim pada bahan teknis (TC) yang didaftarkan tanpa penggunaan berlabel.
06080120124263,VAPE PLUS 0.6 AE,kadar-kolom-bukan-angka,Siap Pakai,"satuanPestisida=""-""; ditolak: tidak-cocok-pola. Teksnya dipertahankan pada dosis_teks."
06080120124263,VAPE PLUS 0.6 AE,kadar-kolom-bukan-angka,Siap Pakai,"satuanPestisida=""-""; ditolak: tidak-cocok-pola. Teksnya dipertahankan pada dosis_teks."
06080120124263,VAPE PLUS 0.6 AE,kadar-kolom-bukan-angka,Siap Pakai,"satuanPestisida=""-""; ditolak: tidak-cocok-pola. Teksnya dipertahankan pada dosis_teks."
06080120124263,VAPE PLUS 0.6 AE,kadar-kolom-bukan-angka,Siap Pakai,"satuanPestisida=""-""; ditolak: tidak-cocok-pola. Teksnya dipertahankan pada dosis_teks."
06080120124263,VAPE PLUS 0.6 AE,kadar-kolom-bukan-angka,Siap Paki,"satuanPestisida=""-""; ditolak: tidak-cocok-pola. Teksnya dipertahankan pada dosis_teks."
042020836,ATRAZINE 95 TC,entri-tanpa-sasaran,,Seluruh medan sasaran kosong — lazim pada bahan teknis (TC) yang didaftarkan tanpa penggunaan berlabel.
06080120258890,VAPE SPIRAL 0.075 MC,kadar-kolom-bukan-angka,siap pakai,"satuanPestisida=""-""; ditolak: tidak-cocok-pola. Teksnya dipertahankan pada dosis_teks."
042019800,SIPERMETRIN 92 TC,kadar-kolom-bukan-angka,-,"satuanPestisida=""%""; ditolak: tidak-cocok-pola. Teksnya dipertahankan pada dosis_teks."
0420251434,BIOX M149,entri-tanpa-sasaran,,Seluruh medan sasaran kosong — lazim pada bahan teknis (TC) yang didaftarkan tanpa penggunaan berlabel.
0420251451,CHLORANTRANILIPROLE 96 TC,entri-tanpa-sasaran,,Seluruh medan sasaran kosong — lazim pada bahan teknis (TC) yang didaftarkan tanpa penggunaan berlabel.
042019736,Emamectin Benzoate 95 TC,kadar-kolom-bukan-angka,-,"satuanPestisida=""%""; ditolak: tidak-cocok-pola. Teksnya dipertahankan pada dosis_teks."
01030120083023,BATARA 135 SL,dosis-bentrok,"kolom=""2,5 - 3 l/ha"" kurung=""2 - 3 l/ha""","Komoditas ""Kakao (TBM)"", OPT ""Paspalum conjugatum"". Kolom yang dipakai."
042018643,CHLORFENAPYR 98 TC,entri-tanpa-sasaran,,Seluruh medan sasaran kosong — lazim pada bahan teknis (TC) yang didaftarkan tanpa penggunaan berlabel.
04199889,KRESPHO 54 TC,kadar-kolom-bukan-angka,-,"satuanPestisida=""%""; ditolak: tidak-cocok-pola. Teksnya dipertahankan pada dosis_teks."
032024575,KEENALI 400 SC,entri-tanpa-sasaran,,Seluruh medan sasaran kosong — lazim pada bahan teknis (TC) yang didaftarkan tanpa penggunaan berlabel.
01030120042062,DACOMIN 865 SL,baris-bukan-nama-ilmiah,Kalimat peringatan : Sisa gulma dan jerami tidak boleh dibakar,Baris ke-2 pada latinHamaKomoditas; tidak dijadikan OPT.
0420231240,PREVENTOL U-TEC G,entri-tanpa-sasaran,,Seluruh medan sasaran kosong — lazim pada bahan teknis (TC) yang didaftarkan tanpa penggunaan berlabel.
0420241326,Proxel DMB,entri-tanpa-sasaran,,Seluruh medan sasaran kosong — lazim pada bahan teknis (TC) yang didaftarkan tanpa penggunaan berlabel.
0420261494,Acticide MV,entri-tanpa-sasaran,,Seluruh medan sasaran kosong — lazim pada bahan teknis (TC) yang didaftarkan tanpa penggunaan berlabel.
0420231161,INNOMAN ® CMF,entri-tanpa-sasaran,,Seluruh medan sasaran kosong — lazim pada bahan teknis (TC) yang didaftarkan tanpa penggunaan berlabel.
0420251450,BROMADIOLON 95 TC,entri-tanpa-sasaran,,Seluruh medan sasaran kosong — lazim pada bahan teknis (TC) yang didaftarkan tanpa penggunaan berlabel.
032025585,CARBOFURAN 3 GR,entri-tanpa-sasaran,,Seluruh medan sasaran kosong — lazim pada bahan teknis (TC) yang didaftarkan tanpa penggunaan berlabel.
0420251467,Sporgard WB,entri-tanpa-sasaran,,Seluruh medan sasaran kosong — lazim pada bahan teknis (TC) yang didaftarkan tanpa penggunaan berlabel.
032025599,CARBOMAX 3 GR,entri-tanpa-sasaran,,Seluruh medan sasaran kosong — lazim pada bahan teknis (TC) yang didaftarkan tanpa penggunaan berlabel.
0420221051,HEXACONAZOLE 95 TC,entri-tanpa-sasaran,,Seluruh medan sasaran kosong — lazim pada bahan teknis (TC) yang didaftarkan tanpa penggunaan berlabel.
01020119971301,CURZATE 8/64 WP,baris-bukan-nama-ilmiah,(4 g/l),Baris ke-2 pada latinHamaKomoditas; tidak dijadikan OPT.
01020119971301,CURZATE 8/64 WP,dosis-bentrok,"kolom=""1 g/l"" kurung=""2 g/l""","Komoditas ""Semangka"", OPT ""Pseudoperonospora cubensis"". Kolom yang dipakai."
0420221032,TRICLOPYR-BUTOTYL ESTER 95 TC,entri-tanpa-sasaran,,Seluruh medan sasaran kosong — lazim pada bahan teknis (TC) yang didaftarkan tanpa penggunaan berlabel.
0420241282,METOMIL 98 TC,entri-tanpa-sasaran,,Seluruh medan sasaran kosong — lazim pada bahan teknis (TC) yang didaftarkan tanpa penggunaan berlabel.
0420251404,Polyphase S99 Plus,entri-tanpa-sasaran,,Seluruh medan sasaran kosong — lazim pada bahan teknis (TC) yang didaftarkan tanpa penggunaan berlabel.
0420251452,Chlorantraniliprole 98 TC,entri-tanpa-sasaran,,Seluruh medan sasaran kosong — lazim pada bahan teknis (TC) yang didaftarkan tanpa penggunaan berlabel.
01010120042060,CYPERMAX 100 EC,kurung-bukan-dosis,2 ml,Ditolak: satuan-tanpa-garis-miring.
01010120042060,CYPERMAX 100 EC,kurung-bukan-dosis,2 ml,Ditolak: satuan-tanpa-garis-miring.
01010120042060,CYPERMAX 100 EC,kurung-bukan-dosis,1 ml,Ditolak: satuan-tanpa-garis-miring.
01010120042060,CYPERMAX 100 EC,kurung-bukan-dosis,2 ml,Ditolak: satuan-tanpa-garis-miring.
01010120042060,CYPERMAX 100 EC,kurung-bukan-dosis,2 ml,Ditolak: satuan-tanpa-garis-miring.
01010120042060,CYPERMAX 100 EC,kurung-bukan-dosis,2 ml,Ditolak: satuan-tanpa-garis-miring.
032024548,SHALOM 250 SC,entri-tanpa-sasaran,,Seluruh medan sasaran kosong — lazim pada bahan teknis (TC) yang didaftarkan tanpa penggunaan berlabel.
042020879,"2,4-D 2-ETHYLHEXYL ESTER 97 TC",entri-tanpa-sasaran,,Seluruh medan sasaran kosong — lazim pada bahan teknis (TC) yang didaftarkan tanpa penggunaan berlabel.
0420231126,Cypermethrin 94% TC,entri-tanpa-sasaran,,Seluruh medan sasaran kosong — lazim pada bahan teknis (TC) yang didaftarkan tanpa penggunaan berlabel.
042021955,Glyphosate 95 TC,kadar-kolom-bukan-angka,-,"satuanPestisida=""%""; ditolak: tidak-cocok-pola. Teksnya dipertahankan pada dosis_teks."
01030120269648,SABIT 500 SC,dosis-bentrok,"kolom=""1.5-2 l/ha"" kurung=""1,5 - 3 l/ha""","Komoditas ""Budidaya kelapa sawit (TBM)"", OPT ""Cyperus rotundus"". Kolom yang dipakai."
0420241307,Ethion 95 TC,entri-tanpa-sasaran,,Seluruh medan sasaran kosong — lazim pada bahan teknis (TC) yang didaftarkan tanpa penggunaan berlabel.
0420241288,PRETILACHLOR 96 TC,entri-tanpa-sasaran,,Seluruh medan sasaran kosong — lazim pada bahan teknis (TC) yang didaftarkan tanpa penggunaan berlabel.
0420221056,P-GLUFOSINAT 90 TC,entri-tanpa-sasaran,,Seluruh medan sasaran kosong — lazim pada bahan teknis (TC) yang didaftarkan tanpa penggunaan berlabel.
042022002687,DELTAMETHRIN 95 TC,entri-tanpa-sasaran,,Seluruh medan sasaran kosong — lazim pada bahan teknis (TC) yang didaftarkan tanpa penggunaan berlabel.
0420261511,KLORANTRANILIPROL 98 TC,entri-tanpa-sasaran,,Seluruh medan sasaran kosong — lazim pada bahan teknis (TC) yang didaftarkan tanpa penggunaan berlabel.
01040120269686,UNICLOStAR 250 SC,kurung-bukan-dosis,flush,Tidak berbentuk angka + satuan; dibiarkan sebagai keterangan.
06080120248568,ALL BUGS MUST DIE 27 AL,kadar-kolom-bukan-angka,larutan siap pakai,"satuanPestisida=""-""; ditolak: tidak-cocok-pola. Teksnya dipertahankan pada dosis_teks."
0420241303,"DELTAMETHRIN 98,5 TC",entri-tanpa-sasaran,,Seluruh medan sasaran kosong — lazim pada bahan teknis (TC) yang didaftarkan tanpa penggunaan berlabel.
0420261510,IMIDACLOPRID 98 TC,entri-tanpa-sasaran,,Seluruh medan sasaran kosong — lazim pada bahan teknis (TC) yang didaftarkan tanpa penggunaan berlabel.
042007202,MANCOZEB 80 TK,kadar-kolom-bukan-angka,-,"satuanPestisida=""%""; ditolak: tidak-cocok-pola. Teksnya dipertahankan pada dosis_teks."
0101011983640,Dharmafur 3 GR,dosis-bentrok,"kolom=""4.25 kg/ha"" kurung=""8,5 kg/ha""","Komoditas ""Kedelai"", OPT ""Agromyza sp"". Kolom yang dipakai."
0420221080,OZZIECIDE 363W,entri-tanpa-sasaran,,Seluruh medan sasaran kosong — lazim pada bahan teknis (TC) yang didaftarkan tanpa penggunaan berlabel.
042019793,LAMDA SIHALOTRIN 95 TC,kadar-kolom-bukan-angka,-,"satuanPestisida=""%""; ditolak: tidak-cocok-pola. Teksnya dipertahankan pada dosis_teks."
0420221031,TRIKLOPIR BUTOTIL 99 TC,entri-tanpa-sasaran,,Seluruh medan sasaran kosong — lazim pada bahan teknis (TC) yang didaftarkan tanpa penggunaan berlabel.
0420221038,PREVENTOL MP 260,entri-tanpa-sasaran,,Seluruh medan sasaran kosong — lazim pada bahan teknis (TC) yang didaftarkan tanpa penggunaan berlabel.
0420241274,DIAZINON 96 TC,entri-tanpa-sasaran,,Seluruh medan sasaran kosong — lazim pada bahan teknis (TC) yang didaftarkan tanpa penggunaan berlabel.
032022519,Indar 240 SC,entri-tanpa-sasaran,,Seluruh medan sasaran kosong — lazim pada bahan teknis (TC) yang didaftarkan tanpa penggunaan berlabel.
06080120165523,NOMOS 0.041MC,kadar-kolom-bukan-angka,dosis siap pakai,"satuanPestisida=""%""; ditolak: tidak-cocok-pola. Teksnya dipertahankan pada dosis_teks."
06080120165523,NOMOS 0.041MC,kadar-kolom-bukan-angka,dosis siap pakai,"satuanPestisida=""%""; ditolak: tidak-cocok-pola. Teksnya dipertahankan pada dosis_teks."
042017418,AMONIUM GLUFOSINAT 50 TK,kadar-kolom-bukan-angka,tidak tersedia untuk bahan teknis,"satuanPestisida=""""; ditolak: tidak-cocok-pola. Teksnya dipertahankan pada dosis_teks."
0420231221,BARUCHEM 42% TC,entri-tanpa-sasaran,,Seluruh medan sasaran kosong — lazim pada bahan teknis (TC) yang didaftarkan tanpa penggunaan berlabel.
032025604,METHOMYL 90 SP,entri-tanpa-sasaran,,Seluruh medan sasaran kosong — lazim pada bahan teknis (TC) yang didaftarkan tanpa penggunaan berlabel.
0420221084,Proxel BZ,entri-tanpa-sasaran,,Seluruh medan sasaran kosong — lazim pada bahan teknis (TC) yang didaftarkan tanpa penggunaan berlabel.
0420251432,ACTICIDE MBS 5050,entri-tanpa-sasaran,,Seluruh medan sasaran kosong — lazim pada bahan teknis (TC) yang didaftarkan tanpa penggunaan berlabel.
0420231257,PARAQUAT DICHLORIDE 42 TC,entri-tanpa-sasaran,,Seluruh medan sasaran kosong — lazim pada bahan teknis (TC) yang didaftarkan tanpa penggunaan berlabel.
042021957,GLYPHOSATE 95 TC,entri-tanpa-sasaran,,Seluruh medan sasaran kosong — lazim pada bahan teknis (TC) yang didaftarkan tanpa penggunaan berlabel.
0420231194,PARAQUAT DICHLORIDE 42 TC,entri-tanpa-sasaran,,Seluruh medan sasaran kosong — lazim pada bahan teknis (TC) yang didaftarkan tanpa penggunaan berlabel.
042020834,Zinc Omadine ZOE T,kadar-kolom-bukan-angka,-,"satuanPestisida=""%""; ditolak: tidak-cocok-pola. Teksnya dipertahankan pada dosis_teks."
01030120238127,FLUROXYLIER 288 EC,kadar-kolom-bukan-angka,C,"satuanPestisida=""l/ha""; ditolak: tidak-cocok-pola. Teksnya dipertahankan pada dosis_teks."
0420221109,Innosei ® CPC,entri-tanpa-sasaran,,Seluruh medan sasaran kosong — lazim pada bahan teknis (TC) yang didaftarkan tanpa penggunaan berlabel.
0420241355,"2,4 D 98 TC",entri-tanpa-sasaran,,Seluruh medan sasaran kosong — lazim pada bahan teknis (TC) yang didaftarkan tanpa penggunaan berlabel.
042018659,PARAQUAT DICHLORIDE 42 TC,entri-tanpa-sasaran,,Seluruh medan sasaran kosong — lazim pada bahan teknis (TC) yang didaftarkan tanpa penggunaan berlabel.
0420251442,PREVENTOL D 15,entri-tanpa-sasaran,,Seluruh medan sasaran kosong — lazim pada bahan teknis (TC) yang didaftarkan tanpa penggunaan berlabel.
042017504,TRICLOPYR 95 TC,entri-tanpa-sasaran,,Seluruh medan sasaran kosong — lazim pada bahan teknis (TC) yang didaftarkan tanpa penggunaan berlabel.
05100120227339,OORJA 500 HN,kurung-bukan-dosis,menghambat pertunasan,Tidak berbentuk angka + satuan; dibiarkan sebagai keterangan.
01030119941170,ELANG 480 SL,baris-bukan-nama-ilmiah,),Baris ke-2 pada latinHamaKomoditas; tidak dijadikan OPT.
0420241301,Chlorimuron ethyl 95 TC,entri-tanpa-sasaran,,Seluruh medan sasaran kosong — lazim pada bahan teknis (TC) yang didaftarkan tanpa penggunaan berlabel.
032022538,FENDONA 250 SC,entri-tanpa-sasaran,,Seluruh medan sasaran kosong — lazim pada bahan teknis (TC) yang didaftarkan tanpa penggunaan berlabel.
010301201242681,TUFOMIN 865 SL,baris-bukan-nama-ilmiah,Peringatan:,Baris ke-2 pada latinHamaKomoditas; tidak dijadikan OPT.
010301201242681,TUFOMIN 865 SL,baris-bukan-nama-ilmiah,Sisa gulma dan jerami,Baris ke-3 pada latinHamaKomoditas; tidak dijadikan OPT.
010301201242681,TUFOMIN 865 SL,baris-bukan-nama-ilmiah,tidak boleh dibakar,Baris ke-4 pada latinHamaKomoditas; tidak dijadikan OPT.
0420221065,GLYPHOSATE 95 TC,entri-tanpa-sasaran,,Seluruh medan sasaran kosong — lazim pada bahan teknis (TC) yang didaftarkan tanpa penggunaan berlabel.
01040120248375,FITAGILL 1.55/3.10 SL,kurung-bukan-dosis,jumlah anakan,Tidak berbentuk angka + satuan; dibiarkan sebagai keterangan.
01040120248375,FITAGILL 1.55/3.10 SL,kurung-bukan-dosis,bobot 100 biji,Tidak berbentuk angka + satuan; dibiarkan sebagai keterangan.
01040120248375,FITAGILL 1.55/3.10 SL,kurung-bukan-dosis,rendemen beras,Tidak berbentuk angka + satuan; dibiarkan sebagai keterangan.
042018513,CARBOFURAN 98 TC,entri-tanpa-sasaran,,Seluruh medan sasaran kosong — lazim pada bahan teknis (TC) yang didaftarkan tanpa penggunaan berlabel.
0420231239,Omacide IPBC 30 DPG,entri-tanpa-sasaran,,Seluruh medan sasaran kosong — lazim pada bahan teknis (TC) yang didaftarkan tanpa penggunaan berlabel.
042018657,PARAQUAT 42 TC,entri-tanpa-sasaran,,Seluruh medan sasaran kosong — lazim pada bahan teknis (TC) yang didaftarkan tanpa penggunaan berlabel.
0420251408,Proxel MV1.5,entri-tanpa-sasaran,,Seluruh medan sasaran kosong — lazim pada bahan teknis (TC) yang didaftarkan tanpa penggunaan berlabel.
042021947,FENOXAPROP-P-ETHYL 95 TC,entri-tanpa-sasaran,,Seluruh medan sasaran kosong — lazim pada bahan teknis (TC) yang didaftarkan tanpa penggunaan berlabel.
01030120021687,GALAMIN 865 SL,baris-bukan-nama-ilmiah,Kalimat peringatan : Sisa gulma dan jerami tidak boleh dibakar,Baris ke-2 pada latinHamaKomoditas; tidak dijadikan OPT.
0420241290,PROPINEB 85 TC,entri-tanpa-sasaran,,Seluruh medan sasaran kosong — lazim pada bahan teknis (TC) yang didaftarkan tanpa penggunaan berlabel.
0420251377,CHLORANTRANILIPROLE 95.3 TC,entri-tanpa-sasaran,,Seluruh medan sasaran kosong — lazim pada bahan teknis (TC) yang didaftarkan tanpa penggunaan berlabel.
042001137,CYPERMETHRIN 92 TC,kadar-kolom-bukan-angka,-,"satuanPestisida=""%""; ditolak: tidak-cocok-pola. Teksnya dipertahankan pada dosis_teks."
0420251420,OXINE-COPPER 98.5 TC,entri-tanpa-sasaran,,Seluruh medan sasaran kosong — lazim pada bahan teknis (TC) yang didaftarkan tanpa penggunaan berlabel.
042010275,PARAKUAT 42 TC,entri-tanpa-sasaran,,Seluruh medan sasaran kosong — lazim pada bahan teknis (TC) yang didaftarkan tanpa penggunaan berlabel.
032026657,OXAMYL 240 SL,entri-tanpa-sasaran,,Seluruh medan sasaran kosong — lazim pada bahan teknis (TC) yang didaftarkan tanpa penggunaan berlabel.
032013334,CURZATE 8/64 WP,kadar-kolom-bukan-angka,Kebutuhan Export,"satuanPestisida=""""; ditolak: tidak-cocok-pola. Teksnya dipertahankan pada dosis_teks."
01040120206626,GG 8.5 SL,baris-bukan-nama-ilmiah,"jumlah bunga, hasil/tanaman, hasil/petak",Baris ke-2 pada latinHamaKomoditas; tidak dijadikan OPT.
01040120206626,GG 8.5 SL,baris-bukan-nama-ilmiah,dan hasil/ha,Baris ke-3 pada latinHamaKomoditas; tidak dijadikan OPT.
0420261505,FEPROXYDIM 90 TC,entri-tanpa-sasaran,,Seluruh medan sasaran kosong — lazim pada bahan teknis (TC) yang didaftarkan tanpa penggunaan berlabel.
032025625,CARBOFURAN 3 GR,entri-tanpa-sasaran,,Seluruh medan sasaran kosong — lazim pada bahan teknis (TC) yang didaftarkan tanpa penggunaan berlabel.
0420251464,PYRIBENZOXIM 96 TC,entri-tanpa-sasaran,,Seluruh medan sasaran kosong — lazim pada bahan teknis (TC) yang didaftarkan tanpa penggunaan berlabel.
0420241310,GLYPHOSATE 95 TC,entri-tanpa-sasaran,,Seluruh medan sasaran kosong — lazim pada bahan teknis (TC) yang didaftarkan tanpa penggunaan berlabel.
0420241313,ISOPROTHIOLANE 95 TC,entri-tanpa-sasaran,,Seluruh medan sasaran kosong — lazim pada bahan teknis (TC) yang didaftarkan tanpa penggunaan berlabel.
032025593,METHOMYL 215 SL,entri-tanpa-sasaran,,Seluruh medan sasaran kosong — lazim pada bahan teknis (TC) yang didaftarkan tanpa penggunaan berlabel.
01010120093308,ALFAMEX 18 EC,baris-bukan-nama-ilmiah,),Baris ke-2 pada latinHamaKomoditas; tidak dijadikan OPT.
032019465,BASTA 150 SL,kadar-kolom-bukan-angka,tidak tersedia untuk ekspor,"satuanPestisida=""""; ditolak: tidak-cocok-pola. Teksnya dipertahankan pada dosis_teks."
0420241325,SODIUM NITROPHENOLATE 98 TC,entri-tanpa-sasaran,,Seluruh medan sasaran kosong — lazim pada bahan teknis (TC) yang didaftarkan tanpa penggunaan berlabel.
032024559,ABATE 500 EC,entri-tanpa-sasaran,,Seluruh medan sasaran kosong — lazim pada bahan teknis (TC) yang didaftarkan tanpa penggunaan berlabel.
0420241327,Zinc Omadine MP,entri-tanpa-sasaran,,Seluruh medan sasaran kosong — lazim pada bahan teknis (TC) yang didaftarkan tanpa penggunaan berlabel.
0420241299,BENTAZON 96 TC,entri-tanpa-sasaran,,Seluruh medan sasaran kosong — lazim pada bahan teknis (TC) yang didaftarkan tanpa penggunaan berlabel.
0420241346,PREVENTOL A 6-D,entri-tanpa-sasaran,,Seluruh medan sasaran kosong — lazim pada bahan teknis (TC) yang didaftarkan tanpa penggunaan berlabel.
01030120031931,SOLUSI 865 SL,baris-bukan-nama-ilmiah,Kalimat peringatan:,Baris ke-2 pada latinHamaKomoditas; tidak dijadikan OPT.
01030120031931,SOLUSI 865 SL,baris-bukan-nama-ilmiah,Sisa gulma dan jerami,Baris ke-3 pada latinHamaKomoditas; tidak dijadikan OPT.
01030120031931,SOLUSI 865 SL,baris-bukan-nama-ilmiah,tidak boleh dibakar,Baris ke-4 pada latinHamaKomoditas; tidak dijadikan OPT.
032022517,HIT EXPERT 0.26 AE (WB),entri-tanpa-sasaran,,Seluruh medan sasaran kosong — lazim pada bahan teknis (TC) yang didaftarkan tanpa penggunaan berlabel.
032020500,METHOMYL 90 SP,entri-tanpa-sasaran,,Seluruh medan sasaran kosong — lazim pada bahan teknis (TC) yang didaftarkan tanpa penggunaan berlabel.
0420241360,GLYPHOSATE 95 TC,entri-tanpa-sasaran,,Seluruh medan sasaran kosong — lazim pada bahan teknis (TC) yang didaftarkan tanpa penggunaan berlabel.
06080120237999,Force Magic 0.15 AE,kadar-kolom-bukan-angka,Siap Pakai,"satuanPestisida=""-""; ditolak: tidak-cocok-pola. Teksnya dipertahankan pada dosis_teks."
06080120269355,DINOLA 50 SG,kurung-bukan-dosis,pengenceran 120–150 kali,Tidak berbentuk angka + satuan; dibiarkan sebagai keterangan.
06080120269355,DINOLA 50 SG,kurung-bukan-dosis,pengenceran 120–150 kali,Tidak berbentuk angka + satuan; dibiarkan sebagai keterangan.
06080120269355,DINOLA 50 SG,kurung-bukan-dosis,pengenceran 300 - 400 kali,Tidak berbentuk angka + satuan; dibiarkan sebagai keterangan.
06080120269355,DINOLA 50 SG,kurung-bukan-dosis,pengenceran 200–250 kali,Tidak berbentuk angka + satuan; dibiarkan sebagai keterangan.
0420231248,CYPERMETHRIN 92 TC,entri-tanpa-sasaran,,Seluruh medan sasaran kosong — lazim pada bahan teknis (TC) yang didaftarkan tanpa penggunaan berlabel.
01040120237954,Windeal Brassin 0.1 SL,baris-bukan-nama-ilmiah,(pada 4 MST),Baris ke-2 pada latinHamaKomoditas; tidak dijadikan OPT.
032025629,E-TOMIL 90 SP,entri-tanpa-sasaran,,Seluruh medan sasaran kosong — lazim pada bahan teknis (TC) yang didaftarkan tanpa penggunaan berlabel.
0420231187,IMIDACLOPRID 97 % TC,entri-tanpa-sasaran,,Seluruh medan sasaran kosong — lazim pada bahan teknis (TC) yang didaftarkan tanpa penggunaan berlabel.
01030120227577,PROXON 200 SL,dosis-bentrok,"kolom=""3,0-7,0 l/ha"" kurung=""3 - 4 l/ha""","Komoditas ""Budidaya kelapa sawit (TBM)"", OPT ""Clidemia hirta"". Kolom yang dipakai."
01030120227577,PROXON 200 SL,dosis-bentrok,"kolom=""3,0-7,0 l/ha"" kurung=""3 - 4 l/ha""","Komoditas ""Budidaya kelapa sawit (TBM)"", OPT ""Mikania micrantha"". Kolom yang dipakai."
01030120227577,PROXON 200 SL,dosis-bentrok,"kolom=""3,0-7,0 l/ha"" kurung=""3 - 4 l/ha""","Komoditas ""Budidaya kelapa sawit (TBM)"", OPT ""Asystasia gangetica"". Kolom yang dipakai."
01030120227577,PROXON 200 SL,dosis-bentrok,"kolom=""3,0-7,0 l/ha"" kurung=""3 - 4 l/ha""","Komoditas ""Budidaya kelapa sawit (TBM)"", OPT ""Borreria alata"". Kolom yang dipakai."
0420251433,BIOX ABZ,entri-tanpa-sasaran,,Seluruh medan sasaran kosong — lazim pada bahan teknis (TC) yang didaftarkan tanpa penggunaan berlabel.
0420241364,PARAKUAT DIKLORIDA 42 TC,entri-tanpa-sasaran,,Seluruh medan sasaran kosong — lazim pada bahan teknis (TC) yang didaftarkan tanpa penggunaan berlabel.
0420241367,ACTICIDE ICB 3,entri-tanpa-sasaran,,Seluruh medan sasaran kosong — lazim pada bahan teknis (TC) yang didaftarkan tanpa penggunaan berlabel.
01030120093596,THIOSIDA 6 GR,dosis-bentrok,"kolom=""15 - 20 kg/ha"" kurung=""10-15 kg/ha""","Komoditas ""Padi sawah tabela"", OPT ""Cyperus iria"". Kolom yang dipakai."
01030120093596,THIOSIDA 6 GR,dosis-bentrok,"kolom=""15 - 20 kg/ha"" kurung=""10-15 kg/ha""","Komoditas ""Padi sawah tabela"", OPT ""Echinochloa cruss-gali"". Kolom yang dipakai."
01030120093596,THIOSIDA 6 GR,dosis-bentrok,"kolom=""15 - 20 kg/ha"" kurung=""10-15 kg/ha""","Komoditas ""Padi sawah tabela"", OPT ""Monochoria vaginalis"". Kolom yang dipakai."
01030120093596,THIOSIDA 6 GR,dosis-bentrok,"kolom=""15 - 20 kg/ha"" kurung=""10-15 kg/ha""","Komoditas ""Padi sawah tabela"", OPT ""Ludwigia octovalvis"". Kolom yang dipakai."
01040120103838,GIBBERSIPP 20 TB,baris-bukan-nama-ilmiah,"jumlah umbi/tanaman, bobot umbi,",Baris ke-2 pada latinHamaKomoditas; tidak dijadikan OPT.
01040120103838,GIBBERSIPP 20 TB,baris-bukan-nama-ilmiah,"hasil/tanaman, hasil/petak, hasil/ha",Baris ke-3 pada latinHamaKomoditas; tidak dijadikan OPT.
0420251381,IMIDAKLOPRID 95% TC,entri-tanpa-sasaran,,Seluruh medan sasaran kosong — lazim pada bahan teknis (TC) yang didaftarkan tanpa penggunaan berlabel.
032018424,VAPE MULTI INSECT KILLER,kadar-kolom-bukan-angka,-,"satuanPestisida=""%""; ditolak: tidak-cocok-pola. Teksnya dipertahankan pada dosis_teks."
032018424,VAPE MULTI INSECT KILLER,kurung-bukan-dosis,Product export,Tidak berbentuk angka + satuan; dibiarkan sebagai keterangan.
0420221097,GLUFOSINATE-AMMONIUM 95 TC,entri-tanpa-sasaran,,Seluruh medan sasaran kosong — lazim pada bahan teknis (TC) yang didaftarkan tanpa penggunaan berlabel.
042020891,PARAQUAT DICHLORIDE 42 TC,entri-tanpa-sasaran,,Seluruh medan sasaran kosong — lazim pada bahan teknis (TC) yang didaftarkan tanpa penggunaan berlabel.
0420231255,IMIDACLOPRID 96 TC,entri-tanpa-sasaran,,Seluruh medan sasaran kosong — lazim pada bahan teknis (TC) yang didaftarkan tanpa penggunaan berlabel.
06090120093323,BIOMAC 10 WP,baris-bukan-nama-ilmiah,Kalimat peringatan:,Baris ke-2 pada latinHamaKomoditas; tidak dijadikan OPT.
06090120093323,BIOMAC 10 WP,baris-bukan-nama-ilmiah,Tidak boleh digunakan oleh,Baris ke-3 pada latinHamaKomoditas; tidak dijadikan OPT.
06090120093323,BIOMAC 10 WP,baris-bukan-nama-ilmiah,"perorangan, hanya digunakan",Baris ke-4 pada latinHamaKomoditas; tidak dijadikan OPT.
06090120093323,BIOMAC 10 WP,baris-bukan-nama-ilmiah,oleh petugas Dinas Kesehatan/,Baris ke-5 pada latinHamaKomoditas; tidak dijadikan OPT.
06090120093323,BIOMAC 10 WP,baris-bukan-nama-ilmiah,pest control,Baris ke-6 pada latinHamaKomoditas; tidak dijadikan OPT.
0420261489,Acticide ATA 20,entri-tanpa-sasaran,,Seluruh medan sasaran kosong — lazim pada bahan teknis (TC) yang didaftarkan tanpa penggunaan berlabel.
0420221059,PREVENTOL TM-CE 25,entri-tanpa-sasaran,,Seluruh medan sasaran kosong — lazim pada bahan teknis (TC) yang didaftarkan tanpa penggunaan berlabel.
032019458,COMPRO 600 EC,kadar-kolom-bukan-angka,-,"satuanPestisida=""g/l""; ditolak: tidak-cocok-pola. Teksnya dipertahankan pada dosis_teks."
042018516,CHLORPYRIFOS 97 TC,entri-tanpa-sasaran,,Seluruh medan sasaran kosong — lazim pada bahan teknis (TC) yang didaftarkan tanpa penggunaan berlabel.
0420241314,KLORANTRANILIPROL 98 TC,entri-tanpa-sasaran,,Seluruh medan sasaran kosong — lazim pada bahan teknis (TC) yang didaftarkan tanpa penggunaan berlabel.
032025633,METOMIL 90 SP,entri-tanpa-sasaran,,Seluruh medan sasaran kosong — lazim pada bahan teknis (TC) yang didaftarkan tanpa penggunaan berlabel.
032024557,VAPE 0.15 MC,entri-tanpa-sasaran,,Seluruh medan sasaran kosong — lazim pada bahan teknis (TC) yang didaftarkan tanpa penggunaan berlabel.
0420231207,INTACE B-350,entri-tanpa-sasaran,,Seluruh medan sasaran kosong — lazim pada bahan teknis (TC) yang didaftarkan tanpa penggunaan berlabel.
032019448,FRONTIER P 720 EC,kadar-kolom-bukan-angka,tidak tersedia untuk ekspor,"satuanPestisida=""g/l""; ditolak: tidak-cocok-pola. Teksnya dipertahankan pada dosis_teks."
0420241296,"2,4-D Acid Technical 97%",entri-tanpa-sasaran,,Seluruh medan sasaran kosong — lazim pada bahan teknis (TC) yang didaftarkan tanpa penggunaan berlabel.
06080120227323,"KINGKONG 0,088 MC",kadar-kolom-bukan-angka,Pembakaran,"satuanPestisida=""-""; ditolak: tidak-cocok-pola. Teksnya dipertahankan pada dosis_teks."
06080120227323,"KINGKONG 0,088 MC",kadar-kolom-bukan-angka,Pembakaran,"satuanPestisida=""-""; ditolak: tidak-cocok-pola. Teksnya dipertahankan pada dosis_teks."
032020503,ZORVEC ENCANTIA 330 SE,kadar-kolom-bukan-angka,Untuk keperluan ekspor,"satuanPestisida=""""; ditolak: tidak-cocok-pola. Teksnya dipertahankan pada dosis_teks."
01040120031742,BIGEST 40 EC,kadar-kolom-bukan-angka,"57,14 ml/ha, (pada 30 HST, 50 HST dan 70 HST)","satuanPestisida=""-""; ditolak: satuan-terlalu-panjang. Teksnya dipertahankan pada dosis_teks."
01040120031742,BIGEST 40 EC,kurung-bukan-dosis,"pada 30 HST, 50 HST dan 70 HST",Tidak berbentuk angka + satuan; dibiarkan sebagai keterangan.
01040120031742,BIGEST 40 EC,kurung-bukan-dosis,"3,5,7 MST",Ditolak: satuan-diawali-bukan-huruf.
0420231264,INNOMAN ® CMG,entri-tanpa-sasaran,,Seluruh medan sasaran kosong — lazim pada bahan teknis (TC) yang didaftarkan tanpa penggunaan berlabel.
0420231145,TEMBOTRION 95 TC,entri-tanpa-sasaran,,Seluruh medan sasaran kosong — lazim pada bahan teknis (TC) yang didaftarkan tanpa penggunaan berlabel.
042017419,CHLORFENAPYR 95 TC,entri-tanpa-sasaran,,Seluruh medan sasaran kosong — lazim pada bahan teknis (TC) yang didaftarkan tanpa penggunaan berlabel.
01030120175851,MACSPRAY 76.4 WP,baris-bukan-nama-ilmiah,Kalimat peringatan: Sisa gulma dan jerami tidak boleh dibakar,Baris ke-2 pada latinHamaKomoditas; tidak dijadikan OPT.
0420231188,KUINKLORAK 96 TC,entri-tanpa-sasaran,,Seluruh medan sasaran kosong — lazim pada bahan teknis (TC) yang didaftarkan tanpa penggunaan berlabel.
01030120011606,AMCOMIN 865 SL,dosis-bentrok,"kolom=""1,5-3,5 l/ha"" kurung=""1,5-2 l/ha""","Komoditas ""Padi sawah"", OPT ""Cyperus difformis"". Kolom yang dipakai."
032004176,RUNNER 240 SC,kadar-kolom-bukan-angka,Kebutuhan Export,"satuanPestisida=""""; ditolak: tidak-cocok-pola. Teksnya dipertahankan pada dosis_teks."
0420231202,PROTIOKONAZOL 97 TC,entri-tanpa-sasaran,,Seluruh medan sasaran kosong — lazim pada bahan teknis (TC) yang didaftarkan tanpa penggunaan berlabel.
06080120238014,HIT Expert 0.24 AE,kadar-kolom-bukan-angka,Penyemprotan terbatas dan siap pakai,"satuanPestisida=""-""; ditolak: tidak-cocok-pola. Teksnya dipertahankan pada dosis_teks."
0420231206,BIOX P199,entri-tanpa-sasaran,,Seluruh medan sasaran kosong — lazim pada bahan teknis (TC) yang didaftarkan tanpa penggunaan berlabel.
032019455,PROWL 330 EC,kadar-kolom-bukan-angka,tidak tersedia untuk ekspor,"satuanPestisida=""g/l""; ditolak: tidak-cocok-pola. Teksnya dipertahankan pada dosis_teks."
0420241285,P-AMONIUM GLUFOSINAT 50 TK,entri-tanpa-sasaran,,Seluruh medan sasaran kosong — lazim pada bahan teknis (TC) yang didaftarkan tanpa penggunaan berlabel.
042019721,DENSIL DF ANTIMICROBIAL,kadar-kolom-bukan-angka,-,"satuanPestisida=""%""; ditolak: tidak-cocok-pola. Teksnya dipertahankan pada dosis_teks."
042018601,GLYPHOSATE 95 TC,entri-tanpa-sasaran,,Seluruh medan sasaran kosong — lazim pada bahan teknis (TC) yang didaftarkan tanpa penggunaan berlabel.
032024554,MERIFLEX 50 WG,entri-tanpa-sasaran,,Seluruh medan sasaran kosong — lazim pada bahan teknis (TC) yang didaftarkan tanpa penggunaan berlabel.
0420221054,MESOTRIONE 97 TC,entri-tanpa-sasaran,,Seluruh medan sasaran kosong — lazim pada bahan teknis (TC) yang didaftarkan tanpa penggunaan berlabel.
01030120227538,IMIN 865 SL,baris-bukan-nama-ilmiah,Kalimat peringatan:,Baris ke-9 pada latinHamaKomoditas; tidak dijadikan OPT.
01030120227538,IMIN 865 SL,baris-bukan-nama-ilmiah,Sisa,Baris ke-10 pada latinHamaKomoditas; tidak dijadikan OPT.
0420231119,"2,4-D 98 TC",entri-tanpa-sasaran,,Seluruh medan sasaran kosong — lazim pada bahan teknis (TC) yang didaftarkan tanpa penggunaan berlabel.
042018640,"2,4-D ACID 98 TC",entri-tanpa-sasaran,,Seluruh medan sasaran kosong — lazim pada bahan teknis (TC) yang didaftarkan tanpa penggunaan berlabel.
04110120001552,Meganium 200 EC,dosis-bentrok,"kolom=""5 ml/m2"" kurung=""0,05% atau 5 l/m2""","Komoditas ""Pondasi bangunan/tanah bangunan"", OPT ""Coptotermes curvignathus (0,05% atau 5 l/m2))"". Kolom yang dipakai."
0420231185,GLYPHOSATE 95 TC,entri-tanpa-sasaran,,Seluruh medan sasaran kosong — lazim pada bahan teknis (TC) yang didaftarkan tanpa penggunaan berlabel.
01030120248318,PYRO 20/100 OD,dosis-bentrok,"kolom=""0.75 - 1.25 l/ha"" kurung=""0,75 - 1,5 l/ha""","Komoditas ""Budidaya kelapa sawit (TBM)"", OPT ""Mikania micrantha"". Kolom yang dipakai."
01030120248318,PYRO 20/100 OD,dosis-bentrok,"kolom=""0.75- 1.25 l/ha"" kurung=""0,75 - 1,5 l/ha""","Komoditas ""Budidaya kelapa sawit (TBM)"", OPT ""Cyperus kylinggia"". Kolom yang dipakai."
032025591,KEN-UP 480 SL,entri-tanpa-sasaran,,Seluruh medan sasaran kosong — lazim pada bahan teknis (TC) yang didaftarkan tanpa penggunaan berlabel.
0420251474,PREVENTOL BIT 20 D,entri-tanpa-sasaran,,Seluruh medan sasaran kosong — lazim pada bahan teknis (TC) yang didaftarkan tanpa penggunaan berlabel.
01040120062223,BETTER 10 PA,baris-bukan-nama-ilmiah,"kadar karet kering, produksi karet kering",Baris ke-2 pada latinHamaKomoditas; tidak dijadikan OPT.
0420221043,AMETRYN 95 TC,entri-tanpa-sasaran,,Seluruh medan sasaran kosong — lazim pada bahan teknis (TC) yang didaftarkan tanpa penggunaan berlabel.
032026642,NATIVO EXTRA 120/100 SC,entri-tanpa-sasaran,,Seluruh medan sasaran kosong — lazim pada bahan teknis (TC) yang didaftarkan tanpa penggunaan berlabel.
01030120196495,AMANDY 870 SL,baris-bukan-nama-ilmiah,Kalimat peringatan:,Baris ke-2 pada latinHamaKomoditas; tidak dijadikan OPT.
01030120196495,AMANDY 870 SL,baris-bukan-nama-ilmiah,Sisa jerami jangan dibakar,Baris ke-3 pada latinHamaKomoditas; tidak dijadikan OPT.
042009234,CYPERMETHRIN 92 TC,entri-tanpa-sasaran,,Seluruh medan sasaran kosong — lazim pada bahan teknis (TC) yang didaftarkan tanpa penggunaan berlabel.
042017450,PARAKUAT DIKLORIDA 42 TC,kadar-kolom-bukan-angka,-,"satuanPestisida=""%""; ditolak: tidak-cocok-pola. Teksnya dipertahankan pada dosis_teks."
0420221113,Innosei ® IT,entri-tanpa-sasaran,,Seluruh medan sasaran kosong — lazim pada bahan teknis (TC) yang didaftarkan tanpa penggunaan berlabel.
0420241291,SIMOKSANIL 98 TC,entri-tanpa-sasaran,,Seluruh medan sasaran kosong — lazim pada bahan teknis (TC) yang didaftarkan tanpa penggunaan berlabel.
0420221078,Densil DF ANTIMICROBIAL,entri-tanpa-sasaran,,Seluruh medan sasaran kosong — lazim pada bahan teknis (TC) yang didaftarkan tanpa penggunaan berlabel.
0420231251,GLUFOSINATE-AMMONIUM 95 TC,entri-tanpa-sasaran,,Seluruh medan sasaran kosong — lazim pada bahan teknis (TC) yang didaftarkan tanpa penggunaan berlabel.
042021991,ACTICIDE ® B20,kadar-kolom-bukan-angka,19.00-21-00,"satuanPestisida=""%""; ditolak: satuan-diawali-bukan-huruf. Teksnya dipertahankan pada dosis_teks."
042018647,CYPERMETHRIN 92 TC,entri-tanpa-sasaran,,Seluruh medan sasaran kosong — lazim pada bahan teknis (TC) yang didaftarkan tanpa penggunaan berlabel.
042020844,ACTICIDE DB 20,kurung-bukan-dosis,2H,Ditolak: satuan-tanpa-garis-miring.
032024562,MIRAI 150 DAYS,entri-tanpa-sasaran,,Seluruh medan sasaran kosong — lazim pada bahan teknis (TC) yang didaftarkan tanpa penggunaan berlabel.
06090120227555,MAULANET 0.11 LN,baris-bukan-nama-ilmiah,Kalimat peringatan:,Baris ke-2 pada latinHamaKomoditas; tidak dijadikan OPT.
06090120227555,MAULANET 0.11 LN,baris-bukan-nama-ilmiah,"Tidak boleh digunakan oleh perorangan, hanya digunakan oleh petugas Dinas Kesehatan/ pest control",Baris ke-3 pada latinHamaKomoditas; tidak dijadikan OPT.
0420261481,FENOXAPROP-P-ETHYL 95 TC,entri-tanpa-sasaran,,Seluruh medan sasaran kosong — lazim pada bahan teknis (TC) yang didaftarkan tanpa penggunaan berlabel.
06080120114135,HIT 12.38 LV,kadar-kolom-bukan-angka,Pemanasan dengan alat lsitrik,"satuanPestisida=""Pemanasan dengan alat listrik""; ditolak: tidak-cocok-pola. Teksnya dipertahankan pada dosis_teks."
06080120114135,HIT 12.38 LV,kadar-kolom-bukan-angka,Pemanasan dengan alat lsitrik,"satuanPestisida=""Pemanasan dengan alat listrik""; ditolak: tidak-cocok-pola. Teksnya dipertahankan pada dosis_teks."
06080120259307,"TAWON 0,058 MC",kadar-kolom-bukan-angka,Siap,"satuanPestisida=""-""; ditolak: tidak-cocok-pola. Teksnya dipertahankan pada dosis_teks."
042020864,ACTICIDE CF,kadar-kolom-bukan-angka,>25,"satuanPestisida=""%""; ditolak: tidak-cocok-pola. Teksnya dipertahankan pada dosis_teks."
042020864,ACTICIDE CF,kurung-bukan-dosis,2-Butoxyethoxy,Ditolak: satuan-diawali-bukan-huruf.
0420251394,CYPERMETHRIN 92 TC,entri-tanpa-sasaran,,Seluruh medan sasaran kosong — lazim pada bahan teknis (TC) yang didaftarkan tanpa penggunaan berlabel.
01040120083139,MC ERROL 15 WP,kadar-kolom-bukan-angka,"60 mg/ha/aplikasi (30, 50 dan 70 HST)","satuanPestisida=""-""; ditolak: satuan-terlalu-panjang. Teksnya dipertahankan pada dosis_teks."
0420251399,PYRIDABEN 98 TC,entri-tanpa-sasaran,,Seluruh medan sasaran kosong — lazim pada bahan teknis (TC) yang didaftarkan tanpa penggunaan berlabel.
0420231266,PREVENTOL BM 75,entri-tanpa-sasaran,,Seluruh medan sasaran kosong — lazim pada bahan teknis (TC) yang didaftarkan tanpa penggunaan berlabel.
0420221108,TRIKLOPIR BUTOTIL 95 TC,entri-tanpa-sasaran,,Seluruh medan sasaran kosong — lazim pada bahan teknis (TC) yang didaftarkan tanpa penggunaan berlabel.
032022521,OPUS 125 SC,entri-tanpa-sasaran,,Seluruh medan sasaran kosong — lazim pada bahan teknis (TC) yang didaftarkan tanpa penggunaan berlabel.
032026645,PT-Harvest 395 SL,entri-tanpa-sasaran,,Seluruh medan sasaran kosong — lazim pada bahan teknis (TC) yang didaftarkan tanpa penggunaan berlabel.
042020828,TEBUFENOSIDA 95 TC,entri-tanpa-sasaran,,Seluruh medan sasaran kosong — lazim pada bahan teknis (TC) yang didaftarkan tanpa penggunaan berlabel.
0103011981526,HERBATOP 276 SL,dosis-bentrok,"kolom=""1.5-3 l/ha"" kurung=""1 - 3 l/ha""","Komoditas ""Karet (TM)"", OPT ""Ageratum sp."". Kolom yang dipakai."
032025635,VAPE MOSQUITO COIL mh,entri-tanpa-sasaran,,Seluruh medan sasaran kosong — lazim pada bahan teknis (TC) yang didaftarkan tanpa penggunaan berlabel.
0420241302,Copper Omadine Paste,entri-tanpa-sasaran,,Seluruh medan sasaran kosong — lazim pada bahan teknis (TC) yang didaftarkan tanpa penggunaan berlabel.
06080120227313,HIT 2.8 LV,kadar-kolom-bukan-angka,siap pakai,"satuanPestisida=""-""; ditolak: tidak-cocok-pola. Teksnya dipertahankan pada dosis_teks."
06080120227313,HIT 2.8 LV,kadar-kolom-bukan-angka,siap pakai,"satuanPestisida=""-""; ditolak: tidak-cocok-pola. Teksnya dipertahankan pada dosis_teks."
032024582,ZORVEC ENIBEL 60.6 WG,entri-tanpa-sasaran,,Seluruh medan sasaran kosong — lazim pada bahan teknis (TC) yang didaftarkan tanpa penggunaan berlabel.
042021917,GLYPHOSATE IPA 62 TA,entri-tanpa-sasaran,,Seluruh medan sasaran kosong — lazim pada bahan teknis (TC) yang didaftarkan tanpa penggunaan berlabel.
032024576,KOBAE GOKITORE HG12,entri-tanpa-sasaran,,Seluruh medan sasaran kosong — lazim pada bahan teknis (TC) yang didaftarkan tanpa penggunaan berlabel.
042018639,ABAMECTIN 95 TC,entri-tanpa-sasaran,,Seluruh medan sasaran kosong — lazim pada bahan teknis (TC) yang didaftarkan tanpa penggunaan berlabel.
0420251421,PARAQUAT DICHLORIDE 42 TC,entri-tanpa-sasaran,,Seluruh medan sasaran kosong — lazim pada bahan teknis (TC) yang didaftarkan tanpa penggunaan berlabel.
06090120227377,ABATE HOME 1 GR,baris-bukan-nama-ilmiah,"Tidak boleh digunakan oleh perorangan, hanya digunakan oleh petugas Dinas Kesehatan/Pest Control",Baris ke-2 pada latinHamaKomoditas; tidak dijadikan OPT.
0420221091,Zinc Omadine Antimicrobial,entri-tanpa-sasaran,,Seluruh medan sasaran kosong — lazim pada bahan teknis (TC) yang didaftarkan tanpa penggunaan berlabel.
032024543,BLOSAT 480 SL,entri-tanpa-sasaran,,Seluruh medan sasaran kosong — lazim pada bahan teknis (TC) yang didaftarkan tanpa penggunaan berlabel.
0420241343,Triclopyr Butoxy Ethyl Ester TC 95%,entri-tanpa-sasaran,,Seluruh medan sasaran kosong — lazim pada bahan teknis (TC) yang didaftarkan tanpa penggunaan berlabel.
042016374,THIODICARB 95 TC,entri-tanpa-sasaran,,Seluruh medan sasaran kosong — lazim pada bahan teknis (TC) yang didaftarkan tanpa penggunaan berlabel.
0420221034,MICROCARE ® CPBZ,entri-tanpa-sasaran,,Seluruh medan sasaran kosong — lazim pada bahan teknis (TC) yang didaftarkan tanpa penggunaan berlabel.
0420221092,BRODIFACOUM 0.5 TK,entri-tanpa-sasaran,,Seluruh medan sasaran kosong — lazim pada bahan teknis (TC) yang didaftarkan tanpa penggunaan berlabel.
042020811,Chlorfenapyr 96 TC,entri-tanpa-sasaran,,Seluruh medan sasaran kosong — lazim pada bahan teknis (TC) yang didaftarkan tanpa penggunaan berlabel.
032023540,PROPOXUR 100 EC,entri-tanpa-sasaran,,Seluruh medan sasaran kosong — lazim pada bahan teknis (TC) yang didaftarkan tanpa penggunaan berlabel.
0420231173,CHLOROTHALONIL 96 TC,entri-tanpa-sasaran,,Seluruh medan sasaran kosong — lazim pada bahan teknis (TC) yang didaftarkan tanpa penggunaan berlabel.
0420241275,EMAMEKTIN BENZOAT 70 TC,entri-tanpa-sasaran,,Seluruh medan sasaran kosong — lazim pada bahan teknis (TC) yang didaftarkan tanpa penggunaan berlabel.
042018588,CHLORPYRIFOS 97 TC,entri-tanpa-sasaran,,Seluruh medan sasaran kosong — lazim pada bahan teknis (TC) yang didaftarkan tanpa penggunaan berlabel.
032007211,GARLON 333/17 EW,kadar-kolom-bukan-angka,Untuk keperluan ekspor,"satuanPestisida=""ml/ha""; ditolak: tidak-cocok-pola. Teksnya dipertahankan pada dosis_teks."
042018531,FLUROXYPYR MEPTYL HEPTYL ESTER 97 TC,entri-tanpa-sasaran,,Seluruh medan sasaran kosong — lazim pada bahan teknis (TC) yang didaftarkan tanpa penggunaan berlabel.
0420241348,PREVENTOL BM 5,entri-tanpa-sasaran,,Seluruh medan sasaran kosong — lazim pada bahan teknis (TC) yang didaftarkan tanpa penggunaan berlabel.
032009219,VAPE LIQUID e45 LV,kadar-kolom-bukan-angka,-,"satuanPestisida=""g/l""; ditolak: tidak-cocok-pola. Teksnya dipertahankan pada dosis_teks."
032009219,VAPE LIQUID e45 LV,kurung-bukan-dosis,Product export,Tidak berbentuk angka + satuan; dibiarkan sebagai keterangan.
0420231160,INNOMAN ® CLA,entri-tanpa-sasaran,,Seluruh medan sasaran kosong — lazim pada bahan teknis (TC) yang didaftarkan tanpa penggunaan berlabel.
032024547,SAPULAT 40 SP,entri-tanpa-sasaran,,Seluruh medan sasaran kosong — lazim pada bahan teknis (TC) yang didaftarkan tanpa penggunaan berlabel.
06080120227312,HIT 1.7 MV,kadar-kolom-bukan-angka,siap pakai,"satuanPestisida=""-""; ditolak: tidak-cocok-pola. Teksnya dipertahankan pada dosis_teks."
06080120227312,HIT 1.7 MV,kadar-kolom-bukan-angka,siap pakai,"satuanPestisida=""-""; ditolak: tidak-cocok-pola. Teksnya dipertahankan pada dosis_teks."
0420251382,Parakuat Diklorida 42 TC,entri-tanpa-sasaran,,Seluruh medan sasaran kosong — lazim pada bahan teknis (TC) yang didaftarkan tanpa penggunaan berlabel.
042019724,Proxel CMC Preservative,kadar-kolom-bukan-angka,-,"satuanPestisida=""%""; ditolak: tidak-cocok-pola. Teksnya dipertahankan pada dosis_teks."
032018440,STARANE 288 EC,kadar-kolom-bukan-angka,Kebutuhan Ekspor,"satuanPestisida=""""; ditolak: tidak-cocok-pola. Teksnya dipertahankan pada dosis_teks."
042018537,MONOSULTAP 95 TC,entri-tanpa-sasaran,,Seluruh medan sasaran kosong — lazim pada bahan teknis (TC) yang didaftarkan tanpa penggunaan berlabel.
0420251406,Proxel 758,entri-tanpa-sasaran,,Seluruh medan sasaran kosong — lazim pada bahan teknis (TC) yang didaftarkan tanpa penggunaan berlabel.
0420231228,FLUSULFINAM 95 TC,entri-tanpa-sasaran,,Seluruh medan sasaran kosong — lazim pada bahan teknis (TC) yang didaftarkan tanpa penggunaan berlabel.
0420241294,Proxel LS Preservative,entri-tanpa-sasaran,,Seluruh medan sasaran kosong — lazim pada bahan teknis (TC) yang didaftarkan tanpa penggunaan berlabel.
0420231141,PROPINEB 83 TK,entri-tanpa-sasaran,,Seluruh medan sasaran kosong — lazim pada bahan teknis (TC) yang didaftarkan tanpa penggunaan berlabel.
06090120093346,K-OTHRINE 20 EW,kadar-kolom-bukan-angka,"0,5 ml/9 ml air (500 ml larutan/ha)","satuanPestisida=""-""; ditolak: satuan-terlalu-panjang. Teksnya dipertahankan pada dosis_teks."
06090120093346,K-OTHRINE 20 EW,kadar-kolom-bukan-angka,"0,5 ml/9 ml air (500 ml larutan/ha)","satuanPestisida=""-""; ditolak: satuan-terlalu-panjang. Teksnya dipertahankan pada dosis_teks."
06090120093346,K-OTHRINE 20 EW,kadar-kolom-bukan-angka,2 ml/9 ml air (500 ml larutan/ha),"satuanPestisida=""-""; ditolak: satuan-terlalu-panjang. Teksnya dipertahankan pada dosis_teks."
06090120093346,K-OTHRINE 20 EW,dosis-bentrok,"kolom=""1 ml/99 ml air (10 l larutan/ha) ml/99 ml air (10 l larutan/ha)"" kurung=""10 l larutan/ha""","Komoditas ""di dalam dan di luar ruangan"", OPT ""Musca domestica (1 ml/99 ml air (10 l larutan/ha))"". Kolom yang dipakai."
06090120093346,K-OTHRINE 20 EW,dosis-bentrok,"kolom=""0,5 ml/99 ml air (10 l larutan/ha) ml/99 ml air (10 l larutan/ha)"" kurung=""10 l larutan/ha""","Komoditas ""di dalam dan di luar ruangan"", OPT ""Culex quinquefasciatus (0,5 ml/99 ml air (10 l larutan/ha))"". Kolom yang dipakai."
06090120093346,K-OTHRINE 20 EW,dosis-bentrok,"kolom=""0,5 ml/99 ml air (10 l larutan/ha) ml/99 ml air (10 l larutan/ha)"" kurung=""10 l larutan/ha""","Komoditas ""di dalam dan di luar ruangan"", OPT ""Aedes aegypti (0,5 ml/99 ml air (10 l larutan/ha))"". Kolom yang dipakai."
0609011988831,ICON 25 EC,kurung-bukan-dosis,Penyemprotan residual :10 ml/l,Tidak berbentuk angka + satuan; dibiarkan sebagai keterangan.
0609011988831,ICON 25 EC,kurung-bukan-dosis,Penyemprotan residual :10 ml/l,Tidak berbentuk angka + satuan; dibiarkan sebagai keterangan.
0609011988831,ICON 25 EC,kurung-bukan-dosis,Thermal fogging,Tidak berbentuk angka + satuan; dibiarkan sebagai keterangan.
0609011988831,ICON 25 EC,baris-bukan-nama-ilmiah,"Kalimat peringatan: Tidak boleh digunakan oleh perorangan, hanya digunakan oleh petugas Dinas Kesehatan/pest control",Baris ke-2 pada latinHamaKomoditas; tidak dijadikan OPT.
0609011988831,ICON 25 EC,kurung-bukan-dosis,Thermal fogging,Tidak berbentuk angka + satuan; dibiarkan sebagai keterangan.
032025626,CARBOFURAN 98 TC,entri-tanpa-sasaran,,Seluruh medan sasaran kosong — lazim pada bahan teknis (TC) yang didaftarkan tanpa penggunaan berlabel.
0420251376,CHOLECALCIFEROL 99 TC,entri-tanpa-sasaran,,Seluruh medan sasaran kosong — lazim pada bahan teknis (TC) yang didaftarkan tanpa penggunaan berlabel.
06120120259203,FLOSAFE 0.005 RB,kadar-kolom-bukan-angka,umpan siap pakai,"satuanPestisida=""-""; ditolak: tidak-cocok-pola. Teksnya dipertahankan pada dosis_teks."
032019453,NEW CROCODILE NATURAL MOSQUITO COIL,kadar-kolom-bukan-angka,dosis siap pakai,"satuanPestisida=""%""; ditolak: tidak-cocok-pola. Teksnya dipertahankan pada dosis_teks."
0420231151,ACTICIDE EPW2,entri-tanpa-sasaran,,Seluruh medan sasaran kosong — lazim pada bahan teknis (TC) yang didaftarkan tanpa penggunaan berlabel.
042018546,PROFENOFOS 90 TC,kadar-kolom-bukan-angka,-,"satuanPestisida=""%""; ditolak: tidak-cocok-pola. Teksnya dipertahankan pada dosis_teks."
01030120237816,STARPASS 200 EC,dosis-bentrok,"kolom=""0,25 - 0,75 l/ha"" kurung=""0,25 - 0,5 l/ha""","Komoditas ""Budidaya padi sawah tanam pindah (Tapin)"", OPT ""Monochoria vaginalis"". Kolom yang dipakai."
01030120237816,STARPASS 200 EC,dosis-bentrok,"kolom=""0,25 - 0,75 l/ha"" kurung=""0,25 - 0,5 l/ha""","Komoditas ""Budidaya padi sawah tanam pindah (Tapin)"", OPT ""Cyperus iria"". Kolom yang dipakai."
032022522,TABARAK 360 EC,entri-tanpa-sasaran,,Seluruh medan sasaran kosong — lazim pada bahan teknis (TC) yang didaftarkan tanpa penggunaan berlabel.
01030120248711,TEROZONE 240 EC,dosis-bentrok,"kolom=""1,5- 2 l/ha"" kurung=""1,5 -3,5 l/ha""","Komoditas ""Budidaya bawang merah"", OPT ""Amaranthus spinosus"". Kolom yang dipakai."
01030120248711,TEROZONE 240 EC,dosis-bentrok,"kolom=""1,5- 2 l/ha"" kurung=""1,5 -3,5 l/ha""","Komoditas ""Budidaya bawang merah"", OPT ""Echinochloa colona"". Kolom yang dipakai."
032024561,MARSHAL 200 EC,entri-tanpa-sasaran,,Seluruh medan sasaran kosong — lazim pada bahan teknis (TC) yang didaftarkan tanpa penggunaan berlabel.
032024544,BRIGGS 720 SL,entri-tanpa-sasaran,,Seluruh medan sasaran kosong — lazim pada bahan teknis (TC) yang didaftarkan tanpa penggunaan berlabel.
05010120175793,SILOGUD 250 EC,kadar-kolom-bukan-angka,"10 ml/l setara dengan 0,5ml/50ml/m2","satuanPestisida=""-""; ditolak: satuan-terlalu-panjang. Teksnya dipertahankan pada dosis_teks."
0420231200,P-GLUFOSINAT 90 TC,entri-tanpa-sasaran,,Seluruh medan sasaran kosong — lazim pada bahan teknis (TC) yang didaftarkan tanpa penggunaan berlabel.
0420231131,Glyphosate 95% Teknis,entri-tanpa-sasaran,,Seluruh medan sasaran kosong — lazim pada bahan teknis (TC) yang didaftarkan tanpa penggunaan berlabel.
01040120186086,AGIB 10 SP,kadar-kolom-bukan-angka,"300 g/ha/aplikasi (30, 40, 50, 60 HST)","satuanPestisida=""-""; ditolak: satuan-terlalu-panjang. Teksnya dipertahankan pada dosis_teks."
0420231182,Fentin Acetate 95 TC,entri-tanpa-sasaran,,Seluruh medan sasaran kosong — lazim pada bahan teknis (TC) yang didaftarkan tanpa penggunaan berlabel.
032013323,ROUNDUP HERBICIDE 486 SL,kadar-kolom-bukan-angka,-,"satuanPestisida=""g/l""; ditolak: tidak-cocok-pola. Teksnya dipertahankan pada dosis_teks."
0420231217,"2,4-D 98 TC",entri-tanpa-sasaran,,Seluruh medan sasaran kosong — lazim pada bahan teknis (TC) yang didaftarkan tanpa penggunaan berlabel.
01030120031905,NUFOSAT 480 SL,kadar-kolom-bukan-angka,"1,5 3","satuanPestisida=""l/ha""; ditolak: satuan-diawali-bukan-huruf. Teksnya dipertahankan pada dosis_teks."
0103011989867,LINDOMIN 865 SL,dosis-bentrok,"kolom=""0,5 - 1 l/ha"" kurung=""0,5 - 1,5 l/ha""","Komoditas ""Padi sawah"", OPT ""Fimbristylis miliacea"". Kolom yang dipakai."
0103011989867,LINDOMIN 865 SL,dosis-bentrok,"kolom=""0,5 - 1 l/ha"" kurung=""0,5 - 1,5 l/ha""","Komoditas ""Padi sawah"", OPT ""Lindernia crustacea"". Kolom yang dipakai."
0103011989867,LINDOMIN 865 SL,dosis-bentrok,"kolom=""0,5 - 1 l/ha"" kurung=""0,5 - 1,5 l/ha""","Komoditas ""Padi sawah"", OPT ""Monochoria vaginalis"". Kolom yang dipakai."
0103011989867,LINDOMIN 865 SL,dosis-bentrok,"kolom=""0,5 - 1 l/ha"" kurung=""0,5 - 1,5 l/ha""","Komoditas ""Padi sawah"", OPT ""Ludwigia octovalvis"". Kolom yang dipakai."
0420231169,ABAMECTIN 95 TC,entri-tanpa-sasaran,,Seluruh medan sasaran kosong — lazim pada bahan teknis (TC) yang didaftarkan tanpa penggunaan berlabel.
0420221063,ETHEPHON 75 TK,entri-tanpa-sasaran,,Seluruh medan sasaran kosong — lazim pada bahan teknis (TC) yang didaftarkan tanpa penggunaan berlabel.
032025583,ANTIKEONG 65 WP,entri-tanpa-sasaran,,Seluruh medan sasaran kosong — lazim pada bahan teknis (TC) yang didaftarkan tanpa penggunaan berlabel.
0420251425,PYRIPROXYFEN 98 TC,entri-tanpa-sasaran,,Seluruh medan sasaran kosong — lazim pada bahan teknis (TC) yang didaftarkan tanpa penggunaan berlabel.
0420241341,PARAQUAT DICHLORIDE 42 TC,entri-tanpa-sasaran,,Seluruh medan sasaran kosong — lazim pada bahan teknis (TC) yang didaftarkan tanpa penggunaan berlabel.
0420241292,THIAMETHOXAM 97 TC,entri-tanpa-sasaran,,Seluruh medan sasaran kosong — lazim pada bahan teknis (TC) yang didaftarkan tanpa penggunaan berlabel.
042020827,QUINCLORAC 96 TC,entri-tanpa-sasaran,,Seluruh medan sasaran kosong — lazim pada bahan teknis (TC) yang didaftarkan tanpa penggunaan berlabel.
032022537,VAPE 0.93 AE,entri-tanpa-sasaran,,Seluruh medan sasaran kosong — lazim pada bahan teknis (TC) yang didaftarkan tanpa penggunaan berlabel.
0420261508,FLORPYRAUXIFEN-BENZYL 92 TC,entri-tanpa-sasaran,,Seluruh medan sasaran kosong — lazim pada bahan teknis (TC) yang didaftarkan tanpa penggunaan berlabel.
01030119991484,METSULINDO 20 WP,dosis-bentrok,"kolom=""65.5-75 g/ha"" kurung=""62,5 - 75 g/ha""","Komoditas ""Karet (TBM)"", OPT ""Borreria alata"". Kolom yang dipakai."
0420231209,PREVENTOL HS 75-CT 300,entri-tanpa-sasaran,,Seluruh medan sasaran kosong — lazim pada bahan teknis (TC) yang didaftarkan tanpa penggunaan berlabel.
0420241342,TOPRAMEZON 97 TC,entri-tanpa-sasaran,,Seluruh medan sasaran kosong — lazim pada bahan teknis (TC) yang didaftarkan tanpa penggunaan berlabel.
0420231225,EMAMECTIN 70 TC,entri-tanpa-sasaran,,Seluruh medan sasaran kosong — lazim pada bahan teknis (TC) yang didaftarkan tanpa penggunaan berlabel.
01040120206853,PILAROPTIM 0.13583 WP,baris-bukan-nama-ilmiah,"jumlah anakan, jumlah anakan produktif,",Baris ke-2 pada latinHamaKomoditas; tidak dijadikan OPT.
01040120206853,PILAROPTIM 0.13583 WP,baris-bukan-nama-ilmiah,"panjang malai, jumlah gabah/malai,",Baris ke-3 pada latinHamaKomoditas; tidak dijadikan OPT.
01040120206853,PILAROPTIM 0.13583 WP,baris-bukan-nama-ilmiah,hasil gabah basah dan kering/tanaman,Baris ke-4 pada latinHamaKomoditas; tidak dijadikan OPT.
01040120206853,PILAROPTIM 0.13583 WP,baris-bukan-nama-ilmiah,dan hasil gabah basah (GKP),Baris ke-5 pada latinHamaKomoditas; tidak dijadikan OPT.
01040120206853,PILAROPTIM 0.13583 WP,baris-bukan-nama-ilmiah,dan gabah kering (GKG)/ha.,Baris ke-6 pada latinHamaKomoditas; tidak dijadikan OPT.
01030120186042,HOLDOWN 307/129 CS,entri-tanpa-sasaran,,Seluruh medan sasaran kosong — lazim pada bahan teknis (TC) yang didaftarkan tanpa penggunaan berlabel.
032019466,BASTA 200 SL,kadar-kolom-bukan-angka,tidak tersedia untuk ekspor,"satuanPestisida=""g/l""; ditolak: tidak-cocok-pola. Teksnya dipertahankan pada dosis_teks."
032025618,METHOMYL 247 SL,entri-tanpa-sasaran,,Seluruh medan sasaran kosong — lazim pada bahan teknis (TC) yang didaftarkan tanpa penggunaan berlabel.
042021911,AMONIUM GLUFOSINAT 95 TC,kadar-kolom-bukan-angka,Izin tetap ulang bahan teknis,"satuanPestisida=""""; ditolak: tidak-cocok-pola. Teksnya dipertahankan pada dosis_teks."
0420241297,"2,4-D DIMETILAMINA 75 TC",entri-tanpa-sasaran,,Seluruh medan sasaran kosong — lazim pada bahan teknis (TC) yang didaftarkan tanpa penggunaan berlabel.
032022516,HIT 1.41 AE,entri-tanpa-sasaran,,Seluruh medan sasaran kosong — lazim pada bahan teknis (TC) yang didaftarkan tanpa penggunaan berlabel.
042016377,OXAMYL 95 TC,entri-tanpa-sasaran,,Seluruh medan sasaran kosong — lazim pada bahan teknis (TC) yang didaftarkan tanpa penggunaan berlabel.
042019681,CHLORPYRIFOS 97 TC,entri-tanpa-sasaran,,Seluruh medan sasaran kosong — lazim pada bahan teknis (TC) yang didaftarkan tanpa penggunaan berlabel.
0420241316,KLORANTRANILIPROL 97 TC,entri-tanpa-sasaran,,Seluruh medan sasaran kosong — lazim pada bahan teknis (TC) yang didaftarkan tanpa penggunaan berlabel.
06080119981382,"AUTAN 12,5 Lt",kadar-kolom-bukan-angka,"12,5 (Dosis siap pakai)","satuanPestisida=""%""; ditolak: satuan-diawali-bukan-huruf. Teksnya dipertahankan pada dosis_teks."
06080119981382,"AUTAN 12,5 Lt",kadar-kolom-bukan-angka,"12,5 (Dosis siap pakai)","satuanPestisida=""%""; ditolak: satuan-diawali-bukan-huruf. Teksnya dipertahankan pada dosis_teks."
0420251379,GLYPHOSATE 95 TC,entri-tanpa-sasaran,,Seluruh medan sasaran kosong — lazim pada bahan teknis (TC) yang didaftarkan tanpa penggunaan berlabel.
042019787,DIMETOAT 98 TC,kadar-kolom-bukan-angka,Izin Tetap Ulang Bahan Teknis,"satuanPestisida=""-""; ditolak: tidak-cocok-pola. Teksnya dipertahankan pada dosis_teks."
01030120155139,CORNELIA 265/35 OD,dosis-bentrok,"kolom=""1.5 - 3 l/ha"" kurung=""2 - 3 l/ha""","Komoditas ""Jagung"", OPT ""Eleusine indica"". Kolom yang dipakai."
032025609,TELBEK 100 EC,entri-tanpa-sasaran,,Seluruh medan sasaran kosong — lazim pada bahan teknis (TC) yang didaftarkan tanpa penggunaan berlabel.
0420221050,GLYPHOSATE 95 TC,entri-tanpa-sasaran,,Seluruh medan sasaran kosong — lazim pada bahan teknis (TC) yang didaftarkan tanpa penggunaan berlabel.
042020885,GLYPHOSATE ACID 95 TC,entri-tanpa-sasaran,,Seluruh medan sasaran kosong — lazim pada bahan teknis (TC) yang didaftarkan tanpa penggunaan berlabel.
0420231214,"2,4-D 98 TC",entri-tanpa-sasaran,,Seluruh medan sasaran kosong — lazim pada bahan teknis (TC) yang didaftarkan tanpa penggunaan berlabel.
0420261513,METOMIL 98 TC,entri-tanpa-sasaran,,Seluruh medan sasaran kosong — lazim pada bahan teknis (TC) yang didaftarkan tanpa penggunaan berlabel.
042018658,PARAQUAT 42 TC,entri-tanpa-sasaran,,Seluruh medan sasaran kosong — lazim pada bahan teknis (TC) yang didaftarkan tanpa penggunaan berlabel.
0420231174,CHLORPYRIFOS 97 TC,entri-tanpa-sasaran,,Seluruh medan sasaran kosong — lazim pada bahan teknis (TC) yang didaftarkan tanpa penggunaan berlabel.
042017440,ABAMECTIN 95 TC,kadar-kolom-bukan-angka,-,"satuanPestisida=""%""; ditolak: tidak-cocok-pola. Teksnya dipertahankan pada dosis_teks."
06080120165618,HIT 8.09 LV,kadar-kolom-bukan-angka,siap pakai,"satuanPestisida=""-""; ditolak: tidak-cocok-pola. Teksnya dipertahankan pada dosis_teks."
06080120165618,HIT 8.09 LV,kadar-kolom-bukan-angka,siap pakai,"satuanPestisida=""-""; ditolak: tidak-cocok-pola. Teksnya dipertahankan pada dosis_teks."
0420231153,ACTICIDE MKW4,entri-tanpa-sasaran,,Seluruh medan sasaran kosong — lazim pada bahan teknis (TC) yang didaftarkan tanpa penggunaan berlabel.
032017402,TOPSHOT 60 OD,kadar-kolom-bukan-angka,Untuk keperluan ekspor,"satuanPestisida=""ml/ha""; ditolak: tidak-cocok-pola. Teksnya dipertahankan pada dosis_teks."
0420251427,Tricyclazole 95 TC,entri-tanpa-sasaran,,Seluruh medan sasaran kosong — lazim pada bahan teknis (TC) yang didaftarkan tanpa penggunaan berlabel.
0420221067,Livful,entri-tanpa-sasaran,,Seluruh medan sasaran kosong — lazim pada bahan teknis (TC) yang didaftarkan tanpa penggunaan berlabel.
0420231220,AZOXYSTROBIN 98 TC,entri-tanpa-sasaran,,Seluruh medan sasaran kosong — lazim pada bahan teknis (TC) yang didaftarkan tanpa penggunaan berlabel.
0420221083,PROXEL MB,entri-tanpa-sasaran,,Seluruh medan sasaran kosong — lazim pada bahan teknis (TC) yang didaftarkan tanpa penggunaan berlabel.
0420231171,ATRAZINE 95 TC,entri-tanpa-sasaran,,Seluruh medan sasaran kosong — lazim pada bahan teknis (TC) yang didaftarkan tanpa penggunaan berlabel.
042019799,SIHALOFOP BUTIL 97 TC,kadar-kolom-bukan-angka,Izin Tetap Ulang Bahan Teknis,"satuanPestisida=""-""; ditolak: tidak-cocok-pola. Teksnya dipertahankan pada dosis_teks."
032020498,HOGASAN 27 AL,kadar-kolom-bukan-angka,siap pakai,"satuanPestisida=""-""; ditolak: tidak-cocok-pola. Teksnya dipertahankan pada dosis_teks."
032020498,HOGASAN 27 AL,kadar-kolom-bukan-angka,siap pakai,"satuanPestisida=""-""; ditolak: tidak-cocok-pola. Teksnya dipertahankan pada dosis_teks."
032020498,HOGASAN 27 AL,kadar-kolom-bukan-angka,siap pakai,"satuanPestisida=""-""; ditolak: tidak-cocok-pola. Teksnya dipertahankan pada dosis_teks."
032020498,HOGASAN 27 AL,kadar-kolom-bukan-angka,siap pakai,"satuanPestisida=""-""; ditolak: tidak-cocok-pola. Teksnya dipertahankan pada dosis_teks."
032020498,HOGASAN 27 AL,kadar-kolom-bukan-angka,siap pakai,"satuanPestisida=""-""; ditolak: tidak-cocok-pola. Teksnya dipertahankan pada dosis_teks."
0420251388,MICROCARE PEHG,entri-tanpa-sasaran,,Seluruh medan sasaran kosong — lazim pada bahan teknis (TC) yang didaftarkan tanpa penggunaan berlabel.
0420221049,Glifosat 95%,entri-tanpa-sasaran,,Seluruh medan sasaran kosong — lazim pada bahan teknis (TC) yang didaftarkan tanpa penggunaan berlabel.
0420221024,KLOROTALONIL 98 TC,entri-tanpa-sasaran,,Seluruh medan sasaran kosong — lazim pada bahan teknis (TC) yang didaftarkan tanpa penggunaan berlabel.
0420241317,L-AMONIUM GLUFOSINAT 88 TC,entri-tanpa-sasaran,,Seluruh medan sasaran kosong — lazim pada bahan teknis (TC) yang didaftarkan tanpa penggunaan berlabel.
01030120227388,BAS-6 865 SL,baris-bukan-nama-ilmiah,Kalimat peringatan:,Baris ke-2 pada latinHamaKomoditas; tidak dijadikan OPT.
01030120227388,BAS-6 865 SL,baris-bukan-nama-ilmiah,Sisa jerami tidak boleh dibakar,Baris ke-3 pada latinHamaKomoditas; tidak dijadikan OPT.
0420261509,INDAZIFLAM 96 TC,entri-tanpa-sasaran,,Seluruh medan sasaran kosong — lazim pada bahan teknis (TC) yang didaftarkan tanpa penggunaan berlabel.
0420231235,PERMETHRIN 92 TC,entri-tanpa-sasaran,,Seluruh medan sasaran kosong — lazim pada bahan teknis (TC) yang didaftarkan tanpa penggunaan berlabel.
032026654,METHOMYL 247 SL,entri-tanpa-sasaran,,Seluruh medan sasaran kosong — lazim pada bahan teknis (TC) yang didaftarkan tanpa penggunaan berlabel.
042018550,SUMIONE 5 TK,entri-tanpa-sasaran,,Seluruh medan sasaran kosong — lazim pada bahan teknis (TC) yang didaftarkan tanpa penggunaan berlabel.
0420261478,CINMETHYLIN 94 TC,entri-tanpa-sasaran,,Seluruh medan sasaran kosong — lazim pada bahan teknis (TC) yang didaftarkan tanpa penggunaan berlabel.
042020835,AMETRYN 95 TC,entri-tanpa-sasaran,,Seluruh medan sasaran kosong — lazim pada bahan teknis (TC) yang didaftarkan tanpa penggunaan berlabel.
0420241344,ACTICIDE BAC 50 M,entri-tanpa-sasaran,,Seluruh medan sasaran kosong — lazim pada bahan teknis (TC) yang didaftarkan tanpa penggunaan berlabel.
0420251422,PROSULFOCARB 98 TC,entri-tanpa-sasaran,,Seluruh medan sasaran kosong — lazim pada bahan teknis (TC) yang didaftarkan tanpa penggunaan berlabel.
01030120269603,MESTAKUNG 200 SL,dosis-bentrok,"kolom=""1.5 - 2 l/ha"" kurung=""2,25 - 3,75 l/ha""","Komoditas ""Budidaya kelapa sawit (TBM)"", OPT ""Paspalum conjugatum"". Kolom yang dipakai."
01030120269603,MESTAKUNG 200 SL,dosis-bentrok,"kolom=""1.5 - 2 l/ha"" kurung=""2,25 - 3,75 l/ha""","Komoditas ""Budidaya kelapa sawit (TBM)"", OPT ""Ischaemum timorense"". Kolom yang dipakai."
01030120269603,MESTAKUNG 200 SL,dosis-bentrok,"kolom=""1.5 - 2 l/ha"" kurung=""2,25 - 3,75 l/ha""","Komoditas ""Budidaya kelapa sawit (TBM)"", OPT ""Digitaria ciliaris"". Kolom yang dipakai."
0420241271,BUTACHLOR 92 TC,entri-tanpa-sasaran,,Seluruh medan sasaran kosong — lazim pada bahan teknis (TC) yang didaftarkan tanpa penggunaan berlabel.
0420221079,Omacide 30 IPBC,entri-tanpa-sasaran,,Seluruh medan sasaran kosong — lazim pada bahan teknis (TC) yang didaftarkan tanpa penggunaan berlabel.
06090120083190,"GOMOS 0,55 K",kadar-kolom-bukan-angka,sampai 20 kali pencucian,"satuanPestisida=""-""; ditolak: tidak-cocok-pola. Teksnya dipertahankan pada dosis_teks."
01040120093475,OXYPRO 333 EC,kadar-kolom-bukan-angka,"60 ml/l dengan aplikasi toping, 5 ml/pohon","satuanPestisida=""-""; ditolak: satuan-terlalu-panjang. Teksnya dipertahankan pada dosis_teks."
0420251462,PERMETRIN 95 TC,entri-tanpa-sasaran,,Seluruh medan sasaran kosong — lazim pada bahan teknis (TC) yang didaftarkan tanpa penggunaan berlabel.
032026652,METHOMYL 90 SP,entri-tanpa-sasaran,,Seluruh medan sasaran kosong — lazim pada bahan teknis (TC) yang didaftarkan tanpa penggunaan berlabel.
032025631,METOMIL 40 SP,entri-tanpa-sasaran,,Seluruh medan sasaran kosong — lazim pada bahan teknis (TC) yang didaftarkan tanpa penggunaan berlabel.
0420231233,PARAQUAT DICHLORIDE 42 TC,entri-tanpa-sasaran,,Seluruh medan sasaran kosong — lazim pada bahan teknis (TC) yang didaftarkan tanpa penggunaan berlabel.
032009215,VAPE 0.075 MC,kadar-kolom-bukan-angka,-,"satuanPestisida=""%""; ditolak: tidak-cocok-pola. Teksnya dipertahankan pada dosis_teks."
032009215,VAPE 0.075 MC,kurung-bukan-dosis,Product export,Tidak berbentuk angka + satuan; dibiarkan sebagai keterangan.
032009215,VAPE 0.075 MC,kadar-kolom-bukan-angka,Siap pakai,"satuanPestisida=""%""; ditolak: tidak-cocok-pola. Teksnya dipertahankan pada dosis_teks."
0420221099,GLYPHOSATE 95 TC,entri-tanpa-sasaran,,Seluruh medan sasaran kosong — lazim pada bahan teknis (TC) yang didaftarkan tanpa penggunaan berlabel.
032025611,ARIMUKADE FUNZAI,entri-tanpa-sasaran,,Seluruh medan sasaran kosong — lazim pada bahan teknis (TC) yang didaftarkan tanpa penggunaan berlabel.
06090120175711,SENTRI 20 EW,baris-bukan-nama-ilmiah,Kalimat peringatan:,Baris ke-2 pada latinHamaKomoditas; tidak dijadikan OPT.
06090120175711,SENTRI 20 EW,baris-bukan-nama-ilmiah,Tidak boleh digunakan oleh perorangan,Baris ke-3 pada latinHamaKomoditas; tidak dijadikan OPT.
06090120175711,SENTRI 20 EW,baris-bukan-nama-ilmiah,Hanya digunakan oleh petugas,Baris ke-4 pada latinHamaKomoditas; tidak dijadikan OPT.
06090120175711,SENTRI 20 EW,baris-bukan-nama-ilmiah,Dinas Kesehatan atau Pest Control,Baris ke-5 pada latinHamaKomoditas; tidak dijadikan OPT.
0420241269,BETA-CYFLUTHRIN 98 TC,entri-tanpa-sasaran,,Seluruh medan sasaran kosong — lazim pada bahan teknis (TC) yang didaftarkan tanpa penggunaan berlabel.
0420241323,PYMETROZINE 97 TC,entri-tanpa-sasaran,,Seluruh medan sasaran kosong — lazim pada bahan teknis (TC) yang didaftarkan tanpa penggunaan berlabel.
032025607,PROPOXUR 50 WP,entri-tanpa-sasaran,,Seluruh medan sasaran kosong — lazim pada bahan teknis (TC) yang didaftarkan tanpa penggunaan berlabel.
0420231254,IMIDACLOPRID 95 TC,entri-tanpa-sasaran,,Seluruh medan sasaran kosong — lazim pada bahan teknis (TC) yang didaftarkan tanpa penggunaan berlabel.
01030120134670,CLEANSPRAY 96 SG,baris-bukan-nama-ilmiah,Kalimat peringatan:,Baris ke-2 pada latinHamaKomoditas; tidak dijadikan OPT.
01030120134670,CLEANSPRAY 96 SG,baris-bukan-nama-ilmiah,Sisa gulma dan jerami tidak,Baris ke-3 pada latinHamaKomoditas; tidak dijadikan OPT.
032026646,PT-Kebaiwei 400 WP,entri-tanpa-sasaran,,Seluruh medan sasaran kosong — lazim pada bahan teknis (TC) yang didaftarkan tanpa penggunaan berlabel.
0420231197,PARAQUAT DICHLORIDE 42 TC,entri-tanpa-sasaran,,Seluruh medan sasaran kosong — lazim pada bahan teknis (TC) yang didaftarkan tanpa penggunaan berlabel.
0420251415,GLUFOSINATE-P AMMONIUM 50 TK,entri-tanpa-sasaran,,Seluruh medan sasaran kosong — lazim pada bahan teknis (TC) yang didaftarkan tanpa penggunaan berlabel.
0420231146,TRIAZOPHOS 85 TC,entri-tanpa-sasaran,,Seluruh medan sasaran kosong — lazim pada bahan teknis (TC) yang didaftarkan tanpa penggunaan berlabel.
0420251375,CARBOFURAN 98 TC,entri-tanpa-sasaran,,Seluruh medan sasaran kosong — lazim pada bahan teknis (TC) yang didaftarkan tanpa penggunaan berlabel.
042017503,TRIADIMENOL 96 TC,kadar-kolom-bukan-angka,-,"satuanPestisida=""%""; ditolak: tidak-cocok-pola. Teksnya dipertahankan pada dosis_teks."
0420251403,PREVENTOL D 19,entri-tanpa-sasaran,,Seluruh medan sasaran kosong — lazim pada bahan teknis (TC) yang didaftarkan tanpa penggunaan berlabel.
0420231203,QUIZALOFOP-P-ETIL 98 TC,entri-tanpa-sasaran,,Seluruh medan sasaran kosong — lazim pada bahan teknis (TC) yang didaftarkan tanpa penggunaan berlabel.
02010120227404,FLYTOX 10 WG,kurung-bukan-dosis,30 g/260 ml sampai dengan hari ke-30,Ditolak: satuan-terlalu-panjang.
01010119961279,MARSHAL 5 GR,dosis-bentrok,"kolom=""10 gr/Pohon"" kurung=""12 kg/ha 10 g/rumpun""","Komoditas ""Pisang"", OPT ""Meloidogyne spp."". Kolom yang dipakai."
01030120206991,TASMIN 865 SL,baris-bukan-nama-ilmiah,Kalimat peringatan:,Baris ke-2 pada latinHamaKomoditas; tidak dijadikan OPT.
01030120206991,TASMIN 865 SL,baris-bukan-nama-ilmiah,Sisa jerami tidak boleh,Baris ke-3 pada latinHamaKomoditas; tidak dijadikan OPT.
0420231180,FENVALERAT 94 TC,entri-tanpa-sasaran,,Seluruh medan sasaran kosong — lazim pada bahan teknis (TC) yang didaftarkan tanpa penggunaan berlabel.
042020842,NIKOSULFURON 95 TC,kadar-kolom-bukan-angka,Izin tetap ulang bahan teknis,"satuanPestisida=""""; ditolak: tidak-cocok-pola. Teksnya dipertahankan pada dosis_teks."
032026651,METHOMYL 40 SP,entri-tanpa-sasaran,,Seluruh medan sasaran kosong — lazim pada bahan teknis (TC) yang didaftarkan tanpa penggunaan berlabel.
032024565,PESOVER 40 SP,entri-tanpa-sasaran,,Seluruh medan sasaran kosong — lazim pada bahan teknis (TC) yang didaftarkan tanpa penggunaan berlabel.
0420251449,BRODIFAKUM 95 TC,entri-tanpa-sasaran,,Seluruh medan sasaran kosong — lazim pada bahan teknis (TC) yang didaftarkan tanpa penggunaan berlabel.
0420231130,Glyphosate 95% TC,entri-tanpa-sasaran,,Seluruh medan sasaran kosong — lazim pada bahan teknis (TC) yang didaftarkan tanpa penggunaan berlabel.
0420261507,FLUPYMEZOTIAZ 98 TC,entri-tanpa-sasaran,,Seluruh medan sasaran kosong — lazim pada bahan teknis (TC) yang didaftarkan tanpa penggunaan berlabel.
0420241333,FENOXAPROP-P-ETHYL 95 TC,entri-tanpa-sasaran,,Seluruh medan sasaran kosong — lazim pada bahan teknis (TC) yang didaftarkan tanpa penggunaan berlabel.
042020841,METIDATION 95 TC,kadar-kolom-bukan-angka,izin tetap ulang bahan teknis,"satuanPestisida=""%""; ditolak: tidak-cocok-pola. Teksnya dipertahankan pada dosis_teks."
01030120259006,TEBURON 80 WP,dosis-bentrok,"kolom=""1,5 - 2 kg/ha"" kurung=""1 - 2 kg/ha""","Komoditas ""Tebu"", OPT ""Eleusine indica"". Kolom yang dipakai."
01030120259006,TEBURON 80 WP,dosis-bentrok,"kolom=""1,5 - 2 kg/ha"" kurung=""1 - 2 kg/ha""","Komoditas ""Tebu"", OPT ""Echinochloa colona"". Kolom yang dipakai."
01030120259006,TEBURON 80 WP,dosis-bentrok,"kolom=""1,5 - 2 kg/ha"" kurung=""1 - 2 kg/ha""","Komoditas ""Tebu"", OPT ""Rootbelia exaltata"". Kolom yang dipakai."
01030120259006,TEBURON 80 WP,dosis-bentrok,"kolom=""1,5 - 2 kg/ha"" kurung=""1 - 2 kg/ha""","Komoditas ""Tebu"", OPT ""Ipomoea triloba"". Kolom yang dipakai."
01030120237778,KNOCK DOWN 865 SL,baris-bukan-nama-ilmiah,Kalimat Peringatan:,Baris ke-2 pada latinHamaKomoditas; tidak dijadikan OPT.
01030120237778,KNOCK DOWN 865 SL,baris-bukan-nama-ilmiah,sisa gulma dan jerami,Baris ke-3 pada latinHamaKomoditas; tidak dijadikan OPT.
01030120237778,KNOCK DOWN 865 SL,baris-bukan-nama-ilmiah,tidak boleh dibakar,Baris ke-4 pada latinHamaKomoditas; tidak dijadikan OPT.
042018533,IMIDACLOPRID 95 TC,entri-tanpa-sasaran,,Seluruh medan sasaran kosong — lazim pada bahan teknis (TC) yang didaftarkan tanpa penggunaan berlabel.
01030120155402,TURBOMIN 865 SL,baris-bukan-nama-ilmiah,Kalimat peringatan:,Baris ke-2 pada latinHamaKomoditas; tidak dijadikan OPT.
01030120155402,TURBOMIN 865 SL,baris-bukan-nama-ilmiah,Sisa gulma tidak boleh,Baris ke-3 pada latinHamaKomoditas; tidak dijadikan OPT.
0420251419,KLORANTRANILIPROL 98 TC,entri-tanpa-sasaran,,Seluruh medan sasaran kosong — lazim pada bahan teknis (TC) yang didaftarkan tanpa penggunaan berlabel.
032026644,PT-Easyuse 350 WP,entri-tanpa-sasaran,,Seluruh medan sasaran kosong — lazim pada bahan teknis (TC) yang didaftarkan tanpa penggunaan berlabel.
01030120072812,ACL 6 865 SL,baris-bukan-nama-ilmiah,Kalimat peringatan:,Baris ke-2 pada latinHamaKomoditas; tidak dijadikan OPT.
01030120072812,ACL 6 865 SL,baris-bukan-nama-ilmiah,Sisa gulma dan jerami tidak,Baris ke-3 pada latinHamaKomoditas; tidak dijadikan OPT.
0420231223,CINFLUBROLIN 98 TC,entri-tanpa-sasaran,,Seluruh medan sasaran kosong — lazim pada bahan teknis (TC) yang didaftarkan tanpa penggunaan berlabel.
0420221039,PREVENTOL P 91,entri-tanpa-sasaran,,Seluruh medan sasaran kosong — lazim pada bahan teknis (TC) yang didaftarkan tanpa penggunaan berlabel.
0420251423,PYRACLOSTROBIN 98 TC,entri-tanpa-sasaran,,Seluruh medan sasaran kosong — lazim pada bahan teknis (TC) yang didaftarkan tanpa penggunaan berlabel.
0420221066,GLUFOSINATE AMMONIUM 95 TC,entri-tanpa-sasaran,,Seluruh medan sasaran kosong — lazim pada bahan teknis (TC) yang didaftarkan tanpa penggunaan berlabel.
0420231261,RENOFLUTHRIN 5 TK,entri-tanpa-sasaran,,Seluruh medan sasaran kosong — lazim pada bahan teknis (TC) yang didaftarkan tanpa penggunaan berlabel.
0420231162,INNOMAN ® MB,entri-tanpa-sasaran,,Seluruh medan sasaran kosong — lazim pada bahan teknis (TC) yang didaftarkan tanpa penggunaan berlabel.
0420241315,KLORANTRANILIPROL 96 TC,entri-tanpa-sasaran,,Seluruh medan sasaran kosong — lazim pada bahan teknis (TC) yang didaftarkan tanpa penggunaan berlabel.
042020809,BENSULFURON METHYL 96 TC,entri-tanpa-sasaran,,Seluruh medan sasaran kosong — lazim pada bahan teknis (TC) yang didaftarkan tanpa penggunaan berlabel.
06090120217021,"ATTRATHOR 26,3 SC",kadar-kolom-bukan-angka,"62,5 ml/5 l (sampai dengan 30 hari pasca aplikasi)","satuanPestisida=""-""; ditolak: satuan-terlalu-panjang. Teksnya dipertahankan pada dosis_teks."
06090120217021,"ATTRATHOR 26,3 SC",kadar-kolom-bukan-angka,"62,5 ml/5 l (sampai dengan 30 hari pasca aplikasi)","satuanPestisida=""-""; ditolak: satuan-terlalu-panjang. Teksnya dipertahankan pada dosis_teks."
032025616,METHOMYL 215 EC,entri-tanpa-sasaran,,Seluruh medan sasaran kosong — lazim pada bahan teknis (TC) yang didaftarkan tanpa penggunaan berlabel.
01050120196418,BESTNOID GOLD 70 WP,baris-bukan-nama-ilmiah,"(5,12, dan 19 HSA)",Baris ke-2 pada latinHamaKomoditas; tidak dijadikan OPT.
01040120113894,GIBRIL 20 TB,baris-bukan-nama-ilmiah,"jumlah anakan, jumlah umbi/tanaman,",Baris ke-2 pada latinHamaKomoditas; tidak dijadikan OPT.
01040120113894,GIBRIL 20 TB,baris-bukan-nama-ilmiah,"bobot 10 umbi, hasil/tanaman, hasil/petak",Baris ke-3 pada latinHamaKomoditas; tidak dijadikan OPT.
01040120113894,GIBRIL 20 TB,baris-bukan-nama-ilmiah,dan hasil/ha,Baris ke-4 pada latinHamaKomoditas; tidak dijadikan OPT.
032024571,CORAGEN 200 SC,entri-tanpa-sasaran,,Seluruh medan sasaran kosong — lazim pada bahan teknis (TC) yang didaftarkan tanpa penggunaan berlabel.
01030120073002,BMA 8 865 SL,baris-bukan-nama-ilmiah,Kalimat peringatan: Sisa gulma dan jerami tidak boleh dibakar,Baris ke-2 pada latinHamaKomoditas; tidak dijadikan OPT.
0420231135,IMIPROTHRIN 50 TC,entri-tanpa-sasaran,,Seluruh medan sasaran kosong — lazim pada bahan teknis (TC) yang didaftarkan tanpa penggunaan berlabel.
032020487,RIPCORD 200 EC,kadar-kolom-bukan-angka,tidak tersedia untuk ekspor,"satuanPestisida=""""; ditolak: tidak-cocok-pola. Teksnya dipertahankan pada dosis_teks."
042019707,PERMETHRIN 94 TK,kadar-kolom-bukan-angka,-,"satuanPestisida=""%""; ditolak: tidak-cocok-pola. Teksnya dipertahankan pada dosis_teks."
032022528,FREQUENCY PLUS 60 SE,entri-tanpa-sasaran,,Seluruh medan sasaran kosong — lazim pada bahan teknis (TC) yang didaftarkan tanpa penggunaan berlabel.
032025620,ONDUTY 52.5/17.5 WG,entri-tanpa-sasaran,,Seluruh medan sasaran kosong — lazim pada bahan teknis (TC) yang didaftarkan tanpa penggunaan berlabel.
01030120248457,BECANO PLUS 20/540 SC,kurung-bukan-dosis,l1-3 /ha,Tidak berbentuk angka + satuan; dibiarkan sebagai keterangan.
042018654,MANCOZEB 85 TC,entri-tanpa-sasaran,,Seluruh medan sasaran kosong — lazim pada bahan teknis (TC) yang didaftarkan tanpa penggunaan berlabel.
0420231190,MANCOZEB 85 TC,entri-tanpa-sasaran,,Seluruh medan sasaran kosong — lazim pada bahan teknis (TC) yang didaftarkan tanpa penggunaan berlabel.
01030120259014,XINELLA 500 SC,dosis-bentrok,"kolom=""37.5 - 75 ml/ha"" kurung=""50 - 75 ml/ha""","Komoditas ""Budidaya kelapa sawit (TM)"", OPT ""Synedrella nodiflora"". Kolom yang dipakai."
01030120259014,XINELLA 500 SC,dosis-bentrok,"kolom=""37.5 - 75 ml/ha"" kurung=""50 - 75 ml/ha""","Komoditas ""Budidaya kelapa sawit (TM)"", OPT ""Borreria alata"". Kolom yang dipakai."
01030120259014,XINELLA 500 SC,dosis-bentrok,"kolom=""37.5 - 75 ml/ha"" kurung=""50 - 75 ml/ha""","Komoditas ""Budidaya kelapa sawit (TM)"", OPT ""Ageratum conyzoides"". Kolom yang dipakai."
01030120259014,XINELLA 500 SC,dosis-bentrok,"kolom=""37.5 - 75 ml/ha"" kurung=""50 - 75 ml/ha""","Komoditas ""Budidaya kelapa sawit (TM)"", OPT ""Cleome rutidospermae"". Kolom yang dipakai."
032019475,VULCARUS 500 SC,kadar-kolom-bukan-angka,tidak tersedia untuk ekspor,"satuanPestisida=""""; ditolak: tidak-cocok-pola. Teksnya dipertahankan pada dosis_teks."
06080120124241,ONE PUSH VAPE 38.5 AE,kadar-kolom-bukan-angka,Siap pakai,"satuanPestisida=""-""; ditolak: tidak-cocok-pola. Teksnya dipertahankan pada dosis_teks."
06080120124241,ONE PUSH VAPE 38.5 AE,kadar-kolom-bukan-angka,Siap pakai,"satuanPestisida=""-""; ditolak: tidak-cocok-pola. Teksnya dipertahankan pada dosis_teks."
0420221026,OXYFLUORFEN 97 TC,entri-tanpa-sasaran,,Seluruh medan sasaran kosong — lazim pada bahan teknis (TC) yang didaftarkan tanpa penggunaan berlabel.
042018613,BIOBAN™ BT 20 AS Antimicrobial,entri-tanpa-sasaran,,Seluruh medan sasaran kosong — lazim pada bahan teknis (TC) yang didaftarkan tanpa penggunaan berlabel.
0420261523,SynaMet 95 TC,entri-tanpa-sasaran,,Seluruh medan sasaran kosong — lazim pada bahan teknis (TC) yang didaftarkan tanpa penggunaan berlabel.
042018627,ROCIMA™ 623 Microbicide,entri-tanpa-sasaran,,Seluruh medan sasaran kosong — lazim pada bahan teknis (TC) yang didaftarkan tanpa penggunaan berlabel.
0420231260,TIAMETOKSAM 98 TC,entri-tanpa-sasaran,,Seluruh medan sasaran kosong — lazim pada bahan teknis (TC) yang didaftarkan tanpa penggunaan berlabel.
01040120134628,SAGRI-FIX 45 SL,kurung-bukan-dosis,"9 HST, 16 HST, 30 HST",Ditolak: satuan-tanpa-garis-miring.
0420241309,FENTIN ACETATE 95 TC,entri-tanpa-sasaran,,Seluruh medan sasaran kosong — lazim pada bahan teknis (TC) yang didaftarkan tanpa penggunaan berlabel.
032015380,Vape Mosquito Coil mj,kadar-kolom-bukan-angka,siap pakai,"satuanPestisida=""%""; ditolak: tidak-cocok-pola. Teksnya dipertahankan pada dosis_teks."
032015380,Vape Mosquito Coil mj,kadar-kolom-bukan-angka,siap pakai,"satuanPestisida=""%""; ditolak: tidak-cocok-pola. Teksnya dipertahankan pada dosis_teks."
042021912,CHLORPYRIFOS 97 TC,entri-tanpa-sasaran,,Seluruh medan sasaran kosong — lazim pada bahan teknis (TC) yang didaftarkan tanpa penggunaan berlabel.
0420241304,DIFENOCONAZOLE 95 TC,entri-tanpa-sasaran,,Seluruh medan sasaran kosong — lazim pada bahan teknis (TC) yang didaftarkan tanpa penggunaan berlabel.
042017457,BIOBAN™ O 45 Antimicrobial,entri-tanpa-sasaran,,Seluruh medan sasaran kosong — lazim pada bahan teknis (TC) yang didaftarkan tanpa penggunaan berlabel.
0420231253,GLYPHOSATE 95 % TC,entri-tanpa-sasaran,,Seluruh medan sasaran kosong — lazim pada bahan teknis (TC) yang didaftarkan tanpa penggunaan berlabel.
042018641,"2,4-D 98 TC",entri-tanpa-sasaran,,Seluruh medan sasaran kosong — lazim pada bahan teknis (TC) yang didaftarkan tanpa penggunaan berlabel.
032024579,PREVATHON 50 SC,entri-tanpa-sasaran,,Seluruh medan sasaran kosong — lazim pada bahan teknis (TC) yang didaftarkan tanpa penggunaan berlabel.
032026655,OMETHOATE 290 EC,entri-tanpa-sasaran,,Seluruh medan sasaran kosong — lazim pada bahan teknis (TC) yang didaftarkan tanpa penggunaan berlabel.
032025615,METHOMYL 200 EC,entri-tanpa-sasaran,,Seluruh medan sasaran kosong — lazim pada bahan teknis (TC) yang didaftarkan tanpa penggunaan berlabel.
042018528,FENTIN ACETATE 95 TC,entri-tanpa-sasaran,,Seluruh medan sasaran kosong — lazim pada bahan teknis (TC) yang didaftarkan tanpa penggunaan berlabel.
042018578,KATHON™ FP 1.5 Biocide,entri-tanpa-sasaran,,Seluruh medan sasaran kosong — lazim pada bahan teknis (TC) yang didaftarkan tanpa penggunaan berlabel.
0420231149,ACTICIDE MV14,entri-tanpa-sasaran,,Seluruh medan sasaran kosong — lazim pada bahan teknis (TC) yang didaftarkan tanpa penggunaan berlabel.
0420261524,TRICLOPYR BUTOTYL 95 TC,entri-tanpa-sasaran,,Seluruh medan sasaran kosong — lazim pada bahan teknis (TC) yang didaftarkan tanpa penggunaan berlabel.
032025630,EXPRESSSUN 240 SC,entri-tanpa-sasaran,,Seluruh medan sasaran kosong — lazim pada bahan teknis (TC) yang didaftarkan tanpa penggunaan berlabel.
042019679,CARBOFURAN 75 TK,kadar-kolom-bukan-angka,-,"satuanPestisida=""%""; ditolak: tidak-cocok-pola. Teksnya dipertahankan pada dosis_teks."
042013304,PARAKUAT DIKLORIDA 42 TC,entri-tanpa-sasaran,,Seluruh medan sasaran kosong — lazim pada bahan teknis (TC) yang didaftarkan tanpa penggunaan berlabel.
06080120165660,VAPE 50 VP,kadar-kolom-bukan-angka,siap pakai,"satuanPestisida=""-""; ditolak: tidak-cocok-pola. Teksnya dipertahankan pada dosis_teks."
06080120165660,VAPE 50 VP,kadar-kolom-bukan-angka,siap pakai,"satuanPestisida=""-""; ditolak: tidak-cocok-pola. Teksnya dipertahankan pada dosis_teks."
032022534,VAPE 0.27 AE,entri-tanpa-sasaran,,Seluruh medan sasaran kosong — lazim pada bahan teknis (TC) yang didaftarkan tanpa penggunaan berlabel.
032025627,CHIPS SC,entri-tanpa-sasaran,,Seluruh medan sasaran kosong — lazim pada bahan teknis (TC) yang didaftarkan tanpa penggunaan berlabel.
0420231210,PREVENTOL WB,entri-tanpa-sasaran,,Seluruh medan sasaran kosong — lazim pada bahan teknis (TC) yang didaftarkan tanpa penggunaan berlabel.
0420241363,METHOMYL 98 TC,entri-tanpa-sasaran,,Seluruh medan sasaran kosong — lazim pada bahan teknis (TC) yang didaftarkan tanpa penggunaan berlabel.
01030120165596,AMCOXONE 276 SL*,dosis-bentrok,"kolom=""2-3 l/ha"" kurung=""1- 2 l/ha""","Komoditas ""Tebu"", OPT ""Ipomoea triloba"". Kolom yang dipakai."
032024556,TERMIDOR HE 96 SC,entri-tanpa-sasaran,,Seluruh medan sasaran kosong — lazim pada bahan teknis (TC) yang didaftarkan tanpa penggunaan berlabel.
0420231170,AMETRYN 95 TC,entri-tanpa-sasaran,,Seluruh medan sasaran kosong — lazim pada bahan teknis (TC) yang didaftarkan tanpa penggunaan berlabel.
042018551,SUMIONE 93 TC,entri-tanpa-sasaran,,Seluruh medan sasaran kosong — lazim pada bahan teknis (TC) yang didaftarkan tanpa penggunaan berlabel.
0420251461,Natrium 5-nitroguaiakol 98 TC,entri-tanpa-sasaran,,Seluruh medan sasaran kosong — lazim pada bahan teknis (TC) yang didaftarkan tanpa penggunaan berlabel.
032025622,PT-WANLING 40 SP,entri-tanpa-sasaran,,Seluruh medan sasaran kosong — lazim pada bahan teknis (TC) yang didaftarkan tanpa penggunaan berlabel.
01030120227525,GUANGDIU 13.2/46.8 WG,dosis-bentrok,"kolom=""2-3 kg/ha"" kurung=""1 - 1,5 kg/ha""","Komoditas ""Budidaya jagung"", OPT ""Eleusine indica"". Kolom yang dipakai."
01030120186064,PRIMA-LARIS 240 OD,dosis-bentrok,"kolom=""1,31 - 1,75 l/ha"" kurung=""0,75-1,5 l/ha""","Komoditas ""Jagung"", OPT ""Cyperus rotundus"". Kolom yang dipakai."
01030120186064,PRIMA-LARIS 240 OD,dosis-bentrok,"kolom=""1,31 - 1,75 l/ha"" kurung=""0,75-1,5 l/ha""","Komoditas ""Jagung"", OPT ""Commelina sp."". Kolom yang dipakai."
01030120186064,PRIMA-LARIS 240 OD,dosis-bentrok,"kolom=""1,31 - 1,75 l/ha"" kurung=""0,75-1,5 l/ha""","Komoditas ""Jagung"", OPT ""Echinochloa nodosa"". Kolom yang dipakai."
042020880,CHLORPYRIFOS 97 TC,entri-tanpa-sasaran,,Seluruh medan sasaran kosong — lazim pada bahan teknis (TC) yang didaftarkan tanpa penggunaan berlabel.
032024578,METHOMYL 40 SP,entri-tanpa-sasaran,,Seluruh medan sasaran kosong — lazim pada bahan teknis (TC) yang didaftarkan tanpa penggunaan berlabel.
0420241272,CHLORFENAPYR 98 TC,entri-tanpa-sasaran,,Seluruh medan sasaran kosong — lazim pada bahan teknis (TC) yang didaftarkan tanpa penggunaan berlabel.
0420231163,INNOMAN ® MBM,entri-tanpa-sasaran,,Seluruh medan sasaran kosong — lazim pada bahan teknis (TC) yang didaftarkan tanpa penggunaan berlabel.
0420231159,Innoman ® CMV,entri-tanpa-sasaran,,Seluruh medan sasaran kosong — lazim pada bahan teknis (TC) yang didaftarkan tanpa penggunaan berlabel.
04110120072922,BANTREK 480 EC,baris-bukan-nama-ilmiah,Proses vakum tekan :,Baris ke-2 pada latinHamaKomoditas; tidak dijadikan OPT.
04110120072922,BANTREK 480 EC,baris-bukan-nama-ilmiah,"1,875 %,",Baris ke-3 pada latinHamaKomoditas; tidak dijadikan OPT.
04110120072922,BANTREK 480 EC,baris-bukan-nama-ilmiah,"Retensi : 0,94 kg/m3",Baris ke-4 pada latinHamaKomoditas; tidak dijadikan OPT.
042021916,GLYPHOSATE IPA 54 TA,entri-tanpa-sasaran,,Seluruh medan sasaran kosong — lazim pada bahan teknis (TC) yang didaftarkan tanpa penggunaan berlabel.
0420251457,GLYPHOSATE 95 TC,entri-tanpa-sasaran,,Seluruh medan sasaran kosong — lazim pada bahan teknis (TC) yang didaftarkan tanpa penggunaan berlabel.
0420231142,PROTIOKONAZOL 97 TC,entri-tanpa-sasaran,,Seluruh medan sasaran kosong — lazim pada bahan teknis (TC) yang didaftarkan tanpa penggunaan berlabel.
0420221024,KLOROTALONIL 98 TC,kadar-kolom-bukan-angka,Tidak Termasuk Salah Satu Persyaratan Pendaftaran Izin Tetap Baru Bahan Teknis,"satuanPestisida=""""; ditolak: tidak-cocok-pola. Teksnya dipertahankan pada dosis_teks."
0420241365,PROPINEB 80 TC,entri-tanpa-sasaran,,Seluruh medan sasaran kosong — lazim pada bahan teknis (TC) yang didaftarkan tanpa penggunaan berlabel.
0420251418,ISOXAFLUTOLE 97.2 TC,entri-tanpa-sasaran,,Seluruh medan sasaran kosong — lazim pada bahan teknis (TC) yang didaftarkan tanpa penggunaan berlabel.
0420231184,GLYPHOSATE 95 TC,entri-tanpa-sasaran,,Seluruh medan sasaran kosong — lazim pada bahan teknis (TC) yang didaftarkan tanpa penggunaan berlabel.
0420231156,Acticide HF,entri-tanpa-sasaran,,Seluruh medan sasaran kosong — lazim pada bahan teknis (TC) yang didaftarkan tanpa penggunaan berlabel.
06080120227324,KINGKONG 1 FU,kadar-kolom-bukan-angka,Pembakaran,"satuanPestisida=""-""; ditolak: tidak-cocok-pola. Teksnya dipertahankan pada dosis_teks."
06080120227324,KINGKONG 1 FU,kadar-kolom-bukan-angka,Pembakaran,"satuanPestisida=""-""; ditolak: tidak-cocok-pola. Teksnya dipertahankan pada dosis_teks."
01040120217050,GIBERALIC 20 SP,baris-bukan-nama-ilmiah,"rendemen gabah, mengurangi kadar hampa",Baris ke-3 pada latinHamaKomoditas; tidak dijadikan OPT.
01040120217050,GIBERALIC 20 SP,baris-bukan-nama-ilmiah,gabah permalai/ rumpun,Baris ke-4 pada latinHamaKomoditas; tidak dijadikan OPT.
0420241284,NITENPYRAM 97 TC,entri-tanpa-sasaran,,Seluruh medan sasaran kosong — lazim pada bahan teknis (TC) yang didaftarkan tanpa penggunaan berlabel.
06090120217246,HIT 0.125 AE,kadar-kolom-bukan-angka,siap pakai,"satuanPestisida=""%""; ditolak: tidak-cocok-pola. Teksnya dipertahankan pada dosis_teks."
06090120217246,HIT 0.125 AE,kadar-kolom-bukan-angka,siap pakai,"satuanPestisida=""%""; ditolak: tidak-cocok-pola. Teksnya dipertahankan pada dosis_teks."
06090120217246,HIT 0.125 AE,kadar-kolom-bukan-angka,siap pakai,"satuanPestisida=""%""; ditolak: tidak-cocok-pola. Teksnya dipertahankan pada dosis_teks."
06090120217246,HIT 0.125 AE,kadar-kolom-bukan-angka,siap pakai,"satuanPestisida=""%""; ditolak: tidak-cocok-pola. Teksnya dipertahankan pada dosis_teks."
06090120217246,HIT 0.125 AE,kadar-kolom-bukan-angka,siap pakai,"satuanPestisida=""%""; ditolak: tidak-cocok-pola. Teksnya dipertahankan pada dosis_teks."
032024546,METHOMYL 90 SP,entri-tanpa-sasaran,,Seluruh medan sasaran kosong — lazim pada bahan teknis (TC) yang didaftarkan tanpa penggunaan berlabel.
0420251456,FLUOPYRAM 97 TC,entri-tanpa-sasaran,,Seluruh medan sasaran kosong — lazim pada bahan teknis (TC) yang didaftarkan tanpa penggunaan berlabel.
0420221105,PERMETHRIN 50 TK,entri-tanpa-sasaran,,Seluruh medan sasaran kosong — lazim pada bahan teknis (TC) yang didaftarkan tanpa penggunaan berlabel.
01030120124276,AVIXA 500 SC,dosis-bentrok,"kolom=""2 - 3,5 l/ha"" kurung=""2 - 3 l/ha""","Komoditas ""Jagung"", OPT ""Digitaria ciliaris"". Kolom yang dipakai."
042019728,Zinc Omadine 48 FPS,kadar-kolom-bukan-angka,-,"satuanPestisida=""%""; ditolak: tidak-cocok-pola. Teksnya dipertahankan pada dosis_teks."
0420261477,BENTIOFLUMIN 95 TC,entri-tanpa-sasaran,,Seluruh medan sasaran kosong — lazim pada bahan teknis (TC) yang didaftarkan tanpa penggunaan berlabel.
032022533,T823 P. Barrier,entri-tanpa-sasaran,,Seluruh medan sasaran kosong — lazim pada bahan teknis (TC) yang didaftarkan tanpa penggunaan berlabel.
06090120093419,CONDITE 57 EC,kurung-bukan-dosis,ULV,Tidak berbentuk angka + satuan; dibiarkan sebagai keterangan.
06090120093419,CONDITE 57 EC,kurung-bukan-dosis,ULV,Tidak berbentuk angka + satuan; dibiarkan sebagai keterangan.
06090120093419,CONDITE 57 EC,kurung-bukan-dosis,Penyemprotan residual 10 ml/l s/d 4 minggu,Tidak berbentuk angka + satuan; dibiarkan sebagai keterangan.
06090120093419,CONDITE 57 EC,kurung-bukan-dosis,Fogging,Tidak berbentuk angka + satuan; dibiarkan sebagai keterangan.
06090120093419,CONDITE 57 EC,kurung-bukan-dosis,Fogging,Tidak berbentuk angka + satuan; dibiarkan sebagai keterangan.
06090120093419,CONDITE 57 EC,kurung-bukan-dosis,Penyemprotan residual 8 ml/l,Tidak berbentuk angka + satuan; dibiarkan sebagai keterangan.
06090120093419,CONDITE 57 EC,kurung-bukan-dosis,Penyemprotan residual 8 ml/l,Tidak berbentuk angka + satuan; dibiarkan sebagai keterangan.
06090120093419,CONDITE 57 EC,kurung-bukan-dosis,Thermal Fogging,Tidak berbentuk angka + satuan; dibiarkan sebagai keterangan.
06090120093419,CONDITE 57 EC,kurung-bukan-dosis,ULV,Tidak berbentuk angka + satuan; dibiarkan sebagai keterangan.
06090120093419,CONDITE 57 EC,kurung-bukan-dosis,Penyemprotan residual 4 ml/l s/d 4 minggu,Tidak berbentuk angka + satuan; dibiarkan sebagai keterangan.
06090120093419,CONDITE 57 EC,kurung-bukan-dosis,Fogging,Tidak berbentuk angka + satuan; dibiarkan sebagai keterangan.
06090120093419,CONDITE 57 EC,kurung-bukan-dosis,Fogging,Tidak berbentuk angka + satuan; dibiarkan sebagai keterangan.
0420231175,CHLORPYRIFOS 97 TC,entri-tanpa-sasaran,,Seluruh medan sasaran kosong — lazim pada bahan teknis (TC) yang didaftarkan tanpa penggunaan berlabel.
01010120093527,BUZZER 500 EC,dosis-bentrok,"kolom=""1,5 - 2 ml/l"" kurung=""0,5 - 2 ml/l""","Komoditas ""Cabai"", OPT ""Spodoptera litura"". Kolom yang dipakai."
01040120155355,GIBGRO PANEN 20 SP,kadar-kolom-bukan-angka,"0,75 g/ 10 l (30, 40, 50, dan 60 HST)","satuanPestisida=""-""; ditolak: satuan-terlalu-panjang. Teksnya dipertahankan pada dosis_teks."
0420221061,BARUCHEM 95% TC,entri-tanpa-sasaran,,Seluruh medan sasaran kosong — lazim pada bahan teknis (TC) yang didaftarkan tanpa penggunaan berlabel.
042009244,GLYPHOSATE 95 TC,kadar-kolom-bukan-angka,-,"satuanPestisida=""g/l""; ditolak: tidak-cocok-pola. Teksnya dipertahankan pada dosis_teks."
01030120258763,DRACOR 70 WP,kurung-bukan-dosis,"2,25 - 3,75 kgha",Ditolak: satuan-tanpa-garis-miring.
01030120258763,DRACOR 70 WP,kurung-bukan-dosis,"2,25 - 3,75 kgha",Ditolak: satuan-tanpa-garis-miring.
01030120258763,DRACOR 70 WP,kurung-bukan-dosis,"2,25 - 3,75 kgha",Ditolak: satuan-tanpa-garis-miring.
01030120258763,DRACOR 70 WP,kurung-bukan-dosis,"2,25 - 3,75 kgha",Ditolak: satuan-tanpa-garis-miring.
032022522,TABARAK 360 EC,entri-tanpa-sasaran,,Seluruh medan sasaran kosong — lazim pada bahan teknis (TC) yang didaftarkan tanpa penggunaan berlabel.
042019725,Proxel GXL,kadar-kolom-bukan-angka,-,"satuanPestisida=""%""; ditolak: tidak-cocok-pola. Teksnya dipertahankan pada dosis_teks."
032025608,Racumin Rice Bait 0.0375 RB,entri-tanpa-sasaran,,Seluruh medan sasaran kosong — lazim pada bahan teknis (TC) yang didaftarkan tanpa penggunaan berlabel.
031998114,VAPE MAT E,kurung-bukan-dosis,Product export,Tidak berbentuk angka + satuan; dibiarkan sebagai keterangan.
042018636,SEA-NINE™ 211 (N) Antifouling Agent,entri-tanpa-sasaran,,Seluruh medan sasaran kosong — lazim pada bahan teknis (TC) yang didaftarkan tanpa penggunaan berlabel.
01120120103663,"BENMATI 0,005 BB",kadar-kolom-bukan-angka,umpan siap pakai,"satuanPestisida=""""; ditolak: tidak-cocok-pola. Teksnya dipertahankan pada dosis_teks."
0420261519,PICOXYSTROBIN 98 TC,entri-tanpa-sasaran,,Seluruh medan sasaran kosong — lazim pada bahan teknis (TC) yang didaftarkan tanpa penggunaan berlabel.
042020862,ACTICIDE BW 20,kurung-bukan-dosis,2H,Ditolak: satuan-tanpa-garis-miring.
0420241359,EMAMEKTIN BENZOAT 95 TC,entri-tanpa-sasaran,,Seluruh medan sasaran kosong — lazim pada bahan teknis (TC) yang didaftarkan tanpa penggunaan berlabel.
0420231263,BIOX AM138,entri-tanpa-sasaran,,Seluruh medan sasaran kosong — lazim pada bahan teknis (TC) yang didaftarkan tanpa penggunaan berlabel.
032026649,MARGEN 400/60 SL,entri-tanpa-sasaran,,Seluruh medan sasaran kosong — lazim pada bahan teknis (TC) yang didaftarkan tanpa penggunaan berlabel.
032024567,VAPE 0.11 MC,entri-tanpa-sasaran,,Seluruh medan sasaran kosong — lazim pada bahan teknis (TC) yang didaftarkan tanpa penggunaan berlabel.
0420231226,FLUCHLORAMINOPYR-TEFURYL 98 TC,entri-tanpa-sasaran,,Seluruh medan sasaran kosong — lazim pada bahan teknis (TC) yang didaftarkan tanpa penggunaan berlabel.
0420231208,PREVENTOL D 6,entri-tanpa-sasaran,,Seluruh medan sasaran kosong — lazim pada bahan teknis (TC) yang didaftarkan tanpa penggunaan berlabel.
0420241340,METHOMYL 98 TC,entri-tanpa-sasaran,,Seluruh medan sasaran kosong — lazim pada bahan teknis (TC) yang didaftarkan tanpa penggunaan berlabel.
0420231259,PYRIPROXYFEN 98 TC,entri-tanpa-sasaran,,Seluruh medan sasaran kosong — lazim pada bahan teknis (TC) yang didaftarkan tanpa penggunaan berlabel.
0420231229,GLUFOSINATE-AMMONIUM 95 TC,entri-tanpa-sasaran,,Seluruh medan sasaran kosong — lazim pada bahan teknis (TC) yang didaftarkan tanpa penggunaan berlabel.
0420221041,"2,4-D 98 TC",entri-tanpa-sasaran,,Seluruh medan sasaran kosong — lazim pada bahan teknis (TC) yang didaftarkan tanpa penggunaan berlabel.
06080120114186,VAPE 40 ST,kadar-kolom-bukan-angka,Siap pakai (mg/pc),"satuanPestisida=""-""; ditolak: tidak-cocok-pola. Teksnya dipertahankan pada dosis_teks."
06080120114186,VAPE 40 ST,kadar-kolom-bukan-angka,Siap pakai (mg/pc),"satuanPestisida=""-""; ditolak: tidak-cocok-pola. Teksnya dipertahankan pada dosis_teks."
0420231241,Proxel BZ Plus Preservative,entri-tanpa-sasaran,,Seluruh medan sasaran kosong — lazim pada bahan teknis (TC) yang didaftarkan tanpa penggunaan berlabel.
0101011982535,Dharmasan 600 EC,dosis-bentrok,"kolom=""1,5 ml/l"" kurung=""1,55 ml/l""","Komoditas ""Tebu"", OPT ""Chilo auricilius"". Kolom yang dipakai."
06090120083246,ALTRINE 30 EC,baris-bukan-nama-ilmiah,Kalimat peringatan:,Baris ke-2 pada latinHamaKomoditas; tidak dijadikan OPT.
06090120083246,ALTRINE 30 EC,baris-bukan-nama-ilmiah,Tidak boleh digunakan oleh,Baris ke-3 pada latinHamaKomoditas; tidak dijadikan OPT.
06090120083246,ALTRINE 30 EC,baris-bukan-nama-ilmiah,"perorangan, hanya digunakan",Baris ke-4 pada latinHamaKomoditas; tidak dijadikan OPT.
06090120083246,ALTRINE 30 EC,baris-bukan-nama-ilmiah,oleh petugas Dinas Kesehatan/,Baris ke-5 pada latinHamaKomoditas; tidak dijadikan OPT.
06090120083246,ALTRINE 30 EC,baris-bukan-nama-ilmiah,pest control,Baris ke-6 pada latinHamaKomoditas; tidak dijadikan OPT.
01040120248626,GIBEL 20 SP,baris-bukan-nama-ilmiah,"jumlah anakan, jumlah umbi, dan",Baris ke-2 pada latinHamaKomoditas; tidak dijadikan OPT.
01040120248626,GIBEL 20 SP,baris-bukan-nama-ilmiah,bobot umbi,Baris ke-3 pada latinHamaKomoditas; tidak dijadikan OPT.
06080120227322,"KINGKONG 0,068 MC",kadar-kolom-bukan-angka,Pembakaran,"satuanPestisida=""-""; ditolak: tidak-cocok-pola. Teksnya dipertahankan pada dosis_teks."
06080120227322,"KINGKONG 0,068 MC",kadar-kolom-bukan-angka,Pembakaran,"satuanPestisida=""-""; ditolak: tidak-cocok-pola. Teksnya dipertahankan pada dosis_teks."
042020829,TRIADIMEFON 95 TC,entri-tanpa-sasaran,,Seluruh medan sasaran kosong — lazim pada bahan teknis (TC) yang didaftarkan tanpa penggunaan berlabel.
0420241357,CHLORFENAPYR 98 TC,entri-tanpa-sasaran,,Seluruh medan sasaran kosong — lazim pada bahan teknis (TC) yang didaftarkan tanpa penggunaan berlabel.
042019770,NITENPYRAM 97 TC,kadar-kolom-bukan-angka,-,"satuanPestisida=""ml/l""; ditolak: tidak-cocok-pola. Teksnya dipertahankan pada dosis_teks."
01040120196556,MENSAE 14 SL,kadar-kolom-bukan-angka,"3 ml/10 L air (4, 5, 6, 7 dan 8 MST)","satuanPestisida=""-""; ditolak: satuan-terlalu-panjang. Teksnya dipertahankan pada dosis_teks."
042017462,ROCIMA™ 363 Biocide,entri-tanpa-sasaran,,Seluruh medan sasaran kosong — lazim pada bahan teknis (TC) yang didaftarkan tanpa penggunaan berlabel.
032018424,BLAX 100 SC,entri-tanpa-sasaran,,Seluruh medan sasaran kosong — lazim pada bahan teknis (TC) yang didaftarkan tanpa penggunaan berlabel.
042011280,IPA GLIFOSAT 62 TC,entri-tanpa-sasaran,,Seluruh medan sasaran kosong — lazim pada bahan teknis (TC) yang didaftarkan tanpa penggunaan berlabel.
032019463,ADVANTAGE 3.2 GR,kadar-kolom-bukan-angka,-,"satuanPestisida=""g/l""; ditolak: tidak-cocok-pola. Teksnya dipertahankan pada dosis_teks."
042018532,GLYPHOSATE 95 TC,entri-tanpa-sasaran,,Seluruh medan sasaran kosong — lazim pada bahan teknis (TC) yang didaftarkan tanpa penggunaan berlabel.
032015359,OCTAVE 250 EC,kadar-kolom-bukan-angka,-,"satuanPestisida=""g/l""; ditolak: tidak-cocok-pola. Teksnya dipertahankan pada dosis_teks."
0420221100,INDOXACARB 80 TC,entri-tanpa-sasaran,,Seluruh medan sasaran kosong — lazim pada bahan teknis (TC) yang didaftarkan tanpa penggunaan berlabel.
042021973,"2,4-D 98 TC",kadar-kolom-bukan-angka,-,"satuanPestisida=""%""; ditolak: tidak-cocok-pola. Teksnya dipertahankan pada dosis_teks."
01040120103700,AJIB,baris-bukan-nama-ilmiah,"meningkatkan tinggi tanaman,",Baris ke-2 pada latinHamaKomoditas; tidak dijadikan OPT.
01040120103700,AJIB,baris-bukan-nama-ilmiah,"jumlah anakan, jumlah umbi/tanaman,",Baris ke-3 pada latinHamaKomoditas; tidak dijadikan OPT.
01040120103700,AJIB,baris-bukan-nama-ilmiah,"bobot 10 umbi/g, hasil/tanaman (g),",Baris ke-4 pada latinHamaKomoditas; tidak dijadikan OPT.
01040120103700,AJIB,baris-bukan-nama-ilmiah,hasil/petak (kg) dan hasil/ha (kg/ha),Baris ke-5 pada latinHamaKomoditas; tidak dijadikan OPT.
01040120103700,AJIB,baris-bukan-nama-ilmiah,"(150 - 200 ml/ha,",Baris ke-6 pada latinHamaKomoditas; tidak dijadikan OPT.
01040120103700,AJIB,baris-bukan-nama-ilmiah,2 dan 4 minggu setelah tanam,Baris ke-7 pada latinHamaKomoditas; tidak dijadikan OPT.
01040120103700,AJIB,baris-bukan-nama-ilmiah,),Baris ke-8 pada latinHamaKomoditas; tidak dijadikan OPT.
01040120186067,PRONASOL 50 SC,baris-bukan-nama-ilmiah,"0,0075 ml/l (40 & 60 HST)",Baris ke-2 pada latinHamaKomoditas; tidak dijadikan OPT.
032020496,CARBOFURAN 10 GR,entri-tanpa-sasaran,,Seluruh medan sasaran kosong — lazim pada bahan teknis (TC) yang didaftarkan tanpa penggunaan berlabel.
0420241339,METOMIL 95 TC,entri-tanpa-sasaran,,Seluruh medan sasaran kosong — lazim pada bahan teknis (TC) yang didaftarkan tanpa penggunaan berlabel.
0420231219,AMETRIN 95 TC,entri-tanpa-sasaran,,Seluruh medan sasaran kosong — lazim pada bahan teknis (TC) yang didaftarkan tanpa penggunaan berlabel.
042018635,ROZONE™ LES 1920J Microbicide,entri-tanpa-sasaran,,Seluruh medan sasaran kosong — lazim pada bahan teknis (TC) yang didaftarkan tanpa penggunaan berlabel.
0420261491,CleanBioTM - Zinc,entri-tanpa-sasaran,,Seluruh medan sasaran kosong — lazim pada bahan teknis (TC) yang didaftarkan tanpa penggunaan berlabel.
0420251475,SynaPic 95 TC,entri-tanpa-sasaran,,Seluruh medan sasaran kosong — lazim pada bahan teknis (TC) yang didaftarkan tanpa penggunaan berlabel.
042018542,PERMETHRIN 92 TC,entri-tanpa-sasaran,,Seluruh medan sasaran kosong — lazim pada bahan teknis (TC) yang didaftarkan tanpa penggunaan berlabel.
0420251395,DIFENOCONAZOLE 96 TC,entri-tanpa-sasaran,,Seluruh medan sasaran kosong — lazim pada bahan teknis (TC) yang didaftarkan tanpa penggunaan berlabel.
0420241287,PROPIKONAZOL 98 TC,entri-tanpa-sasaran,,Seluruh medan sasaran kosong — lazim pada bahan teknis (TC) yang didaftarkan tanpa penggunaan berlabel.
042016378,PARAKUAT DIKLORIDA 42 TC,kadar-kolom-bukan-angka,Izin tetap ulang bahan teknis,"satuanPestisida=""""; ditolak: tidak-cocok-pola. Teksnya dipertahankan pada dosis_teks."
032022520,Motive 462.5 EC,entri-tanpa-sasaran,,Seluruh medan sasaran kosong — lazim pada bahan teknis (TC) yang didaftarkan tanpa penggunaan berlabel.
01040120186188,GROWTONE 3.75 SP,kadar-kolom-bukan-angka,1,"satuanPestisida=""g/10 ml air u/150 stek pucuk krisan""; ditolak: satuan-terlalu-panjang. Teksnya dipertahankan pada dosis_teks."
0420261497,ACTICIDE IFL 3,entri-tanpa-sasaran,,Seluruh medan sasaran kosong — lazim pada bahan teknis (TC) yang didaftarkan tanpa penggunaan berlabel.
01030120227579,RAVEGA 865 SL,dosis-bentrok,"kolom=""2,5 – 3,5 l/ha"" kurung=""2,5 - 3 l/ha""","Komoditas ""Budidaya karet (TBM)"", OPT ""Mikania micrantha"". Kolom yang dipakai."
0420251439,PREVENTOL D 7,entri-tanpa-sasaran,,Seluruh medan sasaran kosong — lazim pada bahan teknis (TC) yang didaftarkan tanpa penggunaan berlabel.
0420251389,PREVENTOL BM 5,entri-tanpa-sasaran,,Seluruh medan sasaran kosong — lazim pada bahan teknis (TC) yang didaftarkan tanpa penggunaan berlabel.
0420241283,NAPHTHALENEACETIC ACID 87 TC,entri-tanpa-sasaran,,Seluruh medan sasaran kosong — lazim pada bahan teknis (TC) yang didaftarkan tanpa penggunaan berlabel.
0420251397,PERMETHRIN 94 TC,entri-tanpa-sasaran,,Seluruh medan sasaran kosong — lazim pada bahan teknis (TC) yang didaftarkan tanpa penggunaan berlabel.
0420261502,DIAZINON 96 TC,entri-tanpa-sasaran,,Seluruh medan sasaran kosong — lazim pada bahan teknis (TC) yang didaftarkan tanpa penggunaan berlabel.
0420231198,PARAQUAT DICHLORIDE 42 TC,entri-tanpa-sasaran,,Seluruh medan sasaran kosong — lazim pada bahan teknis (TC) yang didaftarkan tanpa penggunaan berlabel.
032010229,TERMIDOR 100 SC,kadar-kolom-bukan-angka,tidak tersedia untuk ekspor,"satuanPestisida=""""; ditolak: tidak-cocok-pola. Teksnya dipertahankan pada dosis_teks."
0420241362,INDOXACARB 95 TC,entri-tanpa-sasaran,,Seluruh medan sasaran kosong — lazim pada bahan teknis (TC) yang didaftarkan tanpa penggunaan berlabel.
01030119931099,RUMPAS 110 EW,dosis-bentrok,"kolom=""2 ml/l"" kurung=""0,5-1,5 ml/l""","Komoditas ""Bawang merah"", OPT ""Digitaria adcendens"". Kolom yang dipakai."
01030120259185,CBA BEST 150 SL,kurung-bukan-dosis,1-5 - 3 l/ha,Ditolak: satuan-diawali-bukan-huruf.
01030120259185,CBA BEST 150 SL,kurung-bukan-dosis,1-5 - 3 l/ha,Ditolak: satuan-diawali-bukan-huruf.
01030120259185,CBA BEST 150 SL,kurung-bukan-dosis,1-5 - 3 l/ha,Ditolak: satuan-diawali-bukan-huruf.
01030120259185,CBA BEST 150 SL,kurung-bukan-dosis,1-5 - 3 l/ha,Ditolak: satuan-diawali-bukan-huruf.
01030120259185,CBA BEST 150 SL,kurung-bukan-dosis,1-5 - 3 l/ha,Ditolak: satuan-diawali-bukan-huruf.
01030120259185,CBA BEST 150 SL,kurung-bukan-dosis,1-5 - 3 l/ha,Ditolak: satuan-diawali-bukan-huruf.
01030120259185,CBA BEST 150 SL,kurung-bukan-dosis,1-5 - 3 l/ha,Ditolak: satuan-diawali-bukan-huruf.
0420261496,Acticide BAC 50M,entri-tanpa-sasaran,,Seluruh medan sasaran kosong — lazim pada bahan teknis (TC) yang didaftarkan tanpa penggunaan berlabel.
042019766,METHOMYL 98 TC,entri-tanpa-sasaran,,Seluruh medan sasaran kosong — lazim pada bahan teknis (TC) yang didaftarkan tanpa penggunaan berlabel.
0420221016,CYPERMETHRIN 92% TC,entri-tanpa-sasaran,,Seluruh medan sasaran kosong — lazim pada bahan teknis (TC) yang didaftarkan tanpa penggunaan berlabel.
042021959,INDOXACARB 95 TC,entri-tanpa-sasaran,,Seluruh medan sasaran kosong — lazim pada bahan teknis (TC) yang didaftarkan tanpa penggunaan berlabel.
0420231183,GLYPHOSATE 95 TC,entri-tanpa-sasaran,,Seluruh medan sasaran kosong — lazim pada bahan teknis (TC) yang didaftarkan tanpa penggunaan berlabel.
032024552,COLLIS 100/200 SC,entri-tanpa-sasaran,,Seluruh medan sasaran kosong — lazim pada bahan teknis (TC) yang didaftarkan tanpa penggunaan berlabel.
032024570,BENEVIA 300 OD,entri-tanpa-sasaran,,Seluruh medan sasaran kosong — lazim pada bahan teknis (TC) yang didaftarkan tanpa penggunaan berlabel.
0420251441,PREVENTOL BM 75,entri-tanpa-sasaran,,Seluruh medan sasaran kosong — lazim pada bahan teknis (TC) yang didaftarkan tanpa penggunaan berlabel.
01040120083138,MADGIB 20 TB,kadar-kolom-bukan-angka,"7,5 g/ha/aplikasi (30, 50 dan 70 HST)","satuanPestisida=""-""; ditolak: satuan-terlalu-panjang. Teksnya dipertahankan pada dosis_teks."
0420221048,FLUMIOXAZIN 98 TC,entri-tanpa-sasaran,,Seluruh medan sasaran kosong — lazim pada bahan teknis (TC) yang didaftarkan tanpa penggunaan berlabel.
0420241347,PREVENTOL A 14-D,entri-tanpa-sasaran,,Seluruh medan sasaran kosong — lazim pada bahan teknis (TC) yang didaftarkan tanpa penggunaan berlabel.
0420241273,CLOTHIANIDIN,entri-tanpa-sasaran,,Seluruh medan sasaran kosong — lazim pada bahan teknis (TC) yang didaftarkan tanpa penggunaan berlabel.
042020893,SPINOSAD 92 TC,kadar-kolom-bukan-angka,Izin tetap ulang bahan teknis,"satuanPestisida=""%""; ditolak: tidak-cocok-pola. Teksnya dipertahankan pada dosis_teks."
032025594,PARA SPECIAL 250 SL*,entri-tanpa-sasaran,,Seluruh medan sasaran kosong — lazim pada bahan teknis (TC) yang didaftarkan tanpa penggunaan berlabel.
042018580,NEOLONE™ 950 Preservative,entri-tanpa-sasaran,,Seluruh medan sasaran kosong — lazim pada bahan teknis (TC) yang didaftarkan tanpa penggunaan berlabel.
032025612,BASTA 204 SL,entri-tanpa-sasaran,,Seluruh medan sasaran kosong — lazim pada bahan teknis (TC) yang didaftarkan tanpa penggunaan berlabel.
0420251424,Pyrazosulfuron-ethyl 97 TC,entri-tanpa-sasaran,,Seluruh medan sasaran kosong — lazim pada bahan teknis (TC) yang didaftarkan tanpa penggunaan berlabel.
01020120114103,ACAPELA SYSTEM 200/80 SC,entri-tanpa-sasaran,,Seluruh medan sasaran kosong — lazim pada bahan teknis (TC) yang didaftarkan tanpa penggunaan berlabel.
042021987,PARAQUAT DICHLORIDE 42 TC,entri-tanpa-sasaran,,Seluruh medan sasaran kosong — lazim pada bahan teknis (TC) yang didaftarkan tanpa penggunaan berlabel.
06080120259315,VAPE 0.265 AE,kadar-kolom-bukan-angka,siap pakai,"satuanPestisida=""-""; ditolak: tidak-cocok-pola. Teksnya dipertahankan pada dosis_teks."
06080120259315,VAPE 0.265 AE,kadar-kolom-bukan-angka,siap pakai,"satuanPestisida=""-""; ditolak: tidak-cocok-pola. Teksnya dipertahankan pada dosis_teks."
0420241372,PREVENTOL BIT 20 N,entri-tanpa-sasaran,,Seluruh medan sasaran kosong — lazim pada bahan teknis (TC) yang didaftarkan tanpa penggunaan berlabel.
042018597,FENTIN ASETAT 95 TC,kadar-kolom-bukan-angka,izin tetap ulang bahan teknis,"satuanPestisida=""""; ditolak: tidak-cocok-pola. Teksnya dipertahankan pada dosis_teks."
04110120196403,Woodshield Universal Clear 2 ME,kadar-kolom-bukan-angka,"0,25 1/6 m2","satuanPestisida=""-""; ditolak: satuan-diawali-bukan-huruf. Teksnya dipertahankan pada dosis_teks."
032025592,METHOMYL 200 SL,entri-tanpa-sasaran,,Seluruh medan sasaran kosong — lazim pada bahan teknis (TC) yang didaftarkan tanpa penggunaan berlabel.
042018567,LAMBDA CYHALOTHRIN 95 TC,entri-tanpa-sasaran,,Seluruh medan sasaran kosong — lazim pada bahan teknis (TC) yang didaftarkan tanpa penggunaan berlabel.
0420241358,D-ALLETHRIN 93 TC,entri-tanpa-sasaran,,Seluruh medan sasaran kosong — lazim pada bahan teknis (TC) yang didaftarkan tanpa penggunaan berlabel.
0420241298,"2,4-D ISOPROPILAMINA 60 TC",entri-tanpa-sasaran,,Seluruh medan sasaran kosong — lazim pada bahan teknis (TC) yang didaftarkan tanpa penggunaan berlabel.
06080120124264,VAPE 0.9 AE,kadar-kolom-bukan-angka,Siap Pakai,"satuanPestisida=""-""; ditolak: tidak-cocok-pola. Teksnya dipertahankan pada dosis_teks."
06080120124264,VAPE 0.9 AE,kadar-kolom-bukan-angka,Siap Pakai,"satuanPestisida=""-""; ditolak: tidak-cocok-pola. Teksnya dipertahankan pada dosis_teks."
032025637,NANOK 250 SC,entri-tanpa-sasaran,,Seluruh medan sasaran kosong — lazim pada bahan teknis (TC) yang didaftarkan tanpa penggunaan berlabel.
042017478,ACTICIDE ® BAC 80,entri-tanpa-sasaran,,Seluruh medan sasaran kosong — lazim pada bahan teknis (TC) yang didaftarkan tanpa penggunaan berlabel.
032016381,LOYANT 25 EC,kadar-kolom-bukan-angka,Untuk pendaftaran ekspor,"satuanPestisida=""""; ditolak: tidak-cocok-pola. Teksnya dipertahankan pada dosis_teks."
042018566,KLOTIANIDIN 95 TC,entri-tanpa-sasaran,,Seluruh medan sasaran kosong — lazim pada bahan teknis (TC) yang didaftarkan tanpa penggunaan berlabel.
032020483,RIPCORD 100 EC,kadar-kolom-bukan-angka,tidak tersedia untuk ekspor,"satuanPestisida=""""; ditolak: tidak-cocok-pola. Teksnya dipertahankan pada dosis_teks."
0420231249,FIPRONIL 95 TC,entri-tanpa-sasaran,,Seluruh medan sasaran kosong — lazim pada bahan teknis (TC) yang didaftarkan tanpa penggunaan berlabel.
01040120206629,HG 5 SL,baris-bukan-nama-ilmiah,"jumlah bunga, hasil/tanaman, hasil/petak",Baris ke-2 pada latinHamaKomoditas; tidak dijadikan OPT.
01040120206629,HG 5 SL,baris-bukan-nama-ilmiah,dan hasil/ha,Baris ke-3 pada latinHamaKomoditas; tidak dijadikan OPT.
0420241331,DIFENOKONAZOL 95 TC,entri-tanpa-sasaran,,Seluruh medan sasaran kosong — lazim pada bahan teknis (TC) yang didaftarkan tanpa penggunaan berlabel.
042018592,DELTAMETHRIN 98 TC,entri-tanpa-sasaran,,Seluruh medan sasaran kosong — lazim pada bahan teknis (TC) yang didaftarkan tanpa penggunaan berlabel.
0420231232,Myclobutanil 97 TC,entri-tanpa-sasaran,,Seluruh medan sasaran kosong — lazim pada bahan teknis (TC) yang didaftarkan tanpa penggunaan berlabel.
01020120052228,AMISTARTOP 200/125 SC,kurung-bukan-dosis,Penyemprotan volume tinggi: 1 ml/l,Tidak berbentuk angka + satuan; dibiarkan sebagai keterangan.
01020120052228,AMISTARTOP 200/125 SC,kurung-bukan-dosis,Penyemprotan volume tinggi: 1 ml/l,Tidak berbentuk angka + satuan; dibiarkan sebagai keterangan.
01020120052228,AMISTARTOP 200/125 SC,kurung-bukan-dosis,Penyemprotan volume tinggi: 1 ml/l,Tidak berbentuk angka + satuan; dibiarkan sebagai keterangan.
01020120052228,AMISTARTOP 200/125 SC,kurung-bukan-dosis,Penyemprotan volume tinggi: 1 ml/l,Tidak berbentuk angka + satuan; dibiarkan sebagai keterangan.
01020120052228,AMISTARTOP 200/125 SC,kurung-bukan-dosis,Penyiraman: 1 ml/l,Tidak berbentuk angka + satuan; dibiarkan sebagai keterangan.
01020120052228,AMISTARTOP 200/125 SC,kurung-bukan-dosis,Penyemprotan volume tinggi: 1 ml/l,Tidak berbentuk angka + satuan; dibiarkan sebagai keterangan.
01020120052228,AMISTARTOP 200/125 SC,kurung-bukan-dosis,"Penyemprotan volume tinggi: 0,5 ml/l",Tidak berbentuk angka + satuan; dibiarkan sebagai keterangan.
01020120052228,AMISTARTOP 200/125 SC,kurung-bukan-dosis,Penyemprotan volume tinggi: 1 ml/l,Tidak berbentuk angka + satuan; dibiarkan sebagai keterangan.
01020120052228,AMISTARTOP 200/125 SC,kurung-bukan-dosis,Penyemprotan volume tinggi: 1 ml/l,Tidak berbentuk angka + satuan; dibiarkan sebagai keterangan.
01020120052228,AMISTARTOP 200/125 SC,kurung-bukan-dosis,"Penyemprotan volume tinggi: 1,5 ml/l",Tidak berbentuk angka + satuan; dibiarkan sebagai keterangan.
01020120052228,AMISTARTOP 200/125 SC,kurung-bukan-dosis,Penyemprotan volume tinggi: 1 ml/l,Tidak berbentuk angka + satuan; dibiarkan sebagai keterangan.
01020120052228,AMISTARTOP 200/125 SC,kurung-bukan-dosis,Penyemprotan volume tinggi: 1 ml/l,Tidak berbentuk angka + satuan; dibiarkan sebagai keterangan.
01020120052228,AMISTARTOP 200/125 SC,kurung-bukan-dosis,Penyemprotan volume tinggi: 1 ml/l,Tidak berbentuk angka + satuan; dibiarkan sebagai keterangan.
01020120052228,AMISTARTOP 200/125 SC,kurung-bukan-dosis,Penyemprotan volume tinggi: 1 ml/l,Tidak berbentuk angka + satuan; dibiarkan sebagai keterangan.
01020120052228,AMISTARTOP 200/125 SC,kurung-bukan-dosis,drone,Tidak berbentuk angka + satuan; dibiarkan sebagai keterangan.
01020120052228,AMISTARTOP 200/125 SC,kurung-bukan-dosis,Penyemprotan volume tinggi: 1 ml/l,Tidak berbentuk angka + satuan; dibiarkan sebagai keterangan.
01020120052228,AMISTARTOP 200/125 SC,kurung-bukan-dosis,"Penyemprotan volume tinggi: 1,5 ml/l",Tidak berbentuk angka + satuan; dibiarkan sebagai keterangan.
01020120052228,AMISTARTOP 200/125 SC,kurung-bukan-dosis,"Penyemprotan volume tinggi: 1,5 ml/l",Tidak berbentuk angka + satuan; dibiarkan sebagai keterangan.
01020120052228,AMISTARTOP 200/125 SC,kurung-bukan-dosis,Penyemprotan volume tinggi: 1 ml/l,Tidak berbentuk angka + satuan; dibiarkan sebagai keterangan.
01020120052228,AMISTARTOP 200/125 SC,kurung-bukan-dosis,Pengolesan pada bidang sadap: 30 ml/l,Tidak berbentuk angka + satuan; dibiarkan sebagai keterangan.
01020120052228,AMISTARTOP 200/125 SC,kurung-bukan-dosis,Penyemprotan volume tinggi: 1 ml/l,Tidak berbentuk angka + satuan; dibiarkan sebagai keterangan.
01020120052228,AMISTARTOP 200/125 SC,kurung-bukan-dosis,Penyemprotan volume tinggi: 1 ml/l,Tidak berbentuk angka + satuan; dibiarkan sebagai keterangan.
01020120052228,AMISTARTOP 200/125 SC,kurung-bukan-dosis,"Penyemprotan volume tinggi: 0,5 ml/l",Tidak berbentuk angka + satuan; dibiarkan sebagai keterangan.
01020120052228,AMISTARTOP 200/125 SC,kurung-bukan-dosis,"Penyemprotan volume tinggi: 0,5 ml/l",Tidak berbentuk angka + satuan; dibiarkan sebagai keterangan.
01020120052228,AMISTARTOP 200/125 SC,kurung-bukan-dosis,Penyemprotan volume tinggi: 1 ml/l,Tidak berbentuk angka + satuan; dibiarkan sebagai keterangan.
01020120052228,AMISTARTOP 200/125 SC,kurung-bukan-dosis,Penyemprotan volume tinggi: 1 ml/l,Tidak berbentuk angka + satuan; dibiarkan sebagai keterangan.
01020120052228,AMISTARTOP 200/125 SC,kurung-bukan-dosis,Penyemprotan volume tinggi: 1 ml/l,Tidak berbentuk angka + satuan; dibiarkan sebagai keterangan.
01020120052228,AMISTARTOP 200/125 SC,kurung-bukan-dosis,Penyemprotan volume tinggi: 1 ml/l,Tidak berbentuk angka + satuan; dibiarkan sebagai keterangan.
01020120052228,AMISTARTOP 200/125 SC,kurung-bukan-dosis,"Penyemprotan volume tinggi: 1,5 ml/l",Tidak berbentuk angka + satuan; dibiarkan sebagai keterangan.
01020120052228,AMISTARTOP 200/125 SC,kurung-bukan-dosis,Penyemprotan volume tinggi: 1 ml/l,Tidak berbentuk angka + satuan; dibiarkan sebagai keterangan.
01020120052228,AMISTARTOP 200/125 SC,kurung-bukan-dosis,"Penyemprotan volume tinggi: 1,5 ml/l",Tidak berbentuk angka + satuan; dibiarkan sebagai keterangan.
01020120052228,AMISTARTOP 200/125 SC,kurung-bukan-dosis,Penyiraman pada pangkal batang: 2 ml/l,Tidak berbentuk angka + satuan; dibiarkan sebagai keterangan.
01020120052228,AMISTARTOP 200/125 SC,kurung-bukan-dosis,Penyemprotan volume tinggi: 1 ml/l,Tidak berbentuk angka + satuan; dibiarkan sebagai keterangan.
01020120052228,AMISTARTOP 200/125 SC,kurung-bukan-dosis,Penyemprotan volume tinggi: 2 ml/l,Tidak berbentuk angka + satuan; dibiarkan sebagai keterangan.
01020120052228,AMISTARTOP 200/125 SC,kurung-bukan-dosis,Penyemprotan volume tinggi: 1 ml/l,Tidak berbentuk angka + satuan; dibiarkan sebagai keterangan.
01020120052228,AMISTARTOP 200/125 SC,kurung-bukan-dosis,"Penyemprotan volume tinggi: 1,5 ml/l",Tidak berbentuk angka + satuan; dibiarkan sebagai keterangan.
0420231227,FLUFENOXIMACIL 95 TC,entri-tanpa-sasaran,,Seluruh medan sasaran kosong — lazim pada bahan teknis (TC) yang didaftarkan tanpa penggunaan berlabel.
042020855,CYPERMETHRIN 92 TC,entri-tanpa-sasaran,,Seluruh medan sasaran kosong — lazim pada bahan teknis (TC) yang didaftarkan tanpa penggunaan berlabel.
042016410,MIPC 95 TC,entri-tanpa-sasaran,,Seluruh medan sasaran kosong — lazim pada bahan teknis (TC) yang didaftarkan tanpa penggunaan berlabel.
032025588,KENCIS 260 EC,entri-tanpa-sasaran,,Seluruh medan sasaran kosong — lazim pada bahan teknis (TC) yang didaftarkan tanpa penggunaan berlabel.
042021954,Glyphosate 95 TC,kadar-kolom-bukan-angka,-,"satuanPestisida=""%""; ditolak: tidak-cocok-pola. Teksnya dipertahankan pada dosis_teks."
01010120165544,VERIMARK 200 SC,kadar-kolom-bukan-angka,"25 ml/2,5 l air untuk 1000 bibit tanaman","satuanPestisida=""""; ditolak: satuan-terlalu-panjang. Teksnya dipertahankan pada dosis_teks."
06090120093592,SAMADOR 5 WP,baris-bukan-nama-ilmiah,Kalimat peringatan:,Baris ke-2 pada latinHamaKomoditas; tidak dijadikan OPT.
06090120093592,SAMADOR 5 WP,baris-bukan-nama-ilmiah,Tidak boleh digunakan oleh,Baris ke-3 pada latinHamaKomoditas; tidak dijadikan OPT.
06090120093592,SAMADOR 5 WP,baris-bukan-nama-ilmiah,pest control atau petugas,Baris ke-5 pada latinHamaKomoditas; tidak dijadikan OPT.
01040120175753,GATIGA 5 WP,kadar-kolom-bukan-angka,"20-30 g/ha (aplikasi pada 30, 50 dan 70 HST)","satuanPestisida=""-""; ditolak: satuan-terlalu-panjang. Teksnya dipertahankan pada dosis_teks."
042019769,NITENPIRAM 97 TC,kadar-kolom-bukan-angka,izin tetap ulang bahan teknis,"satuanPestisida=""%""; ditolak: tidak-cocok-pola. Teksnya dipertahankan pada dosis_teks."
0420221073,Ziram 95 TC,entri-tanpa-sasaran,,Seluruh medan sasaran kosong — lazim pada bahan teknis (TC) yang didaftarkan tanpa penggunaan berlabel.
02140120072678,NEPOREX 2 WG,kadar-kolom-bukan-angka,500 g / 5 L air / 20 m2 permukaan manur,"satuanPestisida=""""; ditolak: satuan-terlalu-panjang. Teksnya dipertahankan pada dosis_teks."
032020501,OXAMYL 3 GR,entri-tanpa-sasaran,,Seluruh medan sasaran kosong — lazim pada bahan teknis (TC) yang didaftarkan tanpa penggunaan berlabel.
0420221013,ANILOFOS 59 TC,entri-tanpa-sasaran,,Seluruh medan sasaran kosong — lazim pada bahan teknis (TC) yang didaftarkan tanpa penggunaan berlabel.
0420231120,ATRAZIN 97 TC,entri-tanpa-sasaran,,Seluruh medan sasaran kosong — lazim pada bahan teknis (TC) yang didaftarkan tanpa penggunaan berlabel.
032017400,T820 E. Barrier,kadar-kolom-bukan-angka,dosis siap pakai,"satuanPestisida=""mg/pcs""; ditolak: tidak-cocok-pola. Teksnya dipertahankan pada dosis_teks."
032017400,T820 E. Barrier,kadar-kolom-bukan-angka,dosis siap pakai,"satuanPestisida=""mg/pcs""; ditolak: tidak-cocok-pola. Teksnya dipertahankan pada dosis_teks."
042020859,LAMBDA CYHALOTHRIN 97 TC,kadar-kolom-bukan-angka,-,"satuanPestisida=""%""; ditolak: tidak-cocok-pola. Teksnya dipertahankan pada dosis_teks."
032026640,METHOMYL 25 SP,entri-tanpa-sasaran,,Seluruh medan sasaran kosong — lazim pada bahan teknis (TC) yang didaftarkan tanpa penggunaan berlabel.
0420261484,GLUFOSINATE-AMMONIUM 95 TC,entri-tanpa-sasaran,,Seluruh medan sasaran kosong — lazim pada bahan teknis (TC) yang didaftarkan tanpa penggunaan berlabel.
01030120186206,OMETRIN 500 SC,kurung-bukan-dosis,"2 ,5 - 3 l/ha",Ditolak: satuan-diawali-bukan-huruf.
01030120186206,OMETRIN 500 SC,kurung-bukan-dosis,"2 ,5 - 3 l/ha",Ditolak: satuan-diawali-bukan-huruf.
01030120011622,TMA 6 865 SL,baris-bukan-nama-ilmiah,Kalimat peringatan:,Baris ke-2 pada latinHamaKomoditas; tidak dijadikan OPT.
01030120011622,TMA 6 865 SL,baris-bukan-nama-ilmiah,Sisa gulma dan jerami,Baris ke-3 pada latinHamaKomoditas; tidak dijadikan OPT.
01030120011622,TMA 6 865 SL,baris-bukan-nama-ilmiah,tidak boleh dibakar,Baris ke-4 pada latinHamaKomoditas; tidak dijadikan OPT.
032012283,MORTEIN 0.12 MC,kadar-kolom-bukan-angka,Tidak Ada Penggunaan Terdaftar (Pestisida Ekspor),"satuanPestisida=""""; ditolak: tidak-cocok-pola. Teksnya dipertahankan pada dosis_teks."
032012283,MORTEIN 0.12 MC,kurung-bukan-dosis,Pestisida Ekspor,Tidak berbentuk angka + satuan; dibiarkan sebagai keterangan.
0420221070,PARAQUAT DICHLORIDE 42 TC,entri-tanpa-sasaran,,Seluruh medan sasaran kosong — lazim pada bahan teknis (TC) yang didaftarkan tanpa penggunaan berlabel.
0420261521,PROFENOFOS 94 TC,entri-tanpa-sasaran,,Seluruh medan sasaran kosong — lazim pada bahan teknis (TC) yang didaftarkan tanpa penggunaan berlabel.
0420221023,KLORANTRANILIPROL 95 TC,entri-tanpa-sasaran,,Seluruh medan sasaran kosong — lazim pada bahan teknis (TC) yang didaftarkan tanpa penggunaan berlabel.
0420251455,DIMEFLUTRIN 95 TC,entri-tanpa-sasaran,,Seluruh medan sasaran kosong — lazim pada bahan teknis (TC) yang didaftarkan tanpa penggunaan berlabel.
0420251405,Proxel 711K6,entri-tanpa-sasaran,,Seluruh medan sasaran kosong — lazim pada bahan teknis (TC) yang didaftarkan tanpa penggunaan berlabel.
042021976,"BARUCHEM 0,75% TC",kadar-kolom-bukan-angka,-,"satuanPestisida=""%""; ditolak: tidak-cocok-pola. Teksnya dipertahankan pada dosis_teks."
042018510,AMETRYN 96 TC,entri-tanpa-sasaran,,Seluruh medan sasaran kosong — lazim pada bahan teknis (TC) yang didaftarkan tanpa penggunaan berlabel.
01030119921113,BASTA 150 SL,dosis-bentrok,"kolom=""3 - 6 l/ha"" kurung=""3 - 4 l/ha""","Komoditas ""Kopi (TM)"", OPT ""Ottochloa nodosa"". Kolom yang dipakai."
042016383,FIPRONIL 95 TC,entri-tanpa-sasaran,,Seluruh medan sasaran kosong — lazim pada bahan teknis (TC) yang didaftarkan tanpa penggunaan berlabel.
06090120217248,HIT 8.09 LV,kadar-kolom-bukan-angka,siap pakai,"satuanPestisida=""-""; ditolak: tidak-cocok-pola. Teksnya dipertahankan pada dosis_teks."
06090120217248,HIT 8.09 LV,kadar-kolom-bukan-angka,siap pakai,"satuanPestisida=""-""; ditolak: tidak-cocok-pola. Teksnya dipertahankan pada dosis_teks."
01030120259286,SAPSINAT 200 SL,dosis-bentrok,"kolom=""2.25 - 4.5 l/ha"" kurung=""2,25 - 3 l/ha""","Komoditas ""Budidaya kelapa sawit (TBM)"", OPT ""Synedrella nodiflora"". Kolom yang dipakai."
01030120259286,SAPSINAT 200 SL,dosis-bentrok,"kolom=""2.25 - 4.5 l/ha"" kurung=""2,25 - 3 l/ha""","Komoditas ""Budidaya kelapa sawit (TBM)"", OPT ""Asystasia gangetica"". Kolom yang dipakai."
01030120259286,SAPSINAT 200 SL,dosis-bentrok,"kolom=""2.25 - 4.5 l/ha"" kurung=""2,25 - 3 l/ha""","Komoditas ""Budidaya kelapa sawit (TBM)"", OPT ""Borreria alata"". Kolom yang dipakai."
01030120259286,SAPSINAT 200 SL,dosis-bentrok,"kolom=""2.25 - 4.5 l/ha"" kurung=""2,25 - 3 l/ha""","Komoditas ""Budidaya kelapa sawit (TBM)"", OPT ""Clidermia hirta"". Kolom yang dipakai."
01030120259286,SAPSINAT 200 SL,dosis-bentrok,"kolom=""2.25 - 4.5 l/ha"" kurung=""2,25 - 3 l/ha""","Komoditas ""Budidaya kelapa sawit (TBM)"", OPT ""Mikania Micrantha"". Kolom yang dipakai."
0420251468,Innosei ® CGO,entri-tanpa-sasaran,,Seluruh medan sasaran kosong — lazim pada bahan teknis (TC) yang didaftarkan tanpa penggunaan berlabel.
0420221075,BIOX P 509,entri-tanpa-sasaran,,Seluruh medan sasaran kosong — lazim pada bahan teknis (TC) yang didaftarkan tanpa penggunaan berlabel.
0420231191,MESOTRIONE 97 TC,entri-tanpa-sasaran,,Seluruh medan sasaran kosong — lazim pada bahan teknis (TC) yang didaftarkan tanpa penggunaan berlabel.
0420261503,DIMPYRARGYL 98 TC,entri-tanpa-sasaran,,Seluruh medan sasaran kosong — lazim pada bahan teknis (TC) yang didaftarkan tanpa penggunaan berlabel.
0420261517,OMETHOATE 70 TC,entri-tanpa-sasaran,,Seluruh medan sasaran kosong — lazim pada bahan teknis (TC) yang didaftarkan tanpa penggunaan berlabel.
0420221062,Carfentrazone-ethyl 91 TC,entri-tanpa-sasaran,,Seluruh medan sasaran kosong — lazim pada bahan teknis (TC) yang didaftarkan tanpa penggunaan berlabel.
032022527,CHLORANTRANILIPROLE 625 FS,entri-tanpa-sasaran,,Seluruh medan sasaran kosong — lazim pada bahan teknis (TC) yang didaftarkan tanpa penggunaan berlabel.
01030120259182,BUTANIQUAT 155 SL,kurung-bukan-dosis,1-5 - 3 l/ha,Ditolak: satuan-diawali-bukan-huruf.
01030120259182,BUTANIQUAT 155 SL,kurung-bukan-dosis,1-5 - 3 l/ha,Ditolak: satuan-diawali-bukan-huruf.
01030120259182,BUTANIQUAT 155 SL,kurung-bukan-dosis,1-5 - 3 l/ha,Ditolak: satuan-diawali-bukan-huruf.
01030120259182,BUTANIQUAT 155 SL,kurung-bukan-dosis,1-5 - 3 l/ha,Ditolak: satuan-diawali-bukan-huruf.
01030120259182,BUTANIQUAT 155 SL,kurung-bukan-dosis,1-5 - 3 l/ha,Ditolak: satuan-diawali-bukan-huruf.
01030120259182,BUTANIQUAT 155 SL,kurung-bukan-dosis,1-5 - 3 l/ha,Ditolak: satuan-diawali-bukan-huruf.
01030120259182,BUTANIQUAT 155 SL,kurung-bukan-dosis,1-5 - 3 l/ha,Ditolak: satuan-diawali-bukan-huruf.
01030120259182,BUTANIQUAT 155 SL,kurung-bukan-dosis,1-5 - 3 l/ha,Ditolak: satuan-diawali-bukan-huruf.
01030120259182,BUTANIQUAT 155 SL,kurung-bukan-dosis,1-5 - 3 l/ha,Ditolak: satuan-diawali-bukan-huruf.
01030120259182,BUTANIQUAT 155 SL,kurung-bukan-dosis,1-5 - 3 l/ha,Ditolak: satuan-diawali-bukan-huruf.
01030120259182,BUTANIQUAT 155 SL,kurung-bukan-dosis,1-5 - 3 l/ha,Ditolak: satuan-diawali-bukan-huruf.
01030120259182,BUTANIQUAT 155 SL,kurung-bukan-dosis,1-5 - 3 l/ha,Ditolak: satuan-diawali-bukan-huruf.
01030120259182,BUTANIQUAT 155 SL,kurung-bukan-dosis,1-5 - 3 l/ha,Ditolak: satuan-diawali-bukan-huruf.
032024564,PESOVER 90 SP,entri-tanpa-sasaran,,Seluruh medan sasaran kosong — lazim pada bahan teknis (TC) yang didaftarkan tanpa penggunaan berlabel.
01030120227440,OMNI-JOS 720 SL,baris-bukan-nama-ilmiah,Kalimat peringatan:,Baris ke-2 pada latinHamaKomoditas; tidak dijadikan OPT.
01030120227440,OMNI-JOS 720 SL,baris-bukan-nama-ilmiah,Sisa gulma dan jerami tidak boleh dibakar,Baris ke-3 pada latinHamaKomoditas; tidak dijadikan OPT.
01030120227440,OMNI-JOS 720 SL,baris-bukan-nama-ilmiah,Kalimat peringatan:,Baris ke-2 pada latinHamaKomoditas; tidak dijadikan OPT.
01030120227440,OMNI-JOS 720 SL,baris-bukan-nama-ilmiah,Sisa gulma dan jerami tidak boleh dibakar,Baris ke-3 pada latinHamaKomoditas; tidak dijadikan OPT.
042019729,Abamectin 95 TC,kadar-kolom-bukan-angka,-,"satuanPestisida=""%""; ditolak: tidak-cocok-pola. Teksnya dipertahankan pada dosis_teks."
042018579,Kordek™ MLX Industrial Microbicide,entri-tanpa-sasaran,,Seluruh medan sasaran kosong — lazim pada bahan teknis (TC) yang didaftarkan tanpa penggunaan berlabel.
01030119981411,GLIFOMIN 300/100 SL,baris-bukan-nama-ilmiah,Kalimat peringatan: Sisa gulma dan jerami tidak boleh dibakar,Baris ke-2 pada latinHamaKomoditas; tidak dijadikan OPT.
06080120124265,VAPE PLUS 1.8 AE,kadar-kolom-bukan-angka,Siap Pakai,"satuanPestisida=""-""; ditolak: tidak-cocok-pola. Teksnya dipertahankan pada dosis_teks."
06080120124265,VAPE PLUS 1.8 AE,kadar-kolom-bukan-angka,Siap Pakai,"satuanPestisida=""-""; ditolak: tidak-cocok-pola. Teksnya dipertahankan pada dosis_teks."
0420231137,NATRIUM BISPIRIBAK 96 TC,entri-tanpa-sasaran,,Seluruh medan sasaran kosong — lazim pada bahan teknis (TC) yang didaftarkan tanpa penggunaan berlabel.
01030120259115,ROCKSTAR 250 EC,dosis-bentrok,"kolom=""2 - 3 l/ha"" kurung=""2,25 - 3 l/ha""","Komoditas ""Budidaya padi sawah"", OPT ""Echinochloa crus-galli"". Kolom yang dipakai."
01030120259115,ROCKSTAR 250 EC,dosis-bentrok,"kolom=""2 - 3 l/ha"" kurung=""2,25 - 3 l/ha""","Komoditas ""Budidaya padi sawah"", OPT ""Marselia crenata"". Kolom yang dipakai."
01030120259115,ROCKSTAR 250 EC,dosis-bentrok,"kolom=""2 - 3 l/ha"" kurung=""2,25 - 3 l/ha""","Komoditas ""Budidaya padi sawah"", OPT ""Scirpus juncoides"". Kolom yang dipakai."
0420241277,FLUROXYPYR-MEPTYL,entri-tanpa-sasaran,,Seluruh medan sasaran kosong — lazim pada bahan teknis (TC) yang didaftarkan tanpa penggunaan berlabel.
0420231231,ISOFLUALAMIDE 95 TC,entri-tanpa-sasaran,,Seluruh medan sasaran kosong — lazim pada bahan teknis (TC) yang didaftarkan tanpa penggunaan berlabel.
0420231125,Chlorpyrifos 97% TC.,entri-tanpa-sasaran,,Seluruh medan sasaran kosong — lazim pada bahan teknis (TC) yang didaftarkan tanpa penggunaan berlabel.
0420251440,PREVENTOL D 6,entri-tanpa-sasaran,,Seluruh medan sasaran kosong — lazim pada bahan teknis (TC) yang didaftarkan tanpa penggunaan berlabel.
042020808,Azoxystrobin 98 TC,entri-tanpa-sasaran,,Seluruh medan sasaran kosong — lazim pada bahan teknis (TC) yang didaftarkan tanpa penggunaan berlabel.
032024566,PEVENTA 5 DT,entri-tanpa-sasaran,,Seluruh medan sasaran kosong — lazim pada bahan teknis (TC) yang didaftarkan tanpa penggunaan berlabel.
042021953,Glyphosate 95 TC,kadar-kolom-bukan-angka,-,"satuanPestisida=""%""; ditolak: tidak-cocok-pola. Teksnya dipertahankan pada dosis_teks."
0112011984666,KLERAT 0.005 BB,kadar-kolom-bukan-angka,Pengumpanan siap pakai,"satuanPestisida=""-""; ditolak: tidak-cocok-pola. Teksnya dipertahankan pada dosis_teks."
0112011984666,KLERAT 0.005 BB,kurung-bukan-dosis,Pengumpanan siap pakai,Tidak berbentuk angka + satuan; dibiarkan sebagai keterangan.
0112011984666,KLERAT 0.005 BB,kadar-kolom-bukan-angka,Pengumpanan siap pakai,"satuanPestisida=""-""; ditolak: tidak-cocok-pola. Teksnya dipertahankan pada dosis_teks."
0112011984666,KLERAT 0.005 BB,kurung-bukan-dosis,Pengumpanan siap pakai,Tidak berbentuk angka + satuan; dibiarkan sebagai keterangan.
06080120227316,HIT GREEN 12.5 LT,kadar-kolom-bukan-angka,siap pakai,"satuanPestisida=""-""; ditolak: tidak-cocok-pola. Teksnya dipertahankan pada dosis_teks."
06080120227316,HIT GREEN 12.5 LT,kadar-kolom-bukan-angka,siap pakai,"satuanPestisida=""-""; ditolak: tidak-cocok-pola. Teksnya dipertahankan pada dosis_teks."
032024577,KOBAE GOKITORE HG 20,entri-tanpa-sasaran,,Seluruh medan sasaran kosong — lazim pada bahan teknis (TC) yang didaftarkan tanpa penggunaan berlabel.
0420231262,ACTICIDE EPW,entri-tanpa-sasaran,,Seluruh medan sasaran kosong — lazim pada bahan teknis (TC) yang didaftarkan tanpa penggunaan berlabel.
042016365,GLIFOSAT 95 TC,entri-tanpa-sasaran,,Seluruh medan sasaran kosong — lazim pada bahan teknis (TC) yang didaftarkan tanpa penggunaan berlabel.
04199668,GLIFO 62 TC,entri-tanpa-sasaran,,Seluruh medan sasaran kosong — lazim pada bahan teknis (TC) yang didaftarkan tanpa penggunaan berlabel.
0420231215,"2,4-D 98 TC",entri-tanpa-sasaran,,Seluruh medan sasaran kosong — lazim pada bahan teknis (TC) yang didaftarkan tanpa penggunaan berlabel.
032011253,CLOSER 240 SC,kadar-kolom-bukan-angka,Untuk keperluan ekspor,"satuanPestisida=""""; ditolak: tidak-cocok-pola. Teksnya dipertahankan pada dosis_teks."
0420261490,Acticide BAC 80,entri-tanpa-sasaran,,Seluruh medan sasaran kosong — lazim pada bahan teknis (TC) yang didaftarkan tanpa penggunaan berlabel.
01040120041996,PRIME PLUS 25 EC,kadar-kolom-bukan-angka,2 ml/l (pada 1 minggu setelah topping),"satuanPestisida=""-""; ditolak: satuan-terlalu-panjang. Teksnya dipertahankan pada dosis_teks."
01040120155187,SINAGROWTH 20 TB,kurung-bukan-dosis,besar dan kering,Tidak berbentuk angka + satuan; dibiarkan sebagai keterangan.
01040120196373,GANERO 250 EC,kadar-kolom-bukan-angka,200 ml/l (2 - 3 MST) dan (6 - 7 MST),"satuanPestisida=""-""; ditolak: rentang-di-dalam-satuan. Teksnya dipertahankan pada dosis_teks."
032022532,SERCADIS 300 SC,entri-tanpa-sasaran,,Seluruh medan sasaran kosong — lazim pada bahan teknis (TC) yang didaftarkan tanpa penggunaan berlabel.
032019473,POUNCE 500 EC,kadar-kolom-bukan-angka,-,"satuanPestisida=""g/l""; ditolak: tidak-cocok-pola. Teksnya dipertahankan pada dosis_teks."
032026641,MYTHIC 240 SC,entri-tanpa-sasaran,,Seluruh medan sasaran kosong — lazim pada bahan teknis (TC) yang didaftarkan tanpa penggunaan berlabel.
06080120124240,ONE PUSH VAPE 30.9 AE,kadar-kolom-bukan-angka,Siap Pakai,"satuanPestisida=""-""; ditolak: tidak-cocok-pola. Teksnya dipertahankan pada dosis_teks."
06080120124240,ONE PUSH VAPE 30.9 AE,kadar-kolom-bukan-angka,Siap Pakai,"satuanPestisida=""-""; ditolak: tidak-cocok-pola. Teksnya dipertahankan pada dosis_teks."
0420251446,Alpha Cypermethrin 97 TC,entri-tanpa-sasaran,,Seluruh medan sasaran kosong — lazim pada bahan teknis (TC) yang didaftarkan tanpa penggunaan berlabel.
0420231256,LAMBDA CYHALOTHRIN 95 TC,entri-tanpa-sasaran,,Seluruh medan sasaran kosong — lazim pada bahan teknis (TC) yang didaftarkan tanpa penggunaan berlabel.
0420231181,Flusilazole 95 TC,entri-tanpa-sasaran,,Seluruh medan sasaran kosong — lazim pada bahan teknis (TC) yang didaftarkan tanpa penggunaan berlabel.
0420241366,PROPINEB 85 TC,entri-tanpa-sasaran,,Seluruh medan sasaran kosong — lazim pada bahan teknis (TC) yang didaftarkan tanpa penggunaan berlabel.
0420231246,CARBOFURAN 97 TC,entri-tanpa-sasaran,,Seluruh medan sasaran kosong — lazim pada bahan teknis (TC) yang didaftarkan tanpa penggunaan berlabel.
032025589,KENFOSAT 490 SL,entri-tanpa-sasaran,,Seluruh medan sasaran kosong — lazim pada bahan teknis (TC) yang didaftarkan tanpa penggunaan berlabel.
042020890,PARAQUAT DICHLORIDE 42 TC,entri-tanpa-sasaran,,Seluruh medan sasaran kosong — lazim pada bahan teknis (TC) yang didaftarkan tanpa penggunaan berlabel.
0420251398,PROPINEB 80 TC,entri-tanpa-sasaran,,Seluruh medan sasaran kosong — lazim pada bahan teknis (TC) yang didaftarkan tanpa penggunaan berlabel.
0420261518,OXAMYL 97 TC,entri-tanpa-sasaran,,Seluruh medan sasaran kosong — lazim pada bahan teknis (TC) yang didaftarkan tanpa penggunaan berlabel.
042021914,ETHEPHON 85 TC,entri-tanpa-sasaran,,Seluruh medan sasaran kosong — lazim pada bahan teknis (TC) yang didaftarkan tanpa penggunaan berlabel.
032012282,"Mortein 0,15 MC",kadar-kolom-bukan-angka,Tidak Ada Penggunaan Terdaftar (Pestisida Ekspor),"satuanPestisida=""""; ditolak: tidak-cocok-pola. Teksnya dipertahankan pada dosis_teks."
032012282,"Mortein 0,15 MC",kurung-bukan-dosis,Pestisida Ekspor,Tidak berbentuk angka + satuan; dibiarkan sebagai keterangan.
0420221114,Innosei ® MT,entri-tanpa-sasaran,,Seluruh medan sasaran kosong — lazim pada bahan teknis (TC) yang didaftarkan tanpa penggunaan berlabel.
06080120165573,NOMOS 0.185AE,kadar-kolom-bukan-angka,Dosis siap pakai,"satuanPestisida=""-""; ditolak: tidak-cocok-pola. Teksnya dipertahankan pada dosis_teks."
06080120165573,NOMOS 0.185AE,kadar-kolom-bukan-angka,Dosis siap pakai,"satuanPestisida=""-""; ditolak: tidak-cocok-pola. Teksnya dipertahankan pada dosis_teks."
06080120165573,NOMOS 0.185AE,kadar-kolom-bukan-angka,Dosis siap pakai,"satuanPestisida=""-""; ditolak: tidak-cocok-pola. Teksnya dipertahankan pada dosis_teks."
06080120165573,NOMOS 0.185AE,kadar-kolom-bukan-angka,Dosis siap pakai,"satuanPestisida=""-""; ditolak: tidak-cocok-pola. Teksnya dipertahankan pada dosis_teks."
06080120165573,NOMOS 0.185AE,kadar-kolom-bukan-angka,Dosis siap pakai,"satuanPestisida=""-""; ditolak: tidak-cocok-pola. Teksnya dipertahankan pada dosis_teks."
06080120165573,NOMOS 0.185AE,kadar-kolom-bukan-angka,Dosis siap pakai,"satuanPestisida=""-""; ditolak: tidak-cocok-pola. Teksnya dipertahankan pada dosis_teks."
0420221088,PROXEL GL20,entri-tanpa-sasaran,,Seluruh medan sasaran kosong — lazim pada bahan teknis (TC) yang didaftarkan tanpa penggunaan berlabel.
032013332,VAPE 0.34 AE,kadar-kolom-bukan-angka,siap pakai,"satuanPestisida=""-""; ditolak: tidak-cocok-pola. Teksnya dipertahankan pada dosis_teks."
032013332,VAPE 0.34 AE,kadar-kolom-bukan-angka,siap pakai,"satuanPestisida=""-""; ditolak: tidak-cocok-pola. Teksnya dipertahankan pada dosis_teks."
032013332,VAPE 0.34 AE,kadar-kolom-bukan-angka,siap pakai,"satuanPestisida=""-""; ditolak: tidak-cocok-pola. Teksnya dipertahankan pada dosis_teks."
032013332,VAPE 0.34 AE,kadar-kolom-bukan-angka,siap pakai,"satuanPestisida=""-""; ditolak: tidak-cocok-pola. Teksnya dipertahankan pada dosis_teks."
032013332,VAPE 0.34 AE,kadar-kolom-bukan-angka,siap pakai,"satuanPestisida=""-""; ditolak: tidak-cocok-pola. Teksnya dipertahankan pada dosis_teks."
032013332,VAPE 0.34 AE,kadar-kolom-bukan-angka,siap pakai,"satuanPestisida=""-""; ditolak: tidak-cocok-pola. Teksnya dipertahankan pada dosis_teks."
032019474,TEPAT 60 SL,kadar-kolom-bukan-angka,tidak tersedia untuk ekspor,"satuanPestisida=""g/l""; ditolak: tidak-cocok-pola. Teksnya dipertahankan pada dosis_teks."
0420261506,FEPROXYDIM 40 TK,entri-tanpa-sasaran,,Seluruh medan sasaran kosong — lazim pada bahan teknis (TC) yang didaftarkan tanpa penggunaan berlabel.
0420231245,AMETRYN 97 TC,entri-tanpa-sasaran,,Seluruh medan sasaran kosong — lazim pada bahan teknis (TC) yang didaftarkan tanpa penggunaan berlabel.
01030120165626,LEPTOKIL 100/40 SE,dosis-bentrok,"kolom=""375 - 750 ml/ha"" kurung=""375 - 500 ml/ha""","Komoditas ""Budidaya padi sawah"", OPT ""Fimbristylis littoralis"". Kolom yang dipakai."
01030120165626,LEPTOKIL 100/40 SE,dosis-bentrok,"kolom=""375 - 750 ml/ha"" kurung=""375 - 500 ml/ha""","Komoditas ""Budidaya padi sawah"", OPT ""Cyperus iria"". Kolom yang dipakai."
042017474,PARAKUAT DIKLORIDA 42 TC,kadar-kolom-bukan-angka,-,"satuanPestisida=""%""; ditolak: tidak-cocok-pola. Teksnya dipertahankan pada dosis_teks."
0420241337,HALAUXIFEN-METHYL 95 TC,entri-tanpa-sasaran,,Seluruh medan sasaran kosong — lazim pada bahan teknis (TC) yang didaftarkan tanpa penggunaan berlabel.
0420221033,BIOX P509,entri-tanpa-sasaran,,Seluruh medan sasaran kosong — lazim pada bahan teknis (TC) yang didaftarkan tanpa penggunaan berlabel.
032021505,LUMISPANCE 500 FS,kadar-kolom-bukan-angka,Untuk keperluan ekspor,"satuanPestisida=""""; ditolak: tidak-cocok-pola. Teksnya dipertahankan pada dosis_teks."
0420231243,Zinc Omadine ZOE T Antimicrobial,entri-tanpa-sasaran,,Seluruh medan sasaran kosong — lazim pada bahan teknis (TC) yang didaftarkan tanpa penggunaan berlabel.
01030120011646,TUPORMIN 865 SL,baris-bukan-nama-ilmiah,Kalimat Peringatan:,Baris ke-2 pada latinHamaKomoditas; tidak dijadikan OPT.
01030120011646,TUPORMIN 865 SL,baris-bukan-nama-ilmiah,Sisa gulma dan jerami,Baris ke-3 pada latinHamaKomoditas; tidak dijadikan OPT.
01030120011646,TUPORMIN 865 SL,baris-bukan-nama-ilmiah,tidak boleh dibakar,Baris ke-4 pada latinHamaKomoditas; tidak dijadikan OPT.
042009237,PARAKUAT DIKLORIDA 42 TC,kadar-kolom-bukan-angka,-,"satuanPestisida=""%""; ditolak: tidak-cocok-pola. Teksnya dipertahankan pada dosis_teks."
01120120072882,"NORAT 0,005 BB",kadar-kolom-bukan-angka,siap pakai,"satuanPestisida=""""; ditolak: tidak-cocok-pola. Teksnya dipertahankan pada dosis_teks."
042021952,Glyphosate 95 TC,kadar-kolom-bukan-angka,-,"satuanPestisida=""%""; ditolak: tidak-cocok-pola. Teksnya dipertahankan pada dosis_teks."
0420251430,ACTICIDE LG CONC,entri-tanpa-sasaran,,Seluruh medan sasaran kosong — lazim pada bahan teknis (TC) yang didaftarkan tanpa penggunaan berlabel.
02140120134574,FLYTOX 1 P,kadar-kolom-bukan-angka,20 g/1000 cm2 (sampai dengan minggu ke 4 pasca aplikasi),"satuanPestisida=""-""; ditolak: satuan-terlalu-panjang. Teksnya dipertahankan pada dosis_teks."
032024569,BASTA ULTRA 118 SL,entri-tanpa-sasaran,,Seluruh medan sasaran kosong — lazim pada bahan teknis (TC) yang didaftarkan tanpa penggunaan berlabel.
032025595,REGENT 2 GR,entri-tanpa-sasaran,,Seluruh medan sasaran kosong — lazim pada bahan teknis (TC) yang didaftarkan tanpa penggunaan berlabel.
042018577,KATHON™ WT Biocide,entri-tanpa-sasaran,,Seluruh medan sasaran kosong — lazim pada bahan teknis (TC) yang didaftarkan tanpa penggunaan berlabel.
042018534,KLORPIRIFOS 97 TC,kadar-kolom-bukan-angka,izin tetap ulang bahan teknis,"satuanPestisida=""%""; ditolak: tidak-cocok-pola. Teksnya dipertahankan pada dosis_teks."
0420231124,CHLOROTHALONIL 98 TC,entri-tanpa-sasaran,,Seluruh medan sasaran kosong — lazim pada bahan teknis (TC) yang didaftarkan tanpa penggunaan berlabel.
0420231237,INNOMAN ® DB,entri-tanpa-sasaran,,Seluruh medan sasaran kosong — lazim pada bahan teknis (TC) yang didaftarkan tanpa penggunaan berlabel.
032020480,NOVIXID 32.5 OD,kadar-kolom-bukan-angka,NA (Kebutuhan ekspor),"satuanPestisida=""""; ditolak: tidak-cocok-pola. Teksnya dipertahankan pada dosis_teks."
032020480,NOVIXID 32.5 OD,kurung-bukan-dosis,Kebutuhan ekspor,Tidak berbentuk angka + satuan; dibiarkan sebagai keterangan.
0420261500,CYPERMETHRIN 92 TC,entri-tanpa-sasaran,,Seluruh medan sasaran kosong — lazim pada bahan teknis (TC) yang didaftarkan tanpa penggunaan berlabel.
01040120248236,BACKER 30 WP,baris-bukan-nama-ilmiah,"jumlah daun, jumlah umbi,",Baris ke-2 pada latinHamaKomoditas; tidak dijadikan OPT.
01040120248236,BACKER 30 WP,baris-bukan-nama-ilmiah,"bobot kering tanaman, bobot",Baris ke-3 pada latinHamaKomoditas; tidak dijadikan OPT.
01040120248236,BACKER 30 WP,baris-bukan-nama-ilmiah,"umbi per tanaman, bobot",Baris ke-4 pada latinHamaKomoditas; tidak dijadikan OPT.
01040120248236,BACKER 30 WP,baris-bukan-nama-ilmiah,"tajuk, dan bobot per tanaman",Baris ke-5 pada latinHamaKomoditas; tidak dijadikan OPT.
042018655,METSULFURON METHYL 95 TC,entri-tanpa-sasaran,,Seluruh medan sasaran kosong — lazim pada bahan teknis (TC) yang didaftarkan tanpa penggunaan berlabel.
032001152,SUCCESS 25 EC,kadar-kolom-bukan-angka,Untuk keperluan ekspor,"satuanPestisida=""""; ditolak: tidak-cocok-pola. Teksnya dipertahankan pada dosis_teks."
06080120248570,ANTSY ANTS 27 AL,kadar-kolom-bukan-angka,larutan siap pakai,"satuanPestisida=""-""; ditolak: tidak-cocok-pola. Teksnya dipertahankan pada dosis_teks."
06080120185936,ADVION COCKROACH 0.6 RB,kadar-kolom-bukan-angka,pengumpanan siap pakai,"satuanPestisida=""-""; ditolak: tidak-cocok-pola. Teksnya dipertahankan pada dosis_teks."
06080120185936,ADVION COCKROACH 0.6 RB,kadar-kolom-bukan-angka,Pengumpanan siap pakai,"satuanPestisida=""-""; ditolak: tidak-cocok-pola. Teksnya dipertahankan pada dosis_teks."
042010161,PARAKUAT DIKLORIDA 42 TC,kadar-kolom-bukan-angka,-,"satuanPestisida=""g/l""; ditolak: tidak-cocok-pola. Teksnya dipertahankan pada dosis_teks."
0420251428,TRIKLOPIR BUTOTIL 99 TC,entri-tanpa-sasaran,,Seluruh medan sasaran kosong — lazim pada bahan teknis (TC) yang didaftarkan tanpa penggunaan berlabel.
0420231193,OKSADIAZON 94 TC,entri-tanpa-sasaran,,Seluruh medan sasaran kosong — lazim pada bahan teknis (TC) yang didaftarkan tanpa penggunaan berlabel.
042018632,ROCIMA™ MB2X Biocide,entri-tanpa-sasaran,,Seluruh medan sasaran kosong — lazim pada bahan teknis (TC) yang didaftarkan tanpa penggunaan berlabel.
04110120269358,DTM 25 EC,kurung-bukan-dosis,"retensi : 15,66 kg/m3",Tidak berbentuk angka + satuan; dibiarkan sebagai keterangan.
0420261520,PREVENTOL HS 75-CT 300,entri-tanpa-sasaran,,Seluruh medan sasaran kosong — lazim pada bahan teknis (TC) yang didaftarkan tanpa penggunaan berlabel.
01030120258855,QUATXONE 135 SL,dosis-bentrok,"kolom=""1,5 -3 l/ha"" kurung=""1 - 1,5 l/ha""","Komoditas ""Budidaya jagung (TOT)"", OPT ""Cyperus rotundus"". Kolom yang dipakai."
0420221094,FLUMIOKSAZIN 98 TC,entri-tanpa-sasaran,,Seluruh medan sasaran kosong — lazim pada bahan teknis (TC) yang didaftarkan tanpa penggunaan berlabel.
0420221085,Proxel 106,entri-tanpa-sasaran,,Seluruh medan sasaran kosong — lazim pada bahan teknis (TC) yang didaftarkan tanpa penggunaan berlabel.
01040120227652,GIBMOR 0.011 L,baris-bukan-nama-ilmiah,"per tanaman, jumlah tandan bunga per",Baris ke-2 pada latinHamaKomoditas; tidak dijadikan OPT.
01040120227652,GIBMOR 0.011 L,baris-bukan-nama-ilmiah,"tanaman, jumlah bunga per tandan, jumlah",Baris ke-3 pada latinHamaKomoditas; tidak dijadikan OPT.
01040120227652,GIBMOR 0.011 L,baris-bukan-nama-ilmiah,"buah per tandan, dan jumlah buah per",Baris ke-4 pada latinHamaKomoditas; tidak dijadikan OPT.
01040120227652,GIBMOR 0.011 L,baris-bukan-nama-ilmiah,"tanaman, bobot buah per tanaman dan",Baris ke-5 pada latinHamaKomoditas; tidak dijadikan OPT.
01040120227652,GIBMOR 0.011 L,baris-bukan-nama-ilmiah,bobot buah per petak,Baris ke-6 pada latinHamaKomoditas; tidak dijadikan OPT.
042019771,PHENTHOATE 92 TC,kadar-kolom-bukan-angka,-,"satuanPestisida=""%""; ditolak: tidak-cocok-pola. Teksnya dipertahankan pada dosis_teks."
032025586,CARBOFURAN 10 GR,entri-tanpa-sasaran,,Seluruh medan sasaran kosong — lazim pada bahan teknis (TC) yang didaftarkan tanpa penggunaan berlabel.
042018543,PMD 70 TA,kadar-kolom-bukan-angka,-,"satuanPestisida=""%""; ditolak: tidak-cocok-pola. Teksnya dipertahankan pada dosis_teks."
0420251458,GLYPHOSATE,entri-tanpa-sasaran,,Seluruh medan sasaran kosong — lazim pada bahan teknis (TC) yang didaftarkan tanpa penggunaan berlabel.
0420231216,"2,4-D 98 TC",entri-tanpa-sasaran,,Seluruh medan sasaran kosong — lazim pada bahan teknis (TC) yang didaftarkan tanpa penggunaan berlabel.
0420251469,Innosei ® CI,entri-tanpa-sasaran,,Seluruh medan sasaran kosong — lazim pada bahan teknis (TC) yang didaftarkan tanpa penggunaan berlabel.
0420231252,GLYPHOSATE 95 TC,entri-tanpa-sasaran,,Seluruh medan sasaran kosong — lazim pada bahan teknis (TC) yang didaftarkan tanpa penggunaan berlabel.
0420231150,ACTICIDE SR3306,entri-tanpa-sasaran,,Seluruh medan sasaran kosong — lazim pada bahan teknis (TC) yang didaftarkan tanpa penggunaan berlabel.
042021919,GLYPHOSATE 95 TC,kadar-kolom-bukan-angka,-,"satuanPestisida=""%""; ditolak: tidak-cocok-pola. Teksnya dipertahankan pada dosis_teks."
0420221106,PYMETROZINE 98 TC,entri-tanpa-sasaran,,Seluruh medan sasaran kosong — lazim pada bahan teknis (TC) yang didaftarkan tanpa penggunaan berlabel.
042018589,CHLORPYRIFOS 97 TC,entri-tanpa-sasaran,,Seluruh medan sasaran kosong — lazim pada bahan teknis (TC) yang didaftarkan tanpa penggunaan berlabel.
0420261512,METOMIL 98 TC,entri-tanpa-sasaran,,Seluruh medan sasaran kosong — lazim pada bahan teknis (TC) yang didaftarkan tanpa penggunaan berlabel.
06090120072946,INTERCEPTOR 200 K,baris-bukan-nama-ilmiah,Kalimat peringatan :,Baris ke-2 pada latinHamaKomoditas; tidak dijadikan OPT.
06090120072946,INTERCEPTOR 200 K,baris-bukan-nama-ilmiah,"Tidak boleh digunakan oleh perorangan, hanya digunakan oleh petugas Dinas Kesehatan/pest control",Baris ke-3 pada latinHamaKomoditas; tidak dijadikan OPT.
0420241353,"2,4-D 98 TC",entri-tanpa-sasaran,,Seluruh medan sasaran kosong — lazim pada bahan teknis (TC) yang didaftarkan tanpa penggunaan berlabel.
0420221103,L-AMONIUM GLUFOSINAT 50 TK,entri-tanpa-sasaran,,Seluruh medan sasaran kosong — lazim pada bahan teknis (TC) yang didaftarkan tanpa penggunaan berlabel.
032025600,DIAFURAN 3 GR,entri-tanpa-sasaran,,Seluruh medan sasaran kosong — lazim pada bahan teknis (TC) yang didaftarkan tanpa penggunaan berlabel.
0420221117,Innosei ® PCP,entri-tanpa-sasaran,,Seluruh medan sasaran kosong — lazim pada bahan teknis (TC) yang didaftarkan tanpa penggunaan berlabel.
032024574,HIT 0.295 AE,entri-tanpa-sasaran,,Seluruh medan sasaran kosong — lazim pada bahan teknis (TC) yang didaftarkan tanpa penggunaan berlabel.
042008231,LOVLAN 96 TC,entri-tanpa-sasaran,,Seluruh medan sasaran kosong — lazim pada bahan teknis (TC) yang didaftarkan tanpa penggunaan berlabel.
042018594,DIMETHOMORPH 96 TC,entri-tanpa-sasaran,,Seluruh medan sasaran kosong — lazim pada bahan teknis (TC) yang didaftarkan tanpa penggunaan berlabel.
01030120227578,QUATIGO 70 WP,dosis-bentrok,"kolom=""0.75 - 1.0 kg/ha"" kurung=""0,75 - 1,5 kg/ha""","Komoditas ""Budidaya kentang"", OPT ""Alternanthera piloxeroides"". Kolom yang dipakai."
01040120227465,SPEED EXTRA SERTAMAX 80 SL,kurung-bukan-dosis,GKG,Tidak berbentuk angka + satuan; dibiarkan sebagai keterangan.
01040120227465,SPEED EXTRA SERTAMAX 80 SL,kurung-bukan-dosis,GKP,Tidak berbentuk angka + satuan; dibiarkan sebagai keterangan.
032017413,COSMOS 500 FS,kadar-kolom-bukan-angka,tidak tersedia untuk ekspor,"satuanPestisida=""""; ditolak: tidak-cocok-pola. Teksnya dipertahankan pada dosis_teks."
0420261485,METHOMYL 98 TC,entri-tanpa-sasaran,,Seluruh medan sasaran kosong — lazim pada bahan teknis (TC) yang didaftarkan tanpa penggunaan berlabel.
04110120113987,PLANTWOOD 99 SP,kadar-kolom-bukan-angka,"retensi: 2,6 kg/m3","satuanPestisida=""-""; ditolak: tidak-cocok-pola. Teksnya dipertahankan pada dosis_teks."
0420251402,PREVENTOL P 91 MV,entri-tanpa-sasaran,,Seluruh medan sasaran kosong — lazim pada bahan teknis (TC) yang didaftarkan tanpa penggunaan berlabel.
0420251411,CYFLUMETOFEN 98 TC,entri-tanpa-sasaran,,Seluruh medan sasaran kosong — lazim pada bahan teknis (TC) yang didaftarkan tanpa penggunaan berlabel.
0420251426,TERBUTHYLAZINE 97 TC,entri-tanpa-sasaran,,Seluruh medan sasaran kosong — lazim pada bahan teknis (TC) yang didaftarkan tanpa penggunaan berlabel.
0420221076,CleanBioTM-Zinc <SUPER>,entri-tanpa-sasaran,,Seluruh medan sasaran kosong — lazim pada bahan teknis (TC) yang didaftarkan tanpa penggunaan berlabel.
420251386,ACTICIDE M 10 S,entri-tanpa-sasaran,,Seluruh medan sasaran kosong — lazim pada bahan teknis (TC) yang didaftarkan tanpa penggunaan berlabel.
042020824,METSULFURON-METHYL 97 TC,entri-tanpa-sasaran,,Seluruh medan sasaran kosong — lazim pada bahan teknis (TC) yang didaftarkan tanpa penggunaan berlabel.
0420221116,Innosei ® PM4,entri-tanpa-sasaran,,Seluruh medan sasaran kosong — lazim pada bahan teknis (TC) yang didaftarkan tanpa penggunaan berlabel.
06090120093533,DHARMACLEN 25 EC,baris-bukan-nama-ilmiah,4 ml/l sd 4 minggu,Baris ke-2 pada latinHamaKomoditas; tidak dijadikan OPT.
06090120093533,DHARMACLEN 25 EC,baris-bukan-nama-ilmiah,),Baris ke-3 pada latinHamaKomoditas; tidak dijadikan OPT.
06090120093533,DHARMACLEN 25 EC,baris-bukan-nama-ilmiah,4 ml/l sd 4 minggu),Baris ke-2 pada latinHamaKomoditas; tidak dijadikan OPT.
06090120093533,DHARMACLEN 25 EC,baris-bukan-nama-ilmiah,4 ml/l sd 4 minggu),Baris ke-2 pada latinHamaKomoditas; tidak dijadikan OPT.
06090120093533,DHARMACLEN 25 EC,baris-bukan-nama-ilmiah,16 ml/ha,Baris ke-2 pada latinHamaKomoditas; tidak dijadikan OPT.
06090120093533,DHARMACLEN 25 EC,baris-bukan-nama-ilmiah,),Baris ke-3 pada latinHamaKomoditas; tidak dijadikan OPT.
06090120093533,DHARMACLEN 25 EC,kurung-bukan-dosis,ULV,Tidak berbentuk angka + satuan; dibiarkan sebagai keterangan.
06090120093533,DHARMACLEN 25 EC,baris-bukan-nama-ilmiah,16 ml/ha,Baris ke-2 pada latinHamaKomoditas; tidak dijadikan OPT.
06090120093533,DHARMACLEN 25 EC,baris-bukan-nama-ilmiah,),Baris ke-3 pada latinHamaKomoditas; tidak dijadikan OPT.
06090120093533,DHARMACLEN 25 EC,kurung-bukan-dosis,ULV,Tidak berbentuk angka + satuan; dibiarkan sebagai keterangan.
06090120093533,DHARMACLEN 25 EC,baris-bukan-nama-ilmiah,24 ml/ha,Baris ke-2 pada latinHamaKomoditas; tidak dijadikan OPT.
06090120093533,DHARMACLEN 25 EC,baris-bukan-nama-ilmiah,),Baris ke-3 pada latinHamaKomoditas; tidak dijadikan OPT.
06090120093533,DHARMACLEN 25 EC,kurung-bukan-dosis,Fogging,Tidak berbentuk angka + satuan; dibiarkan sebagai keterangan.
06090120093533,DHARMACLEN 25 EC,baris-bukan-nama-ilmiah,24 ml/ha,Baris ke-2 pada latinHamaKomoditas; tidak dijadikan OPT.
06090120093533,DHARMACLEN 25 EC,baris-bukan-nama-ilmiah,),Baris ke-3 pada latinHamaKomoditas; tidak dijadikan OPT.
06090120093533,DHARMACLEN 25 EC,kurung-bukan-dosis,Fogging,Tidak berbentuk angka + satuan; dibiarkan sebagai keterangan.
06090120093533,DHARMACLEN 25 EC,baris-bukan-nama-ilmiah,16 ml/ha,Baris ke-2 pada latinHamaKomoditas; tidak dijadikan OPT.
06090120093533,DHARMACLEN 25 EC,baris-bukan-nama-ilmiah,),Baris ke-3 pada latinHamaKomoditas; tidak dijadikan OPT.
06090120093533,DHARMACLEN 25 EC,baris-bukan-nama-ilmiah,18 ml/ha dan,Baris ke-2 pada latinHamaKomoditas; tidak dijadikan OPT.
06090120093533,DHARMACLEN 25 EC,baris-bukan-nama-ilmiah,Pengasapan (Thermal Fogging) :,Baris ke-3 pada latinHamaKomoditas; tidak dijadikan OPT.
06090120093533,DHARMACLEN 25 EC,baris-bukan-nama-ilmiah,18 ml/ha,Baris ke-4 pada latinHamaKomoditas; tidak dijadikan OPT.
06090120093533,DHARMACLEN 25 EC,baris-bukan-nama-ilmiah,),Baris ke-5 pada latinHamaKomoditas; tidak dijadikan OPT.
06090120093533,DHARMACLEN 25 EC,kurung-bukan-dosis,ULV,Tidak berbentuk angka + satuan; dibiarkan sebagai keterangan.
01030120124524,TEMECO 865 SL,baris-bukan-nama-ilmiah,Peringatan:,Baris ke-2 pada latinHamaKomoditas; tidak dijadikan OPT.
01030120124524,TEMECO 865 SL,baris-bukan-nama-ilmiah,Sisa gulma dan jerami tidak boleh dibakar,Baris ke-3 pada latinHamaKomoditas; tidak dijadikan OPT.
042021994,"2,4-D 98 TC",entri-tanpa-sasaran,,Seluruh medan sasaran kosong — lazim pada bahan teknis (TC) yang didaftarkan tanpa penggunaan berlabel.
042018617,KATHON™ LX-150 Biocide,entri-tanpa-sasaran,,Seluruh medan sasaran kosong — lazim pada bahan teknis (TC) yang didaftarkan tanpa penggunaan berlabel.
0420241330,CHLORPYRIFOS 97 TC,entri-tanpa-sasaran,,Seluruh medan sasaran kosong — lazim pada bahan teknis (TC) yang didaftarkan tanpa penggunaan berlabel.
0420221111,Innosei ® HT,entri-tanpa-sasaran,,Seluruh medan sasaran kosong — lazim pada bahan teknis (TC) yang didaftarkan tanpa penggunaan berlabel.
032025601,DIAFURAN 10 GR,entri-tanpa-sasaran,,Seluruh medan sasaran kosong — lazim pada bahan teknis (TC) yang didaftarkan tanpa penggunaan berlabel.
01030120259242,MAXTOP 138 SL,dosis-bentrok,"kolom=""2.5 - 3.5 l/ha"" kurung=""2,25 - 3,5 l/ha""","Komoditas ""Budidaya kopi (TBM)"", OPT ""Synedrella nodiflora"". Kolom yang dipakai."
0420231166,PREVENTOL BIT 20 N,entri-tanpa-sasaran,,Seluruh medan sasaran kosong — lazim pada bahan teknis (TC) yang didaftarkan tanpa penggunaan berlabel.
01040120248385,GIBGRO 10 CS,baris-bukan-nama-ilmiah,rendemen beras),Baris ke-2 pada latinHamaKomoditas; tidak dijadikan OPT.
01040120248385,GIBGRO 10 CS,kurung-bukan-dosis,tinggi tanaman,Tidak berbentuk angka + satuan; dibiarkan sebagai keterangan.
042020839,KLOROTALONIL 98 TC,kadar-kolom-bukan-angka,izin tetap ulang bahan teknis,"satuanPestisida=""%""; ditolak: tidak-cocok-pola. Teksnya dipertahankan pada dosis_teks."
0420231133,Hexaconazole 95 TC,entri-tanpa-sasaran,,Seluruh medan sasaran kosong — lazim pada bahan teknis (TC) yang didaftarkan tanpa penggunaan berlabel.
01030120227581,SHOTPLUS 50/200 EC,dosis-bentrok,"kolom=""0.75 - 1 l/ha"" kurung=""0,75 - 1,5 l/ha""","Komoditas ""Budidaya padi sawah tapin"", OPT ""Pistia stratiotes"". Kolom yang dipakai."
01030120227581,SHOTPLUS 50/200 EC,dosis-bentrok,"kolom=""0.75 - 1 l/ha"" kurung=""0,75 - 1,5 l/ha""","Komoditas ""Budidaya padi sawah tapin"", OPT ""Fimbristylis miliacea"". Kolom yang dipakai."
042008224,PARAKUAT DIKLORIDA 42 TC,entri-tanpa-sasaran,,Seluruh medan sasaran kosong — lazim pada bahan teknis (TC) yang didaftarkan tanpa penggunaan berlabel.
0420221072,SIMOKSANIL 98 TC,entri-tanpa-sasaran,,Seluruh medan sasaran kosong — lazim pada bahan teknis (TC) yang didaftarkan tanpa penggunaan berlabel.
01030120238159,META-NOVA 560/14 EC,dosis-bentrok,"kolom=""1.5 - 2.5 l/ha"" kurung=""1,5 - 3 l/ha""","Komoditas ""Budidaya padi sawah"", OPT ""Cyperus diformis"". Kolom yang dipakai."
0420251471,INTACE B-350,entri-tanpa-sasaran,,Seluruh medan sasaran kosong — lazim pada bahan teknis (TC) yang didaftarkan tanpa penggunaan berlabel.
0420261486,METHOMYL 98 TC,entri-tanpa-sasaran,,Seluruh medan sasaran kosong — lazim pada bahan teknis (TC) yang didaftarkan tanpa penggunaan berlabel.
03050120103869,EKSAKEONG 45 WP,kadar-kolom-bukan-angka,1 kg/ha (tenggang waktu penebaran 35 hari),"satuanPestisida=""-""; ditolak: satuan-terlalu-panjang. Teksnya dipertahankan pada dosis_teks."
0420261480,DEET 99 TC,entri-tanpa-sasaran,,Seluruh medan sasaran kosong — lazim pada bahan teknis (TC) yang didaftarkan tanpa penggunaan berlabel.
0420221052,IMIDAKLOPRID 97 TC,entri-tanpa-sasaran,,Seluruh medan sasaran kosong — lazim pada bahan teknis (TC) yang didaftarkan tanpa penggunaan berlabel.
01030120052234,VICENTE 865 SL,baris-bukan-nama-ilmiah,Kalimat peringatan:,Baris ke-2 pada latinHamaKomoditas; tidak dijadikan OPT.
01030120052234,VICENTE 865 SL,baris-bukan-nama-ilmiah,Sisa gulma dan jerami,Baris ke-3 pada latinHamaKomoditas; tidak dijadikan OPT.
01030120052234,VICENTE 865 SL,baris-bukan-nama-ilmiah,tidak boleh dibakar,Baris ke-4 pada latinHamaKomoditas; tidak dijadikan OPT.
0420221112,Innosei® IMU,entri-tanpa-sasaran,,Seluruh medan sasaran kosong — lazim pada bahan teknis (TC) yang didaftarkan tanpa penggunaan berlabel.
0420231230,Glufosinate-ammonium 50 TK,entri-tanpa-sasaran,,Seluruh medan sasaran kosong — lazim pada bahan teknis (TC) yang didaftarkan tanpa penggunaan berlabel.
042021948,FLUOPYRAM 97 TC,entri-tanpa-sasaran,,Seluruh medan sasaran kosong — lazim pada bahan teknis (TC) yang didaftarkan tanpa penggunaan berlabel.
042008223,IPA GLIFOSAT 62 TC,entri-tanpa-sasaran,,Seluruh medan sasaran kosong — lazim pada bahan teknis (TC) yang didaftarkan tanpa penggunaan berlabel.
032024553,Coopex 1 DP,entri-tanpa-sasaran,,Seluruh medan sasaran kosong — lazim pada bahan teknis (TC) yang didaftarkan tanpa penggunaan berlabel.
0420231244,ABAMECTIN 95 TC,entri-tanpa-sasaran,,Seluruh medan sasaran kosong — lazim pada bahan teknis (TC) yang didaftarkan tanpa penggunaan berlabel.
0420251463,PYRACLOSTROBIN 98 TC,entri-tanpa-sasaran,,Seluruh medan sasaran kosong — lazim pada bahan teknis (TC) yang didaftarkan tanpa penggunaan berlabel.
042020887,IMIDACLOPRID 97 TC,entri-tanpa-sasaran,,Seluruh medan sasaran kosong — lazim pada bahan teknis (TC) yang didaftarkan tanpa penggunaan berlabel.
0420251410,CHLORANTRANILIPROLE 96 TC,entri-tanpa-sasaran,,Seluruh medan sasaran kosong — lazim pada bahan teknis (TC) yang didaftarkan tanpa penggunaan berlabel.
0420251466,ACTICIDE MKI 2,entri-tanpa-sasaran,,Seluruh medan sasaran kosong — lazim pada bahan teknis (TC) yang didaftarkan tanpa penggunaan berlabel.
042018610,BIOBAN™ P-1487 Antimicrobial Agent,entri-tanpa-sasaran,,Seluruh medan sasaran kosong — lazim pada bahan teknis (TC) yang didaftarkan tanpa penggunaan berlabel.
0420251472,METASOL TK-25 AD,entri-tanpa-sasaran,,Seluruh medan sasaran kosong — lazim pada bahan teknis (TC) yang didaftarkan tanpa penggunaan berlabel.
0420231224,CYPERMETHRIN 92 TC,entri-tanpa-sasaran,,Seluruh medan sasaran kosong — lazim pada bahan teknis (TC) yang didaftarkan tanpa penggunaan berlabel.
042016370,METIL METSULFURON 95 TC,entri-tanpa-sasaran,,Seluruh medan sasaran kosong — lazim pada bahan teknis (TC) yang didaftarkan tanpa penggunaan berlabel.
0420241371,Microcare ITL,entri-tanpa-sasaran,,Seluruh medan sasaran kosong — lazim pada bahan teknis (TC) yang didaftarkan tanpa penggunaan berlabel.
0420221086,Proxel 108,entri-tanpa-sasaran,,Seluruh medan sasaran kosong — lazim pada bahan teknis (TC) yang didaftarkan tanpa penggunaan berlabel.
01120120248664,"MOUSAKIL 0,075 RB",kadar-kolom-bukan-angka,Pengumpanan,"satuanPestisida=""-""; ditolak: tidak-cocok-pola. Teksnya dipertahankan pada dosis_teks."
0420241267,AMMONIUM GLUFOSINATE 95 TC,entri-tanpa-sasaran,,Seluruh medan sasaran kosong — lazim pada bahan teknis (TC) yang didaftarkan tanpa penggunaan berlabel.
06090120227548,K-OTHRINE POLYZONE 62.5 SC,baris-bukan-nama-ilmiah,Kalimat peringatan:,Baris ke-2 pada latinHamaKomoditas; tidak dijadikan OPT.
06090120227548,K-OTHRINE POLYZONE 62.5 SC,baris-bukan-nama-ilmiah,"Tidak boleh digunakan oleh perorangan, hanya digunakan oleh petugas Dinas Kesehatan/ pest control",Baris ke-3 pada latinHamaKomoditas; tidak dijadikan OPT.
06090120227548,K-OTHRINE POLYZONE 62.5 SC,baris-bukan-nama-ilmiah,Kalimat peringatan:,Baris ke-2 pada latinHamaKomoditas; tidak dijadikan OPT.
06090120227548,K-OTHRINE POLYZONE 62.5 SC,baris-bukan-nama-ilmiah,"Tidak boleh digunakan oleh perorangan, hanya digunakan oleh petugas Dinas Kesehatan/ pest control",Baris ke-3 pada latinHamaKomoditas; tidak dijadikan OPT.
01030120134661,ATRANEX 90 WG,dosis-bentrok,"kolom=""0.75 - 1.55 kg/ha"" kurung=""0,75 - 1,5 kg/ha""","Komoditas ""Jagung"", OPT ""Spigelia anthelmia"". Kolom yang dipakai."
0420231238,Innosei ® PSB,entri-tanpa-sasaran,,Seluruh medan sasaran kosong — lazim pada bahan teknis (TC) yang didaftarkan tanpa penggunaan berlabel.
0420251390,IR3535,entri-tanpa-sasaran,,Seluruh medan sasaran kosong — lazim pada bahan teknis (TC) yang didaftarkan tanpa penggunaan berlabel.
0420221082,Proxel CMC,entri-tanpa-sasaran,,Seluruh medan sasaran kosong — lazim pada bahan teknis (TC) yang didaftarkan tanpa penggunaan berlabel.
0420221044,AMONIUM GLUFOSINAT 95 TC,entri-tanpa-sasaran,,Seluruh medan sasaran kosong — lazim pada bahan teknis (TC) yang didaftarkan tanpa penggunaan berlabel.
01030120114123,PASMATOON 865 SL,baris-bukan-nama-ilmiah,Kalimat peringatan: Sisa gulma dan jerami tidak boleh dibakar,Baris ke-2 pada latinHamaKomoditas; tidak dijadikan OPT.
0420231121,Azoxystrobin 98% TC.,entri-tanpa-sasaran,,Seluruh medan sasaran kosong — lazim pada bahan teknis (TC) yang didaftarkan tanpa penggunaan berlabel.
0420261479,CYCLOBUNOFEN 98 TC,entri-tanpa-sasaran,,Seluruh medan sasaran kosong — lazim pada bahan teknis (TC) yang didaftarkan tanpa penggunaan berlabel.
0420221027,PACLOBUTRAZOL 95 TC,entri-tanpa-sasaran,,Seluruh medan sasaran kosong — lazim pada bahan teknis (TC) yang didaftarkan tanpa penggunaan berlabel.
032024572,EXIREL 100 SE,entri-tanpa-sasaran,,Seluruh medan sasaran kosong — lazim pada bahan teknis (TC) yang didaftarkan tanpa penggunaan berlabel.
0420241361,GLYPHOSATE 97 TC,entri-tanpa-sasaran,,Seluruh medan sasaran kosong — lazim pada bahan teknis (TC) yang didaftarkan tanpa penggunaan berlabel.
0420231154,ACTICIDE MKX,entri-tanpa-sasaran,,Seluruh medan sasaran kosong — lazim pada bahan teknis (TC) yang didaftarkan tanpa penggunaan berlabel.
0420221047,CLETHODIM 37 TK,entri-tanpa-sasaran,,Seluruh medan sasaran kosong — lazim pada bahan teknis (TC) yang didaftarkan tanpa penggunaan berlabel.
0420251409,ROCIMA 344 MICROBICIDE,entri-tanpa-sasaran,,Seluruh medan sasaran kosong — lazim pada bahan teknis (TC) yang didaftarkan tanpa penggunaan berlabel.
0420251384,TOPRAMEZON 98 TC,entri-tanpa-sasaran,,Seluruh medan sasaran kosong — lazim pada bahan teknis (TC) yang didaftarkan tanpa penggunaan berlabel.
042007220,GLIFOSAT 95 TC,kadar-kolom-bukan-angka,-,"satuanPestisida=""%""; ditolak: tidak-cocok-pola. Teksnya dipertahankan pada dosis_teks."
0420231122,BETA CYFLUTHRIN 95 TC,entri-tanpa-sasaran,,Seluruh medan sasaran kosong — lazim pada bahan teknis (TC) yang didaftarkan tanpa penggunaan berlabel.
0420241329,CHLORPYRIFOS 94 TC,entri-tanpa-sasaran,,Seluruh medan sasaran kosong — lazim pada bahan teknis (TC) yang didaftarkan tanpa penggunaan berlabel.
0420241295,"2,4-D 97 TC",entri-tanpa-sasaran,,Seluruh medan sasaran kosong — lazim pada bahan teknis (TC) yang didaftarkan tanpa penggunaan berlabel.
01040120237938,Supergib 10 TB,baris-bukan-nama-ilmiah,"dan bobot hasil (2,5 g/ha pada 30 & 40 HST)",Baris ke-2 pada latinHamaKomoditas; tidak dijadikan OPT.
06090120186137,OLYSET PLUS 2 LN,kadar-kolom-bukan-angka,sampai dengan 20 x pencucian,"satuanPestisida=""-""; ditolak: tidak-cocok-pola. Teksnya dipertahankan pada dosis_teks."
06090120186137,OLYSET PLUS 2 LN,kadar-kolom-bukan-angka,sampai dengan 20 x pencucian,"satuanPestisida=""-""; ditolak: tidak-cocok-pola. Teksnya dipertahankan pada dosis_teks."
0420251396,GLUFOSINATE AMMONIUM 95 TC,entri-tanpa-sasaran,,Seluruh medan sasaran kosong — lazim pada bahan teknis (TC) yang didaftarkan tanpa penggunaan berlabel.
0420221071,PARAQUAT DICHLORIDE 42 TC,entri-tanpa-sasaran,,Seluruh medan sasaran kosong — lazim pada bahan teknis (TC) yang didaftarkan tanpa penggunaan berlabel.
0420251454,DIMEFLUTHRIN 95 TC,entri-tanpa-sasaran,,Seluruh medan sasaran kosong — lazim pada bahan teknis (TC) yang didaftarkan tanpa penggunaan berlabel.
0420231205,TRICLOPYR BUTOXY ETHYL ESTER 95 TC,entri-tanpa-sasaran,,Seluruh medan sasaran kosong — lazim pada bahan teknis (TC) yang didaftarkan tanpa penggunaan berlabel.
0420251436,BIOX AM492,entri-tanpa-sasaran,,Seluruh medan sasaran kosong — lazim pada bahan teknis (TC) yang didaftarkan tanpa penggunaan berlabel.
06080120165524,NOMOS 0.05MC,kadar-kolom-bukan-angka,dosis siap pakai,"satuanPestisida=""-""; ditolak: tidak-cocok-pola. Teksnya dipertahankan pada dosis_teks."
06080120165524,NOMOS 0.05MC,kadar-kolom-bukan-angka,dosis siap pakai,"satuanPestisida=""-""; ditolak: tidak-cocok-pola. Teksnya dipertahankan pada dosis_teks."
042020886,GLYPHOSATE ACID 95 TC,entri-tanpa-sasaran,,Seluruh medan sasaran kosong — lazim pada bahan teknis (TC) yang didaftarkan tanpa penggunaan berlabel.
0420221042,ABAMEKTIN 95 TC,entri-tanpa-sasaran,,Seluruh medan sasaran kosong — lazim pada bahan teknis (TC) yang didaftarkan tanpa penggunaan berlabel.
042019791,KLORPIRIFOS 98 TC,kadar-kolom-bukan-angka,-,"satuanPestisida=""%""; ditolak: tidak-cocok-pola. Teksnya dipertahankan pada dosis_teks."
042018530,FIPRONIL 95 TC,entri-tanpa-sasaran,,Seluruh medan sasaran kosong — lazim pada bahan teknis (TC) yang didaftarkan tanpa penggunaan berlabel.
042020840,MESOTRIONE 95 TC,entri-tanpa-sasaran,,Seluruh medan sasaran kosong — lazim pada bahan teknis (TC) yang didaftarkan tanpa penggunaan berlabel.
032017401,T823 P. Barrier,entri-tanpa-sasaran,,Seluruh medan sasaran kosong — lazim pada bahan teknis (TC) yang didaftarkan tanpa penggunaan berlabel.
0420231258,PARAQUAT DICHLORIDE 42 % TC,entri-tanpa-sasaran,,Seluruh medan sasaran kosong — lazim pada bahan teknis (TC) yang didaftarkan tanpa penggunaan berlabel.
0420241368,ACTICIDE ZPD 1,entri-tanpa-sasaran,,Seluruh medan sasaran kosong — lazim pada bahan teknis (TC) yang didaftarkan tanpa penggunaan berlabel.
042018626,ROCIMA™ 350 Biocide,entri-tanpa-sasaran,,Seluruh medan sasaran kosong — lazim pada bahan teknis (TC) yang didaftarkan tanpa penggunaan berlabel.
0420251412,FLONICAMID 97 TC,entri-tanpa-sasaran,,Seluruh medan sasaran kosong — lazim pada bahan teknis (TC) yang didaftarkan tanpa penggunaan berlabel.
032025619,MUKADE FUNZAI,entri-tanpa-sasaran,,Seluruh medan sasaran kosong — lazim pada bahan teknis (TC) yang didaftarkan tanpa penggunaan berlabel.
042019784,DELTAMETRIN 98 TC,kadar-kolom-bukan-angka,-,"satuanPestisida=""%""; ditolak: tidak-cocok-pola. Teksnya dipertahankan pada dosis_teks."
0420231128,Difenoconazole 96% TC,entri-tanpa-sasaran,,Seluruh medan sasaran kosong — lazim pada bahan teknis (TC) yang didaftarkan tanpa penggunaan berlabel.
06090120206767,PESGUARD FG 160 EC,baris-bukan-nama-ilmiah,Kalimat peringatan :,Baris ke-2 pada latinHamaKomoditas; tidak dijadikan OPT.
06090120206767,PESGUARD FG 160 EC,baris-bukan-nama-ilmiah,Tidak boleh digunakan oleh,Baris ke-3 pada latinHamaKomoditas; tidak dijadikan OPT.
06090120206767,PESGUARD FG 160 EC,baris-bukan-nama-ilmiah,"perorangan, hanya digunakan",Baris ke-4 pada latinHamaKomoditas; tidak dijadikan OPT.
06090120206767,PESGUARD FG 160 EC,baris-bukan-nama-ilmiah,oleh petugas Dinas Kesehatan/,Baris ke-5 pada latinHamaKomoditas; tidak dijadikan OPT.
06090120206767,PESGUARD FG 160 EC,baris-bukan-nama-ilmiah,Pest control,Baris ke-6 pada latinHamaKomoditas; tidak dijadikan OPT.
042021918,GLYPHOSATE 95 TC,entri-tanpa-sasaran,,Seluruh medan sasaran kosong — lazim pada bahan teknis (TC) yang didaftarkan tanpa penggunaan berlabel.
0420251429,ACTICIDE IPA 20,entri-tanpa-sasaran,,Seluruh medan sasaran kosong — lazim pada bahan teknis (TC) yang didaftarkan tanpa penggunaan berlabel.
06080120227314,HIT EXPERT 0.11 FU,kadar-kolom-bukan-angka,siap pakai,"satuanPestisida=""-""; ditolak: tidak-cocok-pola. Teksnya dipertahankan pada dosis_teks."
06080120227314,HIT EXPERT 0.11 FU,kadar-kolom-bukan-angka,siap pakai,"satuanPestisida=""-""; ditolak: tidak-cocok-pola. Teksnya dipertahankan pada dosis_teks."
042018644,CHLORPYRIFOS 97 TC,kadar-kolom-bukan-angka,-,"satuanPestisida=""%""; ditolak: tidak-cocok-pola. Teksnya dipertahankan pada dosis_teks."
032025602,EXON 250/7.5 SC,entri-tanpa-sasaran,,Seluruh medan sasaran kosong — lazim pada bahan teknis (TC) yang didaftarkan tanpa penggunaan berlabel.
032016386,MATADOR 25 CS,kadar-kolom-bukan-angka,Didaftarkan untuk keperluan Ekspor,"satuanPestisida=""""; ditolak: tidak-cocok-pola. Teksnya dipertahankan pada dosis_teks."
01040120227619,BIGASTTOP 40 EC,baris-bukan-nama-ilmiah,"per tanaman, panjang dan diameter tongkol,",Baris ke-2 pada latinHamaKomoditas; tidak dijadikan OPT.
01040120227619,BIGASTTOP 40 EC,baris-bukan-nama-ilmiah,bobot tongkol berkelobot dan tanpa kelobot,Baris ke-3 pada latinHamaKomoditas; tidak dijadikan OPT.
01040120227619,BIGASTTOP 40 EC,baris-bukan-nama-ilmiah,1 ml/l air/aplikasi,Baris ke-4 pada latinHamaKomoditas; tidak dijadikan OPT.
01040120227619,BIGASTTOP 40 EC,baris-bukan-nama-ilmiah,(20 dan 40 HST),Baris ke-5 pada latinHamaKomoditas; tidak dijadikan OPT.
032025597,SULEXIN 500 SC,entri-tanpa-sasaran,,Seluruh medan sasaran kosong — lazim pada bahan teknis (TC) yang didaftarkan tanpa penggunaan berlabel.
042021920,KARBENDAZIM 98 TC,kadar-kolom-bukan-angka,-,"satuanPestisida=""%""; ditolak: tidak-cocok-pola. Teksnya dipertahankan pada dosis_teks."
0420231192,NIKOSULFURON 95 TC,entri-tanpa-sasaran,,Seluruh medan sasaran kosong — lazim pada bahan teknis (TC) yang didaftarkan tanpa penggunaan berlabel.
042019732,CHLORPYRIFOS 97 TC,kadar-kolom-bukan-angka,-,"satuanPestisida=""%""; ditolak: tidak-cocok-pola. Teksnya dipertahankan pada dosis_teks."
0420231213,"2,4-D 98 TC",entri-tanpa-sasaran,,Seluruh medan sasaran kosong — lazim pada bahan teknis (TC) yang didaftarkan tanpa penggunaan berlabel.
0420261483,FLUFENAUXIRIM-METOTYL 98 TC,entri-tanpa-sasaran,,Seluruh medan sasaran kosong — lazim pada bahan teknis (TC) yang didaftarkan tanpa penggunaan berlabel.
01120120259202,FLOKA 0.005 RB,kadar-kolom-bukan-angka,umpan siap pakai,"satuanPestisida=""-""; ditolak: tidak-cocok-pola. Teksnya dipertahankan pada dosis_teks."
01120120259202,FLOKA 0.005 RB,kadar-kolom-bukan-angka,umpan siap pakai,"satuanPestisida=""""; ditolak: tidak-cocok-pola. Teksnya dipertahankan pada dosis_teks."
042014315,"BRODIFACOUM 0,29 TC",entri-tanpa-sasaran,,Seluruh medan sasaran kosong — lazim pada bahan teknis (TC) yang didaftarkan tanpa penggunaan berlabel.
0420221068,NATRIUM ORTO-NITROFENOL 98 TC,entri-tanpa-sasaran,,Seluruh medan sasaran kosong — lazim pada bahan teknis (TC) yang didaftarkan tanpa penggunaan berlabel.
0420251453,CYPERMETHRIN 92 TC,entri-tanpa-sasaran,,Seluruh medan sasaran kosong — lazim pada bahan teknis (TC) yang didaftarkan tanpa penggunaan berlabel.
032025613,CARBORON 3 GR,entri-tanpa-sasaran,,Seluruh medan sasaran kosong — lazim pada bahan teknis (TC) yang didaftarkan tanpa penggunaan berlabel.
04199245,Glyphosate IPA 62 TC,kadar-kolom-bukan-angka,-,"satuanPestisida=""g/l""; ditolak: tidak-cocok-pola. Teksnya dipertahankan pada dosis_teks."
0420231167,PROXEL BD20,entri-tanpa-sasaran,,Seluruh medan sasaran kosong — lazim pada bahan teknis (TC) yang didaftarkan tanpa penggunaan berlabel.
0420261525,THIAMETHOXAM 98 TC,entri-tanpa-sasaran,,Seluruh medan sasaran kosong — lazim pada bahan teknis (TC) yang didaftarkan tanpa penggunaan berlabel.
042018519,CYPERMETHRIN 93 TC,entri-tanpa-sasaran,,Seluruh medan sasaran kosong — lazim pada bahan teknis (TC) yang didaftarkan tanpa penggunaan berlabel.
06090120175729,AMARILIS 25 EC,baris-bukan-nama-ilmiah,Kalimat peringatan:,Baris ke-2 pada latinHamaKomoditas; tidak dijadikan OPT.
06090120175729,AMARILIS 25 EC,baris-bukan-nama-ilmiah,Tidak boleh digunakan oleh perorangan,Baris ke-3 pada latinHamaKomoditas; tidak dijadikan OPT.
06090120175729,AMARILIS 25 EC,baris-bukan-nama-ilmiah,Hanya digunakan oleh petugas,Baris ke-4 pada latinHamaKomoditas; tidak dijadikan OPT.
06090120175729,AMARILIS 25 EC,baris-bukan-nama-ilmiah,Dinas Kesehatan atau Pest Control,Baris ke-5 pada latinHamaKomoditas; tidak dijadikan OPT.
032022514,CUMORA 500 SC,kadar-kolom-bukan-angka,tidak tersedia untuk ekspor,"satuanPestisida=""""; ditolak: tidak-cocok-pola. Teksnya dipertahankan pada dosis_teks."
032026653,METHOMYL 216 SL,entri-tanpa-sasaran,,Seluruh medan sasaran kosong — lazim pada bahan teknis (TC) yang didaftarkan tanpa penggunaan berlabel.
0420241322,PARAQUAT DICHLORIDE 42 TK,entri-tanpa-sasaran,,Seluruh medan sasaran kosong — lazim pada bahan teknis (TC) yang didaftarkan tanpa penggunaan berlabel.
0420241332,EMAMECTIN BENZOATE 90 TC,entri-tanpa-sasaran,,Seluruh medan sasaran kosong — lazim pada bahan teknis (TC) yang didaftarkan tanpa penggunaan berlabel.
042018672,Proxel MB,kadar-kolom-bukan-angka,-,"satuanPestisida=""%""; ditolak: tidak-cocok-pola. Teksnya dipertahankan pada dosis_teks."
032022520,MOTIVE 212.5/250 EC,kadar-kolom-bukan-angka,tidak tersedia untuk ekspor,"satuanPestisida=""""; ditolak: tidak-cocok-pola. Teksnya dipertahankan pada dosis_teks."
0420251387,Microcare NB,entri-tanpa-sasaran,,Seluruh medan sasaran kosong — lazim pada bahan teknis (TC) yang didaftarkan tanpa penggunaan berlabel.
01030120259149,WEEDPRO 865 SL,dosis-bentrok,"kolom=""1 - 2 l/ha"" kurung=""1 - 3 l/ha""","Komoditas ""Budidaya padi sawah"", OPT ""Limnocharis flava"". Kolom yang dipakai."
0420261488,TRIFLUPYROXAZIN 96 TC,entri-tanpa-sasaran,,Seluruh medan sasaran kosong — lazim pada bahan teknis (TC) yang didaftarkan tanpa penggunaan berlabel.
042020863,ACTICIDE CB,kurung-bukan-dosis,2H,Ditolak: satuan-tanpa-garis-miring.
0420221087,Proxel GXL,entri-tanpa-sasaran,,Seluruh medan sasaran kosong — lazim pada bahan teknis (TC) yang didaftarkan tanpa penggunaan berlabel.
06080120258788,HIT 0.12 MC,kadar-kolom-bukan-angka,"Satu padatan lingkar untuk pemakaian 8, 10, 12 jam","satuanPestisida=""-""; ditolak: tidak-cocok-pola. Teksnya dipertahankan pada dosis_teks."
04202413053,DIFENOCONAZOLE 95 TC,entri-tanpa-sasaran,,Seluruh medan sasaran kosong — lazim pada bahan teknis (TC) yang didaftarkan tanpa penggunaan berlabel.
042021956,GLYPHOSATE 95 TC,entri-tanpa-sasaran,,Seluruh medan sasaran kosong — lazim pada bahan teknis (TC) yang didaftarkan tanpa penggunaan berlabel.
032024560,CARBOFURAN 3 GR,entri-tanpa-sasaran,,Seluruh medan sasaran kosong — lazim pada bahan teknis (TC) yang didaftarkan tanpa penggunaan berlabel.
0420251460,L-GLUFOSINATE-AMMONIUM 50 TK,entri-tanpa-sasaran,,Seluruh medan sasaran kosong — lazim pada bahan teknis (TC) yang didaftarkan tanpa penggunaan berlabel.
0420251444,PREVENTOL MP 260,entri-tanpa-sasaran,,Seluruh medan sasaran kosong — lazim pada bahan teknis (TC) yang didaftarkan tanpa penggunaan berlabel.
032022523,Vape Mosquito Coil me,entri-tanpa-sasaran,,Seluruh medan sasaran kosong — lazim pada bahan teknis (TC) yang didaftarkan tanpa penggunaan berlabel.
042021988,PIPERONYL BUTOXIDE 95 TC,entri-tanpa-sasaran,,Seluruh medan sasaran kosong — lazim pada bahan teknis (TC) yang didaftarkan tanpa penggunaan berlabel.
0420241356,AMONIUM GLUFOSINATE 96 TK,entri-tanpa-sasaran,,Seluruh medan sasaran kosong — lazim pada bahan teknis (TC) yang didaftarkan tanpa penggunaan berlabel.
0420261499,CYPERMETHRIN 92 TC,entri-tanpa-sasaran,,Seluruh medan sasaran kosong — lazim pada bahan teknis (TC) yang didaftarkan tanpa penggunaan berlabel.
0420231201,PIRAKLOSTROBIN 98 TC,entri-tanpa-sasaran,,Seluruh medan sasaran kosong — lazim pada bahan teknis (TC) yang didaftarkan tanpa penggunaan berlabel.
042018518,CYMOXANIL 98 TC,entri-tanpa-sasaran,,Seluruh medan sasaran kosong — lazim pada bahan teknis (TC) yang didaftarkan tanpa penggunaan berlabel.
042018596,ETEPON 70 TC,kadar-kolom-bukan-angka,-,"satuanPestisida=""%""; ditolak: tidak-cocok-pola. Teksnya dipertahankan pada dosis_teks."
0420221074,BIOX AM492,entri-tanpa-sasaran,,Seluruh medan sasaran kosong — lazim pada bahan teknis (TC) yang didaftarkan tanpa penggunaan berlabel.
032018430,PRIAXOR 500 SC,kadar-kolom-bukan-angka,tidak tersedia untuk ekspor,"satuanPestisida=""g/l""; ditolak: tidak-cocok-pola. Teksnya dipertahankan pada dosis_teks."
042019786,DIFENOKONAZOL 95 TC,kadar-kolom-bukan-angka,Izin Tetap Ulang Bahan Teknis,"satuanPestisida=""-""; ditolak: tidak-cocok-pola. Teksnya dipertahankan pada dosis_teks."
06080120248635,HIT 0.081 MC,kadar-kolom-bukan-angka,"Satu padatan lingkar untuk pemakaian 8, 10, 12 jam","satuanPestisida=""-""; ditolak: tidak-cocok-pola. Teksnya dipertahankan pada dosis_teks."
06080120248635,HIT 0.081 MC,kadar-kolom-bukan-angka,"Satu padatan lingkar untuk pemakaian 8, 10, 12 jam","satuanPestisida=""-""; ditolak: tidak-cocok-pola. Teksnya dipertahankan pada dosis_teks."
0420221055,PENDIMETHALIN 95 TC,entri-tanpa-sasaran,,Seluruh medan sasaran kosong — lazim pada bahan teknis (TC) yang didaftarkan tanpa penggunaan berlabel.
032015358,HIT 1.4 AE,kadar-kolom-bukan-angka,Secukupnya,"satuanPestisida=""-""; ditolak: tidak-cocok-pola. Teksnya dipertahankan pada dosis_teks."
032015358,HIT 1.4 AE,kadar-kolom-bukan-angka,Secukupnya,"satuanPestisida=""-""; ditolak: tidak-cocok-pola. Teksnya dipertahankan pada dosis_teks."
032015358,HIT 1.4 AE,kadar-kolom-bukan-angka,Secukupnya,"satuanPestisida=""-""; ditolak: tidak-cocok-pola. Teksnya dipertahankan pada dosis_teks."
032015358,HIT 1.4 AE,kadar-kolom-bukan-angka,Secukupnya,"satuanPestisida=""-""; ditolak: tidak-cocok-pola. Teksnya dipertahankan pada dosis_teks."
032015358,HIT 1.4 AE,kadar-kolom-bukan-angka,Secukupnya,"satuanPestisida=""-""; ditolak: tidak-cocok-pola. Teksnya dipertahankan pada dosis_teks."
0420231195,PARAQUAT DICHLORIDE 42 TC,entri-tanpa-sasaran,,Seluruh medan sasaran kosong — lazim pada bahan teknis (TC) yang didaftarkan tanpa penggunaan berlabel.
06080120227317,HIT GREEN 14.5 LT,kadar-kolom-bukan-angka,siap pakai,"satuanPestisida=""-""; ditolak: tidak-cocok-pola. Teksnya dipertahankan pada dosis_teks."
06080120227317,HIT GREEN 14.5 LT,kadar-kolom-bukan-angka,siap pakai,"satuanPestisida=""-""; ditolak: tidak-cocok-pola. Teksnya dipertahankan pada dosis_teks."
0420221064,GLYPHOSATE 95 TC,entri-tanpa-sasaran,,Seluruh medan sasaran kosong — lazim pada bahan teknis (TC) yang didaftarkan tanpa penggunaan berlabel.
032013325,TIGARODA 0.1 MC,kurung-bukan-dosis,Pestisida Ekspor,Tidak berbentuk angka + satuan; dibiarkan sebagai keterangan.
0420231157,INNOMAN ® 14,entri-tanpa-sasaran,,Seluruh medan sasaran kosong — lazim pada bahan teknis (TC) yang didaftarkan tanpa penggunaan berlabel.
032012270,MILESTONE 240 SL,entri-tanpa-sasaran,,Seluruh medan sasaran kosong — lazim pada bahan teknis (TC) yang didaftarkan tanpa penggunaan berlabel.
0420251392,"2,4-D-ethylhexyl 96 TC",entri-tanpa-sasaran,,Seluruh medan sasaran kosong — lazim pada bahan teknis (TC) yang didaftarkan tanpa penggunaan berlabel.
01040120165565,GIBSTAR 20 TB,kadar-kolom-bukan-angka,"375 ml/ha/aplikasi 9, 16 dan 30 HST","satuanPestisida=""ml/ha""; ditolak: satuan-terlalu-panjang. Teksnya dipertahankan pada dosis_teks."
0420221060,SPORGARD WB,entri-tanpa-sasaran,,Seluruh medan sasaran kosong — lazim pada bahan teknis (TC) yang didaftarkan tanpa penggunaan berlabel.
0420251391,1-NAPHTHYLACETIC ACID 98 TC,entri-tanpa-sasaran,,Seluruh medan sasaran kosong — lazim pada bahan teknis (TC) yang didaftarkan tanpa penggunaan berlabel.
032018431,STROBY 50 WG,kadar-kolom-bukan-angka,tidak tersedia untuk ekspor,"satuanPestisida=""g/l""; ditolak: tidak-cocok-pola. Teksnya dipertahankan pada dosis_teks."
0420231123,CHLORFENAPYR 98 TC,entri-tanpa-sasaran,,Seluruh medan sasaran kosong — lazim pada bahan teknis (TC) yang didaftarkan tanpa penggunaan berlabel.
0420231250,GLUFOSINATE-P 50 TC,entri-tanpa-sasaran,,Seluruh medan sasaran kosong — lazim pada bahan teknis (TC) yang didaftarkan tanpa penggunaan berlabel.
0420251413,FLUOPICOLIDE 97.5 TC,entri-tanpa-sasaran,,Seluruh medan sasaran kosong — lazim pada bahan teknis (TC) yang didaftarkan tanpa penggunaan berlabel.
0420221058,WK Detrans 5 ME,entri-tanpa-sasaran,,Seluruh medan sasaran kosong — lazim pada bahan teknis (TC) yang didaftarkan tanpa penggunaan berlabel.
0420261476,AMETRYN 95 TC,entri-tanpa-sasaran,,Seluruh medan sasaran kosong — lazim pada bahan teknis (TC) yang didaftarkan tanpa penggunaan berlabel.
04110120062503,BIOTERMIKILL 100 EC,kurung-bukan-dosis,"retensi : 1,8 kg/m3",Tidak berbentuk angka + satuan; dibiarkan sebagai keterangan.
01030120196308,STRONG UP 588 SL,kurung-bukan-dosis,"1,5-3 l.ha",Ditolak: satuan-tanpa-garis-miring.
01030120196308,STRONG UP 588 SL,kurung-bukan-dosis,"1,5-3 l.ha",Ditolak: satuan-tanpa-garis-miring.
01030120196308,STRONG UP 588 SL,kurung-bukan-dosis,"1,5-3 l.ha",Ditolak: satuan-tanpa-garis-miring.
01030120196308,STRONG UP 588 SL,kurung-bukan-dosis,"1,5-3 l.ha",Ditolak: satuan-tanpa-garis-miring.
032024558,"2,4-D AMINE 625 SL",entri-tanpa-sasaran,,Seluruh medan sasaran kosong — lazim pada bahan teknis (TC) yang didaftarkan tanpa penggunaan berlabel.
0420231152,ACTICIDE MKS2,entri-tanpa-sasaran,,Seluruh medan sasaran kosong — lazim pada bahan teknis (TC) yang didaftarkan tanpa penggunaan berlabel.
01040120248360,BESTHREL 10 PA,kurung-bukan-dosis,KKK,Tidak berbentuk angka + satuan; dibiarkan sebagai keterangan.
01040120248360,BESTHREL 10 PA,kurung-bukan-dosis,KAS,Tidak berbentuk angka + satuan; dibiarkan sebagai keterangan.
0420241286,PARAKUAT DIKLORIDA 42 TK,entri-tanpa-sasaran,,Seluruh medan sasaran kosong — lazim pada bahan teknis (TC) yang didaftarkan tanpa penggunaan berlabel.
0420221098,GLUFOSINATE AMMONIUM 95 TC,entri-tanpa-sasaran,,Seluruh medan sasaran kosong — lazim pada bahan teknis (TC) yang didaftarkan tanpa penggunaan berlabel.
0420251417,ISOXAFENACIL 92 TC,entri-tanpa-sasaran,,Seluruh medan sasaran kosong — lazim pada bahan teknis (TC) yang didaftarkan tanpa penggunaan berlabel.
01040120248558,TRICO POWER 1 EW,kurung-bukan-dosis,"jumlah malai/rumpun, jumlah gabah/malai, persentase gabah isi, persentase rendemen beras giling, hasil ubinan, hasil gabah/ha",Tidak berbentuk angka + satuan; dibiarkan sebagai keterangan.
05100120124243,PHOSTEK 56 TB*,baris-bukan-nama-ilmiah,(Fumigasi: 1 tablet/ton beras),Baris ke-2 pada latinHamaKomoditas; tidak dijadikan OPT.
05100120124243,PHOSTEK 56 TB*,baris-bukan-nama-ilmiah,(Fumigasi: 1 tablet/ton beras),Baris ke-2 pada latinHamaKomoditas; tidak dijadikan OPT.
032025606,NIRVANA 16.7/250 EC,entri-tanpa-sasaran,,Seluruh medan sasaran kosong — lazim pada bahan teknis (TC) yang didaftarkan tanpa penggunaan berlabel.
0420261495,Acticide SPX,entri-tanpa-sasaran,,Seluruh medan sasaran kosong — lazim pada bahan teknis (TC) yang didaftarkan tanpa penggunaan berlabel.
