dataset_id,title,crop,crop_detail,diseases,data_type,data_type_detail,format,record_count,source,source_url,license,license_family,publication_year,access_date,local_path,file_size,file_size_bytes,sha256,download_status,verification_status,notes
BWM-01-onion-cold-mendeley,Onion dataset (bagian onion dari COLD - Chilli and Onion Leaf Dataset),bawang-merah|lainnya,"bawang merah (Allium cepa, India)",purple blotch (Alternaria porri/trotol); Iris yellow virus (IYSV); Stemphylium leaf blight + Colletotrichum leaf blight (gabungan); healthy,gambar,gambar,JPG dalam 3 arsip RAR,7004 gambar (4502 teraugmentasi berlabel + 816 mentah berlabel + 1686 tanpa label),Mendeley Data (Elsevier),https://data.mendeley.com/datasets/7nxxn4gj5s/2,CC BY 4.0,CC BY,2024,2026-08-25,datasets/priority/bawang-merah/BWM-01-onion-cold-mendeley,111.10 MB,111100000,lihat-SHA256SUMS,diunduh,sebagian,"Set teraugmentasi cocok PERSIS dengan artikel Data in Brief (4502: healthy 1278, IYSV 1272, leaf blight 1217, purple blotch 735). Set mentah: diklaim 864, terhitung 816 (selisih 48) -> karena itu 'sebagian'. Bawang bombay India (Koppal, Karnataka), BUKAN shallot Indonesia. Augmentasi 5,5x tercampur - risiko kebocoran data bila split acak. purple blotch hanya 18 gambar asli. Stemphylium+Colletotrichum digabung jadi satu kelas. Artikel merujuk v3 tapi repositori hanya punya v1-v2 (v3/v4 -> error 404). Lisensi dataset CC BY 4.0 vs artikel CC BY-NC - tidak cocok."
BWM-02-onion-bulb-leaf-mendeley,Image Dataset of Red and White Onion Bulbs and Leaves,bawang-merah|lainnya,"bawang merah (Allium cepa, red/white onion)",TIDAK ADA nama penyakit - hanya biner Healthy/Unhealthy,gambar,gambar,JPG dalam ZIP,"diklaim 16300, terhitung 16300 (cocok persis)",Mendeley Data (Elsevier),https://data.mendeley.com/datasets/42bcyncfhy/2,CC BY 4.0,CC BY,2026,2026-08-25,datasets/priority/bawang-merah/BWM-02-onion-bulb-leaf-mendeley,1.61 GB,1610000000,e09611742de689e0a95ca07be2d2ee25bba446f268a2d185d2c5baa45bdc76b3,diunduh,terverifikasi,"testzip() -> None (CRC bersih), tanpa password, 16323 entri = 16300 JPG + 23 direktori. TIDAK ADA LABEL PENYAKIT - batas pemakaian utama. 75% isinya umbi (12260) bukan daun (4040); daun bergejala hanya 2020. 'Red onion' = bawang bombay kulit merah, BUKAN A. cepa var. aggregatum Indonesia. Cacah terlalu rapi (1010 berulang di 8 kelas) -> dugaan studio/augmentasi. Asal geografis tidak dinyatakan. Unduhan putus di 933 MB, dilanjut dengan curl -C -."
BWM-03-tom2024-multicrop,"TOM2024: citra hama & penyakit tomat, bawang, dan jagung",tomat|lainnya,tomat; bawang; jagung,30 kelas hama & penyakit (rincian tidak terbaca),gambar,gambar,tidak diketahui,diklaim 25844 mentah + 12227 berlabel; terhitung 0,Mendeley Data (Elsevier),https://data.mendeley.com/datasets/3d4yg89rtr,CC BY 4.0,CC BY,2024,2026-08-25,datasets/additional/BWM-03-tom2024-multicrop,tidak diketahui,,tidak-berlaku,gagal,belum,"DOI aktif & metadata DataCite lengkap, tapi berkas tidak terjangkau. /versions -> v1 'available:true'; /files?folder_id=root&version=1 -> array KOSONG; endpoint metadata -> 'error - dataset not found'; /folders -> 404; halaman web ber-JS tidak terbaca. Dicoba ~25 menit, sempat 502 & 500. BUKAN masalah login sehingga 'gagal', bukan 'terhalang-akun'. Pembuat WASCAL (Afrika Barat). Relevan untuk agen tomat - jangan diasumsikan bisa diunduh."
BWM-04-ditjenhorti-opt-pestisida,Buku Direktorat Perlindungan Hortikultura: hama-penyakit cabai & daftar pestisida terdaftar,cabai|kentang|bawang-merah|lainnya,bawang merah; cabai; kentang; kubis,Spodoptera exigua; Liriomyza; Alternaria porri (trotol); Peronospora destructor; Colletotrichum gloeosporioides; Fusarium (moler); antraknosa cabai; Phytophthora,teks,teks,"PDF (3 berkas, PDF 1.5)","3 dokumen, 133 halaman (26+58+49)","Direktorat Jenderal Hortikultura, Kementerian Pertanian RI (penyusun: Balitsa Lembang & BPTP Jambi)",https://hortikultura.pertanian.go.id/buku-direktorat-perlindungan/,tidak dinyatakan,tidak dinyatakan,2024 (isi 2012 & 2014),2026-08-25,datasets/additional/BWM-04-ditjenhorti-opt-pestisida,9.10 MB,9100000,lihat-SHA256SUMS,diunduh,terverifikasi,"pypdf: 26/58/49 halaman, is_encrypted=False. Ekstraksi teks penuh mengonfirmasi isi (M-61 memuat 'bawang merah' 6x, 'trotol' 2x, 'bercak ungu' 2x, spodoptera 4x, colletotrichum 4x, peronospora 2x). MASALAH: isi kadaluwarsa 12-14 tahun - daftar pestisida 2012 tidak boleh dipakai sebagai rujukan izin edar yang berlaku (pakai PUKPES). Tabel utama kemungkinan besar GAMBAR (rasio ekstraksi hanya 540-905 char/halaman; asal PowerPoint '/Title=Slide 1') sehingga butuh OCR. Semua salinan berwatermark; versi bersih 14bookcabe.pdf -> 404. TOMAT tidak punya buku sendiri. Cek data pribadi: 0 nomor HP; hanya 2 email institusi BPTP Jambi."
BWM-05-eppo-distribusi-inang,EPPO Global Database: tabel distribusi geografis & daftar tanaman inang,cabai|tomat|kentang|bawang-merah|lainnya,"lintas komoditas (inang mencakup Allium ascalonicum, Allium cepa, Capsicum annuum, Solanum lycopersicum, Solanum tuberosum)",PLEOAL Stemphylium vesicarium; PHYTIN Phytophthora infestans; LIRIHU/LIRISA/LIRITR Liriomyza; OYDV00 Onion yellow dwarf virus; BEMITA Bemisia tabaci; RALSSL Ralstonia solanacearum,tabular,tabular,"CSV (14 berkas, UTF-8 BOM)",1803 baris data,EPPO (European and Mediterranean Plant Protection Organization),https://gd.eppo.int/taxon/,tidak dinyatakan,tidak dinyatakan,2026 (basis data hidup),2026-08-25,datasets/additional/BWM-05-eppo-distribusi-inang,392.00 KB,392000,lihat-SHA256SUMS,diunduh,terverifikasi,"Rute CSV gd.eppo.int TERBUKA tanpa akun (API REST data.eppo.int butuh token -> 403, tidak dipakai). LUBANG BESAR: 6 OPT terpenting bawang merah semuanya 404 (ALTEPO Alternaria porri, PERODE Peronospora destructor, FUSACE Fusarium f.sp. cepae, BOTRAL Botrytis allii, LAPHEG Spodoptera exigua, COLLGL Colletotrichum) - lubang CAKUPAN, bukan pembatasan akses; EPPO hanya menyimpan tabel untuk OPT karantina. Jebakan kode: LAPHEX = S. exempta bukan exigua; Stemphylium ada di bawah teleomorf PLEOAL (STEMVE 404). Granularitas Indonesia hanya tingkat pulau (Java/Sumatra/Sulawesi/Nusa Tenggara/Irian Jaya) - tidak ada provinsi. TANPA dimensi waktu. RALSSL di Indonesia tercatat 'Absent, unreliable record' - jangan dibaca sebagai bukti ketiadaan. Content-Type salah label (mengaku xlsx, isinya CSV). hosts_LIRIHU.csv memuat ALLAS Allium ascalonicum eksplisit; hosts_OYDV00.csv 17/17 barisnya Allium."
BWM-06-gbif-okurensi-patogen,GBIF: okurensi & faset negara/tahun untuk 15 patogen & hama komoditas prioritas,lainnya,lintas komoditas (organisme pengganggu),Alternaria porri; Fusarium oxysporum f.sp. cepae; Peronospora destructor; Stemphylium vesicarium; Colletotrichum gloeosporioides; Botrytis allii; Spodoptera exigua; Liriomyza huidobrensis/sativae/trifolii; OYDV; Bemisia tabaci; Ralstonia solanacearum; Phytophthora infestans; Alternaria solani,tabular,tabular,JSON (45 respons API),125952 okurensi global tercakup; 610 rekaman Indonesia tersimpan penuh (73 medan/rekaman),GBIF (Global Biodiversity Information Facility),https://api.gbif.org/v1/occurrence/search,CC BY 4.0 (584 rekaman) & CC0 1.0 (26 rekaman),CC BY,2026 (basis data hidup),2026-08-25,datasets/additional/BWM-06-gbif-okurensi-patogen,3.20 MB,3200000,lihat-SHA256SUMS,diunduh,terverifikasi,"Terbuka penuh TANPA kunci API. 15/15 matchType=EXACT; seluruh kueri country=ID endOfRecords=true (tidak terpotong). TEMUAN UTAMA: 4 organisme NOL rekaman Indonesia - Fusarium f.sp. cepae (moler), Peronospora destructor (embun bulu), Botrytis allii (busuk umbi), Phytophthora infestans (busuk daun kentang). Ketiadaan = tidak ada penyetoran data dari Indonesia, BUKAN ketiadaan patogen. Hanya 30 dari 610 rekaman Indonesia punya stateProvince, 5 nilai berbeda ('Jawa','Sumatera' bukan provinsi; 'Irian Jaya' usang). basisOfRecord mayoritas MATERIAL_SAMPLE (406) = isolat lab dari penyetoran sekuens, OBSERVATION hanya 1. Koordinat sering kosong. Fusarium f.sp. cepae cocok sebagai SYNONYM rank FORM. Bias kuat ke negara kaya-data (S. exigua: GB 11081 vs ID 50). Tanpa DOI -> tidak reproducible persis. PERINGATAN PII: medan recordedBy/identifiedBy bisa memuat nama kolektor - jangan disebarkan ke antarmuka publik."
BWM-07-serangan-opt-hortikultura,"Luas serangan OPT hortikultura - statistik sektoral daerah (Sumut, Kota Batu, Kotabaru, Kab. Malang)",lainnya,'Hortikultura' sebagai satu kategori gabungan - TIDAK ada rincian per komoditas,tidak ada rincian jenis OPT - hanya luas area terserang (Ha) atau rasio penanganan (%),tabular,tabular,3 XLSX + 2 CSV,41 baris data seluruhnya,portal statistik sektoral/Satu Data daerah (Dinas KPTPH Sumut; Dinas Pertanian Kota Batu; Pemkab Kotabaru; Dinas TPHP Kab. Malang),https://data.go.id/dataset?q=serangan+OPT,tidak dinyatakan,tidak dinyatakan,2024-2026 (cakupan data 2020-2025),2026-08-25,datasets/additional/BWM-07-serangan-opt-hortikultura,36.00 KB,36000,lihat-SHA256SUMS,diunduh,terverifikasi,"openpyxl + modul csv, seluruh sheet dibaca. CACAT MEMATIKAN: tidak ada rincian per komoditas - Kab. Malang seluruh kabupaten diwakili SATU angka 518,52 Ha. Berkas Sumut bukan luas melainkan RASIO (%) yang nyaris biner 0/100. Tidak menyentuh SATU PUN sentra bawang merah (tidak ada Brebes, Nganjuk, Bima, Solok, Probolinggo). Deret waktu maksimal 5 titik tahunan, tidak ada bulanan. DATA PRIBADI ADA di malangkab-*.xlsx: blok tanda tangan pejabat berisi nama bergelar + NIP + email dinas (terdeteksi 1 NIP, 1 email, 2 pola gelar). NIP memuat tanggal lahir pada 8 digit pertama. Nilai persis SENGAJA TIDAK dicetak di README/struktur; ingest wajib membuang blok tanda tangan. Berkas Malang dibuat saat diminta (memuat tanggal cetak dinamis) sehingga SHA-256-nya TIDAK STABIL. Satu berkas Kota Batu kedua gagal 404."
BWM-08-globi-interaksi-inang,GloBI: interaksi patogen/hama - tanaman inang untuk OPT komoditas prioritas,cabai|tomat|kentang|bawang-merah|lainnya,"keempat komoditas prioritas muncul sebagai inang (Allium ascalonicum, Allium cepa, Capsicum annuum, Solanum lycopersicum, Solanum tuberosum)","14 organisme x 3 jenis interaksi (pathogenOf, hasHost, interactsWith): Alternaria porri; Alternaria solani; Botrytis allii; Bemisia tabaci; Colletotrichum gloeosporioides; Fusarium oxysporum; 3 Liriomyza; Peronospora destructor; Phytophthora infestans; Ralstonia solanacearum; Spodoptera exigua; Stemphylium vesicarium",tabular,tabular,CSV (39 berkas),14532 baris data,GloBI (Global Biotic Interactions),https://api.globalbioticinteractions.org/interaction,tidak dinyatakan (arsip Zenodo GloBI: CC-BY-4.0 & CC0),CC0,2026 (basis data hidup),2026-08-25,datasets/additional/BWM-08-globi-interaksi-inang,6.30 MB,6300000,lihat-SHA256SUMS,diunduh,sebagian,"Terbuka tanpa kunci API. NILAI UTAMA: menambal lubang EPPO - 4 patogen endemik bawang merah yang 404 di EPPO justru ADA di sini, dan Allium ascalonicum muncul eksplisit 19 kali (Alternaria porri 4, Peronospora destructor 4, Botrytis allii 4, Spodoptera exigua 6, Stemphylium vesicarium 1). Ke-14 organisme punya kecocokan komoditas prioritas. SEBAGIAN karena 9 berkas TERPOTONG tepat di 1024 baris (batas halaman API tidak dilewati). MASALAH TERBESAR: kolom provenans SELURUHNYA KOSONG - study_citation 0/14532, study_source_citation 0/14532, latitude 0/14532; parameter fields= menerima nama kolom tapi mengembalikan nilai kosong -> tidak ada baris yang bisa ditelusuri ke publikasi asalnya. Duplikasi berat (124 baris untuk 48 target unik). Serangga mengembalikan 0 di pathogenOf - harus dikueri lewat hasHost/interactsWith. Fusarium dikueri di tingkat spesies, BUKAN f.sp. cepae -> jangan dibaca sebagai daftar inang moler."
BWM-09-wikidata-patogen-inang,Wikidata: relasi patogen/hama - inang (P2975) untuk 4 komoditas prioritas,cabai|tomat|kentang|bawang-merah|lainnya,Allium cepa; Allium ascalonicum; Capsicum annuum; Capsicum frutescens; Solanum lycopersicum; Solanum tuberosum,271 organisme unik termasuk Alternaria solani; Fusarium oxysporum (+f.sp. lycopersici); Stemphylium lycopersici/solani; Colletotrichum gloeosporioides/coccodes; Ralstonia solanacearum; Phytophthora capsici/cryptogea; 7 Spodoptera; 4 Liriomyza,tabular,tabular,CSV + JSON (respons SPARQL asli),"291 baris, 271 patogen unik",Wikidata Query Service,https://query.wikidata.org/sparql,CC0 1.0,CC0,2026 (basis data hidup),2026-08-25,datasets/additional/BWM-09-wikidata-patogen-inang,203.00 KB,203000,lihat-SHA256SUMS,diunduh,terverifikasi,"Terbuka tanpa akun. Cek silang: JSON 291 binding = CSV 291 baris. LISENSI PALING BERSIH di seluruh koleksi (CC0, bebas terbit ulang). TAPI CAKUPAN BAWANG MERAH NYARIS NIHIL: hanya 8 baris untuk Allium ascalonicum dan 1 untuk Allium cepa; Allium cepa var. aggregatum -> 0. Kedelapan-delapannya SERANGGA Lepidoptera - TIDAK ADA satu pun jamur/bakteri/virus. Dicek per genus: Peronospora 0, Botrytis 0, Bemisia 0; Alternaria hanya solani & tomato (porri TIDAK ADA); Stemphylium hanya lycopersici & solani (vesicarium TIDAK ADA); Fusarium hanya f.sp. lycopersici (bukan cepae). Bias 92% ke tomat+kentang (269/291). Jebakan: format=csv tidak dihormati bila header Accept menyebut lain -> permintaan pertama mengembalikan XML bernama .csv; ditangkap oleh 'file' lalu diambil ulang."
BWM-A04-garlic-tipburn-bangladesh,A comprehensive dataset of garlic leaf images for the identification of Tipburn disease in Bangladesh,lainnya,bawang putih (Allium sativum),Tipburn (gangguan fisiologis/abiotik); Healthy,gambar,gambar,JPG dalam ZIP,"7444 gambar (Healthy 3454 + Affected 3990), termasuk versi asli & teraugmentasi",Mendeley Data (Elsevier),https://data.mendeley.com/datasets/wcgx6bbvw7/1,CC BY 4.0,CC BY,2025,2026-08-25,-,4.81 GB,4810000000,tidak-berlaku,terlalu-besar,tidak-berlaku,"4810.9 MB dalam SATU zip - melewati batas 3 GB per dataset dan sumber tidak menyediakan subset resmi terpisah. Allium tapi bawang putih, dan Tipburn adalah gangguan fisiologis (bukan patogen), sehingga relevansinya ke penyakit bawang merah rendah. Metadata dicatat lengkap untuk rujukan."
BWM-A05-ieee-shallot-dataset,"Shallot Dataset (data sensor IoT budidaya bawang merah, Brebes)",bawang-merah,bawang merah (shallot),"tidak ada - bukan data penyakit; kelembapan tanah & pH dalam 3 kondisi (Ideal, Wet, Dry)",tabular,tabular,CSV,"tidak diketahui - berkas data belum diunggah, hanya readme.txt",IEEE DataPort,https://ieee-dataport.org/documents/shallot-dataset,tidak dinyatakan,tidak dinyatakan,2025,2026-08-25,-,tidak diketahui,,tidak-berlaku,terhalang-akun,tidak-berlaku,"Halaman menyatakan 'This dataset requires an IEEE DataPort Subscription to access'; status 'Not logged in'. TIDAK ditembus. Satu-satunya dataset ber-DOI dari peneliti Indonesia (Freddy Artadima Silaban, ITB) dengan lokasi Brebes yang ditemukan, tetapi isinya sensor IoT 74 hari (kelembapan tanah & pH), BUKAN citra atau catatan penyakit. DOI 10.21227/aq18-8k05."
BWM-A06-roboflow-onion-leaf-disease,Onion Leaf Disease Object Detection Dataset (Roboflow Universe),lainnya,bawang (onion),Healthy; Rust; Botrytis Leaf Blight; Downy Mildew; Purple Blotch,gambar,gambar,format deteksi objek Roboflow,tidak diketahui,Roboflow Universe,https://universe.roboflow.com/school-0xa1n/onion-leaf-disease-eh38e,tidak dinyatakan,tidak dinyatakan,tidak diketahui,2026-08-25,-,tidak diketahui,,tidak-berlaku,terhalang-akun,tidak-berlaku,"Halaman -> HTTP 403. API tanpa kunci -> {'error':{'message':'This method requires your API key.','type':'OAuthException'}}. TIDAK ditembus. Kelasnya paling dekat dengan kebutuhan bawang merah Indonesia (memuat Downy Mildew & Purple Blotch sekaligus) sehingga sayang terhalang."
BWM-A07-yolo-odd-icar-dogr,"Dataset penyakit foliar bawang (YOLO-ODD, ICAR-DOGR Pune)",lainnya,bawang (onion),Anthracnose; Healthy; Purple blotch; Stemphylium blight; Twister disease,gambar,gambar,tidak diketahui,1000 gambar asli (1391 setelah augmentasi),artikel Frontiers in Plant Science 2025 (10.3389/fpls.2025.1551794),https://www.frontiersin.org/journals/plant-science/articles/10.3389/fpls.2025.1551794/full,tidak dinyatakan,tidak dinyatakan,2025,2026-08-25,-,tidak diketahui,,tidak-berlaku,ditemukan,tidak-berlaku,"Pernyataan ketersediaan data: 'The raw data ... will be made available by the authors, without undue reservation' - TANPA repositori, DOI, atau nomor aksesi. Dataset nyata tapi tidak dideposit; hanya bisa lewat permintaan ke penulis. Dikumpulkan di ICAR-Directorate of Onion and Garlic Research, Pune, India. Kelas 'Twister disease' tidak ada di dataset lain yang ditemukan."
BWM-A08-josh-mobilenetv2-shallot,Klasifikasi Penyakit Daun Bawang Merah Menggunakan MobileNetV2 CNN (JOSH),bawang-merah,"bawang merah (shallot, Indonesia)",downy mildew; healthy; leaf blight; moler (basal rot); purple blotch,gambar,gambar,tidak diketahui,1188 gambar (rincian per kelas tidak disebut),Journal of Information System Research (JOSH),https://ejurnal.seminar-id.com/index.php/josh/article/view/10575,tidak dinyatakan,tidak dinyatakan,2026,2026-08-25,-,tidak diketahui,,tidak-berlaku,ditolak,tidak-berlaku,"ARTIKEL JURNAL, bukan dataset - halaman menyatakan 'Download data is not yet available'. Tidak ada URL repositori, tidak ada DOI dataset, wilayah pengambilan tidak disebut. INI PALING MENYAKITKAN: satu-satunya dataset dengan lima kelas yang persis cocok untuk Indonesia (termasuk MOLER dan TROTOL) - dan tidak dipublikasikan."
BWM-A09-cold-chilli-koppal,chilli dataset (bagian cabai dari COLD),cabai,cabai (Capsicum),Healthy; Cercospora; Mites and thrips; Nutritional Deficiency; Powdery Mildew,gambar,gambar,JPG dalam arsip,10987 teraugmentasi (2064 mentah),Mendeley Data (Elsevier),https://data.mendeley.com/datasets/tf9dtfz9m6/2,CC BY 4.0,CC BY,2024,2026-08-25,datasets/priority/cabai/CAB-11-cold-chilli-koppal,tidak diunduh olehku,,tidak-berlaku,ditolak,tidak-berlaku,"DUPLIKASI DICEGAH: separuh cabai dari COLD, pasangan BWM-01. Diserahkan ke agen cabai dan sudah diklaim sebagai CAB-11-cold-chilli-koppal. Tidak diunduh ulang di sini."
BWM-A10-ipb-fusarium-multispektral,Sistem Deteksi Penyakit Layu Fusarium pada Bawang Merah dengan Machine Learning berbasis Citra Multispektral,bawang-merah,"bawang merah (shallot, Indonesia)",layu fusarium / moler,gambar,gambar (multispektral),tidak diketahui,tidak diketahui,Repositori IPB University (skripsi/tesis),https://repository.ipb.ac.id/handle/123456789/147573,tidak dinyatakan,tidak dinyatakan,tidak diketahui,2026-08-25,-,tidak diketahui,,tidak-berlaku,ditolak,tidak-berlaku,"REPOSITORI TUGAS AKHIR, bukan dataset yang bisa diunduh - yang tersedia dokumen tesis, bukan citra. Sangat relevan secara isi: akuisisi di Desa Wanasari, Kecamatan Wanasari, Kabupaten Brebes, Jawa Tengah (sentra bawang merah nasional) dengan citra multispektral drone untuk MOLER. Layak dikejar lewat permintaan langsung ke penulis/IPB."
BWM-A11-figshare-pcr-purple-blotch,Identification of purple blotch pathogen of shallot by PCR using specific primer for Alternaria genus,bawang-merah,bawang merah (shallot),bercak ungu (Alternaria porri),teks,teks/suplemen,suplemen artikel,tidak berlaku,Taylor & Francis via Figshare,https://doi.org/10.6084/m9.figshare.5993473,tidak dinyatakan,tidak dinyatakan,2018,2026-08-25,-,tidak diketahui,,tidak-berlaku,ditolak,tidak-berlaku,"SUPLEMEN ARTIKEL, bukan dataset. Satu-satunya hasil pencarian DataCite untuk 'purple blotch Alternaria' bertipe dataset - menunjukkan betapa kosongnya ruang ini. Isinya hasil PCR identifikasi patogen, tanpa citra dan tanpa tabel yang bisa dipakai ulang."
BWM-A12-mendeley-onion-processed,onion processed data,lainnya,bawang (onion),"tidak ada - data harga, bukan penyakit",gambar,gambar (grafik PNG),PNG,7 berkas grafik statistik,Mendeley Data (Elsevier),https://data.mendeley.com/datasets/yj7tbz7ms3/1,CC BY 4.0,CC BY,2026,2026-08-25,-,400.00 KB,400000,tidak-berlaku,ditolak,tidak-berlaku,"Isinya tangkapan layar uji akar unit & kointegrasi harga bawang pasar India (Azadpur, Lasalgaon, Vashi, dst.) - ekonomi pertanian, bukan penyakit. Muncul di pencarian 'onion' karena kata kunci, bukan relevansi."
BWM-B10-usda-fungus-host,USDA Fungus-Host Distributions Database,lainnya,lintas komoditas,"asosiasi jamur-inang global (421253 asosiasi unik, 831109 rekaman)",tabular,tabular,JSON via API,831109 rekaman fungus-host; 672326 lokasi; 219 negara; 500491 nama jamur,USDA Agricultural Research Service,https://fungi.ars.usda.gov/,"tidak dinyatakan (data federal AS, umumnya domain publik)",tidak dinyatakan,2026 (dataLastUpdated 2026-08-24),2026-08-25,-,tidak diketahui,,tidak-berlaku,terhalang-akun,tidak-berlaku,"Host lama nt.ars-grin.gov MATI. Host baru fungi.ars.usda.gov adalah SPA Angular; seluruh data lewat fungi-api.ars.usda.gov yang menolak permintaan telanjang dengan 403 'Forbidden - Invalid API key'. Kunci memang tertanam di bundel JS publik, TAPI operator jelas memasang gerbang akses - memakainya berarti melewati pembatasan, sehingga TIDAK DILAKUKAN dan statusnya terhalang-akun. Endpoint data-download juga 404 walau dengan kunci. INI SUMBER PALING MENJANJIKAN untuk 4 patogen Allium yang kosong di EPPO/Wikidata/GBIF - jalur yang benar adalah menyurati ARS meminta ekspor massal resmi."
BWM-B11-cabi-compendium-plantwise,CABI Compendium / PlantwisePlus Knowledge Bank,lainnya,lintas komoditas,datasheet OPT global + 15000+ factsheet pengelolaan hama,teks,teks,halaman web,tidak diketahui,CABI,https://www.cabidigitallibrary.org/product/QI,berbayar / tidak boleh diedarkan ulang,tertutup,2026,2026-08-25,-,tidak diketahui,,tidak-berlaku,ditolak,tidak-berlaku,"BERBAYAR + terhalang bot. Seluruh URL CABI -> HTTP 403 Cloudflare, termasuk yang diizinkan robots.txt mereka sendiri dan bahkan sitemap-index. Tidak ada upaya menembus. Model akses: factsheet PlantwisePlus gratis dibaca tapi butuh peramban dan TIDAK boleh diedarkan ulang; datasheet Compendium penuh hanya untuk pelanggan; data massal dijual lewat proses penawaran. Bukan lapis data yang layak dipakai."
BWM-B12-ppdb-herts,PPDB - Pesticide Properties DataBase,tidak-berlaku,tidak berlaku (kimia pestisida),tidak berlaku - bukan data patogen,teks,teks,HTML statis,tidak diketahui,University of Hertfordshire (AERU),https://sitem.herts.ac.uk/aeru/ppdb/en/index.htm,hak cipta penuh - salinan massal hanya dengan lisensi berbayar,tertutup,2026,2026-08-25,-,tidak diketahui,,tidak-berlaku,ditolak,tidak-berlaku,"Terbaca tanpa login (HTTP 200, HTML statis mudah diurai) TAPI 'Copyright University of Hertfordshire, 2006-2026. All Rights Reserved'; salinan luring/massal hanya lewat lisensi berbayar. Selain itu ISINYA KIMIA PESTISIDA, bukan data patogen - tidak menjawab kebutuhan lapis ini. Untuk Pranatani, PUKPES tetap sumber pestisida yang sahih."
BWM-B13-bps-webapi,BPS Web API (Badan Pusat Statistik),lainnya,lintas komoditas,tabel statistik termasuk sebagian data OPT,tabular,tabular,JSON,tidak diketahui,Badan Pusat Statistik RI,https://webapi.bps.go.id/,tidak dinyatakan,tidak dinyatakan,2026,2026-08-25,-,tidak diketahui,,tidak-berlaku,terhalang-akun,tidak-berlaku,"Butuh kunci gratis: respons tanpa kunci -> 'You are not Allowed to take this action. Please re-check your key'. Situs bps.go.id & jateng.bps.go.id sendiri -> 403 Cloudflare managed challenge. Tabel OPT yang terlihat pun padi/kedelai, bukan hortikultura. Tidak ditembus."
BWM-B14-jabar-opendata,Open Data Jawa Barat (opendata.jabarprov.go.id / data.jabarprov.go.id),lainnya,lintas komoditas,kemungkinan memuat serangan OPT hortikultura Jawa Barat,tabular,tabular,tidak diketahui,tidak diketahui,Pemerintah Provinsi Jawa Barat,https://opendata.jabarprov.go.id/,tidak diketahui,tidak dinyatakan,2026,2026-08-25,-,tidak diketahui,,tidak-berlaku,gagal,tidak-berlaku,"HTTP 403 dengan header cf-mitigated: challenge (Cloudflare/JabarCloud); robots.txt-nya sendiri 404 sehingga curl tidak bisa memeriksa izin perayapan. Tidak ditembus. Jawa Barat penting karena memuat sentra bawang merah (Majalengka, Cirebon) dan cabai. Jalur yang benar sesuai catatan panen-lewat-peramban-cloudflare: periksa robots.txt lewat peramban sungguhan lebih dulu."
BWM-B15-satudata-pertanian,Portal Satu Data Pertanian (satudata.pertanian.go.id),lainnya,lintas komoditas,NIHIL - tidak ada dataset OPT,tabular,tabular,XLS/XLSX,"277 dataset, 0 di antaranya tentang serangan OPT",Kementerian Pertanian RI,https://satudata.pertanian.go.id/datasets,tidak dinyatakan,tidak dinyatakan,2026,2026-08-25,-,tidak berlaku,,tidak-berlaku,ditolak,tidak-berlaku,"Portal HIDUP dan katalog lengkapnya terbaca (277 dataset ter-inline sebagai var metaDatasets di /datasets, dengan tautan XLS/XLSX langsung), TETAPI TIDAK SATU PUN tentang serangan OPT - seluruhnya produksi & luas panen. Ini temuan negatif yang bersih dan penting: portal data resmi Kementan tidak menerbitkan data OPT sama sekali."
BWM-B16-ditlin-hortikultura,Direktorat Perlindungan Hortikultura (ditlin.hortikultura.pertanian.go.id),cabai|tomat|kentang|bawang-merah,cabai; tomat; kentang; bawang merah,otoritas nasional data luas serangan OPT hortikultura,tabular,tabular,tidak diketahui,tidak diketahui,"Direktorat Jenderal Hortikultura, Kementerian Pertanian RI",https://ditlin.hortikultura.pertanian.go.id/,tidak diketahui,tidak dinyatakan,tidak berlaku,2026-08-25,-,tidak berlaku,,tidak-berlaku,gagal,tidak-berlaku,"SITUS MATI - NXDOMAIN pada resolver 8.8.8.8 maupun 1.1.1.1, atas https dan http. Masih dirujuk mesin pencari dan halaman Kementan lain. INI LEMBAGA YANG SEHARUSNYA MEMEGANG data luas serangan OPT hortikultura per komoditas - matinya domain ini adalah penyebab tunggal terbesar kosongnya lapis epidemiologi. Juga dicek: bbopt.tanamanpangan.pertanian.go.id NXDOMAIN (host hidup adalah bbpopt dengan P, lingkupnya tanaman pangan); katalog.data.go.id (CKAN lama) NXDOMAIN; bsip.pertanian.go.id & balitsa.litbang.pertanian.go.id NXDOMAIN termasuk lewat proksi."
BWM-B17-cilacap-serangan-opt,Data Serangan OPT di Kabupaten Cilacap 2018-2021 + Rekap OPT Bulanan 2026,lainnya,kelapa; cengkeh; kopi; karet; lada; kakao; pala (perkebunan) + padi,"OPT perkebunan & padi (WBC, tikus, blas, kresek) - BUKAN hortikultura",tabular,tabular,XLSX,760 KB berkas utama (bulanan x kecamatan x jenis OPT) + 7 rekap bulanan ~65 KB,Dinas Pangan & Perkebunan Kab. Cilacap,https://data.cilacapkab.go.id/,tidak dinyatakan,tidak dinyatakan,2018-2026,2026-08-25,-,~1.2 MB,,tidak-berlaku,ditolak,tidak-berlaku,"DITOLAK karena dua alasan. (1) SEKTOR SALAH: bentuknya PERSIS yang dibutuhkan - bulanan x kecamatan x jenis OPT - tapi isinya perkebunan dan padi, bukan hortikultura, dan tidak menyentuh 4 komoditas prioritas. (2) MEMUAT DATA PRIBADI: nama petugas POPT lengkap dengan NIP (yang memuat tanggal lahir) dan nama Kepala Bidang, tertanam di badan spreadsheet. Sengaja TIDAK diunduh agar tidak menyimpan PII yang tidak dibutuhkan. Nilai temuannya: membuktikan format bulanan x kecamatan x OPT MEMANG dihasilkan BPTPH/LPHP provinsi - versi hortikulturanya saja yang tidak diterbitkan terbuka."
BWM-B18-globi-bulk-zenodo,GloBI bulk interaction archive (interactions.tsv.gz),lainnya,lintas komoditas,seluruh interaksi biotik global,tabular,tabular,TSV terkompresi gzip,tidak diketahui (seluruh basis data GloBI),GloBI via depot.globalbioticinteractions.org / Zenodo,https://depot.globalbioticinteractions.org/snapshot/target/data/tsv/interactions.tsv.gz,CC-BY-4.0 / CC0 (mirror Zenodo),CC0,2026-07-29,2026-08-25,-,"2.52 GB (2520674821 byte, dari header HTTP)",,tidak-berlaku,terlalu-besar,tidak-berlaku,"2,52 GB - masih di bawah batas 3 GB per dataset tetapi TIDAK DIPERLUKAN: kueri per organisme di BWM-08 sudah menutup kebutuhan dengan 6,3 MB. Dicatat sebagai jalur cadangan bila kolom sitasi yang kosong di BWM-08 perlu dipulihkan - arsip massal memuat provenans lengkap. Hanya HEAD yang dijalankan, tidak diunduh."
BWM-B19-atap-hortikultura,Buku Angka Tetap Hortikultura 2021/2022/2023,cabai|tomat|kentang|bawang-merah,"seluruh komoditas hortikultura termasuk bawang merah, cabai, tomat, kentang","tidak ada - produksi & luas panen, bukan OPT",tabular,teks/tabular,PDF,3 buku tahunan,"Direktorat Jenderal Hortikultura, Kementerian Pertanian RI",https://hortikultura.pertanian.go.id/publikasi/,tidak dinyatakan,tidak dinyatakan,2021-2023,2026-08-25,-,"9.6 MB (ATAP 2023, Content-Length terverifikasi)",,tidak-berlaku,ditemukan,tidak-berlaku,"Tautan PDF langsung terverifikasi HTTP 200 application/pdf 9623380 byte. TIDAK diunduh karena isinya produksi & luas panen per provinsi, bukan serangan OPT - di luar lingkup lapis ini. Nilainya sebagai PENYEBUT epidemiologi (luas tanam per provinsi per komoditas untuk menormalkan luas serangan). Layak diambil bila lapis serangan OPT berhasil dilengkapi lewat PPID."
CAB-01-penyakit-kuning-begomovirus-jabar,A dataset of Yellow Disease in Horticultural Plant,cabai|lainnya,cabai; terung; kacang panjang,"Begomovirus positive; Begomovirus negative (penyakit kuning/virus kuning keriting daun), label divalidasi PCR",gambar,gambar,JPG 640x640 + TXT anotasi YOLO (berkas lepas),"5095 citra + 5095 anotasi = 10190 berkas, TAPI hanya 1959 citra unik (3136 salinan byte-identik, 61,6%); 5861 kotak (kelas 0: 3169, kelas 1: 2692)",Mendeley Data,https://data.mendeley.com/datasets/9x9kf9vwph/1,CC BY 4.0,CC BY,2024,2026-08-25,datasets/additional/CAB-01-penyakit-kuning-begomovirus-jabar,223.64 MB,223636867,lihat-SHA256SUMS,diunduh,terverifikasi,"SATU-SATUNYA dataset cabai berdata Indonesia (Bogor, Kota Bogor, Cianjur - Jawa Barat). Seluruh 10190 SHA-256 dicocokkan dengan nilai umuman Mendeley: 0 selisih. MASALAH: identitas tanaman hilang - tidak ada penanda apa pun yang memisahkan cabai dari terung/kacang panjang. Arah label 0/1 tidak dinyatakan. 97% nama berkas berpola Screenshot-2023-10-xx, tidak cocok dengan klaim foto kamera ponsel 13 MP; tanggal pada nama (Okt 2023, Jan/Agu/Sep 2023) tidak ada yang jatuh di jendela pengumpulan yang diklaim (22 Jul-9 Agu 2023). DUPLIKASI 61,6%: SHA-256 seluruh 5095 citra hanya menghasilkan 1959 nilai unik - angka yang sama persis dengan jumlah nama dasar unik, sehingga ketiga varian tiap nama dasar adalah SALINAN BIT-DEMI-BIT. Ini membantah metode yang ditulis sumber (citra diperbanyak dengan teknik cropping): tidak ada pemotongan yang terjadi. Angka efektifnya 1959 citra berbeda, bukan 5095; pembagian acak akan menaruh salinan identik di kedua sisi. 4785 dari 5095 anotasi hanya 1 kotak yang menutupi hampir seluruh bingkai. Ditaruh di additional/ karena 3 tanaman."
CAB-02-chilcv-coimbatore-figshare,Chilli Leaf Curl Virus Dataset Final Ver,cabai,cabai,"Healthy control; Initial Symptoms of ChiLCV; Severe Symptoms of ChiLCV (Begomovirus keriting daun, bertingkat keparahan)",campuran,campuran,JPG dalam ZIP + metadata CSV/XLSX/TXT,"diklaim 22069, terhitung 22829 berkas TAPI hanya 12223 unik (10606 salinan byte-identik, 46,5%); split berkas Train 17655/Val 2207/Test 2207/OOD 760, hash unik 7304/2157/2172/592",figshare,https://figshare.com/articles/dataset/Chilli_ChiLCV_Final_Ver_Dataset/32820110,CC BY 4.0,CC BY,2026,2026-08-25,datasets/priority/cabai/CAB-02-chilcv-coimbatore-figshare,1.03 GB,1032690090,e9273c218e2669e5f7ae61f8faf8689cf4a8d18049d1fb26c2c97bab9664af0d,diunduh,sebagian,"MD5 lokal cocok dengan computed_md5 Figshare. Dataset cabai terbaik dalam panen ini: metadata lapangan per gambar (image_name, class, plant_id, village, acquisition_date, session_id) untuk 880 tanaman ber-ID yang difoto berulang lintas 10 sesi - bisa dipakai untuk kurva perkembangan penyakit, bukan cuma klasifikasi. Ada OOD_Set terpisah dengan 3 model ponsel. Split dipisah per desa (bukan acak). SELISIH: cacah 22829 vs klaim 22069; README internal menyebut OOD 750 vs deskripsi 760 vs isi 760, dan Training 880 tanaman vs 364 di berkas deskripsi; Field-Validation Dataset 500 sampel yang disebut README TIDAK ADA di arsip. DUPLIKASI 46,5%: dari 4927 kelompok duplikat, 4925 tetap di dalam satu split DAN satu kelas, hanya 2 yang menyeberang Train-Test dan 0 yang menyeberang kelas - jadi pembagian latih/uji praktis tetap sahih, yang harus dikoreksi adalah angkanya (12223, bukan 22069). Dua pasangan yang menyeberang itu byte-identik tetapi mengklaim DESA dan TANGGAL berbeda, jadi metadata lapangannya tidak 100% bisa dipercaya. Hanya satu penyakit. India (Coimbatore), bukan Indonesia. Flutter Source Code.zip (489,64 MiB) sengaja tidak diunduh: kode, bukan data."
CAB-03-chilli-6-kelas-bangladesh,Chilli Leaf Disease Image Dataset for Classification and Early Diagnosis in Agriculture,cabai,cabai,Bacterial_Spot; Cercospora_Leaf_Spot; Curl_Virus; Healthy_Leaf; Nutrition Deficiency; Powdery Mildew,gambar,gambar,"JPG/PNG - 4 kelas dalam ZIP, 2 kelas berkas lepas","diklaim 8814, terhitung 8817 (Cercospora 1898; Healthy 1647; Bacterial 1629; Curl 1590; Nutrition 1207; Powdery 846)",Mendeley Data,https://data.mendeley.com/datasets/tm3v4zmh7c/1,CC BY 4.0,CC BY,2025,2026-08-25,datasets/priority/cabai/CAB-03-chilli-6-kelas-bangladesh,3.04 GB,3042059308,lihat-SHA256SUMS,diunduh,sebagian,"Seluruh 2057 berkas SHA-256 cocok dengan umuman Mendeley (0 selisih); keempat ZIP lolos unzip -t. TEMUAN UTAMA: klaim ""8814 gambar resolusi tinggi (1000x1000)"" TIDAK BENAR - sensus dimensi seluruh 8817 gambar menunjukkan hanya 23,0% yang 1000x1000, sedangkan 40,6% berukuran 256x256 dan 41,4% bersisi <512 px; ada 1968 ukuran berbeda. Powdery Mildew 92% berukuran 256x256, Curl_Virus 76%, Nutrition Deficiency 72%. Cercospora punya 1525 ukuran berbeda untuk 1898 gambar (pola scraping). Campuran PNG+JPG dalam satu kelas. TEMUAN KEDUA: kelas Cercospora_Leaf_Spot terbukti 90,5% menyalin CAB-08 - 1523 dari 1683 citra uniknya BYTE-IDENTIK dengan Cercospora Leaf Spot in Chili Pepper Leaves Image Dataset (Universidade Federal de Sergipe, Brasil, terbit 2024-08-08, 15 bulan lebih dulu), dengan nama berkas diganti sehingga jejak __roi_backremoved hilang; kedua dataset bahkan sama-sama membawa 215 salinan internal berlebih. Jadi keterangan lokasi Bangladesh untuk kelas Cercospora tidak sesuai bukti, dan CAB-03 tidak boleh digabung dengan CAB-08 dalam satu himpunan latih. Tanpa anotasi/metadata/split. Tidak ada kelas antraknosa. Bangladesh, bukan Indonesia."
CAB-04-chili-4-kelas-dhaka,"Chili Leaf Disease Dataset: Annotated Smartphone Images of Anthracnose, Cercospora Leaf Spot, Leaf Curl Disease, and Healthy Leaves in Bangladesh",cabai,cabai,Anthracnose; Cercospora Leaf Spot; Leaf Curl Disease; Fresh Leaf (sehat),campuran,campuran,JPG dalam ZIP per kelas + 2 CSV metadata per gambar,"dataset penuh 1515 citra (Fresh Leaf 432; Leaf Curl 369; Cercospora 367; Anthracnose 347); yang ada di disk 1146 citra dari 3 kelas, semuanya unik",Mendeley Data,https://data.mendeley.com/datasets/wzc6r6w5w5/3,CC BY 4.0,CC BY,2026,2026-08-25,datasets/priority/cabai/CAB-04-chili-4-kelas-dhaka,2.20 GB,2199178038,lihat-SHA256SUMS,diunduh,sebagian,"DATASET CABAI PALING BERSIH dalam panen ini. CSV metadata memuat image_hash perseptual: 0 duplikat, dan 0 hash yang muncul di lebih dari satu kelas. Kelas seimbang (347-432). Resolusi tinggi sungguhan (4080x3072 dan 4000x3000 mendominasi). Satu-satunya sumber ANTRAKNOSA daun (347 citra) - penyakit cabai terpenting di Indonesia. SEBAGIAN: total DOI 3099 MiB melebihi batas 3 GB/dataset, jadi hanya Anthracnose.zip + Cercospora Leaf Spot.zip + Fresh Leaf.zip + 2 CSV yang diunduh; ""Leaf Curl Disease.zip"" (1002 MiB, 369 citra) sengaja dilewati karena keriting daun sudah tercakup berlimpah di CAB-02 (22829 citra) dan CAB-03. Uji duplikat SHA-256 sendiri atas ketiga ZIP: 347/347, 367/367, 432/432 unik - 0% duplikat, satu-satunya dataset citra cabai dalam panen ini yang sebersih itu, dan tidak ada satu gambar pun yang beririsan dengan CAB-01, CAB-05, CAB-09, atau CAB-12. Anthracnose.zip memuat 347 gambar asli + 347 stub __MACOSX, sehingga unzip -l tanpa penyaringan akan melaporkan cacah dua kali lipat. Bangladesh, bukan Indonesia."
CAB-05-pepper-leaf-figshare,Pepper Leaf DataSet,cabai|lainnya,paprika (bell pepper),Pepper__bell___healthy; Leaf_Curl; Pepper__bell___Bacterial_spot_Leaf_Curl_Cercospora; Cerespora (ejaan asli),gambar,gambar,JPG/PNG/WEBP dalam ZIP,"diklaim 423, terhitung 1308 berkas gambar TAPI hanya 992 unik (316 salinan byte-identik, 24,2%)",figshare,https://figshare.com/articles/dataset/Pepper_Leaf_DataSet/29298239,CC BY 4.0,CC BY,2025,2026-08-25,datasets/priority/cabai/CAB-05-pepper-leaf-figshare,28.24 MB,28235125,1bdcc96f3978c80bbbc679d25fa24771ca2a67536e274c74a5e4f259617fc3a5,diunduh,sebagian,"MD5 cocok dengan Figshare, TAPI LABELNYA TIDAK SAHIH. Pola nama berkas (___JR_B.Spot, ___JR_HL, NREC_B.Spot) membuktikan turunan PlantVillage paprika. Folder Leaf_Curl: 315 dari 335 berkas justru gambar B.Spot PlantVillage dan 2 gambar daun sehat - praktis tidak ada daun keriting. Folder Cerespora: 108 dari 226 juga berkas B.Spot. Kelas Pepper__bell___Bacterial_spot_Leaf_Curl_Cercospora menggabung tiga penyakit dalam satu nama (301/301 B.Spot). Hanya folder healthy (446/446) yang konsisten. DUPLIKASI 24,2%: 1308 berkas hanya 992 SHA-256 unik, sebagian besar dari pasangan "" - Copy.jpg"" di folder Leaf_Curl. Latar studio PlantVillage. Paprika, bukan cabai Indonesia. JANGAN dipakai melatih model tanpa pelabelan ulang."
CAB-06-antraknosa-nitrogen-tabular,Nitrogen availability shapes anthracnose severity and defense-related responses in chili pepper (Capsicum annuum),cabai,cabai,antraknosa (Colletotrichum fructicola),tabular,tabular,XLSX (9 lembar) + PDF + DOCX,"3 berkas; 9 tabel, total sekitar 3700 baris",figshare (Taylor & Francis),https://tandf.figshare.com/articles/dataset/Nitrogen_availability_shapes_anthracnose_severity_and_defense-related_responses_in_chili_pepper_i_Capsicum_annuum_i_/31037350,CC BY 4.0,CC BY,2026,2026-08-25,datasets/priority/cabai/CAB-06-antraknosa-nitrogen-tabular,1.60 MB,1595375,lihat-SHA256SUMS,diunduh,terverifikasi,"Ketiga MD5 cocok dengan computed_md5 Figshare; file(1) mengonfirmasi tipe berkas. XLSX dibaca lewat python3 zipfile+ElementTree (XML mentah, tanpa membuka aplikasi/makro). ISI TERNYATA MOLEKULER, bukan epidemiologi: Table 1 resep media hara, Table 2 primer qRT-PCR, Table 3 daftar gen DEG, Table 4-8 pengayaan GO, Table 9 padanan gen cabai ke ortolog Arabidopsis. TIDAK ADA tabel keparahan penyakit, ukuran lesi, insidensi, cuaca, atau citra meski judulnya menyebut ""anthracnose severity"". Percobaan terkendali di Thailand; patogennya C. fructicola, bukan C. capsici/C. truncatum yang dominan di Indonesia."
CAB-07-chili-krishna-basin-india,"Image Dataset on Chili Leaf Diseases in the Krishna River Basin of the Deccan Plateau, India",cabai,cabai,penyakit daun cabai + fase pertumbuhan (rincian kelas tidak dibuka karena tidak diunduh),gambar,gambar,ZIP,"tidak diunduh; 4 berkas, 5053,57 MiB",Mendeley Data,https://data.mendeley.com/datasets/ymt8k9bjkn/3,CC BY 4.0,CC BY,2026,2026-08-25,-,5.30 GB,5299246105,lihat-notes,terlalu-besar,belum,"TEMUAN PROVENANS. Melebihi batas 3 GB/dataset (5053,57 MiB). Lebih penting: dua berkasnya BYTE-IDENTIK dengan berkas di 10.17632/w9mr3vf56s (CAB-10) menurut sha256 yang diumumkan KEDUA penerbit lewat Mendeley public-api: ""Chili Leaf Disease Augmented Dataset.zip"" 4773222633 byte sha256 2f4992f3ad41f7807305..., dan ""Chili Leaf Disease Original Dataset.zip"" 525828851 byte sha256 ccb3e216b58d68c4a365... Padahal asal yang diklaim berbeda total: rekaman INI (Manipal Academy of Higher Education, dibuat 2025-10-21, terbit v1 2025-10-22) menyebut lahan cabai di Bellary dan Raichur (Karnataka) serta Guntur dan Prakasam (Andhra Pradesh), India, lengkap dengan bagian ""Steps to Reproduce"" yang merinci pemilihan lokasi di Krishna River Basin; sedangkan w9mr3vf56s (Daffodil International University, dibuat 2025-02-12, terbit 2025-02-19 - DELAPAN BULAN LEBIH DULU) menyebut kebun di Charpolisha, Jamalpur, Bangladesh. Bukti ini metadata umuman penerbit, bukan byte yang diverifikasi lokal. Rekomendasi: jangan pakai keterangan lokasi dari salah satu rekaman ini tanpa konfirmasi penulis."
CAB-08-cercospora-sergipe-zenodo,Cercospora Leaf Spot in Chili Pepper Leaves Image Dataset,cabai,cabai,Cercospora leaf spot (bercak daun Cercospora),gambar,gambar,JPG dalam ZIP,"diklaim 1738, terhitung 1738 berkas JPG TAPI hanya 1523 unik (215 salinan berlebih, 12,4%)",Zenodo (Universidade Federal de Sergipe),https://zenodo.org/records/13272039,CC BY 4.0,CC BY,2024,2026-08-25,datasets/priority/cabai/CAB-08-cercospora-sergipe-zenodo,281.60 MB,281604523,18d10dec8559a3b4b37656d502055ba6c340c7d4f2987ec41edb9abe1362c8cc,diunduh,sebagian,"TEMUAN SILANG TERPENTING: seluruh 1523 citra unik dataset ini muncul BYTE-IDENTIK di dalam CAB-03-chilli-6-kelas-bangladesh/raw/Cercospora_Leaf_Spot.zip - yaitu 100% isi unik CAB-08 ada di CAB-03, dan 90,5% citra unik Cercospora CAB-03 (1523 dari 1683) sesungguhnya berasal dari sini. CAB-03 mengganti nama berkasnya (NNNN__roi_backremoved.jpg menjadi Cercospora Leaf Spot_NNN.jpg) sehingga jejak asalnya hilang, dan menyatakan citranya dikumpulkan di Bangladesh padahal ini data Brasil yang terbit 15 bulan lebih dulu. Kedua dataset bahkan sama-sama membawa 215 salinan internal berlebih. JANGAN gabungkan CAB-03 dan CAB-08 dalam satu himpunan latih. Keterbatasan lain: 12,4% duplikat internal; seluruh berkas sudah dipotong ROI dan latarnya dihapus (bukan foto lapangan utuh); TIDAK ADA mask/anotasi meski deskripsi menyebut untuk deteksi dan segmentasi lesi; kelas tunggal tanpa pembanding sehat; 1523 ukuran berbeda untuk 1738 gambar. Zenodo membalas HTTP 403 pembatasan laju tingkat jaringan selama sekitar 40 menit; berhasil setelah memakai User-Agent curl apa adanya, dan robots.txt diperiksa lebih dulu (ada baris eksplisit Allow: /api/records/*/files). Tidak ada login/paywall yang ditembus. Zenodo tidak mengumumkan sha256 di API sehingga pencocokan lintas penerbit tidak mungkin - hanya ukuran byte yang cocok."
CAB-09-pepper-penyakit-hama-mendeley,Pepper Diseases and Pests Detection,cabai|lainnya,cabai/paprika (tidak dinyatakan),TIDAK ADA LABEL di dalam arsip,gambar,gambar,JPG dalam ZIP,"100 berkas JPG (image_1..image_100), satu folder datar",Mendeley Data,https://data.mendeley.com/datasets/8mvpntr47w/1,CC BY 4.0,CC BY,2024,2026-08-25,datasets/priority/cabai/CAB-09-pepper-penyakit-hama-mendeley,220.73 MB,220732426,58c7928899a7de3fce6ab2274e0e8a694978fcb8b2512a70ad920b17bd3aaafe,diunduh,sebagian,"SHA-256 cocok persis dengan umuman Mendeley - integritas unduhan pasti. TAPI isinya jauh lebih miskin dari deskripsi: sumber menjanjikan ""gambar dan metadata beranotasi"", yang tersedia hanya 100 JPG tanpa subfolder kelas, tanpa berkas anotasi, tanpa metadata. Nama arsipnya ""PepperDiseaseTest"" - kemungkinan hanya split uji dari koleksi lebih besar yang tidak diterbitkan. Tidak ada modalitas kedua meski naskah induknya berjudul multi-modal. Ukuran gambar 56 KB-10,9 MB (koleksi campuran). Asal geografis tidak dinyatakan. Tidak bisa dipakai melatih/menguji tanpa pelabelan ulang manual."
CAB-10-chili-daun-fase-bangladesh,Chili Plant Leaf Disease and Growth Stage Dataset from Bangladesh,cabai,cabai,penyakit daun cabai + fase pertumbuhan (kelas tidak dibuka karena tidak diunduh),gambar,gambar,ZIP,"diklaim 3570 citra; 4 berkas, 8766,4 MiB",Mendeley Data,https://data.mendeley.com/datasets/w9mr3vf56s/1,CC BY 4.0,CC BY,2025,2026-08-25,-,9.19 GB,9193631615,lihat-notes,terlalu-besar,belum,"Melebihi batas 3 GB/dataset (8766,4 MiB). Rekaman ini adalah yang LEBIH DULU TERBIT dari pasangan duplikat byte-identik dengan CAB-07 (ymt8k9bjkn) - lihat catatan CAB-07 untuk rinciannya. Subset resmi ""Chili Leaf Disease Original Dataset.zip"" (501,47 MiB) sebenarnya bisa diunduh terpisah, tapi dilewati agar anggaran 8 GB/agen tetap aman dan karena data penyakit cabai Bangladesh sudah diwakili CAB-03 dan CAB-04 yang metadatanya lebih baik."
CAB-11-cold-chilli-koppal,chilli dataset (bagian cabai dari COLD - Chilli and Onion Leaf Dataset),cabai,cabai,cercospora/cerocospora; healthy; murda complex (tungau Polyphagotarsonemus latus + trips Scirtothrips dorsalis); nutritional deficiency; powdery mildew (Leveillula taurica),gambar,gambar,JPG dalam 3 arsip RAR (2 RAR5 + 1 RAR4),"makalah mengklaim 10987, terhitung 13983 berkas JPG (resized_raw 1932; cropped 532; cropped_resized 11519). Arsip mentah per kelas: cerocospora 899; healthy 329; murda 275; nutritional 267; powdery mildew 162",Mendeley Data,https://data.mendeley.com/datasets/tf9dtfz9m6/2,CC BY 4.0 (metadata Mendeley) vs CC BY-NC 4.0 (makalah Data in Brief) - BERTENTANGAN,CC BY-NC(-SA),2024,2026-08-25,datasets/priority/cabai/CAB-11-cold-chilli-koppal,544.03 MB,544025111,lihat-SHA256SUMS,diunduh,sebagian,"Ketiga SHA-256 cocok dengan umuman Mendeley. Lingkungan tidak punya unrar/unar/7z, jadi daftar isi dibaca dengan mengurai HEADER RAR4/RAR5 langsung dari byte lewat skrip python3 sendiri (tanpa dekompresi, tanpa menjalankan apa pun) - karena piksel belum didekompresi, status sebagian. SATU-SATUNYA dataset dalam panen ini yang punya kelas HAMA (murda complex = tungau+trips) dan salah satu dari dua yang punya embun tepung. KEBOCORAN LATIH/UJI PARAH: 179 dari 227 indeks sumber di augment/test juga ada di augment/train (78,9%); plus 6 nama berkas identik di raw train dan test. Ejaan kelas tidak konsisten antar arsip (cercospora vs cerocospora dll). LISENSI BERTENTANGAN antara Mendeley (CC BY) dan makalah (CC BY-NC) - perlakukan sebagai NC. Makalah menyitasi versi .3 yang tidak ada di API (hanya v1 dan v2). India (Koppal, Karnataka)."
CAB-12-tcp-tomat-cabai-pepaya,TCP (Tomato-Chilli-Papaya Fruit & Leaf) Disease Dataset,cabai|tomat|lainnya,cabai; tomat; pepaya,cabai: Chili Bacterial Spot; Chili Healthy Leaf; Chilli Cercospora Leaf Spot; Chilli Curl Virus; Chilli Nutrition Deficiency; Chilli White spot; Disease Chilli (buah); Health chilli (buah). Plus 5 kelas tomat dan 7 kelas pepaya,gambar,gambar,JPG/JPEG/PNG dalam ZIP,"9541 gambar total (cabai 2818; tomat 4202; pepaya 2521); 9364 unik (177 salinan berlebih, 1,9%)",Mendeley Data,https://data.mendeley.com/datasets/m4m6j2tjfj/4,CC BY 4.0,CC BY,2026,2026-08-25,datasets/additional/CAB-12-tcp-tomat-cabai-pepaya,199.40 MB,199396470,07135e5acd1948b5c8c0d80401eb7fe4a13ef3e12717ca6ea16cc758bcc5fe49,diunduh,terverifikasi,"SHA-256 dan ukuran byte cocok persis dengan umuman Mendeley; unzip -t lolos. Diambil agen cabai karena SATU-SATUNYA sumber CITRA BUAH CABAI dalam seluruh panen (Disease Chilli 174 + Health chilli 218) - semua dataset cabai lain hanya memotret daun, padahal antraknosa/patek menyerang buah. Juga satu-satunya yang punya kelas Chilli White spot. HANYA 1 DARI 2 BERKAS DI DOI yang diunduh: ""Three Fruit and leaf crops disease dataset.zip"" (1732 MiB) dilewati demi anggaran 8 GB/agen. Resolusi rendah (16-60 KB per gambar). Penamaan tidak konsisten (Chili vs Chilli). Kelas buah cuma Disease/Health tanpa nama penyakit. Tidak ada kelas antraknosa daun. Rajasthan, India. Ditaruh di additional/ karena 3 tanaman."
CAB-13-chilcv-16gb-figshare,Chilli leaf curl virus dataset,cabai,cabai,daun cabai sehat dan terinfeksi chilli leaf curl virus (ChiLCV),gambar,gambar,ZIP tunggal,"tidak dinyatakan; 1 berkas 16120,71 MiB",figshare,https://figshare.com/articles/dataset/Chilli_leaf_curl_virus_dataset/31035043,CC BY 4.0,CC BY,2026,2026-08-25,-,16.90 GB,16904011776,md5 penerbit 0a930e7e52b18dcf6048b13873f8c6ce,terlalu-besar,tidak-berlaku,"16,1 GiB dalam SATU berkas ZIP - lima kali lipat batas 3 GB/dataset dan dua kali lipat batas 8 GB/agen; sumber tidak menyediakan subset resmi terpisah, jadi tidak ada jalan mengambil sebagian. Penulis sama dengan CAB-02 (Kannan M; Parthasarathy Seethapathy) dan temanya sama (ChiLCV), sehingga besar kemungkinan CAB-02 adalah versi kurasi dari koleksi ini - CAB-02 sudah memberi 22829 citra ChiLCV berlabel dan bermetadata dengan ongkos 985 MiB."
CAB-14-arten-multicrop-mendeley,ARTEN-Enhanced Multi-Crop Disease Dataset,cabai,pisang; cabai; kacang tanah; kembang kol; lobak,penyakit daun lima tanaman (kelas cabai tidak dirinci sumber),gambar,gambar,ZIP,"diklaim 21875 citra 640x640; 1 berkas 1753,18 MiB",Mendeley Data,https://data.mendeley.com/datasets/s2sxywhtx5/1,CC BY 4.0,CC BY,2026,2026-08-25,-,1.84 GB,1838328975,,ditemukan,belum,"Muat dalam batas ukuran dan lisensinya terbuka, tapi SENGAJA tidak diunduh: seluruh citranya sudah DIOLAH oleh jaringan peningkat citra ""ARTEN"" (Attention-guided Residual Texture Enhancement Network) buatan penulis sendiri. Untuk basis data rujukan Pranatani, gambar yang sudah dimanipulasi model bukan bukti visual yang sah - model yang dilatih di sini belajar artefak ARTEN, bukan gejala. Sumber tidak menerbitkan citra aslinya. Porsi cabai juga tidak dirinci."
CAB-15-multicrop-vit-mendeley,Multi-Crop Disease Dataset,cabai,pisang; cabai; lobak; kacang tanah; kembang kol,"lebih dari 30 kelas; disebut Sigatoka, Leaf Curl, Anthracnose, Rust, Downy Mildew, Black Rot",gambar,gambar,gambar 640x640 + anotasi kotak YOLO,diklaim lebih dari 23000 citra; daftar berkas tidak bisa diambil,Mendeley Data,https://data.mendeley.com/datasets/6243z8r6t6/1,CC BY 4.0,CC BY,2025,2026-08-25,-,tidak diketahui,,,ditemukan,belum,"API Mendeley public-api untuk id ini konsisten membalas HTTP 504 pada empat percobaan terpisah lintas satu jam, sehingga manifes berkas, ukuran, dan checksum TIDAK BISA diambil - tanpa itu unduhan tidak bisa diverifikasi. Metadata di baris ini berasal dari halaman web dataset (VIT University Chennai, Prem Kumar E, 26 Juni 2025), dikumpulkan November-Januari 2024 di Chengalpattu, Kanchipuram, dan Krishnagiri, Tamil Nadu. Menarik karena beranotasi kotak YOLO dan memuat Anthracnose; layak dicoba ulang saat API pulih."
CAB-16-pepper-bell-mendeley,Pepper Bell Leaf Disease,lainnya,paprika (bell pepper),Bacterial Spot; Cercospora Leaf Spot; Healthy; Leaf Curl; Nutrition Deficiency; Powdery Mildew,gambar,gambar,JPG berkas lepas,"diklaim 9283 citra; 9283 berkas, 733,83 MiB",Mendeley Data,https://data.mendeley.com/datasets/w9drvtxg9g/1,CC BY 4.0,CC BY,2026,2026-08-25,-,769.48 MB,769482055,,ditemukan,belum,"Tidak diunduh atas dasar pemeriksaan nama berkas di manifes API: pola ___JR_B.Spot_NNNN.JPG dan ___NREC_B.Spot menunjukkan turunan PlantVillage paprika, dan sufiks _180deg serta _flipTB menunjukkan augmentasi rotasi/cermin ikut dihitung sebagai citra. Artinya 9283 bukan 9283 foto berbeda. Paprika, bukan cabai Indonesia. PlantVillage sendiri milik agen tomat (TOM-01), jadi mengunduh turunan augmentasinya menambah ongkos tanpa menambah informasi."
CAB-17-pepper-yangzhou-onrequest,"Pepper leaf disease dataset (Xijiang Agro-ecological Park, Yangzhou)",cabai|lainnya,cabai/paprika,pepper scab; pepper powdery mildew; pepper anthracnose; pepper white spot disease; pepper blight; pepper botrytis cinerea,gambar,gambar,tidak dinyatakan,"diklaim 5669 citra asli, 6 kelas",Frontiers in Plant Science (artikel 10.3389/fpls.2023.1230886),https://www.frontiersin.org/journals/plant-science/articles/10.3389/fpls.2023.1230886/full,tidak dinyatakan,tidak dinyatakan,2023,2026-08-25,-,tidak diketahui,,,terhalang-akun,tidak-berlaku,"Cakupan kelasnya paling menarik dari semua kandidat (satu-satunya yang punya pepper blight/Phytophthora dan botrytis sekaligus antraknosa), tapi TIDAK ADA repositori, DOI data, atau tautan unduh. Pernyataan ketersediaan data artikel: data mentah akan disediakan penulis atas permintaan, tanpa keberatan berlebihan. Sesuai KETENTUAN bagian 2.1, permintaan lewat penulis diperlakukan sebagai terhalang-akun dan tidak ditembus. Yangzhou, Jiangsu, Cina, 2020. Lisensi datanya tidak dinyatakan."
CAB-18-benin-chili-springer,Chili pepper disease dataset from Benin (Discover Artificial Intelligence 10.1007/s44163-025-00583-4),cabai,cabai,anthracnose (213 citra); TYLCV (202 citra); healthy (119 citra),gambar,gambar,tidak dinyatakan,534 citra total,Springer Nature (Discover Artificial Intelligence),https://link.springer.com/article/10.1007/s44163-025-00583-4,tidak dinyatakan,tidak dinyatakan,2025,2026-08-25,-,tidak diketahui,,,terhalang-akun,tidak-berlaku,"Halaman artikel mengalihkan ke idp.springer.com/authorize (dinding masuk SSO); pengalihan TIDAK diikuti sesuai KETENTUAN bagian 2.1. Cacah kelas di baris ini berasal dari ringkasan hasil pencarian, bukan dari artikel yang dibaca langsung, jadi belum terverifikasi. Menarik karena iklim Benin (tropis lembab) lebih mirip Indonesia daripada Bangladesh atau Deccan, dan kelasnya justru dua penyakit terpenting di Indonesia. Layak dikejar lewat surel penulis."
CAB-19-kaggle-dhenyd-chili,"Chili Plant Disease (Kaggle, dhenyd)",cabai,cabai,healthy; leaf curl; leaf spot; whitefly; yellowish,gambar,gambar,gambar (rincian tidak terbaca),"diklaim 500 citra, 100 per kelas; split latih 80 / validasi 10 / uji 10 per kelas",Kaggle,https://www.kaggle.com/datasets/dhenyd/chili-plant-disease,tidak diketahui,tidak dinyatakan,tidak diketahui,2026-08-25,-,tidak diketahui,,,terhalang-akun,tidak-berlaku,"Unduhan Kaggle butuh akun/token; tidak ditembus sesuai KETENTUAN bagian 2.1. Halaman datasetnya dirender JavaScript sehingga lisensi, ukuran, dan tanggal TIDAK bisa dibaca tanpa masuk - metadata di baris ini berasal dari makalah-makalah Indonesia yang memakainya, jadi BELUM TERVERIFIKASI. Paling menarik dari tiga dataset Kaggle yang ditemukan: nama pemiliknya berbau Indonesia dan kelasnya (whitefly/kutu kebul, yellowish/virus kuning, leaf curl) persis kosakata masalah cabai Indonesia. Kalau pengguna punya token Kaggle, ini kandidat unduhan pertama."
CAB-20-kaggle-shuvo-chili,"Chili Plant Disease Detection (Kaggle, shuvokumarbasak4004)",cabai,cabai,tidak terbaca tanpa masuk akun,gambar,gambar,tidak diketahui,tidak diketahui,Kaggle,https://www.kaggle.com/datasets/shuvokumarbasak4004/chili-plant-disease-detection,tidak diketahui,tidak dinyatakan,tidak diketahui,2026-08-25,-,tidak diketahui,,,terhalang-akun,tidak-berlaku,"Butuh akun Kaggle; tidak ditembus. Halaman dirender JavaScript - hanya judul yang bisa dibaca, seluruh metadata lain (lisensi, ukuran, kelas, tanggal) tidak tersedia tanpa masuk. Dicatat agar tidak dicari ulang."
CAB-21-kaggle-ravindu-chilli,"Chilli Plant Diseases Dataset (Kaggle, ravindubandara3002)",cabai,cabai,tidak terbaca tanpa masuk akun,gambar,gambar,tidak diketahui,tidak diketahui,Kaggle,https://www.kaggle.com/datasets/ravindubandara3002/chilli-plant-diseases-dataset,tidak diketahui,tidak dinyatakan,tidak diketahui,2026-08-25,-,tidak diketahui,,,terhalang-akun,tidak-berlaku,Butuh akun Kaggle; tidak ditembus. Metadata tidak terbaca karena halaman dirender JavaScript. Dicatat agar tidak dicari ulang.
CAB-22-roboflow-ptata-antraknosa,"Chili Anthracnose Disease (Roboflow Universe, PTATA)",cabai,cabai,antraknosa cabai (deteksi objek),gambar,gambar,deteksi objek (ekspor Roboflow),tidak diketahui,Roboflow Universe,https://universe.roboflow.com/ptata/chili-anthracnose-disease-prvwz,disebut Open Source Dataset; lisensi persis tidak terbaca,lainnya,2025,2026-08-25,-,tidak diketahui,,,terhalang-akun,tidak-berlaku,"Unduhan Roboflow butuh akun/kunci API; tidak ditembus. Halamannya juga membalas HTTP 403 untuk pengambil otomatis, sehingga cacah citra dan lisensi persisnya TIDAK bisa diperiksa. Relevan karena antraknosa adalah lubang data terbesar untuk cabai Indonesia dan dataset ini beranotasi kotak, bukan sekadar klasifikasi."
CAB-23-roboflow-rizoma-antraknosa,"Anthracnose Klasifikasi Chili (Roboflow Universe, Traker Rempah rempah bumbu dapur Rizoma)",cabai,cabai,antraknosa cabai (klasifikasi),gambar,gambar,klasifikasi (ekspor Roboflow),tidak diketahui,Roboflow Universe,https://universe.roboflow.com/traker-rempah-rempah-bumbu-dapur-rizoma/anthracnose-klasifikasi-chili,tidak terbaca,lainnya,2025,2026-08-25,-,tidak diketahui,,,terhalang-akun,tidak-berlaku,"Butuh akun/kunci API Roboflow; halaman membalas 403 untuk pengambil otomatis. KANDIDAT INDONESIA PALING MENJANJIKAN dari jalur ini: nama ruang kerjanya berbahasa Indonesia (""Traker Rempah rempah bumbu dapur"") dan judulnya memakai kata ""Klasifikasi"", sehingga besar kemungkinan datanya dari lapangan Indonesia dan justru untuk antraknosa - lubang data terbesar. Perlu ditindaklanjuti pengguna yang punya akun Roboflow."
CAB-24-chili-pests-diseases-figshare,Chili Pests and Diseases Dataset,cabai,cabai,hama dan penyakit cabai (rincian tidak tersedia),gambar,gambar,tidak diketahui,tidak diketahui,figshare,https://figshare.com/articles/Chili_Pests_and_Diseases_Dataset/12434066,CC BY 4.0 (menurut catatan DataCite),CC BY,2020,2026-08-25,-,tidak diketahui,,,gagal,tidak-berlaku,"DOI 10.6084/m9.figshare.12434066 masih terdaftar di DataCite (CC BY 4.0, 2020, tiga versi) dan doi.org masih mengalihkan ke halaman figshare, TETAPI entitasnya sudah hilang: api.figshare.com/v2/articles/12434066 membalas {""message"":""Entity not found: article""} dan versi 1 maupun 2 membalas EntityNotFound. Halaman webnya sendiri membalas HTTP 202 dengan badan kosong (tantangan bot). Kesimpulan: item ditarik atau dijadikan privat oleh penerbitnya, bukan terhalang akun. Satu-satunya dataset kandidat yang judulnya menjanjikan HAMA cabai selain CAB-11."
CAB-25-rin-brin-keragaman-cabai,Keragaman Genetik Cabai (Repositori Ilmiah Nasional BRIN),cabai,cabai,"tidak ada - data keragaman genetik, bukan penyakit",tabular,tabular,tidak diketahui,tidak diketahui,RIN - Repositori Ilmiah Nasional BRIN (Laboratorium Sistematika Molekuler Tumbuhan Dataverse),https://hdl.handle.net/20.500.12690/RIN/APO6JG,tidak diketahui,tidak dinyatakan,2021,2026-08-25,-,tidak diketahui,,,gagal,tidak-berlaku,"Satu-satunya repositori pemerintah Indonesia yang sempat menjawab: data.brin.go.id/api/search?q=cabai membalas 9 hasil pada percobaan pertama. Sesudah itu SELURUH permintaan berikutnya gagal koneksi (curl http:000, WebFetch ECONNREFUSED ke 103.224.136.3:443) pada enam percobaan lintas satu jam, sehingga daftar sembilan hasil itu tidak bisa diambil ulang atau ditelusuri sampai berkasnya. Isinya sendiri kemungkinan besar tidak relevan (keragaman genetik untuk riset cabai tahan kekeringan, dana LPDP), tapi PORTALNYA relevan: ini jalur paling mungkin menemukan data cabai Indonesia dan perlu dicoba ulang saat jaringannya pulih."
CAB-26-zenodo-varietas-filipina,Philippine Chili Pepper Image Dataset for Siling Labuyo and Taiwan F1 Classification,cabai,cabai,"TIDAK ADA - klasifikasi varietas, bukan penyakit",campuran,campuran,JPG + PNG + XLSX,"22 berkas; hanya sekitar 7 foto cabai, sisanya grafik hasil",Zenodo,https://zenodo.org/records/19516961,CC BY 4.0,CC BY,2026,2026-08-25,-,23.07 MB,23068672,,ditolak,tidak-berlaku,"Ditolak dua kali. Pertama: bukan dataset penyakit - isinya membedakan VARIETAS (Siling Labuyo vs Taiwan F1). Kedua: bahkan sebagai dataset citra pun tidak memenuhi syarat - dari 22 berkas, 13 di antaranya adalah gambar hasil analisis (CONFUSION MATRIX 1-3, SCATTER PLOT 1-6, FINE GAUSSIAN SVM, Fine KNN, WEIGHTED KNN, PARALLEL COORDINATES PLOT) plus satu tables.xlsx; foto cabai sungguhan hanya sekitar tujuh. Ini lampiran gambar sebuah makalah yang diberi label dataset, sesuai KETENTUAN bagian 2.5."
CAB-27-github-smartable-antraknosa,smart-able/Anthracnose - Diagnosis Anthracnose of Chili Pepper using CNN based Deep Learning Models,cabai,cabai,antraknosa cabai,teks,teks,Jupyter notebook,"3 berkas, 262 KB total",GitHub,https://github.com/smart-able/Anthracnose,CC0-1.0,CC0,2025,2026-08-25,-,268.29 KB,268288,,ditolak,tidak-berlaku,"Repositori KODE, bukan dataset. Isi tingkat atas hanya tiga berkas: Anthracnose_code.ipynb (420 KB), LICENSE, README.md - tidak ada direktori data, tidak ada citra. Sesuai KETENTUAN bagian 2.5 statusnya ditolak, dan sesuai bagian 2.2 notebook-nya tidak dijalankan. Lisensi CC0-1.0 berlaku untuk kodenya, bukan untuk data apa pun."
CAB-28-cold-onion-duplikat,"Onion dataset (COLD - Chilli and Onion Leaf Dataset, bagian onion)",bawang-merah,bawang merah/bombay,penyakit daun bawang,gambar,gambar,RAR,diklaim 4502 citra bawang,Mendeley Data,https://data.mendeley.com/datasets/7nxxn4gj5s,CC BY (Mendeley) vs CC BY-NC (makalah),CC BY-NC(-SA),2024,2026-08-25,datasets/priority/bawang-merah/BWM-01-onion-cold-mendeley,,,,ditolak,tidak-berlaku,"DUPLIKASI DICEGAH. DOI 10.17632/7nxxn4gj5s sudah diklaim agen bawang merah sebagai BWM-01, jadi tidak diunduh ulang sesuai KETENTUAN bagian 4. Penting untuk dicatat: COLD terbit sebagai DUA DOI terpisah yang berbagi satu makalah Data in Brief - bagian bawang (7nxxn4gj5s, milik agen bawang merah) dan bagian cabai (tf9dtfz9m6, diambil agen cabai sebagai CAB-11). Karena berkasnya benar-benar terpisah, tidak ada byte yang terunduh dua kali."
KEN-01-potatocare-umbi-mendeley,PotatoCare: Deep learning based potato disease dataset,kentang,kentang,Black Scurf (Rhizoctonia solani); Blackleg; Blackspot Bruising; Brown Rot (Ralstonia solanacearum); Common Scab (Streptomyces scabies); Dry Rot (Fusarium); Pink Rot; Soft Rot (Pectobacterium); Healthy; Miscellaneous,gambar,gambar,JPG/PNG dalam ZIP,3905,Mendeley Data,https://data.mendeley.com/datasets/7vm7xskfg4/2,CC BY 4.0,CC BY,2025,2026-08-25,datasets/priority/kentang/KEN-01-potatocare-umbi-mendeley,94.62 MB,94618508,51efd54088740b2215ce5afacbc3ca4c403b38083d353fcf409a40384a6049cc,diunduh,sebagian,"DOI 10.17632/7vm7xskfg4.2. Diklaim 10.117 gambar, terhitung 3.905; rincian per kelas penerbit (jumlah 3.891) cocok dengan isi arsip, jadi angka 10.117 kemungkinan pascaaugmentasi. SATU-SATUNYA dataset umbi berspektrum luas dalam panen ini. Ketimpangan kelas 28:1 (Dry Rot 1.355 vs Black Scurf 49). Asal gambar campuran tanpa provenans per berkas - risiko hak cipta bila diterbitkan ulang per gambar."
KEN-02-virus-daun-umbi-mendeley,Potato Viral Disease Dataset on both Foliar and Tuber,kentang,kentang,Mosaic virus (daun); PLRV/Potato Leaf Roll Virus (daun); PSTVd/Potato Spindle Tuber Viroid (umbi); PVY tuber cracking (umbi); Crackingtype (umbi); Healthy leaf,gambar,gambar,JPG dalam ZIP,6565,Mendeley Data,https://data.mendeley.com/datasets/rgfhzd5mzw/1,CC BY 4.0,CC BY,2022,2026-08-25,datasets/priority/kentang/KEN-02-virus-daun-umbi-mendeley,617.00 MB,617004491,lihat-SHA256SUMS,diunduh,sebagian,"DOI 10.17632/rgfhzd5mzw.1. Diunduh 3 dari 7 berkas (dataset penuh ~8,9 GB > batas 3 GB); sumber menyediakan berkas terpisah per kelas. Potato Leaf.zip + Potato Tuber.zip = 6.480 citra TURUNAN (tepat 1.080/kelas, rerata 4-5 KB, pola nama ImageDataGenerator). PSTVD.zip = 85 citra UMBI ASLI resolusi penuh Nikon D90 (rerata 6,6 MB), cocok persis dengan klaim penerbit. Asli seluruh dataset 1.972 citra. Dilewati: Crackingtype 3.399 MB, Mosaic_leaf 2.552 MB, PLRV_leaf 2.024 MB, Healthy leaf 284 MB. Latar hitam seragam. SATU-SATUNYA yang memasangkan gejala daun dan umbi untuk patogen sama."
KEN-03-daun-kentang-mendeley,"Potato Leaf Disease Dataset (BARI Chattogram, Bangladesh)",kentang,kentang,Bacterial Soft Rot; Fungal Late Blight (Phytophthora infestans); Viral Leaf Roll; Viral PVX; Viral PVY; Healthy,gambar,gambar,JPG dalam ZIP,2351,Mendeley Data,https://data.mendeley.com/datasets/d5b3fzpw3g/1,CC BY 4.0,CC BY,2026,2026-08-25,datasets/priority/kentang/KEN-03-daun-kentang-mendeley,38.39 MB,38393565,549c7f3343422fa2b77b6fb2c5009a52215aa00626b2646435ba19f4826f8192,diunduh,sebagian,"DOI 10.17632/d5b3fzpw3g.1. Diklaim 2.400 (400/kelas), terhitung 2.351 (387-397/kelas). SELURUH berkas berawalan 'aug_' - 804 citra asli TIDAK diterbitkan, hanya turunan augmentasi. Split acak per berkas akan bocor lintas latih/uji. Diambil di lapangan nyata dengan iPhone 15, cahaya alami. Label virus tanpa konfirmasi ELISA/RT-PCR yang dinyatakan."
KEN-04-plantdoc-lapangan,PlantDoc: A Dataset for Visual Plant Disease Detection (varian klasifikasi / Cropped-PlantDoc),tomat|kentang|lainnya,"multi-tanaman (13 spesies, termasuk kentang & tomat)","28 kelas; kentang: Potato leaf early blight (117), Potato leaf late blight (105); tomat: 9 kelas (746 gambar); juga apel, paprika, blueberry, ceri, jagung, anggur, persik, raspberry, kedelai, labu, stroberi",gambar,gambar,JPG/PNG dalam ZIP (train/ + test/),2579,GitHub - pratikkayal/PlantDoc-Dataset,https://github.com/pratikkayal/PlantDoc-Dataset,CC BY 4.0,CC BY,2019,2026-08-25,datasets/additional/KEN-04-plantdoc-lapangan,984.41 MB,984413268,345548bb3659519f425608b428d8a2ca338032b7b02c3cb3c3bb2954fc8986d9,diunduh,sebagian,"Tanpa DOI; makalah arXiv 1911.10317 / ACM 10.1145/3371158.3371196. Diklaim 2.598, terhitung 2.579 (selisih 19). Kentang hanya 222 gambar (8,6%) dalam 2 kelas dan TIDAK ADA kelas kentang sehat. Kelas 'Tomato two spotted spider mites leaf' hanya 2 gambar. Gambar hasil scraping internet - hak cipta per gambar tidak seragam meski repo CC BY 4.0. Nilai utamanya: citra LAPANGAN berlatar ramai, pelengkap PlantVillage yang berlatar studio. Ditugaskan ke agen kentang lewat KETENTUAN.md bagian 4."
KEN-05-plantdoc-deteksi-objek,PlantDoc Object Detection Dataset (varian kotak-batas),tomat|kentang|lainnya,"multi-tanaman (13 spesies, termasuk kentang & tomat)","29 kelas train / 27 test; kentang: Potato leaf (sehat, 11 kotak), Potato leaf early blight (333), Potato leaf late blight (250) = 594 kotak-batas; tomat: 2.932 kotak dalam 9 kelas",campuran,campuran (gambar + anotasi kotak-batas),"JPG + PASCAL VOC XML + CSV, dalam ZIP",2594,GitHub - pratikkayal/PlantDoc-Object-Detection-Dataset,https://github.com/pratikkayal/PlantDoc-Object-Detection-Dataset,CC BY 4.0,CC BY,2019,2026-08-25,datasets/additional/KEN-05-plantdoc-deteksi-objek,994.77 MB,994774747,5a1c4e745967c7cc13b4b38c407e933c5137074932339c00e0d4fc17506c68ac,diunduh,terverifikasi,"ANOTASI IKUT, dua format: (a) PASCAL VOC XML satu berkas per gambar (bndbox xmin/ymin/xmax/ymax, banyak object per berkas), (b) train_labels.csv & test_labels.csv kolom filename,width,height,class,xmin,ymin,xmax,ymax. Total 8.921 kotak (8.469 train / 452 test) - ketimpangan train:test 19:1. 2.594 jpg vs 2.593 xml (satu gambar tanpa anotasi). Varian ini PUNYA kelas kentang sehat (11 kotak, hanya train) yang tidak ada di KEN-04. Nama berkas kotor bersisa query URL ('jpg?w=500&h=889'). Medan <path> di XML masih jalur mesin penulis. Gambar tumpang tindih dengan KEN-04 - jangan dicampur dalam satu split."
KEN-06-cip-hawar-genebank,Replication Data for: Late blight severity in potato accessions from the CIP genebank core collection,kentang,kentang,Late blight (Phytophthora infestans) - skor keparahan lb1-lb5 dan indeks AUDPC,tabular,tabular,TSV (.tab),1517,International Potato Center (CIP) Dataverse,https://data.cipotato.org/dataset.xhtml?persistentId=doi:10.21223/P3/HJLUJZ,CC BY 4.0,CC BY,2026,2026-08-25,datasets/priority/kentang/KEN-06-cip-hawar-genebank,165.38 KB,165381,lihat-SHA256SUMS,diunduh,terverifikasi,"DOI 10.21223/P3/HJLUJZ. 1.517 baris petak, 482 material, 14 kolom; 1.428 baris punya AUDPC. PENTING: endpoint API '?format=original' mengembalikan XLSX meski nama berkas .tab - berkas di raw/ diambil TANPA parameter itu sehingga benar-benar TSV. Nilai hilang ditulis string 'na'. Tidak ada koordinat, tanggal pengamatan, atau cuaca. Materialnya aksesi Andes (andigena, phureja, stenotomum), bukan varietas Indonesia."
KEN-07-cip-hawar-lbhtc2,Replication Data for: Late blight severity in breeding clones from CIP's LBHTC2 breeding population,kentang,kentang,Late blight (Phytophthora infestans) - skor keparahan LB1-LB7 (persen luas terserang) dan indeks AUDPC,tabular,tabular,TSV (.tab),5808,International Potato Center (CIP) Dataverse,https://data.cipotato.org/dataset.xhtml?persistentId=doi:10.21223/P3/PN2RGR,CC BY 4.0,CC BY,2026,2026-08-25,datasets/priority/kentang/KEN-07-cip-hawar-lbhtc2,538.15 KB,538148,lihat-SHA256SUMS,diunduh,terverifikasi,"DOI 10.21223/P3/PN2RGR. 5.808 baris petak, 2.755 genotipe unik, 7 titik waktu pengamatan; 5.484 baris punya AUDPC (rentang 70,0-2.677,5, rerata 775,0). Sama seperti KEN-06: jangan pakai '?format=original'. 218 baris tipe kosong dan petak bertanda 'empty' harus disaring. Tanggal tiap pengamatan tidak ada sehingga AUDPC tak bisa dihitung ulang. Populasi terseleksi tahan - sebaran bias ke arah tahan."
KEN-08-umbi-augmentasi-mendeley,Potato Crop Disease Augmentation Dataset,kentang,kentang,common_scab (Streptomyces scabies); dry_rot (Fusarium); gangrene (Boeremia foveata); violet_root_rot (Helicobasidium purpureum); cut (luka mekanis); healthy,gambar,gambar,JPG dalam ZIP,138000,Mendeley Data,https://data.mendeley.com/datasets/2rsrxwck2r/1,CC BY 4.0,CC BY,2025,2026-08-25,datasets/priority/kentang/KEN-08-umbi-augmentasi-mendeley,742.83 MB,742827034,1f135d7c1774950389bc71eaf93a944b33ee4e79cff0c8abfe511d57f602515e,diunduh,terverifikasi,"DOI 10.17632/2rsrxwck2r.1. 138.000 gambar = 23.000 x 6 kelas seimbang sempurna, 10 jenis augmentasi. NOL CITRA ASLI: uji awk -F/ 'NF==3' memberi 0 berkas pada kedalaman induk; tidak ada pemetaan turunan-induk. Tidak bisa dipakai untuk evaluasi jujur. Augmentasi warna (42.000 gambar) merusak ciri pembeda utama antar busuk. SATU-SATUNYA sumber untuk gangren dan busuk akar ungu dalam panen ini - pakai sebagai rujukan visual basis pengetahuan, bukan data latih/uji."
KEN-09-cip-pengelolaan-terpadu,Dataset for: Integrated management of late blight on potato,kentang,kentang,"Late blight (Phytophthora infestans) - AUDPC, rAUDPC, tekanan penyakit, kelas ketahanan RLB, dan kehilangan/kenaikan hasil per perlakuan fungisida",tabular,tabular,TSV (.tab) + XLSX kamus data,309,International Potato Center (CIP) Dataverse,https://data.cipotato.org/dataset.xhtml?persistentId=doi:10.21223/6RV436,tidak dinyatakan,tidak dinyatakan,2020,2026-08-25,datasets/priority/kentang/KEN-09-cip-pengelolaan-terpadu,82.27 KB,82270,lihat-SHA256SUMS,diunduh,terverifikasi,"DOI 10.21223/6RV436. LISENSI TIDAK DINYATAKAN (medan license bernilai null; Dataverse menampilkan teks baku 'made available without information on how it can be used') - PENERBITAN ULANG BERISIKO. 309 baris; perlakuan seimbang sempurna 103 Phosphonate / 103 Metalaxyl+Mancozeb / 103 Control; tahun 2010-2014; tekanan 195 High / 114 Low; 10 kultivar Afrika Timur; 4 lokasi Kenya bertaut GeoNames. Localities.tab punya 306 baris tapi hanya 4 terisi. Kolom YEAR bercampur '2011','2011a','2011b'."
KEN-10-hybrid-tuber-zenodo,"Hybrid Potato Tuber Dataset (Solanum tuberosum, Solanum phureja)",kentang,kentang,"Buen estado / kondisi baik (18.000); Defectuoso / cacat (18.000) - penerbit menyebut subkategori luka permukaan, umbi bertunas, umbi busuk, tetapi subkategori itu TIDAK terwujud sebagai label",gambar,gambar,"JPG 224x224 dalam ZIP, sudah terbagi train/val/test",36000,Zenodo,https://zenodo.org/records/20616990,CC BY 4.0,CC BY,2026,2026-08-25,datasets/priority/kentang/KEN-10-hybrid-tuber-zenodo,191.75 MB,191748474,25db7ce6a0db2ec433e732c7d712eaf262c48f69946dcfdc423bbb646bb7691d,diunduh,terverifikasi,"DOI 10.5281/zenodo.20616990 (versi 20616991). Pembuat: Armijos-Sarango, Cristian (Universidad Nacional de Loja, Ekuador). BERHASIL DIUNDUH pada percobaan kedua: 403 sebelumnya ternyata pembatasan laju sesaat Zenodo, bukan penyaringan permanen - berhasil dengan User-Agent penuh 'Mozilla/5.0 (Macintosh; Intel Mac OS X 10_15_7)', satu permintaan pada satu waktu, dan --retry 4 --retry-delay 15. MD5 terhitung 468ed3a9e2e9e1c509cd38e0f42282a9 COCOK dengan checksum terbitan Zenodo. Terhitung 36.000 gambar, SAMA PERSIS dengan klaim (train 23.040 / test 7.200 / val 5.760; Buen estado 18.000 / Defectuoso 18.000). Uji kebocoran: 0 nama berkas muncul di >1 split, indeks 1..18000 per kelas tanpa lubang. KETERBATASAN: hanya biner - subkategori cacat tidak dilabeli, sehingga busuk tidak terpisah dari umbi bertunas; tidak dapat dipetakan ke nama patogen. Provenans per gambar terhapus oleh penomoran ulang dan dataset ini 'incorporating multiple public potato datasets', jadi tumpang tindih dengan KEN-01/KEN-08 tak dapat dikesampingkan dan tidak dapat dipastikan apakah augmentasi diterapkan sebelum split. Sudah diperkecil ke 224x224 (rerata 5,2 KB) sehingga tekstur halus hilang. PERAN: penapisan biner mutu umbi (grading), BUKAN diagnosis penyakit - KEN-01 tetap sumber utama diagnosis."
KEN-11-foliar-yolov8-zenodo,"Annotated Dataset for Potato Foliar Disease and Healthy Leaf Detection (Septoria, Early Blight, Late Blight, Healthy)",kentang,kentang,Alternaria / early blight (1.057 kotak); Lancha / late blight Phytophthora infestans (1.072); Septoria (548); Sana / sehat (383),campuran,campuran (gambar + kotak-batas YOLOv8),"JPEG 1024x1024 + label YOLOv8 .txt + data.yaml, dalam ZIP",3060,Zenodo,https://zenodo.org/records/20247345,CC BY-NC 4.0,CC BY-NC(-SA),2026,2026-08-25,datasets/priority/kentang/KEN-11-foliar-yolov8-zenodo,678.79 MB,678792664,a3ad0a198f6df2c92ffc08f22baab623989f3d01a8e7e878528889d6be3446ab,diunduh,terverifikasi,"DOI 10.5281/zenodo.20247345 (versi 20247346). Pembuat: Cuaycal Tirira, Diego Ernesto (Universidad Tecnica del Norte, Ekuador). BERHASIL DIUNDUH pada percobaan kedua setelah pembatasan laju Zenodo reda; unduhan diselesaikan dengan curl -C - (resume) karena melewati batas waktu harness. Ukuran 678.792.664 byte sama persis dengan yang dinyatakan Zenodo. Terhitung 3.060 gambar + 3.060 kotak (0 label kosong), SAMA PERSIS dengan klaim; split train 2.448 / valid 306 / test 306 dengan proporsi kelas terstratifikasi. LISENSI NON-KOMERSIAL - satu-satunya NC dalam panen kentang; tidak boleh dipakai bila produk turunannya komersial. PERCANGGAHAN: data.yaml bawaan menulis 'license: Private' (proyek Roboflow agronorteai/deteccion-de-enfermedades-en-hoj-s1dkz v7) sedangkan Zenodo menyatakan CC BY-NC 4.0; yang mengikat adalah Zenodo. DUPLIKASI SEBAGIAN: 2.152 dari 3.060 citra berasal dari PlantVillage (klaim agen tomat TOM-01), jadi tambahan bersihnya hanya ~908 citra lapangan Ekuador - jangan dijumlahkan begitu saja. Tepat satu kotak per gambar, jadi ini klasifikasi berbungkus format deteksi, bukan deteksi banyak objek. Diproses berat: padding putih ke 1024x1024 + CLAHE. Satu-satunya sumber kelas Septoria pada kentang, dan satu-satunya daun kentang berlabel YOLO siap latih."
KEN-12-phytoscope-zenodo,PhytoScope: A Public Benchmark Dataset for Multi-Crop Disease Detection and Localization,lainnya,multi-tanaman,penyakit multi-tanaman dengan lokalisasi (rincian kelas belum diverifikasi),campuran,campuran (gambar + lokalisasi),belum diverifikasi,belum diverifikasi,Zenodo,https://zenodo.org/records/21383492,CC BY 4.0,CC BY,2026,2026-08-25,datasets/additional/TOM-12-phytoscope-lapangan,,,,ditolak,tidak-berlaku,"DOI 10.5281/zenodo.21383492. DUPLIKASI DICEGAH: sudah diklaim agen tomat sebagai TOM-12-phytoscope-lapangan (benchmark deteksi & lokalisasi penyakit multi-tanaman, 25 tanaman, format YOLO, citra lapangan) di datasets/additional/TOM-12-phytoscope-lapangan. Tidak diunduh ulang sesuai KETENTUAN bagian 4. Cakupan kentangnya perlu dirujuk dari direktori milik agen tomat. Catatan tambahan: zenodo.org juga menolak jaringan ini dengan HTTP 403."
KEN-13-soil-weather-zenodo,Soil-Weather Multivariate Crop Disease Dataset,lainnya,multi-tanaman,penyakit tanaman dikaitkan peubah tanah dan cuaca (rincian belum diverifikasi),tabular,tabular,belum diverifikasi,belum diverifikasi,Zenodo,https://zenodo.org/records/19885785,CC BY 4.0,CC BY,2026,2026-08-25,datasets/additional/TOM-10-cuaca-tanah-tabular,,,,ditolak,tidak-berlaku,DOI 10.5281/zenodo.19885785. DUPLIKASI DICEGAH: sudah diklaim agen tomat sebagai TOM-10-cuaca-tanah-tabular (250.000 observasi tanah+cuaca+penyakit) di datasets/additional/TOM-10-cuaca-tanah-tabular. Tidak diunduh ulang sesuai KETENTUAN bagian 4. Ini kandidat bahan EPIDEMIOLOGI terkuat yang ditemukan - rujuk direktori agen tomat untuk memeriksa apakah kentang termasuk di dalamnya. Catatan: zenodo.org menolak jaringan ini dengan HTTP 403.
KEN-14-fenotip-multitahun-zenodo,"Multi-year phenotypic dataset of potato genotypes evaluated for agronomic, biotic stress, and tuber traits",kentang,kentang,skor infeksi lapangan: Late blight (Phytophthora infestans); Virus; Rhizoctonia solani (patogen black scurf); plus hama Aphid (vektor virus) dan Mite,tabular,tabular,"XLSX 4 lembar (2022, 2023, 2024, Traits)",426,Zenodo,https://zenodo.org/records/21774103,CC BY 4.0,CC BY,2026,2026-08-25,datasets/priority/kentang/KEN-14-fenotip-multitahun-zenodo,81.92 KB,81922,4553d835d9f1ea650656b7bec2d77523682b48c608afa581d0b193f2e3e15965,diunduh,terverifikasi,"DOI 10.5281/zenodo.21774103 (versi 21774104). Pembuat: Quang Le Hoa; Ngoc Nguyen Tuan; Thi Nguyen Son; Thi Nguyen Thuy. BERHASIL DIUNDUH pada percobaan kedua. Diurai dengan zipfile+ElementTree langsung atas XML di dalam XLSX (tanpa menjalankan makro). 3 lembar tahun masing-masing 142 baris data x 29 kolom, 47 genotipe unik yang sama lintas tahun sehingga dapat dipasangkan; lembar Traits memuat kamus 26 sifat. NILAI KHAS 1: satu-satunya berkas tabular dalam panen ini yang mengukur Rhizoctonia solani di lapangan - menutup dari sisi tabular celah black scurf yang hanya punya 49 gambar di KEN-01. NILAI KHAS 2: asal Vietnam utara, dataran tinggi tropis Asia Tenggara - ANALOG AGROKLIMAT TERDEKAT dengan Dieng/Pangalengan/Modoinding di antara seluruh sumber tabular (bandingkan CIP di Peru dan KEN-09 di Kenya). KETERBATASAN: skala skor infeksi tidak dijelaskan sehingga hanya dapat ditafsir relatif; tidak ada AUDPC dan tidak ada pengamatan berulang dalam satu musim, jadi tidak bisa memodelkan kurva perkembangan penyakit; tidak ada cuaca/koordinat. Nama kolom memuat baris-baru di dalam sel ('Virus\nInfection ') dan spasi di ujung - perlu dinormalkan."
KEN-15-stagewise-hawar-zenodo,Supporting data for: Stage-wise detection of late blight in field-grown potato,kentang,kentang,hawar daun bertahap: Healthy / ILB (Initial Late Blight) / ALB (Advanced Late Blight) - PERINGATAN: ketiga label ini TIDAK disertakan dalam deposit,campuran,campuran,"JPEG 640x640 + 16 CSV evaluasi model + dokumentasi, dalam ZIP",1561,Zenodo,https://zenodo.org/records/22059910,CC BY 4.0,CC BY,2026,2026-08-25,datasets/priority/kentang/KEN-15-stagewise-hawar-zenodo,146.60 MB,146597826,59e902c87dddf41d1f8dd4ffbfed296d5ab970fac82cdfaffe1e4edfca498554,diunduh,terverifikasi,"DOI 10.5281/zenodo.22059910. Pembuat: Sunny Kumar Sharma; Hifjur Raheman (naskah Cogent Food & Agriculture 2026). BERHASIL DIUNDUH pada percobaan kedua. Terhitung 1.561 gambar, SAMA PERSIS dengan klaim, TETAPI hanya 1.544 unik: pemeriksaan SHA-256 per berkas menemukan 17 pasang identik bita per bita, jadi cacah citra asli yang sah adalah 1.544. Uji irisan hash terhadap 2.152 gambar kentang PlantVillage (dibaca dari arsip agen tomat) memberi 0 hash bersama - tidak ada tumpang tindih bita; plus 16 CSV, 2 MD, 1 TXT, 1 CFF. CITRA ASLI LAPANGAN TAPI TANPA LABEL: berkas DATA_PROVENANCE.md di dalam arsip menyatakan secara eksplisit bahwa label kelas per gambar, anotasi kotak-batas, manifes split train/valid/test, prediksi mentah, dan log/checkpoint TIDAK disertakan karena tidak tersimpan di arsip proyek, dan penulis memilih tidak merekonstruksinya. Ke-16 CSV adalah keluaran evaluasi model (kurva loss, mAP, presisi-recall, matriks kekeliruan, metrik per kelas, sebaran confidence/IoU, ablasi) plus angka transkripsi dari naskah - tidak satu pun memetakan image_N.jpg ke sebuah kelas. Untuk dipakai, 1.561 citra harus dianotasi ulang dari nol. NILAI: sumbangan citra daun kentang ASLI terbesar kedua dalam panen ini setelah KEN-01, dan satu-satunya yang membawa gagasan hawar BERTAHAP (awal vs lanjut) - pembedaan paling berguna secara praktis karena pada tahap awal penyemprotan masih ada gunanya. Tanpa EXIF sehingga tanggal/lokasi/perangkat tak dapat dipulihkan; sudah diseragamkan ke 640x640. Asal India. Kejujuran deposit ini patut dicatat: penulis merinci apa yang hilang alih-alih menyamarkannya."
KEN-16-pldd-up-lb-mendeley,"PLDD-UP: Potato Leaf Disease Dataset from Uttar Pradesh, India (subset LB.zip saja)",kentang,kentang,LB / late blight - hawar daun (Phytophthora infestans). Kelas EB (early blight) dan Healthy TIDAK diunduh.,gambar,gambar,"JPG/JPEG dalam ZIP, datar dalam satu folder LB/",6116,Mendeley Data,https://data.mendeley.com/datasets/3j4nfkvp2n/1,CC BY 4.0,CC BY,2026,2026-08-25,datasets/priority/kentang/KEN-16-pldd-up-lb-mendeley,2.32 GB,2323338293,f4d31182b5d2f147c256e1c73838eac9b17592b89ed2b1ae394f58863e74a447,diunduh,terverifikasi,"DOI 10.17632/3j4nfkvp2n.1. HANYA LB.zip yang diunduh (2,32 GB, muat di bawah batas 3 GB); EB.zip 2.766 MB dan Healthy.zip 3.683 MB TIDAK diambil - dataset penuh 8,77 GB. SHA-256 terhitung COCOK dengan hash terbitan Mendeley (f4d31182...e74a447) dan ukuran byte sama persis. Terhitung 6.116 gambar, SAMA PERSIS dengan klaim penerbit untuk kelas LB. ASLI, BUKAN AUGMENTASI: tidak ada awalan aug_ atau direktori jenis augmentasi; nama bergaya kamera berurut 'late-blight (N).jpg'; rerata 0,39 MB/berkas (bandingkan 4-5 KB thumbnail augmentasi di KEN-02/KEN-08); 32 dimensi BERBEDA (augmentasi berkelompok menyeragamkan ukuran); cacah tidak bulat. TAPI KLAIM 'ORIGINAL RESOLUTIONS' PENERBIT TIDAK SEPENUHNYA BENAR: pengukuran header JPEG seluruh 6.116 berkas menemukan 975 gambar (15,9%) berukuran TEPAT 224x224 - ukuran masukan CNN baku yang mustahil jadi keluaran kamera - dan blok itu menempati indeks bersambung 13..1029, pola khas kumpulan gabungan dari sumber lain yang sudah dipraproses. Hanya 25,9% (1.585 berkas) berdimensi kamera resolusi penuh. DUPLIKAT: 6.116 berkas -> 6.069 hash unik (40 hash muncul >1x, 47 berkas berlebih). Selain itu 92 indeks punya sekaligus versi 224x224 dan versi berdimensi lain, yang bisa jadi foto SAMA pada dua ukuran dan TIDAK terdeteksi hash; cacah asli paling konservatif 5.977. TUMPANG TINDIH: 0 hash bersama dengan KEN-15, dan 0 hash bersama dengan 2.152 gambar kentang PlantVillage (dibaca dari arsip agen tomat TOM-01). Uji tabrakan nama case-insensitive: 6.116 nama unik, 0 tabrakan, 6.116 berkas terekstrak - tidak ada yang tertimpa. KETERBATASAN: hanya SATU kelas, jadi tidak bisa dipakai sendirian melatih pengklasifikasi - perlu kelas pembanding dari dataset lain. Tidak ada anotasi kotak-batas. Asal Uttar Pradesh India, musim Rabi Okt 2025-Mar 2026, lapangan nyata."
KEN-17-diamant-tuber-mendeley,Diamant Potato Dataset for ROI and Surface Defect Instance Segmentation,kentang,kentang,cacat permukaan umbi (surface defect) + segmentasi ROI umbi terhadap latar,campuran,campuran (gambar + anotasi segmentasi instance),ZIP,belum dihitung,Mendeley Data,https://data.mendeley.com/datasets/4vty9rz7zw/1,CC BY 4.0,CC BY,2026,2026-08-25,,8.94 GB,8942000000,,terlalu-besar,belum,"DOI 10.17632/4vty9rz7zw.1. Total 8,94 GB dalam 2 berkas: roi_dataset.zip 5.024 MB dan defect_dataset.zip 3.918 MB - KEDUANYA melampaui batas 3 GB/dataset, jadi tidak ada subset resmi yang muat. Kultivar Diamant dari tiga pasar di Dhaka (Ashulia, Banasree, Khilgaon), Bangladesh; pipeline dua tahap untuk sortasi mutu ekspor. Ini kandidat TERBAIK untuk 'potato grading dataset' berkotak/bermasker - prioritas tinggi bila batas ukuran dinaikkan."
KEN-18-mikroskopi-umbi-figshare,A large-scale optical microscopy image dataset of potato tuber for deep learning based plant cell assessment,kentang,kentang,"BUKAN penyakit - penilaian sel/jaringan umbi: gradasi fisik (ukuran L/M/S), morfologi (area penampang), dan zona jaringan (inti dalam/luar)",gambar,gambar,RAR berisi citra mikroskopi brightfield,15938,figshare,https://figshare.com/articles/dataset/12206270,CC0,CC0,2020,2026-08-25,,37.50 GB,37504400000,,terlalu-besar,belum,"DOI 10.6084/m9.figshare.12206270. Satu berkas RAR 37,5 GB - 12x batas per dataset. 9.811 citra tanpa pewarnaan + 6.127 citra terwarnai. Terkait makalah Scientific Data (10.1038/s41597-020-00706-9). CATATAN RELEVANSI: ini penilaian SEL umbi di bawah mikroskop, BUKAN diagnosis penyakit - nilainya untuk kentang rendah meski subjeknya umbi. Lisensi CC0 (paling longgar dalam panen ini)."
KEN-19-sfld-solanaceae-mendeley,Solanaceae Family Leaf Disease Image Dataset (SFLD),tomat|kentang|lainnya,"multi-tanaman (terung, kentang, tomat)","daun sehat dan sakit dari tiga tanaman Solanaceae; kategori bakteri, jamur, dan virus",gambar,gambar,(berkas sebenarnya di Google Drive; rekaman Mendeley hanya berisi image.png + penunjuk .txt),2593 asli + 17000 augmentasi,Mendeley Data,https://data.mendeley.com/datasets/sd5m3mgvvx/1,CC BY 4.0,CC BY,2026,2026-08-25,,,,,ditemukan,belum,"DOI 10.17632/sd5m3mgvvx.1. REKAMAN PENUNJUK, BUKAN DATASET: rekaman Mendeley hanya memuat 2 berkas (image.png 939 KB dan SFLD_Dataset.txt 133 byte). Isi txt: 'SFLD dataset can be accessed using this link:' diikuti tautan folder Google Drive. Berkas sebenarnya tidak ada di Mendeley, sehingga tidak bisa diunduh lewat curl; folder Drive publik tapi butuh perkakas khusus Drive untuk unduh massal. Memuat KENTANG dan TOMAT - relevan bagi dua agen. Struktur hierarkis: subset asli (2.593) dan subset augmentasi (17.000)."
KEN-20-sampel-hawar-lapangan-mendeley,Sample dataset - Enhanced Field-Based Detection of Potato Blight in Complex Backgrounds Using Deep Learning,kentang,kentang,"hawar (blight) pada daun kentang di latar lapangan kompleks, berbagai lokasi dan waktu",gambar,gambar,305 berkas JPG lepas (tanpa arsip),305,Mendeley Data,https://data.mendeley.com/datasets/pbnw43s6kt/1,CC BY 4.0,CC BY,2025,2026-08-25,,1.01 GB,1015000000,,ditemukan,belum,"DOI 10.17632/pbnw43s6kt.1. 1,015 GB tersebar dalam 305 berkas JPG lepas tanpa arsip - butuh 305 unduhan terpisah. TIDAK DIUNDUH karena: deskripsi menjanjikan 'manually annotated to create labelled patches', tetapi pemeriksaan daftar berkas menunjukkan NOL berkas non-gambar - tidak ada berkas anotasi sama sekali. Jadi isinya foto lapangan TANPA label, bertentangan dengan deskripsinya. Nilai rendah untuk pelatihan berlabel."
KEN-21-scabynet,ScabyNet: common scab detection in potato tubers (data pendukung),kentang,kentang,common scab (Streptomyces scabies) pada umbi - keparahan dan sifat morfologi,gambar,gambar,tidak dinyatakan,tidak dinyatakan,Swedish University of Agricultural Sciences (SLU),https://pmc.ncbi.nlm.nih.gov/articles/PMC10787732/,tidak dinyatakan,tidak dinyatakan,2024,2026-08-25,,,,,terhalang-akun,tidak-berlaku,Pernyataan Data Availability makalah: 'The datasets generated and analyzed during the current study are not publicly available due to being obtained from a commercial breeding program but are available from the corresponding author on reasonable request.' Akses lewat permintaan perorangan ke penulis - tidak ditembus sesuai KETENTUAN bagian 2.1. Tidak ada repositori kode publik (GitHub/Zenodo) yang dicantumkan. Sayang karena common scab adalah kelas paling tipis di KEN-01 (hanya 60 gambar).
KEN-22-roboflow-potato-classification,"potato classification (Roboflow Universe, potato-defect-detection)",kentang,kentang,klasifikasi/deteksi cacat umbi kentang (rincian kelas di balik akun),gambar,gambar,format ekspor Roboflow (COCO/YOLO/VOC),1494,Roboflow Universe,https://universe.roboflow.com/potato-defect-detection/potato-classification-s4djh,tidak dinyatakan,tidak dinyatakan,2026,2026-08-25,,,,,terhalang-akun,tidak-berlaku,1.494 gambar sumber terbuka plus model terlatih dan API. Unduhan Roboflow Universe memerlukan akun/kunci API - tidak ditembus sesuai KETENTUAN bagian 2.1. Metadata dicatat untuk penelusuran manual di kemudian hari. Relevan untuk sisi UMBI (deteksi cacat).
KEN-23-cip-lateblight-advisor,Lateblight Advisor: A Weather-Driven Decision Support Dashboard for Potato Late Blight Risk and Fungicide Scheduling,kentang,kentang,risiko hawar daun berbasis cuaca - Blight Units (BU) dan penjadwalan fungisida,bukan-dataset,perangkat lunak (bukan data),tidak ada berkas,0,International Potato Center (CIP) Dataverse,https://data.cipotato.org/dataset.xhtml?persistentId=doi:10.21223/P3/PIH5W1,tidak dinyatakan,tidak dinyatakan,2025,2026-08-25,,0 B,0,,ditolak,tidak-berlaku,"DOI 10.21223/P3/PIH5W1. DITOLAK: rekaman Dataverse ini mendeskripsikan dashboard Python Shiny, dan panggilan API menunjukkan NOL berkas terlampir - tidak ada yang bisa diunduh. Sesuai KETENTUAN bagian 5, halaman/rekaman tanpa berkas yang bisa diunduh berstatus ditolak. Konsep model tetap berguna sebagai rujukan: menghitung Blight Units dari cuaca historis dan ramalan (WeatherAPI) menurut kelas ketahanan varietas - inilah keluarga model Smith Period/BLITECAST/NegFry yang dicari."
KEN-24-cip-digital-dss,Digital Decision Support Tool for Late Blight Management,kentang,kentang,pemantauan dan prediksi wabah hawar daun + saran pengelolaan,bukan-dataset,perangkat lunak (bukan data),tidak ada berkas,0,International Potato Center (CIP) Dataverse,https://data.cipotato.org/dataset.xhtml?persistentId=doi:10.21223/EVRRAX,CC BY 4.0,CC BY,2024,2026-08-25,,0 B,0,,ditolak,tidak-berlaku,"DOI 10.21223/EVRRAX. DITOLAK dengan alasan sama seperti KEN-23: panggilan API Dataverse menunjukkan NOL berkas terlampir meski lisensinya CC BY 4.0. Rekaman perangkat lunak/alat, bukan dataset."
TOM-01-plantvillage,PlantVillage Dataset,tomat|kentang|lainnya,tomat; kentang; cabai besar (paprika); + 11 tanaman lain (14 total),"Tomat 10 kelas: Bacterial spot, Early blight, Late blight, Leaf Mold, Septoria leaf spot, Spider mites, Target Spot, Yellow Leaf Curl Virus, Mosaic virus, healthy. Kentang 3 kelas: Early blight, Late blight, healthy. Paprika 2 kelas. Total 38 kelas",gambar,gambar,JPG dalam ZIP (arsip repo GitHub); varian color/grayscale/segmented,"54303 gambar per varian (color & grayscale), 54306 segmented; 38 kelas; tomat 18159, kentang 2152",GitHub - spMohanty/PlantVillage-Dataset (EPFL/Penn State),https://github.com/spMohanty/PlantVillage-Dataset,CC BY-SA 3.0,CC BY-SA,2016,2026-08-25,datasets/additional/TOM-01-plantvillage,2.50 GB,2504302720,858df90a05ab147fa2b0a32c47053128c4ca772326c43e962856e69290012374,diunduh,terverifikasi,"Daun tunggal dipetik, latar seragam, studio - model yang dilatih di sini jatuh pada foto lapangan. Lisensi CC BY-SA 3.0 hanya dinyatakan di cermin Hugging Face resmi; repo GitHub tanpa LICENSE. Kebocoran identitas daun: pakai leaf_grouping/. 19298 gambar turunan di data_distribution_for_SVM harus dikecualikan. Tidak ada layu bakteri/fusarium (penyakit pembuluh, tak terlihat di daun petik). Varian augmented 87.000 gambar di Mendeley sengaja tidak diambil."
TOM-02-tomato-village-lapangan,Tomato-Village: a dataset for end-to-end tomato disease detection in a real-world environment,tomat,tomat,"Early_blight, Late_blight, Leaf Miner, Spotted Wilt Virus, Magnesium Deficiency, Nitrogen Deficiency, Pottassium Deficiency, Healthy (8 kelas)",gambar,gambar,JPG dalam folder train/val/test + CSV multilabel,Variant-a 4526 gambar; Variant-b 5656 gambar + 5653 baris CSV; total 10184 berkas,GitHub - mamta-joshi-gehlot/Tomato-Village,https://github.com/mamta-joshi-gehlot/Tomato-Village,tidak dinyatakan,tidak dinyatakan,2023,2026-08-25,datasets/priority/tomat/TOM-02-tomato-village-lapangan,1.40 GB,1395864371,lihat-SHA256SUMS,diunduh,terverifikasi,"FOTO LAPANGAN (Jodhpur & Jaipur, Rajasthan, India, Maret 2022). Variant-b punya 1128 gambar bergejala majemuk (2-3 label sekaligus) - langka. Variant-c (deteksi objek, 14368 gambar, 2596 MB) TIDAK diambil karena a+b+c ~3,9 GB melampaui batas 3 GB; ini rekomendasi unduhan lanjutan nomor satu. Lisensi tidak dinyatakan -> penerbitan ulang berisiko. Variant-b sudah bercampur augmentasi tanpa penanda."
TOM-03-taiwan-daun-tomat,Dataset of Tomato Leaves (Taiwan Tomato Leaves Dataset),tomat,tomat,"Bacterial spot, Black mold, Gray spot, Late blight, powdery mildew, health (6 kelas)",gambar,gambar,JPG dalam arsip 7-Zip,"diklaim 622 asli, terhitung 622 asli + 4976 augmentasi = 5598 berkas gambar",Mendeley Data,https://data.mendeley.com/datasets/ngdgg79rzb/1,CC BY 4.0,CC BY,2020,2026-08-25,datasets/priority/tomat/TOM-03-taiwan-daun-tomat,48.01 MB,48008752,f623d13a7f0388dada08ca5b5f22716557defce3832f50ff6af7153e0eab676d,diunduh,terverifikasi,"DOI 10.17632/ngdgg79rzb.1. SHA-256 cocok dengan hash yang dipublikasikan Mendeley. Augmentasi tercampur dalam arsip yang sama - pakai hanya folder ""Preprocessed data"" untuk evaluasi. Taiwan subtropis, bukan Indonesia. Sangat kecil (kelas terkecil 14 gambar test)."
TOM-04-tomat-9-kelas-zenodo,A dataset for tomato disease detection,tomat,tomat,"9 kelas menurut deskripsi sumber: Early Blight, Healthy, Late Blight, Leaf Miner, Leaf Mold, Mosaic Virus, Septoria, Spider Mites, Yellow Leaf Curl Virus (di berkas hanya id 0-8)",gambar,gambar,"JPG + label YOLO (.txt) dalam ZIP, split train/valid/test",2212 gambar + 2212 berkas label; 6581 baris anotasi,Zenodo,https://zenodo.org/records/15868289,CC BY 4.0,CC BY,2025,2026-08-25,datasets/priority/tomat/TOM-04-tomat-9-kelas-zenodo,544.52 MB,544524808,c99e2ee29f5663e5325ebad4698cdefc19fc01b0879a52e3688fba3723585ba9,diunduh,terverifikasi,"DOI 10.5281/zenodo.15868288. Jumlah 2212 cocok dengan klaim sumber. TIDAK ADA data.yaml/classes.txt -> pemetaan id kelas 0-8 ke nama hanya dugaan dari urutan alfabetis di deskripsi Zenodo. Ekspor Roboflow, provenans gambar per-berkas tidak jelas. Sangat timpang (id 8 = 1213 anotasi vs id 2 = 473)."
TOM-05-pakistan-lapangan,Tomato Leaf Disease Classification Dataset in Pakistan,tomat,tomat,"Early blight, Late blight, Septoria leaf spot, Leaf mold, Yellow leaf curl virus, Healthy (6 kelas)",gambar,gambar,"JPG dalam ZIP; subset ""Dataset (raw)"" + ""Augmented Dataset"" (train/val/test)","diklaim 7200, terhitung 8030 = 830 asli + 7200 augmentasi",Mendeley Data,https://data.mendeley.com/datasets/3mbnb82mxd/2,CC BY 4.0,CC BY,2026,2026-08-25,datasets/priority/tomat/TOM-05-pakistan-lapangan,726.46 MB,726457628,2a2b36a8f972337f6d0e95e436835e55ffee5291fa07277157b40f0441f42f50,diunduh,sebagian,"DOI 10.17632/3mbnb82mxd.2. SHA-256 cocok dengan hash Mendeley. SEBAGIAN karena angka 7200 di deskripsi sumber adalah set AUGMENTASI; foto asli hanya 830. FOTO LAPANGAN kamera ponsel cahaya alami tanpa latar terkontrol. Augmentasi sudah dipisah train/val/test oleh pembuat dan tidak bisa ditelusuri ke foto induk -> risiko kebocoran; pakai ""Dataset (raw)"" dan buat split sendiri."
TOM-06-daun-buah-lapangan-bd,Tomato Leaf and Fruit Disease Image Dataset,tomat,tomat,"Healthy Leaf, Healthy Fruits, Early Blight Leaf, Late Blight Leaf, Leaf Curl Leaf, Bushy Stunt Leaf, Target Spot Fruits (7 kelas, 2 di antaranya BUAH)",gambar,gambar,PNG 512x512 dalam ZIP + README PDF + CSV daftar medan,"diklaim 3500, terhitung 3500 (7 kelas x 500)",Mendeley Data,https://data.mendeley.com/datasets/9jxvtgh325/1,CC BY 4.0,CC BY,2026,2026-08-25,datasets/priority/tomat/TOM-06-daun-buah-lapangan-bd,842.28 MB,842275669,lihat-SHA256SUMS,diunduh,terverifikasi,"DOI 10.17632/9jxvtgh325.1. Ketiga SHA-256 cocok dengan hash Mendeley. Satu-satunya dataset tomat di koleksi ini yang punya kelas PENYAKIT BUAH + Tomato bushy stunt virus. Berkas bernama ""Original Dataset.zip"" tapi isinya folder ""Resize Dataset"" 512x512; EXIF & nama asli hilang. Manifes yang menandai gambar augmentasi TIDAK disertakan. Seimbang persis 500/kelas -> hampir pasti sudah di-resample. Augmented Dataset.zip 7261 MB tidak diambil."
TOM-07-tfdd-buah-tomat,TFDD: A High-Quality Image Dataset for Accurate Tomato Fruit Disease Detection and Classification,tomat,tomat,"Anthracnose (antraknosa buah), Blossom_end_rot (busuk ujung buah), Cracking, Early_Blight, Fruitworm, Healthy, Late_Blight, Mold (8 kelas, semuanya pada BUAH)",gambar,gambar,"Raw Data.zip (JPG asli per folder kelas) + TFDD.zip (JPG + label YOLO + data.yaml + summary.csv, split train/valid/test) + CSV metadata","diklaim 288 gambar asli, terhitung 288 di Raw Data.zip; TFDD.zip 682 gambar beraugmentasi + 682 label + 825 kotak",Mendeley Data,https://data.mendeley.com/datasets/ktfnhjspjn/3,CC BY 4.0,CC BY,2025,2026-08-25,datasets/priority/tomat/TOM-07-tfdd-buah-tomat,421.09 MB,421090067,lihat-SHA256SUMS,diunduh,terverifikasi,"DOI 10.17632/ktfnhjspjn.3. Ketiga SHA-256 cocok dengan hash yang dipublikasikan Mendeley. SATU-SATUNYA dataset di panen tomat ini yang memuat ANTRAKNOSA BUAH dan BUSUK UJUNG BUAH (blossom end rot) - keduanya ada di daftar cakupan tapi tidak ada di PlantVillage, Tomato-Village, Pakistan, maupun Taiwan. data.yaml lengkap sehingga pemetaan id kelas 0-7 ke nama TERSEDIA (beda dari TOM-04 dan TOM-11). Sangat kecil: kelas terkecil Early_Blight hanya 20 gambar asli. Split test cuma 29 gambar untuk 8 kelas -> angka akurasi test nyaris tanpa makna. TFDD.zip sudah bercampur augmentasi dalam split bawaan; pakai Raw Data.zip (288 asli, tanpa anotasi) dan buat split sendiri. Ejaan kelas beda antar arsip: folder ""Blossom end root"" vs data.yaml ""Blossom_end_rot"". Cracking (gangguan fisiologis) dan Fruitworm (hama) bukan penyakit."
TOM-08-tabular-penyakit-tomat,A Comprehensive Dataset of Tomato Plant Diseases for National Predictive Analytics and Crop Health Management,tomat,tomat,"Early Blight, Late Blight, Leaf Miner, leaf mold, Mosaic Virus, Septoria, Spider Mites, Target Spot, Yellow Leaf Curl Virus (9)",tabular,teks (tabular),"CSV 3 kolom: Disease, Features, Description",54 record (46 berisi + 8 kosong),Mendeley Data,https://data.mendeley.com/datasets/ztncd79yhk/1,CC BY 4.0,CC BY,2025,2026-08-25,datasets/priority/tomat/TOM-08-tabular-penyakit-tomat,27.98 KB,27976,b0e61d805c56ef9c00b4739820137f6c696b38442eda247fce9be9fe4af0d181,diunduh,terverifikasi,"DOI 10.17632/ztncd79yhk.1 (cermin IEEE DataPort 10.21227/7p2x-sy36). SHA-256 cocok dengan hash Mendeley. BASIS PENGETAHUAN terbaik dari seluruh panen tomat: tiap penyakit punya symptoms, favourable_condition, pesticides, physical_biological, preventive_measures. 8 baris kosong harus dibuang. Nama medan tidak konsisten. Kolom pesticides berbasis India - WAJIB diperiksa ulang terhadap registri pestisida Indonesia. Spider Mites & Leaf Miner adalah hama, bukan penyakit."
TOM-09-agroguard-kentang-tomat,Pota-Toma-To leaf disease images dataset (AgroGuard 2.0),tomat|kentang,tomat; kentang,"Tomato_Early_Blight, Tomato_Healthy, Tomato_Late_Blight, Potato_Late_Blight (4 kelas)",gambar,gambar,JPEG dalam ZIP; Raw_Dataset + Advanced_Processed_Dataset,"diklaim 435, terhitung 435 unik x 2 salinan = 870 berkas",Mendeley Data,https://data.mendeley.com/datasets/354fsxwccb/1,CC BY 4.0,CC BY,2026,2026-08-25,datasets/priority/tomat/TOM-09-agroguard-kentang-tomat,68.32 MB,68318675,b029b6e8e9ffc1c31125401ddb0ae90afba1feb402f0e687466ef709e0b56090,diunduh,terverifikasi,"DOI 10.17632/354fsxwccb.1. SHA-256 cocok dengan hash Mendeley. PROVENANS BERMASALAH: nama folder memuat harfiah ""- Google Search"" dan berkasnya berpola ""imgi_{number} (N).jpeg"" -> hasil scraping Google Images. Klaim CC BY 4.0 penyetor tidak menutupi hak cipta pemilik asli - JANGAN diterbitkan ulang. Label = kata kunci pencarian, tidak diverifikasi ahli. Advanced_Processed adalah turunan Raw (DWT/HSV/resize 224) - pakai salah satu saja."
TOM-10-cuaca-tanah-tabular,Soil-Weather Multivariate Crop Disease Dataset,tomat|kentang|lainnya,tomat; kentang; padi; jagung; tebu; gandum (6 tanaman),"Tomat 6: Bacterial Wilt 802, Early Blight 1857, Fruit Borer Infestation 13279, Healthy 1648, Late Blight 1359, Leaf Curl Virus 1775. Kentang 6 termasuk Bacterial Wilt 2227. Total 40 pasangan tanaman x penyakit + Disease_Severity 1-3",tabular,tabular,CSV 23 kolom,"250000 baris data (0 duplikat), tomat 20720 baris",Zenodo,https://zenodo.org/records/19885786,CC BY 4.0,CC BY,2026,2026-08-25,datasets/additional/TOM-10-cuaca-tanah-tabular,70.51 MB,70508685,8efdfba2b62a53ca0d63d48ace59fe06cc1d15f7e801f51cc6aad6ef90c7eeb1,diunduh,terverifikasi,"DOI 10.5281/zenodo.19885785. Klaim ""250.000 real observations"" TIDAK didukung datanya: setiap kolom numerik berhenti di batas bulat buatan (N 5,006-149,999; pH 4,5-8,5; Rainfall 20,019-399,975) - ciri penarikan acak seragam. High_Temp_Warning konstan 1 untuk 250.000 baris. High_Wind_Warning rusak: 66572 nilai pecahan, bukan bendera 0/1. Satuan campur (Celsius vs Fahrenheit). TIDAK ADA kolom waktu/lokasi -> tidak bisa dipakai untuk epidemiologi sungguhan. Layak sebagai contoh skema saja."
TOM-11-kebun-bangladesh,Tomato Leaf Dataset: A dataset for multiclass disease detection and classification,tomat,tomat,"7 kelas menurut makalah: Early Blight, Black Spot, Late Blight, Leaf Mold, Bacterial Spot, Target Spot, Healthy (di berkas hanya id 0-6)",gambar,gambar,"JPG + label YOLO (.txt), berkas lepas (bukan arsip)","diklaim 1621 (makalah), terhitung 1420 gambar + 689 label = 2109 berkas",Mendeley Data,https://data.mendeley.com/datasets/bpfd9cns5g/2,CC BY 4.0,CC BY,2025,2026-08-25,datasets/priority/tomat/TOM-11-kebun-bangladesh,48.54 MB,48539589,lihat-SHA256SUMS,diunduh,sebagian,"DOI 10.17632/bpfd9cns5g.2, makalah doi 10.1016/j.dib.2025.111520. SEBAGIAN: 1420 gambar vs 1621 yang dirinci makalah (selisih 201). SHA-256 SETIAP berkas (2109/2109) cocok dengan hash Mendeley. FOTO LAPANGAN Dinajpur/Thakurgaon/Kushtia Bangladesh, kamera Canon EOS M50. 731 dari 1420 gambar (51%) TANPA label. Tidak ada data.yaml. Struktur 7 folder asli tidak diekspos public API - diselamatkan di manifes-folder.csv."
TOM-12-phytoscope-lapangan,PhytoScope: A Public Benchmark Dataset for Multi-Crop Disease Detection and Localization,cabai|tomat|kentang|lainnya,tomat; cabai; kentang; terung; + 21 tanaman lain (25 total),"Tomat 4 kelas: Tomato Bacterial spot, Tomato Fresh leaf, Tomato leaf curl virus, Tomato spotted wilt. Cabai 5 kelas, kentang 3 kelas, terung 3 kelas. Total 105 kelas",gambar,gambar,"JPG + label YOLO + 25 data.yaml dalam ZIP, split train/valid/test","20723 gambar, 20773 berkas label, 105 kelas, 25 tanaman; bagian tomat 801 gambar",Zenodo,https://zenodo.org/records/21383493,CC BY 4.0,CC BY,2026,2026-08-25,datasets/additional/TOM-12-phytoscope-lapangan,1.15 GB,1149897055,bd76757640538b0d889bcbb8ee5834e0d8e0082e47372438d15ae4178c308d3c,diunduh,terverifikasi,"DOI 10.5281/zenodo.21383492. Klaim >20.000 gambar / 25 tanaman / 105 kelas COCOK. Agregasi proyek Roboflow Universe (25 blok roboflow: semuanya menyatakan CC BY 4.0), bukan koleksi primer -> konsistensi label antar tanaman tidak dijamin. Berkas berawalan ""aug"" menunjukkan augmentasi sudah tercampur ke dalam split -> saring dulu sebelum evaluasi. Bagian tomat kecil (801 gambar, 4 kelas) tapi memuat Tomato spotted wilt yang langka + kotak pembatas lapangan."
TOM-13-zenodo-tomat-7z,Tomato Disease Dataset (Appe),tomat,tomat (diasumsikan dari judul),"TIDAK ADA - arsip tanpa label, tanpa subdirektori kelas, tanpa berkas anotasi",gambar,gambar,"JPG/PNG dalam arsip 7-Zip, satu folder datar",2388 berkas gambar tanpa label,Zenodo,https://zenodo.org/records/11102494,CC BY 4.0,CC BY,2024,2026-08-25,datasets/priority/tomat/TOM-13-zenodo-tomat-7z,29.39 MB,29389180,1d535e4602e61f21cb38dc13c69dc1bf37755b61a90fce56c540bba8c7a24a11,diunduh,terverifikasi,"DOI 10.5281/zenodo.11102494. TEMUAN NEGATIF: judul dan lisensi terbuka di repositori bereputasi tidak menjamin ada label. Rekaman Zenodo tanpa deskripsi sama sekali. Struktur datar train/ tanpa subfolder kelas, 0 berkas .txt/.csv/.json/.yaml. Ada 2 berkas *_thumb.png. Hanya berguna sebagai citra tak berlabel."
TOM-14-tomat-spanyol-tabular,Evaluation of tomato (Solanum lycopersicum) genetic resources in Spain (2023-2024),tomat,tomat,"Kolom 06_PHD (teks bebas): Red spider mite (1-4), Tuta absoluta, Mosaic symptoms in flower bud, Leaf curling, Blossom-related symptoms, Wilted, fungus, None detected. Plus skala 1-5: 24_DR_SL Disease resistance, 27_BER_SL Blossom end rot resistance, 29_FDR_SL Foliar disease resistance",tabular,tabular,"4 berkas XLSX, 4 lembar masing-masing (metadata, traits, raw Data, SeedLinked)","122 baris data (32+42+32+16), 18 kolom sifat + 11 sifat SeedLinked","Zenodo (Horizon Europe LiveSeeding, UPV)",https://zenodo.org/records/22024765,CC BY-NC-SA 4.0,CC BY-NC(-SA),2026,2026-08-25,datasets/priority/tomat/TOM-14-tomat-spanyol-tabular,262.36 KB,262358,lihat-SHA256SUMS,diunduh,terverifikasi,"DOI 10.5281/zenodo.22024764. LISENSI PALING KETAT di koleksi ini: non-komersial + berbagi-serupa; jangan dicampur ke basis data CC BY tanpa dipisahkan. Sangat kecil (122 baris). Kolom penyakit teks bebas tanpa kode terkendali. Dua uji lapang 2024 nyaris tanpa catatan penyakit. Valencia/Mediterania, bukan Indonesia. Lembar metadata memuat nama & kontak orang (data pribadi). Nilainya sebagai CONTOH SKEMA pengamatan lapangan yang rapi, termasuk sifat ketahanan busuk ujung buah."
TOM-15-layu-bakteri-dryad,Data from: Bacteria-phage coevolution drives variation in bacterial wilt disease incidence via resistance-virulence trade-offs,tomat,tomat,Layu bakteri (Ralstonia pseudosolanacearum) - insidensi penyakit di 4 lahan tomat yang terpisah secara geografis,tabular,tabular,README.md + Source_data-0410.xlsx,"2 berkas, 4.745.516 byte",Dryad,https://datadryad.org/dataset/doi:10.5061/dryad.3j9kd520g,CC0 1.0,CC0,2026,2026-08-25,,4.75 MB,4745516,,gagal,belum,"DOI 10.5061/dryad.3j9kd520g. GAGAL: jalur API RESMI Dryad pun menolak tanpa akun. Diuji dua endpoint terdokumentasi: /api/v2/datasets/doi%3A10.5061%2Fdryad.3j9kd520g/download dan /api/v2/files/4736943/download - keduanya membalas HTTP 401 dengan badan {""error"":""Unauthorized, must have current bearer token""}, baik dengan maupun tanpa override User-Agent. Jalur /downloads/file_stream juga 403 dan dilarang robots.txt Dryad. Tidak dicari jalan lain sesuai aturan. CATATAN: API METADATA Dryad tidak butuh token, sehingga daftar berkas terkonfirmasi: README.md 4.855 byte (text/markdown) + Source_data-0410.xlsx 4.740.661 byte. Lisensi CC0 1.0, jadi datanya bebas - yang menghalangi hanya mekanisme unduhnya. Bisa diambil manusia lewat peramban dengan akun Dryad. Satu-satunya data insidensi layu bakteri (Ralstonia pseudosolanacearum) berbasis 4 lahan tomat yang ditemukan."
TOM-16-sichuan-layu-bakteri,Tomato Disease Dataset (Yongbo Liu) - rumah kaca Sichuan,tomat,tomat,"Tingkat berkas: layu bakteri (Ralstonia solanacearum) 527 gambar, penyakit virus 417, busuk kelabu/gray mold 82. Tingkat anotasi 10 kelas penyakit x bagian tanaman: Viral_Leaf 1522, Wilt_Leaf 405, Wilt_Middle 345, Wilt_Top 298, Wilt_Base 173, Viral_Top 139, Wilt_Stem 135, GrayMold_Leaf 76, GrayMold_Fruit 52, Virus_Middle 22",gambar,gambar,"JPG resolusi penuh 4032x3024 + anotasi PASCAL VOC (XML), satu XML per gambar, berkas lepas (sumber tanpa arsip)","diklaim 1026 gambar, terhitung 1026 gambar + 1026 XML = 2052 berkas; 3167 kotak pembatas",Mendeley Data,https://data.mendeley.com/datasets/c2x8rynybg/1,CC BY 4.0,CC BY,2025,2026-08-25,datasets/priority/tomat/TOM-16-sichuan-layu-bakteri,2.99 GB,2989253828,lihat-SHA256SUMS,diunduh,terverifikasi,"DOI 10.17632/c2x8rynybg.1, makalah Data in Brief doi 10.1016/j.dib.2025.112032. Ukuran 2.989.253.828 byte -> MUAT di batas 3 GB (diperiksa sebelum unduh lewat content_details.size dan curl -sIL). 2.052/2.052 berkas SHA-256-nya cocok dengan hash yang dipublikasikan Mendeley. 0 dari 1.026 XML gagal diurai. MENUTUP CELAH TERBESAR: satu-satunya dataset di panen ini yang memuat LAYU BAKTERI (Ralstonia). Anotasinya memakai BAGIAN TANAMAN sebagai kelas (Wilt_Base/Stem/Middle/Top/Leaf, 1356 kotak) sehingga memetakan gejala layu dari pangkal ke pucuk - geometri yang mustahil direkam dataset daun-petik. Cakupan anotasi 100% (0 gambar telantar), resolusi penuh 12 MP tidak diperkecil, nama berkas menyandi tanggal sesi (0509/0617/0919/1021/1112 tahun 2024) sehingga split bebas kebocoran berbasis sesi mungkin dilakukan. CACAT: Virus_Middle memakai awalan Virus_ sementara Viral_Leaf/Viral_Top memakai Viral_ (salah ketik satu batch). Sangat timpang (Viral_Leaf 1522 vs Virus_Middle 22, selisih 69x). Skema kelas tidak ortogonal: tidak ada Wilt_Fruit maupun GrayMold_Stem. TIDAK ADA KELAS SEHAT sehingga tidak bisa memutuskan ""sakit atau tidak"" sendirian. TIDAK ADA layu fusarium. Rumah kaca taman pertanian modern Sichuan, bukan lahan petani; kultivar tidak disebutkan; label virus tidak menyebut virus apa. Tanpa split train/valid/test. Struktur 6 folder asli tidak diekspos public API - diselamatkan di manifes-folder.csv dan di medan <folder> tiap XML."
TOM-17-olid-bangladesh,OLID I: An Open Leaf Image Dataset of Bangladeshs Major Crops,tomat|lainnya,tomat; terung; timun; + 6 labu-labuan (9 tanaman),"Subset tomat tersedia sebagai 2 berkas terpisah (tomato__part_1, tomato__part_2); daftar kelas ada di class_distribution.xlsx",gambar,gambar,ZIP per tanaman (subset resmi terpisah) + XLSX distribusi kelas,"Subset tomat 2894 MB (1393,63 + 1500,71); seluruh dataset ~13 GB",Zenodo,https://zenodo.org/records/8105154,CC BY 4.0,CC BY,2023,2026-08-25,,2.89 GB,2894340000,,ditemukan,belum,"DOI 10.5281/zenodo.8095497. TIDAK DIUNDUH: subset tomat 2,89 GB masih di bawah batas 3 GB per dataset tetapi akan melampaui jatah 8 GB agen. Bangladesh tropis lembap - iklim terdekat ke Indonesia di antara seluruh kandidat gambar. Sumber MENYEDIAKAN subset resmi per tanaman sehingga bisa diunduh terpisah tanpa mengambil 13 GB. Prioritas kedua setelah TOM-16."
TOM-18-agri-foundation-145k,Agri-Foundation-145k: A Unified Large-Scale Dataset for Agricultural Disease Detection,tomat|kentang,tomat; kentang; + banyak tanaman lain,"215 kelas hasil penyelarasan taksonomi dari 8 sumber terbuka (PlantVillage, PlantDoc, New Plant Diseases, Tomato Leaf, Cassava, Wheat, PlantSeg, PlantWild)",gambar,gambar,ZIP tunggal,"144751 gambar, 215 kelas",Zenodo,https://zenodo.org/records/18214758,CC BY 4.0,CC BY,2026,2026-08-25,,10.41 GB,10409590000,,terlalu-besar,belum,"DOI 10.5281/zenodo.18214757. 10.409 MB dalam SATU berkas -> melampaui batas 3 GB per dataset dan tidak ada subset resmi. Isinya agregasi dari dataset yang sebagian sudah dipanen di sini (PlantVillage = TOM-01, PlantDoc = milik agen kentang) sehingga sebagian besar tumpang tindih. Klaim deduplikasi MD5 dan pemeriksaan korupsi belum diverifikasi."
TOM-19-multiclass-patologi-tomat,Multiclass Image Dataset of Tomato Pathologies: Integrating Leaf and Fruit Samples for Interpretable Deep Learning,tomat,tomat,Patologi daun dan buah (daftar kelas belum diverifikasi - arsip tidak dibuka),gambar,gambar,ZIP tunggal (Tomato.zip),4.423 MB,Mendeley Data,https://data.mendeley.com/datasets/xc94xbg239/1,CC BY 4.0,CC BY,2026,2026-08-25,,4.42 GB,4423480000,,terlalu-besar,belum,"DOI 10.17632/xc94xbg239.1. 4,42 GB dalam satu berkas -> melampaui batas 3 GB, tidak ada subset resmi. Menarik karena menggabungkan daun DAN buah; kandidat kuat kalau batas ukuran dinaikkan."
TOM-20-daun-buah-kembar,Tomato Leaf and Fruit Disease Image Dataset (rekaman kembar swtt5wy2pr),tomat,tomat,Belum diverifikasi - judul identik dengan TOM-06,gambar,gambar,Raw Dataset.zip 9059 MB + Resize Dataset.zip 840 MB + MetaData CSV + README PDF,~9.900 MB total,Mendeley Data,https://data.mendeley.com/datasets/swtt5wy2pr/1,CC BY 4.0,CC BY,2026,2026-08-25,,9.90 GB,9899880000,,terlalu-besar,belum,"DOI 10.17632/swtt5wy2pr.1. Berjudul PERSIS SAMA dengan TOM-06 (10.17632/9jxvtgh325.1) dan berasal dari kelompok penulis yang bertumpang tindih - kemungkinan terbitan kembar. Raw Dataset.zip 9,06 GB melampaui batas; ""Resize Dataset.zip"" 840 MB adalah subset resmi yang muat, TETAPI kemungkinan besar isinya sama dengan Original Dataset.zip di TOM-06 yang sudah diunduh. TIDAK diunduh untuk mencegah duplikasi - bandingkan checksum lebih dulu bila mau dipakai. Rekaman ini juga menyediakan MetaData CSV yang TIDAK ada di TOM-06."
TOM-21-agri-vision4,"Agri-Vision4: A Comprehensive Multi-Crop Leaf Disease Dataset of Tomato, Papaya, Zucchini, and Bottle Gourd",tomat|lainnya,tomat; pepaya; zukini; labu botol (4 tanaman),Belum diverifikasi - arsip tidak dibuka,gambar,gambar,Orginal_Dataset.zip 5144 MB + Update_Aug_Dataset.zip 2318 MB + README.txt,7.462 MB,Mendeley Data,https://data.mendeley.com/datasets/8t6k37ztxc/1,CC BY 4.0,CC BY,2026,2026-08-25,,7.46 GB,7461630000,,terlalu-besar,belum,"DOI 10.17632/8t6k37ztxc.1. Berkas terbesarnya 5,14 GB -> melampaui batas 3 GB per dataset. Update_Aug_Dataset (2,32 GB) muat tapi isinya set augmentasi, bukan data asli, sehingga tidak layak untuk evaluasi jujur."
TOM-22-plantcity-pakistan,PlantCity: A Comprehensive Image Based on Multi Crop Leaves disease in Pakistan,tomat|kentang,tomat; kentang; + 10 tanaman lain (12 total),Belum diverifikasi keseluruhannya - lihat TOM-23 untuk potongan tomatnya,gambar,gambar,train.zip 6127 MB + test.zip 1128 MB + PDF makalah,7.257 MB,Mendeley Data,https://data.mendeley.com/datasets/w8kh2xkspx/4,CC BY 4.0,CC BY,2026,2026-08-25,,7.26 GB,7257300000,,terlalu-besar,belum,"DOI 10.17632/w8kh2xkspx.4, makalah Data in Brief doi 10.1016/j.dib.2025.112130. train.zip 6,13 GB melampaui batas 3 GB. Penerbit yang sama menyediakan potongan khusus tomat di figshare (lihat TOM-23) yang ukurannya muat."
TOM-23-plantcity-tomat-figshare,Tomato Leaf Disease PlantCity 2025 (11 classes),tomat,tomat,11 kelas (daftar persisnya belum diverifikasi - arsip tidak dibuka),gambar,gambar,Tomato.zip + PDF makalah,1.993 MB,figshare,https://figshare.com/articles/dataset/_b_Tomato_Leaf_Disease_PlantCity_2025_11_classes_b_/33190479,CC BY 4.0,CC BY,2026,2026-08-25,,1.99 GB,1992860000,,ditemukan,belum,"DOI 10.6084/m9.figshare.33190479. Potongan khusus tomat dari PlantCity (TOM-22) dan ukurannya MUAT di batas 3 GB. TIDAK diunduh karena jatah 8 GB agen sudah terpakai dan cakupan tomat dari Pakistan sudah diwakili TOM-05 (dataset lapangan Pakistan, 6 kelas). Layak diambil di sesi lanjutan kalau 11 kelas itu lebih luas daripada 6 kelas TOM-05."
TOM-24-sfldd-solanaceae,Solanaceae Family Leaf Disease Image Dataset (SFLD Dataset),tomat|kentang|lainnya,tomat; kentang; terung (3 tanaman),"Tomat 7 kelas: Healthy, Bacterial Canker, Cercospora Leaf Spot, Late Blight, Tomato Leaf Curl Virus, Tomato Mosaic Virus, Tomato Spotted Wilt Virus. Kentang 6 kelas termasuk Bacterial Soft Rot & Potato Leaf Roll Virus. Terung 4 kelas",gambar,gambar,(tidak tersedia di repositori),diklaim 2593 gambar asli + 17000 augmentasi,Mendeley Data,https://data.mendeley.com/datasets/sd5m3mgvvx/1,CC BY 4.0,CC BY,2026,2026-08-25,,938.92 KB,938925,,ditemukan,belum,"DOI 10.17632/sd5m3mgvvx.1 (juga terdaftar di OSF 10.17605/osf.io/nwvb3). TIDAK ADA DATANYA DI REPOSITORI: rekaman Mendeley hanya berisi image.png (0,94 MB, pratayang) dan SFLD_Dataset.txt yang isinya sebaris tautan Google Drive. Data sebenarnya dihosting di Google Drive pihak ketiga, di luar repositori berlisensi, tanpa checksum, dan bisa hilang sewaktu-waktu. TOMAT DI SINI MENARIK: Bacterial Canker dan Cercospora Leaf Spot tidak ada di dataset lain mana pun dalam panen ini."
TOM-25-kaggle-tomatoleaf-zenodo,tomato-leaf-diseases-detection (unggah ulang dataset Kaggle),tomat,tomat,"10 kelas: Mosaic Virus, Target Spot, Bacterial spot, Yellow Leaf Curl Virus, Late blight, Leaf Mold, Early blight, Spider mites, Septoria leaf spot, healthy",gambar,gambar,ZIP,192 MB,Zenodo,https://zenodo.org/records/8311631,CC BY 4.0 (dinyatakan penyetor),CC BY,2023,2026-08-25,,192.14 MB,192140000,,ditemukan,belum,"DOI 10.5281/zenodo.8311631. TIDAK DIUNDUH karena REDUNDAN dan HAK CIPTANYA KERUH. Deskripsi rekamannya sendiri berkata: ""This dataset is collected from https://www.kaggle.com/datasets/kaustubhb999/tomatoleaf ... All copyright goes to this kaggel website link."" Penyetor mengklaim CC BY 4.0 atas karya orang lain. Isinya turunan PlantVillage (10 kelas tomat yang sama) sehingga sudah tercakup TOM-01."
TOM-26-koinfeksi-sintetis,Synthetic Co-Infection Plant Leaf Dataset for Multi-Disease Classification,tomat|kentang|lainnya,tomat; kentang; apel; jagung; anggur (5 tanaman),Skenario ko-infeksi sintetis; gambar dasar diambil dari PlantVillage,gambar,gambar,"ZIP per tanaman (Tomato1 301,97 MB + Tomato2 248,73 MB + 4 tanaman lain)",~1.467 MB total; bagian tomat 551 MB,Zenodo,https://zenodo.org/records/18097801,CC BY 4.0,CC BY,2025,2026-08-25,,550.70 MB,550700000,,ditemukan,belum,"DOI 10.5281/zenodo.18097800. TIDAK DIUNDUH: gambarnya SINTETIS - dibuat dengan menggabungkan gambar PlantVillage yang sudah dipanen di TOM-01, jadi mewarisi seluruh cacat studio PlantVillage sekaligus menambah artefak penggabungan. Untuk kebutuhan ko-infeksi, TOM-02 Variant-b jauh lebih baik karena gejala majemuknya NYATA dan terfoto di lapangan."
TOM-27-laser-speckle-hawar,Derived data and reproducibility package for remote early detection of tomato late blight by laser speckle sensing,tomat,tomat,"Late blight (Phytophthora infestans) - 20 tanaman diinokulasi vs 20 mock, dicitrakan 6/18/24 jam pasca perlakuan",tabular,tabular (fitur sensor),tabel fitur + definisi fold + hiperparameter + prediksi,"720 rekaman video speckle dari 40 tanaman, 105 fitur rekayasa per video",Zenodo,https://zenodo.org/records/19857899,CC BY 4.0,CC BY,2026,2026-08-25,,,,,terhalang-akun,belum,"DOI 10.5281/zenodo.19857898. API Zenodo melaporkan access: RESTRICTED - berkasnya tidak terdaftar dan butuh permintaan akses ke pemilik rekaman. Tidak ditembus sesuai aturan. Menarik karena ini DETEKSI PRA-GEJALA (6 jam pasca inokulasi) memakai sensor laser speckle, bukan citra RGB - jalur yang sama sekali berbeda dari seluruh dataset lain di panen ini."
TOM-28-gts-taiwan-pdf,Taiwan Tomato Leaves Dataset (halaman GTS.AI),tomat,tomat,Mengklaim 622 gambar dalam 6 kategori,bukan-dataset,(bukan dataset),"PDF pemasaran 0,72 MB",1 berkas PDF,Zenodo (diunggah Globose Technology Solutions),https://zenodo.org/records/15095409,CC BY 4.0,CC BY,2025,2026-08-25,,720.00 KB,720000,,ditolak,tidak-berlaku,"DOI 10.5281/zenodo.15095408. DITOLAK: rekaman ini BUKAN dataset. Satu-satunya berkasnya adalah gts_ai_dataset_download_taiwan_tomato_leaves_dataset.pdf, yaitu halaman pemasaran vendor yang mengarahkan ke gts.ai. Datanya yang asli adalah TOM-03 (Mendeley 10.17632/ngdgg79rzb.1) yang sudah diunduh dan terverifikasi 622 gambar."
TOM-29-nepal-hawar-lampiran,"Field evaluation of tomato (Solanum lycopersicum) varieties for resistance to early and late blight diseases in Baitadi, Nepal",tomat,tomat,Ketahanan varietas terhadap early blight dan late blight,bukan-dataset,(bukan dataset),"1 JPG (1,6 MB) + 1 DOCX (0,017 MB)",2 berkas lampiran,figshare (Taylor & Francis),https://doi.org/10.6084/m9.figshare.32909461,CC BY 4.0,CC BY,2026,2026-08-25,,1.62 MB,1616000,,ditolak,tidak-berlaku,DOI 10.6084/m9.figshare.32909461. DITOLAK: hanya berkas pendukung artikel jurnal - satu gambar JPG dan satu dokumen Word. Tidak ada tabel data ketahanan varietas yang bisa dipakai kembali. Topiknya relevan (uji lapang ketahanan hawar di Nepal) tetapi datanya tidak terbuka.
TOM-30-ieee-real-field,Real Field Crop Image Dataset,tomat,"tomat (dan tanaman lain, belum diverifikasi)",Belum diverifikasi,gambar,gambar,Belum diverifikasi,Belum diverifikasi,IEEE DataPort,https://ieee-dataport.org/documents/real-field-crop-image-dataset,CC BY 4.0,CC BY,2026,2026-08-25,,,,,terhalang-akun,belum,"DOI 10.21227/5ytp-dr85. IEEE DataPort menuntut akun/langganan IEEE untuk mengunduh. Tidak ditembus sesuai aturan. Menjanjikan karena mengklaim data dikumpulkan di kondisi lahan nyata, tapi metadata teknisnya (jumlah gambar, kelas) tidak terekspos tanpa login."
TOM-31-kaggle-dsv,Tomato leaf disease Dataset (Kaggle),tomat,tomat,Belum diverifikasi,gambar,gambar,Belum diverifikasi,Belum diverifikasi,Kaggle,https://www.kaggle.com/dsv/16210872,tidak dinyatakan (DataCite tidak mencatat rightsList),tidak dinyatakan,2026,2026-08-25,,,,,terhalang-akun,belum,"DOI 10.34740/kaggle/dsv/16210872. Unduhan Kaggle butuh akun dan token API. Tidak ditembus sesuai aturan. Dicatat sebagai wakil dari seluruh kelas sumber Kaggle: banyak ""dataset penyakit tomat"" populer hanya ada di Kaggle/Roboflow di balik login, dan sebagian besar ternyata turunan PlantVillage yang di-repackage tanpa lisensi jelas (bandingkan TOM-25)."
TOM-32-plantvillage-diproses,Processed Tomato Leaf Disease Image Dataset with Train-Validation-Test Split for Deep Learning Applications,tomat,tomat,Turunan PlantVillage; kelasnya subset kelas tomat PlantVillage,gambar,gambar,ZIP,"109,39 MB",Mendeley Data,https://data.mendeley.com/datasets/3zwdw6y4pn/1,CC BY 4.0,CC BY,2026,2026-08-25,,109.39 MB,109390000,,ditemukan,belum,"DOI 10.17632/3zwdw6y4pn.1. TIDAK DIUNDUH karena REDUNDAN: deskripsinya menyatakan sendiri bahwa ini ""a processed and structured version of a tomato leaf disease image dataset derived from the PlantVillage dataset"" (buang gambar buram, buang duplikat, pilih kelas tertentu). Sumber aslinya sudah dipanen utuh di TOM-01."
TOM-33-daffodil-bangladesh,"Tomato leaf diseases (Khagan/Charabag, Bangladesh)",tomat,tomat,"Infeksi viral, bakteri, dan jamur; dilabeli oleh tenaga profesional",gambar,gambar,berkas JPG lepas (tanpa arsip),"2627 berkas, 450,75 MB",Mendeley Data,https://data.mendeley.com/datasets/93h9p62kg4/1,CC BY 4.0,CC BY,2025,2026-08-25,,450.75 MB,450750000,,ditemukan,belum,"DOI 10.17632/93h9p62kg4.1. TIDAK DIUNDUH: jatah 8 GB agen habis dan cakupan Bangladesh lapangan sudah diwakili TOM-11 (Dinajpur/Thakurgaon/Kushtia) dan TOM-06. Berkasnya lepas semua (2627 permintaan terpisah, tanpa arsip). Nilai tambahnya: label dikerjakan tenaga profesional dan lokasinya spesifik (dekat Daffodil International University)."
TOM-34-bangladesh-7-kategori,"Tomato Leaf Disease Classification Dataset (Bangladesh, Maret 2025)",tomat,tomat,"7 kategori: penyakit, daun sehat, dan defisiensi hara",gambar,gambar,berkas lepas,"2995 gambar resolusi tinggi, 286,19 MB",Mendeley Data,https://data.mendeley.com/datasets/jttrv2w27r/2,CC BY 4.0,CC BY,2025,2026-08-25,,286.19 MB,286190000,,ditemukan,belum,DOI 10.17632/jttrv2w27r.2. TIDAK DIUNDUH: jatah agen habis. Menarik karena memasukkan DEFISIENSI HARA bersama penyakit (seperti TOM-02) dan diambil di berbagai wilayah pertanian Bangladesh pada 10-20 Maret 2025 dengan kondisi lingkungan beragam.
TOM-35-solapure-cc-by-sa,Tomato Leaf Disease Dataset (SmartAgroTech),tomat,tomat,"Beberapa penyakit daun tomat, satu folder per penyakit",gambar,gambar,TomatoDataset.zip,"668,09 MB",Mendeley Data,https://data.mendeley.com/datasets/zfv4jj7855/1,CC BY-SA 4.0,CC BY-SA,2024,2026-08-25,,668.09 MB,668090000,,ditemukan,belum,DOI 10.17632/zfv4jj7855.1. TIDAK DIUNDUH: jatah agen habis dan deskripsinya terlalu kabur untuk menilai nilai tambahnya. CATATAN LISENSI: CC BY-SA 4.0 (berbagi-serupa) - satu dari hanya dua rekaman ShareAlike di panen ini bersama PlantVillage; jangan dicampur ke koleksi CC BY.
TOM-36-multi-crop-xai,Multi-Crop Leaf Disease Dataset for Deep Learning-Based Classification and Explainable AI,tomat,tomat + tanaman lain,Belum diverifikasi,gambar,gambar,multiple leaf dataset.zip,"523,29 MB",Mendeley Data,https://data.mendeley.com/datasets/3xd9n7jpc8/1,CC BY 4.0,CC BY,2026,2026-08-25,,523.29 MB,523290000,,ditemukan,belum,"DOI 10.17632/3xd9n7jpc8.1. TIDAK DIUNDUH: jatah agen habis, dan cakupan multi-tanaman sudah diwakili TOM-01 (PlantVillage, 14 tanaman) dan TOM-12 (PhytoScope, 25 tanaman lapangan dengan kotak pembatas)."
TOM-37-tcp-tomat-cabai-pepaya,TCP (Tomato-Chilli-Papaya Fruit & Leaf) Disease Dataset,cabai|tomat|lainnya,tomat; cabai; pepaya (3 tanaman),Penyakit buah dan daun pada tiga tanaman,gambar,gambar,"TCP Dataset.zip 199,4 MB + Three Fruit and leaf crops disease dataset.zip 1816,52 MB",2.016 MB total,Mendeley Data,https://data.mendeley.com/datasets/m4m6j2tjfj/4,CC BY 4.0,CC BY,2026,2026-08-25,,2.02 GB,2015910000,,ditemukan,belum,"DOI 10.17632/m4m6j2tjfj.4. TIDAK DIUNDUH: jatah agen habis. Muat di batas 3 GB dan RELEVAN LINTAS AGEN karena mencakup tomat DAN cabai sekaligus, termasuk penyakit BUAH. Kandidat kuat untuk sesi lanjutan; koordinasikan dengan agen cabai supaya tidak diunduh dua kali."
TOM-38-ithaya-rani-figshare,Tomato leaf diseases (Ithaya Rani),tomat,tomat,"Daun sehat + beberapa kelas penyakit, sudah dibagi train/validation/test",gambar,gambar,Tomato leaf diseases.zip,"382,88 MB",figshare,https://doi.org/10.6084/m9.figshare.33197457,CC BY 4.0,CC BY,2026,2026-08-25,,382.88 MB,382880000,,ditemukan,belum,"DOI 10.6084/m9.figshare.33197457.v1. TIDAK DIUNDUH: jatah agen habis dan deskripsinya generik (""annotated tomato leaf images covering healthy leaves and multiple disease classes"") tanpa menyebut jumlah, kelas, lokasi, atau alat - indikasi kuat turunan PlantVillage lagi. Perlu dibuka dulu sebelum dipercaya."
TOM-39-tomat-yunani-tabular,"Characterisation of tomato (Solanum lycopersicum) landraces and varieties under organic farming in Greece (2019, 2022-2024)",tomat,tomat,"Karakterisasi landrace/varietas di pertanian organik, sifat kesehatan tanaman termasuk",tabular,tabular,1 berkas XLSX,"0,179 MB",Zenodo (Horizon Europe LiveSeeding),https://zenodo.org/records/21825728,CC BY-NC-SA 4.0,CC BY-NC(-SA),2026,2026-08-25,,179.00 KB,179000,,ditemukan,belum,DOI 10.5281/zenodo.21825727. TIDAK DIUNDUH: skemanya sama persis dengan TOM-14 (proyek LiveSeeding yang sama) sehingga tidak menambah struktur baru; hanya menambah lokasi (Yunani) dan tahun. Lisensi CC BY-NC-SA 4.0 - non-komersial. Diambil kalau ingin memperbanyak titik pengamatan lapangan Mediterania.
TOM-40-metabolomik-ralstonia,Comparative metabolomic profiling of resistant and susceptible tomato cultivars against Ralstonia solanacearum,tomat,tomat,Layu bakteri (Ralstonia solanacearum) - respons metabolik kultivar tahan vs rentan,tabular,tabular,1 berkas,"0,03 MB",Mendeley Data,https://data.mendeley.com/datasets/y2wcnrf745/1,CC BY 4.0,CC BY,2026,2026-08-25,,30.00 KB,30000,,ditemukan,belum,"DOI 10.17632/y2wcnrf745.1. TIDAK DIUNDUH: datanya metabolomik (jalur & metabolit pertahanan), bukan gejala yang bisa diamati petani, sehingga tidak menyumbang ke identifikasi penyakit, computer vision, maupun epidemiologi. Dicatat karena LAYU BAKTERI adalah lubang terbesar koleksi tomat ini dan rekaman ini salah satu dari sedikit sumber terbuka bertopik Ralstonia pada tomat."
