nama,lat,lon,sumber,provinsi,kabupaten,alamat,telepon,lisensi
"576 Pertanian",-7.1264674,112.092349,"syngenta","Jawa Timur","Bojonegoro","Jl. Raya Kanor Pipitan Rt. 018/009 Desa Pasinan Kec. Baureno","085645303366","hak cipta Syngenta; rujukan lokasi, bukan untuk diterbitkan ulang"
"9 PINTU REZEKI TANI",-6.2250609,107.4351532,"syngenta","Jawa Barat","Karawang","Dusun Gempol Rt. 002/005 Desa Lemahmakmur Kec. Tempuran","085711097900","hak cipta Syngenta; rujukan lokasi, bukan untuk diterbitkan ulang"
"AA Tani",-6.920437,109.038398,"syngenta","Jawa Tengah","Brebes","Jl. Raya Brebes- Jatibarang KM 5 Desa Pemaron","0816668610","hak cipta Syngenta; rujukan lokasi, bukan untuk diterbitkan ulang"
"Abdi Tani",-7.1684674,107.9842184,"syngenta","Jawa Barat","Garut","Kp. Samanggen Rt. 001/001 Ds. Wanajaya Kec. Wanaraja","081312655727","hak cipta Syngenta; rujukan lokasi, bukan untuk diterbitkan ulang"
"Abdi Tani",-7.9250608,110.5632588,"syngenta","DI Yogyakarta","Gunung Kidul","Bandung RT 20 RW 05, Playen","081779401702","hak cipta Syngenta; rujukan lokasi, bukan untuk diterbitkan ulang"
"Abdi Tani",-7.5664758,109.1984202,"syngenta","Jawa Tengah","Cilacap","Jl. Gerilya III No. 6 Rt. 002/007 Ds. Sampang Kec. Sampang","081327096494","hak cipta Syngenta; rujukan lokasi, bukan untuk diterbitkan ulang"
"Abdi Tani",-7.078298,111.0897491,"syngenta","Jawa Tengah","Grobogan","Jl. Gajah Mada No. 53 Kec. Wirosari","0811118852","hak cipta Syngenta; rujukan lokasi, bukan untuk diterbitkan ulang"
"ABDI TANI",-7.7566873,113.2288093,"syngenta","Jawa Timur","Probolinggo","Dusun Sanggar Rt/RW: 001/009 Desa Watuwungkuk Kec. Dringu","085236962999","hak cipta Syngenta; rujukan lokasi, bukan untuk diterbitkan ulang"
"Abdi Tani - Malang",-8.0081204,112.7663752,"syngenta","Jawa Timur","Malang","Jl. Raya Perempatan Tulus Ayu Desa Tulus Besar RT/RW 009/003 Tulus Besar Kec. Tumpang","081334687280","hak cipta Syngenta; rujukan lokasi, bukan untuk diterbitkan ulang"
"Abi Tani Gombong",-7.6080498,109.5080939,"syngenta","Jawa Tengah","Kebumen","Komplek Pasar Wonokriyo Blok E No. 34 Gombong","081327672690","hak cipta Syngenta; rujukan lokasi, bukan untuk diterbitkan ulang"
"Abi Tani Probolinggo",-7.852873,113.3034604,"syngenta","Jawa Timur","Probolinggo","Dusun Lampek RT/RW 016/006 Desa Liprak Kulon Kec. Banyuanyar","085233436499","hak cipta Syngenta; rujukan lokasi, bukan untuk diterbitkan ulang"
"Adhwa Tani",-6.7417992,107.044034,"syngenta","Jawa Barat","Cianjur","Kp. Pasir kampung Rt 04/01 Ds. Sukatani Kec. Pacet Kab. Cianjur","081912225622","hak cipta Syngenta; rujukan lokasi, bukan untuk diterbitkan ulang"
"Adi Tani",-7.5456634,109.1850317,"syngenta","Jawa Tengah","Banyumas","Cindaga RT/RW 002/013 Kebasen","081327718720","hak cipta Syngenta; rujukan lokasi, bukan untuk diterbitkan ulang"
"Adida Tani",-6.9486847,108.9710238,"syngenta","Jawa Tengah","Brebes","Jl. Raya Sitanggal Rt. 014/001 Desa Sitanggal Kec Larangan Kb Brebes","0816215425","hak cipta Syngenta; rujukan lokasi, bukan untuk diterbitkan ulang"
"ADITYA TANI",-6.1340197,107.4174097,"syngenta","Jawa Barat","Karawang","Dusun Celebar 1 Rt. 007/001 Desa Kertamukti Kec. Cilebar","085771596409","hak cipta Syngenta; rujukan lokasi, bukan untuk diterbitkan ulang"
"Agam Tani",-6.5818564,108.430572,"syngenta","Jawa Barat","Cirebon","Blok 02 Rt. 003/004 Ds. Gegesik Kulon Kec. Gegesi","082116508012","hak cipta Syngenta; rujukan lokasi, bukan untuk diterbitkan ulang"
"Agrisari",-7.1196895,108.6311156,"syngenta","Jawa Barat","Ciamis","Dsn Karangsari Rt. 001/001 Ds Cibeureum Kec. Sukamantri","081321006290","hak cipta Syngenta; rujukan lokasi, bukan untuk diterbitkan ulang"
"Agro Lestari",-8.3020216,112.4827889,"syngenta","Jawa Timur","Malang","Desa Sumbermanjing Kulon Kec. Pagak","085785569883","hak cipta Syngenta; rujukan lokasi, bukan untuk diterbitkan ulang"
"Agro Lestari - Situbondo",-7.6954859,113.9949748,"syngenta","Jawa Timur","Situbondo","Jl. Anggrek Rt. 004/008 Desa Talkandang Kec. Situbondo","081336442510","hak cipta Syngenta; rujukan lokasi, bukan untuk diterbitkan ulang"
"Agro Mandiri",-7.671143,112.0386945,"syngenta","Jawa Timur","Nganjuk","Ds. Mojokendil RT/RW 002/001 Kec. Ngronggot","08113735005","hak cipta Syngenta; rujukan lokasi, bukan untuk diterbitkan ulang"
"Agro Mandiri",-7.836346,111.5483207,"syngenta","Jawa Timur","Ponorogo","Dkh Pelem Gurih Ds Jenagan Kec. Jenagan","081252545332","hak cipta Syngenta; rujukan lokasi, bukan untuk diterbitkan ulang"
"Agro Sae",-6.3574415,108.0213374,"syngenta","Jawa Barat","Indramayu","Blok Jamban Rt. 010/004 Desa Kertamulya Kec. Bongas","085224401590","hak cipta Syngenta; rujukan lokasi, bukan untuk diterbitkan ulang"
"Agro Subur Makmur",-6.9548596,110.9298005,"syngenta","Jawa Tengah","Pati","Ds. Sumbersoko RT/RW 004/001, Kec. Sukolilo","082225948941","hak cipta Syngenta; rujukan lokasi, bukan untuk diterbitkan ulang"
"Agro syifa",-7.4446487,109.2431177,"syngenta","Jawa Tengah","Banyumas","Jl. Penggadaian No. 10 Kel. Karangduren Kec. Sokaraja","085869717923","hak cipta Syngenta; rujukan lokasi, bukan untuk diterbitkan ulang"
"Agro Tani",-6.7195153,108.1695504,"syngenta","Jawa Barat","Majalengka","Blok Wesel Rt. 013/004 Ds Pakubeureum Kec. Kertapati","085295773889","hak cipta Syngenta; rujukan lokasi, bukan untuk diterbitkan ulang"
"Agro Tani",-7.117558,111.9433317,"syngenta","Jawa Timur","Tuban","Desa Soko Sari Rt. 001/02, Kec. Soko","081330740765","hak cipta Syngenta; rujukan lokasi, bukan untuk diterbitkan ulang"
"Agro Tani Mapan",-8.5007164,114.3192862,"syngenta","Jawa Timur","Banyuwangi","Dsn Damtelu Rt. 01/01,Ds. Kedunggebang,Kec. Tegaldlimo,Kab. Banyuwangi","082374609999","hak cipta Syngenta; rujukan lokasi, bukan untuk diterbitkan ulang"
"Agro Tani Mlilir",-7.7929823,111.5254847,"syngenta","Jawa Timur","Madiun","Dusun Durenan Rt. 027/009 Ds. Mlilir, Kec. Dolopo","081259659759","hak cipta Syngenta; rujukan lokasi, bukan untuk diterbitkan ulang"
"Agro Tani Sejahtera",-6.4090193,108.0035567,"syngenta","Jawa Barat","Indramayu","Blok Kanem Rt. 005/002 Ds. Cipedang Kec. Bongas","081289145375","hak cipta Syngenta; rujukan lokasi, bukan untuk diterbitkan ulang"
"Agromart Makmur",-7.5328146,112.2756583,"syngenta","Jawa Timur","Jombang","Jl. Raya Mancar Rt 13/01 Ds. Mancar Kec. Peterongan Kab. Jombang","081293903104","hak cipta Syngenta; rujukan lokasi, bukan untuk diterbitkan ulang"
"Agros Tani",-6.3227303,107.3375791,"syngenta","Jawa Barat","Karawang","Jl. Raya Srijaya Ds. Srijaya Tirtayasa","08159024217","hak cipta Syngenta; rujukan lokasi, bukan untuk diterbitkan ulang"
"Agrotama Nusantara Abadi",-7.7630887,112.1786566,"syngenta","Jawa Timur","Kediri","Jl. Ogan II Rt. 002/004, Kec. Pare","081335171918","hak cipta Syngenta; rujukan lokasi, bukan untuk diterbitkan ulang"
"Agung Jaya Tani",-6.3575417,107.9472579,"syngenta","Jawa Barat","Indramayu","Blok Konca, Desa Anjatan Baru Kec. Anjatan","081222892969","hak cipta Syngenta; rujukan lokasi, bukan untuk diterbitkan ulang"
"Agung Tani",-6.9172038,108.0735781,"syngenta","Jawa Barat","Sumedang","Dusun Kaum kaler, Ds. Darmaraja, Rt. 001/003 Kec. Darmaraja, Kab. Sumedang","082240420461","hak cipta Syngenta; rujukan lokasi, bukan untuk diterbitkan ulang"
"Agung Tani",-6.3700581,108.018091,"syngenta","Jawa Barat","Indramayu","Blok Babakan Redo Rt. 001/001 Desa Kertamulya Kec. Bongas","081224893331","hak cipta Syngenta; rujukan lokasi, bukan untuk diterbitkan ulang"
"Agung Tani",-7.1787254,111.8032005,"syngenta","Jawa Timur","Bojonegoro","RT/RW 014/004 Desa Leran Kec. Kalitidu","081554770024","hak cipta Syngenta; rujukan lokasi, bukan untuk diterbitkan ulang"
"AGUS GUNA JAYA",-6.7689335,105.8466437,"syngenta","Banten","Pandeglang","Kp. Batu Jaya, Rt. 010/003 Ds. Umbulan, Kec. Cikeusik","081337454150","hak cipta Syngenta; rujukan lokasi, bukan untuk diterbitkan ulang"
"Aji Jaya",-6.8741722,108.6962464,"syngenta","Jawa Barat","Grobogan","Dusun II Rt. 004/003 Ds. Serang Wetan Kec. Babakan","081313202475","hak cipta Syngenta; rujukan lokasi, bukan untuk diterbitkan ulang"
"Al - Badar",-8.3563844,113.3972391,"syngenta","Jawa Timur","Jember","Jl. Mistada Rt. 001/015 Dusun Sumbersari Desa Mayangan Kec. Gemukmas","082142661199","hak cipta Syngenta; rujukan lokasi, bukan untuk diterbitkan ulang"
"Al-Barokah",-7.1260433,112.10791,"syngenta","Jawa Timur","Bojonegoro","Desa Puncangarum Rt. 003/001 Kec. Baureno","081259003444","hak cipta Syngenta; rujukan lokasi, bukan untuk diterbitkan ulang"
"AL-GIMAL AGROTANI",-7.6819081,114.0041996,"syngenta","Jawa Timur","Situbondo","Dusun Lugundang RT/RW : 006/002 Kel. Talkandang Kec. Situbondo Kab. Situbondo","085654933332","hak cipta Syngenta; rujukan lokasi, bukan untuk diterbitkan ulang"
"AL-Rizky",-7.1260433,112.10791,"syngenta","Jawa Timur","Bojonegoro","Dusun Ngrakas Rt. 01/08 Desa Saturejo Kec. Baureno","085649460685","hak cipta Syngenta; rujukan lokasi, bukan untuk diterbitkan ulang"
"Alam Subur",-6.944465,111.4782661,"syngenta","Jawa Tengah","Blora","Desa Kawengan Rt. 004/001 Jepon","081325172175","hak cipta Syngenta; rujukan lokasi, bukan untuk diterbitkan ulang"
"Alam Subur",-8.1184887,111.9120065,"syngenta","Jawa Timur","Tulungagung","Dsn. Sanggrahan Kidul Rt. 004/002 Ds. Sanggrahan Kec. Boyolangu","081548328257","hak cipta Syngenta; rujukan lokasi, bukan untuk diterbitkan ulang"
"Alam Tani",-6.3424243,106.2385687,"syngenta","Banten","Lebak","Kp. Sumur Buang, Rt. 004/006, Ds. Keduagung Tengah, Kec. Cibadak","085697516946","hak cipta Syngenta; rujukan lokasi, bukan untuk diterbitkan ulang"
"Alam Tani",-6.9546749,108.993936,"syngenta","Jawa Tengah","Brebes","Dk Kedawon, RT. 002/007, Kel. Rengaspendawa, Kec. Larangan, Kab. Brebes","082322807983","hak cipta Syngenta; rujukan lokasi, bukan untuk diterbitkan ulang"
"Alfiza Tani",-7.3737319,108.6383454,"syngenta","Jawa Barat","Banjar","Jl. Muktisari-Lakbok, Lingk. Langen Rt. 004/002, Kel. Muktisari, Kec. Langensari, Kab. Banjar","082321191232","hak cipta Syngenta; rujukan lokasi, bukan untuk diterbitkan ulang"
"Alief Tani",-6.8530407,108.7764318,"syngenta","Jawa Barat","Cirebon","Dusun 03 Rt. 001/006 Ds. Kalimukti Kec. Pabedilan","085295773313","hak cipta Syngenta; rujukan lokasi, bukan untuk diterbitkan ulang"
"Alifda Tani",-8.0555804,110.8083887,"syngenta","Jawa Tengah","Wonogiri","Belik Rt. 002/011 Desa Pracmantoro Kec. Pracimantoro","081802647599","hak cipta Syngenta; rujukan lokasi, bukan untuk diterbitkan ulang"
"ALT",-7.3634501,107.8035965,"syngenta","Jawa Barat","Garut","Jl. Raya Cibodas Kel. Cikajang Kec. Cikajang","081322587468","hak cipta Syngenta; rujukan lokasi, bukan untuk diterbitkan ulang"
"AM Putra",-7.5955033,112.7700906,"syngenta","Jawa Timur","Pasuruan","Jl. Raya Bakalan Rt. 001/008 Kel. Pagak Kec. Beji","08123543707","hak cipta Syngenta; rujukan lokasi, bukan untuk diterbitkan ulang"
"Amanah Tani Kejajar",-7.2442961,109.9407541,"syngenta","Jawa Tengah","Wonosobo","RT. 002/002, Gataksari, Kel. Serang, Kec. Kejajar","085848853266","hak cipta Syngenta; rujukan lokasi, bukan untuk diterbitkan ulang"
"Amelia Tani",-7.0232073,109.2682849,"syngenta","Jawa Tengah","Tegal","Rt. 006/003 Desa Tamansari Kec. Jatinegara","081902566872","hak cipta Syngenta; rujukan lokasi, bukan untuk diterbitkan ulang"
"Amin Tani",-7.0137458,109.0066844,"syngenta","Jawa Tengah","Brebes","Jl. Raya Makmur Rt. 01/04 Desa Jatimakmur, Kecamatan Songgom, Kabupaten Brebes","085641185498","hak cipta Syngenta; rujukan lokasi, bukan untuk diterbitkan ulang"
"Amum Mumad",-7.3184912,107.7310526,"syngenta","Jawa Barat","Garut","Jl. Cagak RT.002/003 Ds. Karamatwangi Kec. Cisurupan Kab. Garut","081214965553","hak cipta Syngenta; rujukan lokasi, bukan untuk diterbitkan ulang"
"Andalan Tani",-6.9584295,108.2229243,"syngenta","Jawa Barat","Majalengka","Dsn. Cipondoh Rt. 023/007 Bababkan Sari, Bantarujeg","085219449023","hak cipta Syngenta; rujukan lokasi, bukan untuk diterbitkan ulang"
"Andir Tani",-7.2620265,107.8215972,"syngenta","Jawa Barat","Garut","Kp. Narongtong Kidul Rt. 002/005 Mulyasari - Bayongbong","081320552751","hak cipta Syngenta; rujukan lokasi, bukan untuk diterbitkan ulang"
"Andong Tani",-6.9691537,108.9710238,"syngenta","Jawa Tengah","Brebes","Rt.10/03 Ds. Siandong Kec. larangan","085643013524","hak cipta Syngenta; rujukan lokasi, bukan untuk diterbitkan ulang"
"Aneka jaya",-6.9402044,108.2941031,"syngenta","Jawa Barat","Majalengka","Jl.Raya Blok Sumpinghayu Desa Cihaur","085324085859","hak cipta Syngenta; rujukan lokasi, bukan untuk diterbitkan ulang"
"Aneka Putra",-7.1631945,108.1532436,"syngenta","Jawa Barat","Tasikmalaya","Kp Mulyasari Rt. 001/001 Ds Pakemitan Kidul Kec. Ciawi","085220669960","hak cipta Syngenta; rujukan lokasi, bukan untuk diterbitkan ulang"
"Aneka Tani - Malang",-7.9889848,112.6348571,"syngenta","Jawa Timur","Malang","Jl. Laksamana Martadinata 46 Rt. 003/004 Sukoharjo","081333107519","hak cipta Syngenta; rujukan lokasi, bukan untuk diterbitkan ulang"
"Aneka Tani - Serang",-6.1166595,106.1656372,"syngenta","Banten","Serang","Jl. KH. Abdul Latief Rt. 003/010 Kec. Serang","08129561455","hak cipta Syngenta; rujukan lokasi, bukan untuk diterbitkan ulang"
"ANGGITA JAYA",-6.5269405,105.6756274,"syngenta","Banten","Pandeglang","Kp. Pelopor Ds. Gembong Kec. Panimbang","08176464870","hak cipta Syngenta; rujukan lokasi, bukan untuk diterbitkan ulang"
"Ansan Barokah",-7.9448726,111.4278686,"syngenta","Jawa Timur","Ponorogo","Lor SDN1 Sedarat Dukuh Krajan Desa Sedarat Kec. Balong","081359658780","hak cipta Syngenta; rujukan lokasi, bukan untuk diterbitkan ulang"
"Anton Wahyu Prabowo",-7.8427569,111.5042259,"syngenta","Jawa Timur","Ponorogo","JL. Niken Gandini Rt. 01/05 Jenangan, Ponorogo","081335427388","hak cipta Syngenta; rujukan lokasi, bukan untuk diterbitkan ulang"
"anugerah tani",-7.3483646,107.7606601,"syngenta","Jawa Barat","Garut","Kp. Panyingkiran Lebak, Ds. Sukawargi, Kec. Cisurupan","081319001263","hak cipta Syngenta; rujukan lokasi, bukan untuk diterbitkan ulang"
"Anugerah Tani",-7.8831046,112.5317582,"syngenta","Jawa Timur","Batu","Jl. Dewi Sartika (Pasar Sayur Batu Bedak Pojok), Kel. Temas, Kec. Batu Kota Batu","081217857748","hak cipta Syngenta; rujukan lokasi, bukan untuk diterbitkan ulang"
"Anugerah Tani",-8.0629896,112.0565795,"syngenta","Jawa Timur","Blitar","Lingk Kendaldoyong Rt. 005/001 Kel. Togogan Kec Srengat","08123369903","hak cipta Syngenta; rujukan lokasi, bukan untuk diterbitkan ulang"
"Anugerah Tani Jepara",-6.788163,110.7286364,"syngenta","Jawa Tengah","Jepara","Ds. Gedangan Rt. 001/001 Kec. Welahan","081325693985","hak cipta Syngenta; rujukan lokasi, bukan untuk diterbitkan ulang"
"Anugrah",-7.4576675,109.2908356,"syngenta","Jawa Tengah","Banyumas","Jl. Jend Sudirman No. 103 Kec. Sokaraja","08164265026","hak cipta Syngenta; rujukan lokasi, bukan untuk diterbitkan ulang"
"Anugrah Agro, UD",-7.8712901,112.2890705,"syngenta","Jawa Timur","Kediri","Ds. Kebonrejo Rt. 007/002 Kec. Kepung","085330406600","hak cipta Syngenta; rujukan lokasi, bukan untuk diterbitkan ulang"
"Anugrah Tani - Kediri",-7.7398595,112.1839188,"syngenta","Jawa Timur","Kediri","Jl. Veteran Ds. Sekoto Kec. Badas","08113025536","hak cipta Syngenta; rujukan lokasi, bukan untuk diterbitkan ulang"
"Anugrah Tani Kaliangkrik",-7.4630676,110.1143904,"syngenta","Jawa Tengah","Magelang","Desa Kaliangkrik Kec. Kaliangkrik","082142773603","hak cipta Syngenta; rujukan lokasi, bukan untuk diterbitkan ulang"
"Anugrah Tani Makmur",-7.5231298,112.4140196,"syngenta","Jawa Timur","Mojokerto","Kedungmaling Rt. 023/009 Desa Kedungmaling Kec. Sooko","081235230177","hak cipta Syngenta; rujukan lokasi, bukan untuk diterbitkan ulang"
"Anyar Tani",-6.8898362,109.6745916,"syngenta","Jawa Tengah","Pekalongan","Jl. Jendral A. Yani Kel. Doro Rt. 003/002","085727123425","hak cipta Syngenta; rujukan lokasi, bukan untuk diterbitkan ulang"
"Arbiyantani",-6.7188967,105.7062045,"syngenta","Banten","Pandeglang","Kp. Sukajadi Barat, RT. 001/007 Ds. Sukajadi, Kec. Cibaliung, Pandeglang","082244440931","hak cipta Syngenta; rujukan lokasi, bukan untuk diterbitkan ulang"
"Ardila Tani",-6.9985925,113.8852429,"syngenta","Jawa Timur","Sumenep","Dusun Pereng Tale Rt. 001/05 Desa parsanga Kec. Kota Sumenep","08123292418","hak cipta Syngenta; rujukan lokasi, bukan untuk diterbitkan ulang"
"Aries tani",-6.9925963,109.3872435,"syngenta","Jawa Tengah","Pemalang","Rt. 002/001 Ds. Lenggerong Kec. Bantar Bolang","087764993011","hak cipta Syngenta; rujukan lokasi, bukan untuk diterbitkan ulang"
"Arofah",-7.1435836,112.2533044,"syngenta","Jawa Timur","Lamongan","Desa Bedingin Kec. Sugio","081330216452","hak cipta Syngenta; rujukan lokasi, bukan untuk diterbitkan ulang"
"Arrosyid - Penawangan",-7.0278729,110.774827,"syngenta","Jawa Tengah","Grobogan","Ds. Godong, RT. 015/003, Kec. Godong, Kab. Grobogan","085326655374","hak cipta Syngenta; rujukan lokasi, bukan untuk diterbitkan ulang"
"Arta Tani",-7.0123552,109.9128622,"syngenta","Jawa Tengah","Batang","RT.001 RW.002 DK.Kalibening,Kel.Kalisalak,Kec.Limpung","085290880006","hak cipta Syngenta; rujukan lokasi, bukan untuk diterbitkan ulang"
"Arya Tani",-6.963415,112.1446834,"syngenta","Jawa Timur","Tuban","Desa Ngimbang Rt. 002/002 Kec. Palang","081332521972","hak cipta Syngenta; rujukan lokasi, bukan untuk diterbitkan ulang"
"Asa Pratama, UD",-8.048981,112.006173,"syngenta","Jawa Timur","Blitar","Jl. Raya Pikatan No. 1 RT. 001 RW. 001, Pikatan - Wonodadi, Blitar","08125906618","hak cipta Syngenta; rujukan lokasi, bukan untuk diterbitkan ulang"
"Asia Agro",-7.0123552,109.9128622,"syngenta","Jawa Tengah","Batang","Dk. Kalibening, RT. 001/002, Ds. Kalisalak, Kel. Kalisalak, Kec. Limpung, Kab. Batang, Jawa Tengah","085290880009","hak cipta Syngenta; rujukan lokasi, bukan untuk diterbitkan ulang"
"Asri Tani",-7.2483012,111.8478583,"syngenta","Jawa Timur","Bojonegoro","Dusun Dodol Rt. 06/03 Karangsino Kec. Dander Kab. Bojonegoro","085331383499","hak cipta Syngenta; rujukan lokasi, bukan untuk diterbitkan ulang"
"Asshofa Tani",-6.5860546,108.4543113,"syngenta","Jawa Barat","Cirebon","Jl. Pangeran Jalaksana Blok Dusun 03 RT/RW 001/007, Ds. Kedungdalem, Kec. Gegesik","081222069084","hak cipta Syngenta; rujukan lokasi, bukan untuk diterbitkan ulang"
"At - Tin",-7.2527403,107.8774664,"syngenta","Jawa Barat","Garut","Kp. Bebedahan Rt. 001/001 Ds. Ciburuy Kec. Bayongbong","08122250148","hak cipta Syngenta; rujukan lokasi, bukan untuk diterbitkan ulang"
"Aulia Tani",-7.228627,110.3934388,"syngenta","Jawa Tengah","Semarang","Dsn Jurang Rt. 002/002 Ds. Kenteng Kec. Bandungan","081325292776","hak cipta Syngenta; rujukan lokasi, bukan untuk diterbitkan ulang"
"AURA BUMI",-7.7309959,113.1048593,"syngenta","Jawa Timur","Probolinggo","Jl. Lumbang No. 160 RT. 015/006 Desa Tongas Wetan Kec. Tongas","081249865006","hak cipta Syngenta; rujukan lokasi, bukan untuk diterbitkan ulang"
"Aura Tani",-6.9371868,108.2811372,"syngenta","Jawa Barat","Majalengka","Dusun Sukamenak I Rt. 005/001 Desa Sukamenak Kec. Bantarujeg","085224730766","hak cipta Syngenta; rujukan lokasi, bukan untuk diterbitkan ulang"
"Ayu Anugerah Tani",-6.354467,107.9620723,"syngenta","Jawa Barat","Indramayu","Blok Sawah Indah Rt. 005/001, Ds. Anjatan, Kec. Anjatan","082317399966","hak cipta Syngenta; rujukan lokasi, bukan untuk diterbitkan ulang"
"Ayu Siti Rahmah",-6.2503744,107.243589,"syngenta","Jawa Barat","Bekasi","Mekarjaya, Kedungwaringin, Kp. Babakan Rt. 002/004 Ds. Mekarjaya Kec. Kedungwaringin","085814348482","hak cipta Syngenta; rujukan lokasi, bukan untuk diterbitkan ulang"
"Ayu Tani",-6.264431,107.6984879,"syngenta","Jawa Barat","Subang","Dusun Sukamanah Lama Rt 002/005, Ds. Muara, Kec. Blanakan","08118755351","hak cipta Syngenta; rujukan lokasi, bukan untuk diterbitkan ulang"
"Azka Tani Karangkobar",-7.2636795,109.7383332,"syngenta","Jawa Tengah","Banjarnegara","Desa Leksana, Rt. 001/001, Kec. karangkobar, Kab. Banjarnegara","082137750197","hak cipta Syngenta; rujukan lokasi, bukan untuk diterbitkan ulang"
"Azurra Tani",-7.0327155,107.4381106,"syngenta","Jawa Barat","Bandung","Kp. Pamipiran Rt. 001/006, Ds. Buninagara, Kec. Sindangkerta, Kab. Bandung Barat","083821784123","hak cipta Syngenta; rujukan lokasi, bukan untuk diterbitkan ulang"
"Bagja Ps",-6.8339582,107.9325483,"syngenta","Jawa Barat","Sumedang","Jl. Mayor Abdurahman No. 231, Kotakaler - Sumedang Utara, Kab. Sumedang","081320604440","hak cipta Syngenta; rujukan lokasi, bukan untuk diterbitkan ulang"
"Bagus Lumintu Tani",-6.8921607,110.6377502,"syngenta","Jawa Tengah","Demak","Dk Totok Rt. 005/001","085226455758","hak cipta Syngenta; rujukan lokasi, bukan untuk diterbitkan ulang"
"Bagus Makmur",-7.9325727,110.6675482,"syngenta","DI Yogyakarta","Gunung Kidul","Ngrombo Rt. 001/011 Ds Karangmojo Kec. Karangmojo Kab. Gunung Kidul","087739228959","hak cipta Syngenta; rujukan lokasi, bukan untuk diterbitkan ulang"
"Bagus Tani",-6.8140033,106.0463837,"syngenta","Banten","Lebak","Kp. Pagelaran Rt. 008/001 Pagelaran Kec. Malingping","081910921875","hak cipta Syngenta; rujukan lokasi, bukan untuk diterbitkan ulang"
"Bahana Lestari Tani",-7.11681,107.95628,"syngenta","Jawa Barat","Garut","Kp. Curug Pasantren Rt. 001/001 Desa Karyasari Kec. Banyuresmi","082260595389","hak cipta Syngenta; rujukan lokasi, bukan untuk diterbitkan ulang"
"Bakhti Kencana",-7.0623924,111.9611919,"syngenta","Jawa Timur","Tuban","Dsn.Kkrajan Rt. 04/02 Ds. Gununganyar Kec. Soko","085604112006","hak cipta Syngenta; rujukan lokasi, bukan untuk diterbitkan ulang"
"Balen Rejo",-7.2140969,111.95523,"syngenta","Jawa Timur","Bojonegoro","Desa Kemamang Kec. Balen","081335679479","hak cipta Syngenta; rujukan lokasi, bukan untuk diterbitkan ulang"
"Bangkit Jaya Tani",-7.0448296,107.4943843,"syngenta","Jawa Barat","Bandung","Kp. Lebak Muncang Rt. 002/005, Ds. Lebak Muncang, Kec. Ciwidey, Kab. Bandung","081312334222","hak cipta Syngenta; rujukan lokasi, bukan untuk diterbitkan ulang"
"Banua Mitra Tani",-6.8807627,106.9042116,"syngenta","Jawa Barat","Sukabumi","Jl. Kadudampit KM. 3 Rt 16/03 Ds. Gunungjaya Kec. Cisaat Kab. Sukabumi","085624758559","hak cipta Syngenta; rujukan lokasi, bukan untuk diterbitkan ulang"
"Bara Tani Asih",-6.8885642,110.6301379,"syngenta","Jawa Tengah","Demak","Jl. Amarta No. 1 Rt. 003/003 Kel. Mangunjiwan Kec. Demak","081325036736","hak cipta Syngenta; rujukan lokasi, bukan untuk diterbitkan ulang"
"Baraya Tani",-6.8050022,107.6404989,"syngenta","Jawa Barat","Bandung Barat","Kp. Cilumber Rt. 001/007, Ds. Cibogo, Kec. Lembang, kab. Bandung Barat","081224266651","hak cipta Syngenta; rujukan lokasi, bukan untuk diterbitkan ulang"
"Bareng Brayan",-6.8430456,109.0230298,"syngenta","Jawa Tengah","Brebes","Rt. 005/004 Desa Tengki Kec. Brebes","082314788392","hak cipta Syngenta; rujukan lokasi, bukan untuk diterbitkan ulang"
"Bareng Maju Tani",-6.3568181,108.1081385,"syngenta","Jawa Barat","Indramayu","Blok Pantura Rt. 004/001 Ds. Manggungan Kec. Terisi","081324420004","hak cipta Syngenta; rujukan lokasi, bukan untuk diterbitkan ulang"
"Barito Raya",-7.2367039,110.1217628,"syngenta","Jawa Tengah","Temanggung","Jalan Kedu Jumo Rt. 02/05 Kalipang Timur Gondangwan","082133820266","hak cipta Syngenta; rujukan lokasi, bukan untuk diterbitkan ulang"
"Barokah",-6.4689835,107.7547383,"syngenta","Jawa Barat","Subang","Kp. Suka Makmur Rt. 013/005 Ds. Bendungan Kec. Pagaden Barat","082127757570","hak cipta Syngenta; rujukan lokasi, bukan untuk diterbitkan ulang"
"Barokah",-7.0447989,110.9137647,"syngenta","Jawa Tengah","Grobogan","Dusun Temon, RT. 001/001 Kel. Temon, Kec. Brati","081325657100","hak cipta Syngenta; rujukan lokasi, bukan untuk diterbitkan ulang"
"Barokah",-7.513786,112.1564346,"syngenta","Jawa Timur","Jombang","Desa Turipinggir Kec. Megaluh","085101295042","hak cipta Syngenta; rujukan lokasi, bukan untuk diterbitkan ulang"
"Barokah",-7.7774464,113.1731832,"syngenta","Jawa Timur","Probolinggo","Jl. Galunggung RT/RW 002/004 Triwung Kidul, Kademangan","085236674068","hak cipta Syngenta; rujukan lokasi, bukan untuk diterbitkan ulang"
"Barokah",-7.843791,113.2855963,"syngenta","Jawa Timur","Probolinggo","Dsn. Darung Rt. 009/002 Desa Blado Wetan Kec. Banyuanyar","081358955242","hak cipta Syngenta; rujukan lokasi, bukan untuk diterbitkan ulang"
"Barokah",-7.7033729,112.8179991,"syngenta","Jawa Timur","Pasuruan","Dusun Krajan Rt. 004/004 Desa Kluwut Kec. Wonorejo","085256345069","hak cipta Syngenta; rujukan lokasi, bukan untuk diterbitkan ulang"
"Barokah Abadi",-6.8386697,111.2522763,"syngenta","Jawa Tengah","Pati","Ds. Ronggo RT/RW 006/008, Kec. Jaken","085225042500","hak cipta Syngenta; rujukan lokasi, bukan untuk diterbitkan ulang"
"Barokah GSP",-6.7136063,107.0586615,"syngenta","Jawa Barat","Cianjur","Kp Cibadak Rt 01/19  Ds Sukanagalih Kec Pacet Cianjur","081993549931","hak cipta Syngenta; rujukan lokasi, bukan untuk diterbitkan ulang"
"Barokah Jaya",-7.0167328,111.0289023,"syngenta","Jawa Tengah","Grobogan","Dsn. Karang Getas Rt. 002/008 Ds. Godan Kec. Tawangharjo","085291101614","hak cipta Syngenta; rujukan lokasi, bukan untuk diterbitkan ulang"
"Barokah Tani",-6.3568515,107.4588131,"syngenta","Jawa Barat","Karawang","Kp. Gombol Rt. 002/006 Ds. Citarik Kec. Tirtamulya","081285982985","hak cipta Syngenta; rujukan lokasi, bukan untuk diterbitkan ulang"
"Barokah Tani",-7.0046896,109.4928435,"syngenta","Jawa Tengah","Pemalang","Desa Kesesirejo, Kec. Bodeh, Kab. Pemalang","083862168067","hak cipta Syngenta; rujukan lokasi, bukan untuk diterbitkan ulang"
"Barokah Tani",-7.6501767,110.2862346,"syngenta","Jawa Tengah","Magelang","Jl. Kr. Syahid Desa Kadiluwih Kec. Salam","085327886427","hak cipta Syngenta; rujukan lokasi, bukan untuk diterbitkan ulang"
"Barokah Tani",-7.1449956,111.6153945,"syngenta","Jawa Timur","Bojonegoro","Jl. Rajawali RT/RW 021/004 Kel. Batokan Kec. Kasiman","085335656654","hak cipta Syngenta; rujukan lokasi, bukan untuk diterbitkan ulang"
"Barokah Tani",-6.8480126,111.9194589,"syngenta","Jawa Timur","Tuban","Desa Tlogowaru Kec. Merakurak","081515115131","hak cipta Syngenta; rujukan lokasi, bukan untuk diterbitkan ulang"
"Barokah Tani - Grobogan",-7.0795202,111.0944763,"syngenta","Jawa Tengah","Grobogan","Komplek Pasar Wirosari No. 5-6 Kel. Wirosari Kec. Wirosari","081229033737","hak cipta Syngenta; rujukan lokasi, bukan untuk diterbitkan ulang"
"Barokah Tani - Tanjungsiang",-6.753222,107.8146632,"syngenta","Jawa Barat","Subang","Kp. Cikadu, Ds. Tanjungsiang, Kec. Tanjungsiang, Kab. Subang","085720006248","hak cipta Syngenta; rujukan lokasi, bukan untuk diterbitkan ulang"
"Barokah Tani Tawangmangu",-7.6689667,111.119751,"syngenta","Jawa Tengah","Karanganyar","Tawangmangu RT 003 RW 002 Kel. Tawangmangu","085226480272","hak cipta Syngenta; rujukan lokasi, bukan untuk diterbitkan ulang"
"Barokah Tani Wirosari",-7.0822035,111.087956,"syngenta","Jawa Tengah","Grobogan","Kunden Timur Rt.002/002 Desa Kunden Kec. Wirosari","085292211440","hak cipta Syngenta; rujukan lokasi, bukan untuk diterbitkan ulang"
"Barurejo Agro",-8.4541626,114.0606936,"syngenta","Jawa Timur","Banyuwangi","Dsn Krajan, RT. 006/0022, Desa. Barurejo, Kec. Siliragung, Banyuwangi","081246293692","hak cipta Syngenta; rujukan lokasi, bukan untuk diterbitkan ulang"
"Batur Tani",-7.2070637,109.8283005,"syngenta","Jawa Tengah","Banjarnegara","Jl. Raya Batur No. 47, Batur, Kel. Batur, Kec. Batur","081391056868","hak cipta Syngenta; rujukan lokasi, bukan untuk diterbitkan ulang"
"Bayan Jaya",-6.514204,108.317549,"syngenta","Jawa Barat","Indramayu","Blok Bojong Melati, Ds. Karanggetas, Kec. Bangodua","082122020091","hak cipta Syngenta; rujukan lokasi, bukan untuk diterbitkan ulang"
"Bayu Tani",-6.5664136,108.0177451,"syngenta","Jawa Barat","Indramayu","Blok Cayut Rt. 017/005 Kel. Sukaslamet Kec. Kroya","081288693137","hak cipta Syngenta; rujukan lokasi, bukan untuk diterbitkan ulang"
"Bela Tani",-7.3450899,108.1803316,"syngenta","Jawa Barat","Tasikmalaya","Jl. Raya Cibanjaran Rt. 004/003, Kel. Cipari, Kec. Mangkubumi, Kab. Tasikmalaya","082128378378","hak cipta Syngenta; rujukan lokasi, bukan untuk diterbitkan ulang"
"Benih Jaya",-7.5230692,112.5568011,"syngenta","Jawa Timur","Mojokerto","Jl. Airlangga No.122 Kauman, Mojosari","081331199992","hak cipta Syngenta; rujukan lokasi, bukan untuk diterbitkan ulang"
"Bens Tani Kec.Larangan",-7.008605,108.9474806,"syngenta","Jawa Tengah","Brebes","Jl. Raya Larangan Rt.03/07 Ds.Larangan Kec.Larangan","085290891153","hak cipta Syngenta; rujukan lokasi, bukan untuk diterbitkan ulang"
"Berkah",-7.6439763,108.9531947,"syngenta","Jawa Tengah","Cilacap","Desa Ujungmanik Rt. 003/003 Kawunganten","081327102180","hak cipta Syngenta; rujukan lokasi, bukan untuk diterbitkan ulang"
"Berkah",-6.9252915,111.9850391,"syngenta","Jawa Timur","Tuban","Dusun Tarakan Desa Tegalrejo Rt. 001/002 Kec.Merakurak","081331000678","hak cipta Syngenta; rujukan lokasi, bukan untuk diterbitkan ulang"
"Berkah Agrotama",-8.084057,112.204125,"syngenta","Jawa Timur","Blitar","Dsn Talok, Kel. Pojok, Kec. Garum, Kab. Blitar","081288667376","hak cipta Syngenta; rujukan lokasi, bukan untuk diterbitkan ulang"
"Berkah Jaya",-6.9546749,108.993936,"syngenta","Jawa Tengah","Brebes","DK Kedawon Rt. 002/06 Desa Rengaspendawa Kec Larangan, Kab Brebes","085600688251","hak cipta Syngenta; rujukan lokasi, bukan untuk diterbitkan ulang"
"Berkah Jaya Putra",-6.9537936,109.1865182,"syngenta","Jawa Tengah","Tegal","Desa Balamoa Rt. 003/001 Kec. Pangkah","085640175681","hak cipta Syngenta; rujukan lokasi, bukan untuk diterbitkan ulang"
"Berkah Langgeng Tani",-6.780508,108.1814105,"syngenta","Jawa Barat","Majalengka","Ds. Heuleut, Kec. Kadipaten, RT. 002 RW. 003, Blok Saptu, Ds. Heuleut, Kec. Kadipaten","085318117340","hak cipta Syngenta; rujukan lokasi, bukan untuk diterbitkan ulang"
"Berkah Maju Jaya",-6.2797128,107.4765594,"syngenta","Jawa Barat","Karawang","Dsn Sijaya Rt. 003/004 Ds. Pulo Jaya, Kec. Lemah Abang","085814185120","hak cipta Syngenta; rujukan lokasi, bukan untuk diterbitkan ulang"
"Berkah Mandiri Gandatapa",-7.3513652,109.2628895,"syngenta","Jawa Tengah","Banyumas","Rt. 002/001 Gandatapa, Gandatapa, Sumbang","081327391199","hak cipta Syngenta; rujukan lokasi, bukan untuk diterbitkan ulang"
"Berkah Mirza Tani",-6.8777566,106.9717768,"syngenta","Jawa Barat","Sukabumi","Perum Griya Goalpara Asri No. 5, Jl. Goalpara Rt 04/ 08 Cisarua, Sukabumi","085860381387","hak cipta Syngenta; rujukan lokasi, bukan untuk diterbitkan ulang"
"Berkah Putra",-6.9244737,109.1850317,"syngenta","Jawa Tengah","Tegal","Jl. Raya Tangkil Rt. 007/004 Desa Mindaka Kec. Tarub","085642504382","hak cipta Syngenta; rujukan lokasi, bukan untuk diterbitkan ulang"
"Berkah Tani",-6.9818739,108.5032788,"syngenta","Jawa Barat","Kuningan","Link Subur Rt. 009/007, Kel. Windusengkahan, Kec. Kuningan","081932351188","hak cipta Syngenta; rujukan lokasi, bukan untuk diterbitkan ulang"
"Berkah Tani",-6.5445039,107.7303269,"syngenta","Jawa Barat","Subang","Kp. Lebaksiuh Rt. 007/001, Ds. Suksari, Kec. Dawuan","081274651123","hak cipta Syngenta; rujukan lokasi, bukan untuk diterbitkan ulang"
"Berkah Tani",-7.1963966,107.3494043,"syngenta","Jawa Barat","Bandung","Kp. Rancamulya Rt. 001/001 Ds. Sukaresmi Kec. Rancabali","08817826574","hak cipta Syngenta; rujukan lokasi, bukan untuk diterbitkan ulang"
"Berkah Tani",-6.734923,106.8526664,"syngenta","Jawa Barat","Bogor","Kp. Cisempur Rt. 002/002 Kel. Cinagara Kec. Caringin","085778424292","hak cipta Syngenta; rujukan lokasi, bukan untuk diterbitkan ulang"
"Berkah Tani",-6.4704546,107.0734776,"syngenta","Jawa Barat","Bogor","Kp. Bengkok Rt. 001/009 Ds. Jonggol Kec. Jonggol","081804993742","hak cipta Syngenta; rujukan lokasi, bukan untuk diterbitkan ulang"
"Berkah Tani",-7.0109665,109.5843411,"syngenta","Jawa Tengah","Pekalongan","Dk. Gejug Kidul Rt. 007/003 Gejlig Kajen","085642769265","hak cipta Syngenta; rujukan lokasi, bukan untuk diterbitkan ulang"
"Berkah Tani",-6.943918,109.2088168,"syngenta","Jawa Tengah","Tegal","Desa Kebandingan Rt. 016/004 Kec. Kedungbanteng","085200546543","hak cipta Syngenta; rujukan lokasi, bukan untuk diterbitkan ulang"
"Berkah Tani",-7.1194395,110.6615885,"syngenta","Jawa Tengah","Grobogan","Dusun Gajah Mati Rt. 002/008 Ds. Jumo Kec. Kedungjati","081327264158","hak cipta Syngenta; rujukan lokasi, bukan untuk diterbitkan ulang"
"Berkah Tani",-7.5508057,110.3524781,"syngenta","Jawa Tengah","Magelang","Dusun Dukuh Rt. 001/001 Ds Ngadipuro Kec. Dukun","081328087054","hak cipta Syngenta; rujukan lokasi, bukan untuk diterbitkan ulang"
"Berkah Tani",-7.0228522,110.7044485,"syngenta","Jawa Tengah","Grobogan","Dusun Mlati Rt. 002/001 Manggar Mas Godong","085702284854","hak cipta Syngenta; rujukan lokasi, bukan untuk diterbitkan ulang"
"Berkah Tani",-7.6515929,112.2369114,"syngenta","Jawa Timur","Jombang","Dsn Genjong Rt. 001/002 Kidul Ds. Sidowarek Kec. Ngoro","081240520490","hak cipta Syngenta; rujukan lokasi, bukan untuk diterbitkan ulang"
"Berkah Tani",-8.3829627,113.6234402,"syngenta","Jawa Timur","Jember","Dsn. Tirtoasri Rt. 002/023 Desa Andongsari Kec. Ambulu","081336652956","hak cipta Syngenta; rujukan lokasi, bukan untuk diterbitkan ulang"
"Berkah Tani",-7.495047,111.5140386,"syngenta","Jawa Timur","Ngawi","Dsn. Karasan Rt. 003/003 Ds. Waruktengah Kec. Pangkur","081231774578","hak cipta Syngenta; rujukan lokasi, bukan untuk diterbitkan ulang"
"Berkah Tani",-8.1384242,112.0804259,"syngenta","Jawa Timur","Tulungagung","Dsn/Ds. Pakisrejo Rt. 003/002 Kec. Rejotangan","081234677838","hak cipta Syngenta; rujukan lokasi, bukan untuk diterbitkan ulang"
"BERKAH TANI",-7.7855752,109.6847625,"syngenta","Jawa Tengah","Kebumen","Brecong RT/RW 001/007, Brecong, Buluspesantren","081327935399","hak cipta Syngenta; rujukan lokasi, bukan untuk diterbitkan ulang"
"Berkah Tani - Cianjur",-7.0478441,106.9961816,"syngenta","Jawa Barat","Cianjur","Kp. Jalan Datar Rt. 01/14, Kel. Pasawahan, Kec. Takokak, Kab. Cianjur","081563219499","hak cipta Syngenta; rujukan lokasi, bukan untuk diterbitkan ulang"
"Berkah Tani Abadi",-6.9212929,112.0626698,"syngenta","Jawa Timur","Tuban","Jl. Hayam Wuruk Pertokoaan Watu Gajah Kav. 05-06 Kec. Semanding","085645080312","hak cipta Syngenta; rujukan lokasi, bukan untuk diterbitkan ulang"
"Berkah Tani Brebes",-7.0508939,108.9145675,"syngenta","Jawa Tengah","Brebes","Rt. 001/014 Desa Pamulihan Kec. Larangan","082324482436","hak cipta Syngenta; rujukan lokasi, bukan untuk diterbitkan ulang"
"Berkah Tani Mandiri",-7.3114375,110.6525625,"syngenta","Jawa Tengah","Boyolali","Jaragan Rt. 002/001 Ds Wonosegoro Kec. Wonosegoro","085695035977","hak cipta Syngenta; rujukan lokasi, bukan untuk diterbitkan ulang"
"Berkah Tani Unggul",-7.4418752,108.7333671,"syngenta","Jawa Tengah","Cilacap","Desa Purwasari, Kec. Wanareja, Jl. Tanjungsari, RT. 002/002, Desa Purwasari, Kec. Wanareja","081357477388","hak cipta Syngenta; rujukan lokasi, bukan untuk diterbitkan ulang"
"Berkat Tani",-8.1336376,112.5739493,"syngenta","Jawa Timur","Malang","Jl. Raya Penarukan Rt. 003/002 Kepanjen","081334359650","hak cipta Syngenta; rujukan lokasi, bukan untuk diterbitkan ulang"
"Bertani",-8.4348912,114.3192179,"syngenta","Jawa Timur","Banyuwangi","Dsn. Krajan Rt. 002/009 Ds. Tapa Rejo. Muncar","082139276376","hak cipta Syngenta; rujukan lokasi, bukan untuk diterbitkan ulang"
"Bijaksana Tani Kec.Bulakamba",-6.9309023,108.9680522,"syngenta","Jawa Tengah","Brebes","Jl. Nahrawi Rt. 003/006 Kel. Tegalglagah Kec. Bulakamba","081332779674","hak cipta Syngenta; rujukan lokasi, bukan untuk diterbitkan ulang"
"BIMA",-7.6269383,109.2494007,"syngenta","Jawa Tengah","Cilacap","Jl. Jend A Yani 529 Rt. 14/04 Kel. Kroya","081991168529","hak cipta Syngenta; rujukan lokasi, bukan untuk diterbitkan ulang"
"Bina Sejahtera",-6.9827965,108.3111035,"syngenta","Jawa Barat","Majalengka","Jl. A. Yani No. 2C, Kec. Talaga","081324940099","hak cipta Syngenta; rujukan lokasi, bukan untuk diterbitkan ulang"
"BINA SEJAHTERA TANI",-6.9203614,109.4050899,"syngenta","Jawa Tengah","Pemalang","Dsn. Kledung Rt.04/05 Ds. Cibelok, Kec.Taman","087711632250","hak cipta Syngenta; rujukan lokasi, bukan untuk diterbitkan ulang"
"Bina Tani",-7.2586367,106.6258675,"syngenta","Jawa Barat","Sukabumi","Kp. Bakanjati, RT. 014/004, Kec. Jampang kulon","085211979495","hak cipta Syngenta; rujukan lokasi, bukan untuk diterbitkan ulang"
"Bina Tani",-7.299529,106.6202887,"syngenta","Jawa Barat","Sukabumi","Kp.Bakan Jati, Ds Bojong genteng, Kec, Jampang kulon","85798730357","hak cipta Syngenta; rujukan lokasi, bukan untuk diterbitkan ulang"
"Bina Tani",-6.9088708,108.8690594,"syngenta","Jawa Tengah","Brebes","Jl. Randugede Rt. 001/001 Kemukten Kec. Kersana","081911516003","hak cipta Syngenta; rujukan lokasi, bukan untuk diterbitkan ulang"
"Bindung Tani",-7.7576325,114.2925424,"syngenta","Jawa Timur","Situbondo","Dsn. Bindung Rt. 001/001 Desa Sumberanyar Kec. Banyuputih","082330637364","hak cipta Syngenta; rujukan lokasi, bukan untuk diterbitkan ulang"
"Binsar Tani",-6.1734897,107.2973692,"syngenta","Jawa Barat","Karawang","Jln. Bedeng Rengasdengklok No. 128","081210990990","hak cipta Syngenta; rujukan lokasi, bukan untuk diterbitkan ulang"
"Bio Tani Makmur",-6.428781,108.3000354,"syngenta","Jawa Barat","Indramayu","Blok Kuwod Rt. 001/001 Ds. Jatisawit Kec. Jatibarang","81322965206","hak cipta Syngenta; rujukan lokasi, bukan untuk diterbitkan ulang"
"Bojes Tani Batur",-7.2070637,109.8283005,"syngenta","Jawa Tengah","Banjarnegara","Jalan Raya Batur 37-35 Desa Batur, Kec. Batur Kab. Banjarnegara","082211152106","hak cipta Syngenta; rujukan lokasi, bukan untuk diterbitkan ulang"
"Boma Sakti Tani",-6.947433,108.9698268,"syngenta","Jawa Tengah","Brebes","Jl. Raksa No. 46 RT/RW 009/001 Larangan","087730988883","hak cipta Syngenta; rujukan lokasi, bukan untuk diterbitkan ulang"
"Bontot Tani",-6.3494624,107.8744391,"syngenta","Jawa Barat","Subang","Dsn. Sukasenang Rt. 020/008 Ds. Compreng Kec. Compreng","081312278990","hak cipta Syngenta; rujukan lokasi, bukan untuk diterbitkan ulang"
"Brayan Tani",-6.8651395,108.8566338,"syngenta","Jawa Tengah","Brebes","Rt. 003/001 Desa Tanjung Kec. Tanjung","081802306500","hak cipta Syngenta; rujukan lokasi, bukan untuk diterbitkan ulang"
"Budi Tani",-7.6336904,109.1790856,"syngenta","Jawa Tengah","Cilacap","Jl. Kartini Rt. 003/003 Desa Doplang Kec. Adipala","085717893621","hak cipta Syngenta; rujukan lokasi, bukan untuk diterbitkan ulang"
"Budi Tani",-6.9664396,109.0544986,"syngenta","Jawa Tengah","Brebes","Jl. Raya Barat No. 60 Rt. 004/004 Jatibarang Lor Kec. Jatibarang","082121975511","hak cipta Syngenta; rujukan lokasi, bukan untuk diterbitkan ulang"
"Budi Tani Kroya",-7.6343577,109.2489569,"syngenta","Jawa Tengah","Cilacap","Rt. 025/003 Desa Kroya Kec. Kroya Kab. Cilacap","085107603030","hak cipta Syngenta; rujukan lokasi, bukan untuk diterbitkan ulang"
"Budi Tani Putri",-6.9726963,109.0422241,"syngenta","Jawa Tengah","Brebes","Jl. raya Dukuhmaja Rt. 01/01 Desa Dukuhmaja, Kec. Songgom","081904304141","hak cipta Syngenta; rujukan lokasi, bukan untuk diterbitkan ulang"
"Bulak Tani",-6.9332733,110.0680438,"syngenta","Jawa Tengah","Kendal","Dk. Gilisari Rt. 002/001, Sendangdawuhan, Rowosari","081901320469","hak cipta Syngenta; rujukan lokasi, bukan untuk diterbitkan ulang"
"BUMI ARTA TANI",-7.7183432,112.720124,"syngenta","Jawa Timur","Pasuruan","Jl. Pesantren no 25 Kec. Pandaan Kabupaten Pasuruan","085257821214","hak cipta Syngenta; rujukan lokasi, bukan untuk diterbitkan ulang"
"Bumi Asih",-7.7622986,113.154695,"syngenta","Jawa Timur","Probolinggo","Jl. Brawijaya No.189 Rt. 003/02 Desa Mentor, Kec. Sumberasih","081336273952","hak cipta Syngenta; rujukan lokasi, bukan untuk diterbitkan ulang"
"Bumi Jaya",-8.1632248,113.4573739,"syngenta","Jawa Timur","Jember","Jl. Hos Cokro Aminoto Rt. 002/03 Desa Tanggul Kulon, Kec. Tanggul","082140999444","hak cipta Syngenta; rujukan lokasi, bukan untuk diterbitkan ulang"
"Bumi Mas",-7.3865305,106.5347171,"syngenta","Jawa Barat","Sukabumi","Kp. Cibungur Rt. 001/009 Desa Pasirlipis Kec. Surade","08158073742","hak cipta Syngenta; rujukan lokasi, bukan untuk diterbitkan ulang"
"bumi sholawat",-6.9918628,111.9611919,"syngenta","Jawa Timur","Tuban","Dusun Karang Lor RT 3/2 Desa Waleran, Kec. Grabagan","085226432694","hak cipta Syngenta; rujukan lokasi, bukan untuk diterbitkan ulang"
"Bunda Tani",-6.7489414,107.1952034,"syngenta","Jawa Barat","Cianjur","Kp. Cibogo Rt. 001/007, Kel. Bobojong, Kec. Mande, Kab. Cianjur","085624109289","hak cipta Syngenta; rujukan lokasi, bukan untuk diterbitkan ulang"
"Bunga Bertani",-6.9262046,112.1474925,"syngenta","Jawa Timur","Tuban","Desa Leran Kulon Rt. 002/005 Kec. Palang","0""081335714412""; 6282132228999","hak cipta Syngenta; rujukan lokasi, bukan untuk diterbitkan ulang"
"Bunga Mekar",-6.559129,107.7120547,"syngenta","Jawa Barat","Subang","Kp. Sukahurip Rt. 007/003 Ds. Cisaga Kec. Cibogo","082219366154","hak cipta Syngenta; rujukan lokasi, bukan untuk diterbitkan ulang"
"Bunga Tani",-7.0289044,110.5304842,"syngenta","Jawa Tengah","Demak","Desa Kembang Arum Rt. 007/005, Mranggen","082134715702","hak cipta Syngenta; rujukan lokasi, bukan untuk diterbitkan ulang"
"Cahaya Tani",-6.8059623,108.1880397,"syngenta","Jawa Barat","Majalengka","Blok Mawar Rt. 013/007, Ds. Panyingkiran, Kec. Panyingkiran","085316447465","hak cipta Syngenta; rujukan lokasi, bukan untuk diterbitkan ulang"
"Cahaya Tani",-7.2206876,108.1876194,"syngenta","Jawa Barat","Tasikmalaya","Pasar Rajapolah Ds Rajapolah Kec. Rajapolah","081312773000","hak cipta Syngenta; rujukan lokasi, bukan untuk diterbitkan ulang"
"Cahaya Tani",-7.461582,111.0471052,"syngenta","Jawa Tengah","Sragen","Gandil RT 35 RW 16, Mojokerto, Kec Karangmalang","081229726006","hak cipta Syngenta; rujukan lokasi, bukan untuk diterbitkan ulang"
"Cahaya Tani",-7.0258215,110.110931,"syngenta","Jawa Tengah","Kendal","Jumleng Desa Sojomerto Kec. Gemuh","081901259385","hak cipta Syngenta; rujukan lokasi, bukan untuk diterbitkan ulang"
"Cahaya Tani",-6.870195,109.5525866,"syngenta","Jawa Tengah","Pemalang","Jl. Pasar Sruwet Rt. 002/005 Ds. Pager Gunung Kec. Ulujami","081226276900","hak cipta Syngenta; rujukan lokasi, bukan untuk diterbitkan ulang"
"Cahaya Tani",-7.4520026,111.3336879,"syngenta","Jawa Timur","Ngawi","Dusun Kluweng Rt. 002/002 Desa Jeblogan Kec. Paron","085235610319","hak cipta Syngenta; rujukan lokasi, bukan untuk diterbitkan ulang"
"Cahaya Tani - Blitar",-8.0214031,112.0685027,"syngenta","Jawa Timur","Blitar","Dsn. Pasirharjo Ds. Sumbersari RT.01/RW.03, Kec. Udanawu","081334533400","hak cipta Syngenta; rujukan lokasi, bukan untuk diterbitkan ulang"
"Cahaya Tani - Boyolali",-7.2719986,110.7182064,"syngenta","Jawa Tengah","Boyolali","Pasar Guwo Rt. 006/002 Desa Guwo Kec. Kemusu","08121539974","hak cipta Syngenta; rujukan lokasi, bukan untuk diterbitkan ulang"
"Cahaya Tani - Pemalang",-6.8890277,109.3911387,"syngenta","Jawa Tengah","Pemalang","Jl. Veteran Kios pPasar Pagi Blok C 36-37 Mulyoharjo, Kec. Pemalang","081548035917","hak cipta Syngenta; rujukan lokasi, bukan untuk diterbitkan ulang"
"Cahaya Tani - Sukabumi",-6.9551555,106.9754095,"syngenta","Jawa Barat","Sukabumi","Kp. Cibogo Rt. 20/03, DS. Ciengang, Kec. Geger Bitung, Kab. Sukabumi","085797201145","hak cipta Syngenta; rujukan lokasi, bukan untuk diterbitkan ulang"
"Cahaya Tani - Tulungrejo",-7.1567451,111.864311,"syngenta","Jawa Timur","Bojonegoro","Tulungrejo Rt. 10/03 Desa. Tulungrejo Kec. Sumbe rejjo","082125219894","hak cipta Syngenta; rujukan lokasi, bukan untuk diterbitkan ulang"
"Cellyn Kios",-7.1413495,110.6824474,"syngenta","Jawa Tengah","Grobogan","Bantengan Rt. 002/001 Ds. Penadaran Kec. Gubug","085640146075","hak cipta Syngenta; rujukan lokasi, bukan untuk diterbitkan ulang"
"Ceria Tani Mandiri",-6.8590763,109.1612478,"syngenta","Jawa Tengah","Tegal","Griya Satriya Blok A/18 Rt. 001/009 Kel. Dampyak, Kec. Kramat, Kab. Tegal","08125721291","hak cipta Syngenta; rujukan lokasi, bukan untuk diterbitkan ulang"
"Cim Cim Tani",-7.1102939,112.1512184,"syngenta","Jawa Timur","Bojonegoro","Dusun Sekalang Rt. 015/ 005 Kalisari, Baureno","082139782776","hak cipta Syngenta; rujukan lokasi, bukan untuk diterbitkan ulang"
"Cinta Tani",-6.3519782,107.8169229,"syngenta","Jawa Barat","Subang","Desa Tambakdahan Kec. Tambakdahan Subang","081321574575","hak cipta Syngenta; rujukan lokasi, bukan untuk diterbitkan ulang"
"Cinta Tani - Garut",-7.2296552,107.8329306,"syngenta","Jawa Barat","Garut","Kp. Panunjuk Rt. 001/001, Ds. Sirnasari, Kec. Samarang, Kab. Garut","085794075336","hak cipta Syngenta; rujukan lokasi, bukan untuk diterbitkan ulang"
"Cipta tani",-7.3828741,111.0928894,"syngenta","Jawa Tengah","Sragen","Jl. Raya Solo-Ngawi KM 4 Pedakan Bener, Ngrampal","08123406470","hak cipta Syngenta; rujukan lokasi, bukan untuk diterbitkan ulang"
"Cipta tani",-7.1025682,110.2663945,"syngenta","Jawa Tengah","Kendal","Jl. Beringin No. 18 Boja","085780166227","hak cipta Syngenta; rujukan lokasi, bukan untuk diterbitkan ulang"
"CMT",-7.0944568,107.4479306,"syngenta","Jawa Barat","Bandung","Kp. Pagersari Desa Ciwidey Kec. Ciwidey","082319062906","hak cipta Syngenta; rujukan lokasi, bukan untuk diterbitkan ulang"
"CV Abiputra Jaya",-7.4010003,111.1137163,"syngenta","Jawa Tengah","Sragen","Gondang Tani, RT. 018 Kel. Gondang Kec. Gondang","085335173344","hak cipta Syngenta; rujukan lokasi, bukan untuk diterbitkan ulang"
"CV Agro Persada Mas",-8.3070565,114.2944283,"syngenta","Jawa Timur","Banyuwangi","Jl Raya Rogojampi, No 10, Dsn Sidomulyo, Ds. Gitik, Kec. Rogojampi, Kab, Banyuwangi","082141840099","hak cipta Syngenta; rujukan lokasi, bukan untuk diterbitkan ulang"
"CV Al Quds",-7.0750233,110.7703569,"syngenta","Jawa Tengah","Grobogan","Ketangirejo Dusun Trongso Rt. 007/001 Godong","081229555246","hak cipta Syngenta; rujukan lokasi, bukan untuk diterbitkan ulang"
"CV BAYU AJI SUBUR",-7.6015578,112.7776282,"syngenta","Jawa Timur","Pasuruan","Jl. Mangga Rt. 005/003 Poger, Bangil","082141315787","hak cipta Syngenta; rujukan lokasi, bukan untuk diterbitkan ulang"
"CV Berkah Lestari",-6.824515,107.1452293,"syngenta","Jawa Barat","Cianjur","Jl. Moch. Yamin No. 32 A Rt. 02/01","082127127000","hak cipta Syngenta; rujukan lokasi, bukan untuk diterbitkan ulang"
"CV Citra Buana Persada",-8.1929721,113.7127862,"syngenta","Jawa Timur","Jember","Jl. Letjen Sutoyo Lingk. Kramat Rt. 002/003 Kel. Kranjingan","0811355057","hak cipta Syngenta; rujukan lokasi, bukan untuk diterbitkan ulang"
"CV Deka Agro Product",-6.4749823,108.3067382,"syngenta","Jawa Barat","Indramayu","Jl. Raya Bulak Blok Roma Rt/Rw. 008/003 Bulak-Jatibarang","081220561777","hak cipta Syngenta; rujukan lokasi, bukan untuk diterbitkan ulang"
"CV Empat Satu Sarana Agro",-6.3142755,107.317201,"syngenta","Jawa Barat","Karawang","Jl. Ir Sutami No. 32 Kec.  Kerawang Timur","082125811419","hak cipta Syngenta; rujukan lokasi, bukan untuk diterbitkan ulang"
"CV Gunung Subur Kebakrahmat",-7.5225282,110.9068655,"syngenta","Jawa Tengah","Karanganyar","Jl. Solo - Sragen KM. 12 Rt. 002/05 Kel. Kemiri Kec. Kebakkramat Solo","08122600678","hak cipta Syngenta; rujukan lokasi, bukan untuk diterbitkan ulang"
"CV Indo Semesta Agro",-6.7405328,111.0252821,"syngenta","Jawa Tengah","Pati","Jl. Kol. Sugiono No. 10, Kel. Winong, Kec. Pati","085113386692","hak cipta Syngenta; rujukan lokasi, bukan untuk diterbitkan ulang"
"CV Indotani",-7.3807623,109.897574,"syngenta","Jawa Tengah","Wonosobo","Perum Bumi Godean Rt. 002/005 Desa Wonolelo Kec. Wonosobo","081327221934","hak cipta Syngenta; rujukan lokasi, bukan untuk diterbitkan ulang"
"CV Maduratna",-7.1210393,111.573014,"syngenta","Jawa Tengah","Blora","Jl. Raya Randublatung KM. 3 Kel. Tambakromo Kec. Cepu","085225210498","hak cipta Syngenta; rujukan lokasi, bukan untuk diterbitkan ulang"
"CV Malaya Karya",-7.3878712,108.5492848,"syngenta","Jawa Barat","Banjar","Jalan BKR Lingkar Gudang RT 03 RW 02, Kel. Hegarsari, Kec. Pataruman","082315754600","hak cipta Syngenta; rujukan lokasi, bukan untuk diterbitkan ulang"
"CV Mega Jaya Semesta",-7.3248212,108.2145904,"syngenta","Jawa Barat","Tasikmalaya","Jl. Sukalaya II No. 6 Rt. 003/03, Kec. Cihideung","08122030303","hak cipta Syngenta; rujukan lokasi, bukan untuk diterbitkan ulang"
"CV Mega Raya",-6.8680304,108.97981,"syngenta","Jawa Tengah","Brebes","Jl. Raya Bangsri Rt. 003/002 Kel. Bangsri Kec. Bulakamba","081220200297","hak cipta Syngenta; rujukan lokasi, bukan untuk diterbitkan ulang"
"CV Mekar Jaya Mandiri",-7.7253675,111.5335599,"syngenta","Jawa Timur","Madiun","Jl. Raya Madiun Ponorogo No. 571B Kec. Geger Kab. Madiun","082244053934","hak cipta Syngenta; rujukan lokasi, bukan untuk diterbitkan ulang"
"CV Murah Tani",-6.688928,110.7012949,"syngenta","Jawa Tengah","Jepara","Pecangan Wetan Rt. 002/001 Pecangan","085290544440","hak cipta Syngenta; rujukan lokasi, bukan untuk diterbitkan ulang"
"CV Nirwana",-6.9487821,106.4800542,"syngenta","Jawa Barat","Sukabumi","Jln. Raya Cisolok, Kp. Marinjung Hilir, Ds. Karang Papak, Kec. Cisolok, Kab. Sukabumi","081218828044","hak cipta Syngenta; rujukan lokasi, bukan untuk diterbitkan ulang"
"CV Pakis Jaya Abadi",-6.9307471,110.7927077,"syngenta","Jawa Tengah","Kudus","Desa Kalirejo Rt. 001/003 Kec. Undaan","081325748661","hak cipta Syngenta; rujukan lokasi, bukan untuk diterbitkan ulang"
"CV Pusaka Agro Indo",-6.92917,108.8581306,"syngenta","Jawa Tengah","Brebes","Jl. Stasiun Desa Cigedong Rt. 006/01 Kec. Kersana","08562347777","hak cipta Syngenta; rujukan lokasi, bukan untuk diterbitkan ulang"
"CV Rizky Jaya",-7.5222608,111.4622617,"syngenta","Jawa Timur","Magetan","Jl. Raya Mrayem - Karangmojo No. 9, Karangmojo, Kartoharjo","081335553372","hak cipta Syngenta; rujukan lokasi, bukan untuk diterbitkan ulang"
"CV ROSMALA MULTI SARANA EXPRES",-7.2023534,107.8856238,"syngenta","Jawa Barat","Garut","Jl. Patriot No. 3, Kel. Sukagalih, Kec. Tarogong Kidul","082111390089","hak cipta Syngenta; rujukan lokasi, bukan untuk diterbitkan ulang"
"CV Rudiana Jaya",-6.5465706,110.6942614,"syngenta","Jawa Tengah","Jepara","Jl. Raya Jepara Bangsri KM 6 Desa Suwawal RT/RW 004/002 Kec. Mlonggo","089635304065","hak cipta Syngenta; rujukan lokasi, bukan untuk diterbitkan ulang"
"CV Sahabat Tani 3",-6.9475191,110.108734,"syngenta","Jawa Tengah","Kendal","Jl. Soekarno Hatta KM 12 Rt. 002/003 Pucangrejo, Gemuh","081225420681","hak cipta Syngenta; rujukan lokasi, bukan untuk diterbitkan ulang"
"CV Sahabat Tani Putra",-7.691515,110.7007094,"syngenta","Jawa Tengah","Klaten","Gatak Rt. 002/004 Pedan","082217409162","hak cipta Syngenta; rujukan lokasi, bukan untuk diterbitkan ulang"
"CV Saprotan Agro Makmur",-7.0307795,110.5373536,"syngenta","Jawa Tengah","Demak","Jl. Raya Kembangarum KM. 16,5","081325020952","hak cipta Syngenta; rujukan lokasi, bukan untuk diterbitkan ulang"
"CV Semi",-7.0939175,110.911863,"syngenta","Jawa Tengah","Grobogan","Jl. R. Suprapto Rt. 001/016 No. 23, Purwodadi","082221009339","hak cipta Syngenta; rujukan lokasi, bukan untuk diterbitkan ulang"
"CV Suman Multi Arta",-6.398602,108.146896,"syngenta","Jawa Barat","Indramayu","Jl. Raya Losarang 45 No. 729 Rt. 014/04, Kec. Losarang","0811219445","hak cipta Syngenta; rujukan lokasi, bukan untuk diterbitkan ulang"
"CV Sumber Bahagia",-6.8225769,107.1430958,"syngenta","Jawa Barat","Cianjur","Jl. Moch. Ali 22 Cianjur Rt. 001/001 Desa Sayang, Kec. Cianjur","081321533134","hak cipta Syngenta; rujukan lokasi, bukan untuk diterbitkan ulang"
"CV Sumber Tani Raya",-7.590221,110.2909717,"syngenta","Jawa Tengah","Magelang","Jl. FX Suhaji No. 199 Rt. 004/023 Gunungpring, Muntilan","0811250587","hak cipta Syngenta; rujukan lokasi, bukan untuk diterbitkan ulang"
"CV Surya Agro Perkasa",-7.248403,106.6622106,"syngenta","Jawa Barat","Sukabumi","Kp. Cijaksa Rt. 018/006 Desa Karang Mekar, Kec. Cimanggu","081310539232","hak cipta Syngenta; rujukan lokasi, bukan untuk diterbitkan ulang"
"CV Tani Djaya",-6.4559492,107.942955,"syngenta","Jawa Barat","Indramayu","Jl. Jendral Sudirman No. 10 Rt. 001/01 Blok Kubang Gading Citancu Haurgeulis","08122119188","hak cipta Syngenta; rujukan lokasi, bukan untuk diterbitkan ulang"
"CV Tani Jaya Pantura",-6.761299991,108.5853041,"syngenta","Jawa Barat","Cirebon","Jl. Raya Soekarno Hatta No. 121 Rt. 001/03 Kec. Losari Barat","081312453999","hak cipta Syngenta; rujukan lokasi, bukan untuk diterbitkan ulang"
"Cv tunas subur",-6.8753211,108.868037,"syngenta","Jawa Tengah","Brebes","Jl. Cemara No. 36 Tanjung Brebes","08122920408","hak cipta Syngenta; rujukan lokasi, bukan untuk diterbitkan ulang"
"CV Usaha Tani",-7.189959,113.2456661,"syngenta","Jawa Timur","Sampang","KH Wakhid Hasyim 55 Sampang - Madura","081331662629","hak cipta Syngenta; rujukan lokasi, bukan untuk diterbitkan ulang"
"Cv Wahana Agronaza",-7.5241413,110.1946471,"syngenta","Jawa Tengah","Magelang","Jl. Pendawa C/58 Perum Bagongan Asri Rt. 002/011 Sukorejo, Mertoyudan","085325504611","hak cipta Syngenta; rujukan lokasi, bukan untuk diterbitkan ulang"
"CV Waluya Jaya",-6.2830196,107.8236228,"syngenta","Jawa Barat","Subang","Jl. Husen Syahbana Dusun Baru Rt. 022/09, Mulyasari Subang","081321888831","hak cipta Syngenta; rujukan lokasi, bukan untuk diterbitkan ulang"
"CV. Agro Bumi Sejahtera",-7.5792168,110.2854669,"syngenta","Jawa Tengah","Magelang","Jl. Tambakan No. 11 Rt. 001/01 Tamanagung Muntilan","082241971852","hak cipta Syngenta; rujukan lokasi, bukan untuk diterbitkan ulang"
"CV. Agro Prima",-7.0998455,106.88017,"syngenta","Jawa Barat","Sukabumi","Kp. Purabaya, Kel. Purabaya, Kec. Purabaya, Kab. Sukabumi","081398189142","hak cipta Syngenta; rujukan lokasi, bukan untuk diterbitkan ulang"
"CV. Agroindo Makmur",-7.747708,110.398752,"syngenta","Jawa Tengah","Depok","Jl. Rajawali 2 No. 21 Rt. 008/005 Manukan Desa Condongcatur","085729306468","hak cipta Syngenta; rujukan lokasi, bukan untuk diterbitkan ulang"
"CV. Aliansyah",-6.8069157,111.0982021,"syngenta","Jawa Tengah","Pati","Ds. Winong Rt. 002/ 003 Kec. Winong","08122830248","hak cipta Syngenta; rujukan lokasi, bukan untuk diterbitkan ulang"
"CV. Amay Tani",-6.4711539,108.4591938,"syngenta","Jawa Barat","Indramayu","Jl. Pringbaya Blok Pesantren Rt. 03/01 Desa Kapringan, Kec. Krangkeng","085314162220","hak cipta Syngenta; rujukan lokasi, bukan untuk diterbitkan ulang"
"CV. Ardana Cipta",-6.8435666,108.8101263,"syngenta","Jawa Barat","Cirebon","Dusun Kemasan Rt. 001/003","081311996868","hak cipta Syngenta; rujukan lokasi, bukan untuk diterbitkan ulang"
"CV. Arta Tani Jaken",-6.6899531,111.4559084,"syngenta","Jawa Tengah","Rembang","Desa Ngemplak RT 001 RW 001","085291963131","hak cipta Syngenta; rujukan lokasi, bukan untuk diterbitkan ulang"
"CV. Bangkit Sanjaya",-7.1128519,111.1265189,"syngenta","Jawa Tengah","Grobogan","Jl. Honggokusuman No. 70, Rt. 003/02, Dusun Kembangan Kuwu, Kec. Kradenan","081325022222","hak cipta Syngenta; rujukan lokasi, bukan untuk diterbitkan ulang"
"CV. Berkah Abadi",-7.4890353,111.3151963,"syngenta","Jawa Timur","Ngawi","Jl. Raya Ngawi-Jogorogo KM. 11 Rt. 001/05 Desa Gentong Dusun Pehnongko, Kec. Paron","082142118866","hak cipta Syngenta; rujukan lokasi, bukan untuk diterbitkan ulang"
"CV. Bima Tani",-6.8753954,108.852639,"syngenta","Jawa Tengah","Brebes","Jl. Cendrawasih No. 33 Tanjung","082327514601","hak cipta Syngenta; rujukan lokasi, bukan untuk diterbitkan ulang"
"CV. Bintang Tani Abadi",-6.1175069,106.1655306,"syngenta","Banten","Serang","Jl. KH. Abdul Latief No. 131, Kec. Serang","081274111112","hak cipta Syngenta; rujukan lokasi, bukan untuk diterbitkan ulang"
"CV. Bumi Agro Mandiri",-7.855781,111.405341,"syngenta","Jawa Timur","Ponorogo","Jl. Raya Sampung Desa Kauman Kec. Kauman","082142991111","hak cipta Syngenta; rujukan lokasi, bukan untuk diterbitkan ulang"
"CV. Bunga Arum",-7.0242547,110.526371,"syngenta","Jawa Tengah","Demak","Jl. Kembangan Rt. 008/05 Desa Kembangarum Kec. Mranggen","082134166689","hak cipta Syngenta; rujukan lokasi, bukan untuk diterbitkan ulang"
"CV. BUYUNG MAS",-6.480816,108.3044846,"syngenta","Jawa Barat","Indramayu","Jl. Siliwangi No. 133 Blok Gudang Tengah Rt. 006/02 Jatibarang Baru","085719447373","hak cipta Syngenta; rujukan lokasi, bukan untuk diterbitkan ulang"
"CV. Cahaya Gemilang",-7.2102323,107.8699849,"syngenta","Jawa Barat","Garut","Jl. Pondok Pesantren Al Fatah Biru No. 147, Mekargalih, Kec. Tarogong Kidul","081220422659","hak cipta Syngenta; rujukan lokasi, bukan untuk diterbitkan ulang"
"CV. Cahaya Karunia",-6.9726963,109.0422241,"syngenta","Jawa Tengah","Brebes","Jl. Raya Desa Dukuhmaja Rt. 001/01, Kec. Songgom","085876280202","hak cipta Syngenta; rujukan lokasi, bukan untuk diterbitkan ulang"
"CV. Cahaya Tani",-7.6195839,109.5092606,"syngenta","Jawa Tengah","Kebumen","Jl. Puring KM. 2 Kali Tengah Rt. 002/008 Kec. Gombong","081328750056","hak cipta Syngenta; rujukan lokasi, bukan untuk diterbitkan ulang"
"CV. Cipta Jaya",-7.5053439,111.2099808,"syngenta","Jawa Timur","Ngawi","Jl. Sultan Agung Rt. 004/002 Ds. Ngrambe Kec. Ngrambe","081335766686","hak cipta Syngenta; rujukan lokasi, bukan untuk diterbitkan ulang"
"CV. Daun Subur",-7.390186,109.9690387,"syngenta","Jawa Tengah","Wonosobo","Tempelsari RT/RW 002/002 Maduretno, Kec. Kalikajar","081227018098","hak cipta Syngenta; rujukan lokasi, bukan untuk diterbitkan ulang"
"Cv. Duto Moro",-7.28572,110.105202,"syngenta","Jawa Tengah","Temanggung","Jl. Saubari No. 58 Rt. 002/003 Jetis Lor, Parakan","081227983502","hak cipta Syngenta; rujukan lokasi, bukan untuk diterbitkan ulang"
"CV. Faisal Raya Kudus",-6.8283056,110.8469137,"syngenta","Jawa Tengah","Kudus","Jl. Patimura KM. 2, Desa Loram Wetan, Rt. 005/06, Kec. Jati","082314943751","hak cipta Syngenta; rujukan lokasi, bukan untuk diterbitkan ulang"
"CV. Fajar Agro Widodo",-7.7602799,112.1741332,"syngenta","Jawa Timur","Kediri","Jl. DR. Sutomo Rt. 01/01 Dsn Ngeblek Ds. Pelem Kec. Pare Kab. Kediri","08113649900","hak cipta Syngenta; rujukan lokasi, bukan untuk diterbitkan ulang"
"CV. Gifari Jaya Pradani",-6.1816958,107.1265139,"syngenta","Jawa Barat","Bekasi","Kp. Pakuning Rt. 001/001 Ds. Sukarahayu Kec. Tambelang","085718870156","hak cipta Syngenta; rujukan lokasi, bukan untuk diterbitkan ulang"
"CV. Heri Putra",-6.5569815,105.7673942,"syngenta","Banten","Pandeglang","Kp. Cibintarok Rt. 001/004 Ds. Pangkalan Kec. Sobang","085920121302","hak cipta Syngenta; rujukan lokasi, bukan untuk diterbitkan ulang"
"CV. Hirzi Tani Jaya",-6.0556798,106.4190666,"syngenta","Banten","Tangerang","Jl. Raya Kronjo Pamong Rt. 002/001 Kronjo Kec. Kronjo","085883249795","hak cipta Syngenta; rujukan lokasi, bukan untuk diterbitkan ulang"
"CV. Hokki Barokah",-6.9823539,108.483254,"syngenta","Jawa Barat","Kuningan","Jl. Ir. H. Juanda No. 188, Kec. Kuningan","08122372673","hak cipta Syngenta; rujukan lokasi, bukan untuk diterbitkan ulang"
"CV. Indah Tani Pati",-6.7813554,110.9938807,"syngenta","Jawa Tengah","Pati","Ds. Sokokulon Kec. Margorejo Kab. Pati","081239567228","hak cipta Syngenta; rujukan lokasi, bukan untuk diterbitkan ulang"
"CV. Indah Tani Sejahtera",-6.2496927,107.0651548,"syngenta","Jawa Barat","Bekasi","Kp Kali Baru No.72, Kel. Tridaya Sakti, Kec. Tambun Selatan","081219129072","hak cipta Syngenta; rujukan lokasi, bukan untuk diterbitkan ulang"
"CV. Indoraya",-6.7432909,111.0241182,"syngenta","Jawa Tengah","Pati","Jl. Kol. Sugiono No. 5 Ds. Winong RT/RW 001/003, Kec. Pati","082134342541","hak cipta Syngenta; rujukan lokasi, bukan untuk diterbitkan ulang"
"CV. Jaya Utama",-7.7103449,112.8969436,"syngenta","Jawa Timur","Pasuruan","Jl. Karangsentul RT/RW 002/002 Desa Karangsentul Kec. Gondangwetan Kab. Pasuruan","085234567774","hak cipta Syngenta; rujukan lokasi, bukan untuk diterbitkan ulang"
"CV. Kancil Mas Agromakmur",-7.031786,107.538362,"syngenta","Jawa Barat","Bandung","Jl. Soreang - Banjaran No. 337 Rt. 002/009 Desa Soreang Kec. Soreang","081221792002","hak cipta Syngenta; rujukan lokasi, bukan untuk diterbitkan ulang"
"CV. Keluarga Tani",-7.6833448,111.2446681,"syngenta","Jawa Timur","Magetan","JL. Raya Sarangan No. 363 Plaosan, Magetan","085790488887","hak cipta Syngenta; rujukan lokasi, bukan untuk diterbitkan ulang"
"CV. Kencono Agung",-8.0921497,111.9909469,"syngenta","Jawa Timur","Tulungagung","Jl. Ki Mangun Sarkono No. 16C Kec. Tulungagung","0811331757","hak cipta Syngenta; rujukan lokasi, bukan untuk diterbitkan ulang"
"CV. Kharisma Eka Putra",-7.5335024,110.1866891,"syngenta","Jawa Tengah","Magelang","Jl. Mayor Unus 18 Punduhan Rt. 005/01 Jogonegoro Kec. Mertoyudan","081334567778","hak cipta Syngenta; rujukan lokasi, bukan untuk diterbitkan ulang"
"CV. Konco Tani",-7.8646856,111.461568,"syngenta","Jawa Timur","Ponorogo","Jl. Urip Sumoharjo No. 15 Rt. 004/002 Kec. Ponorogo","081703777007","hak cipta Syngenta; rujukan lokasi, bukan untuk diterbitkan ulang"
"CV. Kuncup Lancar Mekar",-6.8895857,109.3922765,"syngenta","Jawa Tengah","Pemalang","Jl. Menur Blok A-01 Kec. Mulyoharjo","081326565474","hak cipta Syngenta; rujukan lokasi, bukan untuk diterbitkan ulang"
"CV. Kurnia Unggul Andalan Tani",-6.9047409,109.5333802,"syngenta","Jawa Tengah","Pemalang","Jl. A. Yani No. 66 Kel. Purwoharjo Kec. Comal","082137410348","hak cipta Syngenta; rujukan lokasi, bukan untuk diterbitkan ulang"
"CV. Maju Makmur",-6.9306942,110.1634464,"syngenta","Jawa Tengah","Kendal","Jl. Abinawa Rt. 003/007 Kel. Kebonharjo Kec. Patebon","085950868314","hak cipta Syngenta; rujukan lokasi, bukan untuk diterbitkan ulang"
"CV. Maju Tani",-7.4260055,109.2504162,"syngenta","Jawa Tengah","Banyumas","Jl. Vihara No. 13 Rt. 002/009 Kel. Purwokerto Wetan Kec. Purwokerto Timur","08121007576","hak cipta Syngenta; rujukan lokasi, bukan untuk diterbitkan ulang"
"CV. Margi Berkah",-6.6933742,110.7018168,"syngenta","Jawa Tengah","Jepara","Ds. Pecangaan Kulon, RT.002/003, Kec. Pecangaan","082324416766","hak cipta Syngenta; rujukan lokasi, bukan untuk diterbitkan ulang"
"CV. MHD Sedia Jaya",-7.1545805,112.5182999,"syngenta","Jawa Timur","Gresik","Jl. Pasar No. 331 Duduk Sampean","085230656800","hak cipta Syngenta; rujukan lokasi, bukan untuk diterbitkan ulang"
"CV. Mitra Agro Lestari - Demak",-6.8998848,110.6241569,"syngenta","Jawa Tengah","Demak","Jl. Jogoloyo Rt. 002/03 Kec. Wonosalam","082134364345","hak cipta Syngenta; rujukan lokasi, bukan untuk diterbitkan ulang"
"CV. Mitra Agro Sejahtera Abadi",-7.3538815,109.9062043,"syngenta","Jawa Tengah","Wonosobo","Jl. Masjid No. 2 Rt. 005/005 Kel. Wonosobo Timur Kec. Wonosobo","082221115555","hak cipta Syngenta; rujukan lokasi, bukan untuk diterbitkan ulang"
"CV. Mitra Jaya Abadi",-6.8753263,110.7015685,"syngenta","Jawa Tengah","Demak","Jl. Raya Demak - Kudus Desa Trengguli Rt. 002/002 Wonosalam","081226232200","hak cipta Syngenta; rujukan lokasi, bukan untuk diterbitkan ulang"
"CV. Multi Niaga Nusantara",-7.0358264,107.9561464,"syngenta","Jawa Barat","Garut","Jl. Raya Tasik-Bandung KM 6, Kel. Cigagade, Kec. Limbangan, Kab. Garut","081223623456","hak cipta Syngenta; rujukan lokasi, bukan untuk diterbitkan ulang"
"CV. Muncol Baru",-7.2956149,110.1386831,"syngenta","Jawa Tengah","Temanggung","Jl. Jetis Rt. 001/001 Desa Ngimbrang Kec. Bulu","081328691248","hak cipta Syngenta; rujukan lokasi, bukan untuk diterbitkan ulang"
"CV. Mutiara Bumi",-7.4242242,111.0185285,"syngenta","Jawa Tengah","Sragen","Jl. Gatot Subroto 77 Ngembat, Sragen","081329228888","hak cipta Syngenta; rujukan lokasi, bukan untuk diterbitkan ulang"
"CV. Natani Indonesia",-7.4496977,110.0597899,"syngenta","Jawa Tengah","Magelang","Pasar Gatukan, Sukoyoso, Kec. Kajoran","085328383288","hak cipta Syngenta; rujukan lokasi, bukan untuk diterbitkan ulang"
"CV. Pelita Tani",-7.8776863,111.4615745,"syngenta","Jawa Timur","Ponorogo","Jl. A. Yani No. 8 DKH Wetan Desa Somoroto Kec. Kauman","081217441111","hak cipta Syngenta; rujukan lokasi, bukan untuk diterbitkan ulang"
"CV. Persada Agro",-6.7545789,111.0471145,"syngenta","Jawa Tengah","Pati","Jl. Raya Pati Tayu KM. 4 RT 001/002 Desa Tambak Harjo Kec. Pati","085334809504","hak cipta Syngenta; rujukan lokasi, bukan untuk diterbitkan ulang"
"CV. Prima Agro Lancar",-7.0051453,110.4381254,"syngenta","Jawa Tengah","Semarang","Jl. Gatot Subroto Blok A2 No. 17, Komp. Industri Candi, Rt. 007/009","08112729553","hak cipta Syngenta; rujukan lokasi, bukan untuk diterbitkan ulang"
"CV. Putra Murni Kurnia",-7.1211232,107.4827022,"syngenta","Jawa Barat","Bandung","Kp. Tonjong Rt. 004/007, Ds. Panundaan, Kec. Ciwidey, Kab. Bandung","082118005858","hak cipta Syngenta; rujukan lokasi, bukan untuk diterbitkan ulang"
"CV. PUTRA PODOMORO",-8.2596492,113.3138809,"syngenta","Jawa Timur","Lumajang","Jl. Mayjen Sukarti Dsn. Krajan RT 014 RW 003 Yosowilangun kidul","081336973973","hak cipta Syngenta; rujukan lokasi, bukan untuk diterbitkan ulang"
"CV. Rahmat",-6.9860325,111.411008,"syngenta","Jawa Tengah","Blora","Jl. Mr Iskandar No. 69 Rt. 001/001 Desa Jetis Kec. Kota Blora","08122928839","hak cipta Syngenta; rujukan lokasi, bukan untuk diterbitkan ulang"
"CV. Restu Agro Cemerlang",-7.7699232,110.4641935,"syngenta","DI Yogyakarta","Sleman","Karang Kalasan, Kel. Tirtomartani, Kec. Kalasan, Kab. Sleman","081230945484","hak cipta Syngenta; rujukan lokasi, bukan untuk diterbitkan ulang"
"CV. Rizki Agro Jaya Abadi",-6.9600315,110.0837566,"syngenta","Jawa Tengah","Kendal","Jl. Utama Timur Rt. 004/005 No. 15 Desa Weleri Kec. Weleri","082137410349","hak cipta Syngenta; rujukan lokasi, bukan untuk diterbitkan ulang"
"CV. Sadewa Agri Jaya",-7.7571093,112.2811505,"syngenta","Jawa Timur","Kediri","Jl. Pare Baru No. 412 Ds Kandangan Kec. Kandangan","08123100125","hak cipta Syngenta; rujukan lokasi, bukan untuk diterbitkan ulang"
"CV. Sahabat Inti",-7.6146303,110.8642328,"syngenta","Jawa Tengah","Sukoharjo","Jl. Veteran No 22 Mojosari Rt.001/001 Bekonang, Mojol","081329068843","hak cipta Syngenta; rujukan lokasi, bukan untuk diterbitkan ulang"
"CV. Sahabat Tani Timur",-7.1581121,112.1665031,"syngenta","Jawa Timur","Lamongan","Jl. Raya Jombang RT/RW 001/001 Kel. Nguwok Kec. Modo","081326617655","hak cipta Syngenta; rujukan lokasi, bukan untuk diterbitkan ulang"
"CV. Sarana Tani Indonesia",-7.8420885,110.3914266,"syngenta","DI Yogyakarta","Bantul","Jl. Imogiri Barat KM. 7 Rt. 005 Dusun Gandok Kec. Sewon","081328007007","hak cipta Syngenta; rujukan lokasi, bukan untuk diterbitkan ulang"
"CV. Subur Makmur",-7.6117857,110.886288,"syngenta","Jawa Tengah","Sukoharjo","Jl. Mayor Ahmadi No. 196 Rt. 003/04 Desa Cangkol Kec. Mojolaban","081226662029","hak cipta Syngenta; rujukan lokasi, bukan untuk diterbitkan ulang"
"CV. Subur Makmur",-7.8280856,111.4686593,"syngenta","Jawa Timur","Ponorogo","Jl. S. Sukowati No. 3 Desa Japan, Kec. Babadan","081331666501","hak cipta Syngenta; rujukan lokasi, bukan untuk diterbitkan ulang"
"CV. Sumber Tani",-7.3619707,109.9003389,"syngenta","Jawa Tengah","Wonosobo","Jl. Resimen 18 No. 30 Rt. 006/012 Kel.Wonosobo Barat","0811287706","hak cipta Syngenta; rujukan lokasi, bukan untuk diterbitkan ulang"
"CV. Sumber Tani - Cirebon",-6.8288047,108.7215853,"syngenta","Jawa Barat","Cirebon","Jl. Pangeran Suta Jaya Desa Gebang Rt. 004/004 Kec. Gebang","082214882178","hak cipta Syngenta; rujukan lokasi, bukan untuk diterbitkan ulang"
"CV. Sumber Tani Abadi",-6.9216066,109.3435081,"syngenta","Jawa Tengah","Pemalang","Jl. PG Sumberharjo Rt. 003/001 Bojongnangka, Kec. Pemalang","08122667751","hak cipta Syngenta; rujukan lokasi, bukan untuk diterbitkan ulang"
"CV. Surya Agro Pradhana",-7.5274218,112.3293063,"syngenta","Jawa Timur","Jombang","Jl. Raya Segodorejo Desa Segodorejo Kec. Sumobito","08155232732","hak cipta Syngenta; rujukan lokasi, bukan untuk diterbitkan ulang"
"Cv. Surya Nusantara",-7.4434594,111.0192154,"syngenta","Jawa Tengah","Sragen","Kroyo, Karangmalang","081229398888","hak cipta Syngenta; rujukan lokasi, bukan untuk diterbitkan ulang"
"CV. Tanaman Subur Prima",-6.3103734,107.965614,"syngenta","Jawa Barat","Indramayu","Jl. Raya Sukra No. 1 Patrol","082126639154","hak cipta Syngenta; rujukan lokasi, bukan untuk diterbitkan ulang"
"CV. Tani Makmur",-7.2668331,109.0134282,"syngenta","Jawa Tengah","Brebes","Jl. P. Diponegoro Rt. 006/005 Desa Kalierang Kec. Bumiayu","081327047560","hak cipta Syngenta; rujukan lokasi, bukan untuk diterbitkan ulang"
"CV. Tani Media",-6.8302401,111.001332,"syngenta","Jawa Tengah","Pati","Desa Karaban Rt. 005/001 Kec. Gabus","085225580708","hak cipta Syngenta; rujukan lokasi, bukan untuk diterbitkan ulang"
"CV. Tani Sejahtera Grobogan",-7.1290443,111.0705539,"syngenta","Jawa Tengah","Grobogan","Jl. Raya Danyang - Kuwu Rt. 004/012 Desa Sembungharjo Kec. Pulo Kulon","081225161511","hak cipta Syngenta; rujukan lokasi, bukan untuk diterbitkan ulang"
"CV. Tani Subur",-6.8077027,107.5534666,"syngenta","Jawa Barat","Bandung Barat","Kp. Tugu 1 Rt. 001/007 Ds. Tugumukti Kec. Cisarua","081320227751","hak cipta Syngenta; rujukan lokasi, bukan untuk diterbitkan ulang"
"CV. Tani Sugih",-6.3953461,105.9543924,"syngenta","Banten","Pandeglang","Jl. Raya Pandeglang Labuan KM. 17 Kp. Kebon Cau Rt. 001/004 Kel. Cipeucang Kec. Cipeucang","087877043863","hak cipta Syngenta; rujukan lokasi, bukan untuk diterbitkan ulang"
"CV. Tanijaya Unggul",-7.919189,110.351661,"syngenta","DI Yogyakarta","Bantul","Ruko Perwita Regency Blok B-10 Jl. Parangtritis KM. 3,5","0811250500","hak cipta Syngenta; rujukan lokasi, bukan untuk diterbitkan ulang"
"CV. TOP TANI",-6.1190168,107.3216093,"syngenta","Jawa Barat","Karawang","Dusun Ciagem Rt. 021/004 Desa Jayamakmur Kec. Jayakerta","085714880888","hak cipta Syngenta; rujukan lokasi, bukan untuk diterbitkan ulang"
"CV. Trans Agro Nusantara",-6.9555218,107.7571799,"syngenta","Jawa Barat","Bandung","Komp. Abdi Negara Blok. O-2 No. 6 Kel. Rancaekek Wetan Kec. Rancaekek","08122027495","hak cipta Syngenta; rujukan lokasi, bukan untuk diterbitkan ulang"
"CV. Tunas Agro Mandiri",-7.0017568,110.477103,"syngenta","Jawa Tengah","Semarang","Jl. Wanara Barat No. 724 Kel. Pedurungan Tengah Kec. Pedurungan","082221797988","hak cipta Syngenta; rujukan lokasi, bukan untuk diterbitkan ulang"
"CV. Tunas Rody",-6.6647934,106.830006,"syngenta","Jawa Barat","Majalengka","Jl. Pasar Balong No. 18 RT. 01/ RW. 08","081220180003","hak cipta Syngenta; rujukan lokasi, bukan untuk diterbitkan ulang"
"CV. Tunas Subur",-6.8870622,108.8653033,"syngenta","Jawa Tengah","Brebes","Jl. Cemara No. 36 Rt. 003/004 Desa Tanjung","087783933511","hak cipta Syngenta; rujukan lokasi, bukan untuk diterbitkan ulang"
"CV. Usaha Jaya Tani",-6.1607469,107.0411213,"syngenta","Jawa Barat","Bekasi","Kp. Babelan No. 15 Rt. 007/01 Desa Babelan","081387519983","hak cipta Syngenta; rujukan lokasi, bukan untuk diterbitkan ulang"
"CV.Abdi Tani Jaya",-6.8656795,108.9959348,"syngenta","Jawa Tengah","Brebes","Jalan Raya Kelampok No 196 Kel.Kelampok,Kec.Kelampok","085162559290","hak cipta Syngenta; rujukan lokasi, bukan untuk diterbitkan ulang"
"Dadi Makmur",-7.683026,110.4390564,"syngenta","DI Yogyakarta","Sleman","Klancingan Widodobartani Ngemplak","081393033393","hak cipta Syngenta; rujukan lokasi, bukan untuk diterbitkan ulang"
"Damai",-6.9319077,108.8590681,"syngenta","Jawa Tengah","Brebes","Jl. Raya Tanjung Kersana No. 17 RT 001/001 Kec. Kersana","081911575418","hak cipta Syngenta; rujukan lokasi, bukan untuk diterbitkan ulang"
"Damai Intani",-7.3638752,110.7688668,"syngenta","Jawa Tengah","Boyolali","Pasar kacangan, Andong, Boyolali","085229222991","hak cipta Syngenta; rujukan lokasi, bukan untuk diterbitkan ulang"
"Damai Tani",-7.3245241,112.5572887,"syngenta","Jawa Timur","Gresik","Kedamean, kedamean, Gresik","081231318165","hak cipta Syngenta; rujukan lokasi, bukan untuk diterbitkan ulang"
"Daya Cipta Tani",-7.1309948,107.5608346,"syngenta","Jawa Barat","Bandung","Jl. Pangalengan Kp. Cikalong Rt. 002/010 Ds. Cipinang Kec. Cimaung","081222980050","hak cipta Syngenta; rujukan lokasi, bukan untuk diterbitkan ulang"
"Delima",-7.7544905,113.2203823,"syngenta","Jawa Timur","Probolinggo","Jl. Raya Pangsud (Pasar Gotong Royong A-14) Kel. Jati Kec. Mayangan","0""081331153345""; 6281336224354","hak cipta Syngenta; rujukan lokasi, bukan untuk diterbitkan ulang"
"Delima tani",-6.9606163,108.9918254,"syngenta","Jawa Tengah","Brebes","Rt. 006/003 Rengaspendawa Kec. Larangan","081902696585","hak cipta Syngenta; rujukan lokasi, bukan untuk diterbitkan ulang"
"Dewa Tani",-6.5800372,108.3077561,"syngenta","Jawa Barat","Indramayu","Blok Bojong Loa Rt. 003/003 Desa Gunung Sari Kec. Sukagumiwang","087828686111","hak cipta Syngenta; rujukan lokasi, bukan untuk diterbitkan ulang"
"Dewa Tani",-6.5606753,108.3111251,"syngenta","Jawa Barat","Indramayu","Blok Pintu Air Rt. 013/004 Ds. Rancajawat Kec. Tukdana","081312010383","hak cipta Syngenta; rujukan lokasi, bukan untuk diterbitkan ulang"
"Dewi Sri, UD",-7.4901675,110.9707326,"syngenta","Jawa Tengah","Sragen","Masaran Rt. 028 Kel. Masaran Kec. Masaran","085329796946","hak cipta Syngenta; rujukan lokasi, bukan untuk diterbitkan ulang"
"Dewi Tani",-6.8454869,109.4883811,"syngenta","Jawa Tengah","Pemalang","Rt. 008/001 Ds. Kendaldoyong Kec. Petarukan","085328490825","hak cipta Syngenta; rujukan lokasi, bukan untuk diterbitkan ulang"
"Dewi Tani",-7.2691924,111.7644471,"syngenta","Jawa Timur","Bojonegoro","Dusun Kedungngingas Rt. 24/04 Desa Kolong Kec. Ngasem","085336327591","hak cipta Syngenta; rujukan lokasi, bukan untuk diterbitkan ulang"
"Dharma Bakti, Ud",-8.1638363,113.4548237,"syngenta","Jawa Timur","Jember","Jl. Pb. Sudirman No. 39 Desa Klatakan, Kec. Tanggul","0811350560","hak cipta Syngenta; rujukan lokasi, bukan untuk diterbitkan ulang"
"DHIPTA BHUMI SEJAHTERA",-7.8783127,112.5274893,"syngenta","Jawa Timur","Batu","Jl. Patimura GG IV/19, Kel. Sisir, Kec. Batu","081332095005","hak cipta Syngenta; rujukan lokasi, bukan untuk diterbitkan ulang"
"Dian Jaya",-6.2147778,107.1662396,"syngenta","Jawa Barat","Bekasi","Kp. Blokang Rt. 003/003 Ds. Sukahurip Kec. Sukatani","085776335038","hak cipta Syngenta; rujukan lokasi, bukan untuk diterbitkan ulang"
"Dian Tani",-6.4205595,108.2466488,"syngenta","Jawa Barat","Indramayu","Jl. Raya Lelea No. 68 Blok. Ilir Rt. 007/002 Ds. Lelea Kec. Lelea","085320763675","hak cipta Syngenta; rujukan lokasi, bukan untuk diterbitkan ulang"
"Dimar Ublik",-7.7682956,112.1560713,"syngenta","Jawa Timur","Kediri","Jl. Kali Sarinjing RT.05/ RW.03 Kel. Puncu Kec. Puncu Kediri","085330479955","hak cipta Syngenta; rujukan lokasi, bukan untuk diterbitkan ulang"
"Dinovita",-8.3285971,114.1489764,"syngenta","Jawa Timur","Banyuwangi","Dsn. Tegalyasan Ds. Tegalarum Kec. Sempu","05232172223","hak cipta Syngenta; rujukan lokasi, bukan untuk diterbitkan ulang"
"DN PUTRA",-7.3589093,107.7904453,"syngenta","Jawa Barat","Garut","KP. CIJERUK RT.03 RW.08 KEL. SIMPANG KEC. CIKAJANG","082315412214","hak cipta Syngenta; rujukan lokasi, bukan untuk diterbitkan ulang"
"Dua Kusuma",-7.9466776,110.7927077,"syngenta","Jawa Tengah","Wonogiri","Jl. Gunung Kidul Rt. 001/002 Bulu Kel. Pasekan Kec. Eromoko","085225256501","hak cipta Syngenta; rujukan lokasi, bukan untuk diterbitkan ulang"
"Dua Satu",-6.4072107,107.4610313,"syngenta","Jawa Barat","Karawang","Jl. Pasar Gudlai Ruko CTC Blok C No. 4 Kel. Cikampek Kota Kec. Cikampek","081398888884","hak cipta Syngenta; rujukan lokasi, bukan untuk diterbitkan ulang"
"Dua Satu - Campaka",-6.5135571,107.4740291,"syngenta","Jawa Barat","Purwakarta","Jl. Raya Sadang-Subang Km. 5 Rt. 014/008 Desa Cikumpai Kec. Campaka","08128010807","hak cipta Syngenta; rujukan lokasi, bukan untuk diterbitkan ulang"
"Dua Sekawan",-6.2949007,107.4425467,"syngenta","Jawa Barat","Karawang","Kp. Kedawung Rt. 002/01 Desa Karangtanjung, Kec. Lemahabang","085890010539","hak cipta Syngenta; rujukan lokasi, bukan untuk diterbitkan ulang"
"Duku Jaya",-6.671567,108.4549473,"syngenta","Jawa Barat","Cirebon","Blok Duku Desa Bangodua Rt. 013/007 Kec. Kelangenan","089622220521","hak cipta Syngenta; rujukan lokasi, bukan untuk diterbitkan ulang"
"Duren Jaya Tani",-6.8749719,108.7319198,"syngenta","Jawa Barat","Cirebon","Dusun 02 Rt. 002/002 Ds. Sumber Lor Kec. Babakan","081324909555","hak cipta Syngenta; rujukan lokasi, bukan untuk diterbitkan ulang"
"Duta Buah Putra",-7.0300155,112.1260355,"syngenta","Jawa Timur","Tuban","Jl. Raya Plumpang - Compreng Ds Magersari Kec. Plumpang","085852249316","hak cipta Syngenta; rujukan lokasi, bukan untuk diterbitkan ulang"
"Dwi Indah Lestari",-7.4038181,111.4827377,"syngenta","Jawa Timur","Ngawi","Prandon Rt. 02/2 Kec. Ngawi, Kab. Ngawi","08155630000","hak cipta Syngenta; rujukan lokasi, bukan untuk diterbitkan ulang"
"Dwi Lestari",-7.3166143,110.1618509,"syngenta","Jawa Tengah","Temanggung","Tegaltemu Rt. 004/004 Kel. Manding","082135541130","hak cipta Syngenta; rujukan lokasi, bukan untuk diterbitkan ulang"
"DWIFA JAYA",-7.8157529,113.4195653,"syngenta","Jawa Timur","Probolinggo","Dusun Kembang RT/RW 001/001 Desa Seboro Kec. Krejengan","083126623350","hak cipta Syngenta; rujukan lokasi, bukan untuk diterbitkan ulang"
"Eka Abdi Tani",-6.9239615,108.8566338,"syngenta","Jawa Tengah","Brebes","RT/RW 001/001 Ciampel, Kersana","081803922227","hak cipta Syngenta; rujukan lokasi, bukan untuk diterbitkan ulang"
"Eka Jaya",-7.4580297,107.6005352,"syngenta","Jawa Barat","Garut","Jl. Pasar Bungbulang, Ds. Bungbulang, Kec. Bungbulang, Kab. Garut","081323747576","hak cipta Syngenta; rujukan lokasi, bukan untuk diterbitkan ulang"
"Eka Jaya Tani",-6.0875761,107.1277751,"syngenta","Jawa Barat","Bekasi","Kp. Pulo Nangka Rt 014/006 Desa Sindangjaya Kec. Cabangbungin","085776321294","hak cipta Syngenta; rujukan lokasi, bukan untuk diterbitkan ulang"
"Eka Jaya Tani",-6.9066097,108.3126086,"syngenta","Jawa Barat","Majalengka","Jl. Sukasari Kaler Blok Senin, RT/RW 001/001, Ds. Sukasari Kaler, Kec. Argapura","081324244250","hak cipta Syngenta; rujukan lokasi, bukan untuk diterbitkan ulang"
"Eka Tani",-6.501394,108.425761,"syngenta","Jawa Barat","Indramayu","Blok Tengah RT/RW 006/002, Ds. Kedokanbunder, Kec. Kedokanbunder","081324373126","hak cipta Syngenta; rujukan lokasi, bukan untuk diterbitkan ulang"
"Ekawati Tani",-6.0845939,106.542203,"syngenta","Banten","Tangerang","Pasar Jatiwaringin Rt. 003/002 Desa Jatiwarigin Kec. Mauk","081214058898","hak cipta Syngenta; rujukan lokasi, bukan untuk diterbitkan ulang"
"Ela Jaya",-8.2224533,113.58773,"syngenta","Jawa Timur","Jember","Desa Rowotantu, kec rambipuji","082301703458","hak cipta Syngenta; rujukan lokasi, bukan untuk diterbitkan ulang"
"Elang Jaya",-7.0954162,110.5625139,"syngenta","Jawa Tengah","Demak","Desa Gablok Kec. Jeragung","082310191244","hak cipta Syngenta; rujukan lokasi, bukan untuk diterbitkan ulang"
"EMAS JAYA",-8.0411349,111.6437146,"syngenta","Jawa Timur","Trenggalek","RT002/RW002 Kel Sukorejo, Kec Tugu Kab Trenggalek","085749773743","hak cipta Syngenta; rujukan lokasi, bukan untuk diterbitkan ulang"
"Enggal Makmur",-6.8997867,109.5300317,"syngenta","Jawa Tengah","Pemalang","Jl. Jend A Yani No. 68 Rt. 006/07 Desa Purwoharjo Kec. Comal","081326997222","hak cipta Syngenta; rujukan lokasi, bukan untuk diterbitkan ulang"
"Enggal Tani",-6.9964576,109.5359821,"syngenta","Jawa Tengah","Pekalongan","Dusun Sendang Desa Krandon Kec. Keresi","082120088988","hak cipta Syngenta; rujukan lokasi, bukan untuk diterbitkan ulang"
"Eni Jaya",-7.3254628,112.5394091,"syngenta","Jawa Timur","Gresik","Tanjung, Kedamean, Gresik","081241329210","hak cipta Syngenta; rujukan lokasi, bukan untuk diterbitkan ulang"
"ERZA JAYA",-7.694338,112.0804259,"syngenta","Jawa Timur","Kediri","Dsn Tawangrejo, RT. 002/011, Desa Papar, Kec. Papar","081359920444","hak cipta Syngenta; rujukan lokasi, bukan untuk diterbitkan ulang"
"Estu Tani",-7.1780622,110.761266,"syngenta","Jawa Tengah","Boyolali","Jl. Juwangi Ds. Juwangi Kec. Juwangi","081548333316","hak cipta Syngenta; rujukan lokasi, bukan untuk diterbitkan ulang"
"Fahmi",-6.8545423,109.5197724,"syngenta","Jawa Tengah","Pemalang","Ds. Wonokromo RT/RW 011/003 Kec. Comal","089501128919","hak cipta Syngenta; rujukan lokasi, bukan untuk diterbitkan ulang"
"Faisal Tani",-7.0962269,110.6139124,"syngenta","Jawa Tengah","Grobogan","Dusun Sendangsari Rt. 002/005 Desa Sugihmanik, Kec. Tanggungharjo","081326612348","hak cipta Syngenta; rujukan lokasi, bukan untuk diterbitkan ulang"
"Fajar Jaya",-6.9530688,111.9151475,"syngenta","Jawa Timur","Tuban","Dusun Ngemplak Rt. 012/002 Desa Jetak Kec. Montong","085231042971","hak cipta Syngenta; rujukan lokasi, bukan untuk diterbitkan ulang"
"Fajar Makmur",-7.7069976,114.0117829,"syngenta","Jawa Timur","Situbondo","Jl. Jawa No. 12 Rt. 001/02 Kel. Mimbaan Kec. Panji","085253932445","hak cipta Syngenta; rujukan lokasi, bukan untuk diterbitkan ulang"
"Fajar Tani Baru",-7.3459399,110.8358126,"syngenta","Jawa Tengah","Sragen","Barong, Pendem, Sumberlawang, Sragen","08121818005","hak cipta Syngenta; rujukan lokasi, bukan untuk diterbitkan ulang"
"Fajar Tani Mulya",-7.0552982,112.0029243,"syngenta","Jawa Timur","Tuban","Jl. Raya Grabagan No. 681A Desa Rengel Kec. Rengel","085232061249","hak cipta Syngenta; rujukan lokasi, bukan untuk diterbitkan ulang"
"Falia Tani",-7.6037708,111.3211062,"syngenta","Jawa Timur","Magetan","JL. Raya Banjarejo No. 2 Panekan Magetan","085607111381","hak cipta Syngenta; rujukan lokasi, bukan untuk diterbitkan ulang"
"Fawwaz Niaga",-6.3447055,107.7340132,"syngenta","Jawa Barat","Subang","Dusun Kalihurip Rt. 002/005 Ds. Jatibaru Kec. Ciasem","08112048787","hak cipta Syngenta; rujukan lokasi, bukan untuk diterbitkan ulang"
"Feb Tani",-7.2953122,110.1387703,"syngenta","Jawa Tengah","Temanggung","Dusun Jetis Rt.001/001 Ngimbrang, Bulu","085643539131","hak cipta Syngenta; rujukan lokasi, bukan untuk diterbitkan ulang"
"Fit-A Pertanian",-7.0589149,112.4604381,"syngenta","Jawa Timur","Lamongan","soko kec glagah kab lamongan","08123138166","hak cipta Syngenta; rujukan lokasi, bukan untuk diterbitkan ulang"
"Fiul Agro",-7.0218796,109.0759383,"syngenta","Jawa Tengah","Tegal","Mulyoharjo, Rt. 005/002, Kel. Mulyoharjo, Kec. Pagerbarang, Kab. Tegal","085290973232","hak cipta Syngenta; rujukan lokasi, bukan untuk diterbitkan ulang"
"Fonda Tani",-7.014048,110.114952,"syngenta","Jawa Tengah","Kendal","Jl. Napak Tilas Rt. 004/005 Ds. Sojomerto Kec. Gemuh","083124152120","hak cipta Syngenta; rujukan lokasi, bukan untuk diterbitkan ulang"
"Gada Tani",-7.516479,110.7807872,"syngenta","Jawa Tengah","Boyolali","Desa Gagan Rt. 001/001 Donohudan Ngemplak","08122983323","hak cipta Syngenta; rujukan lokasi, bukan untuk diterbitkan ulang"
"Galuh Jaya",-6.367296,107.543061,"syngenta","Jawa Barat","Karawang","Dusun Cikalong 03 Rt. 01/05 Cikalongsari  Kec. Jatisari Kab. Karawang","081219063693","hak cipta Syngenta; rujukan lokasi, bukan untuk diterbitkan ulang"
"Ganesha",-8.2595101,113.5469519,"syngenta","Jawa Timur","Jember","Jl. Rambipuji No. 373 Rt. 002/005 Desa Gumelar Kec. Balung","082245048899","hak cipta Syngenta; rujukan lokasi, bukan untuk diterbitkan ulang"
"Gangsar Tani",-7.4029556,110.8046283,"syngenta","Jawa Tengah","Sragen","DK. Kaloran RT 001 Kel. Kaloran Kec. Gemolong","081226379400","hak cipta Syngenta; rujukan lokasi, bukan untuk diterbitkan ulang"
"Gangsar Tani",-8.1461034,112.3263259,"syngenta","Jawa Timur","Blitar","Rt. 004/008 Ds. Ploso Kec Selopuro","081359829734","hak cipta Syngenta; rujukan lokasi, bukan untuk diterbitkan ulang"
"Gaul Tani",-6.0277742,106.2923817,"syngenta","Banten","Serang","Kp. Jongjing Rt. 005/002 Kemanisan Kec. Tirtayasa","087871883655","hak cipta Syngenta; rujukan lokasi, bukan untuk diterbitkan ulang"
"Gebrina tani",-7.3218205,111.9254208,"syngenta","Jawa Timur","Bojonegoro","RT 009/002 Ds. Pandantoyo Kec. Temayang Kab. Bojonegoro","081230152022","hak cipta Syngenta; rujukan lokasi, bukan untuk diterbitkan ulang"
"Gemilang Tani",-7.381725,107.8317307,"syngenta","Jawa Barat","Garut","Kp. Baru Bandung, RT.001/003 Ds. Mekarjaya, Kec. Cikajang","089501114228","hak cipta Syngenta; rujukan lokasi, bukan untuk diterbitkan ulang"
"Gemuk Tani",-6.6149484,108.3652973,"syngenta","Jawa Barat","Cirebon","Ds. Bunder Kec. Susukan, Jl. Palimanan - Jakarta Blok Situnggak Rt. 002/004 Ds. Bunder Kec. Susukan","089619501093","hak cipta Syngenta; rujukan lokasi, bukan untuk diterbitkan ulang"
"Ghevania Makmur",-6.4458553,108.042083,"syngenta","Jawa Barat","Indramayu","Blok Kandanghaur Rt. 001/001 Desa Babakanjaya Kec. Gabus Wetan","082321555654","hak cipta Syngenta; rujukan lokasi, bukan untuk diterbitkan ulang"
"Ghiros Perkasa",-7.5541115,107.6156133,"syngenta","Jawa Barat","Garut","Kp. Cisulah Rt. 03/07, Ds. Karangsari, Kec. Pakenjeng, Kab. Garut","085221577926","hak cipta Syngenta; rujukan lokasi, bukan untuk diterbitkan ulang"
"Gotong Royong",-7.3964033,110.1585005,"syngenta","Jawa Tengah","Magelang","Dsn Genito Lor Rt. 005/003 Kel. Genito Kec. Windusari","085743927770","hak cipta Syngenta; rujukan lokasi, bukan untuk diterbitkan ulang"
"Graha Tani",-6.5804981,110.6789833,"syngenta","Jawa Tengah","Jepara","Jl. Senopati No 22 Rt. 03/03","08112814440","hak cipta Syngenta; rujukan lokasi, bukan untuk diterbitkan ulang"
"GSA Bestari Yuwana",-7.7653289,113.1545787,"syngenta","Jawa Timur","Probolinggo","Dusun Kalicangka Rt. 022/004 Desa Mentor Kec. Sumberasih","082359370111","hak cipta Syngenta; rujukan lokasi, bukan untuk diterbitkan ulang"
"Gumilar Tani",-6.7025049,107.9937724,"syngenta","Jawa Barat","Sumedang","Dusun Sampora Rt. 001/006, Ds. Cibubuan, Kec. Conggeang, Kab. Sumedang","085320850933","hak cipta Syngenta; rujukan lokasi, bukan untuk diterbitkan ulang"
"Guna Tani",-6.8170779,107.5877695,"syngenta","Jawa Barat","Bandung Barat","Kp. Panyairan Rt. 002/016 Ds. Cigugur Girang Kec. Parongpong","085294221224","hak cipta Syngenta; rujukan lokasi, bukan untuk diterbitkan ulang"
"Guna Tani",-6.9588531,111.3058195,"syngenta","Jawa Tengah","Blora","Desa Ngrambitan Rt. 007/ 001 Jl. Japah-Ngawen Km.5 Kec. Japah","085290580583","hak cipta Syngenta; rujukan lokasi, bukan untuk diterbitkan ulang"
"Gunung Jati",-7.7110865,113.5155589,"syngenta","Jawa Timur","Probolinggo","Dusun Pasar Rt. 08/03, Sukodadi","085210631508","hak cipta Syngenta; rujukan lokasi, bukan untuk diterbitkan ulang"
"Hafiz Tani",-7.800734,113.1769129,"syngenta","Jawa Timur","Probolinggo","Dusun Krajan Rt. 001/001 Desa Pohsangit Leres Kec. Sumberasih","082332930606","hak cipta Syngenta; rujukan lokasi, bukan untuk diterbitkan ulang"
"Hamina Agro Lestari",-7.007985,112.1966734,"syngenta","Jawa Timur","Tuban","Desa Mlangi Kec. Widang","085655354979","hak cipta Syngenta; rujukan lokasi, bukan untuk diterbitkan ulang"
"Hana Tani",-7.8938035,111.4076733,"syngenta","Jawa Timur","Ponorogo","Jl. Somoroto-Sampung Desa Sumoroto Kec. Kauman","082136766696","hak cipta Syngenta; rujukan lokasi, bukan untuk diterbitkan ulang"
"Harapan Tani",-6.943492,108.6978818,"syngenta","Jawa Barat","Cirebon","Blok Jatimulya Rt. 027/006","081395861351","hak cipta Syngenta; rujukan lokasi, bukan untuk diterbitkan ulang"
"Harapan Tani",-7.1864732,107.9746331,"syngenta","Jawa Barat","Garut","Wanaraja, Blok Pasar Wanaraja No. 173-174 (Belakang Pasar)","081323575500","hak cipta Syngenta; rujukan lokasi, bukan untuk diterbitkan ulang"
"Harapan Tani",-7.7198108,113.5282081,"syngenta","Jawa Timur","Probolinggo","Desa Sekar, Sumberanyar","085236126445","hak cipta Syngenta; rujukan lokasi, bukan untuk diterbitkan ulang"
"Harapan Tani - Cugenang",-6.8257475,107.1061504,"syngenta","Jawa Barat","Cianjur","Kp. Salahuni Rt. 04/05 Ds. Talaga Kec. Cugenang, Cianjur","083121103369","hak cipta Syngenta; rujukan lokasi, bukan untuk diterbitkan ulang"
"Harapan Tani - Probolinggo",-7.7146144,113.0298456,"syngenta","Jawa Timur","Probolinggo","Desa Sumberanyar, Desa Sumberanyar, RT/RW 016/005","085259015495","hak cipta Syngenta; rujukan lokasi, bukan untuk diterbitkan ulang"
"Harapan Tani Indonesia",-7.5322696,111.6809778,"syngenta","Jawa Timur","Madiun","Desa Sukorejo Rt. 016/04, Kec. Saradan","082141879222","hak cipta Syngenta; rujukan lokasi, bukan untuk diterbitkan ulang"
"HARI TANI",-8.0095637,111.4475974,"syngenta","Jawa Timur","Ponorogo","DK Nambak Tengah, RT. 002/001, Jl. Indragiri","085711122009","hak cipta Syngenta; rujukan lokasi, bukan untuk diterbitkan ulang"
"Harum Sari",-7.3322189,111.0609466,"syngenta","Jawa Tengah","Sragen","Pasar Tangen Kec. Tangen","081326727872","hak cipta Syngenta; rujukan lokasi, bukan untuk diterbitkan ulang"
"Hasanawawi",-6.7906681,106.6307268,"syngenta","Jawa Barat","Sukabumi","Kp. Cipanas RT. 019/007 Ds. Kabandungan, Kec. Kabandungan","085776098202","hak cipta Syngenta; rujukan lokasi, bukan untuk diterbitkan ulang"
"Hasil Bumi Dua",-7.0185402,111.9820582,"syngenta","Jawa Timur","Tuban","Desa Grabagan Rt. 002/006 Kec.Grabagan","081359133811","hak cipta Syngenta; rujukan lokasi, bukan untuk diterbitkan ulang"
"Hasil Subur",-8.047049,110.813103,"syngenta","Jawa Tengah","Wonogiri","Belik Rt. 001/011. Pracimantoro, Pracimantor, Wonogiri","081329126928","hak cipta Syngenta; rujukan lokasi, bukan untuk diterbitkan ulang"
"HENDRA TANI",-8.2337956,113.2863067,"syngenta","Jawa Timur","Lumajang","Dusun Madurejo Rt. 002 / 004 Desa Munder Kec. Yosowilangun","081232465354","hak cipta Syngenta; rujukan lokasi, bukan untuk diterbitkan ulang"
"Hidayah Tani",-7.7621429,113.1218205,"syngenta","Jawa Timur","Probolinggo","Dusun Sumendi Barat, RT. 016/004, Desa Sumendi, Kec. Tongas","085259494662","hak cipta Syngenta; rujukan lokasi, bukan untuk diterbitkan ulang"
"Hidayah Tani Baru",-7.335442,110.8525521,"syngenta","Jawa Tengah","Sragen","Jl. Solo - Purwodadi Brumbung Rt. 12 Kel. Ngandul Kec. Sumber Lawang","081249057880","hak cipta Syngenta; rujukan lokasi, bukan untuk diterbitkan ulang"
"Hikmah Agung",-6.9083875,112.0561622,"syngenta","Jawa Timur","Tuban","Jl. Mojopahit No. 45 Desa Perunggahan Wetan Dusun Taragan Rt. 002/01, Kec. Semanding","081231349090","hak cipta Syngenta; rujukan lokasi, bukan untuk diterbitkan ulang"
"Hikmah Tani",-7.3384374,108.1279841,"syngenta","Jawa Barat","Tasikmalaya","Kp. Gunung Kuda Rt. 003/001 Desa Sukamahi Kec. Sukaratu","085223017194","hak cipta Syngenta; rujukan lokasi, bukan untuk diterbitkan ulang"
"Hikmah Tani",-6.373225,108.0336758,"syngenta","Jawa Barat","Indramayu","Blok Kibuyut Rt. 002/001 Ds. Kertajaya Kec. Bongas","085221172815","hak cipta Syngenta; rujukan lokasi, bukan untuk diterbitkan ulang"
"HIKMAH TANI",-7.6462815,107.7321025,"syngenta","Jawa Barat","Garut","KP. CIGODEG, RT.003 RW. 003 DESA PAAS KEC. PAMEUNGPEUK","082317424020","hak cipta Syngenta; rujukan lokasi, bukan untuk diterbitkan ulang"
"Hikmah Tani Mandiri",-7.0760409,107.4528979,"syngenta","Jawa Barat","Bandung","Kp. Cisaat Rt. 001/003 Ds. Nengkelan Kec. Ciwidey","081395229218","hak cipta Syngenta; rujukan lokasi, bukan untuk diterbitkan ulang"
"Hima Jaya",-7.0059136,112.3650707,"syngenta","Jawa Timur","Lamongan","Jl. Raya Timur RT/RW 001/002 (Pertigaan Sumberwudi - Karanggeneng)","081332301213","hak cipta Syngenta; rujukan lokasi, bukan untuk diterbitkan ulang"
"HNS",-7.3504729,108.106527,"syngenta","Jawa Barat","Tasikmalaya","Jl. Raya Barat No.3, RT. 001/001, Ds. Sukaherang, Kec. Singaparna, Kab. Tasikmalaya","08122442059","hak cipta Syngenta; rujukan lokasi, bukan untuk diterbitkan ulang"
"Hoky Toko",-7.6300921,109.2535471,"syngenta","Jawa Tengah","Cilacap","Jl. Raya Babakan Kroya No. 394 Rt. 003/001 Jepara Kulon, Binangun","085291214031","hak cipta Syngenta; rujukan lokasi, bukan untuk diterbitkan ulang"
"HS Banjar",-7.3706874,108.5342487,"syngenta","Jawa Barat","Banjar","Jl. Pataruman Lingkar Jatimulya Rt. 003/005 No. 4 Pasar Banjar Kel. Hergasari Kec. Petaruman","081323183009","hak cipta Syngenta; rujukan lokasi, bukan untuk diterbitkan ulang"
"Humuss Tani",-6.3777431,108.00903,"syngenta","Jawa Barat","Indramayu","Blok Pentil Rt. 002/001 Ds. Bongas Kec. Bongas","082127252778","hak cipta Syngenta; rujukan lokasi, bukan untuk diterbitkan ulang"
"Hyat Tani",-6.2181838,107.5323909,"syngenta","Jawa Barat","Karawang","Jl. Raya Singaperbangsa Dusun II Rt. 003/002","085886553334","hak cipta Syngenta; rujukan lokasi, bukan untuk diterbitkan ulang"
"Hybrida Jaya",-6.9277361,106.9299579,"syngenta","Jawa Barat","Sukabumi","Kp. Bungur, RT. 008/006, Desa Pasir Pipis, Kec. Surade, Kab. Sukabumi","085862671255","hak cipta Syngenta; rujukan lokasi, bukan untuk diterbitkan ulang"
"Ibnu Hikam Tani",-6.8619323,108.2494708,"syngenta","Jawa Barat","Majalengka","Jl. Sindang Kasih Cibodas Dusun Telargedang Rt. 018/008 Kel. Kulur Kec. Majalengka","08112411577","hak cipta Syngenta; rujukan lokasi, bukan untuk diterbitkan ulang"
"Ida Putri",-6.2221429,107.2122823,"syngenta","Jawa Barat","Bekasi","Kp. Pendeuy Rt. 009/003 Ds. Karang Satu Kec. Karang Bahagia","085779757555","hak cipta Syngenta; rujukan lokasi, bukan untuk diterbitkan ulang"
"Iel Jaya",-8.0830827,112.0178286,"syngenta","Jawa Timur","Blitar","Dsn Krajan Rt. 002/004 Ds. Kunir Kec. Wonodadi","081229231133","hak cipta Syngenta; rujukan lokasi, bukan untuk diterbitkan ulang"
"Ilham Agro",-7.818457,112.045109,"syngenta","Jawa Timur","Kediri","Sumberdoko Rt. 057/011 Kel. Doko Kec. Ngasem","081230921499","hak cipta Syngenta; rujukan lokasi, bukan untuk diterbitkan ulang"
"Ilham Tani II",-6.2392574,106.2062485,"syngenta","Banten","Serang","Kp. Bojong Wetan Rt. 010/002 Ds. Sanding Kec. Petir","087877090091","hak cipta Syngenta; rujukan lokasi, bukan untuk diterbitkan ulang"
"Iman Tani",-7.0998455,106.88017,"syngenta","Jawa Barat","Sukabumi","Kp. Purabaya Rt. 02/01, Ds. Purabaya, Kec. Purabaya, Kab. Sukabumi","08567532938","hak cipta Syngenta; rujukan lokasi, bukan untuk diterbitkan ulang"
"Imelda Tani",-6.4097617,107.9621753,"syngenta","Jawa Barat","Indramayu","Blok Buntut Lor Rt. 004/001 Kel. Wanguk, Kec. Anjatan","083113550190","hak cipta Syngenta; rujukan lokasi, bukan untuk diterbitkan ulang"
"Indah Tani",-6.1435836,107.2992316,"syngenta","Jawa Barat","Karawang","Jl. Raya Cikangkung Barat 1 Rt. 006/001 Rengasdengklok Utara Rengasdengklok","085811194472","hak cipta Syngenta; rujukan lokasi, bukan untuk diterbitkan ulang"
"Indah Wijaya",-6.255183,107.0835541,"syngenta","Jawa Barat","Bekasi","Jl. Bosih No. 29 Rt. 002/001 Kel. Wanasari","08118822886","hak cipta Syngenta; rujukan lokasi, bukan untuk diterbitkan ulang"
"Indra",-8.2162615,113.1139191,"syngenta","Jawa Timur","Lumajang","Jl. Raya Pasirian Rt. 001/001 Desa Pasirian Kec. Pasirian","081332679623","hak cipta Syngenta; rujukan lokasi, bukan untuk diterbitkan ulang"
"Indra Jaya Tani",-7.9151051,110.084422,"syngenta","DI Yogyakarta","Kulon Progo","Keboan, RT. 001/001, Kel. Karangwuni, Kec. Wates","082242255983","hak cipta Syngenta; rujukan lokasi, bukan untuk diterbitkan ulang"
"Indra Mandala",-7.1839727,111.2561841,"syngenta","Jawa Tengah","Blora","Dk. Guwaran Rt. 005/003 Gabusan Kec. Jati","085228454085","hak cipta Syngenta; rujukan lokasi, bukan untuk diterbitkan ulang"
"Indra Tani",-8.1181126,113.6130249,"syngenta","Jawa Timur","Jember","Jl. Suci no.45 Dsn. Glundengan Ds. Suci, Kec. Panti","081615511627","hak cipta Syngenta; rujukan lokasi, bukan untuk diterbitkan ulang"
"Info Karya Tani",-6.3754947,105.9175701,"syngenta","Banten","Pandeglang","Pasar Menes Desa Purwaraja Kec. Menes","082112491454","hak cipta Syngenta; rujukan lokasi, bukan untuk diterbitkan ulang"
"Intani",-7.1603101,112.0208095,"syngenta","Jawa Timur","Bojonegoro","Rt. 001/002 Desa Samberan Kec. Kanor","081216085385","hak cipta Syngenta; rujukan lokasi, bukan untuk diterbitkan ulang"
"Inti Tani Utama",-7.9824737,112.0346844,"syngenta","Jawa Timur","Kediri","Jl. Raya Sambi No. 92 Desa Sambi Kec. Ringinrejo","08123040035","hak cipta Syngenta; rujukan lokasi, bukan untuk diterbitkan ulang"
"Ira Tani",-8.1161951,113.4151001,"syngenta","Jawa Timur","Jember","Dusun. Krajan RT. 006/002, Desa Pringgowirawan, Kec. Sumberbaru, Kab. Jember","085330842772","hak cipta Syngenta; rujukan lokasi, bukan untuk diterbitkan ulang"
"Irpan Jaya",-7.1593913,108.008202,"syngenta","Jawa Barat","Garut","Jl. Sukawening Kp. Cikantong Rt. 001/004 Desa Sukamukti Kec. Sukawening","081312049183","hak cipta Syngenta; rujukan lokasi, bukan untuk diterbitkan ulang"
"Istana Tani",-7.9629085,111.4629863,"syngenta","Jawa Timur","Ponorogo","Jl. Diponegoro, Ngasinan, Jetis, Ponorogo","081335790414","hak cipta Syngenta; rujukan lokasi, bukan untuk diterbitkan ulang"
"IW Tani",-6.2469608,107.0864266,"syngenta","Jawa Barat","Bekasi","Jl. Raya B Bosi  Kp. Selang Bojon No. 29 Rt. 002/001 Desa Wanasari Kec. Cibitung","0811886226","hak cipta Syngenta; rujukan lokasi, bukan untuk diterbitkan ulang"
"Jagat Tani",-6.8766929,108.8856129,"syngenta","Jawa Tengah","Brebes","Jl. Lombok Rt. 004/004 Desa Kemurang Kec. Tanjung","081805080353","hak cipta Syngenta; rujukan lokasi, bukan untuk diterbitkan ulang"
"JAGAT TANI",-6.7267508,105.8701316,"syngenta","Banten","Pandeglang","Kp. Cikeusik Rt. 001/001 Ds. Cikeusik Kec. Cikeusik","081283773328","hak cipta Syngenta; rujukan lokasi, bukan untuk diterbitkan ulang"
"Jago Tani",-6.9379097,108.8858908,"syngenta","Jawa Tengah","Brebes","Jl. P Diponegoro Rt. 006/005 Luwungragi, Bulukamba","082138825785","hak cipta Syngenta; rujukan lokasi, bukan untuk diterbitkan ulang"
"Jago Tani",-7.959662,111.5043502,"syngenta","Jawa Timur","Ponorogo","Dukuh Kebatan Rt. 004/002 Desa Campurejo Kec. Sambit","082331357106","hak cipta Syngenta; rujukan lokasi, bukan untuk diterbitkan ulang"
"Jahra Tani - Cianjur",-7.462274,107.159395,"syngenta","Jawa Barat","Cianjur","Kp. Sedekan, Kel. Mekarlaksana, Kec. Sindangbarang, Kab. Cianjur","085624899499","hak cipta Syngenta; rujukan lokasi, bukan untuk diterbitkan ulang"
"Jakfar Pupuk",-7.7089943,112.8043823,"syngenta","Jawa Timur","Pasuruan","Jalan Raya no 9 Kidul Dalem Rt. 02/08 wonorejo","085104788435","hak cipta Syngenta; rujukan lokasi, bukan untuk diterbitkan ulang"
"Jana Tani",-6.5368845,108.2703751,"syngenta","Jawa Barat","Indramayu","Blok Sukajaya Rt. 003/001 Ds. Mekarsari Kec. Tukdana","081320450848","hak cipta Syngenta; rujukan lokasi, bukan untuk diterbitkan ulang"
"Jasa Tani",-6.5498623,106.534676,"syngenta","Jawa Barat","Bogor","Kp. Cigudeg Rt. 004/002, Kel. Cigudeg, Kec. Cigudeg, Kab. Bogor","082112233862","hak cipta Syngenta; rujukan lokasi, bukan untuk diterbitkan ulang"
"Jati Mulya Tani",-6.4702466,108.3021413,"syngenta","Jawa Barat","Indramayu","Jl. Mayor Dasuki No. 97 Ds. Jatibarang Kec. Jatibarang","08121481525","hak cipta Syngenta; rujukan lokasi, bukan untuk diterbitkan ulang"
"Jaya Bersama",-7.208867,109.822403,"syngenta","Jawa Tengah","Banjarnegara","Batur Rt. 002/001 Kec. Batur","082220000929","hak cipta Syngenta; rujukan lokasi, bukan untuk diterbitkan ulang"
"Jaya Makmur",-7.1089354,107.7029283,"syngenta","Jawa Barat","Bandung","Kp. Cikujang Rt. 02/04, Ds. Maruyung, Kec. Pacet, Kab. Bandung","082115770888","hak cipta Syngenta; rujukan lokasi, bukan untuk diterbitkan ulang"
"Jaya Makmur",-7.7479961,113.0592783,"syngenta","Jawa Timur","Probolinggo","Dusun Krajan Lor1 Rt. 002/001 Desa Klampok Kec. Tongas","082335461118","hak cipta Syngenta; rujukan lokasi, bukan untuk diterbitkan ulang"
"Jaya Mukti",-6.6736309,107.3686214,"syngenta","Jawa Barat","Purwakarta","Kel. Gandasoli , Plered - Purwakarta","087779815558","hak cipta Syngenta; rujukan lokasi, bukan untuk diterbitkan ulang"
"Jaya Tani",-6.0750103,107.1886784,"syngenta","Jawa Barat","Karawang","Dusun Krajan Rt 002/001 Desa Batujaya Kec. Batujaya","081511615049","hak cipta Syngenta; rujukan lokasi, bukan untuk diterbitkan ulang"
"Jaya Tani",-6.4466541,107.8062995,"syngenta","Jawa Barat","Subang","Kp Sukajaya No. 179 Rt.035/09 Desa Sukamulya, Kec. Pegaden","08122202587","hak cipta Syngenta; rujukan lokasi, bukan untuk diterbitkan ulang"
"Jaya Tani",-7.596482,110.7405564,"syngenta","Jawa Tengah","Sukoharjo","Blimbing Rt. 003/006, Wonorejo, Polokarto","081548497406","hak cipta Syngenta; rujukan lokasi, bukan untuk diterbitkan ulang"
"Karisma Alam Abadi",-7.664808,114.0064306,"syngenta","Jawa Timur","Situbondo","Dusun Kandang Desa Olean","082244133131","hak cipta Syngenta; rujukan lokasi, bukan untuk diterbitkan ulang"
"Karya Abadi",-7.13019,107.7009688,"syngenta","Jawa Barat","Bandung","Kp. Cibutak Rt. 005/001 Desa Cikitu Kec. Pacet","085295323003","hak cipta Syngenta; rujukan lokasi, bukan untuk diterbitkan ulang"
"Karya Guna",-7.771656,113.5043977,"syngenta","Jawa Timur","Probolinggo","Dusun Krajan Rt. 009/01 Desa Glagah, Kec. Pakuniran","085259068205","hak cipta Syngenta; rujukan lokasi, bukan untuk diterbitkan ulang"
"Karya Tani",-6.4483449,107.7606601,"syngenta","Jawa Barat","Subang","Cikondang Rt. 016/008 Ds. Mekarwangi Kec. Pagaden Barat","081394575923","hak cipta Syngenta; rujukan lokasi, bukan untuk diterbitkan ulang"
"Karya Tani",-7.0247407,109.9124708,"syngenta","Jawa Tengah","Batang","Donorejo Rt. 001/ 001 Donorejo, Limpung","085640272434","hak cipta Syngenta; rujukan lokasi, bukan untuk diterbitkan ulang"
"Karya Tani",-7.4187875,111.480698,"syngenta","Jawa Timur","Ngawi","Dsn. Bulung Rt. 004/003 Ds. Kartoharjo Kec. Ngawi","081330757163","hak cipta Syngenta; rujukan lokasi, bukan untuk diterbitkan ulang"
"Karya Tani",-7.5448075,111.6577704,"syngenta","Jawa Timur","Madiun","Jl. A. Yani Ruko Garden Family Kav. 13 Caruban Kec.","08123214886","hak cipta Syngenta; rujukan lokasi, bukan untuk diterbitkan ulang"
"Karya Tani - Malang",-7.8864475,112.5349881,"syngenta","Jawa Timur","Batu","Perum. Dewi Sartika Kav. 7 Rt. 005/007, Kec. Batu","085236638000","hak cipta Syngenta; rujukan lokasi, bukan untuk diterbitkan ulang"
"Karya Tani Batur",-7.2082209,109.8335818,"syngenta","Jawa Tengah","Banjarnegara","Sumberejo RT. 005/002, Kec. Batur, Kab. Banjarnegara","082221237041","hak cipta Syngenta; rujukan lokasi, bukan untuk diterbitkan ulang"
"Karya Tani Mandiri",-6.4943138,107.7606601,"syngenta","Jawa Barat","Subang","Kp. Sukajadi Rt. 012/002 Ds. Cidadap Kec. Pagaden Barat","085351246644","hak cipta Syngenta; rujukan lokasi, bukan untuk diterbitkan ulang"
"KATDHANG TANI",-7.957551,111.3649879,"syngenta","Jawa Timur","Ponorogo","Ds. Karangpatihan , Kec. Balong","081231761411","hak cipta Syngenta; rujukan lokasi, bukan untuk diterbitkan ulang"
"Kawan Tani",-7.1209509,110.9283103,"syngenta","Jawa Tengah","Grobogan","Ngraji Rt 009/002 Desa Ngraji Kec. Purwodadi","081333110495","hak cipta Syngenta; rujukan lokasi, bukan untuk diterbitkan ulang"
"Kawan Tani",-8.0816408,112.3056843,"syngenta","Jawa Timur","Blitar","Jl. Ki Hajar Dewantara 08 Rt. 001/002 Kel. Kaweron Kec. Talun","085649122508","hak cipta Syngenta; rujukan lokasi, bukan untuk diterbitkan ulang"
"KAWAN TANI",-7.6159066,111.2966572,"syngenta","Jawa Timur","Magetan","Jl. Raya Panekan Rt. 006/001, Desa Panekan, Kec. Panekan, Kab. Magetan","081335712554","hak cipta Syngenta; rujukan lokasi, bukan untuk diterbitkan ulang"
"Keluarga Tani",-6.7906682,108.8343538,"syngenta","Jawa Tengah","Brebes","Desa Limbangan RT 004 RW 002 Kec. Losari","087786457261","hak cipta Syngenta; rujukan lokasi, bukan untuk diterbitkan ulang"
"KEMBANG TANI",-6.5106789,110.7961629,"syngenta","Jawa Tengah","Jepara","Jl. Raya Jepara - Tayu Komplek Ruko Pasar Kembang, Kec. Kembang","085326686718","hak cipta Syngenta; rujukan lokasi, bukan untuk diterbitkan ulang"
"KEMBANG TANI",-6.4712737,110.8171082,"syngenta","Jawa Tengah","Jepara","Blok Ruko Kembang Kec. Kembang","085326665784","hak cipta Syngenta; rujukan lokasi, bukan untuk diterbitkan ulang"
"Kembar Jaya",-7.720228,111.5214912,"syngenta","Jawa Timur","Madiun","Desa Sumberrejo Rt. 016/008 Kec. Geger","081359323777","hak cipta Syngenta; rujukan lokasi, bukan untuk diterbitkan ulang"
"Kembar Makmur",-6.9882824,112.5170594,"syngenta","Jawa Timur","Gresik","Lasem, Sidayu","082143125865","hak cipta Syngenta; rujukan lokasi, bukan untuk diterbitkan ulang"
"Khaira",-7.6449977,111.9805677,"syngenta","Jawa Timur","Nganjuk","Dsn. Wates RT/RW. 006/001 Ds. Wates Kec. Tanjunganom","081235189155","hak cipta Syngenta; rujukan lokasi, bukan untuk diterbitkan ulang"
"Kharisma Tani",-7.3898899,109.9634333,"syngenta","Jawa Tengah","Wonosobo","Kios Pasar Kretek Blok F16 Kec. Kretek","085385888281","hak cipta Syngenta; rujukan lokasi, bukan untuk diterbitkan ulang"
"Ki Bagus Tani",-6.4458863,108.2867661,"syngenta","Jawa Barat","Indramayu","Blok Tiga Rt. 002/003 Ujungaris Widasari","08122318637","hak cipta Syngenta; rujukan lokasi, bukan untuk diterbitkan ulang"
"Kiat Jaya",-6.8617783,107.1639457,"syngenta","Jawa Barat","Cianjur","Kp. Ciharashas Pesantren Rt. 001/007 Kel. Sirnagalih Kec. Cilaku","085793155535","hak cipta Syngenta; rujukan lokasi, bukan untuk diterbitkan ulang"
"Kiki Tani",-6.9012243,109.7640475,"syngenta","Jawa Tengah","Batang","Dk. Damyak Rt. 002/001 Ds. Depok Kec. Kandeman","082323108257","hak cipta Syngenta; rujukan lokasi, bukan untuk diterbitkan ulang"
"King Agro",-7.757264,113.1737003,"syngenta","Jawa Timur","Probolinggo","Jl. Argopuro 3 N0. 32 Perum Kopian Indah, Kel. Ketapang, Kec. Kademangan","081249142349","hak cipta Syngenta; rujukan lokasi, bukan untuk diterbitkan ulang"
"Kintani",-6.4280362,107.9709613,"syngenta","Jawa Barat","Indramayu","Dusun III Rt. 007/004, Ds. Sidodadi, Kec. Haurgeulis","081214419640","hak cipta Syngenta; rujukan lokasi, bukan untuk diterbitkan ulang"
"Kios Adi Putra Mandiri",-6.4749871,108.1517612,"syngenta","Jawa Barat","Indramayu","Blok Tenjolayar RT. 006/003 Desa Rajasinga, Kec. Terisi","082317856070","hak cipta Syngenta; rujukan lokasi, bukan untuk diterbitkan ulang"
"Kios Agro Tani",-7.3415981,106.562736,"syngenta","Jawa Barat","Sukabumi","Blok Pasar Baru, Kel. Surarade, Kec. Surade","085723067742","hak cipta Syngenta; rujukan lokasi, bukan untuk diterbitkan ulang"
"Kios Andri Tani",-6.5113166,108.2113439,"syngenta","Jawa Barat","Indramayu","Blok A Rt. 001/001 Ds. Tugu, Kec. Lelea","085295807495","hak cipta Syngenta; rujukan lokasi, bukan untuk diterbitkan ulang"
"Kios Aris Tani",-6.4827801,108.2169934,"syngenta","Jawa Barat","Indramayu","Blok C Rt. 007/003, Ds. Nunuk, Kec. Lelea","081320303244","hak cipta Syngenta; rujukan lokasi, bukan untuk diterbitkan ulang"
"Kios Barokah Tani Crbn",-6.4870943,108.4650478,"syngenta","Jawa Barat","Cirebon","Ds. Panunggul, Kec. Gegesik, Kab. Cirebon, Jl. Apel Blok Desa, Dusun 01 RT. 003/001 Ds. Panunggul, Kec. Gegesik, Kab. Cirebon","087736246463","hak cipta Syngenta; rujukan lokasi, bukan untuk diterbitkan ulang"
"Kios Bayti'i Tani",-6.4990285,107.9828138,"syngenta","Jawa Barat","Indramayu","Blok. Gantar I Rt. 001/001 Desa Gantar Kec. Gantar","082216902588","hak cipta Syngenta; rujukan lokasi, bukan untuk diterbitkan ulang"
"Kios Dua Saudara",-6.8359217,108.6932769,"syngenta","Jawa Barat","Cirebon","Jl. Ender-Karangsembung, Blok 3 RT. 03 RW. 06, Ds. Getrakmoyan, Kec. Pangenan","081911311211","hak cipta Syngenta; rujukan lokasi, bukan untuk diterbitkan ulang"
"Kios Galih Tani",-6.5466423,108.2822389,"syngenta","Jawa Barat","Indramayu","Blok Sukamenak Rt. 01 Rw.01 Kel. Tukdana Kec. Tukdana","081910321100","hak cipta Syngenta; rujukan lokasi, bukan untuk diterbitkan ulang"
"Kios Harapan Indah",-6.168106,107.177035,"syngenta","Jawa Barat","Bekasi","Kp. Srengseng Jaya RT. 002/001 Ds. Sukadarma, Sukatani","085693547726","hak cipta Syngenta; rujukan lokasi, bukan untuk diterbitkan ulang"
"Kios Ibbin",-7.3281848,109.9024785,"syngenta","Jawa Tengah","Wonosobo","Kalibeber Rt. 002/006 Kel. Kalibeber Kec. Mojoteng","081391240121","hak cipta Syngenta; rujukan lokasi, bukan untuk diterbitkan ulang"
"Kios Iyop Tani",-6.2993014,108.3290221,"syngenta","Jawa Barat","Indramayu","Jl. Brawijaya RT/RW 002/003 Ds. Brondong, Kec. Pasekan","081312298758","hak cipta Syngenta; rujukan lokasi, bukan untuk diterbitkan ulang"
"Kios Karya Mahesa Putra",-7.4671414,107.3257545,"syngenta","Jawa Barat","Cianjur","Kp. Kertajadi Rt. 02/01, Ds. Kertajadi, Kec. Cidaun, Kab. Cianjur","085624183033","hak cipta Syngenta; rujukan lokasi, bukan untuk diterbitkan ulang"
"Kios Kondang Tani",-6.1172079,107.3567197,"syngenta","Jawa Barat","Karawang","Jl. Mesjid At-Taqwa Rt. 001/004 Ds Karangjaya Kec. Pedes","081584737472","hak cipta Syngenta; rujukan lokasi, bukan untuk diterbitkan ulang"
"Kios Laskar Tani",-7.0923011,111.8658015,"syngenta","Jawa Timur","Tuban","Dusun Kluncing RT/RW 012/002 Desa Suciharjo Kec. Parengan","082142234068","hak cipta Syngenta; rujukan lokasi, bukan untuk diterbitkan ulang"
"Kios Mukti Makmur",-6.2896743,107.3823297,"syngenta","Jawa Barat","Karawang","Jl. Krajan - Telagasari Dusun Krajan 1 Rt. 001/001 Kec. Telagasari","0811995237","hak cipta Syngenta; rujukan lokasi, bukan untuk diterbitkan ulang"
"Kios Nugraha Tani",-6.1923731,107.4752423,"syngenta","Jawa Barat","Karawang","Dusun Tempuran 1 RT 002/001 Ds. Tempuran Kec. Tempuran","085770043430","hak cipta Syngenta; rujukan lokasi, bukan untuk diterbitkan ulang"
"Kios Petani",-7.5234574,112.3561297,"syngenta","Jawa Timur","Jombang","Dusun Johowinong, Desa Johowinong, Kec. Mojoagung","081216045861","hak cipta Syngenta; rujukan lokasi, bukan untuk diterbitkan ulang"
"Kios RR Putra Niaga",-6.5457399,107.9711122,"syngenta","Jawa Barat","Indramayu","Blok Punduan Rt. 024/017, Ds. Mekarjaya, Kec. Gantar","081220637358","hak cipta Syngenta; rujukan lokasi, bukan untuk diterbitkan ulang"
"Kios Saprotan Utama Tani",-7.3430918,110.0181673,"syngenta","Jawa Tengah","Wonosobo","Reco Rt. 010/009 Reco-Kertek","08112698744","hak cipta Syngenta; rujukan lokasi, bukan untuk diterbitkan ulang"
"Kios Subur",-7.6542543,112.8135304,"syngenta","Jawa Timur","Pasuruan","Dsn Grogolan, RT. 003/003, Desa Sumberglagah, Kec.Rembang","085230940425","hak cipta Syngenta; rujukan lokasi, bukan untuk diterbitkan ulang"
"Kios Sumber Tani",-6.8288483,108.6301806,"syngenta","Jawa Barat","Cirebon","Blok Cigaok RT. 010 RW. 003, Ds. Lemahabang, Kec. Lemahabang","081395888999","hak cipta Syngenta; rujukan lokasi, bukan untuk diterbitkan ulang"
"Kios Surya Tani - Tulungagung",-8.2484009,111.8151245,"syngenta","Jawa Timur","Tulungagung","Tulungagung, Besole Rt. 01/RW 02 Besole, Kec. Besuki","082142330329","hak cipta Syngenta; rujukan lokasi, bukan untuk diterbitkan ulang"
"Kios Surya Tani Pekalongan",-6.9799317,109.5344945,"syngenta","Jawa Tengah","Pekalongan","Dk. Bakungan Rt. 004/002 Mulyorejo Kesesi","085228920126","hak cipta Syngenta; rujukan lokasi, bukan untuk diterbitkan ulang"
"Kios Tani Agung Putra",-6.5450866,108.3237655,"syngenta","Jawa Barat","Indramayu","Blok Cilumbu RT/RW 012/005 Ds. Sukaperna, Kec. Tukdana","0895357768823","hak cipta Syngenta; rujukan lokasi, bukan untuk diterbitkan ulang"
"Kios Tani Makmur Sejahtera",-6.0875761,107.1277751,"syngenta","Jawa Barat","Bekasi","Kp. Pulo Rengas Rt. 007/003 Ds. Sindang Jaya Kec. Cabangbungin","085715496632","hak cipta Syngenta; rujukan lokasi, bukan untuk diterbitkan ulang"
"Kios Tani Saputra",-7.1160805,107.9096601,"syngenta","Jawa Barat","Garut","Kp. Bojongpulus Rt. 002/009 ds. Margaluyu Kec. Leles","087826357829","hak cipta Syngenta; rujukan lokasi, bukan untuk diterbitkan ulang"
"Kios Tani Subur",-6.1572325,107.2987795,"syngenta","Jawa Barat","Karawang","Jl. Raya Rengasdengklok No. 128 Rt. 045/010 Desa Rengasdengklok Selatan","085693369501","hak cipta Syngenta; rujukan lokasi, bukan untuk diterbitkan ulang"
"Kios Tarmono",-6.9507941,109.3328977,"syngenta","Jawa Tengah","Pemalang","Dk. Lobongkok Rt. 001/ 001 Banjarmulya","087830579810","hak cipta Syngenta; rujukan lokasi, bukan untuk diterbitkan ulang"
"Kios Terang Tani",-6.4879106,108.1815358,"syngenta","Jawa Barat","Indramayu","Ds. Cikedung Lor Rt. 003/003, Kec. Cikedung","082117103444","hak cipta Syngenta; rujukan lokasi, bukan untuk diterbitkan ulang"
"Kios Uling Ireng",-6.4008479,108.2288552,"syngenta","Jawa Barat","Indramayu","Blok Desa Rt. 003/001 Ds. Kiajaran Wetan, Kec. Lohbener","085224038624","hak cipta Syngenta; rujukan lokasi, bukan untuk diterbitkan ulang"
"Kios Wangun Tani",-7.2627915,107.1071,"syngenta","Jawa Barat","Cianjur","Kp. Wangunjaya Rt. 005/001 Ds Margaluyu Kec. Tanggeung","085624886888","hak cipta Syngenta; rujukan lokasi, bukan untuk diterbitkan ulang"
"KIOS YULIANA",-8.0619281,112.700315,"syngenta","Jawa Timur","Malang","Dusun Tubo, RT. 011/002, Kel Purwosekar, Kec Tajinan, Kab. Malang","081334403431","hak cipta Syngenta; rujukan lokasi, bukan untuk diterbitkan ulang"
"Kios Yuliasri",-6.3470343,107.4641052,"syngenta","Jawa Barat","Karawang","Kp. Pasirmalang Tugu Rt. 001/002 Ds. Citarik Kec. Tirtamulya","085693681279","hak cipta Syngenta; rujukan lokasi, bukan untuk diterbitkan ulang"
"KKT BAGJA",-6.2336137,107.5654301,"syngenta","Jawa Barat","Karawang","Jl. Singaperbangsa No. 261 Ds. Sukatani Kec. Cilamaya Wetan","085216011862","hak cipta Syngenta; rujukan lokasi, bukan untuk diterbitkan ulang"
"Klinik Tani",-8.3628723,113.6187923,"syngenta","Jawa Timur","Jember","Dusun Krajan Rt. 005/001 Desa Lohjejer, Wuluhan","082331861868","hak cipta Syngenta; rujukan lokasi, bukan untuk diterbitkan ulang"
"Konco Tani",-7.1537398,111.0132542,"syngenta","Jawa Tengah","Grobogan","Dsn. Mangsulan Rt. 004/004 Ds. Jambon Kec. Pulo Kulon","081325154648","hak cipta Syngenta; rujukan lokasi, bukan untuk diterbitkan ulang"
"Konco Tani",-6.8990053,110.6243983,"syngenta","Jawa Tengah","Demak","Jl. Teuku Umar No. 82 Rt. 006/001 Mangunjiwan","082138838960","hak cipta Syngenta; rujukan lokasi, bukan untuk diterbitkan ulang"
"Konco Tani",-8.1315121,111.9537396,"syngenta","Jawa Timur","Tulungagung","Dsn Duwet RT. 001/002 Ds Wates, Kec. Sumbergempol","081234063006","hak cipta Syngenta; rujukan lokasi, bukan untuk diterbitkan ulang"
"Konco Tani - Ngaringan",-7.0887386,111.1406774,"syngenta","Jawa Tengah","Grobogan","Dsn. Krajan RT004/002 Ds. Trowolu Kec. Ngaringan Kab. Grobogan","08132504000","hak cipta Syngenta; rujukan lokasi, bukan untuk diterbitkan ulang"
"Kontak Tani",-8.0667928,111.706713,"syngenta","Jawa Timur","Trenggalek","Jl. Soekarno Hatta No. 45 Rt. 001/001 Ds. Kelutan","081335249114","hak cipta Syngenta; rujukan lokasi, bukan untuk diterbitkan ulang"
"Kontan Tani",-6.4579208,107.7784261,"syngenta","Jawa Barat","Subang","Kp. Munjul Rt. 007/008, Ds. Munjul, Kec. Pagaden Barat","082316430992","hak cipta Syngenta; rujukan lokasi, bukan untuk diterbitkan ulang"
"Kop Tecgar",-7.3060688,111.8866683,"syngenta","Jawa Timur","Bojonegoro","Desa Jono Rt. 11/03 Kec. Temayang Kab.Bojonegoro","081332677128","hak cipta Syngenta; rujukan lokasi, bukan untuk diterbitkan ulang"
"Koperasi Holtikultura Sri Lestari",-8.217131,113.1153186,"syngenta","Jawa Timur","Lumajang","Jl. Mawar No. 49 RT/RW 005/001, Desa Pasirian Kec. Pasirian Kab. Lumajang","085331884330","hak cipta Syngenta; rujukan lokasi, bukan untuk diterbitkan ulang"
"Koperasi Serba Usaha CU Sang Timur",-8.5089445,114.2215481,"syngenta","Jawa Timur","Banyuwangi","Jl. Raya Grajagan, Kel. Karetan, Kec. Purwoharjo, Kab. Banyuwangi","081252309135","hak cipta Syngenta; rujukan lokasi, bukan untuk diterbitkan ulang"
"Koperasi Sri Mukti Rahayu",-6.1982668,105.9648348,"syngenta","Banten","Serang","Kp. Bayur Rt. 016/004 Kalumpang Kec. Padarincang","0817222245","hak cipta Syngenta; rujukan lokasi, bukan untuk diterbitkan ulang"
"Koperasi Unit Desa Sumber Alam",-8.3581279,113.6228155,"syngenta","Jawa Timur","Jember","Jl. Kotta Blaterr No. 10 Desa Pontang Kec. Ambulu","085259842168","hak cipta Syngenta; rujukan lokasi, bukan untuk diterbitkan ulang"
"KUMPUL TANI",-7.9045809,113.8950451,"syngenta","Jawa Timur","Bondowoso","jl. trunojoyo, Glidung, Wonosari, bondowoso","081231947874","hak cipta Syngenta; rujukan lokasi, bukan untuk diterbitkan ulang"
"Kurnia Agung",-7.0873066,111.9671537,"syngenta","Jawa Timur","Tuban","Dusun Kebunagung Desa Jetak Kec. Montong","085234582882","hak cipta Syngenta; rujukan lokasi, bukan untuk diterbitkan ulang"
"Kurnia Tani",-6.4054875,107.7458559,"syngenta","Jawa Barat","Subang","Ds. Tanjungsari Barat, Kec. Cikaum, Dsn. Kosedan Utara, Rt. 006/001 Ds. Tanjungsari Barat, Kec. Cikaum","085220262980","hak cipta Syngenta; rujukan lokasi, bukan untuk diterbitkan ulang"
"Kurnia Tani",-7.5409678,110.6466895,"syngenta","Jawa Tengah","Boyolali","Dk. Pomah, RT. 005/001, Kel. Randusari Kec. Teras","0818794616","hak cipta Syngenta; rujukan lokasi, bukan untuk diterbitkan ulang"
"Kusuma Agro",-7.8349045,112.256285,"syngenta","Jawa Timur","Kediri","Ds. Prapatan RT.02 RW.02 Ds. Asmorobangun Kec. Puncu Kab. Kediri","082232414418","hak cipta Syngenta; rujukan lokasi, bukan untuk diterbitkan ulang"
"Kusuma Tani",-7.3779218,110.8999967,"syngenta","Jawa Tengah","Sragen","DK. Dengkengan RT 015 Kel. Ketro Kec. Tanon","081329107464","hak cipta Syngenta; rujukan lokasi, bukan untuk diterbitkan ulang"
"Laksan Mandiri",-7.384876,106.635025,"syngenta","Jawa Barat","Sukabumi","Kp. Simpang Dago RT. 007/001, Ds. Cibitung, Kec. Cibitung","085861078594","hak cipta Syngenta; rujukan lokasi, bukan untuk diterbitkan ulang"
"Lana Putra",-6.412342,107.9540194,"syngenta","Jawa Barat","Indramayu","Blok Sepat Rt. 007/003 Desa Kedungwungu, Kec. Anjatan","081293608577","hak cipta Syngenta; rujukan lokasi, bukan untuk diterbitkan ulang"
"Lancar Makmur",-8.16366,112.693197,"syngenta","Jawa Timur","Malang","Desa Talok (Pertigaan) Futsal Turen","082125982214","hak cipta Syngenta; rujukan lokasi, bukan untuk diterbitkan ulang"
"Lancar Tani",-6.3096975,107.5682677,"syngenta","Jawa Barat","Karawang","Kp Mekarsari Rt. 001/05 Desa Jaya Mukti, Kec. Banyusari","085713122333","hak cipta Syngenta; rujukan lokasi, bukan untuk diterbitkan ulang"
"Langgeng Makmur",-6.999381,111.313747,"syngenta","Jawa Tengah","Blora","Jl. Raya Ngawen Desa Ngawen Rt. 001/005 Ngawen Blora","081251869966","hak cipta Syngenta; rujukan lokasi, bukan untuk diterbitkan ulang"
"Langgeng Makmur",-8.4361075,114.2269193,"syngenta","Jawa Timur","Banyuwangi","Jl. Trembelang No. 38 Benculuk - Cluring","081235077777","hak cipta Syngenta; rujukan lokasi, bukan untuk diterbitkan ulang"
"Laut Kidul",-6.9854731,106.5451816,"syngenta","Jawa Barat","Sukabumi","Komplek Pasar Palabuhanratu, Blok B3 No. 03, Kel. Palabuhanratu, Kec. Palabuhanratu","085659591629","hak cipta Syngenta; rujukan lokasi, bukan untuk diterbitkan ulang"
"Lentera Tani",-7.5411124,110.3342326,"syngenta","Jawa Tengah","Magelang","Jl. Raya Talun kidul Rt. 004/010 Desa Banyudono Kec. Dukun ","081392245377","hak cipta Syngenta; rujukan lokasi, bukan untuk diterbitkan ulang"
"Lestari",-7.4064716,111.4502354,"syngenta","Jawa Timur","Ngawi","Jl. Sukowati No. 17 Rt. 003/05 Dusun Dungus Desa Karangasri, Kec. Ngawi","08121658113","hak cipta Syngenta; rujukan lokasi, bukan untuk diterbitkan ulang"
"Lestari Jaya",-6.4205595,108.2466488,"syngenta","Jawa Barat","Indramayu","Jl. Raya Lelea No. 1 Rt. 001/01 Desa Lelea","081804681505","hak cipta Syngenta; rujukan lokasi, bukan untuk diterbitkan ulang"
"Lestari Tani",-7.1980434,107.993185,"syngenta","Jawa Barat","Garut","Kp. Pataruman Rt. 005/001 Ds. Sukaratu Kec. Sucinaraja","081311625605","hak cipta Syngenta; rujukan lokasi, bukan untuk diterbitkan ulang"
"Lia Jaya",-7.2890622,112.4395771,"syngenta","Jawa Timur","Gresik","Ds. Mojogandik Rt. 001/001 Kec. Balong Panggang","085851273273","hak cipta Syngenta; rujukan lokasi, bukan untuk diterbitkan ulang"
"Lia Tani",-6.5357761,108.3000354,"syngenta","Jawa Barat","Indramayu","Blok Karang Moncol Rt. 026/006 Ds. Sukadana Kec. Tukdana","085224000366","hak cipta Syngenta; rujukan lokasi, bukan untuk diterbitkan ulang"
"Litha Grobogan",-7.0877822,111.0132542,"syngenta","Jawa Tengah","Grobogan","Dusun Wonoboyo Rt. 004/002 Desa Tawangharjo Kec. Tawangharjo","082221850101","hak cipta Syngenta; rujukan lokasi, bukan untuk diterbitkan ulang"
"Lohdjinawi",-8.17236,111.7748807,"syngenta","Jawa Timur","Tulungagung","Dsn Krajan Kel. Suwaru Kec. Bandung Kab. Tulungagung","085649744887","hak cipta Syngenta; rujukan lokasi, bukan untuk diterbitkan ulang"
"Lohjinawi",-7.7961575,111.4522764,"syngenta","Jawa Timur","Ponorogo","Jl. S Sukowati KM. 3 Dkh. Sidorejo Ds Japan Kec. Babadan","085646889552","hak cipta Syngenta; rujukan lokasi, bukan untuk diterbitkan ulang"
"Lumayan group",-7.3992339,110.8363679,"syngenta","Jawa Tengah","Sragen","Gemolong","085238325033","hak cipta Syngenta; rujukan lokasi, bukan untuk diterbitkan ulang"
"Lumbung Balarea Tani",-7.3349719,107.7971665,"syngenta","Jawa Barat","Garut","Kp. Cidatar Rt. 002/003, Ds. Cidatar, Kec. Cisurupan, Kab. Garut","081312948099","hak cipta Syngenta; rujukan lokasi, bukan untuk diterbitkan ulang"
"Luthfi Tani",-6.5440065,107.6940475,"syngenta","Jawa Barat","Subang","Dsn. Sukamanah Rt. 008/003, Ds. Dawuan Kaler, Kec. Dawuan","081222101524","hak cipta Syngenta; rujukan lokasi, bukan untuk diterbitkan ulang"
"Luwes Tani",-6.9109,110.1581282,"syngenta","Jawa Tengah","Kendal","Desa Cepiring Rt. 003/002 Cepiring","085727865888","hak cipta Syngenta; rujukan lokasi, bukan untuk diterbitkan ulang"
"M Zaki Tani",-6.1066382,106.2414906,"syngenta","Banten","Serang","Jl. Ciruas Pontang KM 01 Kp. Kadikaran RT. 002/001 Ds. Kadikaran, Kec. Ciruas, Kab. Serang","085894019392","hak cipta Syngenta; rujukan lokasi, bukan untuk diterbitkan ulang"
"Mahkota Tani",-7.5592839,111.4567679,"syngenta","Jawa Timur","Magetan","Jl. Arjuno No. 31 Kel. Tebon, Barat, Kab. Magetan","08123406943","hak cipta Syngenta; rujukan lokasi, bukan untuk diterbitkan ulang"
"Maju Jaya",-6.9617647,110.1521835,"syngenta","Jawa Tengah","Kendal","JL. Raya Pegandon No. 17 Pegandon","085725859397","hak cipta Syngenta; rujukan lokasi, bukan untuk diterbitkan ulang"
"Maju Jaya",-7.6806766,112.8760709,"syngenta","Jawa Timur","Pasuruan","Dusun Pilang RT/RW 002/001 Desa Susukanrejo Kec. Pohjentrek","081259347400","hak cipta Syngenta; rujukan lokasi, bukan untuk diterbitkan ulang"
"Makarti Jaya",-7.7169637,107.9472579,"syngenta","Jawa Barat","Tasikmalaya","Kp. Tegalsari 2 Rt. 002/002, DS. Ciheras, Kec. Cipatujah, Kab. Tasikmalaya","085353077133","hak cipta Syngenta; rujukan lokasi, bukan untuk diterbitkan ulang"
"Makmur",-7.0328992,110.5543202,"syngenta","Jawa Tengah","Demak","Desa Kuripan Rt. 001/009 Karangawen","085865001783","hak cipta Syngenta; rujukan lokasi, bukan untuk diterbitkan ulang"
"Makmur Abadi",-6.2494464,107.3168864,"syngenta","Jawa Barat","Karawang","Dusun Cilembuk Rt 009/003 Purwamekar","085885751335","hak cipta Syngenta; rujukan lokasi, bukan untuk diterbitkan ulang"
"Makmur Sentosa",-7.8940949,112.5962405,"syngenta","Jawa Timur","Malang","Jl. Kertanegara No. 38 Rt. 003/001 Desa Girimoyo Kec. Karangploso","08125229955","hak cipta Syngenta; rujukan lokasi, bukan untuk diterbitkan ulang"
"Makmur Sriwijaya",-6.4736915,108.0333209,"syngenta","Jawa Barat","Indramayu","Blok Pejaten Rt. 001/001 Ds. Tanjungkerta Kec. Kroya","085224687700","hak cipta Syngenta; rujukan lokasi, bukan untuk diterbitkan ulang"
"Makmur Tani",-6.4814649,108.2525802,"syngenta","Jawa Barat","Indramayu","Blok Jaurih Rt. 011/004, Ds. Bunder, Kec. Widasari","081912222005","hak cipta Syngenta; rujukan lokasi, bukan untuk diterbitkan ulang"
"Maktal Tani",-7.2167958,107.8993416,"syngenta","Jawa Barat","Garut","Jl. Cimanuk Maktal No. 132 Rt. 004/014 Kel. Paminggir Kec. Garut Kota","081222254300","hak cipta Syngenta; rujukan lokasi, bukan untuk diterbitkan ulang"
"Mamik Purwantari",-7.4205256,111.5796218,"syngenta","Jawa Timur","Ngawi","Ds. Krompol Rt. 01/05, Bringin, Kab. Ngawi","085725402723","hak cipta Syngenta; rujukan lokasi, bukan untuk diterbitkan ulang"
"Mandiri Jaya Tani",-6.1495359,107.0462617,"syngenta","Jawa Barat","Bekasi","Jl. Raya Kedung Pengawas RT. 003/014 Ds. Kedung Pengawas, Kec. Babelan","081297102391","hak cipta Syngenta; rujukan lokasi, bukan untuk diterbitkan ulang"
"Manunggal Grobogan",-7.0827696,110.9671603,"syngenta","Jawa Tengah","Grobogan","Dusun Kayen Desa Mayahan Rt. 002/004 Kel. Mayahan Kec. Tawangharjo","081225574192","hak cipta Syngenta; rujukan lokasi, bukan untuk diterbitkan ulang"
"Margo Tani",-7.1123785,110.9081927,"syngenta","Jawa Tengah","Grobogan","Lingkungan Danyang Selatan Rt. 008/001 Danyang","085290101752","hak cipta Syngenta; rujukan lokasi, bukan untuk diterbitkan ulang"
"MCZ Tani",-6.5763488,106.6495501,"syngenta","Jawa Barat","Bogor","Jl. Raya Cemplang Rt. 023/06 No. 18Kec. Cibungbulang Km. 18 (Perbatasan Galuga)","082298080857","hak cipta Syngenta; rujukan lokasi, bukan untuk diterbitkan ulang"
"Mdr Pertanian Abadi",-7.1264674,112.092349,"syngenta","Jawa Timur","Bojonegoro","Rt. 008/004 Desa Pasinan Kec. Baureno","081357717854","hak cipta Syngenta; rujukan lokasi, bukan untuk diterbitkan ulang"
"Media Tani",-7.9484903,111.509567,"syngenta","Jawa Timur","Ponorogo","Dukuh Ngerayut Rt. 002/001 Desa Coper Kec. Jetis","081330634775","hak cipta Syngenta; rujukan lokasi, bukan untuk diterbitkan ulang"
"Mekar Jaya",-7.1193124,112.4138911,"syngenta","Jawa Timur","Lamongan","Jl. A. Yani No. 9 Kec. Lamongan","081216042699","hak cipta Syngenta; rujukan lokasi, bukan untuk diterbitkan ulang"
"Mekar Sari",-7.5809779,110.7435364,"syngenta","Jawa Tengah","Sukoharjo","Teriklo Rt. 001/003 Trangsan Gatak","081329244388","hak cipta Syngenta; rujukan lokasi, bukan untuk diterbitkan ulang"
"Mekar Tani",-6.4785615,107.772504,"syngenta","Jawa Barat","Subang","Kp. Reundeuk Daweung Rt. 013/008 Ds. Margahayu Kec. Pagaden","085220348176","hak cipta Syngenta; rujukan lokasi, bukan untuk diterbitkan ulang"
"Mekar Tani",-6.8651793,108.9992182,"syngenta","Jawa Tengah","Brebes","Jl. Raya Klampok, Kec. Wanasari","081911626510","hak cipta Syngenta; rujukan lokasi, bukan untuk diterbitkan ulang"
"Mekarsari",-7.3726134,109.9391027,"syngenta","Jawa Tengah","Wonosobo","Jl. Raya Kertek KM. 04 Rt. 010/005 Kel. Wringinanom Kec. Kertek","085292825006","hak cipta Syngenta; rujukan lokasi, bukan untuk diterbitkan ulang"
"Melati Jaya",-7.6066813,112.457458,"syngenta","Jawa Timur","Mojokerto","Karanglo Rt. 001/005 Desa Karangkuten Kec. Gondang","081357805979","hak cipta Syngenta; rujukan lokasi, bukan untuk diterbitkan ulang"
"Merdeka Tani",-7.200035,107.9027555,"syngenta","Jawa Barat","Garut","Jl. Merdeka 153 Desa Jayaraga Kec. Tarogong Kidul","082121512494","hak cipta Syngenta; rujukan lokasi, bukan untuk diterbitkan ulang"
"Mia Sari Tani",-6.4898874,106.4818167,"syngenta","Jawa Barat","Bogor","Kp. Sipak Rt. 001/006, Kel. Sipak, Kec. Jasinga, Kab. Bogor","081319100939","hak cipta Syngenta; rujukan lokasi, bukan untuk diterbitkan ulang"
"Mitra  Tani",-7.2361362,112.0419068,"syngenta","Jawa Timur","Bojonegoro","Jl. Raya Pasar Gampeng Rt. 004/001 Desa Banjarjo Kec.  Sumberrejo","085230490033","hak cipta Syngenta; rujukan lokasi, bukan untuk diterbitkan ulang"
"Mitra Agro Sukses",-7.6724802,112.084897,"syngenta","Jawa Timur","Kediri","Dsn Gropyok Kel. Tanon Kec. Papar","082230321623","hak cipta Syngenta; rujukan lokasi, bukan untuk diterbitkan ulang"
"Mitra Agro Tani",-7.0677942,111.2219041,"syngenta","Jawa Tengah","Blora","Desa Ngilen Rt. 009/001 Kec. Kunduran","081325725591","hak cipta Syngenta; rujukan lokasi, bukan untuk diterbitkan ulang"
"Mitra Cabe",-8.3534691,114.1260991,"syngenta","Jawa Timur","Banyuwangi","Dsn. Jalen 1, Kel. Setail, Kec. Genteng, Banyuwangi","081252775200","hak cipta Syngenta; rujukan lokasi, bukan untuk diterbitkan ulang"
"Mitra Mandiri Jaya",-7.7532833,112.5364292,"syngenta","Jawa Timur","Batu","Dusun Lemah Putih Rt. 001/002 Desa Sumber Brantas Kec. Bumiaji","081332400095","hak cipta Syngenta; rujukan lokasi, bukan untuk diterbitkan ulang"
"Mitra Sejahtera",-6.7521511,107.8092571,"syngenta","Jawa Barat","Subang","Jl. Raya Tanjungsiang, Kp. Manalangu RT 21 RW 08, Ds. Tanjungsiang, Kec. Tanjungsiang, Kab. Subang","081321154440","hak cipta Syngenta; rujukan lokasi, bukan untuk diterbitkan ulang"
"Mitra Sejati",-8.1076362,111.9910008,"syngenta","Jawa Timur","Tulungagung","Rt. 002/001 Ds. Sumberjo Kulon Kec. Ngunut","081359257689","hak cipta Syngenta; rujukan lokasi, bukan untuk diterbitkan ulang"
"Mitra Tani",-6.1028348,106.1183928,"syngenta","Banten","Serang","Kp. Gurugui, Kel. Lialang, Kec. Taktakan","081287826635","hak cipta Syngenta; rujukan lokasi, bukan untuk diterbitkan ulang"
"Mitra Tani",-6.2250609,107.4351532,"syngenta","Jawa Barat","Karawang","Desa Lemahmakmur Kec. Tempuran, Dusun Wagir Terong Rt. 001/004 Desa Lemahmakmur Kec. Tempuran","081574716049","hak cipta Syngenta; rujukan lokasi, bukan untuk diterbitkan ulang"
"Mitra Tani",-7.879118,111.1026732,"syngenta","Jawa Tengah","Wonogiri","Janggan Rt. 002/001 Desa/Kel. Jatiroto Kec. Jatiroto","085290616666","hak cipta Syngenta; rujukan lokasi, bukan untuk diterbitkan ulang"
"Mitra Tani",-7.2379972,110.4113132,"syngenta","Jawa Tengah","Semarang","Dsn Jurangsari Rt. 002/004 Desa Doplang Kec. Bawen Ambarawa","081225558942","hak cipta Syngenta; rujukan lokasi, bukan untuk diterbitkan ulang"
"Mitra Tani",-7.2790851,108.7422767,"syngenta","Jawa Tengah","Cilacap","Ds. Cibeunying, Majenang, Ds. Cibeunying Rt. 01/01, Majenang","08172817032","hak cipta Syngenta; rujukan lokasi, bukan untuk diterbitkan ulang"
"Mitra Tani",-7.8260011,111.1872861,"syngenta","Jawa Tengah","Wonogiri","Terminal Bawah Slogohimo","081329184135","hak cipta Syngenta; rujukan lokasi, bukan untuk diterbitkan ulang"
"Mitra Tani",-7.9248275,110.9528989,"syngenta","Jawa Tengah","Wonogiri","Kwangen Rt. 002/004 Kedungrejo, Nguntoronadi","08122687625","hak cipta Syngenta; rujukan lokasi, bukan untuk diterbitkan ulang"
"Mitra Tani",-7.728898,109.4941244,"syngenta","Jawa Tengah","Kebumen","DK Condong, Wetonkulon Rt. 002/002 Puring","081327249244","hak cipta Syngenta; rujukan lokasi, bukan untuk diterbitkan ulang"
"Mitra Tani",-8.4216655,114.1015732,"syngenta","Jawa Timur","Banyuwangi","Dsn Blokagung Rt. 003/003 Ds Karangdoro - Tegalsari","082335501235","hak cipta Syngenta; rujukan lokasi, bukan untuk diterbitkan ulang"
"Mitra Tani",-7.7212435,112.7203684,"syngenta","Jawa Timur","Pasuruan","Jl. Raya Pasar Sukorejo No.66 Desa Gelagalasari Kec. Sukorejo","081330437652","hak cipta Syngenta; rujukan lokasi, bukan untuk diterbitkan ulang"
"MITRA TANI",-7.0347622,109.3778515,"syngenta","Jawa Tengah","Pemalang","Kelurahan Bantarbolang, Kec. Bantarbolang, Pemalang, Jawa Tengah","087876947974","hak cipta Syngenta; rujukan lokasi, bukan untuk diterbitkan ulang"
"MITRA TANI",-7.8959627,112.8209783,"syngenta","Jawa Timur","Pasuruan","Wonosari, Tutur, Pasuruan Regency, East Java, Indonesia, Dsn Nongkojajar, Ds Wonosari RT. 001/001 Kec. Tutur Pasuruan","085236293534","hak cipta Syngenta; rujukan lokasi, bukan untuk diterbitkan ulang"
"Mitra tani - Blora",-6.9735274,111.4794052,"syngenta","Jawa Tengah","Blora","Jl. Gereja No. 2 Kec. Jepon","081326193936","hak cipta Syngenta; rujukan lokasi, bukan untuk diterbitkan ulang"
"Mitra Tani - Demak",-6.8750954,110.6794676,"syngenta","Jawa Tengah","Demak","Desa Bango Rt. 002/001 Demak","081390633325","hak cipta Syngenta; rujukan lokasi, bukan untuk diterbitkan ulang"
"Mitra Tani - Garut",-7.1055888,107.8983003,"syngenta","Jawa Barat","Garut","Kp. Kaum Rt. 002/003 Jl. Raya Leles Desa Salamnunggal Kec. Leles","082317436169","hak cipta Syngenta; rujukan lokasi, bukan untuk diterbitkan ulang"
"Mitra Tani - Nganjuk",-7.616421,111.8906944,"syngenta","Jawa Timur","Nganjuk","Jl. Letjen Suprapto No. 128 Rt. 001/07 Jatirejo, Kec. Nganjuk","081335759876","hak cipta Syngenta; rujukan lokasi, bukan untuk diterbitkan ulang"
"Mitra Tani - Pemalang",-7.0347622,109.3778515,"syngenta","Jawa Tengah","Pemalang","Jl. Karanganyar-Suru, Kelurahan Bantarbolang","082313840340","hak cipta Syngenta; rujukan lokasi, bukan untuk diterbitkan ulang"
"Mitra Tani - Wonogiri",-7.8283863,111.1264724,"syngenta","Jawa Tengah","Wonogiri","Kios Pasar Jatrisono C 23-24","081226207531","hak cipta Syngenta; rujukan lokasi, bukan untuk diterbitkan ulang"
"Mitra Tani Abadi",-6.3726627,107.385656,"syngenta","Jawa Barat","Karawang","Jl. Raya Kosambi Telagasari Km. 1 No. 15 Rt. 001/002 Desa Pancawati","082133068003","hak cipta Syngenta; rujukan lokasi, bukan untuk diterbitkan ulang"
"Mitra Tani Godong",-7.022178,110.7715536,"syngenta","Jawa Tengah","Grobogan","Jl. Pemuda No. 13 Rt. 005/002 Kec. Godong","081390303060","hak cipta Syngenta; rujukan lokasi, bukan untuk diterbitkan ulang"
"Mitra Tani Mandiri",-7.1695443,110.894036,"syngenta","Jawa Tengah","Grobogan","Dk Kedungmulyo RT/RW 002/004 Desa Sindurejo Kec. Toroh","08122728053","hak cipta Syngenta; rujukan lokasi, bukan untuk diterbitkan ulang"
"Mitra Tani Sejahtera",-7.0633714,111.1280093,"syngenta","Jawa Tengah","Grobogan","Dusun Angkatan Rt. 003/003 Desa Mojorebo Kec Wirosari","082220235110","hak cipta Syngenta; rujukan lokasi, bukan untuk diterbitkan ulang"
"Mitra Tani Sigentong",-6.896323,109.0007407,"syngenta","Jawa Tengah","Brebes","Rt. 001/005 Desa Sigentong Kec. Wanasari","081548916460","hak cipta Syngenta; rujukan lokasi, bukan untuk diterbitkan ulang"
"Mitra Tani Unggul",-7.5730883,108.8766868,"syngenta","Jawa Tengah","Cilacap","Rawakeling, Desa Rawajaya, Kec. Bantarsari","081226920133","hak cipta Syngenta; rujukan lokasi, bukan untuk diterbitkan ulang"
"Mitra Usaha Tani",-7.1888847,107.9731521,"syngenta","Jawa Barat","Garut","Kp. Sadang Rt. 001/003 Ds. Sadang Kec. Sucinaraja","085318766666","hak cipta Syngenta; rujukan lokasi, bukan untuk diterbitkan ulang"
"Mitra Usaha Tani",-7.658842,112.8448112,"syngenta","Jawa Timur","Pasuruan","Dusun Krajan, Ds Karanganyar, Kraton","081333221970","hak cipta Syngenta; rujukan lokasi, bukan untuk diterbitkan ulang"
"Mitra Usaha Tani",-7.0633123,112.2726778,"syngenta","Jawa Timur","Lamongan","Desa Miru Kec. Sekaran","081331116750","hak cipta Syngenta; rujukan lokasi, bukan untuk diterbitkan ulang"
"Modot Tani",-8.0784554,111.9958245,"syngenta","Jawa Timur","Blitar","Dsn. Gandekan Rt. 005/003 Kel. Gandekan Kec. Wonodadi","081336495969","hak cipta Syngenta; rujukan lokasi, bukan untuk diterbitkan ulang"
"Mohamad Muksin",-7.4409031,111.4782661,"syngenta","Jawa Timur","Ngawi","Dsn. Kandangan II Rt. 02/04, Kec. Ngawi, Kab. Ngawi","08125913282","hak cipta Syngenta; rujukan lokasi, bukan untuk diterbitkan ulang"
"Mojotani",-7.4947835,112.4663984,"syngenta","Jawa Timur","Mojokerto","Desa Gayaman Rt. 005/001 Kec. Mojoanyar","085784630909","hak cipta Syngenta; rujukan lokasi, bukan untuk diterbitkan ulang"
"Mona Tani",-7.7562779,114.2108148,"syngenta","Jawa Timur","Situbondo","Jl. Raya Banyuwangi Kp. Timur RT/RW 001/005 Desa Trigonco, Kec. Asembagus","081314446756","hak cipta Syngenta; rujukan lokasi, bukan untuk diterbitkan ulang"
"Moro Tani",-6.8547136,108.7348521,"syngenta","Jawa Barat","Cirebon","Jl. Desa Pakusamben Rt. 001/02, Kec. Babakan","08122433202","hak cipta Syngenta; rujukan lokasi, bukan untuk diterbitkan ulang"
"Moxsa Tani",-7.1787254,111.8032005,"syngenta","Jawa Timur","Bojonegoro","Dk. Sidokumpul Leran Rt. 030/009 Leran, Kalitidu","08563355745","hak cipta Syngenta; rujukan lokasi, bukan untuk diterbitkan ulang"
"Muara Tani",-7.7306188,110.6973469,"syngenta","Jawa Tengah","Klaten","Sajen,Trucuk,Klaten","085743967731","hak cipta Syngenta; rujukan lokasi, bukan untuk diterbitkan ulang"
"Muda Tani",-6.9910362,109.0601808,"syngenta","Jawa Tengah","Tegal","RT. 001/004 Suro Kidul, Kec. Pagerbarang","082133369529","hak cipta Syngenta; rujukan lokasi, bukan untuk diterbitkan ulang"
"Mugi Lestari",-8.1827337,111.8866683,"syngenta","Jawa Timur","Tulungagung","Dsn Jatirejo Rt. 001/001, Jatirejo, Pakisrejo, Tanggunggunung","082143204515","hak cipta Syngenta; rujukan lokasi, bukan untuk diterbitkan ulang"
"Mugi Makmur",-6.9605439,110.6355975,"syngenta","Jawa Tengah","Demak","Jl. Bah Kumbang 03 Rt. 001/001, Bumiharjo, Guntur","082135085440","hak cipta Syngenta; rujukan lokasi, bukan untuk diterbitkan ulang"
"Mugi Rahayu",-6.9153459,110.6854273,"syngenta","Jawa Tengah","Demak","Ds. Mojodemak RT 006 RW 002 Kec. Wonosalam","085225783270","hak cipta Syngenta; rujukan lokasi, bukan untuk diterbitkan ulang"
"Mujahidin 8",-8.5303952,114.3311718,"syngenta","Jawa Timur","Banyuwangi","Dsn. Dambuntung Rt. 005/001 Ds Kedungasri - Tegaldlimo","085258508989","hak cipta Syngenta; rujukan lokasi, bukan untuk diterbitkan ulang"
"Mukharomah",-7.2395307,111.9351959,"syngenta","Jawa Timur","Bojonegoro","Dusun Jajar Rt. 025/003 Ds. Sukosewu Kec. Sukosewu","085336317061","hak cipta Syngenta; rujukan lokasi, bukan untuk diterbitkan ulang"
"Mulia Tani",-6.326838,107.441068,"syngenta","Jawa Barat","Karawang","Dusun Pundong I Rt. 016/006 Desa Pasirtanjung Kec. Lemahabang","085286345875","hak cipta Syngenta; rujukan lokasi, bukan untuk diterbitkan ulang"
"MULYA AGUNG",-7.8865614,113.0492935,"syngenta","Jawa Timur","Probolinggo","Jl. Raya Bromo Rt. 003/001 Ds. Sukapura Kec. Sukapura","085236098772","hak cipta Syngenta; rujukan lokasi, bukan untuk diterbitkan ulang"
"Mulya Barokah",-6.7246028,111.6317903,"syngenta","Jawa Tengah","Rembang","Desa Sumbermulyo Kec Sarang","085231451786","hak cipta Syngenta; rujukan lokasi, bukan untuk diterbitkan ulang"
"Mulya Jaya",-6.1100339,106.1678232,"syngenta","Banten","Serang","Jl. Samaun Bakri Tanggul No. 100 Rt. 004/012, Pasar Rau","087871421973","hak cipta Syngenta; rujukan lokasi, bukan untuk diterbitkan ulang"
"Mulya Tani",-6.4466541,107.8062995,"syngenta","Jawa Barat","Subang","Kp. Sukajaya Kel. Sukamulya, Kec. Pagaden, Jawa Barat","082127127696","hak cipta Syngenta; rujukan lokasi, bukan untuk diterbitkan ulang"
"Mulya Tani",-6.920502,109.2801794,"syngenta","Jawa Tengah","Tegal","Rt. 002/007, Kertasari Kec. Suradai","082323935560","hak cipta Syngenta; rujukan lokasi, bukan untuk diterbitkan ulang"
"Mulya Tani Blora",-7.0530171,111.2512078,"syngenta","Jawa Tengah","Blora","Jagong Rt. 001/001 Jagong Kunduran","085215552050","hak cipta Syngenta; rujukan lokasi, bukan untuk diterbitkan ulang"
"Mulyana Tani",-7.0289832,109.3128909,"syngenta","Jawa Tengah","Pemalang","Rt. 003/003 kejene, Randudongkal","085201609036","hak cipta Syngenta; rujukan lokasi, bukan untuk diterbitkan ulang"
"Mulyo Tani",-7.5880387,110.6005039,"syngenta","Jawa Tengah","Klaten","Jaten RT. 008/004, Sudimoro, Tulung, Klaten","085727426097","hak cipta Syngenta; rujukan lokasi, bukan untuk diterbitkan ulang"
"Mulyo Tani",-7.6963228,110.4589798,"syngenta","DI Yogyakarta","Sleman","Giyan Bandarharjo Rt. 001/019 Bimomartani Ngemplak","082138751599","hak cipta Syngenta; rujukan lokasi, bukan untuk diterbitkan ulang"
"Mulyo Tani",-7.4035679,110.4021573,"syngenta","Jawa Tengah","Magelang","Kios Pemda Kelas 1 Blok E No.1 Pasar Ngablak Kec. Ngablak","085228666507","hak cipta Syngenta; rujukan lokasi, bukan untuk diterbitkan ulang"
"Mulyo Tani",-7.5823571,111.6228471,"syngenta","Jawa Timur","Madiun","Desa Sidomulyo Kec. Wonoasri","085103607252","hak cipta Syngenta; rujukan lokasi, bukan untuk diterbitkan ulang"
"Mulyo Tani",-8.5566609,114.0874516,"syngenta","Jawa Timur","Banyuwangi","Dsn Mulyosari Rt. 008/002 Ds. Sumbermulyo - Pesanggaran","081234908666","hak cipta Syngenta; rujukan lokasi, bukan untuk diterbitkan ulang"
"Munajat",-6.9090219,108.314019,"syngenta","Jawa Barat","Majalengka","Jl. Raya Sukasari Kidul Ds. Sukasari Kidul, Kec. Argapura","085324029972","hak cipta Syngenta; rujukan lokasi, bukan untuk diterbitkan ulang"
"Muneng Raya",-7.7916391,113.1590456,"syngenta","Jawa Timur","Probolinggo","Dusun Pelan Rt. 021/005 Desa Muneng Kec. Sumberasik","085204237145","hak cipta Syngenta; rujukan lokasi, bukan untuk diterbitkan ulang"
"Murah Tani",-7.0259057,109.5783804,"syngenta","Jawa Tengah","Pekalongan","Ruko Mentari No. 1, Sibedug, Kebonagung, Kajen","085865308135","hak cipta Syngenta; rujukan lokasi, bukan untuk diterbitkan ulang"
"Murah Tani",-6.9175783,110.1506828,"syngenta","Jawa Tengah","Kendal","Jl. Nusa Indah, Kendayaan Rt. 002/004 Karangayu, Cepiring","081325172501","hak cipta Syngenta; rujukan lokasi, bukan untuk diterbitkan ulang"
"Murah Tani Jejak Tki Indonesia",-7.6878005,109.2652507,"syngenta","Jawa Tengah","Cilacap","Desa Widarapayun Kulon Rt. 014/005 Kec. Binangun","081280101924","hak cipta Syngenta; rujukan lokasi, bukan untuk diterbitkan ulang"
"Murni Jaya",-7.4481828,111.5775209,"syngenta","Jawa Timur","Ngawi","Dsn. Samben Rt. 003/001 Ds. Sidokerto Kec. Karangjati","08125952224","hak cipta Syngenta; rujukan lokasi, bukan untuk diterbitkan ulang"
"Murni Toko Pupuk",-6.8182585,107.6236288,"syngenta","Jawa Barat","Bandung","Jl. Kayu Ambon No. 28, Ds. Lembang, Kec. Lembang","081321001967","hak cipta Syngenta; rujukan lokasi, bukan untuk diterbitkan ulang"
"Mutiara Sari",-7.0273236,110.7867474,"syngenta","Jawa Tengah","Grobogan","RT 03 RW 01 Desa Klampok Kec Godong","082136650045","hak cipta Syngenta; rujukan lokasi, bukan untuk diterbitkan ulang"
"Mutiara Tani",-6.3734198,108.036133,"syngenta","Jawa Barat","Indramayu","Blok Gebangmampang Rt. 016/004 Ds. Margamulya Kec. Bongas","08129576225","hak cipta Syngenta; rujukan lokasi, bukan untuk diterbitkan ulang"
"Mutiara Tani",-7.7347851,109.5315193,"syngenta","Jawa Tengah","Kebumen","Desa Purwoharjo Kec. Puring","087738886668","hak cipta Syngenta; rujukan lokasi, bukan untuk diterbitkan ulang"
"MUTIARA TANI",-6.3066772,105.9800689,"syngenta","Banten","Pandeglang","Pasar Pari, Ds. Pari, Rt. 004/003 Kec. Mandalawangi","081905140019","hak cipta Syngenta; rujukan lokasi, bukan untuk diterbitkan ulang"
"Mz. Tani Abadi",-6.0324019,106.2904635,"syngenta","Banten","Serang","Kp. Keserangan Rt. 001/001 Ds. Kaserangan Kec. Pontang","085697721602","hak cipta Syngenta; rujukan lokasi, bukan untuk diterbitkan ulang"
"Nabila Agro",-7.5769891,112.3307671,"syngenta","Jawa Timur","Jombang","Jl. Yos Sudarso Rt. 001/003 Ds. Janti Kec. Mojoagung","081243501155","hak cipta Syngenta; rujukan lokasi, bukan untuk diterbitkan ulang"
"Nahkoda Tani",-6.8636991,111.0430601,"syngenta","Jawa Tengah","Pati","Desa Karangmulyo Rt. 002/001 Kec. Tambakromo","085694020731","hak cipta Syngenta; rujukan lokasi, bukan untuk diterbitkan ulang"
"Naja Tani Selomerto",-7.400383,109.8871657,"syngenta","Jawa Tengah","Wonosobo","Rt. 001/005, Kalierang, Selomerto","085728037999","hak cipta Syngenta; rujukan lokasi, bukan untuk diterbitkan ulang"
"NANDA AGROTAMA",-7.7083152,112.104272,"syngenta","Jawa Timur","Kediri","Dsn Kunen Rt. 03/12 Ngampel, Kec Papar","085749087472","hak cipta Syngenta; rujukan lokasi, bukan untuk diterbitkan ulang"
"Nanjung Tani",-6.0513825,107.1454981,"syngenta","Jawa Barat","Karawang","Dusun Teluk Buyung RT/RW 004/002 Pakis Jaya","085773032115","hak cipta Syngenta; rujukan lokasi, bukan untuk diterbitkan ulang"
"Nedyo Utomo",-7.1337289,111.8037801,"syngenta","Jawa Timur","Bojonegoro","Jl. Raya Bojonegoro Cepu No. 30 Mojosari Kalitudu","081335220394","hak cipta Syngenta; rujukan lokasi, bukan untuk diterbitkan ulang"
"Neng",-7.4961063,107.5090974,"syngenta","Jawa Barat","Garut","Kp. Sukalaksana Rt. 003/005 Ds. Purbayani Kec. Caringin","085314658999","hak cipta Syngenta; rujukan lokasi, bukan untuk diterbitkan ulang"
"Ngudi Rejeki",-7.6959141,110.8072359,"syngenta","Jawa Tengah","Sukoharjo","Mayungan RT/RW 002/006 Kenep Kec. Sukoharjo","085327546792","hak cipta Syngenta; rujukan lokasi, bukan untuk diterbitkan ulang"
"Niaga Jaya Tani",-7.2920892,107.9354068,"syngenta","Jawa Barat","Tasikmalaya","Kp. Patrol Rt. 002/005 Ds. Sirnagalih Kec. Cigalontang","085322970900","hak cipta Syngenta; rujukan lokasi, bukan untuk diterbitkan ulang"
"Niaga Tani",-6.4222402,106.7325943,"syngenta","Jawa Barat","Banjar","Lingk Parung Lesang Rt. 005/008 Ds Banjar Kec. Banjar","081223522327","hak cipta Syngenta; rujukan lokasi, bukan untuk diterbitkan ulang"
"Nugraha Makmur",-7.1787055,107.5682039,"syngenta","Jawa Barat","Bandung","Jl. Raya Situ Cileunca No. 10, Ds. Pangalengan, Kec. Pangalengan, Kab. Bandung","085220266754","hak cipta Syngenta; rujukan lokasi, bukan untuk diterbitkan ulang"
"Nuntun Tani",-7.1261792,110.7897275,"syngenta","Jawa Tengah","Grobogan","Dsn Sumber Barat Rt. 005/001 Sumberjosari, Karangrayung","085329218059","hak cipta Syngenta; rujukan lokasi, bukan untuk diterbitkan ulang"
"NUNUT RAHAYU",-6.2623538,107.50778,"syngenta","Jawa Barat","Karawang","Jl. Langgensari Kp. Pangasingan RT 001/001 Ds. Langensari Kec. Cilamaya Kulon","085814413132","hak cipta Syngenta; rujukan lokasi, bukan untuk diterbitkan ulang"
"Nur Rochim",-6.8864219,110.6809575,"syngenta","Jawa Tengah","Demak","Kp Klitih Rt. 003/004 Desa Bolo Kec. Demak","081390781889","hak cipta Syngenta; rujukan lokasi, bukan untuk diterbitkan ulang"
"Nusantara Agro",-7.8463677,111.2601711,"syngenta","Jawa Tengah","Wonogiri","Kios Pasar Purwantoro,Wonogiri","085211036890","hak cipta Syngenta; rujukan lokasi, bukan untuk diterbitkan ulang"
"Nyoto Agro Santoso",-7.8176283,112.1434501,"syngenta","Jawa Timur","Kediri","Jl. Kenongo Ringinrejo Kel Tiru Lor Kec. Gurah Kab. Kediri","081259968969","hak cipta Syngenta; rujukan lokasi, bukan untuk diterbitkan ulang"
"Nyoto Mandi",-7.5729381,111.8523871,"syngenta","Jawa Timur","Nganjuk","Jl. Mayor Purwadi Rt. 004/001 Ds. Paron Kec. Bagor","082334855815","hak cipta Syngenta; rujukan lokasi, bukan untuk diterbitkan ulang"
"Obor Tani",-6.9699944,110.1149459,"syngenta","Jawa Tengah","Kendal","Dk. Glagah Rt. 004/004 Desa Pagerdawung Kec. Ringinarum","081802867002","hak cipta Syngenta; rujukan lokasi, bukan untuk diterbitkan ulang"
"OOT Tani",-6.963774,109.4645822,"syngenta","Jawa Tengah","Pemalang","Rt. 001/001 Ds. Tegalsari Timur Kec. Ampel Gading","0816397999","hak cipta Syngenta; rujukan lokasi, bukan untuk diterbitkan ulang"
"Panca Usaha",-7.1347128,112.4132862,"syngenta","Jawa Timur","Lamongan","Jl. Sunan Drajad No. 198","081332304825","hak cipta Syngenta; rujukan lokasi, bukan untuk diterbitkan ulang"
"Panen Raya",-7.7609512,113.1426668,"syngenta","Jawa Timur","Probolinggo","Dusun Talang Rt. 001/003 Desa Ambulu Kec. Sumberkasih","081336176044","hak cipta Syngenta; rujukan lokasi, bukan untuk diterbitkan ulang"
"Pangestu Tani",-7.5456634,109.1850317,"syngenta","Jawa Tengah","Banyumas","Desa Cindaga RT/RW 001/011 Kebasen","08112602564","hak cipta Syngenta; rujukan lokasi, bukan untuk diterbitkan ulang"
"Pangkalan Jaya Tani",-6.3395697,106.9982394,"syngenta","Jawa Barat","Purwakarta","Ds. Cibukamanah, Kp. Pangkalan 2 Rt. 001/001 Ds. Cibukamanah","081327165438","hak cipta Syngenta; rujukan lokasi, bukan untuk diterbitkan ulang"
"Paris Tani",-7.2183585,107.9096603,"syngenta","Jawa Barat","Garut","Takun Cemara RT. 003/016 Desa Regol Kec. Garut Kota","085222700565","hak cipta Syngenta; rujukan lokasi, bukan untuk diterbitkan ulang"
"Park Hero",-7.8429108,111.4007597,"syngenta","Jawa Timur","Ponorogo","Jl. Ngambakan Sukorejo Kel. Kauman Kec. Kauman","085259810840","hak cipta Syngenta; rujukan lokasi, bukan untuk diterbitkan ulang"
"Patani",-6.3590533,107.6156133,"syngenta","Jawa Barat","Subang","Desa Gempolsari Patokbeusi","08129677864","hak cipta Syngenta; rujukan lokasi, bukan untuk diterbitkan ulang"
"Patra Bumi Putra",-7.3815339,110.3993969,"syngenta","Jawa Tengah","Magelang","Dsn Ngablak Rt. 001/006 Ds. Ngablak Kec. Ngablak","08122885809","hak cipta Syngenta; rujukan lokasi, bukan untuk diterbitkan ulang"
"PD Alista Tani Makmur",-6.8042056,107.24152,"syngenta","Jawa Barat","Cianjur","Jl. Tungturunan No. 24 Rt. 006/05 Desa Hegarmana, Kec. Sukaluyu, Kp. Sukamaju","087799144863","hak cipta Syngenta; rujukan lokasi, bukan untuk diterbitkan ulang"
"PD Ariana Agrindo",-6.755504,105.8613233,"syngenta","Banten","Pandeglang","Kp. Rancaseneng Rt. 004/003 Rancaseneng Kec. Cikeusik","081806681112","hak cipta Syngenta; rujukan lokasi, bukan untuk diterbitkan ulang"
"PD BANGKIT JAYA TANI",-6.6775244,107.2961953,"syngenta","Jawa Barat","Purwakarta","Kp. Tegal Datar Rt. 020/009 Ds, Gunung Karung","085759070031","hak cipta Syngenta; rujukan lokasi, bukan untuk diterbitkan ulang"
"PD Binangkit",-6.280975,107.3115618,"syngenta","Jawa Barat","Karawang","Tegal Tanjung RT/RW 001/009, Kel. Karang Pawitan, Kec. Karawang Barat","085774783510","hak cipta Syngenta; rujukan lokasi, bukan untuk diterbitkan ulang"
"PD Citra Tani",-7.1194829,107.9927166,"syngenta","Jawa Barat","Garut","Kp. Tagog Rt. 003/001 Desa Sukaluyu Kec. Sukawening","085353091504","hak cipta Syngenta; rujukan lokasi, bukan untuk diterbitkan ulang"
"PD Firman Tani Mandiri",-7.155076,107.9098054,"syngenta","Jawa Barat","Garut","Kp. Sindangpalay Rt.004/007 Desa Sukalaksana Kec.Banyuresmi","082316488557","hak cipta Syngenta; rujukan lokasi, bukan untuk diterbitkan ulang"
"PD Jaya Tani Berkah",-7.214035,107.9365189,"syngenta","Jawa Barat","Garut","Jl. Raya Karangpawitan Rt. 001/006 Karangpawitan","085220479601","hak cipta Syngenta; rujukan lokasi, bukan untuk diterbitkan ulang"
"PD KARANG POHACI",-6.3249065,107.283196,"syngenta","Jawa Barat","Karawang","Jl. Raya Telukiambe Timur Dusun Babakan Rt. 004/001 Ds. Puseurjaya Kec. Telukjambe Timur","081381899670","hak cipta Syngenta; rujukan lokasi, bukan untuk diterbitkan ulang"
"PD Lisna JAya",-6.3960886,107.3582735,"syngenta","Jawa Barat","Karawang","Dusun II Kp. Kebon Kalapa RT. 006/004 Desa. Kutapohaci, Kec. Ciampel, Kab. Karawang","085779566237","hak cipta Syngenta; rujukan lokasi, bukan untuk diterbitkan ulang"
"PD Multi Indah Agro",-6.2913284,107.4351532,"syngenta","Jawa Barat","Karawang","Kp. Tegal Lega RT. 010/003, Kel. Linggarsari, Kec. Telagasari Kab. Karawang","085885774000","hak cipta Syngenta; rujukan lokasi, bukan untuk diterbitkan ulang"
"PD Niaga Sarana Tani",-7.2095669,107.8672727,"syngenta","Jawa Barat","Garut","Jl. Raya Samarang No. 147 Kp. Cirengit Rt. 003/001 Desa Mekargalih Kec. Tarogong Kidul","081322388747","hak cipta Syngenta; rujukan lokasi, bukan untuk diterbitkan ulang"
"Pd Rohani",-6.8383446,108.0210439,"syngenta","Jawa Barat","Sumedang","Dsn Babakan Bandung Rt. 003/002 Ds Situraja Kec. Situraja","081322823795","hak cipta Syngenta; rujukan lokasi, bukan untuk diterbitkan ulang"
"PD SEDERHANA",-6.157062,106.2257384,"syngenta","Banten","Serang","Nyapah Pasar Timur Rt. 003/001 Kel. Nyapah Kec. Walantaka","081282421525","hak cipta Syngenta; rujukan lokasi, bukan untuk diterbitkan ulang"
"PD Setia Tani-Serang",-6.2079256,106.357781,"syngenta","Banten","Serang","Pasar Banjarsari, Kel. Cikande, Kec. Cikande","081213665250","hak cipta Syngenta; rujukan lokasi, bukan untuk diterbitkan ulang"
"PD Sri Eka Jaya",-7.3878712,108.5492848,"syngenta","Jawa Barat","Banjar","Jl. BKR 1 Lingk Gudang  Rt. 003/001 Ds Hegarsari Kec. Pataruman","081323850390","hak cipta Syngenta; rujukan lokasi, bukan untuk diterbitkan ulang"
"PD SRI TANI MANDIRI",-6.7689335,105.8466437,"syngenta","Banten","Pandeglang","Kp. Batujaya Desa Umbulan Kec. Cikeusik","081341303761","hak cipta Syngenta; rujukan lokasi, bukan untuk diterbitkan ulang"
"PD Sukses Mandiri",-6.7435371,105.9876149,"syngenta","Banten","Lebak","Kp. Lempong, RT. 014/005, Sumberwaras, Malingping","085920629067","hak cipta Syngenta; rujukan lokasi, bukan untuk diterbitkan ulang"
"PD Sumber Tani",-6.2238669,107.1594087,"syngenta","Jawa Barat","Bekasi","Kp. Pulo RT. 003/004 Ds. Karang Setia, Kec. Karang Bahagia","081288742114","hak cipta Syngenta; rujukan lokasi, bukan untuk diterbitkan ulang"
"PD Sumber Tani",-6.8207602,107.1477367,"syngenta","Jawa Barat","Cianjur","Jl. Arif Rahman Hakim No. 91 Kel. Solokpandan Kec. Cianjur","08112108776","hak cipta Syngenta; rujukan lokasi, bukan untuk diterbitkan ulang"
"PD Tani Mandiri",-6.9443823,106.9337548,"syngenta","Jawa Barat","Sukabumi","Jl. Lamping Pasir Dongke Kel. Gendong Panjang Kec. Citamiang","085723383313","hak cipta Syngenta; rujukan lokasi, bukan untuk diterbitkan ulang"
"PD Tatanen",-7.004091,108.0229748,"syngenta","Jawa Barat","Garut","Kp. Garela RT/RW 002/002 Kel. Cirpuhan Kec. Selaawi","081312603268","hak cipta Syngenta; rujukan lokasi, bukan untuk diterbitkan ulang"
"PD Toko Pelangi",-6.8056354,105.9876149,"syngenta","Banten","Lebak","Jl. Raya Binuangen Kp. Simpang Rt. 001/001, Sukamanah Kec. Malingping","082261620678","hak cipta Syngenta; rujukan lokasi, bukan untuk diterbitkan ulang"
"PD Yenny Doni",-7.0233584,106.5760857,"syngenta","Jawa Barat","Sukabumi","Kp. Cinyocok, RT. 001/005, Kel. Cidadap, Kec. Simpenan","081293141137","hak cipta Syngenta; rujukan lokasi, bukan untuk diterbitkan ulang"
"PD. Alam Tani",-7.174763,107.9803414,"syngenta","Jawa Barat","Garut","Pasar Wanaraja Blok. A154 Desa Wanaraja Kec. Wanaraja","081320155662","hak cipta Syngenta; rujukan lokasi, bukan untuk diterbitkan ulang"
"PD. Ata Tani",-6.4990285,107.9828138,"syngenta","Jawa Barat","Indramayu","Blok Nambo II Rt. 010/005 Desa Gantar Kec. Gantar","085223779233","hak cipta Syngenta; rujukan lokasi, bukan untuk diterbitkan ulang"
"PD. CG",-7.3606777,107.781143,"syngenta","Jawa Barat","Garut","Kp. Cibuluh Rt. 006/007 Ds. Sukawargi Kec. Cisurupan Kab. Garut","08986720779","hak cipta Syngenta; rujukan lokasi, bukan untuk diterbitkan ulang"
"PD. Citra Tani Mandiri",-7.2673316,107.8172328,"syngenta","Jawa Barat","Garut","Perum Bumi Simpang Asri Rt. 002/007 Desa Mulyasari Kec. Bayongbong","081323761191","hak cipta Syngenta; rujukan lokasi, bukan untuk diterbitkan ulang"
"PD. Deka Agro",-7.1901374,107.9606351,"syngenta","Jawa Barat","Garut","Kp. Panyingkiran Kidul, Kel. Leles, Kec. Leles, Kab. Garut","08112221364","hak cipta Syngenta; rujukan lokasi, bukan untuk diterbitkan ulang"
"PD. HRJ",-7.4284513,107.8230473,"syngenta","Jawa Barat","Garut","Kp. Simpang Rt. 001/002 Desa Simpang Kec. Cikajang","081323812118","hak cipta Syngenta; rujukan lokasi, bukan untuk diterbitkan ulang"
"PD. Ikhwan Tani Putra",-7.3223342,107.7969011,"syngenta","Jawa Barat","Garut","Kp. Caringin Rt. 001/003, Ds. Cisero, Kec. Cisurupan","081323149793","hak cipta Syngenta; rujukan lokasi, bukan untuk diterbitkan ulang"
"PD. Langganan Jaya",-6.5044536,105.7967419,"syngenta","Banten","Pandeglang","Kp. Soge Utara Rt. 001/010 Ds. Panimbangjaya Kec. Panimbang","087882389674","hak cipta Syngenta; rujukan lokasi, bukan untuk diterbitkan ulang"
"PD. Legowo Berkah Tani",-6.750501,108.5631196,"syngenta","Jawa Barat","Cirebon","Jl. Gn. Tangkuban Perahu D.X No. 153 Kel. Larangan, Kec. Harjamukti","0816643700","hak cipta Syngenta; rujukan lokasi, bukan untuk diterbitkan ulang"
"PD. Mandiri",-6.2548314,107.4588131,"syngenta","Jawa Barat","Karawang","Dsn. Babawangan, Kel. Lemahmukti, Kec. Lemahabang","081285981619","hak cipta Syngenta; rujukan lokasi, bukan untuk diterbitkan ulang"
"PD. Masa II",-7.2120893,107.9086939,"syngenta","Jawa Barat","Garut","Jl. Guntur No. 169 Rt. 001/007 Kel. Sukamentri Kec. Garut Kota","0816619357","hak cipta Syngenta; rujukan lokasi, bukan untuk diterbitkan ulang"
"PD. Mekar Tani",-7.1365004,107.4262813,"syngenta","Jawa Barat","Bandung","Kp. Cikoneng Rt. 001/028 Desa Alam Endah Kec. Rancabali","081321534477","hak cipta Syngenta; rujukan lokasi, bukan untuk diterbitkan ulang"
"PD. Murni Tani",-6.2807245,107.4469829,"syngenta","Jawa Barat","Karawang","Dusun Krajan III Rt. 016/005 Desa Lemahabang Kec. Lemahabang","081310692948","hak cipta Syngenta; rujukan lokasi, bukan untuk diterbitkan ulang"
"PD. Mutiara Tani",-6.806833,107.062802,"syngenta","Jawa Barat","Cianjur","K. Sukawarna Rt. 02/9, Ds. Sarampad, Kec.","0817220998","hak cipta Syngenta; rujukan lokasi, bukan untuk diterbitkan ulang"
"PD. Para Tani",-7.2717646,107.8136491,"syngenta","Jawa Barat","Garut","Jl. Raya Simpang No. 44 Rt. 001/001, Ds. Mulyasari, Kec. Bayongbong, Kab. Garut","082214855407","hak cipta Syngenta; rujukan lokasi, bukan untuk diterbitkan ulang"
"PD. Putri Bungsu Tani",-6.7616688,105.8620287,"syngenta","Banten","Pandeglang","Kp. Peundeuy Rt. 002/002  Desa Umbulan Kec. Cikeusik Kab. Pandeglang","085710313276","hak cipta Syngenta; rujukan lokasi, bukan untuk diterbitkan ulang"
"PD. Putri Jaya",-6.2178856,107.029953,"syngenta","Jawa Barat","Bekasi","Kp. Pulo Dadap Rt. 003/001 Ds. Srimahi Kec. Tambun Utara","085883601707","hak cipta Syngenta; rujukan lokasi, bukan untuk diterbitkan ulang"
"PD. Rahayu Tani",-6.9831912,107.985777,"syngenta","Jawa Barat","Garut","Kp. Nanggewer Rt. 002/008 Ds. Pelitaasih Kec. Selaawi","081321401154","hak cipta Syngenta; rujukan lokasi, bukan untuk diterbitkan ulang"
"PD. Sahabat Tani",-6.4147592,107.8814618,"syngenta","Jawa Barat","Subang","Dsn. Kiara Payung Rt. 013/004, Ds. Kiara Sari, Kec. Compreng","082115550493","hak cipta Syngenta; rujukan lokasi, bukan untuk diterbitkan ulang"
"PD. Setia Budi Asih",-7.1054077,107.7045251,"syngenta","Jawa Barat","Bandung","Jl. Cagak No. 6 Rt. 002/03 Desa Maruyung, Kec. Pacet","085222001422","hak cipta Syngenta; rujukan lokasi, bukan untuk diterbitkan ulang"
"PD. Setia Tani",-7.4929831,107.2939493,"syngenta","Jawa Barat","Cianjur","Kp. Cipandak Rt. 02/02, Kel. Jayapura, Kec. Cidaun, Kab. Cianur","081213893029","hak cipta Syngenta; rujukan lokasi, bukan untuk diterbitkan ulang"
"PD. Sumber Sayur Putri",-7.25946,107.8154422,"syngenta","Jawa Barat","Garut","Kp. Campedak Rt. 002/003 Ds. Sukaresmi Kec. Sukaresmi","085320636904","hak cipta Syngenta; rujukan lokasi, bukan untuk diterbitkan ulang"
"PD. Yani Tani",-6.5528825,105.7883088,"syngenta","Banten","Pandeglang","Kp. Bojen Tanggul Rt. 003/003 Ds. Bojen Kec. Sobang","081316538473","hak cipta Syngenta; rujukan lokasi, bukan untuk diterbitkan ulang"
"Pelita Jaya",-6.0512725,107.3527323,"syngenta","Jawa Barat","Karawang","Jl. Sumur Bor RT/RW 003/003 Cibuaya","081224863222","hak cipta Syngenta; rujukan lokasi, bukan untuk diterbitkan ulang"
"Pemuda Tani",-7.8163047,113.1262876,"syngenta","Jawa Timur","Probolinggo","Dusun Krajan, Sumberkare, Wonomerto","085232839466","hak cipta Syngenta; rujukan lokasi, bukan untuk diterbitkan ulang"
"Peni",-7.5909187,109.1454071,"syngenta","Jawa Tengah","Cilacap","Jl. Dukuh 1245 Rt. 003/03 Kec. Maos Lor Maos Cilacap","089606075551","hak cipta Syngenta; rujukan lokasi, bukan untuk diterbitkan ulang"
"Pertani",-6.947433,108.9698268,"syngenta","Jawa Tengah","Brebes","Dukuh Kedawon Makmur Rt. 001/006 Desa Rengaspendawa Kec Larangan Kab Brebes","081337422461","hak cipta Syngenta; rujukan lokasi, bukan untuk diterbitkan ulang"
"PO Mekar Jaya",-6.0641224,106.2551563,"syngenta","Banten","Serang","Kp. Baru Rumah Tiga Rt. 007/001 Sukanegara Kec. Pontang","087774884907","hak cipta Syngenta; rujukan lokasi, bukan untuk diterbitkan ulang"
"Podo Tani",-7.7950359,109.8097683,"syngenta","Jawa Tengah","Kebumen","Desa Wergonayan RT/RW 001/001 Kec. Mirit Kebumen","081392983993","hak cipta Syngenta; rujukan lokasi, bukan untuk diterbitkan ulang"
"POLITANI",-8.3628723,113.6187923,"syngenta","Jawa Timur","Jember","DUSUN KRAJAN RT. 006/001 DESA LOJEJER, KEC. WULUHAN, KAB. JEMBER","085230447862","hak cipta Syngenta; rujukan lokasi, bukan untuk diterbitkan ulang"
"Pracangan",-7.5058139,112.2831095,"syngenta","Jawa Timur","Jombang","Ds. Bongkot RT/RW. 016/002 Kec. Peterongan","085769897713","hak cipta Syngenta; rujukan lokasi, bukan untuk diterbitkan ulang"
"Pratama Makmur",-7.00067,111.5170196,"syngenta","Jawa Tengah","Blora","Desa Jiken Rt. 002/ 008 Kec. Jiken","085259941476","hak cipta Syngenta; rujukan lokasi, bukan untuk diterbitkan ulang"
"Prima Jaya",-7.1329771,111.8598395,"syngenta","Jawa Timur","Bojonegoro","Desa Guyangan Rt. 007/001 Kec. Trucuk","085230941829","hak cipta Syngenta; rujukan lokasi, bukan untuk diterbitkan ulang"
"Prima Tani",-7.3643341,110.6391334,"syngenta","Jawa Tengah","Boyolali","Timur pasar karanggede, Karanggede","082335941546","hak cipta Syngenta; rujukan lokasi, bukan untuk diterbitkan ulang"
"Prima Tani",-7.8263721,110.6824474,"syngenta","DI Yogyakarta","Gunung Kidul","Kampung Lor RT/RW 002/003, Kampung Ngawen","085878190555","hak cipta Syngenta; rujukan lokasi, bukan untuk diterbitkan ulang"
"Prima Tani",-7.3975643,112.2234989,"syngenta","Jawa Timur","Jombang","Dsn Grobogan Rt. 001/004 Ds. Karangpakis Kec. Kabuh","081334331017","hak cipta Syngenta; rujukan lokasi, bukan untuk diterbitkan ulang"
"Prima Tani",-6.8744664,111.8389726,"syngenta","Jawa Timur","Tuban","Desa Wolutengah No. 676 Rt. 002/003 Kec.Kerek","085335856269","hak cipta Syngenta; rujukan lokasi, bukan untuk diterbitkan ulang"
"Prima Tani",-7.7022927,114.0164707,"syngenta","Jawa Timur","Situbondo","Jl. Basuki Rahmat No. 5 Rt. 002/014, Kec. Panji","081336742004","hak cipta Syngenta; rujukan lokasi, bukan untuk diterbitkan ulang"
"Prima Tani - Purbalingga",-7.282631,109.4288859,"syngenta","Jawa Tengah","Purbalingga","Desa Adiarsa Rt. 006/004 Kertanegara Purbalingga","081327770052","hak cipta Syngenta; rujukan lokasi, bukan untuk diterbitkan ulang"
"Prima Tani 2",-6.4927996,107.1394463,"syngenta","Jawa Barat","Bogor","Kp. Babakan Raden, Rt. 006/001, Ds. Babakan Raden, Kec. Cariu","081311485940","hak cipta Syngenta; rujukan lokasi, bukan untuk diterbitkan ulang"
"Prima Tani Wonosobo",-7.3811969,109.9510775,"syngenta","Jawa Tengah","Wonosobo","Semayu Rt. 001/001 Desa Semayu Kec. Selomerto","082242809094","hak cipta Syngenta; rujukan lokasi, bukan untuk diterbitkan ulang"
"PT  Sumber Makmur Agrikultur Indonesia",-7.9741831,112.629788,"syngenta","Jawa Timur","Malang","Jl. Prof Mohammad Yamin 53 Kav 10-11 Klojen Malang","0811364768","hak cipta Syngenta; rujukan lokasi, bukan untuk diterbitkan ulang"
"PT Berkah Total Pratama",-7.0888089,108.1132212,"syngenta","Jawa Barat","Garut","Kp. Cikarag Rt. 002/001 Cinagara, Malangbong","0811791828","hak cipta Syngenta; rujukan lokasi, bukan untuk diterbitkan ulang"
"PT Hasta Agro Jaya Manunggal Sejahtera",-7.8121029,112.0685027,"syngenta","Jawa Timur","Kediri","Jl. Raya Tokokerep Rt. 009/002 Ds Sumberejo Kec. Ngasem","081358577577","hak cipta Syngenta; rujukan lokasi, bukan untuk diterbitkan ulang"
"PT Inti Makmur Mandiri",-8.1903256,113.681197,"syngenta","Jawa Timur","Jember","Jl. Imam Bonjol No. 66 Kel. Tegal Besar Kec. Kaliwates","08123025968","hak cipta Syngenta; rujukan lokasi, bukan untuk diterbitkan ulang"
"PT Keraton Agri Nusantara",-7.962446,111.473122,"syngenta","Jawa Timur","Ponorogo","Desa Ngasinan Rt. 003/002 Kec. Jetis","082225244910","hak cipta Syngenta; rujukan lokasi, bukan untuk diterbitkan ulang"
"PT Mega Utama Sakti",-6.4038106,108.2682902,"syngenta","Jawa Barat","Indramayu","Jl. Raya Celeng Kec. Lohbener","085224934567","hak cipta Syngenta; rujukan lokasi, bukan untuk diterbitkan ulang"
"PT PRATAMA SUMBER MILINDO",-7.2550499,112.7353515,"syngenta","Jawa Timur","Surabaya","Jl. Balewerti No. 32 Kel. Alun - Alun Contong Kec. Gubutan","0""081330096115""; 628161977649","hak cipta Syngenta; rujukan lokasi, bukan untuk diterbitkan ulang"
"PT Primagiri indonesia raya",-6.0886376,106.7020477,"syngenta","Banten","Tangerang","Jl. Raya Perancis Pergudangan Kosambi Permai Blok C No. 12A","08112725767","hak cipta Syngenta; rujukan lokasi, bukan untuk diterbitkan ulang"
"PT Semeru Megaraya Agro",-8.3662307,114.1421453,"syngenta","Jawa Timur","Banyuwangi","Jl. Raya Gajah Mada No. 380 Rt. 008/004 Kel. Genteng","0""081234610000""; 6281336744332","hak cipta Syngenta; rujukan lokasi, bukan untuk diterbitkan ulang"
"PT Serea Agri Berlian",-6.3168729,107.1303828,"syngenta","Jawa Barat","Bekasi","Taman Sentosa blok J5 sukaresmi cikarang selatan","081321010799","hak cipta Syngenta; rujukan lokasi, bukan untuk diterbitkan ulang"
"PT. Agro Jayatama Mandiri",-6.7533553,108.5626773,"syngenta","Jawa Barat","Cirebon","Jl. Gunung Agung I No. 175 RT.007/005 Kel. Larangan, Kec. Harjamukti","081294042718","hak cipta Syngenta; rujukan lokasi, bukan untuk diterbitkan ulang"
"PT. Anugerah Agro Mandiri",-8.4055086,114.3039522,"syngenta","Jawa Timur","Banyuwangi","Jl. Muncar No. 228 Rt. 003/009 Kebaman Srono - Ba","081357332700","hak cipta Syngenta; rujukan lokasi, bukan untuk diterbitkan ulang"
"PT. Arista Semesta Alam",-7.5509998,111.6559285,"syngenta","Jawa Timur","Madiun","Jl. Raya Caruban - Ngawi Km. 8 Rt. 006/01 Desa Pulerejo, Kec. Pilangkenceng","085331379000","hak cipta Syngenta; rujukan lokasi, bukan untuk diterbitkan ulang"
"PT. Bengawan Agro Mulia",-7.569698,110.8112756,"syngenta","Jawa Tengah","Surakarta","Jl. Kebangkitan Nasional Gg. I Rt. 001/006 Kel. Penumping","08111872122","hak cipta Syngenta; rujukan lokasi, bukan untuk diterbitkan ulang"
"PT. Berkah Indo Tani",-7.3254628,112.5394091,"syngenta","Jawa Timur","Gresik","Jl. Raya Tempel Desa Tanjung RT/RW 004/003, Kec. Kedamean","081357791606","hak cipta Syngenta; rujukan lokasi, bukan untuk diterbitkan ulang"
"PT. Berkah Tani Mukti",-8.0922681,112.1698305,"syngenta","Jawa Timur","Blitar","Perum. Wisma Indah Jl. Abiyoso PS 3-6, Kec. Ketanjen Kidul","08125200309","hak cipta Syngenta; rujukan lokasi, bukan untuk diterbitkan ulang"
"PT. Forum Agro Sukses Timur",-8.1930123,113.6876545,"syngenta","Jawa Timur","Jember","Jl. Mojopahit Blok AD No. 10 Rt. 004/003, Kec. Kaliwates","082244990333","hak cipta Syngenta; rujukan lokasi, bukan untuk diterbitkan ulang"
"PT. Hibrida Jaya Utama",-7.1031163,110.4083341,"syngenta","Jawa Tengah","Semarang","Jl. Kalipepe III No. 54 Rt. 004/001 Kec. Banyuwangi Kel. Pudak Payung","081229045988","hak cipta Syngenta; rujukan lokasi, bukan untuk diterbitkan ulang"
"PT. Mahatma Agro",-7.5594428,111.8684311,"syngenta","Jawa Timur","Nganjuk","Jl. Diponegoro 63 Ds Banarankulon Kec. Bogor","0""081331111964""; 6285335050499","hak cipta Syngenta; rujukan lokasi, bukan untuk diterbitkan ulang"
"PT. Manunggal Agro Sentosa",-8.2858016,113.5724149,"syngenta","Jawa Timur","Jember","Jl. Kalimantan No. 216, Kec. Balung","081280781108","hak cipta Syngenta; rujukan lokasi, bukan untuk diterbitkan ulang"
"PT. Mohan Putra Indonesia",-7.1301426,111.7670807,"syngenta","Jawa Timur","Bojonegoro","Jl. Raya Bojonegoro - Cepu Ds. Panjunan Kec. Kalitidu","081332419453","hak cipta Syngenta; rujukan lokasi, bukan untuk diterbitkan ulang"
"PT. Mukti Jaya Agro",-7.2005932,107.8853574,"syngenta","Jawa Barat","Garut","Jl. Patriot No. 8/11 Rt. 005/06 Kel. Sukagalih Kec. Tarogong Kidul","0811211375","hak cipta Syngenta; rujukan lokasi, bukan untuk diterbitkan ulang"
"PT. Riibri Putra Tani",-6.294354,107.3322282,"syngenta","Jawa Barat","Karawang","Jl. Syech Quro Dusun Ciranggon II Rt. 008/002 Ciranggon Majalaya","089503263849","hak cipta Syngenta; rujukan lokasi, bukan untuk diterbitkan ulang"
"PT. Sarana Tani Indonesia Makmur",-6.2230304,106.8158195,"syngenta","DKI Jakarta","Jakarta Selatan","Wisma UIC (Unggul Indah Cahaya) Lt. 4 Kav. 6-7, Jl. Gatot Subroto","08882667751","hak cipta Syngenta; rujukan lokasi, bukan untuk diterbitkan ulang"
"PT. Subur Makmur Agrikultur",-7.1259703,112.4023244,"syngenta","Jawa Timur","Lamongan","Dsn. Sawahan Ds. Sukomulyo Kec. Lamongam","081231552039","hak cipta Syngenta; rujukan lokasi, bukan untuk diterbitkan ulang"
"PT. Sumber Makmur Agroindo / Sumber Makmur Jombang",-7.5427288,112.2372553,"syngenta","Jawa Timur","Jombang","Jl. Wahid Hasyim No. 58","081217605888","hak cipta Syngenta; rujukan lokasi, bukan untuk diterbitkan ulang"
"PT. Surya Nusantara Mulia",-7.4242242,111.0185285,"syngenta","Jawa Tengah","Sragen","Jl. Gatot Subroto No. 77 Sidomulyo","81393313388","hak cipta Syngenta; rujukan lokasi, bukan untuk diterbitkan ulang"
"PT. Tani Bhakti Brebes",-6.8650701,109.0041247,"syngenta","Jawa Tengah","Brebes","Jl. Raya Klampok No.21 Klampok, Wanasari","085742154534","hak cipta Syngenta; rujukan lokasi, bukan untuk diterbitkan ulang"
"PT. Tani Sejati Mandiri",-7.9666204,112.6326321,"syngenta","Jawa Timur","Malang","Jl.Prof. Moh.  Yamin 53 Kav. 8, Malang","08123302342","hak cipta Syngenta; rujukan lokasi, bukan untuk diterbitkan ulang"
"PT. Teguh Satyakarsa",-6.1637092,106.8188912,"syngenta","DKI Jakarta","Jakarta Pusat","Jl. Alaydrus 78 D","081311200345","hak cipta Syngenta; rujukan lokasi, bukan untuk diterbitkan ulang"
"PT. Tiara Nusa Agro Gemilang",-8.3640774,114.147627,"syngenta","Jawa Timur","Banyuwangi","Jl. Raya Jember No. 59 Kel. Genteng Kulon, Kec. Genten","081135249500","hak cipta Syngenta; rujukan lokasi, bukan untuk diterbitkan ulang"
"PT. Totalita Agro Niaga Intibuana",-6.1642338,106.8145243,"syngenta","DKI Jakarta","Jakarta Pusat","Graha Samastya Lt. 4, Jl. Alaydrus No. 27D, Kel. Petojo Utara, Kec. Gambir","0811825162","hak cipta Syngenta; rujukan lokasi, bukan untuk diterbitkan ulang"
"PT. Tunas Abadi Indoagro",-8.4948634,114.288214,"syngenta","Jawa Timur","Banyuwangi","Jl. Raya Kalipahit Kp.10 Tegaldlimo - Banyuwangi","081336218663","hak cipta Syngenta; rujukan lokasi, bukan untuk diterbitkan ulang"
"PT. Tunas Sahabat Tani",-6.9437941,110.0524658,"syngenta","Jawa Tengah","Kendal","Jl. Bahari No. 286 Rt. 002/04 Desa Panaruban Kec. Weleri","081228465677","hak cipta Syngenta; rujukan lokasi, bukan untuk diterbitkan ulang"
"Puji Tani",-6.9609315,109.2296297,"syngenta","Jawa Tengah","Tegal","Ds. Karangmalang Rt. 004/002 Kec. Kedungbanteng","085325554403","hak cipta Syngenta; rujukan lokasi, bukan untuk diterbitkan ulang"
"Purbaya",-7.8660563,112.5260667,"syngenta","Jawa Timur","Batu","Jl. Brantas No. 82","08125221146","hak cipta Syngenta; rujukan lokasi, bukan untuk diterbitkan ulang"
"Pusaka Tani",-6.9242043,108.8506923,"syngenta","Jawa Tengah","Brebes","Cigedog Kel.Cigedog,Kec.Kersana","08562349999","hak cipta Syngenta; rujukan lokasi, bukan untuk diterbitkan ulang"
"Pusaka Tani",-7.6049443,109.2199387,"syngenta","Jawa Tengah","Cilacap","Dusun Bayeman Lor Rt. 001/004 Desa Gentasari Kroya","08112626605","hak cipta Syngenta; rujukan lokasi, bukan untuk diterbitkan ulang"
"Pusaka Tani",-6.6998601,111.0967118,"syngenta","Jawa Tengah","Pati","Desa Ngurensiti Rt. 003/002 Wedarijaksa","081390616058","hak cipta Syngenta; rujukan lokasi, bukan untuk diterbitkan ulang"
"Putra ADN",-7.2257144,107.6570475,"syngenta","Jawa Barat","Bandung","Kp. Goha Kidul Rt. 003/004, Ds. Tarumajaya, Kec. Kertasari","082117113917","hak cipta Syngenta; rujukan lokasi, bukan untuk diterbitkan ulang"
"Putra Bahagia",-7.5353775,112.0668472,"syngenta","Jawa Timur","Nganjuk","Jl. Merdeka Selatan No. 01 Ds/Kec. Lengkong","085336820997","hak cipta Syngenta; rujukan lokasi, bukan untuk diterbitkan ulang"
"PUTRA CANDI",-7.7312963,113.0637458,"syngenta","Jawa Timur","Pasuruan","Dsn Kramat Rt. 01/02 Desa Watestani Kec.Nguling kab.Pasuruan","081333254464","hak cipta Syngenta; rujukan lokasi, bukan untuk diterbitkan ulang"
"Putra Harapan Tani",-6.5730932,106.6390977,"syngenta","Jawa Barat","Bogor","Kec. Ciampea, Kp. Lebak Pasar, RT.004/002, Ds. Banteng, Kec. Ciampea","08129640269","hak cipta Syngenta; rujukan lokasi, bukan untuk diterbitkan ulang"
"putra jaya",-7.1873438,111.7823333,"syngenta","Jawa Timur","Bojonegoro","Desa Wadang Rt. 022/007 Kec. Ngasem","081240361506","hak cipta Syngenta; rujukan lokasi, bukan untuk diterbitkan ulang"
"Putra Langgeng",-7.3361524,112.35911,"syngenta","Jawa Timur","Mojokerto","Dsn Tempuran Rt. 001/003 Desa Simongagrok Kec. Dawar Belandong","081231088789","hak cipta Syngenta; rujukan lokasi, bukan untuk diterbitkan ulang"
"Putra Lingga",-6.2456439,107.4292386,"syngenta","Jawa Barat","Karawang","Tanjung Jaya Rt. 015/006 Kalisari Talagasari","085888844977","hak cipta Syngenta; rujukan lokasi, bukan untuk diterbitkan ulang"
"Putra Mandiri Jaya CV",-7.403083,111.0588048,"syngenta","Jawa Tengah","Sragen","Jl. Raya Timur KM 5 Benersari Kel. Bener Kec. Ngrampal","082220878355","hak cipta Syngenta; rujukan lokasi, bukan untuk diterbitkan ulang"
"Putra Niaga",-6.4217473,108.4216702,"syngenta","Jawa Barat","Indramayu","Desa Juntikedokan Rt. 001/003 Kec. Juntinyuat","082130003292","hak cipta Syngenta; rujukan lokasi, bukan untuk diterbitkan ulang"
"Putra Nugraha",-7.4903561,108.6189825,"syngenta","Jawa Barat","Ciamis","Dsn Wanayasa Rt. 001/001 Ds Cibadak Kec. Banjarsari","082118308585","hak cipta Syngenta; rujukan lokasi, bukan untuk diterbitkan ulang"
"Putra Rahayu",-7.0519091,107.6358078,"syngenta","Jawa Barat","Bandung","Kp. Pamucatan Rt. 003/002 Desa Arjasari Kec. Arjasari","081292269362","hak cipta Syngenta; rujukan lokasi, bukan untuk diterbitkan ulang"
"Putra Sejati",-7.1790804,107.9780985,"syngenta","Jawa Barat","Garut","Jl. Raya Wanaraja Rt. 001/02 No. 353 Desa Wanaraja Kec. Wanaraja","085295432777","hak cipta Syngenta; rujukan lokasi, bukan untuk diterbitkan ulang"
"Putra Tani",-6.0399569,106.1463162,"syngenta","Banten","Serang","Kp. Dermayon, Ds. Pamengkang, Kec. Kramatwatu, Kab. Serang","081806656318","hak cipta Syngenta; rujukan lokasi, bukan untuk diterbitkan ulang"
"Putra Tani",-7.1980434,107.993185,"syngenta","Jawa Barat","Garut","Sukaratu, Wanaraja - Garut","085218299192","hak cipta Syngenta; rujukan lokasi, bukan untuk diterbitkan ulang"
"Putra Tani",-7.0677942,111.2219041,"syngenta","Jawa Tengah","Blora","Desa Ngilen Rt. 004/001 Kunduran","081325356765","hak cipta Syngenta; rujukan lokasi, bukan untuk diterbitkan ulang"
"PUTRA TANI",-6.9549019,109.6077598,"syngenta","Jawa Tengah","Pekalongan","No.178 Kel.Bojong Lor Kec.Bojong","081542177323","hak cipta Syngenta; rujukan lokasi, bukan untuk diterbitkan ulang"
"Putra Tani Cilamaya",-6.1995258,107.5137051,"syngenta","Jawa Barat","Karawang","Dsn Krajan  Rt. 002/001 Ds. Bayur Kidul Kec. Cilamaya Kulon","082298488907","hak cipta Syngenta; rujukan lokasi, bukan untuk diterbitkan ulang"
"Putri Sinar Tani",-6.889883,108.3015185,"syngenta","Jawa Barat","Majalengka","Maja Selatan, Maja","085221411411","hak cipta Syngenta; rujukan lokasi, bukan untuk diterbitkan ulang"
"Qinanty Tani",-6.9638246,108.3133834,"syngenta","Jawa Barat","Majalengka","Desa Banjaran Rt. 004/002 Banjaran, Majalengka","089616862826","hak cipta Syngenta; rujukan lokasi, bukan untuk diterbitkan ulang"
"Quick Agro Surya",-7.197094,112.092349,"syngenta","Jawa Timur","Bojonegoro","Desa Brangkal Rt. 001/001 Kec. Kepohbaru","081332633000","hak cipta Syngenta; rujukan lokasi, bukan untuk diterbitkan ulang"
"Radja Tani Mulyo",-6.8385814,110.5900751,"syngenta","Jawa Tengah","Demak","Ds. Jatirogo, Bonang","081325151790","hak cipta Syngenta; rujukan lokasi, bukan untuk diterbitkan ulang"
"RAFFA AGRO MAKMUR",-7.7585098,113.2063238,"syngenta","Jawa Timur","Probolinggo","Dusun Krajan RT/RW:010/003 Desa Sumber Kare Kec.Wonomerto Kab.Probolinggo","085235588125","hak cipta Syngenta; rujukan lokasi, bukan untuk diterbitkan ulang"
"Rahmat Tani Candiroto",-7.2227482,110.0352887,"syngenta","Jawa Tengah","Temanggung","Dsn Krajan 004/001 Ngabean Candiroto Temanggung","081328347735","hak cipta Syngenta; rujukan lokasi, bukan untuk diterbitkan ulang"
"Raja Tani",-6.3488982,108.3287361,"syngenta","Jawa Barat","Indramayu","Dusun Sukamulya Rt. 003/004 Desa Muara Kec. Blanakan","087719411747","hak cipta Syngenta; rujukan lokasi, bukan untuk diterbitkan ulang"
"Raja Tani",-6.3793103,107.973067,"syngenta","Jawa Barat","Indramayu","Blok Gribig Desa Cipaat Kec. Bongas","085315955844","hak cipta Syngenta; rujukan lokasi, bukan untuk diterbitkan ulang"
"Rajawali",-8.1887877,113.7002212,"syngenta","Jawa Timur","Jember","Jl. Mojopahit Blok AB No. 1 Kec. Kaliwates","081331068916","hak cipta Syngenta; rujukan lokasi, bukan untuk diterbitkan ulang"
"Rami Jaya Sentosa",-6.9231933,106.9307404,"syngenta","Jawa Barat","Sukabumi","Jl. Stasiun Timur No. 16 Kel. Gunung Parang Kec. Cikole","081316259050","hak cipta Syngenta; rujukan lokasi, bukan untuk diterbitkan ulang"
"Rangga Mulya",-7.3993722,110.9044672,"syngenta","Jawa Tengah","Sragen","Dk Sidorejo No. 8 Desa Slogo Kec. Tanon","081393020392","hak cipta Syngenta; rujukan lokasi, bukan untuk diterbitkan ulang"
"Rea Horti Mandira",-6.870172,106.9739994,"syngenta","Jawa Barat","Sukabumi","Jl. Goalpara KM. 07 Desa Cisarua Sukaraja","08164630519","hak cipta Syngenta; rujukan lokasi, bukan untuk diterbitkan ulang"
"Rejeki Tani",-8.3478148,113.4121233,"syngenta","Jawa Timur","Jember","Dsn. Kapitan Rt. 001/020 Desa Menampu Kec. Gumuk Mas","082338915223","hak cipta Syngenta; rujukan lokasi, bukan untuk diterbitkan ulang"
"Rejo Agung",-7.1291052,111.8359916,"syngenta","Jawa Timur","Bojonegoro","Desa Padang Kec. Terucuk","081357603618","hak cipta Syngenta; rujukan lokasi, bukan untuk diterbitkan ulang"
"Rejo Mulyo",-7.0408818,110.6019937,"syngenta","Jawa Tengah","Demak","Desa Siderejo Rt. 002/005 Kec. Karangawen","085878645636","hak cipta Syngenta; rujukan lokasi, bukan untuk diterbitkan ulang"
"Rejo Tani",-7.5556909,112.4634182,"syngenta","Jawa Timur","Mojokerto","Dsn Sambirejo Rt. 002/001 Desa Randugenengan  Kec. Dlanggu","082257724090","hak cipta Syngenta; rujukan lokasi, bukan untuk diterbitkan ulang"
"Rejo Tani Grobogan",-7.1828731,110.8001684,"syngenta","Jawa Tengah","Grobogan","Dusun Jetis Rt. 002/004 Desa Katong Kec. Toroh","08122828619","hak cipta Syngenta; rujukan lokasi, bukan untuk diterbitkan ulang"
"Reksa Tani",-6.2663149,107.570839,"syngenta","Jawa Barat","Karawang","Jl. Raya Cilamaya Dusun Surkalim Rt. 001/001 Desa Tegalwaru Kec. Cilamaya Wetan","085779215753","hak cipta Syngenta; rujukan lokasi, bukan untuk diterbitkan ulang"
"Restu Tani",-7.3636669,110.9834489,"syngenta","Jawa Tengah","Sragen","Jatitengah, Sukodono","081226068484","hak cipta Syngenta; rujukan lokasi, bukan untuk diterbitkan ulang"
"Rifqi Tani",-6.4607378,107.9834776,"syngenta","Jawa Barat","Indramayu","Blok Cipedang Jubleg Rt. 008/003, Ds. Jayamulya, Kec. Kroya","085242724998","hak cipta Syngenta; rujukan lokasi, bukan untuk diterbitkan ulang"
"Rika tani",-7.7323892,109.5820997,"syngenta","Jawa Tengah","Kebumen","Desa Karang Duwur Rt. 003/001 Petanahan Kebumen","081228839162","hak cipta Syngenta; rujukan lokasi, bukan untuk diterbitkan ulang"
"Rika tani",-7.5402063,111.8464251,"syngenta","Jawa Timur","Nganjuk","Dsn. Wakung Rt. 002/001 Ds. Sukoharjo Kec. Wilangan","085258920000","hak cipta Syngenta; rujukan lokasi, bukan untuk diterbitkan ulang"
"Riko Tani",-6.0609656,107.0441153,"syngenta","Jawa Barat","Bekasi","Kp. Bale Kambang Rt. 012/006 Desa Sukaringin Kec. Sukawangi","085695204677","hak cipta Syngenta; rujukan lokasi, bukan untuk diterbitkan ulang"
"Rimba Jaya Tani",-6.894232,107.5656653,"syngenta","Jawa Barat","Bandung","Kp. Babakan Cianjur Rt. 001/021, Ds. Sukamanah, Kec. Pangalengan, Kab. Bandung","081222207224","hak cipta Syngenta; rujukan lokasi, bukan untuk diterbitkan ulang"
"Rizki Illahi",-6.8239488,110.8046283,"syngenta","Jawa Tengah","Kudus","Desa Pasuruhan Kidul Rt. 005/001 No. 535 Kec. Jati","081325499619","hak cipta Syngenta; rujukan lokasi, bukan untuk diterbitkan ulang"
"Rizki Putra",-6.515276,107.8169229,"syngenta","Jawa Barat","Subang","Kp. Gembor Ii Rt. 019/006 Ds. Gembor Kec. Pagaden","082128658705","hak cipta Syngenta; rujukan lokasi, bukan untuk diterbitkan ulang"
"Rizki Tani",-7.0598789,107.1871359,"syngenta","Jawa Barat","Cianjur","Kp Cisokan Rt 09/03 Ds. Cempakamulya Kec. Cempakamulya Kab. Cianjur","085798295839","hak cipta Syngenta; rujukan lokasi, bukan untuk diterbitkan ulang"
"RIZKI TANI",-6.058651,106.3093476,"syngenta","Banten","Tangerang","Kp. Karang Jetak Rt. 009/03, Kandawati, Gn. Kaler","085885186284","hak cipta Syngenta; rujukan lokasi, bukan untuk diterbitkan ulang"
"Rizki Tani - Cianjur",-7.0232267,107.1425442,"syngenta","Jawa Barat","Cianjur","Kp. Babakan Simpang Rt. 002/003, Ds. Cidadap, Kec. Campaka, Kab. Cianjur","081563336702","hak cipta Syngenta; rujukan lokasi, bukan untuk diterbitkan ulang"
"Rizki Tani Agung",-6.8097391,111.9850391,"syngenta","Jawa Timur","Tuban","Desa Wadung RT/RW 002/003 Kec. Jenu","081335103720","hak cipta Syngenta; rujukan lokasi, bukan untuk diterbitkan ulang"
"Rizky Berkah",-7.0330179,107.4704393,"syngenta","Jawa Barat","Bandung Barat","Kp. Cimanong RT 001 RW 002, Ds. Karyamukti, Kec. Cililin, Kab. Bandung Barat","081910632567","hak cipta Syngenta; rujukan lokasi, bukan untuk diterbitkan ulang"
"Rohmah Tani",-6.8759229,111.9924913,"syngenta","Jawa Timur","Tuban","Dusun Kebondalem RT/RW 003/007 Kel. Mandirejo Kec. Merakurak","085755796459","hak cipta Syngenta; rujukan lokasi, bukan untuk diterbitkan ulang"
"Rona Tani",-6.9541077,108.7994404,"syngenta","Jawa Tengah","Brebes","RT. 001/004 Sukareja, Kel. Sukareja, Kec. Banjarharjo","081902011106","hak cipta Syngenta; rujukan lokasi, bukan untuk diterbitkan ulang"
"Rukun Keluarga",-7.8027889,109.7561911,"syngenta","Jawa Tengah","Kebumen","Desa Sumber Jati Rt. 001/004 Kec. Ambal","082221006768","hak cipta Syngenta; rujukan lokasi, bukan untuk diterbitkan ulang"
"Rukun Tani",-7.556882,110.894036,"syngenta","Jawa Tengah","Karanganyar","Jl. Lawu Bo 61 Rt. 003/003 Jetis Kel. Karanganyar Kec. Karanganyar","081329209477","hak cipta Syngenta; rujukan lokasi, bukan untuk diterbitkan ulang"
"Rukun Wargi Tani",-6.3039086,107.4033924,"syngenta","Jawa Barat","Karawang","Jl. Dusun Bojongsari RT/RW 001/002, Ds. Bojongsari, Kec. Tirtamulya","081284691026","hak cipta Syngenta; rujukan lokasi, bukan untuk diterbitkan ulang"
"Sabar Subur",-7.1636344,110.6354205,"syngenta","Jawa Tengah","Grobogan","Kedungjati Rt. 001/002 Ds. Kedungjati Kec. Kedungjati","085226107701","hak cipta Syngenta; rujukan lokasi, bukan untuk diterbitkan ulang"
"Sabil Tani",-6.5425209,108.4603184,"syngenta","Jawa Barat","Indramayu","Blok Pesantren Rt. 003/001 Ds. Kapringan Kec. Krangkeng Kab. Indramayu","082119596770","hak cipta Syngenta; rujukan lokasi, bukan untuk diterbitkan ulang"
"SAHABAT GUNA TANI",-6.5537426,105.7879371,"syngenta","Banten","Pandeglang","Kp. Kendal, Rt. 001/001 Bojen Wetan, Kec. Sobang","087773353555","hak cipta Syngenta; rujukan lokasi, bukan untuk diterbitkan ulang"
"Sahabat Tani",-6.8235593,106.0698963,"syngenta","Banten","Lebak","Kp, Sukahujan Rt 7 Rw 2 Pondok Panjang","087773540700","hak cipta Syngenta; rujukan lokasi, bukan untuk diterbitkan ulang"
"Sahabat Tani",-7.096198,107.8982579,"syngenta","Jawa Barat","Garut","Jl. Raya Kadungora No. 152 Ds. Talagasari Kec. Kadungora","081220553322","hak cipta Syngenta; rujukan lokasi, bukan untuk diterbitkan ulang"
"Sahabat Tani",-6.9041764,109.5166437,"syngenta","Jawa Tengah","Pemalang","Rt. 005/006 Ds. Ujunggede Kec. Ampelgading","082312469753","hak cipta Syngenta; rujukan lokasi, bukan untuk diterbitkan ulang"
"Sahabat Tani",-6.9201065,109.3656801,"syngenta","Jawa Tengah","Pemalang","Dsn Kemlaten RT.03 rw 04, Wanamulya","082327295925","hak cipta Syngenta; rujukan lokasi, bukan untuk diterbitkan ulang"
"Sahabat Tani",-6.9414132,109.216658,"syngenta","Jawa Tengah","Tegal","Jl. Kresna Kebandingan Rt. 016/004  Kebandingan","085642756048","hak cipta Syngenta; rujukan lokasi, bukan untuk diterbitkan ulang"
"Sahabat Tani",-6.9585702,112.5540974,"syngenta","Jawa Timur","Gresik","Ketapang Lor, Ujung Pangkah, Gresik","081357727773","hak cipta Syngenta; rujukan lokasi, bukan untuk diterbitkan ulang"
"Sahabat Tani",-7.8292625,111.4410033,"syngenta","Jawa Timur","Ponorogo","Dukuh Krajan Rt. 003/001 Desa Kranggan Kec. Sukorejo","085232817851","hak cipta Syngenta; rujukan lokasi, bukan untuk diterbitkan ulang"
"Sahabat Tani",-7.9046877,112.1236468,"syngenta","Jawa Timur","Kediri","Jl. Raya Jajar - Wates No. 55 Ds. Jajar Kec Wates Kab. Kediri","081259588886","hak cipta Syngenta; rujukan lokasi, bukan untuk diterbitkan ulang"
"Sahabat Tani",-7.2673778,112.735766,"syngenta","Jawa Timur","Surabaya","Kec. Tegalsari, Jl. Raya Tegalsari No. 95 Kec. Tegalsari - Tegalsari","085331452678","hak cipta Syngenta; rujukan lokasi, bukan untuk diterbitkan ulang"
"Sahabat Tani - Karanganyar",-7.6271395,111.085813,"syngenta","Jawa Tengah","Karanganyar","Jl. Solo - Tawangmangu KM. 30 Rt. 003/02 Dusun Gedangan Kec. Karangpandan","08122644286","hak cipta Syngenta; rujukan lokasi, bukan untuk diterbitkan ulang"
"Sahabat Tani - Sumberlawang",-7.3533052,110.8821146,"syngenta","Jawa Tengah","Sragen","Dusun Tanjungsari Rt. 004 Kel. Jati Kec. Sumberlawang","081393519800","hak cipta Syngenta; rujukan lokasi, bukan untuk diterbitkan ulang"
"Sahabat Tani Grobogan",-7.1435823,110.9059574,"syngenta","Jawa Tengah","Grobogan","Depok Rt. 001/001 Desa Depok Kec. Toroh","081325341356","hak cipta Syngenta; rujukan lokasi, bukan untuk diterbitkan ulang"
"Sahabat Tani Grobogan",-7.0356367,110.9357614,"syngenta","Jawa Tengah","Grobogan","Dusun Celep Rt. 001/007 Desa Teguhan Kec. Grobogan","08122824592","hak cipta Syngenta; rujukan lokasi, bukan untuk diterbitkan ulang"
"Sahabat Tani I",-7.8646251,112.5395888,"syngenta","Jawa Timur","Batu","Jl. Raya Pandanrejo Bumiaji","08125276751","hak cipta Syngenta; rujukan lokasi, bukan untuk diterbitkan ulang"
"SAHABAT TANI II",-7.6503943,112.698181,"syngenta","Jawa Timur","Pasuruan","Los Swadaya Unit Pasar Pandaan Kel. Pandaan Kec. Pandaan","08121670625","hak cipta Syngenta; rujukan lokasi, bukan untuk diterbitkan ulang"
"Sahabat Tani Majenang",-7.3690091,108.8040905,"syngenta","Jawa Tengah","Cilacap","Jl. Diponegoro No. 20 Rt. 008/001 Sindangsari Majenang","081329383290","hak cipta Syngenta; rujukan lokasi, bukan untuk diterbitkan ulang"
"Sahabat Tani Purworejo",-7.8728763,110.0122121,"syngenta","Jawa Tengah","Purworejo","Singorajan Rt. 004/002 Kel. Jogoresan Kec. Purwodadi","085729222507","hak cipta Syngenta; rujukan lokasi, bukan untuk diterbitkan ulang"
"Sahabat Tani Sejahtera",-7.5081435,111.475436,"syngenta","Jawa Timur","Ngawi","Jl. Raya Pojok Dsn Pojok Rt. 001/002 Ds. Pojok Kec. Kwadungan","085335282774","hak cipta Syngenta; rujukan lokasi, bukan untuk diterbitkan ulang"
"Sahabat Tani, Ud",-8.2061994,113.4389141,"syngenta","Jawa Timur","Jember","Dsn. Semboro Lor Rt. 002/032 Desa Semboro Kec. Semboro","081330459016","hak cipta Syngenta; rujukan lokasi, bukan untuk diterbitkan ulang"
"Sahabat Utama Tani",-7.8868078,112.5572887,"syngenta","Jawa Timur","Batu","Krajan No. 100, RT 004/005, Desa Torongrejo, Kec. Junrejo, Kota Batu","085790847467","hak cipta Syngenta; rujukan lokasi, bukan untuk diterbitkan ulang"
"Sahala",-7.1156311,111.9298922,"syngenta","Jawa Timur","Tuban","Jl. Raya Mentoro Desa Mentoro Rt. 007/01 Kec. Soko","081330699647","hak cipta Syngenta; rujukan lokasi, bukan untuk diterbitkan ulang"
"Saka Tani",-6.8251247,107.6828687,"syngenta","Jawa Barat","Bandung Barat","Kp. Kosambi Rt. 004/008, Ds. Cibodas, Kec. Lembang, Kab. Bandung Barat","085524759571","hak cipta Syngenta; rujukan lokasi, bukan untuk diterbitkan ulang"
"Salubi Tani",-6.0761183,106.1890575,"syngenta","Banten","Serang","Link Badamusalam Rt. 001/003, Sawah Luhur, Kasemen","085959530650","hak cipta Syngenta; rujukan lokasi, bukan untuk diterbitkan ulang"
"Sampurna Tani",-6.4651796,108.1069696,"syngenta","Jawa Barat","Indramayu","Blok II Rt. 010/004 Ds. Kedokan Gabus Kec. Gabuswetan","085222622233","hak cipta Syngenta; rujukan lokasi, bukan untuk diterbitkan ulang"
"Samudra Tani",-8.0002851,111.4540759,"syngenta","Jawa Timur","Ponorogo","Timur Lapangan Bancar Dukuh Bancar RT/RW 004/002 Desa Bungkal Kec. Bungkal","081242627870","hak cipta Syngenta; rujukan lokasi, bukan untuk diterbitkan ulang"
"Santoso Jaya Makmur",-7.851192,113.2997388,"syngenta","Jawa Timur","Probolinggo","Dusun Krajan, Liprak Kulon","082140909784","hak cipta Syngenta; rujukan lokasi, bukan untuk diterbitkan ulang"
"SAPRODI",-7.0727798,111.9805677,"syngenta","Jawa Timur","Tuban","Ds. Maibit Kulon Rt. 05/02 Maibit Kec. Rengel","082245371908","hak cipta Syngenta; rujukan lokasi, bukan untuk diterbitkan ulang"
"Saprodi Rahayu",-7.5244964,110.9860884,"syngenta","Jawa Tengah","Karanganyar","DS. Mungur Kec. Mojobedang, Pilang Bango DS. Mungur Kec. Mojobedang","082300134447","hak cipta Syngenta; rujukan lokasi, bukan untuk diterbitkan ulang"
"Sarana Agro Makmur",-8.4546504,114.3252291,"syngenta","Jawa Timur","Banyuwangi","Dsn Kedungringin Ds Kedungringin - Muncar","081217319500","hak cipta Syngenta; rujukan lokasi, bukan untuk diterbitkan ulang"
"Sarana Makmur",-6.8874091,109.3875003,"syngenta","Jawa Tengah","Pemalang","Jl. Veteran No. 46 Rt. 001/02, Kec. Mulyoharjo","085316133589","hak cipta Syngenta; rujukan lokasi, bukan untuk diterbitkan ulang"
"Sarana Tani",-6.3783308,108.2881709,"syngenta","Jawa Barat","Indramayu","Ds. Rambatan Kulon Rt. 044/005, Kec. Lohbener","08112433369","hak cipta Syngenta; rujukan lokasi, bukan untuk diterbitkan ulang"
"Sarana Tani",-7.1968664,111.9209493,"syngenta","Jawa Timur","Bojonegoro","Rt. 008/ 001 Desa Plesungan Kec. Kapas","085259833276","hak cipta Syngenta; rujukan lokasi, bukan untuk diterbitkan ulang"
"Sarana Tani - Subang",-6.4225451,107.6244915,"syngenta","Jawa Barat","Subang","Desa Pringkasap, Kec. Pabuaran","0818215310","hak cipta Syngenta; rujukan lokasi, bukan untuk diterbitkan ulang"
"Sarana Tani - Sumenep",-7.0628311,113.6621236,"syngenta","Jawa Timur","Sumenep","Desa Guluk-Guluk Kec. Guluk-Guluk kab.sumenep","085336036998","hak cipta Syngenta; rujukan lokasi, bukan untuk diterbitkan ulang"
"Sarana Tani Demak",-6.9601478,110.7033067,"syngenta","Jawa Tengah","Demak","Ds. Botosengon Rt. 003/001 Kec. Dempet Kab. Demak","081326119515","hak cipta Syngenta; rujukan lokasi, bukan untuk diterbitkan ulang"
"Sari Murni",-7.8174732,111.0676503,"syngenta","Jawa Tengah","Wonogiri","Bakalan Kulon Rt. 003/001 Kel. Sidoharjo Kec. Sidoharjo","081392540725","hak cipta Syngenta; rujukan lokasi, bukan untuk diterbitkan ulang"
"Sari Tani",-6.7302597,107.0408839,"syngenta","Jawa Barat","Cianjur","Jl. Pahlawan No. 13-14 Pasar Cipanas SDL","081288065122","hak cipta Syngenta; rujukan lokasi, bukan untuk diterbitkan ulang"
"Sari Tani",-7.6573798,110.8284698,"syngenta","Jawa Tengah","Sukoharjo","Dk. Krajan RT 001 RW 004 Kel. Bulakrejo Kec. Sukoharjo","082138119171","hak cipta Syngenta; rujukan lokasi, bukan untuk diterbitkan ulang"
"Sari Tani",-6.8690043,109.3965159,"syngenta","Jawa Tengah","Pemalang","Jl. Elang Rt. 008/004, Danasari, Pemalang","081326852081","hak cipta Syngenta; rujukan lokasi, bukan untuk diterbitkan ulang"
"Sari Tani",-7.2173605,112.485769,"syngenta","Jawa Timur","Gresik","Bareng, RT04 RW02, Banter, Benjeng, Gresik","081331607629","hak cipta Syngenta; rujukan lokasi, bukan untuk diterbitkan ulang"
"Sari Tani - Temanggung",-7.2302721,110.0524105,"syngenta","Jawa Tengah","Temanggung","Jl. Lingkar Ngadirejo Gondang Winangun Ngadirejo","085225376767","hak cipta Syngenta; rujukan lokasi, bukan untuk diterbitkan ulang"
"Sarimurni",-7.8329561,111.1026732,"syngenta","Jawa Tengah","Wonogiri","Pandean Rt. 001/004 Jatisrono Kec. Jatisrono","081393216155","hak cipta Syngenta; rujukan lokasi, bukan untuk diterbitkan ulang"
"Sarofa",-7.7656827,113.1262876,"syngenta","Jawa Timur","Probolinggo","Dusun Janggelengan Rt. 007/002 Desa Sumendi Kec. Tongas","082131397717","hak cipta Syngenta; rujukan lokasi, bukan untuk diterbitkan ulang"
"Satria Tani",-6.4156079,107.8198844,"syngenta","Jawa Barat","Subang","Dsn. Babakan Karet Ds. Kihiyang, Kec. Binong","085321454553","hak cipta Syngenta; rujukan lokasi, bukan untuk diterbitkan ulang"
"Satria Tani",-7.4331363,109.5649622,"syngenta","Jawa Tengah","Banjarnegara","Jl. Purwanegara Purwonegoro Rt. 004/004","081327467801","hak cipta Syngenta; rujukan lokasi, bukan untuk diterbitkan ulang"
"Satria Tani",-7.5274218,112.3293063,"syngenta","Jawa Timur","Jombang","Jl. Raya Segodorejo Desa Segodorejo Kec. Sumobito","085331459132","hak cipta Syngenta; rujukan lokasi, bukan untuk diterbitkan ulang"
"Saudara Tani",-6.9128803,108.9710238,"syngenta","Jawa Tengah","Brebes","Desa Petunjungan Rt. 002/001 Kec. Bulakamba","085870447315","hak cipta Syngenta; rujukan lokasi, bukan untuk diterbitkan ulang"
"Saudara Tani",-6.8970573,109.7172072,"syngenta","Jawa Tengah","Batang","Denasri Wetan Rt. 006/ 002 Denasri Wetan Batang","081326896316","hak cipta Syngenta; rujukan lokasi, bukan untuk diterbitkan ulang"
"Saung Tani",-6.4,107.783333,"syngenta","Jawa Barat","Subang","Dsn. Wates Rt. 15/04, Ds. Binong, Kec. Binong","08117881996","hak cipta Syngenta; rujukan lokasi, bukan untuk diterbitkan ulang"
"Saung Tani",-7.150294,111.8948517,"syngenta","Jawa Timur","Bojonegoro","Jl. Meliwis Putih Gg. Balong No. 17 Rt. 010/001 Kel. Ngrowo","081227162099","hak cipta Syngenta; rujukan lokasi, bukan untuk diterbitkan ulang"
"SBN",-7.3794927,108.5641267,"syngenta","Jawa Barat","Banjar","Lingk Jelat Rt. 001/004 Ds Pataruman Kec. Pataruman","082128942630","hak cipta Syngenta; rujukan lokasi, bukan untuk diterbitkan ulang"
"SBR Jaya",-7.524136,110.595163,"syngenta","Jawa Tengah","Boyolali","Dk. Miliran Rt. 004/005 Ds. Manggis Kec. Mojosongo","082226576391","hak cipta Syngenta; rujukan lokasi, bukan untuk diterbitkan ulang"
"Sederhana Baru Tani",-7.0330236,109.2177365,"syngenta","Jawa Tengah","Tegal","Rt. 001/003 Desa Lebakwangi Kec. Jatinegara","085697666509","hak cipta Syngenta; rujukan lokasi, bukan untuk diterbitkan ulang"
"sedulur tani",-7.1385775,112.4131788,"syngenta","Jawa Timur","Lamongan","Jl.  Sunan Drajad No. 275","081290825804","hak cipta Syngenta; rujukan lokasi, bukan untuk diterbitkan ulang"
"SEGER WARAS",-7.7132217,112.9133274,"syngenta","Jawa Timur","Pasuruan","Jl. Raya Bromo RT 003 RW 001 Desa Wonosari Kec.Tutur Kab. Pasuruan","08113779982","hak cipta Syngenta; rujukan lokasi, bukan untuk diterbitkan ulang"
"Sehati Tani",-7.5963435,110.6139124,"syngenta","Jawa Tengah","Klaten","Kembangsari Rt. 014/006 Sorogaten Kec. Tulung","082225081335","hak cipta Syngenta; rujukan lokasi, bukan untuk diterbitkan ulang"
"SEJAHTERA",-6.8775249,111.0445504,"syngenta","Jawa Tengah","Pati","DS. TAMBAKROMO RT02 RW02, KEC. TAMBAKROMO","081328001010","hak cipta Syngenta; rujukan lokasi, bukan untuk diterbitkan ulang"
"Sekar Tani",-8.3352907,113.6531969,"syngenta","Jawa Timur","Jember","Dusun Pontang Utara Rt. 001/002 Desa Pontang Kec. Ambulu","08123494099","hak cipta Syngenta; rujukan lokasi, bukan untuk diterbitkan ulang"
"Sembilan Jaya Tani",-8.0545765,112.2056153,"syngenta","Jawa Timur","Blitar","Jiwut, Nglegok, Blitar Regency,, Rt. 002/001 Ds Jiwut Kec. Nglegok","089517644057","hak cipta Syngenta; rujukan lokasi, bukan untuk diterbitkan ulang"
"Sentral",-7.6324927,109.2495808,"syngenta","Jawa Tengah","Cilacap","Jl. Gatot Subroto No. 137 Kec. Kroya","081548863696","hak cipta Syngenta; rujukan lokasi, bukan untuk diterbitkan ulang"
"Sentral Tani",-7.0858809,110.0427636,"syngenta","Jawa Tengah","Kendal","Jl. Terminal Pasar Sukorejo Desa Kebumen Rt. 001/04 Desa Kebumen Kec. Sukorejo","085292371377","hak cipta Syngenta; rujukan lokasi, bukan untuk diterbitkan ulang"
"Serba Tani",-7.6748448,110.7867474,"syngenta","Jawa Tengah","Sukoharjo","Dk. Tegalsari RT 001 RW 001 Kel. Bulakan Kec. Sukoharjo","081567615492","hak cipta Syngenta; rujukan lokasi, bukan untuk diterbitkan ulang"
"Setia Jaya",-7.985251,113.9030883,"syngenta","Jawa Timur","Bondowoso","Ds. Maskuning Wetan Rt. 014/003 Kec. Pujer","085234791565","hak cipta Syngenta; rujukan lokasi, bukan untuk diterbitkan ulang"
"Setia Kawan",-7.0043805,112.0655219,"syngenta","Jawa Timur","Tuban","Desa Ngino RT/RW 002/002 Kec. Semanding","085232991548","hak cipta Syngenta; rujukan lokasi, bukan untuk diterbitkan ulang"
"Setia Kawan",-7.5194179,112.1922476,"syngenta","Jawa Timur","Jombang","Sumberjo RT. 06 RW 01 Ds. Sumberjo Kec. Jombang","082330806222","hak cipta Syngenta; rujukan lokasi, bukan untuk diterbitkan ulang"
"Setia Mitra Blora",-6.9744632,111.4842282,"syngenta","Jawa Tengah","Blora","Kel. Jepon Rt. 004/008 Kec. Jepon","081226161336","hak cipta Syngenta; rujukan lokasi, bukan untuk diterbitkan ulang"
"Setia usaha",-7.2847099,111.0370989,"syngenta","Jawa Tengah","Sragen","Sigit Rt. 001/001,Tangen","085293754445","hak cipta Syngenta; rujukan lokasi, bukan untuk diterbitkan ulang"
"Setia Usaha Tani",-6.896323,109.0007407,"syngenta","Jawa Tengah","Brebes","Rt. 006/001 Sigentong Wanasari","085875981291","hak cipta Syngenta; rujukan lokasi, bukan untuk diterbitkan ulang"
"SETP JAYA",-6.949056,108.3463318,"syngenta","Jawa Barat","Majalengka","Blok Legok RT/RW 004/004, Ds. Sangiang, Kec. Banjaran","081220302319","hak cipta Syngenta; rujukan lokasi, bukan untuk diterbitkan ulang"
"Sho Quan (Arum Tani)",-7.4794602,111.0132542,"syngenta","Jawa Tengah","Sragen","Wonorejo, Kedawung","081233828524","hak cipta Syngenta; rujukan lokasi, bukan untuk diterbitkan ulang"
"Sido Joyo",-8.1658729,111.9805677,"syngenta","Jawa Timur","Tulungagung","Dsn. Nganggrek, Rt. 001/004, Ds. Kalidawir, Kec. Kalidawir","085275331227","hak cipta Syngenta; rujukan lokasi, bukan untuk diterbitkan ulang"
"Sido Mulyo",-7.0691716,110.6496693,"syngenta","Jawa Tengah","Grobogan","Dusun Jati Peting Rt. 003/004 Rowosari Gubug","085310119311","hak cipta Syngenta; rujukan lokasi, bukan untuk diterbitkan ulang"
"Sifa Tani Jaya",-7.0400639,110.6198718,"syngenta","Jawa Tengah","Grobogan","DS Tegowanu Wetan Kec. Tegowanu","081327661923","hak cipta Syngenta; rujukan lokasi, bukan untuk diterbitkan ulang"
"Sihom Tani",-6.9277804,109.4257597,"syngenta","Jawa Tengah","Pemalang","Ds, Kejambon Rt. 005/002 Kec. Taman","087764742000","hak cipta Syngenta; rujukan lokasi, bukan untuk diterbitkan ulang"
"Simpang Lima",-8.3676548,113.6034678,"syngenta","Jawa Timur","Jember","Jl. Watu Ulo Dusun Krajan Rt. 001/017 Desa Sabrang Kec. Ambulu","08113500422","hak cipta Syngenta; rujukan lokasi, bukan untuk diterbitkan ulang"
"Sinar Fajar",-6.3645974,107.5298055,"syngenta","Jawa Barat","Karawang","Dusun Sukamaju II Rt. 002/003 Desa Jatisari Kec. Jatisari","081310912585","hak cipta Syngenta; rujukan lokasi, bukan untuk diterbitkan ulang"
"sinar harapan",-7.5026763,111.6630914,"syngenta","Jawa Timur","Madiun","Desa Sumbergandu RT. 017/003 Kec. Pilangkenceng","085335160461","hak cipta Syngenta; rujukan lokasi, bukan untuk diterbitkan ulang"
"Sinar Jaya",-7.7598834,113.4265035,"syngenta","Jawa Timur","Probolinggo","Jl. DR. Wahidin 52 Rt. 002/001 Kel. Kraksaan Wetan Kec. Kraksaan Kab. Probolinggo","085336761495","hak cipta Syngenta; rujukan lokasi, bukan untuk diterbitkan ulang"
"Sinar Jaya",-7.7281482,113.104974,"syngenta","Jawa Timur","Probolinggo","Dusun Bulak Rt. 003/001 Ds. Tambak Rejo Kec. Tongas","082143152209","hak cipta Syngenta; rujukan lokasi, bukan untuk diterbitkan ulang"
"Sinar Jaya Tani",-7.2418065,106.5642998,"syngenta","Jawa Barat","Sukabumi","Kp. Cikaret Rt. 002/005, Ds. Mekarmukti, Kec. Waluran, Kab. Sukabumi","085722832125","hak cipta Syngenta; rujukan lokasi, bukan untuk diterbitkan ulang"
"Sinar Lestari",-7.4618947,109.2995086,"syngenta","Jawa Tengah","Banyumas","Rt. 001/ 003 Sokaraja Kidul Kec. Sokaraja","08816632996","hak cipta Syngenta; rujukan lokasi, bukan untuk diterbitkan ulang"
"Sinar Malingping",-6.7852838,106.0155278,"syngenta","Banten","Lebak","Kp. Kaum Pasar Rt. 08/04 Kel. Malingping Selatan Kec. Malingping","087773131287","hak cipta Syngenta; rujukan lokasi, bukan untuk diterbitkan ulang"
"Sinar Mulya - Padalarang",-6.8429512,107.4972996,"syngenta","Jawa Barat","Bandung Barat","Jl. Stasion Padalarang No. 39, RT. 001/010","087822150100","hak cipta Syngenta; rujukan lokasi, bukan untuk diterbitkan ulang"
"Sinar Tani",-6.6714439,108.2229243,"syngenta","Jawa Barat","Majalengka","Blok Sabtu RT. 012/006, Desa. Bantarwaru, Kec. Ligung, Kab. Majalengka","081324870525","hak cipta Syngenta; rujukan lokasi, bukan untuk diterbitkan ulang"
"Sinar Tani",-8.2669159,114.1320446,"syngenta","Jawa Timur","Banyuwangi","Dsn Krajan RT. 004/004, Ds. Jambewangi, Kec. Sempu Kab. Banyuwangi","085336578980","hak cipta Syngenta; rujukan lokasi, bukan untuk diterbitkan ulang"
"Sinar Tani",-7.59235,112.1817702,"syngenta","Jawa Timur","Jombang","Ds. Tanggungan Rt. 01/01 Kec. Gudo Kab. Jombang","081252454166","hak cipta Syngenta; rujukan lokasi, bukan untuk diterbitkan ulang"
"Sinar Tani",-7.0310048,113.6196811,"syngenta","Jawa Timur","Sumenep","Dusun Legung, Payudan Dungdang Kec. Guluk-Guluk","085204943185","hak cipta Syngenta; rujukan lokasi, bukan untuk diterbitkan ulang"
"Sinar Tani Bandongan",-7.446428,110.1499383,"syngenta","Jawa Tengah","Magelang","Dusun Kalegen Rt. 005/002, Kalegen, Bandongan","085702400304","hak cipta Syngenta; rujukan lokasi, bukan untuk diterbitkan ulang"
"Sinar Tani, Ud",-8.1331624,113.2214953,"syngenta","Jawa Timur","Lumajang","Jl. Kiyai Ilyas Rt. 013/004 Desa Tukum Kec. Tekung","085232835999","hak cipta Syngenta; rujukan lokasi, bukan untuk diterbitkan ulang"
"Siti Bagas Jaya (SBJ)",-6.3184534,107.868125,"syngenta","Jawa Barat","Subang","Dusun Compreng RT.014/006 Ds. Compreng, Kec. Compreng, Kab. Subang","087828409592","hak cipta Syngenta; rujukan lokasi, bukan untuk diterbitkan ulang"
"SJA Putra",-6.4375,107.7784261,"syngenta","Jawa Barat","Subang","Kp. Katomas Rt. 012/004 Desa Sumbersari Kec. Pagaden","081321815190","hak cipta Syngenta; rujukan lokasi, bukan untuk diterbitkan ulang"
"SMK Windu Jaya 5",-6.3071623,108.2881709,"syngenta","Jawa Barat","Indramayu","Desa Babada Blok Karang Baru Rt. 008/002 Babadan Sindang Kab. Indramayu","081312441213","hak cipta Syngenta; rujukan lokasi, bukan untuk diterbitkan ulang"
"Soko Tani",-6.8950639,110.7420464,"syngenta","Jawa Tengah","Demak","Desa Banjarsari Rt. 001/005 Gajah","081390810234","hak cipta Syngenta; rujukan lokasi, bukan untuk diterbitkan ulang"
"Sri Jaya",-7.5152415,111.1906055,"syngenta","Jawa Timur","Ngawi","Ds. Sambirejo RT. 02/RW. 01, Kec. Ngrambe","082336792693","hak cipta Syngenta; rujukan lokasi, bukan untuk diterbitkan ulang"
"Sri Langgeng",-6.1945008,107.4351532,"syngenta","Jawa Barat","Karawang","Dusun Bengle Rt. 004/002, Ds. Pancakarya, Kec. Tempuran","081220772452","hak cipta Syngenta; rujukan lokasi, bukan untuk diterbitkan ulang"
"Sri Luwih",-7.4242384,110.995371,"syngenta","Jawa Tengah","Sragen","DK. Sidoharjo Rt. 003/001 Kel. Sidoharjo","081548584722","hak cipta Syngenta; rujukan lokasi, bukan untuk diterbitkan ulang"
"Sri Makmur",-7.9797468,110.9350163,"syngenta","Jawa Tengah","Wonogiri","Batu Lor Rt. 02/19, Baturetno","081225867122","hak cipta Syngenta; rujukan lokasi, bukan untuk diterbitkan ulang"
"Sri Mukti",-6.3602932,107.5801033,"syngenta","Jawa Barat","Subang","Dusun Cibanteng RT/RW 012/005, Ds. Jatiragas Hilir, Kec. Patokbeusi","085722341802","hak cipta Syngenta; rujukan lokasi, bukan untuk diterbitkan ulang"
"Sri Mulya",-6.4716582,105.8554513,"syngenta","Banten","Pandeglang","Kp. Dungusaur RT. 018/004, Kel. Surianeun, Kec. Patia, Kab. Pandeglang","085779167439","hak cipta Syngenta; rujukan lokasi, bukan untuk diterbitkan ulang"
"Sri Mulya Tani",-6.7151452,107.9432771,"syngenta","Jawa Barat","Sumedang","Dsn Bojongloa Rt. 021/009 Ds Bojongloa Kec. Buahdua","085776097659","hak cipta Syngenta; rujukan lokasi, bukan untuk diterbitkan ulang"
"Sri Rejeki",-8.0909783,112.7047843,"syngenta","Jawa Timur","Malang","Ds. Kidang Bang Kec. Wajak Rt. 020/006","082142038702","hak cipta Syngenta; rujukan lokasi, bukan untuk diterbitkan ulang"
"Sri Rejeki Binangun",-7.6614048,109.2504436,"syngenta","Jawa Tengah","Cilacap","Jl. Sangkal Putung Rt. 009/003 Jepara Wetan Binangun","081327301594","hak cipta Syngenta; rujukan lokasi, bukan untuk diterbitkan ulang"
"SRI REJEKI TANI",-7.5026763,111.6630914,"syngenta","Jawa Timur","Madiun","Pilangkenceng, Sumbergandu, Madiun","085259545966","hak cipta Syngenta; rujukan lokasi, bukan untuk diterbitkan ulang"
"Sri Tani",-6.2872627,107.627451,"syngenta","Jawa Barat","Subang","Kp. Tegal Panjang Timur RT/RW: 005/003 Desa Rawamekar, Kec. Subang","082320274280","hak cipta Syngenta; rujukan lokasi, bukan untuk diterbitkan ulang"
"Sri Tani",-6.5749506,106.7080634,"syngenta","Jawa Barat","Bogor","Kp. Cinangneng Rt. 002/001 Kel. Cinangneng Kec. Tenjolaya","085775119477","hak cipta Syngenta; rujukan lokasi, bukan untuk diterbitkan ulang"
"Sri Tani",-6.0469697,107.281417,"syngenta","Jawa Barat","Karawang","Jln Raya Tongkolo Dusun Tangkolo Rt. 008/003 Ds Srijaya Kec. Tirtajaya","081210730362","hak cipta Syngenta; rujukan lokasi, bukan untuk diterbitkan ulang"
"Sri Tani",-7.3433535,110.0263557,"syngenta","Jawa Tengah","Wonosobo","Yososari Rt. 016/010 Desa Reco Kec. Kertek","082322047434","hak cipta Syngenta; rujukan lokasi, bukan untuk diterbitkan ulang"
"Sri Tani",-8.1636495,112.3546395,"syngenta","Jawa Timur","Blitar","Dsn Sanggrahan Rt. 002/001 Ds Jugo Kec. Kesamben","081334819322","hak cipta Syngenta; rujukan lokasi, bukan untuk diterbitkan ulang"
"SRIATUN",-7.4898049,111.6042155,"syngenta","Jawa Timur","Madiun","Ruko Depan Pasar Muneng, No.17, Kab. Madiun","081234155359","hak cipta Syngenta; rujukan lokasi, bukan untuk diterbitkan ulang"
"Sriwijaya Pahlawan",-7.755889,113.2154947,"syngenta","Jawa Timur","Probolinggo","Jl. Pahlawan No. 47/15 Kel. Kebonsari Kulon Kec. Kanigaran","085235701122","hak cipta Syngenta; rujukan lokasi, bukan untuk diterbitkan ulang"
"Subur",-7.6573798,110.8284698,"syngenta","Jawa Tengah","Sukoharjo","Bulakrejo RT/RW 001/008 Bulakrejo Kec. Sukoharjo","082138866251","hak cipta Syngenta; rujukan lokasi, bukan untuk diterbitkan ulang"
"Subur Agro",-7.0612185,111.9850391,"syngenta","Jawa Timur","Tuban","Desa Maibit Rt. 001/001 Utara Pasar Rengel","085726802628","hak cipta Syngenta; rujukan lokasi, bukan untuk diterbitkan ulang"
"Subur Alami",-8.1206805,111.7584851,"syngenta","Jawa Timur","Trenggalek","RT/RW 011/006 Ds. Sukorame Kec. Gandusari","082337586722","hak cipta Syngenta; rujukan lokasi, bukan untuk diterbitkan ulang"
"Subur Garung",-7.2768857,109.8990739,"syngenta","Jawa Tengah","Wonosobo","Garung, Siwadas, Tegalsari","081228203535","hak cipta Syngenta; rujukan lokasi, bukan untuk diterbitkan ulang"
"Subur Jaya",-8.0474633,112.3084434,"syngenta","Jawa Timur","Blitar","Dsn Rejosari Rt. 005/002 Ds Gandusari Kec Gandusari","085755908299","hak cipta Syngenta; rujukan lokasi, bukan untuk diterbitkan ulang"
"Subur Jaya Kesugihan",-7.6532171,109.0764881,"syngenta","Jawa Tengah","Cilacap","Jln. Gerilya No. 23 Kuripan, Kec. Kesugihan, Kab. CIlacap","082136772355","hak cipta Syngenta; rujukan lokasi, bukan untuk diterbitkan ulang"
"Subur Makmur",-7.5214814,111.692902,"syngenta","Jawa Timur","Madiun","Bedak Pasar Sumbersari Ds. Sumbersari Kec. Sarac Kota","081217180319","hak cipta Syngenta; rujukan lokasi, bukan untuk diterbitkan ulang"
"Subur Makmur Agro Chemicals",-7.8281733,110.4947314,"syngenta","DI Yogyakarta","Bantul","Daraman Rt. 03, Srimartani, Piyungan, Bantul","082138001340","hak cipta Syngenta; rujukan lokasi, bukan untuk diterbitkan ulang"
"Subur Putra 3",-7.0979686,107.4436026,"syngenta","Jawa Barat","Bandung","Kp. Sukamanah Rt. 003/ 014 Ds. Lebak Muncang Kec. Ciwidey","082116582341","hak cipta Syngenta; rujukan lokasi, bukan untuk diterbitkan ulang"
"Subur Tani",-7.4494637,110.1494565,"syngenta","Jawa Tengah","Magelang","Pasar Kalegen Desa Kalegen Kec. Bandongan","081903906464","hak cipta Syngenta; rujukan lokasi, bukan untuk diterbitkan ulang"
"Subur Tani II",-6.5479638,108.1784455,"syngenta","Jawa Barat","Indramayu","Ds. Amis RT/RW 001/005, Kec. Cikedung","082317115739","hak cipta Syngenta; rujukan lokasi, bukan untuk diterbitkan ulang"
"Subur Tani Sragi",-6.9338466,109.5647366,"syngenta","Jawa Tengah","Pekalongan","Kios Pasar Sragi No. 7 Kel. Sragi Kec. Sragi","085642656413","hak cipta Syngenta; rujukan lokasi, bukan untuk diterbitkan ulang"
"Suci Murni",-8.0319988,114.4113906,"syngenta","Jawa Timur","Banyuwangi","Dusun Krajan Rt. 005/002 Desa. Bengkak Kec. Wongsorejo","087755568883","hak cipta Syngenta; rujukan lokasi, bukan untuk diterbitkan ulang"
"Sugema Putra",-6.8156279,107.2459527,"syngenta","Jawa Barat","Cianjur","Kp. Curug Rt. 03/06 Ds. Ciranjang Kec. Ciranjang Kab. Cianjur","087820111273","hak cipta Syngenta; rujukan lokasi, bukan untuk diterbitkan ulang"
"Sugema Tani",-6.9944757,107.1514061,"syngenta","Jawa Barat","Cianjur","Kp. Lembur Sawah Rt. 003/001 Kel. Sukajadi Kec. Campaka","081572446030","hak cipta Syngenta; rujukan lokasi, bukan untuk diterbitkan ulang"
"Sugeng Makmur",-8.3478148,113.4121233,"syngenta","Jawa Timur","Jember","Dusun Kapitan Rt. 002/015 Desa Menampu Kec. Gumukmas","081234811776","hak cipta Syngenta; rujukan lokasi, bukan untuk diterbitkan ulang"
"Sugesty",-7.181032623,113.4834491,"syngenta","Jawa Timur","Pamekasan","Jl. Kanginan No. 54 Rt. 001/01 Dusun Taman Desa Panempan","081703702011","hak cipta Syngenta; rujukan lokasi, bukan untuk diterbitkan ulang"
"Sugih Tani 2",-6.3956016,105.8881845,"syngenta","Banten","Pandeglang","Kp. Bojong Canar, Cikeudal","08170995300","hak cipta Syngenta; rujukan lokasi, bukan untuk diterbitkan ulang"
"Sukatani",-6.7198648,107.0317582,"syngenta","Jawa Barat","Cianjur","Jl. Pahlawan No. 50, Kel. Cipanas, Kec. Cipanas","081384020818","hak cipta Syngenta; rujukan lokasi, bukan untuk diterbitkan ulang"
"Sukatani Mukti",-6.2492637,107.158699,"syngenta","Jawa Barat","Bekasi","Jl. Raya Sukatani Kp. Gang Garut Rt. 002/001 Ds. Sukadarma Kec. Sukatani","085778415139","hak cipta Syngenta; rujukan lokasi, bukan untuk diterbitkan ulang"
"Sukses Tani Raya Maos",-7.5975267,109.146915,"syngenta","Jawa Tengah","Cilacap","Jl. Raya Maos Lor Rt. 002/04, Maos Lor, Maos","089652539991","hak cipta Syngenta; rujukan lokasi, bukan untuk diterbitkan ulang"
"Sumbangsih",-7.7325899,110.870686,"syngenta","Jawa Tengah","Sukoharjo","Margarejo RT/RW 002/005 Kel. Deleman Kec. Nguter","081380051907","hak cipta Syngenta; rujukan lokasi, bukan untuk diterbitkan ulang"
"Sumber Abadi",-8.5230061,114.2509376,"syngenta","Jawa Timur","Banyuwangi","Ds. Jatimulyo RT. 002/001, Ds. Glagahagung, Kec. Purwoharjo, Kab. Banyuwangi","081336224671","hak cipta Syngenta; rujukan lokasi, bukan untuk diterbitkan ulang"
"Sumber Agung",-7.9428196,113.0428974,"syngenta","Jawa Timur","Probolinggo","Desa Wonokerso RT 04/RW 03 Kec. Sumber Probolinggo","085257422209","hak cipta Syngenta; rujukan lokasi, bukan untuk diterbitkan ulang"
"Sumber Agung",-7.4932218,111.5498112,"syngenta","Jawa Timur","Ngawi","Dsn. Bendo Rt. 001/001 Desa Paras Kec. Pangkur","082331083377","hak cipta Syngenta; rujukan lokasi, bukan untuk diterbitkan ulang"
"Sumber Agung",-7.7522155,113.0518325,"syngenta","Jawa Timur","Pasuruan","Dusun Kesambi Desa Sebalong Rt. 014/05 Kec. Nguling","082141353822","hak cipta Syngenta; rujukan lokasi, bukan untuk diterbitkan ulang"
"SUMBER AGUNG TANI",-7.6812499,111.2889739,"syngenta","Jawa Timur","Magetan","Perempatan Pasar Desa Sumberagung, Kec. Plaosan, Kab. Magetan","082141312917","hak cipta Syngenta; rujukan lokasi, bukan untuk diterbitkan ulang"
"Sumber Ayem",-7.6818089,111.4260983,"syngenta","Jawa Timur","Magetan","Desa Genengan Rt. 02/01 Kec. Kawedanan, Magetan","082334488188","hak cipta Syngenta; rujukan lokasi, bukan untuk diterbitkan ulang"
"Sumber Barokah",-7.7596572,113.4284956,"syngenta","Jawa Timur","Probolinggo","Jl. Dr. Wahidin Rt. 002/01 Desa Kraksaan Wetan Kec. Kraksaan","085258634747","hak cipta Syngenta; rujukan lokasi, bukan untuk diterbitkan ulang"
"Sumber Berkah",-7.0064492,111.7644471,"syngenta","Jawa Timur","Tuban","Dusun Jrajan Rt. 02/02 Desa Tanjungrejo Kec. Singgahan Kab.Tuban","082334200920","hak cipta Syngenta; rujukan lokasi, bukan untuk diterbitkan ulang"
"Sumber Berkah Kesugihan",-7.6223395,109.1140747,"syngenta","Jawa Tengah","Cilacap","Jl. Kemerdekaan Barat, Rt. 007/003, Desa Kesugihan Kidul, Kec. Kesugihan","082137079375","hak cipta Syngenta; rujukan lokasi, bukan untuk diterbitkan ulang"
"Sumber Berkah Tani",-6.8964739,110.9894099,"syngenta","Jawa Tengah","Pati","Desa Kayen Rt. 002/004 Kec. Kayen","081390118107","hak cipta Syngenta; rujukan lokasi, bukan untuk diterbitkan ulang"
"Sumber Brantas",-7.7645117,112.528366,"syngenta","Jawa Timur","Batu","Jl. Raya Sumber Brantas Dusun Krajan Rt. 003/04 Desa Sumber Brantas, Kec. Bumiaji","081333213083","hak cipta Syngenta; rujukan lokasi, bukan untuk diterbitkan ulang"
"Sumber Hidup",-7.8457118,112.4738486,"syngenta","Jawa Timur","Malang","Ds Pujonlor Rt. 007/004 Kec. Pujon","081334766333","hak cipta Syngenta; rujukan lokasi, bukan untuk diterbitkan ulang"
"Sumber Jadi",-7.364682,111.0669051,"syngenta","Jawa Tengah","Sragen","DK. Ngudimulyo RT 001 Kel. Plumbon Sambungmacan","085641123226","hak cipta Syngenta; rujukan lokasi, bukan untuk diterbitkan ulang"
"Sumber Jaya Tani",-7.6135779,112.2592655,"syngenta","Jawa Timur","Jombang","Dsn Grogol RT/RW 002/005 Ds. Grogol Diwek","082140802345","hak cipta Syngenta; rujukan lokasi, bukan untuk diterbitkan ulang"
"Sumber Jaya Tani - Bogor",-6.6205209,106.6497623,"syngenta","Jawa Barat","Bogor","Kp. Pasir Eurih Rt 01/08 Ds. Situ Udik Kec. Cibungbulang Kab. Bogor","0895333031240","hak cipta Syngenta; rujukan lokasi, bukan untuk diterbitkan ulang"
"SUMBER LESTARI",-7.6703326,112.8656645,"syngenta","Jawa Timur","Pasuruan","Desa Tambaksari Rt. 03/02 Kecamatan Kraton, Kabupaten Pasuruan","087754438382","hak cipta Syngenta; rujukan lokasi, bukan untuk diterbitkan ulang"
"Sumber Makmur",-6.8916899,111.873254,"syngenta","Jawa Timur","Tuban","Dusun Dukoh Rt. 002/004 Desa Margorejo Kec.Kerek","082244201212","hak cipta Syngenta; rujukan lokasi, bukan untuk diterbitkan ulang"
"Sumber Makmur",-6.835459,111.986342,"syngenta","Jawa Timur","Tuban","Ds. Suwalan Rt. 004/001 Kec. Jenu","085331043679","hak cipta Syngenta; rujukan lokasi, bukan untuk diterbitkan ulang"
"Sumber Makmur",-7.8542252,113.3019718,"syngenta","Jawa Timur","Probolinggo","Ds. Liprak Kulon Rt. 004002 Desa Liprak Kec. Banyuanyar","085258713310","hak cipta Syngenta; rujukan lokasi, bukan untuk diterbitkan ulang"
"Sumber Makmur - Klego",-7.352297,110.6913871,"syngenta","Jawa Tengah","Boyolali","Dk. Klego Rt. 004/001 Kel. Klego Kec. Klego","085646456609","hak cipta Syngenta; rujukan lokasi, bukan untuk diterbitkan ulang"
"Sumber Makmur - Selogiri",-7.7711864,110.8836048,"syngenta","Jawa Tengah","Wonogiri","Ngepos Rt. 002/002 Ds/Kel. Nambangan Kec. Selogiri","08128468814","hak cipta Syngenta; rujukan lokasi, bukan untuk diterbitkan ulang"
"Sumber Makmur Petanahan",-7.7323892,109.5820997,"syngenta","Jawa Tengah","Kebumen","Desa Karangduwur Rt. 002/001 Kec. Petanahan","085227828438","hak cipta Syngenta; rujukan lokasi, bukan untuk diterbitkan ulang"
"sumber mulyo",-7.4949538,111.6153945,"syngenta","Jawa Timur","Madiun","Desa Pulerejo Kec. Pilangkenceng","085232677326","hak cipta Syngenta; rujukan lokasi, bukan untuk diterbitkan ulang"
"Sumber Pangan",-7.6013015,112.7783673,"syngenta","Jawa Timur","Pasuruan","Jl. Mangga Rt. 004/003 Kel. Pogar Kec. Bangil","082233841456","hak cipta Syngenta; rujukan lokasi, bukan untuk diterbitkan ulang"
"Sumber Pertanian",-7.7996282,113.1884518,"syngenta","Jawa Timur","Probolinggo","Jl. Pisan Rt. 003/004 Kel. Sumber Wetan Kec. Kedopok","085235556552","hak cipta Syngenta; rujukan lokasi, bukan untuk diterbitkan ulang"
"Sumber Rejeki",-7.6402218,110.8642328,"syngenta","Jawa Tengah","Sukoharjo","Dk. Tanjung RT 002 RW 009 Desa Bakalan Kec. Polokarto","085785347552","hak cipta Syngenta; rujukan lokasi, bukan untuk diterbitkan ulang"
"Sumber Rejeki",-6.9487706,110.8970163,"syngenta","Jawa Tengah","Pati","Ds. Kedungwinong RT/RW 010/001, Kec. Sukolilo","082115411800","hak cipta Syngenta; rujukan lokasi, bukan untuk diterbitkan ulang"
"Sumber Rejeki",-7.3502861,109.3209037,"syngenta","Jawa Tengah","Purbalingga","Kios Pasar Kutasari Kec. Kutasari","081328322935","hak cipta Syngenta; rujukan lokasi, bukan untuk diterbitkan ulang"
"Sumber Rejeki",-7.0023131,110.1810543,"syngenta","Jawa Tengah","Kendal","Pasar Magangan Desa Jatirejo, Ngampel","085225283321","hak cipta Syngenta; rujukan lokasi, bukan untuk diterbitkan ulang"
"Sumber Rejeki",-7.9724011,110.2921577,"syngenta","DI Yogyakarta","Bantul","Gaten Rt. 004, Tirtomulyo, Kretek","0817278682","hak cipta Syngenta; rujukan lokasi, bukan untuk diterbitkan ulang"
"Sumber Rejeki",-7.8840426,112.4708685,"syngenta","Jawa Timur","Malang","Dsn Krajan Rt. 001/001 Pande Pandesari Pujon","081330897165","hak cipta Syngenta; rujukan lokasi, bukan untuk diterbitkan ulang"
"Sumber Rejeki",-7.6469193,112.8999225,"syngenta","Jawa Timur","Pasuruan","Desa Sidorejo Kecamatan Kejayan RT 02 / RW 04 Kabupaten Pasuruan","085236562703","hak cipta Syngenta; rujukan lokasi, bukan untuk diterbitkan ulang"
"Sumber Rejeki",-7.748146,113.4746333,"syngenta","Jawa Timur","Probolinggo","Dsn. Kongsi I Rt. 001/001 Ds.Sumberan Kec. Besuk","081358666476","hak cipta Syngenta; rujukan lokasi, bukan untuk diterbitkan ulang"
"Sumber Rejeki",-7.1751593,112.0990272,"syngenta","Jawa Timur","Bojonegoro","Jl. Kepohbaru - Baureno Rt. 005/002 Desa Woro Kec. Kepohbaru","081314368591","hak cipta Syngenta; rujukan lokasi, bukan untuk diterbitkan ulang"
"Sumber Rejeki",-7.8495588,112.2905607,"syngenta","Jawa Timur","Kediri","Dsn Panggungsari RT.015 RW.004 Ds. Kebonrejo Kec. Kepung","081357474744","hak cipta Syngenta; rujukan lokasi, bukan untuk diterbitkan ulang"
"Sumber Rejeki",-7.7785892,113.2320011,"syngenta","Jawa Timur","Probolinggo","Perum STI Blok. S No. 1 Rt. 003/008 Kel. Sumber Taman","08123499781","hak cipta Syngenta; rujukan lokasi, bukan untuk diterbitkan ulang"
"Sumber Rejeki Bantaran",-7.8667854,113.1786866,"syngenta","Jawa Timur","Probolinggo","Jl. Raya bantaran No.59 RT. 007/002 Desa Bantaran Kec. Bantaran - Kab. Probolinggo","081224171960","hak cipta Syngenta; rujukan lokasi, bukan untuk diterbitkan ulang"
"Sumber Rezeki - Demak",-6.7960791,110.6913879,"syngenta","Jawa Tengah","Demak","Desa Ngelokulon Rt. 004/001 Kec. Mijen","082226885616","hak cipta Syngenta; rujukan lokasi, bukan untuk diterbitkan ulang"
"Sumber Rizki",-6.6468656,108.3262347,"syngenta","Jawa Barat","Majalengka","Blok Senen No 13 Rt. 008/004 Desa Bantarwaru Kec. Ligung","081220850790","hak cipta Syngenta; rujukan lokasi, bukan untuk diterbitkan ulang"
"Sumber Sari Tani",-7.8073608,113.1996373,"syngenta","Jawa Timur","Probolinggo","Jl. Klengkeng Rt. 005/006 Kel. Sumber Wetan Kec. Kedopok","085230736717","hak cipta Syngenta; rujukan lokasi, bukan untuk diterbitkan ulang"
"Sumber Subur - Ngawi",-7.5097815,111.4246078,"syngenta","Jawa Timur","Ngawi","Jl. Madiun KM. 12 Rt. 004/003 Desa Tambakromo Kec. Geneng","081335591669","hak cipta Syngenta; rujukan lokasi, bukan untuk diterbitkan ulang"
"Sumber Tani",-6.1849718,107.4653985,"syngenta","Jawa Barat","Grobogan","Dusun Cikuntul Barat Rt. 002/001 Ds. Cikuntul Kec. Tempuran","081517449096","hak cipta Syngenta; rujukan lokasi, bukan untuk diterbitkan ulang"
"Sumber Tani",-6.2312258,107.5534739,"syngenta","Jawa Barat","Grobogan","Dusun Kosbar Rt. 002/005 Desa Sukatani","085710098833","hak cipta Syngenta; rujukan lokasi, bukan untuk diterbitkan ulang"
"Sumber Tani",-7.1638588,110.6327605,"syngenta","Jawa Tengah","Grobogan","Dusun krakalan, RT. 003/006, Desa Kedungjati, Kec. Kedungjati","081215942659","hak cipta Syngenta; rujukan lokasi, bukan untuk diterbitkan ulang"
"Sumber Tani",-7.0048578,110.7981694,"syngenta","Jawa Tengah","Grobogan","Dsn Krajan Rt. 002/001 Pengkol, Penawangan","081390928090","hak cipta Syngenta; rujukan lokasi, bukan untuk diterbitkan ulang"
"Sumber Tani",-7.735347,112.7826133,"syngenta","Jawa Timur","Pasuruan","Desa Wonosari Kec. Wonorejo, Dusun Wonosari Rt. 004/004 Desa Wonosari Kec. Wonorejo","082233260684","hak cipta Syngenta; rujukan lokasi, bukan untuk diterbitkan ulang"
"Sumber Tani",-8.1006232,112.7360686,"syngenta","Jawa Timur","Malang","Desa Wajak Kec. Wajak","081333635935","hak cipta Syngenta; rujukan lokasi, bukan untuk diterbitkan ulang"
"Sumber Tani",-7.8890235,112.5855974,"syngenta","Jawa Timur","Malang","Dusun Karang Juwet Rt. 032/008 Desa Donowarih Kec. Karangploso","082151166628","hak cipta Syngenta; rujukan lokasi, bukan untuk diterbitkan ulang"
"Sumber Tani",-7.8831046,112.5317582,"syngenta","Jawa Timur","Batu","Jl. Dewi Sartika (Komplek Pasar Sayur Batu) Kel. Temas Kec. Batu","081805188767","hak cipta Syngenta; rujukan lokasi, bukan untuk diterbitkan ulang"
"Sumber Tani",-6.8382743,112.0027868,"syngenta","Jawa Timur","Tuban","Jl. Raya Merakurak No. 18. Rt. 003/006 Desa Sambonggede","081288883590","hak cipta Syngenta; rujukan lokasi, bukan untuk diterbitkan ulang"
"Sumber Tani",-7.7380189,111.9664085,"syngenta","Jawa Timur","Kediri","Jl. Rambutan Dsn Ngolakan Rt. 021/006 Ds Cerme Kec. Grogol","08123414155","hak cipta Syngenta; rujukan lokasi, bukan untuk diterbitkan ulang"
"Sumber Tani - Lumajang",-8.2325217,113.1130285,"syngenta","Jawa Timur","Lumajang","Jl. Bulak Winong No. 148 Rt. 005/05 Dusun Kebunan Kec. Bulak Pasirian","081252482282","hak cipta Syngenta; rujukan lokasi, bukan untuk diterbitkan ulang"
"Sumber Tani - Nganjuk",-7.6453173,112.0222999,"syngenta","Jawa Timur","Nganjuk","Jl. Diponegoro No. 16 Rt. 003/05 Krajan Utara Desa Kampung Baru, Kec. Tanjunganom","081234207576","hak cipta Syngenta; rujukan lokasi, bukan untuk diterbitkan ulang"
"Sumber Tani - Pati",-6.8936558,110.9837115,"syngenta","Jawa Tengah","Pati","Jl. Raya pati - Tambakromo Desa Tambakromo Rt. 002/002 Kec. Tambakromo (Depan Pasar Tambakromo)","081325694104","hak cipta Syngenta; rujukan lokasi, bukan untuk diterbitkan ulang"
"Sumber Tani - Subang",-6.3075485,107.8211239,"syngenta","Jawa Barat","Subang","Jl. Rancasari Rt. 010/004 No. 33 Desa Rancasari Kec. Pamanukan","081320514075","hak cipta Syngenta; rujukan lokasi, bukan untuk diterbitkan ulang"
"Sumber Tani 2 Grobogan",-7.1435823,110.9059574,"syngenta","Jawa Tengah","Grobogan","Depot Utara Desa Depok Kec. Toroh","081225044250","hak cipta Syngenta; rujukan lokasi, bukan untuk diterbitkan ulang"
"Sumber Tani III",-7.4864053,108.8204179,"syngenta","Jawa Tengah","Cilacap","Kec. Gandrungmangu, Wiringharjo Rt. 010/003 Desa Wiringharjo Kec. Gandrungmangu","082125936232","hak cipta Syngenta; rujukan lokasi, bukan untuk diterbitkan ulang"
"Sumber Tani Jaya",-7.047554,108.084999,"syngenta","Jawa Barat","Garut","Kp. Cidungus Rt. 001/004 Ds. Malangbong Kec. Malangbong","085223440152","hak cipta Syngenta; rujukan lokasi, bukan untuk diterbitkan ulang"
"Sumber Tani Jaya",-6.5446486,107.852463,"syngenta","Jawa Barat","Subang","Kp. Cimahi Rt. 005/003 Ds. Padaasih Kec. Cibogo","085324394999","hak cipta Syngenta; rujukan lokasi, bukan untuk diterbitkan ulang"
"Sumber Tani Maju",-7.6717936,110.3591969,"syngenta","DI Yogyakarta","Sleman","Jl. Kadisobo 1 Rt. 004/002 Desa Trimulyo Kec. Sleman","08122729442","hak cipta Syngenta; rujukan lokasi, bukan untuk diterbitkan ulang"
"Sumber Tani Makmur / Bojonegoro",-7.168549,112.0313437,"syngenta","Jawa Timur","Bojonegoro","Jl. Raya Babat Bojonegoro Dusun Bakalan Rt. 002/09 Desa Sraturejo, Kec. Baureno","081330664438","hak cipta Syngenta; rujukan lokasi, bukan untuk diterbitkan ulang"
"Sumber Tani Pulutan",-7.076132,110.8284698,"syngenta","Jawa Tengah","Grobogan","Dusun Pulutan Rt. 004/001 Desa Pulutan Kec. Penawangan","082324575631","hak cipta Syngenta; rujukan lokasi, bukan untuk diterbitkan ulang"
"Sumber Tani Rejeki Blora",-7.000334,111.3136658,"syngenta","Jawa Tengah","Blora","Bedag Pasar Luar No. 15 Ngawen Desa Ngawen Kec. Ngawen","081225333999","hak cipta Syngenta; rujukan lokasi, bukan untuk diterbitkan ulang"
"Sumber Tani Tanjungsari",-6.9116588,109.0007407,"syngenta","Jawa Tengah","Brebes","Rt. 010/002 Desa Tanjungsari Kec. Wanasari","081542808277","hak cipta Syngenta; rujukan lokasi, bukan untuk diterbitkan ulang"
"Sumber Telaga, Ud",-8.1885604,113.6205271,"syngenta","Jawa Timur","Jember","Jl. Argopuro No. 281 Desa Rambigundam Kec. Rambipuji","085336176533","hak cipta Syngenta; rujukan lokasi, bukan untuk diterbitkan ulang"
"Sumberjaya",-6.2040867,107.4528979,"syngenta","Jawa Barat","Karawang","Dsn Pegadungan Rt. 001/001 Ds. Pagadungan Kec. Tempura","081585035110","hak cipta Syngenta; rujukan lokasi, bukan untuk diterbitkan ulang"
"Surya Jaya Tani",-6.9771088,109.8628315,"syngenta","Jawa Tengah","Batang","Ds.Kumejing RT.03/RT.01 Kec.Subah","085228494139","hak cipta Syngenta; rujukan lokasi, bukan untuk diterbitkan ulang"
"Surya Tani",-7.3723338,107.8080386,"syngenta","Jawa Barat","Garut","KP. Barukai RT. 002/008 Ds. Cibodas Kec. Cikajang","085222050502","hak cipta Syngenta; rujukan lokasi, bukan untuk diterbitkan ulang"
"Surya Tani",-7.7904917,108.182407,"syngenta","Jawa Barat","Garut","Kp. Cijulangadeg Rt. 003/007, Ds. Mandalajaya, Kec. Cikalong, Kab. Tasikmalaya","085351795872","hak cipta Syngenta; rujukan lokasi, bukan untuk diterbitkan ulang"
"Suryo Tani",-8.0460831,111.7167504,"syngenta","Jawa Timur","Trenggalek","Kel. Surodakan Kec. Trenggalek, Rt. 022/007 Kel. Surodakan Kec. Trenggalek","082234625799","hak cipta Syngenta; rujukan lokasi, bukan untuk diterbitkan ulang"
"Syabila Tani",-7.1904516,107.98298,"syngenta","Jawa Barat","Garut","Kp. Tegalpanjang Rt. 002/006 Ds. Tegal Panjang Kec. Sucinaraja","081313805005","hak cipta Syngenta; rujukan lokasi, bukan untuk diterbitkan ulang"
"Syahid Makmur",-6.7587155,111.1324804,"syngenta","Jawa Tengah","Pati","Ds. Sembaturagung Rt. 03/02 Kec. Jakenan Kab. Pati","082337252903","hak cipta Syngenta; rujukan lokasi, bukan untuk diterbitkan ulang"
"Syifa Agro",-7.0698399,110.7609881,"syngenta","Jawa Tengah","Grobogan","Ds. Ketangirejo RT 07 RW 01 Kec. Godong","081329226255","hak cipta Syngenta; rujukan lokasi, bukan untuk diterbitkan ulang"
"Syifa Tani",-6.2086284,107.5109906,"syngenta","Jawa Barat","Karawang","Jl. Raya Singaperbangsa Krajan Rt. 012/003 Ds. Tegal Urung Kec. Cilamaya Kulon","085718393059","hak cipta Syngenta; rujukan lokasi, bukan untuk diterbitkan ulang"
"Tama Jaya",-7.1623145,112.0185738,"syngenta","Jawa Timur","Bojonegoro","Pertigaan Desa Samberan Desa Samberan RT/RW 003/001 Kec. Kanor","081357064978","hak cipta Syngenta; rujukan lokasi, bukan untuk diterbitkan ulang"
"Tampomas Tani",-6.7526742,107.0444712,"syngenta","Jawa Barat","Cianjur","Jl. Kebon Awi No. 23 Pasir Cina, Kel. Cipendawa, Kec. Pacet, Kab. Cianjur","082118388857","hak cipta Syngenta; rujukan lokasi, bukan untuk diterbitkan ulang"
"Tani Abadi 1",-7.2114085,107.1403065,"syngenta","Jawa Barat","Cianjur","Jl. Raya Sukanagara No. 24 Rt. 001/001 Desa Sukanagara Kec. Sukanagara","081563244691","hak cipta Syngenta; rujukan lokasi, bukan untuk diterbitkan ulang"
"Tani Agung",-7.56034,110.1546614,"syngenta","Jawa Tengah","Magelang","Jl. Magelang-Purworejo KM 10,5 Ds. Sidoagung Kec. Tempuran","085385666444","hak cipta Syngenta; rujukan lokasi, bukan untuk diterbitkan ulang"
"Tani Agung",-7.6137866,110.2481018,"syngenta","Jawa Tengah","Magelang","Dsn. Japuan Rt. 001/003 Desa Tanjung Kec. Muntilan","081328698334","hak cipta Syngenta; rujukan lokasi, bukan untuk diterbitkan ulang"
"Tani Agung",-8.2337277,113.2171129,"syngenta","Jawa Timur","Lumajang","Dusun Pandean RT 011 RW 002, Jatigono-Kunir, Lumajang","081358412345","hak cipta Syngenta; rujukan lokasi, bukan untuk diterbitkan ulang"
"Tani Agung",-8.5956913,114.3044288,"syngenta","Jawa Timur","Banyuwangi","Dsn Asembagus Rt. 013/003 Ds. Purwoagung - Tegaldlimo","082334817089","hak cipta Syngenta; rujukan lokasi, bukan untuk diterbitkan ulang"
"Tani Agung 2",-7.6017496,110.2079698,"syngenta","Jawa Tengah","Magelang","Dsn. Janan Desa Borobudur Kec. Borobudur","081328323905","hak cipta Syngenta; rujukan lokasi, bukan untuk diterbitkan ulang"
"Tani Aji II",-6.9667699,110.101545,"syngenta","Jawa Tengah","Kendal","Caruban Ringinarum ","087834677477","hak cipta Syngenta; rujukan lokasi, bukan untuk diterbitkan ulang"
"Tani Asli",-6.2392244,107.4315541,"syngenta","Jawa Barat","Karawang","Babakan Hoe RT/RW 001/006 Tempuran","085813250093","hak cipta Syngenta; rujukan lokasi, bukan untuk diterbitkan ulang"
"Tani Berkah",-6.29619,107.2606269,"syngenta","Jawa Barat","Karawang","Dusun Pasir Jengkol RT/RW 007/003, Ds. Karang Mulya, Kec. Teluk Jambe Barat","08568249531","hak cipta Syngenta; rujukan lokasi, bukan untuk diterbitkan ulang"
"Tani Berkah",-7.2951482,106.528946,"syngenta","Jawa Barat","Sukabumi","Pasirpanjang, Ciracap","085720423333","hak cipta Syngenta; rujukan lokasi, bukan untuk diterbitkan ulang"
"Tani Berkah Kubangpari",-6.9458228,108.8612988,"syngenta","Jawa Tengah","Brebes","Desa Kubangpari Rt. 001/006 Kec. Kersana","085642766654","hak cipta Syngenta; rujukan lokasi, bukan untuk diterbitkan ulang"
"Tani Berkah-Ciparay",-7.3017495,106.6070232,"syngenta","Jawa Barat","Sukabumi","Kp. Citamaga RT 008/03 Kel. Ciparay, Jampang kulon","085722165507","hak cipta Syngenta; rujukan lokasi, bukan untuk diterbitkan ulang"
"Tani Bhakti Putri",-6.859838,108.9981,"syngenta","Jawa Tengah","Brebes","RT. 003/007, Desa Klampok Wanasari","083113671747","hak cipta Syngenta; rujukan lokasi, bukan untuk diterbitkan ulang"
"TANI GEMAH RIPAH",-6.2105124,107.4168322,"syngenta","Jawa Barat","Karawang","Dusun Bayur 02 Rt. 010/003 Ds. Lemahduhur Kec. Tempuran","087886729797","hak cipta Syngenta; rujukan lokasi, bukan untuk diterbitkan ulang"
"TANI GEMI",-6.033035,107.367867,"syngenta","Jawa Barat","Karawang","Dusun Cibuaya 1 Rt. 003/001 Ds. Cibuaya Kec. Cibuaya","085973031717","hak cipta Syngenta; rujukan lokasi, bukan untuk diterbitkan ulang"
"Tani Indah",-7.0386325,109.8573963,"syngenta","Jawa Tengah","Batang","Dk. Sideleg RT. 001/001, Kel. Pecalungan, Kec. Pecalungan","085229383981","hak cipta Syngenta; rujukan lokasi, bukan untuk diterbitkan ulang"
"Tani Indah Mandiri",-6.1599632,107.1360946,"syngenta","Jawa Barat","Bekasi","Kp. Balong Tua Rt. 001/006 Ds. Sukabakti Kec. Tambelang","082112142476","hak cipta Syngenta; rujukan lokasi, bukan untuk diterbitkan ulang"
"Tani Jaya",-7.3939632,109.5349768,"syngenta","Jawa Tengah","Purbalingga","Desa Nangkod RT/RW 007/004 Kec. Kejobong","085227504470","hak cipta Syngenta; rujukan lokasi, bukan untuk diterbitkan ulang"
"Tani Jaya",-6.9517249,110.9197258,"syngenta","Jawa Tengah","Pati","Ds. Sukolilo Rt. 002/003 Ds. Sukolilo Kec. Sukolilo","081225523379","hak cipta Syngenta; rujukan lokasi, bukan untuk diterbitkan ulang"
"Tani Jaya",-7.9610712,111.508386,"syngenta","Jawa Timur","Ponorogo","Jl. Ponorogo - Trenggalek Dukuh Bulu II Rt. 002/002 Desa Bulu Kec. Sambit","081231875379","hak cipta Syngenta; rujukan lokasi, bukan untuk diterbitkan ulang"
"Tani Jaya",-7.985251,113.9030883,"syngenta","Jawa Timur","Bondowoso","Ds. Maskuning Wetan Rt. 014/003 Kec. Pujer","085232810988","hak cipta Syngenta; rujukan lokasi, bukan untuk diterbitkan ulang"
"Tani Jaya - Grobogan",-7.1343689,110.8791445,"syngenta","Jawa Tengah","Grobogan","Dusun Tempel Rt. 001/006 Ngraji, Purwodadi","081326634444","hak cipta Syngenta; rujukan lokasi, bukan untuk diterbitkan ulang"
"Tani Jaya - Sukabumi",-7.2573893,106.6253549,"syngenta","Jawa Barat","Sukabumi","Kp. Gemarasa Rt. 005/003 Jampangkulon, Kel. Jampangkulon, Kec. Jampangkulon, Kab. Sukabumi","081563361234","hak cipta Syngenta; rujukan lokasi, bukan untuk diterbitkan ulang"
"Tani Jaya Makmur",-8.2081584,113.5311843,"syngenta","Jawa Timur","Jember","Jl. A. Yani No. 80 Desa Bangsalsari Kec. Bangsalsari","082143535989","hak cipta Syngenta; rujukan lokasi, bukan untuk diterbitkan ulang"
"Tani Jaya Mandiri",-7.4576561,109.2873745,"syngenta","Jawa Tengah","Banyumas","Sokaraja Wetan Rt. 002/004, Sokaraja, Purwokerto","081226678573","hak cipta Syngenta; rujukan lokasi, bukan untuk diterbitkan ulang"
"Tani Jaya Putra",-6.9058131,109.0185719,"syngenta","Jawa Tengah","Brebes","Sidamulya Rt. 002/002 Kec. Wanasari","085741207894","hak cipta Syngenta; rujukan lokasi, bukan untuk diterbitkan ulang"
"Tani Jaya Putra",-6.9288085,108.8575991,"syngenta","Jawa Tengah","Brebes","Jl. Stasiun Rt. 004/001 Desa Cigedog Kec. Kersana","08161891822","hak cipta Syngenta; rujukan lokasi, bukan untuk diterbitkan ulang"
"Tani Joss",-8.348873,113.4031906,"syngenta","Jawa Timur","Jember","Dusun Muneng Rt. 005/002 Mayangan Gumukmas","082244993310","hak cipta Syngenta; rujukan lokasi, bukan untuk diterbitkan ulang"
"Tani Joyo",-7.0029765,113.9194459,"syngenta","Jawa Timur","Sumenep","Dusnu Benosan, RT. 001/004, Desa Karang Budi, Kec. Gapura","082336086623","hak cipta Syngenta; rujukan lokasi, bukan untuk diterbitkan ulang"
"Tani Karya",-6.7901338,108.3296983,"syngenta","Jawa Barat","Majalengka","Dusun Mayasari Rt. 003/003 Desa Cisetu Kec. Rajagaluh","081395570502","hak cipta Syngenta; rujukan lokasi, bukan untuk diterbitkan ulang"
"Tani Lancar",-7.8868078,112.5572887,"syngenta","Jawa Timur","Batu","Dsn. Klerek Rt. 002/002 Ds Torongrejo Kec. Junrejo Kota Batu","081259814770","hak cipta Syngenta; rujukan lokasi, bukan untuk diterbitkan ulang"
"Tani Langgeng",-6.9696083,109.1846364,"syngenta","Jawa Tengah","Tegal","Jl. Sentana Desa Kedungbanteng Rt. 03/11 Kec. Kedungbanteng","085842053760","hak cipta Syngenta; rujukan lokasi, bukan untuk diterbitkan ulang"
"Tani Lestari",-6.8812563,109.7264281,"syngenta","Jawa Tengah","Batang","Dk Kebanyon Rt. 006/004 Kel. Kesepuhan Kec. Batang","081542349811","hak cipta Syngenta; rujukan lokasi, bukan untuk diterbitkan ulang"
"Tani Lumayan",-8.1561028,113.5103504,"syngenta","Jawa Timur","Jember","Dusun Krajan Rt. 002/002 Desa Selodakon, Kec. Tanggul","085330309373","hak cipta Syngenta; rujukan lokasi, bukan untuk diterbitkan ulang"
"Tani Maju",-6.1386889,106.9708068,"syngenta","Jawa Barat","Bekasi","Jl. Karang Tengah Rt. 003/001 Ds. Pusaka Rakyat Kec. Tarumajaya","0895338664284","hak cipta Syngenta; rujukan lokasi, bukan untuk diterbitkan ulang"
"Tani Maju",-6.9889032,109.4140133,"syngenta","Jawa Tengah","Pemalang","Paguyangan Kec. Bantar Bolang Pemalang","081325639693","hak cipta Syngenta; rujukan lokasi, bukan untuk diterbitkan ulang"
"Tani Maju",-7.4102676,112.6268937,"syngenta","Jawa Timur","Sidoarjo","Dsn Plaosan, Kec. Wonoayu, Dsn Plaosan Rt. 002/002 Kec. Wonoayu","085732866580","hak cipta Syngenta; rujukan lokasi, bukan untuk diterbitkan ulang"
"Tani Maju",-8.1428494,112.3606002,"syngenta","Jawa Timur","Blitar","RT/RW 001/003 Ds. Kesamben, Kec. Kesamben, Kab. Blitar","08125220994","hak cipta Syngenta; rujukan lokasi, bukan untuk diterbitkan ulang"
"TANI MAJU",-7.7554533,109.6669068,"syngenta","Jawa Tengah","Kebumen","Desa Bocor RT/RW 005/111, Buluspesantren","081226694423","hak cipta Syngenta; rujukan lokasi, bukan untuk diterbitkan ulang"
"Tani Maju Jaya",-8.181643,112.6930662,"syngenta","Jawa Timur","Malang","Jl. Gatot Subroto Rt. 001/021 Turen","081333275512","hak cipta Syngenta; rujukan lokasi, bukan untuk diterbitkan ulang"
"Tani Makmur",-6.8156475,108.8040053,"syngenta","Jawa Barat","Cirebon","Jl. Raya Losari No. 14 Dusun Karangsari Rt. 001/001 Ds. Losari Kidul Kec. Losari","082135460691","hak cipta Syngenta; rujukan lokasi, bukan untuk diterbitkan ulang"
"Tani Makmur",-6.9018553,108.3521026,"syngenta","Jawa Barat","Majalengka","Blok Sukamukti Rt. 005/002 Ds. Argalingga Kec. Argapura","085315557771","hak cipta Syngenta; rujukan lokasi, bukan untuk diterbitkan ulang"
"Tani Makmur",-7.1288679,111.2159425,"syngenta","Jawa Tengah","Grobogan","Dsn. Tanjung Rt. 001/003 Ds/Kel. Kalipang Kec. Gabus","081226781793","hak cipta Syngenta; rujukan lokasi, bukan untuk diterbitkan ulang"
"Tani Makmur",-7.0133708,110.8418808,"syngenta","Jawa Tengah","Grobogan","Taruman Rt. 003/002 Ds. Taruman Kec. Klambu","081225067836","hak cipta Syngenta; rujukan lokasi, bukan untuk diterbitkan ulang"
"Tani Makmur",-6.7193489,111.1460295,"syngenta","Jawa Tengah","Pati","Jl P. Sudirman No. 112 Desa Doropayung Rt. 001/001 Juwana","08122817102","hak cipta Syngenta; rujukan lokasi, bukan untuk diterbitkan ulang"
"Tani Makmur",-6.919137,110.1992828,"syngenta","Jawa Tengah","Kendal","Pertokoan Pasar Kendal Pakauman Kec. Kendal","08122838743","hak cipta Syngenta; rujukan lokasi, bukan untuk diterbitkan ulang"
"Tani Makmur",-8.2690399,113.360877,"syngenta","Jawa Timur","Jember","Jl. Krakatau, Wunguan I, RT. 005/002, Kencong, Jember","081312165236","hak cipta Syngenta; rujukan lokasi, bukan untuk diterbitkan ulang"
"Tani Makmur",-7.7635996,113.1543037,"syngenta","Jawa Timur","Probolinggo","Dusun Bringin, Phosangit Leres","085330847800","hak cipta Syngenta; rujukan lokasi, bukan untuk diterbitkan ulang"
"Tani Makmur",-7.02248,112.1002045,"syngenta","Jawa Timur","Tuban","Jl. Raya Pakah-Plumpang Desa Ngrayung Kec. Plumpang","082229390745","hak cipta Syngenta; rujukan lokasi, bukan untuk diterbitkan ulang"
"Tani Makmur",-7.7498143,114.2142922,"syngenta","Jawa Timur","Situbondo","Jl. Raya Asembagus No. 48 RT/RW 001/005, Desa Asembagus, Kec. Asembagus","085232002325","hak cipta Syngenta; rujukan lokasi, bukan untuk diterbitkan ulang"
"Tani Makmur",-7.1666028,111.8823599,"syngenta","Jawa Timur","Bojonegoro","Jl. Monginsidi 104 Desa Sukorejo","08123251731","hak cipta Syngenta; rujukan lokasi, bukan untuk diterbitkan ulang"
"Tani Makmur",-8.3502465,113.434449,"syngenta","Jawa Timur","Jember","Dsn Krajan Rt. 002/014 Desa Paleran Kec. Umbulsari","081336085787","hak cipta Syngenta; rujukan lokasi, bukan untuk diterbitkan ulang"
"Tani Makmur",-7.5485782,111.6609185,"syngenta","Jawa Timur","Madiun","Jl. A.Yani No. 52 RT/RW 001/001 Kel. Bagunsari Kec. Mejayan","081234375800","hak cipta Syngenta; rujukan lokasi, bukan untuk diterbitkan ulang"
"Tani Makmur",-7.800734,113.1769129,"syngenta","Jawa Timur","Probolinggo","Jl. Imam Bonjol No.83 Desa Pohsangit Kec. Sumberasih","08123491511","hak cipta Syngenta; rujukan lokasi, bukan untuk diterbitkan ulang"
"Tani Makmur - Blitar",-8.0974734,112.1870562,"syngenta","Jawa Timur","Blitar","Jl. Suryat No. 38 Kel. Gedong Kec. Sananwetan Kota Blitar","085735029088","hak cipta Syngenta; rujukan lokasi, bukan untuk diterbitkan ulang"
"Tani Makmur Gumukmas",-8.1844859,113.6680747,"syngenta","Jawa Timur","Jember","Dusun Kedung Lengkong, Rt. 001/012","08315689009","hak cipta Syngenta; rujukan lokasi, bukan untuk diterbitkan ulang"
"Tani Makmur Pangkur",-7.4107589,111.4433492,"syngenta","Jawa Timur","Ngawi","Dsn. Tapen Rt. 08/02, Pangkur, Kab. Ngawi","085331393662","hak cipta Syngenta; rujukan lokasi, bukan untuk diterbitkan ulang"
"Tani Makmur Putra",-7.2171182,107.8422688,"syngenta","Jawa Barat","Garut","Jl. Raya Samarang Desa Samarang Kec. Samarang","081323117337","hak cipta Syngenta; rujukan lokasi, bukan untuk diterbitkan ulang"
"Tani Makmur Sukabumi",-6.8643205,106.8644158,"syngenta","Jawa Barat","Sukabumi","Kp. Cimanggu Rt. 002/006, Ciheulang Tonggoh, Cibadak","081281077200","hak cipta Syngenta; rujukan lokasi, bukan untuk diterbitkan ulang"
"Tani Mandiri",-6.43368,107.8850453,"syngenta","Jawa Barat","Subang","Kp. Tanjungsari Rt 007/003, Ds. Kiarasari, Kec. Compreng","081322840588","hak cipta Syngenta; rujukan lokasi, bukan untuk diterbitkan ulang"
"Tani Mandiri",-6.226565,107.2291805,"syngenta","Jawa Barat","Bekasi","Kp. Lemah Abang Rt. 001/004 Ds. Karangmukti Kec. Karangbahagia","085692079910","hak cipta Syngenta; rujukan lokasi, bukan untuk diterbitkan ulang"
"Tani Mandiri",-7.5012019,109.4824312,"syngenta","Jawa Tengah","Banjarnegara","Desa Glempang Rt. 005/001 Kec. Mandiraja","082221698595","hak cipta Syngenta; rujukan lokasi, bukan untuk diterbitkan ulang"
"Tani Marem",-7.1524786,111.8869293,"syngenta","Jawa Timur","Tuban","Jl. Raya Singgahan-Bojonegoro Desa Brobo RT/RW 005/002 Kec. Singgahan","082141500925","hak cipta Syngenta; rujukan lokasi, bukan untuk diterbitkan ulang"
"TANI MAS SEJATI",-7.3136773,108.2052886,"syngenta","Jawa Barat","Tasikmalaya","Kp. Kebonsalak RT 02 RW 01, Kel. Singaparna, Kec. Singaparna","082240629928","hak cipta Syngenta; rujukan lokasi, bukan untuk diterbitkan ulang"
"Tani Mekar",-6.9138642,109.3770119,"syngenta","Jawa Tengah","Pemalang","Pasar Bantarbolang Pemalang Blok. B No. 28","082324206116","hak cipta Syngenta; rujukan lokasi, bukan untuk diterbitkan ulang"
"Tani Mukti",-6.8014427,107.5469734,"syngenta","Jawa Barat","Bandung Barat","Kp. Nyalindung, Kel. Pasirlangu, Kec. Cisarua, Kab. Bandung Barat","082130154284","hak cipta Syngenta; rujukan lokasi, bukan untuk diterbitkan ulang"
"Tani Mukti",-7.0783511,111.0880967,"syngenta","Jawa Tengah","Grobogan","Jl. Gajah Mada No. 100 Kel. Kunden Kec. Wirosari","081226643500","hak cipta Syngenta; rujukan lokasi, bukan untuk diterbitkan ulang"
"Tani Mulya",-6.6793478,107.3168864,"syngenta","Jawa Barat","Purwakarta","Rt. 007 / 004 Cijati Maniis, Purwakarta","081909355808","hak cipta Syngenta; rujukan lokasi, bukan untuk diterbitkan ulang"
"Tani Mulya",-6.9235795,106.9307687,"syngenta","Jawa Barat","Sukabumi","Jl. Stasiun Timur No.15 Sukabumi","081341485425","hak cipta Syngenta; rujukan lokasi, bukan untuk diterbitkan ulang"
"Tani Mulya",-6.858793,108.8239569,"syngenta","Jawa Tengah","Brebes","Jl. Jend Sudirman Rt. 001/004 Desa Losari Kidul","087722252067","hak cipta Syngenta; rujukan lokasi, bukan untuk diterbitkan ulang"
"Tani Mulya Jaya",-6.817439,107.9491723,"syngenta","Jawa Barat","Sumedang","Dusun Pakemitan Rt. 002/005, Kel. Cimalaka, Kec. Cimalaka, Kab. Sumedang","085315424256","hak cipta Syngenta; rujukan lokasi, bukan untuk diterbitkan ulang"
"Tani Muncul",-6.8906369,109.4449126,"syngenta","Jawa Tengah","Pemalang","Dk. Tegallusar Rt. 004/002 Desa Tegalmlati Kec. Petarukan","082217033281","hak cipta Syngenta; rujukan lokasi, bukan untuk diterbitkan ulang"
"Tani Murni",-7.433333,109.483333,"syngenta","Jawa Tengah","Purbalingga","Desa Karangcengis Rt. 003/005 Kec. Bukateja","081328744017","hak cipta Syngenta; rujukan lokasi, bukan untuk diterbitkan ulang"
"Tani Persada",-7.3609779,109.9008906,"syngenta","Jawa Tengah","Wonosobo","Pasar Wonosobo Blok. AF No. 2 Kel. Wonosobo","082221190553","hak cipta Syngenta; rujukan lokasi, bukan untuk diterbitkan ulang"
"Tani Pojok Srumbung",-7.5845668,110.3544497,"syngenta","Jawa Tengah","Magelang","Ngepos RT. 001/013 Desa Srumbung, Kec. Srumbung","083103584848","hak cipta Syngenta; rujukan lokasi, bukan untuk diterbitkan ulang"
"Tani Prayogo",-6.9776946,110.7770621,"syngenta","Jawa Tengah","Grobogan","Dusun Goleng RT 002 RW 004 Desa Terkesi","081329045835","hak cipta Syngenta; rujukan lokasi, bukan untuk diterbitkan ulang"
"Tani Prayogo",-7.7327898,112.1221565,"syngenta","Jawa Timur","Kediri","Tangkilan, Padangan, Kayen Kidul","081335250077","hak cipta Syngenta; rujukan lokasi, bukan untuk diterbitkan ulang"
"Tani Putra",-6.9471861,108.0919597,"syngenta","Jawa Barat","Sumedang","Lingkar Pasar Wado Kios No. 216-217, Ds. Wado Girang, Kec. Wado, Kab. Sumedang","081220769660","hak cipta Syngenta; rujukan lokasi, bukan untuk diterbitkan ulang"
"Tani Putra",-7.1554986,108.1517666,"syngenta","Jawa Barat","Tasikmalaya","Komplek Pasar Baru Ciawi Desa Pakemitan Kec. Ciawi","081320343716","hak cipta Syngenta; rujukan lokasi, bukan untuk diterbitkan ulang"
"Tani Ridho",-6.1741785,106.94829,"syngenta","DKI Jakarta","Jakarta Timur","Jl. Perdana III No. 58 Rt. 005/012 Kec. Cakung","081210478304","hak cipta Syngenta; rujukan lokasi, bukan untuk diterbitkan ulang"
"Tani Sejahtera",-6.1689381,106.9933251,"syngenta","Jawa Barat","Bekasi","Kp. Penggarutan Rt. 002/027 Ds. Setia Asih Kec. Tarumajaya","085880964699","hak cipta Syngenta; rujukan lokasi, bukan untuk diterbitkan ulang"
"Tani Sejahtera",-8.0980669,112.5760296,"syngenta","Jawa Timur","Malang","Jl. Mojosari No. 23 Rt. 002/01 Kec. Kepanjen","0811366615","hak cipta Syngenta; rujukan lokasi, bukan untuk diterbitkan ulang"
"Tani Subur",-6.9291955,108.8224716,"syngenta","Jawa Tengah","Brebes","RT.06 RW.02 Desa Sarireja,Kec.Tanjung","081803938536","hak cipta Syngenta; rujukan lokasi, bukan untuk diterbitkan ulang"
"Tani Subur",-7.5736047,110.9304129,"syngenta","Jawa Tengah","Karanganyar","Papanan Rt. 001/003, Tasikmadu","081225928855","hak cipta Syngenta; rujukan lokasi, bukan untuk diterbitkan ulang"
"Tani Subur",-7.7658389,109.6386363,"syngenta","Jawa Tengah","Kebumen","Desa Pandan Lor Rt. 002/001 Kec. Klirong","087837951986","hak cipta Syngenta; rujukan lokasi, bukan untuk diterbitkan ulang"
"Tani Subur",-8.1054214,111.7331462,"syngenta","Jawa Timur","Trenggalek","DSn Bendil Rt. 019/008 Ds. Wonocoyo Kec. Pogalan","081335705076","hak cipta Syngenta; rujukan lokasi, bukan untuk diterbitkan ulang"
"Tani Subur - Bandung",-6.9272436,107.6001812,"syngenta","Jawa Barat","Bandung","Jl. Astana Anyar No. 165 Rt.001/004 Kel. Nyengseret Kec. Astana Anyar","081910636008","hak cipta Syngenta; rujukan lokasi, bukan untuk diterbitkan ulang"
"Tani Subur - Bogor",-6.5386304,106.6969857,"syngenta","Jawa Barat","Bogor","Kp. Pasar Ciampea Rt. 005/002, Ds. Ciampea, Kec. Ciampea, Kab. Bogor","081511161135","hak cipta Syngenta; rujukan lokasi, bukan untuk diterbitkan ulang"
"Tani Subur - Probolinggo",-7.714769,113.0875719,"syngenta","Jawa Timur","Probolinggo","Dusun Krajan Desa Tambakrejo Rt. 006/003 Kec. Tongas","081334480387","hak cipta Syngenta; rujukan lokasi, bukan untuk diterbitkan ulang"
"TANI SUKSES",-8.1753083,113.2781528,"syngenta","Jawa Timur","Lumajang","Dusun Magersari RT. 003/001, Kel. Tekung, Kec. Tekung","082330424716","hak cipta Syngenta; rujukan lokasi, bukan untuk diterbitkan ulang"
"Tani Sumber Makmur",-7.4875145,112.4393363,"syngenta","Jawa Timur","Mojokerto","Dsn Jetis Rt. 003/005 Sumber Agung Kec. Jati rejo","081295808245","hak cipta Syngenta; rujukan lokasi, bukan untuk diterbitkan ulang"
"Tani Unggul",-7.5730883,108.8766868,"syngenta","Jawa Tengah","Cilacap","Rawakeling Desa Rawajaya Kec. Bantar Sari, Rawakeling Rt. 002/001 Desa Rawajaya Kec. Bantar Sari","085227123464","hak cipta Syngenta; rujukan lokasi, bukan untuk diterbitkan ulang"
"Tani Unggul",-7.0310592,109.5032559,"syngenta","Jawa Tengah","Pekalongan","Kesesi Kota Rt. 006/009 Kesesi","082322670988","hak cipta Syngenta; rujukan lokasi, bukan untuk diterbitkan ulang"
"Tani Unggul",-7.489978,109.1174993,"syngenta","Jawa Tengah","Banyumas","Komp. Terminal Koperades Blok A No. 26 Kec. Wangon","0816694544","hak cipta Syngenta; rujukan lokasi, bukan untuk diterbitkan ulang"
"Tani Unggul Kaliangkrik",-7.4646403,110.1116246,"syngenta","Jawa Tengah","Magelang","Kios KC No. 8 Pasar Kaliangkrik Kec. Kaliangkrik","081328316199","hak cipta Syngenta; rujukan lokasi, bukan untuk diterbitkan ulang"
"Tani Urip",-6.8745953,109.1872225,"syngenta","Jawa Tengah","Tegal","Jl. Garuda Ds. Munjung Agung Rt. 004/003 Kec. Kramat","085786059622","hak cipta Syngenta; rujukan lokasi, bukan untuk diterbitkan ulang"
"Taniku Grobogan",-7.0367192,111.1831534,"syngenta","Jawa Tengah","Grobogan","Krajan Timur Rt. 002/004 Tanjung Harjo, Ngaringan","085225037282","hak cipta Syngenta; rujukan lokasi, bukan untuk diterbitkan ulang"
"Taniku Makmur",-7.3981604,110.15515,"syngenta","Jawa Tengah","Magelang","Dsn Genito Rt. 004/001 Desa Genito Kec. Windusari","085101587777","hak cipta Syngenta; rujukan lokasi, bukan untuk diterbitkan ulang"
"Taruna Tani Putri",-6.3996057,108.0503042,"syngenta","Jawa Barat","Indramayu","Blok Karangasem, Rt. 009/005, Ds. Drunten Wetan, Kec. Gabuswetan","082320068239","hak cipta Syngenta; rujukan lokasi, bukan untuk diterbitkan ulang"
"Tata Tani",-7.4806126,111.5975081,"syngenta","Jawa Timur","Ngawi","Dsn. Puhti 1 RT/RW 004/001 Desa Puhti Kec. Karangjati","081217100065","hak cipta Syngenta; rujukan lokasi, bukan untuk diterbitkan ulang"
"Tawakal Tani",-6.2954247,107.8206883,"syngenta","Jawa Barat","Subang","Jl. Rancasari No. 23 Rt. 010/004  Pamanukan Subang","081222080922","hak cipta Syngenta; rujukan lokasi, bukan untuk diterbitkan ulang"
"TB Sahabat",-7.2632584,109.0107723,"syngenta","Jawa Tengah","Brebes","Jl. P Diponegoro No. 349 Rt. 002/005 Kec. Kalierang Kab. Bumiayu","082134726200","hak cipta Syngenta; rujukan lokasi, bukan untuk diterbitkan ulang"
"Teguh Tani",-6.225326,107.5771444,"syngenta","Jawa Barat","Karawang","Dsn. Santiong Rt. 005/002 Ds. Rawagempol Wetan Kec. Cilamaya Wetan","085697074760","hak cipta Syngenta; rujukan lokasi, bukan untuk diterbitkan ulang"
"Terus Jaya",-7.2618304,107.8205807,"syngenta","Jawa Barat","Garut","Jl. Raya Simpang Samarang (Pasar Andir Bayongbong), Kab. Garut","081320175835","hak cipta Syngenta; rujukan lokasi, bukan untuk diterbitkan ulang"
"Timboel Tani",-6.9925963,109.3872435,"syngenta","Jawa Tengah","Pemalang","Rt. 003/001 Ds. Lenggerong Kec. Bantarbolang","087764806650","hak cipta Syngenta; rujukan lokasi, bukan untuk diterbitkan ulang"
"Tirta Jaya Tani",-6.5490059,107.7827422,"syngenta","Jawa Barat","Subang","Dusun Parigi 1 Rt. 005/002 Ds. Parigimulya Kec. Cipunagara","085221978416","hak cipta Syngenta; rujukan lokasi, bukan untuk diterbitkan ulang"
"Tirto Tani",-7.8161533,109.8797232,"syngenta","Jawa Tengah","Purworejo","Dusun Rejosari I Rt. 001/001 Desa Grabag Kec. Grabag","081215208891","hak cipta Syngenta; rujukan lokasi, bukan untuk diterbitkan ulang"
"Tk. Berkat Tani",-6.4317153,106.7138972,"syngenta","Jawa Barat","Bogor","Jl. Raya H. Mawi Kp. Jati Parung No. 5 Rt. 003/05","081386024490","hak cipta Syngenta; rujukan lokasi, bukan untuk diterbitkan ulang"
"Toko ""Anik""",-7.5406086,110.3358338,"syngenta","Jawa Tengah","Magelang","Kios Kelas II Blok A No. 58 - 59 Pasar Talun Desa Banyudono Kec. Dukun ","08121577769","hak cipta Syngenta; rujukan lokasi, bukan untuk diterbitkan ulang"
"Toko 22",-7.0835831,110.9141831,"syngenta","Jawa Tengah","Grobogan","Jl. Letjend Suparapto No. 22 Kel. Purwodadi Kec. Purwodadi","08122921324","hak cipta Syngenta; rujukan lokasi, bukan untuk diterbitkan ulang"
"Toko 354",-7.246533,112.7325305,"syngenta","Jawa Timur","Surabaya","Pusat Grosir Surabaya","081216290897","hak cipta Syngenta; rujukan lokasi, bukan untuk diterbitkan ulang"
"Toko AA",-7.259642,111.8538776,"syngenta","Jawa Timur","Bojonegoro","Dusun gempol Rt. 02/01 Desa growok Kec. Dander Kab. Bojonegoro","085704499749","hak cipta Syngenta; rujukan lokasi, bukan untuk diterbitkan ulang"
"Toko Abadi",-6.8276981,107.7008448,"syngenta","Jawa Barat","Bandung Barat","Kp. Cibodas Rt. 002/004, Ds. Suntenjaya, Kec. Lembang, Kab. Bandung Barat","081395389882","hak cipta Syngenta; rujukan lokasi, bukan untuk diterbitkan ulang"
"Toko Abadiyah",-7.5417086,112.6749888,"syngenta","Jawa Timur","Sidoarjo","Desa Kedungsolo Rt. 001/001 Kec. Porong","081331644779","hak cipta Syngenta; rujukan lokasi, bukan untuk diterbitkan ulang"
"Toko Aby Tani",-6.9639682,108.9881108,"syngenta","Jawa Tengah","Brebes","Dukuh Rantam RT 09 RW 05 Rengas Pendawa,Kec.Larangan","087733035442","hak cipta Syngenta; rujukan lokasi, bukan untuk diterbitkan ulang"
"Toko Ahli Tani 13",-6.4880434,105.8022056,"syngenta","Banten","Pandeglang","Kp. Soge Ciliman Rt. 003/009 Ds. Panimbangan Kec. Panimbang","087772365093","hak cipta Syngenta; rujukan lokasi, bukan untuk diterbitkan ulang"
"Toko Alam Persada",-7.0888089,108.1132212,"syngenta","Jawa Barat","Garut","Kp. Cibugel Rt. 004/001 Desa Cikarang Kec. Malangbong","081323704879","hak cipta Syngenta; rujukan lokasi, bukan untuk diterbitkan ulang"
"Toko Alam Tani Sejati",-7.1953417,107.5090974,"syngenta","Jawa Barat","Bandung","Kp. Ciawitali RT. 001/008, Kel. Warnasari, Kec. Pangalengan Kab. Bandung","081320270558","hak cipta Syngenta; rujukan lokasi, bukan untuk diterbitkan ulang"
"Toko Aulia Tani",-6.8284602,109.0364038,"syngenta","Jawa Tengah","Brebes","Kedunguter Rt. 007/002 Kec. Brebes","081902762376","hak cipta Syngenta; rujukan lokasi, bukan untuk diterbitkan ulang"
"Toko Bakti",-7.7577241,113.2253733,"syngenta","Jawa Timur","Probolinggo","Jl. Panglima Sudirman No.357 Kel.Kebonsari Kulon Kec.Kanigaran","081331288008","hak cipta Syngenta; rujukan lokasi, bukan untuk diterbitkan ulang"
"Toko Bangun Tani",-7.2860258,109.9511746,"syngenta","Jawa Tengah","Wonosobo","Kuripan RT 006 RW 001 Desa Kuripan Kec. Garung","081327201177","hak cipta Syngenta; rujukan lokasi, bukan untuk diterbitkan ulang"
"toko barokah",-7.2138062,111.935854,"syngenta","Jawa Timur","Bojonegoro","Dusun Jati Rt. 03/04 Desa Ngadiluhur Kec. Balen Kab. Bojonegoro","085234711511","hak cipta Syngenta; rujukan lokasi, bukan untuk diterbitkan ulang"
"Toko Barokah",-6.8150404,108.1828931,"syngenta","Jawa Barat","Majalengka","Ds. Bantrangsana, Kec. Panyingkiran","082118711505","hak cipta Syngenta; rujukan lokasi, bukan untuk diterbitkan ulang"
"Toko Barokah Tani Makmur",-7.1550291,112.5721881,"syngenta","Jawa Timur","Gresik","Dusun Tempel Rt. 004/003 Tanjung","085859428772","hak cipta Syngenta; rujukan lokasi, bukan untuk diterbitkan ulang"
"Toko Berkah",-6.8295964,107.1454981,"syngenta","Jawa Barat","Cianjur","Jl Moch Ali No 11 RT. 11 RT.03/09 Kel. Sayang Cianjur","08112333868","hak cipta Syngenta; rujukan lokasi, bukan untuk diterbitkan ulang"
"Toko Berkah Tani",-6.0128892,106.0577683,"syngenta","Banten","Cilegon","Jl. Kranggot No. 7 Link Telu RT. 004/004, Kel. Jombang Wetan, Kec. Jombang, Kota Cilegon","081219627179","hak cipta Syngenta; rujukan lokasi, bukan untuk diterbitkan ulang"
"Toko Berkah Tani Jaya",-7.0804629,108.8818859,"syngenta","Jawa Tengah","Brebes","RT. 015/003, Desa Sindangjaya, Kec. Ketanggungan, Kab. Brebes","085225788715","hak cipta Syngenta; rujukan lokasi, bukan untuk diterbitkan ulang"
"Toko Berkat Jaya",-8.557437,114.0369075,"syngenta","Jawa Timur","Banyuwangi","Ds. Rejoagung Rt. 002/001 Ds. Sumberagung Kec. Pesanggaran","082143966840","hak cipta Syngenta; rujukan lokasi, bukan untuk diterbitkan ulang"
"Toko Bintang",-7.270271,111.8814516,"syngenta","Jawa Timur","Bojonegoro","Dusun Nggodang RT/RW 003/001 Desa Kunci Kec. Dander","085235690967","hak cipta Syngenta; rujukan lokasi, bukan untuk diterbitkan ulang"
"Toko Budi Jaya Tani",-6.4628866,108.0746498,"syngenta","Jawa Barat","Indramayu","Blok Koyor Rt. 005/001, Ds. Sukamelang, Kec. Kroya","087777943858","hak cipta Syngenta; rujukan lokasi, bukan untuk diterbitkan ulang"
"Toko Damai Batur",-7.2199066,109.8769256,"syngenta","Jawa Tengah","Banjarnegara","Bakal Rt. 004/002 Desa Bakal Kec. Batur","085227901078","hak cipta Syngenta; rujukan lokasi, bukan untuk diterbitkan ulang"
"Toko Dunia Tani & Teknik",-6.4643019,107.0657862,"syngenta","Jawa Barat","Bogor","Pasar Jonggol, Ruko No. 5 Kec. Jonggol","0811912371","hak cipta Syngenta; rujukan lokasi, bukan untuk diterbitkan ulang"
"Toko Elang Mandiri Tani",-6.5849477,106.5712566,"syngenta","Jawa Barat","Bogor","Kp. Sadeng Rt. 01/01, Ds.Kp. Dukuh Kidul Rt. 001/001, Sadeng, Kec. Leuwisadeng, Kab. Bogor","082210096422","hak cipta Syngenta; rujukan lokasi, bukan untuk diterbitkan ulang"
"Toko Enggal Tani Sleman",-7.7071848,110.447063,"syngenta","DI Yogyakarta","Sleman","Pucangan RT. 003/004, Widodomartani, Ngemplak","085868624195","hak cipta Syngenta; rujukan lokasi, bukan untuk diterbitkan ulang"
"Toko Enggal Unggul",-8.3502465,113.434449,"syngenta","Jawa Timur","Jember","Jl. Raya Kasiyan, Dsn Krajan, Ds Kasiyan, Kec. Puger","082335711845","hak cipta Syngenta; rujukan lokasi, bukan untuk diterbitkan ulang"
"Toko Gosa",-8.1032538,112.7346356,"syngenta","Jawa Timur","Malang","Jl. Pejuangan No. 3 Desa Beringin Kec. Wajak","081249306669","hak cipta Syngenta; rujukan lokasi, bukan untuk diterbitkan ulang"
"Toko Hadi",-7.1680065,111.7644471,"syngenta","Jawa Timur","Bojonegoro","Desa Jampet Rt. 07/01 Kec. Ngasem","081333275497","hak cipta Syngenta; rujukan lokasi, bukan untuk diterbitkan ulang"
"Toko Hanis",-7.1067476,113.808532,"syngenta","Jawa Timur","Sumenep","Desa Aeng Baja Raja, Kec. Bluto, Dusun Aeng Baja Raja, RT. 008/004, Desa Aeng Baja Raja, Kec. Bluto","085319539883","hak cipta Syngenta; rujukan lokasi, bukan untuk diterbitkan ulang"
"Toko Hasil Tani",-7.1234848,112.1519636,"syngenta","Jawa Timur","Bojonegoro","Desa Gajah Rt. 001/003 Kec. Baureno","082141800041","hak cipta Syngenta; rujukan lokasi, bukan untuk diterbitkan ulang"
"Toko Ilham",-7.8831046,112.5317582,"syngenta","Jawa Timur","Batu","Bedak Dalam Pasar Sayur Batu Jl. Dewi Satika Kel. Temas Kec. Batu","081333418883","hak cipta Syngenta; rujukan lokasi, bukan untuk diterbitkan ulang"
"Toko Inti Barokah",-7.6768392,112.8864937,"syngenta","Jawa Timur","Pasuruan","Jl Raya Pleret No. 12B","0811366274","hak cipta Syngenta; rujukan lokasi, bukan untuk diterbitkan ulang"
"Toko Jago",-8.3448604,113.5817781,"syngenta","Jawa Timur","Jember","Dusun Tegal Banteng, RT. 002/007, Desa Kesilir, Kec. Wuluhan, Kab. Jember","08124930469","hak cipta Syngenta; rujukan lokasi, bukan untuk diterbitkan ulang"
"Toko Jasa Tani",-7.6873766,111.9254208,"syngenta","Jawa Timur","Nganjuk","Ds. Pace Kulon Kec. Pace","081330396690","hak cipta Syngenta; rujukan lokasi, bukan untuk diterbitkan ulang"
"Toko Jaya Abadi",-6.9317826,108.4894398,"syngenta","Jawa Barat","Kuningan","Jl. Raya Kramatmulya Ds.Kramatmulya Kec.Kramatmulya","081324526655","hak cipta Syngenta; rujukan lokasi, bukan untuk diterbitkan ulang"
"Toko Jayatama",-8.1762432,113.7603078,"syngenta","Jawa Timur","Jember","Jl. A. Yani No. 90 Krajan Rt. 001/003 Desa Kertosari Kec. Pakusari","081358918822","hak cipta Syngenta; rujukan lokasi, bukan untuk diterbitkan ulang"
"Toko Karisma Tani",-7.6599489,114.021206,"syngenta","Jawa Timur","Situbondo","Dsn. Trebungan Selatan Rt. 001/003, Desa Trebungan Kecamatan Mangaran","08123461357","hak cipta Syngenta; rujukan lokasi, bukan untuk diterbitkan ulang"
"Toko Kurnia",-7.1201836,107.4423141,"syngenta","Jawa Barat","Bandung","Kp. Kaca-Kaca No. 121 Rt. 003/009 Desa Sugihmukti Kec. Pasir Jambu","081224189881","hak cipta Syngenta; rujukan lokasi, bukan untuk diterbitkan ulang"
"Toko Kurnia Mukti",-6.5056264,108.4246374,"syngenta","Jawa Barat","Indramayu","Desa Kedokan Agung Rt 015/004 Kec. Kedokan Bunder","087764993387","hak cipta Syngenta; rujukan lokasi, bukan untuk diterbitkan ulang"
"Toko Latasa",-6.4845958,108.2977093,"syngenta","Jawa Barat","Indramayu","Jl. Raya Jatitujuh - Bangkaloa Rt. 022/002, Ds. Bangkaloa Illir, Kec. Widasari","087837878568","hak cipta Syngenta; rujukan lokasi, bukan untuk diterbitkan ulang"
"Toko Mahkota",-8.1013159,113.9476988,"syngenta","Jawa Timur","Jember","Dsn. Krajan RT. 001/001 Ds. Gunung Malang, Kec. sumberjambe","082311550660","hak cipta Syngenta; rujukan lokasi, bukan untuk diterbitkan ulang"
"Toko Majid",-6.4745513,108.1636206,"syngenta","Jawa Barat","Indramayu","Ds. Karangasem Rt. 005/003, Kec. Terisi","081322650331","hak cipta Syngenta; rujukan lokasi, bukan untuk diterbitkan ulang"
"Toko Maju",-6.7218792,111.0549826,"syngenta","Jawa Tengah","Pati","Ds. Tambaharjo, RT. 005/002, Kec. Pati","081326473000","hak cipta Syngenta; rujukan lokasi, bukan untuk diterbitkan ulang"
"Toko Maju",-7.8688187,112.5246256,"syngenta","Jawa Timur","Batu","Jl. Brantas 24","081945125199","hak cipta Syngenta; rujukan lokasi, bukan untuk diterbitkan ulang"
"Toko Margi Utomo",-8.3736377,113.6502213,"syngenta","Jawa Timur","Jember","Dusun Karang Templek Rt. 002/022 Desa Andongsari Kec. Ambulu","085204573143","hak cipta Syngenta; rujukan lokasi, bukan untuk diterbitkan ulang"
"Toko Mbak Anik",-7.435302,110.8848278,"syngenta","Jawa Tengah","Sragen","Plupuh Rt. 006 Plupuh Kec. Plupuh","081393489784","hak cipta Syngenta; rujukan lokasi, bukan untuk diterbitkan ulang"
"Toko Miftahul Rizky",-8.1862512,112.5811277,"syngenta","Jawa Timur","Malang","Desa Kanigoro Pagelaran","085102154275","hak cipta Syngenta; rujukan lokasi, bukan untuk diterbitkan ulang"
"Toko Mitra Tani",-7.0875281,110.918921,"syngenta","Jawa Tengah","Grobogan","Jl. Siswomiharjo No.15 Kel. Purwodadi Kec. Purwodadi","082134280088","hak cipta Syngenta; rujukan lokasi, bukan untuk diterbitkan ulang"
"Toko Mulya Tani",-6.8519082,108.7610196,"syngenta","Jawa Barat","Cirebon","Dusun Marga Sari Rt. 009/003 Ds. Pabedilan Kaler Kec. Pabedilan","081395756291","hak cipta Syngenta; rujukan lokasi, bukan untuk diterbitkan ulang"
"Toko Muncul",-7.2032394,111.3869942,"syngenta","Jawa Tengah","Blora","Jl. Raya No. 1 Rt. 001/001 randublatung Desa Randublatung Kec. Randublatung","082324830196","hak cipta Syngenta; rujukan lokasi, bukan untuk diterbitkan ulang"
"Toko Muria Tani",-6.8331248,111.0490213,"syngenta","Jawa Tengah","Pati","Ds. Gabus Rt.  05/04 Kec. Gabus Kab. Pati Jawa Tengah","085740717199","hak cipta Syngenta; rujukan lokasi, bukan untuk diterbitkan ulang"
"Toko Nugroho",-7.1502148,111.146888,"syngenta","Jawa Tengah","Grobogan","Dusun kradenan Rt. 003/003 Kel. Kradenan Kec. Kradenan","082134722239","hak cipta Syngenta; rujukan lokasi, bukan untuk diterbitkan ulang"
"Toko Pertanian Barokah",-7.8312592,112.4365969,"syngenta","Jawa Timur","Malang","Dkh Ngabab Rt. 005/001 Desa Ngabab Kec Pujon","082231612838","hak cipta Syngenta; rujukan lokasi, bukan untuk diterbitkan ulang"
"Toko Pertanian Mitra",-8.2907855,114.1944675,"syngenta","Jawa Timur","Banyuwangi","Jl. Raya Gendoh Dusun Krajan Rt. 003/001 Desa Gendoh Kecamatan Sempu","085236367901","hak cipta Syngenta; rujukan lokasi, bukan untuk diterbitkan ulang"
"Toko Pertanian Sumber Tani",-7.7453079,111.9642517,"syngenta","Jawa Timur","Kediri","Jl. Raya Ngringging No. 30 Cerme Kec. Grogol","082232661097","hak cipta Syngenta; rujukan lokasi, bukan untuk diterbitkan ulang"
"Toko Pojok",-6.8921531,110.640299,"syngenta","Jawa Tengah","Demak","Jl. Sultan Fatah No. 35 Rt. 001/002 Kel. Bintoro Kec. Demak","081225231810","hak cipta Syngenta; rujukan lokasi, bukan untuk diterbitkan ulang"
"Toko Pojok - Pasuruan",-7.713212,112.8015757,"syngenta","Jawa Timur","Pasuruan","Jln. Kabupaten No. 12 Kauman, Wonorejo","085101842556","hak cipta Syngenta; rujukan lokasi, bukan untuk diterbitkan ulang"
"TOKO PURNAMA",-7.3724649,111.3710894,"syngenta","Jawa Timur","Ngawi","Ngasinan Rt. 004/005 Ngancar Pitu, Kab Ngawi Jawa Timur","085235495546","hak cipta Syngenta; rujukan lokasi, bukan untuk diterbitkan ulang"
"Toko Putra Tani Makmur",-6.8468441,107.1308659,"syngenta","Jawa Barat","Cianjur","Pasar Induk Pasir Hayam Ruko Blok A No. 5 Desa Sirnagalih Kec. Cilaku","87820024087","hak cipta Syngenta; rujukan lokasi, bukan untuk diterbitkan ulang"
"Toko Rafella",-7.2086773,110.0119871,"syngenta","Jawa Tengah","Temanggung","Krajan Rt. 003/005 Dsn Wonorejo Kec. Wonoboyo","081227338523","hak cipta Syngenta; rujukan lokasi, bukan untuk diterbitkan ulang"
"Toko Raihan C.P.",-6.1816958,107.1265139,"syngenta","Jawa Barat","Bekasi","Kp. Pakuning Rt. 004/002 Ds. Sukarapih Kec. Tambelang","081519169336","hak cipta Syngenta; rujukan lokasi, bukan untuk diterbitkan ulang"
"TOKO RESTU JAYA",-8.0728564,112.7327609,"syngenta","Jawa Timur","Malang","DUSUN PABRIKAN, RT. 008/002, DESA JAMBESARI, KEC. PONCOKUSUMO","081331052756","hak cipta Syngenta; rujukan lokasi, bukan untuk diterbitkan ulang"
"Toko Ridho",-8.161077,112.5143012,"syngenta","Jawa Timur","Malang","Jl. Dr. Sutomo No. 20 Rt. 005/001 Ds. Sengreng Kec. Sumber Pucung","082143244030","hak cipta Syngenta; rujukan lokasi, bukan untuk diterbitkan ulang"
"Toko Sadar Sari",-8.288702,113.4762199,"syngenta","Jawa Timur","Jember","Jl. Kartini Dusun Purwosari Rt. 001/011, Tanjungsari, Umbulsari, Jember","081318978965","hak cipta Syngenta; rujukan lokasi, bukan untuk diterbitkan ulang"
"TOKO SLAMET",-8.260633,113.4477675,"syngenta","Jawa Timur","Jember","Dsn Krajan Rt. 002/008,Ds. Umbul Sari","081331289235","hak cipta Syngenta; rujukan lokasi, bukan untuk diterbitkan ulang"
"Toko Sri Jaya",-6.3082885,107.8296584,"syngenta","Jawa Barat","Subang","Dsn. Bongas Rt. 005/001, Ds. Bongas, Kec. Pamanukan","082115229754","hak cipta Syngenta; rujukan lokasi, bukan untuk diterbitkan ulang"
"Toko Sriwijaya",-7.7544905,113.2203823,"syngenta","Jawa Timur","Probolinggo","Jl. Panglima Sudirman No.6A Bedak/Stand Pasar Gotong Royong No.6A Kel. Jati Kec. Mayangan Kota Probolinggo","081233123336","hak cipta Syngenta; rujukan lokasi, bukan untuk diterbitkan ulang"
"Toko Subur",-6.9871958,106.552188,"syngenta","Jawa Barat","Sukabumi","Jl. Empang Raya No. 46, Kec. Pelabuhan Ratu, Kel. Pelabuhan Ratu","081311487765","hak cipta Syngenta; rujukan lokasi, bukan untuk diterbitkan ulang"
"Toko Subur",-7.6569383,111.953367,"syngenta","Jawa Timur","Nganjuk","Dsn Jegles Rt. 002/001 Ds. Plosoharjo Kec. Pace","081234120105","hak cipta Syngenta; rujukan lokasi, bukan untuk diterbitkan ulang"
"Toko Subur Jaya",-6.6448788,108.2293979,"syngenta","Jawa Barat","Majalengka","Blok Selasa Rt. 016/008, Ds. Jatitujuh, Kec. Jatitujuh","087727636388","hak cipta Syngenta; rujukan lokasi, bukan untuk diterbitkan ulang"
"toko subur tani",-7.1604539,111.893131,"syngenta","Jawa Timur","Bojonegoro","Jl. Sunan Kalijogo No. 55, RT. 007/008, Sukorjo","085235048995","hak cipta Syngenta; rujukan lokasi, bukan untuk diterbitkan ulang"
"Toko Sumber Berkat",-7.6917491,114.0579475,"syngenta","Jawa Timur","Situbondo","Jl. Raya Banyuwangi No. 69 Rt. 003/004 Desa Tokelan Kec. Panji","085236839999","hak cipta Syngenta; rujukan lokasi, bukan untuk diterbitkan ulang"
"Toko Sumber Tani - Balen",-7.2239164,111.9606577,"syngenta","Jawa Timur","Bojonegoro","Jl. Bungkal Damai Dusun Bungkal Rt. 001/001 Desa Mayangkawis Kec. Balen","081330109671","hak cipta Syngenta; rujukan lokasi, bukan untuk diterbitkan ulang"
"Toko Sumbersari",-8.0427522,111.9611919,"syngenta","Jawa Timur","Tulungagung","Dsn. Ngebrungan RT/RW 003/002, Ds. Srikaton, Kec. Ngantru","085604755604","hak cipta Syngenta; rujukan lokasi, bukan untuk diterbitkan ulang"
"Toko Suradi",-7.4461042,110.9655659,"syngenta","Jawa Tengah","Sragen","Jasem Rt. 013, Kel Duyungan, Kec Sidoharjo","081329880220","hak cipta Syngenta; rujukan lokasi, bukan untuk diterbitkan ulang"
"Toko Tamala",-6.2627123,107.4202864,"syngenta","Jawa Barat","Karawang","Kp. Sampora RT 002/003 Desa Kalijaya Kec. Telagasari","085710240555","hak cipta Syngenta; rujukan lokasi, bukan untuk diterbitkan ulang"
"Toko Tani Jaya",-7.7235621,111.519885,"syngenta","Jawa Timur","Madiun","Jl. Raya Kebonsari, Desa Klorogan Kec. Geger","081335620720","hak cipta Syngenta; rujukan lokasi, bukan untuk diterbitkan ulang"
"Toko Tani Mabrur",-6.9152847,110.798668,"syngenta","Jawa Tengah","Kudus","Desa Medini Rt. 008/002 Undaan","085325072400","hak cipta Syngenta; rujukan lokasi, bukan untuk diterbitkan ulang"
"Toko Tani Mandiri Bulu",-7.3010105,110.1057476,"syngenta","Jawa Tengah","Temanggung","Dusun Gondosuli Rt. 004/001 Desa Gondosuli Kec. Bulu","085282121818","hak cipta Syngenta; rujukan lokasi, bukan untuk diterbitkan ulang"
"Toko Tiga Satu",-6.171902,107.1833872,"syngenta","Jawa Barat","Bekasi","Kp. Ceger RT. 004/003, Ds. Sukadarma, Kec. Sukatani","081285319204","hak cipta Syngenta; rujukan lokasi, bukan untuk diterbitkan ulang"
"Toko Timur",-7.8567648,113.9833843,"syngenta","Jawa Timur","Bondowoso","Desa Botolinggo Rt. 12/06, Kec. Botolinggo, Kab. Bondowoso","081358229929","hak cipta Syngenta; rujukan lokasi, bukan untuk diterbitkan ulang"
"Toko Unggul Bumi Persada",-7.2298149,112.7088599,"syngenta","Jawa Timur","Surabaya","Kalianak, Asem Rowo, Jl. Kalianak Timur Gg. 3 No. 10","085784465692","hak cipta Syngenta; rujukan lokasi, bukan untuk diterbitkan ulang"
"Toko Usaha Mandiri",-8.1201067,113.3581124,"syngenta","Jawa Timur","Lumajang","Kec. Jatiroto, Dusun Krajan Lor Rt. 002/001 Desa Rejo Polo Kec. Jatiroto","081217486406","hak cipta Syngenta; rujukan lokasi, bukan untuk diterbitkan ulang"
"Toko Utama",-8.2461939,114.1989259,"syngenta","Jawa Timur","Banyuwangi","Jl. Temuguruh-Sempu Dsn Krajan Wetan Rt. 01/04 Ds. Temuguruh, Kec. Sempu","08123462445","hak cipta Syngenta; rujukan lokasi, bukan untuk diterbitkan ulang"
"Toko Zainal Tani",-6.1334059,107.1277751,"syngenta","Jawa Barat","Bekasi","Kp. Kalen Kramat Rt. 003/001 Ds. Sukawangi Kec. Sukawangi","085885782516","hak cipta Syngenta; rujukan lokasi, bukan untuk diterbitkan ulang"
"Tomboel Tani",-6.9925963,109.3872435,"syngenta","Jawa Tengah","Pemalang","Rt. 003/003 Lenggerong, Bantarbolang","085215645077","hak cipta Syngenta; rujukan lokasi, bukan untuk diterbitkan ulang"
"Toni Tani",-6.3507539,106.2503947,"syngenta","Banten","Lebak","Pasar Rangkasbitung Blok A6 No. 3 Kab. Lebak","081314274769","hak cipta Syngenta; rujukan lokasi, bukan untuk diterbitkan ulang"
"Torong Makmur",-7.8868078,112.5572887,"syngenta","Jawa Timur","Batu","Jl. Welis Dsn Krajan Rt. 004/006 Kel. Torongrejo Kec. Junrejo","081333363533","hak cipta Syngenta; rujukan lokasi, bukan untuk diterbitkan ulang"
"Tuban Tani Mandiri",-6.9036167,112.0582961,"syngenta","Jawa Timur","Tuban","Jl. Mojopahit No. 27","081554734440","hak cipta Syngenta; rujukan lokasi, bukan untuk diterbitkan ulang"
"Tulus Ayu",-8.0192198,112.7640454,"syngenta","Jawa Timur","Malang","Jl. Tulusayu Rt. 041/006 Ds Tulusbesar Kec. Tumpang","081285721288","hak cipta Syngenta; rujukan lokasi, bukan untuk diterbitkan ulang"
"TUMAPEL JAYA",-7.8942875,112.6627212,"syngenta","Jawa Timur","Malang","JL. TUMAPEL 78A, RT. 001/005, KEL. PAGENTAN, KEC. SINGOSARI, KAB. MALANG","081334356335","hak cipta Syngenta; rujukan lokasi, bukan untuk diterbitkan ulang"
"Tunas Jaya",-7.6191505,110.876154,"syngenta","Jawa Tengah","Sukoharjo","Dk. Badran Asri Rt. 004/005 Cangkol, Mojolaban","082220858844","hak cipta Syngenta; rujukan lokasi, bukan untuk diterbitkan ulang"
"Tunas Subur",-7.6979061,110.4410564,"syngenta","DI Yogyakarta","Sleman","Gatak I Rt. 002/001 Desa Selomartani Kec. Kalasan","081325565651","hak cipta Syngenta; rujukan lokasi, bukan untuk diterbitkan ulang"
"Tunas Tani",-6.8836314,109.4375534,"syngenta","Jawa Tengah","Pemalang","Ds. Kedungbanjar Rt. 002/005, Kec. Taman, Pemalang","081802868762","hak cipta Syngenta; rujukan lokasi, bukan untuk diterbitkan ulang"
"TUNAS TANI MAKMUR",-6.1561719,107.299415,"syngenta","Jawa Barat","Karawang","Dusun Warudoyong Utara Rt. 033/007 Ds Rengasdengklok Selatan Rengasdengklok","081510286640","hak cipta Syngenta; rujukan lokasi, bukan untuk diterbitkan ulang"
"UD AA",-8.3010456,112.4559679,"syngenta","Jawa Timur","Malang","Dusun Salamrejo, RT. 034/007, Ds Kedangsalam, Kec. Donomulyo","082244543009","hak cipta Syngenta; rujukan lokasi, bukan untuk diterbitkan ulang"
"UD Adhi Tani",-6.9313501,110.082933,"syngenta","Jawa Tengah","Kendal","Kacangan Kidul Desa Sendangkulon Kec. Kangkung","081325309040","hak cipta Syngenta; rujukan lokasi, bukan untuk diterbitkan ulang"
"UD Adhi Tani Mulyo",-8.0459343,111.6496767,"syngenta","Jawa Timur","Trenggalek","Dsn Setono Rt. 014/004 Desa Gondang Kec. Tugu","085233539586","hak cipta Syngenta; rujukan lokasi, bukan untuk diterbitkan ulang"
"UD Adi Joyo",-8.5956913,114.3044288,"syngenta","Jawa Timur","Banyuwangi","Jl. Purwoagung Dsn. Asembagus, Ds. Purwoagung, Kec. Tegaldlimo","081233560101","hak cipta Syngenta; rujukan lokasi, bukan untuk diterbitkan ulang"
"UD Agro Tani Makmur",-7.1298551,111.7659259,"syngenta","Jawa Timur","Bojonegoro","Depan Desa Ngerigin Rejo Rt. 003/001 Kalitidu","085204949457","hak cipta Syngenta; rujukan lokasi, bukan untuk diterbitkan ulang"
"UD Agung",-8.3441076,113.4716567,"syngenta","Jawa Timur","Jember","Dusun Krajan, RT/RW 003/004, Desa Grenden, Kec Puger","081559567317","hak cipta Syngenta; rujukan lokasi, bukan untuk diterbitkan ulang"
"UD Aida",-6.8483851,110.9074476,"syngenta","Jawa Tengah","Kudus","Desa Kesambi RT 002 RW 003 Mejobo","085290379569","hak cipta Syngenta; rujukan lokasi, bukan untuk diterbitkan ulang"
"UD AJI SANTOSO",-7.2736954,110.6824474,"syngenta","Jawa Tengah","Boyolali","Ds. Bojong RT/RW 001/002, Kec. Wonosegoro","081392320245","hak cipta Syngenta; rujukan lokasi, bukan untuk diterbitkan ulang"
"UD Akbar Tani",-8.4597138,114.2093287,"syngenta","Jawa Timur","Banyuwangi","Dsn Tempursari RT 001 RW 001, Ds. Sembulung, Kec. Cluring,Kab. Banyuwangi","085236369144","hak cipta Syngenta; rujukan lokasi, bukan untuk diterbitkan ulang"
"UD Aman Tani",-8.1706134,113.3555613,"syngenta","Jawa Timur","Lumajang","Dusun Krajan Timur Rt. 008/006 Rowokangkung","082131532229","hak cipta Syngenta; rujukan lokasi, bukan untuk diterbitkan ulang"
"ud amira tani",-7.6832961,111.5200007,"syngenta","Jawa Timur","Madiun","Desa Kaibon Rt. 014/003 Kec. Geger","081271069371","hak cipta Syngenta; rujukan lokasi, bukan untuk diterbitkan ulang"
"UD Anugerah Jaya",-7.5477233,110.911173,"syngenta","Jawa Tengah","Karanganyar","Ngalasan Rt. 001/001 Desa Bujul Kec. Jaten","081393495072","hak cipta Syngenta; rujukan lokasi, bukan untuk diterbitkan ulang"
"UD Anugrah",-8.1914501,113.6957724,"syngenta","Jawa Timur","Jember","Jl. Teuku Umar No. 131 Tegal Besar Kulon Kaliwates","082116435171","hak cipta Syngenta; rujukan lokasi, bukan untuk diterbitkan ulang"
"UD Anugrah Mandiri",-7.4609015,109.2983253,"syngenta","Jawa Tengah","Banyumas","Pasar Sokaraja Los Blok. K Desa Sokaraja Kidul Kec. Sokaraja","0811259627","hak cipta Syngenta; rujukan lokasi, bukan untuk diterbitkan ulang"
"UD Ar Royan",-8.6823059,114.4529792,"syngenta","Jawa Timur","Banyuwangi","Dsn Purworejo Rt. 004/001 Ds. Kalipait Kec. Tegaldlimo","081336576119","hak cipta Syngenta; rujukan lokasi, bukan untuk diterbitkan ulang"
"UD Arul Jaya",-7.8345752,113.1717017,"syngenta","Jawa Timur","Probolinggo","Dusun Triwung RT/RW 009/003 Desa Tempuran Kec. Bantaran","085204985467","hak cipta Syngenta; rujukan lokasi, bukan untuk diterbitkan ulang"
"UD Arum Tani",-8.5801001,114.2331057,"syngenta","Jawa Timur","Banyuwangi","Dsn Sumberjati, Rt. 1/ Ds. Grajagan, Kec. Purwoahrjo, Banyuwangi","085213951121","hak cipta Syngenta; rujukan lokasi, bukan untuk diterbitkan ulang"
"UD Barokah",-7.8172932,113.1530897,"syngenta","Jawa Timur","Probolinggo","Dusun Krajan RT/RW 017/003 Ds Sepuh Gembol, Wonomerto","085257236067","hak cipta Syngenta; rujukan lokasi, bukan untuk diterbitkan ulang"
"UD Barokah",-7.1680021,112.0938393,"syngenta","Jawa Timur","Bojonegoro","Rt 007/003 Desa Woro Kec. Kepohbaru","081335785959","hak cipta Syngenta; rujukan lokasi, bukan untuk diterbitkan ulang"
"UD Barokah",-7.0608916,112.0067869,"syngenta","Jawa Timur","Tuban","Desa Karangpinoto Rt 003/002 Kec. Rengel","081217701917","hak cipta Syngenta; rujukan lokasi, bukan untuk diterbitkan ulang"
"UD Barokah",-7.7789334,114.0636668,"syngenta","Jawa Timur","Bondowoso","Desa Bercak Kec. Cerme, Kp. Asem Kandang Rt. 001/010 Desa Bercak Kec. Cerme","085348610393","hak cipta Syngenta; rujukan lokasi, bukan untuk diterbitkan ulang"
"UD Barokah II",-6.7193887,107.0616975,"syngenta","Jawa Barat","Cianjur","Jl. Hancet Kp. Sukanagalih Rt. 003/004 Ds Sukanagalih Kec. Pacet","082218220340","hak cipta Syngenta; rujukan lokasi, bukan untuk diterbitkan ulang"
"Ud Barokah Lestari",-7.867279,111.6153945,"syngenta","Jawa Timur","Ponorogo","Dk Jalakan Rt. 002/002 Desa Wotan Kec. Pulung","08123353989","hak cipta Syngenta; rujukan lokasi, bukan untuk diterbitkan ulang"
"UD Barokah Tani",-7.9133974,110.7897275,"syngenta","Jawa Tengah","Wonogiri","Ngandong RT/RW 001/007, Desa Ngandong, Eromoko","082326714146","hak cipta Syngenta; rujukan lokasi, bukan untuk diterbitkan ulang"
"UD Bedjo Makmur",-7.5024642,112.7091935,"syngenta","Jawa Timur","Sidoarjo","Radengan Rt. 006/001 Desa Radengan Kec. Tanggulangin","085649941844","hak cipta Syngenta; rujukan lokasi, bukan untuk diterbitkan ulang"
"UD Berkah",-7.8932165,111.3456117,"syngenta","Jawa Timur","Ponorogo","Dusun Bandar RT 01/04 Desa Karangjoho Kec. Badegan","085235754215","hak cipta Syngenta; rujukan lokasi, bukan untuk diterbitkan ulang"
"UD Berkah Hikam",-7.0014196,112.3668562,"syngenta","Jawa Timur","Lamongan","Sumberwudi, RT. 004/002, Sumberwudi","085854161616","hak cipta Syngenta; rujukan lokasi, bukan untuk diterbitkan ulang"
"UD Berkah Tani Jatisono",-6.9180014,110.7107566,"syngenta","Jawa Tengah","Demak","Desa Jatisono Rt. 001/001 Jatisono Kec. Gajah","085228191396","hak cipta Syngenta; rujukan lokasi, bukan untuk diterbitkan ulang"
"UD Berkat Tani",-7.4576675,109.2908356,"syngenta","Jawa Tengah","Banyumas","Jl. Jendral Sudirman No. 103A Rt. 002/004 Sokaraja Tengah Kec. Sokaraja","081804883888","hak cipta Syngenta; rujukan lokasi, bukan untuk diterbitkan ulang"
"UD Bima Sakti",-7.1911379,111.3957939,"syngenta","Jawa Tengah","Blora","Jalan Raya No 1, Kel. Randublatung, Kec. Randublatung","081329932998","hak cipta Syngenta; rujukan lokasi, bukan untuk diterbitkan ulang"
"UD Bina Mandiri",-8.3654775,113.5371368,"syngenta","Jawa Timur","Jember","Dusun Kepel, RT/RW 004/023, Desa Ampel, Kec. Wuluhan","085257705142","hak cipta Syngenta; rujukan lokasi, bukan untuk diterbitkan ulang"
"UD Budi Karya Tani",-7.7544399,111.5210207,"syngenta","Jawa Timur","Madiun","Jl. Adil Makmur No. 7 Rt. 05/02, Kel. Bangunsari Kec. Dolopo","085235051166","hak cipta Syngenta; rujukan lokasi, bukan untuk diterbitkan ulang"
"UD Cipta Jaya Tani",-7.490978,111.3016542,"syngenta","Jawa Timur","Ngawi","Jl. Raya Jogorogo - Ngawi","08123442844","hak cipta Syngenta; rujukan lokasi, bukan untuk diterbitkan ulang"
"UD DUA SAUDARA",-6.31057,107.317723,"syngenta","Jawa Barat","Karawang","Jl. Alternatif By Pas Rt. 010/006 Kel. Tanjungmekar Kec. Karawang Barat","082125264547","hak cipta Syngenta; rujukan lokasi, bukan untuk diterbitkan ulang"
"UD Dunia Tani",-7.9194132,111.5975081,"syngenta","Jawa Timur","Ponorogo","Dukuh Dungus Rt. 002/001 Desa Karang Patihan Kec. Pulung","085335267870","hak cipta Syngenta; rujukan lokasi, bukan untuk diterbitkan ulang"
"UD Durian Merah",-8.2660461,114.2368424,"syngenta","Jawa Timur","Banyuwangi","Jl. Raya Songgon No.205 Tampak Bayan, Balak, Songgo","085234677778","hak cipta Syngenta; rujukan lokasi, bukan untuk diterbitkan ulang"
"UD Duta Tani",-7.7151052,112.1115578,"syngenta","Jawa Timur","Kediri","Dusun Bajulan Rt. 004/009 Desa Ngampel Kec. Papar","081332086383","hak cipta Syngenta; rujukan lokasi, bukan untuk diterbitkan ulang"
"ud dwi tunggal jaya",-7.0808107,112.0983105,"syngenta","Jawa Timur","Tuban","Desa Plandirejo Kec. Plumpang","081233984194","hak cipta Syngenta; rujukan lokasi, bukan untuk diterbitkan ulang"
"UD Fajar Niaga",-6.4159802,108.3712309,"syngenta","Jawa Barat","Indramayu","Blok Ngor Rt. 001/002 Ds. Sudimampir Kec. Balongan","081324596929","hak cipta Syngenta; rujukan lokasi, bukan untuk diterbitkan ulang"
"Ud Harapan Terang",-6.9408591,112.1817702,"syngenta","Jawa Timur","Tuban","Desa Cepokorejo Rt. 001/002 Kec. Palang","085335319999","hak cipta Syngenta; rujukan lokasi, bukan untuk diterbitkan ulang"
"UD Hasil Usaha",-8.3162866,113.4686802,"syngenta","Jawa Timur","Jember","Dusun Gadungan Rt. 005/007 Desa Kasiyan Kec. Puger","081237153555","hak cipta Syngenta; rujukan lokasi, bukan untuk diterbitkan ulang"
"UD Indah Tani",-7.6207447,111.3279634,"syngenta","Jawa Timur","Ngawi","Kedunggalar Kab. Ngawi, Jl. Sidowayah - Jogorogo, Dsn Sumberagung, Kedunggalar Kab. Ngawi","081333719690","hak cipta Syngenta; rujukan lokasi, bukan untuk diterbitkan ulang"
"UD Inti Subur",-8.0424338,111.9912237,"syngenta","Jawa Timur","Blitar","Jl. Raya Wonodadi KM 159 Kel. Wonodadi, Kec Wonodadi","08123104173","hak cipta Syngenta; rujukan lokasi, bukan untuk diterbitkan ulang"
"UD Jasa Tirta",-7.7777803,114.0663033,"syngenta","Jawa Timur","Bondowoso","Desa Bercak RT/RW 001/001 Kec. Cermee","085258387200","hak cipta Syngenta; rujukan lokasi, bukan untuk diterbitkan ulang"
"Ud Jaya Tani Mandiri",-7.0624322,112.0625411,"syngenta","Jawa Timur","Tuban","Prambon Wetan Pulosari Rt. 001/001 Kec. Rengel","082234747724","hak cipta Syngenta; rujukan lokasi, bukan untuk diterbitkan ulang"
"Ud Joyo Tani Makmur",-7.5012094,112.6526416,"syngenta","Jawa Timur","Sidoarjo","Rt. 003/002 Desa Gelang Kec. Tulangan","081332778600","hak cipta Syngenta; rujukan lokasi, bukan untuk diterbitkan ulang"
"UD Karunia Makmur",-8.5699605,114.1558258,"syngenta","Jawa Timur","Banyuwangi","Dsn Silir Agung, RT 03 RW 02, Ds. Seneporejo, Kec. Siliragung, Banyuwangi","081386389389","hak cipta Syngenta; rujukan lokasi, bukan untuk diterbitkan ulang"
"UD Karya Tani",-6.9004321,112.1697928,"syngenta","Jawa Timur","Tuban","Ds Keran Wetan RT/RW 004/001 Kec. Palang","081330119337","hak cipta Syngenta; rujukan lokasi, bukan untuk diterbitkan ulang"
"UD Karya Tani",-7.9435131,111.5542828,"syngenta","Jawa Timur","Ponorogo","Dkh Kori Wetan Desa Kori Kec. Sawoo","08125964703","hak cipta Syngenta; rujukan lokasi, bukan untuk diterbitkan ulang"
"UD Kawan Tani",-7.6139146,111.2962349,"syngenta","Jawa Timur","Magetan","Rt. 06/01 Panekan, Kab. Magetan","085648713051","hak cipta Syngenta; rujukan lokasi, bukan untuk diterbitkan ulang"
"UD Kawan Tani",-7.1451083,113.5475534,"syngenta","Jawa Timur","Pamekasan","Desa Bulai, Kec Galis","081939205576","hak cipta Syngenta; rujukan lokasi, bukan untuk diterbitkan ulang"
"UD Konco Tani Pati",-6.7091417,111.0862794,"syngenta","Jawa Tengah","Pati","Tawangharjo Rt. 003/001, Tawangharjo, Wedarijaksa","085225008022","hak cipta Syngenta; rujukan lokasi, bukan untuk diterbitkan ulang"
"UD Koncotani",-7.5061902,112.4757919,"syngenta","Jawa Timur","Mojokerto","Jl. Raya Pacing Bangsal","081330064119","hak cipta Syngenta; rujukan lokasi, bukan untuk diterbitkan ulang"
"UD Kurnia Tani Banjarnegara",-7.3930544,109.7000934,"syngenta","Jawa Tengah","Banjarnegara","JL Mayjend Soetoyo No 88A Krandegan, Banjarnegara, Jateng","081228085051","hak cipta Syngenta; rujukan lokasi, bukan untuk diterbitkan ulang"
"UD Lima Group",-6.963774,109.4645822,"syngenta","Jawa Tengah","Pemalang","Rt 34/07 Tegalsari Timur, Ampelgading","082326785957","hak cipta Syngenta; rujukan lokasi, bukan untuk diterbitkan ulang"
"UD Lingkar Jaya",-7.019213,113.8485699,"syngenta","Jawa Timur","Sumenep","Jl. Jokotole Batuan Kec. Batuan","085258861861","hak cipta Syngenta; rujukan lokasi, bukan untuk diterbitkan ulang"
"UD Lisa Utama",-7.0402443,111.7435799,"syngenta","Jawa Timur","Tuban","Desa Sidoharjo RT/RW 002/004 Kec, Senori","082142505398","hak cipta Syngenta; rujukan lokasi, bukan untuk diterbitkan ulang"
"UD Loh Jinawe",-6.8752583,111.6630914,"syngenta","Jawa Timur","Tuban","Stan Pasar Desa Sadang Kec. Jatirogo","085231968111","hak cipta Syngenta; rujukan lokasi, bukan untuk diterbitkan ulang"
"UD Lumbung Tani",-7.0082562,113.853512,"syngenta","Jawa Timur","Sumenep","Jl. Zaenal Arifin Ds. Pandian, Kec. Sumenep","081231279209","hak cipta Syngenta; rujukan lokasi, bukan untuk diterbitkan ulang"
"Ud Lumintu Jaya Sentosa",-7.2583194,112.3620258,"syngenta","Jawa Timur","Lamongan","Jl. Raya Mantup No. 9 Dusun Mantup Desa Mantup Kec. Mantup","082243349050","hak cipta Syngenta; rujukan lokasi, bukan untuk diterbitkan ulang"
"UD Luqni",-7.3680868,109.3262735,"syngenta","Jawa Tengah","Purbalingga","Desa Dawuhan Rt. 001/003 Padamara","085806966044","hak cipta Syngenta; rujukan lokasi, bukan untuk diterbitkan ulang"
"UD Mahhur Wijaya",-7.7908461,113.2113465,"syngenta","Jawa Timur","Probolinggo","Jl. Mastrip Rt. 007/002 Kel. Wonoasih Kec. Wonoasih","085330599955","hak cipta Syngenta; rujukan lokasi, bukan untuk diterbitkan ulang"
"UD Maju",-7.7076822,112.125349,"syngenta","Jawa Timur","Kediri","Jl. Bolowono 51 Ds. Wonokerto Kec. Plemahan","08123208281","hak cipta Syngenta; rujukan lokasi, bukan untuk diterbitkan ulang"
"UD Maju Bersama Lestari",-7.7859961,112.858217,"syngenta","Jawa Timur","Pasuruan","Jl. Soekarno Hatta Ngadipuro Nongkojajar Pasuruan","082233720850","hak cipta Syngenta; rujukan lokasi, bukan untuk diterbitkan ulang"
"UD Maju Mapan",-7.0278729,110.774827,"syngenta","Jawa Tengah","Grobogan","Jl. Jend Sudirman No. 55 Rt. 003/005 Desa Godong Kec. Godong","081390545758","hak cipta Syngenta; rujukan lokasi, bukan untuk diterbitkan ulang"
"UD Mandala Tani",-7.1010454,113.6472457,"syngenta","Jawa Timur","Sumenep","Dusun Ketapang RT. 002/001, Desa Jaddung, Kab. Sumenep","085233996629","hak cipta Syngenta; rujukan lokasi, bukan untuk diterbitkan ulang"
"UD Mandiri Tani - Blora",-7.14867,111.5923528,"syngenta","Jawa Tengah","Blora","Jl. Diponegoro Rt. 05/1 Randublatung","081542432979","hak cipta Syngenta; rujukan lokasi, bukan untuk diterbitkan ulang"
"UD MANSUR",-7.7083152,112.104272,"syngenta","Jawa Timur","Kediri","Dusun Mediunan, Desa Ngampel, Kec.Papar, Kab. Kediri","085335001961","hak cipta Syngenta; rujukan lokasi, bukan untuk diterbitkan ulang"
"UD Manunggal",-7.0992648,111.1190671,"syngenta","Jawa Tengah","Grobogan","Dsn Tanjungsari Rt. 004/003 Desa Tlogotirto Kec. Gabus","082136129983","hak cipta Syngenta; rujukan lokasi, bukan untuk diterbitkan ulang"
"UD Merdeka Tani",-8.2654638,113.5907059,"syngenta","Jawa Timur","Jember","Jl. Gumukgebang no.52 Dsn. Gumukgebang, Rt. 006/014 Ds. Nogosari, Kec. Rambipuji","082340817318","hak cipta Syngenta; rujukan lokasi, bukan untuk diterbitkan ulang"
"UD Mina Tani",-7.1571309,113.5215115,"syngenta","Jawa Timur","Pamekasan","Dsn. Pacangan 2 Kecamatan Galis, Kec. Galis, Pamekasan - Madura","082334116987","hak cipta Syngenta; rujukan lokasi, bukan untuk diterbitkan ulang"
"Ud Mitra Tani",-7.3036534,111.9547916,"syngenta","Jawa Timur","Bojonegoro","Jl. Bahyangkara No. 17 Desa Sugiwaras","081233869576","hak cipta Syngenta; rujukan lokasi, bukan untuk diterbitkan ulang"
"UD Mitra Tani Kalikalong",-6.5065943,111.0311377,"syngenta","Jawa Tengah","Pati","Desa Kalikalong Rt. 004/004 Kec. Tayu","081325102578","hak cipta Syngenta; rujukan lokasi, bukan untuk diterbitkan ulang"
"Ud Mitra Tani Sejati",-7.9202897,111.5167926,"syngenta","Jawa Timur","Ponorogo","Jl. Mlarak Pulung Rt. 002/002 Desa Nglumpang Kec. Melarak","08125932815","hak cipta Syngenta; rujukan lokasi, bukan untuk diterbitkan ulang"
"UD MITRA USAHA",-8.0707348,112.7241509,"syngenta","Jawa Timur","Malang","JL. Pemuda, RT. 021/002, Desa Ngembal, Kec. WAJAK","081333199810","hak cipta Syngenta; rujukan lokasi, bukan untuk diterbitkan ulang"
"UD Muji Syukur",-7.5141123,112.4874586,"syngenta","Jawa Timur","Jombang","Ds. Mancar Kec. Peterongan, Jl. Raya Peterongan No. 240-241 Ds. Mancar Kec. Peterongan","081357311111","hak cipta Syngenta; rujukan lokasi, bukan untuk diterbitkan ulang"
"UD Mulya Sejahtera",-7.0800618,112.0372041,"syngenta","Jawa Timur","Bojonegoro","RT/RW 005/001 Ds. Pilang Kec. Kanor","085331702948","hak cipta Syngenta; rujukan lokasi, bukan untuk diterbitkan ulang"
"UD Mulya Tani",-6.1918472,106.4341806,"syngenta","Banten","Tangerang","Kp. Cariu RT. 001/003 Ds. Tobat, Kec. Balaraja, Kab. Tanggerang","081288716126","hak cipta Syngenta; rujukan lokasi, bukan untuk diterbitkan ulang"
"UD Mutiara Tani",-7.9969266,114.4034511,"syngenta","Jawa Timur","Banyuwangi","Jl. Raya Wongsorejo No. 53 Kec. Wongsorejo","081336899905","hak cipta Syngenta; rujukan lokasi, bukan untuk diterbitkan ulang"
"UD Nedya Laksana",-8.0174954,110.816549,"syngenta","Jawa Tengah","Wonogiri","Mlangse Lor RT/RW 001/005, Tubokarto, Pracimantoro","081328360208","hak cipta Syngenta; rujukan lokasi, bukan untuk diterbitkan ulang"
"UD Nuansa Tani",-7.8205449,111.4365318,"syngenta","Jawa Timur","Ponorogo","Dukuh Taji Desa Gelanglor Rt. 001/02 Kec. Sukorejo","085235757578","hak cipta Syngenta; rujukan lokasi, bukan untuk diterbitkan ulang"
"UD Panen Raya",-7.1060246,113.4777009,"syngenta","Jawa Timur","Pamekasan","Jl. Raya Palduding Ds. Plakpak, Ds. Pegantenan Kab. Pamekasan Madura","087750333383","hak cipta Syngenta; rujukan lokasi, bukan untuk diterbitkan ulang"
"UD Pangan Tani",-7.2340998,111.4300051,"syngenta","Jawa Tengah","Blora","Dsn Bapangan, Kel Mendenrejo, Kec Kradenan, Kab Blora","082299158024","hak cipta Syngenta; rujukan lokasi, bukan untuk diterbitkan ulang"
"UD Parto",-7.4864808,110.6899615,"syngenta","Jawa Tengah","Boyolali","DK. Sambi Rt. 004/002 Ds. Sambi Kec. Sambi","081548314150","hak cipta Syngenta; rujukan lokasi, bukan untuk diterbitkan ulang"
"Ud Pojok Tani",-7.7511111,111.3336111,"syngenta","Jawa Timur","Magetan","Bedak Pasar Parang No. 23 Kel. Parang Kec. Parang","081330435724","hak cipta Syngenta; rujukan lokasi, bukan untuk diterbitkan ulang"
"UD Pradita Abadi",-8.532343,114.3400858,"syngenta","Jawa Timur","Banyuwangi","Dsn Persen, RT. 016/003 Ds. Kedungasri, Kec. Tegaldlimo, Kab. Banyuwangi","082230172668","hak cipta Syngenta; rujukan lokasi, bukan untuk diterbitkan ulang"
"UD Pratama",-7.3525355,112.116195,"syngenta","Jawa Timur","Lamongan","Desa Sukorame Kec. Sukorame","085784916356","hak cipta Syngenta; rujukan lokasi, bukan untuk diterbitkan ulang"
"UD Pusaka Tani Tayu Pati",-6.5471327,111.04906,"syngenta","Jawa Tengah","Pati","Desa Sambiroto Kec. Tayu, Jl. Diponegoro No. 37 Desa Sambiroto Rt. 007/001 Kec. Tayu","081325612255","hak cipta Syngenta; rujukan lokasi, bukan untuk diterbitkan ulang"
"UD Putra Alam Semesta",-7.9843348,114.4084198,"syngenta","Jawa Timur","Banyuwangi","Dusun Kebunrejo Rt. 002/ 002 Alasrejo, Wongsorejo, Banyuwangi","085257771343","hak cipta Syngenta; rujukan lokasi, bukan untuk diterbitkan ulang"
"UD Putra Bhakti Jaya",-8.471295,114.2257,"syngenta","Jawa Timur","Banyuwangi","Dsn Kopen, Rt. 02/03, Ds. Kradenan, Kec. Puwoharjo Kab. Banyuwangi","081234598872","hak cipta Syngenta; rujukan lokasi, bukan untuk diterbitkan ulang"
"UD Putri Tani",-8.5421308,114.3074003,"syngenta","Jawa Timur","Banyuwangi","Dsn Gempoldampit Rt. 045/005 Ds. Kedungwungu Kec. Tegaldlimo","081358051000","hak cipta Syngenta; rujukan lokasi, bukan untuk diterbitkan ulang"
"UD Rahmad",-6.9860325,111.411008,"syngenta","Jawa Tengah","Blora","Jl. Mr. Iskandar No. 69 Ds. Jetis Kec. Blora","081225858597","hak cipta Syngenta; rujukan lokasi, bukan untuk diterbitkan ulang"
"UD Rajawali",-8.5011217,114.1587983,"syngenta","Jawa Timur","Banyuwangi","Dsn Kedungagung, Rt. 05/02 Ds. Sambirejo, Kec. Bangorejo","085204829777","hak cipta Syngenta; rujukan lokasi, bukan untuk diterbitkan ulang"
"UD Ridho Tani Toro",-7.7140728,111.4439843,"syngenta","Jawa Timur","Magetan","Kec. Nguntoronadi, Desa Nguntoronadi RT 05/01 Kec. Nguntoronadi","081259848480","hak cipta Syngenta; rujukan lokasi, bukan untuk diterbitkan ulang"
"UD Rizqi Abadi",-6.5398415,110.959605,"syngenta","Jawa Tengah","Pati","Desa Ngawen Rt. 002/001 Kec. Cluwak","085225022002","hak cipta Syngenta; rujukan lokasi, bukan untuk diterbitkan ulang"
"UD Rizqy Mubarok",-7.45412,110.6973469,"syngenta","Jawa Tengah","Boyolali","DK. Bendungan Rt. 004/002 Ds. Bendungan Kec. Simo","081548590700","hak cipta Syngenta; rujukan lokasi, bukan untuk diterbitkan ulang"
"UD Rohmad Tani",-7.5954922,110.6571188,"syngenta","Jawa Tengah","Klaten","Janti Rt. 002/001 Desa Janti Kec. Polan Harjo","081225974455","hak cipta Syngenta; rujukan lokasi, bukan untuk diterbitkan ulang"
"UD Rukun Tani",-7.6373594,112.1236468,"syngenta","Jawa Timur","Kediri","Jl. Diponogoro Rt. 001/002 Desa Bulu Kec. Purwoasri","081335548813","hak cipta Syngenta; rujukan lokasi, bukan untuk diterbitkan ulang"
"UD Sabar",-7.8156379,109.9958356,"syngenta","Jawa Tengah","Purworejo","Desa Purwosari Rt. 002/001 Kec. Purwodadi","081328832234","hak cipta Syngenta; rujukan lokasi, bukan untuk diterbitkan ulang"
"UD Sadak Blora",-6.933966,111.177299,"syngenta","Jawa Tengah","Blora","Desa Todanan Rt. 006/002 Kec. Todanan","081325408635","hak cipta Syngenta; rujukan lokasi, bukan untuk diterbitkan ulang"
"UD SARANA TANI",-6.1401271,106.6026064,"syngenta","Banten","Tangerang","Kp. Rawa Bereum, Lebakwangi, Sepatan Timur, Kab. Tangerang","081316806971","hak cipta Syngenta; rujukan lokasi, bukan untuk diterbitkan ulang"
"Ud Sari Makmur",-7.6291565,112.5334492,"syngenta","Jawa Timur","Mojokerto","Dusun Wonosari Desa Warunggunung Kec. Pecet","081235288945","hak cipta Syngenta; rujukan lokasi, bukan untuk diterbitkan ulang"
"UD Sari Tani Sejahtera",-7.0972573,110.6559767,"syngenta","Jawa Tengah","Grobogan","Jl. Raya Tanggung Harjo No. 99 Kec. Tanggung Harjo","081391509197","hak cipta Syngenta; rujukan lokasi, bukan untuk diterbitkan ulang"
"UD Sedaya Agro",-7.0707231,110.9240972,"syngenta","Jawa Tengah","Grobogan","Jl. Raya Getasrejo KM.1 Rt. 004/002 Krajan, Getasrejo","081390775555","hak cipta Syngenta; rujukan lokasi, bukan untuk diterbitkan ulang"
"Ud Setia Tani",-7.187069,112.1968893,"syngenta","Jawa Timur","Lamongan","Desa Telanak Kec Kedungpring Rt. 004/003","081235395055","hak cipta Syngenta; rujukan lokasi, bukan untuk diterbitkan ulang"
"UD Setya Putra",-7.0464195,112.029752,"syngenta","Jawa Timur","Tuban","Desa Punggulrejo RT/RW 001/002 Kec. Rengel","081330002799","hak cipta Syngenta; rujukan lokasi, bukan untuk diterbitkan ulang"
"UD Sinar Fajar",-8.4411559,114.3202625,"syngenta","Jawa Timur","Banyuwangi","Dsn Krajan Rt. 002/009 Ds. Tapanrejo Kec. Muncar","085336163510","hak cipta Syngenta; rujukan lokasi, bukan untuk diterbitkan ulang"
"UD SK",-7.6284745,110.5938702,"syngenta","Jawa Tengah","Klaten","Tanjung Anom Rt. 003/001 Krajan, Jatinom","081391561445","hak cipta Syngenta; rujukan lokasi, bukan untuk diterbitkan ulang"
"Ud Slamet",-7.7237475,109.7995866,"syngenta","Jawa Tengah","Kebumen","Jl. Raya Prembun Desa Bagung Kec. Perbun Kebumen","085327021208","hak cipta Syngenta; rujukan lokasi, bukan untuk diterbitkan ulang"
"UD Soko Rejeki",-7.6881952,112.1236468,"syngenta","Jawa Timur","Kediri","Sukomoro Rt. 001/001 Ds. Sukomoro Kec. Papar","08123404805","hak cipta Syngenta; rujukan lokasi, bukan untuk diterbitkan ulang"
"UD Srijaya",-8.3294675,113.5430891,"syngenta","Jawa Timur","Jember","Jl. Pahlawan No. 51-52 Desa Dukuhdempok, Kec. Wuluhan","08123483937","hak cipta Syngenta; rujukan lokasi, bukan untuk diterbitkan ulang"
"UD Subur",-7.5823512,110.9072491,"syngenta","Jawa Tengah","Sukoharjo","Jl. Raya Solo-Tawangmangu No 199 Palur Mojolaban Sukoharjo","08985246104","hak cipta Syngenta; rujukan lokasi, bukan untuk diterbitkan ulang"
"UD SUMBER AGUNG",-8.0984226,112.677872,"syngenta","Jawa Timur","Malang","JL. RAYA P DIPONEGORO RT. 002/001, Kel. Pringu, Kec. Bululawang","085234260109","hak cipta Syngenta; rujukan lokasi, bukan untuk diterbitkan ulang"
"Ud Sumber Barokah",-7.2181922,112.0744643,"syngenta","Jawa Timur","Bojonegoro","Desa Cengkir Rt. 009/003 Kec. Kepohbaru","081335406196","hak cipta Syngenta; rujukan lokasi, bukan untuk diterbitkan ulang"
"UD Sumber Jaya",-7.994639,114.4024715,"syngenta","Jawa Timur","Banyuwangi","Jl. Raya Wongsorejo Desa Wongsorejo Kec. Wongsorejo","082338287786","hak cipta Syngenta; rujukan lokasi, bukan untuk diterbitkan ulang"
"UD Sumber Makmur",-7.6944164,113.9625681,"syngenta","Jawa Timur","Situbondo","Dusun Weringin Anom, Dusun Weringin Anom Timur Rt. 006 /002","081217976999","hak cipta Syngenta; rujukan lokasi, bukan untuk diterbitkan ulang"
"UD Sumber Rahayu",-8.6563065,114.2039416,"syngenta","Jawa Timur","Banyuwangi","Dsn Sambirejo Rt. 002/001, Ds. Sambimulyo,Kec. Bangorejo,Kab. Banyuwangi","081334788789","hak cipta Syngenta; rujukan lokasi, bukan untuk diterbitkan ulang"
"UD Sumber Rejeki",-7.8014196,113.1650014,"syngenta","Jawa Timur","Probolinggo","Dusun Timur RT 19 RW 4, Muneng Kidul Sumberasih","085233860487","hak cipta Syngenta; rujukan lokasi, bukan untuk diterbitkan ulang"
"UD Sumber Tani",-6.2010365,107.0287185,"syngenta","Jawa Barat","Bekasi","Teluk Pucung Rt. 005/002 Kel. Teluk Pucung","082113909923","hak cipta Syngenta; rujukan lokasi, bukan untuk diterbitkan ulang"
"UD Sumber Tani",-7.2166003,111.4454748,"syngenta","Jawa Tengah","Blora","Desa Sumber Rt. 006/002 Kec. Kradenan","081329030514","hak cipta Syngenta; rujukan lokasi, bukan untuk diterbitkan ulang"
"UD Sumber Tani Crbn",-6.8444847,108.7348521,"syngenta","Jawa Barat","Cirebon","Dusun 04, RT. 004/004, Kel. Gebang, Kec. Gebang Kab. Cirebon","087887789993","hak cipta Syngenta; rujukan lokasi, bukan untuk diterbitkan ulang"
"UD Sumber Tani Makmur",-7.125486,112.7165369,"syngenta","Jawa Timur","Bangkalan","Jl. Raya Telang No. 16 Kec. Kamal","082333999275","hak cipta Syngenta; rujukan lokasi, bukan untuk diterbitkan ulang"
"UD Sumber Urip",-8.3552156,114.1186672,"syngenta","Jawa Timur","Banyuwangi","Dsn Jalen II Rt. 001/008, Ds. Setail, Kec. Genteng","081336250460","hak cipta Syngenta; rujukan lokasi, bukan untuk diterbitkan ulang"
"Ud Surya Tani",-7.3233626,112.4696225,"syngenta","Jawa Timur","Mojokerto","Temuiren Kec. Dawarblandong, Dusun Tambak Rejo Rt. 001/007 Temuiren Kec. Dawarblandong","081332936333","hak cipta Syngenta; rujukan lokasi, bukan untuk diterbitkan ulang"
"UD TANI 99 JAMBEAN",-8.4055086,114.3039522,"syngenta","Jawa Timur","Banyuwangi","Jl. Raya Muncar Ds. Kebaman. Kec. Srono, Kab. Banyuwangi","085259705175","hak cipta Syngenta; rujukan lokasi, bukan untuk diterbitkan ulang"
"Ud Tani Barokah",-7.1974123,110.5404566,"syngenta","Jawa Tengah","Grobogan","Dusun Sambirejo Rt. 006/003 Kel. Ringinpitu Kec. Tanggungharjo","085647861546","hak cipta Syngenta; rujukan lokasi, bukan untuk diterbitkan ulang"
"Ud Tani Barokah",-6.9492918,111.509567,"syngenta","Jawa Tengah","Blora","Dk Suruhan Rt. 001/002 Jeruk Kec. Bogorejo","081292777619","hak cipta Syngenta; rujukan lokasi, bukan untuk diterbitkan ulang"
"UD Tani Hasil",-8.2100618,113.2818745,"syngenta","Jawa Timur","Lumajang","Dusun Kebonsari Rt. 11/6 Kec. Yosowilangun, Desa Yosowilangun Kidul, Kabupaten Lumajang","085889999877","hak cipta Syngenta; rujukan lokasi, bukan untuk diterbitkan ulang"
"UD Tani Makmur",-7.1101048,113.0994846,"syngenta","Jawa Timur","Bangkalan","Ds. Blega, Dsn. Lomaer, Bangkalan - Madura","087816168100","hak cipta Syngenta; rujukan lokasi, bukan untuk diterbitkan ulang"
"Ud Tani Mulya Prb",-7.4720668,112.5484845,"syngenta","Jawa Timur","Sidoarjo","Dusun Pulosari Rt. 003/004 Desa Prambon Kec. Prambon, Sidoarjo","081331916910","hak cipta Syngenta; rujukan lokasi, bukan untuk diterbitkan ulang"
"UD TANI MULYO",-8.1209842,111.9021476,"syngenta","Jawa Timur","Tulungagung","Dsn Krajan RT02RW03, Kel Ngentrong Kec Campurdarat, Kab Tulungagung","082290565981","hak cipta Syngenta; rujukan lokasi, bukan untuk diterbitkan ulang"
"UD TIKA",-7.9859501,114.4075109,"syngenta","Jawa Timur","Banyuwangi","Jl. Raung, Dsn Kebunrejo, No. 41, RT. 003/001, Kel. Alasrejo, Wongsorejo","081252540829","hak cipta Syngenta; rujukan lokasi, bukan untuk diterbitkan ulang"
"UD Ugra Tani",-8.2123803,112.7546747,"syngenta","Jawa Timur","Malang","Kel. Dampit. Kec. Dampit, Pasar Kaki Lima Kel. Dampit. Kec. Dampit","081334306301","hak cipta Syngenta; rujukan lokasi, bukan untuk diterbitkan ulang"
"UD Wahyu Lestari",-6.9748918,111.207,"syngenta","Jawa Tengah","Blora","Desa Kedungwungu Rt. 02/01, Todanan","085330176422","hak cipta Syngenta; rujukan lokasi, bukan untuk diterbitkan ulang"
"UD. Adit Jaya Makmur",-7.3983282,112.4976892,"syngenta","Jawa Timur","Gresik","Kedunganyar, Wringinanom, Gresik","081357656118","hak cipta Syngenta; rujukan lokasi, bukan untuk diterbitkan ulang"
"UD. Agro Gemilang",-8.0459265,111.996923,"syngenta","Jawa Timur","Blitar","Jl. Soekarno Hatta No. 1, Kec. Wonodadi, Kab. Blitar","0811331724","hak cipta Syngenta; rujukan lokasi, bukan untuk diterbitkan ulang"
"UD. Agus Jaya",-6.8987918,109.2192231,"syngenta","Jawa Tengah","Tegal","Rt. 007/002 Desa Bangun Galih Kec. Kramat","081902566921","hak cipta Syngenta; rujukan lokasi, bukan untuk diterbitkan ulang"
"UD. Al Hikmah",-8.1397792,112.0565795,"syngenta","Jawa Timur","Tulungagung","Dsn Pelang Rt. 002/ 008 Ds. Banjarejo Kec. Rejotangan","081234402616","hak cipta Syngenta; rujukan lokasi, bukan untuk diterbitkan ulang"
"UD. Alya Tani",-6.2311424,107.5597166,"syngenta","Jawa Barat","Karawang","Jl. Raya Singa Perbangsa Dusun Kostim Rt. 001/003 Desa Sukatani Kec. Cilamaya Wetan","085779980009","hak cipta Syngenta; rujukan lokasi, bukan untuk diterbitkan ulang"
"UD. Among Tani",-7.7627748,112.2880897,"syngenta","Jawa Timur","Kediri","Jl. Malang Ds. Kandangan Kec Kandangan Kab. Kediri","081333103555","hak cipta Syngenta; rujukan lokasi, bukan untuk diterbitkan ulang"
"UD. An Nur",-6.9788439,112.5051393,"syngenta","Jawa Timur","Gresik","Sukorejo, Sidayu, Gresik","081230029228","hak cipta Syngenta; rujukan lokasi, bukan untuk diterbitkan ulang"
"UD. Anugrah Lestari Rejasa",-7.3851019,109.6892266,"syngenta","Jawa Tengah","Banjarnegara","RT 04 RW 03, Rejasa, Madukara","0812277889","hak cipta Syngenta; rujukan lokasi, bukan untuk diterbitkan ulang"
"UD. Anugrah Subur",-7.5192744,112.5990066,"syngenta","Jawa Timur","Mojokerto","Jl. Raya Kembang Ringgit Kav. 9, Kec. Pungging","081357615836","hak cipta Syngenta; rujukan lokasi, bukan untuk diterbitkan ulang"
"Ud. Ardy Mulyo",-7.390599,110.953644,"syngenta","Jawa Tengah","Sragen","Srimulyo Rt. 005 Kecik Kec. Tanon","081225855723","hak cipta Syngenta; rujukan lokasi, bukan untuk diterbitkan ulang"
"UD. Ayem",-7.484688,108.7832496,"syngenta","Jawa Tengah","Cilacap","Desa Cipari Kec. Cipari, Jl. A. Yani No. 03 Rt. 002/001 Desa Cipari Kec. Cipari","085291347376","hak cipta Syngenta; rujukan lokasi, bukan untuk diterbitkan ulang"
"UD. Bagas",-7.5815348,112.2890705,"syngenta","Jawa Timur","Jombang","Ds. Alang-Alang Caruban Kec. Jogoroto","081332631206","hak cipta Syngenta; rujukan lokasi, bukan untuk diterbitkan ulang"
"UD. Barokah",-8.1638545,112.7450068,"syngenta","Jawa Timur","Malang","Ds. Jambangan Rt. 026/004 Desa Jambangan Kec. Dampit","081233322428","hak cipta Syngenta; rujukan lokasi, bukan untuk diterbitkan ulang"
"UD. Barokah Jaya",-8.2839119,114.3014572,"syngenta","Jawa Timur","Banyuwangi","Ds. Labanasem, kec. kabat","082141455169","hak cipta Syngenta; rujukan lokasi, bukan untuk diterbitkan ulang"
"UD. Barokah Tani",-7.7051277,110.7196964,"syngenta","Jawa Tengah","Klaten","Tanggalan Jatimulyo Pedan Rt. 001/006","085647446642","hak cipta Syngenta; rujukan lokasi, bukan untuk diterbitkan ulang"
"UD. BERDIKARI",-7.3705159,111.1855171,"syngenta","Jawa Timur","Ngawi","Mantingan, Pule","082338375666","hak cipta Syngenta; rujukan lokasi, bukan untuk diterbitkan ulang"
"UD. Berkah Tani",-7.1971922,109.8514426,"syngenta","Jawa Tengah","Banjarnegara","Ds Pekasiran Rt. 001/001 Kec. Batur","085329267777","hak cipta Syngenta; rujukan lokasi, bukan untuk diterbitkan ulang"
"UD. Berkah Tani",-7.5543021,111.5498112,"syngenta","Jawa Timur","Madiun","Dk Cadi Dusun Bagi Rt. 022/004 Kec. Madiun","081330151882","hak cipta Syngenta; rujukan lokasi, bukan untuk diterbitkan ulang"
"UD. Berkah Tani - Lamongan",-7.0501544,112.5096093,"syngenta","Jawa Timur","Lamongan","Ds Jatirego Glagah","081252909089","hak cipta Syngenta; rujukan lokasi, bukan untuk diterbitkan ulang"
"UD. Berkat Tani - Bekasi",-6.133244,107.1605999,"syngenta","Jawa Barat","Bekasi","Kp. Galian Rt. 001/003 Ds. Sukakerta Kec. Sukawangi","085710177482","hak cipta Syngenta; rujukan lokasi, bukan untuk diterbitkan ulang"
"UD. Bimo Rukun Tani",-7.9433283,114.4203028,"syngenta","Jawa Timur","Banyuwangi","Dusun Aseman Desa Bimorejo Rt. 003/04, Kec.Wongsorejo","087857411388","hak cipta Syngenta; rujukan lokasi, bukan untuk diterbitkan ulang"
"UD. Bravo",-7.0793403,111.0907606,"syngenta","Jawa Tengah","Grobogan","Jl. Kusuma Bangsa No. 07 Rt. 005/006 Desa Kunden Kec. Wirosari","085712725888","hak cipta Syngenta; rujukan lokasi, bukan untuk diterbitkan ulang"
"UD. Cahaya Jaya",-7.7064138,112.8202335,"syngenta","Jawa Timur","Pasuruan","Jl. Alun-alun Contong RT. 002/ 003 Dusun Areng-Areng Barat Desa Sambisirah Kec. Wonorejo","081336644160","hak cipta Syngenta; rujukan lokasi, bukan untuk diterbitkan ulang"
"UD. Cahaya Tani",-7.0414338,113.6951006,"syngenta","Jawa Timur","Sumenep","Jl. Raya Ganding, No. 13, Ketawang Karay, Ganding","081332999006","hak cipta Syngenta; rujukan lokasi, bukan untuk diterbitkan ulang"
"UD. Catur Agroprima",-7.7555639,112.173546,"syngenta","Jawa Timur","Kediri","Jl. Kartini Perum. Gajahmada Blok A1 - 2 Ds Pelem Kec. Pare","081335662093","hak cipta Syngenta; rujukan lokasi, bukan untuk diterbitkan ulang"
"UD. Dakar",-6.9639048,111.8628205,"syngenta","Jawa Timur","Tuban","Dsn. Krajan Rt 018/006 Desa Talangkembar Kec. Montong","082257840785","hak cipta Syngenta; rujukan lokasi, bukan untuk diterbitkan ulang"
"UD. Devvina Mukti",-7.4191731,109.5895384,"syngenta","Jawa Tengah","Banjarnegara","Kios No.28 Komplek Pasar Gumiwang","081327472900","hak cipta Syngenta; rujukan lokasi, bukan untuk diterbitkan ulang"
"UD. DUA BERSAUDARA",-7.4849549,111.3113308,"syngenta","Jawa Timur","Ngawi","Rt. 01/05 Ds. Gentong, Paron","081293903092","hak cipta Syngenta; rujukan lokasi, bukan untuk diterbitkan ulang"
"UD. Eca Jaya",-8.4064405,113.6145128,"syngenta","Jawa Timur","Jember","Dsn. Tegalrejo Rt. 001/022 Desa Sabrang Kec. Ambulu","081336047770","hak cipta Syngenta; rujukan lokasi, bukan untuk diterbitkan ulang"
"UD. EKSANJAYA AGRICULTURE",-6.8879472,110.9917047,"syngenta","Jawa Tengah","Pati","Kios Pasar Kayen No. 34-36 Pati, Jl Kayen - Tambakromo ","081338660922","hak cipta Syngenta; rujukan lokasi, bukan untuk diterbitkan ulang"
"UD. Gangsar",-7.8831854,112.5309582,"syngenta","Jawa Timur","Batu","Jl. Dewi Sartika No. 15 (Samping Bank Mandiri) Kec. Batu","081333204348","hak cipta Syngenta; rujukan lokasi, bukan untuk diterbitkan ulang"
"UD. Hadi Usaha",-7.8358771,113.1381998,"syngenta","Jawa Timur","Probolinggo","Dusun Krajan, Patallan, Wonomerto","082301340911","hak cipta Syngenta; rujukan lokasi, bukan untuk diterbitkan ulang"
"UD. HANDYESA",-7.8819076,111.6049608,"syngenta","Jawa Timur","Ponorogo","Ds. Pulung Merdiko, Kec. Pulung","085235006716","hak cipta Syngenta; rujukan lokasi, bukan untuk diterbitkan ulang"
"UD. Harsa Karya",-7.6883851,111.4171331,"syngenta","Jawa Timur","Magetan","Jl. Bayangkara Rt. 002/001 Kawedanan","081235591625","hak cipta Syngenta; rujukan lokasi, bukan untuk diterbitkan ulang"
"UD. Hasil Bumi",-7.0985437,112.2756801,"syngenta","Jawa Timur","Lamongan","Jl. Veteran GG Astrowdjayo Rt. 003/002 Pucuk","085231740559","hak cipta Syngenta; rujukan lokasi, bukan untuk diterbitkan ulang"
"UD. Hasil Tani",-6.1206112,107.1571731,"syngenta","Jawa Barat","Bekasi","Kp. Cabang Pulo Bambu Rt. 001/001 Ds. Sukaindah Kec. Sukakarya","085697476929","hak cipta Syngenta; rujukan lokasi, bukan untuk diterbitkan ulang"
"UD. Herry Mulya Abadi",-7.02248,112.1002045,"syngenta","Jawa Timur","Tuban","Jl. Raya Pakah Plumpang Desa Ngrayung Rt. 001/001 Kec. Plumpang","081295880577","hak cipta Syngenta; rujukan lokasi, bukan untuk diterbitkan ulang"
"UD. Hidayah Wanayasa",-7.2450894,109.7532148,"syngenta","Jawa Tengah","Banjarnegara","Ds. Wanayasa Rt. 004/002 Kec. Wanayasa","082323242473","hak cipta Syngenta; rujukan lokasi, bukan untuk diterbitkan ulang"
"UD. IBU TANI",-7.8321609,113.2788971,"syngenta","Jawa Timur","Probolinggo","Dusun Bajul Rt. 003/001 Desa Tegal Mojo Kec.Tegalsiwalan Kab. Probolinggo","081235046111","hak cipta Syngenta; rujukan lokasi, bukan untuk diterbitkan ulang"
"UD. Ihsan - Tani Waris",-8.1895929,113.0785313,"syngenta","Jawa Timur","Lumajang","Dusun Krajan RT/RW 018/005 Yosowilangun, Kab. Lumajang","082234805869","hak cipta Syngenta; rujukan lokasi, bukan untuk diterbitkan ulang"
"UD. Indah Tani",-6.8230945,110.8513078,"syngenta","Jawa Tengah","Kudus","Jl. Pattimura KM. 2 Ds. Loram Wetan RT 005 RW 004 Kec. Jati Kab. Kudus","082332489715","hak cipta Syngenta; rujukan lokasi, bukan untuk diterbitkan ulang"
"UD. Insan Tani",-7.6848867,110.6630784,"syngenta","Jawa Tengah","Klaten","Pokak Ceper Klaten  Rt. 004/003","081329480144","hak cipta Syngenta; rujukan lokasi, bukan untuk diterbitkan ulang"
"Ud. Intan Jaya",-6.8073935,107.6456383,"syngenta","Jawa Barat","Bandung","Kp. Cibogo, RT. 002/010, Kel. Cibogo, Kec. Lembang, Kab. Bandung Barat","081214437413","hak cipta Syngenta; rujukan lokasi, bukan untuk diterbitkan ulang"
"UD. JAMAAH TANI",-7.6602827,111.8626771,"syngenta","Jawa Timur","Nganjuk","Bebrek","081359102525","hak cipta Syngenta; rujukan lokasi, bukan untuk diterbitkan ulang"
"UD. Jaya Abadi",-7.7072502,112.0750403,"syngenta","Jawa Timur","Kediri","Jl. Raya Papar Ds. Kedung Malang Kec. Papar","08125939879","hak cipta Syngenta; rujukan lokasi, bukan untuk diterbitkan ulang"
"UD. JAYA MAKMUR",-7.3256232,111.9034261,"syngenta","Jawa Timur","Bojonegoro","Jl. Raya Temayang Ds. Kedung sari Rt. 008/002","081335187768","hak cipta Syngenta; rujukan lokasi, bukan untuk diterbitkan ulang"
"UD. Jaya Marni",-6.4898874,106.4818167,"syngenta","Jawa Barat","Bogor","Kp. Sipak Rt. 001/006, Ds. Sipak, Kec. Jasinga, Kab. Bogor","085714651677","hak cipta Syngenta; rujukan lokasi, bukan untuk diterbitkan ulang"
"UD. Jaya Tani",-6.3415822,107.6562499,"syngenta","Jawa Barat","Subang","Jl. Raya Sukamandi Pantura Ruko Sukamandi No. 11, Kec. Ciasem","08129239878","hak cipta Syngenta; rujukan lokasi, bukan untuk diterbitkan ulang"
"UD. Kabul",-8.0791676,111.9978958,"syngenta","Jawa Timur","Blitar","Ds. Gandekan Kec. Wonodadi, Ds. Gandekan Rt. 003/002 Kec. Wonodadi","082230758815","hak cipta Syngenta; rujukan lokasi, bukan untuk diterbitkan ulang"
"UD. Karya Makmur Jaya",-6.1367555,107.180948,"syngenta","Jawa Barat","Bekasi","Kp. Tenjolaut Rt. 002/001 Ds. Sukakarya Kec. Sukakarya","085776702333","hak cipta Syngenta; rujukan lokasi, bukan untuk diterbitkan ulang"
"UD. Karya Tani",-7.7022902,110.698445,"syngenta","Jawa Tengah","Klaten","Sraten Kel. Kenden, Kec. Pedan, Kab. Klaten","085805340024","hak cipta Syngenta; rujukan lokasi, bukan untuk diterbitkan ulang"
"UD. Kawan Tani",-7.5474657,111.8777254,"syngenta","Jawa Timur","Nganjuk","Dsn Mojorembun Rt. 02/02 Kec. Rejoso","081290004900","hak cipta Syngenta; rujukan lokasi, bukan untuk diterbitkan ulang"
"UD. Kawan Tani",-8.1209557,111.902053,"syngenta","Jawa Timur","Tulungagung","Dsn Krajan Kec Boyolangu, Dsn Krajan RT/RW 002/004 Ds. Dukuh","081359570464","hak cipta Syngenta; rujukan lokasi, bukan untuk diterbitkan ulang"
"UD. Kedung Agung",-8.2060395,111.9731155,"syngenta","Jawa Timur","Tulungagung","Ds Sukorejo Kulon Rt. 001/001 Kec. Kalidawir","081335927242","hak cipta Syngenta; rujukan lokasi, bukan untuk diterbitkan ulang"
"UD. Kiat",-6.9041388,112.0580806,"syngenta","Jawa Timur","Tuban","Jl. Mojopahit No. 128 Rt. 001/001 Kel. Karang Kec. Semanding","082233203970","hak cipta Syngenta; rujukan lokasi, bukan untuk diterbitkan ulang"
"UD. Klnik Pertanian Widyatani",-6.3158795,108.0450467,"syngenta","Jawa Barat","Indramayu","Blok Kebon II Rt. 001/005 Desa Eretan Kulon Kec. Kandanghaur","081381175726","hak cipta Syngenta; rujukan lokasi, bukan untuk diterbitkan ulang"
"UD. Konco Tani",-8.1271771,112.3442083,"syngenta","Jawa Timur","Blitar","Ds. Popoh RT/RW 004/001 Kec. Selopuro","085646633178","hak cipta Syngenta; rujukan lokasi, bukan untuk diterbitkan ulang"
"UD. Ladang Subur",-7.7032021,114.0145826,"syngenta","Jawa Timur","Situbondo","Jl. Argopuro No. 3 RT 003 RW 003 Kel. Mimbaan Kec. Panji","081212671990","hak cipta Syngenta; rujukan lokasi, bukan untuk diterbitkan ulang"
"UD. Lancar Makmur",-7.280739,112.215797,"syngenta","Jawa Timur","Lamongan","Ds. Ngimbang Rt. 001/003 Kec.Ngimbang","081216442266","hak cipta Syngenta; rujukan lokasi, bukan untuk diterbitkan ulang"
"UD. Langgeng Tani",-6.8649107,108.8937698,"syngenta","Jawa Tengah","Brebes","Rt. 001/001 Desa Cimohong Kec. Bulakamba","082142253000","hak cipta Syngenta; rujukan lokasi, bukan untuk diterbitkan ulang"
"UD. Lebar Tani",-8.1209842,111.9021476,"syngenta","Jawa Timur","Tulungagung","Dsn Krajan Rt. 002/003 Ds Karangsono Kec. Ngunut","081234224302","hak cipta Syngenta; rujukan lokasi, bukan untuk diterbitkan ulang"
"UD. Legowo",-7.5933046,112.1638863,"syngenta","Jawa Timur","Jombang","Dsn. Bekel RT/RW. 003/002 Ds. KepuhKajang Kec. Perak","081335768116","hak cipta Syngenta; rujukan lokasi, bukan untuk diterbitkan ulang"
"UD. Lestari",-7.3898899,109.9634333,"syngenta","Jawa Tengah","Wonosobo","Kios Pasar Kertek Blok A No. 4 Kel. Kertek Kec. Kertek","08122958905","hak cipta Syngenta; rujukan lokasi, bukan untuk diterbitkan ulang"
"UD. Mahakarya Sentosa",-7.9587945,114.4143613,"syngenta","Jawa Timur","Banyuwangi","Dusun Krajan Rt. 007/002 Desa Sumber Kencono Kec. Wongsorejo","08123454312","hak cipta Syngenta; rujukan lokasi, bukan untuk diterbitkan ulang"
"UD. Maju Jaya",-7.4626257,110.7979229,"syngenta","Jawa Tengah","Boyolali","Dk Ringin Pitu Rt. 002/004 Desa Ketitang Kec. Nogosari","081329019593","hak cipta Syngenta; rujukan lokasi, bukan untuk diterbitkan ulang"
"UD. Maju Makmur",-7.2977508,112.5870873,"syngenta","Jawa Timur","Gresik","Ds. Menganti Rt. 021/007 Kec Menganti","081357432370","hak cipta Syngenta; rujukan lokasi, bukan untuk diterbitkan ulang"
"UD. Mega Mandiri",-8.3162866,113.4686802,"syngenta","Jawa Timur","Jember","Dusun Krajan Rt.004/003 Ds. Kasiyan, Puger","082334119253","hak cipta Syngenta; rujukan lokasi, bukan untuk diterbitkan ulang"
"UD. Mekar Tani",-7.4497718,112.7015495,"syngenta","Jawa Timur","Gresik","Kedamean, Gresik, Sidoharjo, Kedamean, Gresik","081332771121","hak cipta Syngenta; rujukan lokasi, bukan untuk diterbitkan ulang"
"UD. Mekar Wangi",-7.2405224,109.7978618,"syngenta","Jawa Tengah","Banjarnegara","Jl. Raya Penusupan Rt. 003/004 Penusupn, Pejawaran","085328024444","hak cipta Syngenta; rujukan lokasi, bukan untuk diterbitkan ulang"
"UD. Mertani",-7.052042,111.2338275,"syngenta","Jawa Tengah","Blora","RT 03 Rw 02, Kunduran, Kunduran, Blora","081325425375","hak cipta Syngenta; rujukan lokasi, bukan untuk diterbitkan ulang"
"UD. Miftah Tani",-7.6861193,114.0341175,"syngenta","Jawa Timur","Situbondo","Perum Istana Eramas Rt. 001/012 Curah Jeru Kec. Panji","08113695600","hak cipta Syngenta; rujukan lokasi, bukan untuk diterbitkan ulang"
"UD. Mitra Tani",-7.5323373,111.4847591,"syngenta","Jawa Timur","Magetan","Jl. Raya Karasan Desa Kartoharjo Rt. 007/003 Kec. Kartoharjo","081335649995","hak cipta Syngenta; rujukan lokasi, bukan untuk diterbitkan ulang"
"UD. Mitra Tani",-7.6927869,114.0330697,"syngenta","Jawa Timur","Situbondo","Jl. Raya Mangaran Rt. 001/007 Mangaran Kec. Mangaran","081348216551","hak cipta Syngenta; rujukan lokasi, bukan untuk diterbitkan ulang"
"UD. Moro Tani",-6.9831666,110.9298132,"syngenta","Jawa Tengah","Grobogan","Jl. Brati - Klambu, Brati","082260525517","hak cipta Syngenta; rujukan lokasi, bukan untuk diterbitkan ulang"
"UD. Mulur",-7.7287908,112.0761307,"syngenta","Jawa Timur","Kediri","Jl. Raya Pehkulon Kec. Papar","081246807388","hak cipta Syngenta; rujukan lokasi, bukan untuk diterbitkan ulang"
"UD. Murni",-7.0369879,113.7776096,"syngenta","Jawa Timur","Sumenep","Lenteng, Sumenep, Jl. Pasar Lenteng, Sumenep","082301379051","hak cipta Syngenta; rujukan lokasi, bukan untuk diterbitkan ulang"
"UD. Mutiara Tani",-7.2211475,109.8588848,"syngenta","Jawa Tengah","Banjarnegara","Ds Gembol Kec. Pejawaran","081327012810","hak cipta Syngenta; rujukan lokasi, bukan untuk diterbitkan ulang"
"UD. Nabil Jaya",-7.4191731,109.5895384,"syngenta","Jawa Tengah","Banjarnegara","Ds. Gumiwang Rt. 001/003, Purwanegara","081329377411","hak cipta Syngenta; rujukan lokasi, bukan untuk diterbitkan ulang"
"UD. Nur Kholil",-7.7020601,112.9031607,"syngenta","Jawa Timur","Pasuruan","Kec. Gondangwetan, Jl. Raya Ranggeh No 14 B RT/RW  002/I Kec. Gondangwetan","08123368967","hak cipta Syngenta; rujukan lokasi, bukan untuk diterbitkan ulang"
"UD. Nutri Bina Tani",-7.1462542,111.692902,"syngenta","Jawa Timur","Bojonegoro","RT/RW 002/001 Desa Sudu Kec. Gayam","081331194926","hak cipta Syngenta; rujukan lokasi, bukan untuk diterbitkan ulang"
"UD. Pojok Lestari",-8.192166,111.8288598,"syngenta","Jawa Timur","Tulungagung","Jl. Raya Popoh RT/RW 003/003, Ds. Pojok, Kec. Campurdarat","08123425316","hak cipta Syngenta; rujukan lokasi, bukan untuk diterbitkan ulang"
"UD. Pojok Tani Grobogan",-7.1828731,110.8001684,"syngenta","Jawa Tengah","Grobogan","Dusun Jetis Rt. 003/005 Desa Katong Kec. Toroh","081575085511","hak cipta Syngenta; rujukan lokasi, bukan untuk diterbitkan ulang"
"UD. Prima",-7.9700969,113.9030883,"syngenta","Jawa Timur","Bondowoso","Desa Patemon Rt. 002/001 Kec. Tlogosari","082331976666","hak cipta Syngenta; rujukan lokasi, bukan untuk diterbitkan ulang"
"UD. Pujilah",-8.0352029,111.413803,"syngenta","Jawa Timur","Ponorogo","Kec. Slahung, DS. Slahung Rt. 001/001 Kec. Slahung","085259324555","hak cipta Syngenta; rujukan lokasi, bukan untuk diterbitkan ulang"
"UD. Putra Jaya",-8.1389997,112.3122646,"syngenta","Jawa Timur","Blitar","Ds Selopuro Kec. Selopuro, Rt. 003/004 Ds Selopuro Kec. Selopuro","081334250549","hak cipta Syngenta; rujukan lokasi, bukan untuk diterbitkan ulang"
"UD. Putra Mandiri",-7.2966108,111.7227125,"syngenta","Jawa Timur","Bojonegoro","Desa Ngambon RT 015/004 Kec. Ngambon Kab. Bojonegoro","082247330600","hak cipta Syngenta; rujukan lokasi, bukan untuk diterbitkan ulang"
"UD. Putra Ulung",-6.9047785,112.042691,"syngenta","Jawa Timur","Tuban","Krajan Rt. 01/01 Desa Karang Kab. Tuban","081334432980","hak cipta Syngenta; rujukan lokasi, bukan untuk diterbitkan ulang"
"UD. Putri Jaya",-7.5443186,112.4789864,"syngenta","Jawa Timur","Mojokerto","Dsn. Badung, Ds. Kedunglengkong, Rt. 04/02, Kec. Dlanggu","085747246544","hak cipta Syngenta; rujukan lokasi, bukan untuk diterbitkan ulang"
"UD. Rahmad",-7.5851185,112.4812989,"syngenta","Jawa Timur","Mojokerto","Dsn.Ngrayung, Ds. Segunung, Dlanggu, Mojokerto","082244721981","hak cipta Syngenta; rujukan lokasi, bukan untuk diterbitkan ulang"
"Ud. Rejo Tani",-7.3345004,111.1116153,"syngenta","Jawa Tengah","Sragen","Dk. Nunggalrejo Rt. 002 Desa Dawung Kec. Jenar","081325700047","hak cipta Syngenta; rujukan lokasi, bukan untuk diterbitkan ulang"
"UD. RESTU TANI",-8.4411294,114.3202956,"syngenta","Jawa Timur","Banyuwangi","Jl. Tapan Rejo Dsn Krajan, Rt. 001/003, Ds Tapanrejo, Kab. Banyuwangi","085236666604","hak cipta Syngenta; rujukan lokasi, bukan untuk diterbitkan ulang"
"UD. Rindi Tani",-8.1862853,113.6532951,"syngenta","Jawa Timur","Jember","Jl. Udang Windu Rt. 002/002 Kel. Sempusari Kec. Kaliwates","082313225915","hak cipta Syngenta; rujukan lokasi, bukan untuk diterbitkan ulang"
"UD. Riski Tani",-8.1316785,113.9476988,"syngenta","Jawa Timur","Jember","Dsn. Kopang, RT. 003/006 Ds Slateng, Kec. Ledokombo, Kab Jember","082244370750","hak cipta Syngenta; rujukan lokasi, bukan untuk diterbitkan ulang"
"UD. Risna Nabati",-7.2430991,111.6019797,"syngenta","Jawa Timur","Bojonegoro","Ds. Tanjung Rt. 001/001 Kec. Tambakrejo Kab. Bojonegoro","081553722776","hak cipta Syngenta; rujukan lokasi, bukan untuk diterbitkan ulang"
"UD. Rizki Abadi",-7.2562392,111.5268621,"syngenta","Jawa Timur","Bojonegoro","Rt. 01/01 Kec. Ngraho Kec. Ngaya","082331113315","hak cipta Syngenta; rujukan lokasi, bukan untuk diterbitkan ulang"
"UD. Rizki Tani Pejawaran",-7.2410582,109.7859556,"syngenta","Jawa Tengah","Banjarnegara","Giritirta Rt. 001/001 Desa Giritirta Kec. Pejawaran","082137583244","hak cipta Syngenta; rujukan lokasi, bukan untuk diterbitkan ulang"
"UD. Rudy Jaya",-6.9089866,110.6349457,"syngenta","Jawa Tengah","Demak","Ds. Jogoloyo Rt. 01/01 Kec. Wonosalam Kab. Demak","085229841939","hak cipta Syngenta; rujukan lokasi, bukan untuk diterbitkan ulang"
"UD. Rusmadi",-8.1638735,111.8345011,"syngenta","Jawa Timur","Tulungagung","Dusun Krenggan Rt. 001/04 Desa Ngebong Kec. Pakel","0""08123431651""; 6281335777977","hak cipta Syngenta; rujukan lokasi, bukan untuk diterbitkan ulang"
"UD. Saprodi",-7.5963395,110.9482679,"syngenta","Jawa Tengah","Karanganyar","Ruko No. 12 Desa Dagen Rt. 004/012 Kel. Palur (Timur Palang Kereta Api Palur +200M)","085600023465","hak cipta Syngenta; rujukan lokasi, bukan untuk diterbitkan ulang"
"UD. SARA DJEVO INDONESIA",-7.3292136,111.804691,"syngenta","Jawa Timur","Bojonegoro","Kec. Bubulan, Ds. Cancung Rt. 04/02, Kec. Bubulan","082338777301","hak cipta Syngenta; rujukan lokasi, bukan untuk diterbitkan ulang"
"UD. Sasa Tani",-7.7028112,112.103716,"syngenta","Jawa Timur","Kediri","Jl. Papar-Pare No. 2 Ds. Tegowangi Kec. Plemahan","081335771552","hak cipta Syngenta; rujukan lokasi, bukan untuk diterbitkan ulang"
"UD. Semi Tani",-8.0895198,112.1485947,"syngenta","Jawa Timur","Blitar","Jl. Bengawan Solo No. 102 Kel Tanjungsari Kec. Sukorejo","08123567377","hak cipta Syngenta; rujukan lokasi, bukan untuk diterbitkan ulang"
"UD. SEMULUR",-7.6535825,111.8977041,"syngenta","Jawa Timur","Nganjuk","Jl. Wilis, Ds. Godean Loceret","081231419934","hak cipta Syngenta; rujukan lokasi, bukan untuk diterbitkan ulang"
"UD. Sido Makmur",-8.2948179,113.4865392,"syngenta","Jawa Timur","Jember","Dusun Krajan Rt. 002/003 Desa Bagon Kec. Puger","082141108829","hak cipta Syngenta; rujukan lokasi, bukan untuk diterbitkan ulang"
"UD. Sriwijaya",-7.7013097,113.8882172,"syngenta","Jawa Timur","Situbondo","Kp. Semekan selatan Rt. 001/02 Desa Klatakan Kec. Kendit Kab. Situbondo","085253932345","hak cipta Syngenta; rujukan lokasi, bukan untuk diterbitkan ulang"
"UD. Subur",-7.6035909,112.3113684,"syngenta","Jawa Timur","Jombang","Jl. Ngoro Mojoagung Rt. 001/002 Selorejo Kec. Mojowarno","085101167220","hak cipta Syngenta; rujukan lokasi, bukan untuk diterbitkan ulang"
"UD. Subur",-7.9301385,113.8248755,"syngenta","Jawa Timur","Bondowoso","Jl. KIS. Mangunsarkoro No. 261 Kec. Bondowoso","081358197669","hak cipta Syngenta; rujukan lokasi, bukan untuk diterbitkan ulang"
"Ud. Sumber Jaya",-7.2358117,112.4455374,"syngenta","Jawa Timur","Gresik","Desa Pinggir Rt. 001/001 Kec. Balong Panggang","081231410939","hak cipta Syngenta; rujukan lokasi, bukan untuk diterbitkan ulang"
"UD. Sumber Rejeki",-7.2919349,112.4812989,"syngenta","Jawa Timur","Gresik","Balong Mojo, Benjeng, Gresik","085100068832","hak cipta Syngenta; rujukan lokasi, bukan untuk diterbitkan ulang"
"UD. SUMBER REJEKI",-8.4411723,114.3203769,"syngenta","Jawa Timur","Banyuwangi","Dsn Krajan Rt. 002/004 Ds. Sumber Sewu Kec. Muncar","085130326561","hak cipta Syngenta; rujukan lokasi, bukan untuk diterbitkan ulang"
"UD. Sumber Rejeki - Gondang Wetan",-7.6921677,112.8959675,"syngenta","Jawa Timur","Pasuruan","Jl. Raya Bajangan Rt. 002/002 Desa Bajangan, Kec. Gondang Wetan","081333211131","hak cipta Syngenta; rujukan lokasi, bukan untuk diterbitkan ulang"
"UD. Sumber Tani",-7.6211067,108.9442804,"syngenta","Jawa Tengah","Cilacap","Desa Kubangkangkung Rt. 002/001 Kec. Kawunganten","082134179147","hak cipta Syngenta; rujukan lokasi, bukan untuk diterbitkan ulang"
"UD. Sumber Tani",-7.2642151,109.7264281,"syngenta","Jawa Tengah","Banjarnegara","Desa Karangkobar Rt. 003/02 Kec. Karangkobar","081228849615","hak cipta Syngenta; rujukan lokasi, bukan untuk diterbitkan ulang"
"UD. Sumber Tani Playen",-7.9451977,110.5848608,"syngenta","DI Yogyakarta","Gunung Kidul","Siyono Wetan Rt. 066/010 Logandeng, Playen, Gunung Kidul","081328574619","hak cipta Syngenta; rujukan lokasi, bukan untuk diterbitkan ulang"
"UD. Sumber Tani Tri",-7.1939164,109.7532148,"syngenta","Jawa Tengah","Banjarnegara","Ds. Jatilawang Rt.02/001, Wanayasa","085227674573","hak cipta Syngenta; rujukan lokasi, bukan untuk diterbitkan ulang"
"UD. Sumbere Tani",-8.473853,114.2257445,"syngenta","Jawa Timur","Banyuwangi","Jl. Raya Grajagan No. 121 A, Purwoharjo","081234866334","hak cipta Syngenta; rujukan lokasi, bukan untuk diterbitkan ulang"
"UD. Surya Tani",-7.2179977,111.3649879,"syngenta","Jawa Tengah","Blora","Dukuh Pojok Rt. 004/004 Desa Randublatung Kec. Randublatung","081390766154","hak cipta Syngenta; rujukan lokasi, bukan untuk diterbitkan ulang"
"UD. SW",-6.9236704,110.7927786,"syngenta","Jawa Tengah","Kudus","Jl. Kudus-Purwodadi KM.6 Ngemplak Rt. 001/003 Kec. Undaan","085642011472","hak cipta Syngenta; rujukan lokasi, bukan untuk diterbitkan ulang"
"UD. Tani Agung",-7.6546435,110.8627789,"syngenta","Jawa Tengah","Sukoharjo","Dk. Gentan Rt. 001/001 Desa Gentan Kec. Bendosari","081282602606","hak cipta Syngenta; rujukan lokasi, bukan untuk diterbitkan ulang"
"UD. Tani Bersama",-7.4536057,109.5248252,"syngenta","Jawa Tengah","Banjarnegara","Ds. Mandiraja Kulon Rt. 003/003 Mandiraja Kulon Kec. Mandiraja","081327441188","hak cipta Syngenta; rujukan lokasi, bukan untuk diterbitkan ulang"
"UD. Tani Jaya Unggul",-7.3594009,110.176742,"syngenta","Jawa Tengah","Temanggung","Nolobangsan Barat Rt. 003/ 004 Menggoro,Tembarak","08156868598","hak cipta Syngenta; rujukan lokasi, bukan untuk diterbitkan ulang"
"UD. Tani Karya",-8.1072464,111.9410707,"syngenta","Jawa Timur","Tulungagung","Dsn Doropayung Rt. 002/002 Ds. Doroampel Kec. Sumbergempol","082142857843","hak cipta Syngenta; rujukan lokasi, bukan untuk diterbitkan ulang"
"Ud. Tani Makmur",-6.9078972,109.7337161,"syngenta","Jawa Tengah","Batang","Jl. Jendral Sudirman No. 1","085200643630","hak cipta Syngenta; rujukan lokasi, bukan untuk diterbitkan ulang"
"UD. Tani Makmur",-7.9971745,112.0446562,"syngenta","Jawa Timur","Blitar","RT/RW 005/001 Ds. Slemanan Kec. Udanawu Blitar","085785726180","hak cipta Syngenta; rujukan lokasi, bukan untuk diterbitkan ulang"
"UD. Tani Makmur",-7.761506,113.4136151,"syngenta","Jawa Timur","Probolinggo","Jl. Panglima Sudirman No. 371 Kel. Patokan Kec. Kraksaan Kab. Probolinggo","081333464155","hak cipta Syngenta; rujukan lokasi, bukan untuk diterbitkan ulang"
"UD. Tani Makmur Sendang Soka",-6.7696061,111.114596,"syngenta","Jawa Tengah","Pati","Dk. Bangkeyan RT 002 RW 003 Desa Tambahmulyo Kec. Jakenan","081326860379","hak cipta Syngenta; rujukan lokasi, bukan untuk diterbitkan ulang"
"UD. Tani Mandiri",-7.5663229,112.4831591,"syngenta","Jawa Timur","Mojokerto","Dlanggu, Mojokerto","085649508885","hak cipta Syngenta; rujukan lokasi, bukan untuk diterbitkan ulang"
"UD. Tani Mandiri",-8.17236,111.7748807,"syngenta","Jawa Timur","Tulungagung","Jl. Bandung Kopoh Dusun Klumpit Rt. 001/001 Ds Suwaru Kec. Bandung","082140333361","hak cipta Syngenta; rujukan lokasi, bukan untuk diterbitkan ulang"
"UD. TANI MAREM",-6.7795893,111.2278658,"syngenta","Jawa Tengah","Pati","DS. Sumberrejo Rt. 02/02, Kec. Jaken","081228522699","hak cipta Syngenta; rujukan lokasi, bukan untuk diterbitkan ulang"
"UD. Tani Mas",-6.7984056,107.6545969,"syngenta","Jawa Barat","Bandung Barat","Kp. Pasar Ahad No. 65 Rt. 004/002 Desa Cikole, Kec. Lembang","08122356667","hak cipta Syngenta; rujukan lokasi, bukan untuk diterbitkan ulang"
"UD. Tani Oton",-7.2108429,109.8276338,"syngenta","Jawa Tengah","Banjarnegara","Batur Rt. 006/004 Kel. Batur Kec. Batur","085227522882","hak cipta Syngenta; rujukan lokasi, bukan untuk diterbitkan ulang"
"UD. Tani Rejo",-7.6142498,112.2492686,"syngenta","Jawa Timur","Jombang","Jl. Mojowarno, Rt. 002/011, dsn. sumoyono, Ds. Cukir, Kec. Diwek","081217196337","hak cipta Syngenta; rujukan lokasi, bukan untuk diterbitkan ulang"
"UD. Tani Tujuh",-8.2543326,113.7692328,"syngenta","Jawa Timur","Jember","Dsn Peji Mangar Rt. 004/001 Desa Lampeji Kec. Mumbulsari","081234572017","hak cipta Syngenta; rujukan lokasi, bukan untuk diterbitkan ulang"
"UD. Tanjung Tani",-8.1478782,111.9612695,"syngenta","Jawa Timur","Tulungagung","Ds. Tanjung Rt. 002/001 Ds. Tanjung Kec. Kalidawir","085736040405","hak cipta Syngenta; rujukan lokasi, bukan untuk diterbitkan ulang"
"UD. Teluge Agro",-7.7410625,109.9392655,"syngenta","Jawa Tengah","Purworejo","Desa Dewi Rt. 001/002, Bayan","08112638318","hak cipta Syngenta; rujukan lokasi, bukan untuk diterbitkan ulang"
"UD. Tirta Tani",-7.142557,111.5617354,"syngenta","Jawa Tengah","Blora","RT 03 RW 05 Kel. Tambakromo Kec. Cepu Kab. Blora","081325595612","hak cipta Syngenta; rujukan lokasi, bukan untuk diterbitkan ulang"
"Ud. Toko Satrio Tani",-7.4719346,109.5597842,"syngenta","Jawa Tengah","Banjarnegara","karanganyar,purwonegoro","081378421969","hak cipta Syngenta; rujukan lokasi, bukan untuk diterbitkan ulang"
"UD. Toko Tani Makmur",-7.2117134,109.8127449,"syngenta","Jawa Tengah","Banjarnegara","Ds. Batur Rt. 002/001 Kec. Batur","082323833923","hak cipta Syngenta; rujukan lokasi, bukan untuk diterbitkan ulang"
"UD. Trisna Jaya",-8.279766,113.3759054,"syngenta","Jawa Timur","Jember","Jl. Diponegoro No 17 Kec. Kencong - Jember","081232308767","hak cipta Syngenta; rujukan lokasi, bukan untuk diterbitkan ulang"
"UD. Tujuh Saudara",-7.262383,112.500169,"syngenta","Jawa Timur","Gresik","Bulurejo, Benjeng, Gresik, Bulurejo, RT/RW 001/001, Benjeng, Gresik","085606106955","hak cipta Syngenta; rujukan lokasi, bukan untuk diterbitkan ulang"
"UD. Tunas Baru",-7.8093539,111.1926192,"syngenta","Jawa Tengah","Wonogiri","Bulurejo Rt. 002/03, Kec. Bulukerto","081329447357","hak cipta Syngenta; rujukan lokasi, bukan untuk diterbitkan ulang"
"UD. Usaha Lancar",-7.4409031,111.4782661,"syngenta","Jawa Timur","Ngawi","Desa Plosorejo, Kec. Kandangan","085856146565","hak cipta Syngenta; rujukan lokasi, bukan untuk diterbitkan ulang"
"UD. Zakariya",-7.0123552,109.9128622,"syngenta","Jawa Tengah","Batang","Kalibening Rt. 001/002 Ds. Kalisalak Kec. Limpung","085641564411","hak cipta Syngenta; rujukan lokasi, bukan untuk diterbitkan ulang"
"UD. Zein",-7.7387509,113.9358031,"syngenta","Jawa Timur","Situbondo","Rt. 001/ 001 Dusun Taman Sari Desa Kendit Kecamatan Kendit","085204570256","hak cipta Syngenta; rujukan lokasi, bukan untuk diterbitkan ulang"
"UD.DEMANGAN",-7.7775411,113.4031928,"syngenta","Jawa Timur","Probolinggo","Dusun Kademangan RT/RW : 001/004 Desa Sentong Kec. Krejengan Kab. Probolinggo","085230033127","hak cipta Syngenta; rujukan lokasi, bukan untuk diterbitkan ulang"
"UD.Harapan Jaya Bahagia",-7.0923011,111.8658015,"syngenta","Jawa Timur","Tuban","Dusun Wonorejo, Rt. 016/003, Desa Suciharjo, Kec. Parengan","085374151737","hak cipta Syngenta; rujukan lokasi, bukan untuk diterbitkan ulang"
"UD.Karya Makmur",-6.8738741,111.5855839,"syngenta","Jawa Tengah","Rembang","Desa Mrayun Rt. 004/ 004 Kec. Sale","085249331010","hak cipta Syngenta; rujukan lokasi, bukan untuk diterbitkan ulang"
"UD.Lantabura",-7.1741145,112.3081829,"syngenta","Jawa Timur","Lamongan","Jl. Sugio Kembangbahu Ds. German Rt. 004/001 Kec. Sugio","081336161440","hak cipta Syngenta; rujukan lokasi, bukan untuk diterbitkan ulang"
"UD.Lestari",-7.2872175,112.2285299,"syngenta","Jawa Timur","Lamongan","Jl. Raya ngimbang Dsn Bujel Ds. Sedangrejo Kec. Ngimbang","081216133020","hak cipta Syngenta; rujukan lokasi, bukan untuk diterbitkan ulang"
"UD.Mulia",-6.9639048,111.8628205,"syngenta","Jawa Timur","Tuban","Desa Talang Kembar Rt. 001/001 Kec.Montong","081359545350","hak cipta Syngenta; rujukan lokasi, bukan untuk diterbitkan ulang"
"UD.Oryza Tani",-6.9815691,111.4141742,"syngenta","Jawa Tengah","Blora","Jl. Manggis No. 2A Rt. 005/002, Mlangsen","081393781073","hak cipta Syngenta; rujukan lokasi, bukan untuk diterbitkan ulang"
"UD.Rahmat Jaya",-7.2898423,112.0565795,"syngenta","Jawa Timur","Bojonegoro","Desa Drokilo Rt. 06/02 Kec. Kedungadem Kab. Bojonegoro","081252461508","hak cipta Syngenta; rujukan lokasi, bukan untuk diterbitkan ulang"
"UD.REJEKI TANI",-7.1134105,111.9492682,"syngenta","Jawa Timur","Tuban","DSN. LOSARI, RT. 002/006, DESA SOKOSARI, Kec. Soko, KaB. Tuban","081450222688","hak cipta Syngenta; rujukan lokasi, bukan untuk diterbitkan ulang"
"UD.RISDA",-7.8131268,113.377889,"syngenta","Jawa Timur","Probolinggo","Dusun Krajan Rt. 004/003 Desa Selogudig Wetan Kec. Pajarakan Kab. Probolinggo","081336826768","hak cipta Syngenta; rujukan lokasi, bukan untuk diterbitkan ulang"
"UD.Safira",-7.116667,111.716667,"syngenta","Jawa Timur","Bojonegoro","jl. Sukandar No.69 Desa Malo Kec. Malo Kab. Bojonegoro","082141030605","hak cipta Syngenta; rujukan lokasi, bukan untuk diterbitkan ulang"
"UD.Sahabat Tani",-7.1605175,111.563318,"syngenta","Jawa Tengah","Blora","Jl. Cepu-Randublatung Rt. 003/003","081328837857","hak cipta Syngenta; rujukan lokasi, bukan untuk diterbitkan ulang"
"UD.SUMBER REJEKI",-7.6141049,112.7502207,"syngenta","Jawa Timur","Pasuruan","Dusun Kluncinglegi Desa Kenep RT 001 / RW 003 Kecamatan Beji Kabupaten Pasuruan","085106630999","hak cipta Syngenta; rujukan lokasi, bukan untuk diterbitkan ulang"
"Ugay Tani",-6.4562334,107.2143526,"syngenta","Jawa Barat","Karawang","Kertasari, Pangkalan, Dusun Lamping Rt. 001/001 Ds Kertasari Kec. Pangkalan","089637742976","hak cipta Syngenta; rujukan lokasi, bukan untuk diterbitkan ulang"
"Ugra Tani",-8.1346439,112.7211714,"syngenta","Jawa Timur","Malang","Jl. Hasanudin Rt. 012/004 Desa Codo Kec. Wajak","081233218366","hak cipta Syngenta; rujukan lokasi, bukan untuk diterbitkan ulang"
"Ulya Tani",-6.7657349,108.430572,"syngenta","Jawa Barat","Cirebon","Blok Telar Ampo Rt. 009/03, Ds. Cangkoak, Kec. Dukupuntang","085295814228","hak cipta Syngenta; rujukan lokasi, bukan untuk diterbitkan ulang"
"Unggul Jaya",-6.8292699,111.996989,"syngenta","Jawa Timur","Tuban","Jl. Raya Beji Desa Beji No. 87 Rt. 003/01, Kec. Jenu","081231485963","hak cipta Syngenta; rujukan lokasi, bukan untuk diterbitkan ulang"
"Unggul Sarana Tani",-6.296708,107.328057,"syngenta","Jawa Barat","Karawang","Jl. Jati Rt. 009/003","081382851635","hak cipta Syngenta; rujukan lokasi, bukan untuk diterbitkan ulang"
"Unggul Tani",-6.6929654,111.1101249,"syngenta","Jawa Tengah","Pati","Desa Bangsalrejo Rt. 001/002 Wedariaksa Pati","082335359827","hak cipta Syngenta; rujukan lokasi, bukan untuk diterbitkan ulang"
"Usaha Baru",-7.4226038,111.1831534,"syngenta","Jawa Timur","Ngawi","Dusun Sukorejo Rt. 009/001 Desa Bayubiru Kec. Widodaren","082225618571","hak cipta Syngenta; rujukan lokasi, bukan untuk diterbitkan ulang"
"Usaha Mandiri",-7.4541511,111.6176501,"syngenta","Jawa Timur","Ngawi","Dsn Nongo Rt. 001/003 Ds. Legundi Kec. Karangjati","085745516168","hak cipta Syngenta; rujukan lokasi, bukan untuk diterbitkan ulang"
"Usaha Tani",-6.721375,108.5600633,"syngenta","Jawa Barat","Cirebon","Jl. Pasuketan No. 93, Kec. Pekalipan","081904460068","hak cipta Syngenta; rujukan lokasi, bukan untuk diterbitkan ulang"
"Usaha Tani",-7.683129,110.7053609,"syngenta","Jawa Tengah","Klaten","Jl. Raya Pasar Pedan, Troketen, Pedan, Klaten","085852328000","hak cipta Syngenta; rujukan lokasi, bukan untuk diterbitkan ulang"
"Usaha Tani",-7.4325601,110.9483609,"syngenta","Jawa Tengah","Sragen","DK. Pasar Rahayu Rt. 021 Kel. Patihan Kec. Sidoharjo","081327666100","hak cipta Syngenta; rujukan lokasi, bukan untuk diterbitkan ulang"
"Usaha Tani",-7.6418429,111.5175339,"syngenta","Jawa Timur","Madiun","Jl Trunojoyo No 56 Madiun","08125979007","hak cipta Syngenta; rujukan lokasi, bukan untuk diterbitkan ulang"
"Usaha Tani - Blitar",-8.0889788,112.1240636,"syngenta","Jawa Timur","Blitar","Jl. Supriyadi No. 7 Tugurante Desa Bendo, Kec. Tonggok","081252521024","hak cipta Syngenta; rujukan lokasi, bukan untuk diterbitkan ulang"
"Usaha Tani - Cirebon",-6.721375,108.5600633,"syngenta","Jawa Barat","Cirebon","Jl. Pasuketan No. 93 Kec. Pekalipan","081904460058","hak cipta Syngenta; rujukan lokasi, bukan untuk diterbitkan ulang"
"Usaha Tani - Pandeglang",-6.8099748,105.8583873,"syngenta","Banten","Pandeglang","Kp. Cikareo Desa Sukawaris Kec. Cikeusik","085221619445","hak cipta Syngenta; rujukan lokasi, bukan untuk diterbitkan ulang"
"Usaha Tani Ringinsari",-7.7755231,110.4346806,"syngenta","DI Yogyakarta","Sleman","Ringinsari Rt. 001/XI Kel. Bokoharjo Kec. Prambanan","081227878024","hak cipta Syngenta; rujukan lokasi, bukan untuk diterbitkan ulang"
"Vika Tani",-7.7065032,110.7941977,"syngenta","Jawa Tengah","Sukoharjo","Sidorejo RT/RW 003/005 Desa Tangkisan","081329063929","hak cipta Syngenta; rujukan lokasi, bukan untuk diterbitkan ulang"
"Wahyu Aji",-6.9187069,110.5826261,"syngenta","Jawa Tengah","Demak","DS Karang Towo RT 07 RW 01","085776190004","hak cipta Syngenta; rujukan lokasi, bukan untuk diterbitkan ulang"
"Wahyu Tani",-7.8333521,112.1109787,"syngenta","Jawa Timur","Kediri","Dsn Bangkok Timur Rt. 001/001 Ds. Bangkok Kec. Gurah","081259276555","hak cipta Syngenta; rujukan lokasi, bukan untuk diterbitkan ulang"
"Wahyuning Rahmadani",-7.4422632,111.549082,"syngenta","Jawa Timur","Ngawi","Jl. Raya Ngawi-Caruban, Rt. 02/03, Padas, Ngawi","085655829085","hak cipta Syngenta; rujukan lokasi, bukan untuk diterbitkan ulang"
"Wali Tani",-7.1997176,111.8721215,"syngenta","Jawa Timur","Bojonegoro","Grits Rajekwesi Indah No. 2 Kec. Ngumpak Dalem","08125922876","hak cipta Syngenta; rujukan lokasi, bukan untuk diterbitkan ulang"
"Waluya Tani",-6.2970544,107.5653089,"syngenta","Jawa Barat","Karawang","Kp. Gempol Pasar Utara Rt. 001/001 Desa Gempol Kec. Bayusari","081288196669","hak cipta Syngenta; rujukan lokasi, bukan untuk diterbitkan ulang"
"Wanda Eka Tani",-6.5778807,108.4009001,"syngenta","Jawa Barat","Cirebon","Jl. Desa Dusun I, Rt. 004/001, Ds. Wargabinangun, Kec. Kaliwedi","081931447855","hak cipta Syngenta; rujukan lokasi, bukan untuk diterbitkan ulang"
"Warman Tani",-6.3633917,107.9994612,"syngenta","Jawa Barat","Indramayu","Blok Tulang Kacang Rt. 015/003 Cipaat Kec. Bongas","081298055001","hak cipta Syngenta; rujukan lokasi, bukan untuk diterbitkan ulang"
"Werdi Tani",-7.5823245,109.1731396,"syngenta","Jawa Tengah","Cilacap","Jl. Raya Glempang Rt. 001/006 Glempang, Maos","081391114261","hak cipta Syngenta; rujukan lokasi, bukan untuk diterbitkan ulang"
"Widjaya PS",-7.0572451,110.6698754,"syngenta","Jawa Tengah","Grobogan","Jl. Hasan Anwar No. 2 A Gubug","081390140716","hak cipta Syngenta; rujukan lokasi, bukan untuk diterbitkan ulang"
"Widji Lestari",-7.601635,111.9362493,"syngenta","Jawa Timur","Nganjuk","Jl. Raya Madiun - Surabaya Kel/Ds. Pehserut Kec. Sukomoro","082140720659","hak cipta Syngenta; rujukan lokasi, bukan untuk diterbitkan ulang"
"Wiguna Tani",-7.5812849,110.1354593,"syngenta","Jawa Tengah","Magelang","Komplek Pertokoan Terminal Salaman Blok. A 16,17, Salaman","0816688013","hak cipta Syngenta; rujukan lokasi, bukan untuk diterbitkan ulang"
"Wiguno",-7.6120716,109.5077185,"syngenta","Jawa Tengah","Kebumen","Jl. Semporlama No. 27 Kel. Wonokrio RT/RW 001/011 Kec. Gombong","081327234210","hak cipta Syngenta; rujukan lokasi, bukan untuk diterbitkan ulang"
"Wijaya Agro",-7.8325858,110.9119181,"syngenta","Jawa Tengah","Wonogiri","Wuryorejo,Wonogiri","0811295540","hak cipta Syngenta; rujukan lokasi, bukan untuk diterbitkan ulang"
"Wijaya Tani",-6.5044536,105.7967419,"syngenta","Banten","Pandeglang","Kp.Lame, Kel. Panimbang Jaya, Kec. Panimbang, Kab. Pandeglang","087772165329","hak cipta Syngenta; rujukan lokasi, bukan untuk diterbitkan ulang"
"Wira Tani",-6.7340601,107.0417102,"syngenta","Jawa Barat","Cianjur","Pasar Terminal Cipanas Blok. Rahayu No. 24-25 Desa Cipanas Kec. Cipanas","081214004057","hak cipta Syngenta; rujukan lokasi, bukan untuk diterbitkan ulang"
"Wukir Sari",-8.1895929,113.0785313,"syngenta","Jawa Timur","Lumajang","Dusun Krajan Rt. 01/02 Tumpeng Candipuro Lumajang","085235724595","hak cipta Syngenta; rujukan lokasi, bukan untuk diterbitkan ulang"
"Yandi Mulya Tani",-6.4255999,107.8258075,"syngenta","Jawa Barat","Subang","Dsn. Babakan Jengkol RT/RW 010/002, Ds. Karangsari, Kec. Binong","081224441596","hak cipta Syngenta; rujukan lokasi, bukan untuk diterbitkan ulang"
"Yoga Tani",-7.9110809,111.4253892,"syngenta","Jawa Timur","Ponorogo","Dkh. Krajan Kel/Ds. Sukosari Kec. Babadan","081335301399","hak cipta Syngenta; rujukan lokasi, bukan untuk diterbitkan ulang"
"Yulia Tani",-6.7445685,105.8789403,"syngenta","Banten","Pandeglang","Kp. Sukaseneng Rt. 002/003 Ds Sukaseneng Kec. Cikeusik","082286440080","hak cipta Syngenta; rujukan lokasi, bukan untuk diterbitkan ulang"
"Zaetih Tani",-6.4996225,108.5166348,"syngenta","Jawa Barat","Indramayu","Blok Tiga Rt. 005/003 Kalianyar Krangkeng","082127353530","hak cipta Syngenta; rujukan lokasi, bukan untuk diterbitkan ulang"
"Zea Makmur",-8.3785956,114.3252291,"syngenta","Jawa Timur","Banyuwangi","Dsn Sumberjoyo RT.003/004, Ds. Kumendung, Kec. Muncar, Kab. Banyuwangi","081336773918","hak cipta Syngenta; rujukan lokasi, bukan untuk diterbitkan ulang"
"Zidan Tani",-6.4580118,108.2987578,"syngenta","Jawa Barat","Indramayu","Blok Gejleg Rt. 002/004 Ds. Ujungaris, Kec. Widasari","087718555551","hak cipta Syngenta; rujukan lokasi, bukan untuk diterbitkan ulang"
