pemohon,jenis_badan,jumlah_varietas,jumlah_ejaan_digabung,komoditas_utama,komoditas_semua,tahun_pertama,tahun_terakhir,jenis_perizinan_terbanyak
PT East West Seed Indonesia,PT,428,3,Tanaman Sayuran,Tanaman Sayuran;Tanaman Buah;Hortikultura;Tanaman Flori,1999,2026,Pelepasan Varietas Tanaman
Balai Penelitian Tanaman Hias,Pemerintah,351,1,Tanaman Flori,Tanaman Flori;Tanaman Sayuran,2000,2022,Pelepasan Varietas Tanaman
n/a (Era pelepasan - pengusul),perorangan/lainnya,342,1,Tanaman Buah,Tanaman Buah;Tanaman Sayuran;Tanaman Obat;Tanaman Flori,1980,2008,Pelepasan Varietas Tanaman
PT Benih Citra Asia,PT,298,4,Tanaman Sayuran,Tanaman Sayuran;Tanaman Buah;Tanaman Pangan;Hortikultura;Tanaman Flori;Tanaman Perkebunan,2008,2026,Pelepasan Varietas Tanaman
Badan Penelitian dan Pengembangan Pertanian,Lembaga riset,280,1,Tanaman Pangan,Tanaman Pangan;Tanaman Flori;Tanaman Perkebunan;Tanaman Sayuran;Tanaman Pakan Ternak;Tanaman Buah,2014,2023,Pendaftaran Varietas Tanaman
Balai Penelitian Tanaman Aneka Kacang dan Umbi,Pemerintah,279,1,Tanaman Pangan,Tanaman Pangan;Tanaman Perkebunan,1918,2023,Pelepasan Varietas Tanaman
PT Agri Makmur Pertiwi,PT,209,1,Tanaman Sayuran,Tanaman Sayuran;Tanaman Pangan;Tanaman Buah;Tanaman Flori,2009,2025,Pelepasan Varietas Tanaman
Balai Penelitian Tanaman Padi,Pemerintah,180,1,Tanaman Pangan,Tanaman Pangan,1940,2004,Pelepasan Varietas Tanaman
"PT BISI International, Tbk",PT,140,7,Tanaman Sayuran,Tanaman Sayuran;Tanaman Pangan;Tanaman Buah;Tanaman Flori,2007,2025,Pelepasan Varietas Tanaman
BRIN,Lembaga riset,114,1,Tanaman Pangan,Tanaman Pangan;Tanaman Flori;Tanaman Sayuran;Tanaman Buah;Tanaman Perkebunan,2022,2026,Pendaftaran Varietas Tanaman
BB Padi,Pemerintah,106,2,Tanaman Pangan,Tanaman Pangan,2006,2022,Pendaftaran Varietas Tanaman
CV Aura Seed Indonesia,CV,85,2,Tanaman Sayuran,Tanaman Sayuran;Tanaman Buah;Hortikultura,2007,2026,Pelepasan Varietas Tanaman
Balai Penelitian Jagung dan Serealia Lain,Pemerintah,82,1,Tanaman Pangan,Tanaman Pangan,< 1945,2004,Pelepasan Varietas Tanaman
Pusat Penelitian Kopi dan Kakao Indonesia,Lembaga riset,80,1,Tanaman Perkebunan,Tanaman Perkebunan,1993,2024,Pelepasan Varietas Tanaman
Balai Penelitian Tanaman Serealia,Pemerintah,75,1,Tanaman Pangan,Tanaman Pangan,2007,2022,Pelepasan Varietas Tanaman
Balai Penelitian Tanaman Tembakau dan Serat,Pemerintah,73,1,Tanaman Perkebunan,Tanaman Perkebunan,1997,2020,Pendaftaran Varietas Tanaman
PT Prabu Agro Mandiri,PT,69,1,Tanaman Sayuran,Tanaman Sayuran;Tanaman Buah,2010,2024,Pelepasan Varietas Tanaman
PT Tunas Agro Persada,PT,67,1,Tanaman Sayuran,Tanaman Sayuran;Tanaman Buah,2007,2025,Pelepasan Varietas Tanaman
Balai Penelitian Tanaman Sayuran,Pemerintah,67,1,Tanaman Sayuran,Tanaman Sayuran,2003,2022,Pelepasan Varietas Tanaman
PT Aditya Sentana Agro,PT,65,3,Tanaman Sayuran,Tanaman Sayuran;Hortikultura;Tanaman Buah,2010,2026,Pelepasan Varietas Tanaman
Balai Penelitian Tanaman Rempah dan Obat,Pemerintah,65,1,Tanaman Perkebunan,Tanaman Perkebunan;Tanaman Biofarmaka;Tanaman Obat,1988,2022,Pelepasan Varietas Tanaman
"Fakultas Pertanian, IPB",Perguruan tinggi,54,2,Tanaman Sayuran,Tanaman Sayuran;Tanaman Pangan;Hortikultura;Tanaman Flori,2019,2026,Pendaftaran Varietas Tanaman
CV Nusa Heulang,CV,54,4,Tanaman Sayuran,Tanaman Sayuran;Hortikultura,2016,2026,Pelepasan Varietas Tanaman
PT Winon International,PT,53,2,Tanaman Sayuran,Tanaman Sayuran;Tanaman Buah;Hortikultura,2005,2026,Pelepasan Varietas Tanaman
Pusat Penelitian Perkebunan Gula Indonesia,Lembaga riset,53,1,Tanaman Perkebunan,Tanaman Perkebunan,1998,2026,Pendaftaran Varietas Tanaman
PT Royal Agro Persada,PT,48,1,Tanaman Sayuran,Tanaman Sayuran;Tanaman Buah,2015,2025,Pelepasan Varietas Tanaman
PT Syngenta Indonesia,PT,46,2,Tanaman Pangan,Tanaman Pangan;Tanaman Sayuran;Tanaman Buah;Hortikultura,2002,2026,Pelepasan Varietas Tanaman
"Pusat Kajian Hortikultura Tropika, IPB",Perguruan tinggi,46,1,Tanaman Sayuran,Tanaman Sayuran;Tanaman Buah,2013,2025,Pendaftaran Varietas Tanaman
PT Clause Indonesia,PT,46,1,Tanaman Sayuran,Tanaman Sayuran;Tanaman Buah,2012,2021,Pelepasan Varietas Tanaman
Balai Penelitian Tanaman Buah,Pemerintah,46,1,Tanaman Buah,Tanaman Buah,2008,2019,Pendaftaran Varietas Tanaman
PT BISI,PT,45,1,Tanaman Pangan,Tanaman Pangan;Tanaman Sayuran;Tanaman Buah,1995,2015,Pendaftaran Varietas Tanaman
PT Wira Agro Nusantara Sejahtera,PT,43,1,Tanaman Sayuran,Tanaman Sayuran;Tanaman Flori;Tanaman Buah,2017,2024,Pelepasan Varietas Tanaman
PT Benih Emas Indonesia,PT,42,3,Tanaman Perkebunan,Tanaman Perkebunan,2017,2023,Pendaftaran Varietas Tanaman
Pemerintah Kabupaten Banyuwangi,Pemerintah,40,2,Tanaman Buah,Tanaman Buah;Tanaman Perkebunan;Tanaman Pangan,2015,2025,Pendaftaran Varietas Tanaman
Pemerintah Kabupaten Sukabumi,Pemerintah,39,1,Tanaman Pangan,Tanaman Pangan;Tanaman Perkebunan;Tanaman Buah;Tanaman Biofarmaka;Tanaman Flori,2009,2025,Pendaftaran Varietas Tanaman
Pemerintah Kabupaten Jayapura,Pemerintah,39,1,Tanaman Perkebunan,Tanaman Perkebunan;Tanaman Buah;Tanaman Pangan;Tanaman Sayuran,2017,2024,Pendaftaran Varietas Tanaman
Balai Besar Penelitian Tanaman Padi,Pemerintah,39,1,Tanaman Pangan,Tanaman Pangan,2008,2020,Pelepasan Varietas Tanaman
PT Agrosid Manunggal Sentosa,PT,38,2,Tanaman Sayuran,Tanaman Sayuran;Hortikultura;Tanaman Pangan;Tanaman Buah,2009,2026,Pelepasan Varietas Tanaman
Pemerintah Provinsi Sulawesi Utara,Pemerintah,38,2,Tanaman Buah,Tanaman Buah;Tanaman Perkebunan;Tanaman Sayuran;Tanaman Pangan;Tanaman Biofarmaka,1984,2021,Pendaftaran Varietas Tanaman
Gregori Garnadi Hambali,perorangan/lainnya,38,1,Tanaman Flori,Tanaman Flori,2010,2010,Pendaftaran Varietas Tanaman
Pemerintah Kabupaten Kerinci,Pemerintah,37,1,Tanaman Buah,Tanaman Buah;Tanaman Pangan;Tanaman Sayuran;Tanaman Perkebunan,2007,2025,Pendaftaran Varietas Tanaman
"Fakultas Pertanian, UGM",Perguruan tinggi,37,1,Tanaman Perkebunan,Tanaman Perkebunan;Tanaman Pangan;Tanaman Sayuran;Tanaman Pakan Ternak,2014,2025,Pendaftaran Varietas Tanaman
Pemerintah Kabupaten Banggai Kepulauan,Pemerintah,37,2,Tanaman Pangan,Tanaman Pangan;Tanaman Perkebunan,2013,2023,Pendaftaran Varietas Tanaman
PT Mars Symbioscience Indonesia,PT,36,1,Tanaman Perkebunan,Tanaman Perkebunan,2018,2025,Pendaftaran Varietas Tanaman
Pemerintah Kabupaten Malang,Pemerintah,35,1,Tanaman Pangan,Tanaman Pangan;Tanaman Buah;Tanaman Sayuran;Hortikultura;Tanaman Perkebunan;Tanaman Kehutanan,2019,2026,Pendaftaran Varietas Tanaman
CV Multi Global Agrindo,CV,35,1,Tanaman Sayuran,Tanaman Sayuran;Tanaman Buah,2003,2023,Pelepasan Varietas Tanaman
Sumanah,perorangan/lainnya,34,1,Tanaman Sayuran,Tanaman Sayuran;Tanaman Buah,2013,2023,Pelepasan Varietas Tanaman
Universitas Bengkulu,Perguruan tinggi,33,1,Tanaman Sayuran,Tanaman Sayuran;Tanaman Pangan;Tanaman Flori,2011,2025,Pendaftaran Varietas Tanaman
Pemerintah Kabupaten Banjar,Pemerintah,33,1,Tanaman Buah,Tanaman Buah;Tanaman Pangan;Tanaman Biofarmaka;Tanaman Flori,2007,2025,Pendaftaran Varietas Tanaman
Pemerintah Kabupaten Kutai Kartanegara,Pemerintah,33,1,Tanaman Buah,Tanaman Buah;Tanaman Pangan;Tanaman Perkebunan,2009,2023,Pendaftaran Varietas Tanaman
Balai Penelitian Tanaman Buah Tropika,Pemerintah,33,1,Tanaman Buah,Tanaman Buah,2000,2022,Pelepasan Varietas Tanaman
PT Hextar Seed Indonesia,PT,33,1,Tanaman Sayuran,Tanaman Sayuran;Tanaman Buah,2009,2020,Pelepasan Varietas Tanaman
Pusat Penelitian Kelapa Sawit,Lembaga riset,31,1,Tanaman Perkebunan,Tanaman Perkebunan,1984,2025,Pelepasan Varietas Tanaman
Pemerintah Kabupaten Sleman,Pemerintah,31,1,Tanaman Flori,Tanaman Flori;Tanaman Buah;Tanaman Pangan,2005,2025,Pendaftaran Varietas Tanaman
PT JJM Indonesia,PT,29,2,Tanaman Sayuran,Tanaman Sayuran;Tanaman Buah;Hortikultura,2016,2026,Pelepasan Varietas Tanaman
Pemerintah Kabupaten Kepulauan Tanimbar,Pemerintah,29,2,Tanaman Pangan,Tanaman Pangan;Tanaman Flori;Tanaman Buah,2011,2022,Pendaftaran Varietas Tanaman
PT DuPont Indonesia,PT,29,1,Tanaman Pangan,Tanaman Pangan,2005,2019,Pelepasan Varietas Tanaman
PT Petrokimia Gresik,PT,29,1,Tanaman Sayuran,Tanaman Sayuran;Tanaman Pangan,2011,2018,Pendaftaran Varietas Tanaman
PT Primasid Andalan Utama,PT,29,1,Tanaman Sayuran,Tanaman Sayuran;Tanaman Buah;Tanaman Pangan,2003,2018,Pelepasan Varietas Tanaman
Pemerintah Kabupaten Deli Serdang,Pemerintah,28,1,Tanaman Buah,Tanaman Buah;Tanaman Sayuran;Tanaman Pakan Ternak;Tanaman Perkebunan;Tanaman Pangan,2009,2025,Pendaftaran Varietas Tanaman
Pemerintah Kabupaten Lombok Barat,Pemerintah,28,2,Tanaman Perkebunan,Tanaman Perkebunan;Tanaman Buah;Tanaman Sayuran;Tanaman Biofarmaka;Tanaman Pangan,2007,2024,Pendaftaran Varietas Tanaman
Balai Penelitian Tanaman Jeruk dan Buah Subtropika,Pemerintah,28,1,Tanaman Buah,Tanaman Buah,2008,2023,Pelepasan Varietas Tanaman
Pemerintah Kabupaten Tabalong,Pemerintah,27,1,Tanaman Buah,Tanaman Buah;Tanaman Pangan;Tanaman Sayuran,2007,2025,Pendaftaran Varietas Tanaman
Pemerintah Provinsi Gorontalo,Pemerintah,27,1,Tanaman Buah,Tanaman Buah;Tanaman Perkebunan;Tanaman Pangan;Tanaman Sayuran,2007,2024,Pendaftaran Varietas Tanaman
Pemerintah Kabupaten Pandeglang,Pemerintah,27,1,Tanaman Buah,Tanaman Buah;Tanaman Pangan;Tanaman Sayuran;Tanaman Perkebunan,2010,2023,Pendaftaran Varietas Tanaman
PT Bayer Indonesia,PT,26,2,Tanaman Pangan,Tanaman Pangan;Tanaman Sayuran,2009,2026,Pelepasan Varietas Tanaman
Syngenta Crop Protection AG,perorangan/lainnya,26,1,Tanaman Pangan,Tanaman Pangan,2022,2025,Perlindungan Varietas Tanaman
Pemerintah Kabupaten Magetan,Pemerintah,26,1,Tanaman Perkebunan,Tanaman Perkebunan;Tanaman Buah;Tanaman Pangan,2011,2025,Pendaftaran Varietas Tanaman
Pemerintah Kabupaten Magelang,Pemerintah,26,1,Tanaman Perkebunan,Tanaman Perkebunan;Tanaman Buah;Tanaman Pangan,2007,2025,Pendaftaran Varietas Tanaman
Pemerintah Provinsi Jawa Barat,Pemerintah,26,2,Tanaman Perkebunan,Tanaman Perkebunan;Tanaman Buah;Tanaman Pangan,2009,2024,Pendaftaran Varietas Tanaman
LIPI,Lembaga riset,26,1,Tanaman Flori,Tanaman Flori;Tanaman Buah,2011,2021,Pendaftaran Varietas Tanaman
Pemerintah Kabupaten Sumba Barat Daya,Pemerintah,26,1,Tanaman Pangan,Tanaman Pangan;Tanaman Sayuran,2009,2019,Pendaftaran Varietas Tanaman
Pacific Seeds (Thai) Ltd,perorangan/lainnya,25,1,Tanaman Pangan,Tanaman Pangan;Tanaman Sayuran,2022,2025,Perlindungan Varietas Tanaman
PT Monsanto Technology LLC,PT,25,3,Tanaman Pangan,Tanaman Pangan,2013,2025,Perlindungan Varietas Tanaman
Pemerintah Kabupaten Humbang Hasundutan,Pemerintah,25,1,Tanaman Pangan,Tanaman Pangan;Tanaman Perkebunan;Tanaman Buah;Tanaman Sayuran,2020,2025,Pendaftaran Varietas Tanaman
Pemerintah Kabupaten Toraja Utara,Pemerintah,25,1,Tanaman Pangan,Tanaman Pangan;Tanaman Buah;Tanaman Perkebunan;Tanaman Sayuran,2013,2025,Pendaftaran Varietas Tanaman
Pemerintah Kabupaten Kediri,Pemerintah,25,1,Tanaman Buah,Tanaman Buah;Tanaman Perkebunan;Tanaman Sayuran,2006,2025,Pendaftaran Varietas Tanaman
Pemerintah Kabupaten Blitar,Pemerintah,25,1,Tanaman Perkebunan,Tanaman Perkebunan;Tanaman Buah;Tanaman Sayuran;Tanaman Pangan,2010,2023,Pendaftaran Varietas Tanaman
PT Koreana Seed Indonesia,PT,25,1,Tanaman Sayuran,Tanaman Sayuran;Tanaman Buah;Tanaman Flori,2006,2023,Pelepasan Varietas Tanaman
PT Tani Murni Indonesia,PT,24,2,Tanaman Sayuran,Tanaman Sayuran;Hortikultura;Tanaman Buah,2008,2026,Pelepasan Varietas Tanaman
PT Alam Semesta Agro,PT,24,1,Tanaman Pangan,Tanaman Pangan;Tanaman Sayuran;Tanaman Flori;Tanaman Buah,2021,2025,Perlindungan Varietas Tanaman
Pemerintah Kabupaten Lebak,Pemerintah,24,1,Tanaman Pangan,Tanaman Pangan;Tanaman Buah;Tanaman Perkebunan,2018,2025,Pendaftaran Varietas Tanaman
BSIP,perorangan/lainnya,24,1,Tanaman Pangan,Tanaman Pangan;Tanaman Sayuran;Tanaman Perkebunan,2023,2024,Pendaftaran Varietas Tanaman
PATIR - BATAN,Lembaga riset,24,1,Tanaman Pangan,Tanaman Pangan;Tanaman Perkebunan,2009,2013,Pendaftaran Varietas Tanaman
Pemerintah Kabupaten Kulon Progo,Pemerintah,23,3,Tanaman Pangan,Tanaman Pangan;Tanaman Buah;Tanaman Perkebunan;Perkebunan;Tanaman Sayuran,2007,2026,Pendaftaran Varietas Tanaman
CV Enno Corporation,CV,23,2,Tanaman Sayuran,Tanaman Sayuran;Hortikultura,2015,2026,Pelepasan Varietas Tanaman
Pusat Penelitian Karet ,Lembaga riset,23,1,Tanaman Perkebunan,Tanaman Perkebunan,1993,2016,Pelepasan Varietas Tanaman
CV ASAI,CV,23,1,Tanaman Sayuran,Tanaman Sayuran;Tanaman Buah,2011,2011,Pendaftaran Varietas Tanaman
PT Dinasty Inti Agrosarana,PT,22,2,Tanaman Sayuran,Tanaman Sayuran;Hortikultura,2016,2026,Pelepasan Varietas Tanaman
CV Agro Bumi Asri Sejahtera,CV,22,2,Tanaman Sayuran,Tanaman Sayuran;Hortikultura,2012,2026,Pelepasan Varietas Tanaman
PT Corteva Agriscience Seeds Indonesia,PT,22,1,Tanaman Pangan,Tanaman Pangan,2021,2026,Pelepasan Varietas Tanaman
Pemerintah Kabupaten Balangan,Pemerintah,22,1,Tanaman Pangan,Tanaman Pangan;Tanaman Buah;Tanaman Sayuran,2007,2025,Pendaftaran Varietas Tanaman
Pemerintah Kabupaten Karo,Pemerintah,22,1,Tanaman Buah,Tanaman Buah;Tanaman Sayuran;Tanaman Flori;Tanaman Pangan;Tanaman Perkebunan,2015,2024,Pendaftaran Varietas Tanaman
Pemerintah Kabupaten Pasuruan,Pemerintah,21,1,Tanaman Buah,Tanaman Buah;Tanaman Flori;Tanaman Pakan Ternak;Tanaman Sayuran;Tanaman Perkebunan,2006,2025,Pendaftaran Varietas Tanaman
Pemerintah Kabupaten Bogor,Pemerintah,21,1,Tanaman Pangan,Tanaman Pangan;Tanaman Buah;Tanaman Perkebunan;Tanaman Pakan Ternak,2005,2025,Pendaftaran Varietas Tanaman
Pemerintah Kabupaten Bengkulu Tengah,Pemerintah,21,1,Tanaman Buah,Tanaman Buah;Tanaman Pangan;Tanaman Perkebunan;Tanaman Sayuran;Tanaman Biofarmaka,2014,2023,Pendaftaran Varietas Tanaman
"Pusat Penelitian Bioteknologi, LIPI",Lembaga riset,21,1,Tanaman Pangan,Tanaman Pangan,2012,2021,Pendaftaran Varietas Tanaman
Pemerintah Kabupaten Polewali Mandar,Pemerintah,21,1,Tanaman Pangan,Tanaman Pangan;Tanaman Buah;Tanaman Perkebunan;Tanaman Biofarmaka;Tanaman Sayuran,2018,2021,Pendaftaran Varietas Tanaman
Pusat Alih Teknologi dan Pengembangan Kawasan Pertanian Universitas Andalas,Perguruan tinggi,21,1,Tanaman Pangan,Tanaman Pangan,2017,2020,Pendaftaran Varietas Tanaman
Universitas Padjajaran,Perguruan tinggi,21,1,Tanaman Pangan,Tanaman Pangan;Tanaman Sayuran;Tanaman Buah,2011,2011,Pendaftaran Varietas Tanaman
Pemerintah Kabupaten Tabanan,Pemerintah,20,2,Tanaman Buah,Tanaman Buah;Tanaman Sayuran;Tanaman Flori;Tanaman Pangan,2007,2026,Pendaftaran Varietas Tanaman
PT Global Agro Mandiri Indonesia,PT,20,2,Tanaman Sayuran,Tanaman Sayuran;Tanaman Buah;Hortikultura,2020,2026,Pelepasan Varietas Tanaman
PT Sampoerna Jaya Agro,PT,20,2,Tanaman Buah,Tanaman Buah;Tanaman Sayuran;Hortikultura,2020,2026,Pelepasan Varietas Tanaman
Pemerintah Kabupaten Minahasa Utara,Pemerintah,20,1,Tanaman Buah,Tanaman Buah;Tanaman Perkebunan;Tanaman Pangan,2020,2025,Pendaftaran Varietas Tanaman
BPATP,perorangan/lainnya,20,1,Tanaman Buah,Tanaman Buah;Tanaman Flori;Tanaman Sayuran;Tanaman Pangan,2015,2023,Pendaftaran Varietas Tanaman
IPB,Perguruan tinggi,20,1,Tanaman Pangan,Tanaman Pangan;Tanaman Sayuran,1985,2023,Pendaftaran Varietas Tanaman
Pemerintah Kabupaten Lombok Tengah,Pemerintah,20,1,Tanaman Pangan,Tanaman Pangan;Tanaman Buah;Tanaman Sayuran;Tanaman Perkebunan,2007,2021,Pendaftaran Varietas Tanaman
Pemerintah Kabupaten Rejang Lebong,Pemerintah,20,1,Tanaman Buah,Tanaman Buah;Tanaman Sayuran;Tanaman Perkebunan;Tanaman Pangan,2017,2021,Pendaftaran Varietas Tanaman
Pemerintah Kabupaten Blora,Pemerintah,20,1,Tanaman Buah,Tanaman Buah;Tanaman Sayuran,2017,2019,Pendaftaran Varietas Tanaman
Wirakusuma Silamurti,perorangan/lainnya,20,1,Tanaman Flori,Tanaman Flori,2009,2009,Pendaftaran Varietas Tanaman
Pemerintah Kabupaten Karangasem,Pemerintah,19,1,Tanaman Buah,Tanaman Buah;Tanaman Pangan,2020,2025,Pendaftaran Varietas Tanaman
Pemerintah Kabupaten Pacitan,Pemerintah,19,1,Tanaman Pangan,Tanaman Pangan;Tanaman Biofarmaka;Tanaman Perkebunan,2017,2025,Pendaftaran Varietas Tanaman
Pemerintah Kabupaten Lampung Barat,Pemerintah,19,1,Tanaman Perkebunan,Tanaman Perkebunan;Tanaman Flori;Tanaman Buah,2018,2024,Pendaftaran Varietas Tanaman
Pemerintah Kabupaten Pelalawan,Pemerintah,19,1,Tanaman Buah,Tanaman Buah;Tanaman Pangan,2011,2023,Pendaftaran Varietas Tanaman
Pemerintah Kabupaten Sanggau,Pemerintah,19,1,Tanaman Buah,Tanaman Buah;Tanaman Pangan,2010,2019,Pendaftaran Varietas Tanaman
Pemerintah Kabupaten Mamasa,Pemerintah,19,1,Tanaman Pangan,Tanaman Pangan;Tanaman Flori;Tanaman Sayuran,2018,2019,Pendaftaran Varietas Tanaman
Pusat Penelitian Teh dan Kina,Lembaga riset,19,1,Tanaman Perkebunan,Tanaman Perkebunan,2013,2018,Pendaftaran Varietas Tanaman
Pemerintah Kabupaten Mimika,Pemerintah,19,1,Tanaman Perkebunan,Tanaman Perkebunan,2017,2017,Pendaftaran Varietas Tanaman
PT Pioneer,PT,19,1,Tanaman Pangan,Tanaman Pangan,1985,2001,Pelepasan Varietas Tanaman
Pemerintah Kabupaten Garut,Pemerintah,18,1,Tanaman Perkebunan,Tanaman Perkebunan;Tanaman Buah;Tanaman Pangan;Tanaman Sayuran,2009,2025,Pendaftaran Varietas Tanaman
PT Known You Seed,PT,18,1,Tanaman Sayuran,Tanaman Sayuran;Tanaman Buah,2006,2024,Pelepasan Varietas Tanaman
PT Benih Unggul Sejati,PT,18,1,Tanaman Sayuran,Tanaman Sayuran;Tanaman Buah,2016,2024,Pelepasan Varietas Tanaman
Pemerintah Kabupaten Kubu Raya,Pemerintah,18,1,Tanaman Pangan,Tanaman Pangan;Tanaman Buah;Tanaman Biofarmaka,2010,2021,Pendaftaran Varietas Tanaman
Pemerintah Kabupaten Sumedang,Pemerintah,18,1,Tanaman Pangan,Tanaman Pangan;Tanaman Buah,2007,2021,Pendaftaran Varietas Tanaman
BATAN,Lembaga riset,18,1,Tanaman Pangan,Tanaman Pangan,1982,2021,Pelepasan Varietas Tanaman
"Fakultas Biologi, UGM",Perguruan tinggi,18,1,Tanaman Buah,Tanaman Buah;Tanaman Pangan,2015,2019,Pendaftaran Varietas Tanaman
Pemerintah Kabupaten Manokwari,Pemerintah,18,1,Tanaman Buah,Tanaman Buah;Tanaman Sayuran;Tanaman Kehutanan;Tanaman Pangan,2018,2019,Pendaftaran Varietas Tanaman
Pemerintah Kabupaten Aceh Tengah,Pemerintah,18,2,Tanaman Buah,Tanaman Buah;Tanaman Pangan;Tanaman Sayuran,2007,2019,Pendaftaran Varietas Tanaman
Pemerintah Kabupaten Pulau Morotai,Pemerintah,18,1,Tanaman Pangan,Tanaman Pangan;Tanaman Perkebunan,2016,2018,Pendaftaran Varietas Tanaman
Balittri,Pemerintah,18,1,Tanaman Perkebunan,Tanaman Perkebunan,2007,2008,Pendaftaran Varietas Tanaman
Pemerintah Kabupaten Bojonegoro,Pemerintah,17,1,Tanaman Pangan,Tanaman Pangan;Tanaman Buah;Tanaman Sayuran;Tanaman Flori,2022,2025,Pendaftaran Varietas Tanaman
Balai Besar Penelitian dan Pengembangan Bioteknologi dan Pemuliaan Tanaman Hutan,Pemerintah,17,1,Tanaman Kehutanan,Tanaman Kehutanan,2018,2023,Pendaftaran Varietas Tanaman
PT Marcopolo Seed Nusantara,PT,17,1,Tanaman Sayuran,Tanaman Sayuran;Tanaman Buah,2003,2009,Pelepasan Varietas Tanaman
Balai Penelitian Kelapa,Pemerintah,17,1,Tanaman Perkebunan,Tanaman Perkebunan,2004,2008,Pelepasan Varietas Tanaman
PT Mahatani Pertiwi Sejahtera,PT,16,2,Tanaman Sayuran,Tanaman Sayuran;Hortikultura,2021,2026,Pelepasan Varietas Tanaman
CV Jogja Horti Lestari,CV,16,2,Tanaman Sayuran,Tanaman Sayuran;Hortikultura;Tanaman Buah,2022,2026,Pelepasan Varietas Tanaman
Pemerintah Kabupaten Gunungkidul,Pemerintah,16,2,Tanaman Pangan,Tanaman Pangan;Tanaman Sayuran;Tanaman Buah;Tanaman Flori,2007,2025,Pendaftaran Varietas Tanaman
Pemerintah Kabupaten Buleleng,Pemerintah,16,1,Tanaman Buah,Tanaman Buah;Tanaman Pangan,2007,2023,Pendaftaran Varietas Tanaman
Pemerintah Kota Bima,Pemerintah,16,1,Tanaman Pangan,Tanaman Pangan;Tanaman Buah;Tanaman Sayuran;Tanaman Biofarmaka;Tanaman Perkebunan,2008,2021,Pendaftaran Varietas Tanaman
PT Oriental Seed Indonesia,PT,16,1,Tanaman Sayuran,Tanaman Sayuran;Tanaman Buah,2007,2009,Pelepasan Varietas Tanaman
Pemerintah Kabupaten Bangka,Pemerintah,15,1,Tanaman Pangan,Tanaman Pangan;Hortikultura;Tanaman Buah,2018,2026,Pendaftaran Varietas Tanaman
CV Halbanero,CV,15,3,Tanaman Sayuran,Tanaman Sayuran;Hortikultura,2015,2026,Pelepasan Varietas Tanaman
Pemerintah Kabupaten Luwu Utara,Pemerintah,15,1,Tanaman Pangan,Tanaman Pangan;Tanaman Perkebunan,2013,2025,Pendaftaran Varietas Tanaman
Pemerintah Kabupaten Cianjur,Pemerintah,15,1,Tanaman Flori,Tanaman Flori;Tanaman Pangan;Tanaman Sayuran;Tanaman Buah,2005,2025,Pendaftaran Varietas Tanaman
Pemerintah Kabupaten Tanah Datar,Pemerintah,15,1,Tanaman Buah,Tanaman Buah;Tanaman Pangan;Tanaman Sayuran,2009,2025,Pendaftaran Varietas Tanaman
Pemerintah Kabupaten Jombang,Pemerintah,15,1,Tanaman Buah,Tanaman Buah;Tanaman Perkebunan;Tanaman Pangan;Tanaman Sayuran,2007,2023,Pendaftaran Varietas Tanaman
Pemerintah Kabupaten Bintan,Pemerintah,15,1,Tanaman Buah,Tanaman Buah;Tanaman Pangan;Tanaman Sayuran,2017,2022,Pendaftaran Varietas Tanaman
Pemerintah Kabupaten Bima,Pemerintah,15,1,Tanaman Pangan,Tanaman Pangan;Tanaman Buah;Tanaman Perkebunan;Tanaman Sayuran,2007,2021,Pendaftaran Varietas Tanaman
Pemerintah Kabupaten Kepulauan Sangihe,Pemerintah,15,1,Tanaman Pangan,Tanaman Pangan;Tanaman Perkebunan;Tanaman Buah;Tanaman Flori;Tanaman Sayuran,2014,2021,Pendaftaran Varietas Tanaman
PT Johnny Jaya Makmur,PT,15,1,Tanaman Sayuran,Tanaman Sayuran;Tanaman Pangan;Tanaman Buah,2007,2009,Pelepasan Varietas Tanaman
BADAN RISET DAN INOVASI NASIONAL,Lembaga riset,14,1,Hortikultura,Hortikultura;Tanaman Pangan;Sumber Daya Genetik,2026,2026,Pendaftaran Varietas Hasil Pemuliaan
Pemerintah Kabupaten Enrekang,Pemerintah,14,1,Tanaman Pangan,Tanaman Pangan;Tanaman Buah;Tanaman Sayuran,2018,2025,Pendaftaran Varietas Tanaman
PT Advanta Seeds Indonesia,PT,14,3,Tanaman Pangan,Tanaman Pangan;Tanaman Sayuran,2010,2025,Pelepasan Varietas Tanaman
PT Fitotech Agri Lestari,PT,14,1,Tanaman Flori,Tanaman Flori;Tanaman Buah,2025,2025,Pendaftaran Varietas Tanaman
Pemerintah Kabupaten Probolinggo,Pemerintah,14,1,Tanaman Perkebunan,Tanaman Perkebunan;Tanaman Buah;Tanaman Sayuran,2010,2025,Pendaftaran Varietas Tanaman
Pemerintah Kabupaten Karanganyar,Pemerintah,14,1,Tanaman Buah,Tanaman Buah;Tanaman Pangan;Tanaman Perkebunan;Tanaman Sayuran,2007,2025,Pendaftaran Varietas Tanaman
"Prof. Dr. Ir. Setyo Budi, MS",perorangan/lainnya,14,2,Tanaman Perkebunan,Tanaman Perkebunan,2023,2023,Perlindungan Varietas Tanaman
Pemerintah Kabupaten Aceh Besar,Pemerintah,14,2,Tanaman Pangan,Tanaman Pangan;Tanaman Buah;Tanaman Sayuran,2007,2023,Pendaftaran Varietas Tanaman
Pemerintah Kabupaten Katingan,Pemerintah,14,1,Tanaman Buah,Tanaman Buah;Tanaman Pangan,2013,2023,Pendaftaran Varietas Tanaman
Pemerintah Provinsi Sumatera Selatan,Pemerintah,14,1,Tanaman Perkebunan,Tanaman Perkebunan,2019,2022,Pelepasan Varietas Tanaman
Pemerintah Kabupaten Merangin,Pemerintah,14,1,Tanaman Pangan,Tanaman Pangan;Tanaman Buah;Tanaman Sayuran,2008,2021,Pendaftaran Varietas Tanaman
PT Inko Seed Makmur,PT,14,1,Tanaman Sayuran,Tanaman Sayuran;Tanaman Buah,2005,2017,Pelepasan Varietas Tanaman
PT Branita Sandhini,PT,14,1,Tanaman Pangan,Tanaman Pangan;Tanaman Sayuran,2007,2016,Pelepasan Varietas Tanaman
CV Riawan Tani,CV,14,2,Tanaman Sayuran,Tanaman Sayuran,2003,2013,Pelepasan Varietas Tanaman
CV Duta Agro Utama  Nusantara,CV,14,1,Tanaman Sayuran,Tanaman Sayuran;Tanaman Buah,2007,2009,Pelepasan Varietas Tanaman
Pemerintah Kabupaten Hulu Sungai Tengah,Pemerintah,13,1,Tanaman Buah,Tanaman Buah;Tanaman Pangan,2007,2025,Pendaftaran Varietas Tanaman
Pemerintah Kabupaten Serang,Pemerintah,13,1,Tanaman Pangan,Tanaman Pangan;Tanaman Buah;Tanaman Perkebunan,2009,2025,Pendaftaran Varietas Tanaman
Pemerintah Kabupaten Bandung,Pemerintah,13,1,Tanaman Perkebunan,Tanaman Perkebunan;Tanaman Pangan;Tanaman Sayuran;Tanaman Buah,2016,2025,Pendaftaran Varietas Tanaman
Pemerintah Kabupaten Ngawi,Pemerintah,13,2,Tanaman Perkebunan,Tanaman Perkebunan;Tanaman Buah,2023,2025,Pendaftaran Varietas Tanaman
Pemerintah Kabupaten Tanggamus,Pemerintah,13,1,Tanaman Perkebunan,Tanaman Perkebunan;Tanaman Buah;Tanaman Sayuran;Tanaman Pangan;Tanaman Flori,2010,2024,Pendaftaran Varietas Tanaman
PT Hibrida Jaya Unggul,PT,13,1,Tanaman Sayuran,Tanaman Sayuran,2022,2024,Pelepasan Varietas Tanaman
Pemerintah Provinsi Sumatera Utara,Pemerintah,13,1,Tanaman Perkebunan,Tanaman Perkebunan;Tanaman Buah;Tanaman Sayuran;Tanaman Pangan,2014,2023,Pendaftaran Varietas Tanaman
Pemerintah Kabupaten Sigi,Pemerintah,13,1,Tanaman Pangan,Tanaman Pangan;Tanaman Flori;Tanaman Buah;Tanaman Perkebunan,2017,2022,Pendaftaran Varietas Tanaman
Pemerintah Kabupaten Barito Timur,Pemerintah,13,1,Tanaman Pangan,Tanaman Pangan;Tanaman Buah,2018,2022,Pendaftaran Varietas Tanaman
Pemerintah Provinsi Nusa Tenggara Barat,Pemerintah,13,1,Tanaman Pakan Ternak,Tanaman Pakan Ternak;Tanaman Buah;Tanaman Sayuran,2008,2022,Pendaftaran Varietas Tanaman
Pemerintah Kabupaten Sumbawa,Pemerintah,13,1,Tanaman Buah,Tanaman Buah;Tanaman Perkebunan;Tanaman Pangan,2007,2021,Pendaftaran Varietas Tanaman
Pemerintah Kabupaten Sarolangun,Pemerintah,13,1,Tanaman Pangan,Tanaman Pangan;Tanaman Biofarmaka;Tanaman Buah,2008,2020,Pendaftaran Varietas Tanaman
Pemerintah Kabupaten Banjarnegara,Pemerintah,13,1,Tanaman Sayuran,Tanaman Sayuran;Tanaman Buah;Tanaman Flori;Tanaman Biofarmaka,2010,2019,Pendaftaran Varietas Tanaman
Pemerintah Kabupaten Halmahera Utara,Pemerintah,13,1,Tanaman Pangan,Tanaman Pangan;Tanaman Buah,2017,2018,Pendaftaran Varietas Tanaman
PTBISI International Tbk,perorangan/lainnya,13,1,Tanaman Sayuran,Tanaman Sayuran;Tanaman Pangan,2014,2015,Perlindungan Varietas Tanaman
Pemerintah Kabupaten Pati,Pemerintah,12,1,Tanaman Buah,Tanaman Buah;Tanaman Perkebunan;Tanaman Pangan,2007,2025,Pendaftaran Varietas Tanaman
Pemerintah Kabupaten Ponorogo,Pemerintah,12,1,Tanaman Perkebunan,Tanaman Perkebunan;Tanaman Buah;Tanaman Pangan,2008,2025,Pendaftaran Varietas Tanaman
Pemerintah Kabupaten Purworejo,Pemerintah,12,1,Tanaman Perkebunan,Tanaman Perkebunan;Tanaman Buah,2018,2025,Pendaftaran Varietas Tanaman
Pemerintah Provinsi Maluku,Pemerintah,12,1,Tanaman Buah,Tanaman Buah;Tanaman Perkebunan,2011,2024,Pendaftaran Varietas Tanaman
Pemerintah Kabupaten Padang Pariaman,Pemerintah,12,2,Tanaman Buah,Tanaman Buah;Tanaman Perkebunan;Tanaman Sayuran;Tanaman Pangan,2013,2024,Pendaftaran Varietas Tanaman
PT Raja Pilar Agrotama,PT,12,1,Tanaman Sayuran,Tanaman Sayuran;Tanaman Buah,2013,2023,Pelepasan Varietas Tanaman
Pemerintah Kabupaten Subang,Pemerintah,12,1,Tanaman Pangan,Tanaman Pangan;Tanaman Buah,2008,2022,Pendaftaran Varietas Tanaman
Pemerintah Kabupaten Bone Bolango,Pemerintah,12,1,Tanaman Buah,Tanaman Buah;Tanaman Perkebunan;Tanaman Pangan;Tanaman Sayuran,2018,2021,Pendaftaran Varietas Tanaman
"Departemen Agronomi dan Hortikultura, IPB",Perguruan tinggi,12,1,Tanaman Sayuran,Tanaman Sayuran,2007,2020,Pendaftaran Varietas Tanaman
PT Gunung Madu Plantations,PT,12,1,Tanaman Perkebunan,Tanaman Perkebunan,2008,2026,Pelepasan Varietas Tanaman
"Prof. Dr. Ir. Kuswanto, MS",perorangan/lainnya,12,1,Tanaman Sayuran,Tanaman Sayuran,2010,2014,Pendaftaran Varietas Tanaman
Pemerintah Kabupaten Sorong Selatan,Pemerintah,12,1,Tanaman Perkebunan,Tanaman Perkebunan,2014,2014,Pendaftaran Varietas Tanaman
PT Global Agrotech,PT,12,1,Tanaman Sayuran,Tanaman Sayuran,2007,2009,Pelepasan Varietas Tanaman
PT Benih Inti Subur Intani,PT,12,1,Tanaman Sayuran,Tanaman Sayuran;Tanaman Buah,2003,2007,Pelepasan Varietas Tanaman
CV Triasputra Agro Maju Sejahtera,CV,11,2,Tanaman Sayuran,Tanaman Sayuran;Hortikultura,2021,2026,Pelepasan Varietas Tanaman
Pemerintah Daerah Kabupaten Dairi,Pemerintah,11,1,Hortikultura,Hortikultura;Tanaman Pangan;Perkebunan,2026,2026,Pendaftaran Varietas Lokal
PEMERINTAH DAERAH KABUPATEN WONOGIRI,Pemerintah,11,1,Perkebunan,Perkebunan;Tanaman Pangan,2026,2026,Pendaftaran Varietas Lokal
Universitas Bina Nusantara,Perguruan tinggi,11,1,Tanaman Flori,Tanaman Flori;Tanaman Biofarmaka;Tanaman Buah,2018,2025,Pendaftaran Varietas Tanaman
Pemerintah Kabupaten Bandung Barat,Pemerintah,11,1,Tanaman Flori,Tanaman Flori;Tanaman Buah;Tanaman Pangan,2021,2025,Pendaftaran Varietas Tanaman
Pemerintah Kabupaten Tanah Laut,Pemerintah,11,2,Tanaman Buah,Tanaman Buah;Tanaman Pangan;Tanaman Flori;Tanaman Biofarmaka,2007,2025,Pendaftaran Varietas Tanaman
CV Berkah Dulur Tani,CV,11,1,Tanaman Buah,Tanaman Buah,2017,2024,Pelepasan Varietas Tanaman
PT Tiara Buana Mandiri,PT,11,1,Tanaman Sayuran,Tanaman Sayuran,2019,2024,Pelepasan Varietas Tanaman
Pemerintah Kabupaten Lombok Timur,Pemerintah,11,1,Tanaman Buah,Tanaman Buah;Tanaman Pangan;Tanaman Sayuran;Tanaman Perkebunan,2008,2023,Pendaftaran Varietas Tanaman
Pemerintah Kabupaten Gorontalo Utara,Pemerintah,11,1,Tanaman Pangan,Tanaman Pangan;Tanaman Buah;Tanaman Sayuran;Tanaman Flori,2018,2023,Pendaftaran Varietas Tanaman
Pemerintah Kabupaten Kampar,Pemerintah,11,1,Tanaman Buah,Tanaman Buah;Tanaman Pangan,2007,2023,Pendaftaran Varietas Tanaman
Pemerintah Kabupaten Agam,Pemerintah,11,1,Tanaman Pangan,Tanaman Pangan;Tanaman Buah;Tanaman Sayuran,2009,2023,Pendaftaran Varietas Tanaman
Pemerintah Kabupaten Bangka Barat,Pemerintah,11,1,Tanaman Buah,Tanaman Buah;Tanaman Perkebunan;Tanaman Pangan,2018,2023,Pendaftaran Varietas Tanaman
Pemerintah Provinsi Bengkulu,Pemerintah,11,2,Tanaman Perkebunan,Tanaman Perkebunan;Tanaman Buah;Tanaman Pangan;Tanaman Sayuran,2006,2022,Pendaftaran Varietas Tanaman
Pemerintah Kabupaten Jepara,Pemerintah,11,1,Tanaman Buah,Tanaman Buah;Tanaman Biofarmaka,2008,2022,Pendaftaran Varietas Tanaman
Balai Besar Penelitian dan Pengembangan Bioteknologi dan sumber Daya Genetik Pertanian,Pemerintah,11,1,Tanaman Pangan,Tanaman Pangan;Tanaman Sayuran,2013,2022,Pelepasan Varietas Tanaman
Pemerintah Kabupaten Majene,Pemerintah,11,1,Tanaman Buah,Tanaman Buah;Tanaman Pangan;Tanaman Sayuran;Tanaman Perkebunan,2018,2021,Pendaftaran Varietas Tanaman
PKBT IPB,Perguruan tinggi,11,1,Tanaman Buah,Tanaman Buah,2007,2009,Pendaftaran Varietas Tanaman
Pemerintah Provinsi Kalimantan Tengah,Pemerintah,11,1,Tanaman Buah,Tanaman Buah;Tanaman Flori,2007,2007,Pendaftaran Varietas Tanaman
BPTK Gambung,perorangan/lainnya,11,1,Tanaman Perkebunan,Tanaman Perkebunan,1988,1998,Pelepasan Varietas Tanaman
PEMERINTAH DAERAH KABUPATEN SLEMAN,Pemerintah,10,1,Hortikultura,Hortikultura;Sumber Daya Genetik,2026,2026,Pendaftaran Varietas Lokal
PT Srijaya Internasional,PT,10,1,Tanaman Pangan,Tanaman Pangan,2022,2025,Perlindungan Varietas Tanaman
PT ASD-Bakrie Oil Palm Seed Indonesia,PT,10,3,Tanaman Perkebunan,Tanaman Perkebunan,2015,2025,Pelepasan Varietas Tanaman
Pemerintah Provinsi Maluku Utara,Pemerintah,10,1,Tanaman Perkebunan,Tanaman Perkebunan;Tanaman Sayuran;Tanaman Pangan;Tanaman Buah,2009,2025,Pendaftaran Varietas Tanaman
"PT Toba Pulp Lestari, Tbk",PT,10,3,Tanaman Kehutanan,Tanaman Kehutanan,2009,2024,Perlindungan Varietas Tanaman
Pemerintah Kota Binjai,Pemerintah,10,1,Tanaman Buah,Tanaman Buah,2012,2024,Pendaftaran Varietas Tanaman
Pemerintah Kabupaten Barito Kuala,Pemerintah,10,1,Tanaman Pangan,Tanaman Pangan;Tanaman Buah,2007,2024,Pendaftaran Varietas Tanaman
Pemerintah Kabupaten Semarang,Pemerintah,10,1,Tanaman Buah,Tanaman Buah;Tanaman Flori,2013,2024,Pendaftaran Varietas Tanaman
CV Everfresh,CV,10,1,Tanaman Sayuran,Tanaman Sayuran;Tanaman Buah,2015,2024,Pelepasan Varietas Tanaman
Pemerintah Provinsi Papua Barat,Pemerintah,10,1,Tanaman Perkebunan,Tanaman Perkebunan;Tanaman Sayuran;Tanaman Buah;Tanaman Pakan Ternak,2014,2023,Pendaftaran Varietas Tanaman
BB Biogen,Pemerintah,10,1,Tanaman Sayuran,Tanaman Sayuran;Tanaman Pangan;Tanaman Buah,2020,2023,Pelepasan Varietas Tanaman
Pemerintah Kabupaten Seram Bagian Barat,Pemerintah,10,1,Tanaman Perkebunan,Tanaman Perkebunan;Tanaman Buah,2011,2020,Pendaftaran Varietas Tanaman
Pemerintah Kabupaten kepulauan Seribu,Pemerintah,10,2,Tanaman Buah,Tanaman Buah;Tanaman Biofarmaka;Tanaman Pangan,2017,2019,Pendaftaran Varietas Tanaman
Pemerintah Kabupaten Lamandau,Pemerintah,10,1,Tanaman Pangan,Tanaman Pangan;Tanaman Sayuran;Tanaman Biofarmaka;Tanaman Flori,2017,2018,Pendaftaran Varietas Tanaman
PT Mitratani Dua Tujuh,PT,10,2,Tanaman Pangan,Tanaman Pangan,2005,2013,Pendaftaran Varietas Tanaman
Pusat Penelitian Pengembangan Tanaman Pangan,Lembaga riset,10,1,Tanaman Pangan,Tanaman Pangan,2011,2011,Pendaftaran Varietas Tanaman
"Asian Hybrid Seed Tehnologies, Inc",perorangan/lainnya,10,1,Tanaman Pangan,Tanaman Pangan,2002,2008,Pelepasan Varietas Tanaman
PT Monagro K.,PT,10,2,Tanaman Pangan,Tanaman Pangan,1985,2001,Pelepasan Varietas Tanaman
CV Merdeka Seed Terus Berkarya,CV,9,2,Tanaman Sayuran,Tanaman Sayuran;Tanaman Buah;Hortikultura,2020,2026,Pelepasan Varietas Tanaman
CV Danau Tondano Seed Expert,CV,9,2,Tanaman Pangan,Tanaman Pangan;Tanaman Sayuran,2023,2026,Pendaftaran Varietas Hasil Pemuliaan
CV Herkreasi,CV,9,1,Tanaman Sayuran,Tanaman Sayuran;Tanaman Buah,2023,2025,Pelepasan Varietas Tanaman
Pemerintah Kabupaten Dairi,Pemerintah,9,1,Tanaman Pangan,Tanaman Pangan;Tanaman Buah;Tanaman Flori;Tanaman Perkebunan,2023,2025,Pendaftaran Varietas Tanaman
Pemerintah Kabupaten Klaten,Pemerintah,9,1,Tanaman Pangan,Tanaman Pangan,2019,2025,Pendaftaran Varietas Tanaman
Pemerintah Kabupaten Lombok Utara,Pemerintah,9,1,Tanaman Pangan,Tanaman Pangan;Tanaman Perkebunan,2017,2025,Pendaftaran Varietas Tanaman
Pemerintah Provinsi Sulawesi Selatan,Pemerintah,9,1,Tanaman Perkebunan,Tanaman Perkebunan;Tanaman Buah;Tanaman Pangan;Tanaman Sayuran,2008,2025,Pendaftaran Varietas Tanaman
Pemerintah Kabupaten Kuningan,Pemerintah,9,1,Tanaman Pangan,Tanaman Pangan;Tanaman Perkebunan,2008,2024,Pendaftaran Varietas Tanaman
Pemerintah Kabupaten Bengkulu Selatan,Pemerintah,9,1,Tanaman Pangan,Tanaman Pangan;Tanaman Buah;Tanaman Perkebunan,2018,2024,Pendaftaran Varietas Tanaman
PTTUNAS WIDJI INTI NAYOTTAMA,perorangan/lainnya,9,1,Tanaman Pangan,Tanaman Pangan,2023,2023,Perlindungan Varietas Tanaman
"OR Hayati dan Lingkungan, BRIN",Lembaga riset,9,1,Tanaman Flori,Tanaman Flori;Tanaman Pangan,2022,2023,Pendaftaran Varietas Tanaman
Pemerintah Kabupaten Bondowoso,Pemerintah,9,1,Tanaman Pangan,Tanaman Pangan;Tanaman Buah,2019,2022,Pendaftaran Varietas Tanaman
PT Biogene Plantation,PT,9,3,Tanaman Pangan,Tanaman Pangan,2008,2021,Pelepasan Varietas Tanaman
Pemerintah Kota Banjarbaru,Pemerintah,9,1,Tanaman Buah,Tanaman Buah;Tanaman Sayuran,2014,2020,Pendaftaran Varietas Tanaman
Pemerintah Kabupaten Tana Toraja,Pemerintah,9,1,Tanaman Perkebunan,Tanaman Perkebunan,2019,2019,Pendaftaran Varietas Tanaman
Pemerintah Kabupaten Flores Timur,Pemerintah,9,2,Tanaman Pangan,Tanaman Pangan;Tanaman Buah;Tanaman Perkebunan,2008,2019,Pendaftaran Varietas Tanaman
Pemerintah Provinsi Nusa Tenggara Timur,Pemerintah,9,1,Tanaman Perkebunan,Tanaman Perkebunan;Tanaman Pangan;Tanaman Flori,2006,2019,Pendaftaran Varietas Tanaman
CV Sumber Horti Nasional,CV,9,1,Tanaman Sayuran,Tanaman Sayuran,2015,2019,Pelepasan Varietas Tanaman
Pemerintah Kabupaten Buton Utara,Pemerintah,9,1,Tanaman Pangan,Tanaman Pangan,2018,2018,Pendaftaran Varietas Tanaman
Pemerintah Kabupaten Maluku Tengah,Pemerintah,9,1,Tanaman Buah,Tanaman Buah;Tanaman Perkebunan;Tanaman buah;Tanaman Sayuran,2018,2018,Pendaftaran Varietas Tanaman
Pemerintah Kabupaten Kapuas Hulu,Pemerintah,9,1,Tanaman Pangan,Tanaman Pangan;Tanaman Buah,2015,2018,Pendaftaran Varietas Tanaman
Pemerintah Kabupaten Tapanuli Selatan,Pemerintah,9,1,Tanaman Pangan,Tanaman Pangan;Tanaman Buah,2011,2018,Pendaftaran Varietas Tanaman
CV One Tani,CV,9,1,Tanaman Sayuran,Tanaman Sayuran,2013,2018,Pelepasan Varietas Tanaman
PT Mutu Prima Sejati,PT,9,1,Tanaman Buah,Tanaman Buah;Tanaman Sayuran,2017,2017,Pelepasan Varietas Tanaman
Prof. Tatik Wardiyati,perorangan/lainnya,9,1,Tanaman Buah,Tanaman Buah,2014,2014,Pendaftaran Varietas Tanaman
CV Buana Agro Lumlum,CV,9,1,Tanaman Sayuran,Tanaman Sayuran,2012,2013,Pelepasan Varietas Tanaman
Balai Penelitian Pertanian Lahan Rawa,Pemerintah,9,1,Tanaman Pangan,Tanaman Pangan,2010,2011,Pendaftaran Varietas Tanaman
GEMA INOVASI AGRI,perorangan/lainnya,8,1,Tanaman Pangan,Tanaman Pangan,2026,2026,Pendaftaran Varietas Hasil Pemuliaan
Badan Perakitan dan Modernisasi Pertanian,Lembaga riset,8,1,Tanaman Pangan,Tanaman Pangan;Hortikultura,2025,2026,Pendaftaran Varietas Tanaman
PT Benih Kelud Nusantara,PT,8,2,Hortikultura,Hortikultura;Tanaman Sayuran,2022,2026,Perlindungan Varietas Tanaman
KARYA UNGGULAN ANAKBANGSA,perorangan/lainnya,8,1,Tanaman Pangan,Tanaman Pangan,2026,2026,Pendaftaran Varietas Hasil Pemuliaan
PT Binasawit Makmur,PT,8,2,Tanaman Perkebunan,Tanaman Perkebunan;Perkebunan,2008,2026,Perlindungan Varietas Tanaman
PT Known You Seed Indonesia,PT,8,2,Tanaman Sayuran,Tanaman Sayuran;Tanaman Buah;Hortikultura,2025,2026,Pendaftaran Varietas Tanaman
Pemerintah Kabupaten Sumenep,Pemerintah,8,1,Tanaman Perkebunan,Tanaman Perkebunan;Tanaman Pangan;Tanaman Buah,2007,2025,Pendaftaran Varietas Tanaman
Pemerintah Kabupaten Barito Utara,Pemerintah,8,1,Tanaman Pangan,Tanaman Pangan;Tanaman Perkebunan,2019,2025,Pendaftaran Varietas Tanaman
Pemerintah Kabupaten Lima Puluh Kota,Pemerintah,8,2,Tanaman Pangan,Tanaman Pangan;Tanaman Buah;Tanaman Sayuran;Tanaman Perkebunan,2015,2025,Pendaftaran Varietas Tanaman
Pemerintah Kabupaten Aceh Timur,Pemerintah,8,1,Tanaman Pangan,Tanaman Pangan;Tanaman Sayuran;Tanaman Buah,2017,2025,Pendaftaran Varietas Tanaman
Pemerintah Kabupaten Kayong Utara,Pemerintah,8,1,Tanaman Pangan,Tanaman Pangan;Tanaman Buah;Tanaman Perkebunan,2020,2025,Pendaftaran Varietas Tanaman
Pemerintah Kabupaten Wonosobo,Pemerintah,8,1,Tanaman Sayuran,Tanaman Sayuran;Tanaman Buah;Tanaman Perkebunan,2014,2025,Pendaftaran Varietas Tanaman
Pemerintah Kota Payakumbuh,Pemerintah,8,1,Tanaman Sayuran,Tanaman Sayuran;Tanaman Pangan;Tanaman Biofarmaka,2009,2024,Pendaftaran Varietas Tanaman
Pemerintah Kabupaten Lumajang,Pemerintah,8,1,Tanaman Buah,Tanaman Buah;Tanaman Pangan,2006,2024,Pendaftaran Varietas Tanaman
Pemerintah Kabupaten Simeulue,Pemerintah,8,1,Tanaman Pangan,Tanaman Pangan;Tanaman Buah,2017,2023,Pendaftaran Varietas Tanaman
Pemerintah Kabupaten Muaro Jambi,Pemerintah,8,1,Tanaman Buah,Tanaman Buah;Tanaman Pangan;Tanaman Perkebunan,2007,2023,Pendaftaran Varietas Tanaman
Pemerintah Kabupaten Indragiri Hilir,Pemerintah,8,1,Tanaman Pangan,Tanaman Pangan;Tanaman Perkebunan;Tanaman Buah,2016,2023,Pendaftaran Varietas Tanaman
PT Arara Abadi,PT,8,1,Tanaman Kehutanan,Tanaman Kehutanan,2007,2022,Pendaftaran Varietas Tanaman
"Ir. Arifin Noor Sugiharto, M.Sc, Ph.D",perorangan/lainnya,8,1,Tanaman Pangan,Tanaman Pangan;Tanaman Sayuran,2014,2022,Perlindungan Varietas Tanaman
Pemerintah Kabupaten Timor Tengah Selatan,Pemerintah,8,2,Tanaman Buah,Tanaman Buah;Tanaman Pangan,2017,2022,Pendaftaran Varietas Tanaman
Pemerintah Kabupaten Gowa,Pemerintah,8,1,Tanaman Pakan Ternak,Tanaman Pakan Ternak;Tanaman Buah,2021,2022,Pendaftaran Varietas Tanaman
Pemerintah Kabupaten Kendal,Pemerintah,8,1,Tanaman Buah,Tanaman Buah;Tanaman Perkebunan,2010,2022,Pendaftaran Varietas Tanaman
CV Agro Citra Mandiri,CV,8,2,Tanaman Sayuran,Tanaman Sayuran,2013,2022,Pelepasan Varietas Tanaman
PT Sari Benih Unggul,PT,8,2,Tanaman Sayuran,Tanaman Sayuran;Tanaman Buah,2016,2022,Pelepasan Varietas Tanaman
Pemerintah Kabupaten Halmahera Selatan,Pemerintah,8,1,Tanaman Perkebunan,Tanaman Perkebunan;Tanaman Buah;Tanaman Pangan,2017,2021,Pendaftaran Varietas Tanaman
"Fakultas Pertanian, Universitas Bengkulu",Perguruan tinggi,8,1,Tanaman Pangan,Tanaman Pangan;Tanaman Sayuran,2013,2020,Pelepasan Varietas Tanaman
Pemerintah Kabupaten Bangka Selatan,Pemerintah,8,1,Tanaman Pangan,Tanaman Pangan;Tanaman Buah,2020,2020,Pendaftaran Varietas Tanaman
Pemerintah Kabupaten Pasaman Barat,Pemerintah,8,1,Tanaman Pangan,Tanaman Pangan;Tanaman Buah,2008,2020,Pendaftaran Varietas Tanaman
Pemerintah Kabupaten Kotawaringin Timur,Pemerintah,8,1,Tanaman Buah,Tanaman Buah;Tanaman Pangan;Tanaman Flori,2011,2020,Pendaftaran Varietas Tanaman
PAIR - BATAN,Lembaga riset,8,1,Tanaman Pangan,Tanaman Pangan,1991,2020,Pelepasan Varietas Tanaman
Pemerintah Kabupaten Tanjung Jabung Barat,Pemerintah,8,1,Tanaman Buah,Tanaman Buah;Tanaman Perkebunan,2011,2019,Pendaftaran Varietas Tanaman
Pemerintah Kabupaten Alor,Pemerintah,8,1,Tanaman Perkebunan,Tanaman Perkebunan;Tanaman Pangan;Tanaman Buah,2008,2019,Pendaftaran Varietas Tanaman
Taman Buah Mekarsari,perorangan/lainnya,8,1,Tanaman Buah,Tanaman Buah,2018,2018,Pendaftaran Varietas Tanaman
Pemerintah Kabupaten Kepulauan Meranti,Pemerintah,8,1,Tanaman Buah,Tanaman Buah;Tanaman Perkebunan,2013,2018,Pendaftaran Varietas Tanaman
Universitas Jenderal Soedirman,Perguruan tinggi,8,1,Tanaman Pangan,Tanaman Pangan;Tanaman Sayuran,2010,2017,Pendaftaran Varietas Tanaman
PT Parisonna Alam Sejahtera,PT,8,1,Tanaman Sayuran,Tanaman Sayuran,2012,2012,Pelepasan Varietas Tanaman
PT Seminis Vegetable Seed,PT,8,1,Tanaman Sayuran,Tanaman Sayuran;Tanaman Buah,2007,2008,Pelepasan Varietas Tanaman
UD Tani Murni,UD,8,1,Tanaman Sayuran,Tanaman Sayuran,2005,2007,Pelepasan Varietas Tanaman
PT Tanindo Subur Prima,PT,8,1,Tanaman Sayuran,Tanaman Sayuran;Tanaman Buah,2006,2006,Pelepasan Varietas Tanaman
Pemerintah Kabupaten Gunung Mas,Pemerintah,7,1,Tanaman Pangan,Tanaman Pangan;Tanaman Perkebunan,2025,2026,Pendaftaran Varietas Lokal
PT Korintiga Hutani,PT,7,2,Tanaman Kehutanan,Tanaman Kehutanan,2023,2025,Perlindungan Varietas Tanaman
Pemerintah Provinsi Bali,Pemerintah,7,2,Tanaman Perkebunan,Tanaman Perkebunan;Tanaman Buah;Tanaman Pangan,2008,2025,Pendaftaran Varietas Tanaman
"PT Gunung Sejahtera Ibu Pertiwi, Astra Agro Lestari Tbk",PT,7,1,Tanaman Perkebunan,Tanaman Perkebunan,2021,2025,Pelepasan Varietas Tanaman
Pemerintah Kabupaten Kutai Barat,Pemerintah,7,1,Tanaman Pangan,Tanaman Pangan;Tanaman Buah,2014,2025,Pendaftaran Varietas Tanaman
Pemerintah Kabupaten Rembang,Pemerintah,7,1,Tanaman Pangan,Tanaman Pangan;Tanaman Buah,2017,2024,Pendaftaran Varietas Tanaman
Pemerintah Kabupaten Trenggalek,Pemerintah,7,1,Tanaman Buah,Tanaman Buah;Tanaman Pangan;Tanaman Biofarmaka,2010,2024,Pendaftaran Varietas Tanaman
Pemerintah Kabupaten Gresik,Pemerintah,7,1,Tanaman Pangan,Tanaman Pangan;Tanaman Biofarmaka;Tanaman Buah;Tanaman Perkebunan,2014,2024,Pendaftaran Varietas Tanaman
Pemerintah Kabupaten Majalengka,Pemerintah,7,1,Tanaman Buah,Tanaman Buah;Tanaman Sayuran,2007,2024,Pendaftaran Varietas Tanaman
Pemerintah Kabupaten Nias,Pemerintah,7,1,Tanaman Buah,Tanaman Buah;Tanaman Perkebunan,2020,2023,Pendaftaran Varietas Tanaman
PT Benih Primadona Kencana,PT,7,1,Tanaman Buah,Tanaman Buah;Tanaman Sayuran,2023,2023,Pelepasan Varietas Tanaman
Fak Pertanian IPB dan Dinas Pertanian dan Ketahanan Pangan Provinsi Bali,Perguruan tinggi,7,1,Tanaman Flori,Tanaman Flori,2022,2022,Pendaftaran Varietas Tanaman
Pemerintah Kabupaten Banyuasin,Pemerintah,7,1,Tanaman Pangan,Tanaman Pangan;Tanaman Sayuran;Tanaman Buah;Tanaman Pakan Ternak,2018,2022,Pendaftaran Varietas Tanaman
Pemerintah Kabupaten Kepahiang,Pemerintah,7,1,Tanaman Perkebunan,Tanaman Perkebunan;Tanaman Pangan;Tanaman Buah,2017,2021,Pendaftaran Varietas Tanaman
Pemerintah Kabupaten Bengkulu Utara,Pemerintah,7,1,Tanaman Buah,Tanaman Buah;Tanaman Perkebunan;Tanaman Pangan;Tanaman Sayuran,2017,2020,Pendaftaran Varietas Tanaman
Pemerintah Kabupaten Sinjai,Pemerintah,7,1,Tanaman Buah,Tanaman Buah;Tanaman Perkebunan;Tanaman Pangan,2016,2020,Pendaftaran Varietas Tanaman
Pemerintah Kabupaten Tojo Una-Una,Pemerintah,7,1,Tanaman Pangan,Tanaman Pangan,2018,2020,Pendaftaran Varietas Tanaman
PT Advanta Seed Indonesia,PT,7,1,Tanaman Pangan,Tanaman Pangan,2012,2020,Pelepasan Varietas Tanaman
Dinas Pertanian dan Perikanan Kota Binjai,Pemerintah,7,2,Tanaman Buah,Tanaman Buah,2013,2020,Pelepasan Varietas Tanaman
Pemerintah Kabupaten Sidenreng Rappang,Pemerintah,7,1,Tanaman Pangan,Tanaman Pangan,2019,2019,Pendaftaran Varietas Tanaman
Pemerintah Kabupaten Poso,Pemerintah,7,1,Tanaman Pangan,Tanaman Pangan,2019,2019,Pendaftaran Varietas Tanaman
Pemerintah Kabupaten Tegal,Pemerintah,7,1,Tanaman Buah,Tanaman Buah;Tanaman Pangan;Tanaman Flori,2017,2019,Pendaftaran Varietas Tanaman
CV Tiga Putra Tani,CV,7,1,Tanaman Sayuran,Tanaman Sayuran;Tanaman Buah,2013,2019,Pelepasan Varietas Tanaman
Dinas Perkebunan Kabupaten Garut,Pemerintah,7,1,Tanaman Perkebunan,Tanaman Perkebunan,2018,2018,Pendaftaran Varietas Tanaman
Pemerintah Kabupaten Jembrana,Pemerintah,7,1,Tanaman Buah,Tanaman Buah;Tanaman Perkebunan,2018,2018,Pendaftaran Varietas Tanaman
Pemerintah Provinsi Aceh,Pemerintah,7,1,Tanaman Perkebunan,Tanaman Perkebunan,2017,2018,Pendaftaran Varietas Tanaman
Pemerintah Provinsi Kalimantan Selatan,Pemerintah,7,1,Tanaman Buah,Tanaman Buah;Tanaman Pangan,2010,2018,Pendaftaran Varietas Tanaman
Pemerintah Kabupaten Hulu Sungai Selatan,Pemerintah,7,1,Tanaman Pangan,Tanaman Pangan;Tanaman Buah,2007,2018,Pendaftaran Varietas Tanaman
PT Agrofarmaka Nusantara,PT,7,1,Tanaman Sayuran,Tanaman Sayuran,2016,2018,Pelepasan Varietas Tanaman
Pemerintah Kabupaten Tulungagung,Pemerintah,7,1,Tanaman Perkebunan,Tanaman Perkebunan;Tanaman Buah,2010,2017,Pendaftaran Varietas Tanaman
PT Palma Asri Sejahtera,PT,7,1,Tanaman Perkebunan,Tanaman Perkebunan,2017,2017,Pelepasan Varietas Tanaman
PTPP London Sumatra Indonesia Tbk.,perorangan/lainnya,7,1,Tanaman Perkebunan,Tanaman Perkebunan,1993,2016,Pelepasan Varietas Tanaman
PT Namdhari Seed Indonesia,PT,7,1,Tanaman Sayuran,Tanaman Sayuran;Tanaman Buah,2016,2016,Pelepasan Varietas Tanaman
PT Sang Hyang seri,PT,7,1,Tanaman Sayuran,Tanaman Sayuran,2006,2009,Pelepasan Varietas Tanaman
PETANI ANDALAN INDONESIA,perorangan/lainnya,6,1,Hortikultura,Hortikultura,2026,2026,Pendaftaran Varietas Hasil Pemuliaan
PEMERINTAH DAERAH KABUPATEN MALANG,Pemerintah,6,1,Hortikultura,Hortikultura,2026,2026,Pendaftaran Varietas Lokal
Politeknik Negeri Lampung,Perguruan tinggi,6,2,Tanaman Buah,Tanaman Buah;Hortikultura,2022,2026,Pendaftaran Varietas Hasil Pemuliaan
BENIH HARAKA SEJAHTERA,perorangan/lainnya,6,1,Hortikultura,Hortikultura,2026,2026,Pendaftaran Varietas Hasil Pemuliaan
PT Sukses Seed Sentosa,PT,6,1,Tanaman Pangan,Tanaman Pangan,2023,2025,Perlindungan Varietas Tanaman
"Fakultas Pertanian, Universitas Hasanuddin",Perguruan tinggi,6,1,Tanaman Pangan,Tanaman Pangan,2024,2025,Perlindungan Varietas Tanaman
Kusumahadi,perorangan/lainnya,6,1,Tanaman Buah,Tanaman Buah;Tanaman Sayuran,2023,2025,Pelepasan Varietas Tanaman
PT Dami Mas Sejahtera,PT,6,1,Tanaman Perkebunan,Tanaman Perkebunan,2003,2025,Pelepasan Varietas Tanaman
Pemerintah Kabupaten Bantul,Pemerintah,6,1,Tanaman Perkebunan,Tanaman Perkebunan;Tanaman Buah;Tanaman Pangan,2014,2025,Pendaftaran Varietas Tanaman
Pemerintah Kabupaten Grobogan,Pemerintah,6,1,Tanaman Sayuran,Tanaman Sayuran;Tanaman Pangan,2008,2024,Pendaftaran Varietas Tanaman
Pemerintah Kabupaten Bengkalis,Pemerintah,6,1,Tanaman Buah,Tanaman Buah,2023,2024,Pendaftaran Varietas Tanaman
Pemerintah Kabupaten Ciamis,Pemerintah,6,1,Tanaman Buah,Tanaman Buah;Tanaman Pangan;Tanaman Sayuran,2014,2024,Pendaftaran Varietas Tanaman
Pemerintah Kabupaten Barito Selatan,Pemerintah,6,1,Tanaman Buah,Tanaman Buah;Tanaman Flori;Tanaman Biofarmaka,2013,2024,Pendaftaran Varietas Tanaman
Pemerintah Provinsi Riau,Pemerintah,6,1,Tanaman Pangan,Tanaman Pangan;Tanaman Buah,2020,2023,Pendaftaran Varietas Tanaman
BPTP Riau dan Dinas Pertanian Provinsi Riau  ,Pemerintah,6,1,Tanaman Pangan,Tanaman Pangan,2023,2023,Pelepasan Varietas Tanaman
PT Great Giant Pineapple,PT,6,1,Tanaman Buah,Tanaman Buah,2016,2022,Perlindungan Varietas Tanaman
Pemerintah Kabupaten Lampung Timur,Pemerintah,6,1,Tanaman Buah,Tanaman Buah;Tanaman Perkebunan,2010,2022,Pendaftaran Varietas Tanaman
Pemerintah Kabupaten Sijunjung,Pemerintah,6,2,Tanaman Pangan,Tanaman Pangan;Tanaman Buah;Tanaman Sayuran,2013,2022,Pendaftaran Varietas Tanaman
Pemerintah Kota Singkawang,Pemerintah,6,1,Tanaman Buah,Tanaman Buah;Tanaman Pangan,2017,2022,Pendaftaran Varietas Tanaman
Pemerintah Kabupaten Muna,Pemerintah,6,1,Tanaman Perkebunan,Tanaman Perkebunan;Tanaman Buah;Tanaman Pangan,2009,2021,Pendaftaran Varietas Tanaman
Pemerintah Kabupaten Musi Banyuasin,Pemerintah,6,1,Tanaman Pangan,Tanaman Pangan;Tanaman Buah;Tanaman Perkebunan,2020,2021,Pendaftaran Varietas Tanaman
"Balai Konservasi Tumbuhan Kebun Raya Eka Karya Bali, LIPI",Pemerintah,6,1,Tanaman Flori,Tanaman Flori,2017,2020,Pendaftaran Varietas Tanaman
Dinas Perkebunan Provinsi Jawa Barat,Pemerintah,6,1,Tanaman Perkebunan,Tanaman Perkebunan,2018,2018,Pendaftaran Varietas Tanaman
CV Mitra Tani,CV,6,2,Tanaman Pangan,Tanaman Pangan;Tanaman Sayuran,2014,2018,Pendaftaran Varietas Tanaman
Pemerintah Kabupaten Kepulauan Talaud,Pemerintah,6,1,Tanaman Perkebunan,Tanaman Perkebunan,2018,2018,Pendaftaran Varietas Tanaman
Pemerintah Kabupaten Tana Tidung,Pemerintah,6,1,Tanaman Pangan,Tanaman Pangan,2017,2017,Pendaftaran Varietas Tanaman
Pemerintah Kabupaten Seram Bagian Timur,Pemerintah,6,1,Tanaman Perkebunan,Tanaman Perkebunan;Tanaman Buah,2011,2017,Pendaftaran Varietas Tanaman
PT Takii Indonesia,PT,6,1,Tanaman Sayuran,Tanaman Sayuran,2012,2017,Pelepasan Varietas Tanaman
Balai Penelitian Tanaman Pemanis dan Serat,Pemerintah,6,1,Tanaman Perkebunan,Tanaman Perkebunan,2012,2015,Pelepasan Varietas Tanaman
PT Nusantara Surya Benih,PT,6,1,Tanaman Sayuran,Tanaman Sayuran;Tanaman Pangan,2012,2015,Pelepasan Varietas Tanaman
Iwan Linuhung ,perorangan/lainnya,6,1,Tanaman Flori,Tanaman Flori,2009,2009,Pendaftaran Varietas Tanaman
PT Sumber Alam Sutera,PT,6,1,Tanaman Pangan,Tanaman Pangan,2006,2009,Pelepasan Varietas Tanaman
PT Bina Sawit Makmur Sumatera Selatan ,PT,6,1,Tanaman Perkebunan,Tanaman Perkebunan,2004,2007,Pelepasan Varietas Tanaman
Pemerintah Kota Batu,Pemerintah,6,1,Tanaman Kehutanan,Tanaman Kehutanan,2026,2026,Pendaftaran Varietas Lokal
BUANA INTI GANI,perorangan/lainnya,5,1,Hortikultura,Hortikultura,2026,2026,Persetujuan Penamaan Varietas Tanaman (Introduksi)
Dinas Pertanian provinsi Maluku,Pemerintah,5,2,Perkebunan,Perkebunan;Tanaman Buah,2007,2026,Pendaftaran Varietas Lokal
CV Tunas Java Mandiri,CV,5,2,Tanaman Sayuran,Tanaman Sayuran;Hortikultura,2020,2026,Pelepasan Varietas Tanaman
"Florida Foundation Seed Producers, Inc.",perorangan/lainnya,5,1,Tanaman Buah,Tanaman Buah,2020,2025,Perlindungan Varietas Tanaman
"Fakultas Pertanian, IPB University",Perguruan tinggi,5,1,Tanaman Sayuran,Tanaman Sayuran,2025,2025,Pendaftaran Varietas Tanaman
Pemerintah Kabupaten Batanghari,Pemerintah,5,1,Tanaman Pangan,Tanaman Pangan;Tanaman Perkebunan,2020,2025,Pendaftaran Varietas Tanaman
Balai Besar Pengujian Standar Instrumen Kehutanan,Pemerintah,5,1,Tanaman Kehutanan,Tanaman Kehutanan,2023,2024,Pendaftaran Varietas Tanaman
Pemerintah Kabupaten Pakpak Bharat,Pemerintah,5,1,Tanaman Perkebunan,Tanaman Perkebunan;Tanaman Kehutanan;Tanaman Buah;Tanaman Pangan,2020,2024,Pendaftaran Varietas Tanaman
Pemerintah Kabupaten Pesisir Selatan,Pemerintah,5,1,Tanaman Pangan,Tanaman Pangan;Tanaman Buah,2010,2024,Pendaftaran Varietas Tanaman
PT Restu Agropro Jayamas,PT,5,1,Tanaman Pangan,Tanaman Pangan,2024,2024,Pelepasan Varietas Tanaman
PT Nikos Jaya Benih Unggul,PT,5,1,Tanaman Sayuran,Tanaman Sayuran,2014,2024,Pelepasan Varietas Tanaman
Pemerintah Kabupaten Karawang,Pemerintah,5,1,Tanaman Pangan,Tanaman Pangan;Tanaman Buah,2014,2023,Pendaftaran Varietas Tanaman
Pemerintah Kota Depok,Pemerintah,5,1,Tanaman Buah,Tanaman Buah,2023,2023,Pendaftaran Varietas Tanaman
Pemerintah Kabupaten Jember,Pemerintah,5,1,Tanaman Buah,Tanaman Buah;Tanaman Perkebunan,2021,2023,Pendaftaran Varietas Tanaman
Pemerintah Provinsi Lampung,Pemerintah,5,1,Tanaman Buah,Tanaman Buah;Tanaman Pakan Ternak;Tanaman Pangan,2019,2023,Pendaftaran Varietas Tanaman
Pemerintah Kota Semarang,Pemerintah,5,1,Tanaman Buah,Tanaman Buah,2011,2023,Pendaftaran Varietas Tanaman
Pemerintah Kabupaten Solok Selatan,Pemerintah,5,1,Tanaman Sayuran,Tanaman Sayuran;Tanaman Pangan;Tanaman Buah,2016,2023,Pendaftaran Varietas Tanaman
Pemerintah Provinsi DI Yogyakarta,Pemerintah,5,1,Tanaman Buah,Tanaman Buah;Tanaman Flori;Tanaman Pangan,2007,2023,Pendaftaran Varietas Tanaman
Pemerintah Kabupaten Pringsewu,Pemerintah,5,1,Tanaman Buah,Tanaman Buah;Tanaman Perkebunan;Tanaman Pangan,2018,2023,Pendaftaran Varietas Tanaman
Pemerintah Kota Bengkulu,Pemerintah,5,1,Tanaman Buah,Tanaman Buah;Tanaman Pangan;Tanaman Flori,2016,2023,Pendaftaran Varietas Tanaman
"Dinas Tanaman Pangan, Hortikultura dan Perkebunan Kabupaten Bogor",Pemerintah,5,1,Tanaman Buah,Tanaman Buah;Tanaman Obat,2009,2023,Pelepasan Varietas Tanaman
CV Satya Agro Mandiri,CV,5,1,Tanaman Sayuran,Tanaman Sayuran;Tanaman Buah,2023,2023,Pelepasan Varietas Tanaman
Pemerintah Kabupaten Buton,Pemerintah,5,1,Tanaman Pangan,Tanaman Pangan;Tanaman Perkebunan,2020,2022,Pendaftaran Varietas Tanaman
Pemerintah Kabupaten Gorontalo,Pemerintah,5,1,Tanaman Pangan,Tanaman Pangan;Tanaman Perkebunan;Tanaman Buah,2018,2022,Pendaftaran Varietas Tanaman
Supri Hertanto,perorangan/lainnya,5,1,Tanaman Sayuran,Tanaman Sayuran;Tanaman Buah,2022,2022,Pelepasan Varietas Tanaman
Perhutani Forestry Institute,Pemerintah,5,1,Tanaman Perkebunan,Tanaman Perkebunan,2021,2021,Perlindungan Varietas Tanaman
Pemerintah Kabupaten Konawe Kepulauan,Pemerintah,5,1,Tanaman Pangan,Tanaman Pangan,2020,2021,Pendaftaran Varietas Tanaman
Pemerintah Kabupaten Ngada,Pemerintah,5,1,Tanaman Biofarmaka,Tanaman Biofarmaka;Tanaman Buah;Tanaman Pangan,2021,2021,Pendaftaran Varietas Tanaman
PT Winon Intercontinental,PT,5,1,Tanaman Sayuran,Tanaman Sayuran;Tanaman Buah,2005,2021,Pelepasan Varietas Tanaman
Pemerintah Kabupaten Bireuen,Pemerintah,5,1,Tanaman Perkebunan,Tanaman Perkebunan;Tanaman Pangan;Tanaman Buah,2017,2020,Pendaftaran Varietas Tanaman
Pemerintah Kabupaten Halmahera Barat,Pemerintah,5,1,Tanaman Pangan,Tanaman Pangan;Tanaman Buah,2019,2020,Pendaftaran Varietas Tanaman
Pemerintah Kabupaten Halmahera Timur,Pemerintah,5,1,Tanaman Pangan,Tanaman Pangan,2020,2020,Pendaftaran Varietas Tanaman
Universitas Brawijaya,Perguruan tinggi,5,1,Tanaman Buah,Tanaman Buah;Tanaman Pangan,2019,2020,Pendaftaran Varietas Tanaman
Pemerintah Kabupaten Aceh Barat Daya,Pemerintah,5,1,Tanaman Sayuran,Tanaman Sayuran;Tanaman Pangan,2013,2020,Pendaftaran Varietas Tanaman
Pemerintah Kota Samarinda,Pemerintah,5,1,Tanaman Buah,Tanaman Buah,2018,2019,Pendaftaran Varietas Tanaman
Pemerintah Kabupaten Lahat,Pemerintah,5,1,Tanaman Buah,Tanaman Buah,2007,2019,Pendaftaran Varietas Tanaman
Pemerintah Kabupaten Maluku Tenggara,Pemerintah,5,1,Tanaman Pangan,Tanaman Pangan;Tanaman Buah,2016,2019,Pendaftaran Varietas Tanaman
PT Asia Gala Agri,PT,5,2,Tanaman Pangan,Tanaman Pangan,2016,2019,Pelepasan Varietas Tanaman
Pemerintah Kabupaten Batang,Pemerintah,5,1,Tanaman Buah,Tanaman Buah;Tanaman Sayuran;Tanaman Flori,2008,2019,Pendaftaran Varietas Tanaman
Pemerintah Kabupaten Seluma,Pemerintah,5,1,Tanaman Pangan,Tanaman Pangan;Tanaman Sayuran;Tanaman Buah,2017,2019,Pendaftaran Varietas Tanaman
Dinas Perkebunan Provinsi Jawa Barat dan Balai Penelitian Tanaman Pemanis dan Serat,Pemerintah,5,1,Tanaman Perkebunan,Tanaman Perkebunan,2019,2019,Pelepasan Varietas Tanaman
Dinas Pertanian Kabupaten Garut dan Balai Penelitian Tanaman Pemanis dan Serat,Pemerintah,5,1,Tanaman Perkebunan,Tanaman Perkebunan,2019,2019,Pelepasan Varietas Tanaman
CV Saninco Seed Indonesia,CV,5,1,Tanaman Buah,Tanaman Buah;Tanaman Sayuran,2019,2019,Pelepasan Varietas Tanaman
Pemerintah Kabupaten Solok,Pemerintah,5,1,Tanaman Pangan,Tanaman Pangan;Tanaman Buah,2009,2018,Pendaftaran Varietas Tanaman
Pemerintah Kota Pagar Alam,Pemerintah,5,1,Tanaman Pangan,Tanaman Pangan;Tanaman Buah,2018,2018,Pendaftaran Varietas Tanaman
Pemerintah Kabupaten Kebumen,Pemerintah,5,1,Tanaman Pangan,Tanaman Pangan;Tanaman Perkebunan,2018,2018,Pendaftaran Varietas Tanaman
Pemerintah Provinsi DKI Jakarta,Pemerintah,5,1,Tanaman Buah,Tanaman Buah;Tanaman Pangan,2018,2018,Pendaftaran Varietas Tanaman
Pemerintah Kota Jambi,Pemerintah,5,1,Tanaman Buah,Tanaman Buah,2008,2017,Pendaftaran Varietas Tanaman
CV Nasienie Indonesia,CV,5,1,Tanaman Sayuran,Tanaman Sayuran,2016,2017,Pelepasan Varietas Tanaman
CV Mahatani Pertiwi,CV,5,1,Tanaman Sayuran,Tanaman Sayuran,2016,2017,Pelepasan Varietas Tanaman
PT Nusantara Tropical Farm,PT,5,1,Tanaman Buah,Tanaman Buah,2015,2016,Perlindungan Varietas Tanaman
PT Andall Hasa Prima,PT,5,1,Tanaman Sayuran,Tanaman Sayuran,2014,2016,Pelepasan Varietas Tanaman
Dinas Pertanian dan Peternakan Provinsi Sulawesi Utara,Pemerintah,5,1,Tanaman Sayuran,Tanaman Sayuran;Tanaman Buah;Tanaman Flori,2007,2016,Pelepasan Varietas Tanaman
"BB Padi, Balitbangtan",Pemerintah,5,1,Tanaman Pangan,Tanaman Pangan,2013,2015,Pelepasan Varietas Tanaman
Balai Penelitian Tanaman Obat dan Aromatik,Pemerintah,5,1,Tanaman Obat,Tanaman Obat;Tanaman Perkebunan,2012,2015,Pelepasan Varietas Tanaman
CV Nusantara Genetika Agro,CV,5,1,Tanaman Sayuran,Tanaman Sayuran,2015,2015,Pelepasan Varietas Tanaman
CV Global Agro Mandiri,CV,5,1,Tanaman Sayuran,Tanaman Sayuran,2013,2015,Pelepasan Varietas Tanaman
Pemerintah Kabupaten Nunukan,Pemerintah,5,1,Tanaman Pangan,Tanaman Pangan;Tanaman Buah,2006,2014,Pendaftaran Varietas Tanaman
BBPPTP Ambon ,perorangan/lainnya,5,1,Tanaman Perkebunan,Tanaman Perkebunan,2014,2014,Pelepasan Varietas Tanaman
PT Royal Agro,PT,5,1,Tanaman Sayuran,Tanaman Sayuran,2013,2014,Pelepasan Varietas Tanaman
"Prof. Dr. Ir. Kuswanto, MP ",perorangan/lainnya,5,1,Tanaman Sayuran,Tanaman Sayuran,2012,2012,Perlindungan Varietas Tanaman
"Boshima Seed Co., dan PT SHS",perorangan/lainnya,5,1,Tanaman Pangan,Tanaman Pangan,2009,2012,Pelepasan Varietas Tanaman
PT Jagung Hibrida Sulawesi,PT,5,1,Tanaman Pangan,Tanaman Pangan,2011,2011,Perlindungan Varietas Tanaman
Handojo Hardjo ,perorangan/lainnya,5,1,Tanaman Flori,Tanaman Flori,2009,2009,Pendaftaran Varietas Tanaman
PPTK Gambung,perorangan/lainnya,5,1,Tanaman Perkebunan,Tanaman Perkebunan,2009,2009,Pelepasan Varietas Tanaman
Nunhems Seed Indonesia,perorangan/lainnya,5,1,Tanaman Sayuran,Tanaman Sayuran,2006,2006,Pelepasan Varietas Tanaman
"Gunawan Sukarso, Soejoto Sastrowijoyo, Mirzawan P.D.N, Eka Sugiyarna,  Soeprajitno Lamadji, Hermono Budisantoso, Soedjono Darmodjo, dan Soeprijanto. ",perorangan/lainnya,5,1,Tanaman Perkebunan,Tanaman Perkebunan,1992,1992,Pelepasan Varietas Tanaman
"Gunawan Sukarso, Soejoto Sastrowijoyo, Mirzawan P.D.N, Eka Sugiyarna,  Soeprajitno Lamadji, Hermono Budisantoso, Soeprijanto, dan Soedjono Darmodjo. ",perorangan/lainnya,5,1,Tanaman Perkebunan,Tanaman Perkebunan,1992,1992,Pelepasan Varietas Tanaman
"Soejoto Sastrowijoyo, Gunawan Sukarso, Mirzawan P.D.N, Soeprajitno Lamadji, Soedjono Darmodjo, Soeprijanto, Eka Sugiyarna, Hermono Budisantoso",perorangan/lainnya,5,1,Tanaman Perkebunan,Tanaman Perkebunan,1990,1990,Pelepasan Varietas Tanaman
Pemerintah Daerah Kabupaten Hulu Sungai Tengah,Pemerintah,4,1,Tanaman Pangan,Tanaman Pangan,2026,2026,Pendaftaran Varietas Lokal
PT BEJO BENIH INDONESIA,PT,4,2,Hortikultura,Hortikultura;Tanaman Sayuran,2025,2026,Persetujuan Penamaan Varietas Tanaman (Introduksi)
PT.ANUGRAH CEMERLANG INDONESIA,PT,4,1,Tanaman Pangan,Tanaman Pangan,2026,2026,Pendaftaran Varietas Hasil Pemuliaan
"Sekolah Vokasi, IPB",Perguruan tinggi,4,1,Tanaman Sayuran,Tanaman Sayuran,2023,2025,Pendaftaran Varietas Tanaman
CV Semi,CV,4,2,Tanaman Pangan,Tanaman Pangan,2025,2025,Pelepasan Varietas Tanaman
Pemerintah Kabupaten Samosir,Pemerintah,4,1,Tanaman Sayuran,Tanaman Sayuran;Tanaman Perkebunan;Tanaman Pangan,2018,2025,Pendaftaran Varietas Tanaman
Pemerintah Kabupaten Kupang,Pemerintah,4,1,Tanaman Pakan Ternak,Tanaman Pakan Ternak;Tanaman Buah,2019,2025,Pendaftaran Varietas Tanaman
Pemerintah Kabupaten Temanggung,Pemerintah,4,1,Tanaman Buah,Tanaman Buah;Tanaman Sayuran;Tanaman Pangan;Tanaman Perkebunan,2019,2025,Pendaftaran Varietas Tanaman
Pemerintah Kabupaten Mahakam Ulu,Pemerintah,4,1,Tanaman Pangan,Tanaman Pangan,2025,2025,Pendaftaran Varietas Tanaman
Pemerintah Kabupaten Bangka Tengah,Pemerintah,4,1,Tanaman Buah,Tanaman Buah,2025,2025,Pendaftaran Varietas Tanaman
PT Syngenta Seed Indonesia,PT,4,1,Tanaman Pangan,Tanaman Pangan,2024,2025,Pelepasan Varietas Tanaman
Pemerintah Kabupaten Mojokerto,Pemerintah,4,2,Tanaman Buah,Tanaman Buah;Tanaman Perkebunan,2019,2025,Pelepasan Varietas Tanaman
"PT Smart, Tbk",PT,4,2,Tanaman Perkebunan,Tanaman Perkebunan,2017,2025,Pelepasan Varietas Tanaman
PT Protani Gemilang Indonesia,PT,4,1,Tanaman Pangan,Tanaman Pangan,2024,2024,Pelepasan Varietas Tanaman
CV Bunga Tani Sejahtera,CV,4,1,Tanaman Pangan,Tanaman Pangan;Tanaman Buah,2022,2024,Pelepasan Varietas Tanaman
PT Musim Mas ,PT,4,1,Tanaman Perkebunan,Tanaman Perkebunan,2024,2024,Pelepasan Varietas Tanaman
Balai Besar Pengujian Standar Instrumen Padi,Pemerintah,4,1,Tanaman Pangan,Tanaman Pangan,2024,2024,Pelepasan Varietas Tanaman
Dinas Pertanian Kabupaten Banyuwangi,Pemerintah,4,1,Tanaman Buah,Tanaman Buah;Tanaman Pangan,2015,2024,Pelepasan Varietas Tanaman
Pemerintah Kabupaten Aceh jaya,Pemerintah,4,2,Tanaman Buah,Tanaman Buah;Tanaman Sayuran,2021,2024,Pelepasan Varietas Tanaman
ZESPRI GROUP LIMITED,perorangan/lainnya,4,1,Tanaman Buah,Tanaman Buah,2015,2023,Perlindungan Varietas Tanaman
Pemerintah Kabupaten Temanggung dan BSIP,Pemerintah,4,1,Tanaman Perkebunan,Tanaman Perkebunan,2023,2023,Pendaftaran Varietas Tanaman
Pemerintah Kabupaten Nganjuk,Pemerintah,4,1,Tanaman Buah,Tanaman Buah;Tanaman Pangan,2021,2023,Pendaftaran Varietas Tanaman
Pemerintah Kabupaten Sidoarjo,Pemerintah,4,1,Tanaman Buah,Tanaman Buah;Tanaman Flori,2023,2023,Pendaftaran Varietas Tanaman
Pemerintah Kabupaten Tapin,Pemerintah,4,1,Tanaman Biofarmaka,Tanaman Biofarmaka;Tanaman Buah;Tanaman Pangan;Tanaman Sayuran,2012,2023,Pendaftaran Varietas Tanaman
Pemerintah Kabupaten Bekasi,Pemerintah,4,1,Tanaman Buah,Tanaman Buah;Tanaman Biofarmaka;Tanaman Pangan,2022,2023,Pendaftaran Varietas Tanaman
CV Muara Tirtamas,CV,4,1,Tanaman Sayuran,Tanaman Sayuran,2019,2023,Pelepasan Varietas Tanaman
Pemerintah Kabupaten Banyumas,Pemerintah,4,1,Tanaman Buah,Tanaman Buah;Tanaman Pakan Ternak,2013,2021,Pendaftaran Varietas Tanaman
"Pusat Pusat Penelitian Biologi, LIPI",Lembaga riset,4,1,Tanaman Buah,Tanaman Buah,2017,2021,Pendaftaran Varietas Tanaman
Pemerintah Kota Sawahlunto,Pemerintah,4,1,Tanaman Buah,Tanaman Buah;Tanaman Pangan,2019,2021,Pendaftaran Varietas Tanaman
Pemerintah Kota Sungai Penuh,Pemerintah,4,1,Tanaman Pangan,Tanaman Pangan;Tanaman Buah;Tanaman Perkebunan,2018,2021,Pendaftaran Varietas Tanaman
Pemerintah Kabupaten Bulungan,Pemerintah,4,1,Tanaman Buah,Tanaman Buah;Tanaman Pangan,2013,2020,Pendaftaran Varietas Tanaman
Pemerintah Kota Tidore Kepulauan,Pemerintah,4,1,Tanaman Buah,Tanaman Buah;Tanaman Sayuran,2016,2020,Pendaftaran Varietas Tanaman
Pemerintah Kota Ternate,Pemerintah,4,1,Tanaman Buah,Tanaman Buah,2010,2020,Pendaftaran Varietas Tanaman
Pemerintah Provinsi Papua,Pemerintah,4,1,Tanaman Perkebunan,Tanaman Perkebunan,2020,2020,Pendaftaran Varietas Tanaman
Pemerintah Kabupaten Kepulauan Talaud Provinsi Sulawesi Utara,Pemerintah,4,1,Tanaman Perkebunan,Tanaman Perkebunan,2020,2020,Pelepasan Varietas Tanaman
CV Sampoerna Jaya,CV,4,1,Tanaman Buah,Tanaman Buah,2019,2020,Pelepasan Varietas Tanaman
Pemerintah Kabupaten Ende,Pemerintah,4,1,Tanaman Buah,Tanaman Buah;Tanaman Sayuran;Tanaman Pangan,2008,2019,Pendaftaran Varietas Tanaman
Pemerintah Kabupaten Kepulauan Anambas,Pemerintah,4,1,Tanaman Perkebunan,Tanaman Perkebunan,2019,2019,Pendaftaran Varietas Tanaman
Pemerintah Kabupaten Pinrang,Pemerintah,4,1,Tanaman Pangan,Tanaman Pangan,2018,2018,Pendaftaran Varietas Tanaman
Pemerintah Kabupaten Buru,Pemerintah,4,1,Tanaman Pangan,Tanaman Pangan;Tanaman Buah,2011,2018,Pendaftaran Varietas Tanaman
Pemerintah Kabupaten Nabire,Pemerintah,4,1,Tanaman Pangan,Tanaman Pangan,2018,2018,Pendaftaran Varietas Tanaman
Pemerintah Kota Mataram,Pemerintah,4,1,Tanaman Buah,Tanaman Buah;Tanaman buah,2009,2017,Pendaftaran Varietas Tanaman
Pemerintah Kabupaten Pidie,Pemerintah,4,1,Tanaman Pangan,Tanaman Pangan;Tanaman Sayuran,2012,2017,Pendaftaran Varietas Tanaman
Pemerintah Kota Pontianak,Pemerintah,4,1,Tanaman Buah,Tanaman Buah;Tanaman Biofarmaka,2010,2017,Pendaftaran Varietas Tanaman
Pemerintah Kabupaten Sambas,Pemerintah,4,1,Tanaman Buah,Tanaman Buah,2010,2017,Pendaftaran Varietas Tanaman
Pemerintah Kabupaten Luwu,Pemerintah,4,1,Tanaman Perkebunan,Tanaman Perkebunan;Tanaman Pangan,2013,2017,Pendaftaran Varietas Tanaman
CV Sekawan Tani Indonesia,CV,4,1,Tanaman Sayuran,Tanaman Sayuran,2016,2016,Pelepasan Varietas Tanaman
LPPM UNPAD,Perguruan tinggi,4,1,Tanaman Sayuran,Tanaman Sayuran,2015,2015,Pelepasan Varietas Tanaman
PT Parisona Alam Sejahtera,PT,4,1,Tanaman Pangan,Tanaman Pangan,2012,2013,Pelepasan Varietas Tanaman
"Sigit Prastowo, SPt",perorangan/lainnya,4,1,Tanaman Pangan,Tanaman Pangan,2012,2012,Pendaftaran Varietas Tanaman
PT Sarana Inti Pratama ,PT,4,1,Tanaman Perkebunan,Tanaman Perkebunan,2011,2011,Pelepasan Varietas Tanaman
PT Lingkungan Lestari,PT,4,1,Tanaman Pangan,Tanaman Pangan,2008,2009,Pelepasan Varietas Tanaman
PT Inticocoa Abadi Industri dan PT SHS,PT,4,1,Tanaman Pangan,Tanaman Pangan,2009,2009,Pelepasan Varietas Tanaman
Pemerintah Kabupaten Paser,Pemerintah,4,1,Tanaman Pangan,Tanaman Pangan,2008,2008,Pendaftaran Varietas Tanaman
Pemerintah Kota Banjarmasin,Pemerintah,4,1,Tanaman Buah,Tanaman Buah,2007,2007,Pendaftaran Varietas Tanaman
PT Java Inti Agriniaga,PT,4,1,Tanaman Pangan,Tanaman Pangan;Tanaman Sayuran,2007,2007,Pelepasan Varietas Tanaman
"Emy Sulistyowati, Hasnam, Siwi Sumartini, Hadi Sudarmo, IGAA Indrayani, Cece Suhara",perorangan/lainnya,4,2,Tanaman Perkebunan,Tanaman Perkebunan,2007,2007,Pelepasan Varietas Tanaman
PT Monagro Kimia,PT,4,2,Tanaman Perkebunan,Tanaman Perkebunan;Tanaman Pangan,2001,2004,Pelepasan Varietas Tanaman
PT Syngenta,PT,4,1,Tanaman Pangan,Tanaman Pangan,2004,2004,Pelepasan Varietas Tanaman
PT SHS,PT,4,1,Tanaman Pangan,Tanaman Pangan,2002,2004,Pelepasan Varietas Tanaman
"PT Tunggal Yunus Estate,Riau",PT,4,1,Tanaman Perkebunan,Tanaman Perkebunan,2004,2004,Pelepasan Varietas Tanaman
"Hasnam, Siwi Sumarini, Emy Sulistyowati, IGAA Indrayani, Nildar Ibrahim",perorangan/lainnya,4,2,Tanaman Perkebunan,Tanaman Perkebunan,1993,1998,Pelepasan Varietas Tanaman
"Hasnam, Siwi Sumarini, Emy Sulistyowati, IGAA Indrayani,Titiek Yulianti dan Rusim Mardjono",perorangan/lainnya,4,2,Tanaman Perkebunan,Tanaman Perkebunan,1990,1993,Pelepasan Varietas Tanaman
"Gunawan Sukarso, Soedjono Darmodjo, Soejoto Sastrowijoyo, Mirzawan P.D.N, Soeprajitno Lamadji, dan Eka Sugiyarna",perorangan/lainnya,4,2,Tanaman Perkebunan,Tanaman Perkebunan,1991,1991,Pelepasan Varietas Tanaman
"Gunawan Sukarso, Soedjono Darmodjo, Soejoto Sastrowijoyo, Mirzawan P.D.N, Soeprajitno Lamadji, Soeprijanto, Eka Sugiyarna, Hermono Budisantoso",perorangan/lainnya,4,1,Tanaman Perkebunan,Tanaman Perkebunan,1990,1990,Pelepasan Varietas Tanaman
Universitas Wahid Hasyim,Perguruan tinggi,3,1,Tanaman Pangan,Tanaman Pangan,2026,2026,Pendaftaran Varietas Hasil Pemuliaan
Pemerintah Daerah Kabupaten Barito Kuala,Pemerintah,3,1,Tanaman Pangan,Tanaman Pangan,2026,2026,Pendaftaran Varietas Lokal
ANUGERAH AGRO LESTARI,perorangan/lainnya,3,1,Tanaman Pangan,Tanaman Pangan,2026,2026,Persetujuan Penamaan Varietas Tanaman (Introduksi)
Pemda Kabupaten Pandeglang,Pemerintah,3,1,Tanaman Pangan,Tanaman Pangan,2026,2026,Pendaftaran Varietas Lokal
PT BENIH MERDEKA TANI ,PT,3,2,Hortikultura,Hortikultura;Tanaman Sayuran,2024,2026,Pendaftaran Varietas Hasil Pemuliaan
USAHA DAGANG (UD),perorangan/lainnya,3,1,Hortikultura,Hortikultura,2026,2026,Pendaftaran Varietas Hasil Pemuliaan
PT Semangat Bersama Entrepreneurship,PT,3,2,Tanaman Pangan,Tanaman Pangan,2020,2026,Perlindungan Varietas Tanaman
PT Cipta Makmur Pertiwi,PT,3,1,Tanaman Pangan,Tanaman Pangan,2021,2025,Perlindungan Varietas Tanaman
"Pusat Bioteknologi, LPPM, IPB",Perguruan tinggi,3,1,Tanaman Sayuran,Tanaman Sayuran,2023,2025,Perlindungan Varietas Tanaman
CV Crindo Satria Agro,CV,3,1,Tanaman Pangan,Tanaman Pangan,2023,2025,Pelepasan Varietas Tanaman
Pemerintah Kabupaten Tanjung Jabung Timur,Pemerintah,3,1,Tanaman Sayuran,Tanaman Sayuran;Tanaman Pangan;Tanaman Perkebunan,2020,2025,Pendaftaran Varietas Tanaman
Pemerintah Kabupaten Wonogiri,Pemerintah,3,1,Tanaman Pangan,Tanaman Pangan,2024,2024,Pendaftaran Varietas Tanaman
Pemerintah Kabupaten Muara Enim,Pemerintah,3,1,Tanaman Pangan,Tanaman Pangan;Tanaman Buah,2007,2024,Pendaftaran Varietas Tanaman
Pemerintah Kabupaten Minahasa,Pemerintah,3,1,Tanaman Sayuran,Tanaman Sayuran,2024,2024,Pendaftaran Varietas Tanaman
Pemerintah Kabupaten Tuban,Pemerintah,3,1,Tanaman Sayuran,Tanaman Sayuran;Tanaman Pangan;Tanaman Buah,2006,2024,Pendaftaran Varietas Tanaman
Pemerintah Kabupaten Kepulauan Selayar,Pemerintah,3,1,Tanaman Perkebunan,Tanaman Perkebunan;Tanaman Buah,2017,2024,Pendaftaran Varietas Tanaman
Pemerintah Kabupaten Kutai Timur,Pemerintah,3,1,Tanaman Buah,Tanaman Buah;Tanaman Perkebunan,2011,2024,Pendaftaran Varietas Tanaman
PT Jafran Indonesia,PT,3,1,Tanaman Pangan,Tanaman Pangan,2024,2024,Pelepasan Varietas Tanaman
"Fakultas Pertanian, Universitas Hasanuddin, BPSI Serealia, dan BSIP",Perguruan tinggi,3,1,Tanaman Pangan,Tanaman Pangan,2024,2024,Pelepasan Varietas Tanaman
"Dinas Pangan Tanaman Pangan Hortikultura dan Peternakan Kabupaten Indragiri Hilir, Balai Penerapan Standardisasi Instrumen Pertanian Riau dan Badan Riset dan Inovasi Nasional",Pemerintah,3,1,Tanaman Pangan,Tanaman Pangan,2024,2024,Pelepasan Varietas Tanaman
PT Indoseed Agri Makmur,PT,3,1,Tanaman Sayuran,Tanaman Sayuran,2024,2024,Pelepasan Varietas Tanaman
Dinas Pertanian dan Perkebunan Kabupaten Kediri,Pemerintah,3,1,Tanaman Buah,Tanaman Buah,2018,2024,Pelepasan Varietas Tanaman
Dinas Tanaman Pangan dan Hortikultura Kabupaten Kerinci,Pemerintah,3,1,Tanaman Sayuran,Tanaman Sayuran,2021,2024,Pelepasan Varietas Tanaman
Agricultural Research and Development limited Liability Company,perorangan/lainnya,3,1,Tanaman Buah,Tanaman Buah,2022,2023,Perlindungan Varietas Tanaman
Universitas Muhammadiyah Purwokerto,Perguruan tinggi,3,1,Tanaman Perkebunan,Tanaman Perkebunan,2022,2023,Pendaftaran Varietas Tanaman
Pemerintah Provinsi Kepulauan Bangka Belitung,Pemerintah,3,1,Tanaman Buah,Tanaman Buah;Tanaman Perkebunan,2019,2023,Pendaftaran Varietas Tanaman
Pemerintah Kabupaten Cilacap,Pemerintah,3,1,Tanaman Buah,Tanaman Buah,2021,2023,Pendaftaran Varietas Tanaman
PT Maxxi Agri Indonesia,PT,3,1,Tanaman Pangan,Tanaman Pangan,2023,2023,Pelepasan Varietas Tanaman
PT Dewa Danu Group,PT,3,1,Tanaman Sayuran,Tanaman Sayuran;Tanaman Buah,2023,2023,Pelepasan Varietas Tanaman
"Pusat Riset Konservasi Tumbuhan dan Kebun Raya, BRIN",Lembaga riset,3,1,Tanaman Flori,Tanaman Flori,2021,2022,Pendaftaran Varietas Tanaman
Pemerintah Kabupaten Belitung Timur,Pemerintah,3,1,Tanaman Perkebunan,Tanaman Perkebunan,2021,2022,Pendaftaran Varietas Tanaman
Pemerintah Kabupaten Kotawaringin Barat,Pemerintah,3,1,Tanaman Buah,Tanaman Buah;Tanaman Pangan,2013,2022,Pendaftaran Varietas Tanaman
Pemerintah Kabupaten Parigi Moutong,Pemerintah,3,1,Tanaman Sayuran,Tanaman Sayuran;Tanaman Pangan,2021,2022,Pendaftaran Varietas Tanaman
Pemerintah Kabupaten Tapanuli Tengah,Pemerintah,3,1,Tanaman Buah,Tanaman Buah,2022,2022,Pendaftaran Varietas Tanaman
UD Saraswati,UD,3,1,Tanaman Sayuran,Tanaman Sayuran,2021,2022,Pelepasan Varietas Tanaman
CV Benih Sayur Mandiri,CV,3,1,Tanaman Sayuran,Tanaman Sayuran,2022,2022,Pelepasan Varietas Tanaman
"Pusat Penelitian Sumberdaya Hayati dan Bioteknologi, IPB",Lembaga riset,3,1,Tanaman Sayuran,Tanaman Sayuran,2018,2021,Perlindungan Varietas Tanaman
Pemerintah Kabupaten Mamuju,Pemerintah,3,1,Tanaman Buah,Tanaman Buah;Tanaman Perkebunan,2018,2021,Pendaftaran Varietas Tanaman
Pemerintah Kabupaten Lampung Selatan,Pemerintah,3,1,Tanaman Buah,Tanaman Buah;Tanaman Perkebunan,2013,2021,Pendaftaran Varietas Tanaman
BB Padi dan Konsorsium ,Pemerintah,3,1,Tanaman Pangan,Tanaman Pangan,2021,2021,Pelepasan Varietas Tanaman
PT Zaini Makmur Sentosa,PT,3,1,Tanaman Pangan,Tanaman Pangan,2021,2021,Pelepasan Varietas Tanaman
PT Tunas Widji Inti Nayottama,PT,3,1,Tanaman Pangan,Tanaman Pangan,2021,2021,Pelepasan Varietas Tanaman
Pemerintah Kabupaten Timor Tengah Utara,Pemerintah,3,1,Tanaman Sayuran,Tanaman Sayuran;Tanaman Pangan,2020,2020,Pendaftaran Varietas Tanaman
Pemerintah Kabupaten Manggarai,Pemerintah,3,1,Tanaman Buah,Tanaman Buah;Tanaman Pangan,2019,2020,Pendaftaran Varietas Tanaman
Pemerintah Kota Bogor,Pemerintah,3,1,Tanaman Buah,Tanaman Buah;Tanaman Biofarmaka,2020,2020,Pendaftaran Varietas Tanaman
Pemerintah Kabupaten Bulukumba,Pemerintah,3,1,Tanaman Pangan,Tanaman Pangan,2017,2020,Pendaftaran Varietas Tanaman
PT Nusantara  Pertanian Indonesia,PT,3,1,Tanaman Pangan,Tanaman Pangan,2020,2020,Pelepasan Varietas Tanaman
Seed Asia Co. Ltd,perorangan/lainnya,3,1,Tanaman Pangan,Tanaman Pangan,2019,2019,Perlindungan Varietas Tanaman
Koperasi Agrobisnis Taruma Nusantara,Koperasi,3,1,Tanaman Perkebunan,Tanaman Perkebunan,2019,2019,Pendaftaran Varietas Tanaman
Pemerintah Kabupaten Sumbawa Barat,Pemerintah,3,1,Tanaman Buah,Tanaman Buah;Tanaman Pangan,2008,2019,Pendaftaran Varietas Tanaman
Pemerintah Kabupaten Nagekeo,Pemerintah,3,1,Tanaman Pangan,Tanaman Pangan;Tanaman Perkebunan,2016,2019,Pendaftaran Varietas Tanaman
Pemerintah Kabupaten Mandailing Natal,Pemerintah,3,1,Tanaman Pangan,Tanaman Pangan;Tanaman Buah,2012,2019,Pendaftaran Varietas Tanaman
Pemerintah Kabupaten Halmahera Tengah,Pemerintah,3,1,Tanaman Pangan,Tanaman Pangan;Tanaman Perkebunan,2017,2019,Pendaftaran Varietas Tanaman
"BB Biogen, Balitbangtan",Pemerintah,3,1,Tanaman Pangan,Tanaman Pangan,2019,2019,Pelepasan Varietas Tanaman
PT Perkebunan Nusantara X dan Balai Besar Perbenihan dan Proteksi Tanaman Perkebunan Surabaya,PT,3,1,Tanaman Perkebunan,Tanaman Perkebunan,2019,2019,Pelepasan Varietas Tanaman
PT Agro Lumintu Sejahtera,PT,3,1,Tanaman Sayuran,Tanaman Sayuran,2019,2019,Pelepasan Varietas Tanaman
"Pusat Penelitian Gula, PTPN X",Lembaga riset,3,1,Tanaman Perkebunan,Tanaman Perkebunan,2018,2018,Pendaftaran Varietas Tanaman
"Pusat Penelitian Biologi, LIPI",Lembaga riset,3,1,Tanaman Sayuran,Tanaman Sayuran;Tanaman Buah,2012,2018,Pendaftaran Varietas Tanaman
Dinas Pertanian Kabupaten Bandung,Pemerintah,3,1,Tanaman Perkebunan,Tanaman Perkebunan,2018,2018,Pendaftaran Varietas Tanaman
Pemerintah Kabupaten Boalemo,Pemerintah,3,1,Tanaman Pangan,Tanaman Pangan,2018,2018,Pendaftaran Varietas Tanaman
Pemerintah Kabupaten Ogan Ilir,Pemerintah,3,1,Tanaman Buah,Tanaman Buah,2007,2018,Pendaftaran Varietas Tanaman
Pemerintah Kabupaten Karimun,Pemerintah,3,1,Tanaman Buah,Tanaman Buah,2018,2018,Pendaftaran Varietas Tanaman
Pemerintah Kabupaten Simalungun,Pemerintah,3,1,Tanaman Buah,Tanaman Buah,2012,2018,Pendaftaran Varietas Tanaman
Pemerintah Kabupaten Tasikmalaya,Pemerintah,3,1,Tanaman Buah,Tanaman Buah,2008,2018,Pendaftaran Varietas Tanaman
Pemerintah Kabupaten Ogan Komering Ulu,Pemerintah,3,1,Tanaman Buah,Tanaman Buah;Tanaman Pangan,2012,2018,Pendaftaran Varietas Tanaman
"Balai Besar Penelitian Tanaman Padi, dan Dinas Tanaman Pangan dan  Hortikultura Prov. Jabar",Pemerintah,3,1,Tanaman Pangan,Tanaman Pangan,2018,2018,Pelepasan Varietas Tanaman
Pemerintah Kabupaten Landak,Pemerintah,3,1,Tanaman Pangan,Tanaman Pangan,2017,2017,Pendaftaran Varietas Tanaman
"Pemerintah Kabupaten Pelalawan, BPTP Riau",Pemerintah,3,1,Tanaman Pangan,Tanaman Pangan,2017,2017,Pelepasan Varietas Tanaman
Balai Penelitian Tanaman Pemanis dan Serat dan Pemerintah Kabupaten Temanggung,Pemerintah,3,1,Tanaman Perkebunan,Tanaman Perkebunan,2017,2017,Pelepasan Varietas Tanaman
LPPM IPB,Perguruan tinggi,3,1,Tanaman Sayuran,Tanaman Sayuran,2016,2016,Pendaftaran Varietas Tanaman
Dinas Pertanian Kabupaten Tasikmalaya,Pemerintah,3,1,Tanaman Buah,Tanaman Buah,2007,2016,Pelepasan Varietas Tanaman
PT PG Gorontalo,PT,3,1,Tanaman Perkebunan,Tanaman Perkebunan,2015,2015,Pelepasan Varietas Tanaman
Pemerintah Provinsi Sulawesi Tengah,Pemerintah,3,2,Tanaman Sayuran,Tanaman Sayuran;Tanaman Pangan;Tanaman Perkebunan,1984,2015,Pendaftaran Varietas Tanaman
Nuziveedu Seed Limited dan PT Agro Lumintu Sejahtera,perorangan/lainnya,3,1,Tanaman Pangan,Tanaman Pangan,2015,2015,Pelepasan Varietas Tanaman
BB. Penelitian Tanaman Padi,Pemerintah,3,1,Tanaman Pangan,Tanaman Pangan,2013,2014,Perlindungan Varietas Tanaman
Dr. Aser Yalindua,perorangan/lainnya,3,1,Tanaman Pangan,Tanaman Pangan,2014,2014,Pendaftaran Varietas Tanaman
"Balitsereal, Badan Litbang Kementan dan konsorsium Gandum Nasional",Pemerintah,3,1,Tanaman Pangan,Tanaman Pangan,2014,2014,Pelepasan Varietas Tanaman
"Balitkabi, dan Balitbangtan",Pemerintah,3,1,Tanaman Pangan,Tanaman Pangan,2014,2014,Pelepasan Varietas Tanaman
PTAgri Makmur Pertiwi,perorangan/lainnya,3,1,Tanaman Sayuran,Tanaman Sayuran,2013,2013,Perlindungan Varietas Tanaman
PTSocfin Indonesia ,perorangan/lainnya,3,1,Tanaman Perkebunan,Tanaman Perkebunan,2004,2013,Pelepasan Varietas Tanaman
"Konsorsium Penelitian Padi Nasional dan BB Padi, Badanlitbang",Pemerintah,3,1,Tanaman Pangan,Tanaman Pangan,2013,2013,Pelepasan Varietas Tanaman
"Dinas Tanaman Pangan dan Hortikultura, Kabupaten Gunungkidul",Pemerintah,3,1,Tanaman Buah,Tanaman Buah,2007,2013,Pelepasan Varietas Tanaman
"BB Padi dan Pemerintah Kabupaten Bantul, DIY",Pemerintah,3,1,Tanaman Pangan,Tanaman Pangan,2012,2012,Pelepasan Varietas Tanaman
PT Nusantara Surya Benih dan PT Pertani,PT,3,1,Tanaman Pangan,Tanaman Pangan,2012,2012,Pelepasan Varietas Tanaman
Pemerintah prov. Sulawesi selatan,Pemerintah,3,1,Tanaman Perkebunan,Tanaman Perkebunan,2008,2012,Pelepasan Varietas Tanaman
PT Multiagro Pangan Lestari,PT,3,1,Tanaman Pangan,Tanaman Pangan,2012,2012,Pelepasan Varietas Tanaman
BPTP Jatim,Pemerintah,3,1,Tanaman Pangan,Tanaman Pangan,2011,2011,Pendaftaran Varietas Tanaman
BB Padi dan Diperta Jatim,Pemerintah,3,1,Tanaman Pangan,Tanaman Pangan,2011,2011,Pelepasan Varietas Tanaman
"BB Padi dan 
PT Saprotan Benih Utama",Pemerintah,3,1,Tanaman Pangan,Tanaman Pangan,2011,2011,Pelepasan Varietas Tanaman
PT Longpng High-Tech Indonesia ,PT,3,1,Tanaman Pangan,Tanaman Pangan,2011,2011,Pelepasan Varietas Tanaman
BB Padi dan Diperta TP Provinsi Jawa Barat,Pemerintah,3,1,Tanaman Pangan,Tanaman Pangan,2011,2011,Pelepasan Varietas Tanaman
Balai Penelitian Tanaman Serealia dan PT Tossa Agro,Pemerintah,3,1,Tanaman Pangan,Tanaman Pangan,2010,2010,Pelepasan Varietas Tanaman
"Pemerintah Kabupaten Pati, Jawa tengah",Pemerintah,3,1,Tanaman Perkebunan,Tanaman Perkebunan,2010,2010,Pelepasan Varietas Tanaman
"Pemerintah Provinsi Gorontalo, BBPPTP Surabaya dan P3GI Pasuruan",Pemerintah,3,1,Tanaman Perkebunan,Tanaman Perkebunan,2007,2010,Pelepasan Varietas Tanaman
Antonius Sutanto,perorangan/lainnya,3,1,Tanaman Flori,Tanaman Flori,2009,2009,Pendaftaran Varietas Tanaman
Dhaanya Seeds Private Limited,perorangan/lainnya,3,1,Tanaman Pangan,Tanaman Pangan,2009,2009,Pelepasan Varietas Tanaman
"BPTP Jatim, Diperta Kab. Sumenep",Pemerintah,3,1,Tanaman Pangan,Tanaman Pangan,2009,2009,Pelepasan Varietas Tanaman
PT SHS dan Balai Besar Padi Sukamandi,PT,3,1,Tanaman Pangan,Tanaman Pangan,2009,2009,Pelepasan Varietas Tanaman
BB. Penelitian Tan Padi Loka Penelitian Tanaman Tugro Lanrang dan BPTP Sulawesi Selatan,Pemerintah,3,1,Tanaman Pangan,Tanaman Pangan,2009,2009,Pelepasan Varietas Tanaman
"Dinas Tanaman Pangan, Hortikultura dan Peternakan Provinsi Jambi",Pemerintah,3,1,Tanaman Buah,Tanaman Buah,2007,2009,Pelepasan Varietas Tanaman
Dinas Pertanian PTH dan UPSB TPH Kalimantan Barat,Pemerintah,3,1,Tanaman Buah,Tanaman Buah,2009,2009,Pelepasan Varietas Tanaman
PT Mitra Kreasidharma dan Shriram Bioseed Inc,PT,3,1,Tanaman Pangan,Tanaman Pangan,2008,2008,Pelepasan Varietas Tanaman
PT CITRA NUSANTARA MANDIRI,PT,3,1,Tanaman Pangan,Tanaman Pangan,2006,2007,Pelepasan Varietas Tanaman
"Emy Sulistyowati, Basrul Gandong dan Donatus",perorangan/lainnya,3,1,Tanaman Perkebunan,Tanaman Perkebunan,2007,2007,Pelepasan Varietas Tanaman
"PTTania Selatan, Sumatera Selatan ",perorangan/lainnya,3,1,Tanaman Perkebunan,Tanaman Perkebunan,2005,2005,Pelepasan Varietas Tanaman
Balittas & PT Philip Morris Indonesia ,Pemerintah,3,1,Tanaman Perkebunan,Tanaman Perkebunan,2004,2004,Pelepasan Varietas Tanaman
Balitas Malang & PT Sadhana Arifnusa,Pemerintah,3,1,Tanaman Perkebunan,Tanaman Perkebunan,2004,2004,Pelepasan Varietas Tanaman
"Mirzawan P.D.N, Soedjono Darmodjo, Soejoto Sastrowijoyo, Gunawan Sukarso, Soeprajitno Lamadji, dan Eka Sugiyarna",perorangan/lainnya,3,2,Tanaman Perkebunan,Tanaman Perkebunan,1991,1991,Pelepasan Varietas Tanaman
"Soejoto Sastrowijoyo, Gunawan Sukarso, Mirzawan P.D.N, Soeprajitno Lamadji",perorangan/lainnya,3,1,Tanaman Perkebunan,Tanaman Perkebunan,1985,1985,Pelepasan Varietas Tanaman
PT Kentang Hollando Sejahtera,PT,2,2,Hortikultura,Hortikultura;Tanaman Sayuran,2022,2026,Persetujuan Penamaan Varietas Tanaman (Introduksi)
Pemerinta Daerah Kabupaten Hulu Sungai Utara,Pemerintah,2,1,Hortikultura,Hortikultura,2026,2026,Pendaftaran Varietas Lokal
Pemerintah Daerah Kabupaten Jayapura,Pemerintah,2,1,Tanaman Pangan,Tanaman Pangan,2026,2026,Pendaftaran Varietas Lokal
PUSAT KAJIAN HORTIKULTURA TROPIKA,perorangan/lainnya,2,1,Hortikultura,Hortikultura,2026,2026,Pendaftaran Varietas Hasil Pemuliaan
Pemerintah Daerah Kabupaten Enrekang,Pemerintah,2,1,Tanaman Pangan,Tanaman Pangan,2026,2026,Pendaftaran Varietas Lokal
Pemerintah Daerah Kabupaten Pacitan,Pemerintah,2,1,Tanaman Pangan,Tanaman Pangan,2026,2026,Pendaftaran Varietas Lokal
UD INTAN SI,UD,2,1,Hortikultura,Hortikultura,2026,2026,Pendaftaran Varietas Hasil Pemuliaan
Pemerintah Daerah Kabupaten Magetan,Pemerintah,2,1,Hortikultura,Hortikultura,2026,2026,Pendaftaran Varietas Lokal
PEMERINTAH DAERAH KABUPATEN KUNINGAN,Pemerintah,2,1,Perkebunan,Perkebunan,2026,2026,Pendaftaran Varietas Lokal
BENIH BINTANG MULIA,perorangan/lainnya,2,1,Hortikultura,Hortikultura,2026,2026,Pendaftaran Varietas Hasil Pemuliaan
Pemerintah Daerah Kabupaten Humbang Hasundutan,Pemerintah,2,1,Perkebunan,Perkebunan;Hortikultura,2026,2026,Pendaftaran Varietas Lokal
Dinas Perkebunan dan Peternakan Kabupaten Lampung Barat,Pemerintah,2,1,Perkebunan,Perkebunan,2026,2026,Pendaftaran Varietas Lokal
Pemerintah Daerah Kabupaten Temanggung,Pemerintah,2,1,Perkebunan,Perkebunan,2026,2026,Pendaftaran Varietas Hasil Pemuliaan
PT Riset Perkebunan Nusantara-Pusat Penelitian Kelapa Sawit (PPKS) ,PT,2,1,Tanaman Perkebunan,Tanaman Perkebunan,,,Pelepasan Varietas Tanaman
"1. Badan Perakitan dan ModernisasiPertanian (BRMP) 2. Pemerintah Kabupaten Situbondo, Provinsi Jawa Timur",Pemerintah,2,1,Tanaman Pangan,Tanaman Pangan,2025,2025,Perlindungan Varietas Tanaman
CV Reinnon Agro Karya,CV,2,1,Tanaman Sayuran,Tanaman Sayuran;Tanaman Buah,2025,2025,Pelepasan Varietas Tanaman
PT Timur Benih Indonesia,PT,2,1,Tanaman Buah,Tanaman Buah,2025,2025,Pelepasan Varietas Tanaman
PT Benih Putra Nusantara,PT,2,1,Tanaman Pangan,Tanaman Pangan,2025,2025,Pelepasan Varietas Tanaman
PT Tunas A.P,PT,2,1,Tanaman Sayuran,Tanaman Sayuran,2025,2025,Pelepasan Varietas Tanaman
PT Gula Putih Mataram,PT,2,1,Tanaman Perkebunan,Tanaman Perkebunan,2025,2025,Pendaftaran Varietas Tanaman
Pemerintah Kabupaten Seruyan,Pemerintah,2,1,Tanaman Pangan,Tanaman Pangan,2025,2025,Pendaftaran Varietas Tanaman
Pemerintah Kabupaten Madiun,Pemerintah,2,1,Tanaman Buah,Tanaman Buah;Tanaman Pangan,2020,2025,Pendaftaran Varietas Tanaman
PT Socfin Indonesia,PT,2,1,Tanaman Perkebunan,Tanaman Perkebunan,2025,2025,Pendaftaran Varietas Tanaman
"Pemerintah Kabupaten Jayapura, Prov. Papua",Pemerintah,2,1,Tanaman Perkebunan,Tanaman Perkebunan,2025,2025,Pelepasan Varietas Tanaman
Dinas Tanaman Pangan Hortikultura dan Peternakan Kabupaten Muara Enim dan BRIN,Pemerintah,2,1,Tanaman Pangan,Tanaman Pangan,2025,2025,Pelepasan Varietas Tanaman
PT Well Indonesia Duta Agriculture,PT,2,1,Tanaman Pangan,Tanaman Pangan,2025,2025,Pelepasan Varietas Tanaman
Dinas Ketahanan Pangan dan Pertanian Kabupaten Lumajang dan BRIN.,Pemerintah,2,1,Tanaman Pangan,Tanaman Pangan,2025,2025,Pelepasan Varietas Tanaman
Dinas Ketahanan Pangan dan Pertanian Kab. Bandung Barat,Pemerintah,2,1,Tanaman Buah,Tanaman Buah,2022,2025,Pelepasan Varietas Tanaman
"Dr. Kartika Ning Tyas, M.Si.",perorangan/lainnya,2,1,Tanaman Flori,Tanaman Flori,2022,2024,Pendaftaran Varietas Tanaman
BISIP dan Kab Situbondo,perorangan/lainnya,2,1,Tanaman Pangan,Tanaman Pangan,2024,2024,Pendaftaran Varietas Tanaman
UPN Veteran Yogyakarta,perorangan/lainnya,2,1,Tanaman Buah,Tanaman Buah,2024,2024,Pendaftaran Varietas Tanaman
CV Awino Pratama,CV,2,1,Tanaman Pangan,Tanaman Pangan,2024,2024,Pelepasan Varietas Tanaman
Pemerintah Kabupaten Temanggung & Balai Pengujian Standar Instrumen Tanaman Pemanis & Serat,Pemerintah,2,1,Tanaman Perkebunan,Tanaman Perkebunan,2024,2024,Pelepasan Varietas Tanaman
Pemerintah Kabupaten Labuhanbatu,Pemerintah,2,1,Tanaman Perkebunan,Tanaman Perkebunan,2023,2024,Pelepasan Varietas Tanaman
"Dinas Pertanian Tanaman Pangan dan Hortikultura Kabupaten Kampar, Balai Penerapan Standardisasi Instrumen Pertanian Riau, dan Badan Riset dan Inovasi Nasional.",Pemerintah,2,1,Tanaman Pangan,Tanaman Pangan,2024,2024,Pelepasan Varietas Tanaman
"Fakultas Pertanian, Universitas Muslim Indonesia",Perguruan tinggi,2,1,Tanaman Pangan,Tanaman Pangan,2024,2024,Pelepasan Varietas Tanaman
PT Mitra Dhika Perkasa,PT,2,1,Tanaman Pangan,Tanaman Pangan,2024,2024,Pelepasan Varietas Tanaman
"Pusat Riset Tanaman Perkebunan (PRP) - Organisasi Riset Pertanian dan Pangan (ORPP), BRIN",Lembaga riset,2,1,Tanaman Perkebunan,Tanaman Perkebunan,2024,2024,Pelepasan Varietas Tanaman
PT Tri Berkat Agro,PT,2,1,Tanaman Sayuran,Tanaman Sayuran,2023,2024,Pelepasan Varietas Tanaman
CV Jagad Lintang Samudra,CV,2,1,Tanaman Sayuran,Tanaman Sayuran,2024,2024,Pelepasan Varietas Tanaman
Dinas Pertanian dan Perkebunan Kabupaten Pandeglan,Pemerintah,2,1,Tanaman Buah,Tanaman Buah,2014,2024,Pelepasan Varietas Tanaman
CV Bali Gemitir Group,CV,2,1,Tanaman Flori,Tanaman Flori,2024,2024,Pelepasan Varietas Tanaman
Dinas Pertanian Kabupaten Banyumas,Pemerintah,2,1,Tanaman Buah,Tanaman Buah,2015,2024,Pelepasan Varietas Tanaman
Dinas Pertanian TPH Kabupaten Tapin,Pemerintah,2,1,Tanaman Obat,Tanaman Obat;Tanaman Sayuran,2016,2024,Pelepasan Varietas Tanaman
Mountain Blue Orchards Pty Ltd,perorangan/lainnya,2,1,Tanaman Buah,Tanaman Buah,2023,2023,Perlindungan Varietas Tanaman
Pemerintah Kabupaten Sijunjung/BATAN,Pemerintah,2,1,Tanaman Pangan,Tanaman Pangan,2023,2023,Perlindungan Varietas Tanaman
Hokuto Corporation,perorangan/lainnya,2,1,Tanaman Sayuran,Tanaman Sayuran,2021,2023,Perlindungan Varietas Tanaman
Pemerintah Kota Yogyakarta,Pemerintah,2,1,Tanaman Buah,Tanaman Buah,2023,2023,Pendaftaran Varietas Tanaman
Pemerintah Kota Malang,Pemerintah,2,1,Tanaman Flori,Tanaman Flori,2023,2023,Pendaftaran Varietas Tanaman
Pemerintah Kabupaten Dharmasraya,Pemerintah,2,1,Tanaman Buah,Tanaman Buah,2014,2023,Pendaftaran Varietas Tanaman
Pemerintah Kabupaten Langkat,Pemerintah,2,1,Tanaman Perkebunan,Tanaman Perkebunan,2022,2023,Pelepasan Varietas Tanaman
BB padi dan Pemerintah Kabupaten Situbondo Jatim,Pemerintah,2,1,Tanaman Pangan,Tanaman Pangan,2023,2023,Pelepasan Varietas Tanaman
PT Clarexindo Makmur Sejahtera,PT,2,1,Tanaman Sayuran,Tanaman Sayuran,2017,2023,Pelepasan Varietas Tanaman
Dinas Pertanian Kab. MalukuTengah/Pemerintah Kabupaten Maluku Tengah,Pemerintah,2,1,Tanaman Buah,Tanaman Buah,2009,2023,Pelepasan Varietas Tanaman
Dinas Pertanian Kabupaten Sukabumi,Pemerintah,2,1,Tanaman Flori,Tanaman Flori;Tanaman Buah,2009,2023,Pelepasan Varietas Tanaman
Dinas Ketahanan Pangan dan Pertanian Kabupaten Kubu Raya,Pemerintah,2,1,Tanaman Obat,Tanaman Obat;Tanaman Buah,2009,2023,Pelepasan Varietas Tanaman
MASIA CISCAR S.A.,perorangan/lainnya,2,1,Tanaman Buah,Tanaman Buah,2022,2022,Perlindungan Varietas Tanaman
The Board of Trustees of the University of Arkansas,perorangan/lainnya,2,1,Tanaman Buah,Tanaman Buah,2022,2022,Perlindungan Varietas Tanaman
"OR BATAN, BRIN",Lembaga riset,2,1,Tanaman Pangan,Tanaman Pangan,2022,2022,Pendaftaran Varietas Tanaman
IPR BV,perorangan/lainnya,2,1,Tanaman Sayuran,Tanaman Sayuran,2021,2022,Perlindungan Varietas Tanaman
Bioseed Holdings Pte.Ltd,perorangan/lainnya,2,1,Tanaman Pangan,Tanaman Pangan,2022,2022,Perlindungan Varietas Tanaman
Pemerintah Kabupaten Klaten dan BRIN,Pemerintah,2,1,Tanaman Pangan,Tanaman Pangan,2022,2022,Perlindungan Varietas Tanaman
Pemerintah Kabupaten Donggala,Pemerintah,2,1,Tanaman Pangan,Tanaman Pangan,2022,2022,Pendaftaran Varietas Tanaman
Pemerintah Kabupaten Boven Digoel,Pemerintah,2,1,Tanaman Buah,Tanaman Buah,2022,2022,Pendaftaran Varietas Tanaman
PT Advansia Benih Indonesia,PT,2,1,Tanaman Sayuran,Tanaman Sayuran,2020,2022,Pelepasan Varietas Tanaman
CV Putra Mandiri Blambangan,CV,2,1,Tanaman Buah,Tanaman Buah,2022,2022,Pelepasan Varietas Tanaman
Dinas Pertanian Prov Jawa Barat,Pemerintah,2,1,Tanaman Buah,Tanaman Buah,2020,2022,Pelepasan Varietas Tanaman
Dinas Pertanian Kabupaten Nganjuk,Pemerintah,2,1,Tanaman Buah,Tanaman Buah;Tanaman Sayuran,2016,2022,Pelepasan Varietas Tanaman
Pemerintah Kabupaten tanah datar dan BPSBTP,Pemerintah,2,1,Tanaman Sayuran,Tanaman Sayuran;Tanaman Buah,2016,2022,Pelepasan Varietas Tanaman
Dinas Pertanian Kabupaten Blitar,Pemerintah,2,1,Tanaman Sayuran,Tanaman Sayuran;Tanaman Buah,2015,2022,Pelepasan Varietas Tanaman
Badan Tenaga  Nuklir  Nasional ,Lembaga riset,2,1,Tanaman Pangan,Tanaman Pangan,2020,2021,Perlindungan Varietas Tanaman
Pemerintah Kabupaten Belitung,Pemerintah,2,1,Tanaman Perkebunan,Tanaman Perkebunan;Tanaman Buah,2020,2021,Pendaftaran Varietas Tanaman
Pemerintah Kabupaten Manggarai Barat,Pemerintah,2,1,Tanaman Pangan,Tanaman Pangan,2010,2021,Pendaftaran Varietas Tanaman
Pemerintah Kabupaten Bombana,Pemerintah,2,1,Tanaman Buah,Tanaman Buah,2021,2021,Pendaftaran Varietas Tanaman
Pemerintah Kabupaten Cirebon,Pemerintah,2,1,Tanaman Sayuran,Tanaman Sayuran;Tanaman Buah,2021,2021,Pendaftaran Varietas Tanaman
CV Kayamon Jaya Indonesia,CV,2,1,Tanaman Pangan,Tanaman Pangan,2021,2021,Pelepasan Varietas Tanaman
Pemerintah Kabupaten Kerinci dan BATAN,Pemerintah,2,1,Tanaman Pangan,Tanaman Pangan,2021,2021,Pelepasan Varietas Tanaman
Pemerintah Kabupaten Musi Rawas dan BATAN,Pemerintah,2,1,Tanaman Pangan,Tanaman Pangan,2021,2021,Pelepasan Varietas Tanaman
PT Titian Tani  Mandiri Sejahtera,PT,2,1,Tanaman Pangan,Tanaman Pangan,2021,2021,Pelepasan Varietas Tanaman
Pusat Aplikasi Isotop & BATAN,Lembaga riset,2,1,Tanaman Pangan,Tanaman Pangan,2021,2021,Pelepasan Varietas Tanaman
UD Sri Rejeki,UD,2,1,Tanaman Sayuran,Tanaman Sayuran,2021,2021,Pelepasan Varietas Tanaman
Dinas Pertanian Perkebunan Pangan Dan Hortikultura Kabupaten Cianjur,Pemerintah,2,1,Tanaman Sayuran,Tanaman Sayuran;Tanaman Buah,2009,2021,Pelepasan Varietas Tanaman
UD Dewi Asiyah,UD,2,1,Tanaman Sayuran,Tanaman Sayuran,2021,2021,Pelepasan Varietas Tanaman
Puslitbang Perhutani,Lembaga riset,2,1,Tanaman Perkebunan,Tanaman Perkebunan,2020,2020,Perlindungan Varietas Tanaman
"Dr. Budi Setiadi Daryono, M.Agr.Sc",perorangan/lainnya,2,1,Tanaman Buah,Tanaman Buah,2020,2020,Perlindungan Varietas Tanaman
Pusat Penelitian Konservasi Tumbuhan dan Kebun Raya Bogor,Lembaga riset,2,1,Tanaman Flori,Tanaman Flori,2017,2020,Pendaftaran Varietas Tanaman
Pemerintah Kota Pekanbaru,Pemerintah,2,1,Tanaman Buah,Tanaman Buah,2020,2020,Pendaftaran Varietas Tanaman
Pemerintah Kabupaten Sumba Tengah,Pemerintah,2,1,Tanaman Pangan,Tanaman Pangan,2020,2020,Pendaftaran Varietas Tanaman
Pemerintah Kabupaten Malaka,Pemerintah,2,1,Tanaman Pangan,Tanaman Pangan,2020,2020,Pendaftaran Varietas Tanaman
Pemerintah Kabupaten Merauke,Pemerintah,2,1,Tanaman Perkebunan,Tanaman Perkebunan,2020,2020,Pendaftaran Varietas Tanaman
Perkumpulan Bangun Nusa Berkelanjutan,perorangan/lainnya,2,1,Tanaman Pangan,Tanaman Pangan,2020,2020,Pelepasan Varietas Tanaman
Universitas Jenderal Soedirman dan Konsorsium Penelitian Padi Nasional,Perguruan tinggi,2,1,Tanaman Pangan,Tanaman Pangan,2017,2020,Pelepasan Varietas Tanaman
Balai Penelitian Tanaman Palma ,Pemerintah,2,1,Tanaman Perkebunan,Tanaman Perkebunan,2019,2020,Pelepasan Varietas Tanaman
Pemerintah Kabupaten Kepulauan Sula,Pemerintah,2,2,Tanaman Perkebunan,Tanaman Perkebunan,2019,2020,Pelepasan Varietas Tanaman
Dinas Pertanian Kabupaten Aceh Tengah,Pemerintah,2,1,Tanaman Buah,Tanaman Buah;Tanaman Sayuran,2019,2020,Pelepasan Varietas Tanaman
M Agung Subroto,perorangan/lainnya,2,1,Tanaman Sayuran,Tanaman Sayuran,2020,2020,Pelepasan Varietas Tanaman
CV Agro Mustika,CV,2,1,Tanaman Sayuran,Tanaman Sayuran,2020,2020,Pelepasan Varietas Tanaman
Pusat Inovasi LIPI,Lembaga riset,2,1,Tanaman Buah,Tanaman Buah,2019,2019,Perlindungan Varietas Tanaman
"Fakultas Pertanian, Universitas Mataram",Perguruan tinggi,2,1,Tanaman Pangan,Tanaman Pangan,2019,2019,Pendaftaran Varietas Tanaman
"Prof.Dr.Ir.H.M. Nurdin Abdullah, M.Agr",perorangan/lainnya,2,1,Tanaman Sayuran,Tanaman Sayuran,2019,2019,Pendaftaran Varietas Tanaman
Dr. Sc. Agr. Agung Kurniawan,perorangan/lainnya,2,1,Tanaman Pangan,Tanaman Pangan,2019,2019,Pendaftaran Varietas Tanaman
Pemerintah Kabupaten Hulu Sungai Utara,Pemerintah,2,1,Tanaman Pangan,Tanaman Pangan,2019,2019,Pendaftaran Varietas Tanaman
Pemerintah Kabupaten Boyolali,Pemerintah,2,1,Tanaman Buah,Tanaman Buah,2009,2019,Pendaftaran Varietas Tanaman
Pemerintah Kabupaten Bantaeng,Pemerintah,2,1,Tanaman Sayuran,Tanaman Sayuran;Tanaman Pangan,2010,2019,Pendaftaran Varietas Tanaman
Pemerintah Kota Tomohon,Pemerintah,2,1,Tanaman Flori,Tanaman Flori;Tanaman Perkebunan,2014,2019,Pendaftaran Varietas Tanaman
Pemerintah Kabupaten Tenggarong,Pemerintah,2,1,Tanaman Pangan,Tanaman Pangan,2019,2019,Pendaftaran Varietas Tanaman
PT Syngenta Indonesa,PT,2,1,Tanaman Pangan,Tanaman Pangan,2019,2019,Pelepasan Varietas Tanaman
"Pemerintah Kabupaten Sleman, Dipertakan Kab. Sleman, BPTP Yogyakarta, UPTD BPSBP DIY",Pemerintah,2,1,Tanaman Pangan,Tanaman Pangan,2019,2019,Pelepasan Varietas Tanaman
Pemerintah Kabupaten Klaten dan PAIR - BATAN,Pemerintah,2,1,Tanaman Pangan,Tanaman Pangan,2019,2019,Pelepasan Varietas Tanaman
Dinas Pertanian Kabupaten Solok,Pemerintah,2,1,Tanaman Sayuran,Tanaman Sayuran,2017,2019,Pelepasan Varietas Tanaman
Dinas Pertanian Kab Bandung,Pemerintah,2,1,Tanaman Buah,Tanaman Buah,2017,2019,Pelepasan Varietas Tanaman
Dinas TPH dan Perkebunan Kab Pesisir Selatan,Pemerintah,2,1,Tanaman Sayuran,Tanaman Sayuran,2019,2019,Pelepasan Varietas Tanaman
Dinas Pertanian dan Perikanan Kab Majalengka,Pemerintah,2,1,Tanaman Sayuran,Tanaman Sayuran;Tanaman Buah,1993,2019,Pelepasan Varietas Tanaman
PT Gunung Kombeng Surabaya,PT,2,1,Tanaman Sayuran,Tanaman Sayuran,2019,2019,Pelepasan Varietas Tanaman
PPSHB-IPB,Perguruan tinggi,2,1,Tanaman Sayuran,Tanaman Sayuran,2014,2019,Pelepasan Varietas Tanaman
Pusat Aplikasi Isotop dan Radiasi BATAN,Lembaga riset,2,2,Tanaman Buah,Tanaman Buah;Tanaman Pangan,2018,2019,Pelepasan Varietas Tanaman
Pemerintah Kabupaten Bangli,Pemerintah,2,1,Tanaman Sayuran,Tanaman Sayuran;Tanaman Pangan,2007,2018,Pendaftaran Varietas Tanaman
Pemerintah Kabupaten Banggai,Pemerintah,2,1,Tanaman Pangan,Tanaman Pangan,2018,2018,Pendaftaran Varietas Tanaman
Pemerintah Kabupaten Purbalingga,Pemerintah,2,1,Tanaman Buah,Tanaman Buah,2018,2018,Pendaftaran Varietas Tanaman
Pemerintah Kabupaten Pidie Jaya,Pemerintah,2,1,Tanaman Pangan,Tanaman Pangan,2018,2018,Pendaftaran Varietas Tanaman
Pemerintah Kabupaten Pasaman,Pemerintah,2,1,Tanaman Pangan,Tanaman Pangan,2018,2018,Pendaftaran Varietas Tanaman
Pemerintah Kabupaten Buru Selatan,Pemerintah,2,2,Tanaman Sayuran,Tanaman Sayuran;Tanaman Perkebunan,2013,2018,Pendaftaran Varietas Tanaman
Pemerintah Kabupaten Kaur,Pemerintah,2,1,Tanaman Buah,Tanaman Buah,2014,2018,Pendaftaran Varietas Tanaman
Pemerintah Kabupaten Bone,Pemerintah,2,1,Tanaman Buah,Tanaman Buah,2018,2018,Pendaftaran Varietas Tanaman
PT Panca Surya Garden,PT,2,1,Tanaman Perkebunan,Tanaman Perkebunan,2018,2018,Pelepasan Varietas Tanaman
"Pusat Penelitian Perkebunan Gula Indonesia (P3GI) dan  UPT Pengujian & Pengawas Mutu Benih Tanaman Perkebunan, Dinas Perkebunan Provinsi Jawa Timur.",Lembaga riset,2,1,Tanaman Perkebunan,Tanaman Perkebunan,2018,2018,Pelepasan Varietas Tanaman
Pemerintah Kabupaten Magetan dan Balai Penelitian Tanaman Pemanis dan Serat,Pemerintah,2,1,Tanaman Perkebunan,Tanaman Perkebunan,2018,2018,Pelepasan Varietas Tanaman
PT Tambi Wonosobo,PT,2,1,Tanaman Perkebunan,Tanaman Perkebunan,2018,2018,Pelepasan Varietas Tanaman
Konsorsium Padi Nasional dan Balai Besar Penelitian Tanaman padi,Pemerintah,2,1,Tanaman Pangan,Tanaman Pangan,2018,2018,Pelepasan Varietas Tanaman
PT Agro Lumintu Sejahtera dan Nuziveedu Seed,PT,2,1,Tanaman Pangan,Tanaman Pangan,2018,2018,Pelepasan Varietas Tanaman
Dinas Pertanian Provinsi Sumatera Utara,Pemerintah,2,1,Tanaman Sayuran,Tanaman Sayuran,2018,2018,Pelepasan Varietas Tanaman
Pemerintah Kabupaten Kapuas,Pemerintah,2,1,Tanaman Pangan,Tanaman Pangan,2017,2017,Pendaftaran Varietas Tanaman
IPB dan Konsorsium Penelitian Padi Nasional,Perguruan tinggi,2,1,Tanaman Pangan,Tanaman Pangan,2014,2017,Pelepasan Varietas Tanaman
PT Semangat Bersama Entreprenuership,PT,2,1,Tanaman Pangan,Tanaman Pangan,2017,2017,Pelepasan Varietas Tanaman
Badan Penelitian dan Pengembangan Pertanian dan Toyota Boshoku Corporation Japan,Lembaga riset,2,1,Tanaman Perkebunan,Tanaman Perkebunan,2017,2017,Pelepasan Varietas Tanaman
P3GI,Lembaga riset,2,1,Tanaman Perkebunan,Tanaman Perkebunan,2017,2017,Pelepasan Varietas Tanaman
CV Panca Tani Raya,CV,2,1,Tanaman Sayuran,Tanaman Sayuran,2013,2017,Pelepasan Varietas Tanaman
Dinas Pertanian Perikanan dan Peternakan Kabupaten,Pemerintah,2,1,Tanaman Sayuran,Tanaman Sayuran;Tanaman Buah,2016,2017,Pelepasan Varietas Tanaman
Dinas Pertanian Perkebunan dan Kehutanan Kabupaten,Pemerintah,2,1,Tanaman Buah,Tanaman Buah,2016,2017,Pelepasan Varietas Tanaman
PT TOYOTA BIO INDONESIA,PT,2,1,Tanaman Pangan,Tanaman Pangan,2016,2016,Pelepasan Varietas Tanaman
"Pemerintah Kabupaten kepulauan Meranti, Prov. Riau",Pemerintah,2,2,Tanaman Perkebunan,Tanaman Perkebunan,2016,2016,Pelepasan Varietas Tanaman
"Balai Pengkajian Teknologi Pertanian (BPTP) Sumut, Diperta Prov. Sumut",Pemerintah,2,1,Tanaman Pangan,Tanaman Pangan,2016,2016,Pelepasan Varietas Tanaman
Pemerintah Kota Balikpapan,Pemerintah,2,1,Tanaman Buah,Tanaman Buah,2015,2016,Pelepasan Varietas Tanaman
Konsorsium Penelitian Padi Nasional dan BB Padi,Pemerintah,2,1,Tanaman Pangan,Tanaman Pangan,2015,2015,Pelepasan Varietas Tanaman
Loka Penelitian Penyakit Tungro dan Balai Besar Penelitian Tanaman Padi,Pemerintah,2,1,Tanaman Pangan,Tanaman Pangan,2015,2015,Pelepasan Varietas Tanaman
PT Gemilang Harapan Agro Lestari,PT,2,1,Tanaman Pangan,Tanaman Pangan,2015,2015,Pelepasan Varietas Tanaman
Pemerintah Provinsi Kalimantan Timur,Pemerintah,2,2,Tanaman Perkebunan,Tanaman Perkebunan,2015,2015,Pelepasan Varietas Tanaman
"Pusat Penelitian Perkebunan Gula Indonesia (P3GI) Pasuruan, PTPN X",Lembaga riset,2,1,Tanaman Perkebunan,Tanaman Perkebunan,2012,2015,Pelepasan Varietas Tanaman
Pemerintah Kabupaten Pekalongan,Pemerintah,2,1,Tanaman Buah,Tanaman Buah,2014,2015,Pendaftaran Varietas Tanaman
"PT Shriram Seed Indonesia, Bioseed Holdings, Pte, Ltd",PT,2,1,Tanaman Pangan,Tanaman Pangan,2015,2015,Pelepasan Varietas Tanaman
BPSBTPH Jawa Barat,Pemerintah,2,1,Tanaman Buah,Tanaman Buah,1999,2015,Pelepasan Varietas Tanaman
PT Kresna Citra Utama,PT,2,1,Tanaman Sayuran,Tanaman Sayuran,2015,2015,Pelepasan Varietas Tanaman
PT PG Rajawali II,PT,2,1,Tanaman Perkebunan,Tanaman Perkebunan,2015,2015,Pelepasan Varietas Tanaman
Dinas Pertanian Kabupaten Karo,Pemerintah,2,1,Tanaman Flori,Tanaman Flori,2015,2015,Pelepasan Varietas Tanaman
Pemerintah Kabupaten Trenggalek / Dinas Pertanian Kehutanan dan,Pemerintah,2,1,Tanaman Buah,Tanaman Buah,2015,2015,Pelepasan Varietas Tanaman
Pusat Penelitian Tanaman Karet,Lembaga riset,2,1,Tanaman Perkebunan,Tanaman Perkebunan,2014,2014,Perlindungan Varietas Tanaman
"Konsorsium Padi Nasional dan BB Padi, Balitbangtan",Pemerintah,2,2,Tanaman Pangan,Tanaman Pangan,2014,2014,Pelepasan Varietas Tanaman
"Balitsereal, Badan Litbang Kementan dan PT Golden Indonesia Seed",Pemerintah,2,1,Tanaman Pangan,Tanaman Pangan,2014,2014,Pelepasan Varietas Tanaman
"PAIR - BATAN, Balitkabi, dan Konsorsium Kedelai Nasional",Lembaga riset,2,1,Tanaman Pangan,Tanaman Pangan,2014,2014,Pelepasan Varietas Tanaman
PT Agrosid Manunggal Setosa,PT,2,1,Tanaman Pangan,Tanaman Pangan,2014,2014,Pelepasan Varietas Tanaman
"Dole Food Company, Inc",perorangan/lainnya,2,1,Tanaman Buah,Tanaman Buah,2013,2013,Perlindungan Varietas Tanaman
Badan Pengkajian dan Penerapan Teknologi,Lembaga riset,2,1,Tanaman Pangan,Tanaman Pangan,2013,2013,Pelepasan Varietas Tanaman
Konsosrsium BATAN& Balitkabi,Lembaga riset,2,1,Tanaman Pangan,Tanaman Pangan,2013,2013,Pelepasan Varietas Tanaman
PT Damai Agromanna Lestari,PT,2,1,Tanaman Pangan,Tanaman Pangan,2013,2013,Pelepasan Varietas Tanaman
PT Limas Sejahtera Mandiri,PT,2,1,Tanaman Pangan,Tanaman Pangan,2013,2013,Pelepasan Varietas Tanaman
"Pemerintah Kabupaten Solok, UPTD BPSB, BPTP Provinsi Sumbar",Pemerintah,2,1,Tanaman Pangan,Tanaman Pangan,2013,2013,Pelepasan Varietas Tanaman
PT Bangun Deso Wico,PT,2,1,Tanaman Pangan,Tanaman Pangan,2012,2012,Pelepasan Varietas Tanaman
Pemerintah Kota Ambon,Pemerintah,2,1,Tanaman Buah,Tanaman Buah,2012,2012,Pendaftaran Varietas Tanaman
Kepala dinas kehutanan dan perkebunan kabupaten Bondowoso,Pemerintah,2,1,Tanaman Perkebunan,Tanaman Perkebunan,2012,2012,Pelepasan Varietas Tanaman
Kepala dinas kehutanan dan perkebunan kabupaten Probolinggo,Pemerintah,2,1,Tanaman Perkebunan,Tanaman Perkebunan,2012,2012,Pelepasan Varietas Tanaman
"Pemerintah Kabupaten Pelalawan, Diperta TP kab. Pelalawan, BPTP dan BPSB Provinsi Riau",Pemerintah,2,1,Tanaman Pangan,Tanaman Pangan,2012,2012,Pelepasan Varietas Tanaman
"IPB dan Pemerintah Kabupaten Barito Kuala, Kalsel",Perguruan tinggi,2,1,Tanaman Pangan,Tanaman Pangan,2012,2012,Pelepasan Varietas Tanaman
"BATAN, U. Samratulangi, Dipertanak Prov. Sulawesi Utara",Lembaga riset,2,1,Tanaman Pangan,Tanaman Pangan,2012,2012,Pelepasan Varietas Tanaman
PT Batara Seed,PT,2,1,Tanaman Buah,Tanaman Buah,2012,2012,Pelepasan Varietas Tanaman
Dinas Pertanian Peternakan dan Perikanan Pemerinta,Pemerintah,2,1,Tanaman Flori,Tanaman Flori,2012,2012,Pelepasan Varietas Tanaman
Dinas Pertanian dan Peternakan Kabupaten Batang,Pemerintah,2,1,Tanaman Flori,Tanaman Flori;Tanaman Buah,2009,2012,Pelepasan Varietas Tanaman
"UD Plasa Benih Indonesia, Kediri",UD,2,1,Tanaman Sayuran,Tanaman Sayuran,2012,2012,Pelepasan Varietas Tanaman
Pemerintah Kabupaten Maluku Barat Daya,Pemerintah,2,1,Tanaman Buah,Tanaman Buah;Tanaman Pangan,2011,2011,Pendaftaran Varietas Tanaman
Pemerintah Kabupaten Lebong,Pemerintah,2,1,Tanaman Buah,Tanaman Buah,2011,2011,Pendaftaran Varietas Tanaman
PT Export leaf Indonesia,PT,2,1,Tanaman Perkebunan,Tanaman Perkebunan,2011,2011,Pelepasan Varietas Tanaman
PT Advanta Seeds Indonesia dan BB Padi,PT,2,1,Tanaman Pangan,Tanaman Pangan,2011,2011,Pelepasan Varietas Tanaman
Balai Penelitian Tanaman Serealia dan Pemerintah Provinsi Sulsel,Pemerintah,2,1,Tanaman Pangan,Tanaman Pangan,2011,2011,Pelepasan Varietas Tanaman
Pemerintah Kota Batam,Pemerintah,2,1,Tanaman Perkebunan,Tanaman Perkebunan;Tanaman Flori,2010,2010,Pendaftaran Varietas Tanaman
PT Asiana Bio Grow,PT,2,1,Tanaman Pangan,Tanaman Pangan,2010,2010,Pelepasan Varietas Tanaman
IPB dan Pemerintah Kabupaten Kapuas,Perguruan tinggi,2,1,Tanaman Pangan,Tanaman Pangan,2010,2010,Pelepasan Varietas Tanaman
PT Perkebunan Nusantara X (PTPN X),PT,2,2,Tanaman Perkebunan,Tanaman Perkebunan,2007,2010,Pelepasan Varietas Tanaman
Balai Besar Penelitian Tanaman Padi dan IRRI,Pemerintah,2,1,Tanaman Pangan,Tanaman Pangan,2010,2010,Pelepasan Varietas Tanaman
BB Padi dengan . Petrokimia,Pemerintah,2,1,Tanaman Pangan,Tanaman Pangan,2010,2010,Pelepasan Varietas Tanaman
BB. Padi dan PT Metahelix Life Science,Pemerintah,2,1,Tanaman Pangan,Tanaman Pangan,2010,2010,Pelepasan Varietas Tanaman
Provinsi Aceh bekerjasama Pusat Penelitian Kopi dan Kakao Indonesia,Pemerintah,2,1,Tanaman Perkebunan,Tanaman Perkebunan,2010,2010,Pelepasan Varietas Tanaman
Perum Perhutani ,Pemerintah,2,1,Tanaman Perkebunan,Tanaman Perkebunan,2009,2009,Perlindungan Varietas Tanaman
Prof. Achmad Baihaki,perorangan/lainnya,2,1,Tanaman Pangan,Tanaman Pangan,2009,2009,Pendaftaran Varietas Tanaman
UPTD BPSBTPH Jabar Diperta kab. Kuningan,Pemerintah,2,1,Tanaman Pangan,Tanaman Pangan,2009,2009,Pelepasan Varietas Tanaman
"Devgen Seed Co., dan Industri dan PT SHS",perorangan/lainnya,2,1,Tanaman Pangan,Tanaman Pangan,2009,2009,Pelepasan Varietas Tanaman
Pemerintah Provinsi Maluku Utara / Balittri,Pemerintah,2,1,Tanaman Perkebunan,Tanaman Perkebunan,2009,2009,Pelepasan Varietas Tanaman
Balittas Malang  & PT Sadhana Arief Nusa ,Pemerintah,2,1,Tanaman Perkebunan,Tanaman Perkebunan,2009,2009,Pelepasan Varietas Tanaman
"Pemerintah Kabupaten Gunungkidul, Diperta TPH Kab. G.Kidul, BPTP Yogyakarta, BPSBTPH Yogyakarta, Fak. Pertanian dan Fak. Biologi UGM Yogya",Pemerintah,2,1,Tanaman Pangan,Tanaman Pangan,2009,2009,Pelepasan Varietas Tanaman
Dinas Pertanian Kabupaten Kutai Kartanegara,Pemerintah,2,1,Tanaman Buah,Tanaman Buah,2007,2009,Pelepasan Varietas Tanaman
Dinas Pertanian dan Ketahanan Pangan Provinsi NTT,Pemerintah,2,1,Tanaman Buah,Tanaman Buah,2007,2009,Pelepasan Varietas Tanaman
DInas Pertanian Kabupaten Merangin,Pemerintah,2,1,Tanaman Buah,Tanaman Buah,2007,2009,Pelepasan Varietas Tanaman
Pemerintah Provinsi Sulawesi Barat,Pemerintah,2,1,Tanaman Perkebunan,Tanaman Perkebunan,2008,2008,Pendaftaran Varietas Tanaman
"Pemerintah Prov. Kalsel, BPSBTPH dan Dipertanak Kabupaten Barito Kuala",Pemerintah,2,1,Tanaman Pangan,Tanaman Pangan,2008,2008,Pelepasan Varietas Tanaman
"Pemerintah KabupatenPonorogo, Jatim",Pemerintah,2,2,Tanaman Pangan,Tanaman Pangan,2008,2008,Pelepasan Varietas Tanaman
PT Bandung Ekspres Lestari,PT,2,1,Tanaman Sayuran,Tanaman Sayuran,2008,2008,Pelepasan Varietas Tanaman
Balai Penelitian Tanaman Rempah dan Aneka Tanaman Industri ,Pemerintah,2,1,Tanaman Perkebunan,Tanaman Perkebunan,2008,2008,Pelepasan Varietas Tanaman
Prang Besar Malaysia,perorangan/lainnya,2,1,Tanaman Perkebunan,Tanaman Perkebunan,2008,2008,Pelepasan Varietas Tanaman
PT PG Rajawali Nusantara I Cirebon,PT,2,1,Tanaman Perkebunan,Tanaman Perkebunan,2008,2008,Pelepasan Varietas Tanaman
Pemerintah Kabupaten Bangkalan,Pemerintah,2,1,Tanaman Buah,Tanaman Buah;Tanaman Pangan,2007,2007,Pendaftaran Varietas Tanaman
BPSB Jateng,Pemerintah,2,1,Tanaman Pangan,Tanaman Pangan,2006,2007,Pelepasan Varietas Tanaman
"Siwi Sumartini, Emy Sulistyowati, Hasnam, dan Hadi Sudarmo ",perorangan/lainnya,2,2,Tanaman Perkebunan,Tanaman Perkebunan,2007,2007,Pelepasan Varietas Tanaman
Edina Orchids & Farm,perorangan/lainnya,2,1,Tanaman Flori,Tanaman Flori,2007,2007,Pelepasan Varietas Tanaman
Pemerintah Kabupaten HSS & Dinas Pertanian Kalsel,Pemerintah,2,1,Tanaman Pangan,Tanaman Pangan,2006,2006,Pelepasan Varietas Tanaman
Balitkabi dan CIP-ESEAP,Pemerintah,2,1,Tanaman Pangan,Tanaman Pangan,2006,2006,Pelepasan Varietas Tanaman
Shriram Bioseed Gen. India Limited PT Mitra Kreasidharma,perorangan/lainnya,2,1,Tanaman Pangan,Tanaman Pangan,2006,2006,Pelepasan Varietas Tanaman
PT Triusaha Sari  Tani,PT,2,1,Tanaman Pangan,Tanaman Pangan,2005,2006,Pelepasan Varietas Tanaman
TP. Makmur Sejahtera NTB,perorangan/lainnya,2,1,Tanaman Pangan,Tanaman Pangan,2005,2006,Pelepasan Varietas Tanaman
"SL AGRITECH CROP, PHILIPIN",perorangan/lainnya,2,1,Tanaman Pangan,Tanaman Pangan,2006,2006,Pelepasan Varietas Tanaman
PT Supin Raya di Makassar,PT,2,1,Tanaman Perkebunan,Tanaman Perkebunan,2004,2004,Pelepasan Varietas Tanaman
Balitas Malang / PT Philip Moris,Pemerintah,2,1,Tanaman Perkebunan,Tanaman Perkebunan,2004,2004,Pelepasan Varietas Tanaman
MC I,perorangan/lainnya,2,1,Tanaman Pangan,Tanaman Pangan,2004,2004,Pelepasan Varietas Tanaman
"Hasnam, Siwi Sumartini, Emy Sulistyowati, Abdul Rachman, Supriyono, Suhadi, FT Kadarwati, Prima D Riajaya, IGAA Indrayani, Cece Suhara ",perorangan/lainnya,2,1,Tanaman Perkebunan,Tanaman Perkebunan,2003,2003,Pelepasan Varietas Tanaman
PT Bangun  Pusaka,PT,2,1,Tanaman Pangan,Tanaman Pangan,2002,2002,Pelepasan Varietas Tanaman
LEGOWO SUPER SINAR MENTARI NUSANTARA,perorangan/lainnya,2,1,Tanaman Pangan,Tanaman Pangan,2026,2026,Pendaftaran Varietas Tanaman
"Soejoto Sastrowijoyo, Soedjono Darmodjo, Gunawan Sukarso, Mirzawan P.D.N, Soeprajitno Lamadji, dan Eka Sugiyarna",perorangan/lainnya,2,2,Tanaman Perkebunan,Tanaman Perkebunan,1991,1991,Pelepasan Varietas Tanaman
PT Riset Perkebunan Nusantara,PT,2,1,Perkebunan,Perkebunan,2026,2026,Pendaftaran Varietas Hasil Pemuliaan
Dinas Pertanian Kota Pagar Alam,Pemerintah,1,1,,,2026,2026,Pendaftaran Varietas Lokal
CV. Citra Mandiri Utama,CV,1,1,Hortikultura,Hortikultura,2026,2026,Pendaftaran Varietas Hasil Pemuliaan
PEMERINTAH DAERAH KABUPATEN PROBOLINGGO,Pemerintah,1,1,Hortikultura,Hortikultura,2026,2026,Pendaftaran Varietas Lokal
TIGA PERMATA AGRI LESTARI,perorangan/lainnya,1,1,Hortikultura,Hortikultura,2026,2026,Pendaftaran Varietas Hasil Pemuliaan
DINAS PERTANIAN KABUPATEN ACEH TENGGARA,Pemerintah,1,1,Hortikultura,Hortikultura,2026,2026,Pendaftaran Varietas Lokal
CHANDRA ARIANDRI,perorangan/lainnya,1,1,Hortikultura,Hortikultura,2026,2026,Pendaftaran Varietas Hasil Pemuliaan
AMANAH BENIH ABADI,perorangan/lainnya,1,1,Hortikultura,Hortikultura,2026,2026,Pendaftaran Varietas Hasil Pemuliaan
Instansi Pemerintah,Pemerintah,1,1,Perkebunan,Perkebunan,2026,2026,Pendaftaran Varietas Lokal
Pemerintah Daerah Kabupaten Balangan,Pemerintah,1,1,Tanaman Pangan,Tanaman Pangan,2026,2026,Pendaftaran Varietas Lokal
Dinas Pertanian dan Pangan,Pemerintah,1,1,Tanaman Pangan,Tanaman Pangan,2026,2026,Pendaftaran Varietas Lokal
Pemerintah Daerah Kabupaten Hulu Sungai Selatan,Pemerintah,1,1,Tanaman Pangan,Tanaman Pangan,2026,2026,Pendaftaran Varietas Lokal
Pemerintah Daerah Kabuaten Bone,Pemerintah,1,1,Hortikultura,Hortikultura,2026,2026,Pendaftaran Varietas Lokal
ANUGRAH KORO ABADI,perorangan/lainnya,1,1,Hortikultura,Hortikultura,2026,2026,Pendaftaran Varietas Hasil Pemuliaan
Pemerintah Daerah Provinsi Jawa Barat,Pemerintah,1,1,Hortikultura,Hortikultura,2026,2026,Pendaftaran Varietas Lokal
PERSYARIKATAN MUHAMMADIYAH,perorangan/lainnya,1,1,Tanaman Pangan,Tanaman Pangan,2026,2026,Pendaftaran Varietas Hasil Pemuliaan
PTB Vokasi IPB,Perguruan tinggi,1,1,Hortikultura,Hortikultura,2026,2026,Pendaftaran Varietas Hasil Pemuliaan
Menungsa Creative,perorangan/lainnya,1,1,Perkebunan,Perkebunan,2026,2026,Pendaftaran Varietas Lokal
tes ujicoba,perorangan/lainnya,1,1,,,2026,2026,Pendaftaran Varietas Hasil Pemuliaan
Pt Riau Pulp Andalan and Paper,PT,1,1,Tanaman Kehutanan,Tanaman Kehutanan,2025,2025,Perlindungan Varietas Tanaman
Afiffudin Latif Adirejo,perorangan/lainnya,1,1,Tanaman Buah,Tanaman Buah,2025,2025,Perlindungan Varietas Tanaman
AMERIKA SERIKAT yang diwakili oleh Menteri Pertanian,perorangan/lainnya,1,1,Tanaman Buah,Tanaman Buah,2025,2025,Perlindungan Varietas Tanaman
PT Agri Makmur Pertiw,PT,1,1,Tanaman Sayuran,Tanaman Sayuran,2025,2025,Pelepasan Varietas Tanaman
CV Merdeka STB ,CV,1,1,Tanaman Sayuran,Tanaman Sayuran,2025,2025,Pelepasan Varietas Tanaman
WIRA AGRO NUSANTARA S,perorangan/lainnya,1,1,Tanaman Buah,Tanaman Buah,2025,2025,Pelepasan Varietas Tanaman
Dinas Ketahanan Pangan dan Pertanian Kab Lumajang,Pemerintah,1,1,Tanaman Pangan,Tanaman Pangan,2025,2025,Pelepasan Varietas Tanaman
"Pemerintah Provinsi Sulsel, Sulbar, Sulteng, Sultera",Pemerintah,1,1,Tanaman Perkebunan,Tanaman Perkebunan,2025,2025,Pelepasan Varietas Tanaman
PT Sinar Gula Nusantara ,PT,1,1,Tanaman Perkebunan,Tanaman Perkebunan,2025,2025,Pelepasan Varietas Tanaman
PT Agrosid Manunggal S,PT,1,1,Tanaman Sayuran,Tanaman Sayuran,2025,2025,Pelepasan Varietas Tanaman
PT Advanta Seeds Indo,PT,1,1,Tanaman Sayuran,Tanaman Sayuran,2025,2025,Pelepasan Varietas Tanaman
CV Berkah Abadi B,CV,1,1,Tanaman Sayuran,Tanaman Sayuran,2025,2025,Pelepasan Varietas Tanaman
PT Nikos Jaya B U,PT,1,1,Tanaman Sayuran,Tanaman Sayuran,2025,2025,Pelepasan Varietas Tanaman
Pemerintah Kabupaten Kotabaru,Pemerintah,1,1,Tanaman Pangan,Tanaman Pangan,2025,2025,Pendaftaran Varietas Tanaman
"Fakultas Pertanian, Universitas Syiah Kuala",Perguruan tinggi,1,1,Tanaman Pangan,Tanaman Pangan,2025,2025,Pendaftaran Varietas Tanaman
Politeknik Negeri Jember,Perguruan tinggi,1,1,Tanaman Pangan,Tanaman Pangan,2025,2025,Pendaftaran Varietas Tanaman
Pemerintah Kota Tangerang Selatan,Pemerintah,1,1,Tanaman Buah,Tanaman Buah,2025,2025,Pendaftaran Varietas Tanaman
Pusat Bioteknologi LRI Teknologi Maju IPB,Perguruan tinggi,1,1,Tanaman Sayuran,Tanaman Sayuran,2025,2025,Pendaftaran Varietas Tanaman
Pemerintah Kota Makassar,Pemerintah,1,1,Tanaman Buah,Tanaman Buah,2025,2025,Pendaftaran Varietas Tanaman
Pemerintah Kabupaten Barru,Pemerintah,1,1,Tanaman Pangan,Tanaman Pangan,2025,2025,Pendaftaran Varietas Tanaman
Pemerintah Kabupaten Grobogan dan BRIN,Pemerintah,1,1,Tanaman Pangan,Tanaman Pangan,2025,2025,Pelepasan Varietas Tanaman
"Fall Creek Farm & Nursery, Inc.",perorangan/lainnya,1,1,Tanaman Buah,Tanaman Buah,2024,2024,Perlindungan Varietas Tanaman
MEILLAND INTERNATIONAL S.A.,perorangan/lainnya,1,1,Tanaman Flori,Tanaman Flori,2024,2024,Perlindungan Varietas Tanaman
Balai Besar Pengujian Standar Instrumen Bioteknologi dan Sumber Daya Genetik Pertanian (BBPSI Biogen) BSIP,Pemerintah,1,1,Tanaman Sayuran,Tanaman Sayuran,2024,2024,Perlindungan Varietas Tanaman
CV Jogya Horti Lestari,CV,1,1,Tanaman Sayuran,Tanaman Sayuran,2024,2024,Perlindungan Varietas Tanaman
Pusat Inovasi Agroteknologi Universitas Gadjah Mada,Perguruan tinggi,1,1,Tanaman Buah,Tanaman Buah,2024,2024,Pendaftaran Varietas Tanaman
"Dr. Ir. Sri Rahayu, M.Si",perorangan/lainnya,1,1,Tanaman Flori,Tanaman Flori,2024,2024,Pendaftaran Varietas Tanaman
"Direktorat Manajemen Kekayaan Intelektual, Badan Riset dan Inovasi Nasional (BRIN)",Pemerintah,1,1,Tanaman Pangan,Tanaman Pangan,2024,2024,Perlindungan Varietas Tanaman
PT Tani Unggul Sukses,PT,1,1,Tanaman Sayuran,Tanaman Sayuran,2024,2024,Perlindungan Varietas Tanaman
BISIP,perorangan/lainnya,1,1,Tanaman Pangan,Tanaman Pangan,2024,2024,Pendaftaran Varietas Tanaman
Pemerintah Kabupaten Rokan Hilir,Pemerintah,1,1,Tanaman Pangan,Tanaman Pangan,2024,2024,Pendaftaran Varietas Tanaman
Pemerintah Kabupaten Tanah Bumbu,Pemerintah,1,1,Tanaman Buah,Tanaman Buah,2024,2024,Pendaftaran Varietas Tanaman
Pemerintah Kabupaten Soppeng,Pemerintah,1,1,Tanaman Sayuran,Tanaman Sayuran,2024,2024,Pendaftaran Varietas Tanaman
Dinas Pertanian Kab Sukabumi dan BRIN,Pemerintah,1,1,Tanaman Pangan,Tanaman Pangan,2024,2024,Pelepasan Varietas Tanaman
Pemerintah Kabupaten Jombang dan Bada Riset dan Inovasi Nasional,Pemerintah,1,1,Tanaman Pangan,Tanaman Pangan,2024,2024,Pelepasan Varietas Tanaman
Dinas Pertanian Kabupaten Dharmasraya,Pemerintah,1,1,Tanaman Buah,Tanaman Buah,2024,2024,Pelepasan Varietas Tanaman
Dinas Pertanian Kabupaten Timor Tengah Utara,Pemerintah,1,1,Tanaman Sayuran,Tanaman Sayuran,2024,2024,Pelepasan Varietas Tanaman
Pemerintah Kabupaten Bekasi dan Badan Riset dan Inovasi Nasional,Pemerintah,1,1,Tanaman Pangan,Tanaman Pangan,2024,2024,Pelepasan Varietas Tanaman
Pusat Riset Hortikultura dan Perkebunan (PRHP) - Organisasi Riset Pertanian dan Pangan (ORPP),Lembaga riset,1,1,Tanaman Perkebunan,Tanaman Perkebunan,2024,2024,Pelepasan Varietas Tanaman
Dinas Ketahanan Pangan dan Pertanian Kabupaten Lumajang,Pemerintah,1,1,Tanaman Buah,Tanaman Buah,2024,2024,Pelepasan Varietas Tanaman
"Dinas  Pertanian, Perkebunan dan Peternakan Kabupaten Aceh Tamiang",Pemerintah,1,1,Tanaman Buah,Tanaman Buah,2024,2024,Pelepasan Varietas Tanaman
UD Agro Nusantara Prima,UD,1,1,Tanaman Sayuran,Tanaman Sayuran,2024,2024,Pelepasan Varietas Tanaman
PT MANGUNKERTA HORTI NUSANTARA ,PT,1,1,Tanaman Sayuran,Tanaman Sayuran,2024,2024,Pelepasan Varietas Tanaman
Dinas Pertanian Kabupaten Cirebon,Pemerintah,1,1,Tanaman Buah,Tanaman Buah,2024,2024,Pelepasan Varietas Tanaman
Gubernur Kepulauan Bangka Belitung,perorangan/lainnya,1,1,Tanaman Buah,Tanaman Buah,2024,2024,Pelepasan Varietas Tanaman
LPPM Universitas Sebelas Maret,Perguruan tinggi,1,1,Tanaman Pangan,Tanaman Pangan,2023,2023,Perlindungan Varietas Tanaman
1. Compaigne Generale Des Establissements Michelin 2.Centre De Cooperation Internasionale En Recherche Agronomique Pour Le Development 3.Plantacaoes Michelin DA Bahia L TDA,perorangan/lainnya,1,1,Tanaman Perkebunan,Tanaman Perkebunan,2023,2023,Perlindungan Varietas Tanaman
PT Kenso Indonesia,PT,1,1,Tanaman Sayuran,Tanaman Sayuran,2024,2024,Pelepasan Varietas Tanaman
Universitas Nusa Bangsa,Perguruan tinggi,1,1,Tanaman Pangan,Tanaman Pangan,2023,2023,Perlindungan Varietas Tanaman
LPPM Universitas Bengkulu,Perguruan tinggi,1,1,Tanaman Sayuran,Tanaman Sayuran,2023,2023,Pendaftaran Varietas Tanaman
Dr. Kartika Ning Tyas,perorangan/lainnya,1,1,Tanaman Flori,Tanaman Flori,2023,2023,Pendaftaran Varietas Tanaman
Kepala Pusat Bioteknologi LPPM IPB,Perguruan tinggi,1,1,Tanaman Sayuran,Tanaman Sayuran,2023,2023,Pendaftaran Varietas Tanaman
PT JAVA KARLOS INDONESIA,PT,1,1,Tanaman Sayuran,Tanaman Sayuran,2023,2023,Pendaftaran Varietas Tanaman
Pemerintah Kabupaten Indramayu,Pemerintah,1,1,Tanaman Pangan,Tanaman Pangan,2023,2023,Pendaftaran Varietas Tanaman
Pemerintah Kabupaten Bolaang Mongondow Timur,Pemerintah,1,1,Tanaman Perkebunan,Tanaman Perkebunan,2023,2023,Pendaftaran Varietas Tanaman
Pemerintah Kabupaten Demak,Pemerintah,1,1,Tanaman Pangan,Tanaman Pangan,2023,2023,Pendaftaran Varietas Tanaman
Pemerintah Kota Tangerang,Pemerintah,1,1,Tanaman Buah,Tanaman Buah,2023,2023,Pendaftaran Varietas Tanaman
Pemerintah Kota Sabang,Pemerintah,1,1,Tanaman Buah,Tanaman Buah,2023,2023,Pendaftaran Varietas Tanaman
"Pemerintah Kabupaten Agam, BPSIP Sumatera Barat, BPSB Provinsi Sumatera Barat.",Pemerintah,1,1,Tanaman Pangan,Tanaman Pangan,2023,2023,Pelepasan Varietas Tanaman
PT Bumi Mulia Seed,PT,1,1,Tanaman Pangan,Tanaman Pangan,2023,2023,Pelepasan Varietas Tanaman
CV AGROBAS,CV,1,1,Tanaman Sayuran,Tanaman Sayuran,2023,2023,Pelepasan Varietas Tanaman
Universitas Gadjah Mada DIY,Perguruan tinggi,1,1,Tanaman Pangan,Tanaman Pangan,2023,2023,Pelepasan Varietas Tanaman
"Pusat Riset Tenaga Nuklir, OR Nuklir BRIN",Lembaga riset,1,1,Tanaman Pangan,Tanaman Pangan,2023,2023,Pelepasan Varietas Tanaman
PT Semangat Bersama Enterpreneurship,PT,1,1,Tanaman Pangan,Tanaman Pangan,2023,2023,Pelepasan Varietas Tanaman
Dinas Tanaman Pangan dan Perkebunan Kabupaten Sijunjung,Pemerintah,1,1,Tanaman Sayuran,Tanaman Sayuran,2023,2023,Pelepasan Varietas Tanaman
Balai Pengujian Standar Instrument Tanaman Sayuran,Pemerintah,1,1,Tanaman Sayuran,Tanaman Sayuran,2023,2023,Pelepasan Varietas Tanaman
"Dinas Ketahanan Pangan, Pertanian  dan Perikanan Kota Sawahlunto",Pemerintah,1,1,Tanaman Buah,Tanaman Buah,2023,2023,Pelepasan Varietas Tanaman
PT Sari Tani Benih Mulia,PT,1,1,Tanaman Buah,Tanaman Buah,2023,2023,Pelepasan Varietas Tanaman
CV Berkah Agro Mandiri,CV,1,1,Tanaman Sayuran,Tanaman Sayuran,2023,2023,Pelepasan Varietas Tanaman
Dinas Tanaman Pangan dan Hortikultura Kabupaten Pasaman Barat,Pemerintah,1,1,Tanaman Buah,Tanaman Buah,2023,2023,Pelepasan Varietas Tanaman
Dinas Ketahanan Pangan dan Pertanian Kabupaten Ngawi,Pemerintah,1,1,Tanaman Buah,Tanaman Buah,2023,2023,Pelepasan Varietas Tanaman
Dinas Pertanian dan Pangan Kota Sabang,Pemerintah,1,1,Tanaman Buah,Tanaman Buah,2023,2023,Pelepasan Varietas Tanaman
ITB,perorangan/lainnya,1,1,Tanaman Sayuran,Tanaman Sayuran,2022,2022,Perlindungan Varietas Tanaman
Kumamoto Prefecture,perorangan/lainnya,1,1,Tanaman Buah,Tanaman Buah,2022,2022,Perlindungan Varietas Tanaman
"OR Tenaga Nuklir, BRIN",Lembaga riset,1,1,Tanaman Pangan,Tanaman Pangan,2022,2022,Pendaftaran Varietas Tanaman
"Pusat Riset Rekayasa Genetika, BRIN",Lembaga riset,1,1,Tanaman Pangan,Tanaman Pangan,2022,2022,Pendaftaran Varietas Tanaman
Pemerintah Kabupaten Kudus,Pemerintah,1,1,Tanaman Buah,Tanaman Buah,2022,2022,Pendaftaran Varietas Tanaman
Pemerintah Kabupaten Tamiang,Pemerintah,1,1,Tanaman Buah,Tanaman Buah,2022,2022,Pendaftaran Varietas Tanaman
Pemerintah Kabupaten Sabang,Pemerintah,1,1,Tanaman Buah,Tanaman Buah,2022,2022,Pendaftaran Varietas Tanaman
Pusat Riset dan Teknologi Aplikasi Isotop dan Radiasi (PRTAIR)-Organisasi Riset Tenaga Nuklir (ORTN)-Badan Riset dan Inovasi Nasional (BRIN),Lembaga riset,1,1,Tanaman Pangan,Tanaman Pangan,2022,2022,Pelepasan Varietas Tanaman
PT NUSANTARA INDO RAYA AGRIMAKMUR,PT,1,1,Tanaman Pangan,Tanaman Pangan,2022,2022,Pelepasan Varietas Tanaman
PT RESTU AGRO JAYAMAS,PT,1,1,Tanaman Pangan,Tanaman Pangan,2022,2022,Pelepasan Varietas Tanaman
CV SRINDO,CV,1,1,Tanaman Pangan,Tanaman Pangan,2022,2022,Pelepasan Varietas Tanaman
PT Perkebunan Nusantara X,PT,1,1,Tanaman Perkebunan,Tanaman Perkebunan,2022,2022,Pelepasan Varietas Tanaman
Pemerintah Provinsi Nanggroe Aceh Darussalam,Pemerintah,1,1,Tanaman Perkebunan,Tanaman Perkebunan,2022,2022,Pelepasan Varietas Tanaman
"Pemerintah Kota Payakumbuh , BPTP Sumbar dan BPSBTPH",Pemerintah,1,1,Tanaman Pangan,Tanaman Pangan,2022,2022,Pelepasan Varietas Tanaman
Pemerintah Kabupaten Ciamis dan BB padi,Pemerintah,1,1,Tanaman Pangan,Tanaman Pangan,2022,2022,Pelepasan Varietas Tanaman
"Pemerintah Kabupaten Kulon Progo, Dinas Pertanian dan Pangan Kab Kulon Progo, BPTP Yogyakarta, UPTD BP3MBTP Dinas Pertanian dan Ketahanan Pangan DIY.",Pemerintah,1,1,Tanaman Pangan,Tanaman Pangan,2022,2022,Pelepasan Varietas Tanaman
Dinas Pertanian Kabupaten Siak,Pemerintah,1,1,Tanaman Buah,Tanaman Buah,2022,2022,Pelepasan Varietas Tanaman
CV Aulia Inara,CV,1,1,Tanaman Sayuran,Tanaman Sayuran,2022,2022,Pelepasan Varietas Tanaman
"Dinas Ketahanan Pangan, Pertanian dan Perikanan Kabupaten Temanggung",Pemerintah,1,1,Tanaman Sayuran,Tanaman Sayuran,2022,2022,Pelepasan Varietas Tanaman
Dinas Pertanian Kabupaten Tabanan,Pemerintah,1,1,Tanaman Sayuran,Tanaman Sayuran,2022,2022,Pelepasan Varietas Tanaman
Dinas Pertanian Kotamadya Semarang,Pemerintah,1,1,Tanaman Buah,Tanaman Buah,2022,2022,Pelepasan Varietas Tanaman
Universitas Bangka Belitung,Perguruan tinggi,1,1,Tanaman Pangan,Tanaman Pangan,2021,2021,Perlindungan Varietas Tanaman
Pioneer Overseas Corporation,perorangan/lainnya,1,1,Tanaman Pangan,Tanaman Pangan,2021,2021,Perlindungan Varietas Tanaman
Kaneko Seed.Co.Ltd,perorangan/lainnya,1,1,Tanaman Pangan,Tanaman Pangan,2021,2021,Perlindungan Varietas Tanaman
Dinas Tanaman Pangan Hortikultura dan Perkebunan Kabupaten Situbondo,Pemerintah,1,1,Tanaman Buah,Tanaman Buah,2022,2022,Pelepasan Varietas Tanaman
CV Borneo Seed Indonesia,CV,1,1,Tanaman Sayuran,Tanaman Sayuran,2022,2022,Pelepasan Varietas Tanaman
"Fakultas Peternakan, UGM ",Perguruan tinggi,1,1,Tanaman Pakan Ternak,Tanaman Pakan Ternak,2021,2021,Pendaftaran Varietas Tanaman
Pemerintah Kabupaten Mamuju Tengah,Pemerintah,1,1,Tanaman Buah,Tanaman Buah,2021,2021,Pendaftaran Varietas Tanaman
Pemerintah Kota Pangkalpinang,Pemerintah,1,1,Tanaman Buah,Tanaman Buah,2021,2021,Pendaftaran Varietas Tanaman
Pemerintah Kabupaten Situbondo,Pemerintah,1,1,Tanaman Buah,Tanaman Buah,2021,2021,Pendaftaran Varietas Tanaman
Pemerintah Kabupaten Empat Lawang,Pemerintah,1,1,Tanaman Buah,Tanaman Buah,2021,2021,Pendaftaran Varietas Tanaman
Pemerintah Kabupaten Tapanuli Selatan dan BB Padi dan Konsorsium ,Pemerintah,1,1,Tanaman Pangan,Tanaman Pangan,2021,2021,Pelepasan Varietas Tanaman
Universitas Jenderal Sudirman dan BB Padi dan Konsorium,Perguruan tinggi,1,1,Tanaman Pangan,Tanaman Pangan,2021,2021,Pelepasan Varietas Tanaman
PT Makmur Sejahtera Nusantara,PT,1,1,Tanaman Pangan,Tanaman Pangan,2021,2021,Pelepasan Varietas Tanaman
PT Tani Graha Sejahtera,PT,1,1,Tanaman Buah,Tanaman Buah,2021,2021,Pelepasan Varietas Tanaman
PT Tani Grahan Sejahtera,PT,1,1,Tanaman Buah,Tanaman Buah,2021,2021,Pelepasan Varietas Tanaman
CV Nusantara Tani Indonesia,CV,1,1,Tanaman Sayuran,Tanaman Sayuran,2021,2021,Pelepasan Varietas Tanaman
Temasek Life Sciences Laboratory Limited,perorangan/lainnya,1,1,Tanaman Pangan,Tanaman Pangan,2020,2020,Perlindungan Varietas Tanaman
Rijk Zwaan aadteelt en Zaadhandel B.V.,perorangan/lainnya,1,1,Tanaman Sayuran,Tanaman Sayuran,2020,2020,Perlindungan Varietas Tanaman
Pemerintah Kabupaten Brebes,Pemerintah,1,1,Tanaman Pangan,Tanaman Pangan,2020,2020,Pendaftaran Varietas Tanaman
Pemerintah Kabupaten Toba Samosir,Pemerintah,1,1,Tanaman Pangan,Tanaman Pangan,2020,2020,Pendaftaran Varietas Tanaman
Pemerintah Kabupaten Tulang Bawang Barat,Pemerintah,1,1,Tanaman Buah,Tanaman Buah,2020,2020,Pendaftaran Varietas Tanaman
Pemerintah Kabupaten Serdang Bedagai,Pemerintah,1,1,Tanaman Pangan,Tanaman Pangan,2020,2020,Pendaftaran Varietas Tanaman
Pemerintah Kabupaten Halmahera Tengah Provinsi Maluku Utara,Pemerintah,1,1,Tanaman Perkebunan,Tanaman Perkebunan,2020,2020,Pelepasan Varietas Tanaman
"Pemerintah Kabupaten Padang Pariaman dan UPTD BPSB Prov, BPTP Sumatera Barat",Pemerintah,1,1,Tanaman Pangan,Tanaman Pangan,2020,2020,Pelepasan Varietas Tanaman
Pemerintah Kabupaten Sinjai Provinsi Sulawesi Selatan,Pemerintah,1,1,Tanaman Pangan,Tanaman Pangan,2020,2020,Pelepasan Varietas Tanaman
Pemerintah Kabupaten Sijunjung dan PAIR - BATAN,Pemerintah,1,1,Tanaman Pangan,Tanaman Pangan,2020,2020,Pelepasan Varietas Tanaman
Balai Besar Penelitian Tanaman Padi dan PT Delta Golda,Pemerintah,1,1,Tanaman Pangan,Tanaman Pangan,2020,2020,Pelepasan Varietas Tanaman
Pemerintah Kabupaten  Ketapang dan Balai Besar Penelitian Tanaman Padi,Pemerintah,1,1,Tanaman Pangan,Tanaman Pangan,2020,2020,Pelepasan Varietas Tanaman
BB Padi dan Konsorsium Padi Nasional,Pemerintah,1,1,Tanaman Pangan,Tanaman Pangan,2020,2020,Pelepasan Varietas Tanaman
"Diperta Kabupaten Kepulauan Tanimbar, BPSB  Pertanian  dan peternakan",Pemerintah,1,1,Tanaman Pangan,Tanaman Pangan,2020,2020,Pelepasan Varietas Tanaman
PT Restu Agropo Jayamas,PT,1,1,Tanaman Pangan,Tanaman Pangan,2020,2020,Pelepasan Varietas Tanaman
PT Premier Seed Indonesia,PT,1,1,Tanaman Pangan,Tanaman Pangan,2020,2020,Pelepasan Varietas Tanaman
Pemerintah Kabupaten Madiun dan Balai Penelitian tanaman Aneka  Kacang dan Umbi,Pemerintah,1,1,Tanaman Pangan,Tanaman Pangan,2020,2020,Pelepasan Varietas Tanaman
Pemerintah KabupatenTanjung Jabung Barat Provinsi Jambi ,Pemerintah,1,1,Tanaman Perkebunan,Tanaman Perkebunan,2020,2020,Pelepasan Varietas Tanaman
CV Indo Jaya Makmur,CV,1,1,Tanaman Buah,Tanaman Buah,2020,2020,Pelepasan Varietas Tanaman
I Gusti Made Gama,perorangan/lainnya,1,1,Tanaman Buah,Tanaman Buah,2020,2020,Pelepasan Varietas Tanaman
Dinas Pertanian Kabupaten Humbang Hasundutan,Pemerintah,1,1,Tanaman Buah,Tanaman Buah,2020,2020,Pelepasan Varietas Tanaman
"Hari Winarsa, MM",perorangan/lainnya,1,1,Tanaman Perkebunan,Tanaman Perkebunan,2019,2019,Pendaftaran Varietas Tanaman
Pemerintah Kabupaten Maros,Pemerintah,1,1,Tanaman Sayuran,Tanaman Sayuran,2019,2019,Pendaftaran Varietas Tanaman
"Direktorat Riset, PPM dan Inovasi Universitas Padjajaran",Pemerintah,1,1,Tanaman Sayuran,Tanaman Sayuran,2019,2019,Pendaftaran Varietas Tanaman
Pemerintah Kabupaten Pulang Pisau,Pemerintah,1,1,Tanaman Pangan,Tanaman Pangan,2019,2019,Pendaftaran Varietas Tanaman
Pemerintah Kabupaten Pasangkayu,Pemerintah,1,1,Tanaman Biofarmaka,Tanaman Biofarmaka,2019,2019,Pendaftaran Varietas Tanaman
Pemerintah Kota Cimahi,Pemerintah,1,1,Tanaman Buah,Tanaman Buah,2019,2019,Pendaftaran Varietas Tanaman
Pemerintah Kabupaten Musi Rawas,Pemerintah,1,1,Tanaman Pangan,Tanaman Pangan,2019,2019,Pendaftaran Varietas Tanaman
Pemerintah Kabupaten Tapanuli Utara,Pemerintah,1,1,Tanaman Perkebunan,Tanaman Perkebunan,2019,2019,Pendaftaran Varietas Tanaman
Pemerintah Kabupaten Aceh Utara,Pemerintah,1,1,Tanaman Buah,Tanaman Buah,2019,2019,Pendaftaran Varietas Tanaman
Pemerintah Kabupaten Mesuji,Pemerintah,1,1,Tanaman Pangan,Tanaman Pangan,2019,2019,Pendaftaran Varietas Tanaman
Pemerintah Kabupaten Tebo,Pemerintah,1,1,Tanaman Pangan,Tanaman Pangan,2019,2019,Pendaftaran Varietas Tanaman
Pemerintah Kabupaten Batubara Provinsi Sumatera Utara,Pemerintah,1,1,Tanaman Perkebunan,Tanaman Perkebunan,2019,2019,Pelepasan Varietas Tanaman
Loka Penelitian Kambing Potong dan Balai Penelitian Tanaman Rempah dan Obat,Pemerintah,1,1,Tanaman Perkebunan,Tanaman Perkebunan,2019,2019,Pelepasan Varietas Tanaman
"Balai Penelitian Tanaman Pemanis dan Serat, Balai Pengembangan Benih Tanaman Perkebunan Dinas Perkebunan Provinsi Jawa Barat ",Pemerintah,1,1,Tanaman Perkebunan,Tanaman Perkebunan,2019,2019,Pelepasan Varietas Tanaman
Dinas Ketahanan Pangan dan Pertanian Kab Tebing Tinggi,Pemerintah,1,1,Tanaman Buah,Tanaman Buah,2019,2019,Pelepasan Varietas Tanaman
Dinas Pertanian Kabupaten Bantaeng,Pemerintah,1,1,Tanaman Sayuran,Tanaman Sayuran,2019,2019,Pelepasan Varietas Tanaman
PT Tunggal Yunus Estate,PT,1,1,Tanaman Perkebunan,Tanaman Perkebunan,2019,2019,Pelepasan Varietas Tanaman
PT Aneka Sawit Lestari (Minamas Research Center),PT,1,1,Tanaman Perkebunan,Tanaman Perkebunan,2019,2019,Pelepasan Varietas Tanaman
PT Sekar Agro Lestari Seed,PT,1,1,Tanaman Sayuran,Tanaman Sayuran,2019,2019,Pelepasan Varietas Tanaman
"Dinas Tanaman Pangan, Hortikultura, dan Perkebunan Kab Malang",Pemerintah,1,1,Tanaman Buah,Tanaman Buah,2019,2019,Pelepasan Varietas Tanaman
"Dinas Tanaman Pangan, Hortikultura, dan Peternakan Kab Indragiri Hilir",Pemerintah,1,1,Tanaman Buah,Tanaman Buah,2019,2019,Pelepasan Varietas Tanaman
Dinas Pertanian dan Peternakan Kab Maluku Tenggar,Pemerintah,1,1,Tanaman Buah,Tanaman Buah,2019,2019,Pelepasan Varietas Tanaman
Dinas Pertanian Kab Gayo Lues,Pemerintah,1,1,Tanaman Buah,Tanaman Buah,2019,2019,Pelepasan Varietas Tanaman
Dinas Pertanian Kab Maluku Tenggara Barat,Pemerintah,1,1,Tanaman Flori,Tanaman Flori,2019,2019,Pelepasan Varietas Tanaman
Diperta TPH Kab Kampar,Pemerintah,1,1,Tanaman Buah,Tanaman Buah,2019,2019,Pelepasan Varietas Tanaman
Dinas Pertanian TPH Kabupaten Sanggau,Pemerintah,1,1,Tanaman Buah,Tanaman Buah,2019,2019,Pelepasan Varietas Tanaman
Universitas Muhammadiyah Malang,Perguruan tinggi,1,1,Tanaman Perkebunan,Tanaman Perkebunan,2018,2018,Perlindungan Varietas Tanaman
PT Dhanistha Surya Pertiwi,PT,1,1,Tanaman Buah,Tanaman Buah,2018,2018,Pendaftaran Varietas Tanaman
PKT Kebun Raya Bogor LIPI,Lembaga riset,1,1,Tanaman Flori,Tanaman Flori,2018,2018,Pendaftaran Varietas Tanaman
Budi Waluyo,perorangan/lainnya,1,1,Tanaman Pangan,Tanaman Pangan,2018,2018,Pendaftaran Varietas Tanaman
Universitas Bina Bangsa,Perguruan tinggi,1,1,Tanaman Pangan,Tanaman Pangan,2018,2018,Pendaftaran Varietas Tanaman
Pemerintah Kabupaten Buton Selatan,Pemerintah,1,1,Tanaman Pangan,Tanaman Pangan,2018,2018,Pendaftaran Varietas Tanaman
Pemerintah Kabupaten Klungkung,Pemerintah,1,1,Tanaman Buah,Tanaman Buah,2018,2018,Pendaftaran Varietas Tanaman
Pemerintah Kabupaten Belu,Pemerintah,1,1,Tanaman Sayuran,Tanaman Sayuran,2018,2018,Pendaftaran Varietas Tanaman
Pemerintah Provinsi Bangka Belitung,Pemerintah,1,1,Tanaman Perkebunan,Tanaman Perkebunan,2018,2018,Pendaftaran Varietas Tanaman
Pemerintah Kota Tebing Tinggi,Pemerintah,1,1,Tanaman Buah,Tanaman Buah,2018,2018,Pendaftaran Varietas Tanaman
Pemerintah Kabupaten Pemalang,Pemerintah,1,1,Tanaman Buah,Tanaman Buah,2018,2018,Pendaftaran Varietas Tanaman
"Pemerintah Kabupaten Bogor, Pemerintah Kabupaten Banyumas",Pemerintah,1,1,Tanaman Pakan Ternak,Tanaman Pakan Ternak,2018,2018,Pendaftaran Varietas Tanaman
"Pemerintah Kabupaten Bogor, Pemerintah Kabupaten Banyumas, Pemerintah Kabupaten Banyuasin",Pemerintah,1,1,Tanaman Pakan Ternak,Tanaman Pakan Ternak,2018,2018,Pendaftaran Varietas Tanaman
"Pemerintah Kabupaten Banyuasin, Pemerintah Kabupaten Banyumas",Pemerintah,1,1,Tanaman Pakan Ternak,Tanaman Pakan Ternak,2018,2018,Pendaftaran Varietas Tanaman
Pemerintah Provinsi Kalimantan Utara,Pemerintah,1,1,Tanaman Perkebunan,Tanaman Perkebunan,2018,2018,Pendaftaran Varietas Tanaman
Pemerintah Kabupaten Batubara,Pemerintah,1,1,Tanaman Perkebunan,Tanaman Perkebunan,2018,2018,Pendaftaran Varietas Tanaman
"PT Shriram Seed Indonesia dan Bioseed Holding Pte, Ltd Singapura",PT,1,1,Tanaman Pangan,Tanaman Pangan,2018,2018,Pelepasan Varietas Tanaman
Dinas Pertanian Kabupaten Pati,Pemerintah,1,1,Tanaman Buah,Tanaman Buah,2018,2018,Pelepasan Varietas Tanaman
Dinas Pertanian Kabupaten Indramayu,Pemerintah,1,1,Tanaman Buah,Tanaman Buah,2018,2018,Pelepasan Varietas Tanaman
Pemerintah Kabupaten Indragiri Hilir dan Badan Penelitian dan Pengembangan Pertanian,Pemerintah,1,1,Tanaman Perkebunan,Tanaman Perkebunan,2018,2018,Pelepasan Varietas Tanaman
PT Applied Agricultural Resources Indonesia ,PT,1,1,Tanaman Perkebunan,Tanaman Perkebunan,2018,2018,Pelepasan Varietas Tanaman
Pemerintah Kabupaten Lebak Provinsi Banten ,Pemerintah,1,1,Tanaman Perkebunan,Tanaman Perkebunan,2018,2018,Pelepasan Varietas Tanaman
"Pemerintah Kabupaten Banggai, Provinsi Sulawesi Tengah",Pemerintah,1,1,Tanaman Perkebunan,Tanaman Perkebunan,2018,2018,Pelepasan Varietas Tanaman
"Pemerintah Kabupaten Kepulauan Selayar, Provinsi Sulawesi Selatan",Pemerintah,1,1,Tanaman Perkebunan,Tanaman Perkebunan,2018,2018,Pelepasan Varietas Tanaman
PT Aliance One Indonesia,PT,1,1,Tanaman Perkebunan,Tanaman Perkebunan,2018,2018,Pelepasan Varietas Tanaman
Hortimart Agro Center,perorangan/lainnya,1,1,Tanaman Buah,Tanaman Buah,2018,2018,Pelepasan Varietas Tanaman
Dinas Pertanian Kabupaten Solok Selatan,Pemerintah,1,1,Tanaman Buah,Tanaman Buah,2018,2018,Pelepasan Varietas Tanaman
DRPMI Universitas Padjadjaran,Perguruan tinggi,1,1,Tanaman Sayuran,Tanaman Sayuran,2018,2018,Pelepasan Varietas Tanaman
"Josia Lazuardi, Direktorat Perbenihan Hortikultura",Pemerintah,1,1,Tanaman Buah,Tanaman Buah,2018,2018,Pelepasan Varietas Tanaman
Dinas Pertanian Provinsi Papua Barat,Pemerintah,1,1,Tanaman Buah,Tanaman Buah,2018,2018,Pelepasan Varietas Tanaman
Dinas Pertanian Kabupaten Kulonprogo,Pemerintah,1,1,Tanaman Sayuran,Tanaman Sayuran,2018,2018,Pelepasan Varietas Tanaman
Pemerintah Kabupaten Aceh Tamiang,Pemerintah,1,1,Tanaman Buah,Tanaman Buah,2017,2017,Pendaftaran Varietas Tanaman
Pemerintah Kabupaten Gayo Lues,Pemerintah,1,1,Tanaman Buah,Tanaman Buah,2017,2017,Pendaftaran Varietas Tanaman
Pemerintah Kabupaten Mempawah,Pemerintah,1,1,Tanaman Buah,Tanaman Buah,2017,2017,Pendaftaran Varietas Tanaman
Pemerintah Kabupaten Ketapang,Pemerintah,1,1,Tanaman Pangan,Tanaman Pangan,2017,2017,Pendaftaran Varietas Tanaman
Balai Besar Penelitian Tanaman Padi dan BATAN,Pemerintah,1,1,Tanaman Pangan,Tanaman Pangan,2017,2017,Pelepasan Varietas Tanaman
"Pemeritah Kota Sawahlunto, UPTD BPSB Sumbar, dan BPTP Provinsi Sumbar",Pemerintah,1,1,Tanaman Pangan,Tanaman Pangan,2017,2017,Pelepasan Varietas Tanaman
"Pemerintah Kabupaten Lima Puluh Kota UPTD BPSB Sumbar, dan BPTP Provinsi Sumbar",Pemerintah,1,1,Tanaman Pangan,Tanaman Pangan,2017,2017,Pelepasan Varietas Tanaman
"BB Padi, Balitbangtan dan Konsosrsium Penelitian Padi Nasional",Pemerintah,1,1,Tanaman Pangan,Tanaman Pangan,2017,2017,Pelepasan Varietas Tanaman
"Dinas Tanaman Pangan dan Hortikultura Prov. Jabar, BB Padi dan BPTP Jabar",Pemerintah,1,1,Tanaman Pangan,Tanaman Pangan,2017,2017,Pelepasan Varietas Tanaman
"Pemerintah Kabupaten Tanah Datar, UPTD BPSB Sumbar, dan BPTP Sumbar",Pemerintah,1,1,Tanaman Pangan,Tanaman Pangan,2017,2017,Pelepasan Varietas Tanaman
"BPTP Sumbar, BPSBTPH Provinsi Sumbar, Dinas Pertanian Kab. Solok",Pemerintah,1,1,Tanaman Pangan,Tanaman Pangan,2017,2017,Pelepasan Varietas Tanaman
"Pemerintah Kabupaten Agam, UPTD BPSB Sumbar, dan BPTP Provinsi Sumbar",Pemerintah,1,1,Tanaman Pangan,Tanaman Pangan,2017,2017,Pelepasan Varietas Tanaman
"Pemerintah Kabupaten Fakfak, Papua Barat",Pemerintah,1,1,Tanaman Perkebunan,Tanaman Perkebunan,2017,2017,Pelepasan Varietas Tanaman
Pemerintah Kabupaten Lima Puluh Kota dan Balai Penelitian Tanaman Industri dan Penegar (Balittri),Pemerintah,1,1,Tanaman Perkebunan,Tanaman Perkebunan,2017,2017,Pelepasan Varietas Tanaman
PT Sumbawa Bangkit Sejahtera,PT,1,1,Tanaman Perkebunan,Tanaman Perkebunan,2017,2017,Pelepasan Varietas Tanaman
"Pemerintah Kabupaten Tulungagung, Provinsi Jawa Timur",Pemerintah,1,1,Tanaman Perkebunan,Tanaman Perkebunan,2017,2017,Pelepasan Varietas Tanaman
Pemerintah Kabupaten Halmahera,Pemerintah,1,1,Tanaman Perkebunan,Tanaman Perkebunan,2017,2017,Pendaftaran Varietas Tanaman
Diperta Kab. Karawang BPSBTPH Prov. Jabar,Pemerintah,1,1,Tanaman Pangan,Tanaman Pangan,2017,2017,Pelepasan Varietas Tanaman
"Pemerintah Kabupaten Indragiri Hilir, Provinsi Riau dengan Balai  Penelitian Tanaman Palma ",Pemerintah,1,1,Tanaman Perkebunan,Tanaman Perkebunan,2017,2017,Pelepasan Varietas Tanaman
"Pemerintah Kabupaten Kerinci, Provinsi Jambi",Pemerintah,1,1,Tanaman Perkebunan,Tanaman Perkebunan,2017,2017,Pelepasan Varietas Tanaman
"Pemerintah Kabupaten Pulau Morotai, Provinsi Maluku Utara",Pemerintah,1,1,Tanaman Perkebunan,Tanaman Perkebunan,2017,2017,Pelepasan Varietas Tanaman
"Dinas Perkebunan Kabupaten Lampung Selatan dengan Balai  Penelitian Tanaman Palma dan IPB
",Pemerintah,1,1,Tanaman Perkebunan,Tanaman Perkebunan,2017,2017,Pelepasan Varietas Tanaman
PT Felda Malaysia (Felda Global Venture),PT,1,1,Tanaman Perkebunan,Tanaman Perkebunan,2017,2017,Pelepasan Varietas Tanaman
CV Gunung Kombeng,CV,1,1,Tanaman Sayuran,Tanaman Sayuran,2017,2017,Pelepasan Varietas Tanaman
PT Maju Makmur Utomo,PT,1,1,Tanaman Buah,Tanaman Buah,2017,2017,Pelepasan Varietas Tanaman
PT Sanitas,PT,1,1,Tanaman Sayuran,Tanaman Sayuran,2017,2017,Pelepasan Varietas Tanaman
PT Perkebunan Nusantara XI (Persero),PT,1,1,Tanaman Perkebunan,Tanaman Perkebunan,2016,2016,Perlindungan Varietas Tanaman
Pemerintah Kabupaten Pangkajene Kepulauan,Pemerintah,1,1,Tanaman Buah,Tanaman Buah,2016,2016,Pendaftaran Varietas Tanaman
Pemerintah Kabupaten  Banjarnegara dan Balai Penelitian Tanaman Buah Tropika,Pemerintah,1,1,Tanaman Buah,Tanaman Buah,2016,2016,Pelepasan Varietas Tanaman
"DipertaTPH Kabupaten HST, UPTD BPSBPTH Prov. Kalsel & Balitkabi",Pemerintah,1,1,Tanaman Pangan,Tanaman Pangan,2016,2016,Pelepasan Varietas Tanaman
Pemerintah Kabupaten Bener meriah,Pemerintah,1,1,Tanaman Sayuran,Tanaman Sayuran,2016,2016,Pendaftaran Varietas Tanaman
Balai Penelitian Tanaman Rempah & Obat dan Pemerintah Kabupaten Sukabumi ,Pemerintah,1,1,Tanaman Perkebunan,Tanaman Perkebunan,2016,2016,Pelepasan Varietas Tanaman
Diperta TPH Prov. Gorontalo bekerjasama dengan Faperta UNG,Pemerintah,1,1,Tanaman Pangan,Tanaman Pangan,2016,2016,Pelepasan Varietas Tanaman
Dinas pertanian Kabupaten Kediri,Pemerintah,1,1,Tanaman Buah,Tanaman Buah,2016,2016,Pelepasan Varietas Tanaman
DInas Pertanian Kabupaten Garut,Pemerintah,1,1,Tanaman Sayuran,Tanaman Sayuran,2016,2016,Pelepasan Varietas Tanaman
Dinas Pertanian Tanaman Pangan Kabupaten Tasikmala,Pemerintah,1,1,Tanaman Buah,Tanaman Buah,2016,2016,Pelepasan Varietas Tanaman
Dinas Pertanian Kabupaten Magelang,Pemerintah,1,1,Tanaman Buah,Tanaman Buah,2016,2016,Pelepasan Varietas Tanaman
Dinas Pertanian TPH Kab Bener Meriah,Pemerintah,1,1,Tanaman Sayuran,Tanaman Sayuran,2016,2016,Pelepasan Varietas Tanaman
"Fakultas Pertanian, Universitas Jenderal Soedirman",Perguruan tinggi,1,1,Tanaman Pangan,Tanaman Pangan,2015,2015,Perlindungan Varietas Tanaman
PTSocfin Indonesia dan PalmElit SAS,perorangan/lainnya,1,1,Tanaman Perkebunan,Tanaman Perkebunan,2015,2015,Perlindungan Varietas Tanaman
Pemerintah Kabupaten Sawahlunto,Pemerintah,1,1,Tanaman Pangan,Tanaman Pangan,2015,2015,Pendaftaran Varietas Tanaman
Pusat Alikasi Isotop dan Radiasi (BATAN),Lembaga riset,1,1,Tanaman Pangan,Tanaman Pangan,2015,2015,Pelepasan Varietas Tanaman
"Pemerintah Kabupaten Sijunjung, UPTD BPSB Prov Sumbar BPTP Sumbar, UPTD BPTPH Prov Sumbar",Pemerintah,1,1,Tanaman Pangan,Tanaman Pangan,2015,2015,Pelepasan Varietas Tanaman
Pemerintah Kabupaten Bengkayang,Pemerintah,1,1,Tanaman Pangan,Tanaman Pangan,2015,2015,Pendaftaran Varietas Tanaman
Global Indonesia,perorangan/lainnya,1,1,Tanaman Pangan,Tanaman Pangan,2015,2015,Pelepasan Varietas Tanaman
"Konsorsium Penelitian Padi Nasional, Balai Besar Litbang Bioteknologi dan SDG pertanian, BB Padi",Pemerintah,1,1,Tanaman Pangan,Tanaman Pangan,2015,2015,Pelepasan Varietas Tanaman
Dinas pertanian Kabupaten Tanggamus,Pemerintah,1,1,Tanaman Flori,Tanaman Flori,2015,2015,Pelepasan Varietas Tanaman
Dinas Kelautan Pertanian dan Ketahanan Pangan DKI,Pemerintah,1,1,Tanaman Buah,Tanaman Buah,2015,2015,Pelepasan Varietas Tanaman
Dinas Pertanian Kabupaten Bulukumba,Pemerintah,1,1,Tanaman Buah,Tanaman Buah,2015,2015,Pelepasan Varietas Tanaman
Dinas Pertanian Kota Mataram,Pemerintah,1,1,Tanaman Buah,Tanaman Buah,2015,2015,Pelepasan Varietas Tanaman
CV BARTAN SEED,CV,1,1,Tanaman Sayuran,Tanaman Sayuran,2015,2015,Pelepasan Varietas Tanaman
Perhimpunan Florikultura Indonesia,perorangan/lainnya,1,1,Tanaman Flori,Tanaman Flori,2015,2015,Pelepasan Varietas Tanaman
DInas Pertanian dan Peternakan Kabupaten Nunukan,Pemerintah,1,1,Tanaman Buah,Tanaman Buah,2015,2015,Pelepasan Varietas Tanaman
Dinas Pertanian Kabupaten Kutai Timur,Pemerintah,1,1,Tanaman Buah,Tanaman Buah,2015,2015,Pelepasan Varietas Tanaman
Dinas Pertanian Maluku Tenggara Barat,Pemerintah,1,1,Tanaman Buah,Tanaman Buah,2015,2015,Pelepasan Varietas Tanaman
UPT PMSB TPH Provinsi Sulteng,Pemerintah,1,1,Tanaman Pangan,Tanaman Pangan,2014,2014,Pelepasan Varietas Tanaman
"BB Padi, Balitbangtan dan Faperta UNSOED",Pemerintah,1,1,Tanaman Pangan,Tanaman Pangan,2014,2014,Pelepasan Varietas Tanaman
PT BISI Internaional,PT,1,1,Tanaman Pangan,Tanaman Pangan,2014,2014,Pelepasan Varietas Tanaman
"Fakultas Pertanian, Universitas Andalas dan konsorsiun Gandum Nasional",Perguruan tinggi,1,1,Tanaman Pangan,Tanaman Pangan,2014,2014,Pelepasan Varietas Tanaman
"PT Wahana Graha Makmur, Balitkabi dan BPTP Sumut",PT,1,1,Tanaman Pangan,Tanaman Pangan,2014,2014,Pelepasan Varietas Tanaman
"Konsorsium Padi Nasional, BB Padi dan LIPI",Pemerintah,1,1,Tanaman Pangan,Tanaman Pangan,2014,2014,Pelepasan Varietas Tanaman
Dinas Pertanian Tanaman Pangan Kab Dompu NTB,Pemerintah,1,1,Tanaman Buah,Tanaman Buah,2014,2014,Pelepasan Varietas Tanaman
Pemerintah Kota Tumohon,Pemerintah,1,1,Tanaman Perkebunan,Tanaman Perkebunan,2014,2014,Pelepasan Varietas Tanaman
Konsorsium Padi Nasional dan LIPI,Lembaga riset,1,1,Tanaman Pangan,Tanaman Pangan,2014,2014,Pelepasan Varietas Tanaman
"Pemerintah KabupatenPesisir Selatan, UPTD BPSB dan BPTP Sumbar",Pemerintah,1,1,Tanaman Pangan,Tanaman Pangan,2014,2014,Pelepasan Varietas Tanaman
Dinas Pertanian Tanaman Pangan Kabupaten Ciamis,Pemerintah,1,1,Tanaman Buah,Tanaman Buah,2014,2014,Pelepasan Varietas Tanaman
Dinas Pertanian Tanaman Pangan dan Hortikultura Pr,Pemerintah,1,1,Tanaman Buah,Tanaman Buah,2014,2014,Pelepasan Varietas Tanaman
PT Raja Pilar Utama,PT,1,1,Tanaman Sayuran,Tanaman Sayuran,2013,2013,Pendaftaran Varietas Tanaman
Dr. Sugeng Edi,perorangan/lainnya,1,1,Tanaman Pangan,Tanaman Pangan,2013,2013,Pendaftaran Varietas Tanaman
Pemerintah Kota Lhokseumawe,Pemerintah,1,1,Tanaman Buah,Tanaman Buah,2013,2013,Pendaftaran Varietas Tanaman
Pemerintah Kabupaten Dompu,Pemerintah,1,1,Tanaman Buah,Tanaman Buah,2013,2013,Pendaftaran Varietas Tanaman
"Balitkabi, PT Tudung Putra Putri Jaya, Garudafood",Pemerintah,1,1,Tanaman Pangan,Tanaman Pangan,2013,2013,Pelepasan Varietas Tanaman
"PATIR - BATAN, Balai Penelitian Tanaman Serealia",Lembaga riset,1,1,Tanaman Pangan,Tanaman Pangan,2013,2013,Pelepasan Varietas Tanaman
Pemerintah Kabupaten Pohuwato,Pemerintah,1,1,Tanaman Perkebunan,Tanaman Perkebunan,2013,2013,Pendaftaran Varietas Tanaman
Pemerintah Prov. Sulawesi Tengah,Pemerintah,1,1,Tanaman Perkebunan,Tanaman Perkebunan,2013,2013,Pelepasan Varietas Tanaman
"Dinas Pertanian, Perkebunan dan Kehutanan Kabupaten Semarang",Pemerintah,1,1,Tanaman Buah,Tanaman Buah,2013,2013,Pelepasan Varietas Tanaman
Dinas Tanaman Pangan dan Hortikultura Kabupaten Muara Enim,Pemerintah,1,1,Tanaman Buah,Tanaman Buah,2013,2013,Pelepasan Varietas Tanaman
Prov. Gorontalo ,perorangan/lainnya,1,1,Tanaman Perkebunan,Tanaman Perkebunan,2013,2013,Pelepasan Varietas Tanaman
Pemerintah Kabupaten Kepulauan Maranti-Masyarakat Riau,Pemerintah,1,1,Tanaman Perkebunan,Tanaman Perkebunan,2013,2013,Pelepasan Varietas Tanaman
Pemerintah Provinsi Jawa Timur,Pemerintah,1,1,Tanaman Perkebunan,Tanaman Perkebunan,2013,2013,Pelepasan Varietas Tanaman
PT Perkebunan Nusantara XI (PTPN XI),PT,1,1,Tanaman Perkebunan,Tanaman Perkebunan,2013,2013,Pelepasan Varietas Tanaman
Pemerintah Kabupaten Tanjabar provinsi Jambi ,Pemerintah,1,1,Tanaman Perkebunan,Tanaman Perkebunan,2013,2013,Pelepasan Varietas Tanaman
Pemerintah Kabupaten Tanjung Jabung Barat Prov. Jambi,Pemerintah,1,1,Tanaman Perkebunan,Tanaman Perkebunan,2013,2013,Pelepasan Varietas Tanaman
Pemerintah prov. Gorontalo & Balai Penelitian Tanaman Rempah dan Obat,Pemerintah,1,1,Tanaman Perkebunan,Tanaman Perkebunan,2013,2013,Pelepasan Varietas Tanaman
Chengdu Sunlight Seed Co. Ltd dan PT Bhakti Putra Sejati,perorangan/lainnya,1,1,Tanaman Pangan,Tanaman Pangan,2013,2013,Pelepasan Varietas Tanaman
"Diperta TPH, BPSBTPH Kalsel",Pemerintah,1,1,Tanaman Pangan,Tanaman Pangan,2013,2013,Pelepasan Varietas Tanaman
"Dinas Pertanian, Perkebunan dan Kehutanan Kabupate",Pemerintah,1,1,Tanaman Buah,Tanaman Buah,2013,2013,Pelepasan Varietas Tanaman
"Dinas Kelautan, Perikanan dan Pertanian Kota Lhokseumawe",Pemerintah,1,1,Tanaman Buah,Tanaman Buah,2013,2013,Pelepasan Varietas Tanaman
"Dinas Pertanian dan Perkebunan Kabupaten Enrekang,",Pemerintah,1,1,Tanaman Sayuran,Tanaman Sayuran,2013,2013,Pelepasan Varietas Tanaman
KT Citra Tani Mandiri,perorangan/lainnya,1,1,Tanaman Sayuran,Tanaman Sayuran,2013,2013,Pelepasan Varietas Tanaman
Dinas Pertanian dan Peternakan Kabupaten Jepara,Pemerintah,1,1,Tanaman Buah,Tanaman Buah,2013,2013,Pelepasan Varietas Tanaman
Dinas Tanaman Pangan dan Hortikultura Kabupaten Mu,Pemerintah,1,1,Tanaman Buah,Tanaman Buah,2013,2013,Pelepasan Varietas Tanaman
Dinas Pertanian dan Kehutanan Kabupaten Bantul,Pemerintah,1,1,Tanaman Sayuran,Tanaman Sayuran,2013,2013,Pelepasan Varietas Tanaman
Asosiasi Perbenihan Bawang Merah Indonesia,perorangan/lainnya,1,1,Tanaman Sayuran,Tanaman Sayuran,2013,2013,Pelepasan Varietas Tanaman
Balitsereal dan PT Parisona Alam Sejahtera,Pemerintah,1,1,Tanaman Pangan,Tanaman Pangan,2012,2012,Pelepasan Varietas Tanaman
Pemerintah Kabupaten Fakfak,Pemerintah,1,1,Tanaman Perkebunan,Tanaman Perkebunan,2012,2012,Pendaftaran Varietas Tanaman
"konsorsium Padi nasional, IPB dan Pemerintah Kabupaten Kapuas, Kalimantan Tengah",Perguruan tinggi,1,1,Tanaman Pangan,Tanaman Pangan,2012,2012,Pelepasan Varietas Tanaman
PTSasaran Ehsan Mekarsari,perorangan/lainnya,1,1,Tanaman Perkebunan,Tanaman Perkebunan,2012,2012,Pelepasan Varietas Tanaman
Pemerintah Provinsi Maluku - Masyarakat Maluku ,Pemerintah,1,1,Tanaman Perkebunan,Tanaman Perkebunan,2012,2012,Pelepasan Varietas Tanaman
PTPN XI,perorangan/lainnya,1,1,Tanaman Perkebunan,Tanaman Perkebunan,2012,2012,Pelepasan Varietas Tanaman
"Devgen, NV dan PT SHS (Persero)",perorangan/lainnya,1,1,Tanaman Pangan,Tanaman Pangan,2012,2012,Pelepasan Varietas Tanaman
PT Hubei Seed Provincial  Group Co.Ltd,PT,1,1,Tanaman Pangan,Tanaman Pangan,2012,2012,Pelepasan Varietas Tanaman
"PT Agri Makmur Lestari 
PT DuPont Indonesia",PT,1,1,Tanaman Pangan,Tanaman Pangan,2012,2012,Pelepasan Varietas Tanaman
BB. Padi dan BPTP Sumatera Barat,Pemerintah,1,1,Tanaman Pangan,Tanaman Pangan,2012,2012,Pelepasan Varietas Tanaman
Dinas Pertanian dan Ketahanan Pangan Kabupaten Lebong,Pemerintah,1,1,Tanaman Buah,Tanaman Buah,2012,2012,Pelepasan Varietas Tanaman
Dinas Pertanian Kabupaten Grobogan,Pemerintah,1,1,Tanaman Sayuran,Tanaman Sayuran,2012,2012,Pelepasan Varietas Tanaman
Dinas Pertanian Tanaman Pangan dan Hortikultura Ka,Pemerintah,1,1,Tanaman Buah,Tanaman Buah,2012,2012,Pelepasan Varietas Tanaman
CV Setia Budi,CV,1,1,Tanaman Buah,Tanaman Buah,2012,2012,Pelepasan Varietas Tanaman
"Pemerintah Kabupaten Kutai Timur, Provinsi Kalimantan Timur",Pemerintah,1,1,Tanaman Perkebunan,Tanaman Perkebunan,2011,2011,Pelepasan Varietas Tanaman
BB Padi dan BATAN,Pemerintah,1,1,Tanaman Pangan,Tanaman Pangan,2011,2011,Pelepasan Varietas Tanaman
BB Padi dan UNRAM,Pemerintah,1,1,Tanaman Pangan,Tanaman Pangan,2011,2011,Pelepasan Varietas Tanaman
BB Padi dan UNSOED,Pemerintah,1,1,Tanaman Pangan,Tanaman Pangan,2011,2011,Pelepasan Varietas Tanaman
"Pemerintah Kota Padang Panjang, UPTD BPSB Sumatera Barat dan BPTP Sumatera Barat",Pemerintah,1,1,Tanaman Pangan,Tanaman Pangan,2011,2011,Pelepasan Varietas Tanaman
PT Bumi Mekar Tani,PT,1,1,Tanaman Pangan,Tanaman Pangan,2010,2010,Perlindungan Varietas Tanaman
Pemerintah Kota Bandar Lampung,Pemerintah,1,1,Tanaman Buah,Tanaman Buah,2010,2010,Pendaftaran Varietas Tanaman
Pemerintah Kota Jakarta Barat,Pemerintah,1,1,Tanaman Sayuran,Tanaman Sayuran,2010,2010,Pendaftaran Varietas Tanaman
Pemerintah Kota Padang Panjang,Pemerintah,1,1,Tanaman Pangan,Tanaman Pangan,2010,2010,Pendaftaran Varietas Tanaman
Diperta TPH Kab. Sumedang & UPTD BPSBTPH Prov. Jabar,Pemerintah,1,1,Tanaman Pangan,Tanaman Pangan,2010,2010,Pelepasan Varietas Tanaman
Balitsereal dan PT Biogene Plantation,Pemerintah,1,1,Tanaman Pangan,Tanaman Pangan,2010,2010,Pelepasan Varietas Tanaman
UPTD BPSB Sumbar dan BPTP Sumbar,Pemerintah,1,1,Tanaman Pangan,Tanaman Pangan,2010,2010,Pelepasan Varietas Tanaman
Direksi. PT gudang garam ,perorangan/lainnya,1,1,Tanaman Perkebunan,Tanaman Perkebunan,2010,2010,Pelepasan Varietas Tanaman
"Dinas Perkebunan Provinsi Sulawesi Selatan, BBPPTP Surabaya, P3GI Pasuruan, PG Takalar, PG Camming, dan PG Arasoe Bone ",Pemerintah,1,1,Tanaman Perkebunan,Tanaman Perkebunan,2010,2010,Pelepasan Varietas Tanaman
Pemerintah prov. Maluku Utara & Balittri Sukabumi  ,Pemerintah,1,1,Tanaman Perkebunan,Tanaman Perkebunan,2010,2010,Pelepasan Varietas Tanaman
Pemerintah Kabupaten Alor Provinsi Nusa Tenggara Timur & Balittri Sukabumi ,Pemerintah,1,1,Tanaman Perkebunan,Tanaman Perkebunan,2010,2010,Pelepasan Varietas Tanaman
PT Dami Oil Palm Research Station (OPRS) Papua News Guinea,PT,1,1,Tanaman Perkebunan,Tanaman Perkebunan,2010,2010,Pelepasan Varietas Tanaman
Himawan,perorangan/lainnya,1,1,Tanaman Flori,Tanaman Flori,2009,2009,Pendaftaran Varietas Tanaman
Better3fruit N.V,perorangan/lainnya,1,1,Tanaman Buah,Tanaman Buah,2009,2009,Perlindungan Varietas Tanaman
Ma-U,perorangan/lainnya,1,1,Tanaman Flori,Tanaman Flori,2009,2009,Pendaftaran Varietas Tanaman
Ayub  S Parnata ,perorangan/lainnya,1,1,Tanaman Flori,Tanaman Flori,2009,2009,Pendaftaran Varietas Tanaman
Pemerintah Kabupaten Gianyar,Pemerintah,1,1,Tanaman Buah,Tanaman Buah,2009,2009,Pendaftaran Varietas Tanaman
Pemerintah Kabupaten Sumba Timur,Pemerintah,1,1,Tanaman Pangan,Tanaman Pangan,2009,2009,Pendaftaran Varietas Tanaman
Pemerintah Kota Pariaman,Pemerintah,1,1,Tanaman Buah,Tanaman Buah,2009,2009,Pendaftaran Varietas Tanaman
"Diperta TPH NTT,UPTD BPSB NTT,UNDANA, BPTP NTT",Pemerintah,1,1,Tanaman Pangan,Tanaman Pangan,2009,2009,Pelepasan Varietas Tanaman
Diperta Ketahanan & Nak Kab. Pasaman BRT UPTD BPSB TPH  & BPTP Prov. Sumbar,Pemerintah,1,1,Tanaman Pangan,Tanaman Pangan,2009,2009,Pelepasan Varietas Tanaman
"Pemerintah Kabupaten Halmahera Utara, Provinsi Maluku Utara/Balittro",Pemerintah,1,1,Tanaman Perkebunan,Tanaman Perkebunan,2009,2009,Pelepasan Varietas Tanaman
Pemerintah Provinsi Maluku/BBP2TP Ambon,Pemerintah,1,1,Tanaman Perkebunan,Tanaman Perkebunan,2009,2009,Pelepasan Varietas Tanaman
"Pemerintah Kabupaten Gorontalo Prov. Gorontalo, Balitka Manado ",Pemerintah,1,1,Tanaman Perkebunan,Tanaman Perkebunan,2009,2009,Pelepasan Varietas Tanaman
"Pemerintah Kabupaten Boalemo Prov. Gorontalo, Balitka Manado",Pemerintah,1,1,Tanaman Perkebunan,Tanaman Perkebunan,2009,2009,Pelepasan Varietas Tanaman
Balai Besar Penelitian Tanaman Padi dan Balai Pengkajian Teknologi Pertanian Sulawesi Tenggara,Pemerintah,1,1,Tanaman Pangan,Tanaman Pangan,2009,2009,Pelepasan Varietas Tanaman
"Diperta TPH Prv. NTT, UPTD BPSB NTT, Lemlit Undana, BPTP NTT",Pemerintah,1,1,Tanaman Pangan,Tanaman Pangan,2009,2009,Pelepasan Varietas Tanaman
"Pemerintah Kabupaten Agam, Diperta TPH Kab. Agam, UPTD BPSBTPH dan BPTP Sumatera Barat",Pemerintah,1,1,Tanaman Pangan,Tanaman Pangan,2009,2009,Pelepasan Varietas Tanaman
"Pemerintah Kabupaten 50kota, UPTD BPSBTPH, Diperta Kab. 50kota, BPTP Sumbar",Pemerintah,1,1,Tanaman Pangan,Tanaman Pangan,2009,2009,Pelepasan Varietas Tanaman
"Dinas Pertanian dan Pemerintah Kota Pariaman, Sumatera Barat",Pemerintah,1,1,Tanaman Buah,Tanaman Buah,2009,2009,Pelepasan Varietas Tanaman
"Dinas Pertanian dan Peternakan Kabupaten Barito Kuala, dan Dinas TPH Kalimantan Selatan",Pemerintah,1,1,Tanaman Buah,Tanaman Buah,2009,2009,Pelepasan Varietas Tanaman
"Dinas Tanaman Pangan dan Hortikultura Kabupaten Indragiri Hilir, Riau dan Balai Penelitian Tanaman Buah Solok",Pemerintah,1,1,Tanaman Buah,Tanaman Buah,2009,2009,Pelepasan Varietas Tanaman
Dinas Pertanian dan Ketahanan Pangan Kabupaten Rejang Lebong,Pemerintah,1,1,Tanaman Buah,Tanaman Buah,2009,2009,Pelepasan Varietas Tanaman
Dinas Pertanian TPH Kabupaten Kampar,Pemerintah,1,1,Tanaman Buah,Tanaman Buah,2009,2009,Pelepasan Varietas Tanaman
Dinas Pertanian Kabupaten Probolinggo,Pemerintah,1,1,Tanaman Sayuran,Tanaman Sayuran,2009,2009,Pelepasan Varietas Tanaman
PT Mekar Unggul Sari,PT,1,1,Tanaman Buah,Tanaman Buah,2009,2009,Pelepasan Varietas Tanaman
Dinas Pertanian Kota Tangerang,Pemerintah,1,1,Tanaman Buah,Tanaman Buah,2009,2009,Pelepasan Varietas Tanaman
H. Abdul Jamil ,perorangan/lainnya,1,1,Tanaman Pangan,Tanaman Pangan,2008,2008,Pendaftaran Varietas Tanaman
Pemerintah Kabupaten Purwakarta,Pemerintah,1,1,Tanaman Buah,Tanaman Buah,2008,2008,Pendaftaran Varietas Tanaman
Pemerintah Kabupaten Malinau,Pemerintah,1,1,Tanaman Buah,Tanaman Buah,2008,2008,Pendaftaran Varietas Tanaman
"BATAN, PT SHS",Lembaga riset,1,1,Tanaman Pangan,Tanaman Pangan,2008,2008,Pelepasan Varietas Tanaman
"Pemerintah Kabupaten Grobogan, BPSB Jateng, Pemerintah Provinsi Jateng",Pemerintah,1,1,Tanaman Pangan,Tanaman Pangan,2008,2008,Pelepasan Varietas Tanaman
"Pemerintah Kabupaten Bireuen, BPTP NAD, UPTD Balai Benih Prov NAD",Pemerintah,1,1,Tanaman Pangan,Tanaman Pangan,2008,2008,Pelepasan Varietas Tanaman
PT Perkebunan Nusantara X (Persero) Surabaya,PT,1,1,Tanaman Perkebunan,Tanaman Perkebunan,2008,2008,Pelepasan Varietas Tanaman
Dinas Pertanian Kabupaten Majalengka,Pemerintah,1,1,Tanaman Sayuran,Tanaman Sayuran,2008,2008,Pelepasan Varietas Tanaman
Pemerintah Kabupaten Karo Sumatera Utara ,Pemerintah,1,1,Tanaman Perkebunan,Tanaman Perkebunan,2008,2008,Pelepasan Varietas Tanaman
Pemerintah Kabupaten Alor Provinsi NTT ,Pemerintah,1,1,Tanaman Perkebunan,Tanaman Perkebunan,2008,2008,Pelepasan Varietas Tanaman
Balittas  dan BATAN,Pemerintah,1,1,Tanaman Perkebunan,Tanaman Perkebunan,2008,2008,Pelepasan Varietas Tanaman
"PT Bakti Tani Nusantara, Kepulauan Riau ",PT,1,1,Tanaman Perkebunan,Tanaman Perkebunan,2008,2008,Pelepasan Varietas Tanaman
Pemerintah Kabupaten Kulonprogo Prov. DIY,Pemerintah,1,1,Tanaman Perkebunan,Tanaman Perkebunan,2008,2008,Pelepasan Varietas Tanaman
"Pemerintah Kabupaten Flores Timur, Prov. NTT, & Balittri Sukabumi",Pemerintah,1,1,Tanaman Perkebunan,Tanaman Perkebunan,2008,2008,Pelepasan Varietas Tanaman
"Pemerintah Kabupaten Ende, Prov. NTT, & Balittri Sukabumi  ",Pemerintah,1,1,Tanaman Perkebunan,Tanaman Perkebunan,2008,2008,Pelepasan Varietas Tanaman
Dinas Pertanian Kabupaten Pamekasan,Pemerintah,1,1,Tanaman Sayuran,Tanaman Sayuran,2008,2008,Pelepasan Varietas Tanaman
BPSBTPH Gorontalo,Pemerintah,1,1,Tanaman Sayuran,Tanaman Sayuran,2008,2008,Pelepasan Varietas Tanaman
"CV Hortitek, Pangalengan",CV,1,1,Tanaman Sayuran,Tanaman Sayuran,2008,2008,Pelepasan Varietas Tanaman
Pemerintah Kota Solok,Pemerintah,1,1,Tanaman Pangan,Tanaman Pangan,2007,2007,Pendaftaran Varietas Tanaman
Pemerintah Kabupaten Sikka,Pemerintah,1,1,Tanaman Buah,Tanaman Buah,2007,2007,Pendaftaran Varietas Tanaman
Pemerintah Kabupaten Ogan Komering Ilir,Pemerintah,1,1,Tanaman Buah,Tanaman Buah,2007,2007,Pendaftaran Varietas Tanaman
UGM,Perguruan tinggi,1,1,Tanaman Pangan,Tanaman Pangan,2007,2007,Pelepasan Varietas Tanaman
Diperta dan Ketahanan Pangan Kota Solok bekerjasama dengan UPTD BPSB serta BPTP Provinsi Sumatera Barat,Pemerintah,1,1,Tanaman Pangan,Tanaman Pangan,2007,2007,Pelepasan Varietas Tanaman
BB Padi bekerjasama dengan Diperta Provinsi Jateng,Pemerintah,1,1,Tanaman Pangan,Tanaman Pangan,2007,2007,Pelepasan Varietas Tanaman
"BB Padi, Dinas Pertanian Provinsi Jateng",Pemerintah,1,1,Tanaman Pangan,Tanaman Pangan,2007,2007,Pelepasan Varietas Tanaman
Pemerintah Kabupaten Ogan Komering Ulu Timur,Pemerintah,1,1,Tanaman Buah,Tanaman Buah,2007,2007,Pendaftaran Varietas Tanaman
"Pemerintah Kabupaten Sikka, NTT bekerjasama dengan Balai Penelitian Kelapa",Pemerintah,1,1,Tanaman Perkebunan,Tanaman Perkebunan,2007,2007,Pelepasan Varietas Tanaman
Dinas Pertanian Kabupaten Pakpak Bharat,Pemerintah,1,1,Tanaman Buah,Tanaman Buah,2007,2007,Pelepasan Varietas Tanaman
Dinas Pertanian Kabupaten Pasaman,Pemerintah,1,1,Tanaman Buah,Tanaman Buah,2007,2007,Pelepasan Varietas Tanaman
"Dinas Ketahanan Pangan, Pertanian dan Perikanan Kota Depok",Pemerintah,1,1,Tanaman Buah,Tanaman Buah,2007,2007,Pelepasan Varietas Tanaman
DInas Pertanian Kota Banjar,Pemerintah,1,1,Tanaman Buah,Tanaman Buah,2007,2007,Pelepasan Varietas Tanaman
Dinas Pertanian dan Ketahanan Pangan Kabupaten Jombang ,Pemerintah,1,1,Tanaman Buah,Tanaman Buah,2007,2007,Pelepasan Varietas Tanaman
Dinas Pertanian Kabupaten Kuningan,Pemerintah,1,1,Tanaman Buah,Tanaman Buah,2007,2007,Pelepasan Varietas Tanaman
Dinas Pertanian dan Peternakan Kota Bima,Pemerintah,1,1,Tanaman Buah,Tanaman Buah,2007,2007,Pelepasan Varietas Tanaman
Diperta TPH Kalimantan Timur,Pemerintah,1,1,Tanaman Buah,Tanaman Buah,2007,2007,Pelepasan Varietas Tanaman
Dinas Pertanian dan Ketahanan Pangan Provinsi Bali,Pemerintah,1,1,Tanaman Buah,Tanaman Buah,2007,2007,Pelepasan Varietas Tanaman
Pemerintah Kota Blitar,Pemerintah,1,1,Tanaman Buah,Tanaman Buah,2006,2006,Pendaftaran Varietas Tanaman
"Balitkabi &CIP-ESEAP, BPTP Papua",Pemerintah,1,1,Tanaman Pangan,Tanaman Pangan,2006,2006,Pelepasan Varietas Tanaman
Diperta Kab. Garut dan Diper TPH Garut,Pemerintah,1,1,Tanaman Pangan,Tanaman Pangan,2006,2006,Pelepasan Varietas Tanaman
"Bernas Seed, BPSTPH Jawa Timur",perorangan/lainnya,1,1,Tanaman Sayuran,Tanaman Sayuran,2007,2007,Pelepasan Varietas Tanaman
PT Mulia Bintang Utama,PT,1,1,Tanaman Sayuran,Tanaman Sayuran,2006,2006,Pelepasan Varietas Tanaman
CV Kembangna Siki,CV,1,1,Tanaman Sayuran,Tanaman Sayuran,2006,2006,Pelepasan Varietas Tanaman
Dinas perkebunan provinsi Sumatera Utara ,Pemerintah,1,1,Tanaman Perkebunan,Tanaman Perkebunan,2005,2005,Pelepasan Varietas Tanaman
"Siwi sumartini, Hasnam, F.T Kadarwati, Emy Sulistyono.",perorangan/lainnya,1,1,Tanaman Perkebunan,Tanaman Perkebunan,2005,2005,Pelepasan Varietas Tanaman
"Pemerintah Kabupaten, DipertaCianjur, UPTD, BPSB ",Pemerintah,1,1,Tanaman Pangan,Tanaman Pangan,2004,2004,Pelepasan Varietas Tanaman
"Balitpa, Pemerintah Sultra",Pemerintah,1,1,Tanaman Pangan,Tanaman Pangan,2004,2004,Pelepasan Varietas Tanaman
PT Monsanto Kimia,PT,1,1,Tanaman Pangan,Tanaman Pangan,2004,2004,Pelepasan Varietas Tanaman
PT Redi Mulya Abadi,PT,1,1,Tanaman Pangan,Tanaman Pangan,2004,2004,Pelepasan Varietas Tanaman
"PT TOYOTA  BIO INDONESIA, Lampung",PT,1,1,Tanaman Pangan,Tanaman Pangan,2003,2003,Pelepasan Varietas Tanaman
"Balitpa, BPTP Jateng, Jatim, Sulsel",Pemerintah,1,1,Tanaman Pangan,Tanaman Pangan,2003,2003,Pelepasan Varietas Tanaman
"Balitpa, BPTP Lampung",Pemerintah,1,1,Tanaman Pangan,Tanaman Pangan,2003,2003,Pelepasan Varietas Tanaman
"Balitpa, BPTP,",Pemerintah,1,1,Tanaman Pangan,Tanaman Pangan,2003,2003,Pelepasan Varietas Tanaman
Balitpa dan BPTP,Pemerintah,1,1,Tanaman Pangan,Tanaman Pangan,2003,2003,Pelepasan Varietas Tanaman
Universitas Lampung,Perguruan tinggi,1,1,Tanaman Pangan,Tanaman Pangan,2001,2001,Pelepasan Varietas Tanaman
PT Andalas,PT,1,1,Tanaman Pangan,Tanaman Pangan,1999,1999,Pelepasan Varietas Tanaman
"Hermono Budisantoso, Gunawan Sukarso, Soejoto Sastrowijoyo, Mirzawan P.D.N, Eka Sugiyarna,  Soeprajitno Lamadji, Soeprijanto, dan Soedjono Darmodjo. ",perorangan/lainnya,1,1,Tanaman Perkebunan,Tanaman Perkebunan,1992,1992,Pelepasan Varietas Tanaman
"Soeprijanto, Gunawan Sukarso, Soejoto Sastrowijoyo, Mirzawan P.D.N, Eka Sugiyarna, Soeprajitno Lamadji,  Hermono Budisantoso, dan Soedjono Darmodjo. ",perorangan/lainnya,1,1,Tanaman Perkebunan,Tanaman Perkebunan,1992,1992,Pelepasan Varietas Tanaman
"Gunawan Sukarso, Soejoto Sastrowijoyo, Soeprijanto, Mirzawan P.D.N, Eka Sugiyarna, Soeprajitno Lamadji,  Hermono Budisantoso, dan Soedjono Darmodjo. ",perorangan/lainnya,1,1,Tanaman Perkebunan,Tanaman Perkebunan,1992,1992,Pelepasan Varietas Tanaman
"Eka Sugiyarna, Gunawan Sukarso, Soejoto Sastrowijoyo, Mirzawan P.D.N, Soeprajitno Lamadji, Hermono Budisantoso, Soedjono Darmodjo, dan Soeprijanto. ",perorangan/lainnya,1,1,Tanaman Perkebunan,Tanaman Perkebunan,1992,1992,Pelepasan Varietas Tanaman
"Soedjono Darmodjo, Gunawan Sukarso, Soejoto Sastrowijoyo, Mirzawan P.D.N, Soeprajitno Lamadji, Eka Sugiyarna, Hermono Budisantoso, dan Soeprijanto. ",perorangan/lainnya,1,1,Tanaman Perkebunan,Tanaman Perkebunan,1992,1992,Pelepasan Varietas Tanaman
"Mirzawan P.D.N, Gunawan Sukarso, Soejoto Sastrowijoyo, Soeprajitno Lamadji, Eka Sugiyarna, Hermono Budisantoso, dan Soedjono Darmodjo. ",perorangan/lainnya,1,1,Tanaman Perkebunan,Tanaman Perkebunan,1992,1992,Pelepasan Varietas Tanaman
"Soejoto Sastrowijoyo, Soedjono Darmodjo, Gunawan Sukarso, Eka Sugiyarna, Mirzawan P.D.N,  Soeprajitno Lamadji.",perorangan/lainnya,1,1,Tanaman Perkebunan,Tanaman Perkebunan,1991,1991,Pelepasan Varietas Tanaman
"Eka Sugiyarna, Soedjono Darmodjo, Soejoto Sastrowijoyo, Gunawan Sukarso, Mirzawan P.D.N,  Soeprajitno Lamadji.",perorangan/lainnya,1,1,Tanaman Perkebunan,Tanaman Perkebunan,1991,1991,Pelepasan Varietas Tanaman
"Soejoto Sastrowijoyo, Soedjono Darmodjo,  Mirzawan P.D.N, Soeprajitno Lamadji dan Eka Sugiyarna. ",perorangan/lainnya,1,1,Tanaman Perkebunan,Tanaman Perkebunan,1991,1991,Pelepasan Varietas Tanaman
"Eka Sugiyarna, Soedjono Darmodjo, Soejoto Sastrowijoyo, Mirzawan P.D.N,  Gunawan Sukarso, Soeprajitno Lamadji. ",perorangan/lainnya,1,1,Tanaman Perkebunan,Tanaman Perkebunan,1991,1991,Pelepasan Varietas Tanaman
"Soejoto Sastrowijoyo, Gunawan Sukarso, Mirzawan P.D.N",perorangan/lainnya,1,1,Tanaman Perkebunan,Tanaman Perkebunan,1988,1988,Pelepasan Varietas Tanaman
Pemerintah Pulau Bali ,Pemerintah,1,1,Tanaman Perkebunan,Tanaman Perkebunan,1984,1984,Pelepasan Varietas Tanaman
"Dr. Ir. Ali Zum Mashar, MSi.",perorangan/lainnya,1,1,Tanaman Pangan,Tanaman Pangan,2026,2026,Pendaftaran Varietas Hasil Pemuliaan
PT Mitra Kerinci,PT,1,1,Perkebunan,Perkebunan,2026,2026,Pendaftaran Varietas Hasil Pemuliaan
