filename,folder_id,size_bytes,sha256
IMG_0212_JPG.rf.51914635c4edc78d8113f55562ad4804.txt,02f5e6e9-464e-4c35-beb2-a6ba526142e6,39,db7c7e52e4ead0cb00259819ca00d321d5937f4c14194ea29432cbea88bb10ff
IMG_0212_JPG.rf.579031819197f883b19e9babb83d9025.txt,02f5e6e9-464e-4c35-beb2-a6ba526142e6,39,38209df2ae252d359a9fe0e99fd31941565a03e38616965dea5bffe13e9ab083
IMG_0212_JPG.rf.f42cc0e81b831cebee582a08e14b90fe.txt,02f5e6e9-464e-4c35-beb2-a6ba526142e6,39,fdfca4dfddcd1a03dba1924bcd789dd8d0cda1ac8158ba322f2dccc6a827a966
IMG_0213_JPG.rf.0bfb076abc88bfbe8d02563c5b8c7818.txt,02f5e6e9-464e-4c35-beb2-a6ba526142e6,0,e3b0c44298fc1c149afbf4c8996fb92427ae41e4649b934ca495991b7852b855
IMG_0213_JPG.rf.518e07ed62486e8364044ec0cfed757b.txt,02f5e6e9-464e-4c35-beb2-a6ba526142e6,0,e3b0c44298fc1c149afbf4c8996fb92427ae41e4649b934ca495991b7852b855
IMG_0213_JPG.rf.ddb1c5cb2d452f87707ef662b77c0bf0.txt,02f5e6e9-464e-4c35-beb2-a6ba526142e6,0,e3b0c44298fc1c149afbf4c8996fb92427ae41e4649b934ca495991b7852b855
IMG_0214_JPG.rf.273925a2c779c7caf049a418ce358ee9.txt,02f5e6e9-464e-4c35-beb2-a6ba526142e6,0,e3b0c44298fc1c149afbf4c8996fb92427ae41e4649b934ca495991b7852b855
IMG_0214_JPG.rf.3a444be8de16fe5aa2c55ae6dc119a40.txt,02f5e6e9-464e-4c35-beb2-a6ba526142e6,0,e3b0c44298fc1c149afbf4c8996fb92427ae41e4649b934ca495991b7852b855
IMG_0214_JPG.rf.400d9625971f98ccff2dc2e3ce7b2de2.txt,02f5e6e9-464e-4c35-beb2-a6ba526142e6,0,e3b0c44298fc1c149afbf4c8996fb92427ae41e4649b934ca495991b7852b855
IMG_0216_JPG.rf.a996d2bc13830554e8c757b1a748d82a.txt,02f5e6e9-464e-4c35-beb2-a6ba526142e6,45,8ab756c92e9c178b55d1b1400036cbaa63278f0cae86af938ec488fd3d626ab4
IMG_0216_JPG.rf.b00b2009d918b8b1b29d3d75d9ab77ed.txt,02f5e6e9-464e-4c35-beb2-a6ba526142e6,41,288ab063bf52be1a36983522685e1baebcccee36577f826697152b7987c85c42
IMG_0217_JPG.rf.05d0ce5af2d95fdc6ba50e34e14a4804.txt,02f5e6e9-464e-4c35-beb2-a6ba526142e6,44,fed2dec7ec9043c33d9a45477944d80fc5560951960f1af474a210d7aa8be5a6
IMG_0217_JPG.rf.0c09e903026a97752192216b6f06d095.txt,02f5e6e9-464e-4c35-beb2-a6ba526142e6,40,124012b118788a2637161c21dfbb2d58228c425812dcc7265006998b973abc4f
IMG_0217_JPG.rf.b412d9e69c7c0a96dd1981d4418f6a2f.txt,02f5e6e9-464e-4c35-beb2-a6ba526142e6,40,b8efa1a6186d2b7b134cc7d683a1acda4cf574a7dd57b62f36a8d9f313fc3de2
IMG_0218_JPG.rf.12bcf5ed9088985538748db83d19ced9.txt,02f5e6e9-464e-4c35-beb2-a6ba526142e6,40,124012b118788a2637161c21dfbb2d58228c425812dcc7265006998b973abc4f
IMG_0218_JPG.rf.7fd3fae0ecceebf925d69dc8f95eba77.txt,02f5e6e9-464e-4c35-beb2-a6ba526142e6,44,fed2dec7ec9043c33d9a45477944d80fc5560951960f1af474a210d7aa8be5a6
IMG_0218_JPG.rf.e9737f5fe48b149eeec0222d21daeed2.txt,02f5e6e9-464e-4c35-beb2-a6ba526142e6,40,184cf2270afb4a4ac7073ed3081f842072573055bdae418739dac2e5872ba363
IMG_0220_JPG.rf.45123027e98e245eca96ee07db5c6fc9.txt,02f5e6e9-464e-4c35-beb2-a6ba526142e6,41,50823e21853256e231a7ac7cf0687c2cb4ac7b1476df0d46a2bca5aa00a6a515
IMG_0220_JPG.rf.55c8505eec0b041aa976bb9a6818268d.txt,02f5e6e9-464e-4c35-beb2-a6ba526142e6,41,629eec943474ab2a78062a3d111b63c02644f5212c5ede93342ea515be41fcbc
IMG_0220_JPG.rf.6e62780260b114596b09034c5ba9cb10.txt,02f5e6e9-464e-4c35-beb2-a6ba526142e6,41,3cdc4d7004d083b1bd0776200eb99291e0e3324dc29fe8ab2d346df9f8ae4455
IMG_0221_JPG.rf.6dac2c7cf8f8fd3d4180cdb74e7c7838.txt,02f5e6e9-464e-4c35-beb2-a6ba526142e6,41,3cdc4d7004d083b1bd0776200eb99291e0e3324dc29fe8ab2d346df9f8ae4455
IMG_0221_JPG.rf.90b91bb0c9b55317b62f08ed0b8b0e93.txt,02f5e6e9-464e-4c35-beb2-a6ba526142e6,41,629eec943474ab2a78062a3d111b63c02644f5212c5ede93342ea515be41fcbc
IMG_0221_JPG.rf.f98ea4e2024a7f95a3c3a380a4792dc5.txt,02f5e6e9-464e-4c35-beb2-a6ba526142e6,41,50823e21853256e231a7ac7cf0687c2cb4ac7b1476df0d46a2bca5aa00a6a515
IMG_0225_JPG.rf.642c19e00169adfb482d450855813a56.txt,02f5e6e9-464e-4c35-beb2-a6ba526142e6,287,1a20af02cb622a2deaf19b1868b2da0fd5232eec1af5bd754b5f490d6ab70f19
IMG_0225_JPG.rf.8a7779b9a05593572ea31dc4bedc7d68.txt,02f5e6e9-464e-4c35-beb2-a6ba526142e6,278,9ea802c4a11f9e47527c2e3695861b0807254bc330116032022dfedba0351100
IMG_0225_JPG.rf.9a41c1f3269841afd9516a721b7ec733.txt,02f5e6e9-464e-4c35-beb2-a6ba526142e6,278,594c0166670007723cbf337370d450e4631bebd79d508032e53548a95bada7e5
IMG_0226_JPG.rf.1e5a2c5188cbd5c0c9f71eab91c80d97.txt,02f5e6e9-464e-4c35-beb2-a6ba526142e6,358,e8d6f6821fc2551ab124dd2fcc934ad2340d4ad9c782949527aff5b69b2d96b9
IMG_0226_JPG.rf.4e63ee33ec48e1a5d163d77f7b13a853.txt,02f5e6e9-464e-4c35-beb2-a6ba526142e6,388,1c436d07840a9c5fb27a42ef9f3191ce7d63c9c6bce168e049af7646e8b14434
IMG_0226_JPG.rf.d846e3951f9502cf9e8e76ad62d2ac80.txt,02f5e6e9-464e-4c35-beb2-a6ba526142e6,358,e8764bb826af00f7d9586c26b317e78075b7ccb18a3213aea5a17c198636728a
IMG_0227_JPG.rf.8a06371bfdae83cbcda908aff9f87026.txt,02f5e6e9-464e-4c35-beb2-a6ba526142e6,352,e3d28199b75fc153c6c6946a9e9c6ff2a2fbe771209a48ecc5bd211008ad0da8
IMG_0227_JPG.rf.cab3888bf1d73a076a2e396847310c78.txt,02f5e6e9-464e-4c35-beb2-a6ba526142e6,352,97da7bb9bc00b8c1dc679f87df6182825f17ef1d1fee82a1ea40209b4b2593a7
IMG_0227_JPG.rf.ee97fe0fd267c9b10b33e02173fc26a3.txt,02f5e6e9-464e-4c35-beb2-a6ba526142e6,372,21004ec83798408dd23c444491852a2d06fd7c266873e6f2ef3d8eb33e91fffa
IMG_0228_JPG.rf.b778228e4b024424090ffd4394d1f0f3.txt,02f5e6e9-464e-4c35-beb2-a6ba526142e6,271,ca8e56f4baa1d6f555a783becb4100154d8fd0e83d1a0771628fe68e193b6415
IMG_0228_JPG.rf.bfac40375f3d5c7e52642504849c118e.txt,02f5e6e9-464e-4c35-beb2-a6ba526142e6,287,c1101b3280e228720ef972e13cf9920b877dd090191eda86593371b2c240454e
IMG_0229_JPG.rf.4ff899bfc7d661f12cca4a39b4423f13.txt,02f5e6e9-464e-4c35-beb2-a6ba526142e6,461,4c663419f21c32af500528b6d8be795813c9129cf2e6770368c105a177471096
IMG_0229_JPG.rf.96a6636bd543d820738ce4daaa093cf9.txt,02f5e6e9-464e-4c35-beb2-a6ba526142e6,418,fcea2c4fe56cee0507e171cf5cb74764a5bfd25744c0046f7d641d6f0019f58e
IMG_0229_JPG.rf.f99279293ddda80007b43838334f39ad.txt,02f5e6e9-464e-4c35-beb2-a6ba526142e6,418,7d77ce1cf9673eb0eecdbd0dfe2a34f8a1c8d85a6f89a2f615a39f272d0fc277
IMG_0231_JPG.rf.71fc7fb321cccb13d3b9b64a6d34f1cb.txt,02f5e6e9-464e-4c35-beb2-a6ba526142e6,232,d75ba24cb074df37af706eef87b9f7c31b3ecc29db7dce87cf873fc8a2ea1dfb
IMG_0231_JPG.rf.7d8f79466f0b58419c434731407a597d.txt,02f5e6e9-464e-4c35-beb2-a6ba526142e6,251,87053e164b5f49b6938bbc17bfce44667f0aaac751ff14333c05177177ebf1bf
IMG_0231_JPG.rf.f64f6d6a2d045b22b83d79070eea5e04.txt,02f5e6e9-464e-4c35-beb2-a6ba526142e6,232,b25db5a4acd0b358312d06d6a83ff61d78e5f43f61f8a67305ef183c3fd68693
IMG_0234_JPG.rf.2e0fa90da194fc1c13d3024b6d7e974f.txt,02f5e6e9-464e-4c35-beb2-a6ba526142e6,37,a55c1e7292ac23b900aa32d4728b0b4db09e8724b719e023ba1676211d836ca9
IMG_0234_JPG.rf.42c0ece9085c1753b19aab7ae73ae24e.txt,02f5e6e9-464e-4c35-beb2-a6ba526142e6,37,a7fc7e4b281c394297461a78ef26a38d2461a801bfe23c6ca0116776aff4b8bc
IMG_0234_JPG.rf.b663d20c26fd0e206f175dc9d1ac3d27.txt,02f5e6e9-464e-4c35-beb2-a6ba526142e6,43,08e59d9b673b37f84216e97f0161ee99bf8259a3563fc3d4d86940ca25c35df5
IMG_0235_JPG.rf.3e6e9cecc0efe9606a99c76b56ed07e1.txt,02f5e6e9-464e-4c35-beb2-a6ba526142e6,36,75c346cef192feb3e6984bbaa873cdaae96ab0a0841034bf40349e8e07cdf2f4
IMG_0235_JPG.rf.588b75cc90b897ef8c9678f24b2cef65.txt,02f5e6e9-464e-4c35-beb2-a6ba526142e6,36,8f6191ef90ef7fa250a8db00e66bbc75eba300780de7a11e1f0a43d29e623a1c
IMG_0235_JPG.rf.62461254d71f1e8541c2e15dab92d258.txt,02f5e6e9-464e-4c35-beb2-a6ba526142e6,36,8f6191ef90ef7fa250a8db00e66bbc75eba300780de7a11e1f0a43d29e623a1c
IMG_0238_JPG.rf.00871f181505ac8055405f6c1f5772bb.txt,02f5e6e9-464e-4c35-beb2-a6ba526142e6,38,b557b7229e2b51f9235244be03b9ae19ab83a47c0979f28ca305f91b380a1b78
IMG_0238_JPG.rf.b9a1d8d223494e1f745819a96b2ea954.txt,02f5e6e9-464e-4c35-beb2-a6ba526142e6,38,26db5d177b2c9ec5a524d62e1eddd18b12991d8afc9e808fee39c70162e73b81
IMG_0238_JPG.rf.e9ed5fe574f9f0961002b10519d0bbbe.txt,02f5e6e9-464e-4c35-beb2-a6ba526142e6,38,26db5d177b2c9ec5a524d62e1eddd18b12991d8afc9e808fee39c70162e73b81
IMG_0240_JPG.rf.2fa00807fccbc243f0e7632ccd2ef5e9.txt,02f5e6e9-464e-4c35-beb2-a6ba526142e6,31,7e806417cd754177fb6870997e7afe422a6cc91c5c1b4128aa8284c02186a064
IMG_0240_JPG.rf.3e514f3827379ceaa36f33c09dad4a88.txt,02f5e6e9-464e-4c35-beb2-a6ba526142e6,31,ecf1ca7328b108bd98dcffa4465b59705ac5c18bf019d95519b05744016a3514
IMG_0241_JPG.rf.16e6846d1f651bb5a3dc2172e006af65.txt,02f5e6e9-464e-4c35-beb2-a6ba526142e6,39,e600f0e286da7ee99fcf5f3219fa51354a08c8549ade841b1c232475b34f0cf6
IMG_0241_JPG.rf.72a8d9adb96d5dceaa71bc0de6bcd6b9.txt,02f5e6e9-464e-4c35-beb2-a6ba526142e6,39,4de9e1d0a78cffc2192a6bb2c49de90ec9bf3d8623900745e76937a8488c680d
IMG_0241_JPG.rf.e99ce69cf6dfd101b0c343e02431c08c.txt,02f5e6e9-464e-4c35-beb2-a6ba526142e6,43,dbf726836e0055270484fec3d1adef6fe6c0aa6437ac030b4b97a59252fc906f
IMG_0242_JPG.rf.0a014c32abefbffc0ba01a961227fa4b.txt,02f5e6e9-464e-4c35-beb2-a6ba526142e6,42,445efcffb17cfd828523f86ccb85ea59db61e42340424797580907cb17108c04
IMG_0242_JPG.rf.c62aa647988ce1ca4467aeca372b68e7.txt,02f5e6e9-464e-4c35-beb2-a6ba526142e6,44,f6d821e0df404951a4da27c20a5773e6768bfd4ed523838457c00ffb4a06a824
IMG_0242_JPG.rf.d192872ebdec93bf7d69e66b157f29d7.txt,02f5e6e9-464e-4c35-beb2-a6ba526142e6,42,7a5893b5b631f6758c0548402b780eb272bc44b6bfa1028d90dd36b4d07f4a30
IMG_0243_JPG.rf.12ea55ee107c458162e1aa83d12300d5.txt,02f5e6e9-464e-4c35-beb2-a6ba526142e6,34,68bb89f64ca4ea65c716596a134f5cccbc78dc6f155ef2dbee5d84636b53792f
IMG_0243_JPG.rf.aeefb4414cd55778f3f1bab7f0c2ffbb.txt,02f5e6e9-464e-4c35-beb2-a6ba526142e6,34,9d644dbb2386392dfd1382da48c930b60349d86f493f193d211ced0708ea2351
IMG_0243_JPG.rf.cda6c446f96dcce9d7d66f3bc1a01926.txt,02f5e6e9-464e-4c35-beb2-a6ba526142e6,36,84f0e6f09c26bea3ff0527c5df8813b3a2cf3ce4221d8f49c76d2ef666ae8a9b
IMG_0244_JPG.rf.6ac84a2cee15f94249e0983bf848e041.txt,02f5e6e9-464e-4c35-beb2-a6ba526142e6,35,717e41ff8c302f219137e5cf52f15da3240a7b63005aa2cfe29c4d678c5d80be
IMG_0244_JPG.rf.9e4025da934572255de5b0805bfd9591.txt,02f5e6e9-464e-4c35-beb2-a6ba526142e6,35,4f894389776194f10605bcaa206698c21469217bf9fec836ae2b1421f858d5a0
IMG_0244_JPG.rf.e9ab3a01d0e9c37b76f92bd39983747b.txt,02f5e6e9-464e-4c35-beb2-a6ba526142e6,42,eabeaed837aa9b5ce76efe23537c50c81e3d403e79c47d3649e53d8bbe743b08
IMG_0245_JPG.rf.2b12eb4cfea0135f12620df58d9dd331.txt,02f5e6e9-464e-4c35-beb2-a6ba526142e6,35,7b794b0029cc750c16d66c17bfb45beb5d423d368b40e2332c9214abd6b1234f
IMG_0245_JPG.rf.5ef8c70a370d9cb5d8319989389f9cc2.txt,02f5e6e9-464e-4c35-beb2-a6ba526142e6,42,df6bbf7dfdafb4e90fed2eac5fe0ebf9f9bfcc3b7715416c2f09643fcc9f03bc
IMG_0247_JPG.rf.5f623365d15f3e42ca760f06e388c330.txt,02f5e6e9-464e-4c35-beb2-a6ba526142e6,37,5d4b7fb73c9e4461cb08fbc395b3de5564ee8a5e01663c22f02ff6f59df6ebf3
IMG_0247_JPG.rf.6df496f0a88a7ee7faa3c92b83e5e693.txt,02f5e6e9-464e-4c35-beb2-a6ba526142e6,37,f74a4d41b86d1e70be9a7408b4bdc9c925fc0f4addf9ff48ae03b634213af342
IMG_0247_JPG.rf.7444779dde65c364bc1f86d6b3598727.txt,02f5e6e9-464e-4c35-beb2-a6ba526142e6,44,292ac47815738ef02ae482773800a17770431594c2f508cb76664f8c5fc57c14
IMG_0248_JPG.rf.4a38f4b74a1e2108c97dcacb43099df8.txt,02f5e6e9-464e-4c35-beb2-a6ba526142e6,39,cb67bca97dd99d85bcab21f56849829d767ca2818f48b937d6a878fe28e8760c
IMG_0248_JPG.rf.db2f2b01d29a4b7be430e0aa55bb939b.txt,02f5e6e9-464e-4c35-beb2-a6ba526142e6,45,5d3316d59920aba52729a66a072e1532a1abfdf194fa79069a69ff39079f69f1
IMG_0248_JPG.rf.efc3f549e4e6d2188f6c841cc4e2262e.txt,02f5e6e9-464e-4c35-beb2-a6ba526142e6,39,5aa0b6fd6f252c707274302dc79612d9d0bee6bfe10fe974419b4a3a2b953722
IMG_0250_JPG.rf.35e63ec98bb6ed3a1ae0c20ef7e42c86.txt,02f5e6e9-464e-4c35-beb2-a6ba526142e6,42,6605383b8d7b17e902aba63990dca431fb1973302cf1072b6a5621da20892c4b
IMG_0250_JPG.rf.cce15bca6d0bf59df376c755d03a2d53.txt,02f5e6e9-464e-4c35-beb2-a6ba526142e6,44,ae6bd494188ae249f0d9300c0866c55204bab0e9eb46d87885f12abf0acbf807
IMG_0251_JPG.rf.b2ee89bc0782fbbf57fa3d1cc3c963ce.txt,02f5e6e9-464e-4c35-beb2-a6ba526142e6,39,48995934799129f00da04030bc2c7326b5ea0beafc39381128b65895a4b437c0
IMG_0251_JPG.rf.d22da868fa064a247a6985c09d92bfe0.txt,02f5e6e9-464e-4c35-beb2-a6ba526142e6,37,bcddc81b73d69e430de3b4d38778086b3cd583e9305756c56ca822289691af50
IMG_0251_JPG.rf.ef5be416b4a162dcc3567ec0ab5ff8c0.txt,02f5e6e9-464e-4c35-beb2-a6ba526142e6,37,72e57b5476fd06e4d8914fb4368329583b5d38058d26f2214ce5c8e0ce46428b
IMG_0252_JPG.rf.6509e4295df96a4b56ad65a56e53bfe4.txt,02f5e6e9-464e-4c35-beb2-a6ba526142e6,78,565fc081fea9a3d1696e89e13e98fc17e4cf0823af4244e5f3d549c3957d9074
IMG_0252_JPG.rf.7ff1cd2a44cc9af07786016edde043f2.txt,02f5e6e9-464e-4c35-beb2-a6ba526142e6,84,0364d36a24aacf8e45b420f017c7406278eb5f5caaa44105db25a4beccbf1958
IMG_0252_JPG.rf.da3c3ff3338e7edde80ed37c52da86c3.txt,02f5e6e9-464e-4c35-beb2-a6ba526142e6,78,6780c9b3e604299966989ac9cd1f8dbbc9e7d4e6a30c38461c7f3359b75a63c0
IMG_0253_JPG.rf.86d3521540cdb9d4db521b80205c4cb2.txt,02f5e6e9-464e-4c35-beb2-a6ba526142e6,257,7705411dbdeb75ff5b2b40873804d3b31bcc6eb5a9bc61fb94c216556b406055
IMG_0253_JPG.rf.e38ae83576a39fbe0e65a1a1aceef002.txt,02f5e6e9-464e-4c35-beb2-a6ba526142e6,242,c663c7fce76a3ae6bbfd019cf80026e30acfdb47e9b997d8fbf61dbddaf67d5c
IMG_0254_JPG.rf.5c64c5aa7ad02d70c1717f433041d8b5.txt,02f5e6e9-464e-4c35-beb2-a6ba526142e6,81,08a37cf9bc504773c7bd1e742486765e1c00e0aab8e27dcb7717ad4e362d9b82
IMG_0254_JPG.rf.6156643a1620d074350bd5da39b0ca55.txt,02f5e6e9-464e-4c35-beb2-a6ba526142e6,88,dfae412f5b8ba0ecf521a86b71b39377a0f3a49c3fe63c182941c98e69b97c2b
IMG_0254_JPG.rf.904b50f260d3ba799a374418318e115d.txt,02f5e6e9-464e-4c35-beb2-a6ba526142e6,81,01f96332f2dea0622e6c98be46a37bfdfc3b7893857230de066e70f154d977a1
IMG_0256_JPG.rf.ef2597aa0c1b21e9c7b3a74cbaff1ea3.txt,02f5e6e9-464e-4c35-beb2-a6ba526142e6,237,eb3f0f8866f9b56933f68a0b6cde3186a7e100e7a39cc9c64d826674fb4bd4eb
IMG_0256_JPG.rf.f2162c330b7fc98e0d34cd4a9c3972ec.txt,02f5e6e9-464e-4c35-beb2-a6ba526142e6,237,8c92af7413a4b54c772bcf381727162a75f9038ba03e8261921bdbd26eda2d55
IMG_0256_JPG.rf.f2336e102710ec5913360558239b5251.txt,02f5e6e9-464e-4c35-beb2-a6ba526142e6,256,bad4fe300f0dae29e975ad0ae6b12a33a9d4b6fe57a7801c2c805a32c05373a6
IMG_0257_JPG.rf.97391f1ec271ff57de68db2e661461bb.txt,02f5e6e9-464e-4c35-beb2-a6ba526142e6,317,028f48d26711ecf870ea7be19747d3ae89163bd4ef309d8a9bea8ccae56145ba
IMG_0257_JPG.rf.e288333811a59c9d3718c0ecf979f066.txt,02f5e6e9-464e-4c35-beb2-a6ba526142e6,335,677c598fc0ffcfa09367125dd412f4f0aad52de527215123f6616e3d4740d9c2
IMG_0257_JPG.rf.ec65bceee738520a586499f4ee519c0e.txt,02f5e6e9-464e-4c35-beb2-a6ba526142e6,317,d2efbd79dd656879b617f22a2fc53883fcafaa8db29881f1f98df6cd88c33b49
IMG_0258_JPG.rf.7b8471a7da575b9a22aa62372a7adf7c.txt,02f5e6e9-464e-4c35-beb2-a6ba526142e6,162,28080f7ed8dd7234ffa20c1d964c9d8d159f3e01de296ba6fe58798de373fcbd
IMG_0258_JPG.rf.99516c63d99d1ab3fad4de2b59503989.txt,02f5e6e9-464e-4c35-beb2-a6ba526142e6,162,69e1b6f52a07090965f65e4e5719f058d7c2abdb06da809388ab740c96abffbe
IMG_0258_JPG.rf.a53c50f28b2005ff907ef71e0deae228.txt,02f5e6e9-464e-4c35-beb2-a6ba526142e6,174,96fb1ad7001047706851cada031737d43dd996883f54ea0b315be3082bba8a1b
IMG_0259_JPG.rf.35ac430c566eb13804acfc1af5738309.txt,02f5e6e9-464e-4c35-beb2-a6ba526142e6,148,e204a9713a9ae26228d68510a863ce5808af00ee62723819b36a1418ccf13694
IMG_0259_JPG.rf.95c2681ceff1baba30d19e0d150b35d2.txt,02f5e6e9-464e-4c35-beb2-a6ba526142e6,159,48386f4247e3c29fb6c060226ce4309310dc5c10d1e3af48650019e758a32e3f
IMG_0260_JPG.rf.35e17e7a8bf02ea1829894595b67f9b9.txt,02f5e6e9-464e-4c35-beb2-a6ba526142e6,37,44df149c5b2798eecc5766f13d38cc04e5aa84b4123dd699e76d37d3e0b1147f
IMG_0260_JPG.rf.6ce3e8ec28c744fe869cdf78ecd014ac.txt,02f5e6e9-464e-4c35-beb2-a6ba526142e6,37,ce3e65375f74483b0b479955baf954b9ce874d3dbeb2f2fc67059e4384d1dcad
IMG_0260_JPG.rf.7800ba048affdfcc33350cadff8cf5b8.txt,02f5e6e9-464e-4c35-beb2-a6ba526142e6,37,44df149c5b2798eecc5766f13d38cc04e5aa84b4123dd699e76d37d3e0b1147f
IMG_0262_JPG.rf.0e2083f3eb86c882e8a2c41ec0766098.txt,02f5e6e9-464e-4c35-beb2-a6ba526142e6,45,9f71cf1d52c3218d7146f0001f88291f1052657311fc34200ccc44fd04f00615
IMG_0262_JPG.rf.9379ad7bd3e58fb082018b6ce34f7215.txt,02f5e6e9-464e-4c35-beb2-a6ba526142e6,39,3e8b77796f61279aab9906defd26b0678be8498a9a625f3922be2e4ac1ab7f17
IMG_0263_JPG.rf.0e6544a47b5d043f569423e2ab20d0cb.txt,02f5e6e9-464e-4c35-beb2-a6ba526142e6,37,886e3a37692d88afd208190910d53969f47aeb4cce3fa87c267a537f010e6706
IMG_0263_JPG.rf.8601b2776d5606cdc42d01e937965313.txt,02f5e6e9-464e-4c35-beb2-a6ba526142e6,39,4e1150e315f71f84057cf8c027714ebb265bf4fbc004d66f0f8189fbeda31089
IMG_0263_JPG.rf.cd5eee7efebde7d67f5358265d1cf806.txt,02f5e6e9-464e-4c35-beb2-a6ba526142e6,37,f4966a98a56d2147c58e7e775bb70114fbc7759b6cda1821109211c1df14b877
IMG_0264_JPG.rf.22f5f115fd2c7ee139877540383e92ab.txt,02f5e6e9-464e-4c35-beb2-a6ba526142e6,43,4022051c798a73fd923533f76d03c68539cc311446ac5039f0b4127c2d0d223d
IMG_0264_JPG.rf.a850e94e21914e17e5a835ab371e6c39.txt,02f5e6e9-464e-4c35-beb2-a6ba526142e6,41,78a1761ea534d5e3a0315476536db78faec1135b1d0dccd97f59e689b34c99c4
IMG_0264_JPG.rf.f7da3ee2d90629cacb96fe532595419b.txt,02f5e6e9-464e-4c35-beb2-a6ba526142e6,41,ae71c6b6489be12987fe03ab9be0ad2c826d59df14bf688b9311fbe1dfb83806
IMG_0268_JPG.rf.14920a24b785919f07d2032953b67887.txt,02f5e6e9-464e-4c35-beb2-a6ba526142e6,287,870043112b2b7e6273aa686572093bad2e1cff53a1dd415628d9e4fdcbcdccdc
IMG_0268_JPG.rf.93b270607a0ef4e9e14f2e219d4a585e.txt,02f5e6e9-464e-4c35-beb2-a6ba526142e6,269,92150c141c253536a61006c8610a46c4221187401a18e4c7d5c77fb7d0cfbee7
IMG_0268_JPG.rf.f913d4d0bdffb5638f684779ff5e5a65.txt,02f5e6e9-464e-4c35-beb2-a6ba526142e6,269,8620686ee33c3db1f7476680f996d96a49425699822c31151d121e2228b86cc0
IMG_0269_JPG.rf.0b1b4ccc24c7448c81951d2c07597c88.txt,02f5e6e9-464e-4c35-beb2-a6ba526142e6,287,54e50c1933145bbb01175a20015a084826200c3a09618dd0078d1e7a5f5632ea
IMG_0269_JPG.rf.4719d225ce0696e942df400395f51000.txt,02f5e6e9-464e-4c35-beb2-a6ba526142e6,287,027828fa37a6e4e04df0d53e8bbfbfa736156c0fd3820da2c9f27ba2a1250548
IMG_0269_JPG.rf.ea054891a9a97e24eabb229da7662d29.txt,02f5e6e9-464e-4c35-beb2-a6ba526142e6,307,5ea8dc8df6a5ded6c1f0c6df4c7bc1da5957b3527bb822b26b3a0ece3113d0cd
IMG_0270_JPG.rf.3e93273dda83a99a75596eef8beb764b.txt,02f5e6e9-464e-4c35-beb2-a6ba526142e6,273,24522a496e175143ac5cf7ff4b93c830ce207a6636b6a4c89d367bee0fdc983c
IMG_0270_JPG.rf.57628c8feda53879db9ffd1492762673.txt,02f5e6e9-464e-4c35-beb2-a6ba526142e6,279,9e4ed18c49df9c2d6081a8ef7d3fed7f9d8da36418653d2f543dfd192f16b12c
IMG_0270_JPG.rf.f86e8fa9e41daeb295d7ed023e680c0a.txt,02f5e6e9-464e-4c35-beb2-a6ba526142e6,273,40f4470f829c4fc514b005aa79d738bffaf74a83613d3e2abe51af6a498938ad
IMG_0273_JPG.rf.54cb2f710ccc2873cc38759bb1c2cdef.txt,02f5e6e9-464e-4c35-beb2-a6ba526142e6,121,80c84adf40461913baac694b20e2f1b1938b0a9ff8219a5b402b1bf29c537fae
IMG_0273_JPG.rf.99f9a306452331151eefb8515d068a5e.txt,02f5e6e9-464e-4c35-beb2-a6ba526142e6,131,3e2f8145ed71d7e6936d3acb43a407de39ac093131c1e2a3d69d8c842350bc98
IMG_0273_JPG.rf.c3d0785b2af5430b87bd2f639688fb5b.txt,02f5e6e9-464e-4c35-beb2-a6ba526142e6,121,5b0ee0373a0e2df53a72f892c28be26e09d605334888043e84a531bc27a8b1a7
IMG_0274_JPG.rf.dafac5b578ee023854e10b52cad6cca2.txt,02f5e6e9-464e-4c35-beb2-a6ba526142e6,147,5a24361f04ff110828a2f026c4fa50c1eda871360acd7a2174ba503672cc8651
IMG_0274_JPG.rf.e5eeff3870047dcde0cc10576c70bbf7.txt,02f5e6e9-464e-4c35-beb2-a6ba526142e6,159,43f4b2b40162f59f487d16bd691c91a07cefe0d429250e6adeae70c1a1a43e8c
IMG_0274_JPG.rf.f481a69387315813e9c9075759e545d3.txt,02f5e6e9-464e-4c35-beb2-a6ba526142e6,147,6c293c04fd32f1d0f906017f79d51739c074eabb6a6c9be53e577b2c85873bbf
IMG_0275_JPG.rf.0125eaf4b46afca32db1fa55f6a5c7b4.txt,02f5e6e9-464e-4c35-beb2-a6ba526142e6,209,96f1b2afe0db512b80805f981e8243c87f2eadd71305b4cd00853888fdce7090
IMG_0275_JPG.rf.aba5e11281c7550fae90000a7271d594.txt,02f5e6e9-464e-4c35-beb2-a6ba526142e6,209,a0ce197bf804e95fd9ed311200e4f1c44d6fc9f1775da5b67b50231ffbfd1d49
IMG_0275_JPG.rf.ada05e38f0a90d192806ce28e5bc5920.txt,02f5e6e9-464e-4c35-beb2-a6ba526142e6,218,1cb8a4eb60b1eef5b06398053d24bdf99a28cde532d0d40fe7ee9f9a9656f1a9
IMG_0276_JPG.rf.00b1bbcec68ee28ff9ccddb0cf487521.txt,02f5e6e9-464e-4c35-beb2-a6ba526142e6,239,2d43d812aa219307d4015e271d71d7740b2b1771eb7abdc276830630dec1b58c
IMG_0276_JPG.rf.6b37da44ec1947b0240ce4f5c96a59b6.txt,02f5e6e9-464e-4c35-beb2-a6ba526142e6,251,9b1d8f072a4ab41d9e3798f0b5c37110f68592a9617549ba8207f8dc71299f7e
IMG_0276_JPG.rf.eba627f351524a6ca1bdbbf91c664f5e.txt,02f5e6e9-464e-4c35-beb2-a6ba526142e6,239,60202bb8600bc4a587e949f557d32b48b38943902abe0df9186989225af6529c
IMG_0278_JPG.rf.1f41773993065c83272bbc0837a57d3f.txt,02f5e6e9-464e-4c35-beb2-a6ba526142e6,209,0d2678a66875087488e23b0746db506e3684e1b37a30098680a865f212dd57e6
IMG_0278_JPG.rf.a6a4f91b662ac7144e61be69e461f5c8.txt,02f5e6e9-464e-4c35-beb2-a6ba526142e6,191,85a37fcc0428160268d44ea705448fb02441d512adc5b095fbc4281000d50272
IMG_0279_JPG.rf.1b920be72656c6e8163efff37f8d3977.txt,02f5e6e9-464e-4c35-beb2-a6ba526142e6,210,26a9663180ce332836fa224c299297ee005b21786aab8f2694fa233667fca605
IMG_0279_JPG.rf.53cbc88619a6bd34694458ddbfbe810e.txt,02f5e6e9-464e-4c35-beb2-a6ba526142e6,187,4315b821a12e5706f22f20b177f0b0c67399f4719f62908c68befe65197b550d
IMG_0279_JPG.rf.c50126989c58b9986151d6b4ae58e84d.txt,02f5e6e9-464e-4c35-beb2-a6ba526142e6,187,8511719b60ac8982661f3a23c6cb32121f67351da5fb8153127052b6e0565544
IMG_0280_JPG.rf.22c7a0bf2afe2d78ee32795ac33ac601.txt,02f5e6e9-464e-4c35-beb2-a6ba526142e6,190,98500b59f023fa29c1b616f13cc3f185faa224260534d8addbeedb19181713e0
IMG_0280_JPG.rf.39cb6e0721c35eea64d647a537439a33.txt,02f5e6e9-464e-4c35-beb2-a6ba526142e6,194,3836d7347fc81bf34d8d9236c7a579d985a591f380e374c2a5eee197b1b05046
IMG_0280_JPG.rf.ef0541d759f0d027a2cda173d97ace29.txt,02f5e6e9-464e-4c35-beb2-a6ba526142e6,190,9e53e63855c27c2393f7f8f873580660b5f7e4815e0c48cad348faf4ebcbe916
IMG_0282_JPG.rf.a216946d1ddf88938f2138b389a93407.txt,02f5e6e9-464e-4c35-beb2-a6ba526142e6,165,72ab2478ffce4e7a29a3a2efa3a0512cf2bb5e3408c35d5f34ee244f36be036e
IMG_0282_JPG.rf.bfde1366e927629592e43dd140ea2f5d.txt,02f5e6e9-464e-4c35-beb2-a6ba526142e6,152,aa9567a6be189a86e854c87569e0f70c390b76d0eb363a85ef8db8c52d25374c
IMG_0282_JPG.rf.ea41ba5998729010cfaeb74659bdcd1d.txt,02f5e6e9-464e-4c35-beb2-a6ba526142e6,152,aa789cafbc01388ea116ff5e76595fc8d1c77b341a6a42bae5cf61b5d0dea56c
IMG_0283_JPG.rf.36958b1eb2f3597bf187259ca45fed45.txt,02f5e6e9-464e-4c35-beb2-a6ba526142e6,105,b0a884971e4da2b95923c944c40d9ec6ed7d3dd98bd15a0d9f8a90d891a0bb7d
IMG_0283_JPG.rf.944c94d9cd2b46169d0d3c627cbcecfa.txt,02f5e6e9-464e-4c35-beb2-a6ba526142e6,105,b6d3f9ba55d55eda523c7edb16a74d3486ac333b3ae01eaa4ae479bf17a0209f
IMG_0283_JPG.rf.b598c3ff8bc5e07a92457756424b56a4.txt,02f5e6e9-464e-4c35-beb2-a6ba526142e6,112,f154fa3b0437dea617c672eb3195b8c0cbbd02db60db21359c61ecba801e7bbd
IMG_0284_JPG.rf.34a240b7a09e1f2842c488ee2c0fa386.txt,02f5e6e9-464e-4c35-beb2-a6ba526142e6,229,2bad86adf1c91017297640c22dc7902a1c0fba046bc7222111331274727bf923
IMG_0284_JPG.rf.934c21dcc621e4f2cebd1c270fba5adb.txt,02f5e6e9-464e-4c35-beb2-a6ba526142e6,247,a19e9a9356603cbfff42c2bfa622dd9d81a9f707593c3845e3cf3710f697e94e
IMG_0285_JPG.rf.8cd7a5ecc27fe038fc1fabf42f809b20.txt,02f5e6e9-464e-4c35-beb2-a6ba526142e6,230,84eccbebee703bb7054b05c3a3d61c82922f53096a129c78b0b445cdfe892a04
IMG_0285_JPG.rf.b5593791d1c1e9ac53a0d7e8fe4fb958.txt,02f5e6e9-464e-4c35-beb2-a6ba526142e6,251,d70cca0a22954371776a139f0a5a2d56a19d339d63f073c345ef32957b6106ba
IMG_0285_JPG.rf.f0ef4a569cb3e4792021234149a5bc77.txt,02f5e6e9-464e-4c35-beb2-a6ba526142e6,230,09b87f9870d6b784a256e9dc02661b520b5d9eb8edf87510bc85f2f95d9ff350
IMG_0286_JPG.rf.11a5a64b2ca4a7c2062dff1768c60f8b.txt,02f5e6e9-464e-4c35-beb2-a6ba526142e6,234,807277ac213e2f6744287d916ef9cc940a7ac07f351e52260cf79159f413217e
IMG_0286_JPG.rf.85e4e64c705731b574085dd8bf0cb5f4.txt,02f5e6e9-464e-4c35-beb2-a6ba526142e6,234,9ad3b7024e8fb800e69ad6283b655d1690c0eb746cfcf8a851bb60e99e0aaeb6
IMG_0286_JPG.rf.acff5922e9cf119f1a36e8527966a8ec.txt,02f5e6e9-464e-4c35-beb2-a6ba526142e6,243,4b0ce2a535c2129c070bc4304f50e32ea7655cee01bfd6044681b9dfcc71a6ae
IMG_0287_JPG.rf.3d664d18961b646f8ff01fcec54547b1.txt,02f5e6e9-464e-4c35-beb2-a6ba526142e6,117,4bee1109070605232322bc96b120e82c5a43b3b6e7117f17e171c9b8d64750d0
IMG_0287_JPG.rf.54f07672cc55194d0c8ee694db674259.txt,02f5e6e9-464e-4c35-beb2-a6ba526142e6,117,19057d1bca175d524f1d8a5069393d18ca82c719e8b279da5717edd8c193437d
IMG_0287_JPG.rf.563a5c5779deac8c47aea32bcbd47e45.txt,02f5e6e9-464e-4c35-beb2-a6ba526142e6,126,3a8dd99b02741379df8d28bcc670b5246b153b303b501177ef687806c2388239
IMG_0289_JPG.rf.b0864c1d1a04544a86e31f41ab18b8d2.txt,02f5e6e9-464e-4c35-beb2-a6ba526142e6,213,35607b305c96cc5a9d17995afac4812ac867b9eeeeefe9eb9938e75a596200ef
IMG_0289_JPG.rf.d82700c44165065e29bd72397cebf89a.txt,02f5e6e9-464e-4c35-beb2-a6ba526142e6,193,62e9616d1f745d2a55a5a80576d1c648948ebd11e566fe5876070e1b851f933c
IMG_0289_JPG.rf.f968552b9f474f6368f9c188a5793f93.txt,02f5e6e9-464e-4c35-beb2-a6ba526142e6,193,e8e5cbad436f07ca436cc1b264b84af323230393c69c15ee1cb4fbca872dfbf8
IMG_0290_JPG.rf.11c76f27e423bbfb1e619f7c2cfbb5f4.txt,02f5e6e9-464e-4c35-beb2-a6ba526142e6,312,40f638ab7a1ddf2153c3d408f8a4a7ff01c70c701a993d357e52da8845930559
IMG_0290_JPG.rf.67bc82f1c616e16250a761a5b5bce164.txt,02f5e6e9-464e-4c35-beb2-a6ba526142e6,285,fe16bff50e5976c9103b7c3579991852eeee09f3dbe78545fdcff5e28144f834
IMG_0290_JPG.rf.926ba6c09a277842ea893b6bf6e17603.txt,02f5e6e9-464e-4c35-beb2-a6ba526142e6,285,ae0083c259f346ce8f8662dd755b4944d21fcfd1da765fc5fb3dbf2b2f53e602
IMG_0291_JPG.rf.38650fde45bb337fa5ef9ad7196589aa.txt,02f5e6e9-464e-4c35-beb2-a6ba526142e6,225,9015b3c47eed6b53659eb8a24c6d1bcdd2cc2f41d5b7a3aa4ef178a2f80eee19
IMG_0291_JPG.rf.9c510b4aa2016f855b368fda571059c3.txt,02f5e6e9-464e-4c35-beb2-a6ba526142e6,246,4590c54d8afbddd8cc43dffa75a0880479e9cfe5c86c3453e0b09dab890656f5
IMG_0293_JPG.rf.7c9f4744c66e613a83b9ff4421dfa151.txt,02f5e6e9-464e-4c35-beb2-a6ba526142e6,186,7c997293d803e82905a357de78dea86b1165b6089f5bf02d8b97bdb45d94c02c
IMG_0293_JPG.rf.7d725f4638feb86f2417d9aea1cbce0d.txt,02f5e6e9-464e-4c35-beb2-a6ba526142e6,186,56994512411a1223ee11c634a945deaf5f4c098b82183b11c881b72de71a9e1e
IMG_0293_JPG.rf.a41f68822d7903d49339fa3d4d915bea.txt,02f5e6e9-464e-4c35-beb2-a6ba526142e6,198,fe47e6a1ae776413ea8942ba387f3093c9edc531d758d00d395677211c659862
IMG_0294_JPG.rf.99430538c705a9d6ab2befe6b34b7bbc.txt,02f5e6e9-464e-4c35-beb2-a6ba526142e6,213,8edcbb4a3a31b93592a5cbb66c851f04d8277313757c5785e1104c51a7eb7893
IMG_0294_JPG.rf.cf499b3a5cb80e641bef1e29fe193248.txt,02f5e6e9-464e-4c35-beb2-a6ba526142e6,201,c26076885a04e021b61f3a1fc794821dba8e5401fbdc85cd099602ddfa236327
IMG_0296_JPG.rf.a4c44b61d3527f274b994626c6437abd.txt,02f5e6e9-464e-4c35-beb2-a6ba526142e6,199,eb60ef32a1799bdde6d2d94ad5c8ed4f98279e4c05c8420df469da10753bbd44
IMG_0296_JPG.rf.cc111f7ebf7519fce74086dfc52439bc.txt,02f5e6e9-464e-4c35-beb2-a6ba526142e6,208,c4d84f26a01ab606358bbb4e37b2971482dfcb191e01122536b51aa4f6d198ae
IMG_0296_JPG.rf.d8c10c6edabd2ac57bf607383052448e.txt,02f5e6e9-464e-4c35-beb2-a6ba526142e6,199,99f42b8acafd7193dff7d21c82b1027ea34d5ffdbd92e2777cc96587af6296e7
IMG_0297_JPG.rf.69d2910ccba56b6cf422455eeb09bd1d.txt,02f5e6e9-464e-4c35-beb2-a6ba526142e6,214,9da5037daace96ceace255dba64c6c77b4cc5856128f90b736bf44b7c9db2825
IMG_0297_JPG.rf.ce901df469b44a17cd90929b742e91b5.txt,02f5e6e9-464e-4c35-beb2-a6ba526142e6,200,79cdab7bb61e013e117a2d85c27604d40003f741985cc789a808b27f6831565e
IMG_0297_JPG.rf.f679bb5c65d8b61c64ddc94113d45891.txt,02f5e6e9-464e-4c35-beb2-a6ba526142e6,200,f4561598fc9df97e54275ec5ae3d997a138feeecf5e8812ef4ab544b24d28636
IMG_0301_JPG.rf.1d978617cda5da365baed875d84277c6.txt,02f5e6e9-464e-4c35-beb2-a6ba526142e6,44,2fe3dc54344cbffb16738d970d150090baed56a851fede17db9404efd7c2a99a
IMG_0301_JPG.rf.2f7bb70b3a8a54b1bd4b1642af2733c2.txt,02f5e6e9-464e-4c35-beb2-a6ba526142e6,42,d339457a5eafbb5a6e2ecdab4d23ab099ce408d13a6f875eeeb7e168b619d00e
IMG_0301_JPG.rf.717de34f88e3e5ce6697f98339354221.txt,02f5e6e9-464e-4c35-beb2-a6ba526142e6,42,5420bbb296cd978ef4684b43720e2a619d0c209b02ca3ca1dc6e0e494c1a9172
IMG_0302_JPG.rf.38257b8d5d345a86eaf0ca9eba58e8df.txt,02f5e6e9-464e-4c35-beb2-a6ba526142e6,42,2e2ceeac71b94d6be962e555886456bfa99b4ed67e29b07065825c434ede8e3c
IMG_0302_JPG.rf.5afd2414af57521b92ccf612cc4a46e5.txt,02f5e6e9-464e-4c35-beb2-a6ba526142e6,42,5420bbb296cd978ef4684b43720e2a619d0c209b02ca3ca1dc6e0e494c1a9172
IMG_0302_JPG.rf.a9bc060a3de8b9235d261d9e58d6da36.txt,02f5e6e9-464e-4c35-beb2-a6ba526142e6,44,2fe3dc54344cbffb16738d970d150090baed56a851fede17db9404efd7c2a99a
IMG_0303_JPG.rf.2949a424975087f476253b18795f2b20.txt,02f5e6e9-464e-4c35-beb2-a6ba526142e6,215,22ccc0e33ae08ab5a1036df8d7766cc9213d8658172f934239acc14a3fbe9962
IMG_0303_JPG.rf.72c97d0e991e1a4ae432eaaf5df073e3.txt,02f5e6e9-464e-4c35-beb2-a6ba526142e6,188,9017e66d17ce889f2654d3fa1a58a7e2efd47c582de63b9b411fc2c53fdf1b46
IMG_0303_JPG.rf.bb2b6d30ca5c7c083f6aceeb04543371.txt,02f5e6e9-464e-4c35-beb2-a6ba526142e6,188,e96bd274165b6b5ee73c42aa5cc6016d23896074a7a9b4707ed6904fd81025da
IMG_0304_JPG.rf.02d3942d8c137042443c225e33bf364f.txt,02f5e6e9-464e-4c35-beb2-a6ba526142e6,215,f3fa55813fccb6196b68412d9fabe10134c78f74f3f4af3a5bedd9d3fd8c2858
IMG_0304_JPG.rf.231af03a632b3499acdda797fb31d300.txt,02f5e6e9-464e-4c35-beb2-a6ba526142e6,190,7d4dd09c58ec09c025a8c52680c3ca043162cca11bbc237787c25e31efcfdbcc
IMG_0305_JPG.rf.88fc233deb9f6e6e0b49d63b435cbd2e.txt,02f5e6e9-464e-4c35-beb2-a6ba526142e6,194,e3aaf5cb09c6e372f1c5b04143ee0837300040318bd3d12220797a000c5abfb9
IMG_0305_JPG.rf.8a9a6a630692ea3e346ffa84a3ef1d6b.txt,02f5e6e9-464e-4c35-beb2-a6ba526142e6,201,d4d50fc96d4095fdaefae27f8dafa38f30a25fa1f1af77047f0ddafec541e7b1
IMG_0307_JPG.rf.68195fdfce1e29151cd0300e684d82f4.txt,02f5e6e9-464e-4c35-beb2-a6ba526142e6,199,18f22068cd55380f1e8b9eb1fd0c3902860a53880353c93eec8d3e9f26a6cf9f
IMG_0307_JPG.rf.e497201dc73addd1b6cb6cc05b018d47.txt,02f5e6e9-464e-4c35-beb2-a6ba526142e6,206,a1576d5b5a6c24b21401a87f16c666fea7538523b5c17477f62c403319daa85b
IMG_0307_JPG.rf.f57f3d661c864da7a7e708c9320d06ce.txt,02f5e6e9-464e-4c35-beb2-a6ba526142e6,199,62ee4c4cf759a72278e980684d3db38882f07f9c691d85f049b3550ecaca5b61
IMG_0308_JPG.rf.68b8a1cfb42dfd431192ca263e821ccb.txt,02f5e6e9-464e-4c35-beb2-a6ba526142e6,198,392f75e70f3295b1d156d439a24a3953eaa53ad1937a2827a21afd4d3a68b525
IMG_0308_JPG.rf.c3cde9ed36ab7204154c34114b7f9d4f.txt,02f5e6e9-464e-4c35-beb2-a6ba526142e6,205,7930da001f2cb7e1f0ddb9b2e15ea34347636433178fa5662dcb04c9bb1c5c7c
IMG_0309_JPG.rf.15f8540b49a9695d2a93426ea0d2abce.txt,02f5e6e9-464e-4c35-beb2-a6ba526142e6,158,03bc1699e41dd103cbc4559e5213c876e59b87d70edfa24a826159b491360cce
IMG_0309_JPG.rf.9ace72a8ae4cdc796a24b0be969da46d.txt,02f5e6e9-464e-4c35-beb2-a6ba526142e6,170,048359baf92d8edb1f8d377121cb9b3b815796548302193e2f708b142e672295
IMG_0310_JPG.rf.78e002b647f709c2727dd710e5ba1e7e.txt,02f5e6e9-464e-4c35-beb2-a6ba526142e6,156,4296312b9530461f094856edb3f6745c873f826b24448b878cba7fd68f128822
IMG_0310_JPG.rf.84d262fefbac06fb58ea5566c9855463.txt,02f5e6e9-464e-4c35-beb2-a6ba526142e6,156,a186e588ba56e7f21805594ba2d4c9b4a3d15899a0c90a91d2e61defc35eba03
IMG_0310_JPG.rf.fcef55f0fd0107afd6d6648d8184122f.txt,02f5e6e9-464e-4c35-beb2-a6ba526142e6,168,0197df91c8433f1ec0eaa66429d23584f200822b2a046bd67f8689390a3b02b6
IMG_0311_JPG.rf.04aee65825fccb49466f89c3a8eacfe8.txt,02f5e6e9-464e-4c35-beb2-a6ba526142e6,146,12e999e3a4f92ec515d4a0786baae11c1c9f9a9bd166be0f632737cd9c2c4353
IMG_0311_JPG.rf.4e27ff6c702c12a9db3b824dc9caddb8.txt,02f5e6e9-464e-4c35-beb2-a6ba526142e6,158,858ae00a58e319f1de1172cc62ce505a760dfc4be44c49810cce52edb08bfd8a
IMG_0311_JPG.rf.b2591f5fa380b9b5b728a99b4d1ad0f0.txt,02f5e6e9-464e-4c35-beb2-a6ba526142e6,146,85f041bfa9567597a0e06e1d90febd21d26e62bedf22ffa6402cd1dcca696822
IMG_0312_JPG.rf.1d8601998a78dc2a42b0ada06823ec85.txt,02f5e6e9-464e-4c35-beb2-a6ba526142e6,146,e1aa9033690c7467f140d5002b237b82cabda6b87a32f76846ade8afeeb2eb3a
IMG_0312_JPG.rf.b652692d7020e7f5e6c8ce540bc1ae3e.txt,02f5e6e9-464e-4c35-beb2-a6ba526142e6,158,858ae00a58e319f1de1172cc62ce505a760dfc4be44c49810cce52edb08bfd8a
IMG_0313_JPG.rf.c2cd002e9db07e1f81828e6a53fa357c.txt,02f5e6e9-464e-4c35-beb2-a6ba526142e6,39,a2e7f4fe644d3541e50e885b4dd964442a2bf7ddadb5cdcd172e4bc13ba3e7eb
IMG_0313_JPG.rf.d044ade09400fbf8ffa15af34a86b573.txt,02f5e6e9-464e-4c35-beb2-a6ba526142e6,42,034ae9a8139764cfea9489f3d790fe84c5782f876d1b188dcc3d4b258f9ea025
IMG_0314_JPG.rf.5c14f13980a9db5576a12161ee6b997a.txt,02f5e6e9-464e-4c35-beb2-a6ba526142e6,40,ed2204de3b9ba03c502428d90c1ea13ae683cd754cc6a89eddf71878c63e4384
IMG_0314_JPG.rf.9d479daad52d0ecacb2986c8f3c15a11.txt,02f5e6e9-464e-4c35-beb2-a6ba526142e6,37,d0cffe4309822adf4c491d30702e3b54f425075266141888dfb8bfdb537a86eb
IMG_0315_JPG.rf.174a07d32bac32f99336114425ce2441.txt,02f5e6e9-464e-4c35-beb2-a6ba526142e6,38,a71f90a1784cca3013c744174432c79a4d31caa503cfdad0c5facc9d4b1da4e0
IMG_0315_JPG.rf.598c266263afe1153a848ff767d6d9c0.txt,02f5e6e9-464e-4c35-beb2-a6ba526142e6,38,21068ce46f11e0c4c1016216929e7baf46f2d03f086d41d39f02b9cb46535243
IMG_0315_JPG.rf.9e62c63555ccb92e06aaf558e4e23096.txt,02f5e6e9-464e-4c35-beb2-a6ba526142e6,41,862ac05bdac23b401d3191bc40b452b7cbd1c233671535622d4c256ae026aaf4
IMG_0318_JPG.rf.081ab248185a840374df706a155c2d81.txt,02f5e6e9-464e-4c35-beb2-a6ba526142e6,250,59242cd2b2d50dd01bb74be22ae74a217f4773d64e84331706060e573c442894
IMG_0318_JPG.rf.8127188af270b965a1380a899345f43f.txt,02f5e6e9-464e-4c35-beb2-a6ba526142e6,231,6fd31708213a3b94d92908e20e6c337ec722f4a07bf189b3a771caa57b54040b
IMG_0319_JPG.rf.54090015edfae205673d0a12ff2f975c.txt,02f5e6e9-464e-4c35-beb2-a6ba526142e6,299,f9524c41dda6d63a7983d32dd3649770d7b5e2afc12013c39b5c686d6a1d2e0d
IMG_0319_JPG.rf.757f4f2c200d911dd42ae94b5d532b6a.txt,02f5e6e9-464e-4c35-beb2-a6ba526142e6,278,d08321a24226777efcf41b784d7d946f772cb5f4a4898f1b7013553d20d18f33
IMG_0319_JPG.rf.c61a15ec705442ed3c4cad24154f694f.txt,02f5e6e9-464e-4c35-beb2-a6ba526142e6,279,f1f9ebca3ae2c9b8a853cbc4767674064ef6c3dfcfea5eacf6dfc87c88c276a2
IMG_0320_JPG.rf.3b09b9266a3b17c67a3475e6604bc7fe.txt,02f5e6e9-464e-4c35-beb2-a6ba526142e6,275,e9bee71405007f37a79e845447f42e21b10f8dd79a41024a3999783e6724acda
IMG_0320_JPG.rf.a7cc94615868cc60f504caa1a93a4c0c.txt,02f5e6e9-464e-4c35-beb2-a6ba526142e6,274,7a7e7e9e774bff93a0c0805852f556a4f4986cc5a9a03c3b41c3135621e5c0d8
IMG_0320_JPG.rf.da267422b0fe619c5f513ce3b4a04a4d.txt,02f5e6e9-464e-4c35-beb2-a6ba526142e6,288,347d76f15bed90e1fa8bada3880b3893a27b429121032b159ba74b750a8d9590
IMG_0322_JPG.rf.38905b31e3d9f8a82c6a22c149cef182.txt,02f5e6e9-464e-4c35-beb2-a6ba526142e6,198,ae0c925a1dc478e2f5a1d18394412a1bc1fdb892944fa8cc87c91194a1dc241c
IMG_0322_JPG.rf.71c73f4cf481383fc689034f2f2de498.txt,02f5e6e9-464e-4c35-beb2-a6ba526142e6,212,d5d12beae56ec461b27e17dcf8aa29cc819b39ee21873918ef15f8f0a9a22d0f
IMG_0322_JPG.rf.ac512119fca4d6e6f4536e8bec886aa6.txt,02f5e6e9-464e-4c35-beb2-a6ba526142e6,198,4e6af400e220c9a5bf329245322482769a2ea0843cec144a465b8d5f1b496351
IMG_0323_JPG.rf.5122ecc5c8c042dd0d77ba6debc5417e.txt,02f5e6e9-464e-4c35-beb2-a6ba526142e6,203,03fdcd717c464a95d979c945083583fa198655d8de47642107b61de736fa6806
IMG_0323_JPG.rf.bbde1a96d3845586309ad9874d80d3bd.txt,02f5e6e9-464e-4c35-beb2-a6ba526142e6,209,3790ff2413db09a4bba86a243cb380de3c40458879b1be15c949bd3f00ce7d21
IMG_0324_JPG.rf.189aa3f004c385bc69fbafda4d039a8b.txt,02f5e6e9-464e-4c35-beb2-a6ba526142e6,214,f242c61fb9e1345b01f7429cac8827fadb8ae1502b9cc81443e1472a938cc0ac
IMG_0324_JPG.rf.892f2c055c52d42db6aefd30f9aa8906.txt,02f5e6e9-464e-4c35-beb2-a6ba526142e6,208,ade323b8d8e04706efacec6e71aed259d4c9e1e333c73f1df5a534969b3ab49c
IMG_0324_JPG.rf.a5739d131f689a0c9698d76988ccd6f2.txt,02f5e6e9-464e-4c35-beb2-a6ba526142e6,208,23de1bf06d5f57341023c65e10de03dd3b301a31ecdfb4d931c3c1ea2386e5ee
IMG_0325_JPG.rf.a1b567c5afa057c3d6b58b82b8043b06.txt,02f5e6e9-464e-4c35-beb2-a6ba526142e6,196,eefe670682ba352e32b9b2d8158546e064d7bb9c5e00d9236972eac357cecd6c
IMG_0325_JPG.rf.b2c5ebe0b1b66c9355e6970de8122b13.txt,02f5e6e9-464e-4c35-beb2-a6ba526142e6,206,ce3af41c957a67aa445da1c3d0fbddd879e6d4aa7d916035b4d8abdc7a6a50bd
IMG_0325_JPG.rf.c506984fb08e386f46e74466a49647eb.txt,02f5e6e9-464e-4c35-beb2-a6ba526142e6,196,0f619062cd12289cab194c16687814b612d2cdfba2172d3a3d10cbaed9d2c5ea
IMG_0326_JPG.rf.27fb68adec3d0f49f725261f130b6b84.txt,02f5e6e9-464e-4c35-beb2-a6ba526142e6,209,349cbe1d0f96b7dd4c4f73bf47f409d8ef88555975241783c059da81ac9775f2
IMG_0326_JPG.rf.33e69d6f06c4449bcdc3ea719b7f6559.txt,02f5e6e9-464e-4c35-beb2-a6ba526142e6,199,828844d7e42d63138e8d078a0c996df3b0f3cc3b0a92007feae4890225c0fd9f
IMG_0326_JPG.rf.53ced69ac2fd1c3c0e6e0fe62e7641f4.txt,02f5e6e9-464e-4c35-beb2-a6ba526142e6,199,f53e3f06d4cc4e307db5949b12a0e31a34e830293cd0ffb789df3d47a7f86a87
IMG_0327_JPG.rf.3a75609a87e677acf5dc04844374e3cb.txt,02f5e6e9-464e-4c35-beb2-a6ba526142e6,43,1ad3a3013c650c99f7ad3eed26126f3f802d740c1bb5fb21db58d38ea376142e
IMG_0327_JPG.rf.5eee0caa9b95dfe064461bd1399be2e1.txt,02f5e6e9-464e-4c35-beb2-a6ba526142e6,41,0e0b9d2b6c8e77fd70cdafd982a1d6d7e30334f655792e565640352248e9208a
IMG_0327_JPG.rf.b6df338d84ad0bc15ed34848c80cf3b8.txt,02f5e6e9-464e-4c35-beb2-a6ba526142e6,41,88bea4bd464882d0d740496993af3713a8ac5c4a8d15ca4a0e10e4204bffba74
IMG_0330_JPG.rf.12be09e1ea09288a18508d81b20c0fd2.txt,02f5e6e9-464e-4c35-beb2-a6ba526142e6,0,e3b0c44298fc1c149afbf4c8996fb92427ae41e4649b934ca495991b7852b855
IMG_0330_JPG.rf.3c03693a02c1c2c713cc21c187bcbad9.txt,02f5e6e9-464e-4c35-beb2-a6ba526142e6,0,e3b0c44298fc1c149afbf4c8996fb92427ae41e4649b934ca495991b7852b855
IMG_0330_JPG.rf.968af8b9d41d2b63d0022a2d54c8ef84.txt,02f5e6e9-464e-4c35-beb2-a6ba526142e6,0,e3b0c44298fc1c149afbf4c8996fb92427ae41e4649b934ca495991b7852b855
IMG_0332_JPG.rf.0f5b4d921d65386f717527e25413364e.txt,02f5e6e9-464e-4c35-beb2-a6ba526142e6,43,f317f5568350ea0c93f4576148b51370dadc4f44a795bc3be9e4336a20fe37ee
IMG_0332_JPG.rf.2c3d26903616acc1befe6187b530f9e3.txt,02f5e6e9-464e-4c35-beb2-a6ba526142e6,39,72cd2ee4f62735a67802553e3e251ec41734dc38f99bf27c34223c3e20b55425
IMG_0332_JPG.rf.ec382020a0de528e25ed5a686b4f9544.txt,02f5e6e9-464e-4c35-beb2-a6ba526142e6,39,ee17eba370ba898187ce117b282e8a006d2904fd8ae46aba3ee81f89784b5a37
IMG_0333_JPG.rf.04f6e8937584c859b85504e6c038926b.txt,02f5e6e9-464e-4c35-beb2-a6ba526142e6,42,595358db7ab8ae9f815cd2acbf64b0d12f619acf5bd89918eab394673df22ebe
IMG_0333_JPG.rf.325f78c083f9646c26a84bf3c8404ee3.txt,02f5e6e9-464e-4c35-beb2-a6ba526142e6,38,40511bf739441dbeb7f36c6d313ce234287aeb0664034b6620a2d20e3397f9f1
IMG_0336_JPG.rf.39d9ee88aac2f66029a740ed654f43ef.txt,02f5e6e9-464e-4c35-beb2-a6ba526142e6,40,3004ba711fc70962b6e47997b19ce4853943d68c32c62597d468b89236b7932e
IMG_0336_JPG.rf.4d0e7ae70ea5a4e8bb989ddf03179ae4.txt,02f5e6e9-464e-4c35-beb2-a6ba526142e6,33,a39f0e29e337f4e15ce2183009399fa2d444c3a353eeee8ec4ce60e9b5b5ead7
IMG_0336_JPG.rf.61f6b282ce144acbd21dad0115f24e29.txt,02f5e6e9-464e-4c35-beb2-a6ba526142e6,33,e00d0bb0ca34358bba054cfcedaa4d0be4ca3bd52f9cd710266ac878ed65c8ce
IMG_0341_JPG.rf.6c7d9b4491c88712d25aeb08e383ce59.txt,02f5e6e9-464e-4c35-beb2-a6ba526142e6,323,7368e4556731bc9d60dbf1dbe1e5e3ed1ac80c5609d8bdca35f63c0e9afe97a5
IMG_0341_JPG.rf.895b3410f7e9846b784bd2a73b9ba03b.txt,02f5e6e9-464e-4c35-beb2-a6ba526142e6,298,798fb42fa998cd3d9724213f966ff2113fec3403332d0ca39f8d6691d8c09c39
IMG_0341_JPG.rf.91970bb567e1e87e0ecc0a592a5ccb34.txt,02f5e6e9-464e-4c35-beb2-a6ba526142e6,298,5b1080dcd074cd07de98033c4108cee696adf6ab4aa138f2659f3b60a3c83e33
IMG_0342_JPG.rf.0d3e879d922b4d30aa30e49527eca933.txt,02f5e6e9-464e-4c35-beb2-a6ba526142e6,263,a8c9dfa06050d1bdce411da8030ea309b0bc963980f6fc662f8cf05a287a6472
IMG_0342_JPG.rf.2d6e013570c8a45f1c686720f8dff578.txt,02f5e6e9-464e-4c35-beb2-a6ba526142e6,288,dc68e9737c67a681654ece4696eb546ec0321fe43dcd58da233f054b2e21bfb4
IMG_0342_JPG.rf.df39b2caabba6a092c8b8f797fe10e7a.txt,02f5e6e9-464e-4c35-beb2-a6ba526142e6,263,a78e87756f05c2e33d260285aba1198898916cab0e4ccd5590b359856c3371af
IMG_0343_JPG.rf.26f3d22e1b4a4f68ef02c6594a9058ec.txt,02f5e6e9-464e-4c35-beb2-a6ba526142e6,44,cf3d1a998397baf4fc93f55dc36d49a45c6530535d42a0a49b773607d3f4e3a7
IMG_0343_JPG.rf.9a6ec209e91cd09f5a61f608fb5c2cfa.txt,02f5e6e9-464e-4c35-beb2-a6ba526142e6,38,695bbfc6e44fe22870ee41286582cb0c6cb4e3a45061080f40ac5e1e666fc9e0
IMG_0343_JPG.rf.c22f914208d253167d9bd5b742368aac.txt,02f5e6e9-464e-4c35-beb2-a6ba526142e6,38,1027ac45689c6ac8444a4d15234a8d33d86fbebce46de674df233d0e5d25d4cd
IMG_0344_JPG.rf.681c6f7f6181f37154866d9ab2c9ec7a.txt,02f5e6e9-464e-4c35-beb2-a6ba526142e6,40,c1a38eb951ee50b45cfd75057616e3e26968381503d44acc16bc022766d9e34c
IMG_0344_JPG.rf.ae613267ba70f1ba69a44104c409cf4d.txt,02f5e6e9-464e-4c35-beb2-a6ba526142e6,34,7b7e637f0e8a53adfe5aadca535a2cb59a3ecd9427505f1d861656c4ee706140
IMG_0346_JPG.rf.054552597c1d54a4c1e7252b8e6845cc.txt,02f5e6e9-464e-4c35-beb2-a6ba526142e6,287,d4b6582dae07649884350d2da62c4c947082c01cdf13c58daa8d4b8f301c787b
IMG_0346_JPG.rf.4016d9e13c4d3d8231ff6b4bf502b787.txt,02f5e6e9-464e-4c35-beb2-a6ba526142e6,273,3deb33d6a37dff839a34067158e5df8cb3daa219bbe0c7a6e2c3102ee48efd60
IMG_0346_JPG.rf.941ff1b0c403f9e5dfc32fe615094fba.txt,02f5e6e9-464e-4c35-beb2-a6ba526142e6,273,b1a69e35ebd5407176e79b28038dc1bfdc0c553244e6f798dee6cef290b3512a
IMG_0347_JPG.rf.1c33493998f55c4ec4abd572f8c47c36.txt,02f5e6e9-464e-4c35-beb2-a6ba526142e6,311,85c8f217f084fad147745acf252921ed5e0e771b91ef9a2ecdc4bbb09451ee68
IMG_0347_JPG.rf.69ccfafc70c208f01d6aa308063b1d13.txt,02f5e6e9-464e-4c35-beb2-a6ba526142e6,311,05bc812707f7d0a6248137365155189caf25c3607d4aea151970c9b4d2a70e6f
IMG_0347_JPG.rf.fb47ca54bd0e8374c6fafff16b948ef5.txt,02f5e6e9-464e-4c35-beb2-a6ba526142e6,334,d36f70fdcf56cfd0989e8791070648e31e944418bc2152c32cfdd44252c063bb
IMG_0350_JPG.rf.6d3173f472c3a59b3d64c4ffd241ef22.txt,02f5e6e9-464e-4c35-beb2-a6ba526142e6,197,01b960c30dee23463fe27008ca37fff353a6585db022f2c63f7a4c7bc3f8b7b3
IMG_0350_JPG.rf.866d3f1d13e7b223b3f3df75c88c5ee3.txt,02f5e6e9-464e-4c35-beb2-a6ba526142e6,217,a522575fba84fb61c6d85a4b90109e0835a08d7bda2f8d14b41413dc3375f965
IMG_0350_JPG.rf.a11a9b62b3200403d8a730b5293e0c22.txt,02f5e6e9-464e-4c35-beb2-a6ba526142e6,197,ca3a669d8426c0a94e38bda26dae493eb2c49a2d298197b059354f2289cca1c4
IMG_0351_JPG.rf.3f67d42f2ca12e0f34aa4142460378ae.txt,02f5e6e9-464e-4c35-beb2-a6ba526142e6,128,ac5f18847248eb1d857be65cead857cbcd5143660651699f5656edb5a182555f
IMG_0351_JPG.rf.680a4a794bd4bd22612a0444b6bb0138.txt,02f5e6e9-464e-4c35-beb2-a6ba526142e6,117,ca6aacbd2144083874d95f74b26eb48b81567ef706f7566ea9829c65b52b8bbf
IMG_0351_JPG.rf.81eb4b711c251f9842b5cea7ccade7aa.txt,02f5e6e9-464e-4c35-beb2-a6ba526142e6,117,d4cfbc630473b9964bc8067cbf6a9b1b7479c881a3c1aad94849ea452a616815
IMG_0354_JPG.rf.310c01a20c3bd720f585a247dab2e71b.txt,02f5e6e9-464e-4c35-beb2-a6ba526142e6,116,89e572fced52d511f08b6510d0516adadddb5b38a2f0ca77146ee790982ca7b3
IMG_0354_JPG.rf.3d4a199d82c437e3879f6a5f857d6cbc.txt,02f5e6e9-464e-4c35-beb2-a6ba526142e6,116,4e035ff6589a56a1f354706ec9ce29f75349f628f5672940b1ab8ec43dc5e561
IMG_0354_JPG.rf.472f2bd9095257221cc50357a968e9e0.txt,02f5e6e9-464e-4c35-beb2-a6ba526142e6,127,849c0334b8027ccae67325ad1607f297bbee74c112918036705c313cd0714f89
IMG_0356_JPG.rf.7ddb152f9d8dc82c30875ed2daf6af6d.txt,02f5e6e9-464e-4c35-beb2-a6ba526142e6,235,fd4e7af73cff8e4bd8c232a03ecc74f12c17c064202c3643bb6736bac743f595
IMG_0356_JPG.rf.d90bb17d5d5096cd9ad1d297080d8091.txt,02f5e6e9-464e-4c35-beb2-a6ba526142e6,258,4bbfc470d0dfbab2842e548cb0e73ad261a5f51b817547450f5732e5bb2545e6
IMG_0358_JPG.rf.1a98862ccdc6e09c564f6727ffb57866.txt,02f5e6e9-464e-4c35-beb2-a6ba526142e6,198,c9fbc6f67346588fb693e11a38d5b9909cf81be987312b496822ffe6fcd4ac00
IMG_0358_JPG.rf.aa52903eb89835c777d779b6d309764f.txt,02f5e6e9-464e-4c35-beb2-a6ba526142e6,184,654d4f435d58ae81d50907191ad1bbc64322ea7c39abdc15829a8bb57d23fa8a
IMG_0362_JPG.rf.5b4c4a3e1f3b943795401da91094d5f9.txt,02f5e6e9-464e-4c35-beb2-a6ba526142e6,83,8b3bbc2889b84ef98fbbf240e9f6633378a954bdc17b064f21a3f9a371f01c80
IMG_0362_JPG.rf.760ddbd29e538e169e55fc9b125aa4b3.txt,02f5e6e9-464e-4c35-beb2-a6ba526142e6,83,567f567f7dce6bb9b807f252e9256c8a26cc8e0bccb30252d44827ecfe106fb3
IMG_0362_JPG.rf.d0cfa7a666c326f8980aec6a04408648.txt,02f5e6e9-464e-4c35-beb2-a6ba526142e6,88,38a6eafc05ba7588efdab9864a4c9f8a70977017301f868b5e583be3ecd98e37
IMG_0365_JPG.rf.90850755c3983c0df308d02c5157473c.txt,02f5e6e9-464e-4c35-beb2-a6ba526142e6,212,4ac3cdd2d7dad7c3173400d6777a398ed840ec27f29d7fa2d9eba28c8c5036e6
IMG_0365_JPG.rf.f778b2f41ec2ab82164afd1c902a7d57.txt,02f5e6e9-464e-4c35-beb2-a6ba526142e6,194,bf0bdd4b87d002ff73a46896c6b6e7890871ac46d43b2e132d8f20063f2c7f1d
IMG_0367_JPG.rf.03a17636b04b6e8accc4b57625d977c2.txt,02f5e6e9-464e-4c35-beb2-a6ba526142e6,215,8657dc5a025196b687211877ff50036dde0ea999d772f570d4d44e8930c30a7b
IMG_0367_JPG.rf.3259d906efe76faffd31c9f516613a85.txt,02f5e6e9-464e-4c35-beb2-a6ba526142e6,197,f1078703a4b973e008f336e7e99816b40261fe3e62af138ba8ccc5a51f46903a
IMG_0367_JPG.rf.873b64ec8d6880ba5fb7b48eb046c7a3.txt,02f5e6e9-464e-4c35-beb2-a6ba526142e6,197,a20b79e0623c4462e593fbb7b5fc75af80218cf104c3d12847806e1a9066d00f
IMG_0368_JPG.rf.df6f0babc931565f66b13fd2a58c3205.txt,02f5e6e9-464e-4c35-beb2-a6ba526142e6,201,69b3f2caabd6c05ce2c2b7eddcd4427c50b3195fc8b571908571c3af365c9977
IMG_0368_JPG.rf.ef12f14fe3d2464ddedefdc47fb5820a.txt,02f5e6e9-464e-4c35-beb2-a6ba526142e6,188,ce503ff36d1df90ea257202d0d08100700071466a5ea40f390b5e15ac6702a19
IMG_0370_JPG.rf.d040a174a6831162bd7b33b09009601a.txt,02f5e6e9-464e-4c35-beb2-a6ba526142e6,200,0fcb3b7b1b81d7782f1b20828296983e72ba85147a10d47060589fb91c12e014
IMG_0370_JPG.rf.d45d50c52a5443cd6b9c73d588ef0cb8.txt,02f5e6e9-464e-4c35-beb2-a6ba526142e6,216,a96e95b94b2d55ff97241572555e3c52b0e150619d87b9cc6b6176e6d5ce7e82
IMG_0372_JPG.rf.08702036ba2662fd226fe5a3f85930ce.txt,02f5e6e9-464e-4c35-beb2-a6ba526142e6,197,21d1445ce6905a8e0dd5fce03aac3e3eef29812cb7382637aff74bacae6137dc
IMG_0372_JPG.rf.c36e7f890fca4a63d5e91efed6f31b81.txt,02f5e6e9-464e-4c35-beb2-a6ba526142e6,207,296a170f8c06dd96d827a7448369a4f93536f07e8e2f28bd1ad140a51e62e1b6
IMG_0377_JPG.rf.2fa1872f172d7d3ed45dfe346d99edc8.txt,02f5e6e9-464e-4c35-beb2-a6ba526142e6,160,af6d8dee83f37a400a42e8a25d4d8dcfe16fa2a49fe945364c4300e82c444b9c
IMG_0377_JPG.rf.6849c2c21fa11a3f0fec6063713e6dfd.txt,02f5e6e9-464e-4c35-beb2-a6ba526142e6,160,ae5c6b3d4ccafdc70e9eef09efae6131c1ec2dd8b3e10ebc2242dbce1e18b114
IMG_0377_JPG.rf.b02edd7d5db0723bab4e78ea40aa3dcf.txt,02f5e6e9-464e-4c35-beb2-a6ba526142e6,174,e542eed0f6275fcca52050415bb4788f60dc1c4c0644d428dbd475db062019d9
IMG_0475_JPG.rf.4c249c5aa19a0b2a3806fef5437e0871.txt,02f5e6e9-464e-4c35-beb2-a6ba526142e6,81,fa0daff4603923f6ac6250191e9c910467aebfbf542e75c3aaf17a39d37f675c
IMG_0475_JPG.rf.c293b288eca9244d7f05bee382a07ba1.txt,02f5e6e9-464e-4c35-beb2-a6ba526142e6,88,bbf5f984e7d8b3b8d1c2d0497a2c066569c7c6b32c07db1e4e26481689dffdf6
IMG_0475_JPG.rf.c6be258370759f31d5f844d138a18e11.txt,02f5e6e9-464e-4c35-beb2-a6ba526142e6,81,8b03515677313519fd8ac82bbf64cdbe7945ccf781b9baac1966cf59389d4a0b
IMG_0476_JPG.rf.363843421e47ab1afa4f70aed4fad837.txt,02f5e6e9-464e-4c35-beb2-a6ba526142e6,84,008226ca4deaa37ef31f7dddca767d5fafa30fd60bb4a6391c88e3e833a9cc28
IMG_0476_JPG.rf.73ee32867d7adb51cbba2a7aa0044626.txt,02f5e6e9-464e-4c35-beb2-a6ba526142e6,77,c78f6188b6b52d42bf321a803e55e876a269c558336fdfdf37379ba6ef18e162
IMG_0476_JPG.rf.d4aae7dc6f397bbd86a5d435e34786a1.txt,02f5e6e9-464e-4c35-beb2-a6ba526142e6,77,1ce707e249427807eaf8d34ec7f387f570b4e1c1e90b5284461d52d231aa02ad
IMG_0477_JPG.rf.04d9626da1be69953d3a9472eb7032d8.txt,02f5e6e9-464e-4c35-beb2-a6ba526142e6,82,cf851a6c7003f49a3e74a31482b3b393d9fbc366f7acb2e95746ae9b1d9ca029
IMG_0477_JPG.rf.763c9aadc6a2b493e8d4fa35432c6d37.txt,02f5e6e9-464e-4c35-beb2-a6ba526142e6,89,421774a9346d9715aa658441d304b0b80cb696ef926d35dd4245db6ee12a85d1
IMG_0477_JPG.rf.987863e35c413d391b3c87f66558acb2.txt,02f5e6e9-464e-4c35-beb2-a6ba526142e6,82,233dd210f6841f20dbd5d5a33d2c6d0869d32cb9f1e0d23cb182427c376ae58a
IMG_0478_JPG.rf.1aa3893479ab89ca2bd63d8c9f7763c1.txt,02f5e6e9-464e-4c35-beb2-a6ba526142e6,81,b0969a4fad61f575e93511409bcbe21f3fb9075d418295fd04e2fa15ec4faa82
IMG_0478_JPG.rf.b17a17f12ef3651d8056994541ab3413.txt,02f5e6e9-464e-4c35-beb2-a6ba526142e6,81,4d069f4de0bf0804c11b37de6543520a7b9e47d0b72a348dd5a46cac0458f0c7
IMG_0478_JPG.rf.e65f25553c75c9de295b42a0d9907312.txt,02f5e6e9-464e-4c35-beb2-a6ba526142e6,88,63a69d22eb5a674f0cbb58e7058d2f581a7397089203075f5d92b81597c6513a
IMG_0479_JPG.rf.61150ad044779269c2764b9c20c163cd.txt,02f5e6e9-464e-4c35-beb2-a6ba526142e6,85,f291754fc85d7773eb4efc5a5605f5fce2a6bad2afda705b0f91c1c8c50e5d50
IMG_0479_JPG.rf.85d06dcd52c1b3d7edc5114bcdbd8df3.txt,02f5e6e9-464e-4c35-beb2-a6ba526142e6,75,140d3dcabde338b8f3a382eefa0b38834aea1e76ee4b0b4bb06a7c8af306f067
IMG_0479_JPG.rf.dbe4b19c38636d133610c4d16b2d91cb.txt,02f5e6e9-464e-4c35-beb2-a6ba526142e6,75,74868f67add2a4865de1c99eb17d5c681c759c75e445f233631ce5e69d5c73f8
IMG_0481_JPG.rf.8df4dc96e803dda919789c5513cd6c04.txt,02f5e6e9-464e-4c35-beb2-a6ba526142e6,42,09f57da8c414afeab3d8e04b42e7fd1b5eff58eb88f8c6f6a53fc3cad11d148e
IMG_0481_JPG.rf.c6c891e58514cce0100a63f55d1fac3d.txt,02f5e6e9-464e-4c35-beb2-a6ba526142e6,44,57b975e6d83d8bbd23a3dac702219a866cfa69d6f77c80805d7b3a1fd3d77eff
IMG_0481_JPG.rf.e03c3b1762ccf868e89a35f79a86c792.txt,02f5e6e9-464e-4c35-beb2-a6ba526142e6,42,5c843fe85fefc03acbfcefde76eb729d61d59810b365aeb68e8e9d98b57187ad
IMG_0483_JPG.rf.8698855826bf31fcbdba62a60c21381e.txt,02f5e6e9-464e-4c35-beb2-a6ba526142e6,44,57b975e6d83d8bbd23a3dac702219a866cfa69d6f77c80805d7b3a1fd3d77eff
IMG_0483_JPG.rf.b46b9196f489c994c095430d8af8d80d.txt,02f5e6e9-464e-4c35-beb2-a6ba526142e6,42,09f57da8c414afeab3d8e04b42e7fd1b5eff58eb88f8c6f6a53fc3cad11d148e
IMG_0483_JPG.rf.b9248835ec942f0cf4038a16e3ad8dcc.txt,02f5e6e9-464e-4c35-beb2-a6ba526142e6,42,5c843fe85fefc03acbfcefde76eb729d61d59810b365aeb68e8e9d98b57187ad
IMG_0547_JPG.rf.37984b50321026d86eaffab727fdc02f.txt,02f5e6e9-464e-4c35-beb2-a6ba526142e6,75,19b95c8e3ad42c7d77a0b176102cf4f2cd5e56d6576c197a1d88c5d9043dab80
IMG_0547_JPG.rf.d807febea06c02e17998ed157aefd50f.txt,02f5e6e9-464e-4c35-beb2-a6ba526142e6,83,7d001f283e47054c447ff03e35da387b2d76cf4d719abd689b343d73af8c8934
IMG_0553_JPG.rf.062395daae4494e9d22965c88472f4ae.txt,02f5e6e9-464e-4c35-beb2-a6ba526142e6,325,f52ef625281e9c235bd74415f554cf15421271f35bb5d843d08545f39c00bbfe
IMG_0553_JPG.rf.511da3035df05d2f49b3c25d2bd7e494.txt,02f5e6e9-464e-4c35-beb2-a6ba526142e6,325,38dedd2b9a66b559b9148b5484769078aafbe3ed327c8caac26fa81eddadce61
IMG_0553_JPG.rf.8f9b8776327d87e97457ebc8a58ea9dd.txt,02f5e6e9-464e-4c35-beb2-a6ba526142e6,338,94f103867ada4eb7eb8f4b90ca604216388d6cf8bd331006f720320c93ae538e
IMG_0555_JPG.rf.510626dc794479b9e0f45de271365bbc.txt,02f5e6e9-464e-4c35-beb2-a6ba526142e6,158,c9d8b45e69b79515e2df4cc5ba9d8a3e57176c0367786cc969683918d460707e
IMG_0555_JPG.rf.6376ae34d8133e61d07dfa2415eda90a.txt,02f5e6e9-464e-4c35-beb2-a6ba526142e6,170,6675648bba7251efa9a9635d85200e4ac7e9c68fd04de5a1ce57eea3dac04560
IMG_0556_JPG.rf.25349d6a24fc3cea5733b419270620cc.txt,02f5e6e9-464e-4c35-beb2-a6ba526142e6,157,ed9628d1fa8a65fca77b86c22f74bf2ae87090624d1403f0ca9955d809031610
IMG_0556_JPG.rf.2cea56430103f2f2db6241e8fc8f79ef.txt,02f5e6e9-464e-4c35-beb2-a6ba526142e6,169,cfdf9507767ec8998a88b06550172c39af5fb47aea8488805c43721876413141
IMG_0556_JPG.rf.f86112959cfe25e65050b9f86877c2ac.txt,02f5e6e9-464e-4c35-beb2-a6ba526142e6,157,6d2e63e3aa9733707395174ded5ec2aaebd3cbbfd25ecd17ef8a52ab464e1cf4
IMG_0557_JPG.rf.582a470bcec45572312dd06baf6d75b4.txt,02f5e6e9-464e-4c35-beb2-a6ba526142e6,169,cfdf9507767ec8998a88b06550172c39af5fb47aea8488805c43721876413141
IMG_0557_JPG.rf.5eae6734e3be267a6eaf99303f8d4652.txt,02f5e6e9-464e-4c35-beb2-a6ba526142e6,157,323b0036163ba487478db8ac4ea27a3694f7069926f2046650adabd007d63489
IMG_0557_JPG.rf.6210382d5641c08968b8e8cef7fd8659.txt,02f5e6e9-464e-4c35-beb2-a6ba526142e6,157,ed9628d1fa8a65fca77b86c22f74bf2ae87090624d1403f0ca9955d809031610
IMG_0558_JPG.rf.3b034ec1e6b941e572bdc328e73bf839.txt,02f5e6e9-464e-4c35-beb2-a6ba526142e6,35,5f5d29c68169caccb12b4fcb64dc7e8b6e096e13428d5149de4651af4a0107d7
IMG_0558_JPG.rf.ac42e91ce4084654be5322861b7d87e4.txt,02f5e6e9-464e-4c35-beb2-a6ba526142e6,44,dac634cab643cee4592df1035a942e8ba3acbacdb4cb3be84ea131c7e20bca1f
IMG_0560_JPG.rf.14eb76ee1c0471779d83aec527afc794.txt,02f5e6e9-464e-4c35-beb2-a6ba526142e6,40,9ccfdde5eb5b56408253aa068066d8287c0ea2ea10fc89e3470387ec6a6d99c5
IMG_0560_JPG.rf.23ff253ff2518c6071089a74f1b20dad.txt,02f5e6e9-464e-4c35-beb2-a6ba526142e6,40,5ab60bd407c037f9790c75d2d897d6aef3e7b26a3aa7d83e44e3193d980e23e1
IMG_0560_JPG.rf.f40015d0531eaba594018ec54bd02a56.txt,02f5e6e9-464e-4c35-beb2-a6ba526142e6,42,6527ed91ceabe0a41c27904f7f37be293ad612402794665f5757dc143a6b4572
IMG_0561_JPG.rf.4a755770d9871d060900e48fcb4e71c1.txt,02f5e6e9-464e-4c35-beb2-a6ba526142e6,39,1fdc43036b0aefdc3e3ded7c4f266e5c50f3e4333a2ae17e4ff8dfe511c2196b
IMG_0561_JPG.rf.7074443215f5dd14e8cdfafcb6c64ad7.txt,02f5e6e9-464e-4c35-beb2-a6ba526142e6,41,00d7ecc97ae10915ce20fb3f86db4a53d905bcbc159dfb3764d6cde028ab34d0
IMG_0561_JPG.rf.d041b5e02e4a4949a234809849a661f9.txt,02f5e6e9-464e-4c35-beb2-a6ba526142e6,39,427fe7451c7cfc4be158d2404b55f90e9e3b9810c0f4ecf773316b34b61203b9
IMG_0562_JPG.rf.451a05ca5047e8c6c71f5f0b0411ca29.txt,02f5e6e9-464e-4c35-beb2-a6ba526142e6,39,64c884ae728c3ed8074f740114c0c6f1144d951f36d25f34205b613665e9d531
IMG_0562_JPG.rf.5a257394bfa33aecf3ecc7c6daa9e3a9.txt,02f5e6e9-464e-4c35-beb2-a6ba526142e6,41,00d7ecc97ae10915ce20fb3f86db4a53d905bcbc159dfb3764d6cde028ab34d0
IMG_0563_JPG.rf.2f2b3419c598719a70ae20572aca82e4.txt,02f5e6e9-464e-4c35-beb2-a6ba526142e6,39,427fe7451c7cfc4be158d2404b55f90e9e3b9810c0f4ecf773316b34b61203b9
IMG_0563_JPG.rf.7b76684ca27e91f9c937169da48080ca.txt,02f5e6e9-464e-4c35-beb2-a6ba526142e6,41,00d7ecc97ae10915ce20fb3f86db4a53d905bcbc159dfb3764d6cde028ab34d0
IMG_0563_JPG.rf.c63bb3f21b5ddf2079af85c81b8beb17.txt,02f5e6e9-464e-4c35-beb2-a6ba526142e6,39,64c884ae728c3ed8074f740114c0c6f1144d951f36d25f34205b613665e9d531
IMG_0564_JPG.rf.22b244e6018f510a29e821c47b24c749.txt,02f5e6e9-464e-4c35-beb2-a6ba526142e6,163,a2b72523a1cf7d3cc44d94aaf7f9ba0618e1701dee78a04d3a0f4b318f018af9
IMG_0564_JPG.rf.bc8f547c5bf65685222eed6d95c38534.txt,02f5e6e9-464e-4c35-beb2-a6ba526142e6,145,a706fcf364b0972e2d6df98f8ab38b433a29f8818d67a19064683637cccc70d2
IMG_0565_JPG.rf.32df19c6cda6045b86b1287e1356852a.txt,02f5e6e9-464e-4c35-beb2-a6ba526142e6,145,1b9397aabb13a4ca7a44260225a9f8f49149cb96815560fd23cc5126e2f91bae
IMG_0565_JPG.rf.b77e8cab7b1a5be0a34a7bfdf8134c76.txt,02f5e6e9-464e-4c35-beb2-a6ba526142e6,163,a28d457620158fb1d11a548730c61eccaa271af71fbad9c99e6382515fefb72b
IMG_0565_JPG.rf.bc0b6754910c36e4cc2e9a331ca1aff4.txt,02f5e6e9-464e-4c35-beb2-a6ba526142e6,145,523633e1c33165eb9513b8e095eb844f14dbe0b3a671c2a2ecc69a69ea17e852
IMG_0566_JPG.rf.183fa51a5be60b4c8f7011342401f1a9.txt,02f5e6e9-464e-4c35-beb2-a6ba526142e6,158,024235c8db6fa4cf048e2a076f4a4a90f1be4aa466d994aaa8b8c2d717e6aad2
IMG_0566_JPG.rf.53d10a44db7d8cac802e25b2bb28aa6c.txt,02f5e6e9-464e-4c35-beb2-a6ba526142e6,170,d27a31958647a6c55f046cf9b354148dfdf94dea4837b129b45e03511f6da3c6
IMG_0566_JPG.rf.54d3852f5a2927eafcb88b949e2b348f.txt,02f5e6e9-464e-4c35-beb2-a6ba526142e6,158,1d231cb43c6d223979b4cd0eca3177341f092ac08d53e4508b3b19c3302b08ff
IMG_0567_JPG.rf.14af69056349cb1631970efb91fad1c9.txt,02f5e6e9-464e-4c35-beb2-a6ba526142e6,74,a36bec2be4c6381c40073ecc35ead2c529411ac3abbc1eeb32e74f209cbba117
IMG_0567_JPG.rf.620205f8353c6f94a939833f91a30783.txt,02f5e6e9-464e-4c35-beb2-a6ba526142e6,80,9688e759cf3b17c6436ed19826330d59d8fe687f7e032f7012479b41ce915a1f
IMG_0567_JPG.rf.9547629acc1a08db3e66e53792865219.txt,02f5e6e9-464e-4c35-beb2-a6ba526142e6,74,b2ae0a885e7bb70a8edec8b96eccefeaf3b13dd0a94e7d8f4461fd876a8340b4
IMG_0568_JPG.rf.17596c02cfdfdbf5f8af6acb5766c1f6.txt,02f5e6e9-464e-4c35-beb2-a6ba526142e6,74,f8b04d8ee8893aef6219d3c461de7b9b357354ef58b2b0f7c7558bcd1e33f999
IMG_0568_JPG.rf.99c9e14726e3d07c538910e62a70393e.txt,02f5e6e9-464e-4c35-beb2-a6ba526142e6,80,76e8f46bfc78c435bc0b09ce7c60bfb2f22fb6cac321881ff54b0323309e3ed1
IMG_0568_JPG.rf.d9183f855d8b45311734b20989e70972.txt,02f5e6e9-464e-4c35-beb2-a6ba526142e6,74,1d1240ebe9a6e9a1372652e5dd9645dc255788928a585aafbfef645be5af1924
IMG_0576_JPG.rf.2e0d58367563ebf4e31b6131f4b1d61d.txt,02f5e6e9-464e-4c35-beb2-a6ba526142e6,234,e302f9000a3bd300750735ff826f9747b51a531b2d357970db37ba356532fb5a
IMG_0576_JPG.rf.8497439d093f71ce02dbd3c009e50a67.txt,02f5e6e9-464e-4c35-beb2-a6ba526142e6,258,f225d9f469d57b7e577b3a96063124f800f8924fa318662a0164da0009dd0ac0
IMG_0578_JPG.rf.58f7376e224ab6f029cdb419685f0931.txt,02f5e6e9-464e-4c35-beb2-a6ba526142e6,231,68ebc0c1cf319074dc8e250f682eb5b8a68f53233a3a6bfddc351c53429c86fe
IMG_0578_JPG.rf.71d0229bb34faacb41d8ba0d2429b40e.txt,02f5e6e9-464e-4c35-beb2-a6ba526142e6,231,086a2198a6b3e0bb52064217c20cb966297ebbcf3961435587761a7fb4c8a2c6
IMG_0578_JPG.rf.b22e5c774d0b88298ce835e05965087e.txt,02f5e6e9-464e-4c35-beb2-a6ba526142e6,255,aa7710a82719d1b1177171e902280dfa69dec81045e86ffb55fb721d11580821
IMG_0582_JPG.rf.b068af6ce94ff6399a34a7b20cd7c29f.txt,02f5e6e9-464e-4c35-beb2-a6ba526142e6,277,21f656c91ce4bab0100f39a66077a1ccbda40a3529e06993fe4e5f8e8f41c361
IMG_0582_JPG.rf.ee182bd09f601bf800178467551c9df3.txt,02f5e6e9-464e-4c35-beb2-a6ba526142e6,296,6641a03e6db333a99e9dcbab80900a9ee7d0019ca1cfb2a25112a85d6e8eb2cf
IMG_0589_JPG.rf.469a2b423d294782981caebd3e8f52c6.txt,02f5e6e9-464e-4c35-beb2-a6ba526142e6,302,6c35398023c84fed86bf11814ac4d3efe4a91ffadaf836a2e17560c987e602d4
IMG_0589_JPG.rf.7a7b866b3e687d47514e97c105f7fbc1.txt,02f5e6e9-464e-4c35-beb2-a6ba526142e6,283,b33f26a46e09d65a5ff86381e4e0233e43dd058468f57a87d8837887bceb1cb1
IMG_0589_JPG.rf.9ce4bea8c2aa5e65195a6ab504e48e15.txt,02f5e6e9-464e-4c35-beb2-a6ba526142e6,283,90480587613702f6658c274285b6df6819f25ebbb939ed27abd82e4156de9bdd
IMG_0590_JPG.rf.135c46f31beb27dc7c9830199cc80e2f.txt,02f5e6e9-464e-4c35-beb2-a6ba526142e6,283,1e3a24b2274f5109fedbede5d84410ac676f86a81fab431bb7e9d7fe3437b717
IMG_0590_JPG.rf.aa99a2e7f92f538182c73ff9b4018dac.txt,02f5e6e9-464e-4c35-beb2-a6ba526142e6,283,137f6d662861de8dc842362186e7e5b9c19bc1ff376522b7e5310587f9fe690d
IMG_0590_JPG.rf.e1c1f11c4e0c2abaa5c83c1e545217af.txt,02f5e6e9-464e-4c35-beb2-a6ba526142e6,302,1d7548ff7ea47d7a34183e7cae6a6c8cf27916c037a9c71709f46a1c5ad6bb6f
IMG_0591_JPG.rf.153c5209206128731b704ef9830a094e.txt,02f5e6e9-464e-4c35-beb2-a6ba526142e6,282,4fb46f0f3660725e2a3af224f874a2170821d6c29d832701b81cece07cdd4186
IMG_0591_JPG.rf.5d366833642e4b43f0f5132322574c9d.txt,02f5e6e9-464e-4c35-beb2-a6ba526142e6,301,e6786bd510880fd9e5af25387bc63856c88a6d4bb921ae6ceb75facc93980250
IMG_0591_JPG.rf.8a98c74d8c2059aa556e57ed33b92729.txt,02f5e6e9-464e-4c35-beb2-a6ba526142e6,282,93a1542eee3e6c8c929e7c3d7da5a76f399db675266a2189c39d705a12f4ccc6
IMG_0592_JPG.rf.1abec66f4b863ba35be8d04a9eadf0b8.txt,02f5e6e9-464e-4c35-beb2-a6ba526142e6,282,4fb46f0f3660725e2a3af224f874a2170821d6c29d832701b81cece07cdd4186
IMG_0592_JPG.rf.8e7e2d932c88fc7dbaabcf07afc8c743.txt,02f5e6e9-464e-4c35-beb2-a6ba526142e6,282,0558315be0bad78d1d0d2ea01bf4e63b9efb099083fff4bc784762f6414429fb
IMG_0592_JPG.rf.c448704ea54d49b24031c22e2574c47f.txt,02f5e6e9-464e-4c35-beb2-a6ba526142e6,301,e6786bd510880fd9e5af25387bc63856c88a6d4bb921ae6ceb75facc93980250
IMG_0651_JPG.rf.6c32194fac391802a23aa83a23d9eea6.txt,02f5e6e9-464e-4c35-beb2-a6ba526142e6,44,5515c621c26dc6a1e3f2de281e53a07886da9494fec2a1eb5c30c58d8aa9a2a0
IMG_0651_JPG.rf.af82bbc8da850aca61ff810b4db6323f.txt,02f5e6e9-464e-4c35-beb2-a6ba526142e6,39,6db02f7e7fd3f25acf563c77e370d8c7b5a59aa57803cfcf6fab63ebdd3fdb2f
IMG_0652_JPG.rf.90b03c3d2b26186714d8aa2af015ece0.txt,02f5e6e9-464e-4c35-beb2-a6ba526142e6,40,f02fc0944035379bc3065ba8fa5400b3f0062fb40dbf069a84fcab499fd2848f
IMG_0652_JPG.rf.a78c7d9600ba8467f5e0fe53e9945f96.txt,02f5e6e9-464e-4c35-beb2-a6ba526142e6,40,95705f522ddbd613308017161b7f0eb964de09656a7f298f05d7f4525f5ee389
IMG_0652_JPG.rf.fc6a28677c21659bc11dd2b3566b7a57.txt,02f5e6e9-464e-4c35-beb2-a6ba526142e6,45,8fadf03943f5902c6df0df8e2cfc0019eef071df672887cb4a83cc6f479754ca
IMG_0654_JPG.rf.3bd4dfe7ed1da59c7fa7daa90a53f88e.txt,02f5e6e9-464e-4c35-beb2-a6ba526142e6,131,774c8b8dbcedc8103da7f3d6e44d51027c5bf77c9b685ee92034b68de51f5fbf
IMG_0654_JPG.rf.bb7ce0825ddf3a24e78b1ba71aff6a0c.txt,02f5e6e9-464e-4c35-beb2-a6ba526142e6,120,33156f08fc0fea18dea0711eac9fd9018d445afc487395b63a42289f76b67591
IMG_0654_JPG.rf.ce10b4d708733f7fe24ca4c6fd2bdb7a.txt,02f5e6e9-464e-4c35-beb2-a6ba526142e6,120,5b12d3332f9061fdb7a5a47acc943302ab29dae10c746219d9ba308bb46c9777
IMG_0655_JPG.rf.33979de3cc0ebaabfbe333b015f4fa21.txt,02f5e6e9-464e-4c35-beb2-a6ba526142e6,115,1400c782945953b91bb179d4f789c9b292840a577c6fd8fabefbf97f2bda1add
IMG_0655_JPG.rf.64fc5633fd8c964694de64ba79bf6112.txt,02f5e6e9-464e-4c35-beb2-a6ba526142e6,126,aa81c9dcb60f7a41f40109cad0ed956e2333792ae77661f4c3c04aefced37e47
IMG_0655_JPG.rf.d39fecb9795f72b68070a3faf44abb82.txt,02f5e6e9-464e-4c35-beb2-a6ba526142e6,115,994c897e7b4501e24dbc01db9110f306f619ffbc123a45e8844c492b2c84c6da
IMG_0656_JPG.rf.12843647f8d467472744f1f1c1531079.txt,02f5e6e9-464e-4c35-beb2-a6ba526142e6,115,2dd31ecd26b77d71a11420ee8f3ffbc7503b00335b1bd8f7a24d15210d283a6b
IMG_0656_JPG.rf.363ae30ef18ab3d15daa2d3243cc9856.txt,02f5e6e9-464e-4c35-beb2-a6ba526142e6,126,aa81c9dcb60f7a41f40109cad0ed956e2333792ae77661f4c3c04aefced37e47
IMG_0656_JPG.rf.768c41553a11b767e7361a4f3197417c.txt,02f5e6e9-464e-4c35-beb2-a6ba526142e6,115,1400c782945953b91bb179d4f789c9b292840a577c6fd8fabefbf97f2bda1add
IMG_0696_JPG.rf.541445b14fc48535bce21ce30e327db2.txt,02f5e6e9-464e-4c35-beb2-a6ba526142e6,40,fd9f76dc8bf0216e0cdb5c903eb8ac17768064160f9d2b811db959ecb8df3aa7
IMG_0696_JPG.rf.73a1208fea91d7868b6f1fbb1d292114.txt,02f5e6e9-464e-4c35-beb2-a6ba526142e6,42,f6d4f11918f1121107daf3869f7b68117ae5438136c8a704ee6412bb1859a2cc
IMG_0696_JPG.rf.c729bbabb4d2bb1f9526c3d37ab38679.txt,02f5e6e9-464e-4c35-beb2-a6ba526142e6,40,79a99a4f7f3a44c76625d666ddb1e5aedbc8357e73df29a3fed330126819d755
IMG_0698_JPG.rf.268b67180ee5f89d069a00c666c85d80.txt,02f5e6e9-464e-4c35-beb2-a6ba526142e6,39,af809ece80fb29f62c3d74ea2ca714e4834d00bf3b3a032cd27ced79aaa59a9d
IMG_0698_JPG.rf.8621919c4c173b99ecf8ea67022588e9.txt,02f5e6e9-464e-4c35-beb2-a6ba526142e6,37,a2db168aa94d58c9f20a93e408ca0c6e2b1948f058462abf047987b55fcfb582
IMG_0698_JPG.rf.ded1cbf04832953ac3b3db10e4533d5a.txt,02f5e6e9-464e-4c35-beb2-a6ba526142e6,37,31060566bcfe18d1160ba1edcc48af8111739ebc151c34c3a74b8fa8c94c3280
IMG_0699_JPG.rf.065b5d4420a8e6f324dd50e06e47ec63.txt,02f5e6e9-464e-4c35-beb2-a6ba526142e6,42,beefb832b11b96ef8b8013065f84abcc5f67f2971ebd1cb99f79b8e7b83ad290
IMG_0699_JPG.rf.29dc7d7b4c9b614b773d38d33f5e7d6f.txt,02f5e6e9-464e-4c35-beb2-a6ba526142e6,44,502ceaf82552d5e742ecaf4447c460fe970a76d00590e0df15735cbc391caef0
IMG_0699_JPG.rf.5912d4beefb44ec3b686077ad5a1ec74.txt,02f5e6e9-464e-4c35-beb2-a6ba526142e6,42,ab0fe42872c361d3ff2322132a241bb67f9f3577b21a464ba2fbe9469c3c33a4
IMG_0700_JPG.rf.031dc8f57c4322e26f9bffd351ccbe7a.txt,02f5e6e9-464e-4c35-beb2-a6ba526142e6,40,d7b3b60ee35b2ece76b3d85e9d7126d16de89420d676e097a4a9dd9f17111fb2
IMG_0700_JPG.rf.062daa14214488dc1f97f3e360f240ea.txt,02f5e6e9-464e-4c35-beb2-a6ba526142e6,40,70ba1ec9d8a23d203e8d8243b9f72566008e13b94bfa4f3d177b07b2be023fe6
IMG_0700_JPG.rf.4cbe85b201e8e759546f357d1261895c.txt,02f5e6e9-464e-4c35-beb2-a6ba526142e6,42,52d425daa5e7acfb2812c55b3fdf3625eddd64f764f8cee9004d50c712ab2672
IMG_0884_JPG.rf.884ae57016d6b1d8f6e43ebd1e6c331e.txt,02f5e6e9-464e-4c35-beb2-a6ba526142e6,573,8e9058d5fa0fb1b5722c1e5f6c213367ee2ae0940693c562f8d1a9b683332e6e
IMG_0884_JPG.rf.9f995940c099f3c2c9b07c814423ac39.txt,02f5e6e9-464e-4c35-beb2-a6ba526142e6,573,4c56de44e8cf0665114af9e3191fe509648d1101876fb8d7d4800c22b44e20b3
IMG_0884_JPG.rf.f2e2fe24dd34c345d93f04add5ffb084.txt,02f5e6e9-464e-4c35-beb2-a6ba526142e6,607,59fb5c2fed784bb679b6af5ceae79ab8fd66e5674bc44ca11ea76e9da98c691c
IMG_0885_JPG.rf.165a5ef5a9f6f66fd0b7f47a13f077aa.txt,02f5e6e9-464e-4c35-beb2-a6ba526142e6,573,4ee2042bcbaab04a111a7cc1e095bbc605ad136a4d4fb7cb771c946d436b6496
IMG_0885_JPG.rf.7a70b6476483e3119c932f2261c9e5ca.txt,02f5e6e9-464e-4c35-beb2-a6ba526142e6,607,59fb5c2fed784bb679b6af5ceae79ab8fd66e5674bc44ca11ea76e9da98c691c
IMG_0885_JPG.rf.99ca8f877607cbfd717db876513abebd.txt,02f5e6e9-464e-4c35-beb2-a6ba526142e6,573,8e9058d5fa0fb1b5722c1e5f6c213367ee2ae0940693c562f8d1a9b683332e6e
IMG_0886_JPG.rf.37487d1e3f3d6a8476db1427d859fe75.txt,02f5e6e9-464e-4c35-beb2-a6ba526142e6,580,f8948915f800626c7df9f676b5d5bbe9215094936af43307dbd3c55539705436
IMG_0886_JPG.rf.457cc5ac311b75b578849477dfd00ae7.txt,02f5e6e9-464e-4c35-beb2-a6ba526142e6,614,4c57af68d2e23998bea2ff06674dd587d433bdce413b99b31c9d218c6fee490e
IMG_0886_JPG.rf.ca4ae5757a900a8705badf3cf0928cca.txt,02f5e6e9-464e-4c35-beb2-a6ba526142e6,580,aefaa0f5b681288f166e135b5c3581ae827c4cb60c2828fdca2dfb94f532be86
IMG_0887_JPG.rf.0092cf4a4a3d1934436d33f45e59f98b.txt,02f5e6e9-464e-4c35-beb2-a6ba526142e6,580,60e9445652a4a17c45e693aa9b86cebeda669f8d459d58c11655844f6f50a964
IMG_0887_JPG.rf.5ff17fb735ebfcfb159a9de8ce4c6d95.txt,02f5e6e9-464e-4c35-beb2-a6ba526142e6,580,aefaa0f5b681288f166e135b5c3581ae827c4cb60c2828fdca2dfb94f532be86
IMG_0887_JPG.rf.aa6cd1b1f9d4af9c5b9c28afd0ae8755.txt,02f5e6e9-464e-4c35-beb2-a6ba526142e6,614,4c57af68d2e23998bea2ff06674dd587d433bdce413b99b31c9d218c6fee490e
IMG_0888_JPG.rf.3ae8d317bfb5018d169cad453b0aaa24.txt,02f5e6e9-464e-4c35-beb2-a6ba526142e6,580,aefaa0f5b681288f166e135b5c3581ae827c4cb60c2828fdca2dfb94f532be86
IMG_0888_JPG.rf.941a017d980c7b33573826b4c50afdbc.txt,02f5e6e9-464e-4c35-beb2-a6ba526142e6,614,4c57af68d2e23998bea2ff06674dd587d433bdce413b99b31c9d218c6fee490e
IMG_0997_JPG.rf.0e962be3a63dedc7c34e5f19c493aa2a.txt,02f5e6e9-464e-4c35-beb2-a6ba526142e6,121,e4d834a234084001edfc2767831a186050cb064ab1537db23061a1c2bf24a623
IMG_0997_JPG.rf.867c836e48e10eb4f55407f939a2c08e.txt,02f5e6e9-464e-4c35-beb2-a6ba526142e6,121,30109e48d5ec4c532ab7140526d085b7800651e4a623c07247214d4aa402f5af
IMG_0997_JPG.rf.c7fa3953c971a96abc042fd930d39886.txt,02f5e6e9-464e-4c35-beb2-a6ba526142e6,127,e8f1c67fa3739b4a058156777a63176437ca4aa5aa84819eaac916ffce55689c
IMG_1000_JPG.rf.2c77464cf7fab7219e33c01804ef7fbe.txt,02f5e6e9-464e-4c35-beb2-a6ba526142e6,271,c6de83b6d5b4f5927e0d5026e0dc1dac316181d8e76c64c5d703be86751935d4
IMG_1000_JPG.rf.38e132ec64d1006169aa087cf19216ef.txt,02f5e6e9-464e-4c35-beb2-a6ba526142e6,271,ec1aada47ee4b283fafcdb31cc8f5bc35e958b7ba67cb5fa81304f650659d92d
IMG_1000_JPG.rf.eaa8833c87cbe4765f82de5d665f6504.txt,02f5e6e9-464e-4c35-beb2-a6ba526142e6,291,d2f077f45bd455271b3718456a9a31c21671142335a2b877315e724244a64997
IMG_1005_JPG.rf.67cfd7d4479c7c92870321afd2ab3f74.txt,02f5e6e9-464e-4c35-beb2-a6ba526142e6,35,c9776f0e78be6d7b9b6bea619d42a63dca56876225e696df4032c53ce3dd9c4b
IMG_1005_JPG.rf.69ded5fd0a526e0fd5347fb55e7fcd6c.txt,02f5e6e9-464e-4c35-beb2-a6ba526142e6,38,c12f63640f08b21df6e9cae168e51091a85c0879882147b89a72f5f2f27e4098
IMG_1005_JPG.rf.a5342ae1176edfcd8f84d4c6ec15962c.txt,02f5e6e9-464e-4c35-beb2-a6ba526142e6,35,4b187d5b8645b0349160f915ba1bf7bd4ff18bcf3f11a467174cfc8fc2d6b140
IMG_1011_JPG.rf.809ed26eb247a21da4bf3dbbde1f6ed1.txt,02f5e6e9-464e-4c35-beb2-a6ba526142e6,41,fa0bcfb9e848a63f3b2042935399cf7540755f963e13967d8890928fe4b42502
IMG_1011_JPG.rf.8ecd5f430986548313ad27a80713db62.txt,02f5e6e9-464e-4c35-beb2-a6ba526142e6,39,7c90b51c392edbb4ac4e3aba6b6a262624520c0361304f9108345758624b97d4
IMG_1013_JPG.rf.288a6cf01fa425246183ec16ae0dfd6a.txt,02f5e6e9-464e-4c35-beb2-a6ba526142e6,42,0d225a4c6e13972b06d22b09107f85960f93a853c8e9af83349a8b1b246e4e3b
IMG_1013_JPG.rf.d1efe7b1f59bda11a69c62ad8ec95f2b.txt,02f5e6e9-464e-4c35-beb2-a6ba526142e6,42,ea6299c09a1e125bac1cd0f7733c75495891d6a1e098313cf861940411c75822
IMG_1013_JPG.rf.f053086fc7f524cdb445a1ad3547e647.txt,02f5e6e9-464e-4c35-beb2-a6ba526142e6,42,e60122b58a119f493f0b3a031c6aa9f2184db7758bb8e4e8c7f4f63735b87d5c
IMG_1014_JPG.rf.1f607c4f831abf5488f76144cab307bf.txt,02f5e6e9-464e-4c35-beb2-a6ba526142e6,42,e60122b58a119f493f0b3a031c6aa9f2184db7758bb8e4e8c7f4f63735b87d5c
IMG_1014_JPG.rf.3175033a08fba5ff97734a8581d657a1.txt,02f5e6e9-464e-4c35-beb2-a6ba526142e6,42,0d225a4c6e13972b06d22b09107f85960f93a853c8e9af83349a8b1b246e4e3b
IMG_1014_JPG.rf.434b67042fa026df67bc99ef2db2d52a.txt,02f5e6e9-464e-4c35-beb2-a6ba526142e6,42,e60122b58a119f493f0b3a031c6aa9f2184db7758bb8e4e8c7f4f63735b87d5c
IMG_1015_JPG.rf.0b9a43e28408f203f1426d06554245f4.txt,02f5e6e9-464e-4c35-beb2-a6ba526142e6,42,0d225a4c6e13972b06d22b09107f85960f93a853c8e9af83349a8b1b246e4e3b
IMG_1015_JPG.rf.1d71e1f1c25be437d14f0352f697502d.txt,02f5e6e9-464e-4c35-beb2-a6ba526142e6,42,e60122b58a119f493f0b3a031c6aa9f2184db7758bb8e4e8c7f4f63735b87d5c
IMG_1016_JPG.rf.52ac20a31c5e436771e82b4060ae2bae.txt,02f5e6e9-464e-4c35-beb2-a6ba526142e6,42,0d225a4c6e13972b06d22b09107f85960f93a853c8e9af83349a8b1b246e4e3b
IMG_1016_JPG.rf.66f557d252990ca8db50681a149ef820.txt,02f5e6e9-464e-4c35-beb2-a6ba526142e6,42,e60122b58a119f493f0b3a031c6aa9f2184db7758bb8e4e8c7f4f63735b87d5c
IMG_1016_JPG.rf.ee10fb35a7c699979189560b0249b8dd.txt,02f5e6e9-464e-4c35-beb2-a6ba526142e6,42,e60122b58a119f493f0b3a031c6aa9f2184db7758bb8e4e8c7f4f63735b87d5c
IMG_1017_JPG.rf.2d5f4d5feab3ce0de47efad018ba4933.txt,02f5e6e9-464e-4c35-beb2-a6ba526142e6,42,ea6299c09a1e125bac1cd0f7733c75495891d6a1e098313cf861940411c75822
IMG_1017_JPG.rf.3d8bd8a095b8c7629a39b1145346a23b.txt,02f5e6e9-464e-4c35-beb2-a6ba526142e6,42,0d225a4c6e13972b06d22b09107f85960f93a853c8e9af83349a8b1b246e4e3b
IMG_1017_JPG.rf.b845a605a8d5a18e1166790729488d05.txt,02f5e6e9-464e-4c35-beb2-a6ba526142e6,42,e60122b58a119f493f0b3a031c6aa9f2184db7758bb8e4e8c7f4f63735b87d5c
IMG_1018_JPG.rf.18ed6aaf251f0f5b3cd33e3e8f1e96ed.txt,02f5e6e9-464e-4c35-beb2-a6ba526142e6,40,9319f772bb5bd0619db02d7193f04bd45916825d1b3a669e9603aa0ea74c8f9a
IMG_1018_JPG.rf.721f439ef47e80387840d3c61d64a48b.txt,02f5e6e9-464e-4c35-beb2-a6ba526142e6,40,0ba2b497cd999c7a18cc46a9e4b09a9d554b2fa6e550637fbb5afba2bced03cc
IMG_1018_JPG.rf.7f65e9bae149bc80e78c3664b6468f83.txt,02f5e6e9-464e-4c35-beb2-a6ba526142e6,40,eecbeea66633c1d7ad24cb309bdba19333db344ae31dbc7d5a91d171c2cf1858
IMG_1019_JPG.rf.41bdd18e5cdd19b5f701fe8d7ec48f51.txt,02f5e6e9-464e-4c35-beb2-a6ba526142e6,38,8c4ef750c82c0a4047d757d78e59bc8dfc88e79e60950316fd42b095e841e636
IMG_1019_JPG.rf.e809b5405379d3facd5a296747ad618e.txt,02f5e6e9-464e-4c35-beb2-a6ba526142e6,38,8695fa4649ddc5c16d5b3a6f37d6c8be8671391e23ba79d21415eb2501dca1aa
IMG_1020_JPG.rf.1006e693d0591c80f7d078adbf7eb6e2.txt,02f5e6e9-464e-4c35-beb2-a6ba526142e6,38,3f9b14fa7c97b428672e938cda1706af7579f4b22077c2fddc1b02db92c0aa77
IMG_1020_JPG.rf.e049de47f11f4b63e7c34e287eb5b97e.txt,02f5e6e9-464e-4c35-beb2-a6ba526142e6,38,8695fa4649ddc5c16d5b3a6f37d6c8be8671391e23ba79d21415eb2501dca1aa
IMG_1020_JPG.rf.e43d06f9c1e78fec84eaafb74eb32c4c.txt,02f5e6e9-464e-4c35-beb2-a6ba526142e6,38,8c4ef750c82c0a4047d757d78e59bc8dfc88e79e60950316fd42b095e841e636
IMG_1021_JPG.rf.5d4e44412cbe2e738094920f0814fff4.txt,02f5e6e9-464e-4c35-beb2-a6ba526142e6,38,8695fa4649ddc5c16d5b3a6f37d6c8be8671391e23ba79d21415eb2501dca1aa
IMG_1021_JPG.rf.e171764da716605040a765c7b7b31b3d.txt,02f5e6e9-464e-4c35-beb2-a6ba526142e6,38,8c4ef750c82c0a4047d757d78e59bc8dfc88e79e60950316fd42b095e841e636
IMG_1021_JPG.rf.edba922c4a9b61566f2028bd3eca3236.txt,02f5e6e9-464e-4c35-beb2-a6ba526142e6,38,8c4ef750c82c0a4047d757d78e59bc8dfc88e79e60950316fd42b095e841e636
IMG_1022_JPG.rf.240f849996e3c1ba7be1cfa3eb119438.txt,02f5e6e9-464e-4c35-beb2-a6ba526142e6,38,3f9b14fa7c97b428672e938cda1706af7579f4b22077c2fddc1b02db92c0aa77
IMG_1022_JPG.rf.81d84ba9c719633d6a17e14cb8cb8cf1.txt,02f5e6e9-464e-4c35-beb2-a6ba526142e6,38,8c4ef750c82c0a4047d757d78e59bc8dfc88e79e60950316fd42b095e841e636
IMG_1022_JPG.rf.cd75ee84469cab325cb949b628a095ab.txt,02f5e6e9-464e-4c35-beb2-a6ba526142e6,38,8c4ef750c82c0a4047d757d78e59bc8dfc88e79e60950316fd42b095e841e636
IMG_1024_JPG.rf.6a01932c69389141e680c048c52009ef.txt,02f5e6e9-464e-4c35-beb2-a6ba526142e6,38,8c4ef750c82c0a4047d757d78e59bc8dfc88e79e60950316fd42b095e841e636
IMG_1024_JPG.rf.9b88509ff50e9ab40bd0cfcd6e31bf13.txt,02f5e6e9-464e-4c35-beb2-a6ba526142e6,38,8695fa4649ddc5c16d5b3a6f37d6c8be8671391e23ba79d21415eb2501dca1aa
IMG_1024_JPG.rf.cbbcf2953f94a1878e1686c4f914e9b8.txt,02f5e6e9-464e-4c35-beb2-a6ba526142e6,38,8c4ef750c82c0a4047d757d78e59bc8dfc88e79e60950316fd42b095e841e636
IMG_1028_JPG.rf.66155ddf79e97ea11c22e65c2acb8a74.txt,02f5e6e9-464e-4c35-beb2-a6ba526142e6,153,a6b4e401314cc392eb0ecc67d2d5efed264f509724d0447402ee325202fdcc84
IMG_1028_JPG.rf.d945200d596f96d0cc2750cb907135bd.txt,02f5e6e9-464e-4c35-beb2-a6ba526142e6,169,4344c6564658a497139364d8031a8475014581748ded5f675913a38205410758
IMG_1028_JPG.rf.dd9a38f624de45ce3a6393e80790cd64.txt,02f5e6e9-464e-4c35-beb2-a6ba526142e6,153,6473fa84b5add6fa2e9d2861eb3e995015127f797f6647e0fb1acbf02fd2fa58
IMG_1029_JPG.rf.06f68e9b31c9e495b6cea9ac81b1a254.txt,02f5e6e9-464e-4c35-beb2-a6ba526142e6,172,bfce0e6e579195438471b42c0da587f869938cdd8a28ea3e1f718f9c3e9c69df
IMG_1029_JPG.rf.27891468438f722f61825c43f7a5c628.txt,02f5e6e9-464e-4c35-beb2-a6ba526142e6,156,c23c38c00764b314d518637f37ed703198f735a9621a36a9a416b25fb0bf3c51
IMG_1029_JPG.rf.a7471ada98567ac751c5e3488acb6c11.txt,02f5e6e9-464e-4c35-beb2-a6ba526142e6,156,a8f8da69bc21de433e6544028838b9c6dd53688fbfecb96a38fbabde4c617923
IMG_1035_JPG.rf.bf040b7727126b741c84da0604ddb6e0.txt,02f5e6e9-464e-4c35-beb2-a6ba526142e6,85,537e69cf37cd21be0718467ae347f5ff018920ad6c2eb8c37104bb6fa18380d4
IMG_1035_JPG.rf.f03d3315c10fe524132aa65f9a9f0405.txt,02f5e6e9-464e-4c35-beb2-a6ba526142e6,88,7bd99a0822615b1a1d5e1a152f34bfd7b4467ab787392767e845cbbc2e180232
IMG_1035_JPG.rf.f1b199d99b62ece6b5324d0825c60f00.txt,02f5e6e9-464e-4c35-beb2-a6ba526142e6,85,a2ddf4cb837157ca6bb428fdc0e3a4676d05250e31ed7ce961e703da70a914f7
IMG_1036_JPG.rf.7ec6edad8f98aaceb66a71abc2b89946.txt,02f5e6e9-464e-4c35-beb2-a6ba526142e6,82,ef1c26f639d36d9c169139c70519e104ffe74dd271f443177fc193d5e664e947
IMG_1036_JPG.rf.8059bec5001286b156394fee4b780d14.txt,02f5e6e9-464e-4c35-beb2-a6ba526142e6,79,560ab36a19a4018fc35ccf1b3332acc4581d4ff2af21fba63e95fc2b122f726b
IMG_1036_JPG.rf.fdfc53bf6c1f1132e8aa418528809c09.txt,02f5e6e9-464e-4c35-beb2-a6ba526142e6,79,b6802a45169e57f975a2d19fbda3a6ff68a26013a290c8c1d14da3919ab6676f
IMG_1037_JPG.rf.1e64b531c5cc26486bbc060a3ffb86a1.txt,02f5e6e9-464e-4c35-beb2-a6ba526142e6,35,b8f064f2e0431aaacce75137e712a83d2190aff3573b67b72426c8988433a921
IMG_1037_JPG.rf.572949d04822a907ffa1c53687720bbf.txt,02f5e6e9-464e-4c35-beb2-a6ba526142e6,42,dfe5d264f8c6c07516806a2919681791269118a8533c73df65587d8d6049e81e
IMG_1037_JPG.rf.71280c22a60029563d03fdc38b32566c.txt,02f5e6e9-464e-4c35-beb2-a6ba526142e6,35,8ee050adf18e2736c39485b597d928732ef17461c4e64733f4e2158d6bf24859
IMG_1038_JPG.rf.90ba10a3e544efcdb78ee0dd94dc07d9.txt,02f5e6e9-464e-4c35-beb2-a6ba526142e6,42,dfe5d264f8c6c07516806a2919681791269118a8533c73df65587d8d6049e81e
IMG_1038_JPG.rf.ab933f2330f04bdc50bbd1388633080d.txt,02f5e6e9-464e-4c35-beb2-a6ba526142e6,35,b8f064f2e0431aaacce75137e712a83d2190aff3573b67b72426c8988433a921
IMG_1038_JPG.rf.e781382c688e9c17e4436801c5606fe9.txt,02f5e6e9-464e-4c35-beb2-a6ba526142e6,35,dcaf18aa86b16b57bb7916bf29cedaac61e05fe2df6f107513ddcc698af6020b
IMG_1040_JPG.rf.01edacd20134406552117383a55d7801.txt,02f5e6e9-464e-4c35-beb2-a6ba526142e6,35,dcaf18aa86b16b57bb7916bf29cedaac61e05fe2df6f107513ddcc698af6020b
IMG_1040_JPG.rf.97a17120ea4bc545f91add7015700301.txt,02f5e6e9-464e-4c35-beb2-a6ba526142e6,42,dfe5d264f8c6c07516806a2919681791269118a8533c73df65587d8d6049e81e
IMG_1040_JPG.rf.9ac459ad10b870e3a0a84967fbca85a9.txt,02f5e6e9-464e-4c35-beb2-a6ba526142e6,35,8ee050adf18e2736c39485b597d928732ef17461c4e64733f4e2158d6bf24859
IMG_1041_JPG.rf.410046697c6f82dc0b03386601f5386a.txt,02f5e6e9-464e-4c35-beb2-a6ba526142e6,42,dfe5d264f8c6c07516806a2919681791269118a8533c73df65587d8d6049e81e
IMG_1041_JPG.rf.56717d015684b61cdd6f75c1b46427be.txt,02f5e6e9-464e-4c35-beb2-a6ba526142e6,35,b8f064f2e0431aaacce75137e712a83d2190aff3573b67b72426c8988433a921
IMG_1041_JPG.rf.782793b46ff7ed73251ac63ef5384273.txt,02f5e6e9-464e-4c35-beb2-a6ba526142e6,35,dcaf18aa86b16b57bb7916bf29cedaac61e05fe2df6f107513ddcc698af6020b
IMG_1042_JPG.rf.0fe404764e280f222ff5299bff278f83.txt,02f5e6e9-464e-4c35-beb2-a6ba526142e6,36,e8c845a52b98fe0d3d20df4d79361a60aa5b501f64adf859a8d5e3d0d3dadc8c
IMG_1042_JPG.rf.3e23fbd5c5f0619956fb46ac77d8743e.txt,02f5e6e9-464e-4c35-beb2-a6ba526142e6,36,ec81f82e0f6c145bc5e71db1e165277252286ef26fd863598e800201b88f18ab
IMG_1042_JPG.rf.79b903026633ca7e989ebe7c08a58836.txt,02f5e6e9-464e-4c35-beb2-a6ba526142e6,43,eb8e42125b6287f1553d28aa34aa25a8e24184b8b35487c36bc1997c57e0c57e
IMG_1043_JPG.rf.d1ce34625efcf6810cc0d8b95a8d93ce.txt,02f5e6e9-464e-4c35-beb2-a6ba526142e6,42,bc44e3f1edda9e38a099192be6e5449ed1dec50d3ba4824da312d21b452b3feb
IMG_1043_JPG.rf.df8a34aeec77a2ebe1f91feead0d6288.txt,02f5e6e9-464e-4c35-beb2-a6ba526142e6,42,012a3fa8bed06d8bb426b576946b028ba32f06f98640e5f9a1afa485339007e8
IMG_1043_JPG.rf.e2b56bedaa8196721caa43915949b3b3.txt,02f5e6e9-464e-4c35-beb2-a6ba526142e6,44,8b9657aeb9a2cfac2bd4699535e9c1a2b793aac8c02f42bf1b1076a909d5811d
IMG_1047_JPG.rf.35eafc527857b7098875b234bbf4b3a1.txt,02f5e6e9-464e-4c35-beb2-a6ba526142e6,42,e4a2acd0098adad17e8582435a15938720da669e8bcc2b201db4a21cfae7889c
IMG_1047_JPG.rf.efbb325068bd5d1c70a70a0a166db469.txt,02f5e6e9-464e-4c35-beb2-a6ba526142e6,42,6d39339d358394fea428a3042d5ac61b4ef5e8533af130f8cd74b505d66ddd98
IMG_1051_JPG.rf.22c2e2f0f76ddbbf550b7b476e857ba5.txt,02f5e6e9-464e-4c35-beb2-a6ba526142e6,120,0c4d820cc0419ccaf469e484286ba0f4d4a361fc87555001e0628d64e3cbbf10
IMG_1051_JPG.rf.b226d80c040dd94aa56c22152b9342ae.txt,02f5e6e9-464e-4c35-beb2-a6ba526142e6,128,4c8f72d0e54f23927f4058e03c4e4341aed7645b58736f2a7d08a11ec8c914dd
IMG_1058_JPG.rf.11a429743b8ce9c319959de79ed32fd5.txt,02f5e6e9-464e-4c35-beb2-a6ba526142e6,155,e9daaedbce7b7fb235b522314b10f2305c9047c3b8214217542d7c1aef12ec5e
IMG_1058_JPG.rf.458904da4dee818bb5b38a1138410b52.txt,02f5e6e9-464e-4c35-beb2-a6ba526142e6,155,de7acf83c9169dd22476f38e1a22e605e5f82ebba582c64816ced2ab46565873
IMG_1058_JPG.rf.b58eff6d2f594849792322e581356192.txt,02f5e6e9-464e-4c35-beb2-a6ba526142e6,166,75afd6ba90b438906c1e46b2f943de9d1d6fe32060d71ac0f4859b4f5508e964
IMG_1062_JPG.rf.301051c0eaffbb5962a496f83bc3cc71.txt,02f5e6e9-464e-4c35-beb2-a6ba526142e6,38,1e6365a456aa2e21c26ade05b4f2d61aab2e59b0aae1a5569da238533f4a0ab4
IMG_1062_JPG.rf.7e6140add26165e669bd54628cc2e132.txt,02f5e6e9-464e-4c35-beb2-a6ba526142e6,36,dbfea4a528817dc31a3b8067c086141754f574f896127ad86f0bdc6640a7a49f
IMG_1062_JPG.rf.94134830da09f49c4a66c8a5c7433bbd.txt,02f5e6e9-464e-4c35-beb2-a6ba526142e6,36,7d4c20ac7cb31ab4355acfaead7ad78f6fa009733f8341898ec5cf47fe480db4
IMG_1063_JPG.rf.952e27121bfbce383eec5c2e15af2abd.txt,02f5e6e9-464e-4c35-beb2-a6ba526142e6,39,1b054ee3b9070f7e7ef2fbfb7e3f1907a450b656ac2cc64e42449e75d5b50a8f
IMG_1063_JPG.rf.c9824311f7ae0b8a50b3583e1c364f3e.txt,02f5e6e9-464e-4c35-beb2-a6ba526142e6,37,61e326ed07f544b152b0aad42ca17afea56707fd1168fd39e87b4d0491dc0104
IMG_1063_JPG.rf.daf50d91337de7d7578af79a9ea964cf.txt,02f5e6e9-464e-4c35-beb2-a6ba526142e6,37,bafb4bfc21e604895310840e01de77a922bbedcb48fa536a7a6e6d57ffce2abf
IMG_1065_JPG.rf.0a6f2b94267569cae467d74f8fbf06eb.txt,02f5e6e9-464e-4c35-beb2-a6ba526142e6,34,081b74d153359b4aad3e386f757d85bb01c36d95f56010f6232a2ee4df285205
IMG_1065_JPG.rf.c13ad14454fcaa3c76f0ef8e442a7aef.txt,02f5e6e9-464e-4c35-beb2-a6ba526142e6,36,83d562c8f06aa7ffab602ce60429e29838617249ad612a4c733805e67e8fd989
IMG_1068_JPG.rf.6dbe1835d47f5e04ed6d01549438fd44.txt,02f5e6e9-464e-4c35-beb2-a6ba526142e6,35,3eb5c50d25e7963512ec31a1ebaf33e07a2224c3f2eeb846b40d34097d957737
IMG_1068_JPG.rf.e4e1fe190e8eeb75e9be5936448d5dfa.txt,02f5e6e9-464e-4c35-beb2-a6ba526142e6,44,134560586dc77397f794559e0b9f33f66fc1a0bf9d7f56e8626f366ee9416f52
IMG_1068_JPG.rf.f95296b0e992d61121551b4f73e6e6f5.txt,02f5e6e9-464e-4c35-beb2-a6ba526142e6,35,9f0d9a0c71eb89c38ccfccb8d34ea29bc795152cb73dec2ae76cb9b9ec495471
IMG_1073_JPG.rf.0ad3e4b7efefdbeb99afbf179962d25d.txt,02f5e6e9-464e-4c35-beb2-a6ba526142e6,151,4de814ba6ac55b132c6fe048b68d18101a34714cae3f97e358d557910f855c25
IMG_1073_JPG.rf.868dfb20b314e6c4d2b304581de85b1e.txt,02f5e6e9-464e-4c35-beb2-a6ba526142e6,162,5db5d981cfad572a2816d6751991aae169f2bdb4796aee4602f7554b83bf7e66
IMG_1074_JPG.rf.41ef308ef8dffcb18bb0a625a88475b5.txt,02f5e6e9-464e-4c35-beb2-a6ba526142e6,116,08dde6822e4cebe8f12e9af269614382d536d44dc3a7963b55221e0381445aad
IMG_1074_JPG.rf.ad9022b0ad6abdd6d3f143a07412a6d5.txt,02f5e6e9-464e-4c35-beb2-a6ba526142e6,121,4f5c2131e5a08e6d80d6a58b0350c2a221b3c4de1874267fb094e2a0ba0ee64f
IMG_1074_JPG.rf.ff9a722e257f1bb59e6deb7536cab197.txt,02f5e6e9-464e-4c35-beb2-a6ba526142e6,116,4d33aa79354b5879f5ed36fcddc0852f42026661d68106ab0fbaf22d27b4d15a
IMG_1078_JPG.rf.447617061a88cbdfa59ebbdc2bc0b00e.txt,02f5e6e9-464e-4c35-beb2-a6ba526142e6,109,3e0ce61a1ea44e6e54803cb3fbf2714d48f8048ab808eac743d18686c49e1437
IMG_1078_JPG.rf.722e8cae644b48fd438a5238c5787b6c.txt,02f5e6e9-464e-4c35-beb2-a6ba526142e6,109,988632d9b068da1b05aeb5ce56e46aff8e11ece337b80c795a85ac1c617af4d3
IMG_1078_JPG.rf.c33be9d5f8c0ab8af5057d41a532e4ed.txt,02f5e6e9-464e-4c35-beb2-a6ba526142e6,121,ff9ccd8a166166907c537fcb824f2eaa4dcdcc125f59082108c2f61be0c2e3a6
IMG_1079_JPG.rf.18780d98d7f93d5a358ded5a736f69da.txt,02f5e6e9-464e-4c35-beb2-a6ba526142e6,129,f7dd4a234457b6a60737429cb12c5a21a9dfeee369dd86c47da250e7adba6d2b
IMG_1079_JPG.rf.b38da943056c5dbe360747ec65e4313d.txt,02f5e6e9-464e-4c35-beb2-a6ba526142e6,117,d627f53c2db3cc27e52d27991d553363ec67236d4d245181c0b569f82bc18238
IMG_1079_JPG.rf.c70610b9fe42220ceb94f6fd6448329d.txt,02f5e6e9-464e-4c35-beb2-a6ba526142e6,117,bd1aab90dc57cdbe7edb9f4984d558ba8339da9862ee7719ae19331d61034d6d
IMG_1080_JPG.rf.54acaab132d4b1e4709954d8d723f72b.txt,02f5e6e9-464e-4c35-beb2-a6ba526142e6,112,1c1910e9ff9281931536fa34368be12a08c57e1e6ce1d4bd4d5d02c29406ca46
IMG_1080_JPG.rf.ed84758f8301480fd7d5a03870e58181.txt,02f5e6e9-464e-4c35-beb2-a6ba526142e6,124,17d2864444fdc0b19c6ca372ab57390d950f21b5d2c3c3a34fe8bbc41f5b2a76
IMG_1082_JPG.rf.5fa5d54fbd0bd81b6d7fb870c39ad7dc.txt,02f5e6e9-464e-4c35-beb2-a6ba526142e6,116,d24d7d1201d3c078c12c11ca3f1311313ea5c881b4632f742d18425df8589932
IMG_1082_JPG.rf.747d2246e48c2b90616e8631be00ada4.txt,02f5e6e9-464e-4c35-beb2-a6ba526142e6,129,36e80ef01aebc76dced7fe8ea8a7dca56ee287ad64e5612d9cc6cf72fcb6e5c8
IMG_1082_JPG.rf.c8521b94ae1af8c7fcd5c88344b1ed48.txt,02f5e6e9-464e-4c35-beb2-a6ba526142e6,116,8694d2087630bf879f7c85dad98b90057850373f39e05517acf95a77c18d4ce8
IMG_1083_JPG.rf.29e364688aaf9af5c26f492d42362f42.txt,02f5e6e9-464e-4c35-beb2-a6ba526142e6,44,b361ba16c833fafcb044a29724eec72a3e95cc312074d48bd7a0176156469355
IMG_1083_JPG.rf.698519295155d5a6dbdf7eae056ce534.txt,02f5e6e9-464e-4c35-beb2-a6ba526142e6,41,081e2cc256a634d411f994b43063f267dafc8e978f58252530c9be94dedf5a63
IMG_1083_JPG.rf.e68efa10c7ae89c7ac4e773682f49ca6.txt,02f5e6e9-464e-4c35-beb2-a6ba526142e6,41,49d96f12f16bc5ae6e173ca92a3321ffc400d840b4191712e9aa0d41a1285309
IMG_1084_JPG.rf.507ca3ebe331157f616f64341490de87.txt,02f5e6e9-464e-4c35-beb2-a6ba526142e6,42,51a3f4ebc7d9e52aec5ad7e9ce349d07221a31f9b9a03fe80b2d19e8a9db7102
IMG_1084_JPG.rf.adcd87af127a6e904823ec4d28a78d5e.txt,02f5e6e9-464e-4c35-beb2-a6ba526142e6,39,b26d9c38948f75810234be5d6eb3483900f05569eb47e04c7923d892bd2741d8
IMG_1085_JPG.rf.58926b82ec72fe8345144ea0826790d8.txt,02f5e6e9-464e-4c35-beb2-a6ba526142e6,43,b74c4da2ad6b4424fae3b1ded26174ab2a0a857baa1b4a4ddee67e0ea615dcd4
IMG_1085_JPG.rf.98528d34bb153d225df652fa1404b30c.txt,02f5e6e9-464e-4c35-beb2-a6ba526142e6,37,1953c10b7159bbb2fe3ec04c5b1e1c9cb4430d27385a142a00032a42a6938e59
IMG_1085_JPG.rf.e2584ac73223ebcc8d5c1d7035bb50d3.txt,02f5e6e9-464e-4c35-beb2-a6ba526142e6,37,c63ded7472084f35a553f70d8f90918d8e7eef2be1a7c780a512b83491419360
IMG_1096_JPG.rf.077c94b63cec7e81848c0e248865611e.txt,02f5e6e9-464e-4c35-beb2-a6ba526142e6,41,79ffb5685a4e6372140069c8d0874eee3ed7bcfd06494402ad3e889eebb5ce14
IMG_1096_JPG.rf.7fc385ce471306691de6d4ffeddacfcd.txt,02f5e6e9-464e-4c35-beb2-a6ba526142e6,37,8bca472edb00d5eb1aaaeada9f86cb2c3f2c9898f29788ef5b158b6a17989a7d
IMG_1097_JPG.rf.0ca46c6e9ad67f007b7248482f16df59.txt,02f5e6e9-464e-4c35-beb2-a6ba526142e6,38,34bb181c6785a8619e3630d43e5768801a783da6d1beb30fa5ca0431bcd95dff
IMG_1097_JPG.rf.5c05632aae606d726b040e6c500d82d7.txt,02f5e6e9-464e-4c35-beb2-a6ba526142e6,44,6a21120f856d8e6bdf7eb861a623c37d2c14d7e4b107f00af442d2b906f9200c
IMG_1097_JPG.rf.9d9485dea7192110f4f9e86431579360.txt,02f5e6e9-464e-4c35-beb2-a6ba526142e6,38,c6edc8ea2fcae2a024e43a76e6e005b803dc194a74206c1bc7280b13188bb326
IMG_1098_JPG.rf.acab5f5580344f145a0a2cd9140f225f.txt,02f5e6e9-464e-4c35-beb2-a6ba526142e6,38,35a3413fb68c0aa5e5e1cd319a294d88888056046eeb4253bb6b4e1d9d5d7ae0
IMG_1098_JPG.rf.e3f17e8a1ee0771831ec1adbd9a13164.txt,02f5e6e9-464e-4c35-beb2-a6ba526142e6,38,f2b8e270d1dee2126e87e9fedb040207297d1420b600a883bbd368a47680fd44
IMG_1098_JPG.rf.ef65e2ced6d6fd827a9a0b515c49a3a3.txt,02f5e6e9-464e-4c35-beb2-a6ba526142e6,42,38cf0b076176e7d0edbf00923baf07d9ef669b556f9ed0c1bf92bf22b81e7347
IMG_1102_JPG.rf.5c74f7c28ac827b1f1309437f00a25ad.txt,02f5e6e9-464e-4c35-beb2-a6ba526142e6,203,e25fba5c17c526302b32a77005fa996b1ad3a881a0ec47d2207444956c56f811
IMG_1102_JPG.rf.730cc214109d194550ccfee97f492765.txt,02f5e6e9-464e-4c35-beb2-a6ba526142e6,186,71b75d1d58e567acfcb39e5b96ffb3bfff71ad97051908a44db54f8734f6d1a7
IMG_1102_JPG.rf.a2f04723dcf73c5e2358e214a9b31d6e.txt,02f5e6e9-464e-4c35-beb2-a6ba526142e6,186,1a43f3230ccf1f91bdad8b6f94e5fbe917068ad1ad0dccc83195115e1b039465
IMG_1109_JPG.rf.2f253b88a532a733c03f64c23a71b404.txt,02f5e6e9-464e-4c35-beb2-a6ba526142e6,129,b82707036642706292bd4da70c01402ef0fcf47693c0e6d781c11fccaf926ddb
IMG_1109_JPG.rf.3676c2555f36795a10f3c458ace74439.txt,02f5e6e9-464e-4c35-beb2-a6ba526142e6,123,0d7c5de8b498574b0f66f41396a6a1134af605578fae89ebdeb022c9ef804add
IMG_1109_JPG.rf.e57462bf92378b310e7b4661e173ebbb.txt,02f5e6e9-464e-4c35-beb2-a6ba526142e6,123,37abfb7124feb19e782159f1553f54d3216b97b6a1177c01cd9f0e8724dc27c2
IMG_1114_JPG.rf.3f77e0f0d99754c72480d55594cd58eb.txt,02f5e6e9-464e-4c35-beb2-a6ba526142e6,39,0780cf4841230dc773f66567b6e4f41d8d5dd721583c0ce72e50fb1ef742b66b
IMG_1114_JPG.rf.5b48bee830f1d2156e186e84b57db7f2.txt,02f5e6e9-464e-4c35-beb2-a6ba526142e6,39,c70545fcb7d460d3ecb58bb2fcf1ddbafcaa9a5cea40b7f29358820ccb5a5c09
IMG_1114_JPG.rf.e3d072bd92c56f114c48f460c38ac12b.txt,02f5e6e9-464e-4c35-beb2-a6ba526142e6,42,55a7d1ba24672e42d2509be9ee97a610bbc980941bd2145a4077909bfcef1082
IMG_1116_JPG.rf.5f45c57c6ce1a7b6faf8a6aed12c8674.txt,02f5e6e9-464e-4c35-beb2-a6ba526142e6,31,44dacc80866715075476b943ecc53af948b2e263778abbb9c5cc70f8da3a1c35
IMG_1116_JPG.rf.90a7a572f53eaa4e65a552d7a1aa2704.txt,02f5e6e9-464e-4c35-beb2-a6ba526142e6,34,0d903601f1444388e21e86e7ee0879d04d4fa3eab4ec236ae83fb3ebe8b8ac63
IMG_1120_JPG.rf.2d26256ede248df69d8e155e49915f78.txt,02f5e6e9-464e-4c35-beb2-a6ba526142e6,38,8dec13202c3b7ca1c8b6e19bfd48fc560760cd36195914cea3683f70ab876d3c
IMG_1120_JPG.rf.891d184b4b6422105c4783d894de778a.txt,02f5e6e9-464e-4c35-beb2-a6ba526142e6,36,bf0adb208b99a20c619118a5f878f0df3444a524d0a90814683dc3e70a4bcc7b
IMG_1121_JPG.rf.857dfe22801a367969983a200e20da97.txt,02f5e6e9-464e-4c35-beb2-a6ba526142e6,34,8ef487cc4a7e79833f1cd2a3429089fc381b435a036140764d63f6a421e86004
IMG_1121_JPG.rf.b1d019d63c4eb3f01ed226c99afac42f.txt,02f5e6e9-464e-4c35-beb2-a6ba526142e6,34,0b31eaa771c1030f806cf0bef47d653970ea9548f20cac7340da1cd40bb54e19
IMG_1121_JPG.rf.d51343ed1434e221b63da32ba29ecfa3.txt,02f5e6e9-464e-4c35-beb2-a6ba526142e6,36,a08dc16bdab67b6e6449418f6b8473474cd8c4991f21908f768d423e7eabb0f4
IMG_1122_JPG.rf.0b2df2bdd8f200a35f3c8f5ddeb41363.txt,02f5e6e9-464e-4c35-beb2-a6ba526142e6,40,c0468ea4969be50265f3fa529a1e65e0d823a6c24f453e51c17a2431aad57ba0
IMG_1122_JPG.rf.d1ca3c537e116fd2aec0ecd38563a39b.txt,02f5e6e9-464e-4c35-beb2-a6ba526142e6,38,487eb2a5199d6367c1549e3e2fa62f4e685250ded454f3545094815660350d23
IMG_1122_JPG.rf.ede555ee580e84652ff679142663bdd5.txt,02f5e6e9-464e-4c35-beb2-a6ba526142e6,38,cfb22ca2a4b7c51efbb243335899763ed5addc772e88ab19728887dd1a1ad2d3
IMG_1126_JPG.rf.526d8ffabeae16919be6636c205e1919.txt,02f5e6e9-464e-4c35-beb2-a6ba526142e6,205,2abd0c4a738b273aecd74e65520f981b9424a7f3d7447117ca2904b1fe09170a
IMG_1126_JPG.rf.8087105a7f25dd6348288f42ef101ad5.txt,02f5e6e9-464e-4c35-beb2-a6ba526142e6,189,7011cad5e00211dbed67a8a21a7f790a76eb3fd102235de04ce0e93e33ad3cf1
IMG_1126_JPG.rf.c261c803b1950b005a8de1951ee85d2a.txt,02f5e6e9-464e-4c35-beb2-a6ba526142e6,189,5e330a8b347cfb5dde084e368b660ea87bfb8233c3118fd30c6a10d8350f1dbd
IMG_1130_JPG.rf.d882c4e9d11cda61c178d5311b901af6.txt,02f5e6e9-464e-4c35-beb2-a6ba526142e6,34,1b013d4cf13fe19d5ac2f828b41e5e41d84f50814d21664fab9976957552c622
IMG_1130_JPG.rf.de9672a38e6b1eb23c16f8e007163e7e.txt,02f5e6e9-464e-4c35-beb2-a6ba526142e6,44,842570cf4db7b422fe99c2b4ef31d8a1e4f7d68a3aac25b19680ee867e506510
IMG_1130_JPG.rf.e7f6e3d14e98877106e48987550037af.txt,02f5e6e9-464e-4c35-beb2-a6ba526142e6,34,2d6c5429aae8e345ef25ae876e853477331df22699140cc1a422db6b7a3cdffd
IMG_1131_JPG.rf.35fb34292269476c35a8f26e8487352c.txt,02f5e6e9-464e-4c35-beb2-a6ba526142e6,33,48099331f98b0c5682d83eeec0abccaf45fc0e8efb2aa7261b3aaf64fd8dc7c2
IMG_1131_JPG.rf.7682e049b6fb08419db3f0eaf21b4d7d.txt,02f5e6e9-464e-4c35-beb2-a6ba526142e6,33,71848a3d81f250fc29ca196df8cf88c568333ad5abf39a6b4705a09444034318
IMG_1131_JPG.rf.b2ea380ff49682e021988fb9748ffb57.txt,02f5e6e9-464e-4c35-beb2-a6ba526142e6,43,9443f62898f95ff5aa9ce5bec00dc9b4b9270658bbacc5f0a8997675d1976b89
IMG_1132_JPG.rf.3f0aa1d93c7895617156534d58e91cbf.txt,02f5e6e9-464e-4c35-beb2-a6ba526142e6,33,8c4be54ea7fd34d89284f37cd3bdd93365beb2ecb70413752948763b5d3e5719
IMG_1132_JPG.rf.89ea59b3080c6452265eb772c56308ab.txt,02f5e6e9-464e-4c35-beb2-a6ba526142e6,33,71848a3d81f250fc29ca196df8cf88c568333ad5abf39a6b4705a09444034318
IMG_1132_JPG.rf.91142817d818680a42663f64f8d6b810.txt,02f5e6e9-464e-4c35-beb2-a6ba526142e6,43,9443f62898f95ff5aa9ce5bec00dc9b4b9270658bbacc5f0a8997675d1976b89
IMG_1133_JPG.rf.303eeffa4397b6e6a6e09384865c5909.txt,02f5e6e9-464e-4c35-beb2-a6ba526142e6,33,8c4be54ea7fd34d89284f37cd3bdd93365beb2ecb70413752948763b5d3e5719
IMG_1133_JPG.rf.a3ced79a1ccb3a3dacc3d628f140cdbb.txt,02f5e6e9-464e-4c35-beb2-a6ba526142e6,43,9443f62898f95ff5aa9ce5bec00dc9b4b9270658bbacc5f0a8997675d1976b89
IMG_1133_JPG.rf.b824f615193dbd1c7ed358d32707aef6.txt,02f5e6e9-464e-4c35-beb2-a6ba526142e6,33,48099331f98b0c5682d83eeec0abccaf45fc0e8efb2aa7261b3aaf64fd8dc7c2
IMG_1134_JPG.rf.1f850d3778d589fe8d13963e543190f8.txt,02f5e6e9-464e-4c35-beb2-a6ba526142e6,39,25f633035c5e090eb7722be6bd27378ddaa2e52e4610cc4c7aef178948279fe4
IMG_1134_JPG.rf.c520e5eba4930971f97e5b004adb947c.txt,02f5e6e9-464e-4c35-beb2-a6ba526142e6,39,25f633035c5e090eb7722be6bd27378ddaa2e52e4610cc4c7aef178948279fe4
IMG_1134_JPG.rf.fb9382b2f69f79256ac55b19e2a3b0e4.txt,02f5e6e9-464e-4c35-beb2-a6ba526142e6,39,91d7d6335972a0ab0fe217ab85814128d9f4fc729ad383798c6fb87505837566
IMG_1136_JPG.rf.4296ee2365485c27b38f2aa3e9ee3fdc.txt,02f5e6e9-464e-4c35-beb2-a6ba526142e6,194,040571986bec2f43a02469ca611e05a82ed337747a5a743bb862cce146203417
IMG_1136_JPG.rf.511dfaa94f77f2324c8d291bc28ad9f7.txt,02f5e6e9-464e-4c35-beb2-a6ba526142e6,194,d9de2cced5398c15f05b942bee047ca21879cac8bee7ffad3413743f4c29eb55
IMG_1136_JPG.rf.a4763c8844c848113f6f540de0beeb13.txt,02f5e6e9-464e-4c35-beb2-a6ba526142e6,202,21356b6438895d82d32952e6ca9011c3489894fec093dc3e77b7108b1cbda689
IMG_1137_JPG.rf.6976f7b4bd7fec8cd3a8511ba2342bef.txt,02f5e6e9-464e-4c35-beb2-a6ba526142e6,199,0508170f6424a7c3d7c6f5d4553986b726546c89c6ac3e8d1e1f52b0b6daf78b
IMG_1137_JPG.rf.dfd716532fd8691491953c58ea862dfa.txt,02f5e6e9-464e-4c35-beb2-a6ba526142e6,199,89bbb08d838264089b47059bbc7ced689b6efcdf7fa8f48983e6a33e91b295b7
IMG_1137_JPG.rf.f1f61437e6628c410725a19e4c9f2d0c.txt,02f5e6e9-464e-4c35-beb2-a6ba526142e6,207,6bc67dfc369069537a60715134100be35a0f1be06c399fbc783b36d22f39e629
IMG_1139_JPG.rf.66395e7bc8552854880c3c25f1f88c00.txt,02f5e6e9-464e-4c35-beb2-a6ba526142e6,39,20ff8cf60a2024abc915ab94c70c824f41ce959076281642217759113f87703d
IMG_1139_JPG.rf.da635b9b09417175d7e19714ff4c51b8.txt,02f5e6e9-464e-4c35-beb2-a6ba526142e6,39,f03acf26496ff8cffaac164fd37847891f8d4ba74d1f8e845c0e77b63b71d5c8
IMG_1139_JPG.rf.ffb47cc57fab0619db60d20824d2090a.txt,02f5e6e9-464e-4c35-beb2-a6ba526142e6,39,f03acf26496ff8cffaac164fd37847891f8d4ba74d1f8e845c0e77b63b71d5c8
IMG_1140_JPG.rf.274846bc940b2127acaacdcf27d9ae57.txt,02f5e6e9-464e-4c35-beb2-a6ba526142e6,39,f03acf26496ff8cffaac164fd37847891f8d4ba74d1f8e845c0e77b63b71d5c8
IMG_1140_JPG.rf.4df4d43deacbce2103382c35ba303227.txt,02f5e6e9-464e-4c35-beb2-a6ba526142e6,39,20ff8cf60a2024abc915ab94c70c824f41ce959076281642217759113f87703d
IMG_1140_JPG.rf.a26576fcea783b813a111b48ca370cea.txt,02f5e6e9-464e-4c35-beb2-a6ba526142e6,39,cd708dda36573fa103e6bee60925a171e4135c1f57d7c740ad842d42a209ff78
IMG_1142_JPG.rf.0402067e84910120268d9fcdcf322865.txt,02f5e6e9-464e-4c35-beb2-a6ba526142e6,39,f03acf26496ff8cffaac164fd37847891f8d4ba74d1f8e845c0e77b63b71d5c8
IMG_1142_JPG.rf.a22e6fb479ae09fdf53c956a3ebf8853.txt,02f5e6e9-464e-4c35-beb2-a6ba526142e6,39,f03acf26496ff8cffaac164fd37847891f8d4ba74d1f8e845c0e77b63b71d5c8
IMG_1142_JPG.rf.beaaa5cc46a8478b33e842814aab932a.txt,02f5e6e9-464e-4c35-beb2-a6ba526142e6,39,cd708dda36573fa103e6bee60925a171e4135c1f57d7c740ad842d42a209ff78
IMG_1143_JPG.rf.442ad87beb4af16a5bab14e564ebfa71.txt,02f5e6e9-464e-4c35-beb2-a6ba526142e6,0,e3b0c44298fc1c149afbf4c8996fb92427ae41e4649b934ca495991b7852b855
IMG_1143_JPG.rf.d3c0fe5814db4b9e4a6f6ca868098975.txt,02f5e6e9-464e-4c35-beb2-a6ba526142e6,0,e3b0c44298fc1c149afbf4c8996fb92427ae41e4649b934ca495991b7852b855
IMG_1143_JPG.rf.edec57f7c3605d4a0617353852430c65.txt,02f5e6e9-464e-4c35-beb2-a6ba526142e6,0,e3b0c44298fc1c149afbf4c8996fb92427ae41e4649b934ca495991b7852b855
IMG_1144_JPG.rf.19f928f8fb236025b34272c7c88a692f.txt,02f5e6e9-464e-4c35-beb2-a6ba526142e6,0,e3b0c44298fc1c149afbf4c8996fb92427ae41e4649b934ca495991b7852b855
IMG_1144_JPG.rf.cf593a9ea28b37fb6b2239b78470ba98.txt,02f5e6e9-464e-4c35-beb2-a6ba526142e6,0,e3b0c44298fc1c149afbf4c8996fb92427ae41e4649b934ca495991b7852b855
IMG_1145_JPG.rf.a2e7b26f6780ba573c6f01ca1134b8f4.txt,02f5e6e9-464e-4c35-beb2-a6ba526142e6,0,e3b0c44298fc1c149afbf4c8996fb92427ae41e4649b934ca495991b7852b855
IMG_1145_JPG.rf.b317e1228ba5269ac96fe36162472300.txt,02f5e6e9-464e-4c35-beb2-a6ba526142e6,0,e3b0c44298fc1c149afbf4c8996fb92427ae41e4649b934ca495991b7852b855
IMG_1145_JPG.rf.eca52c7116c2054aae5416f4f5ead5dd.txt,02f5e6e9-464e-4c35-beb2-a6ba526142e6,0,e3b0c44298fc1c149afbf4c8996fb92427ae41e4649b934ca495991b7852b855
IMG_1146_JPG.rf.366b5c940ad039c03b0d13f37c58e2e4.txt,02f5e6e9-464e-4c35-beb2-a6ba526142e6,42,749dde7812ffe36a3287334b29b2d3f2e1013100fff1fe14bdba46cba3d9ad0c
IMG_1146_JPG.rf.69c1efadcbef34ab2a7f12bb2b27f97b.txt,02f5e6e9-464e-4c35-beb2-a6ba526142e6,40,5e9762bd7319443d66011be56a347ed413ecac6a3c05084c3a72abab64a4d344
IMG_1146_JPG.rf.9dc5c4b74cfca538b66cd41c398463d7.txt,02f5e6e9-464e-4c35-beb2-a6ba526142e6,40,28fc044d45ac13f09f41cb079d2ba94fbf37bd986e76fa430f7c678e3ee04276
IMG_1147_JPG.rf.510a5571095d3e748a2f81e855ecacaa.txt,02f5e6e9-464e-4c35-beb2-a6ba526142e6,37,db9ed0f89a0ffae8142b8c2e697dcb45d9b1e174c2e6b46caf2ff036b08e2139
IMG_1147_JPG.rf.e112abf59af43e0d38f214ee688049f2.txt,02f5e6e9-464e-4c35-beb2-a6ba526142e6,37,008c223d19956b7e8892a698323261ba30e84ad34ca20b17c345c56e62d13e74
IMG_1147_JPG.rf.fbab4d31ca1dc44bfebde603afa30d98.txt,02f5e6e9-464e-4c35-beb2-a6ba526142e6,39,e35d02d4e908e9676c4a4d0dfcf59b4e23345cfb6d85fd100f2e8955486eec5b
IMG_0219_JPG.rf.0f91e5b4e44afeae07563a0fbc9b2179.jpg,07a83ac5-5608-410e-afe4-8b71b033456e,34850,b850f61818bc3bb3b719b9620c746be6695d4f466c52beebf36c9ca9c6fb3225
IMG_0233_JPG.rf.77744b68664835add33d2c38a454aea2.jpg,07a83ac5-5608-410e-afe4-8b71b033456e,42104,f7bc4b1055fe609ccb52d4c341a4bc4d22b11e00d74a2db9912f8627506df845
IMG_0249_JPG.rf.15e848eeebf420b117ba3b353a978f2b.jpg,07a83ac5-5608-410e-afe4-8b71b033456e,45266,c0d0bbf8dabf63642e2dc4e76a15cab80b2f0c82e60024cea95adc5183460b08
IMG_0277_JPG.rf.052b438ebb322945b91bf16cc095b1e1.jpg,07a83ac5-5608-410e-afe4-8b71b033456e,39132,b8b84bddd17fbd9432aed231f449be4494ca4185c91167c1b651fcdbd5cab046
IMG_0281_JPG.rf.39d946d019e8b6936b3a1cce0626007a.jpg,07a83ac5-5608-410e-afe4-8b71b033456e,38275,61d210eea9926f93dea3f8e8e7acfd8231b20308c0c213c1a87c86edbd4f92d9
IMG_0288_JPG.rf.35b92d31ee99f4ba124a754789ca8fb2.jpg,07a83ac5-5608-410e-afe4-8b71b033456e,38271,d041f0084a30d42d7794d8d735dfa6db1f595e0b52ed9cffcf33a6380f9dc704
IMG_0299_JPG.rf.b9c9213ac93134d9dc50d9eb59b1cc09.jpg,07a83ac5-5608-410e-afe4-8b71b033456e,40877,29625363c3111accc63c53df98d7337c31ad04b3c74160fa381bd885b2ab6b3d
IMG_0300_JPG.rf.1c778812ccaeaa4319ffe8eb6d6673fb.jpg,07a83ac5-5608-410e-afe4-8b71b033456e,35932,3b72573cba3bef90bd1ccd47f02708dc9d9a64f5b4989dd2dcd72426185a13ec
IMG_0306_JPG.rf.e1186032a54a350bf207106efb7e70a4.jpg,07a83ac5-5608-410e-afe4-8b71b033456e,33352,8b723da416848345ebe7995897b7d530d13830357ff65f2c71f0188413967c3d
IMG_0337_JPG.rf.c8c4654140ef724e5331fce78d17c036.jpg,07a83ac5-5608-410e-afe4-8b71b033456e,36176,20315afef19b97156a8024b3fe815b727b6c09ad3c290c8d6a629431561652bc
IMG_0345_JPG.rf.95e769662b2f30eec1013148158de567.jpg,07a83ac5-5608-410e-afe4-8b71b033456e,39594,1de60d7a3269c5197c7b9880fcbe77ed411f48e88ec70687a624a41a1fec39b1
IMG_0349_JPG.rf.65cc213e17c4a443a7d00beab717587a.jpg,07a83ac5-5608-410e-afe4-8b71b033456e,30177,e7c1d7257a82e229bb550fd7d38901de21fbbc53de6602c89a31000b204bc63d
IMG_0359_JPG.rf.68dfd3e63b18d950509a7d8e2640af92.jpg,07a83ac5-5608-410e-afe4-8b71b033456e,37303,93f58810a139045eac05ae9266e2b5686db0c94229e62b14c5cce43284d3a4ef
IMG_0361_JPG.rf.75218b563e669662d7f5ee032600c15d.jpg,07a83ac5-5608-410e-afe4-8b71b033456e,36536,851b225695f9550045b2d85bc9e8a8d1e985fa37e68dc0dadd18f8390413e484
IMG_0363_JPG.rf.2b2bdcfc86e36ee43a07cc334a8446f0.jpg,07a83ac5-5608-410e-afe4-8b71b033456e,37255,a5a139ff080856d6f217f57abe334e9ae7547821281e04117170288393c6d7d9
IMG_0371_JPG.rf.41ca30f40cf3c02173badfcc24f3a173.jpg,07a83ac5-5608-410e-afe4-8b71b033456e,27054,672597299c0fc50d1a2588fcaabce3bc5bd60842c9269776794befdee9d71729
IMG_0554_JPG.rf.a13ab8a38801429af899803b13b7ff53.jpg,07a83ac5-5608-410e-afe4-8b71b033456e,23054,2552fb4ea0b26142560fe53d0525ddf536f81249c3dbbca37e4b0c2cee5ed149
IMG_0577_JPG.rf.b69dac7c134543abf85d598369d09bb2.jpg,07a83ac5-5608-410e-afe4-8b71b033456e,27667,bb9f1c51d3fa675a9d8782704e38cbb9612c57e98e9aecfce5d6cc30f84e8607
IMG_0580_JPG.rf.11bacd34b9740c6d99cebfa4557b7d9a.jpg,07a83ac5-5608-410e-afe4-8b71b033456e,25579,aeac097b64a99023d192437b879bf430a0c9111b84f4d48ca9974e7364205773
IMG_0581_JPG.rf.b01c5c2816aff6967b4a3a870b16a68f.jpg,07a83ac5-5608-410e-afe4-8b71b033456e,26535,f525aff3b5a6fc628e902dc5c5b117908bfd1b34f338b7dd6ce08ded729678af
IMG_0649_JPG.rf.cb50a88864370d34e70a4d66e8e3b641.jpg,07a83ac5-5608-410e-afe4-8b71b033456e,40783,8dc9615c74663536f350f58a60dc589f32fbfc449e9a9d12cc937ad4770d61fd
IMG_0882_JPG.rf.bbaee2eef08bdb77a49ad6d8b8601b00.jpg,07a83ac5-5608-410e-afe4-8b71b033456e,32089,0a9045aabcd40536482c3c8d1a3d87fcfcb958e740ab0b66847be1fb113765a4
IMG_1010_JPG.rf.4bf3d89caebaf76a2d9cda9ba6b1d79a.jpg,07a83ac5-5608-410e-afe4-8b71b033456e,28365,c4cf389f6fae8d72bf09d31f5f80cd8ce5969e12e0311f12b01895da3c0c30c9
IMG_1023_JPG.rf.fefe7cee1b7fd64f48c20bd52cba870a.jpg,07a83ac5-5608-410e-afe4-8b71b033456e,34253,f5969a57f7babc914e76fa2a96dfac508d32c0414c5b8ee05dc16e3e4cc04303
IMG_1081_JPG.rf.c103828c90a683717e142611bda66a6f.jpg,07a83ac5-5608-410e-afe4-8b71b033456e,32722,ae1a9c1cb8d907893f0b1215e8eb40e9e45415d9019814ad72509588a6cb54dd
IMG_1115_JPG.rf.691789ae65f2965a1e07b41bd8a296f7.jpg,07a83ac5-5608-410e-afe4-8b71b033456e,32076,4e4f234a3d4b1fbf3fda9a2db2cffdec93cc205530f418b6d757425074083c2f
IMG_1128_JPG.rf.698a7e8c147a77eb2261cfc0492886a8.jpg,07a83ac5-5608-410e-afe4-8b71b033456e,32085,b5247453cf3289d751e0d2bd3682fcaef9fa37e938f30780ec4c739b304f1630
IMG_1129_JPG.rf.2ec003145d9b27fc16e4e55192f2ea00.jpg,07a83ac5-5608-410e-afe4-8b71b033456e,28616,588891acdf8773b3332103114e5f4ce5aa410065bb1e88f957249e218855f195
IMG_1138_JPG.rf.06ae6751ecbf350c9c51889ec187d830.jpg,07a83ac5-5608-410e-afe4-8b71b033456e,34954,64a6440db7b4fb612886b6336443cb7e651600159c44e01149e08a27f40f89be
IMG_1141_JPG.rf.0e68a16c28d4f96a7e391406125d9a0c.jpg,07a83ac5-5608-410e-afe4-8b71b033456e,36865,42693773f9aac0f05f952eee475a6e9f6b52f45f0913e8cedad33d62c128173b
IMG_1150_JPG.rf.053a34c78f78bd702759abfc89eabba3.jpg,07a83ac5-5608-410e-afe4-8b71b033456e,28034,3760facbc2c75bd40514dceb2b263f8f0e81e2fdd14606e791dfb00bda1847ab
IMG_0212_JPG.rf.51914635c4edc78d8113f55562ad4804.jpg,65412cf2-544d-4f4d-b5c6-a541df6f1e20,32661,05b9e6c646544b9512fe78b6a4e57ae015e6f4b418931f8f4fc0df44a0e8f92d
IMG_0212_JPG.rf.579031819197f883b19e9babb83d9025.jpg,65412cf2-544d-4f4d-b5c6-a541df6f1e20,33883,0924a65f490cc0c771cf51e0ff7921ac9aa3fbe9c34c251d672f51ed3e5bb15b
IMG_0212_JPG.rf.f42cc0e81b831cebee582a08e14b90fe.jpg,65412cf2-544d-4f4d-b5c6-a541df6f1e20,33897,40a2018c183cbd38135c1835977ec177e548d20b9a1715aeea059893bb187e53
IMG_0213_JPG.rf.0bfb076abc88bfbe8d02563c5b8c7818.jpg,65412cf2-544d-4f4d-b5c6-a541df6f1e20,30000,32fc89c672db8d40e924c9fe260a37aa5492bd820880663d35a9bcdd43c43c81
IMG_0213_JPG.rf.518e07ed62486e8364044ec0cfed757b.jpg,65412cf2-544d-4f4d-b5c6-a541df6f1e20,29947,a095d252352a2026741a3aff6d9f059327cecf0a20d6bd4fc45853d73fc82fa1
IMG_0213_JPG.rf.ddb1c5cb2d452f87707ef662b77c0bf0.jpg,65412cf2-544d-4f4d-b5c6-a541df6f1e20,28956,ec8f0118e35d767c30ee268e4663fb7edbdea49275af0a68d80b180190c2f75d
IMG_0214_JPG.rf.273925a2c779c7caf049a418ce358ee9.jpg,65412cf2-544d-4f4d-b5c6-a541df6f1e20,27013,3a528e7fc345a574689eae5310d64a723194a6573b12782ba08a75feab8ed722
IMG_0214_JPG.rf.3a444be8de16fe5aa2c55ae6dc119a40.jpg,65412cf2-544d-4f4d-b5c6-a541df6f1e20,27013,3a528e7fc345a574689eae5310d64a723194a6573b12782ba08a75feab8ed722
IMG_0214_JPG.rf.400d9625971f98ccff2dc2e3ce7b2de2.jpg,65412cf2-544d-4f4d-b5c6-a541df6f1e20,27849,b7ceff8cce4bf4500764a7d6dca9d98b3635dbe270333ae4474bcffed719bda9
IMG_0216_JPG.rf.a996d2bc13830554e8c757b1a748d82a.jpg,65412cf2-544d-4f4d-b5c6-a541df6f1e20,34001,e25524fbcb0ed6034708656ab59e7eb1523821fa692cd8da033cf3aa23c20866
IMG_0216_JPG.rf.b00b2009d918b8b1b29d3d75d9ab77ed.jpg,65412cf2-544d-4f4d-b5c6-a541df6f1e20,35030,f4ed2642df6b53aba4cbc0e7aa17f001d6cc65e7d84326ebefe82648e382c523
IMG_0217_JPG.rf.05d0ce5af2d95fdc6ba50e34e14a4804.jpg,65412cf2-544d-4f4d-b5c6-a541df6f1e20,35525,49c30d8b47042040316b436d7fc94f3d9b94632342a1375abcd1a19dc86033bf
IMG_0217_JPG.rf.0c09e903026a97752192216b6f06d095.jpg,65412cf2-544d-4f4d-b5c6-a541df6f1e20,36378,07499a6780a5d7b24a3b76269fb16b9761b8359381c3ded20c7590d11d2fc68b
IMG_0217_JPG.rf.b412d9e69c7c0a96dd1981d4418f6a2f.jpg,65412cf2-544d-4f4d-b5c6-a541df6f1e20,36503,50cb315eebc1d3f6ab1e920f6cd888e7bd536e25b974ca96e357fdfa40ceab8b
IMG_0218_JPG.rf.12bcf5ed9088985538748db83d19ced9.jpg,65412cf2-544d-4f4d-b5c6-a541df6f1e20,37544,c42a7282be4cf023ee4872ee42325e7d9079d1a105a7327d6825051fa4e357e7
IMG_0218_JPG.rf.7fd3fae0ecceebf925d69dc8f95eba77.jpg,65412cf2-544d-4f4d-b5c6-a541df6f1e20,36416,c5a9a2eb30a81ab2255eeefc783f49c974a70c47278ba5fadf2d7442850d8019
IMG_0218_JPG.rf.e9737f5fe48b149eeec0222d21daeed2.jpg,65412cf2-544d-4f4d-b5c6-a541df6f1e20,36416,c5a9a2eb30a81ab2255eeefc783f49c974a70c47278ba5fadf2d7442850d8019
IMG_0220_JPG.rf.45123027e98e245eca96ee07db5c6fc9.jpg,65412cf2-544d-4f4d-b5c6-a541df6f1e20,30566,7f75debcfe41f3f1dfe3a01fc9088b6cfc05639a91e049eb88ec031e65588668
IMG_0220_JPG.rf.55c8505eec0b041aa976bb9a6818268d.jpg,65412cf2-544d-4f4d-b5c6-a541df6f1e20,31487,8d8ae85282eb4bccc0283352b683b3a1ad662c4db696f3b8e7fd6b8d816f88d6
IMG_0220_JPG.rf.6e62780260b114596b09034c5ba9cb10.jpg,65412cf2-544d-4f4d-b5c6-a541df6f1e20,31413,33df882a6bd04136ee09e1c694ccad588c0eeae26c5a97d5edc5f75da4d4477a
IMG_0221_JPG.rf.6dac2c7cf8f8fd3d4180cdb74e7c7838.jpg,65412cf2-544d-4f4d-b5c6-a541df6f1e20,31596,9c01c2064e6ab1eb1f3545ac499774d035c5683bddff5e2937088c5953c0d375
IMG_0221_JPG.rf.90b91bb0c9b55317b62f08ed0b8b0e93.jpg,65412cf2-544d-4f4d-b5c6-a541df6f1e20,31613,653a05202cbc7eca437419ce7e6ae0551e4607977b7855797305869537e3e18a
IMG_0221_JPG.rf.f98ea4e2024a7f95a3c3a380a4792dc5.jpg,65412cf2-544d-4f4d-b5c6-a541df6f1e20,30676,dd73fff449ef9ff38cbfcdb505e4f26c0dd786a7fccd0295762252a00ccde5a1
IMG_0225_JPG.rf.642c19e00169adfb482d450855813a56.jpg,65412cf2-544d-4f4d-b5c6-a541df6f1e20,31665,6834522d58340b5dfb2bda5dd702b7e3515ed893eee217093f8caced1595d7a9
IMG_0225_JPG.rf.8a7779b9a05593572ea31dc4bedc7d68.jpg,65412cf2-544d-4f4d-b5c6-a541df6f1e20,32516,983c47e706e63b0244d0010c0327bc2f61ea99c308c5cb86710fbeff562f2651
IMG_0225_JPG.rf.9a41c1f3269841afd9516a721b7ec733.jpg,65412cf2-544d-4f4d-b5c6-a541df6f1e20,32531,be72a3541f7ce1525be54bb4879ab910ce146eb33331960bd2232cb58e77cf00
IMG_0226_JPG.rf.1e5a2c5188cbd5c0c9f71eab91c80d97.jpg,65412cf2-544d-4f4d-b5c6-a541df6f1e20,31420,494939d9beb5301a5d8dfa3fd46674864c5377f104c75e5f5c7a76a6f3505ab5
IMG_0226_JPG.rf.4e63ee33ec48e1a5d163d77f7b13a853.jpg,65412cf2-544d-4f4d-b5c6-a541df6f1e20,31420,494939d9beb5301a5d8dfa3fd46674864c5377f104c75e5f5c7a76a6f3505ab5
IMG_0226_JPG.rf.d846e3951f9502cf9e8e76ad62d2ac80.jpg,65412cf2-544d-4f4d-b5c6-a541df6f1e20,32226,597d6b921972ee2406b723cbbc572b84086100ee58fc0f37b05f30ca5f104095
IMG_0227_JPG.rf.8a06371bfdae83cbcda908aff9f87026.jpg,65412cf2-544d-4f4d-b5c6-a541df6f1e20,32438,b791a210a0038f7d7894c87a3429cd0683001853069fe550e5d140060fefca32
IMG_0227_JPG.rf.cab3888bf1d73a076a2e396847310c78.jpg,65412cf2-544d-4f4d-b5c6-a541df6f1e20,32501,a383351214d9b382f06d86af6d37f5a605f6e6a7fef21c3a36496c21a3d3abf1
IMG_0227_JPG.rf.ee97fe0fd267c9b10b33e02173fc26a3.jpg,65412cf2-544d-4f4d-b5c6-a541df6f1e20,31702,c008275c0ac826836e6cdbeef2524bd10b8a5c62fe73974ba35a93dd18a88fc1
IMG_0228_JPG.rf.b778228e4b024424090ffd4394d1f0f3.jpg,65412cf2-544d-4f4d-b5c6-a541df6f1e20,32909,80327df5a0c926ac496219c11b5f4ec71ec850a988d5932e42198d565a741543
IMG_0228_JPG.rf.bfac40375f3d5c7e52642504849c118e.jpg,65412cf2-544d-4f4d-b5c6-a541df6f1e20,31973,0b29eeaecfb6d72c68628f9c448b2ecb5992f263caf93617916c0d2774ce1539
IMG_0229_JPG.rf.4ff899bfc7d661f12cca4a39b4423f13.jpg,65412cf2-544d-4f4d-b5c6-a541df6f1e20,42988,dec7fdbbb831a4ac845bc99d31cc6165b8bab52e7ea8620d417f7ad6b16150fb
IMG_0229_JPG.rf.96a6636bd543d820738ce4daaa093cf9.jpg,65412cf2-544d-4f4d-b5c6-a541df6f1e20,44019,a1c44c891d7b838a21555b24206e6daba4a25ca908522efd2c42338ac4508090
IMG_0229_JPG.rf.f99279293ddda80007b43838334f39ad.jpg,65412cf2-544d-4f4d-b5c6-a541df6f1e20,42988,dec7fdbbb831a4ac845bc99d31cc6165b8bab52e7ea8620d417f7ad6b16150fb
IMG_0231_JPG.rf.71fc7fb321cccb13d3b9b64a6d34f1cb.jpg,65412cf2-544d-4f4d-b5c6-a541df6f1e20,43305,5613f4d9fc361d18e33ad652b6d326fc2a5d38f394cdf4338b81f6ed7f2f3e35
IMG_0231_JPG.rf.7d8f79466f0b58419c434731407a597d.jpg,65412cf2-544d-4f4d-b5c6-a541df6f1e20,43305,5613f4d9fc361d18e33ad652b6d326fc2a5d38f394cdf4338b81f6ed7f2f3e35
IMG_0231_JPG.rf.f64f6d6a2d045b22b83d79070eea5e04.jpg,65412cf2-544d-4f4d-b5c6-a541df6f1e20,44386,978e802f30b03776723e82ed91238ea2bf0df4153b3f5aee321b2b68a8039de4
IMG_0234_JPG.rf.2e0fa90da194fc1c13d3024b6d7e974f.jpg,65412cf2-544d-4f4d-b5c6-a541df6f1e20,35991,d82979613ed3555c57896507fff00aba609efbf4e3c04d9e62a1f11806cee932
IMG_0234_JPG.rf.42c0ece9085c1753b19aab7ae73ae24e.jpg,65412cf2-544d-4f4d-b5c6-a541df6f1e20,37232,e5ddd0c32eae226dacbd079a990e5d2631942801bb50a916d6bb1d63eda61d36
IMG_0234_JPG.rf.b663d20c26fd0e206f175dc9d1ac3d27.jpg,65412cf2-544d-4f4d-b5c6-a541df6f1e20,35991,d82979613ed3555c57896507fff00aba609efbf4e3c04d9e62a1f11806cee932
IMG_0235_JPG.rf.3e6e9cecc0efe9606a99c76b56ed07e1.jpg,65412cf2-544d-4f4d-b5c6-a541df6f1e20,38013,49f02eb6e71a424f1f9696fdc4941fedcefbc6a3e4064ce1c1ec2c4058dd0d69
IMG_0235_JPG.rf.588b75cc90b897ef8c9678f24b2cef65.jpg,65412cf2-544d-4f4d-b5c6-a541df6f1e20,36762,5751779b7e7271922fa4271ce8993feeb3b3a4f6b3d9b5732ce47367cbcc30b8
IMG_0235_JPG.rf.62461254d71f1e8541c2e15dab92d258.jpg,65412cf2-544d-4f4d-b5c6-a541df6f1e20,36762,5751779b7e7271922fa4271ce8993feeb3b3a4f6b3d9b5732ce47367cbcc30b8
IMG_0238_JPG.rf.00871f181505ac8055405f6c1f5772bb.jpg,65412cf2-544d-4f4d-b5c6-a541df6f1e20,32917,73264d75f1ed1f0aefd488dbf65b85504c392f3d906ee73ce103cc9b2d78dfd5
IMG_0238_JPG.rf.b9a1d8d223494e1f745819a96b2ea954.jpg,65412cf2-544d-4f4d-b5c6-a541df6f1e20,31637,b5384313205de0c7f53dd184071ec6778ff3376a9cb43fbf79d9041b6a819afa
IMG_0238_JPG.rf.e9ed5fe574f9f0961002b10519d0bbbe.jpg,65412cf2-544d-4f4d-b5c6-a541df6f1e20,31637,b5384313205de0c7f53dd184071ec6778ff3376a9cb43fbf79d9041b6a819afa
IMG_0240_JPG.rf.2fa00807fccbc243f0e7632ccd2ef5e9.jpg,65412cf2-544d-4f4d-b5c6-a541df6f1e20,38335,f882848a00bfd35668b82003db2ebd047d3c49f367c23086b8392d54f98faca9
IMG_0240_JPG.rf.3e514f3827379ceaa36f33c09dad4a88.jpg,65412cf2-544d-4f4d-b5c6-a541df6f1e20,39184,54160abc6dce3603c3f57a4e6949a44437fce6b50ddb1c734969febac8a6afaf
IMG_0241_JPG.rf.16e6846d1f651bb5a3dc2172e006af65.jpg,65412cf2-544d-4f4d-b5c6-a541df6f1e20,37413,54f9465eda10e8581d36a37f614a40f406e3bdf9109a67e78ce9d3527c4fbbca
IMG_0241_JPG.rf.72a8d9adb96d5dceaa71bc0de6bcd6b9.jpg,65412cf2-544d-4f4d-b5c6-a541df6f1e20,38254,ed33e5bf9d323de8eef4ac7c46023b09e88bbf3d7cf7a8751a898f3a13b2b28f
IMG_0241_JPG.rf.e99ce69cf6dfd101b0c343e02431c08c.jpg,65412cf2-544d-4f4d-b5c6-a541df6f1e20,37413,54f9465eda10e8581d36a37f614a40f406e3bdf9109a67e78ce9d3527c4fbbca
IMG_0242_JPG.rf.0a014c32abefbffc0ba01a961227fa4b.jpg,65412cf2-544d-4f4d-b5c6-a541df6f1e20,38460,150bb9660613b4fcfdeaa898b4a9bf10488f4cf8eb9d1bfc25b66a868256d998
IMG_0242_JPG.rf.c62aa647988ce1ca4467aeca372b68e7.jpg,65412cf2-544d-4f4d-b5c6-a541df6f1e20,37549,ae57fe9f1361dd314a54da9fd48c0d924130984c3a1fab9983355c07773b8f41
IMG_0242_JPG.rf.d192872ebdec93bf7d69e66b157f29d7.jpg,65412cf2-544d-4f4d-b5c6-a541df6f1e20,37549,ae57fe9f1361dd314a54da9fd48c0d924130984c3a1fab9983355c07773b8f41
IMG_0243_JPG.rf.12ea55ee107c458162e1aa83d12300d5.jpg,65412cf2-544d-4f4d-b5c6-a541df6f1e20,32899,f6be3ae170922bd161bf26309e62ef7ae81affec94c0a0391b224e071b8e4ea6
IMG_0243_JPG.rf.aeefb4414cd55778f3f1bab7f0c2ffbb.jpg,65412cf2-544d-4f4d-b5c6-a541df6f1e20,31825,38062af6acbc0e439ccedc153363c5b1f9d1c116fac1d84ce2fc8c7d94fbcc15
IMG_0243_JPG.rf.cda6c446f96dcce9d7d66f3bc1a01926.jpg,65412cf2-544d-4f4d-b5c6-a541df6f1e20,31825,38062af6acbc0e439ccedc153363c5b1f9d1c116fac1d84ce2fc8c7d94fbcc15
IMG_0244_JPG.rf.6ac84a2cee15f94249e0983bf848e041.jpg,65412cf2-544d-4f4d-b5c6-a541df6f1e20,32028,1b597199f5b141ec01926d2eda194cf97191ddf4c741ee7f82a59ef221dd9097
IMG_0244_JPG.rf.9e4025da934572255de5b0805bfd9591.jpg,65412cf2-544d-4f4d-b5c6-a541df6f1e20,32046,56774ea074f0bf4f309f5e4376291e5552d27851686ae7616d6c003b34a2e2f8
IMG_0244_JPG.rf.e9ab3a01d0e9c37b76f92bd39983747b.jpg,65412cf2-544d-4f4d-b5c6-a541df6f1e20,31041,fdf0cce2464ccf24df2ad2cb57fcc2663841092f0eb03c2a0f9984b211c0faff
IMG_0245_JPG.rf.2b12eb4cfea0135f12620df58d9dd331.jpg,65412cf2-544d-4f4d-b5c6-a541df6f1e20,31818,95004ff6b1337b9d7d19e605b55b77470db5c28f937cccf7585b2e9326c830b4
IMG_0245_JPG.rf.5ef8c70a370d9cb5d8319989389f9cc2.jpg,65412cf2-544d-4f4d-b5c6-a541df6f1e20,30709,835e18452caf9cc72a070e880438f5e0a3449e2c4bb5b925ea17e9b0647b12ea
IMG_0247_JPG.rf.5f623365d15f3e42ca760f06e388c330.jpg,65412cf2-544d-4f4d-b5c6-a541df6f1e20,30430,d2d2e3a15a1c0b8de455d157f2c3c25fcfced2e812d3fe2e9213643dc7f2eee7
IMG_0247_JPG.rf.6df496f0a88a7ee7faa3c92b83e5e693.jpg,65412cf2-544d-4f4d-b5c6-a541df6f1e20,31499,fefacf901e7f3e6f039aa1ebe4db521b2edecd02d7b24fad264b3ca6c63ef498
IMG_0247_JPG.rf.7444779dde65c364bc1f86d6b3598727.jpg,65412cf2-544d-4f4d-b5c6-a541df6f1e20,30430,d2d2e3a15a1c0b8de455d157f2c3c25fcfced2e812d3fe2e9213643dc7f2eee7
IMG_0248_JPG.rf.4a38f4b74a1e2108c97dcacb43099df8.jpg,65412cf2-544d-4f4d-b5c6-a541df6f1e20,34057,e12a172d77ec8c0a2d29e6da2ea6b78cb2b8db3702c3b972350ae0e342b9b9f5
IMG_0248_JPG.rf.db2f2b01d29a4b7be430e0aa55bb939b.jpg,65412cf2-544d-4f4d-b5c6-a541df6f1e20,32957,0d4045a18056b3e754fb1dfed1866edc4260d74fd3c47b5df0751a93dfb867f0
IMG_0248_JPG.rf.efc3f549e4e6d2188f6c841cc4e2262e.jpg,65412cf2-544d-4f4d-b5c6-a541df6f1e20,34108,9a147368f7219950f796aa6f8310715ffafd905a78c59758eeab30cfbb08e103
IMG_0250_JPG.rf.35e63ec98bb6ed3a1ae0c20ef7e42c86.jpg,65412cf2-544d-4f4d-b5c6-a541df6f1e20,45116,4f9bea253695d022e754b30d77d206ba65b26c9783255ef64f69289fc1ac05b1
IMG_0250_JPG.rf.cce15bca6d0bf59df376c755d03a2d53.jpg,65412cf2-544d-4f4d-b5c6-a541df6f1e20,44578,3e79f8f544956cfcd6f29da593268d42723d3a6006ccf25b11067a825fec98c0
IMG_0251_JPG.rf.b2ee89bc0782fbbf57fa3d1cc3c963ce.jpg,65412cf2-544d-4f4d-b5c6-a541df6f1e20,46670,cf0646ce954feabacad22de5e496c6a946e5fba857fa1698a17a144a9af182de
IMG_0251_JPG.rf.d22da868fa064a247a6985c09d92bfe0.jpg,65412cf2-544d-4f4d-b5c6-a541df6f1e20,47255,1a2de5458003802ec95edffdc1df628c3d7c90173f53f04fd5eb747f6d325057
IMG_0251_JPG.rf.ef5be416b4a162dcc3567ec0ab5ff8c0.jpg,65412cf2-544d-4f4d-b5c6-a541df6f1e20,47364,83a4b717083e2c80088f9680b05bb230cf72a0f4aa84b87386c1fc4c6f03039f
IMG_0252_JPG.rf.6509e4295df96a4b56ad65a56e53bfe4.jpg,65412cf2-544d-4f4d-b5c6-a541df6f1e20,46782,58ddfa21d2151191ccf37a045bf747794e9567ceb5e163ee56db96d0a452fd7f
IMG_0252_JPG.rf.7ff1cd2a44cc9af07786016edde043f2.jpg,65412cf2-544d-4f4d-b5c6-a541df6f1e20,46065,215b334f13690bbe0ce809f7af52b7e76b7d8df019c43930762c5d58d18e7468
IMG_0252_JPG.rf.da3c3ff3338e7edde80ed37c52da86c3.jpg,65412cf2-544d-4f4d-b5c6-a541df6f1e20,46750,80cece2d26744ad470f3d2374d4df9e1965ab7d4f9e1dfe3f2f3cbbc5fb54b57
IMG_0253_JPG.rf.86d3521540cdb9d4db521b80205c4cb2.jpg,65412cf2-544d-4f4d-b5c6-a541df6f1e20,41967,51d1cbd206170f1030d82e83f63a5cadacc696124ff3cde6e116cd1b1fb0dd7e
IMG_0253_JPG.rf.e38ae83576a39fbe0e65a1a1aceef002.jpg,65412cf2-544d-4f4d-b5c6-a541df6f1e20,42833,2906cd329b758e04e6897f6d85b532e3e7370c636e2edd89a1eb02cfaf94951f
IMG_0254_JPG.rf.5c64c5aa7ad02d70c1717f433041d8b5.jpg,65412cf2-544d-4f4d-b5c6-a541df6f1e20,43401,88e1d6a4934a7e661cc54b10ede702a4b7a53b09c89d8448136442d3ecb38fea
IMG_0254_JPG.rf.6156643a1620d074350bd5da39b0ca55.jpg,65412cf2-544d-4f4d-b5c6-a541df6f1e20,42394,57ebd4831365322bbea2b74543ca9a4e89238e6c9023a3d40202decd820e2d58
IMG_0254_JPG.rf.904b50f260d3ba799a374418318e115d.jpg,65412cf2-544d-4f4d-b5c6-a541df6f1e20,43383,e7cb460e389c25c92a4d74f8d57d2394b346f15edb8d1874f78a5d8f245131c1
IMG_0256_JPG.rf.ef2597aa0c1b21e9c7b3a74cbaff1ea3.jpg,65412cf2-544d-4f4d-b5c6-a541df6f1e20,42925,5ef2c3521546ad2805b44e03bf09fc73edbcbb5152a25079e1735e55726cae50
IMG_0256_JPG.rf.f2162c330b7fc98e0d34cd4a9c3972ec.jpg,65412cf2-544d-4f4d-b5c6-a541df6f1e20,43767,62d9f7e9e35e6bcafe252aa1312cee30f23534f52ed86f0ca851a44094d6d85e
IMG_0256_JPG.rf.f2336e102710ec5913360558239b5251.jpg,65412cf2-544d-4f4d-b5c6-a541df6f1e20,42925,5ef2c3521546ad2805b44e03bf09fc73edbcbb5152a25079e1735e55726cae50
IMG_0257_JPG.rf.97391f1ec271ff57de68db2e661461bb.jpg,65412cf2-544d-4f4d-b5c6-a541df6f1e20,43804,6ec013aeaa8e9cd87902c970d9d7923cd9629742aa575d0d03f79fd6f82eb45b
IMG_0257_JPG.rf.e288333811a59c9d3718c0ecf979f066.jpg,65412cf2-544d-4f4d-b5c6-a541df6f1e20,43804,6ec013aeaa8e9cd87902c970d9d7923cd9629742aa575d0d03f79fd6f82eb45b
IMG_0257_JPG.rf.ec65bceee738520a586499f4ee519c0e.jpg,65412cf2-544d-4f4d-b5c6-a541df6f1e20,44687,b49dd05655787b5705b6285b8f9479ab7c42e68cf522beb646c19231a8edafb6
IMG_0258_JPG.rf.7b8471a7da575b9a22aa62372a7adf7c.jpg,65412cf2-544d-4f4d-b5c6-a541df6f1e20,35592,c45ca23b78b6fdc056a2b753a6a74e0c1b83af0ef97771698fd86c2a5a49f8b2
IMG_0258_JPG.rf.99516c63d99d1ab3fad4de2b59503989.jpg,65412cf2-544d-4f4d-b5c6-a541df6f1e20,34417,5d6123a1cfe46b8fdf87ad21cf7ec89b27b817eba60f4524447d40ab7a2d62c7
IMG_0258_JPG.rf.a53c50f28b2005ff907ef71e0deae228.jpg,65412cf2-544d-4f4d-b5c6-a541df6f1e20,34417,5d6123a1cfe46b8fdf87ad21cf7ec89b27b817eba60f4524447d40ab7a2d62c7
IMG_0259_JPG.rf.35ac430c566eb13804acfc1af5738309.jpg,65412cf2-544d-4f4d-b5c6-a541df6f1e20,37304,f009f907a15355290649474b87a9b50f7aab8e905650d299ef1880522f0300e8
IMG_0259_JPG.rf.95c2681ceff1baba30d19e0d150b35d2.jpg,65412cf2-544d-4f4d-b5c6-a541df6f1e20,37304,f009f907a15355290649474b87a9b50f7aab8e905650d299ef1880522f0300e8
IMG_0260_JPG.rf.35e17e7a8bf02ea1829894595b67f9b9.jpg,65412cf2-544d-4f4d-b5c6-a541df6f1e20,38077,ef43c0a824b8595d89339b1fa89c16207cdd4661d3d4d75bc0a4c6c7b2cd76ee
IMG_0260_JPG.rf.6ce3e8ec28c744fe869cdf78ecd014ac.jpg,65412cf2-544d-4f4d-b5c6-a541df6f1e20,39349,0bd52c96bc2fc19b032103a47199096437d66e78bc12ac6e53c9b7f9812bdb63
IMG_0260_JPG.rf.7800ba048affdfcc33350cadff8cf5b8.jpg,65412cf2-544d-4f4d-b5c6-a541df6f1e20,38077,ef43c0a824b8595d89339b1fa89c16207cdd4661d3d4d75bc0a4c6c7b2cd76ee
IMG_0262_JPG.rf.0e2083f3eb86c882e8a2c41ec0766098.jpg,65412cf2-544d-4f4d-b5c6-a541df6f1e20,37955,47b9a608efcfa205e1a7f946a2e0308a5f6cb3d8106bd8c3f81539e29659c5b6
IMG_0262_JPG.rf.9379ad7bd3e58fb082018b6ce34f7215.jpg,65412cf2-544d-4f4d-b5c6-a541df6f1e20,37955,47b9a608efcfa205e1a7f946a2e0308a5f6cb3d8106bd8c3f81539e29659c5b6
IMG_0263_JPG.rf.0e6544a47b5d043f569423e2ab20d0cb.jpg,65412cf2-544d-4f4d-b5c6-a541df6f1e20,38238,e472f96006ad547d63f8c777da73ae4c2d317a6ad0ec7cb2a77cf4b5bc92209c
IMG_0263_JPG.rf.8601b2776d5606cdc42d01e937965313.jpg,65412cf2-544d-4f4d-b5c6-a541df6f1e20,38238,e472f96006ad547d63f8c777da73ae4c2d317a6ad0ec7cb2a77cf4b5bc92209c
IMG_0263_JPG.rf.cd5eee7efebde7d67f5358265d1cf806.jpg,65412cf2-544d-4f4d-b5c6-a541df6f1e20,39952,e9f0260c02906e27a7ca50f3b39f2b744ed34d532afdb4cb9a0c0a196c47b114
IMG_0264_JPG.rf.22f5f115fd2c7ee139877540383e92ab.jpg,65412cf2-544d-4f4d-b5c6-a541df6f1e20,37193,b2bee681ff5f9b011c984d61de23f1949cf6c0ff701ec9c3ee328f1476a6e913
IMG_0264_JPG.rf.a850e94e21914e17e5a835ab371e6c39.jpg,65412cf2-544d-4f4d-b5c6-a541df6f1e20,38713,9b1bfc07f56f26df90d4ee000e2b97967f442fc2ae723ce96747219d9f9e5cdd
IMG_0264_JPG.rf.f7da3ee2d90629cacb96fe532595419b.jpg,65412cf2-544d-4f4d-b5c6-a541df6f1e20,38790,9973252d559032808ea01239dfd3d5d32f7963267f8caea20267db80622c52bd
IMG_0268_JPG.rf.14920a24b785919f07d2032953b67887.jpg,65412cf2-544d-4f4d-b5c6-a541df6f1e20,43037,9021d767955d3392d792cab858fd93b5f667ec5c478fb5c98b4bff4991e59440
IMG_0268_JPG.rf.93b270607a0ef4e9e14f2e219d4a585e.jpg,65412cf2-544d-4f4d-b5c6-a541df6f1e20,43463,804e6d9bc7d8983a8b6f4200b5cc1864a6be7ce4ca490160a363ecd96c3e67bf
IMG_0268_JPG.rf.f913d4d0bdffb5638f684779ff5e5a65.jpg,65412cf2-544d-4f4d-b5c6-a541df6f1e20,43037,9021d767955d3392d792cab858fd93b5f667ec5c478fb5c98b4bff4991e59440
IMG_0269_JPG.rf.0b1b4ccc24c7448c81951d2c07597c88.jpg,65412cf2-544d-4f4d-b5c6-a541df6f1e20,41347,d36c3223227683c20aa39bd6c34d440571e067ddbf8914b3df8a8cf18fe0e222
IMG_0269_JPG.rf.4719d225ce0696e942df400395f51000.jpg,65412cf2-544d-4f4d-b5c6-a541df6f1e20,40773,6f5a932cc2e3229c6f7c5f1d907b41b21b7bb0486480ccc770a7db4552db8588
IMG_0269_JPG.rf.ea054891a9a97e24eabb229da7662d29.jpg,65412cf2-544d-4f4d-b5c6-a541df6f1e20,40773,6f5a932cc2e3229c6f7c5f1d907b41b21b7bb0486480ccc770a7db4552db8588
IMG_0270_JPG.rf.3e93273dda83a99a75596eef8beb764b.jpg,65412cf2-544d-4f4d-b5c6-a541df6f1e20,42662,38e736203a6de0c6fb5594090a909453c9823dbfdd6caf8afbdd0af607c5490e
IMG_0270_JPG.rf.57628c8feda53879db9ffd1492762673.jpg,65412cf2-544d-4f4d-b5c6-a541df6f1e20,42159,ed1058168182d6181f52b139f2f47315f08fd2ac3aa52444446b7881804fb5d8
IMG_0270_JPG.rf.f86e8fa9e41daeb295d7ed023e680c0a.jpg,65412cf2-544d-4f4d-b5c6-a541df6f1e20,42578,e96c67f5b4e4ff2370deacc83c16b3427aa1142ba170ffc617739a35f8c3f6af
IMG_0273_JPG.rf.54cb2f710ccc2873cc38759bb1c2cdef.jpg,65412cf2-544d-4f4d-b5c6-a541df6f1e20,40856,0cc6e0fbb9661b55784dfbf16d1cfeb9ba647f5fc18e4fa5014af003b655c4a1
IMG_0273_JPG.rf.99f9a306452331151eefb8515d068a5e.jpg,65412cf2-544d-4f4d-b5c6-a541df6f1e20,39258,6103bca4b597edece427b009805ab84f3d6c6b627ebe7db8f7f2ddfcf7701004
IMG_0273_JPG.rf.c3d0785b2af5430b87bd2f639688fb5b.jpg,65412cf2-544d-4f4d-b5c6-a541df6f1e20,40793,fa5b14cb0a964bf4b004b467f6b0706b6462724f1d00c2e5b9e744768a115220
IMG_0274_JPG.rf.dafac5b578ee023854e10b52cad6cca2.jpg,65412cf2-544d-4f4d-b5c6-a541df6f1e20,41688,ecebfd1a4b9efc70543e199b1553a05c948ae9a40f78b37feade04bce2386db7
IMG_0274_JPG.rf.e5eeff3870047dcde0cc10576c70bbf7.jpg,65412cf2-544d-4f4d-b5c6-a541df6f1e20,40012,08f426e1d4d5e7f9f97c81082b2652ed842d6d485f3f843853a9cd276e4080d6
IMG_0274_JPG.rf.f481a69387315813e9c9075759e545d3.jpg,65412cf2-544d-4f4d-b5c6-a541df6f1e20,41630,b609d2fd8bdf738b1f50456d9782ec1080c7b2f05ce435eaae1b5343b8a46910
IMG_0275_JPG.rf.0125eaf4b46afca32db1fa55f6a5c7b4.jpg,65412cf2-544d-4f4d-b5c6-a541df6f1e20,39792,c822bbbcf3a3d9c8d5cb55a63c16385eaede9119780dd904927d7d43e6f6cbab
IMG_0275_JPG.rf.aba5e11281c7550fae90000a7271d594.jpg,65412cf2-544d-4f4d-b5c6-a541df6f1e20,41344,466ad55dda1c2d1db1ae1fe04385110a3361c9da77d5c5712808819142336f68
IMG_0275_JPG.rf.ada05e38f0a90d192806ce28e5bc5920.jpg,65412cf2-544d-4f4d-b5c6-a541df6f1e20,39792,c822bbbcf3a3d9c8d5cb55a63c16385eaede9119780dd904927d7d43e6f6cbab
IMG_0276_JPG.rf.00b1bbcec68ee28ff9ccddb0cf487521.jpg,65412cf2-544d-4f4d-b5c6-a541df6f1e20,40269,274bef8f2e60683ba8f78bea063ba3a57817e795f4f8be9050d4bd62f3e9d071
IMG_0276_JPG.rf.6b37da44ec1947b0240ce4f5c96a59b6.jpg,65412cf2-544d-4f4d-b5c6-a541df6f1e20,38812,c17bf1443c6f422838e2a47e15bcd615676efd60d4dcef073713e1e80bcca46f
IMG_0276_JPG.rf.eba627f351524a6ca1bdbbf91c664f5e.jpg,65412cf2-544d-4f4d-b5c6-a541df6f1e20,38812,c17bf1443c6f422838e2a47e15bcd615676efd60d4dcef073713e1e80bcca46f
IMG_0278_JPG.rf.1f41773993065c83272bbc0837a57d3f.jpg,65412cf2-544d-4f4d-b5c6-a541df6f1e20,39557,c7528b6b709d71c8d582f3af395918c1aeb5352bcd92381dfc332c8ab01a21e5
IMG_0278_JPG.rf.a6a4f91b662ac7144e61be69e461f5c8.jpg,65412cf2-544d-4f4d-b5c6-a541df6f1e20,39557,c7528b6b709d71c8d582f3af395918c1aeb5352bcd92381dfc332c8ab01a21e5
IMG_0279_JPG.rf.1b920be72656c6e8163efff37f8d3977.jpg,65412cf2-544d-4f4d-b5c6-a541df6f1e20,38991,f3e12906ec6fff3c2adc0a3eb30df7290cb571cfa17bdd9b4389ce812f4350cb
IMG_0279_JPG.rf.53cbc88619a6bd34694458ddbfbe810e.jpg,65412cf2-544d-4f4d-b5c6-a541df6f1e20,38991,f3e12906ec6fff3c2adc0a3eb30df7290cb571cfa17bdd9b4389ce812f4350cb
IMG_0279_JPG.rf.c50126989c58b9986151d6b4ae58e84d.jpg,65412cf2-544d-4f4d-b5c6-a541df6f1e20,40514,b421950f08973399f437dbd325a1932de3f0a8c6f506449e10f7fd7b64df8e76
IMG_0280_JPG.rf.22c7a0bf2afe2d78ee32795ac33ac601.jpg,65412cf2-544d-4f4d-b5c6-a541df6f1e20,40164,74db221097eab4ce2206cd974b28d1cf21568ff5d2a255d7a65997573175a949
IMG_0280_JPG.rf.39cb6e0721c35eea64d647a537439a33.jpg,65412cf2-544d-4f4d-b5c6-a541df6f1e20,38782,3e606d9c3fa73a99ddbab964e59751420b34be74a2c35e3f16acad5ad901fd90
IMG_0280_JPG.rf.ef0541d759f0d027a2cda173d97ace29.jpg,65412cf2-544d-4f4d-b5c6-a541df6f1e20,40081,d11eb61b270e38454360c2166fd3dd1ee95f272cf1032fa4c9705a2f59d8960e
IMG_0282_JPG.rf.a216946d1ddf88938f2138b389a93407.jpg,65412cf2-544d-4f4d-b5c6-a541df6f1e20,34007,44bb0084242da7fb5cc786257c9a389c19faa32fb2bd204bb67942c18b749a2a
IMG_0282_JPG.rf.bfde1366e927629592e43dd140ea2f5d.jpg,65412cf2-544d-4f4d-b5c6-a541df6f1e20,34007,44bb0084242da7fb5cc786257c9a389c19faa32fb2bd204bb67942c18b749a2a
IMG_0282_JPG.rf.ea41ba5998729010cfaeb74659bdcd1d.jpg,65412cf2-544d-4f4d-b5c6-a541df6f1e20,35284,310d52de97109e122107efec1de95c8b66a474024d949ede5a36873421d05665
IMG_0283_JPG.rf.36958b1eb2f3597bf187259ca45fed45.jpg,65412cf2-544d-4f4d-b5c6-a541df6f1e20,32903,4dca45f233bcbedc692fa8b543c2f34756c40d5864a46fd8e50c9b7e6d5635b3
IMG_0283_JPG.rf.944c94d9cd2b46169d0d3c627cbcecfa.jpg,65412cf2-544d-4f4d-b5c6-a541df6f1e20,33684,53eb5aff46f7b3879468af66d0e5cf85564a9824eaf50cd85a12b8fa0c959fdf
IMG_0283_JPG.rf.b598c3ff8bc5e07a92457756424b56a4.jpg,65412cf2-544d-4f4d-b5c6-a541df6f1e20,32903,4dca45f233bcbedc692fa8b543c2f34756c40d5864a46fd8e50c9b7e6d5635b3
IMG_0284_JPG.rf.34a240b7a09e1f2842c488ee2c0fa386.jpg,65412cf2-544d-4f4d-b5c6-a541df6f1e20,34298,b2b11c17d5e1f3ea14d5be23b8d3cf4b8ea2ec5b1f5cfffb6e5acc2c154c8f20
IMG_0284_JPG.rf.934c21dcc621e4f2cebd1c270fba5adb.jpg,65412cf2-544d-4f4d-b5c6-a541df6f1e20,33472,61ddd32e8277e586d13b0972fec9e71d3000e093cb77f2509693ec5ab6ce2675
IMG_0285_JPG.rf.8cd7a5ecc27fe038fc1fabf42f809b20.jpg,65412cf2-544d-4f4d-b5c6-a541df6f1e20,32997,cad502b1763b918b24b82f25f74b49ed9647393baf2206758efb93a8458b83be
IMG_0285_JPG.rf.b5593791d1c1e9ac53a0d7e8fe4fb958.jpg,65412cf2-544d-4f4d-b5c6-a541df6f1e20,32997,cad502b1763b918b24b82f25f74b49ed9647393baf2206758efb93a8458b83be
IMG_0285_JPG.rf.f0ef4a569cb3e4792021234149a5bc77.jpg,65412cf2-544d-4f4d-b5c6-a541df6f1e20,33735,250af4a885d50c41a8ad355ccdfe6d77ad399b34099ca5bf381fbfd6d6a2f1c5
IMG_0286_JPG.rf.11a5a64b2ca4a7c2062dff1768c60f8b.jpg,65412cf2-544d-4f4d-b5c6-a541df6f1e20,32033,317888d2c0cb4b30d98c0e3ac23ad3a99126c555d0e7358e7ef8b5b08b63aec6
IMG_0286_JPG.rf.85e4e64c705731b574085dd8bf0cb5f4.jpg,65412cf2-544d-4f4d-b5c6-a541df6f1e20,31136,04665b2af85a85f834a7a33754b6c552cfa8f42100a6a29a2cd312e341bb5090
IMG_0286_JPG.rf.acff5922e9cf119f1a36e8527966a8ec.jpg,65412cf2-544d-4f4d-b5c6-a541df6f1e20,31136,04665b2af85a85f834a7a33754b6c552cfa8f42100a6a29a2cd312e341bb5090
IMG_0287_JPG.rf.3d664d18961b646f8ff01fcec54547b1.jpg,65412cf2-544d-4f4d-b5c6-a541df6f1e20,40039,354d0b9a7a409dda9415438bb4742207a58667443df006bccd40d4a1353e745e
IMG_0287_JPG.rf.54f07672cc55194d0c8ee694db674259.jpg,65412cf2-544d-4f4d-b5c6-a541df6f1e20,41004,e407a2198186db14397c65f25fee3ab3cbe6cbfa195ef6337647450f230c5e49
IMG_0287_JPG.rf.563a5c5779deac8c47aea32bcbd47e45.jpg,65412cf2-544d-4f4d-b5c6-a541df6f1e20,40039,354d0b9a7a409dda9415438bb4742207a58667443df006bccd40d4a1353e745e
IMG_0289_JPG.rf.b0864c1d1a04544a86e31f41ab18b8d2.jpg,65412cf2-544d-4f4d-b5c6-a541df6f1e20,40385,43cec1750bc012a6247c27a5542ef7a2a9221b613eba3d80cd7714309209c473
IMG_0289_JPG.rf.d82700c44165065e29bd72397cebf89a.jpg,65412cf2-544d-4f4d-b5c6-a541df6f1e20,40385,43cec1750bc012a6247c27a5542ef7a2a9221b613eba3d80cd7714309209c473
IMG_0289_JPG.rf.f968552b9f474f6368f9c188a5793f93.jpg,65412cf2-544d-4f4d-b5c6-a541df6f1e20,41399,37b72798d839b417b7f6edd217eae9e4920d6e427b4e5f42dab83a05aff9d9f6
IMG_0290_JPG.rf.11c76f27e423bbfb1e619f7c2cfbb5f4.jpg,65412cf2-544d-4f4d-b5c6-a541df6f1e20,40057,4ed11c1d2763abf5287dbbfd9a79e3e425db98a3786eaa8e27789af9a0a98cf9
IMG_0290_JPG.rf.67bc82f1c616e16250a761a5b5bce164.jpg,65412cf2-544d-4f4d-b5c6-a541df6f1e20,41099,6a87399a18bb2b39ff30c58c35927e9131108109d1c7ed949b150fd2518eb2b0
IMG_0290_JPG.rf.926ba6c09a277842ea893b6bf6e17603.jpg,65412cf2-544d-4f4d-b5c6-a541df6f1e20,41066,92dc55ec667bb1ddbbb0876d02df85c03145bdb78defe6db92ac8d5338a0cd53
IMG_0291_JPG.rf.38650fde45bb337fa5ef9ad7196589aa.jpg,65412cf2-544d-4f4d-b5c6-a541df6f1e20,35087,68dc9d18ffc61d27c1eba8b4987f3911b4f3837f3baa5ab0e10e8e438da1b26b
IMG_0291_JPG.rf.9c510b4aa2016f855b368fda571059c3.jpg,65412cf2-544d-4f4d-b5c6-a541df6f1e20,34102,033defec80321a2be478f9c210fd373e5f4ec89266be79cf3efa0f18286e9040
IMG_0293_JPG.rf.7c9f4744c66e613a83b9ff4421dfa151.jpg,65412cf2-544d-4f4d-b5c6-a541df6f1e20,35538,194ca18c0f5db44fd3afaee04c90bcfaa93a20563f13a268dcd2618e7f287c18
IMG_0293_JPG.rf.7d725f4638feb86f2417d9aea1cbce0d.jpg,65412cf2-544d-4f4d-b5c6-a541df6f1e20,36670,8ae60dec5222b4bdf285510948bb1ef6bef317144e191a9c09077c2b553e4c6f
IMG_0293_JPG.rf.a41f68822d7903d49339fa3d4d915bea.jpg,65412cf2-544d-4f4d-b5c6-a541df6f1e20,35538,194ca18c0f5db44fd3afaee04c90bcfaa93a20563f13a268dcd2618e7f287c18
IMG_0294_JPG.rf.99430538c705a9d6ab2befe6b34b7bbc.jpg,65412cf2-544d-4f4d-b5c6-a541df6f1e20,37259,44af803ee6bd9ebbdd4601b98823741be94a04ea87c8e1cf798d387695814738
IMG_0294_JPG.rf.cf499b3a5cb80e641bef1e29fe193248.jpg,65412cf2-544d-4f4d-b5c6-a541df6f1e20,38406,ade2ee585eb17d7781371529a9a3b3ed96bdaf4a12898c1b4820fea554d7311d
IMG_0296_JPG.rf.a4c44b61d3527f274b994626c6437abd.jpg,65412cf2-544d-4f4d-b5c6-a541df6f1e20,43150,1a344b85dd5758a6fd07f85f63129f6dbdaca673be149f6119f465fdbc2edb60
IMG_0296_JPG.rf.cc111f7ebf7519fce74086dfc52439bc.jpg,65412cf2-544d-4f4d-b5c6-a541df6f1e20,43150,1a344b85dd5758a6fd07f85f63129f6dbdaca673be149f6119f465fdbc2edb60
IMG_0296_JPG.rf.d8c10c6edabd2ac57bf607383052448e.jpg,65412cf2-544d-4f4d-b5c6-a541df6f1e20,44278,3ebdb001d5870bb3e256341d095d9b052a0d562109ed449336082a4c89224f3c
IMG_0297_JPG.rf.69d2910ccba56b6cf422455eeb09bd1d.jpg,65412cf2-544d-4f4d-b5c6-a541df6f1e20,43511,ae31adf10d03d519404f2c690e7c985c9d199cc4bf78d71598bc087522b3642a
IMG_0297_JPG.rf.ce901df469b44a17cd90929b742e91b5.jpg,65412cf2-544d-4f4d-b5c6-a541df6f1e20,44656,343619530515d3f501e7a85bc7e25f50b86b6337389c0106fcd74e4d1135a0d4
IMG_0297_JPG.rf.f679bb5c65d8b61c64ddc94113d45891.jpg,65412cf2-544d-4f4d-b5c6-a541df6f1e20,43511,ae31adf10d03d519404f2c690e7c985c9d199cc4bf78d71598bc087522b3642a
IMG_0301_JPG.rf.1d978617cda5da365baed875d84277c6.jpg,65412cf2-544d-4f4d-b5c6-a541df6f1e20,36363,9b425c8eb8345a4ea136b554747c1b311b62660538401973a4945a8bd0715e3b
IMG_0301_JPG.rf.2f7bb70b3a8a54b1bd4b1642af2733c2.jpg,65412cf2-544d-4f4d-b5c6-a541df6f1e20,36914,bec3158de7e3ffe1702cd29afb6acf9e466cddd1f02414be2352f6e372929a0b
IMG_0301_JPG.rf.717de34f88e3e5ce6697f98339354221.jpg,65412cf2-544d-4f4d-b5c6-a541df6f1e20,36978,468cd3d8a3e0f2aee6ea879b162302207a30d551be171d53b3710c8eb0652f92
IMG_0302_JPG.rf.38257b8d5d345a86eaf0ca9eba58e8df.jpg,65412cf2-544d-4f4d-b5c6-a541df6f1e20,35888,12547c08c6c73f5242ef30634514d91f395205cda707506607d46c81b9675fdd
IMG_0302_JPG.rf.5afd2414af57521b92ccf612cc4a46e5.jpg,65412cf2-544d-4f4d-b5c6-a541df6f1e20,36498,ac79ef6e2da5af5c46fa80c8c36ba8bfd38668590dcaa19d38dce8a4fadcafcb
IMG_0302_JPG.rf.a9bc060a3de8b9235d261d9e58d6da36.jpg,65412cf2-544d-4f4d-b5c6-a541df6f1e20,35888,12547c08c6c73f5242ef30634514d91f395205cda707506607d46c81b9675fdd
IMG_0303_JPG.rf.2949a424975087f476253b18795f2b20.jpg,65412cf2-544d-4f4d-b5c6-a541df6f1e20,36401,ab06f4b75c669a804a7bc5c38130efa47a5974d097fe5642a4b6bae127ce29e7
IMG_0303_JPG.rf.72c97d0e991e1a4ae432eaaf5df073e3.jpg,65412cf2-544d-4f4d-b5c6-a541df6f1e20,37244,ad039b3325f1d5ed6bf3602ac0ecbb0609237ec40dd1dbf314a8b30798c877d8
IMG_0303_JPG.rf.bb2b6d30ca5c7c083f6aceeb04543371.jpg,65412cf2-544d-4f4d-b5c6-a541df6f1e20,37264,a5a1fc8c7d8a9d1c73986bd5aae603b6f273bf7447b8b5101e45406d30c7a6b2
IMG_0304_JPG.rf.02d3942d8c137042443c225e33bf364f.jpg,65412cf2-544d-4f4d-b5c6-a541df6f1e20,36352,20a84b10fe68404cf5b205024ac614b02a815d4fce9e4f902fca5b4802ea5fc0
IMG_0304_JPG.rf.231af03a632b3499acdda797fb31d300.jpg,65412cf2-544d-4f4d-b5c6-a541df6f1e20,37117,d041f451ff64d6ffaea49fd263c244477e6ceba4fcf2bc3260ce21fcc77111e6
IMG_0305_JPG.rf.88fc233deb9f6e6e0b49d63b435cbd2e.jpg,65412cf2-544d-4f4d-b5c6-a541df6f1e20,33656,ecf53b43a2e1401df3b08834446ed59f5cd31fed00e66431cd113cbcd0f69004
IMG_0305_JPG.rf.8a9a6a630692ea3e346ffa84a3ef1d6b.jpg,65412cf2-544d-4f4d-b5c6-a541df6f1e20,32665,9d6c7c26c11cab0749615a101fd4bce60131c0e36da9b2f522de9b25f7490d11
IMG_0307_JPG.rf.68195fdfce1e29151cd0300e684d82f4.jpg,65412cf2-544d-4f4d-b5c6-a541df6f1e20,33020,d1d583ffdb5780e20ca18584ef6788d6e08b4b7bcd27086391ac7fa38936519a
IMG_0307_JPG.rf.e497201dc73addd1b6cb6cc05b018d47.jpg,65412cf2-544d-4f4d-b5c6-a541df6f1e20,33020,d1d583ffdb5780e20ca18584ef6788d6e08b4b7bcd27086391ac7fa38936519a
IMG_0307_JPG.rf.f57f3d661c864da7a7e708c9320d06ce.jpg,65412cf2-544d-4f4d-b5c6-a541df6f1e20,34032,73f02c3f41197e816af1090263e6ae17d47f359e74d07c3853f428cf627d2d62
IMG_0308_JPG.rf.68b8a1cfb42dfd431192ca263e821ccb.jpg,65412cf2-544d-4f4d-b5c6-a541df6f1e20,33050,3e8ae780bc6cfb004f89ba4c62f50009b7ecd79f29cd71029f30eff1ce239576
IMG_0308_JPG.rf.c3cde9ed36ab7204154c34114b7f9d4f.jpg,65412cf2-544d-4f4d-b5c6-a541df6f1e20,33050,3e8ae780bc6cfb004f89ba4c62f50009b7ecd79f29cd71029f30eff1ce239576
IMG_0309_JPG.rf.15f8540b49a9695d2a93426ea0d2abce.jpg,65412cf2-544d-4f4d-b5c6-a541df6f1e20,28156,aa983a78a29d5616d31af01e435cb265f123357f104532fc948444a874daa5e2
IMG_0309_JPG.rf.9ace72a8ae4cdc796a24b0be969da46d.jpg,65412cf2-544d-4f4d-b5c6-a541df6f1e20,26804,88b1b15b0857f2433f00a7326fd4efc17c70ca9052766b25485dec6339016dfe
IMG_0310_JPG.rf.78e002b647f709c2727dd710e5ba1e7e.jpg,65412cf2-544d-4f4d-b5c6-a541df6f1e20,28265,02fc60a91e055acb95af3f507747654f9929ecf6a89d16bc3676858543ecaa91
IMG_0310_JPG.rf.84d262fefbac06fb58ea5566c9855463.jpg,65412cf2-544d-4f4d-b5c6-a541df6f1e20,28330,bb8e13a3c3b3ea46d76575c837d51b792a401ba9a15599602e2fa5ddfd4faaef
IMG_0310_JPG.rf.fcef55f0fd0107afd6d6648d8184122f.jpg,65412cf2-544d-4f4d-b5c6-a541df6f1e20,27007,92a67b7b492b6f208bee1e4c200b058a50cc9cb9b4bbfe6c6805b3fceacfa16e
IMG_0311_JPG.rf.04aee65825fccb49466f89c3a8eacfe8.jpg,65412cf2-544d-4f4d-b5c6-a541df6f1e20,28218,6c82f1e394d5d7a2bb17e55bd09d459cdb6c6a29e0a244b681cf6aacfa96ba77
IMG_0311_JPG.rf.4e27ff6c702c12a9db3b824dc9caddb8.jpg,65412cf2-544d-4f4d-b5c6-a541df6f1e20,26803,cfc19a931a4a8ca9534f21c3fda54ecb384b364e0f11f818c848f85d9b222fe7
IMG_0311_JPG.rf.b2591f5fa380b9b5b728a99b4d1ad0f0.jpg,65412cf2-544d-4f4d-b5c6-a541df6f1e20,26803,cfc19a931a4a8ca9534f21c3fda54ecb384b364e0f11f818c848f85d9b222fe7
IMG_0312_JPG.rf.1d8601998a78dc2a42b0ada06823ec85.jpg,65412cf2-544d-4f4d-b5c6-a541df6f1e20,28145,0b7943500897ee9bf59a0fdc48bd68329be1a2d78e1c11498a1fdaa43dd2b81a
IMG_0312_JPG.rf.b652692d7020e7f5e6c8ce540bc1ae3e.jpg,65412cf2-544d-4f4d-b5c6-a541df6f1e20,26845,e92228a7fb124ccc9f9ca4df3b663d24d1e7c4e74a9110b6ecddeb6a2a400fee
IMG_0313_JPG.rf.c2cd002e9db07e1f81828e6a53fa357c.jpg,65412cf2-544d-4f4d-b5c6-a541df6f1e20,29193,00662e62a196c6dd40c5d1a68c435191bce32080179ce0952b0efdcb9a5a33c9
IMG_0313_JPG.rf.d044ade09400fbf8ffa15af34a86b573.jpg,65412cf2-544d-4f4d-b5c6-a541df6f1e20,27940,07a7cb7d40498425336c93b13404c22c25a4fe43f0c0e7efae258af3e96d7bc2
IMG_0314_JPG.rf.5c14f13980a9db5576a12161ee6b997a.jpg,65412cf2-544d-4f4d-b5c6-a541df6f1e20,27988,baba37bdaad517ee74895f1aa9b951a0a54824324734809a6d379a074689b0c7
IMG_0314_JPG.rf.9d479daad52d0ecacb2986c8f3c15a11.jpg,65412cf2-544d-4f4d-b5c6-a541df6f1e20,29173,aabe4b0c3001b6facd702f9ad6317e182c344a4075b11712fc939c37a49348ee
IMG_0315_JPG.rf.174a07d32bac32f99336114425ce2441.jpg,65412cf2-544d-4f4d-b5c6-a541df6f1e20,29318,ee222b6938120c6066c17ebe719b2766ac8624f57e7872fdc1ba304bbde70932
IMG_0315_JPG.rf.598c266263afe1153a848ff767d6d9c0.jpg,65412cf2-544d-4f4d-b5c6-a541df6f1e20,29246,463f4875660235bc980a8b88800cc6559a9ed60e611d42e1cac7efd6b6e8bfcb
IMG_0315_JPG.rf.9e62c63555ccb92e06aaf558e4e23096.jpg,65412cf2-544d-4f4d-b5c6-a541df6f1e20,28087,4ba0065659e1df9e1549ed255f872330f7735b6f845a33e4f68f93180a6079e6
IMG_0318_JPG.rf.081ab248185a840374df706a155c2d81.jpg,65412cf2-544d-4f4d-b5c6-a541df6f1e20,31099,51aa04f702486572907ece23be8d37c4351147f1f06a2a8fe2b27f3a423e7826
IMG_0318_JPG.rf.8127188af270b965a1380a899345f43f.jpg,65412cf2-544d-4f4d-b5c6-a541df6f1e20,31099,51aa04f702486572907ece23be8d37c4351147f1f06a2a8fe2b27f3a423e7826
IMG_0319_JPG.rf.54090015edfae205673d0a12ff2f975c.jpg,65412cf2-544d-4f4d-b5c6-a541df6f1e20,27251,7e38d7068fce5d582c6ac66035bd0f71f218af8d3eb25dca529524993951944d
IMG_0319_JPG.rf.757f4f2c200d911dd42ae94b5d532b6a.jpg,65412cf2-544d-4f4d-b5c6-a541df6f1e20,28336,1b016e21117761bbed08c54188e30f742512a3315eee98c7afa91cedc2c27d24
IMG_0319_JPG.rf.c61a15ec705442ed3c4cad24154f694f.jpg,65412cf2-544d-4f4d-b5c6-a541df6f1e20,28419,8b9525aa246390285cf503e9a258419cc05bd1165b3e1cb0ad35d9515e431fc4
IMG_0320_JPG.rf.3b09b9266a3b17c67a3475e6604bc7fe.jpg,65412cf2-544d-4f4d-b5c6-a541df6f1e20,29484,f80b5853eab2a288716610f75b3137fc7e4210cce1050f4bea9ce23adb2ce084
IMG_0320_JPG.rf.a7cc94615868cc60f504caa1a93a4c0c.jpg,65412cf2-544d-4f4d-b5c6-a541df6f1e20,28302,fb6148d025d4504639fc40fca533f4501884f5bbedb7a4fd0c4aa07a497f9363
IMG_0320_JPG.rf.da267422b0fe619c5f513ce3b4a04a4d.jpg,65412cf2-544d-4f4d-b5c6-a541df6f1e20,28302,fb6148d025d4504639fc40fca533f4501884f5bbedb7a4fd0c4aa07a497f9363
IMG_0322_JPG.rf.38905b31e3d9f8a82c6a22c149cef182.jpg,65412cf2-544d-4f4d-b5c6-a541df6f1e20,33249,b90c051f21ff2c36f28723cd887814ca67422c7ce028de5373f5fbebe2a811d6
IMG_0322_JPG.rf.71c73f4cf481383fc689034f2f2de498.jpg,65412cf2-544d-4f4d-b5c6-a541df6f1e20,32373,6e997bc5aade01c973885c8e0f567d513bcdeeb9de4b308608491267c6a5bd20
IMG_0322_JPG.rf.ac512119fca4d6e6f4536e8bec886aa6.jpg,65412cf2-544d-4f4d-b5c6-a541df6f1e20,32373,6e997bc5aade01c973885c8e0f567d513bcdeeb9de4b308608491267c6a5bd20
IMG_0323_JPG.rf.5122ecc5c8c042dd0d77ba6debc5417e.jpg,65412cf2-544d-4f4d-b5c6-a541df6f1e20,33267,8bfc6a791f2059911dc2c3a0f0ddbe17500257e5aafbe6d7eb2278166fb8ec24
IMG_0323_JPG.rf.bbde1a96d3845586309ad9874d80d3bd.jpg,65412cf2-544d-4f4d-b5c6-a541df6f1e20,32226,39bf07b2ce635aed90e7981f84c761bb42610a76d69c88926185c75913f69f02
IMG_0324_JPG.rf.189aa3f004c385bc69fbafda4d039a8b.jpg,65412cf2-544d-4f4d-b5c6-a541df6f1e20,31618,178af9c2c2cf10e919fe6921ecbfabdfe6d5dc3ea147b3a6767c5b13f34e5738
IMG_0324_JPG.rf.892f2c055c52d42db6aefd30f9aa8906.jpg,65412cf2-544d-4f4d-b5c6-a541df6f1e20,32529,1142116ff0331efefc59487374c3e78dd125d7e90e0645e4e9a80767b0fbe379
IMG_0324_JPG.rf.a5739d131f689a0c9698d76988ccd6f2.jpg,65412cf2-544d-4f4d-b5c6-a541df6f1e20,32473,a975da9ac75b8737acfa757851930e5ec73d7f4d2979fc8a62831f67cc01f4b7
IMG_0325_JPG.rf.a1b567c5afa057c3d6b58b82b8043b06.jpg,65412cf2-544d-4f4d-b5c6-a541df6f1e20,33766,1e9c6189df4ba28948a8a66fac4b1b6a7dcf251c894ccdedf1ce6f90939854b2
IMG_0325_JPG.rf.b2c5ebe0b1b66c9355e6970de8122b13.jpg,65412cf2-544d-4f4d-b5c6-a541df6f1e20,32760,1be0a762bf8c465ef1736ffc6aaf803054e46a6eb114774c08f393c3c913db91
IMG_0325_JPG.rf.c506984fb08e386f46e74466a49647eb.jpg,65412cf2-544d-4f4d-b5c6-a541df6f1e20,33667,a8d2a8e6c0d00434579e74447fe8140bcdb6ba5a83c32d4cca49c64d0f96b73f
IMG_0326_JPG.rf.27fb68adec3d0f49f725261f130b6b84.jpg,65412cf2-544d-4f4d-b5c6-a541df6f1e20,34499,b2a79bdc2f0229188afae30a40aae4bd7720f9259032c7c1654e571d10559193
IMG_0326_JPG.rf.33e69d6f06c4449bcdc3ea719b7f6559.jpg,65412cf2-544d-4f4d-b5c6-a541df6f1e20,34499,b2a79bdc2f0229188afae30a40aae4bd7720f9259032c7c1654e571d10559193
IMG_0326_JPG.rf.53ced69ac2fd1c3c0e6e0fe62e7641f4.jpg,65412cf2-544d-4f4d-b5c6-a541df6f1e20,35507,05bce7cd7626438d558092b3c4e34d8c87ce6b8cdc3219431e717768a4f0c6ad
IMG_0327_JPG.rf.3a75609a87e677acf5dc04844374e3cb.jpg,65412cf2-544d-4f4d-b5c6-a541df6f1e20,25815,5899895a5262ec984214a672ad5e5c93100703a91aa2420bcf734984984ffebe
IMG_0327_JPG.rf.5eee0caa9b95dfe064461bd1399be2e1.jpg,65412cf2-544d-4f4d-b5c6-a541df6f1e20,25815,5899895a5262ec984214a672ad5e5c93100703a91aa2420bcf734984984ffebe
IMG_0327_JPG.rf.b6df338d84ad0bc15ed34848c80cf3b8.jpg,65412cf2-544d-4f4d-b5c6-a541df6f1e20,26862,ce43ee957e88e7ab90872c43ae1cd3390c0a0349107d6c69594667372e2ae7e0
IMG_0330_JPG.rf.12be09e1ea09288a18508d81b20c0fd2.jpg,65412cf2-544d-4f4d-b5c6-a541df6f1e20,27822,d387a8dd3ffe0a0b1b0873d9d94bf9aa5e70ae95a57a69ae94dc71a21218d16e
IMG_0330_JPG.rf.3c03693a02c1c2c713cc21c187bcbad9.jpg,65412cf2-544d-4f4d-b5c6-a541df6f1e20,26734,4e5b393926623c4cfd2cc456725d59dc27f5de28af06b2b5dd3d4b71aa45dc24
IMG_0330_JPG.rf.968af8b9d41d2b63d0022a2d54c8ef84.jpg,65412cf2-544d-4f4d-b5c6-a541df6f1e20,26734,4e5b393926623c4cfd2cc456725d59dc27f5de28af06b2b5dd3d4b71aa45dc24
IMG_0332_JPG.rf.0f5b4d921d65386f717527e25413364e.jpg,65412cf2-544d-4f4d-b5c6-a541df6f1e20,28027,d1e4dcef771081b1c5d9b2b0ae4664e012d06e688b60e28de4388aa9a9ff7def
IMG_0332_JPG.rf.2c3d26903616acc1befe6187b530f9e3.jpg,65412cf2-544d-4f4d-b5c6-a541df6f1e20,29283,1da1bdf4d9e71cf89f3a9432556eacb15f50e0e66016b951ee2a2f2ce9f525d1
IMG_0332_JPG.rf.ec382020a0de528e25ed5a686b4f9544.jpg,65412cf2-544d-4f4d-b5c6-a541df6f1e20,28027,d1e4dcef771081b1c5d9b2b0ae4664e012d06e688b60e28de4388aa9a9ff7def
IMG_0333_JPG.rf.04f6e8937584c859b85504e6c038926b.jpg,65412cf2-544d-4f4d-b5c6-a541df6f1e20,29335,d5e0dc1144ef83b5337f123682ca270e2e1b1646a4535ed0cfd3ee910d5def3a
IMG_0333_JPG.rf.325f78c083f9646c26a84bf3c8404ee3.jpg,65412cf2-544d-4f4d-b5c6-a541df6f1e20,30675,4536fa60c786610745a7461200de35f541f1161100ceb9a46603a227d6879bdf
IMG_0336_JPG.rf.39d9ee88aac2f66029a740ed654f43ef.jpg,65412cf2-544d-4f4d-b5c6-a541df6f1e20,34530,9d6809329130927db9924ad54d8120d32da1647dfb804fd4919257ff6907cec2
IMG_0336_JPG.rf.4d0e7ae70ea5a4e8bb989ddf03179ae4.jpg,65412cf2-544d-4f4d-b5c6-a541df6f1e20,34530,9d6809329130927db9924ad54d8120d32da1647dfb804fd4919257ff6907cec2
IMG_0336_JPG.rf.61f6b282ce144acbd21dad0115f24e29.jpg,65412cf2-544d-4f4d-b5c6-a541df6f1e20,35272,48a7d74afbbc9c8421b4207ebedd4022539f6a08ed265d1a61ec6b0fe6d1c51f
IMG_0341_JPG.rf.6c7d9b4491c88712d25aeb08e383ce59.jpg,65412cf2-544d-4f4d-b5c6-a541df6f1e20,39593,8c46c56e11e95015b59667b1d2562eaf99947fd60402e057d7caeab1d7c2a0a0
IMG_0341_JPG.rf.895b3410f7e9846b784bd2a73b9ba03b.jpg,65412cf2-544d-4f4d-b5c6-a541df6f1e20,40600,b00baa09d784648c36f49414cf3c3d75d736c61826d201bb9dce08e6d7fa1277
IMG_0341_JPG.rf.91970bb567e1e87e0ecc0a592a5ccb34.jpg,65412cf2-544d-4f4d-b5c6-a541df6f1e20,39593,8c46c56e11e95015b59667b1d2562eaf99947fd60402e057d7caeab1d7c2a0a0
IMG_0342_JPG.rf.0d3e879d922b4d30aa30e49527eca933.jpg,65412cf2-544d-4f4d-b5c6-a541df6f1e20,40980,d54f9c585d563691f9caa332a1b171beed49f1af394c930c8f0f4d661479625f
IMG_0342_JPG.rf.2d6e013570c8a45f1c686720f8dff578.jpg,65412cf2-544d-4f4d-b5c6-a541df6f1e20,39859,c59ae3741d64e7bd3fe07e510684238451db4bbf4ea7e367d54c4371b3f57bd0
IMG_0342_JPG.rf.df39b2caabba6a092c8b8f797fe10e7a.jpg,65412cf2-544d-4f4d-b5c6-a541df6f1e20,40984,725b6cc4b26e6ce524888fdb7478b393f95a02d6005dc72ab8b6657e1a156737
IMG_0343_JPG.rf.26f3d22e1b4a4f68ef02c6594a9058ec.jpg,65412cf2-544d-4f4d-b5c6-a541df6f1e20,40194,0cb4327d4433277b93f381755b09c0fc8e957167aa89a01f6a48231d0fa6d79c
IMG_0343_JPG.rf.9a6ec209e91cd09f5a61f608fb5c2cfa.jpg,65412cf2-544d-4f4d-b5c6-a541df6f1e20,41236,cbfc4441fd9d453c60ea8ac688d1bf460232c907419e8bd1228ecf4935fe3283
IMG_0343_JPG.rf.c22f914208d253167d9bd5b742368aac.jpg,65412cf2-544d-4f4d-b5c6-a541df6f1e20,40194,0cb4327d4433277b93f381755b09c0fc8e957167aa89a01f6a48231d0fa6d79c
IMG_0344_JPG.rf.681c6f7f6181f37154866d9ab2c9ec7a.jpg,65412cf2-544d-4f4d-b5c6-a541df6f1e20,39726,d6f2838b3181035a50e56a3ec9ac42af23f92d8d52268a27a90fed59aa37541a
IMG_0344_JPG.rf.ae613267ba70f1ba69a44104c409cf4d.jpg,65412cf2-544d-4f4d-b5c6-a541df6f1e20,40734,8a404c8316913fdf77671a66b87ef70378408dfc0c7eb01d8a1d4be5f1e5b9fa
IMG_0346_JPG.rf.054552597c1d54a4c1e7252b8e6845cc.jpg,65412cf2-544d-4f4d-b5c6-a541df6f1e20,34604,03ef7fcae11f08d14a0f7ec51a5281d36b464a7fbc39fd7c167a98ad16a5c62b
IMG_0346_JPG.rf.4016d9e13c4d3d8231ff6b4bf502b787.jpg,65412cf2-544d-4f4d-b5c6-a541df6f1e20,35650,f919f4bea4f10824f8b2776df2e6b820c4f1794ea0039838480f4f12b4d2f131
IMG_0346_JPG.rf.941ff1b0c403f9e5dfc32fe615094fba.jpg,65412cf2-544d-4f4d-b5c6-a541df6f1e20,34604,03ef7fcae11f08d14a0f7ec51a5281d36b464a7fbc39fd7c167a98ad16a5c62b
IMG_0347_JPG.rf.1c33493998f55c4ec4abd572f8c47c36.jpg,65412cf2-544d-4f4d-b5c6-a541df6f1e20,31455,06fa96d7376156c71de2de530c26fcd82a7621f169c4b693e3a6cf1ef815ecfc
IMG_0347_JPG.rf.69ccfafc70c208f01d6aa308063b1d13.jpg,65412cf2-544d-4f4d-b5c6-a541df6f1e20,30375,cc6a8bbccb53348794ab5de5e839e47dd5fa1be529ebbdd9ce64ce174ff24a22
IMG_0347_JPG.rf.fb47ca54bd0e8374c6fafff16b948ef5.jpg,65412cf2-544d-4f4d-b5c6-a541df6f1e20,30375,cc6a8bbccb53348794ab5de5e839e47dd5fa1be529ebbdd9ce64ce174ff24a22
IMG_0350_JPG.rf.6d3173f472c3a59b3d64c4ffd241ef22.jpg,65412cf2-544d-4f4d-b5c6-a541df6f1e20,31402,c38edfe91f5af169fe5ccfe8abe9ed52da91d88c0aed2844fc9e1481e315ac1a
IMG_0350_JPG.rf.866d3f1d13e7b223b3f3df75c88c5ee3.jpg,65412cf2-544d-4f4d-b5c6-a541df6f1e20,30219,233b92b140523f8a229a906be1719615b6ac238436fae4f8730b1ae0275d13f3
IMG_0350_JPG.rf.a11a9b62b3200403d8a730b5293e0c22.jpg,65412cf2-544d-4f4d-b5c6-a541df6f1e20,30219,233b92b140523f8a229a906be1719615b6ac238436fae4f8730b1ae0275d13f3
IMG_0351_JPG.rf.3f67d42f2ca12e0f34aa4142460378ae.jpg,65412cf2-544d-4f4d-b5c6-a541df6f1e20,32493,7b2afb19e05cce9e43baa433d7ef519920b632459c1d74154cea7e27c7509743
IMG_0351_JPG.rf.680a4a794bd4bd22612a0444b6bb0138.jpg,65412cf2-544d-4f4d-b5c6-a541df6f1e20,33811,6d4d2ee72d38f3ba6a25ee2750cb16740a270b25194960987177a021b4ec156f
IMG_0351_JPG.rf.81eb4b711c251f9842b5cea7ccade7aa.jpg,65412cf2-544d-4f4d-b5c6-a541df6f1e20,33902,0cf8ddac17ac870d859185aaadb10ef96cefc5118479bee490fd1c0027bbe23d
IMG_0354_JPG.rf.310c01a20c3bd720f585a247dab2e71b.jpg,65412cf2-544d-4f4d-b5c6-a541df6f1e20,32983,f8977455019f0d87f51e6e8e6049968cefc5fc50f065c21db3f14589166ffd39
IMG_0354_JPG.rf.3d4a199d82c437e3879f6a5f857d6cbc.jpg,65412cf2-544d-4f4d-b5c6-a541df6f1e20,32985,54253220475c0c0f0f9513a816ec3511e5513030e7db95159285417acc276a83
IMG_0354_JPG.rf.472f2bd9095257221cc50357a968e9e0.jpg,65412cf2-544d-4f4d-b5c6-a541df6f1e20,31658,4a761eeb5b5678c905c5e211562d77c5fa7e1397cf526f441d6e6855a1049207
IMG_0356_JPG.rf.7ddb152f9d8dc82c30875ed2daf6af6d.jpg,65412cf2-544d-4f4d-b5c6-a541df6f1e20,36447,33ff61f9da5b6dc7c663a2993264178e76526280e480c2a496c1105bde4d5084
IMG_0356_JPG.rf.d90bb17d5d5096cd9ad1d297080d8091.jpg,65412cf2-544d-4f4d-b5c6-a541df6f1e20,35473,c5c1c751d64e49b1f9921e33e93e1da2d02803973e6ddb8c79d5c643ba67b67d
IMG_0358_JPG.rf.1a98862ccdc6e09c564f6727ffb57866.jpg,65412cf2-544d-4f4d-b5c6-a541df6f1e20,37191,5dccadbb431ded4af0e13517e6266e701221ced29538cccadde2a244a590269f
IMG_0358_JPG.rf.aa52903eb89835c777d779b6d309764f.jpg,65412cf2-544d-4f4d-b5c6-a541df6f1e20,37191,5dccadbb431ded4af0e13517e6266e701221ced29538cccadde2a244a590269f
IMG_0362_JPG.rf.5b4c4a3e1f3b943795401da91094d5f9.jpg,65412cf2-544d-4f4d-b5c6-a541df6f1e20,36800,796716007e5a50dfda0db6d89266885c8a4ab1001b2e3db2b144d88aac85acd8
IMG_0362_JPG.rf.760ddbd29e538e169e55fc9b125aa4b3.jpg,65412cf2-544d-4f4d-b5c6-a541df6f1e20,37869,586bcae991349b3d714e4d52cd64cdce24b5eccbe0add712b9d0ff90d36475d6
IMG_0362_JPG.rf.d0cfa7a666c326f8980aec6a04408648.jpg,65412cf2-544d-4f4d-b5c6-a541df6f1e20,36800,796716007e5a50dfda0db6d89266885c8a4ab1001b2e3db2b144d88aac85acd8
IMG_0365_JPG.rf.90850755c3983c0df308d02c5157473c.jpg,65412cf2-544d-4f4d-b5c6-a541df6f1e20,33500,c50a944d942d52350dc18edb1b44a60b03ea9ae4a8cabe811e6d5735c2496415
IMG_0365_JPG.rf.f778b2f41ec2ab82164afd1c902a7d57.jpg,65412cf2-544d-4f4d-b5c6-a541df6f1e20,33500,c50a944d942d52350dc18edb1b44a60b03ea9ae4a8cabe811e6d5735c2496415
IMG_0367_JPG.rf.03a17636b04b6e8accc4b57625d977c2.jpg,65412cf2-544d-4f4d-b5c6-a541df6f1e20,33797,773885c0a494f7b1465da0b1ff8b640923e0dc3e04c6cb4e9b40f3cd6dd1d4aa
IMG_0367_JPG.rf.3259d906efe76faffd31c9f516613a85.jpg,65412cf2-544d-4f4d-b5c6-a541df6f1e20,33797,773885c0a494f7b1465da0b1ff8b640923e0dc3e04c6cb4e9b40f3cd6dd1d4aa
IMG_0367_JPG.rf.873b64ec8d6880ba5fb7b48eb046c7a3.jpg,65412cf2-544d-4f4d-b5c6-a541df6f1e20,34580,958e03bbf2bcf9bc7ce97e37b9d597419ac62c5a6190af142b6d238a2d187b60
IMG_0368_JPG.rf.df6f0babc931565f66b13fd2a58c3205.jpg,65412cf2-544d-4f4d-b5c6-a541df6f1e20,23261,d6aca8ee1804c4f80cd148b3a71047a5a005dc8e1a59db819dde4654187d0dc0
IMG_0368_JPG.rf.ef12f14fe3d2464ddedefdc47fb5820a.jpg,65412cf2-544d-4f4d-b5c6-a541df6f1e20,24199,d6cdbe0140c3726657757880813af29c28228ebd991b74551e87c921c346ac07
IMG_0370_JPG.rf.d040a174a6831162bd7b33b09009601a.jpg,65412cf2-544d-4f4d-b5c6-a541df6f1e20,27823,3a73efdd4a88a99f940f06b7831c351f104d08479def3dfde37b8bea3efb119f
IMG_0370_JPG.rf.d45d50c52a5443cd6b9c73d588ef0cb8.jpg,65412cf2-544d-4f4d-b5c6-a541df6f1e20,26986,946fdf5bbbe337b972d3c4fb37e44f68f3d7fcbe80f571c767440493e217b72a
IMG_0372_JPG.rf.08702036ba2662fd226fe5a3f85930ce.jpg,65412cf2-544d-4f4d-b5c6-a541df6f1e20,27777,011a066e66c3fc8102ea562c70f642a13d24b5cb7ebe4a87452f96c5c5204665
IMG_0372_JPG.rf.c36e7f890fca4a63d5e91efed6f31b81.jpg,65412cf2-544d-4f4d-b5c6-a541df6f1e20,26979,247c51db013357d0121218f7fe1c48df5661cb34f73f1262252ae4426813f3ad
IMG_0377_JPG.rf.2fa1872f172d7d3ed45dfe346d99edc8.jpg,65412cf2-544d-4f4d-b5c6-a541df6f1e20,26254,f23327adf81bf6306e9fd53cff1f0623890f69423bb289859114f8fad687a826
IMG_0377_JPG.rf.6849c2c21fa11a3f0fec6063713e6dfd.jpg,65412cf2-544d-4f4d-b5c6-a541df6f1e20,26240,d97ce858ace56c20c755ce8292824a4e20b19ec58df19f887f16887fc3185f65
IMG_0377_JPG.rf.b02edd7d5db0723bab4e78ea40aa3dcf.jpg,65412cf2-544d-4f4d-b5c6-a541df6f1e20,25350,e6671a166ce9a540766e6301d7e3e51440b0dafc6cef25d0d4b1d2648047544a
IMG_0475_JPG.rf.4c249c5aa19a0b2a3806fef5437e0871.jpg,65412cf2-544d-4f4d-b5c6-a541df6f1e20,33569,716853ad927b7dcf78c188565d24e357ab135c9d2d95a8487b4f88a697adca46
IMG_0475_JPG.rf.c293b288eca9244d7f05bee382a07ba1.jpg,65412cf2-544d-4f4d-b5c6-a541df6f1e20,32797,3d2b68d33db33fa66fa638f83720bc16cd6b0f44808a72afdcd1f66439667611
IMG_0475_JPG.rf.c6be258370759f31d5f844d138a18e11.jpg,65412cf2-544d-4f4d-b5c6-a541df6f1e20,32797,3d2b68d33db33fa66fa638f83720bc16cd6b0f44808a72afdcd1f66439667611
IMG_0476_JPG.rf.363843421e47ab1afa4f70aed4fad837.jpg,65412cf2-544d-4f4d-b5c6-a541df6f1e20,33219,a5c6d2ee4e33bafcdb63ef3a2b1489d2248507d3ed9311d19b26d0d0e1d78fb9
IMG_0476_JPG.rf.73ee32867d7adb51cbba2a7aa0044626.jpg,65412cf2-544d-4f4d-b5c6-a541df6f1e20,34397,9ad69c36105894e32ed305208fab3f7236373a0145d16eecd4d4cc106148d478
IMG_0476_JPG.rf.d4aae7dc6f397bbd86a5d435e34786a1.jpg,65412cf2-544d-4f4d-b5c6-a541df6f1e20,33219,a5c6d2ee4e33bafcdb63ef3a2b1489d2248507d3ed9311d19b26d0d0e1d78fb9
IMG_0477_JPG.rf.04d9626da1be69953d3a9472eb7032d8.jpg,65412cf2-544d-4f4d-b5c6-a541df6f1e20,34670,569432720d469ffea6b3589ccc76ecb84962e7cbbac3ad502687de536d07e442
IMG_0477_JPG.rf.763c9aadc6a2b493e8d4fa35432c6d37.jpg,65412cf2-544d-4f4d-b5c6-a541df6f1e20,34670,569432720d469ffea6b3589ccc76ecb84962e7cbbac3ad502687de536d07e442
IMG_0477_JPG.rf.987863e35c413d391b3c87f66558acb2.jpg,65412cf2-544d-4f4d-b5c6-a541df6f1e20,35679,f4066df40e7a03905ea9428aad3711d0ffddb47f2b2444da4e8eb9486ee9ee35
IMG_0478_JPG.rf.1aa3893479ab89ca2bd63d8c9f7763c1.jpg,65412cf2-544d-4f4d-b5c6-a541df6f1e20,34423,2baaa1912770a5b49803b63b74b5b3fc306e8c2e620e911afec6336af4727c3c
IMG_0478_JPG.rf.b17a17f12ef3651d8056994541ab3413.jpg,65412cf2-544d-4f4d-b5c6-a541df6f1e20,35392,4fa6315c6a28d8017e76c712bf0682d2403649edf6cedc86fa0a4709f38aa713
IMG_0478_JPG.rf.e65f25553c75c9de295b42a0d9907312.jpg,65412cf2-544d-4f4d-b5c6-a541df6f1e20,34423,2baaa1912770a5b49803b63b74b5b3fc306e8c2e620e911afec6336af4727c3c
IMG_0479_JPG.rf.61150ad044779269c2764b9c20c163cd.jpg,65412cf2-544d-4f4d-b5c6-a541df6f1e20,32871,58c7900f33b1d78528b0dad3c1307dbebf25f35fa9c2cac8a444bcee7097df80
IMG_0479_JPG.rf.85d06dcd52c1b3d7edc5114bcdbd8df3.jpg,65412cf2-544d-4f4d-b5c6-a541df6f1e20,32871,58c7900f33b1d78528b0dad3c1307dbebf25f35fa9c2cac8a444bcee7097df80
IMG_0479_JPG.rf.dbe4b19c38636d133610c4d16b2d91cb.jpg,65412cf2-544d-4f4d-b5c6-a541df6f1e20,33887,e47b9fc28ac3074a1a266d292116e3627eade47c7538d4e4b9bc30f565076752
IMG_0481_JPG.rf.8df4dc96e803dda919789c5513cd6c04.jpg,65412cf2-544d-4f4d-b5c6-a541df6f1e20,32568,0a961003598673c1e00a8a82868353cbd44bd6f60688c669d1c7cbbc2c2462e2
IMG_0481_JPG.rf.c6c891e58514cce0100a63f55d1fac3d.jpg,65412cf2-544d-4f4d-b5c6-a541df6f1e20,31528,0313c23f6072ec5d827ea336a26bf3ad5ec87449b8a9ca1bbf4d7f9a318366f2
IMG_0481_JPG.rf.e03c3b1762ccf868e89a35f79a86c792.jpg,65412cf2-544d-4f4d-b5c6-a541df6f1e20,31528,0313c23f6072ec5d827ea336a26bf3ad5ec87449b8a9ca1bbf4d7f9a318366f2
IMG_0483_JPG.rf.8698855826bf31fcbdba62a60c21381e.jpg,65412cf2-544d-4f4d-b5c6-a541df6f1e20,31178,4952a0e3631095102a615f57ea670661be56c57533545b140f4fa28d644fcdd8
IMG_0483_JPG.rf.b46b9196f489c994c095430d8af8d80d.jpg,65412cf2-544d-4f4d-b5c6-a541df6f1e20,32207,b8e44230f2bac91635d587513fa7e7e7b0cac99a45a6af2f15dc137007e832b9
IMG_0483_JPG.rf.b9248835ec942f0cf4038a16e3ad8dcc.jpg,65412cf2-544d-4f4d-b5c6-a541df6f1e20,31178,4952a0e3631095102a615f57ea670661be56c57533545b140f4fa28d644fcdd8
IMG_0547_JPG.rf.37984b50321026d86eaffab727fdc02f.jpg,65412cf2-544d-4f4d-b5c6-a541df6f1e20,32373,88d66d23f5cfcbd16beaebbcb1bd88914a2d750b6f4a1b857805b5197561e18e
IMG_0547_JPG.rf.d807febea06c02e17998ed157aefd50f.jpg,65412cf2-544d-4f4d-b5c6-a541df6f1e20,31257,c89121ee54344452c9f5c5d9262fc69f023be09cda16b7e37b5e322bb27d51de
IMG_0553_JPG.rf.062395daae4494e9d22965c88472f4ae.jpg,65412cf2-544d-4f4d-b5c6-a541df6f1e20,24251,48996182e77b0aa96c77e411ed41f4cb35f29eb4d6666446a4afbc3b1664fb0f
IMG_0553_JPG.rf.511da3035df05d2f49b3c25d2bd7e494.jpg,65412cf2-544d-4f4d-b5c6-a541df6f1e20,24284,900a341adbbedc003df1e670d2ab9fb853c1cb194f8185a64ee5b186fe34dc47
IMG_0553_JPG.rf.8f9b8776327d87e97457ebc8a58ea9dd.jpg,65412cf2-544d-4f4d-b5c6-a541df6f1e20,23443,bcdcfe85c82fbc5c2ee487bb5eb7db98438dbc78cd03b76b01455ce1cdb483e1
IMG_0555_JPG.rf.510626dc794479b9e0f45de271365bbc.jpg,65412cf2-544d-4f4d-b5c6-a541df6f1e20,25958,76890b3bab3a0a46cc41431fc2b069bcea855ca044e8add304cfc0b95a989e0f
IMG_0555_JPG.rf.6376ae34d8133e61d07dfa2415eda90a.jpg,65412cf2-544d-4f4d-b5c6-a541df6f1e20,25112,b5e047b5e9d547f1282753ab53fc61de4408512731fa4114b52c68e0000e1511
IMG_0556_JPG.rf.25349d6a24fc3cea5733b419270620cc.jpg,65412cf2-544d-4f4d-b5c6-a541df6f1e20,26064,dc7d57ed88f9fc2d2936483341424347ed604318186ec2e5b7135300efef4ee5
IMG_0556_JPG.rf.2cea56430103f2f2db6241e8fc8f79ef.jpg,65412cf2-544d-4f4d-b5c6-a541df6f1e20,25156,2564a87c0d045fd9b09024f0c4b927be01c844c6658849f9e30296f12395e1ba
IMG_0556_JPG.rf.f86112959cfe25e65050b9f86877c2ac.jpg,65412cf2-544d-4f4d-b5c6-a541df6f1e20,25156,2564a87c0d045fd9b09024f0c4b927be01c844c6658849f9e30296f12395e1ba
IMG_0557_JPG.rf.582a470bcec45572312dd06baf6d75b4.jpg,65412cf2-544d-4f4d-b5c6-a541df6f1e20,24450,fed48ad64771421808c15acb173702714fcf6d11ef94e7b3525b617be1557486
IMG_0557_JPG.rf.5eae6734e3be267a6eaf99303f8d4652.jpg,65412cf2-544d-4f4d-b5c6-a541df6f1e20,25367,56e71745cac9a16b483560113c70dca4481ec658db8579d2ff234bd3189ff531
IMG_0557_JPG.rf.6210382d5641c08968b8e8cef7fd8659.jpg,65412cf2-544d-4f4d-b5c6-a541df6f1e20,25378,708f7909580176980f46cc9fccebf0312e85bf60acb2df0598c6e9daa6ca03f6
IMG_0558_JPG.rf.3b034ec1e6b941e572bdc328e73bf839.jpg,65412cf2-544d-4f4d-b5c6-a541df6f1e20,41793,2e76a175c61c70f76abc1b90575b874156f169ae9b987be1412a6875561bea58
IMG_0558_JPG.rf.ac42e91ce4084654be5322861b7d87e4.jpg,65412cf2-544d-4f4d-b5c6-a541df6f1e20,40684,37e963622123e2e5263ecf56b84a4cc7c8c5ae40ab960a2a5aa0497056653517
IMG_0560_JPG.rf.14eb76ee1c0471779d83aec527afc794.jpg,65412cf2-544d-4f4d-b5c6-a541df6f1e20,29146,d862d1545a45986a9aa427ed6bd3345fa89e9604b072e317855150c0d479c7e4
IMG_0560_JPG.rf.23ff253ff2518c6071089a74f1b20dad.jpg,65412cf2-544d-4f4d-b5c6-a541df6f1e20,28165,beaa5c45fb64ae05d0c28d94b2c378b69ec0411cbeb05798daa419d05a81b4d1
IMG_0560_JPG.rf.f40015d0531eaba594018ec54bd02a56.jpg,65412cf2-544d-4f4d-b5c6-a541df6f1e20,28165,beaa5c45fb64ae05d0c28d94b2c378b69ec0411cbeb05798daa419d05a81b4d1
IMG_0561_JPG.rf.4a755770d9871d060900e48fcb4e71c1.jpg,65412cf2-544d-4f4d-b5c6-a541df6f1e20,28343,be98d65c5b19e5c407a07c24d3b74985465b728c2a44b412c27120b6c3cce53f
IMG_0561_JPG.rf.7074443215f5dd14e8cdfafcb6c64ad7.jpg,65412cf2-544d-4f4d-b5c6-a541df6f1e20,28343,be98d65c5b19e5c407a07c24d3b74985465b728c2a44b412c27120b6c3cce53f
IMG_0561_JPG.rf.d041b5e02e4a4949a234809849a661f9.jpg,65412cf2-544d-4f4d-b5c6-a541df6f1e20,29292,bf1952a538ec7f69b39015fa9ad0206e3d81f87a682bd55266f73ca7a79625b2
IMG_0562_JPG.rf.451a05ca5047e8c6c71f5f0b0411ca29.jpg,65412cf2-544d-4f4d-b5c6-a541df6f1e20,29798,36cd6508c00cfd46c9d866b5e118b10518f6ee93c240517f9f375f5de2cee485
IMG_0562_JPG.rf.5a257394bfa33aecf3ecc7c6daa9e3a9.jpg,65412cf2-544d-4f4d-b5c6-a541df6f1e20,28873,b30d49f1c7c60b2e6262c246b6b554048010fbba531e2eae6d859a2cf456ba4f
IMG_0563_JPG.rf.2f2b3419c598719a70ae20572aca82e4.jpg,65412cf2-544d-4f4d-b5c6-a541df6f1e20,30160,999a87b6ab32a571986654791b4846bb241aed2521d9d80e4533cafae6167c4a
IMG_0563_JPG.rf.7b76684ca27e91f9c937169da48080ca.jpg,65412cf2-544d-4f4d-b5c6-a541df6f1e20,29382,876df122f4c15628f2c1d05f91b9a91217400c89ebfad6ada4c1bb9ef5c0d163
IMG_0563_JPG.rf.c63bb3f21b5ddf2079af85c81b8beb17.jpg,65412cf2-544d-4f4d-b5c6-a541df6f1e20,30124,fae89609abcf00e1dd80d69e45bdbde84cc61d18cbb0c3fb82cd1b81c075a9ba
IMG_0564_JPG.rf.22b244e6018f510a29e821c47b24c749.jpg,65412cf2-544d-4f4d-b5c6-a541df6f1e20,28695,8deada454594c6474dc036b45a71a2bf1b3caecc4c549c2e3aa23a52daf85ef7
IMG_0564_JPG.rf.bc8f547c5bf65685222eed6d95c38534.jpg,65412cf2-544d-4f4d-b5c6-a541df6f1e20,29588,207f717b76ffc83dfea5724804ea1ae3542ef996bb0ee3f8a37a5741927becd9
IMG_0565_JPG.rf.32df19c6cda6045b86b1287e1356852a.jpg,65412cf2-544d-4f4d-b5c6-a541df6f1e20,26365,a68751ad38ed6409944af57651b2024ccf793aafb4e7b0d91179d32d7b0634e4
IMG_0565_JPG.rf.b77e8cab7b1a5be0a34a7bfdf8134c76.jpg,65412cf2-544d-4f4d-b5c6-a541df6f1e20,26365,a68751ad38ed6409944af57651b2024ccf793aafb4e7b0d91179d32d7b0634e4
IMG_0565_JPG.rf.bc0b6754910c36e4cc2e9a331ca1aff4.jpg,65412cf2-544d-4f4d-b5c6-a541df6f1e20,27038,26b654cbe1fbac4c2d3276d876a9390d6ee70c5d5a328124170d72f3db54a644
IMG_0566_JPG.rf.183fa51a5be60b4c8f7011342401f1a9.jpg,65412cf2-544d-4f4d-b5c6-a541df6f1e20,28145,eb2de7b6c3fc87fb466a2e43e22fc16aa703f2e24a2fee9083d1ae5ef4bd3ac7
IMG_0566_JPG.rf.53d10a44db7d8cac802e25b2bb28aa6c.jpg,65412cf2-544d-4f4d-b5c6-a541df6f1e20,27299,6656b2b4cca3a054b541f0f033accd56613cd3ce34c90b75e80b72efaa220999
IMG_0566_JPG.rf.54d3852f5a2927eafcb88b949e2b348f.jpg,65412cf2-544d-4f4d-b5c6-a541df6f1e20,28321,7e29ba7bc382e3b2386101a2c25e4b660efd4d7f478629a44602179c97382fed
IMG_0567_JPG.rf.14af69056349cb1631970efb91fad1c9.jpg,65412cf2-544d-4f4d-b5c6-a541df6f1e20,28684,91d71d74b238ee9e8d53327394086113fba5ed0bb4b714b4c361978006e4c8be
IMG_0567_JPG.rf.620205f8353c6f94a939833f91a30783.jpg,65412cf2-544d-4f4d-b5c6-a541df6f1e20,27681,7c43e731831994cd3763c53256b1df9706ce9b4a0bb5bd3f414ba2162b493354
IMG_0567_JPG.rf.9547629acc1a08db3e66e53792865219.jpg,65412cf2-544d-4f4d-b5c6-a541df6f1e20,27681,7c43e731831994cd3763c53256b1df9706ce9b4a0bb5bd3f414ba2162b493354
IMG_0568_JPG.rf.17596c02cfdfdbf5f8af6acb5766c1f6.jpg,65412cf2-544d-4f4d-b5c6-a541df6f1e20,28828,aa63030f1a04e3fd0aecfa6763b998057965eb5fbe7d60227e6c22bb6af5f877
IMG_0568_JPG.rf.99c9e14726e3d07c538910e62a70393e.jpg,65412cf2-544d-4f4d-b5c6-a541df6f1e20,27720,b83592b1b1e7e0f11d2ae256d964dd1b1b20736d8a0aa1609f80c665ba51af08
IMG_0568_JPG.rf.d9183f855d8b45311734b20989e70972.jpg,65412cf2-544d-4f4d-b5c6-a541df6f1e20,28855,ac7c6371187a91438d9da184341a188890c11be4460b6abf64877af23ff50393
IMG_0576_JPG.rf.2e0d58367563ebf4e31b6131f4b1d61d.jpg,65412cf2-544d-4f4d-b5c6-a541df6f1e20,29361,ca426ff6c67e9884573d54def76c28b603bec813e5b09eebbd64cde855353ce0
IMG_0576_JPG.rf.8497439d093f71ce02dbd3c009e50a67.jpg,65412cf2-544d-4f4d-b5c6-a541df6f1e20,28261,d19f32606514287f1aa832a0befadb6862deb44b63f507eb0bc7671629a59d0d
IMG_0578_JPG.rf.58f7376e224ab6f029cdb419685f0931.jpg,65412cf2-544d-4f4d-b5c6-a541df6f1e20,28984,015ca6128d5f627c7b1c9e63d56056fb766706903fffc2458eec49fe690a2fe5
IMG_0578_JPG.rf.71d0229bb34faacb41d8ba0d2429b40e.jpg,65412cf2-544d-4f4d-b5c6-a541df6f1e20,29016,2189fe2f713b1c688acd4fe5add73d53a911152e0e02c901257dae71c4efdfee
IMG_0578_JPG.rf.b22e5c774d0b88298ce835e05965087e.jpg,65412cf2-544d-4f4d-b5c6-a541df6f1e20,27918,d6c1bcaccc1c5df697fefb8c9e442367bd29491d2e6af52176703e6d2905b013
IMG_0582_JPG.rf.b068af6ce94ff6399a34a7b20cd7c29f.jpg,65412cf2-544d-4f4d-b5c6-a541df6f1e20,24290,7a58a69248447361af562342495fd943638069f48659a79580c36d56b49e975c
IMG_0582_JPG.rf.ee182bd09f601bf800178467551c9df3.jpg,65412cf2-544d-4f4d-b5c6-a541df6f1e20,24290,7a58a69248447361af562342495fd943638069f48659a79580c36d56b49e975c
IMG_0589_JPG.rf.469a2b423d294782981caebd3e8f52c6.jpg,65412cf2-544d-4f4d-b5c6-a541df6f1e20,26435,0fb650277637d61e5c6bcc09270e3ad0236e7c7bd75f83c4ab901040ecea0df3
IMG_0589_JPG.rf.7a7b866b3e687d47514e97c105f7fbc1.jpg,65412cf2-544d-4f4d-b5c6-a541df6f1e20,27445,c2f9ab5f8d5dada82a8c2ba9ce4bde58a321fd730a1e11648494d3e995a53813
IMG_0589_JPG.rf.9ce4bea8c2aa5e65195a6ab504e48e15.jpg,65412cf2-544d-4f4d-b5c6-a541df6f1e20,27609,cbe29d436a511da6b51b78e0b4202f3dbf0329b55f4169120b7fb0b4229ebcce
IMG_0590_JPG.rf.135c46f31beb27dc7c9830199cc80e2f.jpg,65412cf2-544d-4f4d-b5c6-a541df6f1e20,27281,e09a2955598b5d380115e579691233290b5e097db0b1c24241357f9795625f9f
IMG_0590_JPG.rf.aa99a2e7f92f538182c73ff9b4018dac.jpg,65412cf2-544d-4f4d-b5c6-a541df6f1e20,28510,25e952b877ffbfd8ef290659ab1edc431ee8cfbdcabd79e7e384c23bc2c5ff61
IMG_0590_JPG.rf.e1c1f11c4e0c2abaa5c83c1e545217af.jpg,65412cf2-544d-4f4d-b5c6-a541df6f1e20,27281,e09a2955598b5d380115e579691233290b5e097db0b1c24241357f9795625f9f
IMG_0591_JPG.rf.153c5209206128731b704ef9830a094e.jpg,65412cf2-544d-4f4d-b5c6-a541df6f1e20,26431,7d50b5c816f3f86e2dadf8f01eb92e4f70b9e4a972d9621325c880fb7d555b8c
IMG_0591_JPG.rf.5d366833642e4b43f0f5132322574c9d.jpg,65412cf2-544d-4f4d-b5c6-a541df6f1e20,25040,ba55ae11accb65021aac5859a28410e5224659f391e27d3d04a7645d464b31f1
IMG_0591_JPG.rf.8a98c74d8c2059aa556e57ed33b92729.jpg,65412cf2-544d-4f4d-b5c6-a541df6f1e20,26395,62a228b23b7ff1725e66aa09b1ed72347f1fd8125d47b90cb63443d2a4549e77
IMG_0592_JPG.rf.1abec66f4b863ba35be8d04a9eadf0b8.jpg,65412cf2-544d-4f4d-b5c6-a541df6f1e20,29150,b112f1a01fe199e85b13ec14560edddbb70a3a41a01357619d9ca0b45ded92ec
IMG_0592_JPG.rf.8e7e2d932c88fc7dbaabcf07afc8c743.jpg,65412cf2-544d-4f4d-b5c6-a541df6f1e20,28009,bd8d7ac333ee8faf23b1adc1b82170f0c44811ad9c8ef0919422144555af56b9
IMG_0592_JPG.rf.c448704ea54d49b24031c22e2574c47f.jpg,65412cf2-544d-4f4d-b5c6-a541df6f1e20,28009,bd8d7ac333ee8faf23b1adc1b82170f0c44811ad9c8ef0919422144555af56b9
IMG_0651_JPG.rf.6c32194fac391802a23aa83a23d9eea6.jpg,65412cf2-544d-4f4d-b5c6-a541df6f1e20,36564,2df65212811e694948a4a0b20e5ca452e6217d1dc0d74c44a597fa10873f6edc
IMG_0651_JPG.rf.af82bbc8da850aca61ff810b4db6323f.jpg,65412cf2-544d-4f4d-b5c6-a541df6f1e20,37515,f672fea0cb5449f3293eb023ab90bc532d44238456c7fb432719abc91e2d8602
IMG_0652_JPG.rf.90b03c3d2b26186714d8aa2af015ece0.jpg,65412cf2-544d-4f4d-b5c6-a541df6f1e20,37169,d5c8b9d4d2d7b631bd1c3ae9f652af981c67472d661d28063534ead626ff83bd
IMG_0652_JPG.rf.a78c7d9600ba8467f5e0fe53e9945f96.jpg,65412cf2-544d-4f4d-b5c6-a541df6f1e20,37118,8a26f725a7ba1627ac80b39186ef44c1e2479a5c4af34b62ed86ef290a1b4440
IMG_0652_JPG.rf.fc6a28677c21659bc11dd2b3566b7a57.jpg,65412cf2-544d-4f4d-b5c6-a541df6f1e20,36220,e787ea0615fcdc5ff993d903ca276eb87c948375b436c5351d9ecd3bbb25a20d
IMG_0654_JPG.rf.3bd4dfe7ed1da59c7fa7daa90a53f88e.jpg,65412cf2-544d-4f4d-b5c6-a541df6f1e20,43553,e5f37d426915586dd130cedb68e9053585832f6baf77867e1d5204bcfe512e43
IMG_0654_JPG.rf.bb7ce0825ddf3a24e78b1ba71aff6a0c.jpg,65412cf2-544d-4f4d-b5c6-a541df6f1e20,43553,e5f37d426915586dd130cedb68e9053585832f6baf77867e1d5204bcfe512e43
IMG_0654_JPG.rf.ce10b4d708733f7fe24ca4c6fd2bdb7a.jpg,65412cf2-544d-4f4d-b5c6-a541df6f1e20,44409,cfa74a99125e8f04ab7c3129cdd2a605552c4cdcd0e64affc086cc9fa4750443
IMG_0655_JPG.rf.33979de3cc0ebaabfbe333b015f4fa21.jpg,65412cf2-544d-4f4d-b5c6-a541df6f1e20,44664,a605d480b87f034344c64c75beae903036b47b9cbc7c8c30c4b1e0def9baed32
IMG_0655_JPG.rf.64fc5633fd8c964694de64ba79bf6112.jpg,65412cf2-544d-4f4d-b5c6-a541df6f1e20,43684,c02065d4fd9ee2c9230fc93055c2f9bd4fc8b9a16325bfc7a62503ae6bb242c6
IMG_0655_JPG.rf.d39fecb9795f72b68070a3faf44abb82.jpg,65412cf2-544d-4f4d-b5c6-a541df6f1e20,44714,fdba6e420cf84bc1f53915375ed81c8dd1cbc1c641a16d2c5e3e5d3a102538a2
IMG_0656_JPG.rf.12843647f8d467472744f1f1c1531079.jpg,65412cf2-544d-4f4d-b5c6-a541df6f1e20,43202,36a9de096c54eeafdfc8c6db6d915ee376b3bcbd40ec217645af3c8eeaf67085
IMG_0656_JPG.rf.363ae30ef18ab3d15daa2d3243cc9856.jpg,65412cf2-544d-4f4d-b5c6-a541df6f1e20,43202,36a9de096c54eeafdfc8c6db6d915ee376b3bcbd40ec217645af3c8eeaf67085
IMG_0656_JPG.rf.768c41553a11b767e7361a4f3197417c.jpg,65412cf2-544d-4f4d-b5c6-a541df6f1e20,44254,7b87102d51e187ba3208ccc9588dbb7c0eebed38a976be117b3c0874b15b3aa5
IMG_0696_JPG.rf.541445b14fc48535bce21ce30e327db2.jpg,65412cf2-544d-4f4d-b5c6-a541df6f1e20,44747,d9f73503830409b722a93a89136bc32f625b093d354dae3565ada730a17ee5d0
IMG_0696_JPG.rf.73a1208fea91d7868b6f1fbb1d292114.jpg,65412cf2-544d-4f4d-b5c6-a541df6f1e20,43743,bb6a619cd016de6724f2df35e30b50d6e68a245ea3dd12982858566118443c92
IMG_0696_JPG.rf.c729bbabb4d2bb1f9526c3d37ab38679.jpg,65412cf2-544d-4f4d-b5c6-a541df6f1e20,43743,bb6a619cd016de6724f2df35e30b50d6e68a245ea3dd12982858566118443c92
IMG_0698_JPG.rf.268b67180ee5f89d069a00c666c85d80.jpg,65412cf2-544d-4f4d-b5c6-a541df6f1e20,42920,b6d5e7339776a2a98c208c2a04f1e3d67682be160dbf63a4297c387ae91d8a3f
IMG_0698_JPG.rf.8621919c4c173b99ecf8ea67022588e9.jpg,65412cf2-544d-4f4d-b5c6-a541df6f1e20,43884,81ed6069dc84d98591e75c551db499ab6235561946b788a993dcc8e018fcf841
IMG_0698_JPG.rf.ded1cbf04832953ac3b3db10e4533d5a.jpg,65412cf2-544d-4f4d-b5c6-a541df6f1e20,43902,91ecff939469b3ea20b6b8146fca2f96ef7fac6a1372bcc1d97c7ca5b13903c2
IMG_0699_JPG.rf.065b5d4420a8e6f324dd50e06e47ec63.jpg,65412cf2-544d-4f4d-b5c6-a541df6f1e20,47519,bdbe772df6203688c051c6a1233df495f3d8a5c9a88700ce021b6f9b0228d726
IMG_0699_JPG.rf.29dc7d7b4c9b614b773d38d33f5e7d6f.jpg,65412cf2-544d-4f4d-b5c6-a541df6f1e20,47519,bdbe772df6203688c051c6a1233df495f3d8a5c9a88700ce021b6f9b0228d726
IMG_0699_JPG.rf.5912d4beefb44ec3b686077ad5a1ec74.jpg,65412cf2-544d-4f4d-b5c6-a541df6f1e20,48493,15ca10fb9af8d7c380808390150ffc7f16189c6357d907733b928f8d7c461443
IMG_0700_JPG.rf.031dc8f57c4322e26f9bffd351ccbe7a.jpg,65412cf2-544d-4f4d-b5c6-a541df6f1e20,43706,dc5df2f1636ef886886a8cbe10233fba5a70b3db22e742934bd14a2708025633
IMG_0700_JPG.rf.062daa14214488dc1f97f3e360f240ea.jpg,65412cf2-544d-4f4d-b5c6-a541df6f1e20,42691,67e40003da84b780c61e27ff3aadc65217e1f1c25660c5456bc4eec970df2148
IMG_0700_JPG.rf.4cbe85b201e8e759546f357d1261895c.jpg,65412cf2-544d-4f4d-b5c6-a541df6f1e20,42691,67e40003da84b780c61e27ff3aadc65217e1f1c25660c5456bc4eec970df2148
IMG_0884_JPG.rf.884ae57016d6b1d8f6e43ebd1e6c331e.jpg,65412cf2-544d-4f4d-b5c6-a541df6f1e20,32593,5554103d0e77ced506114ec5561e8634901ef9864a40110b1384520dc89b2ebe
IMG_0884_JPG.rf.9f995940c099f3c2c9b07c814423ac39.jpg,65412cf2-544d-4f4d-b5c6-a541df6f1e20,33484,59b6cb0ccf9bc01101f918d3720debeb45359e0e8ae4c96c19e31bedb46b38b2
IMG_0884_JPG.rf.f2e2fe24dd34c345d93f04add5ffb084.jpg,65412cf2-544d-4f4d-b5c6-a541df6f1e20,32593,5554103d0e77ced506114ec5561e8634901ef9864a40110b1384520dc89b2ebe
IMG_0885_JPG.rf.165a5ef5a9f6f66fd0b7f47a13f077aa.jpg,65412cf2-544d-4f4d-b5c6-a541df6f1e20,33178,9d9eea408c4a3ec9b6dcdc741df2d6e75c6dd860848c4a2dd5c836ced43e07dd
IMG_0885_JPG.rf.7a70b6476483e3119c932f2261c9e5ca.jpg,65412cf2-544d-4f4d-b5c6-a541df6f1e20,32347,b63c234bb22d19d416d1b8cf63106f8b2aabe58fc1046b86bdd157b1cdde1ef8
IMG_0885_JPG.rf.99ca8f877607cbfd717db876513abebd.jpg,65412cf2-544d-4f4d-b5c6-a541df6f1e20,32347,b63c234bb22d19d416d1b8cf63106f8b2aabe58fc1046b86bdd157b1cdde1ef8
IMG_0886_JPG.rf.37487d1e3f3d6a8476db1427d859fe75.jpg,65412cf2-544d-4f4d-b5c6-a541df6f1e20,32093,bef9ce8491606a376e62c7c2968b5985ba4184d5a97e32426acfff03053bf9d2
IMG_0886_JPG.rf.457cc5ac311b75b578849477dfd00ae7.jpg,65412cf2-544d-4f4d-b5c6-a541df6f1e20,31129,66f51b5d6f7ff9375a00f938193c0d40bf079662df38ba22a62b4a274a6b2bc7
IMG_0886_JPG.rf.ca4ae5757a900a8705badf3cf0928cca.jpg,65412cf2-544d-4f4d-b5c6-a541df6f1e20,31129,66f51b5d6f7ff9375a00f938193c0d40bf079662df38ba22a62b4a274a6b2bc7
IMG_0887_JPG.rf.0092cf4a4a3d1934436d33f45e59f98b.jpg,65412cf2-544d-4f4d-b5c6-a541df6f1e20,33066,8a63f4ac30723e588658b7986e32ded47a5a20a1f080faee10820504f5fadebf
IMG_0887_JPG.rf.5ff17fb735ebfcfb159a9de8ce4c6d95.jpg,65412cf2-544d-4f4d-b5c6-a541df6f1e20,32372,0d3fc95d04b885a2c7585aa2d93a33330b7b1ad22c2c8c95c47414c6fa698594
IMG_0887_JPG.rf.aa6cd1b1f9d4af9c5b9c28afd0ae8755.jpg,65412cf2-544d-4f4d-b5c6-a541df6f1e20,32372,0d3fc95d04b885a2c7585aa2d93a33330b7b1ad22c2c8c95c47414c6fa698594
IMG_0888_JPG.rf.3ae8d317bfb5018d169cad453b0aaa24.jpg,65412cf2-544d-4f4d-b5c6-a541df6f1e20,32141,547b0e794c8637985885004c721da9fb2dba26feefc091710ddefb9926fc5acc
IMG_0888_JPG.rf.941a017d980c7b33573826b4c50afdbc.jpg,65412cf2-544d-4f4d-b5c6-a541df6f1e20,32141,547b0e794c8637985885004c721da9fb2dba26feefc091710ddefb9926fc5acc
IMG_0997_JPG.rf.0e962be3a63dedc7c34e5f19c493aa2a.jpg,65412cf2-544d-4f4d-b5c6-a541df6f1e20,37764,76f50f0e5d28cddacbd57dc2d20ba9a8d943d32a9e55497f9290d46a1233c7d3
IMG_0997_JPG.rf.867c836e48e10eb4f55407f939a2c08e.jpg,65412cf2-544d-4f4d-b5c6-a541df6f1e20,38663,8fb68b445fbfb9a8c6ab6d7ec1139202528a28a8cdb375b5dbf7dbdadc3b0f96
IMG_0997_JPG.rf.c7fa3953c971a96abc042fd930d39886.jpg,65412cf2-544d-4f4d-b5c6-a541df6f1e20,37764,76f50f0e5d28cddacbd57dc2d20ba9a8d943d32a9e55497f9290d46a1233c7d3
IMG_1000_JPG.rf.2c77464cf7fab7219e33c01804ef7fbe.jpg,65412cf2-544d-4f4d-b5c6-a541df6f1e20,31328,f4374dd722a4bff758d68dd265e2de08927dada74d4dee1ca66cef8d551d17a2
IMG_1000_JPG.rf.38e132ec64d1006169aa087cf19216ef.jpg,65412cf2-544d-4f4d-b5c6-a541df6f1e20,32641,ecf3c68b3f15fb2e4a6695f8bec48bb37184a9704c82fb3ad40e28973ecc5463
IMG_1000_JPG.rf.eaa8833c87cbe4765f82de5d665f6504.jpg,65412cf2-544d-4f4d-b5c6-a541df6f1e20,31328,f4374dd722a4bff758d68dd265e2de08927dada74d4dee1ca66cef8d551d17a2
IMG_1005_JPG.rf.67cfd7d4479c7c92870321afd2ab3f74.jpg,65412cf2-544d-4f4d-b5c6-a541df6f1e20,28797,c4921c28c427ee9c705fbfa1188479ee2f4c1b48e5d267a695a9eeafc5b2d10f
IMG_1005_JPG.rf.69ded5fd0a526e0fd5347fb55e7fcd6c.jpg,65412cf2-544d-4f4d-b5c6-a541df6f1e20,28194,a25cee001e4f590ceab3633cd7304bfef25c2567d2c5a60da68d18c77d3ae37a
IMG_1005_JPG.rf.a5342ae1176edfcd8f84d4c6ec15962c.jpg,65412cf2-544d-4f4d-b5c6-a541df6f1e20,28717,b4bdf8d5083821ba9b19fc1b85d7784591eceaff7cb8242858342d7a3ba57f83
IMG_1011_JPG.rf.809ed26eb247a21da4bf3dbbde1f6ed1.jpg,65412cf2-544d-4f4d-b5c6-a541df6f1e20,28528,625787d39ec452a8de67a45255acc7371297143169edb057eff2578a5c873c2a
IMG_1011_JPG.rf.8ecd5f430986548313ad27a80713db62.jpg,65412cf2-544d-4f4d-b5c6-a541df6f1e20,29401,a41b8105ad1f6da424775c8849988af35be6751b9913ddc04a0197f987e53da3
IMG_1013_JPG.rf.288a6cf01fa425246183ec16ae0dfd6a.jpg,65412cf2-544d-4f4d-b5c6-a541df6f1e20,45076,52773c472c6d35d042fb2cf15ad9526486b7ee849f6c3c8666e2c8f62be8ac32
IMG_1013_JPG.rf.d1efe7b1f59bda11a69c62ad8ec95f2b.jpg,65412cf2-544d-4f4d-b5c6-a541df6f1e20,45108,0efba315365d36cbdbe7b6c5eb4ad0c09f0f042100930222f3dccffb03541f5d
IMG_1013_JPG.rf.f053086fc7f524cdb445a1ad3547e647.jpg,65412cf2-544d-4f4d-b5c6-a541df6f1e20,44319,7ec5330b75f20471b9cda6db43bce029c911afa0a67eb4937c7e47f1072573af
IMG_1014_JPG.rf.1f607c4f831abf5488f76144cab307bf.jpg,65412cf2-544d-4f4d-b5c6-a541df6f1e20,45731,299a4c7bc163cd6068710faf767c50ab4ebec28c435856e9b9d1e42b34ee44c5
IMG_1014_JPG.rf.3175033a08fba5ff97734a8581d657a1.jpg,65412cf2-544d-4f4d-b5c6-a541df6f1e20,46215,7ae186805184186d67d8f6985c56e31e916dd92dd71cf64097a73beba9c06f00
IMG_1014_JPG.rf.434b67042fa026df67bc99ef2db2d52a.jpg,65412cf2-544d-4f4d-b5c6-a541df6f1e20,45731,299a4c7bc163cd6068710faf767c50ab4ebec28c435856e9b9d1e42b34ee44c5
IMG_1015_JPG.rf.0b9a43e28408f203f1426d06554245f4.jpg,65412cf2-544d-4f4d-b5c6-a541df6f1e20,46336,7e69a76d8597ddf424eff30981009d219f6d83659d8c72cde5bedf7e325d4d6a
IMG_1015_JPG.rf.1d71e1f1c25be437d14f0352f697502d.jpg,65412cf2-544d-4f4d-b5c6-a541df6f1e20,45740,679f18dc25c9ada7e9efb51f0aeffadddc4092fe87d39a1761de1f1123b63417
IMG_1016_JPG.rf.52ac20a31c5e436771e82b4060ae2bae.jpg,65412cf2-544d-4f4d-b5c6-a541df6f1e20,45590,c1d74216474e224ea49621aca54d6c3efb6c7e35a109129517940e8d12750bcc
IMG_1016_JPG.rf.66f557d252990ca8db50681a149ef820.jpg,65412cf2-544d-4f4d-b5c6-a541df6f1e20,44861,7ee7c87c47533e2b328ab4ef69d39bb131082000b48b790a6344c4cfa50984eb
IMG_1016_JPG.rf.ee10fb35a7c699979189560b0249b8dd.jpg,65412cf2-544d-4f4d-b5c6-a541df6f1e20,44861,7ee7c87c47533e2b328ab4ef69d39bb131082000b48b790a6344c4cfa50984eb
IMG_1017_JPG.rf.2d5f4d5feab3ce0de47efad018ba4933.jpg,65412cf2-544d-4f4d-b5c6-a541df6f1e20,39656,78b736d0d2a2c21f7c42e3b64a02e444509fc80b69d007b52bbd36b49ba8601d
IMG_1017_JPG.rf.3d8bd8a095b8c7629a39b1145346a23b.jpg,65412cf2-544d-4f4d-b5c6-a541df6f1e20,39593,eecbf882c44e6470b0cc0308098cbe9c3735890440d2e94dbfafda2603790398
IMG_1017_JPG.rf.b845a605a8d5a18e1166790729488d05.jpg,65412cf2-544d-4f4d-b5c6-a541df6f1e20,39063,ca0665655cfe2d29300845e115e521da2943c0c1e39b3a557a11fd5d0d13bf5a
IMG_1018_JPG.rf.18ed6aaf251f0f5b3cd33e3e8f1e96ed.jpg,65412cf2-544d-4f4d-b5c6-a541df6f1e20,44942,44a4f3557f58454e96a7be557d11dbdbdf3f39dcc400496c90cdc457f9d88897
IMG_1018_JPG.rf.721f439ef47e80387840d3c61d64a48b.jpg,65412cf2-544d-4f4d-b5c6-a541df6f1e20,45452,9b9c5310e362657928e73f83ddb7501f325b7e5d3c3e942233d98d4ae8082008
IMG_1018_JPG.rf.7f65e9bae149bc80e78c3664b6468f83.jpg,65412cf2-544d-4f4d-b5c6-a541df6f1e20,45583,c83c3b0cd3da6b85c657334ac0462c1e77e1e8c9971be808248e33e6869cfc9b
IMG_1019_JPG.rf.41bdd18e5cdd19b5f701fe8d7ec48f51.jpg,65412cf2-544d-4f4d-b5c6-a541df6f1e20,32083,d5320e0ea58f8b2b12adad70878ddf82d2193190f5d7da99c83036eaa1c2ca8e
IMG_1019_JPG.rf.e809b5405379d3facd5a296747ad618e.jpg,65412cf2-544d-4f4d-b5c6-a541df6f1e20,32717,4866d0c23671872b2d98a1d93acd0b3aa17fd1189066b672ea10d0c7e313566c
IMG_1020_JPG.rf.1006e693d0591c80f7d078adbf7eb6e2.jpg,65412cf2-544d-4f4d-b5c6-a541df6f1e20,34297,fdcd3c78add4bb42bd2348fc460dddc56c3341a1de5d753ab59c554e67784773
IMG_1020_JPG.rf.e049de47f11f4b63e7c34e287eb5b97e.jpg,65412cf2-544d-4f4d-b5c6-a541df6f1e20,34320,73b5c5974192b4091ef9c1b1909db6503d26f4616eddda042b6ca0c6019e2b25
IMG_1020_JPG.rf.e43d06f9c1e78fec84eaafb74eb32c4c.jpg,65412cf2-544d-4f4d-b5c6-a541df6f1e20,33491,7a3d1894e3ee168c96a46259f5d7f7c75c5a9ac61de7f8102329a7e66a06aa35
IMG_1021_JPG.rf.5d4e44412cbe2e738094920f0814fff4.jpg,65412cf2-544d-4f4d-b5c6-a541df6f1e20,33846,0ec8dce2c008264c1be7c1c1b1f370faf6f46f71fec7aa922cc347721ba3512b
IMG_1021_JPG.rf.e171764da716605040a765c7b7b31b3d.jpg,65412cf2-544d-4f4d-b5c6-a541df6f1e20,33027,7d27040a93b82d107e3c2746e0d19ec9a4bfcec943757a4312502b6d383e9a23
IMG_1021_JPG.rf.edba922c4a9b61566f2028bd3eca3236.jpg,65412cf2-544d-4f4d-b5c6-a541df6f1e20,33027,7d27040a93b82d107e3c2746e0d19ec9a4bfcec943757a4312502b6d383e9a23
IMG_1022_JPG.rf.240f849996e3c1ba7be1cfa3eb119438.jpg,65412cf2-544d-4f4d-b5c6-a541df6f1e20,33675,27be4bc2f4a660ad5242b6db2a1b96f668bc55562390dfb94de58935aa563654
IMG_1022_JPG.rf.81d84ba9c719633d6a17e14cb8cb8cf1.jpg,65412cf2-544d-4f4d-b5c6-a541df6f1e20,32793,0c0fbb58fcef8e76c9c78d564d827e4419fc855bd4f0384c8f7b729c6577a63a
IMG_1022_JPG.rf.cd75ee84469cab325cb949b628a095ab.jpg,65412cf2-544d-4f4d-b5c6-a541df6f1e20,32793,0c0fbb58fcef8e76c9c78d564d827e4419fc855bd4f0384c8f7b729c6577a63a
IMG_1024_JPG.rf.6a01932c69389141e680c048c52009ef.jpg,65412cf2-544d-4f4d-b5c6-a541df6f1e20,31876,6b954f3ab76213cf3813683819e984cf3885baf0926c2b8c75dbe13254b2c5c1
IMG_1024_JPG.rf.9b88509ff50e9ab40bd0cfcd6e31bf13.jpg,65412cf2-544d-4f4d-b5c6-a541df6f1e20,32647,4a4a3c2b25d3ed77616e5e5ffe27ec6aada6d45a74ba0d058172adbf46f57a3f
IMG_1024_JPG.rf.cbbcf2953f94a1878e1686c4f914e9b8.jpg,65412cf2-544d-4f4d-b5c6-a541df6f1e20,31876,6b954f3ab76213cf3813683819e984cf3885baf0926c2b8c75dbe13254b2c5c1
IMG_1028_JPG.rf.66155ddf79e97ea11c22e65c2acb8a74.jpg,65412cf2-544d-4f4d-b5c6-a541df6f1e20,37815,32114afedf552430ad41af3cdc9a54b9f7631308ff2fa715751d903f5810876b
IMG_1028_JPG.rf.d945200d596f96d0cc2750cb907135bd.jpg,65412cf2-544d-4f4d-b5c6-a541df6f1e20,37070,c610b68f806dc60294910de6558052f777f070d4b401aaf6c05c465f19c71a77
IMG_1028_JPG.rf.dd9a38f624de45ce3a6393e80790cd64.jpg,65412cf2-544d-4f4d-b5c6-a541df6f1e20,37865,59a6bd2a852f4ef3ad0797d180a26146a9372ed6abcc6beb45ab7da04e0326c4
IMG_1029_JPG.rf.06f68e9b31c9e495b6cea9ac81b1a254.jpg,65412cf2-544d-4f4d-b5c6-a541df6f1e20,31913,fd8c69dac3f2dd1f4fa3c73da46fdc89440991de087fdf80af5a520be0c13bf5
IMG_1029_JPG.rf.27891468438f722f61825c43f7a5c628.jpg,65412cf2-544d-4f4d-b5c6-a541df6f1e20,31913,fd8c69dac3f2dd1f4fa3c73da46fdc89440991de087fdf80af5a520be0c13bf5
IMG_1029_JPG.rf.a7471ada98567ac751c5e3488acb6c11.jpg,65412cf2-544d-4f4d-b5c6-a541df6f1e20,33058,15553f5e81ca35f1b07c1c20e3afe3caa97e23cca1a6c54e093604130088e9f0
IMG_1035_JPG.rf.bf040b7727126b741c84da0604ddb6e0.jpg,65412cf2-544d-4f4d-b5c6-a541df6f1e20,32715,94fea41189c189ddbf428f19cd9a252825db66be506cf99a5ad400c08bafc9e7
IMG_1035_JPG.rf.f03d3315c10fe524132aa65f9a9f0405.jpg,65412cf2-544d-4f4d-b5c6-a541df6f1e20,32715,94fea41189c189ddbf428f19cd9a252825db66be506cf99a5ad400c08bafc9e7
IMG_1035_JPG.rf.f1b199d99b62ece6b5324d0825c60f00.jpg,65412cf2-544d-4f4d-b5c6-a541df6f1e20,33522,363a4a09b2abc7b7e47273d5d43144b1ef4018c415258868bf4a7a64b7b47298
IMG_1036_JPG.rf.7ec6edad8f98aaceb66a71abc2b89946.jpg,65412cf2-544d-4f4d-b5c6-a541df6f1e20,30750,c69f16948c6e2c63e4bf515f4858be64047c146297c0434017bbbfb3e9a04415
IMG_1036_JPG.rf.8059bec5001286b156394fee4b780d14.jpg,65412cf2-544d-4f4d-b5c6-a541df6f1e20,31937,c18851d5496d32b69628c01f0aa3f087e22d8266d6bbfb7a45aaad771c550a5a
IMG_1036_JPG.rf.fdfc53bf6c1f1132e8aa418528809c09.jpg,65412cf2-544d-4f4d-b5c6-a541df6f1e20,31946,b5336f2b708625b0ca235ced1f712fcbc7e54cc803ebacca171fdee81cb47feb
IMG_1037_JPG.rf.1e64b531c5cc26486bbc060a3ffb86a1.jpg,65412cf2-544d-4f4d-b5c6-a541df6f1e20,29307,a2d0ae1eda553ac060233a3683e4241a44efedc27200b119c1fddd006e2122a5
IMG_1037_JPG.rf.572949d04822a907ffa1c53687720bbf.jpg,65412cf2-544d-4f4d-b5c6-a541df6f1e20,28173,926e0cebe28ab5dabf1aefc2045baa78a00b0653ad1225e0dfa3ec703832dd34
IMG_1037_JPG.rf.71280c22a60029563d03fdc38b32566c.jpg,65412cf2-544d-4f4d-b5c6-a541df6f1e20,29308,0a8c45f1778bcd1710871af282c1192384d9390836baafc06997ffeb952e28bd
IMG_1038_JPG.rf.90ba10a3e544efcdb78ee0dd94dc07d9.jpg,65412cf2-544d-4f4d-b5c6-a541df6f1e20,28116,fe64e22d427e97048d5761d830d8f1cbb44f00760ab9467f1cded67f07dda8bd
IMG_1038_JPG.rf.ab933f2330f04bdc50bbd1388633080d.jpg,65412cf2-544d-4f4d-b5c6-a541df6f1e20,29195,7767dd46a97c572dd08e46f37f6c2edb8c0661f3a2c5c5041671fed51d4e0819
IMG_1038_JPG.rf.e781382c688e9c17e4436801c5606fe9.jpg,65412cf2-544d-4f4d-b5c6-a541df6f1e20,28116,fe64e22d427e97048d5761d830d8f1cbb44f00760ab9467f1cded67f07dda8bd
IMG_1040_JPG.rf.01edacd20134406552117383a55d7801.jpg,65412cf2-544d-4f4d-b5c6-a541df6f1e20,28723,b2a79af3ecfaa59a88272c2c7e521181b00f0b3eb2249984e847097ebf42b2b2
IMG_1040_JPG.rf.97a17120ea4bc545f91add7015700301.jpg,65412cf2-544d-4f4d-b5c6-a541df6f1e20,28723,b2a79af3ecfaa59a88272c2c7e521181b00f0b3eb2249984e847097ebf42b2b2
IMG_1040_JPG.rf.9ac459ad10b870e3a0a84967fbca85a9.jpg,65412cf2-544d-4f4d-b5c6-a541df6f1e20,29854,7e460aa31ffbe434206464b4c2d41e40b30e3b433f9139ed477232fd3a402bbe
IMG_1041_JPG.rf.410046697c6f82dc0b03386601f5386a.jpg,65412cf2-544d-4f4d-b5c6-a541df6f1e20,27602,fd3867e0c259a1ecae4a47740d646f660ea54b8370cf07aeb24759429e4a486b
IMG_1041_JPG.rf.56717d015684b61cdd6f75c1b46427be.jpg,65412cf2-544d-4f4d-b5c6-a541df6f1e20,28761,5afac82f399c8f49b5f22a87240d3e265cf22ae7c22dd00a0b890765075fcdd0
IMG_1041_JPG.rf.782793b46ff7ed73251ac63ef5384273.jpg,65412cf2-544d-4f4d-b5c6-a541df6f1e20,27602,fd3867e0c259a1ecae4a47740d646f660ea54b8370cf07aeb24759429e4a486b
IMG_1042_JPG.rf.0fe404764e280f222ff5299bff278f83.jpg,65412cf2-544d-4f4d-b5c6-a541df6f1e20,27491,89d67cf6ffc36f3cc47658701385326585e679f11933f6dc9b4e40e5c7790bfa
IMG_1042_JPG.rf.3e23fbd5c5f0619956fb46ac77d8743e.jpg,65412cf2-544d-4f4d-b5c6-a541df6f1e20,28617,664af6f3a496ca0240298425cd1c3455b59bfe89ced87b1eb2f0013e693efbda
IMG_1042_JPG.rf.79b903026633ca7e989ebe7c08a58836.jpg,65412cf2-544d-4f4d-b5c6-a541df6f1e20,27491,89d67cf6ffc36f3cc47658701385326585e679f11933f6dc9b4e40e5c7790bfa
IMG_1043_JPG.rf.d1ce34625efcf6810cc0d8b95a8d93ce.jpg,65412cf2-544d-4f4d-b5c6-a541df6f1e20,36275,8e4a4aa72e28f75fa554725c51db215a157eca978ab789d8323f1340a4004df2
IMG_1043_JPG.rf.df8a34aeec77a2ebe1f91feead0d6288.jpg,65412cf2-544d-4f4d-b5c6-a541df6f1e20,35763,b193495c45ae5a9ccfde99af94ec8744723e84e313334762d9fce866396f9d17
IMG_1043_JPG.rf.e2b56bedaa8196721caa43915949b3b3.jpg,65412cf2-544d-4f4d-b5c6-a541df6f1e20,35763,b193495c45ae5a9ccfde99af94ec8744723e84e313334762d9fce866396f9d17
IMG_1047_JPG.rf.35eafc527857b7098875b234bbf4b3a1.jpg,65412cf2-544d-4f4d-b5c6-a541df6f1e20,35362,605f82c07e5ef818b5c6146d5f0a6f296277ce34d4208ffcd9481572e3c0dac2
IMG_1047_JPG.rf.efbb325068bd5d1c70a70a0a166db469.jpg,65412cf2-544d-4f4d-b5c6-a541df6f1e20,34242,ad1ecf003f101e4fec11e4ffbbdc5fcedcd0471b07b2cddde560fa7d8bd8f9f3
IMG_1051_JPG.rf.22c2e2f0f76ddbbf550b7b476e857ba5.jpg,65412cf2-544d-4f4d-b5c6-a541df6f1e20,30540,6c01228ffd3bcabc154ffdc55a979283eab2a505be926ab9f352dbb381bfdcf4
IMG_1051_JPG.rf.b226d80c040dd94aa56c22152b9342ae.jpg,65412cf2-544d-4f4d-b5c6-a541df6f1e20,29923,af643e066e6b8827b09190d0c6161835e9b3ab00ab007af46dc4fc178dfcf4db
IMG_1058_JPG.rf.11a429743b8ce9c319959de79ed32fd5.jpg,65412cf2-544d-4f4d-b5c6-a541df6f1e20,33669,f7d440a08670560ec351746e137acf51d92fe6efdb7b44b740892fd79be1229c
IMG_1058_JPG.rf.458904da4dee818bb5b38a1138410b52.jpg,65412cf2-544d-4f4d-b5c6-a541df6f1e20,34409,8a54705bb0ca4c9502a2932ca49c986692c7be91bdb2612a0fb664189ea0b9de
IMG_1058_JPG.rf.b58eff6d2f594849792322e581356192.jpg,65412cf2-544d-4f4d-b5c6-a541df6f1e20,33669,f7d440a08670560ec351746e137acf51d92fe6efdb7b44b740892fd79be1229c
IMG_1062_JPG.rf.301051c0eaffbb5962a496f83bc3cc71.jpg,65412cf2-544d-4f4d-b5c6-a541df6f1e20,31997,71fd12e9a56155d3e3d8e7df5c16ce6ef414433bbbb1f0459d9177b972dc70ea
IMG_1062_JPG.rf.7e6140add26165e669bd54628cc2e132.jpg,65412cf2-544d-4f4d-b5c6-a541df6f1e20,32734,8c2145bf4a29dfb0a99946093bf579d062a2ba58ac7647a292011a5a65c34cad
IMG_1062_JPG.rf.94134830da09f49c4a66c8a5c7433bbd.jpg,65412cf2-544d-4f4d-b5c6-a541df6f1e20,31997,71fd12e9a56155d3e3d8e7df5c16ce6ef414433bbbb1f0459d9177b972dc70ea
IMG_1063_JPG.rf.952e27121bfbce383eec5c2e15af2abd.jpg,65412cf2-544d-4f4d-b5c6-a541df6f1e20,32454,bd672215daeed91e4f315987cb99f50380622ba55b6b2f47725b8286093b7f7b
IMG_1063_JPG.rf.c9824311f7ae0b8a50b3583e1c364f3e.jpg,65412cf2-544d-4f4d-b5c6-a541df6f1e20,32454,bd672215daeed91e4f315987cb99f50380622ba55b6b2f47725b8286093b7f7b
IMG_1063_JPG.rf.daf50d91337de7d7578af79a9ea964cf.jpg,65412cf2-544d-4f4d-b5c6-a541df6f1e20,33180,2f3c3f34330a84d6ee94cd4b5a4b26535458d5a220f9989eabdb2eac8177d223
IMG_1065_JPG.rf.0a6f2b94267569cae467d74f8fbf06eb.jpg,65412cf2-544d-4f4d-b5c6-a541df6f1e20,33684,970ccc7fe820754ccc375b8e889ed5af3acc21831de7eba56acde9ab2b251769
IMG_1065_JPG.rf.c13ad14454fcaa3c76f0ef8e442a7aef.jpg,65412cf2-544d-4f4d-b5c6-a541df6f1e20,32781,1545615e481a2acc31cc36527f899e134844df3fa2b6cce2c485cfef3dacc253
IMG_1068_JPG.rf.6dbe1835d47f5e04ed6d01549438fd44.jpg,65412cf2-544d-4f4d-b5c6-a541df6f1e20,36819,df6680b779a0dbc49f4aa3061d7af097774442a46bbf28e7467f7fdd955276ac
IMG_1068_JPG.rf.e4e1fe190e8eeb75e9be5936448d5dfa.jpg,65412cf2-544d-4f4d-b5c6-a541df6f1e20,35826,1436fd1921f48507c549dbf30225869a6a3a265c82fbded19e47cceba396c8a9
IMG_1068_JPG.rf.f95296b0e992d61121551b4f73e6e6f5.jpg,65412cf2-544d-4f4d-b5c6-a541df6f1e20,35826,1436fd1921f48507c549dbf30225869a6a3a265c82fbded19e47cceba396c8a9
IMG_1073_JPG.rf.0ad3e4b7efefdbeb99afbf179962d25d.jpg,65412cf2-544d-4f4d-b5c6-a541df6f1e20,38023,45669bdae67bc8ca34681f066017cc04c3a05f2e77a85c9a5bf9d7fa33af5519
IMG_1073_JPG.rf.868dfb20b314e6c4d2b304581de85b1e.jpg,65412cf2-544d-4f4d-b5c6-a541df6f1e20,37296,392b813fbe8fa5744ce282320f089d8696e9cd377dc771380e7c8549a38ff328
IMG_1074_JPG.rf.41ef308ef8dffcb18bb0a625a88475b5.jpg,65412cf2-544d-4f4d-b5c6-a541df6f1e20,37273,35da75004b31893c504e6ff99b1f5b75362f0e18af9cc1587f2d874b6fe9f877
IMG_1074_JPG.rf.ad9022b0ad6abdd6d3f143a07412a6d5.jpg,65412cf2-544d-4f4d-b5c6-a541df6f1e20,36342,2e09482a4ea5d327583e100f230a455011684be6510d90b75239415eb2c7367b
IMG_1074_JPG.rf.ff9a722e257f1bb59e6deb7536cab197.jpg,65412cf2-544d-4f4d-b5c6-a541df6f1e20,36342,2e09482a4ea5d327583e100f230a455011684be6510d90b75239415eb2c7367b
IMG_1078_JPG.rf.447617061a88cbdfa59ebbdc2bc0b00e.jpg,65412cf2-544d-4f4d-b5c6-a541df6f1e20,32467,6db25c9be0b7da8fb7a35c8419365ba26056b825a3cb1e72e233d9d892837825
IMG_1078_JPG.rf.722e8cae644b48fd438a5238c5787b6c.jpg,65412cf2-544d-4f4d-b5c6-a541df6f1e20,33130,dda6c170c4aa707b5f9f1f0261a2ef43232d4d77be473f5f99e7ce00de952d2f
IMG_1078_JPG.rf.c33be9d5f8c0ab8af5057d41a532e4ed.jpg,65412cf2-544d-4f4d-b5c6-a541df6f1e20,32467,6db25c9be0b7da8fb7a35c8419365ba26056b825a3cb1e72e233d9d892837825
IMG_1079_JPG.rf.18780d98d7f93d5a358ded5a736f69da.jpg,65412cf2-544d-4f4d-b5c6-a541df6f1e20,32315,5b33a4737ac27258b3eab7da26e4ec78e92a49e5fbab26e49532d1fcb2b9aaff
IMG_1079_JPG.rf.b38da943056c5dbe360747ec65e4313d.jpg,65412cf2-544d-4f4d-b5c6-a541df6f1e20,33178,aeebeaa2746a5acd0b7e1f10a1054424bec9edfbe97e27c4f495f25ed06e6f8a
IMG_1079_JPG.rf.c70610b9fe42220ceb94f6fd6448329d.jpg,65412cf2-544d-4f4d-b5c6-a541df6f1e20,33117,ceca44796ceb83ea6fc6f923401fcfdba14895180f9d92903105ff70e00a9124
IMG_1080_JPG.rf.54acaab132d4b1e4709954d8d723f72b.jpg,65412cf2-544d-4f4d-b5c6-a541df6f1e20,31857,e6e4cce0df552f87509997c91893fea75c715023fa3ab15e838713f4fac1cf7c
IMG_1080_JPG.rf.ed84758f8301480fd7d5a03870e58181.jpg,65412cf2-544d-4f4d-b5c6-a541df6f1e20,31857,e6e4cce0df552f87509997c91893fea75c715023fa3ab15e838713f4fac1cf7c
IMG_1082_JPG.rf.5fa5d54fbd0bd81b6d7fb870c39ad7dc.jpg,65412cf2-544d-4f4d-b5c6-a541df6f1e20,32583,61763909dd3b5aabf048ec3b074068911315a81e74032d364ee010138379c7b4
IMG_1082_JPG.rf.747d2246e48c2b90616e8631be00ada4.jpg,65412cf2-544d-4f4d-b5c6-a541df6f1e20,32583,61763909dd3b5aabf048ec3b074068911315a81e74032d364ee010138379c7b4
IMG_1082_JPG.rf.c8521b94ae1af8c7fcd5c88344b1ed48.jpg,65412cf2-544d-4f4d-b5c6-a541df6f1e20,33554,b02b8c7be38cdb72e6f6a9da7d8f58678074f82ac7cfbe06f63a6c08a58f2d54
IMG_1083_JPG.rf.29e364688aaf9af5c26f492d42362f42.jpg,65412cf2-544d-4f4d-b5c6-a541df6f1e20,34333,3fef850eee88f91ebece914fb2b3d7c4bda5d62e5a41d7f9ffbcefcdf1e53379
IMG_1083_JPG.rf.698519295155d5a6dbdf7eae056ce534.jpg,65412cf2-544d-4f4d-b5c6-a541df6f1e20,35259,5c11ff094a2b6596389ab14c1ae02f3f3d0a072479d0730fb8dab24957bbd561
IMG_1083_JPG.rf.e68efa10c7ae89c7ac4e773682f49ca6.jpg,65412cf2-544d-4f4d-b5c6-a541df6f1e20,35037,6bd8ca75ee7ea450132ed08dc15272232b25319a4212126a63ec63f529696f15
IMG_1084_JPG.rf.507ca3ebe331157f616f64341490de87.jpg,65412cf2-544d-4f4d-b5c6-a541df6f1e20,32757,7f787bf397dca787fd9c7cd3989da9c746fef360ed0c4aa35eb2112149645a8f
IMG_1084_JPG.rf.adcd87af127a6e904823ec4d28a78d5e.jpg,65412cf2-544d-4f4d-b5c6-a541df6f1e20,33770,76e525bd6e9e55e0eb358cdbbc0f0dd37b5f0776d656f41bd4890c9839abb203
IMG_1085_JPG.rf.58926b82ec72fe8345144ea0826790d8.jpg,65412cf2-544d-4f4d-b5c6-a541df6f1e20,34762,3ead70a31e208c0320dc803bf395fe6aa2911e4efad6f1389460c03965c8ed60
IMG_1085_JPG.rf.98528d34bb153d225df652fa1404b30c.jpg,65412cf2-544d-4f4d-b5c6-a541df6f1e20,35479,1ab3d6d09de097f02d9c62efc9cf056b11eb087fddd6b5a6419a0c887ebad7ca
IMG_1085_JPG.rf.e2584ac73223ebcc8d5c1d7035bb50d3.jpg,65412cf2-544d-4f4d-b5c6-a541df6f1e20,34762,3ead70a31e208c0320dc803bf395fe6aa2911e4efad6f1389460c03965c8ed60
IMG_1096_JPG.rf.077c94b63cec7e81848c0e248865611e.jpg,65412cf2-544d-4f4d-b5c6-a541df6f1e20,35411,0745b7a46c83a4805cf79652add059ff797f917b72ce95635de5121586e04066
IMG_1096_JPG.rf.7fc385ce471306691de6d4ffeddacfcd.jpg,65412cf2-544d-4f4d-b5c6-a541df6f1e20,36190,2d0c16e1b0af82e9886a4ea8749cdc029c7260eb000ccb98d717019e6019a195
IMG_1097_JPG.rf.0ca46c6e9ad67f007b7248482f16df59.jpg,65412cf2-544d-4f4d-b5c6-a541df6f1e20,36731,0c38ad835e3723c47be8ce5c812ccde67d95ad62af2e45936f927a435ac97963
IMG_1097_JPG.rf.5c05632aae606d726b040e6c500d82d7.jpg,65412cf2-544d-4f4d-b5c6-a541df6f1e20,35987,8b368cadec0a170d487ccb78b5600cc739683003549fa22d1d81091bdb2254d2
IMG_1097_JPG.rf.9d9485dea7192110f4f9e86431579360.jpg,65412cf2-544d-4f4d-b5c6-a541df6f1e20,36717,b1582b55cd8606926ed36d922698f8a9ed9cece23b073335ec718040d8138b5f
IMG_1098_JPG.rf.acab5f5580344f145a0a2cd9140f225f.jpg,65412cf2-544d-4f4d-b5c6-a541df6f1e20,35004,cc4021fcc32a111ae83ef02017806d6574ee2e705b336150a0536978ff03520b
IMG_1098_JPG.rf.e3f17e8a1ee0771831ec1adbd9a13164.jpg,65412cf2-544d-4f4d-b5c6-a541df6f1e20,34239,6fa87952d26801824b12be976c49162ded4da469436a2cf00b0daf9691a3097e
IMG_1098_JPG.rf.ef65e2ced6d6fd827a9a0b515c49a3a3.jpg,65412cf2-544d-4f4d-b5c6-a541df6f1e20,34239,6fa87952d26801824b12be976c49162ded4da469436a2cf00b0daf9691a3097e
IMG_1102_JPG.rf.5c74f7c28ac827b1f1309437f00a25ad.jpg,65412cf2-544d-4f4d-b5c6-a541df6f1e20,40107,d44cb7fcc58b2639842e90de25345f5e943034edc1f52eca0a7fd2bc6bbbedda
IMG_1102_JPG.rf.730cc214109d194550ccfee97f492765.jpg,65412cf2-544d-4f4d-b5c6-a541df6f1e20,40908,2f3f27c79fbbda0ac6b36cbffb228d23aa8ba3f711b0ff58f2a0eff6b0caa5cd
IMG_1102_JPG.rf.a2f04723dcf73c5e2358e214a9b31d6e.jpg,65412cf2-544d-4f4d-b5c6-a541df6f1e20,41025,89cf2fd8a3d136af2f184e71a92a87e634c1600ef8a20f4df239bba37a7aff60
IMG_1109_JPG.rf.2f253b88a532a733c03f64c23a71b404.jpg,65412cf2-544d-4f4d-b5c6-a541df6f1e20,34444,4a1d6cf7b5b8ab2295e2df16ad86faf2d3ec6ec8c43d6c0b96f1e0071dd92e6d
IMG_1109_JPG.rf.3676c2555f36795a10f3c458ace74439.jpg,65412cf2-544d-4f4d-b5c6-a541df6f1e20,34444,4a1d6cf7b5b8ab2295e2df16ad86faf2d3ec6ec8c43d6c0b96f1e0071dd92e6d
IMG_1109_JPG.rf.e57462bf92378b310e7b4661e173ebbb.jpg,65412cf2-544d-4f4d-b5c6-a541df6f1e20,35319,7f3499ddb946910b5620d1b270aad06b9fe301a5521d4dbb3e559210516e49eb
IMG_1114_JPG.rf.3f77e0f0d99754c72480d55594cd58eb.jpg,65412cf2-544d-4f4d-b5c6-a541df6f1e20,33854,aabe9f7ae53d39562af34c8209f420d5285c8593b7de6cdccf6422b397ce116e
IMG_1114_JPG.rf.5b48bee830f1d2156e186e84b57db7f2.jpg,65412cf2-544d-4f4d-b5c6-a541df6f1e20,33255,5b394d65eab6ed24eba6a694a4952dc373258cb009deb3bbce5df663d108d07d
IMG_1114_JPG.rf.e3d072bd92c56f114c48f460c38ac12b.jpg,65412cf2-544d-4f4d-b5c6-a541df6f1e20,33255,5b394d65eab6ed24eba6a694a4952dc373258cb009deb3bbce5df663d108d07d
IMG_1116_JPG.rf.5f45c57c6ce1a7b6faf8a6aed12c8674.jpg,65412cf2-544d-4f4d-b5c6-a541df6f1e20,33217,530dac609f76d3e95c4ed07537d0dcd2147552fd0bd56d7c1523361c41ebc2ec
IMG_1116_JPG.rf.90a7a572f53eaa4e65a552d7a1aa2704.jpg,65412cf2-544d-4f4d-b5c6-a541df6f1e20,32566,39137de31e77246fdf5330e47855ea865da439f657f73164d2b88f4082343e57
IMG_1120_JPG.rf.2d26256ede248df69d8e155e49915f78.jpg,65412cf2-544d-4f4d-b5c6-a541df6f1e20,37124,623ff9df27ae42fa612f4ce878d31bb1e9e71a39defd3e5d8fbec873a0211a49
IMG_1120_JPG.rf.891d184b4b6422105c4783d894de778a.jpg,65412cf2-544d-4f4d-b5c6-a541df6f1e20,37612,834a51408080b2298f194e68340ddf2afc81daea440f6c34395d7a7c701008ba
IMG_1121_JPG.rf.857dfe22801a367969983a200e20da97.jpg,65412cf2-544d-4f4d-b5c6-a541df6f1e20,39174,c226decbcddd1c4b978f51afc2bc95ee2c0a67e693fe6f23f82f95b7d10b3b31
IMG_1121_JPG.rf.b1d019d63c4eb3f01ed226c99afac42f.jpg,65412cf2-544d-4f4d-b5c6-a541df6f1e20,39864,712d1fa99900afb3970ff2b886e02c80808696c3749a3e7a635346b6025a6935
IMG_1121_JPG.rf.d51343ed1434e221b63da32ba29ecfa3.jpg,65412cf2-544d-4f4d-b5c6-a541df6f1e20,39174,c226decbcddd1c4b978f51afc2bc95ee2c0a67e693fe6f23f82f95b7d10b3b31
IMG_1122_JPG.rf.0b2df2bdd8f200a35f3c8f5ddeb41363.jpg,65412cf2-544d-4f4d-b5c6-a541df6f1e20,38361,bc29df6720c2b930961a8966bdf13fa3b3e51a544a7b763f6d87f5d273871ca4
IMG_1122_JPG.rf.d1ca3c537e116fd2aec0ecd38563a39b.jpg,65412cf2-544d-4f4d-b5c6-a541df6f1e20,38361,bc29df6720c2b930961a8966bdf13fa3b3e51a544a7b763f6d87f5d273871ca4
IMG_1122_JPG.rf.ede555ee580e84652ff679142663bdd5.jpg,65412cf2-544d-4f4d-b5c6-a541df6f1e20,39257,a9b5d15717968353514e23e03afc7f5838215a7debb829a6ba6d4834c69bb91e
IMG_1126_JPG.rf.526d8ffabeae16919be6636c205e1919.jpg,65412cf2-544d-4f4d-b5c6-a541df6f1e20,38528,cae03d29797f6886f4201df30a8367d5f0ccadd25dbe6aa080d7bbce744a5d84
IMG_1126_JPG.rf.8087105a7f25dd6348288f42ef101ad5.jpg,65412cf2-544d-4f4d-b5c6-a541df6f1e20,39403,fe467e861ec36288c0f999ac5b08b4bfc6d1e8517c8a109d575fd58ea64ef28d
IMG_1126_JPG.rf.c261c803b1950b005a8de1951ee85d2a.jpg,65412cf2-544d-4f4d-b5c6-a541df6f1e20,38528,cae03d29797f6886f4201df30a8367d5f0ccadd25dbe6aa080d7bbce744a5d84
IMG_1130_JPG.rf.d882c4e9d11cda61c178d5311b901af6.jpg,65412cf2-544d-4f4d-b5c6-a541df6f1e20,30679,e84e0adb00bc8d5050b984d17da99d66a03bd8a99b6dfc7ba2bbbe48ac1c9453
IMG_1130_JPG.rf.de9672a38e6b1eb23c16f8e007163e7e.jpg,65412cf2-544d-4f4d-b5c6-a541df6f1e20,29822,389e8a2b8628a08ce752a747827b3f7af8e71d6deb32ef5b837d08b509a6b941
IMG_1130_JPG.rf.e7f6e3d14e98877106e48987550037af.jpg,65412cf2-544d-4f4d-b5c6-a541df6f1e20,29822,389e8a2b8628a08ce752a747827b3f7af8e71d6deb32ef5b837d08b509a6b941
IMG_1131_JPG.rf.35fb34292269476c35a8f26e8487352c.jpg,65412cf2-544d-4f4d-b5c6-a541df6f1e20,29006,5c256e105f85a3b04f0af3bec21a31171e152c20858b05c21d7cb02a62802cc8
IMG_1131_JPG.rf.7682e049b6fb08419db3f0eaf21b4d7d.jpg,65412cf2-544d-4f4d-b5c6-a541df6f1e20,28928,1947172633623055836a29bc8f8c665461062629f5dd6827b0ae1a4d11818175
IMG_1131_JPG.rf.b2ea380ff49682e021988fb9748ffb57.jpg,65412cf2-544d-4f4d-b5c6-a541df6f1e20,28058,51073be9beb6108d8e30108917cff23009cd952f57e912c33ffcae020af9cf91
IMG_1132_JPG.rf.3f0aa1d93c7895617156534d58e91cbf.jpg,65412cf2-544d-4f4d-b5c6-a541df6f1e20,28241,5666f2687f2bb679043ca8062cbde84e7f260fefadb393da84dd944d7c024815
IMG_1132_JPG.rf.89ea59b3080c6452265eb772c56308ab.jpg,65412cf2-544d-4f4d-b5c6-a541df6f1e20,29158,b4b73295acd4fc7695825c55f98b63b6e7827c3672fe5f5acb62e8a845f29293
IMG_1132_JPG.rf.91142817d818680a42663f64f8d6b810.jpg,65412cf2-544d-4f4d-b5c6-a541df6f1e20,28241,5666f2687f2bb679043ca8062cbde84e7f260fefadb393da84dd944d7c024815
IMG_1133_JPG.rf.303eeffa4397b6e6a6e09384865c5909.jpg,65412cf2-544d-4f4d-b5c6-a541df6f1e20,28100,02a46ae7d4fbb25dcea38399e93ad975a9ec0e35ccb2ac88798ec98eb7eb604e
IMG_1133_JPG.rf.a3ced79a1ccb3a3dacc3d628f140cdbb.jpg,65412cf2-544d-4f4d-b5c6-a541df6f1e20,28100,02a46ae7d4fbb25dcea38399e93ad975a9ec0e35ccb2ac88798ec98eb7eb604e
IMG_1133_JPG.rf.b824f615193dbd1c7ed358d32707aef6.jpg,65412cf2-544d-4f4d-b5c6-a541df6f1e20,28913,bcdaa5c413a92560afa61f7243cedeecded8e03b63aea5a0bda9ec369d9479ac
IMG_1134_JPG.rf.1f850d3778d589fe8d13963e543190f8.jpg,65412cf2-544d-4f4d-b5c6-a541df6f1e20,34489,fcba69f5ed2bfa25cb06ced38861a430d17b142d2fbb683ad6d4df0ae8ba377c
IMG_1134_JPG.rf.c520e5eba4930971f97e5b004adb947c.jpg,65412cf2-544d-4f4d-b5c6-a541df6f1e20,34489,fcba69f5ed2bfa25cb06ced38861a430d17b142d2fbb683ad6d4df0ae8ba377c
IMG_1134_JPG.rf.fb9382b2f69f79256ac55b19e2a3b0e4.jpg,65412cf2-544d-4f4d-b5c6-a541df6f1e20,35412,35bb2b44bd383cfe001e6f9f18a02af3c5d04a69679036d68bb56938550b4a68
IMG_1136_JPG.rf.4296ee2365485c27b38f2aa3e9ee3fdc.jpg,65412cf2-544d-4f4d-b5c6-a541df6f1e20,33296,d2fe0ce7f0caf27ccad010eb0bd3830fc0e2c288b151855f1642963afa052e21
IMG_1136_JPG.rf.511dfaa94f77f2324c8d291bc28ad9f7.jpg,65412cf2-544d-4f4d-b5c6-a541df6f1e20,34232,3f3f9228b44d2db1d364331ec1000d632e90c3a6e9a7d692427c84cae6575e69
IMG_1136_JPG.rf.a4763c8844c848113f6f540de0beeb13.jpg,65412cf2-544d-4f4d-b5c6-a541df6f1e20,33296,d2fe0ce7f0caf27ccad010eb0bd3830fc0e2c288b151855f1642963afa052e21
IMG_1137_JPG.rf.6976f7b4bd7fec8cd3a8511ba2342bef.jpg,65412cf2-544d-4f4d-b5c6-a541df6f1e20,35246,a496bc77ea62696ea1291f3818d3bc74ea7f09d484a2b5c54960c93e2aaa73cb
IMG_1137_JPG.rf.dfd716532fd8691491953c58ea862dfa.jpg,65412cf2-544d-4f4d-b5c6-a541df6f1e20,34414,6cae0ad08800c338bb104c09537e05f769def90761669ae16caa220f15f9068d
IMG_1137_JPG.rf.f1f61437e6628c410725a19e4c9f2d0c.jpg,65412cf2-544d-4f4d-b5c6-a541df6f1e20,34414,6cae0ad08800c338bb104c09537e05f769def90761669ae16caa220f15f9068d
IMG_1139_JPG.rf.66395e7bc8552854880c3c25f1f88c00.jpg,65412cf2-544d-4f4d-b5c6-a541df6f1e20,38379,0c0b3e4abbb6b2119e6e403f0ebbd3a2e5b6cf75c2011b80156ddde0632c676b
IMG_1139_JPG.rf.da635b9b09417175d7e19714ff4c51b8.jpg,65412cf2-544d-4f4d-b5c6-a541df6f1e20,37610,a5bec50ac1c28b70a863b50e8fe51ba3dcf2fcfd7be991c8647833373663e713
IMG_1139_JPG.rf.ffb47cc57fab0619db60d20824d2090a.jpg,65412cf2-544d-4f4d-b5c6-a541df6f1e20,37610,a5bec50ac1c28b70a863b50e8fe51ba3dcf2fcfd7be991c8647833373663e713
IMG_1140_JPG.rf.274846bc940b2127acaacdcf27d9ae57.jpg,65412cf2-544d-4f4d-b5c6-a541df6f1e20,37643,2679bb33c8bb3365340a6b37d4fb8d99c5336c70730dc51cbd6d816c96a0310b
IMG_1140_JPG.rf.4df4d43deacbce2103382c35ba303227.jpg,65412cf2-544d-4f4d-b5c6-a541df6f1e20,38382,7c864dbd2c7012a3e4cce733fed7af8d3460fe83349bf0304c68bd6460177cce
IMG_1140_JPG.rf.a26576fcea783b813a111b48ca370cea.jpg,65412cf2-544d-4f4d-b5c6-a541df6f1e20,38473,b885f582c0c8162b3ebeebd65d81bb0fd5fd4a8791169ffee16b109d0f9048f4
IMG_1142_JPG.rf.0402067e84910120268d9fcdcf322865.jpg,65412cf2-544d-4f4d-b5c6-a541df6f1e20,38218,b2e424bc13fc0b162d4db095b2c93e763e04937adf946156e96bb20757ff99fb
IMG_1142_JPG.rf.a22e6fb479ae09fdf53c956a3ebf8853.jpg,65412cf2-544d-4f4d-b5c6-a541df6f1e20,38218,b2e424bc13fc0b162d4db095b2c93e763e04937adf946156e96bb20757ff99fb
IMG_1142_JPG.rf.beaaa5cc46a8478b33e842814aab932a.jpg,65412cf2-544d-4f4d-b5c6-a541df6f1e20,38873,193dcec6e893c6f7b895224c8ffd6f02a7382ce980ecce3e6c1ed296b07283c8
IMG_1143_JPG.rf.442ad87beb4af16a5bab14e564ebfa71.jpg,65412cf2-544d-4f4d-b5c6-a541df6f1e20,35250,62583ad5dc25a30b972f2adfab8e20a95d2479b4a291379d01ed8559948c41a1
IMG_1143_JPG.rf.d3c0fe5814db4b9e4a6f6ca868098975.jpg,65412cf2-544d-4f4d-b5c6-a541df6f1e20,35250,62583ad5dc25a30b972f2adfab8e20a95d2479b4a291379d01ed8559948c41a1
IMG_1143_JPG.rf.edec57f7c3605d4a0617353852430c65.jpg,65412cf2-544d-4f4d-b5c6-a541df6f1e20,35953,971bf3d5088d2fe197f275e7852e564e83a3fc468860881ee9d010db8bcdfb77
IMG_1144_JPG.rf.19f928f8fb236025b34272c7c88a692f.jpg,65412cf2-544d-4f4d-b5c6-a541df6f1e20,35062,effc43a3399c8cedb4d0846797a1c8e1889a1863a3c308f6439ee1d556109a4a
IMG_1144_JPG.rf.cf593a9ea28b37fb6b2239b78470ba98.jpg,65412cf2-544d-4f4d-b5c6-a541df6f1e20,35062,effc43a3399c8cedb4d0846797a1c8e1889a1863a3c308f6439ee1d556109a4a
IMG_1145_JPG.rf.a2e7b26f6780ba573c6f01ca1134b8f4.jpg,65412cf2-544d-4f4d-b5c6-a541df6f1e20,33150,bc62ffbd293548729a537f60d381ad82973141179971177a3724d626b72c6cef
IMG_1145_JPG.rf.b317e1228ba5269ac96fe36162472300.jpg,65412cf2-544d-4f4d-b5c6-a541df6f1e20,32546,25fdf70303c5584d2fccd7d8f0c0689c73aaeb47e5d2ac4515d3a152d7284b63
IMG_1145_JPG.rf.eca52c7116c2054aae5416f4f5ead5dd.jpg,65412cf2-544d-4f4d-b5c6-a541df6f1e20,33072,c218b2ba0fee48cacdf91081cab5ded63ba995ec0b15bad971111c81128a2d59
IMG_1146_JPG.rf.366b5c940ad039c03b0d13f37c58e2e4.jpg,65412cf2-544d-4f4d-b5c6-a541df6f1e20,29578,66e7aba8add9cf2837d9f18b1ceb9eb560863656b547f22ff0f703ea2c4eebbd
IMG_1146_JPG.rf.69c1efadcbef34ab2a7f12bb2b27f97b.jpg,65412cf2-544d-4f4d-b5c6-a541df6f1e20,29578,66e7aba8add9cf2837d9f18b1ceb9eb560863656b547f22ff0f703ea2c4eebbd
IMG_1146_JPG.rf.9dc5c4b74cfca538b66cd41c398463d7.jpg,65412cf2-544d-4f4d-b5c6-a541df6f1e20,31048,9969177292aabbef909f61799bf85156fb796c30040faef68b6cf759e936e7d7
IMG_1147_JPG.rf.510a5571095d3e748a2f81e855ecacaa.jpg,65412cf2-544d-4f4d-b5c6-a541df6f1e20,35494,ff53eb6c32284c5caf7dccb4d25e7a25ca6022b4347f63ba17a9f19bd1ecf996
IMG_1147_JPG.rf.e112abf59af43e0d38f214ee688049f2.jpg,65412cf2-544d-4f4d-b5c6-a541df6f1e20,35564,1b1ffcbfa40b45f39e08e8dd267c45ff96078c0aeff924dbbb12395c0dc75a66
IMG_1147_JPG.rf.fbab4d31ca1dc44bfebde603afa30d98.jpg,65412cf2-544d-4f4d-b5c6-a541df6f1e20,34561,93a8d130a03c7d00ffe972bf8d9de42df285b011480f93e0d9f9200d8c6246c7
IMG_0210_JPG.rf.ee7c3f8e9d7e29922d34e250b793a38a.jpg,684bcd28-6563-4b87-ab9e-e824cebd0dc9,29961,bac92e3574b7d66b80fc1ea75e095af57790e77e9b456fd33658f3eb044257f5
IMG_0211_JPG.rf.21e4d00d7fe07342aaebe20f866492f0.jpg,684bcd28-6563-4b87-ab9e-e824cebd0dc9,35103,d382cfa11f3ba73b021f129c751bde121f1ef13d8e0273577bd623355724c64b
IMG_0215_JPG.rf.7dfb56275e8a8285a2d921ffb4211c7b.jpg,684bcd28-6563-4b87-ab9e-e824cebd0dc9,29305,e07c57a686435b3f078ae126c06c21ce46f38d15fe5a137a8ad83d1236631ac1
IMG_0230_JPG.rf.17dadb1ea98188c6c70ff43d4340b645.jpg,684bcd28-6563-4b87-ab9e-e824cebd0dc9,43472,260a3fa722f6bd47879f09fcee7f64121d0d0aa78c12d6fcd11db917e076d44c
IMG_0232_JPG.rf.4c2b43e897fa78068a93983bcafe5c10.jpg,684bcd28-6563-4b87-ab9e-e824cebd0dc9,42751,570a508affd6af5037b5f3e3d0b3787d2f4cbb98faa8fc4357eef9428fb45b36
IMG_0236_JPG.rf.d563f8a504110085e807b61c25f29c40.jpg,684bcd28-6563-4b87-ab9e-e824cebd0dc9,31870,f38fcfdae7ee42067b426b8b30330320e3233e8c6668747c26776e3af0521666
IMG_0255_JPG.rf.2271a55fbecadd95faf3fb24e0237bfa.jpg,684bcd28-6563-4b87-ab9e-e824cebd0dc9,43319,20c9bea48d141d36dd748e5b776bfd59ff156c1b68c48164f84f73185e0f7262
IMG_0265_JPG.rf.728c16c303e52aa808416994a9ba9b1f.jpg,684bcd28-6563-4b87-ab9e-e824cebd0dc9,38164,7370c7e315e80d7eb47fbeec3c583ae462daea4b4d1590a8ee0f6cc1234b5721
IMG_0267_JPG.rf.f12c8ceda270ce91277ed91823d266e3.jpg,684bcd28-6563-4b87-ab9e-e824cebd0dc9,42039,ca340a6cd8db87b3c8c746ed98292911734f3996f8f9aaf352fb48e57c3e517a
IMG_0271_JPG.rf.e24fdf9a044e5d8d5f85d8a8cd1ea85e.jpg,684bcd28-6563-4b87-ab9e-e824cebd0dc9,42189,338459da0a5bdb21e94f3470619403b0e874625f4e1ca369a4f3dcbf04c5e6f4
IMG_0272_JPG.rf.f8379247473beef3e8ff0b930270af10.jpg,684bcd28-6563-4b87-ab9e-e824cebd0dc9,39700,35fd2ab435554ffbd49c61094021fd9f64ee8c4c57ca94daffef1403300050aa
IMG_0292_JPG.rf.cb42bafcda9dc80aa617da816da28808.jpg,684bcd28-6563-4b87-ab9e-e824cebd0dc9,36597,25194bcd723a01fd621bfb55e2104b5bdf375f11060ba29b7dbd7acb92ff2da1
IMG_0295_JPG.rf.cb456979ec99f70766d913ffed3209b2.jpg,684bcd28-6563-4b87-ab9e-e824cebd0dc9,36206,f3a16d16e7163de0219867138d84393b803dcc2946785fa2d05e563c616eb327
IMG_0298_JPG.rf.b592578b67300ed2b7853abe20197c7c.jpg,684bcd28-6563-4b87-ab9e-e824cebd0dc9,42722,cdfe7eac7e24c3d2b542d5be4481216f84392e63d9dedc8c0a41f3914e103b51
IMG_0316_JPG.rf.261434bc59796670e7d4a9dc1a54b54c.jpg,684bcd28-6563-4b87-ab9e-e824cebd0dc9,31099,ef79426a1e1cbe410e00eb02e3314b8f4a2faa5eb49ed79551927ae3b7389c07
IMG_0317_JPG.rf.7facf51c67b64e34c8bbbc5d2913ba1b.jpg,684bcd28-6563-4b87-ab9e-e824cebd0dc9,30729,6cfe11792c0287f910057c6d9a292a294d5bac4ac372ae3c6e0f013105ba2440
IMG_0321_JPG.rf.d7aade90ca523f58baa19a39028d2ef5.jpg,684bcd28-6563-4b87-ab9e-e824cebd0dc9,28552,4d704e5d2b8e0c68cce9c6a43fff4388ef3939527996ac53bad6ec9330a99b5e
IMG_0328_JPG.rf.5140c68735e74cf6b092b5b9996e8135.jpg,684bcd28-6563-4b87-ab9e-e824cebd0dc9,26569,22d61668cc4fd698b83a0e307531882a6cc05d4dae71417d563bd273347561f4
IMG_0334_JPG.rf.50cf6479f841828a396f016a522027f0.jpg,684bcd28-6563-4b87-ab9e-e824cebd0dc9,29319,7824e9349a6c5fd0d8c57bed12cec7be25108ee0317a33fe619aeeccc676fac2
IMG_0339_JPG.rf.562233bcb1b4b5de15c99ddab767523f.jpg,684bcd28-6563-4b87-ab9e-e824cebd0dc9,36252,035a01067bb74ef2de0e0575cbcf4235028fd5f8fd695adfc70f4cbaf0b19072
IMG_0348_JPG.rf.bbe10c89d4cc2f985156051c1603cacf.jpg,684bcd28-6563-4b87-ab9e-e824cebd0dc9,30231,01a02fb5687f50766b37108dae8ec652e12f443aeda6ec49175823f875dbd77b
IMG_0352_JPG.rf.d79937a7b6d85c852e9e5b562b95e449.jpg,684bcd28-6563-4b87-ab9e-e824cebd0dc9,32139,8a9405fdae7110afa43131ee59e3ab3b5c70a1be95d4e230a9858c09fab1e428
IMG_0353_JPG.rf.c22fea1555c58f70af700c67fe0b5844.jpg,684bcd28-6563-4b87-ab9e-e824cebd0dc9,32329,18173cd15f8c51bda812e861460612710160434de57f2db38a95e755935e7c03
IMG_0355_JPG.rf.9227044586599347b78eb3238805f082.jpg,684bcd28-6563-4b87-ab9e-e824cebd0dc9,35937,53453e8509b061a1d913c8d339b35e4eb2651b5b8f4291cbd7eb4a42d3de836b
IMG_0357_JPG.rf.1b32b64491b77e962e3004bc22aeac49.jpg,684bcd28-6563-4b87-ab9e-e824cebd0dc9,36372,0f1a937baebcdcba0fa39703183dfe3269495c62fde19a485c38dd8a639236e0
IMG_0360_JPG.rf.45c41e0ebd7b259c6eda828d23b68f49.jpg,684bcd28-6563-4b87-ab9e-e824cebd0dc9,35518,158edd8b4f1b7df058daa47f5776b3c74d79d6a6b7c9386508b05536c96a773b
IMG_0364_JPG.rf.b23e8574dc9ba82a0c0f4d6f5d9d8a30.jpg,684bcd28-6563-4b87-ab9e-e824cebd0dc9,31493,776aab2eec825ba3227b3d7d54d041e1f6613bd1d5838b2a835cb07c7762bcc2
IMG_0366_JPG.rf.b719e0ff9150cc770a0dcd830a50ff81.jpg,684bcd28-6563-4b87-ab9e-e824cebd0dc9,34145,f60485d818de8499b5439281098a3029d42850bca0cdc516082b1f0dc622e72f
IMG_0369_JPG.rf.23bac1b5cbda736992dce0dd93e0d7ba.jpg,684bcd28-6563-4b87-ab9e-e824cebd0dc9,26176,e72cc2519d6cfc202c2ff5e6d67e0ac6bb4272269687fed33117fdb14ec8a12e
IMG_0373_JPG.rf.19c45ff1dbea8d78e0bd4defb09872e2.jpg,684bcd28-6563-4b87-ab9e-e824cebd0dc9,26245,0fee7f590094ae91d967241fe718227b38a980c0b66085b3a6e328d9bcd42ff5
IMG_0374_JPG.rf.a8e51c8e87c71c9e8ad0ee9642897c97.jpg,684bcd28-6563-4b87-ab9e-e824cebd0dc9,32351,c0bdb233f0113acaa8eabfe4e86b3e17e7c7604c84e8085dfa2a34e1d8ab6b44
IMG_0480_JPG.rf.5f7decf9b46ba060b7341a04989f5f34.jpg,684bcd28-6563-4b87-ab9e-e824cebd0dc9,31123,d7fd1da90912406a5a3335216645d68aff2263078113d37af3bc3fbfc547af43
IMG_0482_JPG.rf.810d2eb0628dd854e7a86ffe92015b1d.jpg,684bcd28-6563-4b87-ab9e-e824cebd0dc9,33530,1b7e001ca6cd6547cb7f66017b4c5c7ed96e35b333293e0b0a5b0bd375504d7d
IMG_0546_JPG.rf.3599200d519646947e78249f4365c2d6.jpg,684bcd28-6563-4b87-ab9e-e824cebd0dc9,33460,0d94dad801889c9b018312acda13cb479784bcb7d3d41971d48de41efab70d3c
IMG_0548_JPG.rf.1f453af0385cfda6437f4f039b5c5f32.jpg,684bcd28-6563-4b87-ab9e-e824cebd0dc9,31894,0f3997e4932dced9334aa6f8d7b1bfcc400ce009ac81c39d09a4802f9d6580ea
IMG_0559_JPG.rf.731c72f719523750b4a070bb2585f76f.jpg,684bcd28-6563-4b87-ab9e-e824cebd0dc9,40759,f008fcb0ac4a86760d0e356fc2acfd1c339effb9ac1645d83d1460b0bbafd707
IMG_0579_JPG.rf.533fadb96097ae323ba7b0406b32349f.jpg,684bcd28-6563-4b87-ab9e-e824cebd0dc9,27383,488354386c6eea2130f960bc00dfcbc9dd000876ef84bc1b7c9babfe2a232271
IMG_0650_JPG.rf.a363b18beecc78acaa24a11c12260ede.jpg,684bcd28-6563-4b87-ab9e-e824cebd0dc9,36676,3ac95bedca3dfbd640b17efdf346414d192bce64287c2a375c0d4fb24765ab82
IMG_0653_JPG.rf.cdf8837d76c81977cc57bf8f31c544ca.jpg,684bcd28-6563-4b87-ab9e-e824cebd0dc9,38385,bed4a64dcd195e5302964ea7150e11d3a15021b0d1e46caddac6ef9435ed43ae
IMG_0697_JPG.rf.c456163d96310ad8a036fe31079a89d3.jpg,684bcd28-6563-4b87-ab9e-e824cebd0dc9,45463,630dcf88d87123365f76c8a90c44aa26c8d68e832a42ab9d6f85491b3914bdc3
IMG_0701_JPG.rf.6db1aeefeb481804af69fdfc98ce79d6.jpg,684bcd28-6563-4b87-ab9e-e824cebd0dc9,42882,879355a7c2ecb1b4418cdf3f015f810f2a908f8248b966d585abe1f62c34d655
IMG_0883_JPG.rf.b61b323275fd1f6ad2ba488186b035fd.jpg,684bcd28-6563-4b87-ab9e-e824cebd0dc9,31340,acb9daf1f6aa86bf065064a98d4db47122219530de5db03f9a240d4e7a4ecd95
IMG_0999_JPG.rf.5a9aabd6786933328d079110cf18ebb4.jpg,684bcd28-6563-4b87-ab9e-e824cebd0dc9,31697,5426e38295b86a8fe86681547ae53b10004b04804d36f168772120a83edd5c01
IMG_1003_JPG.rf.3ee6c96d2da546e6bbed9ec0b589f26e.jpg,684bcd28-6563-4b87-ab9e-e824cebd0dc9,28422,f4fcdd0ddc6a5465ba0c522062189695916567f8d4ddb7da6cbc2a8d9ff6aeae
IMG_1012_JPG.rf.dc35d2e409cfbc4be2b9683d97859154.jpg,684bcd28-6563-4b87-ab9e-e824cebd0dc9,28988,99efc609e495ee3983218eba9b58f2a81c6a7e688cf4067e2184387bd6e58374
IMG_1025_JPG.rf.8cbd6600d994fb73b55824157e617246.jpg,684bcd28-6563-4b87-ab9e-e824cebd0dc9,33550,34412c8330db58ada6b51d235d8add1c52b967e030c44a6365d662f3583d1742
IMG_1026_JPG.rf.081a426907d60cab4a384dbef009acf0.jpg,684bcd28-6563-4b87-ab9e-e824cebd0dc9,31790,2c248b9cdf4298bf8b9ed9c230ee6b1c2438361406ec9eadc26fc3fa42ede941
IMG_1039_JPG.rf.b13ebcdc6f3236c7268fb57de72f3de4.jpg,684bcd28-6563-4b87-ab9e-e824cebd0dc9,28603,32cdca0d926678bc868a292e10591bea9a732614e91bdb17ccc62071807a60dd
IMG_1044_JPG.rf.b4f83a68d097b330d82fc41cdff4e3ba.jpg,684bcd28-6563-4b87-ab9e-e824cebd0dc9,37345,0c54f24bb7d08cbbec1decb66e354dfc5811a73b2a0f44f98984435a76ff0417
IMG_1045_JPG.rf.5f240709c5a4c370e5725081e4e23e87.jpg,684bcd28-6563-4b87-ab9e-e824cebd0dc9,37301,002b5c5056930d9dc3f416836a8fd0343accc11914f2daf3a78ae7b726f861e9
IMG_1046_JPG.rf.be8ba21eee76ca3fe560d3ef028ef97a.jpg,684bcd28-6563-4b87-ab9e-e824cebd0dc9,37369,bee62a9d71ea213425f7d36d4080465a5c51aaa32bafb7e2ddc143853c0e7597
IMG_1052_JPG.rf.8b5bb144de4f7c51552d087556fb0355.jpg,684bcd28-6563-4b87-ab9e-e824cebd0dc9,32857,ea45c098c32f362c0267deafc8699692c3529bb40d32951c0c84ed57fd32fd46
IMG_1064_JPG.rf.08c3ed09e4a2a8fc858c982f358eb14f.jpg,684bcd28-6563-4b87-ab9e-e824cebd0dc9,32258,a7ac6b69aecaad9fea0d925fc55dd0f5f6569ddba3ee6532fc3f68adcc42fe5b
IMG_1069_JPG.rf.16e7fa573a01e95d6f2f12b79a3efd76.jpg,684bcd28-6563-4b87-ab9e-e824cebd0dc9,36227,fdd579b90a3efb24acfb8e67cafe2bc2beda20372b7f996eccf017ee0984336e
IMG_1072_JPG.rf.9fbfce322651b27924a887ffa528f087.jpg,684bcd28-6563-4b87-ab9e-e824cebd0dc9,37172,188fdd26d89f1cd7d52f679a1a36b3ba64f89b2d34adb707cd328ed7d8f07a6b
IMG_1089_JPG.rf.82c821a2f03e840ebd6ddcd8242d851a.jpg,684bcd28-6563-4b87-ab9e-e824cebd0dc9,40702,ab33aea87b7fee847455f15195a7f26181a8ccde8650d7d08f1b0ffdc560e4a0
IMG_1103_JPG.rf.c1ee1d0cf0a80a4c270f8208ee0d286d.jpg,684bcd28-6563-4b87-ab9e-e824cebd0dc9,40034,9e4b8c6682e66e66b876870d9159a244ba757e46e1a6d3af8d7d85cd96341b8f
IMG_1108_JPG.rf.543712ffb8549e3af9ad201208001c8c.jpg,684bcd28-6563-4b87-ab9e-e824cebd0dc9,34826,5d636179913b5103d89fa954433205c96bcd95cc00ad4c0bad87bc63fe8be643
IMG_1113_JPG.rf.3b61551ec26d61f5cd4ea13bb0fca767.jpg,684bcd28-6563-4b87-ab9e-e824cebd0dc9,32798,c8ba4cdf51620f05ea0650b0c00c96a932c3d394420073364e7ca889ba446529
IMG_1135_JPG.rf.5ee703214585ba2666158ea88731a449.jpg,684bcd28-6563-4b87-ab9e-e824cebd0dc9,33538,8d4a6c29529782a51f86dd1fd51d38b9b9a6f790800174c4461aac61c0f1e507
IMG_1148_JPG.rf.bbc665697b6b721d21d631afab03c427.jpg,684bcd28-6563-4b87-ab9e-e824cebd0dc9,32150,d2fb0c34fedbd1a5c2124fac150e581171179460e6464be536d04e79281b5338
IMG_0219_JPG.rf.0f91e5b4e44afeae07563a0fbc9b2179.txt,8c84bab5-b6e4-4545-a546-a2fb7f0652af,43,a958215af675e74604f626a8b6269cf354d13a0c63778fea61ed8bbd3f608db8
IMG_0233_JPG.rf.77744b68664835add33d2c38a454aea2.txt,8c84bab5-b6e4-4545-a546-a2fb7f0652af,334,4c54a09dbe8daf585212ec674088f5fba169d859efbe47894bdd3e129eaec5b4
IMG_0249_JPG.rf.15e848eeebf420b117ba3b353a978f2b.txt,8c84bab5-b6e4-4545-a546-a2fb7f0652af,122,cc00d05ab57e67471b73587e58f2de866a3bc6cad3e79928120c695caab649c5
IMG_0277_JPG.rf.052b438ebb322945b91bf16cc095b1e1.txt,8c84bab5-b6e4-4545-a546-a2fb7f0652af,213,fea0e8f8d3655029eacd58ac504a6e92ba57ea1fcf623cf289caa6a106f6cc3f
IMG_0281_JPG.rf.39d946d019e8b6936b3a1cce0626007a.txt,8c84bab5-b6e4-4545-a546-a2fb7f0652af,212,24636d141edaa6b179d4b43a9957dfef77bfaa7a4d81719176a9dcc36777d018
IMG_0288_JPG.rf.35b92d31ee99f4ba124a754789ca8fb2.txt,8c84bab5-b6e4-4545-a546-a2fb7f0652af,126,74c6a046cc72cc86f54dbc2eced5be1a74699de0cff65eff75e24250e423c00f
IMG_0299_JPG.rf.b9c9213ac93134d9dc50d9eb59b1cc09.txt,8c84bab5-b6e4-4545-a546-a2fb7f0652af,210,e57006064f4f83021afffa9696f6fd061a5c467d352627ea908c0889ff77a0c4
IMG_0300_JPG.rf.1c778812ccaeaa4319ffe8eb6d6673fb.txt,8c84bab5-b6e4-4545-a546-a2fb7f0652af,44,02b22b9a60e30aeff9ceebc8ec8885aacbf0f5a0111c39f210e7192dccbd805d
IMG_0306_JPG.rf.e1186032a54a350bf207106efb7e70a4.txt,8c84bab5-b6e4-4545-a546-a2fb7f0652af,206,74e063be3f289e01a7c297594ee8aadc614752803b0a69e530367ddb9b6b6eac
IMG_0337_JPG.rf.c8c4654140ef724e5331fce78d17c036.txt,8c84bab5-b6e4-4545-a546-a2fb7f0652af,41,3fdc23e87638de95c3f93176c0542d95d00eff4111475965efedb0a254e13b22
IMG_0345_JPG.rf.95e769662b2f30eec1013148158de567.txt,8c84bab5-b6e4-4545-a546-a2fb7f0652af,244,7a15685436f18030a7b6502f57b4439b4ae24b78070907333ea8584af9ce4179
IMG_0349_JPG.rf.65cc213e17c4a443a7d00beab717587a.txt,8c84bab5-b6e4-4545-a546-a2fb7f0652af,211,0c15d67c05fb8595084e63b75d4e29d57cf63349a1294ffc151a07a8003980c7
IMG_0359_JPG.rf.68dfd3e63b18d950509a7d8e2640af92.txt,8c84bab5-b6e4-4545-a546-a2fb7f0652af,199,a394943c932e59378138c139c3c06487cfbe9715f75a1e3aa8a35991e26cb38e
IMG_0361_JPG.rf.75218b563e669662d7f5ee032600c15d.txt,8c84bab5-b6e4-4545-a546-a2fb7f0652af,87,323a4062d3f489180a8070ce6225e004c554717d27287455745c135ae633c61c
IMG_0363_JPG.rf.2b2bdcfc86e36ee43a07cc334a8446f0.txt,8c84bab5-b6e4-4545-a546-a2fb7f0652af,85,e755192d6544e8914f99260c2ece6c225ae0249b1b256435b0f5e848a1586056
IMG_0371_JPG.rf.41ca30f40cf3c02173badfcc24f3a173.txt,8c84bab5-b6e4-4545-a546-a2fb7f0652af,207,296a170f8c06dd96d827a7448369a4f93536f07e8e2f28bd1ad140a51e62e1b6
IMG_0554_JPG.rf.a13ab8a38801429af899803b13b7ff53.txt,8c84bab5-b6e4-4545-a546-a2fb7f0652af,325,7c0bd8f9fe06b3ee09ca5fbdde461e51c94716c701682764558514887b7c86d6
IMG_0577_JPG.rf.b69dac7c134543abf85d598369d09bb2.txt,8c84bab5-b6e4-4545-a546-a2fb7f0652af,254,12027b5d41bd450e31ab551113cf17d0826ec58a1a0d24bc31d52ee1fbfd37a1
IMG_0580_JPG.rf.11bacd34b9740c6d99cebfa4557b7d9a.txt,8c84bab5-b6e4-4545-a546-a2fb7f0652af,296,0fcf5bfc07ca5eec382a8dcd435436d724ce37cbab967cf070efd224b946a9d1
IMG_0581_JPG.rf.b01c5c2816aff6967b4a3a870b16a68f.txt,8c84bab5-b6e4-4545-a546-a2fb7f0652af,306,77dbb39c3b545d92ae39e36f4747cdcb58fd1f8d008267c1caa5a7e11e8412b8
IMG_0649_JPG.rf.cb50a88864370d34e70a4d66e8e3b641.txt,8c84bab5-b6e4-4545-a546-a2fb7f0652af,44,5515c621c26dc6a1e3f2de281e53a07886da9494fec2a1eb5c30c58d8aa9a2a0
IMG_0882_JPG.rf.bbaee2eef08bdb77a49ad6d8b8601b00.txt,8c84bab5-b6e4-4545-a546-a2fb7f0652af,630,613dcf93c7ccc484316a0ca148bca4705a3cd2d4d2560b2f647daf6ae328f6e0
IMG_1010_JPG.rf.4bf3d89caebaf76a2d9cda9ba6b1d79a.txt,8c84bab5-b6e4-4545-a546-a2fb7f0652af,41,fa0bcfb9e848a63f3b2042935399cf7540755f963e13967d8890928fe4b42502
IMG_1023_JPG.rf.fefe7cee1b7fd64f48c20bd52cba870a.txt,8c84bab5-b6e4-4545-a546-a2fb7f0652af,38,8c4ef750c82c0a4047d757d78e59bc8dfc88e79e60950316fd42b095e841e636
IMG_1081_JPG.rf.c103828c90a683717e142611bda66a6f.txt,8c84bab5-b6e4-4545-a546-a2fb7f0652af,128,8df4f11d37ac1d865465566b2f12938a59f101f5be0b2a36e78c08c3f4cfd072
IMG_1115_JPG.rf.691789ae65f2965a1e07b41bd8a296f7.txt,8c84bab5-b6e4-4545-a546-a2fb7f0652af,34,0d903601f1444388e21e86e7ee0879d04d4fa3eab4ec236ae83fb3ebe8b8ac63
IMG_1128_JPG.rf.698a7e8c147a77eb2261cfc0492886a8.txt,8c84bab5-b6e4-4545-a546-a2fb7f0652af,127,a67c0febbaf873c78dcbd59e08e6059479e06f7ca0ff74241c7318d2e6577505
IMG_1129_JPG.rf.2ec003145d9b27fc16e4e55192f2ea00.txt,8c84bab5-b6e4-4545-a546-a2fb7f0652af,42,ea2727e421979dbe6d75897cb6b3d3f55130d0724b5b1db3883a32bd09a3f278
IMG_1138_JPG.rf.06ae6751ecbf350c9c51889ec187d830.txt,8c84bab5-b6e4-4545-a546-a2fb7f0652af,37,7c65f82b71acc154c88ddf7b238c2475e8478caa7b92c24fc631271d5bdab64e
IMG_1141_JPG.rf.0e68a16c28d4f96a7e391406125d9a0c.txt,8c84bab5-b6e4-4545-a546-a2fb7f0652af,39,f03acf26496ff8cffaac164fd37847891f8d4ba74d1f8e845c0e77b63b71d5c8
IMG_1150_JPG.rf.053a34c78f78bd702759abfc89eabba3.txt,8c84bab5-b6e4-4545-a546-a2fb7f0652af,42,ae7c2a3c9ae1ca3b0d3b8877230a94373a59c08436bfc20e2177a8088dd72367
IMG_0210_JPG.rf.ee7c3f8e9d7e29922d34e250b793a38a.txt,d2169457-9226-4c9c-91d3-b101d206d214,0,e3b0c44298fc1c149afbf4c8996fb92427ae41e4649b934ca495991b7852b855
IMG_0211_JPG.rf.21e4d00d7fe07342aaebe20f866492f0.txt,d2169457-9226-4c9c-91d3-b101d206d214,42,e466a5b9be8e876d836ce00f2df961201545a294ee92050788d93d2095ca3eb3
IMG_0215_JPG.rf.7dfb56275e8a8285a2d921ffb4211c7b.txt,d2169457-9226-4c9c-91d3-b101d206d214,0,e3b0c44298fc1c149afbf4c8996fb92427ae41e4649b934ca495991b7852b855
IMG_0230_JPG.rf.17dadb1ea98188c6c70ff43d4340b645.txt,d2169457-9226-4c9c-91d3-b101d206d214,170,d41653e9031f92b83ebc25fc1a89d0427ab0686668b378259dfd2dcc6800a1fe
IMG_0232_JPG.rf.4c2b43e897fa78068a93983bcafe5c10.txt,d2169457-9226-4c9c-91d3-b101d206d214,336,46c01323c5c4bd301ef0c8069e6c7b605bb99b4787cfd25682a73b93d8c3620a
IMG_0236_JPG.rf.d563f8a504110085e807b61c25f29c40.txt,d2169457-9226-4c9c-91d3-b101d206d214,39,04c7fafc2b9db4f3f25c42085dad1e57d35dc18d0c03687c529186e963a258d9
IMG_0255_JPG.rf.2271a55fbecadd95faf3fb24e0237bfa.txt,d2169457-9226-4c9c-91d3-b101d206d214,338,0ce37754c3b9ef3981a3f01947711de240d7d40ca2dff5fb7048691424a7ccfd
IMG_0265_JPG.rf.728c16c303e52aa808416994a9ba9b1f.txt,d2169457-9226-4c9c-91d3-b101d206d214,40,0749fcaade5501e9221e2e03b5ae1b77ce64b484d513ecca912308344f32c957
IMG_0267_JPG.rf.f12c8ceda270ce91277ed91823d266e3.txt,d2169457-9226-4c9c-91d3-b101d206d214,296,19f28cbcdf05362ab7d2ae77948cfab5db80a2e3295881f03058742d7b14023d
IMG_0271_JPG.rf.e24fdf9a044e5d8d5f85d8a8cd1ea85e.txt,d2169457-9226-4c9c-91d3-b101d206d214,292,324805cf7b2bdd4bc9750e933b6ef776ba083407c6d47d0fa63c2f4b9feaa1df
IMG_0272_JPG.rf.f8379247473beef3e8ff0b930270af10.txt,d2169457-9226-4c9c-91d3-b101d206d214,122,b58196673a367014fa41dbf6126404fb931eec8910cd96f2dc045b61e2663a3c
IMG_0292_JPG.rf.cb42bafcda9dc80aa617da816da28808.txt,d2169457-9226-4c9c-91d3-b101d206d214,253,691b03f2fe0e45ceaef83c0465b383549d902a0a5b40c92b79d5a6581c9d8302
IMG_0295_JPG.rf.cb456979ec99f70766d913ffed3209b2.txt,d2169457-9226-4c9c-91d3-b101d206d214,253,66809f3940a77d253eddc2b74da196fb387d0c9bea80aacef246f610565c4588
IMG_0298_JPG.rf.b592578b67300ed2b7853abe20197c7c.txt,d2169457-9226-4c9c-91d3-b101d206d214,218,a5d256b0ede6e61980c66b93b7c2d672dbfe5de51fd6e7e15cd3b605244a248e
IMG_0316_JPG.rf.261434bc59796670e7d4a9dc1a54b54c.txt,d2169457-9226-4c9c-91d3-b101d206d214,258,c2fb3fd717896d3e60bbbb3595d4d1477e3f579587779eaf1ca5898051e2afdb
IMG_0317_JPG.rf.7facf51c67b64e34c8bbbc5d2913ba1b.txt,d2169457-9226-4c9c-91d3-b101d206d214,248,2bac0a1f3031194d7c5250c67fad26a3d380e2fbe734c3155b33ec6fc0de49a7
IMG_0321_JPG.rf.d7aade90ca523f58baa19a39028d2ef5.txt,d2169457-9226-4c9c-91d3-b101d206d214,291,8590dfc4748f7f6c6dd200600f64d3126ce1b17f817bdf0a714a9c28bdc14a55
IMG_0328_JPG.rf.5140c68735e74cf6b092b5b9996e8135.txt,d2169457-9226-4c9c-91d3-b101d206d214,40,df5904dcc2712cd4599872617f46a944822497dc8ecd4baf23658edc3af8e131
IMG_0334_JPG.rf.50cf6479f841828a396f016a522027f0.txt,d2169457-9226-4c9c-91d3-b101d206d214,44,69ef8cd93f1b841dd873fee1e3df8814a90cc2a5e1c4dcf44f607b3ea2736827
IMG_0339_JPG.rf.562233bcb1b4b5de15c99ddab767523f.txt,d2169457-9226-4c9c-91d3-b101d206d214,39,04944fbf26fd7602ed962ea7c1e408518c1d5800c9f6c0d3a9607a07c9c952f0
IMG_0348_JPG.rf.bbe10c89d4cc2f985156051c1603cacf.txt,d2169457-9226-4c9c-91d3-b101d206d214,215,7ae5b0c4711b12d310e6b00da34cbaf9896369f45415d4e28cf1533f2d3c706c
IMG_0352_JPG.rf.d79937a7b6d85c852e9e5b562b95e449.txt,d2169457-9226-4c9c-91d3-b101d206d214,119,1c1087625086ddef31747965d83108b433233997eb19c6699fa1617897535a87
IMG_0353_JPG.rf.c22fea1555c58f70af700c67fe0b5844.txt,d2169457-9226-4c9c-91d3-b101d206d214,131,240b5febbfcf8dffda68bfd3bb813180cb2e21451009989a04cecc073bd4099f
IMG_0355_JPG.rf.9227044586599347b78eb3238805f082.txt,d2169457-9226-4c9c-91d3-b101d206d214,256,0628b08a5588e7162db3ef21373e0132d1d9f298cc24b243dc8dbf72525b9e0d
IMG_0357_JPG.rf.1b32b64491b77e962e3004bc22aeac49.txt,d2169457-9226-4c9c-91d3-b101d206d214,199,4e5423d60a49363cecab9925e99631c35c91c75eac2186ad6ac3018f2cb69de9
IMG_0360_JPG.rf.45c41e0ebd7b259c6eda828d23b68f49.txt,d2169457-9226-4c9c-91d3-b101d206d214,86,aca2b43d894c0cd4b6ac2ac8f4e90dc0b810f6c31162153c2891dcc2652bc0da
IMG_0364_JPG.rf.b23e8574dc9ba82a0c0f4d6f5d9d8a30.txt,d2169457-9226-4c9c-91d3-b101d206d214,173,4769be7c40d57e2ffbeac9ca0693277061d1ebd5a570f7648b87c1476d9d725c
IMG_0366_JPG.rf.b719e0ff9150cc770a0dcd830a50ff81.txt,d2169457-9226-4c9c-91d3-b101d206d214,215,8657dc5a025196b687211877ff50036dde0ea999d772f570d4d44e8930c30a7b
IMG_0369_JPG.rf.23bac1b5cbda736992dce0dd93e0d7ba.txt,d2169457-9226-4c9c-91d3-b101d206d214,195,38de8c01d5767c0e369009b75dbf4b5dc100f8f259b583c5c838c37fd8ee1b4f
IMG_0373_JPG.rf.19c45ff1dbea8d78e0bd4defb09872e2.txt,d2169457-9226-4c9c-91d3-b101d206d214,211,01f1162a6eebd157995c4d6bfafc545bbc8659a334497b42c6296329fda39da9
IMG_0374_JPG.rf.a8e51c8e87c71c9e8ad0ee9642897c97.txt,d2169457-9226-4c9c-91d3-b101d206d214,135,3f2f45d75235e4dbba0caf1e215812fee71f3d4d9fcd16dc65b40f0d92272c59
IMG_0480_JPG.rf.5f7decf9b46ba060b7341a04989f5f34.txt,d2169457-9226-4c9c-91d3-b101d206d214,43,702c482476f5facce370fbf3813dd08f8d792688c80894fe295d1dd7b1f8922e
IMG_0482_JPG.rf.810d2eb0628dd854e7a86ffe92015b1d.txt,d2169457-9226-4c9c-91d3-b101d206d214,44,57b975e6d83d8bbd23a3dac702219a866cfa69d6f77c80805d7b3a1fd3d77eff
IMG_0546_JPG.rf.3599200d519646947e78249f4365c2d6.txt,d2169457-9226-4c9c-91d3-b101d206d214,85,09f1e0569786ce9d3027967ebdae64d49875c8a83f785cd06378edb639f28d23
IMG_0548_JPG.rf.1f453af0385cfda6437f4f039b5c5f32.txt,d2169457-9226-4c9c-91d3-b101d206d214,83,7d001f283e47054c447ff03e35da387b2d76cf4d719abd689b343d73af8c8934
IMG_0559_JPG.rf.731c72f719523750b4a070bb2585f76f.txt,d2169457-9226-4c9c-91d3-b101d206d214,44,dac634cab643cee4592df1035a942e8ba3acbacdb4cb3be84ea131c7e20bca1f
IMG_0579_JPG.rf.533fadb96097ae323ba7b0406b32349f.txt,d2169457-9226-4c9c-91d3-b101d206d214,303,6394b9647380a94fc4f812fac8399eb9b678bae0b7f24ece8b5551e24088e745
IMG_0650_JPG.rf.a363b18beecc78acaa24a11c12260ede.txt,d2169457-9226-4c9c-91d3-b101d206d214,44,5515c621c26dc6a1e3f2de281e53a07886da9494fec2a1eb5c30c58d8aa9a2a0
IMG_0653_JPG.rf.cdf8837d76c81977cc57bf8f31c544ca.txt,d2169457-9226-4c9c-91d3-b101d206d214,130,516c8f1d792f367defcfc18e9c10a2c2b17c6643e27652bdc66f76bc06adca29
IMG_0697_JPG.rf.c456163d96310ad8a036fe31079a89d3.txt,d2169457-9226-4c9c-91d3-b101d206d214,43,bde7a6906f0d0cc1700424913dd31daf0b3aadd4f47f6c840cf3b31a2521edb1
IMG_0701_JPG.rf.6db1aeefeb481804af69fdfc98ce79d6.txt,d2169457-9226-4c9c-91d3-b101d206d214,42,b35a23097d3b46bcb4f0501dd91020eba0c87f7caee4274866b5160065d565ad
IMG_0883_JPG.rf.b61b323275fd1f6ad2ba488186b035fd.txt,d2169457-9226-4c9c-91d3-b101d206d214,627,c6515f2d084866bb3f548ea8af068e306dcb937495017f5c2904f665637987b9
IMG_0999_JPG.rf.5a9aabd6786933328d079110cf18ebb4.txt,d2169457-9226-4c9c-91d3-b101d206d214,294,3e78a5e3fb6c71d434ac064cec56a8027e1148af3cf0a5a80dfec11f4a07308d
IMG_1003_JPG.rf.3ee6c96d2da546e6bbed9ec0b589f26e.txt,d2169457-9226-4c9c-91d3-b101d206d214,43,490bf2935ec02b98f7f620f3956dc3d1011ad6169ba8d951976c5bb34037de45
IMG_1012_JPG.rf.dc35d2e409cfbc4be2b9683d97859154.txt,d2169457-9226-4c9c-91d3-b101d206d214,41,fa0bcfb9e848a63f3b2042935399cf7540755f963e13967d8890928fe4b42502
IMG_1025_JPG.rf.8cbd6600d994fb73b55824157e617246.txt,d2169457-9226-4c9c-91d3-b101d206d214,38,8c4ef750c82c0a4047d757d78e59bc8dfc88e79e60950316fd42b095e841e636
IMG_1026_JPG.rf.081a426907d60cab4a384dbef009acf0.txt,d2169457-9226-4c9c-91d3-b101d206d214,38,8c4ef750c82c0a4047d757d78e59bc8dfc88e79e60950316fd42b095e841e636
IMG_1039_JPG.rf.b13ebcdc6f3236c7268fb57de72f3de4.txt,d2169457-9226-4c9c-91d3-b101d206d214,42,dfe5d264f8c6c07516806a2919681791269118a8533c73df65587d8d6049e81e
IMG_1044_JPG.rf.b4f83a68d097b330d82fc41cdff4e3ba.txt,d2169457-9226-4c9c-91d3-b101d206d214,42,923382354ced9afba9161af1c939d2433666c28de491ceb391f15cedafae9584
IMG_1045_JPG.rf.5f240709c5a4c370e5725081e4e23e87.txt,d2169457-9226-4c9c-91d3-b101d206d214,43,e66646ae0e54e2a85f4202cf7911641509c32029f93aec38a2e2acfedfbd3bfe
IMG_1046_JPG.rf.be8ba21eee76ca3fe560d3ef028ef97a.txt,d2169457-9226-4c9c-91d3-b101d206d214,43,df8b753304e0c7e36836bb2ba7735ffc07328fe3c6c7f5cd512775e93d398e75
IMG_1052_JPG.rf.8b5bb144de4f7c51552d087556fb0355.txt,d2169457-9226-4c9c-91d3-b101d206d214,127,e63ebe5ee825f2373898c39d582eb5f2eed0618e5218a46139655a84768d5d77
IMG_1064_JPG.rf.08c3ed09e4a2a8fc858c982f358eb14f.txt,d2169457-9226-4c9c-91d3-b101d206d214,39,143cdc3457773f4209ab5f48a4a0b83a87e47d4945f28cd9ef9fe50fa2a0f580
IMG_1069_JPG.rf.16e7fa573a01e95d6f2f12b79a3efd76.txt,d2169457-9226-4c9c-91d3-b101d206d214,43,0b906957994c91117d8f475e61c24522d5ece44b3a3056ad2d00146f4589ffba
IMG_1072_JPG.rf.9fbfce322651b27924a887ffa528f087.txt,d2169457-9226-4c9c-91d3-b101d206d214,158,f2c179ec490be02467d97d820211961c190cf01c1880bf9368fc0ad02a18bf5e
IMG_1089_JPG.rf.82c821a2f03e840ebd6ddcd8242d851a.txt,d2169457-9226-4c9c-91d3-b101d206d214,43,3a6abce0d065c66788f36d2ac01d18bcd3af7daa7ed879385c4939f9b7d40d80
IMG_1103_JPG.rf.c1ee1d0cf0a80a4c270f8208ee0d286d.txt,d2169457-9226-4c9c-91d3-b101d206d214,211,c6cd1e33ca1fe6aae0ca5f2356c1419c2635f54035d5f6e8a12d8150e402cb6b
IMG_1108_JPG.rf.543712ffb8549e3af9ad201208001c8c.txt,d2169457-9226-4c9c-91d3-b101d206d214,128,32ffbb3aa179969cc34ae923f817da9505dc77f10192185e322189254eeb55e0
IMG_1113_JPG.rf.3b61551ec26d61f5cd4ea13bb0fca767.txt,d2169457-9226-4c9c-91d3-b101d206d214,34,67e0e52271299f7459f95c60dfe5c7a7834a3ff74be8218c40b03af34516ecce
IMG_1135_JPG.rf.5ee703214585ba2666158ea88731a449.txt,d2169457-9226-4c9c-91d3-b101d206d214,39,8dcb573508e666635961569a0c2c71b72ec2095d90f4f8e25e9c3b47cb65ea83
IMG_1148_JPG.rf.bbc665697b6b721d21d631afab03c427.txt,d2169457-9226-4c9c-91d3-b101d206d214,39,e35d02d4e908e9676c4a4d0dfcf59b4e23345cfb6d85fd100f2e8955486eec5b
IMG_0210_JPG.rf.88fef2f797fa888a725ec075a039aa57.jpg,e205d0ab-a9e6-4e7b-a734-d50b0351249c,29961,bac92e3574b7d66b80fc1ea75e095af57790e77e9b456fd33658f3eb044257f5
IMG_0211_JPG.rf.e63eae2f4e0a7ba599feed7fc4dc8436.jpg,e205d0ab-a9e6-4e7b-a734-d50b0351249c,35103,d382cfa11f3ba73b021f129c751bde121f1ef13d8e0273577bd623355724c64b
IMG_0212_JPG.rf.51e464fbdd411d448fd79bb32b807bef.jpg,e205d0ab-a9e6-4e7b-a734-d50b0351249c,33460,90685b1d4d7442538a4c51d7741511e53d610b61bd372d6e89ae742f915659c6
IMG_0212_JPG.rf.72f9bdc6599adddf2dc541fb4f939b13.jpg,e205d0ab-a9e6-4e7b-a734-d50b0351249c,32661,05b9e6c646544b9512fe78b6a4e57ae015e6f4b418931f8f4fc0df44a0e8f92d
IMG_0212_JPG.rf.f9feb4b8c032613cf639b801f7a934c2.jpg,e205d0ab-a9e6-4e7b-a734-d50b0351249c,33680,5d1b7c17798233a801f42c8ccc199c89d71ce4ec3521d6f4ed134e3f0142ea6c
IMG_0213_JPG.rf.39d1e47fe401ff4f0ed7becec0fc997c.jpg,e205d0ab-a9e6-4e7b-a734-d50b0351249c,29679,f4d47dcc01b24b068bad20b5c0f7845eca30382d190973689c3352968f3e6074
IMG_0213_JPG.rf.6ae88337d39608b8566aa7a0a3c042df.jpg,e205d0ab-a9e6-4e7b-a734-d50b0351249c,28956,ec8f0118e35d767c30ee268e4663fb7edbdea49275af0a68d80b180190c2f75d
IMG_0213_JPG.rf.c3d06634ba033bc2aa45b4196177733f.jpg,e205d0ab-a9e6-4e7b-a734-d50b0351249c,28507,91589f4dc8945bc5f4d4eae44d5c3d6f9910e78210dc3281890210a6cec5cdac
IMG_0214_JPG.rf.256ab89188a6a009f654161bcc04fc64.jpg,e205d0ab-a9e6-4e7b-a734-d50b0351249c,27013,3a528e7fc345a574689eae5310d64a723194a6573b12782ba08a75feab8ed722
IMG_0214_JPG.rf.4ed66c48b590e58096cb5bdd7007ef31.jpg,e205d0ab-a9e6-4e7b-a734-d50b0351249c,27199,c62198b77cd3cf7f307f363e46eb2ed2c13e813eab317e6698ef485fbac34c9f
IMG_0214_JPG.rf.ff901d83bb7227dd3800eed1eb0aa6dc.jpg,e205d0ab-a9e6-4e7b-a734-d50b0351249c,27810,d85291824bbbebacf6703f9664d02f34e5addd99cc2842102ce1ad3175bdab59
IMG_0215_JPG.rf.72f64552ad2cd18b9534adce25f54cc5.jpg,e205d0ab-a9e6-4e7b-a734-d50b0351249c,29305,e07c57a686435b3f078ae126c06c21ce46f38d15fe5a137a8ad83d1236631ac1
IMG_0216_JPG.rf.2f2281def8c9e88325cf0bcfb3689634.jpg,e205d0ab-a9e6-4e7b-a734-d50b0351249c,34001,e25524fbcb0ed6034708656ab59e7eb1523821fa692cd8da033cf3aa23c20866
IMG_0216_JPG.rf.83877e87be1f7d8a7e7380ee3d1b1df0.jpg,e205d0ab-a9e6-4e7b-a734-d50b0351249c,34001,e25524fbcb0ed6034708656ab59e7eb1523821fa692cd8da033cf3aa23c20866
IMG_0216_JPG.rf.e81f84d1fa05a22ea07f1f9e901b56dd.jpg,e205d0ab-a9e6-4e7b-a734-d50b0351249c,34631,4c8ed1a322c06f871c33931a50c5901f8fdb5f6aedd4a745c44089558d8a3ca6
IMG_0217_JPG.rf.393c33d2ad508afc47c6542a56567c26.jpg,e205d0ab-a9e6-4e7b-a734-d50b0351249c,35525,49c30d8b47042040316b436d7fc94f3d9b94632342a1375abcd1a19dc86033bf
IMG_0217_JPG.rf.7db9290f5ee31b8e297a4060ecfafd92.jpg,e205d0ab-a9e6-4e7b-a734-d50b0351249c,35967,057c81d50c95bbe34473462e0cb98bb392fdd6d9558a81018d8de356deaef9cb
IMG_0217_JPG.rf.89caadc74cd1ae440e1cc757c4238f88.jpg,e205d0ab-a9e6-4e7b-a734-d50b0351249c,36461,1e15c34887d8c90f7207684f64d2534bcc33338b819259b42203797e38df406c
IMG_0218_JPG.rf.3f444d184914699d0af18e700cf958cb.jpg,e205d0ab-a9e6-4e7b-a734-d50b0351249c,36068,474812b4fb1b921cbc4111062409d179a97b58ccd4ac9cdbbdec1b7c22200d0b
IMG_0218_JPG.rf.71f62af9e97b5dc89f678e96373037d8.jpg,e205d0ab-a9e6-4e7b-a734-d50b0351249c,36416,c5a9a2eb30a81ab2255eeefc783f49c974a70c47278ba5fadf2d7442850d8019
IMG_0218_JPG.rf.93ab9b498f5de3b69d4edaea98470f38.jpg,e205d0ab-a9e6-4e7b-a734-d50b0351249c,35988,2638e270217f42935d1f142a2b76d0af1d4ea2b601896b36baefe9a2c04a39f6
IMG_0219_JPG.rf.c8d288f364390a28656a50ed7415713a.jpg,e205d0ab-a9e6-4e7b-a734-d50b0351249c,34850,b850f61818bc3bb3b719b9620c746be6695d4f466c52beebf36c9ca9c6fb3225
IMG_0220_JPG.rf.8679979ba90bd96beaedb6c215cbb9f9.jpg,e205d0ab-a9e6-4e7b-a734-d50b0351249c,31214,1339ca06e50f1be8b94c5b9b27efb070eb6dbf07dde26566c0e9fca5f89ec049
IMG_0220_JPG.rf.9686bb38587c5e5037bb6107c25f3474.jpg,e205d0ab-a9e6-4e7b-a734-d50b0351249c,30566,7f75debcfe41f3f1dfe3a01fc9088b6cfc05639a91e049eb88ec031e65588668
IMG_0220_JPG.rf.b8900e702989e8f9c8ac3a90a29a0f09.jpg,e205d0ab-a9e6-4e7b-a734-d50b0351249c,30137,ddde13daff14ba8206f0e3f1c7b503f84e2ddce22c1a510e99fb54a00b867a14
IMG_0221_JPG.rf.0a8b5cd1133a228592fe41a433bad901.jpg,e205d0ab-a9e6-4e7b-a734-d50b0351249c,30131,8c8a26d113f10df7a1de015284487b03deaeab3d3ae4d428df9c9ad68302be5a
IMG_0221_JPG.rf.306a05159d8536cc5b678487270cbc7a.jpg,e205d0ab-a9e6-4e7b-a734-d50b0351249c,30684,540b965a0cf4552281b20166032fd0f563687f997c60a90ca4a6054adb728da6
IMG_0221_JPG.rf.82cc57ca6d9def7870fc75ca1982d9d4.jpg,e205d0ab-a9e6-4e7b-a734-d50b0351249c,30676,dd73fff449ef9ff38cbfcdb505e4f26c0dd786a7fccd0295762252a00ccde5a1
IMG_0225_JPG.rf.2fceda9f175f657ca95015a80a0578bb.jpg,e205d0ab-a9e6-4e7b-a734-d50b0351249c,31942,a9035fe9574c489877f97832a33c3e4d16444396015cf234be7dc4dba68d0f7d
IMG_0225_JPG.rf.cb00ac81e2778f9c099c5d13efc21fa8.jpg,e205d0ab-a9e6-4e7b-a734-d50b0351249c,31665,6834522d58340b5dfb2bda5dd702b7e3515ed893eee217093f8caced1595d7a9
IMG_0225_JPG.rf.f64cb6ad42623847c79cb2a31ba10734.jpg,e205d0ab-a9e6-4e7b-a734-d50b0351249c,32696,44bb16677d700f6c73ed07ac5b4114e9002d665e44b3642f1ebe837668aeabd4
IMG_0226_JPG.rf.2b558f07cda519256b3ab5631c535f2f.jpg,e205d0ab-a9e6-4e7b-a734-d50b0351249c,31420,494939d9beb5301a5d8dfa3fd46674864c5377f104c75e5f5c7a76a6f3505ab5
IMG_0226_JPG.rf.8a89cd8298e265e8b446eb198e1fef7c.jpg,e205d0ab-a9e6-4e7b-a734-d50b0351249c,28461,1c8653e5267dc56b615e81f9e9458b78622dd930d7a727f645d8f69e250a70a7
IMG_0226_JPG.rf.a5e808808d3e71eef2a50b5ea51975cc.jpg,e205d0ab-a9e6-4e7b-a734-d50b0351249c,31420,494939d9beb5301a5d8dfa3fd46674864c5377f104c75e5f5c7a76a6f3505ab5
IMG_0227_JPG.rf.1f4ed8ff45594bdef02b8d507dee7f96.jpg,e205d0ab-a9e6-4e7b-a734-d50b0351249c,31876,54eed2b58a8294178e86e490cb906dcb9b9a1fd44159de4e9c7c5c74c172be0c
IMG_0227_JPG.rf.8932bac39a5e69a6f637d1d06b093b08.jpg,e205d0ab-a9e6-4e7b-a734-d50b0351249c,31702,c008275c0ac826836e6cdbeef2524bd10b8a5c62fe73974ba35a93dd18a88fc1
IMG_0227_JPG.rf.d455c09049b17779e0606914098544c0.jpg,e205d0ab-a9e6-4e7b-a734-d50b0351249c,32227,3784cd3793e1281510c7188f10ae1571e72336e64d6d5c0bcc17a5dfda4ecd05
IMG_0228_JPG.rf.152821158da684a6e50227743b1d00fd.jpg,e205d0ab-a9e6-4e7b-a734-d50b0351249c,32333,00433485596f1412c4eade711151feaa56c365896c321bbcfec2477f10206a8b
IMG_0228_JPG.rf.2b06c9dfe7f84adfeef92c484b57c928.jpg,e205d0ab-a9e6-4e7b-a734-d50b0351249c,31324,e4f09783bff079d02824c3ece61cf4673b1b52cfb89bbffde9900aad51b7cf86
IMG_0228_JPG.rf.65fc8362b54accc5c1276e3852d1e93e.jpg,e205d0ab-a9e6-4e7b-a734-d50b0351249c,31973,0b29eeaecfb6d72c68628f9c448b2ecb5992f263caf93617916c0d2774ce1539
IMG_0229_JPG.rf.02a53b64d885056b23a9d0e307679526.jpg,e205d0ab-a9e6-4e7b-a734-d50b0351249c,42289,df6a741bb7ee4fc01afec559e17ec4419ee9436ef7f8a9367f99e6831a698501
IMG_0229_JPG.rf.1070c957ff8923a6c52b21b81148e4b3.jpg,e205d0ab-a9e6-4e7b-a734-d50b0351249c,39595,22a652f140a6b13dcb8b85e081b3c6ce29549339648845c462aac578d2c4fea5
IMG_0229_JPG.rf.bee8811358b57b3035794ec99cc662df.jpg,e205d0ab-a9e6-4e7b-a734-d50b0351249c,42988,dec7fdbbb831a4ac845bc99d31cc6165b8bab52e7ea8620d417f7ad6b16150fb
IMG_0230_JPG.rf.6aa737da228dfd6ab26b74bbcd84b98e.jpg,e205d0ab-a9e6-4e7b-a734-d50b0351249c,43472,260a3fa722f6bd47879f09fcee7f64121d0d0aa78c12d6fcd11db917e076d44c
IMG_0231_JPG.rf.5f5c2f55b0b8b384f594f164cb8d50a7.jpg,e205d0ab-a9e6-4e7b-a734-d50b0351249c,42818,b642632fdf8350ad28c73fa7fc5604745f7493ccea94cc76f5e85de65b3d8d44
IMG_0231_JPG.rf.7fcc1dcbb357bb7a1b9744d5ff9d64ca.jpg,e205d0ab-a9e6-4e7b-a734-d50b0351249c,42534,75e1a43c912b7fdaeb34a2e96bd3677a5bb4e91bc658f19ef14955a47870ebf3
IMG_0231_JPG.rf.897dcf8482f681d603ef64a21ea585f0.jpg,e205d0ab-a9e6-4e7b-a734-d50b0351249c,43305,5613f4d9fc361d18e33ad652b6d326fc2a5d38f394cdf4338b81f6ed7f2f3e35
IMG_0232_JPG.rf.5a3505b99c3a88145e1c842f074c14e4.jpg,e205d0ab-a9e6-4e7b-a734-d50b0351249c,42751,570a508affd6af5037b5f3e3d0b3787d2f4cbb98faa8fc4357eef9428fb45b36
IMG_0233_JPG.rf.b27c3e2dd843cab5e0f652fd1ce5659a.jpg,e205d0ab-a9e6-4e7b-a734-d50b0351249c,42104,f7bc4b1055fe609ccb52d4c341a4bc4d22b11e00d74a2db9912f8627506df845
IMG_0234_JPG.rf.2eac09a03eb737caefbf9b908d203554.jpg,e205d0ab-a9e6-4e7b-a734-d50b0351249c,35506,f25263988ce2f1d42796d241f089326b2ccbe0f6ce18d96657225fcd318a9bd0
IMG_0234_JPG.rf.55ea782bf0ceee05f6ac0e939509f0db.jpg,e205d0ab-a9e6-4e7b-a734-d50b0351249c,35991,d82979613ed3555c57896507fff00aba609efbf4e3c04d9e62a1f11806cee932
IMG_0234_JPG.rf.a571e51a4850e1d18c7f4afd872511a3.jpg,e205d0ab-a9e6-4e7b-a734-d50b0351249c,36439,fa9d5e0967f72e6c8f0b8f40f6aeb99f055e6742b0100f3f870af447012e3238
IMG_0235_JPG.rf.7e62510d55f5f63bf64aea8fd0f6efbc.jpg,e205d0ab-a9e6-4e7b-a734-d50b0351249c,37152,749b964f4854374ae73bb7e09781100f32ef4f1758ce8014c1611017593ca144
IMG_0235_JPG.rf.d1edcf67bd93cc4b7c72a3cca8a1e425.jpg,e205d0ab-a9e6-4e7b-a734-d50b0351249c,36969,d4092845e85b01b7b2120639b80daebcf97e4e4d35dd6089fd316d0d83e458f4
IMG_0235_JPG.rf.e504a2bd969aae8578bf93b4cc0b8937.jpg,e205d0ab-a9e6-4e7b-a734-d50b0351249c,36762,5751779b7e7271922fa4271ce8993feeb3b3a4f6b3d9b5732ce47367cbcc30b8
IMG_0236_JPG.rf.36a3106474d9b044d52908f150163db2.jpg,e205d0ab-a9e6-4e7b-a734-d50b0351249c,31870,f38fcfdae7ee42067b426b8b30330320e3233e8c6668747c26776e3af0521666
IMG_0238_JPG.rf.b862d5e26ce42038f80ac93160e20bae.jpg,e205d0ab-a9e6-4e7b-a734-d50b0351249c,32320,66b21955781b66dfe0e9384248b8ad56f8d4224a63f95588ccf9cd87a7ae62a8
IMG_0238_JPG.rf.cfd6612ff4c828b73ce7ffa66b001403.jpg,e205d0ab-a9e6-4e7b-a734-d50b0351249c,31637,b5384313205de0c7f53dd184071ec6778ff3376a9cb43fbf79d9041b6a819afa
IMG_0238_JPG.rf.d03dae4a2e01eb2af13da624ea21248e.jpg,e205d0ab-a9e6-4e7b-a734-d50b0351249c,31716,e0c6be83ca962ea09ab448eccfff515a36a04889f66e2d3c90d69edfdc5e2c46
IMG_0240_JPG.rf.774f849b4e813b0234571faf69a3e491.jpg,e205d0ab-a9e6-4e7b-a734-d50b0351249c,38335,f882848a00bfd35668b82003db2ebd047d3c49f367c23086b8392d54f98faca9
IMG_0240_JPG.rf.e5cabe14bf76288f9885893629ec82d8.jpg,e205d0ab-a9e6-4e7b-a734-d50b0351249c,38335,f882848a00bfd35668b82003db2ebd047d3c49f367c23086b8392d54f98faca9
IMG_0240_JPG.rf.fa87d7fe41e42f89965cb0daa300ebb5.jpg,e205d0ab-a9e6-4e7b-a734-d50b0351249c,34482,0216ab4e78d038f7c92225ff4aea33d1f95776b3be1dcb2128d6925a08ec3327
IMG_0241_JPG.rf.4b461a6f8d383c702b4b566aff2f6449.jpg,e205d0ab-a9e6-4e7b-a734-d50b0351249c,33576,10a9fa8b2bdebfb35b3467d9b531e4fb5eb7281e832f5105e84b7cbf6825fc9c
IMG_0241_JPG.rf.ca705adca19c6f7a22af05776d7ae26e.jpg,e205d0ab-a9e6-4e7b-a734-d50b0351249c,37413,54f9465eda10e8581d36a37f614a40f406e3bdf9109a67e78ce9d3527c4fbbca
IMG_0241_JPG.rf.fd2f83402af57230fc6679c04731bb19.jpg,e205d0ab-a9e6-4e7b-a734-d50b0351249c,36828,1d618453e2c736ced05c6252f135b72effde739b4c7464a503a16fe9d68334ce
IMG_0242_JPG.rf.0cc0fbb8919bf82c0f4daa9c20d0cd40.jpg,e205d0ab-a9e6-4e7b-a734-d50b0351249c,37374,a7f2d064d4c9cfbefe560175c45f4a6f82e7700e7fa90337120a428ba3cc1e13
IMG_0242_JPG.rf.43bfbe8e70dd5580c25d29fc0966810a.jpg,e205d0ab-a9e6-4e7b-a734-d50b0351249c,37376,a3d657c1d63e0c8677d8a275bfdfe26a20b7b5e6148c4b637e8828013e8880aa
IMG_0242_JPG.rf.e4259fb1a5cd856e7469e780765d8c07.jpg,e205d0ab-a9e6-4e7b-a734-d50b0351249c,37549,ae57fe9f1361dd314a54da9fd48c0d924130984c3a1fab9983355c07773b8f41
IMG_0243_JPG.rf.2ed8eb785aeeff8213c029ad790c6457.jpg,e205d0ab-a9e6-4e7b-a734-d50b0351249c,32255,ade2b9b136c620d21614a30aa42f141ae0db5e7bdc2f1e86ec072d592279f4e5
IMG_0243_JPG.rf.a797030de676c7c764cf85333529ef46.jpg,e205d0ab-a9e6-4e7b-a734-d50b0351249c,32394,6503c1d1c9e1193e4ce9667baec9fff142bf2e73acb6f4e77cb401b48af668fd
IMG_0243_JPG.rf.cd05fcb34caad74f2c35f2df9e031512.jpg,e205d0ab-a9e6-4e7b-a734-d50b0351249c,31825,38062af6acbc0e439ccedc153363c5b1f9d1c116fac1d84ce2fc8c7d94fbcc15
IMG_0244_JPG.rf.d651cc1dade30d0e2d245d3e71ec5645.jpg,e205d0ab-a9e6-4e7b-a734-d50b0351249c,31041,fdf0cce2464ccf24df2ad2cb57fcc2663841092f0eb03c2a0f9984b211c0faff
IMG_0244_JPG.rf.d8b1e7064312bf8a4fb9af5ac2c8c035.jpg,e205d0ab-a9e6-4e7b-a734-d50b0351249c,30310,897800c015f2129e0187fdf8d66607a631eb5a38910ce6555e7df615fa690f66
IMG_0244_JPG.rf.ef1ad4e636a5228ba478af5209087ed5.jpg,e205d0ab-a9e6-4e7b-a734-d50b0351249c,31488,e9e9563d0d6e4568cd8545713e870a3e7bf3cc6d9fd57854a2085070ad5de073
IMG_0245_JPG.rf.967872293d943ea521d5e49641ecdc8b.jpg,e205d0ab-a9e6-4e7b-a734-d50b0351249c,30709,835e18452caf9cc72a070e880438f5e0a3449e2c4bb5b925ea17e9b0647b12ea
IMG_0245_JPG.rf.cd88ac33963a2f6e8ecbcff6426b12bb.jpg,e205d0ab-a9e6-4e7b-a734-d50b0351249c,31518,a3a4f0e96eea1dfe6ceb827d0bf79f27d8523351c2e0d24d8871f6127b67e35c
IMG_0245_JPG.rf.dcdd4f1ffc6b0343f29bbe464e21b363.jpg,e205d0ab-a9e6-4e7b-a734-d50b0351249c,30636,82725268f133e62e95edcc67afa9e96642e70ed9f024ca6f3b62c49e76416765
IMG_0247_JPG.rf.328ffcf7890b1316c2e51788c18341fa.jpg,e205d0ab-a9e6-4e7b-a734-d50b0351249c,30067,784e2dc63e123e153b0c33c27926dfdf01227fd104b14dc63761bea9d13d502f
IMG_0247_JPG.rf.85eacf12642e272c1fe291fb5ccd49bd.jpg,e205d0ab-a9e6-4e7b-a734-d50b0351249c,30399,ac1bd78688b9d73c9f574665314f3ec59397bf2bd720ad1ee1269a1a4ac4a6e9
IMG_0247_JPG.rf.c9a164549fced94f45aae7ff4068bedd.jpg,e205d0ab-a9e6-4e7b-a734-d50b0351249c,30430,d2d2e3a15a1c0b8de455d157f2c3c25fcfced2e812d3fe2e9213643dc7f2eee7
IMG_0248_JPG.rf.0a72ae5f20ca5cf9139470aef68e613d.jpg,e205d0ab-a9e6-4e7b-a734-d50b0351249c,33436,3375dc44d3e08b18c994e609025e46d63b48dcd62670ef34d93e3fab7649e4da
IMG_0248_JPG.rf.165778cb777dc940f821315837999876.jpg,e205d0ab-a9e6-4e7b-a734-d50b0351249c,32393,59cd061ab85a139c342ec69983b72a216d06a0b71965c4091ac6bb26a4cfa7b5
IMG_0248_JPG.rf.f05404521b2704df2226fb522612295a.jpg,e205d0ab-a9e6-4e7b-a734-d50b0351249c,32957,0d4045a18056b3e754fb1dfed1866edc4260d74fd3c47b5df0751a93dfb867f0
IMG_0249_JPG.rf.412df0b52b549fc121a346eb8a957ab0.jpg,e205d0ab-a9e6-4e7b-a734-d50b0351249c,45266,c0d0bbf8dabf63642e2dc4e76a15cab80b2f0c82e60024cea95adc5183460b08
IMG_0250_JPG.rf.0aabe7f93cb386765b16bfda62a8fd5a.jpg,e205d0ab-a9e6-4e7b-a734-d50b0351249c,44169,b26b6139d6206b7edf9fcadedad3176ed7c797e6a7e379a92cbf5a2b0ee135fd
IMG_0250_JPG.rf.412c112e48879b0553a080e1d03a5db2.jpg,e205d0ab-a9e6-4e7b-a734-d50b0351249c,44578,3e79f8f544956cfcd6f29da593268d42723d3a6006ccf25b11067a825fec98c0
IMG_0250_JPG.rf.e197eb24f87f2484d49fd7b1d1c4abe4.jpg,e205d0ab-a9e6-4e7b-a734-d50b0351249c,45911,cf10dc8ca710a42fd3daf9ad908a7edae0c98150d18240a3026c5e8959eac82c
IMG_0251_JPG.rf.16432a18beafd9bade6664898f15fda6.jpg,e205d0ab-a9e6-4e7b-a734-d50b0351249c,46670,cf0646ce954feabacad22de5e496c6a946e5fba857fa1698a17a144a9af182de
IMG_0251_JPG.rf.29b117aa69ea1a43d010acecae986c25.jpg,e205d0ab-a9e6-4e7b-a734-d50b0351249c,46360,878a59be918778bde4aa76c1c2b4924d44b1117c353f912d3800aaf94edd2d01
IMG_0251_JPG.rf.a4224f27558260a22332bc8e4fc15116.jpg,e205d0ab-a9e6-4e7b-a734-d50b0351249c,47881,7a36793e5db29ea321a61eb619776da01ea7ad892a0339e5d00e62593be5f615
IMG_0252_JPG.rf.12eb42742f449a143ee107977132fee3.jpg,e205d0ab-a9e6-4e7b-a734-d50b0351249c,46065,215b334f13690bbe0ce809f7af52b7e76b7d8df019c43930762c5d58d18e7468
IMG_0252_JPG.rf.9edb6009f76e5bfa7b1d0b616fe16286.jpg,e205d0ab-a9e6-4e7b-a734-d50b0351249c,44996,beff3a875395ab072865c8910de85fa3cf7079fcf843839b032c816324fa1134
IMG_0252_JPG.rf.fed72462d833d5bac595a4de29d661ad.jpg,e205d0ab-a9e6-4e7b-a734-d50b0351249c,45473,e8d08216ac1efe7cdacd339a06b8ef8fd5ff24c0586ea4153b9150fb9e41803e
IMG_0253_JPG.rf.473dd9af44aa73d5e4f5116b0ca8db81.jpg,e205d0ab-a9e6-4e7b-a734-d50b0351249c,41652,81b5f45431a49db73e0776c7e2b04a348b8cf43a97477acfc5e33bdbaaf21db7
IMG_0253_JPG.rf.b0de62530f71ae3f89e717850437730b.jpg,e205d0ab-a9e6-4e7b-a734-d50b0351249c,41517,c3abe99c9f719d1677f45632b1ac2fe0638b7a8abecb54078e847759954303b9
IMG_0253_JPG.rf.c6f730c2afb85c3f66bc9ea1f70e6159.jpg,e205d0ab-a9e6-4e7b-a734-d50b0351249c,41967,51d1cbd206170f1030d82e83f63a5cadacc696124ff3cde6e116cd1b1fb0dd7e
IMG_0254_JPG.rf.4405e481fe56a55f78dd697837e1c2b9.jpg,e205d0ab-a9e6-4e7b-a734-d50b0351249c,43265,3e006f0d04aa5d18d8271d03e5881ad670922f7443238880030714f857dd69fc
IMG_0254_JPG.rf.51d725599c5f13a05df2c1cc26ddacd8.jpg,e205d0ab-a9e6-4e7b-a734-d50b0351249c,42394,57ebd4831365322bbea2b74543ca9a4e89238e6c9023a3d40202decd820e2d58
IMG_0254_JPG.rf.e58e0b19ffa6c0ef186538e160c71a17.jpg,e205d0ab-a9e6-4e7b-a734-d50b0351249c,43065,a5e3dd81f21a8e8784b6a7a7dfa0e051daf474164a392f5a5a32266b7b2e26b2
IMG_0255_JPG.rf.140cd477c07a7f6fcdb21209f97cf11c.jpg,e205d0ab-a9e6-4e7b-a734-d50b0351249c,43319,20c9bea48d141d36dd748e5b776bfd59ff156c1b68c48164f84f73185e0f7262
IMG_0256_JPG.rf.17883c7af41164e8f35509535a054da3.jpg,e205d0ab-a9e6-4e7b-a734-d50b0351249c,38504,910acbf8d09912b5d25ec464fdc0260c4064bf0976244efb86b3741e9163232b
IMG_0256_JPG.rf.308a774663a31b56acd52af920024b20.jpg,e205d0ab-a9e6-4e7b-a734-d50b0351249c,42925,5ef2c3521546ad2805b44e03bf09fc73edbcbb5152a25079e1735e55726cae50
IMG_0256_JPG.rf.bf879516f904c80bf84aaeafb075ceeb.jpg,e205d0ab-a9e6-4e7b-a734-d50b0351249c,44051,c07f6d19a623f5267999875bc998bad91886c3bfbb693ad68c9fb87638f12ab3
IMG_0257_JPG.rf.5ba5d7487e5936cb91549de895640b20.jpg,e205d0ab-a9e6-4e7b-a734-d50b0351249c,44174,0e2549d88014934769b49034d1da2487de5e65cc539ab1d5899fa5866f411b69
IMG_0257_JPG.rf.8042eb42c09315a00f99f1fef4fd471c.jpg,e205d0ab-a9e6-4e7b-a734-d50b0351249c,44832,4ab133e372cfab7c3ed0c355a9a3fa33d494faf1cce1f15080e53a3f76df705b
IMG_0257_JPG.rf.8139e003872ad81f8cea982b7fd787cc.jpg,e205d0ab-a9e6-4e7b-a734-d50b0351249c,43804,6ec013aeaa8e9cd87902c970d9d7923cd9629742aa575d0d03f79fd6f82eb45b
IMG_0258_JPG.rf.1bb8833eac9343137e2471c6b48e7df2.jpg,e205d0ab-a9e6-4e7b-a734-d50b0351249c,33670,e19d0d9a43b3f0e8ad98eb87eca293ac9da11864f9600d9e5e1e73aa46c94a23
IMG_0258_JPG.rf.4b051c6a5b6672a24ee80ec7cb4570de.jpg,e205d0ab-a9e6-4e7b-a734-d50b0351249c,34417,5d6123a1cfe46b8fdf87ad21cf7ec89b27b817eba60f4524447d40ab7a2d62c7
IMG_0258_JPG.rf.957f42d465f04637904df2b8645931f8.jpg,e205d0ab-a9e6-4e7b-a734-d50b0351249c,34058,3689777a53613c224a2787b615f88b6d77766120b7dd6cd9234a7ac52e17f660
IMG_0259_JPG.rf.3f293f550f977890025ca93de5508614.jpg,e205d0ab-a9e6-4e7b-a734-d50b0351249c,37350,551b0bda03906d51a18c85335039286373a76c028d3d1d7fb0519524674a08e1
IMG_0259_JPG.rf.439d6f79fa2db69b7e7a01e8f3e3b571.jpg,e205d0ab-a9e6-4e7b-a734-d50b0351249c,33477,c8b956914b760648d7f0d1938aa92f6edc52b85e529f3eed96e3d1e962e25036
IMG_0259_JPG.rf.f9e839d3d315e58b1b4f876dc738c87d.jpg,e205d0ab-a9e6-4e7b-a734-d50b0351249c,37304,f009f907a15355290649474b87a9b50f7aab8e905650d299ef1880522f0300e8
IMG_0260_JPG.rf.5d9d6c5b1ed29b841d64929a0c353c10.jpg,e205d0ab-a9e6-4e7b-a734-d50b0351249c,38845,39a20d1808e66790b95478ac595bb0f35603d992bb5cc78965f7c073f8843f8b
IMG_0260_JPG.rf.6de483d48e60c67d8f871b0426d083de.jpg,e205d0ab-a9e6-4e7b-a734-d50b0351249c,38512,39d66d969400999a3bff4f3519a7e803fa809db1a01059621c540d79c4e2788e
IMG_0260_JPG.rf.a761ef0c6dd5f20f00c25bed3d9bb3fd.jpg,e205d0ab-a9e6-4e7b-a734-d50b0351249c,38077,ef43c0a824b8595d89339b1fa89c16207cdd4661d3d4d75bc0a4c6c7b2cd76ee
IMG_0262_JPG.rf.5e0c2bcab7cdffe09252c525f98af083.jpg,e205d0ab-a9e6-4e7b-a734-d50b0351249c,38569,47f87d4ab1c3178852180167b699153589e717b3f5698cfaaabe39b1de03f4e5
IMG_0262_JPG.rf.9c2193a0bab78a4e2ec07e3ff81cdd7a.jpg,e205d0ab-a9e6-4e7b-a734-d50b0351249c,37955,47b9a608efcfa205e1a7f946a2e0308a5f6cb3d8106bd8c3f81539e29659c5b6
IMG_0262_JPG.rf.d9cf2847a3c465d067b4be2e43464baf.jpg,e205d0ab-a9e6-4e7b-a734-d50b0351249c,37955,47b9a608efcfa205e1a7f946a2e0308a5f6cb3d8106bd8c3f81539e29659c5b6
IMG_0263_JPG.rf.224c90fbea67341be6efdf92ca60af52.jpg,e205d0ab-a9e6-4e7b-a734-d50b0351249c,37911,68250f751ccdcc76137eaf9611de40aeecf4b4b298e4dd8818fd5d27d66ad7db
IMG_0263_JPG.rf.2369adadb7010d3fc6f6aa734cf624cb.jpg,e205d0ab-a9e6-4e7b-a734-d50b0351249c,38137,4e87a25fc463bb90573bd78db250d25550063be193d7f1653174b32375b9bcee
IMG_0263_JPG.rf.952853513bc835880ebc123a5b57c883.jpg,e205d0ab-a9e6-4e7b-a734-d50b0351249c,38238,e472f96006ad547d63f8c777da73ae4c2d317a6ad0ec7cb2a77cf4b5bc92209c
IMG_0264_JPG.rf.46e559c48711445c67df177ba093d755.jpg,e205d0ab-a9e6-4e7b-a734-d50b0351249c,37689,78d14bc509dbb50ea150d61952da1292099bab2e4718419e92018756afef8945
IMG_0264_JPG.rf.857844e13982679487f0ed6c5e257c94.jpg,e205d0ab-a9e6-4e7b-a734-d50b0351249c,34101,4e362079a3dd3620e45c4fd13f39387da1e9a76465f34e632856f1bc920ca536
IMG_0264_JPG.rf.eef3fa28db0bf969dc144f653b0bd802.jpg,e205d0ab-a9e6-4e7b-a734-d50b0351249c,37193,b2bee681ff5f9b011c984d61de23f1949cf6c0ff701ec9c3ee328f1476a6e913
IMG_0265_JPG.rf.72c7a148143a2bead15625112da81eb6.jpg,e205d0ab-a9e6-4e7b-a734-d50b0351249c,38164,7370c7e315e80d7eb47fbeec3c583ae462daea4b4d1590a8ee0f6cc1234b5721
IMG_0267_JPG.rf.9bd28206beaf649d2d90b75c4a63925d.jpg,e205d0ab-a9e6-4e7b-a734-d50b0351249c,42039,ca340a6cd8db87b3c8c746ed98292911734f3996f8f9aaf352fb48e57c3e517a
IMG_0268_JPG.rf.2e59cd8464bffde82f5027c8d78510ab.jpg,e205d0ab-a9e6-4e7b-a734-d50b0351249c,39369,36561ab0fbe733fcbe0525422decb0b4244a56f115e19fa4d087c251990603b3
IMG_0268_JPG.rf.7dce6806ad3818124c3c06b6b42b5ea0.jpg,e205d0ab-a9e6-4e7b-a734-d50b0351249c,42831,448b9947e145ff03c04a74e23170d667fe0cf9167472b0f3476f12151de54aaa
IMG_0268_JPG.rf.a5d0b542bd7273daa9c4f5bd34ed9236.jpg,e205d0ab-a9e6-4e7b-a734-d50b0351249c,43037,9021d767955d3392d792cab858fd93b5f667ec5c478fb5c98b4bff4991e59440
IMG_0269_JPG.rf.28dd94e4fc006ab44f6f65e667b37760.jpg,e205d0ab-a9e6-4e7b-a734-d50b0351249c,40773,6f5a932cc2e3229c6f7c5f1d907b41b21b7bb0486480ccc770a7db4552db8588
IMG_0269_JPG.rf.4a285241476fb593f3051dae92df7065.jpg,e205d0ab-a9e6-4e7b-a734-d50b0351249c,41167,f3b69a0702ad08f1af63ba0a05ae9393a2bcf9e74a3125b0ba636715a3d650a5
IMG_0269_JPG.rf.bd23e08559cc39205b2b697058da42de.jpg,e205d0ab-a9e6-4e7b-a734-d50b0351249c,40772,ca65087970fc64d4571d7f2d15e97af212d8482500d0fcbdfecaf6209bc62d64
IMG_0270_JPG.rf.0c8a600b9b3e909adb5a27fe226dac94.jpg,e205d0ab-a9e6-4e7b-a734-d50b0351249c,41663,5505e9468acbef1ac790549f54bda9e9957cccc4a0d2cc99495b9db758489dfb
IMG_0270_JPG.rf.70c27edf90566876198ff6c76be10a12.jpg,e205d0ab-a9e6-4e7b-a734-d50b0351249c,42391,88aac72e791f7c715e24b56f94a0a54f528adcd4c4b59587f36304a43b20d035
IMG_0270_JPG.rf.f0494b38107d423396aba50fb8dec6a8.jpg,e205d0ab-a9e6-4e7b-a734-d50b0351249c,42159,ed1058168182d6181f52b139f2f47315f08fd2ac3aa52444446b7881804fb5d8
IMG_0271_JPG.rf.a457431be6a1dbd994ef2474d91d3d5f.jpg,e205d0ab-a9e6-4e7b-a734-d50b0351249c,42189,338459da0a5bdb21e94f3470619403b0e874625f4e1ca369a4f3dcbf04c5e6f4
IMG_0272_JPG.rf.09589608e4153af9abd9d62ebc699e3f.jpg,e205d0ab-a9e6-4e7b-a734-d50b0351249c,39700,35fd2ab435554ffbd49c61094021fd9f64ee8c4c57ca94daffef1403300050aa
IMG_0273_JPG.rf.5e5b04c745935d3a00d5d0da49cafffe.jpg,e205d0ab-a9e6-4e7b-a734-d50b0351249c,39603,3bcee1bc05722ea684232c88326aa01129f17b11c214d8b832944e238162a2e3
IMG_0273_JPG.rf.cc0bb5da5f132e0ccac379a293917d2d.jpg,e205d0ab-a9e6-4e7b-a734-d50b0351249c,39258,6103bca4b597edece427b009805ab84f3d6c6b627ebe7db8f7f2ddfcf7701004
IMG_0273_JPG.rf.fcda2644b78885029ee847f8b4634eb7.jpg,e205d0ab-a9e6-4e7b-a734-d50b0351249c,39712,674b91274af871c2ffd8f559ff7a7abede1c4720ea6d0ae59dde31fc3fd278a1
IMG_0274_JPG.rf.460beb494d44bc351be6320e5293efab.jpg,e205d0ab-a9e6-4e7b-a734-d50b0351249c,40012,08f426e1d4d5e7f9f97c81082b2652ed842d6d485f3f843853a9cd276e4080d6
IMG_0274_JPG.rf.503fde60d882433633493361c34fa852.jpg,e205d0ab-a9e6-4e7b-a734-d50b0351249c,39676,114c05ef27aa191d1565fc77728f14cdaf6e9b99f958d15fab9a452f6f269bd7
IMG_0274_JPG.rf.e18a48385cd557d8f9d7069b69a5491c.jpg,e205d0ab-a9e6-4e7b-a734-d50b0351249c,40101,e00cee26efeb20242d45c8b0afe2dd53d30ad2d88f39a0c37be845bbb4ac6213
IMG_0275_JPG.rf.188d4bb4f32aebc1213a02624d0cd8e6.jpg,e205d0ab-a9e6-4e7b-a734-d50b0351249c,36695,9fe1e2c749889dedb317e3121f0b5a9efe8927e023feee28983f5a80bdfcfbc0
IMG_0275_JPG.rf.cf506bd73ca1f77b706029ee13a913fc.jpg,e205d0ab-a9e6-4e7b-a734-d50b0351249c,40316,4fb199805f685f1655522b731c249fb562c36dbd6b4cca49e7b5ab479a4b6a3d
IMG_0275_JPG.rf.e9354f1c08ce0808aba63dcb2cde31e3.jpg,e205d0ab-a9e6-4e7b-a734-d50b0351249c,39792,c822bbbcf3a3d9c8d5cb55a63c16385eaede9119780dd904927d7d43e6f6cbab
IMG_0276_JPG.rf.0eea6834ef36cf23eb8f2b61951268fa.jpg,e205d0ab-a9e6-4e7b-a734-d50b0351249c,38812,c17bf1443c6f422838e2a47e15bcd615676efd60d4dcef073713e1e80bcca46f
IMG_0276_JPG.rf.7a63368b442002b89941033b477c1abf.jpg,e205d0ab-a9e6-4e7b-a734-d50b0351249c,38213,02913cc461379ae1c0e81a2e744227607d648a720decc1aec73adfd3b73455e1
IMG_0276_JPG.rf.ca6c187012d58a691cb9d3fee09d162d.jpg,e205d0ab-a9e6-4e7b-a734-d50b0351249c,38352,51810f4f2677bc02ca6f6d0ab556fbbf3be02e2f07f95b97f267478373974f03
IMG_0278_JPG.rf.6e58bf72cf790c6bcf0f833972534e0e.jpg,e205d0ab-a9e6-4e7b-a734-d50b0351249c,38956,c4d3fa1cd4d6c81a3d16a2d69b402bd6bdd1a5b27c6afd14e3eb5fd5a95c9f02
IMG_0278_JPG.rf.880d616196a322d664cdd0dbd4a14f40.jpg,e205d0ab-a9e6-4e7b-a734-d50b0351249c,39326,a95b662db72ac1b4b9e7e36a3c1f03ec42ca9046078fb12fce93b8ac4faf372b
IMG_0278_JPG.rf.e6499b0b39e3d4261c8dc90e572c45f9.jpg,e205d0ab-a9e6-4e7b-a734-d50b0351249c,39557,c7528b6b709d71c8d582f3af395918c1aeb5352bcd92381dfc332c8ab01a21e5
IMG_0279_JPG.rf.01d88f0c917d2290f5a56842049ae647.jpg,e205d0ab-a9e6-4e7b-a734-d50b0351249c,39533,d2b28d6f68953a510d149591d9a568cc55c4ca9fc6492340e8bce658ce364afd
IMG_0279_JPG.rf.0d1243d3e34aabf4e051e4ad145a2093.jpg,e205d0ab-a9e6-4e7b-a734-d50b0351249c,38991,f3e12906ec6fff3c2adc0a3eb30df7290cb571cfa17bdd9b4389ce812f4350cb
IMG_0279_JPG.rf.a2c57c4a311ce7d097970d5c73cc3cce.jpg,e205d0ab-a9e6-4e7b-a734-d50b0351249c,38540,cf77cd47481b6807fb7f32181b5ba78d5bdeb00631f470000b4611f2966a287e
IMG_0280_JPG.rf.3a2afcaf5056d3ece71a16da1c859b23.jpg,e205d0ab-a9e6-4e7b-a734-d50b0351249c,38768,b09e97e0fd224f9d6a8e16167ba3b1ed9f1c18741b9b9c12285b7eed2cb4772c
IMG_0280_JPG.rf.5edc9e5afb6582846b4932065671186b.jpg,e205d0ab-a9e6-4e7b-a734-d50b0351249c,38782,3e606d9c3fa73a99ddbab964e59751420b34be74a2c35e3f16acad5ad901fd90
IMG_0280_JPG.rf.db72d902375a8b8d6ba0f2b9d7d3d47b.jpg,e205d0ab-a9e6-4e7b-a734-d50b0351249c,38615,8267dd9276df19041ff9baf1baabb5758eca12a90340e8cac3c6808eb599460b
IMG_0282_JPG.rf.00168e7780b377947bb3abe7756fb708.jpg,e205d0ab-a9e6-4e7b-a734-d50b0351249c,31122,90193f0777e60d7a17e28fb9e67f8c4764e48a557ec4a4a7e6e69b72f68fee73
IMG_0282_JPG.rf.3557d37d74e08ec6b2e62b19606eb0a9.jpg,e205d0ab-a9e6-4e7b-a734-d50b0351249c,33549,fa959e3209ae0e7eb2df13a7471d87d768332bc32ed3c998724f50e92e736bea
IMG_0282_JPG.rf.37e4db0d61e2702e90bfe01b6e72a098.jpg,e205d0ab-a9e6-4e7b-a734-d50b0351249c,34007,44bb0084242da7fb5cc786257c9a389c19faa32fb2bd204bb67942c18b749a2a
IMG_0283_JPG.rf.197862ee1b4c5fc5e19772693379f6be.jpg,e205d0ab-a9e6-4e7b-a734-d50b0351249c,29949,4498df0a8dd549987aea71a50e967e7c50e17898357e194cd8362ec466c5b4b4
IMG_0283_JPG.rf.1c02be8be0232e2499c58c1e7baabe2c.jpg,e205d0ab-a9e6-4e7b-a734-d50b0351249c,33239,082e6d781e613652992683bfa39965adc07b305df1d3435f3ddfec58c855af77
IMG_0283_JPG.rf.70e59bad7f8a45b0954612b27938a49f.jpg,e205d0ab-a9e6-4e7b-a734-d50b0351249c,32903,4dca45f233bcbedc692fa8b543c2f34756c40d5864a46fd8e50c9b7e6d5635b3
IMG_0284_JPG.rf.0958d24a7ee0f8a5939d849eaaf7732a.jpg,e205d0ab-a9e6-4e7b-a734-d50b0351249c,33472,61ddd32e8277e586d13b0972fec9e71d3000e093cb77f2509693ec5ab6ce2675
IMG_0284_JPG.rf.30004f6ba2947d52e0ff791c111683d0.jpg,e205d0ab-a9e6-4e7b-a734-d50b0351249c,30485,4b20c602c4ee2432725a40bada8ce13e56db6b608d450a2a3451d337d8668417
IMG_0284_JPG.rf.4a9f1e66bef5357f02b40a28f186fdde.jpg,e205d0ab-a9e6-4e7b-a734-d50b0351249c,33063,a0018db2c0769afb7d96e04593cf5463ff83bb7284430cbfcd834756b665502f
IMG_0285_JPG.rf.3f91f3137640bcf500f45e65c5c6b39e.jpg,e205d0ab-a9e6-4e7b-a734-d50b0351249c,30021,0c98446514cd5d13fdbaf44cd306202ad8cbbfc19b5f39354656e4ac8eaa8edc
IMG_0285_JPG.rf.47e7e339b236493fbe7c3a10396d3002.jpg,e205d0ab-a9e6-4e7b-a734-d50b0351249c,32997,cad502b1763b918b24b82f25f74b49ed9647393baf2206758efb93a8458b83be
IMG_0285_JPG.rf.56e12271af7f74a304a6474e0b94c25e.jpg,e205d0ab-a9e6-4e7b-a734-d50b0351249c,32545,0b3950c6244395784ffd17c4c68b29f768538e5df03e52e362dcd34ecf14e379
IMG_0286_JPG.rf.90cd7340a8042f4fbd59c036c33ac429.jpg,e205d0ab-a9e6-4e7b-a734-d50b0351249c,28200,7545f3ca829552582c0220f702548ecaf41bd178a9ad8238e92047681f868d7c
IMG_0286_JPG.rf.c597e309917b9b64d4af234c92bd2748.jpg,e205d0ab-a9e6-4e7b-a734-d50b0351249c,28200,7545f3ca829552582c0220f702548ecaf41bd178a9ad8238e92047681f868d7c
IMG_0286_JPG.rf.c71d419cef3a7c4a16dc45a2e775452a.jpg,e205d0ab-a9e6-4e7b-a734-d50b0351249c,31136,04665b2af85a85f834a7a33754b6c552cfa8f42100a6a29a2cd312e341bb5090
IMG_0287_JPG.rf.a632ee33eca7b88bf9e6654ffd9da72f.jpg,e205d0ab-a9e6-4e7b-a734-d50b0351249c,39357,9bc2296ae2ccd39d11a0630fd1bd4652bd7fb712a139abe9e2f95f01cce7f7f7
IMG_0287_JPG.rf.a89b6b91dc6f08ccdb4c54d82283f40a.jpg,e205d0ab-a9e6-4e7b-a734-d50b0351249c,41218,ea1b5c995cda2a7e5c538c06bd5a4f09616db887856585fc075a154f31e9ee67
IMG_0287_JPG.rf.fb0210dfea99fec2156d38fd15f958bb.jpg,e205d0ab-a9e6-4e7b-a734-d50b0351249c,40039,354d0b9a7a409dda9415438bb4742207a58667443df006bccd40d4a1353e745e
IMG_0289_JPG.rf.9ffa5eb70bdb43563409066d74fd98c3.jpg,e205d0ab-a9e6-4e7b-a734-d50b0351249c,40324,e2ffe274dfe44dce257f88be5f72ee332d166e964748e5556bf24d89de4b2de3
IMG_0289_JPG.rf.a51f9f67217ad2a26da90d5f5411be8d.jpg,e205d0ab-a9e6-4e7b-a734-d50b0351249c,40385,43cec1750bc012a6247c27a5542ef7a2a9221b613eba3d80cd7714309209c473
IMG_0289_JPG.rf.a9d217c6057c79562658c2c998a23e1b.jpg,e205d0ab-a9e6-4e7b-a734-d50b0351249c,40775,9a2adc9372b6e56c50166139b32703c66dfa8888737a60859ec6853f896047a2
IMG_0290_JPG.rf.22da100927ca8eb116fb99d97f8ce5f1.jpg,e205d0ab-a9e6-4e7b-a734-d50b0351249c,40415,b99d49a343bd409efae197aac2132a02891000440febfc6acce6bd21b751831d
IMG_0290_JPG.rf.c40787576286c4faa9158edcb9f7b3f8.jpg,e205d0ab-a9e6-4e7b-a734-d50b0351249c,40057,4ed11c1d2763abf5287dbbfd9a79e3e425db98a3786eaa8e27789af9a0a98cf9
IMG_0290_JPG.rf.d2a40e447c95c0aa07dc789d31e63527.jpg,e205d0ab-a9e6-4e7b-a734-d50b0351249c,39962,5468733b052e97accb71242881cb3918ae4b9f22f157776196f84c6229cda322
IMG_0291_JPG.rf.42e9fb258e0435b8c835fef046940b63.jpg,e205d0ab-a9e6-4e7b-a734-d50b0351249c,34135,4bb324342b96c2dc46e2f6d663fedc827f789e036123778b352e63732f561d09
IMG_0291_JPG.rf.4c9cfd0336a91f83711fe503224917e7.jpg,e205d0ab-a9e6-4e7b-a734-d50b0351249c,30612,dc1325f42b7a95a79ec9fd752c92d947ac1b679ce28977eaca6d292fb2e4db98
IMG_0291_JPG.rf.72b99b215b8798e2c2d634563ce22901.jpg,e205d0ab-a9e6-4e7b-a734-d50b0351249c,34102,033defec80321a2be478f9c210fd373e5f4ec89266be79cf3efa0f18286e9040
IMG_0292_JPG.rf.d355877b47f619f7e7239e90212a6210.jpg,e205d0ab-a9e6-4e7b-a734-d50b0351249c,36597,25194bcd723a01fd621bfb55e2104b5bdf375f11060ba29b7dbd7acb92ff2da1
IMG_0293_JPG.rf.19a616e946a942abbd3119998db6f26e.jpg,e205d0ab-a9e6-4e7b-a734-d50b0351249c,36300,270577589168a2fe67997497c73c577628661ed6e589be3359d1b92fed59f35d
IMG_0293_JPG.rf.42df229f13211b0038935738710c3bb7.jpg,e205d0ab-a9e6-4e7b-a734-d50b0351249c,35538,194ca18c0f5db44fd3afaee04c90bcfaa93a20563f13a268dcd2618e7f287c18
IMG_0293_JPG.rf.8a56f7a0f9375a0443ffc8c6524f4cfc.jpg,e205d0ab-a9e6-4e7b-a734-d50b0351249c,32011,bebaeffddb2bd3fe37c2b7a101917dfb3e8db8c4db9df8d39f51ef89dcbce13c
IMG_0294_JPG.rf.31e2dca154dfa732ab36e951a5273014.jpg,e205d0ab-a9e6-4e7b-a734-d50b0351249c,37046,1ca3b8cd8bfde25784ab41d06148b8a4d62da0c4e204e6a4483f0a58c91d3600
IMG_0294_JPG.rf.a23178f72905e0e364cccb508e66f25b.jpg,e205d0ab-a9e6-4e7b-a734-d50b0351249c,37259,44af803ee6bd9ebbdd4601b98823741be94a04ea87c8e1cf798d387695814738
IMG_0294_JPG.rf.e06a219d49e44d5ccdff59c97264fc23.jpg,e205d0ab-a9e6-4e7b-a734-d50b0351249c,37086,14e9b36bea0c386676646c21dcf38c4174bf9182d319667f87fb53fabbb8b7fd
IMG_0295_JPG.rf.a5becd6823dd2a978b25598cc49b3e99.jpg,e205d0ab-a9e6-4e7b-a734-d50b0351249c,36206,f3a16d16e7163de0219867138d84393b803dcc2946785fa2d05e563c616eb327
IMG_0296_JPG.rf.8bac7a257841799707976fc0d8ee30e3.jpg,e205d0ab-a9e6-4e7b-a734-d50b0351249c,42322,77423986836106b357e6c26b1a4f7abfe704c66e360ce79c46c36c72c167b228
IMG_0296_JPG.rf.9ead20e442e955f4af892f5d43bc34d5.jpg,e205d0ab-a9e6-4e7b-a734-d50b0351249c,42428,41ffb8cce34f870d7a55a5d2ba905411579db9d245dcbd5756ec3e5acff99559
IMG_0296_JPG.rf.b64515eac902c23fe33e60e086fb1751.jpg,e205d0ab-a9e6-4e7b-a734-d50b0351249c,43150,1a344b85dd5758a6fd07f85f63129f6dbdaca673be149f6119f465fdbc2edb60
IMG_0297_JPG.rf.1de79de1978ecec381f44f5b3a7bd4e0.jpg,e205d0ab-a9e6-4e7b-a734-d50b0351249c,39309,0e1aa98314d4168e1a35de713667c7f8dc6ba1c7227fd5080737fdd871758c17
IMG_0297_JPG.rf.8033af3e2d071c14f2ddbd490a436c88.jpg,e205d0ab-a9e6-4e7b-a734-d50b0351249c,42736,1c1253117331acaa1722d5943c9e3f2848b84838bd6d20fdccdafde227cfe7d9
IMG_0297_JPG.rf.e07129bc13aeb1e24b2bbd1ca44941a6.jpg,e205d0ab-a9e6-4e7b-a734-d50b0351249c,43511,ae31adf10d03d519404f2c690e7c985c9d199cc4bf78d71598bc087522b3642a
IMG_0298_JPG.rf.084b8d28ed173d8b73f2218748798a30.jpg,e205d0ab-a9e6-4e7b-a734-d50b0351249c,42722,cdfe7eac7e24c3d2b542d5be4481216f84392e63d9dedc8c0a41f3914e103b51
IMG_0301_JPG.rf.52e3aa6595a630d7763f4dc87bd709f2.jpg,e205d0ab-a9e6-4e7b-a734-d50b0351249c,36363,9b425c8eb8345a4ea136b554747c1b311b62660538401973a4945a8bd0715e3b
IMG_0301_JPG.rf.69a0285935ec17c746b4cd0f1c690456.jpg,e205d0ab-a9e6-4e7b-a734-d50b0351249c,36943,a34c882e9480aad5735bcb737f37ec81e94e99fe4898656e3d1fee95379c1089
IMG_0301_JPG.rf.d1516af306a450f4f2fb35e0e8b5ba2d.jpg,e205d0ab-a9e6-4e7b-a734-d50b0351249c,36068,03b563a5c390c8d3b58de1e4aad6a3f99a1f03db8ba95afae5d7a25ec6e739a1
IMG_0302_JPG.rf.1abc937e81e3d2f8639af1f37e897a5f.jpg,e205d0ab-a9e6-4e7b-a734-d50b0351249c,35888,12547c08c6c73f5242ef30634514d91f395205cda707506607d46c81b9675fdd
IMG_0302_JPG.rf.1bfdb64824fca1c018b839011ef4e49f.jpg,e205d0ab-a9e6-4e7b-a734-d50b0351249c,32537,e731fafc8848130d10a9223e666066c133fdd6c40389e37cc8a4fefff4235a21
IMG_0302_JPG.rf.7c6f6d85594f69d319fdcc6b190d0c17.jpg,e205d0ab-a9e6-4e7b-a734-d50b0351249c,35475,c69cb20129aa94fabc3c3544fe641ff3c953e93f3740ed2e2fca22ccdfe261bf
IMG_0303_JPG.rf.0e04c5c9ef24f07217e3e73f75ff817e.jpg,e205d0ab-a9e6-4e7b-a734-d50b0351249c,36254,f1a3a8db02318b8e96e837db0ebd3edbd3865ee51e143320fe366dcc36790b02
IMG_0303_JPG.rf.5cfd316981c978ce4ef1df3bef6acab6.jpg,e205d0ab-a9e6-4e7b-a734-d50b0351249c,35754,e44f25f3156298cc4798bbe3970fc0e840ccea9fa8f7a99d721e8dbb38be958e
IMG_0303_JPG.rf.7ada3aad33a372d7197dc917e78b4b7b.jpg,e205d0ab-a9e6-4e7b-a734-d50b0351249c,36401,ab06f4b75c669a804a7bc5c38130efa47a5974d097fe5642a4b6bae127ce29e7
IMG_0304_JPG.rf.54932fa43e8af04f0f8ec62ae00fce36.jpg,e205d0ab-a9e6-4e7b-a734-d50b0351249c,36356,557bbfa3e783a3bed3b60be98d17864dba773bdf782c22fa00508f290b6f1527
IMG_0304_JPG.rf.5e47ea73f09ff5e69fc8505e7c90fc5e.jpg,e205d0ab-a9e6-4e7b-a734-d50b0351249c,36352,20a84b10fe68404cf5b205024ac614b02a815d4fce9e4f902fca5b4802ea5fc0
IMG_0304_JPG.rf.771b7e369d816b7b1b80e43bf1288c20.jpg,e205d0ab-a9e6-4e7b-a734-d50b0351249c,36352,20a84b10fe68404cf5b205024ac614b02a815d4fce9e4f902fca5b4802ea5fc0
IMG_0305_JPG.rf.2a0b0b89c725c9e4d6ccebf97d27a523.jpg,e205d0ab-a9e6-4e7b-a734-d50b0351249c,32665,9d6c7c26c11cab0749615a101fd4bce60131c0e36da9b2f522de9b25f7490d11
IMG_0305_JPG.rf.5a4ab0a2f4c79d4b6ac4d689eacf3ee3.jpg,e205d0ab-a9e6-4e7b-a734-d50b0351249c,33427,39fa07a7e1bd40325f810044c5ede526029576ec52b0c12c3dd643e32c4f61ef
IMG_0305_JPG.rf.f45a171d11a2f1c9c26011f489771e6b.jpg,e205d0ab-a9e6-4e7b-a734-d50b0351249c,32892,cfddcb8759b8145ede023a405e50b3a3188ab785b00475f585a72aca6bb7b4a4
IMG_0307_JPG.rf.0c5dd59cc8623ab544d92dbdfee36963.jpg,e205d0ab-a9e6-4e7b-a734-d50b0351249c,32455,e63e380d1e5781adf45e407c917bf4962597d51086531fa86af9795f4b8c0505
IMG_0307_JPG.rf.b5b25076573f273ed40ea83c66f38e39.jpg,e205d0ab-a9e6-4e7b-a734-d50b0351249c,33020,d1d583ffdb5780e20ca18584ef6788d6e08b4b7bcd27086391ac7fa38936519a
IMG_0307_JPG.rf.c4c4d7997afc133471599e3875c7e214.jpg,e205d0ab-a9e6-4e7b-a734-d50b0351249c,29581,fd4a52068eeae058c9b58da7c720b7c84144c2da7fd57ac09c8b2ec977615e07
IMG_0308_JPG.rf.12f55da96b7c158cbbd1cf7ffc16357e.jpg,e205d0ab-a9e6-4e7b-a734-d50b0351249c,33520,f6349e02de28233fd6ca38a4bbd208663200eabe9971c9a29cc24ba69424f6df
IMG_0308_JPG.rf.5d003280b40265cf919131a21d6244c3.jpg,e205d0ab-a9e6-4e7b-a734-d50b0351249c,32525,4ac2ba78857a7baa1de10225d9f961384e0086d109c0f2e12b85cea525f15915
IMG_0308_JPG.rf.7f72ce8905e99262c3e4cff5041c3596.jpg,e205d0ab-a9e6-4e7b-a734-d50b0351249c,33050,3e8ae780bc6cfb004f89ba4c62f50009b7ecd79f29cd71029f30eff1ce239576
IMG_0309_JPG.rf.207c04f642964d51a01215d038b4e5c1.jpg,e205d0ab-a9e6-4e7b-a734-d50b0351249c,24044,61ae3484099a1b84b3fec115630e45415879a2c7a9c9895534a4733025592b12
IMG_0309_JPG.rf.556eea9c00891101ce1aeb94fdda73ce.jpg,e205d0ab-a9e6-4e7b-a734-d50b0351249c,27319,5704ed85587f2aa748fa081abe6bcddab687604b30b2f47072225d7d1cae84b4
IMG_0309_JPG.rf.7934c214afdb3918976d29d51020ba15.jpg,e205d0ab-a9e6-4e7b-a734-d50b0351249c,26804,88b1b15b0857f2433f00a7326fd4efc17c70ca9052766b25485dec6339016dfe
IMG_0310_JPG.rf.075ca560598958893d8aab039f479a61.jpg,e205d0ab-a9e6-4e7b-a734-d50b0351249c,26875,1fa1250d5d0b1e3dae092107b90ea56d85a08aeebf26f93676d66648efdc4596
IMG_0310_JPG.rf.64c680ed829d9533d36ac0d509df0f02.jpg,e205d0ab-a9e6-4e7b-a734-d50b0351249c,27007,92a67b7b492b6f208bee1e4c200b058a50cc9cb9b4bbfe6c6805b3fceacfa16e
IMG_0310_JPG.rf.a65045ecf6c3955326b509b5372c9f0d.jpg,e205d0ab-a9e6-4e7b-a734-d50b0351249c,26591,03736fce3af465b85e861c2858faee2e51a5d81ab606195c117c1f81ec5482a1
IMG_0311_JPG.rf.0ab4b6f6173eeb52783831dbc2f4097a.jpg,e205d0ab-a9e6-4e7b-a734-d50b0351249c,26590,e6e9a923b473a781d759a18ce9d954b378ec547ec6d5fcf3709a0d46e27e13ae
IMG_0311_JPG.rf.a2cf317eaa177abab898c772945b5ffe.jpg,e205d0ab-a9e6-4e7b-a734-d50b0351249c,26923,ffd219627ee1f2ec41db4fa60a034458ddee630821890d8c36f4ef7b65bd0369
IMG_0311_JPG.rf.f0e3c6663f5fb35e27d0cab41114daac.jpg,e205d0ab-a9e6-4e7b-a734-d50b0351249c,26803,cfc19a931a4a8ca9534f21c3fda54ecb384b364e0f11f818c848f85d9b222fe7
IMG_0312_JPG.rf.3e814cc1897b106926718716d39b5830.jpg,e205d0ab-a9e6-4e7b-a734-d50b0351249c,24057,8879c2ce5e2b32fb9e44683539af81ef1555933ba8c9fe549126e2fff5ade754
IMG_0312_JPG.rf.729f19960238ad92f35fa64d12054428.jpg,e205d0ab-a9e6-4e7b-a734-d50b0351249c,26845,e92228a7fb124ccc9f9ca4df3b663d24d1e7c4e74a9110b6ecddeb6a2a400fee
IMG_0312_JPG.rf.80489cc62c3e7861336bf448932cca9c.jpg,e205d0ab-a9e6-4e7b-a734-d50b0351249c,26344,c818bf8fb22426140f8ce342a16c8f2ac3672247dbffa8d817569d9dab890c86
IMG_0313_JPG.rf.10fc2fd753b38d54d7b01e3e9e3dc0fd.jpg,e205d0ab-a9e6-4e7b-a734-d50b0351249c,24987,f37e0844bf318435724cefceeff3f91701652e16dbef5cfa9ad02bc763edf22a
IMG_0313_JPG.rf.bfd41bb80ebecead20f4e165716f5446.jpg,e205d0ab-a9e6-4e7b-a734-d50b0351249c,27940,07a7cb7d40498425336c93b13404c22c25a4fe43f0c0e7efae258af3e96d7bc2
IMG_0313_JPG.rf.d20629a171e829bd129561880404316b.jpg,e205d0ab-a9e6-4e7b-a734-d50b0351249c,28443,51d5599b560bc967d6ab2dcc6d57fec995b3d15c6f81fe5b3c0aa8dbb2d01dc8
IMG_0314_JPG.rf.4a398e2e12fa0ea59d040acf9072a85f.jpg,e205d0ab-a9e6-4e7b-a734-d50b0351249c,28367,f5cdd764052f2edc43acd9951c1fced193c88c23e5e849d67c125433a435d934
IMG_0314_JPG.rf.667280e5b11f7ab2789ae2100a99e09c.jpg,e205d0ab-a9e6-4e7b-a734-d50b0351249c,27988,baba37bdaad517ee74895f1aa9b951a0a54824324734809a6d379a074689b0c7
IMG_0314_JPG.rf.86757d58e812780542c30d1e327f2935.jpg,e205d0ab-a9e6-4e7b-a734-d50b0351249c,27710,600942996630127be6b2f578adc07426a54ac5d25c6833676536a3068022eab2
IMG_0315_JPG.rf.0068e9802c5f9d0bfcbf84012326cd88.jpg,e205d0ab-a9e6-4e7b-a734-d50b0351249c,28087,4ba0065659e1df9e1549ed255f872330f7735b6f845a33e4f68f93180a6079e6
IMG_0315_JPG.rf.9fe044fb5e11e3de3de51eb582313263.jpg,e205d0ab-a9e6-4e7b-a734-d50b0351249c,27543,1630d2abe25b8a78884bb4c966d825c8b0a290fa619e9226bd8bbe88ac436522
IMG_0315_JPG.rf.eee89f090f6ed217626988926fd781dc.jpg,e205d0ab-a9e6-4e7b-a734-d50b0351249c,25228,a6c501ec2922a7b954a74f2de8f429a1cc89439799083129eb1b39d8ae776333
IMG_0316_JPG.rf.8c53c509c26cc8f2c2339297d0e4eb8f.jpg,e205d0ab-a9e6-4e7b-a734-d50b0351249c,31099,ef79426a1e1cbe410e00eb02e3314b8f4a2faa5eb49ed79551927ae3b7389c07
IMG_0317_JPG.rf.853f485de04618c580a055f4214a0950.jpg,e205d0ab-a9e6-4e7b-a734-d50b0351249c,30729,6cfe11792c0287f910057c6d9a292a294d5bac4ac372ae3c6e0f013105ba2440
IMG_0318_JPG.rf.4cb73b2197237fbbb5ed054c0740b1dd.jpg,e205d0ab-a9e6-4e7b-a734-d50b0351249c,31099,51aa04f702486572907ece23be8d37c4351147f1f06a2a8fe2b27f3a423e7826
IMG_0318_JPG.rf.da298306cb1228575ee66546c52884a1.jpg,e205d0ab-a9e6-4e7b-a734-d50b0351249c,31141,6393416a69f3648a8a24a90f21f1350736cb6f3cd7f2aaef20491e8639f57f3d
IMG_0318_JPG.rf.df27155c599bee250d5c3e5a6003b8c2.jpg,e205d0ab-a9e6-4e7b-a734-d50b0351249c,30657,7281abeb8b7ee9021247fc306d675e74b5e8f11269b9846668ad04567070956c
IMG_0319_JPG.rf.695534f4134a4b9a846b944ebb6bb2c9.jpg,e205d0ab-a9e6-4e7b-a734-d50b0351249c,27251,7e38d7068fce5d582c6ac66035bd0f71f218af8d3eb25dca529524993951944d
IMG_0319_JPG.rf.ad0b590cb2c0cd2cd9c1d05bdfc230be.jpg,e205d0ab-a9e6-4e7b-a734-d50b0351249c,24530,0de3f23548d606a1bc01978397d61d3c7cb9e4347d9afcfdfaf9054c32728e67
IMG_0319_JPG.rf.b4afd27a26f4ad050a0ad2dab9eb3f02.jpg,e205d0ab-a9e6-4e7b-a734-d50b0351249c,26704,61d81b235d6cc1562cdb52563ca9200a8073725aee6b6cea8cf909d35d07aadf
IMG_0320_JPG.rf.3e2dab89e89101b8de737ab040a04b18.jpg,e205d0ab-a9e6-4e7b-a734-d50b0351249c,27642,e9b6e1a5c5408be967db110e7e3ee0e60b85ba72c94f907c6cddd84087c31bf4
IMG_0320_JPG.rf.5daa400dba91a685b219d55eea259703.jpg,e205d0ab-a9e6-4e7b-a734-d50b0351249c,28302,fb6148d025d4504639fc40fca533f4501884f5bbedb7a4fd0c4aa07a497f9363
IMG_0320_JPG.rf.7e1c6942b28fab2c4b9e1ba32660fee7.jpg,e205d0ab-a9e6-4e7b-a734-d50b0351249c,27949,ee823ae75d23869ae667079ef684345e2ce8305dff89d0af08ef73b1a88e8e87
IMG_0321_JPG.rf.8ecb3ce5ea2b794399f605e22053f338.jpg,e205d0ab-a9e6-4e7b-a734-d50b0351249c,28552,4d704e5d2b8e0c68cce9c6a43fff4388ef3939527996ac53bad6ec9330a99b5e
IMG_0322_JPG.rf.21389c77ffb02232117d0df2954d90ab.jpg,e205d0ab-a9e6-4e7b-a734-d50b0351249c,32434,38949bfd06e49cd303cee6d8a7400d02ebd0c73b6aefc41105b1602d3391722d
IMG_0322_JPG.rf.ac6e4eaf9a64c570e333df32b226bf4a.jpg,e205d0ab-a9e6-4e7b-a734-d50b0351249c,32373,6e997bc5aade01c973885c8e0f567d513bcdeeb9de4b308608491267c6a5bd20
IMG_0322_JPG.rf.fc8a3c71bbd602c64a944d996bbb8dda.jpg,e205d0ab-a9e6-4e7b-a734-d50b0351249c,32373,6e997bc5aade01c973885c8e0f567d513bcdeeb9de4b308608491267c6a5bd20
IMG_0323_JPG.rf.28fa280b0d59dd43c99ed7ddb0a37320.jpg,e205d0ab-a9e6-4e7b-a734-d50b0351249c,29039,090623b0d961cd66f49187bddf8a91bfa75f5c7a674166c199bc9a011cb26c7f
IMG_0323_JPG.rf.2c490cebedd70bc957925bce214502ab.jpg,e205d0ab-a9e6-4e7b-a734-d50b0351249c,32226,39bf07b2ce635aed90e7981f84c761bb42610a76d69c88926185c75913f69f02
IMG_0323_JPG.rf.784563429e688cf68261d54111c3e517.jpg,e205d0ab-a9e6-4e7b-a734-d50b0351249c,31793,0ff9c8d94e2862386c1191b70b70509711e6ee28d20695e91e0c2ab95dc1b252
IMG_0324_JPG.rf.1dddc18bff32273d432d1649fa7c7bbe.jpg,e205d0ab-a9e6-4e7b-a734-d50b0351249c,32227,5e0fc779ffcaf9bbb2d66903219ebd813c44d2e4ba561896c2061900fcd68db2
IMG_0324_JPG.rf.363e0fe04b55d85ffefa14ad68b3f6c9.jpg,e205d0ab-a9e6-4e7b-a734-d50b0351249c,31109,fb84d426368479efe209433bb05655f362e2264dd359bda15ce29b306c743e20
IMG_0324_JPG.rf.fb070f048b6916190ab8b921cca4439f.jpg,e205d0ab-a9e6-4e7b-a734-d50b0351249c,31618,178af9c2c2cf10e919fe6921ecbfabdfe6d5dc3ea147b3a6767c5b13f34e5738
IMG_0325_JPG.rf.63112e3767be0963ccc37e27e07fb215.jpg,e205d0ab-a9e6-4e7b-a734-d50b0351249c,32236,8aa916284c7fa8c633cdc22638b96982f90cdabc2ffef50125e69d0836700e12
IMG_0325_JPG.rf.d1db03ec9641c31c9f89a71ea596d06a.jpg,e205d0ab-a9e6-4e7b-a734-d50b0351249c,29517,ca0245aa7d5b6a3e6824f65edfd91753ba559e9232de7cc515fc9adcc0a6e4b4
IMG_0325_JPG.rf.ef5b619f3ecb775256861d0d5aa55e04.jpg,e205d0ab-a9e6-4e7b-a734-d50b0351249c,32760,1be0a762bf8c465ef1736ffc6aaf803054e46a6eb114774c08f393c3c913db91
IMG_0326_JPG.rf.0426191c2d19b530be3a87ddc8dce9eb.jpg,e205d0ab-a9e6-4e7b-a734-d50b0351249c,33969,01e63780aa686c1ccd879159e8e45f5bbf0f722d33537b74e5121ac44c79cd85
IMG_0326_JPG.rf.256e9e2cbad7cc3c01548764b8e677bf.jpg,e205d0ab-a9e6-4e7b-a734-d50b0351249c,35031,b68f7fa35391a51d585363ffe7a70e6f53007d126b27a1a7e6f3eaad0e4c336b
IMG_0326_JPG.rf.3fb15cbbe3655b767e5623ecf1a91acc.jpg,e205d0ab-a9e6-4e7b-a734-d50b0351249c,34499,b2a79bdc2f0229188afae30a40aae4bd7720f9259032c7c1654e571d10559193
IMG_0327_JPG.rf.02c3b67b4a441a7f9913c1cf262c84b3.jpg,e205d0ab-a9e6-4e7b-a734-d50b0351249c,25402,82ba246fd276b51af9d0b56aee84e5e599ac688c10cec9d309c24a85cf91c26a
IMG_0327_JPG.rf.04e1cfd034402b304349119775bed36f.jpg,e205d0ab-a9e6-4e7b-a734-d50b0351249c,23163,86d34bee9e9bf3ff26d892a1ee616d12e69e1877dc2e372e51312a0cb6fc43ef
IMG_0327_JPG.rf.a14869645c3cc69a9420a223c0671a02.jpg,e205d0ab-a9e6-4e7b-a734-d50b0351249c,25815,5899895a5262ec984214a672ad5e5c93100703a91aa2420bcf734984984ffebe
IMG_0328_JPG.rf.c49cbf8582f2bd4309822c7c8e8a04c2.jpg,e205d0ab-a9e6-4e7b-a734-d50b0351249c,26569,22d61668cc4fd698b83a0e307531882a6cc05d4dae71417d563bd273347561f4
IMG_0330_JPG.rf.745cebf4e282b04cb36dd50cdad81f94.jpg,e205d0ab-a9e6-4e7b-a734-d50b0351249c,26734,4e5b393926623c4cfd2cc456725d59dc27f5de28af06b2b5dd3d4b71aa45dc24
IMG_0330_JPG.rf.820e5767005a8cf928a9e0680f2bb211.jpg,e205d0ab-a9e6-4e7b-a734-d50b0351249c,26719,878e7390676964c20ead041f5a5bb2b58da5adf001120737afe7901b12582c7b
IMG_0330_JPG.rf.bbed16e0eef3b324a50540258f5b24ab.jpg,e205d0ab-a9e6-4e7b-a734-d50b0351249c,27362,e4ef6d699d5c77b6b40471686c498e3f25f151042d86e3728086806d4970dfdc
IMG_0332_JPG.rf.98053b303eaf07c9c63511df2c35a394.jpg,e205d0ab-a9e6-4e7b-a734-d50b0351249c,25200,d2bd482fbb5dcb5f33b87233a472e50ae4553b930e014a2f4d5c82347eb026e0
IMG_0332_JPG.rf.a4119dd9ec687ac64ae47f9c865f5ff6.jpg,e205d0ab-a9e6-4e7b-a734-d50b0351249c,28027,d1e4dcef771081b1c5d9b2b0ae4664e012d06e688b60e28de4388aa9a9ff7def
IMG_0332_JPG.rf.e6209227d4cf08c64f5befae3ef8b0a9.jpg,e205d0ab-a9e6-4e7b-a734-d50b0351249c,28001,556f16471945ee23be39a9bf2d68d45e904305a6d809e1847583587a39f6abf4
IMG_0333_JPG.rf.1fd9c1710208bea3cbdabf7a4c60e8d5.jpg,e205d0ab-a9e6-4e7b-a734-d50b0351249c,29361,806a212fb9e4f451d71b60f3bebf323f0d12d5680ddd9d7688e43a7d673ddf0c
IMG_0333_JPG.rf.2192b27192e0c04094e9bcd5cc1b541b.jpg,e205d0ab-a9e6-4e7b-a734-d50b0351249c,30120,24afc5074888dac592736d74a8d75fa771b70b4613480bf2720789a3cb860926
IMG_0333_JPG.rf.f4dc60fdda03c8531fe03c846740db7c.jpg,e205d0ab-a9e6-4e7b-a734-d50b0351249c,29335,d5e0dc1144ef83b5337f123682ca270e2e1b1646a4535ed0cfd3ee910d5def3a
IMG_0334_JPG.rf.3bec4ae273f944929efead312fece805.jpg,e205d0ab-a9e6-4e7b-a734-d50b0351249c,29319,7824e9349a6c5fd0d8c57bed12cec7be25108ee0317a33fe619aeeccc676fac2
IMG_0336_JPG.rf.392c261d89651ed0cca0054ad7b5cdc6.jpg,e205d0ab-a9e6-4e7b-a734-d50b0351249c,34530,9d6809329130927db9924ad54d8120d32da1647dfb804fd4919257ff6907cec2
IMG_0336_JPG.rf.b2f7e08ee44a05cda510238b361db6ab.jpg,e205d0ab-a9e6-4e7b-a734-d50b0351249c,34874,148e591af8d829657b965d09953d0d06dcb9c332ecb535660d63e4bef6be4e77
IMG_0336_JPG.rf.b59643221775b924e5bfa9c6a02f291f.jpg,e205d0ab-a9e6-4e7b-a734-d50b0351249c,34097,2e19118ddde6b05a596913e254133c369e79ec8273297bb7f3ce24d61de7d800
IMG_0337_JPG.rf.c5ee563d8584973ee9fd339de59c0c8f.jpg,e205d0ab-a9e6-4e7b-a734-d50b0351249c,36176,20315afef19b97156a8024b3fe815b727b6c09ad3c290c8d6a629431561652bc
IMG_0339_JPG.rf.9f1dbac6210f077f2b3d89b05d09afbd.jpg,e205d0ab-a9e6-4e7b-a734-d50b0351249c,36252,035a01067bb74ef2de0e0575cbcf4235028fd5f8fd695adfc70f4cbaf0b19072
IMG_0341_JPG.rf.c3919908e292ba159085e6e0cc3ec966.jpg,e205d0ab-a9e6-4e7b-a734-d50b0351249c,39402,1e2cfc6175ecf3b2984e377966659547cbd76f654859afdefd1d0fc53714d8be
IMG_0341_JPG.rf.e0ad9199edbbf19d4e981da60d18dad7.jpg,e205d0ab-a9e6-4e7b-a734-d50b0351249c,39234,19020e069e1bbaf7d772e8e205f8738f79d88d0f01a5e80489a2cfe065d3a6a9
IMG_0341_JPG.rf.e998b2c5e52bd9fdae01fcad853386f5.jpg,e205d0ab-a9e6-4e7b-a734-d50b0351249c,39593,8c46c56e11e95015b59667b1d2562eaf99947fd60402e057d7caeab1d7c2a0a0
IMG_0342_JPG.rf.66649fe91d30cb1e59b1b9c869997ac4.jpg,e205d0ab-a9e6-4e7b-a734-d50b0351249c,39859,c59ae3741d64e7bd3fe07e510684238451db4bbf4ea7e367d54c4371b3f57bd0
IMG_0342_JPG.rf.6da9e2c47209734fb6b5ddf90f1376fc.jpg,e205d0ab-a9e6-4e7b-a734-d50b0351249c,40211,1a142ebe95e46f7439f9323778eb67a5693581eeddc8a40fa6d24f63d99628f9
IMG_0342_JPG.rf.edb1289540c6d8d677343ed65c381723.jpg,e205d0ab-a9e6-4e7b-a734-d50b0351249c,39626,ea1086cdfd1669dcfdafe4db8aaec8f297cad103d3df7feaef1415be6af28f7e
IMG_0343_JPG.rf.604ad0acf9e1f69759f32cb1bad2ae55.jpg,e205d0ab-a9e6-4e7b-a734-d50b0351249c,41111,a24ded61c5d2a25120bc12f4bddf1f0eaaa6b6f19ed02d61c975e18910f5ee24
IMG_0343_JPG.rf.83d5a4a8b5bb4d3ef652e48611e29f58.jpg,e205d0ab-a9e6-4e7b-a734-d50b0351249c,40155,36a47cb74e751772312a3a5f7f7b17352187495968a8072d4dd9964dbd8d6947
IMG_0343_JPG.rf.8bf062bbb0c586847edda646cd326bcd.jpg,e205d0ab-a9e6-4e7b-a734-d50b0351249c,40194,0cb4327d4433277b93f381755b09c0fc8e957167aa89a01f6a48231d0fa6d79c
IMG_0344_JPG.rf.1141bc41a00c10365f81950a2065c896.jpg,e205d0ab-a9e6-4e7b-a734-d50b0351249c,39495,ed284aeb7bd24dd41eaf00cf4377aef202e9caddfd213debe50da09ae437c06c
IMG_0344_JPG.rf.1e86ce0465685fab8b406fcf9409b2db.jpg,e205d0ab-a9e6-4e7b-a734-d50b0351249c,35224,e28d5371bd425344d8a4ca80d38247eea56a2de9b207a8b87019ae54f31a9f75
IMG_0344_JPG.rf.60b600ac1e856abc439252d17a5917a2.jpg,e205d0ab-a9e6-4e7b-a734-d50b0351249c,39726,d6f2838b3181035a50e56a3ec9ac42af23f92d8d52268a27a90fed59aa37541a
IMG_0345_JPG.rf.6d1707b20ec861a78ba83945801a0898.jpg,e205d0ab-a9e6-4e7b-a734-d50b0351249c,39594,1de60d7a3269c5197c7b9880fcbe77ed411f48e88ec70687a624a41a1fec39b1
IMG_0346_JPG.rf.1443fd746129b6fa4610613efd804522.jpg,e205d0ab-a9e6-4e7b-a734-d50b0351249c,34604,03ef7fcae11f08d14a0f7ec51a5281d36b464a7fbc39fd7c167a98ad16a5c62b
IMG_0346_JPG.rf.6ae1c332df1fd4934adad662101ffd45.jpg,e205d0ab-a9e6-4e7b-a734-d50b0351249c,35210,fad89175f59db5ac4a708d028914403497dc015343f90f9fd66facd52734a1d0
IMG_0346_JPG.rf.e7fea6d4b98411c714c1975ad9f20108.jpg,e205d0ab-a9e6-4e7b-a734-d50b0351249c,35216,af7b493b458dbcc6a42e013824420f4aed3f598b68ad2e03426427f88788174c
IMG_0347_JPG.rf.2b716b4d55871bdd8ab15667086e8f48.jpg,e205d0ab-a9e6-4e7b-a734-d50b0351249c,30625,9ce79b8528572bd59b35658d5fdcdd8465e0f947d2d9b9de53167b295d9cb351
IMG_0347_JPG.rf.5f6f56cb0c4004953b2b22b897cd099d.jpg,e205d0ab-a9e6-4e7b-a734-d50b0351249c,30375,cc6a8bbccb53348794ab5de5e839e47dd5fa1be529ebbdd9ce64ce174ff24a22
IMG_0347_JPG.rf.630e1792fc0046b30914c59e6b9a069b.jpg,e205d0ab-a9e6-4e7b-a734-d50b0351249c,27304,c6ddbebd6782d809ffb94beca0965484850d15c202bb6b48d14b772304c8819b
IMG_0348_JPG.rf.224036500acd87dc9766c6be084e67a5.jpg,e205d0ab-a9e6-4e7b-a734-d50b0351249c,30231,01a02fb5687f50766b37108dae8ec652e12f443aeda6ec49175823f875dbd77b
IMG_0349_JPG.rf.986b62f1b9daaaea2228dff4cf072182.jpg,e205d0ab-a9e6-4e7b-a734-d50b0351249c,30177,e7c1d7257a82e229bb550fd7d38901de21fbbc53de6602c89a31000b204bc63d
IMG_0350_JPG.rf.1e9d1cb873db73153396b10f8598fb5d.jpg,e205d0ab-a9e6-4e7b-a734-d50b0351249c,31004,c41d9f757ae8391a62ab28a8cf88231a7be8d92c84e3173b66cdf41771696d78
IMG_0350_JPG.rf.39a9006fef11296b4823776214863f3f.jpg,e205d0ab-a9e6-4e7b-a734-d50b0351249c,27124,6b5aad690b83538c5753ba288f9681ec818bcdc0f043a64c408c2cd8c022662f
IMG_0350_JPG.rf.d1070b54c5e5d7aead2ae558db08e02e.jpg,e205d0ab-a9e6-4e7b-a734-d50b0351249c,30219,233b92b140523f8a229a906be1719615b6ac238436fae4f8730b1ae0275d13f3
IMG_0351_JPG.rf.9a8df3e6f0c4d2efeb319827aeae6fe4.jpg,e205d0ab-a9e6-4e7b-a734-d50b0351249c,31912,ed4d2037dda35bbd7d498218099e438084701bac59e340e14ba03f5c1c6cadb6
IMG_0351_JPG.rf.ba476ebf0092a65e85abaa298014c3f4.jpg,e205d0ab-a9e6-4e7b-a734-d50b0351249c,32212,548a205a94f676f96986e02ce2a4869e0ff6c4c9f1e44e2ce2e129f47ec16a59
IMG_0351_JPG.rf.bf287b7965e1d9825ba83b14e17e5aa2.jpg,e205d0ab-a9e6-4e7b-a734-d50b0351249c,32493,7b2afb19e05cce9e43baa433d7ef519920b632459c1d74154cea7e27c7509743
IMG_0352_JPG.rf.97d9f7cc98eb9a23489b2a7cc0ce21cb.jpg,e205d0ab-a9e6-4e7b-a734-d50b0351249c,32139,8a9405fdae7110afa43131ee59e3ab3b5c70a1be95d4e230a9858c09fab1e428
IMG_0353_JPG.rf.b28675e805a145d1fa309c5204a9ca32.jpg,e205d0ab-a9e6-4e7b-a734-d50b0351249c,32329,18173cd15f8c51bda812e861460612710160434de57f2db38a95e755935e7c03
IMG_0354_JPG.rf.336bdc72e1e4c492fdd245ff67d8cd4a.jpg,e205d0ab-a9e6-4e7b-a734-d50b0351249c,31658,4a761eeb5b5678c905c5e211562d77c5fa7e1397cf526f441d6e6855a1049207
IMG_0354_JPG.rf.c564fcf7b6233173b31d5f6e5bceeeab.jpg,e205d0ab-a9e6-4e7b-a734-d50b0351249c,31706,e1649eb60914a862433ae9c6487d99d99579b1b395144c7eef0d11397300f8e6
IMG_0355_JPG.rf.16326195e6c5e631cc0049401720a19d.jpg,e205d0ab-a9e6-4e7b-a734-d50b0351249c,35937,53453e8509b061a1d913c8d339b35e4eb2651b5b8f4291cbd7eb4a42d3de836b
IMG_0356_JPG.rf.0ebb2f0bd48e8fd993f9a15e69dfccfd.jpg,e205d0ab-a9e6-4e7b-a734-d50b0351249c,31170,1ecd53e0c458f5d9124e1a6647918b31cacc9f06d625d885066c0e4e33cde2eb
IMG_0356_JPG.rf.86e90d6d46ab811c58350aa52cca2f7f.jpg,e205d0ab-a9e6-4e7b-a734-d50b0351249c,35473,c5c1c751d64e49b1f9921e33e93e1da2d02803973e6ddb8c79d5c643ba67b67d
IMG_0356_JPG.rf.bd07e489eee09aa099321aa93d1b59ca.jpg,e205d0ab-a9e6-4e7b-a734-d50b0351249c,35393,34e2b7dfb5e986ed295d8ebd981cd2f8b94675e93f211d1ab44aeae45df12f9d
IMG_0357_JPG.rf.cc49f91ca5b270e5dad572683d6b1905.jpg,e205d0ab-a9e6-4e7b-a734-d50b0351249c,36372,0f1a937baebcdcba0fa39703183dfe3269495c62fde19a485c38dd8a639236e0
IMG_0358_JPG.rf.0df6d6b03ddd1edb3a624e85287b4b71.jpg,e205d0ab-a9e6-4e7b-a734-d50b0351249c,37191,5dccadbb431ded4af0e13517e6266e701221ced29538cccadde2a244a590269f
IMG_0358_JPG.rf.42faf78146bdb1e51978a7bdbc1bbabd.jpg,e205d0ab-a9e6-4e7b-a734-d50b0351249c,37193,335ffc837d928a071d512e408abc8a4c433fc758030f08602251634063f5875e
IMG_0358_JPG.rf.973b10bc8ccc276dd5ea376b87dcf36d.jpg,e205d0ab-a9e6-4e7b-a734-d50b0351249c,32855,606dc01d9633989bbca65ebbf1583d99292d2485c9cea724962df7da2309c891
IMG_0359_JPG.rf.e4fb9464647fd62372ad23e4e93acf58.jpg,e205d0ab-a9e6-4e7b-a734-d50b0351249c,37303,93f58810a139045eac05ae9266e2b5686db0c94229e62b14c5cce43284d3a4ef
IMG_0360_JPG.rf.acbc78f9aaeed09a388f2f0fb8ffb92a.jpg,e205d0ab-a9e6-4e7b-a734-d50b0351249c,35518,158edd8b4f1b7df058daa47f5776b3c74d79d6a6b7c9386508b05536c96a773b
IMG_0361_JPG.rf.9df45f9f1d831bf0c30f3d62a2cd8b7a.jpg,e205d0ab-a9e6-4e7b-a734-d50b0351249c,36536,851b225695f9550045b2d85bc9e8a8d1e985fa37e68dc0dadd18f8390413e484
IMG_0362_JPG.rf.2ca8dff74566974fdde61b3aafdcbfbd.jpg,e205d0ab-a9e6-4e7b-a734-d50b0351249c,36743,31554deff82ede82b996348321f28f880d0bc907bea70ea6e4a39a404e6abc83
IMG_0362_JPG.rf.368fa9086048fc469f7b892d741a155f.jpg,e205d0ab-a9e6-4e7b-a734-d50b0351249c,36800,796716007e5a50dfda0db6d89266885c8a4ab1001b2e3db2b144d88aac85acd8
IMG_0362_JPG.rf.a2ca3a43c0e488c84f38d40fe6b8df27.jpg,e205d0ab-a9e6-4e7b-a734-d50b0351249c,37691,0b769499cf220763f2fe419b4cd0ecbcb972e70eb996b6178b6456e2ada74201
IMG_0363_JPG.rf.b70df68ea826d4a56ea04fc61cc14f60.jpg,e205d0ab-a9e6-4e7b-a734-d50b0351249c,37255,a5a139ff080856d6f217f57abe334e9ae7547821281e04117170288393c6d7d9
IMG_0364_JPG.rf.969269cf51f71efda5d59828d716f7b1.jpg,e205d0ab-a9e6-4e7b-a734-d50b0351249c,31493,776aab2eec825ba3227b3d7d54d041e1f6613bd1d5838b2a835cb07c7762bcc2
IMG_0365_JPG.rf.0030ed9d8af5da3db07e9db5e335daf3.jpg,e205d0ab-a9e6-4e7b-a734-d50b0351249c,33500,c50a944d942d52350dc18edb1b44a60b03ea9ae4a8cabe811e6d5735c2496415
IMG_0365_JPG.rf.63579f08b5a4a83862361f97b45d5deb.jpg,e205d0ab-a9e6-4e7b-a734-d50b0351249c,33043,cf5f4f6d3b31d8c7b4de6cce5ab1d50825f64e38e0259997d23fab10493508d0
IMG_0365_JPG.rf.fe7e5f89a88b767caebd141e1e7d9bbb.jpg,e205d0ab-a9e6-4e7b-a734-d50b0351249c,33807,3c5923e07e0308e2fd5923203334a9117124bfc23ae4278023b8b0f27481e395
IMG_0366_JPG.rf.4aef33c7c8c8f5a462d6b4bfb2354b9e.jpg,e205d0ab-a9e6-4e7b-a734-d50b0351249c,34145,f60485d818de8499b5439281098a3029d42850bca0cdc516082b1f0dc622e72f
IMG_0367_JPG.rf.240b4180ac7b899c42ac4f293de8eaad.jpg,e205d0ab-a9e6-4e7b-a734-d50b0351249c,33213,35d05e809ab7b1cd5c728455f7f0bade7407afdd965fdd88de1f2a6d9c130583
IMG_0367_JPG.rf.3f459a7f036b7b522d9fd565c7a886e8.jpg,e205d0ab-a9e6-4e7b-a734-d50b0351249c,33797,773885c0a494f7b1465da0b1ff8b640923e0dc3e04c6cb4e9b40f3cd6dd1d4aa
IMG_0367_JPG.rf.d3ade4e2f1960e85a6db46fc10f61e94.jpg,e205d0ab-a9e6-4e7b-a734-d50b0351249c,34654,0d875f64c56b2906eb025cef0046af2d23dd49b2107986526e4a93ddb4a69bc2
IMG_0368_JPG.rf.5dcabb389ccf807c0a5d0ca316924704.jpg,e205d0ab-a9e6-4e7b-a734-d50b0351249c,21367,8a4bef5a09f639aac05c98609cca31ca32a6e9cb8f6855e202139ef12a2b29a0
IMG_0368_JPG.rf.b383af9e4366fd23f9cb99fe1efaff5b.jpg,e205d0ab-a9e6-4e7b-a734-d50b0351249c,23261,d6aca8ee1804c4f80cd148b3a71047a5a005dc8e1a59db819dde4654187d0dc0
IMG_0368_JPG.rf.cb59c4e65279381b523dcb248ccc6d5b.jpg,e205d0ab-a9e6-4e7b-a734-d50b0351249c,23165,6393c9864c03c1d2f95b08398c06ea4685cb51ba47ff052e55dc2b947cd7a817
IMG_0369_JPG.rf.a2f219937fcefabd19611c93f0885a96.jpg,e205d0ab-a9e6-4e7b-a734-d50b0351249c,26176,e72cc2519d6cfc202c2ff5e6d67e0ac6bb4272269687fed33117fdb14ec8a12e
IMG_0370_JPG.rf.133c1eeafbaa281bd336e9b00c9c0640.jpg,e205d0ab-a9e6-4e7b-a734-d50b0351249c,24884,426cb3c5c1d3098bc3870b69c1faa8f42129f20b0b5f2669239732cb8cc7fb3e
IMG_0370_JPG.rf.22f21e939de176895664681bd2e4cf19.jpg,e205d0ab-a9e6-4e7b-a734-d50b0351249c,27451,3788778bfff6d0384a0a19e57d9f811348081d8df182f7e372a80a3595fa3355
IMG_0370_JPG.rf.238bc5ed434e4887dd6a2681f377802e.jpg,e205d0ab-a9e6-4e7b-a734-d50b0351249c,26986,946fdf5bbbe337b972d3c4fb37e44f68f3d7fcbe80f571c767440493e217b72a
IMG_0371_JPG.rf.eceaf990bab5276fbb1499eb0321f412.jpg,e205d0ab-a9e6-4e7b-a734-d50b0351249c,27054,672597299c0fc50d1a2588fcaabce3bc5bd60842c9269776794befdee9d71729
IMG_0372_JPG.rf.95ab8d68d6a2f24dc7f956ef3a8167ce.jpg,e205d0ab-a9e6-4e7b-a734-d50b0351249c,27332,fb6527c83d9645ed6349aa7ffdba222c93f375e348b9ebc507fca016c59d5e62
IMG_0372_JPG.rf.cb907a9e6188f1a7becc5cf9099e4c24.jpg,e205d0ab-a9e6-4e7b-a734-d50b0351249c,26933,52de88e42fd22ae65217c8c44e5642d14101e56eef63ea89d85d208db88a6a3e
IMG_0372_JPG.rf.dccbb85d1ce3794848cdea93908620bd.jpg,e205d0ab-a9e6-4e7b-a734-d50b0351249c,26979,247c51db013357d0121218f7fe1c48df5661cb34f73f1262252ae4426813f3ad
IMG_0373_JPG.rf.c265dc0679fe74ab8365de813413405d.jpg,e205d0ab-a9e6-4e7b-a734-d50b0351249c,26245,0fee7f590094ae91d967241fe718227b38a980c0b66085b3a6e328d9bcd42ff5
IMG_0374_JPG.rf.d8500567e50eea6cf2959891f12af373.jpg,e205d0ab-a9e6-4e7b-a734-d50b0351249c,32351,c0bdb233f0113acaa8eabfe4e86b3e17e7c7604c84e8085dfa2a34e1d8ab6b44
IMG_0377_JPG.rf.0478caa2ea865d4f7d3a202ed2c93e9d.jpg,e205d0ab-a9e6-4e7b-a734-d50b0351249c,25350,e6671a166ce9a540766e6301d7e3e51440b0dafc6cef25d0d4b1d2648047544a
IMG_0377_JPG.rf.8ff17327d2b14e1859bb8e3cb97f14d2.jpg,e205d0ab-a9e6-4e7b-a734-d50b0351249c,25746,00e825b9f400aea5462b9a823650e374fa78ded17ce26ca80dca295d86059431
IMG_0377_JPG.rf.acf9b672173ce2a57dd348f39b65394e.jpg,e205d0ab-a9e6-4e7b-a734-d50b0351249c,26027,baf47ac69aa8da7647b78b26b894f8cef64c1a3af8cbc7d7d60630a169dd41da
IMG_0475_JPG.rf.06c4a8fae4ea86fc57fdaa9676b2693d.jpg,e205d0ab-a9e6-4e7b-a734-d50b0351249c,32797,3d2b68d33db33fa66fa638f83720bc16cd6b0f44808a72afdcd1f66439667611
IMG_0475_JPG.rf.0860426fd1810f833ce542ae851ba59d.jpg,e205d0ab-a9e6-4e7b-a734-d50b0351249c,32082,f3f0383d1fdfee592673556910ef045b419d008c94746f2f4e21d857e66c91f2
IMG_0475_JPG.rf.1d583da52b2267a6db6ecd9b66204163.jpg,e205d0ab-a9e6-4e7b-a734-d50b0351249c,29149,93b89b377a174a715e0281fd019abfab829ee7d91e7f7e920d95182154dad4ce
IMG_0476_JPG.rf.20392ceacb948c00aaadff656746daf0.jpg,e205d0ab-a9e6-4e7b-a734-d50b0351249c,33219,a5c6d2ee4e33bafcdb63ef3a2b1489d2248507d3ed9311d19b26d0d0e1d78fb9
IMG_0476_JPG.rf.328f36880f2d022a7e8804c5a9074cd0.jpg,e205d0ab-a9e6-4e7b-a734-d50b0351249c,32458,4349bddb257849b3b9ff19fda70f4c625ea76a3b2b618b657c19f1ced0858fd2
IMG_0476_JPG.rf.cba40437a23473e65ab391ce480b42ca.jpg,e205d0ab-a9e6-4e7b-a734-d50b0351249c,33093,1111163559cd5a233c85a957c61f3c2ff1690bce5fbcf07a24ddbc5563aa8327
IMG_0477_JPG.rf.0731178b4a78074deaefcfbe5f41ada0.jpg,e205d0ab-a9e6-4e7b-a734-d50b0351249c,34159,eae5adbd0b435e366608186b95f3960564933943876ee135fd54a9e581808bf3
IMG_0477_JPG.rf.bbed338597a75d9dfea546f2948b349e.jpg,e205d0ab-a9e6-4e7b-a734-d50b0351249c,34670,569432720d469ffea6b3589ccc76ecb84962e7cbbac3ad502687de536d07e442
IMG_0477_JPG.rf.d15279ca8c2eb40f58a44dcef84e5660.jpg,e205d0ab-a9e6-4e7b-a734-d50b0351249c,34811,748583ff3b15927e715efba0926a0d8c2e423a6354ce2d722f285ced56245d8d
IMG_0478_JPG.rf.6f026601f34710c6eb8b50a46d17ec8d.jpg,e205d0ab-a9e6-4e7b-a734-d50b0351249c,34423,2baaa1912770a5b49803b63b74b5b3fc306e8c2e620e911afec6336af4727c3c
IMG_0478_JPG.rf.aaab78826b91fa941f50f26f2e22c007.jpg,e205d0ab-a9e6-4e7b-a734-d50b0351249c,33916,c2b989b43f137515a541b79545fd08f5935a014426809617161ef9a9e67f52a5
IMG_0478_JPG.rf.bcbf0a755876fc9f2cd6472230cc67c1.jpg,e205d0ab-a9e6-4e7b-a734-d50b0351249c,34041,d0ced6e43c9efa386a8d610e359c34ded04e6dad44d68ec5f8db95ebd8a8d277
IMG_0479_JPG.rf.cec82215aba15530839bae08dcb6da16.jpg,e205d0ab-a9e6-4e7b-a734-d50b0351249c,33123,f836b8819be4cbcdeb8bf9a4059c6e200d7d261ae4573100dc1f60f7616fbbfb
IMG_0479_JPG.rf.d597419dceb28ac9f34071ceb4aeffa7.jpg,e205d0ab-a9e6-4e7b-a734-d50b0351249c,32871,58c7900f33b1d78528b0dad3c1307dbebf25f35fa9c2cac8a444bcee7097df80
IMG_0479_JPG.rf.d5f28ea1980640abd905af92d421f5ab.jpg,e205d0ab-a9e6-4e7b-a734-d50b0351249c,32785,137bc448bd69d198583ed32ff5f82842628ec545c590f971071ce68f9564f761
IMG_0480_JPG.rf.0d7f67e61c9b960f384c12d689606789.jpg,e205d0ab-a9e6-4e7b-a734-d50b0351249c,31123,d7fd1da90912406a5a3335216645d68aff2263078113d37af3bc3fbfc547af43
IMG_0481_JPG.rf.1ac5a6154e3551e453c1d9e759578b1e.jpg,e205d0ab-a9e6-4e7b-a734-d50b0351249c,31528,0313c23f6072ec5d827ea336a26bf3ad5ec87449b8a9ca1bbf4d7f9a318366f2
IMG_0481_JPG.rf.2cd2a8bcbd653c29d03c207ee9a0c4df.jpg,e205d0ab-a9e6-4e7b-a734-d50b0351249c,31622,b9a30df1e8e99348f62f2553a03f2459f43edc9ff19eefb7661c0c49b69b34f4
IMG_0481_JPG.rf.e2eed728deb45c7558851531f0501946.jpg,e205d0ab-a9e6-4e7b-a734-d50b0351249c,32546,8e8b03e1ec92a1da25e887284da5f05934ae003bf8e54339a6e6648c63ce871a
IMG_0482_JPG.rf.29778f6e9598106e35bde8f0970ec47f.jpg,e205d0ab-a9e6-4e7b-a734-d50b0351249c,33530,1b7e001ca6cd6547cb7f66017b4c5c7ed96e35b333293e0b0a5b0bd375504d7d
IMG_0483_JPG.rf.764fb44a155d94a1524298f609675f47.jpg,e205d0ab-a9e6-4e7b-a734-d50b0351249c,31314,78c8ce09f64850d0bc0d5dbf41997c4a55a7fbff439ca46d42111798c6592510
IMG_0483_JPG.rf.8f56c096d766aabdfb006943c87052ac.jpg,e205d0ab-a9e6-4e7b-a734-d50b0351249c,30792,dc1cdc987276c562a46f4f9d6d6c5fb711f5ef219adabf143f23af4ff39dc3af
IMG_0483_JPG.rf.fc884b6f980a29b6cc738bafe180e755.jpg,e205d0ab-a9e6-4e7b-a734-d50b0351249c,31178,4952a0e3631095102a615f57ea670661be56c57533545b140f4fa28d644fcdd8
IMG_0546_JPG.rf.ca7294f12080b6fc2f1e29fbdf3d37b5.jpg,e205d0ab-a9e6-4e7b-a734-d50b0351249c,33460,0d94dad801889c9b018312acda13cb479784bcb7d3d41971d48de41efab70d3c
IMG_0547_JPG.rf.43b392ee3c20174b253ae9d06eb3b9a5.jpg,e205d0ab-a9e6-4e7b-a734-d50b0351249c,31257,c89121ee54344452c9f5c5d9262fc69f023be09cda16b7e37b5e322bb27d51de
IMG_0547_JPG.rf.4f0436cd5908628aa35acee1d280e54c.jpg,e205d0ab-a9e6-4e7b-a734-d50b0351249c,31739,9668343086a9bed0358b09158c4eb3d021611028f475a1b8a495415d41425618
IMG_0548_JPG.rf.e674be2c80b81936a02f99d82cf72aa3.jpg,e205d0ab-a9e6-4e7b-a734-d50b0351249c,31894,0f3997e4932dced9334aa6f8d7b1bfcc400ce009ac81c39d09a4802f9d6580ea
IMG_0553_JPG.rf.08e98511ce6444bf1573ab415e14492e.jpg,e205d0ab-a9e6-4e7b-a734-d50b0351249c,23770,28cf46f90962308b687211979e13613bc45cea892742202ee66f95106884d2a4
IMG_0553_JPG.rf.8d600b87600dc3a427bbfbeba686c01f.jpg,e205d0ab-a9e6-4e7b-a734-d50b0351249c,23443,bcdcfe85c82fbc5c2ee487bb5eb7db98438dbc78cd03b76b01455ce1cdb483e1
IMG_0553_JPG.rf.a527a55784e13a42a47a3855e65b7265.jpg,e205d0ab-a9e6-4e7b-a734-d50b0351249c,23850,e37373b1759fef1c64eb37cb577b783a0de27fc37d9dfffe4907786d92581402
IMG_0554_JPG.rf.123e05abb041babb491a02b436260cff.jpg,e205d0ab-a9e6-4e7b-a734-d50b0351249c,23054,2552fb4ea0b26142560fe53d0525ddf536f81249c3dbbca37e4b0c2cee5ed149
IMG_0555_JPG.rf.3c318fce2b276d94c6e1234af696c619.jpg,e205d0ab-a9e6-4e7b-a734-d50b0351249c,25189,914e5f1e3c8ed4631727a3609acd1c6b8daaa8606738be91e433294a8357d51c
IMG_0555_JPG.rf.3f24ba69c924c98fbd8771ef6e6c51e1.jpg,e205d0ab-a9e6-4e7b-a734-d50b0351249c,25112,b5e047b5e9d547f1282753ab53fc61de4408512731fa4114b52c68e0000e1511
IMG_0555_JPG.rf.df5926911e3ad520b0619d0ce3521230.jpg,e205d0ab-a9e6-4e7b-a734-d50b0351249c,24847,d83a15b956244213a81d5b21c25160fe2eaf3b56126c0b2e6264ab70b5885550
IMG_0556_JPG.rf.8f5920da234adb1cad761777488da2e5.jpg,e205d0ab-a9e6-4e7b-a734-d50b0351249c,25248,53e985b5f6d642dc0235ff7c8ac677f9deee993c3f4cf50f654b6cd8a8120709
IMG_0556_JPG.rf.a2df48629c503a58990dd8d8f353cf17.jpg,e205d0ab-a9e6-4e7b-a734-d50b0351249c,25156,2564a87c0d045fd9b09024f0c4b927be01c844c6658849f9e30296f12395e1ba
IMG_0556_JPG.rf.a3d235d9d0d38c5f5ba235311530a361.jpg,e205d0ab-a9e6-4e7b-a734-d50b0351249c,25250,f46683c0e768f81151dbc74c185ba4df02d9ab057ca5afa2094879a28d6f92a7
IMG_0557_JPG.rf.1fd4a0c793122deb41d782d425ef175c.jpg,e205d0ab-a9e6-4e7b-a734-d50b0351249c,24450,fed48ad64771421808c15acb173702714fcf6d11ef94e7b3525b617be1557486
IMG_0557_JPG.rf.40ebfb32af4f0dfe22fe95830d27c759.jpg,e205d0ab-a9e6-4e7b-a734-d50b0351249c,24247,40eb003950efdcfbaada711e267d7400b41b0bbc17bf7dac70e9df3a43667716
IMG_0557_JPG.rf.f8f488cc065dfd315e1467e8936109f7.jpg,e205d0ab-a9e6-4e7b-a734-d50b0351249c,24437,e2c6374b0ccb994fa38514a80be318a142065e0b7733d3c3246944c22fba0a6c
IMG_0558_JPG.rf.900ebfb6b10104b784a39dcf8596cb3d.jpg,e205d0ab-a9e6-4e7b-a734-d50b0351249c,40930,a0ee09c64ee549887dddaadec666319f81c3d8f4ee59f6ce73b76ab8fad2e338
IMG_0558_JPG.rf.9478ffe793d78f410bcb2f7815092200.jpg,e205d0ab-a9e6-4e7b-a734-d50b0351249c,41764,27e4acfe0a728f1e4a95c391636c9d95e85e1539e74f9d9e1f6a461f791be7e7
IMG_0558_JPG.rf.a89796a0688e7bc4c9549c233ebad723.jpg,e205d0ab-a9e6-4e7b-a734-d50b0351249c,40684,37e963622123e2e5263ecf56b84a4cc7c8c5ae40ab960a2a5aa0497056653517
IMG_0559_JPG.rf.3cb9896be8699161fda0821ea0a01baf.jpg,e205d0ab-a9e6-4e7b-a734-d50b0351249c,40759,f008fcb0ac4a86760d0e356fc2acfd1c339effb9ac1645d83d1460b0bbafd707
IMG_0560_JPG.rf.3a40787a6995132827b034e91de8f1f4.jpg,e205d0ab-a9e6-4e7b-a734-d50b0351249c,27915,6ce1eace2cd687d9df5da7dbf3874e1d60cc520d4e309872c60a0903e4e3c3db
IMG_0560_JPG.rf.6b8192e4bf40cee383f47d879fa065e1.jpg,e205d0ab-a9e6-4e7b-a734-d50b0351249c,28165,beaa5c45fb64ae05d0c28d94b2c378b69ec0411cbeb05798daa419d05a81b4d1
IMG_0560_JPG.rf.74aa6962f260c6e3e5df82d7a25b7871.jpg,e205d0ab-a9e6-4e7b-a734-d50b0351249c,27810,9e29e13275e7fe2fb62aea6a4419e564a1516b199ab8234709a89154076c8d85
IMG_0561_JPG.rf.534d3c05cad2750ff98ac8591de27d85.jpg,e205d0ab-a9e6-4e7b-a734-d50b0351249c,28343,be98d65c5b19e5c407a07c24d3b74985465b728c2a44b412c27120b6c3cce53f
IMG_0561_JPG.rf.55a498b0f2881b23e8ed61cbb1faf8a5.jpg,e205d0ab-a9e6-4e7b-a734-d50b0351249c,26726,ed182d0116ef8b2dcb0fd8884830baadae4278d2f9cab1a6d969bf8e6ac40ed9
IMG_0561_JPG.rf.638198fe41f6734b25b938399ec5ac0a.jpg,e205d0ab-a9e6-4e7b-a734-d50b0351249c,26726,ed182d0116ef8b2dcb0fd8884830baadae4278d2f9cab1a6d969bf8e6ac40ed9
IMG_0562_JPG.rf.82bd11e0ed8c4603acbe2781b60a53cc.jpg,e205d0ab-a9e6-4e7b-a734-d50b0351249c,28873,b30d49f1c7c60b2e6262c246b6b554048010fbba531e2eae6d859a2cf456ba4f
IMG_0562_JPG.rf.8b6c017f347c506ddef001e5b78567e9.jpg,e205d0ab-a9e6-4e7b-a734-d50b0351249c,28905,6d9295ff77f726705f054a357213f09704bb129e29e9023080e4eb3b6a6e8877
IMG_0562_JPG.rf.ea11bd6066202f93478d1ae9239fc744.jpg,e205d0ab-a9e6-4e7b-a734-d50b0351249c,29527,c426c4f5301e7a290b6af35664fddce4e1400d926171319dbcfc339adbd2c5b7
IMG_0563_JPG.rf.02fb0671d636bded07e3aab692e80f63.jpg,e205d0ab-a9e6-4e7b-a734-d50b0351249c,29648,86cab4a98ba491be7f4abfae9b0eaf57e6bbd044c4b62dda4d1b1bb8acbd0b6c
IMG_0563_JPG.rf.3e311be805e5c0dbfd93a3023e6d7d0a.jpg,e205d0ab-a9e6-4e7b-a734-d50b0351249c,29452,9dbd5777485c902dbe0895cea296c0ae7104b72cd5edd7f47bec146264a30cdb
IMG_0563_JPG.rf.540adc610966452dfa2c6990a51c23dc.jpg,e205d0ab-a9e6-4e7b-a734-d50b0351249c,29382,876df122f4c15628f2c1d05f91b9a91217400c89ebfad6ada4c1bb9ef5c0d163
IMG_0564_JPG.rf.19725b78bd2023d3453fa1362a5b088a.jpg,e205d0ab-a9e6-4e7b-a734-d50b0351249c,28695,8deada454594c6474dc036b45a71a2bf1b3caecc4c549c2e3aa23a52daf85ef7
IMG_0564_JPG.rf.2cda2b3472ec81c6703b12ab47c277d5.jpg,e205d0ab-a9e6-4e7b-a734-d50b0351249c,28590,8b046129e61da3b35a5a843e51302cb69f9824a1fac78d551ca1d42e9ea0f5c0
IMG_0564_JPG.rf.8db9cc4e08c1165c02491297d0a6bb97.jpg,e205d0ab-a9e6-4e7b-a734-d50b0351249c,28259,b6dabccbae6b277d434e932abe9be946b58d4136d5fb8648d3c8741d9800d9de
IMG_0565_JPG.rf.2d7141c8cd1436e7db2b90ead0885f8d.jpg,e205d0ab-a9e6-4e7b-a734-d50b0351249c,26365,a68751ad38ed6409944af57651b2024ccf793aafb4e7b0d91179d32d7b0634e4
IMG_0565_JPG.rf.8370ec22a20694b84a5de2c177fe36e8.jpg,e205d0ab-a9e6-4e7b-a734-d50b0351249c,26171,2ac4019cab8caeb3cf226f7154bb499ef7dcda222f485579d937522c3ff35035
IMG_0565_JPG.rf.cf8a65d1df88600c8f8c8f908fe2430a.jpg,e205d0ab-a9e6-4e7b-a734-d50b0351249c,26474,a2ff1d4bb0489772dfc18b4c2bd2177cd9eb60b8e339387f0f686cbee3ee0a6a
IMG_0566_JPG.rf.215daad93000b67a4638f4bcf3693d0c.jpg,e205d0ab-a9e6-4e7b-a734-d50b0351249c,27299,6656b2b4cca3a054b541f0f033accd56613cd3ce34c90b75e80b72efaa220999
IMG_0566_JPG.rf.84880af459da72f1dcfccbf8011eb2a5.jpg,e205d0ab-a9e6-4e7b-a734-d50b0351249c,26888,eef08591d6a5c3b99b90c325bcba26068472c6d0abb6e013eeff1e9a351838b1
IMG_0566_JPG.rf.dc629e8b660339b9759fadf64d531790.jpg,e205d0ab-a9e6-4e7b-a734-d50b0351249c,25059,d8765e23fcf4e7feba0c1f1367abe63ff930e16923b0bfe5d15872f902147f9d
IMG_0567_JPG.rf.1c418db36846f0f207ea3a8febe7306f.jpg,e205d0ab-a9e6-4e7b-a734-d50b0351249c,24974,4a27267cc2b6cbd6915e57c45da0580f3cb9371cea7617a59c3700c69c53e93f
IMG_0567_JPG.rf.7e36cb2abb414d833eb17bf5c015c33c.jpg,e205d0ab-a9e6-4e7b-a734-d50b0351249c,28245,67ad4ef93750d33a2a19160a70716131e3caa8503847979012c2f60331d22518
IMG_0567_JPG.rf.95e5c7ae37ff88baad81a8a46b4cfdf7.jpg,e205d0ab-a9e6-4e7b-a734-d50b0351249c,27681,7c43e731831994cd3763c53256b1df9706ce9b4a0bb5bd3f414ba2162b493354
IMG_0568_JPG.rf.98e8fa7b54d837460a415cee0a3d7aae.jpg,e205d0ab-a9e6-4e7b-a734-d50b0351249c,27600,985b925d79b229aa8d7bf9729e9010abd24917ad69d11ba41e0be347eb43d1b3
IMG_0568_JPG.rf.a2be1cd1be8622bafaa845256a69606f.jpg,e205d0ab-a9e6-4e7b-a734-d50b0351249c,25049,be55b21a724fdc88467bf3e878d1548bda0836b75ad9cd204f35772a25616005
IMG_0568_JPG.rf.a760f988e19771544999aa1d9e95cd88.jpg,e205d0ab-a9e6-4e7b-a734-d50b0351249c,27720,b83592b1b1e7e0f11d2ae256d964dd1b1b20736d8a0aa1609f80c665ba51af08
IMG_0576_JPG.rf.25c62ffde8d0660b42a3b153c8e33e3e.jpg,e205d0ab-a9e6-4e7b-a734-d50b0351249c,28261,d19f32606514287f1aa832a0befadb6862deb44b63f507eb0bc7671629a59d0d
IMG_0576_JPG.rf.6101a3669ecdb3d2a8a10915a1c90454.jpg,e205d0ab-a9e6-4e7b-a734-d50b0351249c,28651,ddb2c164b15e536f73bb23337dfad8a1e6f08ff0a22bed257b1fee76a731d911
IMG_0576_JPG.rf.e9e4a7a2e1f1e53c9ad7e99b5351219c.jpg,e205d0ab-a9e6-4e7b-a734-d50b0351249c,28103,fb8a454d865212108b1aa6d5aa583e1b4830fed465f94dd2eed6825f8628f531
IMG_0577_JPG.rf.8f4955468e2ee47f88e50443943f45df.jpg,e205d0ab-a9e6-4e7b-a734-d50b0351249c,27667,bb9f1c51d3fa675a9d8782704e38cbb9612c57e98e9aecfce5d6cc30f84e8607
IMG_0578_JPG.rf.8217e4f605314f33ad0e7059882d7eb0.jpg,e205d0ab-a9e6-4e7b-a734-d50b0351249c,27918,d6c1bcaccc1c5df697fefb8c9e442367bd29491d2e6af52176703e6d2905b013
IMG_0578_JPG.rf.9aabb320a14116444b8216b02f1a965f.jpg,e205d0ab-a9e6-4e7b-a734-d50b0351249c,27356,270aa63346374f374f7a207d2287fd94913278fb5a51fa1f4b2e7801241ab3ed
IMG_0578_JPG.rf.9c3d03e1ae3bf79beaae927c982d0101.jpg,e205d0ab-a9e6-4e7b-a734-d50b0351249c,24825,7eeb71b29531b7c7a61048997e74a2d1d1335f6288eb549b1b420609bac265d5
IMG_0579_JPG.rf.8aa0386581e9582694470814bcc9a6cc.jpg,e205d0ab-a9e6-4e7b-a734-d50b0351249c,27383,488354386c6eea2130f960bc00dfcbc9dd000876ef84bc1b7c9babfe2a232271
IMG_0580_JPG.rf.1366720960579853ffc3981a6deaa5ab.jpg,e205d0ab-a9e6-4e7b-a734-d50b0351249c,25579,aeac097b64a99023d192437b879bf430a0c9111b84f4d48ca9974e7364205773
IMG_0581_JPG.rf.303c1f0a2504708e64a37c20cf3e0d58.jpg,e205d0ab-a9e6-4e7b-a734-d50b0351249c,26535,f525aff3b5a6fc628e902dc5c5b117908bfd1b34f338b7dd6ce08ded729678af
IMG_0582_JPG.rf.6b3ad7eec6632cfc1cb05c25db382933.jpg,e205d0ab-a9e6-4e7b-a734-d50b0351249c,25017,3702a68edd0d21470d18a7268aff3c0ca79cfd67b0d89e6bd5d8394220e9cd1d
IMG_0582_JPG.rf.75d684c73e69933ffe563c5aaed0e6ff.jpg,e205d0ab-a9e6-4e7b-a734-d50b0351249c,23788,09b533dd64fd113005e009f94f9097f30ba098f793a39edf4735cfdee9be9825
IMG_0582_JPG.rf.97086ccd18af9eb757dc7a4d63ed7f75.jpg,e205d0ab-a9e6-4e7b-a734-d50b0351249c,24290,7a58a69248447361af562342495fd943638069f48659a79580c36d56b49e975c
IMG_0589_JPG.rf.db6205d2f4b2bbe5f0d835e04813b14f.jpg,e205d0ab-a9e6-4e7b-a734-d50b0351249c,26082,8b3d9c17562c10b3344216e8cb89de0c50fb40ff67fd132c3460f6aaa6cb172e
IMG_0589_JPG.rf.f321b6e96dbe81cdfcead8afcbfe6c6a.jpg,e205d0ab-a9e6-4e7b-a734-d50b0351249c,26342,46d627572e279b80faceb445bdce8ea0996d44ca37c5e897e01114ad19e83e60
IMG_0589_JPG.rf.fe4130f8a6b3b9ef39648361692afa14.jpg,e205d0ab-a9e6-4e7b-a734-d50b0351249c,26435,0fb650277637d61e5c6bcc09270e3ad0236e7c7bd75f83c4ab901040ecea0df3
IMG_0590_JPG.rf.28ac5343ac566a708a8b616757b13b2f.jpg,e205d0ab-a9e6-4e7b-a734-d50b0351249c,27281,e09a2955598b5d380115e579691233290b5e097db0b1c24241357f9795625f9f
IMG_0590_JPG.rf.937d1fe115a76504b28761c63922bb15.jpg,e205d0ab-a9e6-4e7b-a734-d50b0351249c,27094,039a926941fc7c789b73fcc53936db7353b19b7a9da33595a2a5b25ab8fd7d4c
IMG_0590_JPG.rf.cd327f4ede738a6f08110f6ddfa625b2.jpg,e205d0ab-a9e6-4e7b-a734-d50b0351249c,26996,af3f25a8848edd9a7ec1701e7cd67cc6bf784bd8263c97d95489e001650f3fa5
IMG_0591_JPG.rf.062fd0bd4d4854ab067db5f4c443860c.jpg,e205d0ab-a9e6-4e7b-a734-d50b0351249c,25040,ba55ae11accb65021aac5859a28410e5224659f391e27d3d04a7645d464b31f1
IMG_0591_JPG.rf.718f5d4ca63c76c759d986ec5170e2ab.jpg,e205d0ab-a9e6-4e7b-a734-d50b0351249c,24785,ca2dd0038397e3f0b90604fea9eaa3f4efbfc898558ce4b4b0b4cd2c7f6a0782
IMG_0592_JPG.rf.b6de10102c61e327e4ea4d13eedd81f9.jpg,e205d0ab-a9e6-4e7b-a734-d50b0351249c,28326,71bfcf1a0da6c6591de4e4322b18bf502383c531f853578e79a16be51abcd6a6
IMG_0592_JPG.rf.b6f1e7c70c6947ba6c4b3cb8c9ef62e9.jpg,e205d0ab-a9e6-4e7b-a734-d50b0351249c,27577,a75cb2a57750f54870bae9ed2170007d4858d4d307d6c278e0facfdd60f3fafc
IMG_0592_JPG.rf.bca4d76cd80a4207ea5b918f0c8e3b5a.jpg,e205d0ab-a9e6-4e7b-a734-d50b0351249c,28009,bd8d7ac333ee8faf23b1adc1b82170f0c44811ad9c8ef0919422144555af56b9
IMG_0649_JPG.rf.f856062c3507b0d0cbe228744645efc3.jpg,e205d0ab-a9e6-4e7b-a734-d50b0351249c,40783,8dc9615c74663536f350f58a60dc589f32fbfc449e9a9d12cc937ad4770d61fd
IMG_0650_JPG.rf.e216099e7ea65452d864ea1fc146fd9e.jpg,e205d0ab-a9e6-4e7b-a734-d50b0351249c,36676,3ac95bedca3dfbd640b17efdf346414d192bce64287c2a375c0d4fb24765ab82
IMG_0651_JPG.rf.00e2465c553aba1967f7d445a6855434.jpg,e205d0ab-a9e6-4e7b-a734-d50b0351249c,30312,099e5a746acae7cf558fe126f139a03e163c1a2949c81e1b1514d9b6bd482ae1
IMG_0651_JPG.rf.585f0d0ee55e0028c06db3ba12936dc5.jpg,e205d0ab-a9e6-4e7b-a734-d50b0351249c,30312,099e5a746acae7cf558fe126f139a03e163c1a2949c81e1b1514d9b6bd482ae1
IMG_0651_JPG.rf.acd1d9dc45c8c03c0136fc382ce99e26.jpg,e205d0ab-a9e6-4e7b-a734-d50b0351249c,36564,2df65212811e694948a4a0b20e5ca452e6217d1dc0d74c44a597fa10873f6edc
IMG_0652_JPG.rf.624b435fda90f8a6e42d0de13752ff96.jpg,e205d0ab-a9e6-4e7b-a734-d50b0351249c,29993,36e0f5ba96968d0d51a2116d6a33f21d27c5b82d1cbe20d9c6ae5780b6516a9a
IMG_0652_JPG.rf.9033125ff27e2ce33272977520014a0c.jpg,e205d0ab-a9e6-4e7b-a734-d50b0351249c,36220,e787ea0615fcdc5ff993d903ca276eb87c948375b436c5351d9ecd3bbb25a20d
IMG_0652_JPG.rf.e84fa27909aae097cad79a5bdee1a5cf.jpg,e205d0ab-a9e6-4e7b-a734-d50b0351249c,37107,0cbe83cc68211e9bf59720b346337ec9069f1e372641a0e3567d2f7e2147cd6c
IMG_0653_JPG.rf.2123dc0a2c0dfaae1dc5c0341a3e9b64.jpg,e205d0ab-a9e6-4e7b-a734-d50b0351249c,38385,bed4a64dcd195e5302964ea7150e11d3a15021b0d1e46caddac6ef9435ed43ae
IMG_0654_JPG.rf.672760c487f3a415c6b445e56667a893.jpg,e205d0ab-a9e6-4e7b-a734-d50b0351249c,43562,14c4c3d3d37b6f6bd699d57f79b7259f978df435eb8e11109a9019188739801f
IMG_0654_JPG.rf.b30eabb76b1aa4afd5f631682c4bbdcd.jpg,e205d0ab-a9e6-4e7b-a734-d50b0351249c,43553,e5f37d426915586dd130cedb68e9053585832f6baf77867e1d5204bcfe512e43
IMG_0654_JPG.rf.b63e4ca3cc5d6ccf3d127bba41f99c1f.jpg,e205d0ab-a9e6-4e7b-a734-d50b0351249c,44110,758f12001d13ed4455d8f64eab1bb8a34b956d46cec1b52288b224ebdf8757dd
IMG_0655_JPG.rf.a3c47bb437b00a2d27626fbf17665a9c.jpg,e205d0ab-a9e6-4e7b-a734-d50b0351249c,37859,bbce0af7a1e1e115cb0190509a52d82799f89bc27eb6f1479e02588f4948ea0c
IMG_0655_JPG.rf.ab64cc4be4cfa93d248021e2b74536ec.jpg,e205d0ab-a9e6-4e7b-a734-d50b0351249c,42956,f6f683642b677f89d81cbfce00a2acfb405baff4deb9502259b9771e48e6360b
IMG_0655_JPG.rf.ac66d1ad3310e0594d7df9ba4b3f7aa7.jpg,e205d0ab-a9e6-4e7b-a734-d50b0351249c,43684,c02065d4fd9ee2c9230fc93055c2f9bd4fc8b9a16325bfc7a62503ae6bb242c6
IMG_0656_JPG.rf.25115d83ce5238e0f824c6560803cdab.jpg,e205d0ab-a9e6-4e7b-a734-d50b0351249c,43202,36a9de096c54eeafdfc8c6db6d915ee376b3bcbd40ec217645af3c8eeaf67085
IMG_0656_JPG.rf.3d88bddd61295e486bcefdb3d2ca0484.jpg,e205d0ab-a9e6-4e7b-a734-d50b0351249c,42591,bfc9af48943a7d073671fe730a8e2e86eaa56d57a286d31638e6ceaa1bf97e07
IMG_0656_JPG.rf.b556e9d38150609a0b8a118f8f60bf6b.jpg,e205d0ab-a9e6-4e7b-a734-d50b0351249c,43202,36a9de096c54eeafdfc8c6db6d915ee376b3bcbd40ec217645af3c8eeaf67085
IMG_0696_JPG.rf.5f31d62a55e5b61b4db896a6d9941815.jpg,e205d0ab-a9e6-4e7b-a734-d50b0351249c,43743,bb6a619cd016de6724f2df35e30b50d6e68a245ea3dd12982858566118443c92
IMG_0696_JPG.rf.65a6fc2c3bb6892dd053ea9df3212019.jpg,e205d0ab-a9e6-4e7b-a734-d50b0351249c,43768,1beb7d929715ac62b479ca164785023aede08ed46d11b9b2f5f9a68dcb4466b0
IMG_0696_JPG.rf.d55ec134ea04558792f4dd95635780aa.jpg,e205d0ab-a9e6-4e7b-a734-d50b0351249c,38395,cc4e6782fd55f8345cecee682240bd6a2fd796c13a892c68d58c750b25e2a05e
IMG_0697_JPG.rf.ed27c6389b7869a33920db5c1b333ff9.jpg,e205d0ab-a9e6-4e7b-a734-d50b0351249c,45463,630dcf88d87123365f76c8a90c44aa26c8d68e832a42ab9d6f85491b3914bdc3
IMG_0698_JPG.rf.0f742d4069215718baa722d68422a967.jpg,e205d0ab-a9e6-4e7b-a734-d50b0351249c,43788,4428f38f7315a5b5c00674f91bc3f6493d63f39c2318a222d23fd3d0ed2acc1b
IMG_0698_JPG.rf.2701c7431a1bb39ef4de6c4c1873bf67.jpg,e205d0ab-a9e6-4e7b-a734-d50b0351249c,42920,b6d5e7339776a2a98c208c2a04f1e3d67682be160dbf63a4297c387ae91d8a3f
IMG_0698_JPG.rf.3780499509a69d3de84b7724f81731cd.jpg,e205d0ab-a9e6-4e7b-a734-d50b0351249c,42920,b6d5e7339776a2a98c208c2a04f1e3d67682be160dbf63a4297c387ae91d8a3f
IMG_0699_JPG.rf.3395172085e44b37ddd63071529cc795.jpg,e205d0ab-a9e6-4e7b-a734-d50b0351249c,48518,2b7236efede75177acd2735c2a190244864cb64cd0f68d04d000aadbf82e13e7
IMG_0699_JPG.rf.5a1cadb0b29bbec980ba8aec4549c47c.jpg,e205d0ab-a9e6-4e7b-a734-d50b0351249c,47020,dd3dea7b7f14ab7bf9f2be91f534493ca3f9b14405301dd6db140406dea5b54a
IMG_0699_JPG.rf.f0c0464e54ddca0d2e3f8a8248398576.jpg,e205d0ab-a9e6-4e7b-a734-d50b0351249c,47519,bdbe772df6203688c051c6a1233df495f3d8a5c9a88700ce021b6f9b0228d726
IMG_0700_JPG.rf.07dfc2feb6c83a7d6e100bf730ee3f96.jpg,e205d0ab-a9e6-4e7b-a734-d50b0351249c,42009,d76d2bdbd4bff056ca85a69f8443cadbc5e16b5c8ddb6cf1a44c7ec0398db7c0
IMG_0700_JPG.rf.2a378c69fbbacc991c4b485254d342df.jpg,e205d0ab-a9e6-4e7b-a734-d50b0351249c,37380,b210bf7324c13918eec7dd23ee145b060e8385247950d6b721f9b12bf37a4cb3
IMG_0700_JPG.rf.f7237555322cc840eedc79c182cccf13.jpg,e205d0ab-a9e6-4e7b-a734-d50b0351249c,42691,67e40003da84b780c61e27ff3aadc65217e1f1c25660c5456bc4eec970df2148
IMG_0701_JPG.rf.ce76239437b2b26de0d67d5d2fd6ea40.jpg,e205d0ab-a9e6-4e7b-a734-d50b0351249c,42882,879355a7c2ecb1b4418cdf3f015f810f2a908f8248b966d585abe1f62c34d655
IMG_0882_JPG.rf.63b0ec53b347103941c60dd138b64a64.jpg,e205d0ab-a9e6-4e7b-a734-d50b0351249c,32089,0a9045aabcd40536482c3c8d1a3d87fcfcb958e740ab0b66847be1fb113765a4
IMG_0883_JPG.rf.4fcc10149365bae15fcffd26edd2bc8a.jpg,e205d0ab-a9e6-4e7b-a734-d50b0351249c,31340,acb9daf1f6aa86bf065064a98d4db47122219530de5db03f9a240d4e7a4ecd95
IMG_0884_JPG.rf.02b0f1002df0c1e10a94d84a6145400b.jpg,e205d0ab-a9e6-4e7b-a734-d50b0351249c,32593,5554103d0e77ced506114ec5561e8634901ef9864a40110b1384520dc89b2ebe
IMG_0884_JPG.rf.1ee5b896167c47a5bcb32d10b468b8a5.jpg,e205d0ab-a9e6-4e7b-a734-d50b0351249c,33771,a5590beb52e540680c6b8c28b2760698f39c7075c463f2915b21e9a15372b824
IMG_0884_JPG.rf.9914c11e531373ac3b0f1f78bb14d2ea.jpg,e205d0ab-a9e6-4e7b-a734-d50b0351249c,32925,effbe743c2a381415b795948ea9ba334999a1d78f777647e4d93ab6fcab576a1
IMG_0885_JPG.rf.1a40cce3b390238c02613b2f3fe60def.jpg,e205d0ab-a9e6-4e7b-a734-d50b0351249c,32305,bd3f12d9d74f99e1eb59fe0af44387e155d1a368ea5017f90ba31b8e49b14637
IMG_0885_JPG.rf.458e828bf29aace3791bd7cda8036eaa.jpg,e205d0ab-a9e6-4e7b-a734-d50b0351249c,32347,b63c234bb22d19d416d1b8cf63106f8b2aabe58fc1046b86bdd157b1cdde1ef8
IMG_0885_JPG.rf.9cc1b129a89db6181c57aac87e61cf71.jpg,e205d0ab-a9e6-4e7b-a734-d50b0351249c,31956,fe0c42f579f714bce1173fd261064337cd2106d1a63485e3ad90cff59c56be49
IMG_0886_JPG.rf.13b087c7c483977277c5eaeda4b3b1b7.jpg,e205d0ab-a9e6-4e7b-a734-d50b0351249c,31129,66f51b5d6f7ff9375a00f938193c0d40bf079662df38ba22a62b4a274a6b2bc7
IMG_0886_JPG.rf.235e81ef02b45162855caf79367e050c.jpg,e205d0ab-a9e6-4e7b-a734-d50b0351249c,31610,4c6e3f79c83735183caa0aca4cdf4073784cb6d9969b88fab6148cd4030e5343
IMG_0886_JPG.rf.d2d7bf1859c41e60f7a66b73113b272d.jpg,e205d0ab-a9e6-4e7b-a734-d50b0351249c,31020,cf2ac7dbd37fd51b3436654401c2cd60f0045641ec7b39d6f78fd60bd38e0454
IMG_0887_JPG.rf.2ee519f0c89de93c78f22c53489365d0.jpg,e205d0ab-a9e6-4e7b-a734-d50b0351249c,33672,21674f718bd7c5ef0641369b43b644c1d28a8548a42270d82b8a6b936a415885
IMG_0887_JPG.rf.5f3b08de5e9313198218cc15aa7e74e7.jpg,e205d0ab-a9e6-4e7b-a734-d50b0351249c,32372,0d3fc95d04b885a2c7585aa2d93a33330b7b1ad22c2c8c95c47414c6fa698594
IMG_0887_JPG.rf.e0cd8ac2c263c30c95b249f54c180d9d.jpg,e205d0ab-a9e6-4e7b-a734-d50b0351249c,27960,24f075a2f97c9a02f9cbf4afd62be9139936895e79f3cbf2fead6d066d76c116
IMG_0888_JPG.rf.a7df2f184af092e431cf664afb79e447.jpg,e205d0ab-a9e6-4e7b-a734-d50b0351249c,32721,655daa00350fa6e3c5d6123fdea999243cbf0d2cd1de4618c41725edc5e2e2e5
IMG_0888_JPG.rf.f8afc85132cb1631bd0091933d0721fc.jpg,e205d0ab-a9e6-4e7b-a734-d50b0351249c,31285,18acae82223368b6dcaa3cade64ee4407cb7fcca3ed70a4f665c32f1343a9269
IMG_0888_JPG.rf.fe2c7e9ff50cbecacf9ac20d47d8fe65.jpg,e205d0ab-a9e6-4e7b-a734-d50b0351249c,32141,547b0e794c8637985885004c721da9fb2dba26feefc091710ddefb9926fc5acc
IMG_0997_JPG.rf.0a42d559759d32c155086347939521ac.jpg,e205d0ab-a9e6-4e7b-a734-d50b0351249c,33145,7bbac5747f9db4e890fc7fd537073c6dd5a9bcdb02087e3f10fb739555df746a
IMG_0997_JPG.rf.4fdb387441f1bc4a90707e86601ba0b2.jpg,e205d0ab-a9e6-4e7b-a734-d50b0351249c,37322,98d1389bd5390a39c26ab80f2f6f355571b9ca227e34fce08e1beda264614b46
IMG_0997_JPG.rf.6158418243a36df6b523e93ea324fc3b.jpg,e205d0ab-a9e6-4e7b-a734-d50b0351249c,37764,76f50f0e5d28cddacbd57dc2d20ba9a8d943d32a9e55497f9290d46a1233c7d3
IMG_0999_JPG.rf.f66aa15be885c8ebc6496dd94114bb0b.jpg,e205d0ab-a9e6-4e7b-a734-d50b0351249c,31697,5426e38295b86a8fe86681547ae53b10004b04804d36f168772120a83edd5c01
IMG_1000_JPG.rf.1d3685526d0601c6a175c5afb8d88b21.jpg,e205d0ab-a9e6-4e7b-a734-d50b0351249c,30595,5d66abe38734600e0138a41275bb75adf0063ef1c1d43b312d6c10fd3849311b
IMG_1000_JPG.rf.76d7fbf175f8b58039b78cdb20a8945f.jpg,e205d0ab-a9e6-4e7b-a734-d50b0351249c,31064,acc478c0f0f98b1679ad8a0ea54e594ed173844e382c6bfd3d3eedfc848fcb21
IMG_1000_JPG.rf.ce99dcd6a1ca2d18241463195ff7484a.jpg,e205d0ab-a9e6-4e7b-a734-d50b0351249c,31328,f4374dd722a4bff758d68dd265e2de08927dada74d4dee1ca66cef8d551d17a2
IMG_1003_JPG.rf.e76cc25293f9cfc49a5bf34325bc99bf.jpg,e205d0ab-a9e6-4e7b-a734-d50b0351249c,28422,f4fcdd0ddc6a5465ba0c522062189695916567f8d4ddb7da6cbc2a8d9ff6aeae
IMG_1005_JPG.rf.30b561189a16df0cf13a76b877f2eb28.jpg,e205d0ab-a9e6-4e7b-a734-d50b0351249c,28466,b033bcd45e5cae80d77590a2cee3cfc96743a1ec60fd9f1f22efc6d3dfee460d
IMG_1005_JPG.rf.b88fd389ec515cfc81619564907dc449.jpg,e205d0ab-a9e6-4e7b-a734-d50b0351249c,28194,a25cee001e4f590ceab3633cd7304bfef25c2567d2c5a60da68d18c77d3ae37a
IMG_1005_JPG.rf.c842bde7f2e5b2e832f529081d27d1c1.jpg,e205d0ab-a9e6-4e7b-a734-d50b0351249c,28403,acf55cd36edd206a39d06dbd4ed5cb7ce7d43871370e49ed6cad0521d3149b32
IMG_1010_JPG.rf.f7e96ee6ab8dac362cf69f15bbac8924.jpg,e205d0ab-a9e6-4e7b-a734-d50b0351249c,28365,c4cf389f6fae8d72bf09d31f5f80cd8ce5969e12e0311f12b01895da3c0c30c9
IMG_1011_JPG.rf.b24eb280ea8f937bab3798c08b822b44.jpg,e205d0ab-a9e6-4e7b-a734-d50b0351249c,27557,8b8fa05580826a9b6e71c33e07efcbdb82a632791227c98cb9891f50ba0bb180
IMG_1011_JPG.rf.bed8b6cc8f9ed2e77fcbb4e5c65ed231.jpg,e205d0ab-a9e6-4e7b-a734-d50b0351249c,28140,1aaa0a5fba470219a47855e03bf23a58665e1edcaa8279fa31af3735f35f672f
IMG_1011_JPG.rf.d7e22308b7e1e6ddaa5155f93f9458e7.jpg,e205d0ab-a9e6-4e7b-a734-d50b0351249c,28528,625787d39ec452a8de67a45255acc7371297143169edb057eff2578a5c873c2a
IMG_1012_JPG.rf.ac6eb00df4a98d3c914e140a57d070f7.jpg,e205d0ab-a9e6-4e7b-a734-d50b0351249c,28988,99efc609e495ee3983218eba9b58f2a81c6a7e688cf4067e2184387bd6e58374
IMG_1013_JPG.rf.2c7026ddcb7daa182e3578d39aa55717.jpg,e205d0ab-a9e6-4e7b-a734-d50b0351249c,44319,7ec5330b75f20471b9cda6db43bce029c911afa0a67eb4937c7e47f1072573af
IMG_1013_JPG.rf.c7879729168e7e28a763b5e16708d32f.jpg,e205d0ab-a9e6-4e7b-a734-d50b0351249c,37418,206366eff94bd933e6819204b6a18b3902b685ad29bfd84129e76cc456798350
IMG_1013_JPG.rf.fe3eb282c70ef7c8dbad4781a5454e17.jpg,e205d0ab-a9e6-4e7b-a734-d50b0351249c,45764,abe1f6a4fd4886f857273ddb6de7c7a5150a4ce0a9fc6dd2e91605277a0e4502
IMG_1014_JPG.rf.52f45d75be204420f92e96127c848ea3.jpg,e205d0ab-a9e6-4e7b-a734-d50b0351249c,45203,ce641f476fda5572574c2981dd74a8fb8d8e4bd55efad52fb3c21e2a99397b91
IMG_1014_JPG.rf.83af7c98ef5aa2e97af48a96c819b65c.jpg,e205d0ab-a9e6-4e7b-a734-d50b0351249c,45731,299a4c7bc163cd6068710faf767c50ab4ebec28c435856e9b9d1e42b34ee44c5
IMG_1014_JPG.rf.f18854bd137c006cea4d91a8db97e138.jpg,e205d0ab-a9e6-4e7b-a734-d50b0351249c,46313,efaa130a694fe75f7aecbd08b814dca466c7ee2633b65361f3a83fff3cec70af
IMG_1015_JPG.rf.442aa8f2e900b9f1378fe446095093bc.jpg,e205d0ab-a9e6-4e7b-a734-d50b0351249c,45016,1bcd13750364950972c8aad90b3dd32b84c0273dfdd4ce8ba048471f7196548c
IMG_1015_JPG.rf.771e7a228b2cd17e08e17e8e48b28f7c.jpg,e205d0ab-a9e6-4e7b-a734-d50b0351249c,46992,9f78da596ca5cc9f43ec2de08f7593b07fa360647544280c7ab1f0d9ee1bfa04
IMG_1015_JPG.rf.f5f7c7483fcee2bf2803f8043d00c783.jpg,e205d0ab-a9e6-4e7b-a734-d50b0351249c,45740,679f18dc25c9ada7e9efb51f0aeffadddc4092fe87d39a1761de1f1123b63417
IMG_1016_JPG.rf.0e51087eb980e78a90cc7b10c88a59c3.jpg,e205d0ab-a9e6-4e7b-a734-d50b0351249c,44861,7ee7c87c47533e2b328ab4ef69d39bb131082000b48b790a6344c4cfa50984eb
IMG_1016_JPG.rf.1aeb57f9c24a60c82f8022003ebc349e.jpg,e205d0ab-a9e6-4e7b-a734-d50b0351249c,45407,a84973b6f6058d9aff432844b0bb1cc77a1d639cd01a16030cdb551fc79cc67b
IMG_1016_JPG.rf.25cf8b7391c4ebbf0c39a51372ff666c.jpg,e205d0ab-a9e6-4e7b-a734-d50b0351249c,45675,b5761041f97fcec20903ece14933b35267d8093a0a7bba38f572a64fa80aacc2
IMG_1017_JPG.rf.10786ec719941fb24930b452b42bdf32.jpg,e205d0ab-a9e6-4e7b-a734-d50b0351249c,32571,fdedd011ef1987704a18c4a9b84397edc7905ddf71d2eb0393fc6ddc44909b40
IMG_1017_JPG.rf.ef7dad02b2a60f412e567f77c91b1a09.jpg,e205d0ab-a9e6-4e7b-a734-d50b0351249c,38333,bae7e1c2070e0620f2c31ee5f5d17ef33b7f6ee16518588dff6f22541640d06d
IMG_1017_JPG.rf.f4c588d8acf36d4fc7301b4cc2852b66.jpg,e205d0ab-a9e6-4e7b-a734-d50b0351249c,39063,ca0665655cfe2d29300845e115e521da2943c0c1e39b3a557a11fd5d0d13bf5a
IMG_1018_JPG.rf.76d52d453d10f7fe0e72726cbb7f7a18.jpg,e205d0ab-a9e6-4e7b-a734-d50b0351249c,44201,7f36e8e157ffd771684a3773c18d064b491eccdbfb0bf7ddb87874f9f01ff84d
IMG_1018_JPG.rf.9b3004cff7a4899e5415447ac0c82b7b.jpg,e205d0ab-a9e6-4e7b-a734-d50b0351249c,46020,395a1cdddb4f1d50d74860ce73e3781e5968f8106623be67cb8704ac4fb38516
IMG_1018_JPG.rf.be0bfe172d23f1b1d9b16b8e61b88752.jpg,e205d0ab-a9e6-4e7b-a734-d50b0351249c,44942,44a4f3557f58454e96a7be557d11dbdbdf3f39dcc400496c90cdc457f9d88897
IMG_1019_JPG.rf.33bdd7250c97e89b09bb32b14dea2065.jpg,e205d0ab-a9e6-4e7b-a734-d50b0351249c,28009,45760c1f1d398d770104da40c0c2330a661eea66a1d54179c9541604e28fece1
IMG_1019_JPG.rf.3a1a0d01709b457c09627782e7a45f27.jpg,e205d0ab-a9e6-4e7b-a734-d50b0351249c,32083,d5320e0ea58f8b2b12adad70878ddf82d2193190f5d7da99c83036eaa1c2ca8e
IMG_1019_JPG.rf.98f09321749a351779b23c3927749f2b.jpg,e205d0ab-a9e6-4e7b-a734-d50b0351249c,31553,eaab5058902593de0732131e34b0f8b5f068be20c8a78e9eeaf999af1194958d
IMG_1020_JPG.rf.7dea6babdfced0e75eb440d8791a5015.jpg,e205d0ab-a9e6-4e7b-a734-d50b0351249c,33491,7a3d1894e3ee168c96a46259f5d7f7c75c5a9ac61de7f8102329a7e66a06aa35
IMG_1020_JPG.rf.8bb0946a14c57c4ab7e20c33b8aa509b.jpg,e205d0ab-a9e6-4e7b-a734-d50b0351249c,33259,b5905e9c561beb577a08076bd6fff22afc757404758a3a5706db17cf64680a77
IMG_1020_JPG.rf.fb84f7c9929e4c56c25f3afab74ac522.jpg,e205d0ab-a9e6-4e7b-a734-d50b0351249c,33838,aa707b6e8d595858a6b32af2ba463507d9aa2a5be1fdc21c81c2f76d65eb2b44
IMG_1021_JPG.rf.431d91e272f97a692f8f4247b6946cc9.jpg,e205d0ab-a9e6-4e7b-a734-d50b0351249c,32287,e93c1fd60e66c92814f65bc45d06477349e9f14633820afacc303f9cba15c399
IMG_1021_JPG.rf.50161b52fd8baa4c28c7c12f9e3a0bbf.jpg,e205d0ab-a9e6-4e7b-a734-d50b0351249c,33027,7d27040a93b82d107e3c2746e0d19ec9a4bfcec943757a4312502b6d383e9a23
IMG_1021_JPG.rf.784222c0782b3ca98029701572e7a2ea.jpg,e205d0ab-a9e6-4e7b-a734-d50b0351249c,28790,c0b244980bb20b3bc8f373e94eeba5851787e91ff4db93bfa6b962c872fa2544
IMG_1022_JPG.rf.7a4e5aee932e2868c1585b4ce65cbefc.jpg,e205d0ab-a9e6-4e7b-a734-d50b0351249c,32089,54fa853faaac21351664e5a3e34ae3c22aad411ce7bafcea2e00c59b08d74979
IMG_1022_JPG.rf.a9da7dccb4f20bd9fb97d2bedc3c93af.jpg,e205d0ab-a9e6-4e7b-a734-d50b0351249c,32793,0c0fbb58fcef8e76c9c78d564d827e4419fc855bd4f0384c8f7b729c6577a63a
IMG_1022_JPG.rf.fa52c1313904ef5a16e01b7b7351a8e2.jpg,e205d0ab-a9e6-4e7b-a734-d50b0351249c,32901,5f520b48f8e9ff61d734d30467e9f13e5840e10889bee5a179bdc86e48c69435
IMG_1023_JPG.rf.6b85b647b5fc7f392b8b304c4c0f3422.jpg,e205d0ab-a9e6-4e7b-a734-d50b0351249c,34253,f5969a57f7babc914e76fa2a96dfac508d32c0414c5b8ee05dc16e3e4cc04303
IMG_1024_JPG.rf.295426d90f7b3219c208e1dd43d09784.jpg,e205d0ab-a9e6-4e7b-a734-d50b0351249c,31876,6b954f3ab76213cf3813683819e984cf3885baf0926c2b8c75dbe13254b2c5c1
IMG_1024_JPG.rf.e4a1f4f9e85c6b64c4ed51762138c515.jpg,e205d0ab-a9e6-4e7b-a734-d50b0351249c,31545,1586aa82ef636ebfa412056c5e02f54080a10de6f0a3404b3495a7e25e0fc789
IMG_1024_JPG.rf.ebe88ef4512d42d1eabe0e13e20c6b1b.jpg,e205d0ab-a9e6-4e7b-a734-d50b0351249c,32139,52f285c8179a91a70545ffecec5b0a1b27eb800d35b5b8b4916ce1e765857c3c
IMG_1025_JPG.rf.2e75448ce7ae357c75af1a162a0774ca.jpg,e205d0ab-a9e6-4e7b-a734-d50b0351249c,33550,34412c8330db58ada6b51d235d8add1c52b967e030c44a6365d662f3583d1742
IMG_1026_JPG.rf.9ecebc0834f5a1fd71568f384c2659b9.jpg,e205d0ab-a9e6-4e7b-a734-d50b0351249c,31790,2c248b9cdf4298bf8b9ed9c230ee6b1c2438361406ec9eadc26fc3fa42ede941
IMG_1028_JPG.rf.65197d9baaae22052980a40792b05290.jpg,e205d0ab-a9e6-4e7b-a734-d50b0351249c,37070,c610b68f806dc60294910de6558052f777f070d4b401aaf6c05c465f19c71a77
IMG_1028_JPG.rf.a191ec0484fb80098bc24b440c9337f7.jpg,e205d0ab-a9e6-4e7b-a734-d50b0351249c,36703,b54e213c64a2275d4e7d32787c330b13a3402b5ccf0fedc99da9390aa293f7f1
IMG_1028_JPG.rf.ec015abe7de683dedba1099b8f160332.jpg,e205d0ab-a9e6-4e7b-a734-d50b0351249c,37327,68b6e0bd3e22d1b326057439a0a540ba0bb839bf6628b86b7f573a154c4c8940
IMG_1029_JPG.rf.1ea43855f76dd584076b2ed4b299bbc8.jpg,e205d0ab-a9e6-4e7b-a734-d50b0351249c,32681,25183a0eeb4181e48cb1a433c081520a4ee5a7f3bb77f767929ccea14da5863f
IMG_1029_JPG.rf.37f6361b250e42cbfc78c61ffe68a4f9.jpg,e205d0ab-a9e6-4e7b-a734-d50b0351249c,31913,fd8c69dac3f2dd1f4fa3c73da46fdc89440991de087fdf80af5a520be0c13bf5
IMG_1029_JPG.rf.8892b96b64e700bf41d5c01c7797694d.jpg,e205d0ab-a9e6-4e7b-a734-d50b0351249c,31709,6b372bc4d81137b5c13c5340c8e40a145962fc347dc8067fc95b0968e46a2bf3
IMG_1035_JPG.rf.1d4db2dde625992c3927fd35ce51763d.jpg,e205d0ab-a9e6-4e7b-a734-d50b0351249c,33666,d2c0992e90f51eeab32a151a775688c33dd106376aef7361d1b647dbe2ff52a7
IMG_1035_JPG.rf.ce14a504ba7e94fcf479ccf7e4e964b8.jpg,e205d0ab-a9e6-4e7b-a734-d50b0351249c,31876,6d4860c3aec7fde8c7f8890f7795eddebb78626541e8ce8fe3f618f854e5a2bd
IMG_1035_JPG.rf.d9cda30b06318079b8410f5a6ee80ca6.jpg,e205d0ab-a9e6-4e7b-a734-d50b0351249c,32715,94fea41189c189ddbf428f19cd9a252825db66be506cf99a5ad400c08bafc9e7
IMG_1036_JPG.rf.6c70ae4fd8a1cd05a46de1fd08b9cd4a.jpg,e205d0ab-a9e6-4e7b-a734-d50b0351249c,29781,dd9b644a30c7099b87b259bc68a9b9dc3972a406263abba5dd5d3bbea5d9b23f
IMG_1036_JPG.rf.b001332266f00ceb3c9c3bf61aeee05c.jpg,e205d0ab-a9e6-4e7b-a734-d50b0351249c,30750,c69f16948c6e2c63e4bf515f4858be64047c146297c0434017bbbfb3e9a04415
IMG_1036_JPG.rf.d7a73012e4b06a32c89e5f9c6b65ac0b.jpg,e205d0ab-a9e6-4e7b-a734-d50b0351249c,31181,b8a8a95ab8d08172e14b05bfdc146fab61a7240ba1160a3bf2444ec9c699d841
IMG_1037_JPG.rf.6a154715b7d4c7a176f5ab7a4b638e5a.jpg,e205d0ab-a9e6-4e7b-a734-d50b0351249c,28173,926e0cebe28ab5dabf1aefc2045baa78a00b0653ad1225e0dfa3ec703832dd34
IMG_1037_JPG.rf.7701713884bc87d429baaa508e529c36.jpg,e205d0ab-a9e6-4e7b-a734-d50b0351249c,28417,864d1610e2b4ed8168b38b728d4c6c30f8f5ee31cd5f1adb64b01b1b8cd8cf22
IMG_1037_JPG.rf.bc77c20abb006cb9292371031b284e8b.jpg,e205d0ab-a9e6-4e7b-a734-d50b0351249c,23978,053af33ba7572733bcb8caa0f983473629a8511db9ccc94c048c12e3db8b3d72
IMG_1038_JPG.rf.6fc18d53faa7a4688cfe20fdac4f5b8b.jpg,e205d0ab-a9e6-4e7b-a734-d50b0351249c,23958,a018763c2142ff405b835e42cab54ec35747528be5fabbfb43521ac7a1eb2101
IMG_1038_JPG.rf.a0d1aaa88fa91d3352103fcd38b8d34c.jpg,e205d0ab-a9e6-4e7b-a734-d50b0351249c,27625,aad97cc11b7f65e84be60a24e9e731f6b47ae5a4a26632eb1e459a2c8c1a0727
IMG_1038_JPG.rf.adc255a6e3639e5bd5be1a56120dc2ce.jpg,e205d0ab-a9e6-4e7b-a734-d50b0351249c,28116,fe64e22d427e97048d5761d830d8f1cbb44f00760ab9467f1cded67f07dda8bd
IMG_1039_JPG.rf.26330ec94328e38930e6efdffe8f56b0.jpg,e205d0ab-a9e6-4e7b-a734-d50b0351249c,28603,32cdca0d926678bc868a292e10591bea9a732614e91bdb17ccc62071807a60dd
IMG_1040_JPG.rf.02a0bfc19f79c9050a323e7a413fe847.jpg,e205d0ab-a9e6-4e7b-a734-d50b0351249c,29341,ab56ef2627af04719e1255b56bcfc2767e3ce445ebe7be3ba5395b560cb23e03
IMG_1040_JPG.rf.17bf72a9e352224492e2d1ce34af00ac.jpg,e205d0ab-a9e6-4e7b-a734-d50b0351249c,28723,b2a79af3ecfaa59a88272c2c7e521181b00f0b3eb2249984e847097ebf42b2b2
IMG_1040_JPG.rf.f2d5684abd7c99c086438c38c136776f.jpg,e205d0ab-a9e6-4e7b-a734-d50b0351249c,28433,81d37dd91f27d4b9e23a403501d484ccd89d2aafb3a7e508788c0237b181c9d8
IMG_1041_JPG.rf.20c6d093813caa924146a9e61511a184.jpg,e205d0ab-a9e6-4e7b-a734-d50b0351249c,27602,fd3867e0c259a1ecae4a47740d646f660ea54b8370cf07aeb24759429e4a486b
IMG_1041_JPG.rf.e161b886b8f599b3172de3df072b4cdd.jpg,e205d0ab-a9e6-4e7b-a734-d50b0351249c,27742,e8eb29d9d842598c271a1cbf6425d57471bf4c7d560d2e04586faf4795dbffc0
IMG_1041_JPG.rf.e54f5f9edf7d1246c82e9e2f3b51e350.jpg,e205d0ab-a9e6-4e7b-a734-d50b0351249c,23448,23ae74a0855ac84961268b4da15ce735087357e11d2cd5a2e2660747ef5b5dc8
IMG_1042_JPG.rf.1e792bf8218ac43d91b0165fcd03c1f2.jpg,e205d0ab-a9e6-4e7b-a734-d50b0351249c,27491,89d67cf6ffc36f3cc47658701385326585e679f11933f6dc9b4e40e5c7790bfa
IMG_1042_JPG.rf.3f313139d923610cb8453ea2ba6996b5.jpg,e205d0ab-a9e6-4e7b-a734-d50b0351249c,27491,89d67cf6ffc36f3cc47658701385326585e679f11933f6dc9b4e40e5c7790bfa
IMG_1042_JPG.rf.bd79f88ccfbc5a9208f80ce69e7d06af.jpg,e205d0ab-a9e6-4e7b-a734-d50b0351249c,23389,48ac05d6c4675b644434aec09e85eceefe20cb2764830df5adcd612d466d449e
IMG_1043_JPG.rf.02e71b383213c7957030286d89369ee0.jpg,e205d0ab-a9e6-4e7b-a734-d50b0351249c,35763,b193495c45ae5a9ccfde99af94ec8744723e84e313334762d9fce866396f9d17
IMG_1043_JPG.rf.3c378e5d169b78a858d370d1f7435358.jpg,e205d0ab-a9e6-4e7b-a734-d50b0351249c,36295,1fc3c478d96181790090357eb6dcef2c99a7bbdb23d41afa9b372d32912cc4ce
IMG_1043_JPG.rf.ed34e4d28ec2c2cde02e3d080a5cbcc2.jpg,e205d0ab-a9e6-4e7b-a734-d50b0351249c,34719,67d4b8053136f10d15134711f64d83037795ab1cf15130125067e04934d3c289
IMG_1044_JPG.rf.e5a1ecd89fb5a581574f9372769834b6.jpg,e205d0ab-a9e6-4e7b-a734-d50b0351249c,37345,0c54f24bb7d08cbbec1decb66e354dfc5811a73b2a0f44f98984435a76ff0417
IMG_1045_JPG.rf.33b8f318b842313c0628ec8088ca5bc1.jpg,e205d0ab-a9e6-4e7b-a734-d50b0351249c,37301,002b5c5056930d9dc3f416836a8fd0343accc11914f2daf3a78ae7b726f861e9
IMG_1046_JPG.rf.19e5ed4a611cbed9d4de428f67e3f17f.jpg,e205d0ab-a9e6-4e7b-a734-d50b0351249c,37369,bee62a9d71ea213425f7d36d4080465a5c51aaa32bafb7e2ddc143853c0e7597
IMG_1047_JPG.rf.0d1a2c059241746ef31eb567a7d5f90b.jpg,e205d0ab-a9e6-4e7b-a734-d50b0351249c,35424,947a2647290acad973acb0e6786efa2f3dcb5675eacc8f9d80b156bdfad3d454
IMG_1047_JPG.rf.187ff6e9eff56f27644a0c4b37a0fc3e.jpg,e205d0ab-a9e6-4e7b-a734-d50b0351249c,35278,bda367336def2b1b6954dfe5510a9dfe5af1a4c909616992b8207833777f6e61
IMG_1047_JPG.rf.1d8bbf504cedfaa474dbafb406c8b427.jpg,e205d0ab-a9e6-4e7b-a734-d50b0351249c,34242,ad1ecf003f101e4fec11e4ffbbdc5fcedcd0471b07b2cddde560fa7d8bd8f9f3
IMG_1051_JPG.rf.102855683e83a3c0007a0bf7b092a200.jpg,e205d0ab-a9e6-4e7b-a734-d50b0351249c,30299,40c481ba3e895149c0dca40ecc4b3a9de272dc612bf0b19bff6e10b6fc7c5f79
IMG_1051_JPG.rf.b7eccf3fb9cb45a4ba170b34648f2869.jpg,e205d0ab-a9e6-4e7b-a734-d50b0351249c,30782,28aaced61160dac67a9b0a3fbc360701c59c0cd6f5a47e5eb0dbae8836a018f0
IMG_1051_JPG.rf.cfbec8fbdd22aa79605bfae78725f544.jpg,e205d0ab-a9e6-4e7b-a734-d50b0351249c,29923,af643e066e6b8827b09190d0c6161835e9b3ab00ab007af46dc4fc178dfcf4db
IMG_1052_JPG.rf.349e55b776e1d45c3223bdd4a87a5fdf.jpg,e205d0ab-a9e6-4e7b-a734-d50b0351249c,32857,ea45c098c32f362c0267deafc8699692c3529bb40d32951c0c84ed57fd32fd46
IMG_1058_JPG.rf.6592d8de206963a783aef860868d9716.jpg,e205d0ab-a9e6-4e7b-a734-d50b0351249c,34611,56799933bc9480c327465497e5b918f4502f0e1c647a86523e1a7918f9bb3592
IMG_1058_JPG.rf.a61a25cadb8eb214075f1a12c6d9095b.jpg,e205d0ab-a9e6-4e7b-a734-d50b0351249c,33669,f7d440a08670560ec351746e137acf51d92fe6efdb7b44b740892fd79be1229c
IMG_1058_JPG.rf.b0a9ed069d09cb21bc15af9a2b76dc15.jpg,e205d0ab-a9e6-4e7b-a734-d50b0351249c,29149,6cb3fa17f4f0731b7164e235b97823ef175a93eec2f556ebb494be25bdf5e6f1
IMG_1062_JPG.rf.38cfd51d98aa4e6baaf342f5913fa8ff.jpg,e205d0ab-a9e6-4e7b-a734-d50b0351249c,31391,d4b198b838a4b53884a92f4d45bde620de446ee5af851b66321f634716562e21
IMG_1062_JPG.rf.afabc0111fa10852de182634b2f41847.jpg,e205d0ab-a9e6-4e7b-a734-d50b0351249c,31586,52b7237ea467932885a7c1fca32749fbb5f58036d826935941f057b6ee52091d
IMG_1062_JPG.rf.f6bdba0d9eaca4901ae36913a74c4662.jpg,e205d0ab-a9e6-4e7b-a734-d50b0351249c,31997,71fd12e9a56155d3e3d8e7df5c16ce6ef414433bbbb1f0459d9177b972dc70ea
IMG_1063_JPG.rf.48a71b06633d68cb9e93a939e92984a4.jpg,e205d0ab-a9e6-4e7b-a734-d50b0351249c,32454,bd672215daeed91e4f315987cb99f50380622ba55b6b2f47725b8286093b7f7b
IMG_1063_JPG.rf.8a368ce9a841dd19ee5b7a6ac1852dd1.jpg,e205d0ab-a9e6-4e7b-a734-d50b0351249c,32088,743a234ce1d4af96dd474cd844c4d9c88f668b13fb64bca66e4576775e739fdf
IMG_1063_JPG.rf.fcc1a2544b8154c4a3a0a3051dcf0ad1.jpg,e205d0ab-a9e6-4e7b-a734-d50b0351249c,33447,2219e4e565670dbcf6201e2b38de9c7ff0ea3a2403ed6f19538adea846110827
IMG_1064_JPG.rf.3ceef968846ac6d6279128a7c33f2aba.jpg,e205d0ab-a9e6-4e7b-a734-d50b0351249c,32258,a7ac6b69aecaad9fea0d925fc55dd0f5f6569ddba3ee6532fc3f68adcc42fe5b
IMG_1065_JPG.rf.44ed3013d52dd4c2d90bb0e804dd6ec5.jpg,e205d0ab-a9e6-4e7b-a734-d50b0351249c,33430,2089f498af38579c4ec7393ed617e926f73ac5a2b763adc14a7bf1b2a0d5c296
IMG_1065_JPG.rf.afaacc16f0bafd376db73fe7a2c451e2.jpg,e205d0ab-a9e6-4e7b-a734-d50b0351249c,32936,701ae7d2a4103792f59241de82b0896e102d588eb3dac444682b515acfc0831b
IMG_1065_JPG.rf.d22549552625a4f036b31f515ede8652.jpg,e205d0ab-a9e6-4e7b-a734-d50b0351249c,32781,1545615e481a2acc31cc36527f899e134844df3fa2b6cce2c485cfef3dacc253
IMG_1068_JPG.rf.5bad031d5aebc6042660f4de7e88786b.jpg,e205d0ab-a9e6-4e7b-a734-d50b0351249c,35826,1436fd1921f48507c549dbf30225869a6a3a265c82fbded19e47cceba396c8a9
IMG_1068_JPG.rf.a90f579af002ce12a20466b1183ff0d5.jpg,e205d0ab-a9e6-4e7b-a734-d50b0351249c,35004,86c917d20ed3111f33504c7f11b5c7681ce0a6eea00029ca39dcb900df09cb19
IMG_1068_JPG.rf.d9bae531d2eb595e0e0f173d250b1038.jpg,e205d0ab-a9e6-4e7b-a734-d50b0351249c,30942,734ce4fa3f8fb0711e166df00268ac3085226b4d5ab4432b52bfd8f8b902dd0d
IMG_1069_JPG.rf.3f6a5e23756a4d9be7d515b28bbe24f6.jpg,e205d0ab-a9e6-4e7b-a734-d50b0351249c,36227,fdd579b90a3efb24acfb8e67cafe2bc2beda20372b7f996eccf017ee0984336e
IMG_1072_JPG.rf.9e3ea1c8934854811d2480958b2667f6.jpg,e205d0ab-a9e6-4e7b-a734-d50b0351249c,37172,188fdd26d89f1cd7d52f679a1a36b3ba64f89b2d34adb707cd328ed7d8f07a6b
IMG_1073_JPG.rf.07e411d19ce613073655013cb3d88466.jpg,e205d0ab-a9e6-4e7b-a734-d50b0351249c,32715,134feacb68cca55b607b027df92f4c6931782944dfc76db40587003902a2abd1
IMG_1073_JPG.rf.113765264568d0ac65b8fb4d5752bcf0.jpg,e205d0ab-a9e6-4e7b-a734-d50b0351249c,37296,392b813fbe8fa5744ce282320f089d8696e9cd377dc771380e7c8549a38ff328
IMG_1073_JPG.rf.deb1ad489e1a0872a3d08f83d587b409.jpg,e205d0ab-a9e6-4e7b-a734-d50b0351249c,37771,0d56a5884080a2f5f880d96d16d011ac89bab06f51ce4460eef0bc3c37b2ef46
IMG_1074_JPG.rf.3ab4e85536703332ab80a0c8fbfb76e2.jpg,e205d0ab-a9e6-4e7b-a734-d50b0351249c,37450,39f52277d8a2abc606b59cf3c5ba938d3d37eec11c8e02a4fabaf3ce40ebb9cd
IMG_1074_JPG.rf.92a409bb64ff5db6f0197364b2f1b007.jpg,e205d0ab-a9e6-4e7b-a734-d50b0351249c,35634,911d31fee59ebe1908479f8a3c141c53a514a9b25a6b827d48673166441bec2d
IMG_1074_JPG.rf.9342977fdf0782f0d4f796b6184c31dc.jpg,e205d0ab-a9e6-4e7b-a734-d50b0351249c,36342,2e09482a4ea5d327583e100f230a455011684be6510d90b75239415eb2c7367b
IMG_1078_JPG.rf.44758ffd9a2b09763b4ebdf188531235.jpg,e205d0ab-a9e6-4e7b-a734-d50b0351249c,31547,65413282a94f5a5875de1ef5424fb72c6a3a9ba105a67da7332a0f5026a37ef2
IMG_1078_JPG.rf.8a3cabb74d6ea0c757d750ab658ec190.jpg,e205d0ab-a9e6-4e7b-a734-d50b0351249c,33327,63698014d6ec89b655f462986df46bef79a44260d54e07d955d4c78ffdcf0b0d
IMG_1078_JPG.rf.bfa967e17971cf262b845c8bc26f7d8f.jpg,e205d0ab-a9e6-4e7b-a734-d50b0351249c,32467,6db25c9be0b7da8fb7a35c8419365ba26056b825a3cb1e72e233d9d892837825
IMG_1079_JPG.rf.8b26621699e266f61019f639e192e21e.jpg,e205d0ab-a9e6-4e7b-a734-d50b0351249c,32640,5f416977ce6a736d5322d2e67c3a6eb0f824a5ef73c7d9ec84d4f93faceb4641
IMG_1079_JPG.rf.b2d59672358d3f3d72550daf64e146f7.jpg,e205d0ab-a9e6-4e7b-a734-d50b0351249c,32315,5b33a4737ac27258b3eab7da26e4ec78e92a49e5fbab26e49532d1fcb2b9aaff
IMG_1079_JPG.rf.f1aab696856e64d92f9118548ce53511.jpg,e205d0ab-a9e6-4e7b-a734-d50b0351249c,28139,ed79a82c518e6d599196f27c21067726cd4c460f73ef8e1bb561e42889446019
IMG_1080_JPG.rf.52ad182190e011989880893ac9710f11.jpg,e205d0ab-a9e6-4e7b-a734-d50b0351249c,32397,837057bd6072a519aa9dc2598bc5aef878483d09a288be63c3e262787bab3c6a
IMG_1080_JPG.rf.90ba2b8f335b289a11f9658334959fd8.jpg,e205d0ab-a9e6-4e7b-a734-d50b0351249c,31969,fb63e1a98784015c5f798c85c176d63ceb829d0ba0bdb6b312c40cf4faa9b24b
IMG_1080_JPG.rf.d03ed71bf648d4939a5139ad1b2c9e1f.jpg,e205d0ab-a9e6-4e7b-a734-d50b0351249c,31857,e6e4cce0df552f87509997c91893fea75c715023fa3ab15e838713f4fac1cf7c
IMG_1081_JPG.rf.af69c94dbae34f5bbbd988022910241a.jpg,e205d0ab-a9e6-4e7b-a734-d50b0351249c,32722,ae1a9c1cb8d907893f0b1215e8eb40e9e45415d9019814ad72509588a6cb54dd
IMG_1082_JPG.rf.7075b6aa7cb71a373bf3ccf6a8e9c765.jpg,e205d0ab-a9e6-4e7b-a734-d50b0351249c,32537,ab8bb845b6d11dee6e701a37eae94c1deffb81fb5e5bdf6e73b12deb0c86788b
IMG_1082_JPG.rf.775c2305a2c1d1e59d8d18813a38a8b2.jpg,e205d0ab-a9e6-4e7b-a734-d50b0351249c,28770,46007f01192ed72adaad50e723cf7c98fa34f7e1a95ee1489f6e44673aeb9cfe
IMG_1082_JPG.rf.f49901d71dd1632aa995012aa2b6bf07.jpg,e205d0ab-a9e6-4e7b-a734-d50b0351249c,32583,61763909dd3b5aabf048ec3b074068911315a81e74032d364ee010138379c7b4
IMG_1083_JPG.rf.afe20c18ebaff9464552d58faf5c0b8f.jpg,e205d0ab-a9e6-4e7b-a734-d50b0351249c,34915,ec20c5d742c89fb5aa92e4292bbb8433a36616fa3a5aa44db3f356ad9b02cb9c
IMG_1083_JPG.rf.e1a18273dc24aec0e3ae2c3eea7d4b74.jpg,e205d0ab-a9e6-4e7b-a734-d50b0351249c,34333,3fef850eee88f91ebece914fb2b3d7c4bda5d62e5a41d7f9ffbcefcdf1e53379
IMG_1083_JPG.rf.e9ce32662e253366dd5913a3e2c33875.jpg,e205d0ab-a9e6-4e7b-a734-d50b0351249c,33867,2006f3cdf02dc683ab3ce9a5704e8c02f3f159aa83648653b05461f2b0e7ee7f
IMG_1084_JPG.rf.a878dca29965485b04f79c3371d8df00.jpg,e205d0ab-a9e6-4e7b-a734-d50b0351249c,32757,7f787bf397dca787fd9c7cd3989da9c746fef360ed0c4aa35eb2112149645a8f
IMG_1084_JPG.rf.d720cc51cd82d576a51d800534fc4f98.jpg,e205d0ab-a9e6-4e7b-a734-d50b0351249c,33830,e55b9a2903572a8afc6e9e70c4915253ac65099ce78f703538404dbb645ecb12
IMG_1084_JPG.rf.fd4e326352114c16ecc95ae9cb94364d.jpg,e205d0ab-a9e6-4e7b-a734-d50b0351249c,32068,1235be9875639268201725b729b918047bf8313da9e8de2839176743e70d449b
IMG_1085_JPG.rf.8c9103d3a23cfd53a03588c0af1b43ae.jpg,e205d0ab-a9e6-4e7b-a734-d50b0351249c,34762,3ead70a31e208c0320dc803bf395fe6aa2911e4efad6f1389460c03965c8ed60
IMG_1085_JPG.rf.b191ef6577f8654680b67659d4ff2765.jpg,e205d0ab-a9e6-4e7b-a734-d50b0351249c,34586,7342a25db9b1de5cd487bc64d68aa73e9ebad88b64df2913a3831439aad18a88
IMG_1085_JPG.rf.ec8b976c904ed4ccea4f8bbe521b46d9.jpg,e205d0ab-a9e6-4e7b-a734-d50b0351249c,33861,e48cccfdc54a0fad43cd8ce2c9dcb9a17123cd6a40ac2ad26cd1b490587d79ac
IMG_1089_JPG.rf.eb1bcad99f08a22983f25e67d3070089.jpg,e205d0ab-a9e6-4e7b-a734-d50b0351249c,40702,ab33aea87b7fee847455f15195a7f26181a8ccde8650d7d08f1b0ffdc560e4a0
IMG_1096_JPG.rf.39b766dcdffb8f5c9b9264f9c9849579.jpg,e205d0ab-a9e6-4e7b-a734-d50b0351249c,36385,19a2ad899d7a4aaeb0eb5583df244d70d38ebae1f82a3806040403996cf17ac1
IMG_1096_JPG.rf.95e6b8d878739539f2100e95786033e6.jpg,e205d0ab-a9e6-4e7b-a734-d50b0351249c,35411,0745b7a46c83a4805cf79652add059ff797f917b72ce95635de5121586e04066
IMG_1096_JPG.rf.d2f9fcd7ade672e8226c937515270e25.jpg,e205d0ab-a9e6-4e7b-a734-d50b0351249c,36157,5455d3b15e0b2a3d537844a03df1b2a15ade039925518d5257747f4f82f11715
IMG_1097_JPG.rf.ae3e43e287953992f5a0a21e60678ac3.jpg,e205d0ab-a9e6-4e7b-a734-d50b0351249c,35740,c8ec7a80dec592ca2b6745aab139f2cb5e527a7992adad11298a2ba07ec9460f
IMG_1097_JPG.rf.d8eec23f022cd97390d6d1d2de67f2ce.jpg,e205d0ab-a9e6-4e7b-a734-d50b0351249c,35987,8b368cadec0a170d487ccb78b5600cc739683003549fa22d1d81091bdb2254d2
IMG_1097_JPG.rf.d9e6623ce24a9573ba6a02f2a9aa99be.jpg,e205d0ab-a9e6-4e7b-a734-d50b0351249c,30565,742fdef7eee5fb43312aa41ebc22caa123dc555ac31c3dca77a5f784c91ba43f
IMG_1098_JPG.rf.270b4b165103b0edf33c93afcd7ace1e.jpg,e205d0ab-a9e6-4e7b-a734-d50b0351249c,34124,000b20292f358d813481ebc54964357db06d5a984294f9a519173cf0939194b3
IMG_1098_JPG.rf.f20a32b6fae21df81e34a95cf2dd3415.jpg,e205d0ab-a9e6-4e7b-a734-d50b0351249c,29246,97e406801218b95d5ed55501575e61d2be53e3d581d6cce1964699fb4c533914
IMG_1098_JPG.rf.fb3380cce10267127ec5ed201ef7b86a.jpg,e205d0ab-a9e6-4e7b-a734-d50b0351249c,34239,6fa87952d26801824b12be976c49162ded4da469436a2cf00b0daf9691a3097e
IMG_1102_JPG.rf.1f8a4d09f76f46ee6bbf791f9467cbd1.jpg,e205d0ab-a9e6-4e7b-a734-d50b0351249c,39053,83d36fd553a2d1e76a133a68eda06aa7a03cddc1201336829aa3908ef73d94ed
IMG_1102_JPG.rf.41817cd95baa22ebdf28f4c0a9e6d275.jpg,e205d0ab-a9e6-4e7b-a734-d50b0351249c,40107,d44cb7fcc58b2639842e90de25345f5e943034edc1f52eca0a7fd2bc6bbbedda
IMG_1102_JPG.rf.ecfa06474727017dad10e567c02c31d9.jpg,e205d0ab-a9e6-4e7b-a734-d50b0351249c,39467,6a48113cf4f64db5201e3dccedd8216e8c31b5eb972b3eb40225771b8fd2de72
IMG_1103_JPG.rf.1b03cf0c5d7b5cec978f9ede508e9ac7.jpg,e205d0ab-a9e6-4e7b-a734-d50b0351249c,40034,9e4b8c6682e66e66b876870d9159a244ba757e46e1a6d3af8d7d85cd96341b8f
IMG_1108_JPG.rf.bb6798f1019d2cbfa2c212c286ec99a9.jpg,e205d0ab-a9e6-4e7b-a734-d50b0351249c,34826,5d636179913b5103d89fa954433205c96bcd95cc00ad4c0bad87bc63fe8be643
IMG_1109_JPG.rf.1ae49ca08aa9c7cbeaf6872207549cda.jpg,e205d0ab-a9e6-4e7b-a734-d50b0351249c,34444,4a1d6cf7b5b8ab2295e2df16ad86faf2d3ec6ec8c43d6c0b96f1e0071dd92e6d
IMG_1109_JPG.rf.534375443bfb4758c17b7bcfbdf125ef.jpg,e205d0ab-a9e6-4e7b-a734-d50b0351249c,33640,f84f1ee2989510643fa84cc98a1fbb6ee0be45620674da194ec2ea01df7c1ee5
IMG_1109_JPG.rf.c085cca696ee85d4a648d110f49d96e7.jpg,e205d0ab-a9e6-4e7b-a734-d50b0351249c,30367,6bdab16be220eef3d419f27a4bd8829035ad3082bebe2e84878a89ccff6690b7
IMG_1113_JPG.rf.083cde7627a164f8daa1e4cced1c1180.jpg,e205d0ab-a9e6-4e7b-a734-d50b0351249c,32798,c8ba4cdf51620f05ea0650b0c00c96a932c3d394420073364e7ca889ba446529
IMG_1114_JPG.rf.2e7a21fc1c5af8bdc0eee95b27cfc850.jpg,e205d0ab-a9e6-4e7b-a734-d50b0351249c,29358,4bd273124e1db06aba3270413e85b996a793c22f1aa4f5f258eb70c9c3527a07
IMG_1114_JPG.rf.75c004a3287e9fbb7b9e9924c2894183.jpg,e205d0ab-a9e6-4e7b-a734-d50b0351249c,33255,5b394d65eab6ed24eba6a694a4952dc373258cb009deb3bbce5df663d108d07d
IMG_1114_JPG.rf.8e57efe9b9027486355dfc277e4fbfd1.jpg,e205d0ab-a9e6-4e7b-a734-d50b0351249c,32635,e302da604e78e104362be86236e747510a6497c53a4170889f35a671378968ec
IMG_1115_JPG.rf.94e1a8ddebf84ce422861939cb665251.jpg,e205d0ab-a9e6-4e7b-a734-d50b0351249c,32076,4e4f234a3d4b1fbf3fda9a2db2cffdec93cc205530f418b6d757425074083c2f
IMG_1116_JPG.rf.140bf58917135c42fd566ccf2f8de905.jpg,e205d0ab-a9e6-4e7b-a734-d50b0351249c,32566,39137de31e77246fdf5330e47855ea865da439f657f73164d2b88f4082343e57
IMG_1116_JPG.rf.36e815d642f3e433130eaa2f8664d8f2.jpg,e205d0ab-a9e6-4e7b-a734-d50b0351249c,32513,10c301cf157089dd87af0508e2067e67c6cdd42ecf2bcfeaa36e003190a935e5
IMG_1116_JPG.rf.f8632f412e96cfec69262a5b0b1d3a35.jpg,e205d0ab-a9e6-4e7b-a734-d50b0351249c,33006,536cb20c327f61b107d14d7881bf6c39c1bb7f7917bf670c9e94be17ed0e1930
IMG_1120_JPG.rf.9084481a7db08e4c4aa8ea5b067d20b4.jpg,e205d0ab-a9e6-4e7b-a734-d50b0351249c,37124,623ff9df27ae42fa612f4ce878d31bb1e9e71a39defd3e5d8fbec873a0211a49
IMG_1120_JPG.rf.b71c2d3a7aa25775276882afced94b54.jpg,e205d0ab-a9e6-4e7b-a734-d50b0351249c,32290,d423dc77d67ff18350391a70bf2e434ba93e41c66404e985b7bb8df120f00a46
IMG_1120_JPG.rf.f426f81c4ff7d76e03b2c4e5605755b8.jpg,e205d0ab-a9e6-4e7b-a734-d50b0351249c,38143,e54db9e7c9959def221d8129ebe542daa84baf623ecd9a276bbb5158e7315037
IMG_1121_JPG.rf.3f06001460d321fc906f8a5e96acb681.jpg,e205d0ab-a9e6-4e7b-a734-d50b0351249c,38814,80359a6dba0f4ddeaaa9b7d34a63bfedad26739390e49e2c770764fb373992db
IMG_1121_JPG.rf.b6323fdb0a6338a718c7a25af79fbc62.jpg,e205d0ab-a9e6-4e7b-a734-d50b0351249c,39174,c226decbcddd1c4b978f51afc2bc95ee2c0a67e693fe6f23f82f95b7d10b3b31
IMG_1121_JPG.rf.ce1ba392a33283983a9a485a8536c2a0.jpg,e205d0ab-a9e6-4e7b-a734-d50b0351249c,38851,31b0a3fc89e22f8f7e96c585f25e967f8ed3b99e6768aa7c5fef493d40d75247
IMG_1122_JPG.rf.6c2ce9a390cc1862ef1e9f1dd1ba0cbc.jpg,e205d0ab-a9e6-4e7b-a734-d50b0351249c,38321,f57aebf6f5d7fc81da8fd419d44aff7f7ff4f74b27f8fa70b05c7966485260cc
IMG_1122_JPG.rf.db13b898dcb7f90a3bab649fb999a12e.jpg,e205d0ab-a9e6-4e7b-a734-d50b0351249c,38031,3e2d89bbbf24703fc724f7643caff2497a9dab5e26a621d6beb601e717c56854
IMG_1122_JPG.rf.e0c514f673c058f79cc8f1deb6ddb765.jpg,e205d0ab-a9e6-4e7b-a734-d50b0351249c,38361,bc29df6720c2b930961a8966bdf13fa3b3e51a544a7b763f6d87f5d273871ca4
IMG_1126_JPG.rf.1ff026b01a52ef0501da1f5bbb98aa64.jpg,e205d0ab-a9e6-4e7b-a734-d50b0351249c,38528,cae03d29797f6886f4201df30a8367d5f0ccadd25dbe6aa080d7bbce744a5d84
IMG_1126_JPG.rf.5021d1c1b6b27ef8e89796b92bb60600.jpg,e205d0ab-a9e6-4e7b-a734-d50b0351249c,32967,2820eb66dcfd76c49815b443524f63602123d82c815a9088e68f6ead461b3db8
IMG_1126_JPG.rf.cdf8e15cbf59aef0844d90808276e27e.jpg,e205d0ab-a9e6-4e7b-a734-d50b0351249c,32967,2820eb66dcfd76c49815b443524f63602123d82c815a9088e68f6ead461b3db8
IMG_1128_JPG.rf.2b6c8bd27f4affcd740259c710285fa4.jpg,e205d0ab-a9e6-4e7b-a734-d50b0351249c,32085,b5247453cf3289d751e0d2bd3682fcaef9fa37e938f30780ec4c739b304f1630
IMG_1129_JPG.rf.bd6f9e6f7655c1c402890cf0e8e44dde.jpg,e205d0ab-a9e6-4e7b-a734-d50b0351249c,28616,588891acdf8773b3332103114e5f4ce5aa410065bb1e88f957249e218855f195
IMG_1130_JPG.rf.6da0f9db45205eb8455796d57477181f.jpg,e205d0ab-a9e6-4e7b-a734-d50b0351249c,30554,40c18aaab3278c1d6b04afa8306b370a93dbc45270712eaa158efc344e47c261
IMG_1130_JPG.rf.941ec9aae29fe4d59df9947fe3803db7.jpg,e205d0ab-a9e6-4e7b-a734-d50b0351249c,30221,481aedd647c09d05443917b8f4f543f4a90aad4ffe8905e410a75f80f09cf698
IMG_1130_JPG.rf.db0a841864c3d3dde83d2e7ea6dcfd98.jpg,e205d0ab-a9e6-4e7b-a734-d50b0351249c,29822,389e8a2b8628a08ce752a747827b3f7af8e71d6deb32ef5b837d08b509a6b941
IMG_1131_JPG.rf.a37dd0035e768f8ae5fa42b9f26c532c.jpg,e205d0ab-a9e6-4e7b-a734-d50b0351249c,28730,51d4fdd5543b04e88b5f7c5972ea95f08bf2064fedcc8203b48a8fc262a6fc73
IMG_1131_JPG.rf.a9c86ba57abcdceaccb51be89975d115.jpg,e205d0ab-a9e6-4e7b-a734-d50b0351249c,24515,cc81c7355d8b8a494a7a691f33a4025429782dec251266a774913467fe8fc411
IMG_1131_JPG.rf.ff4dfb7611ba0740d3c4f3ea2d4860d0.jpg,e205d0ab-a9e6-4e7b-a734-d50b0351249c,28058,51073be9beb6108d8e30108917cff23009cd952f57e912c33ffcae020af9cf91
IMG_1132_JPG.rf.4045d70e44f80080a363cb2747721ee7.jpg,e205d0ab-a9e6-4e7b-a734-d50b0351249c,28241,5666f2687f2bb679043ca8062cbde84e7f260fefadb393da84dd944d7c024815
IMG_1132_JPG.rf.90ea35507cf799a8657c52749afd0d41.jpg,e205d0ab-a9e6-4e7b-a734-d50b0351249c,28241,5666f2687f2bb679043ca8062cbde84e7f260fefadb393da84dd944d7c024815
IMG_1132_JPG.rf.d2701bbd6af1d3cb86db8a0ce36dbac8.jpg,e205d0ab-a9e6-4e7b-a734-d50b0351249c,28750,fdecdcde7330c2a245a6f5bf54ccd1a1ebb7f68b663f95ff85e71862fa2c31d3
IMG_1133_JPG.rf.b9a7b5868451e2ae41ddc2e56d50cb06.jpg,e205d0ab-a9e6-4e7b-a734-d50b0351249c,27991,c0d5531667193b26b38ce0cf4ca043a7684b8f798a2708f1b32911c0b145f171
IMG_1133_JPG.rf.cf83e44ee64c1647565887b47a0754fe.jpg,e205d0ab-a9e6-4e7b-a734-d50b0351249c,28381,156733dacf82a9cfe4562135f8356575a289761a6a4f41910a2ecdf405849ba1
IMG_1133_JPG.rf.f1e73d7eae67c677eec4c056dbd7f68b.jpg,e205d0ab-a9e6-4e7b-a734-d50b0351249c,28100,02a46ae7d4fbb25dcea38399e93ad975a9ec0e35ccb2ac88798ec98eb7eb604e
IMG_1134_JPG.rf.0d384d9defffd78c69aca8254896edeb.jpg,e205d0ab-a9e6-4e7b-a734-d50b0351249c,30108,cdcadc43602b8f80f208472e03a3571a7e39c2b210aaf235d28cbb432f865426
IMG_1134_JPG.rf.4a52ae5e1d4e6b7a589520e75d6f1751.jpg,e205d0ab-a9e6-4e7b-a734-d50b0351249c,34489,fcba69f5ed2bfa25cb06ced38861a430d17b142d2fbb683ad6d4df0ae8ba377c
IMG_1134_JPG.rf.5e1942c597f5a29540a96e69ebf1dc77.jpg,e205d0ab-a9e6-4e7b-a734-d50b0351249c,34803,f1358d9cdc6e2ec1911a7aa9d7e4a8a3bfd3ce7d29fcf1d1b134f9431b936c7a
IMG_1135_JPG.rf.658e8e7cdbef57490b66a15e40224934.jpg,e205d0ab-a9e6-4e7b-a734-d50b0351249c,33538,8d4a6c29529782a51f86dd1fd51d38b9b9a6f790800174c4461aac61c0f1e507
IMG_1136_JPG.rf.7b812b71128bd9323872134dd4fb6cab.jpg,e205d0ab-a9e6-4e7b-a734-d50b0351249c,33296,d2fe0ce7f0caf27ccad010eb0bd3830fc0e2c288b151855f1642963afa052e21
IMG_1136_JPG.rf.9b5aa66a76a7d7bc25338d96f64c230b.jpg,e205d0ab-a9e6-4e7b-a734-d50b0351249c,34525,9de760b1a1aa013c8dd08ae39fc4d81281298afdde33276e8164150064eb6f41
IMG_1136_JPG.rf.a67403b1f7e419108c5cfedd16c22348.jpg,e205d0ab-a9e6-4e7b-a734-d50b0351249c,34244,58aac8733b5932b40b8948a588dee819a308ed88ff688e533b5a099546c424a9
IMG_1137_JPG.rf.1f210a0df427f4bb2d80e3a1ee91cb2f.jpg,e205d0ab-a9e6-4e7b-a734-d50b0351249c,33932,ce23f02ad86333da6cee6c27555ef80611423b2e6488fb083d8f8dab2a2be98b
IMG_1137_JPG.rf.b91e024cb0888e1c1f2444624db2689d.jpg,e205d0ab-a9e6-4e7b-a734-d50b0351249c,34414,6cae0ad08800c338bb104c09537e05f769def90761669ae16caa220f15f9068d
IMG_1137_JPG.rf.d8aa7cb50c85156587b287cde022ed62.jpg,e205d0ab-a9e6-4e7b-a734-d50b0351249c,35393,b19de98fb09417cc1285fa5df8e43baac8e54a05a8d8b90707f9dd21a457da8f
IMG_1138_JPG.rf.a6c18727b047339d4f4b2fe42e1fc054.jpg,e205d0ab-a9e6-4e7b-a734-d50b0351249c,34954,64a6440db7b4fb612886b6336443cb7e651600159c44e01149e08a27f40f89be
IMG_1139_JPG.rf.46d4d063bfe52f76d5d8cae125599ba8.jpg,e205d0ab-a9e6-4e7b-a734-d50b0351249c,37610,a5bec50ac1c28b70a863b50e8fe51ba3dcf2fcfd7be991c8647833373663e713
IMG_1139_JPG.rf.80d20a33efb535d818416c1a8f742ee5.jpg,e205d0ab-a9e6-4e7b-a734-d50b0351249c,38433,b40a187f033c66751515f888f2065407cdeeba96a6dd61279a5d8e3dee68f033
IMG_1139_JPG.rf.b0a5ce5f69efd777e2ec27991aa6ff3b.jpg,e205d0ab-a9e6-4e7b-a734-d50b0351249c,38373,9333aa9a9a3c31d045b1cfa0ca8697e38348bc0f97189df4b5061d0cbe587898
IMG_1140_JPG.rf.0c81ef780824504035dba059d25794c3.jpg,e205d0ab-a9e6-4e7b-a734-d50b0351249c,37643,2679bb33c8bb3365340a6b37d4fb8d99c5336c70730dc51cbd6d816c96a0310b
IMG_1140_JPG.rf.719f90bd7960df8485df55c4845a3fc7.jpg,e205d0ab-a9e6-4e7b-a734-d50b0351249c,38435,14eb39d0ffa31b036918dda626833994c4a9317df816f87370359c750aa1465a
IMG_1140_JPG.rf.f90955d893c18ad2d936199a7c3a7c69.jpg,e205d0ab-a9e6-4e7b-a734-d50b0351249c,37824,c6e5dc7d2cef7f7add798f44348ade21f771d003a6f6c52bf99bad25ebe08c20
IMG_1141_JPG.rf.974b08fa79db2a3fe741383ba39e8603.jpg,e205d0ab-a9e6-4e7b-a734-d50b0351249c,36865,42693773f9aac0f05f952eee475a6e9f6b52f45f0913e8cedad33d62c128173b
IMG_1142_JPG.rf.12eaa5de9d0c0b68eb26b3a207084ebe.jpg,e205d0ab-a9e6-4e7b-a734-d50b0351249c,37072,42b3275f27fb595cf29f2257ba3e6263490bf93635fbd74ecfc4e92c5c2dc860
IMG_1142_JPG.rf.33ac16cb806e4b0029ec10f306d4adc6.jpg,e205d0ab-a9e6-4e7b-a734-d50b0351249c,38218,b2e424bc13fc0b162d4db095b2c93e763e04937adf946156e96bb20757ff99fb
IMG_1142_JPG.rf.6832ed0acadb9b37c7bc72431b5e57cb.jpg,e205d0ab-a9e6-4e7b-a734-d50b0351249c,39191,be28298585f069058bea80799d1a73453e7dc9ad0eb05ea4f8d191590db45335
IMG_1143_JPG.rf.3f2658656975cc5d3970f6d033fc5483.jpg,e205d0ab-a9e6-4e7b-a734-d50b0351249c,35250,62583ad5dc25a30b972f2adfab8e20a95d2479b4a291379d01ed8559948c41a1
IMG_1143_JPG.rf.73a319d7c2648598ac74b4a3222f4927.jpg,e205d0ab-a9e6-4e7b-a734-d50b0351249c,34551,b52cafa62ecea9f11fd287ee2eee2d56b0dbd09a3ef802853ff4dc3498c1ccad
IMG_1143_JPG.rf.b9c0e13a4d580af35c60fad2303e3f74.jpg,e205d0ab-a9e6-4e7b-a734-d50b0351249c,35206,978dd97062ad148e53bca390d6837f3cb18ce0f71daa409608ff6c19ace8bb8e
IMG_1144_JPG.rf.0712790579c1f973c42e695667058225.jpg,e205d0ab-a9e6-4e7b-a734-d50b0351249c,34056,196609e121896fb18b205faa5c9e3a13ed88af72ac8c81571ca7c6ce996f42bf
IMG_1144_JPG.rf.8a8440c10b4ca467478b0f9285202c46.jpg,e205d0ab-a9e6-4e7b-a734-d50b0351249c,35062,effc43a3399c8cedb4d0846797a1c8e1889a1863a3c308f6439ee1d556109a4a
IMG_1144_JPG.rf.8da9645619107724e73213f099f6ea98.jpg,e205d0ab-a9e6-4e7b-a734-d50b0351249c,34116,36223fcee503c1c7f9eabdbeee844bd432bac3780135a34dd0fc494d4812baf4
IMG_1145_JPG.rf.73bb1c1d25d5dea40cf9b10b9f18bca3.jpg,e205d0ab-a9e6-4e7b-a734-d50b0351249c,31812,03fa87f124c7214375e6cca82e634ebc311ab3682a5c64f13bf2fd0f74be4512
IMG_1145_JPG.rf.c501a5873b27b49a7a67bebc42bf9bdb.jpg,e205d0ab-a9e6-4e7b-a734-d50b0351249c,27339,f24fd30919c501cc5516d611418785d1dd294070914405a46d157bd577784580
IMG_1145_JPG.rf.e660dc4161e55a9d5e9ae4339cb033be.jpg,e205d0ab-a9e6-4e7b-a734-d50b0351249c,32546,25fdf70303c5584d2fccd7d8f0c0689c73aaeb47e5d2ac4515d3a152d7284b63
IMG_1146_JPG.rf.24d5c1c625104ac9fced926e388aa11f.jpg,e205d0ab-a9e6-4e7b-a734-d50b0351249c,28648,11d03e5f3b5fa8f5e808c84e33834699962786499ac8dd0a969b96f0a04a93e6
IMG_1146_JPG.rf.f5a76d064762bd9d3c66e591d396007d.jpg,e205d0ab-a9e6-4e7b-a734-d50b0351249c,30068,4ae44ac7762d4d147ccae776c6685595d9d41c2f2953a8330d19159f74bf7229
IMG_1146_JPG.rf.fcc9d905c15749e8d26e4becf2d1c9c5.jpg,e205d0ab-a9e6-4e7b-a734-d50b0351249c,29578,66e7aba8add9cf2837d9f18b1ceb9eb560863656b547f22ff0f703ea2c4eebbd
IMG_1147_JPG.rf.a90d4b9fff161ca26ddb96aac009a36b.jpg,e205d0ab-a9e6-4e7b-a734-d50b0351249c,34561,93a8d130a03c7d00ffe972bf8d9de42df285b011480f93e0d9f9200d8c6246c7
IMG_1147_JPG.rf.c199bbb783b426a67fe52de3d427972f.jpg,e205d0ab-a9e6-4e7b-a734-d50b0351249c,29268,c6ff103a8d3f096cc1155a0b18f16961a0708619393d0f809226b20a1e1b1351
IMG_1147_JPG.rf.c2e74002ca6ab6d7c776346dd9fcccc9.jpg,e205d0ab-a9e6-4e7b-a734-d50b0351249c,34400,53e3442878c8127fb274de4d8b6948a32d6801fd8d5f451d47c0d846e726d042
IMG_1148_JPG.rf.996812bc28e400841597881b0bea4e6b.jpg,e205d0ab-a9e6-4e7b-a734-d50b0351249c,32150,d2fb0c34fedbd1a5c2124fac150e581171179460e6464be536d04e79281b5338
IMG_1150_JPG.rf.b69556095575c09e135bd499d19e23de.jpg,e205d0ab-a9e6-4e7b-a734-d50b0351249c,28034,3760facbc2c75bd40514dceb2b263f8f0e81e2fdd14606e791dfb00bda1847ab
